0.9811 	WARNING 	We strongly recommend you activate the PTB sound engine in PsychoPy prefs as the preferred audio engine. Its timing is vastly superior. Your prefs are currently set to use ['sounddevice', 'PTB', 'pyo', 'pygame'] (in that order).
13.2090 	INFO 	---START PARAMETERS---
13.2091 	INFO 	filename: TappingWithTrTiming_Movie_d3.py-1tt============-238-Dec_29_1626
13.2091 	INFO 	subject: 1tt============
13.2091 	INFO 	session: 238
13.2091 	INFO 	date: Dec_29_1626
13.2091 	INFO 	blockDur_TRs: 6
13.2091 	INFO 	condition: TapFast
13.2091 	INFO 	fixCrossPos: [0, 0]
13.2091 	INFO 	fixCrossSize: 100
13.2091 	INFO 	fullScreen: True
13.2091 	INFO 	movieFolder: Images/
13.2091 	INFO 	movieSize: (1600, 1000)
13.2091 	INFO 	nBlocks: 68
13.2091 	INFO 	promptDir: Text/
13.2091 	INFO 	restDur_TRs: 6
13.2091 	INFO 	screenColor: (128, 128, 128)
13.2091 	INFO 	screenToShow: 1
13.2092 	INFO 	skipPrompts: False
13.2092 	INFO 	tStartup_TRs: 0
13.2092 	INFO 	textHeight: 40
13.2092 	INFO 	triggerKey: equal
13.2092 	INFO 	---END PARAMETERS---
14.0968 	INFO 	Loaded monitor calibration from ['2022_03_25 08:03']
15.2831 	WARNING 	Couldn't measure a consistent frame rate!
  - Is your graphics card set to sync to vertical blank?
  - Are you running other processes on your computer?

15.2839 	EXP 	Created win = Window(allowGUI=False, allowStencil=False, autoLog=True, backendConf=UNKNOWN, bitsMode=UNKNOWN, blendMode='avg', bpc=(8, 8, 8), color=array([128, 128, 128]), colorSpace='rgb255', depthBits=8, fullscr=<method-wrapper '__getattribute__' of attributeSetter object at 0x7fd7b8426220>, gamma=None, gammaErrorPolicy='raise', lms=UNKNOWN, monitor=<psychopy.monitors.calibTools.Monitor object at 0x7fd869602220>, multiSample=False, name='win', numSamples=2, pos=[0.0, 0.0], screen=1, size=array([1920, 1080]), stencilBits=0, stereo=False, units='deg', useFBO=False, useRetina=False, viewOri=0.0, viewPos=None, viewScale=None, waitBlanking=True, winType='pyglet')
15.2843 	EXP 	win: mouseVisible = True
15.2910 	EXP 	Created fixCross = ShapeStim(__class__=<class 'psychopy.visual.shape.ShapeStim'>, anchor=('center', 'center'), autoDraw=False, autoLog=True, closeShape=False, color=method-wrapper(...), colorSpace='rgb', contrast=None, depth=0, fillColor=array([0, 0, 0]), fillColorSpace='rgb', fillRGB=array([0, 0, 0]), interpolate=True, lineColor=array([-1., -1., -1.]), lineColorSpace='rgb', lineRGB=array([-1., -1., -1.]), lineWidth=3.0, name='fixCross', opacity=0.5, ori=0.0, pos=array([0., 0.]), size=array([1., 1.]), units='pix', vertices=ndarray(...), win=Window(...), windingRule=None)
15.2920 	WARNING 	TextStim.alignHoriz is deprecated. Use alignText and anchorHoriz attributes instead
15.3207 	EXP 	Created topMsg = TextStim(__class__=<class 'psychopy.visual.text.TextStim'>, alignHoriz='center', alignText='center', alignVert=method-wrapper(...), anchorHoriz='center', anchorVert='center', antialias=True, autoLog=True, bold=False, color=array([-1., -1., -1.]), colorSpace='rgb', contrast=1.0, depth=0, flipHoriz=False, flipVert=False, font='', fontFiles=[], height=0.1, italic=False, languageStyle='LTR', name='topMsg', opacity=1.0, ori=0.0, pos=array([0. , 0.5]), rgb=UNKNOWN, text='aaa', units='norm', win=Window(...), wrapWidth=1.5)
15.3208 	WARNING 	TextStim.alignHoriz is deprecated. Use alignText and anchorHoriz attributes instead
15.3232 	EXP 	Created bottomMsg = TextStim(__class__=<class 'psychopy.visual.text.TextStim'>, alignHoriz='center', alignText='center', alignVert=method-wrapper(...), anchorHoriz='center', anchorVert='center', antialias=True, autoLog=True, bold=False, color=array([-1., -1., -1.]), colorSpace='rgb', contrast=1.0, depth=0, flipHoriz=False, flipVert=False, font='', fontFiles=[], height=0.1, italic=False, languageStyle='LTR', name='bottomMsg', opacity=1.0, ori=0.0, pos=array([ 0. , -0.5]), rgb=UNKNOWN, text='bbb', units='norm', win=Window(...), wrapWidth=1.5)
15.3980 	EXP 	Created Movie Frame 0 = ImageStim(__class__=<class 'psychopy.visual.image.ImageStim'>, anchor=('center', 'center'), autoLog=True, color=array([1., 1., 1.]), colorSpace='rgb', contrast=1.0, depth=0, flipHoriz=False, flipVert=False, image='Images/right_0.png', interpolate=False, mask=None, maskParams=None, name='Movie Frame 0', opacity=1, ori=0.0, pos=array([0., 0.]), size=array([1600., 1000.]), texRes=128, units='pix', win=Window(...))
15.4693 	EXP 	Created Movie Frame 1 = ImageStim(__class__=<class 'psychopy.visual.image.ImageStim'>, anchor=('center', 'center'), autoLog=True, color=array([1., 1., 1.]), colorSpace='rgb', contrast=1.0, depth=0, flipHoriz=False, flipVert=False, image='Images/right_1.png', interpolate=False, mask=None, maskParams=None, name='Movie Frame 1', opacity=1, ori=0.0, pos=array([0., 0.]), size=array([1600., 1000.]), texRes=128, units='pix', win=Window(...))
15.5318 	EXP 	Created Movie Frame 2 = ImageStim(__class__=<class 'psychopy.visual.image.ImageStim'>, anchor=('center', 'center'), autoLog=True, color=array([1., 1., 1.]), colorSpace='rgb', contrast=1.0, depth=0, flipHoriz=False, flipVert=False, image='Images/right_2.png', interpolate=False, mask=None, maskParams=None, name='Movie Frame 2', opacity=1, ori=0.0, pos=array([0., 0.]), size=array([1600., 1000.]), texRes=128, units='pix', win=Window(...))
15.5935 	EXP 	Created Movie Frame 3 = ImageStim(__class__=<class 'psychopy.visual.image.ImageStim'>, anchor=('center', 'center'), autoLog=True, color=array([1., 1., 1.]), colorSpace='rgb', contrast=1.0, depth=0, flipHoriz=False, flipVert=False, image='Images/right_3.png', interpolate=False, mask=None, maskParams=None, name='Movie Frame 3', opacity=1, ori=0.0, pos=array([0., 0.]), size=array([1600., 1000.]), texRes=128, units='pix', win=Window(...))
15.6562 	EXP 	Created Movie Frame 4 = ImageStim(__class__=<class 'psychopy.visual.image.ImageStim'>, anchor=('center', 'center'), autoLog=True, color=array([1., 1., 1.]), colorSpace='rgb', contrast=1.0, depth=0, flipHoriz=False, flipVert=False, image='Images/right_4.png', interpolate=False, mask=None, maskParams=None, name='Movie Frame 4', opacity=1, ori=0.0, pos=array([0., 0.]), size=array([1600., 1000.]), texRes=128, units='pix', win=Window(...))
15.7196 	EXP 	Created Movie Frame 5 = ImageStim(__class__=<class 'psychopy.visual.image.ImageStim'>, anchor=('center', 'center'), autoLog=True, color=array([1., 1., 1.]), colorSpace='rgb', contrast=1.0, depth=0, flipHoriz=False, flipVert=False, image='Images/right_5.png', interpolate=False, mask=None, maskParams=None, name='Movie Frame 5', opacity=1, ori=0.0, pos=array([0., 0.]), size=array([1600., 1000.]), texRes=128, units='pix', win=Window(...))
15.7822 	EXP 	Created Movie Frame 6 = ImageStim(__class__=<class 'psychopy.visual.image.ImageStim'>, anchor=('center', 'center'), autoLog=True, color=array([1., 1., 1.]), colorSpace='rgb', contrast=1.0, depth=0, flipHoriz=False, flipVert=False, image='Images/right_6.png', interpolate=False, mask=None, maskParams=None, name='Movie Frame 6', opacity=1, ori=0.0, pos=array([0., 0.]), size=array([1600., 1000.]), texRes=128, units='pix', win=Window(...))
15.8439 	EXP 	Created Movie Frame 7 = ImageStim(__class__=<class 'psychopy.visual.image.ImageStim'>, anchor=('center', 'center'), autoLog=True, color=array([1., 1., 1.]), colorSpace='rgb', contrast=1.0, depth=0, flipHoriz=False, flipVert=False, image='Images/right_7.png', interpolate=False, mask=None, maskParams=None, name='Movie Frame 7', opacity=1, ori=0.0, pos=array([0., 0.]), size=array([1600., 1000.]), texRes=128, units='pix', win=Window(...))
15.9063 	EXP 	Created Movie Frame 8 = ImageStim(__class__=<class 'psychopy.visual.image.ImageStim'>, anchor=('center', 'center'), autoLog=True, color=array([1., 1., 1.]), colorSpace='rgb', contrast=1.0, depth=0, flipHoriz=False, flipVert=False, image='Images/right_8.png', interpolate=False, mask=None, maskParams=None, name='Movie Frame 8', opacity=1, ori=0.0, pos=array([0., 0.]), size=array([1600., 1000.]), texRes=128, units='pix', win=Window(...))
15.9697 	EXP 	Created Movie Frame 9 = ImageStim(__class__=<class 'psychopy.visual.image.ImageStim'>, anchor=('center', 'center'), autoLog=True, color=array([1., 1., 1.]), colorSpace='rgb', contrast=1.0, depth=0, flipHoriz=False, flipVert=False, image='Images/right_9.png', interpolate=False, mask=None, maskParams=None, name='Movie Frame 9', opacity=1, ori=0.0, pos=array([0., 0.]), size=array([1600., 1000.]), texRes=128, units='pix', win=Window(...))
15.9771 	EXP 	Created unnamed TextStim = TextStim(__class__=<class 'psychopy.visual.text.TextStim'>, alignHoriz=method-wrapper(...), alignText='center', alignVert=method-wrapper(...), anchorHoriz='center', anchorVert='center', antialias=True, autoLog=True, bold=False, color=array([-1., -1., -1.]), colorSpace='rgb', contrast=1.0, depth=0, flipHoriz=False, flipVert=False, font='', fontFiles=[], height=40.0, italic=False, languageStyle='LTR', name='unnamed TextStim', opacity=1.0, ori=0.0, pos=array([  0., 580.]), rgb=UNKNOWN, text='Tap along with the video.', units='pix', win=Window(...), wrapWidth=1600)
15.9922 	WARNING 	t of last frame was 709.41ms (=1/1)
15.9922 	EXP 	topMsg: height = 0.1
15.9922 	EXP 	topMsg: height = 0.1
15.9922 	EXP 	topMsg: text = 'You will see a movie of a finger tapping. When it is on the screen, try to use the hand indicated to tap your fingers at the same times as the movie does. When the fixation cross appears, relax and stare at the cross.'
15.9922 	EXP 	bottomMsg: height = 0.1
15.9922 	EXP 	bottomMsg: height = 0.1
15.9922 	EXP 	bottomMsg: text = 'The experiment will begin shortly'
15.9922 	EXP 	Display Instructions1
36.0719 	DATA 	Keypress: space
36.0862 	WARNING 	t of last frame was 20093.96ms (=1/0)
36.0862 	EXP 	topMsg: height = 0.1
36.0862 	EXP 	topMsg: height = 0.1
36.0862 	EXP 	topMsg: text = "Please don't move..."
36.0862 	EXP 	bottomMsg: height = 0.1
36.0862 	EXP 	bottomMsg: height = 0.1
36.0862 	EXP 	bottomMsg: text = ''
36.0862 	EXP 	PleaseDontMove
75.9495 	DATA 	Keypress: equal
75.9617 	WARNING 	t of last frame was 39875.47ms (=1/0)
75.9617 	EXP 	Display Fixation
75.9619 	EXP 	---START EXPERIMENT---
75.9672 	EXP 	Display Fixation
81.1463 	DATA 	Keypress: equal
86.3366 	DATA 	Keypress: equal
91.5307 	DATA 	Keypress: equal
96.7247 	DATA 	Keypress: equal
101.9171 	DATA 	Keypress: equal
107.1133 	DATA 	Keypress: equal
107.1240 	WARNING 	t of last frame was 31156.73ms (=1/0)
107.1486 	WARNING 	Multiple dropped frames have occurred - I'll stop bothering you about them!
107.1485 	EXP 	Display Frame 1
107.1815 	EXP 	Display Frame 2
107.2149 	EXP 	Display Frame 3
107.2482 	EXP 	Display Frame 4
107.2815 	EXP 	Display Frame 5
107.3149 	EXP 	Display Frame 6
107.3484 	EXP 	Display Frame 7
107.3815 	EXP 	Display Frame 8
107.4148 	EXP 	Display Frame 9
107.4481 	EXP 	Display Frame 0
107.4814 	EXP 	Display Frame 1
107.5148 	EXP 	Display Frame 2
107.5481 	EXP 	Display Frame 3
107.5814 	EXP 	Display Frame 4
107.6149 	EXP 	Display Frame 5
107.6481 	EXP 	Display Frame 6
107.6814 	EXP 	Display Frame 7
107.7147 	EXP 	Display Frame 8
107.7482 	EXP 	Display Frame 9
107.7814 	EXP 	Display Frame 0
107.8148 	EXP 	Display Frame 1
107.8481 	EXP 	Display Frame 2
107.8819 	EXP 	Display Frame 3
107.9148 	EXP 	Display Frame 4
107.9481 	EXP 	Display Frame 5
107.9814 	EXP 	Display Frame 6
108.0148 	EXP 	Display Frame 7
108.0481 	EXP 	Display Frame 8
108.0814 	EXP 	Display Frame 9
108.1148 	EXP 	Display Frame 0
108.1480 	EXP 	Display Frame 1
108.1814 	EXP 	Display Frame 2
108.2149 	EXP 	Display Frame 3
108.2481 	EXP 	Display Frame 4
108.2814 	EXP 	Display Frame 5
108.3148 	EXP 	Display Frame 6
108.3482 	EXP 	Display Frame 7
108.3814 	EXP 	Display Frame 8
108.4147 	EXP 	Display Frame 9
108.4481 	EXP 	Display Frame 0
108.4814 	EXP 	Display Frame 1
108.5147 	EXP 	Display Frame 2
108.5482 	EXP 	Display Frame 3
108.5814 	EXP 	Display Frame 4
108.6148 	EXP 	Display Frame 5
108.6481 	EXP 	Display Frame 6
108.6814 	EXP 	Display Frame 7
108.7148 	EXP 	Display Frame 8
108.7481 	EXP 	Display Frame 9
108.7815 	EXP 	Display Frame 0
108.8148 	EXP 	Display Frame 1
108.8481 	EXP 	Display Frame 2
108.8814 	EXP 	Display Frame 3
108.9148 	EXP 	Display Frame 4
108.9481 	EXP 	Display Frame 5
108.9814 	EXP 	Display Frame 6
109.0147 	EXP 	Display Frame 7
109.0481 	EXP 	Display Frame 8
109.0814 	EXP 	Display Frame 9
109.1149 	EXP 	Display Frame 0
109.1480 	EXP 	Display Frame 1
109.1814 	EXP 	Display Frame 2
109.2148 	EXP 	Display Frame 3
109.2482 	EXP 	Display Frame 4
109.2814 	EXP 	Display Frame 5
109.3149 	EXP 	Display Frame 6
109.3481 	EXP 	Display Frame 7
109.3816 	EXP 	Display Frame 8
109.4147 	EXP 	Display Frame 9
109.4500 	EXP 	Display Frame 0
109.4814 	EXP 	Display Frame 1
109.5148 	EXP 	Display Frame 2
109.5481 	EXP 	Display Frame 3
109.5814 	EXP 	Display Frame 4
109.6148 	EXP 	Display Frame 5
109.6481 	EXP 	Display Frame 6
109.6814 	EXP 	Display Frame 7
109.7148 	EXP 	Display Frame 8
109.7481 	EXP 	Display Frame 9
109.7814 	EXP 	Display Frame 0
109.8147 	EXP 	Display Frame 1
109.8481 	EXP 	Display Frame 2
109.8815 	EXP 	Display Frame 3
109.9148 	EXP 	Display Frame 4
109.9481 	EXP 	Display Frame 5
109.9815 	EXP 	Display Frame 6
110.0148 	EXP 	Display Frame 7
110.0481 	EXP 	Display Frame 8
110.0814 	EXP 	Display Frame 9
110.1148 	EXP 	Display Frame 0
110.1480 	EXP 	Display Frame 1
110.1815 	EXP 	Display Frame 2
110.2148 	EXP 	Display Frame 3
110.2481 	EXP 	Display Frame 4
110.2815 	EXP 	Display Frame 5
110.3148 	EXP 	Display Frame 6
110.3481 	EXP 	Display Frame 7
110.3814 	EXP 	Display Frame 8
110.4147 	EXP 	Display Frame 9
110.4481 	EXP 	Display Frame 0
110.4814 	EXP 	Display Frame 1
110.5148 	EXP 	Display Frame 2
110.5481 	EXP 	Display Frame 3
110.5814 	EXP 	Display Frame 4
110.6149 	EXP 	Display Frame 5
110.6481 	EXP 	Display Frame 6
110.6814 	EXP 	Display Frame 7
110.7148 	EXP 	Display Frame 8
110.7481 	EXP 	Display Frame 9
110.7814 	EXP 	Display Frame 0
110.8148 	EXP 	Display Frame 1
110.8481 	EXP 	Display Frame 2
110.8814 	EXP 	Display Frame 3
110.9149 	EXP 	Display Frame 4
110.9481 	EXP 	Display Frame 5
110.9814 	EXP 	Display Frame 6
111.0148 	EXP 	Display Frame 7
111.0482 	EXP 	Display Frame 8
111.0814 	EXP 	Display Frame 9
111.1148 	EXP 	Display Frame 0
111.1481 	EXP 	Display Frame 1
111.1814 	EXP 	Display Frame 2
111.2147 	EXP 	Display Frame 3
111.2481 	EXP 	Display Frame 4
111.2814 	EXP 	Display Frame 5
111.3148 	EXP 	Display Frame 6
111.3481 	EXP 	Display Frame 7
111.3815 	EXP 	Display Frame 8
111.4148 	EXP 	Display Frame 9
111.4481 	EXP 	Display Frame 0
111.4814 	EXP 	Display Frame 1
111.5149 	EXP 	Display Frame 2
111.5481 	EXP 	Display Frame 3
111.5815 	EXP 	Display Frame 4
111.6147 	EXP 	Display Frame 5
111.6481 	EXP 	Display Frame 6
111.6814 	EXP 	Display Frame 7
111.7148 	EXP 	Display Frame 8
111.7481 	EXP 	Display Frame 9
111.7814 	EXP 	Display Frame 0
111.8148 	EXP 	Display Frame 1
111.8482 	EXP 	Display Frame 2
111.8814 	EXP 	Display Frame 3
111.9147 	EXP 	Display Frame 4
111.9481 	EXP 	Display Frame 5
111.9814 	EXP 	Display Frame 6
112.0147 	EXP 	Display Frame 7
112.0481 	EXP 	Display Frame 8
112.0814 	EXP 	Display Frame 9
112.1147 	EXP 	Display Frame 0
112.1480 	EXP 	Display Frame 1
112.1814 	EXP 	Display Frame 2
112.2149 	EXP 	Display Frame 3
112.2481 	EXP 	Display Frame 4
112.2814 	EXP 	Display Frame 5
112.3146 	DATA 	Keypress: equal
112.3161 	EXP 	Display Frame 6
112.3481 	EXP 	Display Frame 7
112.3814 	EXP 	Display Frame 8
112.4147 	EXP 	Display Frame 9
112.4481 	EXP 	Display Frame 0
112.4815 	EXP 	Display Frame 1
112.5148 	EXP 	Display Frame 2
112.5481 	EXP 	Display Frame 3
112.5814 	EXP 	Display Frame 4
112.6149 	EXP 	Display Frame 5
112.6481 	EXP 	Display Frame 6
112.6815 	EXP 	Display Frame 7
112.7147 	EXP 	Display Frame 8
112.7481 	EXP 	Display Frame 9
112.7814 	EXP 	Display Frame 0
112.8148 	EXP 	Display Frame 1
112.8481 	EXP 	Display Frame 2
112.8814 	EXP 	Display Frame 3
112.9147 	EXP 	Display Frame 4
112.9481 	EXP 	Display Frame 5
112.9814 	EXP 	Display Frame 6
113.0148 	EXP 	Display Frame 7
113.0481 	EXP 	Display Frame 8
113.0814 	EXP 	Display Frame 9
113.1148 	EXP 	Display Frame 0
113.1481 	EXP 	Display Frame 1
113.1833 	EXP 	Display Frame 2
113.2148 	EXP 	Display Frame 3
113.2480 	EXP 	Display Frame 4
113.2814 	EXP 	Display Frame 5
113.3148 	EXP 	Display Frame 6
113.3481 	EXP 	Display Frame 7
113.3815 	EXP 	Display Frame 8
113.4148 	EXP 	Display Frame 9
113.4482 	EXP 	Display Frame 0
113.4814 	EXP 	Display Frame 1
113.5149 	EXP 	Display Frame 2
113.5481 	EXP 	Display Frame 3
113.5814 	EXP 	Display Frame 4
113.6148 	EXP 	Display Frame 5
113.6481 	EXP 	Display Frame 6
113.6814 	EXP 	Display Frame 7
113.7149 	EXP 	Display Frame 8
113.7481 	EXP 	Display Frame 9
113.7814 	EXP 	Display Frame 0
113.8148 	EXP 	Display Frame 1
113.8481 	EXP 	Display Frame 2
113.8814 	EXP 	Display Frame 3
113.9149 	EXP 	Display Frame 4
113.9481 	EXP 	Display Frame 5
113.9814 	EXP 	Display Frame 6
114.0159 	EXP 	Display Frame 7
114.0481 	EXP 	Display Frame 8
114.0814 	EXP 	Display Frame 9
114.1147 	EXP 	Display Frame 0
114.1480 	EXP 	Display Frame 1
114.1814 	EXP 	Display Frame 2
114.2147 	EXP 	Display Frame 3
114.2481 	EXP 	Display Frame 4
114.2814 	EXP 	Display Frame 5
114.3148 	EXP 	Display Frame 6
114.3481 	EXP 	Display Frame 7
114.3815 	EXP 	Display Frame 8
114.4147 	EXP 	Display Frame 9
114.4481 	EXP 	Display Frame 0
114.4814 	EXP 	Display Frame 1
114.5148 	EXP 	Display Frame 2
114.5481 	EXP 	Display Frame 3
114.5814 	EXP 	Display Frame 4
114.6147 	EXP 	Display Frame 5
114.6481 	EXP 	Display Frame 6
114.6815 	EXP 	Display Frame 7
114.7148 	EXP 	Display Frame 8
114.7481 	EXP 	Display Frame 9
114.7817 	EXP 	Display Frame 0
114.8148 	EXP 	Display Frame 1
114.8481 	EXP 	Display Frame 2
114.8816 	EXP 	Display Frame 3
114.9148 	EXP 	Display Frame 4
114.9481 	EXP 	Display Frame 5
114.9814 	EXP 	Display Frame 6
115.0149 	EXP 	Display Frame 7
115.0481 	EXP 	Display Frame 8
115.0814 	EXP 	Display Frame 9
115.1147 	EXP 	Display Frame 0
115.1480 	EXP 	Display Frame 1
115.1814 	EXP 	Display Frame 2
115.2148 	EXP 	Display Frame 3
115.2481 	EXP 	Display Frame 4
115.2814 	EXP 	Display Frame 5
115.3148 	EXP 	Display Frame 6
115.3481 	EXP 	Display Frame 7
115.3814 	EXP 	Display Frame 8
115.4147 	EXP 	Display Frame 9
115.4481 	EXP 	Display Frame 0
115.4814 	EXP 	Display Frame 1
115.5149 	EXP 	Display Frame 2
115.5481 	EXP 	Display Frame 3
115.5814 	EXP 	Display Frame 4
115.6148 	EXP 	Display Frame 5
115.6483 	EXP 	Display Frame 6
115.6814 	EXP 	Display Frame 7
115.7148 	EXP 	Display Frame 8
115.7481 	EXP 	Display Frame 9
115.7814 	EXP 	Display Frame 0
115.8148 	EXP 	Display Frame 1
115.8481 	EXP 	Display Frame 2
115.8814 	EXP 	Display Frame 3
115.9149 	EXP 	Display Frame 4
115.9481 	EXP 	Display Frame 5
115.9814 	EXP 	Display Frame 6
116.0148 	EXP 	Display Frame 7
116.0481 	EXP 	Display Frame 8
116.0814 	EXP 	Display Frame 9
116.1148 	EXP 	Display Frame 0
116.1480 	EXP 	Display Frame 1
116.1814 	EXP 	Display Frame 2
116.2148 	EXP 	Display Frame 3
116.2484 	EXP 	Display Frame 4
116.2814 	EXP 	Display Frame 5
116.3147 	EXP 	Display Frame 6
116.3481 	EXP 	Display Frame 7
116.3814 	EXP 	Display Frame 8
116.4147 	EXP 	Display Frame 9
116.4481 	EXP 	Display Frame 0
116.4814 	EXP 	Display Frame 1
116.5148 	EXP 	Display Frame 2
116.5482 	EXP 	Display Frame 3
116.5814 	EXP 	Display Frame 4
116.6147 	EXP 	Display Frame 5
116.6481 	EXP 	Display Frame 6
116.6815 	EXP 	Display Frame 7
116.7148 	EXP 	Display Frame 8
116.7483 	EXP 	Display Frame 9
116.7814 	EXP 	Display Frame 0
116.8149 	EXP 	Display Frame 1
116.8481 	EXP 	Display Frame 2
116.8816 	EXP 	Display Frame 3
116.9148 	EXP 	Display Frame 4
116.9481 	EXP 	Display Frame 5
116.9814 	EXP 	Display Frame 6
117.0149 	EXP 	Display Frame 7
117.0481 	EXP 	Display Frame 8
117.0814 	EXP 	Display Frame 9
117.1148 	EXP 	Display Frame 0
117.1480 	EXP 	Display Frame 1
117.1814 	EXP 	Display Frame 2
117.2147 	EXP 	Display Frame 3
117.2480 	EXP 	Display Frame 4
117.2814 	EXP 	Display Frame 5
117.3147 	EXP 	Display Frame 6
117.3481 	EXP 	Display Frame 7
117.3815 	EXP 	Display Frame 8
117.4147 	EXP 	Display Frame 9
117.4481 	EXP 	Display Frame 0
117.4814 	EXP 	Display Frame 1
117.5148 	DATA 	Keypress: equal
117.5164 	EXP 	Display Frame 2
117.5481 	EXP 	Display Frame 3
117.5814 	EXP 	Display Frame 4
117.6147 	EXP 	Display Frame 5
117.6481 	EXP 	Display Frame 6
117.6812 	EXP 	Display Frame 7
117.7149 	EXP 	Display Frame 8
117.7481 	EXP 	Display Frame 9
117.7816 	EXP 	Display Frame 0
117.8148 	EXP 	Display Frame 1
117.8481 	EXP 	Display Frame 2
117.8814 	EXP 	Display Frame 3
117.9148 	EXP 	Display Frame 4
117.9481 	EXP 	Display Frame 5
117.9814 	EXP 	Display Frame 6
118.0148 	EXP 	Display Frame 7
118.0482 	EXP 	Display Frame 8
118.0814 	EXP 	Display Frame 9
118.1148 	EXP 	Display Frame 0
118.1481 	EXP 	Display Frame 1
118.1814 	EXP 	Display Frame 2
118.2148 	EXP 	Display Frame 3
118.2481 	EXP 	Display Frame 4
118.2814 	EXP 	Display Frame 5
118.3147 	EXP 	Display Frame 6
118.3481 	EXP 	Display Frame 7
118.3816 	EXP 	Display Frame 8
118.4151 	EXP 	Display Frame 9
118.4483 	EXP 	Display Frame 0
118.4815 	EXP 	Display Frame 1
118.5148 	EXP 	Display Frame 2
118.5482 	EXP 	Display Frame 3
118.5814 	EXP 	Display Frame 4
118.6147 	EXP 	Display Frame 5
118.6481 	EXP 	Display Frame 6
118.6814 	EXP 	Display Frame 7
118.7147 	EXP 	Display Frame 8
118.7481 	EXP 	Display Frame 9
118.7814 	EXP 	Display Frame 0
118.8147 	EXP 	Display Frame 1
118.8482 	EXP 	Display Frame 2
118.8815 	EXP 	Display Frame 3
118.9147 	EXP 	Display Frame 4
118.9483 	EXP 	Display Frame 5
118.9814 	EXP 	Display Frame 6
119.0149 	EXP 	Display Frame 7
119.0481 	EXP 	Display Frame 8
119.0814 	EXP 	Display Frame 9
119.1148 	EXP 	Display Frame 0
119.1481 	EXP 	Display Frame 1
119.1814 	EXP 	Display Frame 2
119.2147 	EXP 	Display Frame 3
119.2481 	EXP 	Display Frame 4
119.2814 	EXP 	Display Frame 5
119.3148 	EXP 	Display Frame 6
119.3481 	EXP 	Display Frame 7
119.3814 	EXP 	Display Frame 8
119.4147 	EXP 	Display Frame 9
119.4481 	EXP 	Display Frame 0
119.4814 	EXP 	Display Frame 1
119.5148 	EXP 	Display Frame 2
119.5481 	EXP 	Display Frame 3
119.5814 	EXP 	Display Frame 4
119.6148 	EXP 	Display Frame 5
119.6481 	EXP 	Display Frame 6
119.6814 	EXP 	Display Frame 7
119.7147 	EXP 	Display Frame 8
119.7482 	EXP 	Display Frame 9
119.7815 	EXP 	Display Frame 0
119.8147 	EXP 	Display Frame 1
119.8481 	EXP 	Display Frame 2
119.8814 	EXP 	Display Frame 3
119.9148 	EXP 	Display Frame 4
119.9481 	EXP 	Display Frame 5
119.9814 	EXP 	Display Frame 6
120.0148 	EXP 	Display Frame 7
120.0481 	EXP 	Display Frame 8
120.0814 	EXP 	Display Frame 9
120.1149 	EXP 	Display Frame 0
120.1480 	EXP 	Display Frame 1
120.1814 	EXP 	Display Frame 2
120.2147 	EXP 	Display Frame 3
120.2481 	EXP 	Display Frame 4
120.2814 	EXP 	Display Frame 5
120.3147 	EXP 	Display Frame 6
120.3481 	EXP 	Display Frame 7
120.3814 	EXP 	Display Frame 8
120.4147 	EXP 	Display Frame 9
120.4481 	EXP 	Display Frame 0
120.4815 	EXP 	Display Frame 1
120.5148 	EXP 	Display Frame 2
120.5481 	EXP 	Display Frame 3
120.5814 	EXP 	Display Frame 4
120.6148 	EXP 	Display Frame 5
120.6481 	EXP 	Display Frame 6
120.6815 	EXP 	Display Frame 7
120.7147 	EXP 	Display Frame 8
120.7481 	EXP 	Display Frame 9
120.7814 	EXP 	Display Frame 0
120.8149 	EXP 	Display Frame 1
120.8481 	EXP 	Display Frame 2
120.8815 	EXP 	Display Frame 3
120.9148 	EXP 	Display Frame 4
120.9481 	EXP 	Display Frame 5
120.9814 	EXP 	Display Frame 6
121.0148 	EXP 	Display Frame 7
121.0481 	EXP 	Display Frame 8
121.0815 	EXP 	Display Frame 9
121.1147 	EXP 	Display Frame 0
121.1480 	EXP 	Display Frame 1
121.1814 	EXP 	Display Frame 2
121.2148 	EXP 	Display Frame 3
121.2481 	EXP 	Display Frame 4
121.2814 	EXP 	Display Frame 5
121.3147 	EXP 	Display Frame 6
121.3481 	EXP 	Display Frame 7
121.3815 	EXP 	Display Frame 8
121.4147 	EXP 	Display Frame 9
121.4482 	EXP 	Display Frame 0
121.4814 	EXP 	Display Frame 1
121.5147 	EXP 	Display Frame 2
121.5481 	EXP 	Display Frame 3
121.5815 	EXP 	Display Frame 4
121.6148 	EXP 	Display Frame 5
121.6481 	EXP 	Display Frame 6
121.6815 	EXP 	Display Frame 7
121.7152 	EXP 	Display Frame 8
121.7481 	EXP 	Display Frame 9
121.7815 	EXP 	Display Frame 0
121.8147 	EXP 	Display Frame 1
121.8481 	EXP 	Display Frame 2
121.8814 	EXP 	Display Frame 3
121.9148 	EXP 	Display Frame 4
121.9481 	EXP 	Display Frame 5
121.9815 	EXP 	Display Frame 6
122.0148 	EXP 	Display Frame 7
122.0481 	EXP 	Display Frame 8
122.0814 	EXP 	Display Frame 9
122.1149 	EXP 	Display Frame 0
122.1480 	EXP 	Display Frame 1
122.1815 	EXP 	Display Frame 2
122.2148 	EXP 	Display Frame 3
122.2481 	EXP 	Display Frame 4
122.2815 	EXP 	Display Frame 5
122.3148 	EXP 	Display Frame 6
122.3481 	EXP 	Display Frame 7
122.3817 	EXP 	Display Frame 8
122.4148 	EXP 	Display Frame 9
122.4481 	EXP 	Display Frame 0
122.4814 	EXP 	Display Frame 1
122.5148 	EXP 	Display Frame 2
122.5482 	EXP 	Display Frame 3
122.5814 	EXP 	Display Frame 4
122.6148 	EXP 	Display Frame 5
122.6481 	EXP 	Display Frame 6
122.6814 	EXP 	Display Frame 7
122.7147 	DATA 	Keypress: equal
122.7161 	EXP 	Display Frame 8
122.7481 	EXP 	Display Frame 9
122.7814 	EXP 	Display Frame 0
122.8149 	EXP 	Display Frame 1
122.8481 	EXP 	Display Frame 2
122.8815 	EXP 	Display Frame 3
122.9148 	EXP 	Display Frame 4
122.9481 	EXP 	Display Frame 5
122.9814 	EXP 	Display Frame 6
123.0148 	EXP 	Display Frame 7
123.0481 	EXP 	Display Frame 8
123.0814 	EXP 	Display Frame 9
123.1148 	EXP 	Display Frame 0
123.1480 	EXP 	Display Frame 1
123.1815 	EXP 	Display Frame 2
123.2149 	EXP 	Display Frame 3
123.2481 	EXP 	Display Frame 4
123.2815 	EXP 	Display Frame 5
123.3148 	EXP 	Display Frame 6
123.3482 	EXP 	Display Frame 7
123.3814 	EXP 	Display Frame 8
123.4147 	EXP 	Display Frame 9
123.4481 	EXP 	Display Frame 0
123.4814 	EXP 	Display Frame 1
123.5147 	EXP 	Display Frame 2
123.5481 	EXP 	Display Frame 3
123.5814 	EXP 	Display Frame 4
123.6148 	EXP 	Display Frame 5
123.6480 	EXP 	Display Frame 6
123.6814 	EXP 	Display Frame 7
123.7257 	EXP 	Display Frame 8
123.7483 	EXP 	Display Frame 9
123.7814 	EXP 	Display Frame 0
123.8149 	EXP 	Display Frame 1
123.8481 	EXP 	Display Frame 2
123.8815 	EXP 	Display Frame 3
123.9148 	EXP 	Display Frame 4
123.9481 	EXP 	Display Frame 5
123.9816 	EXP 	Display Frame 6
124.0148 	EXP 	Display Frame 7
124.0482 	EXP 	Display Frame 8
124.0814 	EXP 	Display Frame 9
124.1149 	EXP 	Display Frame 0
124.1480 	EXP 	Display Frame 1
124.1815 	EXP 	Display Frame 2
124.2147 	EXP 	Display Frame 3
124.2482 	EXP 	Display Frame 4
124.2814 	EXP 	Display Frame 5
124.3149 	EXP 	Display Frame 6
124.3481 	EXP 	Display Frame 7
124.3815 	EXP 	Display Frame 8
124.4148 	EXP 	Display Frame 9
124.4481 	EXP 	Display Frame 0
124.4814 	EXP 	Display Frame 1
124.5148 	EXP 	Display Frame 2
124.5481 	EXP 	Display Frame 3
124.5814 	EXP 	Display Frame 4
124.6149 	EXP 	Display Frame 5
124.6481 	EXP 	Display Frame 6
124.6814 	EXP 	Display Frame 7
124.7148 	EXP 	Display Frame 8
124.7481 	EXP 	Display Frame 9
124.7814 	EXP 	Display Frame 0
124.8148 	EXP 	Display Frame 1
124.8481 	EXP 	Display Frame 2
124.8814 	EXP 	Display Frame 3
124.9148 	EXP 	Display Frame 4
124.9480 	EXP 	Display Frame 5
124.9815 	EXP 	Display Frame 6
125.0150 	EXP 	Display Frame 7
125.0481 	EXP 	Display Frame 8
125.0814 	EXP 	Display Frame 9
125.1148 	EXP 	Display Frame 0
125.1481 	EXP 	Display Frame 1
125.1814 	EXP 	Display Frame 2
125.2150 	EXP 	Display Frame 3
125.2481 	EXP 	Display Frame 4
125.2815 	EXP 	Display Frame 5
125.3147 	EXP 	Display Frame 6
125.3481 	EXP 	Display Frame 7
125.3814 	EXP 	Display Frame 8
125.4148 	EXP 	Display Frame 9
125.4481 	EXP 	Display Frame 0
125.4815 	EXP 	Display Frame 1
125.5148 	EXP 	Display Frame 2
125.5480 	EXP 	Display Frame 3
125.5814 	EXP 	Display Frame 4
125.6148 	EXP 	Display Frame 5
125.6481 	EXP 	Display Frame 6
125.6814 	EXP 	Display Frame 7
125.7147 	EXP 	Display Frame 8
125.7481 	EXP 	Display Frame 9
125.7814 	EXP 	Display Frame 0
125.8150 	EXP 	Display Frame 1
125.8481 	EXP 	Display Frame 2
125.8814 	EXP 	Display Frame 3
125.9149 	EXP 	Display Frame 4
125.9481 	EXP 	Display Frame 5
125.9815 	EXP 	Display Frame 6
126.0152 	EXP 	Display Frame 7
126.0481 	EXP 	Display Frame 8
126.0814 	EXP 	Display Frame 9
126.1148 	EXP 	Display Frame 0
126.1480 	EXP 	Display Frame 1
126.1814 	EXP 	Display Frame 2
126.2150 	EXP 	Display Frame 3
126.2482 	EXP 	Display Frame 4
126.2814 	EXP 	Display Frame 5
126.3147 	EXP 	Display Frame 6
126.3481 	EXP 	Display Frame 7
126.3815 	EXP 	Display Frame 8
126.4148 	EXP 	Display Frame 9
126.4481 	EXP 	Display Frame 0
126.4814 	EXP 	Display Frame 1
126.5149 	EXP 	Display Frame 2
126.5481 	EXP 	Display Frame 3
126.5814 	EXP 	Display Frame 4
126.6149 	EXP 	Display Frame 5
126.6481 	EXP 	Display Frame 6
126.6814 	EXP 	Display Frame 7
126.7148 	EXP 	Display Frame 8
126.7480 	EXP 	Display Frame 9
126.7814 	EXP 	Display Frame 0
126.8149 	EXP 	Display Frame 1
126.8481 	EXP 	Display Frame 2
126.8814 	EXP 	Display Frame 3
126.9151 	EXP 	Display Frame 4
126.9481 	EXP 	Display Frame 5
126.9815 	EXP 	Display Frame 6
127.0151 	EXP 	Display Frame 7
127.0481 	EXP 	Display Frame 8
127.0814 	EXP 	Display Frame 9
127.1148 	EXP 	Display Frame 0
127.1480 	EXP 	Display Frame 1
127.1815 	EXP 	Display Frame 2
127.2147 	EXP 	Display Frame 3
127.2481 	EXP 	Display Frame 4
127.2814 	EXP 	Display Frame 5
127.3148 	EXP 	Display Frame 6
127.3481 	EXP 	Display Frame 7
127.3814 	EXP 	Display Frame 8
127.4148 	EXP 	Display Frame 9
127.4481 	EXP 	Display Frame 0
127.4814 	EXP 	Display Frame 1
127.5148 	EXP 	Display Frame 2
127.5481 	EXP 	Display Frame 3
127.5814 	EXP 	Display Frame 4
127.6149 	EXP 	Display Frame 5
127.6481 	EXP 	Display Frame 6
127.6817 	EXP 	Display Frame 7
127.7148 	EXP 	Display Frame 8
127.7482 	EXP 	Display Frame 9
127.7814 	EXP 	Display Frame 0
127.8148 	EXP 	Display Frame 1
127.8481 	EXP 	Display Frame 2
127.8814 	EXP 	Display Frame 3
127.9146 	DATA 	Keypress: equal
127.9159 	EXP 	Display Frame 4
127.9481 	EXP 	Display Frame 5
127.9815 	EXP 	Display Frame 6
128.0148 	EXP 	Display Frame 7
128.0481 	EXP 	Display Frame 8
128.0814 	EXP 	Display Frame 9
128.1147 	EXP 	Display Frame 0
128.1480 	EXP 	Display Frame 1
128.1814 	EXP 	Display Frame 2
128.2153 	EXP 	Display Frame 3
128.2481 	EXP 	Display Frame 4
128.2814 	EXP 	Display Frame 5
128.3147 	EXP 	Display Frame 6
128.3481 	EXP 	Display Frame 7
128.3815 	EXP 	Display Frame 8
128.4148 	EXP 	Display Frame 9
128.4482 	EXP 	Display Frame 0
128.4815 	EXP 	Display Frame 1
128.5149 	EXP 	Display Frame 2
128.5481 	EXP 	Display Frame 3
128.5816 	EXP 	Display Frame 4
128.6149 	EXP 	Display Frame 5
128.6482 	EXP 	Display Frame 6
128.6814 	EXP 	Display Frame 7
128.7148 	EXP 	Display Frame 8
128.7481 	EXP 	Display Frame 9
128.7814 	EXP 	Display Frame 0
128.8149 	EXP 	Display Frame 1
128.8481 	EXP 	Display Frame 2
128.8815 	EXP 	Display Frame 3
128.9148 	EXP 	Display Frame 4
128.9481 	EXP 	Display Frame 5
128.9814 	EXP 	Display Frame 6
129.0150 	EXP 	Display Frame 7
129.0481 	EXP 	Display Frame 8
129.0814 	EXP 	Display Frame 9
129.1148 	EXP 	Display Frame 0
129.1480 	EXP 	Display Frame 1
129.1815 	EXP 	Display Frame 2
129.2152 	EXP 	Display Frame 3
129.2481 	EXP 	Display Frame 4
129.2814 	EXP 	Display Frame 5
129.3148 	EXP 	Display Frame 6
129.3481 	EXP 	Display Frame 7
129.3812 	EXP 	Display Frame 8
129.4148 	EXP 	Display Frame 9
129.4481 	EXP 	Display Frame 0
129.4815 	EXP 	Display Frame 1
129.5148 	EXP 	Display Frame 2
129.5482 	EXP 	Display Frame 3
129.5814 	EXP 	Display Frame 4
129.6148 	EXP 	Display Frame 5
129.6481 	EXP 	Display Frame 6
129.6815 	EXP 	Display Frame 7
129.7147 	EXP 	Display Frame 8
129.7481 	EXP 	Display Frame 9
129.7814 	EXP 	Display Frame 0
129.8149 	EXP 	Display Frame 1
129.8481 	EXP 	Display Frame 2
129.8814 	EXP 	Display Frame 3
129.9148 	EXP 	Display Frame 4
129.9481 	EXP 	Display Frame 5
129.9815 	EXP 	Display Frame 6
130.0148 	EXP 	Display Frame 7
130.0481 	EXP 	Display Frame 8
130.0814 	EXP 	Display Frame 9
130.1147 	EXP 	Display Frame 0
130.1481 	EXP 	Display Frame 1
130.1815 	EXP 	Display Frame 2
130.2148 	EXP 	Display Frame 3
130.2481 	EXP 	Display Frame 4
130.2814 	EXP 	Display Frame 5
130.3148 	EXP 	Display Frame 6
130.3481 	EXP 	Display Frame 7
130.3814 	EXP 	Display Frame 8
130.4147 	EXP 	Display Frame 9
130.4481 	EXP 	Display Frame 0
130.4815 	EXP 	Display Frame 1
130.5148 	EXP 	Display Frame 2
130.5482 	EXP 	Display Frame 3
130.5815 	EXP 	Display Frame 4
130.6151 	EXP 	Display Frame 5
130.6482 	EXP 	Display Frame 6
130.6815 	EXP 	Display Frame 7
130.7149 	EXP 	Display Frame 8
130.7482 	EXP 	Display Frame 9
130.7816 	EXP 	Display Frame 0
130.8150 	EXP 	Display Frame 1
130.8483 	EXP 	Display Frame 2
130.8815 	EXP 	Display Frame 3
130.9149 	EXP 	Display Frame 4
130.9482 	EXP 	Display Frame 5
130.9816 	EXP 	Display Frame 6
131.0149 	EXP 	Display Frame 7
131.0483 	EXP 	Display Frame 8
131.0815 	EXP 	Display Frame 9
131.1148 	EXP 	Display Frame 0
131.1481 	EXP 	Display Frame 1
131.1815 	EXP 	Display Frame 2
131.2151 	EXP 	Display Frame 3
131.2482 	EXP 	Display Frame 4
131.2814 	EXP 	Display Frame 5
131.3148 	EXP 	Display Frame 6
131.3481 	EXP 	Display Frame 7
131.3815 	EXP 	Display Frame 8
131.4150 	EXP 	Display Frame 9
131.4482 	EXP 	Display Frame 0
131.4815 	EXP 	Display Frame 1
131.5148 	EXP 	Display Frame 2
131.5481 	EXP 	Display Frame 3
131.5814 	EXP 	Display Frame 4
131.6150 	EXP 	Display Frame 5
131.6481 	EXP 	Display Frame 6
131.6816 	EXP 	Display Frame 7
131.7148 	EXP 	Display Frame 8
131.7482 	EXP 	Display Frame 9
131.7815 	EXP 	Display Frame 0
131.8151 	EXP 	Display Frame 1
131.8481 	EXP 	Display Frame 2
131.8814 	EXP 	Display Frame 3
131.9147 	EXP 	Display Frame 4
131.9481 	EXP 	Display Frame 5
131.9814 	EXP 	Display Frame 6
132.0150 	EXP 	Display Frame 7
132.0481 	EXP 	Display Frame 8
132.0814 	EXP 	Display Frame 9
132.1148 	EXP 	Display Frame 0
132.1480 	EXP 	Display Frame 1
132.1814 	EXP 	Display Frame 2
132.2149 	EXP 	Display Frame 3
132.2484 	EXP 	Display Frame 4
132.2814 	EXP 	Display Frame 5
132.3148 	EXP 	Display Frame 6
132.3481 	EXP 	Display Frame 7
132.3814 	EXP 	Display Frame 8
132.4148 	EXP 	Display Frame 9
132.4481 	EXP 	Display Frame 0
132.4814 	EXP 	Display Frame 1
132.5148 	EXP 	Display Frame 2
132.5481 	EXP 	Display Frame 3
132.5815 	EXP 	Display Frame 4
132.6149 	EXP 	Display Frame 5
132.6481 	EXP 	Display Frame 6
132.6814 	EXP 	Display Frame 7
132.7148 	EXP 	Display Frame 8
132.7482 	EXP 	Display Frame 9
132.7814 	EXP 	Display Frame 0
132.8149 	EXP 	Display Frame 1
132.8482 	EXP 	Display Frame 2
132.8814 	EXP 	Display Frame 3
132.9148 	EXP 	Display Frame 4
132.9481 	EXP 	Display Frame 5
132.9814 	EXP 	Display Frame 6
133.0150 	EXP 	Display Frame 7
133.0482 	EXP 	Display Frame 8
133.0815 	DATA 	Keypress: equal
133.0829 	EXP 	Display Frame 9
133.1148 	EXP 	Display Frame 0
133.1480 	EXP 	Display Frame 1
133.1814 	EXP 	Display Frame 2
133.2148 	EXP 	Display Frame 3
133.2481 	EXP 	Display Frame 4
133.2814 	EXP 	Display Frame 5
133.3147 	EXP 	Display Frame 6
133.3481 	EXP 	Display Frame 7
133.3814 	EXP 	Display Frame 8
133.4150 	EXP 	Display Frame 9
133.4481 	EXP 	Display Frame 0
133.4814 	EXP 	Display Frame 1
133.5148 	EXP 	Display Frame 2
133.5481 	EXP 	Display Frame 3
133.5819 	EXP 	Display Frame 4
133.6150 	EXP 	Display Frame 5
133.6481 	EXP 	Display Frame 6
133.6815 	EXP 	Display Frame 7
133.7148 	EXP 	Display Frame 8
133.7481 	EXP 	Display Frame 9
133.7814 	EXP 	Display Frame 0
133.8149 	EXP 	Display Frame 1
133.8480 	EXP 	Display Frame 2
133.8815 	EXP 	Display Frame 3
133.9148 	EXP 	Display Frame 4
133.9481 	EXP 	Display Frame 5
133.9815 	EXP 	Display Frame 6
134.0147 	EXP 	Display Frame 7
134.0481 	EXP 	Display Frame 8
134.0814 	EXP 	Display Frame 9
134.1148 	EXP 	Display Frame 0
134.1480 	EXP 	Display Frame 1
134.1815 	EXP 	Display Frame 2
134.2150 	EXP 	Display Frame 3
134.2481 	EXP 	Display Frame 4
134.2814 	EXP 	Display Frame 5
134.3148 	EXP 	Display Frame 6
134.3481 	EXP 	Display Frame 7
134.3815 	EXP 	Display Frame 8
134.4149 	EXP 	Display Frame 9
134.4480 	EXP 	Display Frame 0
134.4814 	EXP 	Display Frame 1
134.5148 	EXP 	Display Frame 2
134.5481 	EXP 	Display Frame 3
134.5814 	EXP 	Display Frame 4
134.6148 	EXP 	Display Frame 5
134.6481 	EXP 	Display Frame 6
134.6881 	EXP 	Display Frame 7
134.7148 	EXP 	Display Frame 8
134.7481 	EXP 	Display Frame 9
134.7815 	EXP 	Display Frame 0
134.8148 	EXP 	Display Frame 1
134.8483 	EXP 	Display Frame 2
134.8815 	EXP 	Display Frame 3
134.9149 	EXP 	Display Frame 4
134.9481 	EXP 	Display Frame 5
134.9816 	EXP 	Display Frame 6
135.0148 	EXP 	Display Frame 7
135.0483 	EXP 	Display Frame 8
135.0814 	EXP 	Display Frame 9
135.1147 	EXP 	Display Frame 0
135.1480 	EXP 	Display Frame 1
135.1814 	EXP 	Display Frame 2
135.2147 	EXP 	Display Frame 3
135.2481 	EXP 	Display Frame 4
135.2814 	EXP 	Display Frame 5
135.3147 	EXP 	Display Frame 6
135.3481 	EXP 	Display Frame 7
135.3814 	EXP 	Display Frame 8
135.4147 	EXP 	Display Frame 9
135.4481 	EXP 	Display Frame 0
135.4814 	EXP 	Display Frame 1
135.5148 	EXP 	Display Frame 2
135.5482 	EXP 	Display Frame 3
135.5815 	EXP 	Display Frame 4
135.6148 	EXP 	Display Frame 5
135.6481 	EXP 	Display Frame 6
135.6815 	EXP 	Display Frame 7
135.7148 	EXP 	Display Frame 8
135.7481 	EXP 	Display Frame 9
135.7814 	EXP 	Display Frame 0
135.8149 	EXP 	Display Frame 1
135.8481 	EXP 	Display Frame 2
135.8815 	EXP 	Display Frame 3
135.9148 	EXP 	Display Frame 4
135.9482 	EXP 	Display Frame 5
135.9814 	EXP 	Display Frame 6
136.0149 	EXP 	Display Frame 7
136.0481 	EXP 	Display Frame 8
136.0816 	EXP 	Display Frame 9
136.1148 	EXP 	Display Frame 0
136.1480 	EXP 	Display Frame 1
136.1814 	EXP 	Display Frame 2
136.2149 	EXP 	Display Frame 3
136.2481 	EXP 	Display Frame 4
136.2814 	EXP 	Display Frame 5
136.3148 	EXP 	Display Frame 6
136.3481 	EXP 	Display Frame 7
136.3814 	EXP 	Display Frame 8
136.4148 	EXP 	Display Frame 9
136.4485 	EXP 	Display Frame 0
136.4814 	EXP 	Display Frame 1
136.5148 	EXP 	Display Frame 2
136.5481 	EXP 	Display Frame 3
136.5814 	EXP 	Display Frame 4
136.6148 	EXP 	Display Frame 5
136.6481 	EXP 	Display Frame 6
136.6814 	EXP 	Display Frame 7
136.7148 	EXP 	Display Frame 8
136.7481 	EXP 	Display Frame 9
136.7814 	EXP 	Display Frame 0
136.8147 	EXP 	Display Frame 1
136.8481 	EXP 	Display Frame 2
136.8814 	EXP 	Display Frame 3
136.9147 	EXP 	Display Frame 4
136.9481 	EXP 	Display Frame 5
136.9815 	EXP 	Display Frame 6
137.0147 	EXP 	Display Frame 7
137.0481 	EXP 	Display Frame 8
137.0814 	EXP 	Display Frame 9
137.1149 	EXP 	Display Frame 0
137.1480 	EXP 	Display Frame 1
137.1814 	EXP 	Display Frame 2
137.2147 	EXP 	Display Frame 3
137.2481 	EXP 	Display Frame 4
137.2814 	EXP 	Display Frame 5
137.3149 	EXP 	Display Frame 6
137.3481 	EXP 	Display Frame 7
137.3814 	EXP 	Display Frame 8
137.4147 	EXP 	Display Frame 9
137.4481 	EXP 	Display Frame 0
137.4815 	EXP 	Display Frame 1
137.5149 	EXP 	Display Frame 2
137.5481 	EXP 	Display Frame 3
137.5815 	EXP 	Display Frame 4
137.6148 	EXP 	Display Frame 5
137.6481 	EXP 	Display Frame 6
137.6814 	EXP 	Display Frame 7
137.7148 	EXP 	Display Frame 8
137.7481 	EXP 	Display Frame 9
137.7815 	EXP 	Display Frame 0
137.8148 	EXP 	Display Frame 1
137.8481 	EXP 	Display Frame 2
137.8815 	EXP 	Display Frame 3
137.9148 	EXP 	Display Frame 4
137.9482 	EXP 	Display Frame 5
137.9814 	EXP 	Display Frame 6
138.0147 	EXP 	Display Frame 7
138.0481 	EXP 	Display Frame 8
138.0816 	EXP 	Display Frame 9
138.1148 	EXP 	Display Frame 0
138.1480 	EXP 	Display Frame 1
138.1814 	EXP 	Display Frame 2
138.2149 	EXP 	Display Frame 3
138.2481 	EXP 	Display Frame 4
138.2812 	DATA 	Keypress: equal
138.2827 	EXP 	Display Frame 5
138.2955 	EXP 	Display Fixation
143.4673 	DATA 	Keypress: equal
148.6597 	DATA 	Keypress: equal
153.8540 	DATA 	Keypress: equal
159.0468 	DATA 	Keypress: equal
164.2406 	DATA 	Keypress: equal
169.4344 	DATA 	Keypress: equal
169.4693 	EXP 	Display Frame 1
169.5027 	EXP 	Display Frame 2
169.5356 	EXP 	Display Frame 3
169.5691 	EXP 	Display Frame 4
169.6022 	EXP 	Display Frame 5
169.6356 	EXP 	Display Frame 6
169.6691 	EXP 	Display Frame 7
169.7025 	EXP 	Display Frame 8
169.7357 	EXP 	Display Frame 9
169.7691 	EXP 	Display Frame 0
169.8023 	EXP 	Display Frame 1
169.8357 	EXP 	Display Frame 2
169.8690 	EXP 	Display Frame 3
169.9023 	EXP 	Display Frame 4
169.9356 	EXP 	Display Frame 5
169.9690 	EXP 	Display Frame 6
170.0023 	EXP 	Display Frame 7
170.0356 	EXP 	Display Frame 8
170.0691 	EXP 	Display Frame 9
170.1022 	EXP 	Display Frame 0
170.1357 	EXP 	Display Frame 1
170.1694 	EXP 	Display Frame 2
170.2023 	EXP 	Display Frame 3
170.2356 	EXP 	Display Frame 4
170.2690 	EXP 	Display Frame 5
170.3023 	EXP 	Display Frame 6
170.3356 	EXP 	Display Frame 7
170.3690 	EXP 	Display Frame 8
170.4023 	EXP 	Display Frame 9
170.4356 	EXP 	Display Frame 0
170.4689 	EXP 	Display Frame 1
170.5023 	EXP 	Display Frame 2
170.5357 	EXP 	Display Frame 3
170.5689 	EXP 	Display Frame 4
170.6025 	EXP 	Display Frame 5
170.6356 	EXP 	Display Frame 6
170.6691 	EXP 	Display Frame 7
170.7024 	EXP 	Display Frame 8
170.7356 	EXP 	Display Frame 9
170.7691 	EXP 	Display Frame 0
170.8023 	EXP 	Display Frame 1
170.8356 	EXP 	Display Frame 2
170.8690 	EXP 	Display Frame 3
170.9022 	EXP 	Display Frame 4
170.9356 	EXP 	Display Frame 5
170.9690 	EXP 	Display Frame 6
171.0023 	EXP 	Display Frame 7
171.0356 	EXP 	Display Frame 8
171.0690 	EXP 	Display Frame 9
171.1025 	EXP 	Display Frame 0
171.1356 	EXP 	Display Frame 1
171.1690 	EXP 	Display Frame 2
171.2023 	EXP 	Display Frame 3
171.2356 	EXP 	Display Frame 4
171.2689 	EXP 	Display Frame 5
171.3023 	EXP 	Display Frame 6
171.3356 	EXP 	Display Frame 7
171.3690 	EXP 	Display Frame 8
171.4023 	EXP 	Display Frame 9
171.4357 	EXP 	Display Frame 0
171.4689 	EXP 	Display Frame 1
171.5023 	EXP 	Display Frame 2
171.5356 	EXP 	Display Frame 3
171.5689 	EXP 	Display Frame 4
171.6023 	EXP 	Display Frame 5
171.6357 	EXP 	Display Frame 6
171.6689 	EXP 	Display Frame 7
171.7024 	EXP 	Display Frame 8
171.7356 	EXP 	Display Frame 9
171.7689 	EXP 	Display Frame 0
171.8023 	EXP 	Display Frame 1
171.8357 	EXP 	Display Frame 2
171.8689 	EXP 	Display Frame 3
171.9023 	EXP 	Display Frame 4
171.9356 	EXP 	Display Frame 5
171.9690 	EXP 	Display Frame 6
172.0023 	EXP 	Display Frame 7
172.0356 	EXP 	Display Frame 8
172.0689 	EXP 	Display Frame 9
172.1023 	EXP 	Display Frame 0
172.1356 	EXP 	Display Frame 1
172.1692 	EXP 	Display Frame 2
172.2024 	EXP 	Display Frame 3
172.2356 	EXP 	Display Frame 4
172.2689 	EXP 	Display Frame 5
172.3023 	EXP 	Display Frame 6
172.3358 	EXP 	Display Frame 7
172.3690 	EXP 	Display Frame 8
172.4022 	EXP 	Display Frame 9
172.4356 	EXP 	Display Frame 0
172.4689 	EXP 	Display Frame 1
172.5023 	EXP 	Display Frame 2
172.5357 	EXP 	Display Frame 3
172.5689 	EXP 	Display Frame 4
172.6022 	EXP 	Display Frame 5
172.6356 	EXP 	Display Frame 6
172.6691 	EXP 	Display Frame 7
172.7023 	EXP 	Display Frame 8
172.7356 	EXP 	Display Frame 9
172.7689 	EXP 	Display Frame 0
172.8024 	EXP 	Display Frame 1
172.8356 	EXP 	Display Frame 2
172.8691 	EXP 	Display Frame 3
172.9023 	EXP 	Display Frame 4
172.9358 	EXP 	Display Frame 5
172.9691 	EXP 	Display Frame 6
173.0025 	EXP 	Display Frame 7
173.0357 	EXP 	Display Frame 8
173.0690 	EXP 	Display Frame 9
173.1023 	EXP 	Display Frame 0
173.1358 	EXP 	Display Frame 1
173.1690 	EXP 	Display Frame 2
173.2024 	EXP 	Display Frame 3
173.2357 	EXP 	Display Frame 4
173.2690 	EXP 	Display Frame 5
173.3023 	EXP 	Display Frame 6
173.3357 	EXP 	Display Frame 7
173.3690 	EXP 	Display Frame 8
173.4024 	EXP 	Display Frame 9
173.4357 	EXP 	Display Frame 0
173.4689 	EXP 	Display Frame 1
173.5024 	EXP 	Display Frame 2
173.5357 	EXP 	Display Frame 3
173.5691 	EXP 	Display Frame 4
173.6024 	EXP 	Display Frame 5
173.6357 	EXP 	Display Frame 6
173.6690 	EXP 	Display Frame 7
173.7024 	EXP 	Display Frame 8
173.7357 	EXP 	Display Frame 9
173.7691 	EXP 	Display Frame 0
173.8024 	EXP 	Display Frame 1
173.8358 	EXP 	Display Frame 2
173.8690 	EXP 	Display Frame 3
173.9023 	EXP 	Display Frame 4
173.9356 	EXP 	Display Frame 5
173.9690 	EXP 	Display Frame 6
174.0024 	EXP 	Display Frame 7
174.0358 	EXP 	Display Frame 8
174.0690 	EXP 	Display Frame 9
174.1023 	EXP 	Display Frame 0
174.1357 	EXP 	Display Frame 1
174.1690 	EXP 	Display Frame 2
174.2024 	EXP 	Display Frame 3
174.2357 	EXP 	Display Frame 4
174.2690 	EXP 	Display Frame 5
174.3024 	EXP 	Display Frame 6
174.3373 	EXP 	Display Frame 7
174.3690 	EXP 	Display Frame 8
174.4023 	EXP 	Display Frame 9
174.4357 	EXP 	Display Frame 0
174.4690 	EXP 	Display Frame 1
174.5024 	EXP 	Display Frame 2
174.5357 	EXP 	Display Frame 3
174.5690 	EXP 	Display Frame 4
174.6024 	EXP 	Display Frame 5
174.6355 	DATA 	Keypress: equal
174.6371 	EXP 	Display Frame 6
174.6692 	EXP 	Display Frame 7
174.7022 	EXP 	Display Frame 8
174.7356 	EXP 	Display Frame 9
174.7690 	EXP 	Display Frame 0
174.8023 	EXP 	Display Frame 1
174.8356 	EXP 	Display Frame 2
174.8689 	EXP 	Display Frame 3
174.9025 	EXP 	Display Frame 4
174.9357 	EXP 	Display Frame 5
174.9690 	EXP 	Display Frame 6
175.0023 	EXP 	Display Frame 7
175.0356 	EXP 	Display Frame 8
175.0689 	EXP 	Display Frame 9
175.1023 	EXP 	Display Frame 0
175.1356 	EXP 	Display Frame 1
175.1689 	EXP 	Display Frame 2
175.2023 	EXP 	Display Frame 3
175.2356 	EXP 	Display Frame 4
175.2690 	EXP 	Display Frame 5
175.3023 	EXP 	Display Frame 6
175.3356 	EXP 	Display Frame 7
175.3691 	EXP 	Display Frame 8
175.4023 	EXP 	Display Frame 9
175.4356 	EXP 	Display Frame 0
175.4689 	EXP 	Display Frame 1
175.5023 	EXP 	Display Frame 2
175.5356 	EXP 	Display Frame 3
175.5690 	EXP 	Display Frame 4
175.6023 	EXP 	Display Frame 5
175.6356 	EXP 	Display Frame 6
175.6690 	EXP 	Display Frame 7
175.7024 	EXP 	Display Frame 8
175.7356 	EXP 	Display Frame 9
175.7691 	EXP 	Display Frame 0
175.8023 	EXP 	Display Frame 1
175.8356 	EXP 	Display Frame 2
175.8690 	EXP 	Display Frame 3
175.9025 	EXP 	Display Frame 4
175.9356 	EXP 	Display Frame 5
175.9689 	EXP 	Display Frame 6
176.0023 	EXP 	Display Frame 7
176.0357 	EXP 	Display Frame 8
176.0689 	EXP 	Display Frame 9
176.1023 	EXP 	Display Frame 0
176.1356 	EXP 	Display Frame 1
176.1689 	EXP 	Display Frame 2
176.2023 	EXP 	Display Frame 3
176.2356 	EXP 	Display Frame 4
176.2689 	EXP 	Display Frame 5
176.3023 	EXP 	Display Frame 6
176.3356 	EXP 	Display Frame 7
176.3690 	EXP 	Display Frame 8
176.4022 	EXP 	Display Frame 9
176.4356 	EXP 	Display Frame 0
176.4689 	EXP 	Display Frame 1
176.5023 	EXP 	Display Frame 2
176.5356 	EXP 	Display Frame 3
176.5690 	EXP 	Display Frame 4
176.6023 	EXP 	Display Frame 5
176.6357 	EXP 	Display Frame 6
176.6690 	EXP 	Display Frame 7
176.7024 	EXP 	Display Frame 8
176.7357 	EXP 	Display Frame 9
176.7690 	EXP 	Display Frame 0
176.8024 	EXP 	Display Frame 1
176.8356 	EXP 	Display Frame 2
176.8691 	EXP 	Display Frame 3
176.9022 	EXP 	Display Frame 4
176.9356 	EXP 	Display Frame 5
176.9690 	EXP 	Display Frame 6
177.0023 	EXP 	Display Frame 7
177.0356 	EXP 	Display Frame 8
177.0691 	EXP 	Display Frame 9
177.1024 	EXP 	Display Frame 0
177.1357 	EXP 	Display Frame 1
177.1690 	EXP 	Display Frame 2
177.2022 	EXP 	Display Frame 3
177.2356 	EXP 	Display Frame 4
177.2690 	EXP 	Display Frame 5
177.3023 	EXP 	Display Frame 6
177.3356 	EXP 	Display Frame 7
177.3690 	EXP 	Display Frame 8
177.4023 	EXP 	Display Frame 9
177.4356 	EXP 	Display Frame 0
177.4689 	EXP 	Display Frame 1
177.5024 	EXP 	Display Frame 2
177.5357 	EXP 	Display Frame 3
177.5690 	EXP 	Display Frame 4
177.6024 	EXP 	Display Frame 5
177.6357 	EXP 	Display Frame 6
177.6690 	EXP 	Display Frame 7
177.7024 	EXP 	Display Frame 8
177.7356 	EXP 	Display Frame 9
177.7689 	EXP 	Display Frame 0
177.8023 	EXP 	Display Frame 1
177.8356 	EXP 	Display Frame 2
177.8690 	EXP 	Display Frame 3
177.9024 	EXP 	Display Frame 4
177.9356 	EXP 	Display Frame 5
177.9691 	EXP 	Display Frame 6
178.0023 	EXP 	Display Frame 7
178.0357 	EXP 	Display Frame 8
178.0690 	EXP 	Display Frame 9
178.1024 	EXP 	Display Frame 0
178.1357 	EXP 	Display Frame 1
178.1690 	EXP 	Display Frame 2
178.2023 	EXP 	Display Frame 3
178.2356 	EXP 	Display Frame 4
178.2690 	EXP 	Display Frame 5
178.3023 	EXP 	Display Frame 6
178.3356 	EXP 	Display Frame 7
178.3689 	EXP 	Display Frame 8
178.4024 	EXP 	Display Frame 9
178.4360 	EXP 	Display Frame 0
178.4692 	EXP 	Display Frame 1
178.5023 	EXP 	Display Frame 2
178.5356 	EXP 	Display Frame 3
178.5691 	EXP 	Display Frame 4
178.6023 	EXP 	Display Frame 5
178.6356 	EXP 	Display Frame 6
178.6691 	EXP 	Display Frame 7
178.7023 	EXP 	Display Frame 8
178.7360 	EXP 	Display Frame 9
178.7689 	EXP 	Display Frame 0
178.8023 	EXP 	Display Frame 1
178.8359 	EXP 	Display Frame 2
178.8690 	EXP 	Display Frame 3
178.9023 	EXP 	Display Frame 4
178.9357 	EXP 	Display Frame 5
178.9689 	EXP 	Display Frame 6
179.0024 	EXP 	Display Frame 7
179.0359 	EXP 	Display Frame 8
179.0692 	EXP 	Display Frame 9
179.1023 	EXP 	Display Frame 0
179.1356 	EXP 	Display Frame 1
179.1689 	EXP 	Display Frame 2
179.2023 	EXP 	Display Frame 3
179.2361 	EXP 	Display Frame 4
179.2689 	EXP 	Display Frame 5
179.3023 	EXP 	Display Frame 6
179.3356 	EXP 	Display Frame 7
179.3689 	EXP 	Display Frame 8
179.4022 	EXP 	Display Frame 9
179.4356 	EXP 	Display Frame 0
179.4689 	EXP 	Display Frame 1
179.5023 	EXP 	Display Frame 2
179.5356 	EXP 	Display Frame 3
179.5689 	EXP 	Display Frame 4
179.6022 	EXP 	Display Frame 5
179.6357 	EXP 	Display Frame 6
179.6690 	EXP 	Display Frame 7
179.7039 	EXP 	Display Frame 8
179.7356 	EXP 	Display Frame 9
179.7690 	EXP 	Display Frame 0
179.8023 	EXP 	Display Frame 1
179.8354 	DATA 	Keypress: equal
179.8368 	EXP 	Display Frame 2
179.8690 	EXP 	Display Frame 3
179.9023 	EXP 	Display Frame 4
179.9357 	EXP 	Display Frame 5
179.9691 	EXP 	Display Frame 6
180.0023 	EXP 	Display Frame 7
180.0357 	EXP 	Display Frame 8
180.0689 	EXP 	Display Frame 9
180.1023 	EXP 	Display Frame 0
180.1356 	EXP 	Display Frame 1
180.1691 	EXP 	Display Frame 2
180.2023 	EXP 	Display Frame 3
180.2357 	EXP 	Display Frame 4
180.2690 	EXP 	Display Frame 5
180.3023 	EXP 	Display Frame 6
180.3356 	EXP 	Display Frame 7
180.3691 	EXP 	Display Frame 8
180.4023 	EXP 	Display Frame 9
180.4356 	EXP 	Display Frame 0
180.4689 	EXP 	Display Frame 1
180.5023 	EXP 	Display Frame 2
180.5356 	EXP 	Display Frame 3
180.5690 	EXP 	Display Frame 4
180.6023 	EXP 	Display Frame 5
180.6356 	EXP 	Display Frame 6
180.6690 	EXP 	Display Frame 7
180.7026 	EXP 	Display Frame 8
180.7356 	EXP 	Display Frame 9
180.7689 	EXP 	Display Frame 0
180.8023 	EXP 	Display Frame 1
180.8356 	EXP 	Display Frame 2
180.8690 	EXP 	Display Frame 3
180.9023 	EXP 	Display Frame 4
180.9357 	EXP 	Display Frame 5
180.9689 	EXP 	Display Frame 6
181.0023 	EXP 	Display Frame 7
181.0357 	EXP 	Display Frame 8
181.0689 	EXP 	Display Frame 9
181.1023 	EXP 	Display Frame 0
181.1357 	EXP 	Display Frame 1
181.1689 	EXP 	Display Frame 2
181.2023 	EXP 	Display Frame 3
181.2356 	EXP 	Display Frame 4
181.2689 	EXP 	Display Frame 5
181.3023 	EXP 	Display Frame 6
181.3357 	EXP 	Display Frame 7
181.3690 	EXP 	Display Frame 8
181.4023 	EXP 	Display Frame 9
181.4356 	EXP 	Display Frame 0
181.4689 	EXP 	Display Frame 1
181.5023 	EXP 	Display Frame 2
181.5356 	EXP 	Display Frame 3
181.5689 	EXP 	Display Frame 4
181.6023 	EXP 	Display Frame 5
181.6356 	EXP 	Display Frame 6
181.6690 	EXP 	Display Frame 7
181.7023 	EXP 	Display Frame 8
181.7356 	EXP 	Display Frame 9
181.7695 	EXP 	Display Frame 0
181.8023 	EXP 	Display Frame 1
181.8356 	EXP 	Display Frame 2
181.8689 	EXP 	Display Frame 3
181.9023 	EXP 	Display Frame 4
181.9356 	EXP 	Display Frame 5
181.9691 	EXP 	Display Frame 6
182.0023 	EXP 	Display Frame 7
182.0356 	EXP 	Display Frame 8
182.0690 	EXP 	Display Frame 9
182.1022 	EXP 	Display Frame 0
182.1356 	EXP 	Display Frame 1
182.1690 	EXP 	Display Frame 2
182.2023 	EXP 	Display Frame 3
182.2356 	EXP 	Display Frame 4
182.2689 	EXP 	Display Frame 5
182.3023 	EXP 	Display Frame 6
182.3356 	EXP 	Display Frame 7
182.3689 	EXP 	Display Frame 8
182.4023 	EXP 	Display Frame 9
182.4356 	EXP 	Display Frame 0
182.4689 	EXP 	Display Frame 1
182.5023 	EXP 	Display Frame 2
182.5356 	EXP 	Display Frame 3
182.5689 	EXP 	Display Frame 4
182.6023 	EXP 	Display Frame 5
182.6356 	EXP 	Display Frame 6
182.6689 	EXP 	Display Frame 7
182.7023 	EXP 	Display Frame 8
182.7357 	EXP 	Display Frame 9
182.7690 	EXP 	Display Frame 0
182.8026 	EXP 	Display Frame 1
182.8357 	EXP 	Display Frame 2
182.8689 	EXP 	Display Frame 3
182.9023 	EXP 	Display Frame 4
182.9356 	EXP 	Display Frame 5
182.9689 	EXP 	Display Frame 6
183.0023 	EXP 	Display Frame 7
183.0356 	EXP 	Display Frame 8
183.0691 	EXP 	Display Frame 9
183.1022 	EXP 	Display Frame 0
183.1357 	EXP 	Display Frame 1
183.1689 	EXP 	Display Frame 2
183.2024 	EXP 	Display Frame 3
183.2356 	EXP 	Display Frame 4
183.2689 	EXP 	Display Frame 5
183.3024 	EXP 	Display Frame 6
183.3359 	EXP 	Display Frame 7
183.3689 	EXP 	Display Frame 8
183.4023 	EXP 	Display Frame 9
183.4356 	EXP 	Display Frame 0
183.4689 	EXP 	Display Frame 1
183.5023 	EXP 	Display Frame 2
183.5357 	EXP 	Display Frame 3
183.5689 	EXP 	Display Frame 4
183.6023 	EXP 	Display Frame 5
183.6356 	EXP 	Display Frame 6
183.6689 	EXP 	Display Frame 7
183.7023 	EXP 	Display Frame 8
183.7358 	EXP 	Display Frame 9
183.7689 	EXP 	Display Frame 0
183.8023 	EXP 	Display Frame 1
183.8356 	EXP 	Display Frame 2
183.8690 	EXP 	Display Frame 3
183.9024 	EXP 	Display Frame 4
183.9356 	EXP 	Display Frame 5
183.9690 	EXP 	Display Frame 6
184.0023 	EXP 	Display Frame 7
184.0361 	EXP 	Display Frame 8
184.0690 	EXP 	Display Frame 9
184.1023 	EXP 	Display Frame 0
184.1356 	EXP 	Display Frame 1
184.1689 	EXP 	Display Frame 2
184.2023 	EXP 	Display Frame 3
184.2358 	EXP 	Display Frame 4
184.2690 	EXP 	Display Frame 5
184.3023 	EXP 	Display Frame 6
184.3356 	EXP 	Display Frame 7
184.3689 	EXP 	Display Frame 8
184.4022 	EXP 	Display Frame 9
184.4359 	EXP 	Display Frame 0
184.4689 	EXP 	Display Frame 1
184.5023 	EXP 	Display Frame 2
184.5356 	EXP 	Display Frame 3
184.5690 	EXP 	Display Frame 4
184.6023 	EXP 	Display Frame 5
184.6356 	EXP 	Display Frame 6
184.6690 	EXP 	Display Frame 7
184.7023 	EXP 	Display Frame 8
184.7356 	EXP 	Display Frame 9
184.7689 	EXP 	Display Frame 0
184.8023 	EXP 	Display Frame 1
184.8355 	EXP 	Display Frame 2
184.8690 	EXP 	Display Frame 3
184.9035 	EXP 	Display Frame 4
184.9357 	EXP 	Display Frame 5
184.9689 	EXP 	Display Frame 6
185.0023 	EXP 	Display Frame 7
185.0356 	DATA 	Keypress: equal
185.0370 	EXP 	Display Frame 8
185.0689 	EXP 	Display Frame 9
185.1023 	EXP 	Display Frame 0
185.1356 	EXP 	Display Frame 1
185.1689 	EXP 	Display Frame 2
185.2024 	EXP 	Display Frame 3
185.2356 	EXP 	Display Frame 4
185.2691 	EXP 	Display Frame 5
185.3023 	EXP 	Display Frame 6
185.3356 	EXP 	Display Frame 7
185.3690 	EXP 	Display Frame 8
185.4023 	EXP 	Display Frame 9
185.4356 	EXP 	Display Frame 0
185.4689 	EXP 	Display Frame 1
185.5023 	EXP 	Display Frame 2
185.5356 	EXP 	Display Frame 3
185.5690 	EXP 	Display Frame 4
185.6023 	EXP 	Display Frame 5
185.6357 	EXP 	Display Frame 6
185.6690 	EXP 	Display Frame 7
185.7023 	EXP 	Display Frame 8
185.7356 	EXP 	Display Frame 9
185.7689 	EXP 	Display Frame 0
185.8023 	EXP 	Display Frame 1
185.8356 	EXP 	Display Frame 2
185.8689 	EXP 	Display Frame 3
185.9023 	EXP 	Display Frame 4
185.9356 	EXP 	Display Frame 5
185.9690 	EXP 	Display Frame 6
186.0023 	EXP 	Display Frame 7
186.0356 	EXP 	Display Frame 8
186.0690 	EXP 	Display Frame 9
186.1023 	EXP 	Display Frame 0
186.1356 	EXP 	Display Frame 1
186.1690 	EXP 	Display Frame 2
186.2023 	EXP 	Display Frame 3
186.2357 	EXP 	Display Frame 4
186.2689 	EXP 	Display Frame 5
186.3024 	EXP 	Display Frame 6
186.3356 	EXP 	Display Frame 7
186.3696 	EXP 	Display Frame 8
186.4023 	EXP 	Display Frame 9
186.4359 	EXP 	Display Frame 0
186.4689 	EXP 	Display Frame 1
186.5024 	EXP 	Display Frame 2
186.5356 	EXP 	Display Frame 3
186.5691 	EXP 	Display Frame 4
186.6022 	EXP 	Display Frame 5
186.6357 	EXP 	Display Frame 6
186.6691 	EXP 	Display Frame 7
186.7022 	EXP 	Display Frame 8
186.7356 	EXP 	Display Frame 9
186.7692 	EXP 	Display Frame 0
186.8023 	EXP 	Display Frame 1
186.8356 	EXP 	Display Frame 2
186.8690 	EXP 	Display Frame 3
186.9023 	EXP 	Display Frame 4
186.9356 	EXP 	Display Frame 5
186.9690 	EXP 	Display Frame 6
187.0023 	EXP 	Display Frame 7
187.0356 	EXP 	Display Frame 8
187.0690 	EXP 	Display Frame 9
187.1024 	EXP 	Display Frame 0
187.1357 	EXP 	Display Frame 1
187.1690 	EXP 	Display Frame 2
187.2036 	EXP 	Display Frame 3
187.2357 	EXP 	Display Frame 4
187.2691 	EXP 	Display Frame 5
187.3024 	EXP 	Display Frame 6
187.3357 	EXP 	Display Frame 7
187.3690 	EXP 	Display Frame 8
187.4024 	EXP 	Display Frame 9
187.4357 	EXP 	Display Frame 0
187.4689 	EXP 	Display Frame 1
187.5024 	EXP 	Display Frame 2
187.5357 	EXP 	Display Frame 3
187.5690 	EXP 	Display Frame 4
187.6023 	EXP 	Display Frame 5
187.6356 	EXP 	Display Frame 6
187.6690 	EXP 	Display Frame 7
187.7023 	EXP 	Display Frame 8
187.7357 	EXP 	Display Frame 9
187.7690 	EXP 	Display Frame 0
187.8023 	EXP 	Display Frame 1
187.8356 	EXP 	Display Frame 2
187.8690 	EXP 	Display Frame 3
187.9023 	EXP 	Display Frame 4
187.9357 	EXP 	Display Frame 5
187.9689 	EXP 	Display Frame 6
188.0023 	EXP 	Display Frame 7
188.0357 	EXP 	Display Frame 8
188.0690 	EXP 	Display Frame 9
188.1023 	EXP 	Display Frame 0
188.1356 	EXP 	Display Frame 1
188.1689 	EXP 	Display Frame 2
188.2024 	EXP 	Display Frame 3
188.2356 	EXP 	Display Frame 4
188.2689 	EXP 	Display Frame 5
188.3023 	EXP 	Display Frame 6
188.3357 	EXP 	Display Frame 7
188.3689 	EXP 	Display Frame 8
188.4025 	EXP 	Display Frame 9
188.4356 	EXP 	Display Frame 0
188.4688 	EXP 	Display Frame 1
188.5024 	EXP 	Display Frame 2
188.5356 	EXP 	Display Frame 3
188.5690 	EXP 	Display Frame 4
188.6023 	EXP 	Display Frame 5
188.6357 	EXP 	Display Frame 6
188.6689 	EXP 	Display Frame 7
188.7023 	EXP 	Display Frame 8
188.7356 	EXP 	Display Frame 9
188.7690 	EXP 	Display Frame 0
188.8023 	EXP 	Display Frame 1
188.8357 	EXP 	Display Frame 2
188.8689 	EXP 	Display Frame 3
188.9022 	EXP 	Display Frame 4
188.9356 	EXP 	Display Frame 5
188.9690 	EXP 	Display Frame 6
189.0023 	EXP 	Display Frame 7
189.0356 	EXP 	Display Frame 8
189.0690 	EXP 	Display Frame 9
189.1023 	EXP 	Display Frame 0
189.1356 	EXP 	Display Frame 1
189.1690 	EXP 	Display Frame 2
189.2023 	EXP 	Display Frame 3
189.2356 	EXP 	Display Frame 4
189.2691 	EXP 	Display Frame 5
189.3023 	EXP 	Display Frame 6
189.3357 	EXP 	Display Frame 7
189.3689 	EXP 	Display Frame 8
189.4024 	EXP 	Display Frame 9
189.4356 	EXP 	Display Frame 0
189.4689 	EXP 	Display Frame 1
189.5023 	EXP 	Display Frame 2
189.5357 	EXP 	Display Frame 3
189.5690 	EXP 	Display Frame 4
189.6023 	EXP 	Display Frame 5
189.6356 	EXP 	Display Frame 6
189.6690 	EXP 	Display Frame 7
189.7023 	EXP 	Display Frame 8
189.7356 	EXP 	Display Frame 9
189.7690 	EXP 	Display Frame 0
189.8023 	EXP 	Display Frame 1
189.8356 	EXP 	Display Frame 2
189.8689 	EXP 	Display Frame 3
189.9022 	EXP 	Display Frame 4
189.9356 	EXP 	Display Frame 5
189.9690 	EXP 	Display Frame 6
190.0023 	EXP 	Display Frame 7
190.0356 	EXP 	Display Frame 8
190.0691 	EXP 	Display Frame 9
190.1023 	EXP 	Display Frame 0
190.1356 	EXP 	Display Frame 1
190.1690 	EXP 	Display Frame 2
190.2023 	EXP 	Display Frame 3
190.2354 	DATA 	Keypress: equal
190.2368 	EXP 	Display Frame 4
190.2690 	EXP 	Display Frame 5
190.3023 	EXP 	Display Frame 6
190.3356 	EXP 	Display Frame 7
190.3689 	EXP 	Display Frame 8
190.4023 	EXP 	Display Frame 9
190.4359 	EXP 	Display Frame 0
190.4688 	EXP 	Display Frame 1
190.5024 	EXP 	Display Frame 2
190.5356 	EXP 	Display Frame 3
190.5689 	EXP 	Display Frame 4
190.6023 	EXP 	Display Frame 5
190.6357 	EXP 	Display Frame 6
190.6690 	EXP 	Display Frame 7
190.7022 	EXP 	Display Frame 8
190.7356 	EXP 	Display Frame 9
190.7691 	EXP 	Display Frame 0
190.8023 	EXP 	Display Frame 1
190.8357 	EXP 	Display Frame 2
190.8689 	EXP 	Display Frame 3
190.9024 	EXP 	Display Frame 4
190.9360 	EXP 	Display Frame 5
190.9690 	EXP 	Display Frame 6
191.0023 	EXP 	Display Frame 7
191.0356 	EXP 	Display Frame 8
191.0690 	EXP 	Display Frame 9
191.1022 	EXP 	Display Frame 0
191.1356 	EXP 	Display Frame 1
191.1690 	EXP 	Display Frame 2
191.2024 	EXP 	Display Frame 3
191.2356 	EXP 	Display Frame 4
191.2690 	EXP 	Display Frame 5
191.3023 	EXP 	Display Frame 6
191.3356 	EXP 	Display Frame 7
191.3690 	EXP 	Display Frame 8
191.4023 	EXP 	Display Frame 9
191.4356 	EXP 	Display Frame 0
191.4689 	EXP 	Display Frame 1
191.5023 	EXP 	Display Frame 2
191.5357 	EXP 	Display Frame 3
191.5689 	EXP 	Display Frame 4
191.6023 	EXP 	Display Frame 5
191.6356 	EXP 	Display Frame 6
191.6690 	EXP 	Display Frame 7
191.7022 	EXP 	Display Frame 8
191.7358 	EXP 	Display Frame 9
191.7689 	EXP 	Display Frame 0
191.8023 	EXP 	Display Frame 1
191.8357 	EXP 	Display Frame 2
191.8690 	EXP 	Display Frame 3
191.9023 	EXP 	Display Frame 4
191.9356 	EXP 	Display Frame 5
191.9690 	EXP 	Display Frame 6
192.0024 	EXP 	Display Frame 7
192.0356 	EXP 	Display Frame 8
192.0689 	EXP 	Display Frame 9
192.1023 	EXP 	Display Frame 0
192.1356 	EXP 	Display Frame 1
192.1690 	EXP 	Display Frame 2
192.2023 	EXP 	Display Frame 3
192.2356 	EXP 	Display Frame 4
192.2690 	EXP 	Display Frame 5
192.3023 	EXP 	Display Frame 6
192.3357 	EXP 	Display Frame 7
192.3689 	EXP 	Display Frame 8
192.4023 	EXP 	Display Frame 9
192.4356 	EXP 	Display Frame 0
192.4692 	EXP 	Display Frame 1
192.5023 	EXP 	Display Frame 2
192.5356 	EXP 	Display Frame 3
192.5690 	EXP 	Display Frame 4
192.6023 	EXP 	Display Frame 5
192.6356 	EXP 	Display Frame 6
192.6689 	EXP 	Display Frame 7
192.7024 	EXP 	Display Frame 8
192.7356 	EXP 	Display Frame 9
192.7690 	EXP 	Display Frame 0
192.8023 	EXP 	Display Frame 1
192.8356 	EXP 	Display Frame 2
192.8689 	EXP 	Display Frame 3
192.9024 	EXP 	Display Frame 4
192.9356 	EXP 	Display Frame 5
192.9689 	EXP 	Display Frame 6
193.0023 	EXP 	Display Frame 7
193.0357 	EXP 	Display Frame 8
193.0689 	EXP 	Display Frame 9
193.1023 	EXP 	Display Frame 0
193.1356 	EXP 	Display Frame 1
193.1690 	EXP 	Display Frame 2
193.2023 	EXP 	Display Frame 3
193.2356 	EXP 	Display Frame 4
193.2689 	EXP 	Display Frame 5
193.3023 	EXP 	Display Frame 6
193.3356 	EXP 	Display Frame 7
193.3689 	EXP 	Display Frame 8
193.4023 	EXP 	Display Frame 9
193.4356 	EXP 	Display Frame 0
193.4688 	EXP 	Display Frame 1
193.5023 	EXP 	Display Frame 2
193.5357 	EXP 	Display Frame 3
193.5690 	EXP 	Display Frame 4
193.6024 	EXP 	Display Frame 5
193.6356 	EXP 	Display Frame 6
193.6690 	EXP 	Display Frame 7
193.7023 	EXP 	Display Frame 8
193.7358 	EXP 	Display Frame 9
193.7690 	EXP 	Display Frame 0
193.8023 	EXP 	Display Frame 1
193.8357 	EXP 	Display Frame 2
193.8690 	EXP 	Display Frame 3
193.9023 	EXP 	Display Frame 4
193.9357 	EXP 	Display Frame 5
193.9689 	EXP 	Display Frame 6
194.0023 	EXP 	Display Frame 7
194.0356 	EXP 	Display Frame 8
194.0689 	EXP 	Display Frame 9
194.1023 	EXP 	Display Frame 0
194.1356 	EXP 	Display Frame 1
194.1689 	EXP 	Display Frame 2
194.2023 	EXP 	Display Frame 3
194.2356 	EXP 	Display Frame 4
194.2689 	EXP 	Display Frame 5
194.3023 	EXP 	Display Frame 6
194.3356 	EXP 	Display Frame 7
194.3689 	EXP 	Display Frame 8
194.4023 	EXP 	Display Frame 9
194.4356 	EXP 	Display Frame 0
194.4688 	EXP 	Display Frame 1
194.5022 	EXP 	Display Frame 2
194.5356 	EXP 	Display Frame 3
194.5690 	EXP 	Display Frame 4
194.6023 	EXP 	Display Frame 5
194.6356 	EXP 	Display Frame 6
194.6702 	EXP 	Display Frame 7
194.7023 	EXP 	Display Frame 8
194.7356 	EXP 	Display Frame 9
194.7689 	EXP 	Display Frame 0
194.8023 	EXP 	Display Frame 1
194.8356 	EXP 	Display Frame 2
194.8690 	EXP 	Display Frame 3
194.9026 	EXP 	Display Frame 4
194.9359 	EXP 	Display Frame 5
194.9692 	EXP 	Display Frame 6
195.0023 	EXP 	Display Frame 7
195.0356 	EXP 	Display Frame 8
195.0692 	EXP 	Display Frame 9
195.1025 	EXP 	Display Frame 0
195.1357 	EXP 	Display Frame 1
195.1689 	EXP 	Display Frame 2
195.2023 	EXP 	Display Frame 3
195.2356 	EXP 	Display Frame 4
195.2690 	EXP 	Display Frame 5
195.3023 	EXP 	Display Frame 6
195.3356 	EXP 	Display Frame 7
195.3690 	EXP 	Display Frame 8
195.4023 	DATA 	Keypress: equal
195.4039 	EXP 	Display Frame 9
195.4360 	EXP 	Display Frame 0
195.4691 	EXP 	Display Frame 1
195.5023 	EXP 	Display Frame 2
195.5356 	EXP 	Display Frame 3
195.5689 	EXP 	Display Frame 4
195.6023 	EXP 	Display Frame 5
195.6356 	EXP 	Display Frame 6
195.6690 	EXP 	Display Frame 7
195.7023 	EXP 	Display Frame 8
195.7356 	EXP 	Display Frame 9
195.7689 	EXP 	Display Frame 0
195.8023 	EXP 	Display Frame 1
195.8356 	EXP 	Display Frame 2
195.8690 	EXP 	Display Frame 3
195.9023 	EXP 	Display Frame 4
195.9357 	EXP 	Display Frame 5
195.9690 	EXP 	Display Frame 6
196.0023 	EXP 	Display Frame 7
196.0356 	EXP 	Display Frame 8
196.0690 	EXP 	Display Frame 9
196.1022 	EXP 	Display Frame 0
196.1357 	EXP 	Display Frame 1
196.1689 	EXP 	Display Frame 2
196.2023 	EXP 	Display Frame 3
196.2357 	EXP 	Display Frame 4
196.2689 	EXP 	Display Frame 5
196.3023 	EXP 	Display Frame 6
196.3357 	EXP 	Display Frame 7
196.3690 	EXP 	Display Frame 8
196.4023 	EXP 	Display Frame 9
196.4356 	EXP 	Display Frame 0
196.4689 	EXP 	Display Frame 1
196.5023 	EXP 	Display Frame 2
196.5356 	EXP 	Display Frame 3
196.5690 	EXP 	Display Frame 4
196.6023 	EXP 	Display Frame 5
196.6356 	EXP 	Display Frame 6
196.6689 	EXP 	Display Frame 7
196.7024 	EXP 	Display Frame 8
196.7356 	EXP 	Display Frame 9
196.7690 	EXP 	Display Frame 0
196.8023 	EXP 	Display Frame 1
196.8356 	EXP 	Display Frame 2
196.8690 	EXP 	Display Frame 3
196.9023 	EXP 	Display Frame 4
196.9357 	EXP 	Display Frame 5
196.9693 	EXP 	Display Frame 6
197.0026 	EXP 	Display Frame 7
197.0357 	EXP 	Display Frame 8
197.0692 	EXP 	Display Frame 9
197.1023 	EXP 	Display Frame 0
197.1357 	EXP 	Display Frame 1
197.1690 	EXP 	Display Frame 2
197.2023 	EXP 	Display Frame 3
197.2357 	EXP 	Display Frame 4
197.2689 	EXP 	Display Frame 5
197.3026 	EXP 	Display Frame 6
197.3356 	EXP 	Display Frame 7
197.3689 	EXP 	Display Frame 8
197.4023 	EXP 	Display Frame 9
197.4356 	EXP 	Display Frame 0
197.4689 	EXP 	Display Frame 1
197.5023 	EXP 	Display Frame 2
197.5356 	EXP 	Display Frame 3
197.5689 	EXP 	Display Frame 4
197.6023 	EXP 	Display Frame 5
197.6356 	EXP 	Display Frame 6
197.6689 	EXP 	Display Frame 7
197.7024 	EXP 	Display Frame 8
197.7356 	EXP 	Display Frame 9
197.7689 	EXP 	Display Frame 0
197.8023 	EXP 	Display Frame 1
197.8357 	EXP 	Display Frame 2
197.8690 	EXP 	Display Frame 3
197.9023 	EXP 	Display Frame 4
197.9356 	EXP 	Display Frame 5
197.9690 	EXP 	Display Frame 6
198.0024 	EXP 	Display Frame 7
198.0356 	EXP 	Display Frame 8
198.0700 	EXP 	Display Frame 9
198.1023 	EXP 	Display Frame 0
198.1357 	EXP 	Display Frame 1
198.1691 	EXP 	Display Frame 2
198.2023 	EXP 	Display Frame 3
198.2356 	EXP 	Display Frame 4
198.2690 	EXP 	Display Frame 5
198.3023 	EXP 	Display Frame 6
198.3357 	EXP 	Display Frame 7
198.3690 	EXP 	Display Frame 8
198.4023 	EXP 	Display Frame 9
198.4356 	EXP 	Display Frame 0
198.4689 	EXP 	Display Frame 1
198.5023 	EXP 	Display Frame 2
198.5356 	EXP 	Display Frame 3
198.5690 	EXP 	Display Frame 4
198.6023 	EXP 	Display Frame 5
198.6356 	EXP 	Display Frame 6
198.6689 	EXP 	Display Frame 7
198.7023 	EXP 	Display Frame 8
198.7356 	EXP 	Display Frame 9
198.7691 	EXP 	Display Frame 0
198.8023 	EXP 	Display Frame 1
198.8356 	EXP 	Display Frame 2
198.8690 	EXP 	Display Frame 3
198.9023 	EXP 	Display Frame 4
198.9356 	EXP 	Display Frame 5
198.9690 	EXP 	Display Frame 6
199.0038 	EXP 	Display Frame 7
199.0356 	EXP 	Display Frame 8
199.0689 	EXP 	Display Frame 9
199.1024 	EXP 	Display Frame 0
199.1356 	EXP 	Display Frame 1
199.1689 	EXP 	Display Frame 2
199.2023 	EXP 	Display Frame 3
199.2356 	EXP 	Display Frame 4
199.2690 	EXP 	Display Frame 5
199.3024 	EXP 	Display Frame 6
199.3356 	EXP 	Display Frame 7
199.3689 	EXP 	Display Frame 8
199.4023 	EXP 	Display Frame 9
199.4356 	EXP 	Display Frame 0
199.4690 	EXP 	Display Frame 1
199.5022 	EXP 	Display Frame 2
199.5356 	EXP 	Display Frame 3
199.5689 	EXP 	Display Frame 4
199.6023 	EXP 	Display Frame 5
199.6356 	EXP 	Display Frame 6
199.6690 	EXP 	Display Frame 7
199.7023 	EXP 	Display Frame 8
199.7356 	EXP 	Display Frame 9
199.7689 	EXP 	Display Frame 0
199.8024 	EXP 	Display Frame 1
199.8356 	EXP 	Display Frame 2
199.8689 	EXP 	Display Frame 3
199.9023 	EXP 	Display Frame 4
199.9356 	EXP 	Display Frame 5
199.9690 	EXP 	Display Frame 6
200.0023 	EXP 	Display Frame 7
200.0356 	EXP 	Display Frame 8
200.0689 	EXP 	Display Frame 9
200.1034 	EXP 	Display Frame 0
200.1358 	EXP 	Display Frame 1
200.1689 	EXP 	Display Frame 2
200.2024 	EXP 	Display Frame 3
200.2356 	EXP 	Display Frame 4
200.2690 	EXP 	Display Frame 5
200.3023 	EXP 	Display Frame 6
200.3357 	EXP 	Display Frame 7
200.3690 	EXP 	Display Frame 8
200.4024 	EXP 	Display Frame 9
200.4356 	EXP 	Display Frame 0
200.4689 	EXP 	Display Frame 1
200.5023 	EXP 	Display Frame 2
200.5357 	EXP 	Display Frame 3
200.5690 	EXP 	Display Frame 4
200.6022 	DATA 	Keypress: equal
200.6036 	EXP 	Display Frame 5
200.6124 	EXP 	Display Fixation
205.7901 	DATA 	Keypress: equal
210.9829 	DATA 	Keypress: equal
216.1770 	DATA 	Keypress: equal
221.3701 	DATA 	Keypress: equal
226.5642 	DATA 	Keypress: equal
231.7570 	DATA 	Keypress: equal
231.7971 	EXP 	Display Frame 1
231.8253 	EXP 	Display Frame 2
231.8586 	EXP 	Display Frame 3
231.8923 	EXP 	Display Frame 4
231.9253 	EXP 	Display Frame 5
231.9586 	EXP 	Display Frame 6
231.9920 	EXP 	Display Frame 7
232.0253 	EXP 	Display Frame 8
232.0586 	EXP 	Display Frame 9
232.0920 	EXP 	Display Frame 0
232.1252 	EXP 	Display Frame 1
232.1584 	EXP 	Display Frame 2
232.1919 	EXP 	Display Frame 3
232.2252 	EXP 	Display Frame 4
232.2586 	EXP 	Display Frame 5
232.2918 	EXP 	Display Frame 6
232.3253 	EXP 	Display Frame 7
232.3585 	EXP 	Display Frame 8
232.3919 	EXP 	Display Frame 9
232.4252 	EXP 	Display Frame 0
232.4585 	EXP 	Display Frame 1
232.4919 	EXP 	Display Frame 2
232.5253 	EXP 	Display Frame 3
232.5586 	EXP 	Display Frame 4
232.5918 	EXP 	Display Frame 5
232.6252 	EXP 	Display Frame 6
232.6585 	EXP 	Display Frame 7
232.6920 	EXP 	Display Frame 8
232.7252 	EXP 	Display Frame 9
232.7585 	EXP 	Display Frame 0
232.7918 	EXP 	Display Frame 1
232.8252 	EXP 	Display Frame 2
232.8585 	EXP 	Display Frame 3
232.8918 	EXP 	Display Frame 4
232.9252 	EXP 	Display Frame 5
232.9585 	EXP 	Display Frame 6
232.9918 	EXP 	Display Frame 7
233.0252 	EXP 	Display Frame 8
233.0585 	EXP 	Display Frame 9
233.0918 	EXP 	Display Frame 0
233.1251 	EXP 	Display Frame 1
233.1585 	EXP 	Display Frame 2
233.1918 	EXP 	Display Frame 3
233.2252 	EXP 	Display Frame 4
233.2585 	EXP 	Display Frame 5
233.2918 	EXP 	Display Frame 6
233.3252 	EXP 	Display Frame 7
233.3585 	EXP 	Display Frame 8
233.3918 	EXP 	Display Frame 9
233.4253 	EXP 	Display Frame 0
233.4586 	EXP 	Display Frame 1
233.4919 	EXP 	Display Frame 2
233.5251 	EXP 	Display Frame 3
233.5587 	EXP 	Display Frame 4
233.5918 	EXP 	Display Frame 5
233.6251 	EXP 	Display Frame 6
233.6585 	EXP 	Display Frame 7
233.6921 	EXP 	Display Frame 8
233.7251 	EXP 	Display Frame 9
233.7585 	EXP 	Display Frame 0
233.7918 	EXP 	Display Frame 1
233.8253 	EXP 	Display Frame 2
233.8585 	EXP 	Display Frame 3
233.8919 	EXP 	Display Frame 4
233.9251 	EXP 	Display Frame 5
233.9585 	EXP 	Display Frame 6
233.9919 	EXP 	Display Frame 7
234.0251 	EXP 	Display Frame 8
234.0585 	EXP 	Display Frame 9
234.0918 	EXP 	Display Frame 0
234.1253 	EXP 	Display Frame 1
234.1585 	EXP 	Display Frame 2
234.1917 	EXP 	Display Frame 3
234.2251 	EXP 	Display Frame 4
234.2586 	EXP 	Display Frame 5
234.2918 	EXP 	Display Frame 6
234.3252 	EXP 	Display Frame 7
234.3585 	EXP 	Display Frame 8
234.3919 	EXP 	Display Frame 9
234.4251 	EXP 	Display Frame 0
234.4585 	EXP 	Display Frame 1
234.4919 	EXP 	Display Frame 2
234.5252 	EXP 	Display Frame 3
234.5585 	EXP 	Display Frame 4
234.5919 	EXP 	Display Frame 5
234.6252 	EXP 	Display Frame 6
234.6586 	EXP 	Display Frame 7
234.6920 	EXP 	Display Frame 8
234.7251 	EXP 	Display Frame 9
234.7585 	EXP 	Display Frame 0
234.7918 	EXP 	Display Frame 1
234.8252 	EXP 	Display Frame 2
234.8585 	EXP 	Display Frame 3
234.8918 	EXP 	Display Frame 4
234.9251 	EXP 	Display Frame 5
234.9585 	EXP 	Display Frame 6
234.9918 	EXP 	Display Frame 7
235.0253 	EXP 	Display Frame 8
235.0585 	EXP 	Display Frame 9
235.0918 	EXP 	Display Frame 0
235.1252 	EXP 	Display Frame 1
235.1585 	EXP 	Display Frame 2
235.1918 	EXP 	Display Frame 3
235.2253 	EXP 	Display Frame 4
235.2585 	EXP 	Display Frame 5
235.2918 	EXP 	Display Frame 6
235.3251 	EXP 	Display Frame 7
235.3585 	EXP 	Display Frame 8
235.3919 	EXP 	Display Frame 9
235.4253 	EXP 	Display Frame 0
235.4585 	EXP 	Display Frame 1
235.4918 	EXP 	Display Frame 2
235.5251 	EXP 	Display Frame 3
235.5585 	EXP 	Display Frame 4
235.5919 	EXP 	Display Frame 5
235.6251 	EXP 	Display Frame 6
235.6585 	EXP 	Display Frame 7
235.6918 	EXP 	Display Frame 8
235.7251 	EXP 	Display Frame 9
235.7585 	EXP 	Display Frame 0
235.7918 	EXP 	Display Frame 1
235.8251 	EXP 	Display Frame 2
235.8586 	EXP 	Display Frame 3
235.8918 	EXP 	Display Frame 4
235.9252 	EXP 	Display Frame 5
235.9585 	EXP 	Display Frame 6
235.9918 	EXP 	Display Frame 7
236.0252 	EXP 	Display Frame 8
236.0585 	EXP 	Display Frame 9
236.0918 	EXP 	Display Frame 0
236.1251 	EXP 	Display Frame 1
236.1585 	EXP 	Display Frame 2
236.1918 	EXP 	Display Frame 3
236.2251 	EXP 	Display Frame 4
236.2585 	EXP 	Display Frame 5
236.2918 	EXP 	Display Frame 6
236.3252 	EXP 	Display Frame 7
236.3585 	EXP 	Display Frame 8
236.3919 	EXP 	Display Frame 9
236.4251 	EXP 	Display Frame 0
236.4585 	EXP 	Display Frame 1
236.4918 	EXP 	Display Frame 2
236.5252 	EXP 	Display Frame 3
236.5585 	EXP 	Display Frame 4
236.5920 	EXP 	Display Frame 5
236.6251 	EXP 	Display Frame 6
236.6586 	EXP 	Display Frame 7
236.6918 	EXP 	Display Frame 8
236.7251 	EXP 	Display Frame 9
236.7584 	EXP 	Display Frame 0
236.7918 	EXP 	Display Frame 1
236.8251 	EXP 	Display Frame 2
236.8586 	EXP 	Display Frame 3
236.8918 	EXP 	Display Frame 4
236.9251 	EXP 	Display Frame 5
236.9583 	DATA 	Keypress: equal
236.9599 	EXP 	Display Frame 6
236.9918 	EXP 	Display Frame 7
237.0251 	EXP 	Display Frame 8
237.0585 	EXP 	Display Frame 9
237.0918 	EXP 	Display Frame 0
237.1251 	EXP 	Display Frame 1
237.1586 	EXP 	Display Frame 2
237.1918 	EXP 	Display Frame 3
237.2251 	EXP 	Display Frame 4
237.2585 	EXP 	Display Frame 5
237.2918 	EXP 	Display Frame 6
237.3251 	EXP 	Display Frame 7
237.3586 	EXP 	Display Frame 8
237.3918 	EXP 	Display Frame 9
237.4251 	EXP 	Display Frame 0
237.4585 	EXP 	Display Frame 1
237.4919 	EXP 	Display Frame 2
237.5251 	EXP 	Display Frame 3
237.5585 	EXP 	Display Frame 4
237.5918 	EXP 	Display Frame 5
237.6251 	EXP 	Display Frame 6
237.6585 	EXP 	Display Frame 7
237.6919 	EXP 	Display Frame 8
237.7251 	EXP 	Display Frame 9
237.7584 	EXP 	Display Frame 0
237.7918 	EXP 	Display Frame 1
237.8251 	EXP 	Display Frame 2
237.8585 	EXP 	Display Frame 3
237.8918 	EXP 	Display Frame 4
237.9251 	EXP 	Display Frame 5
237.9585 	EXP 	Display Frame 6
237.9918 	EXP 	Display Frame 7
238.0251 	EXP 	Display Frame 8
238.0585 	EXP 	Display Frame 9
238.0918 	EXP 	Display Frame 0
238.1251 	EXP 	Display Frame 1
238.1585 	EXP 	Display Frame 2
238.1919 	EXP 	Display Frame 3
238.2252 	EXP 	Display Frame 4
238.2586 	EXP 	Display Frame 5
238.2918 	EXP 	Display Frame 6
238.3252 	EXP 	Display Frame 7
238.3584 	EXP 	Display Frame 8
238.3921 	EXP 	Display Frame 9
238.4254 	EXP 	Display Frame 0
238.4585 	EXP 	Display Frame 1
238.4919 	EXP 	Display Frame 2
238.5254 	EXP 	Display Frame 3
238.5585 	EXP 	Display Frame 4
238.5918 	EXP 	Display Frame 5
238.6251 	EXP 	Display Frame 6
238.6585 	EXP 	Display Frame 7
238.6918 	EXP 	Display Frame 8
238.7252 	EXP 	Display Frame 9
238.7585 	EXP 	Display Frame 0
238.7919 	EXP 	Display Frame 1
238.8256 	EXP 	Display Frame 2
238.8585 	EXP 	Display Frame 3
238.8920 	EXP 	Display Frame 4
238.9253 	EXP 	Display Frame 5
238.9585 	EXP 	Display Frame 6
238.9920 	EXP 	Display Frame 7
239.0252 	EXP 	Display Frame 8
239.0585 	EXP 	Display Frame 9
239.0918 	EXP 	Display Frame 0
239.1252 	EXP 	Display Frame 1
239.1585 	EXP 	Display Frame 2
239.1918 	EXP 	Display Frame 3
239.2252 	EXP 	Display Frame 4
239.2584 	EXP 	Display Frame 5
239.2918 	EXP 	Display Frame 6
239.3252 	EXP 	Display Frame 7
239.3585 	EXP 	Display Frame 8
239.3918 	EXP 	Display Frame 9
239.4251 	EXP 	Display Frame 0
239.4585 	EXP 	Display Frame 1
239.4919 	EXP 	Display Frame 2
239.5251 	EXP 	Display Frame 3
239.5585 	EXP 	Display Frame 4
239.5918 	EXP 	Display Frame 5
239.6251 	EXP 	Display Frame 6
239.6585 	EXP 	Display Frame 7
239.6918 	EXP 	Display Frame 8
239.7251 	EXP 	Display Frame 9
239.7584 	EXP 	Display Frame 0
239.7917 	EXP 	Display Frame 1
239.8252 	EXP 	Display Frame 2
239.8585 	EXP 	Display Frame 3
239.8919 	EXP 	Display Frame 4
239.9252 	EXP 	Display Frame 5
239.9585 	EXP 	Display Frame 6
239.9920 	EXP 	Display Frame 7
240.0252 	EXP 	Display Frame 8
240.0585 	EXP 	Display Frame 9
240.0918 	EXP 	Display Frame 0
240.1252 	EXP 	Display Frame 1
240.1585 	EXP 	Display Frame 2
240.1919 	EXP 	Display Frame 3
240.2252 	EXP 	Display Frame 4
240.2585 	EXP 	Display Frame 5
240.2918 	EXP 	Display Frame 6
240.3252 	EXP 	Display Frame 7
240.3585 	EXP 	Display Frame 8
240.3918 	EXP 	Display Frame 9
240.4252 	EXP 	Display Frame 0
240.4585 	EXP 	Display Frame 1
240.4918 	EXP 	Display Frame 2
240.5252 	EXP 	Display Frame 3
240.5585 	EXP 	Display Frame 4
240.5918 	EXP 	Display Frame 5
240.6252 	EXP 	Display Frame 6
240.6585 	EXP 	Display Frame 7
240.6918 	EXP 	Display Frame 8
240.7252 	EXP 	Display Frame 9
240.7585 	EXP 	Display Frame 0
240.7919 	EXP 	Display Frame 1
240.8252 	EXP 	Display Frame 2
240.8586 	EXP 	Display Frame 3
240.8919 	EXP 	Display Frame 4
240.9253 	EXP 	Display Frame 5
240.9585 	EXP 	Display Frame 6
240.9919 	EXP 	Display Frame 7
241.0251 	EXP 	Display Frame 8
241.0585 	EXP 	Display Frame 9
241.0918 	EXP 	Display Frame 0
241.1251 	EXP 	Display Frame 1
241.1585 	EXP 	Display Frame 2
241.1918 	EXP 	Display Frame 3
241.2251 	EXP 	Display Frame 4
241.2585 	EXP 	Display Frame 5
241.2918 	EXP 	Display Frame 6
241.3251 	EXP 	Display Frame 7
241.3585 	EXP 	Display Frame 8
241.3918 	EXP 	Display Frame 9
241.4251 	EXP 	Display Frame 0
241.4585 	EXP 	Display Frame 1
241.4919 	EXP 	Display Frame 2
241.5252 	EXP 	Display Frame 3
241.5585 	EXP 	Display Frame 4
241.5918 	EXP 	Display Frame 5
241.6253 	EXP 	Display Frame 6
241.6585 	EXP 	Display Frame 7
241.6918 	EXP 	Display Frame 8
241.7251 	EXP 	Display Frame 9
241.7584 	EXP 	Display Frame 0
241.7918 	EXP 	Display Frame 1
241.8251 	EXP 	Display Frame 2
241.8584 	EXP 	Display Frame 3
241.8919 	EXP 	Display Frame 4
241.9252 	EXP 	Display Frame 5
241.9585 	EXP 	Display Frame 6
241.9919 	EXP 	Display Frame 7
242.0253 	EXP 	Display Frame 8
242.0585 	EXP 	Display Frame 9
242.0919 	EXP 	Display Frame 0
242.1254 	EXP 	Display Frame 1
242.1583 	DATA 	Keypress: equal
242.1597 	EXP 	Display Frame 2
242.1918 	EXP 	Display Frame 3
242.2251 	EXP 	Display Frame 4
242.2585 	EXP 	Display Frame 5
242.2919 	EXP 	Display Frame 6
242.3251 	EXP 	Display Frame 7
242.3585 	EXP 	Display Frame 8
242.3918 	EXP 	Display Frame 9
242.4252 	EXP 	Display Frame 0
242.4585 	EXP 	Display Frame 1
242.4918 	EXP 	Display Frame 2
242.5252 	EXP 	Display Frame 3
242.5585 	EXP 	Display Frame 4
242.5918 	EXP 	Display Frame 5
242.6252 	EXP 	Display Frame 6
242.6586 	EXP 	Display Frame 7
242.6918 	EXP 	Display Frame 8
242.7253 	EXP 	Display Frame 9
242.7585 	EXP 	Display Frame 0
242.7920 	EXP 	Display Frame 1
242.8252 	EXP 	Display Frame 2
242.8585 	EXP 	Display Frame 3
242.8918 	EXP 	Display Frame 4
242.9253 	EXP 	Display Frame 5
242.9585 	EXP 	Display Frame 6
242.9919 	EXP 	Display Frame 7
243.0251 	EXP 	Display Frame 8
243.0585 	EXP 	Display Frame 9
243.0918 	EXP 	Display Frame 0
243.1251 	EXP 	Display Frame 1
243.1585 	EXP 	Display Frame 2
243.1920 	EXP 	Display Frame 3
243.2252 	EXP 	Display Frame 4
243.2585 	EXP 	Display Frame 5
243.2918 	EXP 	Display Frame 6
243.3251 	EXP 	Display Frame 7
243.3584 	EXP 	Display Frame 8
243.3918 	EXP 	Display Frame 9
243.4251 	EXP 	Display Frame 0
243.4585 	EXP 	Display Frame 1
243.4918 	EXP 	Display Frame 2
243.5251 	EXP 	Display Frame 3
243.5585 	EXP 	Display Frame 4
243.5918 	EXP 	Display Frame 5
243.6251 	EXP 	Display Frame 6
243.6585 	EXP 	Display Frame 7
243.6918 	EXP 	Display Frame 8
243.7303 	EXP 	Display Frame 9
243.7584 	EXP 	Display Frame 0
243.7918 	EXP 	Display Frame 1
243.8251 	EXP 	Display Frame 2
243.8584 	EXP 	Display Frame 3
243.8920 	EXP 	Display Frame 4
243.9252 	EXP 	Display Frame 5
243.9586 	EXP 	Display Frame 6
243.9919 	EXP 	Display Frame 7
244.0253 	EXP 	Display Frame 8
244.0585 	EXP 	Display Frame 9
244.0919 	EXP 	Display Frame 0
244.1251 	EXP 	Display Frame 1
244.1585 	EXP 	Display Frame 2
244.1918 	EXP 	Display Frame 3
244.2252 	EXP 	Display Frame 4
244.2585 	EXP 	Display Frame 5
244.2918 	EXP 	Display Frame 6
244.3251 	EXP 	Display Frame 7
244.3585 	EXP 	Display Frame 8
244.3918 	EXP 	Display Frame 9
244.4251 	EXP 	Display Frame 0
244.4585 	EXP 	Display Frame 1
244.4918 	EXP 	Display Frame 2
244.5252 	EXP 	Display Frame 3
244.5585 	EXP 	Display Frame 4
244.5918 	EXP 	Display Frame 5
244.6252 	EXP 	Display Frame 6
244.6586 	EXP 	Display Frame 7
244.6918 	EXP 	Display Frame 8
244.7251 	EXP 	Display Frame 9
244.7585 	EXP 	Display Frame 0
244.7919 	EXP 	Display Frame 1
244.8251 	EXP 	Display Frame 2
244.8585 	EXP 	Display Frame 3
244.8918 	EXP 	Display Frame 4
244.9251 	EXP 	Display Frame 5
244.9585 	EXP 	Display Frame 6
244.9918 	EXP 	Display Frame 7
245.0252 	EXP 	Display Frame 8
245.0586 	EXP 	Display Frame 9
245.0918 	EXP 	Display Frame 0
245.1253 	EXP 	Display Frame 1
245.1585 	EXP 	Display Frame 2
245.1918 	EXP 	Display Frame 3
245.2253 	EXP 	Display Frame 4
245.2586 	EXP 	Display Frame 5
245.2918 	EXP 	Display Frame 6
245.3251 	EXP 	Display Frame 7
245.3585 	EXP 	Display Frame 8
245.3918 	EXP 	Display Frame 9
245.4252 	EXP 	Display Frame 0
245.4585 	EXP 	Display Frame 1
245.4918 	EXP 	Display Frame 2
245.5251 	EXP 	Display Frame 3
245.5585 	EXP 	Display Frame 4
245.5918 	EXP 	Display Frame 5
245.6252 	EXP 	Display Frame 6
245.6585 	EXP 	Display Frame 7
245.6918 	EXP 	Display Frame 8
245.7251 	EXP 	Display Frame 9
245.7586 	EXP 	Display Frame 0
245.7918 	EXP 	Display Frame 1
245.8251 	EXP 	Display Frame 2
245.8585 	EXP 	Display Frame 3
245.8917 	EXP 	Display Frame 4
245.9251 	EXP 	Display Frame 5
245.9586 	EXP 	Display Frame 6
245.9918 	EXP 	Display Frame 7
246.0252 	EXP 	Display Frame 8
246.0585 	EXP 	Display Frame 9
246.0919 	EXP 	Display Frame 0
246.1252 	EXP 	Display Frame 1
246.1586 	EXP 	Display Frame 2
246.1919 	EXP 	Display Frame 3
246.2253 	EXP 	Display Frame 4
246.2585 	EXP 	Display Frame 5
246.2918 	EXP 	Display Frame 6
246.3252 	EXP 	Display Frame 7
246.3586 	EXP 	Display Frame 8
246.3918 	EXP 	Display Frame 9
246.4253 	EXP 	Display Frame 0
246.4585 	EXP 	Display Frame 1
246.4918 	EXP 	Display Frame 2
246.5252 	EXP 	Display Frame 3
246.5585 	EXP 	Display Frame 4
246.5918 	EXP 	Display Frame 5
246.6251 	EXP 	Display Frame 6
246.6584 	EXP 	Display Frame 7
246.6918 	EXP 	Display Frame 8
246.7252 	EXP 	Display Frame 9
246.7585 	EXP 	Display Frame 0
246.7918 	EXP 	Display Frame 1
246.8252 	EXP 	Display Frame 2
246.8585 	EXP 	Display Frame 3
246.8918 	EXP 	Display Frame 4
246.9252 	EXP 	Display Frame 5
246.9585 	EXP 	Display Frame 6
246.9919 	EXP 	Display Frame 7
247.0251 	EXP 	Display Frame 8
247.0585 	EXP 	Display Frame 9
247.0918 	EXP 	Display Frame 0
247.1252 	EXP 	Display Frame 1
247.1585 	EXP 	Display Frame 2
247.1918 	EXP 	Display Frame 3
247.2252 	EXP 	Display Frame 4
247.2585 	EXP 	Display Frame 5
247.2918 	EXP 	Display Frame 6
247.3251 	EXP 	Display Frame 7
247.3584 	DATA 	Keypress: equal
247.3598 	EXP 	Display Frame 8
247.3918 	EXP 	Display Frame 9
247.4251 	EXP 	Display Frame 0
247.4586 	EXP 	Display Frame 1
247.4918 	EXP 	Display Frame 2
247.5253 	EXP 	Display Frame 3
247.5585 	EXP 	Display Frame 4
247.5918 	EXP 	Display Frame 5
247.6252 	EXP 	Display Frame 6
247.6587 	EXP 	Display Frame 7
247.6918 	EXP 	Display Frame 8
247.7252 	EXP 	Display Frame 9
247.7585 	EXP 	Display Frame 0
247.7919 	EXP 	Display Frame 1
247.8253 	EXP 	Display Frame 2
247.8585 	EXP 	Display Frame 3
247.8919 	EXP 	Display Frame 4
247.9251 	EXP 	Display Frame 5
247.9585 	EXP 	Display Frame 6
247.9918 	EXP 	Display Frame 7
248.0251 	EXP 	Display Frame 8
248.0585 	EXP 	Display Frame 9
248.0919 	EXP 	Display Frame 0
248.1252 	EXP 	Display Frame 1
248.1586 	EXP 	Display Frame 2
248.1918 	EXP 	Display Frame 3
248.2251 	EXP 	Display Frame 4
248.2585 	EXP 	Display Frame 5
248.2919 	EXP 	Display Frame 6
248.3251 	EXP 	Display Frame 7
248.3586 	EXP 	Display Frame 8
248.3919 	EXP 	Display Frame 9
248.4252 	EXP 	Display Frame 0
248.4586 	EXP 	Display Frame 1
248.4920 	EXP 	Display Frame 2
248.5251 	EXP 	Display Frame 3
248.5586 	EXP 	Display Frame 4
248.5918 	EXP 	Display Frame 5
248.6251 	EXP 	Display Frame 6
248.6585 	EXP 	Display Frame 7
248.6919 	EXP 	Display Frame 8
248.7252 	EXP 	Display Frame 9
248.7585 	EXP 	Display Frame 0
248.7918 	EXP 	Display Frame 1
248.8251 	EXP 	Display Frame 2
248.8585 	EXP 	Display Frame 3
248.8918 	EXP 	Display Frame 4
248.9252 	EXP 	Display Frame 5
248.9584 	EXP 	Display Frame 6
248.9919 	EXP 	Display Frame 7
249.0252 	EXP 	Display Frame 8
249.0586 	EXP 	Display Frame 9
249.0918 	EXP 	Display Frame 0
249.1253 	EXP 	Display Frame 1
249.1585 	EXP 	Display Frame 2
249.1919 	EXP 	Display Frame 3
249.2252 	EXP 	Display Frame 4
249.2585 	EXP 	Display Frame 5
249.2918 	EXP 	Display Frame 6
249.3252 	EXP 	Display Frame 7
249.3585 	EXP 	Display Frame 8
249.3919 	EXP 	Display Frame 9
249.4252 	EXP 	Display Frame 0
249.4584 	EXP 	Display Frame 1
249.4918 	EXP 	Display Frame 2
249.5251 	EXP 	Display Frame 3
249.5588 	EXP 	Display Frame 4
249.5918 	EXP 	Display Frame 5
249.6252 	EXP 	Display Frame 6
249.6585 	EXP 	Display Frame 7
249.6918 	EXP 	Display Frame 8
249.7252 	EXP 	Display Frame 9
249.7585 	EXP 	Display Frame 0
249.7918 	EXP 	Display Frame 1
249.8252 	EXP 	Display Frame 2
249.8585 	EXP 	Display Frame 3
249.8919 	EXP 	Display Frame 4
249.9252 	EXP 	Display Frame 5
249.9585 	EXP 	Display Frame 6
249.9918 	EXP 	Display Frame 7
250.0252 	EXP 	Display Frame 8
250.0585 	EXP 	Display Frame 9
250.0919 	EXP 	Display Frame 0
250.1252 	EXP 	Display Frame 1
250.1585 	EXP 	Display Frame 2
250.1918 	EXP 	Display Frame 3
250.2253 	EXP 	Display Frame 4
250.2585 	EXP 	Display Frame 5
250.2918 	EXP 	Display Frame 6
250.3252 	EXP 	Display Frame 7
250.3585 	EXP 	Display Frame 8
250.3918 	EXP 	Display Frame 9
250.4252 	EXP 	Display Frame 0
250.4585 	EXP 	Display Frame 1
250.4919 	EXP 	Display Frame 2
250.5251 	EXP 	Display Frame 3
250.5586 	EXP 	Display Frame 4
250.5918 	EXP 	Display Frame 5
250.6253 	EXP 	Display Frame 6
250.6585 	EXP 	Display Frame 7
250.6918 	EXP 	Display Frame 8
250.7251 	EXP 	Display Frame 9
250.7586 	EXP 	Display Frame 0
250.7918 	EXP 	Display Frame 1
250.8252 	EXP 	Display Frame 2
250.8585 	EXP 	Display Frame 3
250.8918 	EXP 	Display Frame 4
250.9252 	EXP 	Display Frame 5
250.9585 	EXP 	Display Frame 6
250.9918 	EXP 	Display Frame 7
251.0252 	EXP 	Display Frame 8
251.0586 	EXP 	Display Frame 9
251.0919 	EXP 	Display Frame 0
251.1253 	EXP 	Display Frame 1
251.1585 	EXP 	Display Frame 2
251.1919 	EXP 	Display Frame 3
251.2252 	EXP 	Display Frame 4
251.2585 	EXP 	Display Frame 5
251.2918 	EXP 	Display Frame 6
251.3252 	EXP 	Display Frame 7
251.3585 	EXP 	Display Frame 8
251.3918 	EXP 	Display Frame 9
251.4251 	EXP 	Display Frame 0
251.4586 	EXP 	Display Frame 1
251.4918 	EXP 	Display Frame 2
251.5253 	EXP 	Display Frame 3
251.5585 	EXP 	Display Frame 4
251.5918 	EXP 	Display Frame 5
251.6251 	EXP 	Display Frame 6
251.6585 	EXP 	Display Frame 7
251.6918 	EXP 	Display Frame 8
251.7252 	EXP 	Display Frame 9
251.7585 	EXP 	Display Frame 0
251.7919 	EXP 	Display Frame 1
251.8251 	EXP 	Display Frame 2
251.8585 	EXP 	Display Frame 3
251.8918 	EXP 	Display Frame 4
251.9252 	EXP 	Display Frame 5
251.9585 	EXP 	Display Frame 6
251.9918 	EXP 	Display Frame 7
252.0252 	EXP 	Display Frame 8
252.0585 	EXP 	Display Frame 9
252.0918 	EXP 	Display Frame 0
252.1252 	EXP 	Display Frame 1
252.1585 	EXP 	Display Frame 2
252.1918 	EXP 	Display Frame 3
252.2252 	EXP 	Display Frame 4
252.2585 	EXP 	Display Frame 5
252.2918 	EXP 	Display Frame 6
252.3252 	EXP 	Display Frame 7
252.3585 	EXP 	Display Frame 8
252.3919 	EXP 	Display Frame 9
252.4253 	EXP 	Display Frame 0
252.4585 	EXP 	Display Frame 1
252.4919 	EXP 	Display Frame 2
252.5251 	EXP 	Display Frame 3
252.5584 	DATA 	Keypress: equal
252.5599 	EXP 	Display Frame 4
252.5919 	EXP 	Display Frame 5
252.6253 	EXP 	Display Frame 6
252.6585 	EXP 	Display Frame 7
252.6922 	EXP 	Display Frame 8
252.7252 	EXP 	Display Frame 9
252.7585 	EXP 	Display Frame 0
252.7918 	EXP 	Display Frame 1
252.8251 	EXP 	Display Frame 2
252.8585 	EXP 	Display Frame 3
252.8918 	EXP 	Display Frame 4
252.9251 	EXP 	Display Frame 5
252.9585 	EXP 	Display Frame 6
252.9918 	EXP 	Display Frame 7
253.0251 	EXP 	Display Frame 8
253.0585 	EXP 	Display Frame 9
253.0918 	EXP 	Display Frame 0
253.1252 	EXP 	Display Frame 1
253.1585 	EXP 	Display Frame 2
253.1918 	EXP 	Display Frame 3
253.2252 	EXP 	Display Frame 4
253.2585 	EXP 	Display Frame 5
253.2918 	EXP 	Display Frame 6
253.3266 	EXP 	Display Frame 7
253.3585 	EXP 	Display Frame 8
253.3918 	EXP 	Display Frame 9
253.4251 	EXP 	Display Frame 0
253.4586 	EXP 	Display Frame 1
253.4918 	EXP 	Display Frame 2
253.5251 	EXP 	Display Frame 3
253.5585 	EXP 	Display Frame 4
253.5918 	EXP 	Display Frame 5
253.6252 	EXP 	Display Frame 6
253.6586 	EXP 	Display Frame 7
253.6918 	EXP 	Display Frame 8
253.7254 	EXP 	Display Frame 9
253.7585 	EXP 	Display Frame 0
253.7919 	EXP 	Display Frame 1
253.8252 	EXP 	Display Frame 2
253.8585 	EXP 	Display Frame 3
253.8918 	EXP 	Display Frame 4
253.9252 	EXP 	Display Frame 5
253.9585 	EXP 	Display Frame 6
253.9918 	EXP 	Display Frame 7
254.0251 	EXP 	Display Frame 8
254.0585 	EXP 	Display Frame 9
254.0918 	EXP 	Display Frame 0
254.1252 	EXP 	Display Frame 1
254.1601 	EXP 	Display Frame 2
254.1918 	EXP 	Display Frame 3
254.2252 	EXP 	Display Frame 4
254.2585 	EXP 	Display Frame 5
254.2918 	EXP 	Display Frame 6
254.3251 	EXP 	Display Frame 7
254.3585 	EXP 	Display Frame 8
254.3918 	EXP 	Display Frame 9
254.4253 	EXP 	Display Frame 0
254.4585 	EXP 	Display Frame 1
254.4919 	EXP 	Display Frame 2
254.5251 	EXP 	Display Frame 3
254.5586 	EXP 	Display Frame 4
254.5918 	EXP 	Display Frame 5
254.6253 	EXP 	Display Frame 6
254.6585 	EXP 	Display Frame 7
254.6918 	EXP 	Display Frame 8
254.7251 	EXP 	Display Frame 9
254.7585 	EXP 	Display Frame 0
254.7918 	EXP 	Display Frame 1
254.8251 	EXP 	Display Frame 2
254.8585 	EXP 	Display Frame 3
254.8919 	EXP 	Display Frame 4
254.9252 	EXP 	Display Frame 5
254.9586 	EXP 	Display Frame 6
254.9918 	EXP 	Display Frame 7
255.0251 	EXP 	Display Frame 8
255.0585 	EXP 	Display Frame 9
255.0918 	EXP 	Display Frame 0
255.1251 	EXP 	Display Frame 1
255.1585 	EXP 	Display Frame 2
255.1918 	EXP 	Display Frame 3
255.2251 	EXP 	Display Frame 4
255.2585 	EXP 	Display Frame 5
255.2918 	EXP 	Display Frame 6
255.3251 	EXP 	Display Frame 7
255.3585 	EXP 	Display Frame 8
255.3919 	EXP 	Display Frame 9
255.4251 	EXP 	Display Frame 0
255.4585 	EXP 	Display Frame 1
255.4918 	EXP 	Display Frame 2
255.5252 	EXP 	Display Frame 3
255.5584 	EXP 	Display Frame 4
255.5919 	EXP 	Display Frame 5
255.6252 	EXP 	Display Frame 6
255.6586 	EXP 	Display Frame 7
255.6918 	EXP 	Display Frame 8
255.7253 	EXP 	Display Frame 9
255.7585 	EXP 	Display Frame 0
255.7920 	EXP 	Display Frame 1
255.8252 	EXP 	Display Frame 2
255.8586 	EXP 	Display Frame 3
255.8919 	EXP 	Display Frame 4
255.9252 	EXP 	Display Frame 5
255.9586 	EXP 	Display Frame 6
255.9918 	EXP 	Display Frame 7
256.0252 	EXP 	Display Frame 8
256.0585 	EXP 	Display Frame 9
256.0919 	EXP 	Display Frame 0
256.1253 	EXP 	Display Frame 1
256.1585 	EXP 	Display Frame 2
256.1919 	EXP 	Display Frame 3
256.2252 	EXP 	Display Frame 4
256.2586 	EXP 	Display Frame 5
256.2919 	EXP 	Display Frame 6
256.3252 	EXP 	Display Frame 7
256.3585 	EXP 	Display Frame 8
256.3919 	EXP 	Display Frame 9
256.4252 	EXP 	Display Frame 0
256.4586 	EXP 	Display Frame 1
256.4919 	EXP 	Display Frame 2
256.5252 	EXP 	Display Frame 3
256.5585 	EXP 	Display Frame 4
256.5919 	EXP 	Display Frame 5
256.6253 	EXP 	Display Frame 6
256.6585 	EXP 	Display Frame 7
256.6918 	EXP 	Display Frame 8
256.7252 	EXP 	Display Frame 9
256.7586 	EXP 	Display Frame 0
256.7919 	EXP 	Display Frame 1
256.8254 	EXP 	Display Frame 2
256.8586 	EXP 	Display Frame 3
256.8919 	EXP 	Display Frame 4
256.9252 	EXP 	Display Frame 5
256.9585 	EXP 	Display Frame 6
256.9919 	EXP 	Display Frame 7
257.0253 	EXP 	Display Frame 8
257.0585 	EXP 	Display Frame 9
257.0918 	EXP 	Display Frame 0
257.1252 	EXP 	Display Frame 1
257.1587 	EXP 	Display Frame 2
257.1919 	EXP 	Display Frame 3
257.2253 	EXP 	Display Frame 4
257.2586 	EXP 	Display Frame 5
257.2920 	EXP 	Display Frame 6
257.3254 	EXP 	Display Frame 7
257.3585 	EXP 	Display Frame 8
257.3919 	EXP 	Display Frame 9
257.4252 	EXP 	Display Frame 0
257.4586 	EXP 	Display Frame 1
257.4919 	EXP 	Display Frame 2
257.5252 	EXP 	Display Frame 3
257.5585 	EXP 	Display Frame 4
257.5918 	EXP 	Display Frame 5
257.6252 	EXP 	Display Frame 6
257.6586 	EXP 	Display Frame 7
257.6918 	EXP 	Display Frame 8
257.7252 	EXP 	Display Frame 9
257.7263 	DATA 	Keypress: equal
257.7585 	EXP 	Display Frame 0
257.7919 	EXP 	Display Frame 1
257.8252 	EXP 	Display Frame 2
257.8586 	EXP 	Display Frame 3
257.8918 	EXP 	Display Frame 4
257.9253 	EXP 	Display Frame 5
257.9585 	EXP 	Display Frame 6
257.9920 	EXP 	Display Frame 7
258.0251 	EXP 	Display Frame 8
258.0586 	EXP 	Display Frame 9
258.0919 	EXP 	Display Frame 0
258.1252 	EXP 	Display Frame 1
258.1585 	EXP 	Display Frame 2
258.1918 	EXP 	Display Frame 3
258.2251 	EXP 	Display Frame 4
258.2585 	EXP 	Display Frame 5
258.2918 	EXP 	Display Frame 6
258.3252 	EXP 	Display Frame 7
258.3585 	EXP 	Display Frame 8
258.3918 	EXP 	Display Frame 9
258.4252 	EXP 	Display Frame 0
258.4584 	EXP 	Display Frame 1
258.4918 	EXP 	Display Frame 2
258.5253 	EXP 	Display Frame 3
258.5585 	EXP 	Display Frame 4
258.5918 	EXP 	Display Frame 5
258.6252 	EXP 	Display Frame 6
258.6585 	EXP 	Display Frame 7
258.6918 	EXP 	Display Frame 8
258.7252 	EXP 	Display Frame 9
258.7585 	EXP 	Display Frame 0
258.7918 	EXP 	Display Frame 1
258.8252 	EXP 	Display Frame 2
258.8585 	EXP 	Display Frame 3
258.8920 	EXP 	Display Frame 4
258.9252 	EXP 	Display Frame 5
258.9587 	EXP 	Display Frame 6
258.9919 	EXP 	Display Frame 7
259.0253 	EXP 	Display Frame 8
259.0585 	EXP 	Display Frame 9
259.0919 	EXP 	Display Frame 0
259.1252 	EXP 	Display Frame 1
259.1585 	EXP 	Display Frame 2
259.1919 	EXP 	Display Frame 3
259.2253 	EXP 	Display Frame 4
259.2586 	EXP 	Display Frame 5
259.2919 	EXP 	Display Frame 6
259.3253 	EXP 	Display Frame 7
259.3586 	EXP 	Display Frame 8
259.3919 	EXP 	Display Frame 9
259.4253 	EXP 	Display Frame 0
259.4586 	EXP 	Display Frame 1
259.4919 	EXP 	Display Frame 2
259.5252 	EXP 	Display Frame 3
259.5585 	EXP 	Display Frame 4
259.5920 	EXP 	Display Frame 5
259.6251 	EXP 	Display Frame 6
259.6585 	EXP 	Display Frame 7
259.6919 	EXP 	Display Frame 8
259.7252 	EXP 	Display Frame 9
259.7585 	EXP 	Display Frame 0
259.7919 	EXP 	Display Frame 1
259.8252 	EXP 	Display Frame 2
259.8587 	EXP 	Display Frame 3
259.8918 	EXP 	Display Frame 4
259.9252 	EXP 	Display Frame 5
259.9586 	EXP 	Display Frame 6
259.9920 	EXP 	Display Frame 7
260.0252 	EXP 	Display Frame 8
260.0586 	EXP 	Display Frame 9
260.0919 	EXP 	Display Frame 0
260.1252 	EXP 	Display Frame 1
260.1585 	EXP 	Display Frame 2
260.1919 	EXP 	Display Frame 3
260.2255 	EXP 	Display Frame 4
260.2586 	EXP 	Display Frame 5
260.2920 	EXP 	Display Frame 6
260.3252 	EXP 	Display Frame 7
260.3585 	EXP 	Display Frame 8
260.3918 	EXP 	Display Frame 9
260.4252 	EXP 	Display Frame 0
260.4585 	EXP 	Display Frame 1
260.4918 	EXP 	Display Frame 2
260.5251 	EXP 	Display Frame 3
260.5585 	EXP 	Display Frame 4
260.5918 	EXP 	Display Frame 5
260.6252 	EXP 	Display Frame 6
260.6585 	EXP 	Display Frame 7
260.6918 	EXP 	Display Frame 8
260.7252 	EXP 	Display Frame 9
260.7586 	EXP 	Display Frame 0
260.7919 	EXP 	Display Frame 1
260.8251 	EXP 	Display Frame 2
260.8584 	EXP 	Display Frame 3
260.8918 	EXP 	Display Frame 4
260.9252 	EXP 	Display Frame 5
260.9585 	EXP 	Display Frame 6
260.9918 	EXP 	Display Frame 7
261.0252 	EXP 	Display Frame 8
261.0585 	EXP 	Display Frame 9
261.0919 	EXP 	Display Frame 0
261.1252 	EXP 	Display Frame 1
261.1584 	EXP 	Display Frame 2
261.1918 	EXP 	Display Frame 3
261.2252 	EXP 	Display Frame 4
261.2585 	EXP 	Display Frame 5
261.2918 	EXP 	Display Frame 6
261.3252 	EXP 	Display Frame 7
261.3585 	EXP 	Display Frame 8
261.3918 	EXP 	Display Frame 9
261.4252 	EXP 	Display Frame 0
261.4585 	EXP 	Display Frame 1
261.4918 	EXP 	Display Frame 2
261.5251 	EXP 	Display Frame 3
261.5585 	EXP 	Display Frame 4
261.5918 	EXP 	Display Frame 5
261.6251 	EXP 	Display Frame 6
261.6584 	EXP 	Display Frame 7
261.6918 	EXP 	Display Frame 8
261.7252 	EXP 	Display Frame 9
261.7585 	EXP 	Display Frame 0
261.7919 	EXP 	Display Frame 1
261.8251 	EXP 	Display Frame 2
261.8585 	EXP 	Display Frame 3
261.8918 	EXP 	Display Frame 4
261.9253 	EXP 	Display Frame 5
261.9585 	EXP 	Display Frame 6
261.9918 	EXP 	Display Frame 7
262.0251 	EXP 	Display Frame 8
262.0586 	EXP 	Display Frame 9
262.0918 	EXP 	Display Frame 0
262.1253 	EXP 	Display Frame 1
262.1585 	EXP 	Display Frame 2
262.1919 	EXP 	Display Frame 3
262.2251 	EXP 	Display Frame 4
262.2586 	EXP 	Display Frame 5
262.2918 	EXP 	Display Frame 6
262.3251 	EXP 	Display Frame 7
262.3585 	EXP 	Display Frame 8
262.3918 	EXP 	Display Frame 9
262.4253 	EXP 	Display Frame 0
262.4585 	EXP 	Display Frame 1
262.4918 	EXP 	Display Frame 2
262.5251 	EXP 	Display Frame 3
262.5585 	EXP 	Display Frame 4
262.5919 	EXP 	Display Frame 5
262.6252 	EXP 	Display Frame 6
262.6585 	EXP 	Display Frame 7
262.6918 	EXP 	Display Frame 8
262.7251 	EXP 	Display Frame 9
262.7586 	EXP 	Display Frame 0
262.7918 	EXP 	Display Frame 1
262.8251 	EXP 	Display Frame 2
262.8585 	EXP 	Display Frame 3
262.8919 	EXP 	Display Frame 4
262.9252 	DATA 	Keypress: equal
262.9269 	EXP 	Display Frame 5
262.9293 	EXP 	Display Fixation
268.1122 	DATA 	Keypress: equal
273.3057 	DATA 	Keypress: equal
278.5004 	DATA 	Keypress: equal
283.6935 	DATA 	Keypress: equal
288.8874 	DATA 	Keypress: equal
294.0801 	DATA 	Keypress: equal
294.1153 	EXP 	Display Frame 1
294.1483 	EXP 	Display Frame 2
294.1816 	EXP 	Display Frame 3
294.2154 	EXP 	Display Frame 4
294.2483 	EXP 	Display Frame 5
294.2817 	EXP 	Display Frame 6
294.3166 	EXP 	Display Frame 7
294.3483 	EXP 	Display Frame 8
294.3816 	EXP 	Display Frame 9
294.4150 	EXP 	Display Frame 0
294.4481 	EXP 	Display Frame 1
294.4815 	EXP 	Display Frame 2
294.5149 	EXP 	Display Frame 3
294.5484 	EXP 	Display Frame 4
294.5815 	EXP 	Display Frame 5
294.6154 	EXP 	Display Frame 6
294.6482 	EXP 	Display Frame 7
294.6816 	EXP 	Display Frame 8
294.7149 	EXP 	Display Frame 9
294.7483 	EXP 	Display Frame 0
294.7815 	EXP 	Display Frame 1
294.8160 	EXP 	Display Frame 2
294.8482 	EXP 	Display Frame 3
294.8815 	EXP 	Display Frame 4
294.9148 	EXP 	Display Frame 5
294.9482 	EXP 	Display Frame 6
294.9816 	EXP 	Display Frame 7
295.0158 	EXP 	Display Frame 8
295.0482 	EXP 	Display Frame 9
295.0815 	EXP 	Display Frame 0
295.1148 	EXP 	Display Frame 1
295.1483 	EXP 	Display Frame 2
295.1816 	EXP 	Display Frame 3
295.2161 	EXP 	Display Frame 4
295.2487 	EXP 	Display Frame 5
295.2816 	EXP 	Display Frame 6
295.3149 	EXP 	Display Frame 7
295.3482 	EXP 	Display Frame 8
295.3816 	EXP 	Display Frame 9
295.4148 	EXP 	Display Frame 0
295.4482 	EXP 	Display Frame 1
295.4815 	EXP 	Display Frame 2
295.5149 	EXP 	Display Frame 3
295.5482 	EXP 	Display Frame 4
295.5815 	EXP 	Display Frame 5
295.6161 	EXP 	Display Frame 6
295.6482 	EXP 	Display Frame 7
295.6815 	EXP 	Display Frame 8
295.7149 	EXP 	Display Frame 9
295.7482 	EXP 	Display Frame 0
295.7815 	EXP 	Display Frame 1
295.8149 	EXP 	Display Frame 2
295.8482 	EXP 	Display Frame 3
295.8815 	EXP 	Display Frame 4
295.9149 	EXP 	Display Frame 5
295.9482 	EXP 	Display Frame 6
295.9817 	EXP 	Display Frame 7
296.0149 	EXP 	Display Frame 8
296.0482 	EXP 	Display Frame 9
296.0815 	EXP 	Display Frame 0
296.1148 	EXP 	Display Frame 1
296.1482 	EXP 	Display Frame 2
296.1815 	EXP 	Display Frame 3
296.2149 	EXP 	Display Frame 4
296.2482 	EXP 	Display Frame 5
296.2815 	EXP 	Display Frame 6
296.3149 	EXP 	Display Frame 7
296.3482 	EXP 	Display Frame 8
296.3815 	EXP 	Display Frame 9
296.4149 	EXP 	Display Frame 0
296.4482 	EXP 	Display Frame 1
296.4815 	EXP 	Display Frame 2
296.5149 	EXP 	Display Frame 3
296.5482 	EXP 	Display Frame 4
296.5815 	EXP 	Display Frame 5
296.6149 	EXP 	Display Frame 6
296.6482 	EXP 	Display Frame 7
296.6815 	EXP 	Display Frame 8
296.7149 	EXP 	Display Frame 9
296.7483 	EXP 	Display Frame 0
296.7816 	EXP 	Display Frame 1
296.8150 	EXP 	Display Frame 2
296.8482 	EXP 	Display Frame 3
296.8817 	EXP 	Display Frame 4
296.9148 	EXP 	Display Frame 5
296.9483 	EXP 	Display Frame 6
296.9815 	EXP 	Display Frame 7
297.0149 	EXP 	Display Frame 8
297.0483 	EXP 	Display Frame 9
297.0816 	EXP 	Display Frame 0
297.1149 	EXP 	Display Frame 1
297.1483 	EXP 	Display Frame 2
297.1816 	EXP 	Display Frame 3
297.2148 	EXP 	Display Frame 4
297.2482 	EXP 	Display Frame 5
297.2818 	EXP 	Display Frame 6
297.3149 	EXP 	Display Frame 7
297.3483 	EXP 	Display Frame 8
297.3816 	EXP 	Display Frame 9
297.4150 	EXP 	Display Frame 0
297.4483 	EXP 	Display Frame 1
297.4816 	EXP 	Display Frame 2
297.5152 	EXP 	Display Frame 3
297.5482 	EXP 	Display Frame 4
297.5815 	EXP 	Display Frame 5
297.6149 	EXP 	Display Frame 6
297.6483 	EXP 	Display Frame 7
297.6816 	EXP 	Display Frame 8
297.7149 	EXP 	Display Frame 9
297.7483 	EXP 	Display Frame 0
297.7816 	EXP 	Display Frame 1
297.8150 	EXP 	Display Frame 2
297.8482 	EXP 	Display Frame 3
297.8816 	EXP 	Display Frame 4
297.9150 	EXP 	Display Frame 5
297.9482 	EXP 	Display Frame 6
297.9816 	EXP 	Display Frame 7
298.0148 	EXP 	Display Frame 8
298.0482 	EXP 	Display Frame 9
298.0816 	EXP 	Display Frame 0
298.1148 	EXP 	Display Frame 1
298.1482 	EXP 	Display Frame 2
298.1816 	EXP 	Display Frame 3
298.2148 	EXP 	Display Frame 4
298.2482 	EXP 	Display Frame 5
298.2815 	EXP 	Display Frame 6
298.3150 	EXP 	Display Frame 7
298.3482 	EXP 	Display Frame 8
298.3815 	EXP 	Display Frame 9
298.4149 	EXP 	Display Frame 0
298.4485 	EXP 	Display Frame 1
298.4818 	EXP 	Display Frame 2
298.5151 	EXP 	Display Frame 3
298.5482 	EXP 	Display Frame 4
298.5819 	EXP 	Display Frame 5
298.6152 	EXP 	Display Frame 6
298.6483 	EXP 	Display Frame 7
298.6815 	EXP 	Display Frame 8
298.7149 	EXP 	Display Frame 9
298.7482 	EXP 	Display Frame 0
298.7815 	EXP 	Display Frame 1
298.8150 	EXP 	Display Frame 2
298.8482 	EXP 	Display Frame 3
298.8815 	EXP 	Display Frame 4
298.9149 	EXP 	Display Frame 5
298.9482 	EXP 	Display Frame 6
298.9815 	EXP 	Display Frame 7
299.0150 	EXP 	Display Frame 8
299.0482 	EXP 	Display Frame 9
299.0816 	EXP 	Display Frame 0
299.1148 	EXP 	Display Frame 1
299.1482 	EXP 	Display Frame 2
299.1815 	EXP 	Display Frame 3
299.2150 	EXP 	Display Frame 4
299.2482 	EXP 	Display Frame 5
299.2814 	DATA 	Keypress: equal
299.2828 	EXP 	Display Frame 6
299.3149 	EXP 	Display Frame 7
299.3483 	EXP 	Display Frame 8
299.3815 	EXP 	Display Frame 9
299.4149 	EXP 	Display Frame 0
299.4482 	EXP 	Display Frame 1
299.4816 	EXP 	Display Frame 2
299.5148 	EXP 	Display Frame 3
299.5482 	EXP 	Display Frame 4
299.5815 	EXP 	Display Frame 5
299.6163 	EXP 	Display Frame 6
299.6484 	EXP 	Display Frame 7
299.6815 	EXP 	Display Frame 8
299.7149 	EXP 	Display Frame 9
299.7482 	EXP 	Display Frame 0
299.7817 	EXP 	Display Frame 1
299.8163 	EXP 	Display Frame 2
299.8482 	EXP 	Display Frame 3
299.8815 	EXP 	Display Frame 4
299.9160 	EXP 	Display Frame 5
299.9482 	EXP 	Display Frame 6
299.9816 	EXP 	Display Frame 7
300.0149 	EXP 	Display Frame 8
300.0484 	EXP 	Display Frame 9
300.0816 	EXP 	Display Frame 0
300.1148 	EXP 	Display Frame 1
300.1482 	EXP 	Display Frame 2
300.1816 	EXP 	Display Frame 3
300.2149 	EXP 	Display Frame 4
300.2482 	EXP 	Display Frame 5
300.2816 	EXP 	Display Frame 6
300.3150 	EXP 	Display Frame 7
300.3482 	EXP 	Display Frame 8
300.3816 	EXP 	Display Frame 9
300.4149 	EXP 	Display Frame 0
300.4482 	EXP 	Display Frame 1
300.4815 	EXP 	Display Frame 2
300.5149 	EXP 	Display Frame 3
300.5482 	EXP 	Display Frame 4
300.5815 	EXP 	Display Frame 5
300.6149 	EXP 	Display Frame 6
300.6482 	EXP 	Display Frame 7
300.6815 	EXP 	Display Frame 8
300.7149 	EXP 	Display Frame 9
300.7482 	EXP 	Display Frame 0
300.7816 	EXP 	Display Frame 1
300.8149 	EXP 	Display Frame 2
300.8482 	EXP 	Display Frame 3
300.8815 	EXP 	Display Frame 4
300.9149 	EXP 	Display Frame 5
300.9482 	EXP 	Display Frame 6
300.9815 	EXP 	Display Frame 7
301.0150 	EXP 	Display Frame 8
301.0482 	EXP 	Display Frame 9
301.0815 	EXP 	Display Frame 0
301.1148 	EXP 	Display Frame 1
301.1489 	EXP 	Display Frame 2
301.1817 	EXP 	Display Frame 3
301.2149 	EXP 	Display Frame 4
301.2483 	EXP 	Display Frame 5
301.2815 	EXP 	Display Frame 6
301.3148 	EXP 	Display Frame 7
301.3482 	EXP 	Display Frame 8
301.3816 	EXP 	Display Frame 9
301.4150 	EXP 	Display Frame 0
301.4498 	EXP 	Display Frame 1
301.4816 	EXP 	Display Frame 2
301.5149 	EXP 	Display Frame 3
301.5484 	EXP 	Display Frame 4
301.5816 	EXP 	Display Frame 5
301.6150 	EXP 	Display Frame 6
301.6482 	EXP 	Display Frame 7
301.6815 	EXP 	Display Frame 8
301.7149 	EXP 	Display Frame 9
301.7482 	EXP 	Display Frame 0
301.7815 	EXP 	Display Frame 1
301.8148 	EXP 	Display Frame 2
301.8482 	EXP 	Display Frame 3
301.8816 	EXP 	Display Frame 4
301.9148 	EXP 	Display Frame 5
301.9482 	EXP 	Display Frame 6
301.9815 	EXP 	Display Frame 7
302.0148 	EXP 	Display Frame 8
302.0482 	EXP 	Display Frame 9
302.0815 	EXP 	Display Frame 0
302.1148 	EXP 	Display Frame 1
302.1482 	EXP 	Display Frame 2
302.1816 	EXP 	Display Frame 3
302.2149 	EXP 	Display Frame 4
302.2482 	EXP 	Display Frame 5
302.2816 	EXP 	Display Frame 6
302.3150 	EXP 	Display Frame 7
302.3482 	EXP 	Display Frame 8
302.3815 	EXP 	Display Frame 9
302.4151 	EXP 	Display Frame 0
302.4482 	EXP 	Display Frame 1
302.4815 	EXP 	Display Frame 2
302.5149 	EXP 	Display Frame 3
302.5482 	EXP 	Display Frame 4
302.5815 	EXP 	Display Frame 5
302.6149 	EXP 	Display Frame 6
302.6482 	EXP 	Display Frame 7
302.6815 	EXP 	Display Frame 8
302.7149 	EXP 	Display Frame 9
302.7482 	EXP 	Display Frame 0
302.7816 	EXP 	Display Frame 1
302.8149 	EXP 	Display Frame 2
302.8482 	EXP 	Display Frame 3
302.8816 	EXP 	Display Frame 4
302.9151 	EXP 	Display Frame 5
302.9482 	EXP 	Display Frame 6
302.9815 	EXP 	Display Frame 7
303.0149 	EXP 	Display Frame 8
303.0483 	EXP 	Display Frame 9
303.0815 	EXP 	Display Frame 0
303.1148 	EXP 	Display Frame 1
303.1484 	EXP 	Display Frame 2
303.1815 	EXP 	Display Frame 3
303.2149 	EXP 	Display Frame 4
303.2482 	EXP 	Display Frame 5
303.2816 	EXP 	Display Frame 6
303.3149 	EXP 	Display Frame 7
303.3482 	EXP 	Display Frame 8
303.3815 	EXP 	Display Frame 9
303.4150 	EXP 	Display Frame 0
303.4482 	EXP 	Display Frame 1
303.4816 	EXP 	Display Frame 2
303.5149 	EXP 	Display Frame 3
303.5482 	EXP 	Display Frame 4
303.5815 	EXP 	Display Frame 5
303.6150 	EXP 	Display Frame 6
303.6482 	EXP 	Display Frame 7
303.6815 	EXP 	Display Frame 8
303.7149 	EXP 	Display Frame 9
303.7484 	EXP 	Display Frame 0
303.7816 	EXP 	Display Frame 1
303.8149 	EXP 	Display Frame 2
303.8482 	EXP 	Display Frame 3
303.8815 	EXP 	Display Frame 4
303.9149 	EXP 	Display Frame 5
303.9482 	EXP 	Display Frame 6
303.9815 	EXP 	Display Frame 7
304.0149 	EXP 	Display Frame 8
304.0482 	EXP 	Display Frame 9
304.0815 	EXP 	Display Frame 0
304.1148 	EXP 	Display Frame 1
304.1482 	EXP 	Display Frame 2
304.1827 	EXP 	Display Frame 3
304.2149 	EXP 	Display Frame 4
304.2483 	EXP 	Display Frame 5
304.2816 	EXP 	Display Frame 6
304.3149 	EXP 	Display Frame 7
304.3482 	EXP 	Display Frame 8
304.3815 	EXP 	Display Frame 9
304.4148 	EXP 	Display Frame 0
304.4483 	EXP 	Display Frame 1
304.4814 	DATA 	Keypress: equal
304.4829 	EXP 	Display Frame 2
304.5150 	EXP 	Display Frame 3
304.5483 	EXP 	Display Frame 4
304.5816 	EXP 	Display Frame 5
304.6149 	EXP 	Display Frame 6
304.6483 	EXP 	Display Frame 7
304.6815 	EXP 	Display Frame 8
304.7152 	EXP 	Display Frame 9
304.7482 	EXP 	Display Frame 0
304.7815 	EXP 	Display Frame 1
304.8149 	EXP 	Display Frame 2
304.8483 	EXP 	Display Frame 3
304.8815 	EXP 	Display Frame 4
304.9149 	EXP 	Display Frame 5
304.9482 	EXP 	Display Frame 6
304.9815 	EXP 	Display Frame 7
305.0149 	EXP 	Display Frame 8
305.0482 	EXP 	Display Frame 9
305.0815 	EXP 	Display Frame 0
305.1148 	EXP 	Display Frame 1
305.1482 	EXP 	Display Frame 2
305.1816 	EXP 	Display Frame 3
305.2149 	EXP 	Display Frame 4
305.2482 	EXP 	Display Frame 5
305.2815 	EXP 	Display Frame 6
305.3149 	EXP 	Display Frame 7
305.3482 	EXP 	Display Frame 8
305.3816 	EXP 	Display Frame 9
305.4148 	EXP 	Display Frame 0
305.4482 	EXP 	Display Frame 1
305.4816 	EXP 	Display Frame 2
305.5149 	EXP 	Display Frame 3
305.5483 	EXP 	Display Frame 4
305.5816 	EXP 	Display Frame 5
305.6150 	EXP 	Display Frame 6
305.6482 	EXP 	Display Frame 7
305.6815 	EXP 	Display Frame 8
305.7149 	EXP 	Display Frame 9
305.7482 	EXP 	Display Frame 0
305.7815 	EXP 	Display Frame 1
305.8150 	EXP 	Display Frame 2
305.8482 	EXP 	Display Frame 3
305.8815 	EXP 	Display Frame 4
305.9148 	EXP 	Display Frame 5
305.9482 	EXP 	Display Frame 6
305.9815 	EXP 	Display Frame 7
306.0149 	EXP 	Display Frame 8
306.0482 	EXP 	Display Frame 9
306.0815 	EXP 	Display Frame 0
306.1149 	EXP 	Display Frame 1
306.1482 	EXP 	Display Frame 2
306.1815 	EXP 	Display Frame 3
306.2149 	EXP 	Display Frame 4
306.2482 	EXP 	Display Frame 5
306.2815 	EXP 	Display Frame 6
306.3149 	EXP 	Display Frame 7
306.3482 	EXP 	Display Frame 8
306.3815 	EXP 	Display Frame 9
306.4149 	EXP 	Display Frame 0
306.4482 	EXP 	Display Frame 1
306.4816 	EXP 	Display Frame 2
306.5149 	EXP 	Display Frame 3
306.5482 	EXP 	Display Frame 4
306.5816 	EXP 	Display Frame 5
306.6149 	EXP 	Display Frame 6
306.6483 	EXP 	Display Frame 7
306.6815 	EXP 	Display Frame 8
306.7148 	EXP 	Display Frame 9
306.7482 	EXP 	Display Frame 0
306.7817 	EXP 	Display Frame 1
306.8149 	EXP 	Display Frame 2
306.8482 	EXP 	Display Frame 3
306.8816 	EXP 	Display Frame 4
306.9149 	EXP 	Display Frame 5
306.9481 	EXP 	Display Frame 6
306.9815 	EXP 	Display Frame 7
307.0149 	EXP 	Display Frame 8
307.0483 	EXP 	Display Frame 9
307.0815 	EXP 	Display Frame 0
307.1148 	EXP 	Display Frame 1
307.1482 	EXP 	Display Frame 2
307.1815 	EXP 	Display Frame 3
307.2149 	EXP 	Display Frame 4
307.2483 	EXP 	Display Frame 5
307.2815 	EXP 	Display Frame 6
307.3149 	EXP 	Display Frame 7
307.3483 	EXP 	Display Frame 8
307.3816 	EXP 	Display Frame 9
307.4150 	EXP 	Display Frame 0
307.4482 	EXP 	Display Frame 1
307.4815 	EXP 	Display Frame 2
307.5149 	EXP 	Display Frame 3
307.5483 	EXP 	Display Frame 4
307.5816 	EXP 	Display Frame 5
307.6150 	EXP 	Display Frame 6
307.6482 	EXP 	Display Frame 7
307.6816 	EXP 	Display Frame 8
307.7149 	EXP 	Display Frame 9
307.7483 	EXP 	Display Frame 0
307.7815 	EXP 	Display Frame 1
307.8149 	EXP 	Display Frame 2
307.8482 	EXP 	Display Frame 3
307.8817 	EXP 	Display Frame 4
307.9150 	EXP 	Display Frame 5
307.9482 	EXP 	Display Frame 6
307.9816 	EXP 	Display Frame 7
308.0150 	EXP 	Display Frame 8
308.0482 	EXP 	Display Frame 9
308.0819 	EXP 	Display Frame 0
308.1148 	EXP 	Display Frame 1
308.1482 	EXP 	Display Frame 2
308.1815 	EXP 	Display Frame 3
308.2152 	EXP 	Display Frame 4
308.2482 	EXP 	Display Frame 5
308.2815 	EXP 	Display Frame 6
308.3149 	EXP 	Display Frame 7
308.3482 	EXP 	Display Frame 8
308.3815 	EXP 	Display Frame 9
308.4149 	EXP 	Display Frame 0
308.4483 	EXP 	Display Frame 1
308.4816 	EXP 	Display Frame 2
308.5150 	EXP 	Display Frame 3
308.5482 	EXP 	Display Frame 4
308.5816 	EXP 	Display Frame 5
308.6149 	EXP 	Display Frame 6
308.6494 	EXP 	Display Frame 7
308.6816 	EXP 	Display Frame 8
308.7150 	EXP 	Display Frame 9
308.7482 	EXP 	Display Frame 0
308.7817 	EXP 	Display Frame 1
308.8148 	EXP 	Display Frame 2
308.8485 	EXP 	Display Frame 3
308.8816 	EXP 	Display Frame 4
308.9149 	EXP 	Display Frame 5
308.9482 	EXP 	Display Frame 6
308.9815 	EXP 	Display Frame 7
309.0149 	EXP 	Display Frame 8
309.0482 	EXP 	Display Frame 9
309.0815 	EXP 	Display Frame 0
309.1148 	EXP 	Display Frame 1
309.1482 	EXP 	Display Frame 2
309.1816 	EXP 	Display Frame 3
309.2149 	EXP 	Display Frame 4
309.2482 	EXP 	Display Frame 5
309.2816 	EXP 	Display Frame 6
309.3149 	EXP 	Display Frame 7
309.3482 	EXP 	Display Frame 8
309.3816 	EXP 	Display Frame 9
309.4149 	EXP 	Display Frame 0
309.4482 	EXP 	Display Frame 1
309.4817 	EXP 	Display Frame 2
309.5151 	EXP 	Display Frame 3
309.5483 	EXP 	Display Frame 4
309.5815 	EXP 	Display Frame 5
309.6150 	EXP 	Display Frame 6
309.6482 	EXP 	Display Frame 7
309.6814 	DATA 	Keypress: equal
309.6830 	EXP 	Display Frame 8
309.7148 	EXP 	Display Frame 9
309.7482 	EXP 	Display Frame 0
309.7816 	EXP 	Display Frame 1
309.8150 	EXP 	Display Frame 2
309.8482 	EXP 	Display Frame 3
309.8817 	EXP 	Display Frame 4
309.9149 	EXP 	Display Frame 5
309.9482 	EXP 	Display Frame 6
309.9815 	EXP 	Display Frame 7
310.0150 	EXP 	Display Frame 8
310.0483 	EXP 	Display Frame 9
310.0816 	EXP 	Display Frame 0
310.1148 	EXP 	Display Frame 1
310.1483 	EXP 	Display Frame 2
310.1816 	EXP 	Display Frame 3
310.2149 	EXP 	Display Frame 4
310.2482 	EXP 	Display Frame 5
310.2816 	EXP 	Display Frame 6
310.3149 	EXP 	Display Frame 7
310.3482 	EXP 	Display Frame 8
310.3815 	EXP 	Display Frame 9
310.4149 	EXP 	Display Frame 0
310.4482 	EXP 	Display Frame 1
310.4815 	EXP 	Display Frame 2
310.5149 	EXP 	Display Frame 3
310.5482 	EXP 	Display Frame 4
310.5815 	EXP 	Display Frame 5
310.6148 	EXP 	Display Frame 6
310.6482 	EXP 	Display Frame 7
310.6815 	EXP 	Display Frame 8
310.7150 	EXP 	Display Frame 9
310.7482 	EXP 	Display Frame 0
310.7815 	EXP 	Display Frame 1
310.8149 	EXP 	Display Frame 2
310.8483 	EXP 	Display Frame 3
310.8816 	EXP 	Display Frame 4
310.9150 	EXP 	Display Frame 5
310.9482 	EXP 	Display Frame 6
310.9816 	EXP 	Display Frame 7
311.0147 	EXP 	Display Frame 8
311.0484 	EXP 	Display Frame 9
311.0815 	EXP 	Display Frame 0
311.1148 	EXP 	Display Frame 1
311.1482 	EXP 	Display Frame 2
311.1817 	EXP 	Display Frame 3
311.2149 	EXP 	Display Frame 4
311.2482 	EXP 	Display Frame 5
311.2816 	EXP 	Display Frame 6
311.3148 	EXP 	Display Frame 7
311.3482 	EXP 	Display Frame 8
311.3815 	EXP 	Display Frame 9
311.4148 	EXP 	Display Frame 0
311.4482 	EXP 	Display Frame 1
311.4817 	EXP 	Display Frame 2
311.5148 	EXP 	Display Frame 3
311.5482 	EXP 	Display Frame 4
311.5816 	EXP 	Display Frame 5
311.6150 	EXP 	Display Frame 6
311.6482 	EXP 	Display Frame 7
311.6815 	EXP 	Display Frame 8
311.7149 	EXP 	Display Frame 9
311.7483 	EXP 	Display Frame 0
311.7816 	EXP 	Display Frame 1
311.8149 	EXP 	Display Frame 2
311.8483 	EXP 	Display Frame 3
311.8816 	EXP 	Display Frame 4
311.9149 	EXP 	Display Frame 5
311.9483 	EXP 	Display Frame 6
311.9816 	EXP 	Display Frame 7
312.0150 	EXP 	Display Frame 8
312.0483 	EXP 	Display Frame 9
312.0816 	EXP 	Display Frame 0
312.1150 	EXP 	Display Frame 1
312.1482 	EXP 	Display Frame 2
312.1816 	EXP 	Display Frame 3
312.2151 	EXP 	Display Frame 4
312.2483 	EXP 	Display Frame 5
312.2817 	EXP 	Display Frame 6
312.3150 	EXP 	Display Frame 7
312.3484 	EXP 	Display Frame 8
312.3817 	EXP 	Display Frame 9
312.4149 	EXP 	Display Frame 0
312.4483 	EXP 	Display Frame 1
312.4816 	EXP 	Display Frame 2
312.5149 	EXP 	Display Frame 3
312.5485 	EXP 	Display Frame 4
312.5816 	EXP 	Display Frame 5
312.6149 	EXP 	Display Frame 6
312.6483 	EXP 	Display Frame 7
312.6816 	EXP 	Display Frame 8
312.7150 	EXP 	Display Frame 9
312.7483 	EXP 	Display Frame 0
312.7817 	EXP 	Display Frame 1
312.8149 	EXP 	Display Frame 2
312.8483 	EXP 	Display Frame 3
312.8816 	EXP 	Display Frame 4
312.9149 	EXP 	Display Frame 5
312.9483 	EXP 	Display Frame 6
312.9817 	EXP 	Display Frame 7
313.0150 	EXP 	Display Frame 8
313.0481 	EXP 	Display Frame 9
313.0816 	EXP 	Display Frame 0
313.1149 	EXP 	Display Frame 1
313.1483 	EXP 	Display Frame 2
313.1818 	EXP 	Display Frame 3
313.2150 	EXP 	Display Frame 4
313.2484 	EXP 	Display Frame 5
313.2816 	EXP 	Display Frame 6
313.3150 	EXP 	Display Frame 7
313.3482 	EXP 	Display Frame 8
313.3817 	EXP 	Display Frame 9
313.4149 	EXP 	Display Frame 0
313.4483 	EXP 	Display Frame 1
313.4815 	EXP 	Display Frame 2
313.5149 	EXP 	Display Frame 3
313.5485 	EXP 	Display Frame 4
313.5816 	EXP 	Display Frame 5
313.6148 	EXP 	Display Frame 6
313.6483 	EXP 	Display Frame 7
313.6816 	EXP 	Display Frame 8
313.7149 	EXP 	Display Frame 9
313.7482 	EXP 	Display Frame 0
313.7816 	EXP 	Display Frame 1
313.8149 	EXP 	Display Frame 2
313.8482 	EXP 	Display Frame 3
313.8816 	EXP 	Display Frame 4
313.9149 	EXP 	Display Frame 5
313.9483 	EXP 	Display Frame 6
313.9816 	EXP 	Display Frame 7
314.0150 	EXP 	Display Frame 8
314.0483 	EXP 	Display Frame 9
314.0816 	EXP 	Display Frame 0
314.1149 	EXP 	Display Frame 1
314.1483 	EXP 	Display Frame 2
314.1816 	EXP 	Display Frame 3
314.2150 	EXP 	Display Frame 4
314.2483 	EXP 	Display Frame 5
314.2817 	EXP 	Display Frame 6
314.3150 	EXP 	Display Frame 7
314.3483 	EXP 	Display Frame 8
314.3816 	EXP 	Display Frame 9
314.4149 	EXP 	Display Frame 0
314.4483 	EXP 	Display Frame 1
314.4816 	EXP 	Display Frame 2
314.5150 	EXP 	Display Frame 3
314.5483 	EXP 	Display Frame 4
314.5816 	EXP 	Display Frame 5
314.6151 	EXP 	Display Frame 6
314.6482 	EXP 	Display Frame 7
314.6817 	EXP 	Display Frame 8
314.7150 	EXP 	Display Frame 9
314.7483 	EXP 	Display Frame 0
314.7816 	EXP 	Display Frame 1
314.8149 	EXP 	Display Frame 2
314.8483 	EXP 	Display Frame 3
314.8814 	DATA 	Keypress: equal
314.8829 	EXP 	Display Frame 4
314.9149 	EXP 	Display Frame 5
314.9484 	EXP 	Display Frame 6
314.9817 	EXP 	Display Frame 7
315.0151 	EXP 	Display Frame 8
315.0482 	EXP 	Display Frame 9
315.0816 	EXP 	Display Frame 0
315.1148 	EXP 	Display Frame 1
315.1483 	EXP 	Display Frame 2
315.1815 	EXP 	Display Frame 3
315.2149 	EXP 	Display Frame 4
315.2482 	EXP 	Display Frame 5
315.2815 	EXP 	Display Frame 6
315.3150 	EXP 	Display Frame 7
315.3482 	EXP 	Display Frame 8
315.3815 	EXP 	Display Frame 9
315.4149 	EXP 	Display Frame 0
315.4483 	EXP 	Display Frame 1
315.4816 	EXP 	Display Frame 2
315.5149 	EXP 	Display Frame 3
315.5483 	EXP 	Display Frame 4
315.5815 	EXP 	Display Frame 5
315.6149 	EXP 	Display Frame 6
315.6482 	EXP 	Display Frame 7
315.6815 	EXP 	Display Frame 8
315.7149 	EXP 	Display Frame 9
315.7483 	EXP 	Display Frame 0
315.7815 	EXP 	Display Frame 1
315.8149 	EXP 	Display Frame 2
315.8482 	EXP 	Display Frame 3
315.8815 	EXP 	Display Frame 4
315.9149 	EXP 	Display Frame 5
315.9482 	EXP 	Display Frame 6
315.9815 	EXP 	Display Frame 7
316.0149 	EXP 	Display Frame 8
316.0482 	EXP 	Display Frame 9
316.0816 	EXP 	Display Frame 0
316.1149 	EXP 	Display Frame 1
316.1482 	EXP 	Display Frame 2
316.1816 	EXP 	Display Frame 3
316.2149 	EXP 	Display Frame 4
316.2482 	EXP 	Display Frame 5
316.2815 	EXP 	Display Frame 6
316.3149 	EXP 	Display Frame 7
316.3484 	EXP 	Display Frame 8
316.3815 	EXP 	Display Frame 9
316.4151 	EXP 	Display Frame 0
316.4482 	EXP 	Display Frame 1
316.4816 	EXP 	Display Frame 2
316.5149 	EXP 	Display Frame 3
316.5482 	EXP 	Display Frame 4
316.5815 	EXP 	Display Frame 5
316.6149 	EXP 	Display Frame 6
316.6482 	EXP 	Display Frame 7
316.6815 	EXP 	Display Frame 8
316.7149 	EXP 	Display Frame 9
316.7482 	EXP 	Display Frame 0
316.7815 	EXP 	Display Frame 1
316.8149 	EXP 	Display Frame 2
316.8482 	EXP 	Display Frame 3
316.8815 	EXP 	Display Frame 4
316.9149 	EXP 	Display Frame 5
316.9482 	EXP 	Display Frame 6
316.9817 	EXP 	Display Frame 7
317.0149 	EXP 	Display Frame 8
317.0482 	EXP 	Display Frame 9
317.0816 	EXP 	Display Frame 0
317.1148 	EXP 	Display Frame 1
317.1482 	EXP 	Display Frame 2
317.1816 	EXP 	Display Frame 3
317.2149 	EXP 	Display Frame 4
317.2483 	EXP 	Display Frame 5
317.2815 	EXP 	Display Frame 6
317.3150 	EXP 	Display Frame 7
317.3482 	EXP 	Display Frame 8
317.3815 	EXP 	Display Frame 9
317.4149 	EXP 	Display Frame 0
317.4483 	EXP 	Display Frame 1
317.4815 	EXP 	Display Frame 2
317.5150 	EXP 	Display Frame 3
317.5482 	EXP 	Display Frame 4
317.5815 	EXP 	Display Frame 5
317.6149 	EXP 	Display Frame 6
317.6482 	EXP 	Display Frame 7
317.6815 	EXP 	Display Frame 8
317.7150 	EXP 	Display Frame 9
317.7482 	EXP 	Display Frame 0
317.7816 	EXP 	Display Frame 1
317.8149 	EXP 	Display Frame 2
317.8482 	EXP 	Display Frame 3
317.8815 	EXP 	Display Frame 4
317.9149 	EXP 	Display Frame 5
317.9482 	EXP 	Display Frame 6
317.9816 	EXP 	Display Frame 7
318.0149 	EXP 	Display Frame 8
318.0482 	EXP 	Display Frame 9
318.0815 	EXP 	Display Frame 0
318.1150 	EXP 	Display Frame 1
318.1482 	EXP 	Display Frame 2
318.1815 	EXP 	Display Frame 3
318.2149 	EXP 	Display Frame 4
318.2482 	EXP 	Display Frame 5
318.2816 	EXP 	Display Frame 6
318.3149 	EXP 	Display Frame 7
318.3483 	EXP 	Display Frame 8
318.3815 	EXP 	Display Frame 9
318.4148 	EXP 	Display Frame 0
318.4482 	EXP 	Display Frame 1
318.4816 	EXP 	Display Frame 2
318.5148 	EXP 	Display Frame 3
318.5482 	EXP 	Display Frame 4
318.5816 	EXP 	Display Frame 5
318.6149 	EXP 	Display Frame 6
318.6481 	EXP 	Display Frame 7
318.6815 	EXP 	Display Frame 8
318.7148 	EXP 	Display Frame 9
318.7483 	EXP 	Display Frame 0
318.7815 	EXP 	Display Frame 1
318.8152 	EXP 	Display Frame 2
318.8483 	EXP 	Display Frame 3
318.8815 	EXP 	Display Frame 4
318.9149 	EXP 	Display Frame 5
318.9482 	EXP 	Display Frame 6
318.9816 	EXP 	Display Frame 7
319.0149 	EXP 	Display Frame 8
319.0482 	EXP 	Display Frame 9
319.0815 	EXP 	Display Frame 0
319.1148 	EXP 	Display Frame 1
319.1482 	EXP 	Display Frame 2
319.1816 	EXP 	Display Frame 3
319.2149 	EXP 	Display Frame 4
319.2483 	EXP 	Display Frame 5
319.2816 	EXP 	Display Frame 6
319.3149 	EXP 	Display Frame 7
319.3482 	EXP 	Display Frame 8
319.3817 	EXP 	Display Frame 9
319.4149 	EXP 	Display Frame 0
319.4482 	EXP 	Display Frame 1
319.4815 	EXP 	Display Frame 2
319.5149 	EXP 	Display Frame 3
319.5482 	EXP 	Display Frame 4
319.5817 	EXP 	Display Frame 5
319.6149 	EXP 	Display Frame 6
319.6482 	EXP 	Display Frame 7
319.6816 	EXP 	Display Frame 8
319.7168 	EXP 	Display Frame 9
319.7482 	EXP 	Display Frame 0
319.7815 	EXP 	Display Frame 1
319.8149 	EXP 	Display Frame 2
319.8482 	EXP 	Display Frame 3
319.8815 	EXP 	Display Frame 4
319.9150 	EXP 	Display Frame 5
319.9482 	EXP 	Display Frame 6
319.9815 	EXP 	Display Frame 7
320.0149 	EXP 	Display Frame 8
320.0482 	EXP 	Display Frame 9
320.0491 	DATA 	Keypress: equal
320.0815 	EXP 	Display Frame 0
320.1148 	EXP 	Display Frame 1
320.1482 	EXP 	Display Frame 2
320.1816 	EXP 	Display Frame 3
320.2149 	EXP 	Display Frame 4
320.2482 	EXP 	Display Frame 5
320.2816 	EXP 	Display Frame 6
320.3149 	EXP 	Display Frame 7
320.3482 	EXP 	Display Frame 8
320.3815 	EXP 	Display Frame 9
320.4149 	EXP 	Display Frame 0
320.4482 	EXP 	Display Frame 1
320.4816 	EXP 	Display Frame 2
320.5149 	EXP 	Display Frame 3
320.5482 	EXP 	Display Frame 4
320.5815 	EXP 	Display Frame 5
320.6148 	EXP 	Display Frame 6
320.6482 	EXP 	Display Frame 7
320.6815 	EXP 	Display Frame 8
320.7149 	EXP 	Display Frame 9
320.7483 	EXP 	Display Frame 0
320.7817 	EXP 	Display Frame 1
320.8149 	EXP 	Display Frame 2
320.8482 	EXP 	Display Frame 3
320.8815 	EXP 	Display Frame 4
320.9149 	EXP 	Display Frame 5
320.9483 	EXP 	Display Frame 6
320.9816 	EXP 	Display Frame 7
321.0149 	EXP 	Display Frame 8
321.0483 	EXP 	Display Frame 9
321.0816 	EXP 	Display Frame 0
321.1148 	EXP 	Display Frame 1
321.1482 	EXP 	Display Frame 2
321.1815 	EXP 	Display Frame 3
321.2148 	EXP 	Display Frame 4
321.2483 	EXP 	Display Frame 5
321.2816 	EXP 	Display Frame 6
321.3150 	EXP 	Display Frame 7
321.3482 	EXP 	Display Frame 8
321.3817 	EXP 	Display Frame 9
321.4149 	EXP 	Display Frame 0
321.4483 	EXP 	Display Frame 1
321.4815 	EXP 	Display Frame 2
321.5149 	EXP 	Display Frame 3
321.5482 	EXP 	Display Frame 4
321.5816 	EXP 	Display Frame 5
321.6149 	EXP 	Display Frame 6
321.6482 	EXP 	Display Frame 7
321.6815 	EXP 	Display Frame 8
321.7149 	EXP 	Display Frame 9
321.7482 	EXP 	Display Frame 0
321.7817 	EXP 	Display Frame 1
321.8149 	EXP 	Display Frame 2
321.8482 	EXP 	Display Frame 3
321.8815 	EXP 	Display Frame 4
321.9152 	EXP 	Display Frame 5
321.9483 	EXP 	Display Frame 6
321.9816 	EXP 	Display Frame 7
322.0150 	EXP 	Display Frame 8
322.0482 	EXP 	Display Frame 9
322.0816 	EXP 	Display Frame 0
322.1149 	EXP 	Display Frame 1
322.1482 	EXP 	Display Frame 2
322.1815 	EXP 	Display Frame 3
322.2149 	EXP 	Display Frame 4
322.2482 	EXP 	Display Frame 5
322.2815 	EXP 	Display Frame 6
322.3149 	EXP 	Display Frame 7
322.3482 	EXP 	Display Frame 8
322.3815 	EXP 	Display Frame 9
322.4152 	EXP 	Display Frame 0
322.4482 	EXP 	Display Frame 1
322.4815 	EXP 	Display Frame 2
322.5148 	EXP 	Display Frame 3
322.5482 	EXP 	Display Frame 4
322.5815 	EXP 	Display Frame 5
322.6150 	EXP 	Display Frame 6
322.6482 	EXP 	Display Frame 7
322.6815 	EXP 	Display Frame 8
322.7149 	EXP 	Display Frame 9
322.7483 	EXP 	Display Frame 0
322.7816 	EXP 	Display Frame 1
322.8150 	EXP 	Display Frame 2
322.8482 	EXP 	Display Frame 3
322.8815 	EXP 	Display Frame 4
322.9149 	EXP 	Display Frame 5
322.9482 	EXP 	Display Frame 6
322.9815 	EXP 	Display Frame 7
323.0148 	EXP 	Display Frame 8
323.0482 	EXP 	Display Frame 9
323.0816 	EXP 	Display Frame 0
323.1148 	EXP 	Display Frame 1
323.1482 	EXP 	Display Frame 2
323.1816 	EXP 	Display Frame 3
323.2149 	EXP 	Display Frame 4
323.2482 	EXP 	Display Frame 5
323.2816 	EXP 	Display Frame 6
323.3149 	EXP 	Display Frame 7
323.3482 	EXP 	Display Frame 8
323.3816 	EXP 	Display Frame 9
323.4149 	EXP 	Display Frame 0
323.4482 	EXP 	Display Frame 1
323.4815 	EXP 	Display Frame 2
323.5149 	EXP 	Display Frame 3
323.5482 	EXP 	Display Frame 4
323.5815 	EXP 	Display Frame 5
323.6149 	EXP 	Display Frame 6
323.6482 	EXP 	Display Frame 7
323.6815 	EXP 	Display Frame 8
323.7150 	EXP 	Display Frame 9
323.7482 	EXP 	Display Frame 0
323.7817 	EXP 	Display Frame 1
323.8149 	EXP 	Display Frame 2
323.8482 	EXP 	Display Frame 3
323.8815 	EXP 	Display Frame 4
323.9150 	EXP 	Display Frame 5
323.9484 	EXP 	Display Frame 6
323.9815 	EXP 	Display Frame 7
324.0149 	EXP 	Display Frame 8
324.0482 	EXP 	Display Frame 9
324.0816 	EXP 	Display Frame 0
324.1148 	EXP 	Display Frame 1
324.1485 	EXP 	Display Frame 2
324.1815 	EXP 	Display Frame 3
324.2148 	EXP 	Display Frame 4
324.2482 	EXP 	Display Frame 5
324.2816 	EXP 	Display Frame 6
324.3149 	EXP 	Display Frame 7
324.3482 	EXP 	Display Frame 8
324.3816 	EXP 	Display Frame 9
324.4150 	EXP 	Display Frame 0
324.4483 	EXP 	Display Frame 1
324.4815 	EXP 	Display Frame 2
324.5149 	EXP 	Display Frame 3
324.5483 	EXP 	Display Frame 4
324.5815 	EXP 	Display Frame 5
324.6150 	EXP 	Display Frame 6
324.6482 	EXP 	Display Frame 7
324.6815 	EXP 	Display Frame 8
324.7149 	EXP 	Display Frame 9
324.7495 	EXP 	Display Frame 0
324.7815 	EXP 	Display Frame 1
324.8150 	EXP 	Display Frame 2
324.8482 	EXP 	Display Frame 3
324.8818 	EXP 	Display Frame 4
324.9149 	EXP 	Display Frame 5
324.9483 	EXP 	Display Frame 6
324.9815 	EXP 	Display Frame 7
325.0149 	EXP 	Display Frame 8
325.0482 	EXP 	Display Frame 9
325.0817 	EXP 	Display Frame 0
325.1149 	EXP 	Display Frame 1
325.1482 	EXP 	Display Frame 2
325.1815 	EXP 	Display Frame 3
325.2148 	EXP 	Display Frame 4
325.2482 	DATA 	Keypress: equal
325.2498 	EXP 	Display Frame 5
325.2623 	EXP 	Display Fixation
330.4357 	DATA 	Keypress: equal
335.6294 	DATA 	Keypress: equal
340.8229 	DATA 	Keypress: equal
346.0167 	DATA 	Keypress: equal
351.2127 	DATA 	Keypress: equal
356.4036 	DATA 	Keypress: equal
356.4457 	EXP 	Display Frame 1
356.4719 	EXP 	Display Frame 2
356.5052 	EXP 	Display Frame 3
356.5390 	EXP 	Display Frame 4
356.5719 	EXP 	Display Frame 5
356.6052 	EXP 	Display Frame 6
356.6385 	EXP 	Display Frame 7
356.6719 	EXP 	Display Frame 8
356.7053 	EXP 	Display Frame 9
356.7385 	EXP 	Display Frame 0
356.7718 	EXP 	Display Frame 1
356.8052 	EXP 	Display Frame 2
356.8384 	EXP 	Display Frame 3
356.8717 	EXP 	Display Frame 4
356.9051 	EXP 	Display Frame 5
356.9384 	EXP 	Display Frame 6
356.9717 	EXP 	Display Frame 7
357.0051 	EXP 	Display Frame 8
357.0384 	EXP 	Display Frame 9
357.0718 	EXP 	Display Frame 0
357.1051 	EXP 	Display Frame 1
357.1385 	EXP 	Display Frame 2
357.1717 	EXP 	Display Frame 3
357.2052 	EXP 	Display Frame 4
357.2384 	EXP 	Display Frame 5
357.2717 	EXP 	Display Frame 6
357.3051 	EXP 	Display Frame 7
357.3384 	EXP 	Display Frame 8
357.3717 	EXP 	Display Frame 9
357.4051 	EXP 	Display Frame 0
357.4384 	EXP 	Display Frame 1
357.4717 	EXP 	Display Frame 2
357.5051 	EXP 	Display Frame 3
357.5385 	EXP 	Display Frame 4
357.5717 	EXP 	Display Frame 5
357.6051 	EXP 	Display Frame 6
357.6384 	EXP 	Display Frame 7
357.6717 	EXP 	Display Frame 8
357.7052 	EXP 	Display Frame 9
357.7384 	EXP 	Display Frame 0
357.7718 	EXP 	Display Frame 1
357.8051 	EXP 	Display Frame 2
357.8384 	EXP 	Display Frame 3
357.8717 	EXP 	Display Frame 4
357.9052 	EXP 	Display Frame 5
357.9384 	EXP 	Display Frame 6
357.9721 	EXP 	Display Frame 7
358.0051 	EXP 	Display Frame 8
358.0384 	EXP 	Display Frame 9
358.0717 	EXP 	Display Frame 0
358.1051 	EXP 	Display Frame 1
358.1384 	EXP 	Display Frame 2
358.1717 	EXP 	Display Frame 3
358.2051 	EXP 	Display Frame 4
358.2384 	EXP 	Display Frame 5
358.2717 	EXP 	Display Frame 6
358.3050 	EXP 	Display Frame 7
358.3384 	EXP 	Display Frame 8
358.3717 	EXP 	Display Frame 9
358.4054 	EXP 	Display Frame 0
358.4388 	EXP 	Display Frame 1
358.4720 	EXP 	Display Frame 2
358.5051 	EXP 	Display Frame 3
358.5385 	EXP 	Display Frame 4
358.5718 	EXP 	Display Frame 5
358.6051 	EXP 	Display Frame 6
358.6384 	EXP 	Display Frame 7
358.6719 	EXP 	Display Frame 8
358.7051 	EXP 	Display Frame 9
358.7385 	EXP 	Display Frame 0
358.7718 	EXP 	Display Frame 1
358.8051 	EXP 	Display Frame 2
358.8384 	EXP 	Display Frame 3
358.8719 	EXP 	Display Frame 4
358.9051 	EXP 	Display Frame 5
358.9384 	EXP 	Display Frame 6
358.9717 	EXP 	Display Frame 7
359.0051 	EXP 	Display Frame 8
359.0384 	EXP 	Display Frame 9
359.0719 	EXP 	Display Frame 0
359.1051 	EXP 	Display Frame 1
359.1384 	EXP 	Display Frame 2
359.1718 	EXP 	Display Frame 3
359.2051 	EXP 	Display Frame 4
359.2384 	EXP 	Display Frame 5
359.2718 	EXP 	Display Frame 6
359.3051 	EXP 	Display Frame 7
359.3384 	EXP 	Display Frame 8
359.3717 	EXP 	Display Frame 9
359.4051 	EXP 	Display Frame 0
359.4384 	EXP 	Display Frame 1
359.4717 	EXP 	Display Frame 2
359.5051 	EXP 	Display Frame 3
359.5384 	EXP 	Display Frame 4
359.5717 	EXP 	Display Frame 5
359.6051 	EXP 	Display Frame 6
359.6385 	EXP 	Display Frame 7
359.6717 	EXP 	Display Frame 8
359.7051 	EXP 	Display Frame 9
359.7384 	EXP 	Display Frame 0
359.7717 	EXP 	Display Frame 1
359.8050 	EXP 	Display Frame 2
359.8384 	EXP 	Display Frame 3
359.8718 	EXP 	Display Frame 4
359.9052 	EXP 	Display Frame 5
359.9384 	EXP 	Display Frame 6
359.9717 	EXP 	Display Frame 7
360.0051 	EXP 	Display Frame 8
360.0385 	EXP 	Display Frame 9
360.0717 	EXP 	Display Frame 0
360.1051 	EXP 	Display Frame 1
360.1384 	EXP 	Display Frame 2
360.1718 	EXP 	Display Frame 3
360.2051 	EXP 	Display Frame 4
360.2384 	EXP 	Display Frame 5
360.2717 	EXP 	Display Frame 6
360.3051 	EXP 	Display Frame 7
360.3384 	EXP 	Display Frame 8
360.3717 	EXP 	Display Frame 9
360.4051 	EXP 	Display Frame 0
360.4384 	EXP 	Display Frame 1
360.4718 	EXP 	Display Frame 2
360.5051 	EXP 	Display Frame 3
360.5384 	EXP 	Display Frame 4
360.5719 	EXP 	Display Frame 5
360.6051 	EXP 	Display Frame 6
360.6385 	EXP 	Display Frame 7
360.6718 	EXP 	Display Frame 8
360.7050 	EXP 	Display Frame 9
360.7385 	EXP 	Display Frame 0
360.7717 	EXP 	Display Frame 1
360.8050 	EXP 	Display Frame 2
360.8384 	EXP 	Display Frame 3
360.8717 	EXP 	Display Frame 4
360.9050 	EXP 	Display Frame 5
360.9384 	EXP 	Display Frame 6
360.9717 	EXP 	Display Frame 7
361.0050 	EXP 	Display Frame 8
361.0384 	EXP 	Display Frame 9
361.0717 	EXP 	Display Frame 0
361.1050 	EXP 	Display Frame 1
361.1384 	EXP 	Display Frame 2
361.1717 	EXP 	Display Frame 3
361.2050 	EXP 	Display Frame 4
361.2385 	EXP 	Display Frame 5
361.2717 	EXP 	Display Frame 6
361.3050 	EXP 	Display Frame 7
361.3385 	EXP 	Display Frame 8
361.3717 	EXP 	Display Frame 9
361.4051 	EXP 	Display Frame 0
361.4385 	EXP 	Display Frame 1
361.4719 	EXP 	Display Frame 2
361.5053 	EXP 	Display Frame 3
361.5385 	EXP 	Display Frame 4
361.5718 	EXP 	Display Frame 5
361.6050 	DATA 	Keypress: equal
361.6064 	EXP 	Display Frame 6
361.6385 	EXP 	Display Frame 7
361.6719 	EXP 	Display Frame 8
361.7054 	EXP 	Display Frame 9
361.7387 	EXP 	Display Frame 0
361.7721 	EXP 	Display Frame 1
361.8054 	EXP 	Display Frame 2
361.8387 	EXP 	Display Frame 3
361.8721 	EXP 	Display Frame 4
361.9056 	EXP 	Display Frame 5
361.9388 	EXP 	Display Frame 6
361.9718 	EXP 	Display Frame 7
362.0051 	EXP 	Display Frame 8
362.0385 	EXP 	Display Frame 9
362.0717 	EXP 	Display Frame 0
362.1051 	EXP 	Display Frame 1
362.1384 	EXP 	Display Frame 2
362.1718 	EXP 	Display Frame 3
362.2051 	EXP 	Display Frame 4
362.2384 	EXP 	Display Frame 5
362.2718 	EXP 	Display Frame 6
362.3051 	EXP 	Display Frame 7
362.3384 	EXP 	Display Frame 8
362.3717 	EXP 	Display Frame 9
362.4050 	EXP 	Display Frame 0
362.4384 	EXP 	Display Frame 1
362.4717 	EXP 	Display Frame 2
362.5051 	EXP 	Display Frame 3
362.5383 	EXP 	Display Frame 4
362.5718 	EXP 	Display Frame 5
362.6051 	EXP 	Display Frame 6
362.6384 	EXP 	Display Frame 7
362.6718 	EXP 	Display Frame 8
362.7051 	EXP 	Display Frame 9
362.7385 	EXP 	Display Frame 0
362.7717 	EXP 	Display Frame 1
362.8052 	EXP 	Display Frame 2
362.8384 	EXP 	Display Frame 3
362.8719 	EXP 	Display Frame 4
362.9054 	EXP 	Display Frame 5
362.9385 	EXP 	Display Frame 6
362.9717 	EXP 	Display Frame 7
363.0051 	EXP 	Display Frame 8
363.0384 	EXP 	Display Frame 9
363.0717 	EXP 	Display Frame 0
363.1051 	EXP 	Display Frame 1
363.1385 	EXP 	Display Frame 2
363.1718 	EXP 	Display Frame 3
363.2053 	EXP 	Display Frame 4
363.2384 	EXP 	Display Frame 5
363.2718 	EXP 	Display Frame 6
363.3052 	EXP 	Display Frame 7
363.3384 	EXP 	Display Frame 8
363.3717 	EXP 	Display Frame 9
363.4050 	EXP 	Display Frame 0
363.4384 	EXP 	Display Frame 1
363.4719 	EXP 	Display Frame 2
363.5051 	EXP 	Display Frame 3
363.5384 	EXP 	Display Frame 4
363.5718 	EXP 	Display Frame 5
363.6051 	EXP 	Display Frame 6
363.6386 	EXP 	Display Frame 7
363.6718 	EXP 	Display Frame 8
363.7051 	EXP 	Display Frame 9
363.7386 	EXP 	Display Frame 0
363.7718 	EXP 	Display Frame 1
363.8051 	EXP 	Display Frame 2
363.8384 	EXP 	Display Frame 3
363.8717 	EXP 	Display Frame 4
363.9052 	EXP 	Display Frame 5
363.9384 	EXP 	Display Frame 6
363.9719 	EXP 	Display Frame 7
364.0051 	EXP 	Display Frame 8
364.0384 	EXP 	Display Frame 9
364.0717 	EXP 	Display Frame 0
364.1052 	EXP 	Display Frame 1
364.1384 	EXP 	Display Frame 2
364.1718 	EXP 	Display Frame 3
364.2051 	EXP 	Display Frame 4
364.2384 	EXP 	Display Frame 5
364.2717 	EXP 	Display Frame 6
364.3052 	EXP 	Display Frame 7
364.3384 	EXP 	Display Frame 8
364.3717 	EXP 	Display Frame 9
364.4051 	EXP 	Display Frame 0
364.4384 	EXP 	Display Frame 1
364.4718 	EXP 	Display Frame 2
364.5052 	EXP 	Display Frame 3
364.5384 	EXP 	Display Frame 4
364.5717 	EXP 	Display Frame 5
364.6051 	EXP 	Display Frame 6
364.6384 	EXP 	Display Frame 7
364.6718 	EXP 	Display Frame 8
364.7051 	EXP 	Display Frame 9
364.7384 	EXP 	Display Frame 0
364.7717 	EXP 	Display Frame 1
364.8051 	EXP 	Display Frame 2
364.8384 	EXP 	Display Frame 3
364.8717 	EXP 	Display Frame 4
364.9051 	EXP 	Display Frame 5
364.9385 	EXP 	Display Frame 6
364.9717 	EXP 	Display Frame 7
365.0051 	EXP 	Display Frame 8
365.0384 	EXP 	Display Frame 9
365.0718 	EXP 	Display Frame 0
365.1051 	EXP 	Display Frame 1
365.1386 	EXP 	Display Frame 2
365.1717 	EXP 	Display Frame 3
365.2051 	EXP 	Display Frame 4
365.2384 	EXP 	Display Frame 5
365.2719 	EXP 	Display Frame 6
365.3051 	EXP 	Display Frame 7
365.3384 	EXP 	Display Frame 8
365.3717 	EXP 	Display Frame 9
365.4050 	EXP 	Display Frame 0
365.4384 	EXP 	Display Frame 1
365.4718 	EXP 	Display Frame 2
365.5051 	EXP 	Display Frame 3
365.5384 	EXP 	Display Frame 4
365.5717 	EXP 	Display Frame 5
365.6051 	EXP 	Display Frame 6
365.6384 	EXP 	Display Frame 7
365.6718 	EXP 	Display Frame 8
365.7051 	EXP 	Display Frame 9
365.7384 	EXP 	Display Frame 0
365.7718 	EXP 	Display Frame 1
365.8051 	EXP 	Display Frame 2
365.8384 	EXP 	Display Frame 3
365.8717 	EXP 	Display Frame 4
365.9052 	EXP 	Display Frame 5
365.9384 	EXP 	Display Frame 6
365.9719 	EXP 	Display Frame 7
366.0051 	EXP 	Display Frame 8
366.0384 	EXP 	Display Frame 9
366.0717 	EXP 	Display Frame 0
366.1051 	EXP 	Display Frame 1
366.1384 	EXP 	Display Frame 2
366.1718 	EXP 	Display Frame 3
366.2051 	EXP 	Display Frame 4
366.2385 	EXP 	Display Frame 5
366.2718 	EXP 	Display Frame 6
366.3052 	EXP 	Display Frame 7
366.3384 	EXP 	Display Frame 8
366.3718 	EXP 	Display Frame 9
366.4051 	EXP 	Display Frame 0
366.4384 	EXP 	Display Frame 1
366.4717 	EXP 	Display Frame 2
366.5051 	EXP 	Display Frame 3
366.5384 	EXP 	Display Frame 4
366.5717 	EXP 	Display Frame 5
366.6051 	EXP 	Display Frame 6
366.6385 	EXP 	Display Frame 7
366.6717 	EXP 	Display Frame 8
366.7051 	EXP 	Display Frame 9
366.7384 	EXP 	Display Frame 0
366.7717 	EXP 	Display Frame 1
366.8050 	DATA 	Keypress: equal
366.8065 	EXP 	Display Frame 2
366.8384 	EXP 	Display Frame 3
366.8717 	EXP 	Display Frame 4
366.9051 	EXP 	Display Frame 5
366.9384 	EXP 	Display Frame 6
366.9717 	EXP 	Display Frame 7
367.0051 	EXP 	Display Frame 8
367.0384 	EXP 	Display Frame 9
367.0718 	EXP 	Display Frame 0
367.1051 	EXP 	Display Frame 1
367.1384 	EXP 	Display Frame 2
367.1717 	EXP 	Display Frame 3
367.2051 	EXP 	Display Frame 4
367.2384 	EXP 	Display Frame 5
367.2717 	EXP 	Display Frame 6
367.3051 	EXP 	Display Frame 7
367.3386 	EXP 	Display Frame 8
367.3717 	EXP 	Display Frame 9
367.4051 	EXP 	Display Frame 0
367.4384 	EXP 	Display Frame 1
367.4717 	EXP 	Display Frame 2
367.5051 	EXP 	Display Frame 3
367.5385 	EXP 	Display Frame 4
367.5717 	EXP 	Display Frame 5
367.6051 	EXP 	Display Frame 6
367.6384 	EXP 	Display Frame 7
367.6718 	EXP 	Display Frame 8
367.7051 	EXP 	Display Frame 9
367.7384 	EXP 	Display Frame 0
367.7717 	EXP 	Display Frame 1
367.8051 	EXP 	Display Frame 2
367.8384 	EXP 	Display Frame 3
367.8727 	EXP 	Display Frame 4
367.9051 	EXP 	Display Frame 5
367.9384 	EXP 	Display Frame 6
367.9717 	EXP 	Display Frame 7
368.0051 	EXP 	Display Frame 8
368.0384 	EXP 	Display Frame 9
368.0717 	EXP 	Display Frame 0
368.1051 	EXP 	Display Frame 1
368.1384 	EXP 	Display Frame 2
368.1719 	EXP 	Display Frame 3
368.2051 	EXP 	Display Frame 4
368.2385 	EXP 	Display Frame 5
368.2717 	EXP 	Display Frame 6
368.3052 	EXP 	Display Frame 7
368.3384 	EXP 	Display Frame 8
368.3717 	EXP 	Display Frame 9
368.4051 	EXP 	Display Frame 0
368.4384 	EXP 	Display Frame 1
368.4718 	EXP 	Display Frame 2
368.5050 	EXP 	Display Frame 3
368.5385 	EXP 	Display Frame 4
368.5718 	EXP 	Display Frame 5
368.6051 	EXP 	Display Frame 6
368.6386 	EXP 	Display Frame 7
368.6718 	EXP 	Display Frame 8
368.7051 	EXP 	Display Frame 9
368.7384 	EXP 	Display Frame 0
368.7718 	EXP 	Display Frame 1
368.8050 	EXP 	Display Frame 2
368.8384 	EXP 	Display Frame 3
368.8717 	EXP 	Display Frame 4
368.9051 	EXP 	Display Frame 5
368.9384 	EXP 	Display Frame 6
368.9717 	EXP 	Display Frame 7
369.0049 	EXP 	Display Frame 8
369.0384 	EXP 	Display Frame 9
369.0719 	EXP 	Display Frame 0
369.1051 	EXP 	Display Frame 1
369.1384 	EXP 	Display Frame 2
369.1717 	EXP 	Display Frame 3
369.2051 	EXP 	Display Frame 4
369.2384 	EXP 	Display Frame 5
369.2718 	EXP 	Display Frame 6
369.3051 	EXP 	Display Frame 7
369.3384 	EXP 	Display Frame 8
369.3717 	EXP 	Display Frame 9
369.4052 	EXP 	Display Frame 0
369.4384 	EXP 	Display Frame 1
369.4718 	EXP 	Display Frame 2
369.5050 	EXP 	Display Frame 3
369.5385 	EXP 	Display Frame 4
369.5717 	EXP 	Display Frame 5
369.6050 	EXP 	Display Frame 6
369.6384 	EXP 	Display Frame 7
369.6719 	EXP 	Display Frame 8
369.7051 	EXP 	Display Frame 9
369.7385 	EXP 	Display Frame 0
369.7718 	EXP 	Display Frame 1
369.8055 	EXP 	Display Frame 2
369.8385 	EXP 	Display Frame 3
369.8717 	EXP 	Display Frame 4
369.9051 	EXP 	Display Frame 5
369.9384 	EXP 	Display Frame 6
369.9718 	EXP 	Display Frame 7
370.0051 	EXP 	Display Frame 8
370.0384 	EXP 	Display Frame 9
370.0717 	EXP 	Display Frame 0
370.1051 	EXP 	Display Frame 1
370.1384 	EXP 	Display Frame 2
370.1717 	EXP 	Display Frame 3
370.2051 	EXP 	Display Frame 4
370.2384 	EXP 	Display Frame 5
370.2717 	EXP 	Display Frame 6
370.3052 	EXP 	Display Frame 7
370.3384 	EXP 	Display Frame 8
370.3717 	EXP 	Display Frame 9
370.4051 	EXP 	Display Frame 0
370.4384 	EXP 	Display Frame 1
370.4718 	EXP 	Display Frame 2
370.5051 	EXP 	Display Frame 3
370.5385 	EXP 	Display Frame 4
370.5717 	EXP 	Display Frame 5
370.6051 	EXP 	Display Frame 6
370.6384 	EXP 	Display Frame 7
370.6718 	EXP 	Display Frame 8
370.7053 	EXP 	Display Frame 9
370.7384 	EXP 	Display Frame 0
370.7717 	EXP 	Display Frame 1
370.8051 	EXP 	Display Frame 2
370.8385 	EXP 	Display Frame 3
370.8718 	EXP 	Display Frame 4
370.9051 	EXP 	Display Frame 5
370.9385 	EXP 	Display Frame 6
370.9717 	EXP 	Display Frame 7
371.0051 	EXP 	Display Frame 8
371.0384 	EXP 	Display Frame 9
371.0717 	EXP 	Display Frame 0
371.1051 	EXP 	Display Frame 1
371.1384 	EXP 	Display Frame 2
371.1718 	EXP 	Display Frame 3
371.2052 	EXP 	Display Frame 4
371.2384 	EXP 	Display Frame 5
371.2718 	EXP 	Display Frame 6
371.3051 	EXP 	Display Frame 7
371.3384 	EXP 	Display Frame 8
371.3717 	EXP 	Display Frame 9
371.4051 	EXP 	Display Frame 0
371.4384 	EXP 	Display Frame 1
371.4719 	EXP 	Display Frame 2
371.5051 	EXP 	Display Frame 3
371.5385 	EXP 	Display Frame 4
371.5717 	EXP 	Display Frame 5
371.6052 	EXP 	Display Frame 6
371.6384 	EXP 	Display Frame 7
371.6718 	EXP 	Display Frame 8
371.7051 	EXP 	Display Frame 9
371.7384 	EXP 	Display Frame 0
371.7717 	EXP 	Display Frame 1
371.8051 	EXP 	Display Frame 2
371.8385 	EXP 	Display Frame 3
371.8717 	EXP 	Display Frame 4
371.9056 	EXP 	Display Frame 5
371.9384 	EXP 	Display Frame 6
371.9718 	EXP 	Display Frame 7
372.0050 	DATA 	Keypress: equal
372.0064 	EXP 	Display Frame 8
372.0384 	EXP 	Display Frame 9
372.0717 	EXP 	Display Frame 0
372.1051 	EXP 	Display Frame 1
372.1387 	EXP 	Display Frame 2
372.1720 	EXP 	Display Frame 3
372.2051 	EXP 	Display Frame 4
372.2384 	EXP 	Display Frame 5
372.2717 	EXP 	Display Frame 6
372.3051 	EXP 	Display Frame 7
372.3384 	EXP 	Display Frame 8
372.3719 	EXP 	Display Frame 9
372.4051 	EXP 	Display Frame 0
372.4384 	EXP 	Display Frame 1
372.4717 	EXP 	Display Frame 2
372.5051 	EXP 	Display Frame 3
372.5384 	EXP 	Display Frame 4
372.5717 	EXP 	Display Frame 5
372.6050 	EXP 	Display Frame 6
372.6384 	EXP 	Display Frame 7
372.6718 	EXP 	Display Frame 8
372.7052 	EXP 	Display Frame 9
372.7384 	EXP 	Display Frame 0
372.7718 	EXP 	Display Frame 1
372.8051 	EXP 	Display Frame 2
372.8384 	EXP 	Display Frame 3
372.8717 	EXP 	Display Frame 4
372.9051 	EXP 	Display Frame 5
372.9384 	EXP 	Display Frame 6
372.9718 	EXP 	Display Frame 7
373.0051 	EXP 	Display Frame 8
373.0384 	EXP 	Display Frame 9
373.0717 	EXP 	Display Frame 0
373.1051 	EXP 	Display Frame 1
373.1386 	EXP 	Display Frame 2
373.1718 	EXP 	Display Frame 3
373.2051 	EXP 	Display Frame 4
373.2384 	EXP 	Display Frame 5
373.2718 	EXP 	Display Frame 6
373.3051 	EXP 	Display Frame 7
373.3384 	EXP 	Display Frame 8
373.3717 	EXP 	Display Frame 9
373.4052 	EXP 	Display Frame 0
373.4384 	EXP 	Display Frame 1
373.4718 	EXP 	Display Frame 2
373.5051 	EXP 	Display Frame 3
373.5384 	EXP 	Display Frame 4
373.5717 	EXP 	Display Frame 5
373.6052 	EXP 	Display Frame 6
373.6384 	EXP 	Display Frame 7
373.6718 	EXP 	Display Frame 8
373.7050 	EXP 	Display Frame 9
373.7384 	EXP 	Display Frame 0
373.7717 	EXP 	Display Frame 1
373.8052 	EXP 	Display Frame 2
373.8384 	EXP 	Display Frame 3
373.8717 	EXP 	Display Frame 4
373.9051 	EXP 	Display Frame 5
373.9384 	EXP 	Display Frame 6
373.9717 	EXP 	Display Frame 7
374.0051 	EXP 	Display Frame 8
374.0384 	EXP 	Display Frame 9
374.0717 	EXP 	Display Frame 0
374.1050 	EXP 	Display Frame 1
374.1384 	EXP 	Display Frame 2
374.1718 	EXP 	Display Frame 3
374.2051 	EXP 	Display Frame 4
374.2384 	EXP 	Display Frame 5
374.2717 	EXP 	Display Frame 6
374.3051 	EXP 	Display Frame 7
374.3384 	EXP 	Display Frame 8
374.3717 	EXP 	Display Frame 9
374.4051 	EXP 	Display Frame 0
374.4384 	EXP 	Display Frame 1
374.4717 	EXP 	Display Frame 2
374.5051 	EXP 	Display Frame 3
374.5384 	EXP 	Display Frame 4
374.5717 	EXP 	Display Frame 5
374.6051 	EXP 	Display Frame 6
374.6384 	EXP 	Display Frame 7
374.6758 	EXP 	Display Frame 8
374.7052 	EXP 	Display Frame 9
374.7384 	EXP 	Display Frame 0
374.7717 	EXP 	Display Frame 1
374.8051 	EXP 	Display Frame 2
374.8384 	EXP 	Display Frame 3
374.8717 	EXP 	Display Frame 4
374.9052 	EXP 	Display Frame 5
374.9384 	EXP 	Display Frame 6
374.9717 	EXP 	Display Frame 7
375.0051 	EXP 	Display Frame 8
375.0385 	EXP 	Display Frame 9
375.0717 	EXP 	Display Frame 0
375.1051 	EXP 	Display Frame 1
375.1384 	EXP 	Display Frame 2
375.1717 	EXP 	Display Frame 3
375.2051 	EXP 	Display Frame 4
375.2384 	EXP 	Display Frame 5
375.2718 	EXP 	Display Frame 6
375.3051 	EXP 	Display Frame 7
375.3384 	EXP 	Display Frame 8
375.3717 	EXP 	Display Frame 9
375.4051 	EXP 	Display Frame 0
375.4384 	EXP 	Display Frame 1
375.4718 	EXP 	Display Frame 2
375.5051 	EXP 	Display Frame 3
375.5384 	EXP 	Display Frame 4
375.5718 	EXP 	Display Frame 5
375.6051 	EXP 	Display Frame 6
375.6384 	EXP 	Display Frame 7
375.6719 	EXP 	Display Frame 8
375.7051 	EXP 	Display Frame 9
375.7384 	EXP 	Display Frame 0
375.7718 	EXP 	Display Frame 1
375.8051 	EXP 	Display Frame 2
375.8384 	EXP 	Display Frame 3
375.8718 	EXP 	Display Frame 4
375.9051 	EXP 	Display Frame 5
375.9384 	EXP 	Display Frame 6
375.9717 	EXP 	Display Frame 7
376.0051 	EXP 	Display Frame 8
376.0384 	EXP 	Display Frame 9
376.0717 	EXP 	Display Frame 0
376.1051 	EXP 	Display Frame 1
376.1383 	EXP 	Display Frame 2
376.1717 	EXP 	Display Frame 3
376.2057 	EXP 	Display Frame 4
376.2384 	EXP 	Display Frame 5
376.2717 	EXP 	Display Frame 6
376.3051 	EXP 	Display Frame 7
376.3384 	EXP 	Display Frame 8
376.3718 	EXP 	Display Frame 9
376.4051 	EXP 	Display Frame 0
376.4384 	EXP 	Display Frame 1
376.4718 	EXP 	Display Frame 2
376.5051 	EXP 	Display Frame 3
376.5384 	EXP 	Display Frame 4
376.5719 	EXP 	Display Frame 5
376.6051 	EXP 	Display Frame 6
376.6382 	EXP 	Display Frame 7
376.6717 	EXP 	Display Frame 8
376.7051 	EXP 	Display Frame 9
376.7385 	EXP 	Display Frame 0
376.7719 	EXP 	Display Frame 1
376.8051 	EXP 	Display Frame 2
376.8386 	EXP 	Display Frame 3
376.8717 	EXP 	Display Frame 4
376.9051 	EXP 	Display Frame 5
376.9384 	EXP 	Display Frame 6
376.9719 	EXP 	Display Frame 7
377.0050 	EXP 	Display Frame 8
377.0384 	EXP 	Display Frame 9
377.0718 	EXP 	Display Frame 0
377.1051 	EXP 	Display Frame 1
377.1384 	EXP 	Display Frame 2
377.1719 	EXP 	Display Frame 3
377.2050 	DATA 	Keypress: equal
377.2065 	EXP 	Display Frame 4
377.2384 	EXP 	Display Frame 5
377.2718 	EXP 	Display Frame 6
377.3051 	EXP 	Display Frame 7
377.3384 	EXP 	Display Frame 8
377.3718 	EXP 	Display Frame 9
377.4051 	EXP 	Display Frame 0
377.4384 	EXP 	Display Frame 1
377.4721 	EXP 	Display Frame 2
377.5051 	EXP 	Display Frame 3
377.5384 	EXP 	Display Frame 4
377.5717 	EXP 	Display Frame 5
377.6051 	EXP 	Display Frame 6
377.6384 	EXP 	Display Frame 7
377.6719 	EXP 	Display Frame 8
377.7051 	EXP 	Display Frame 9
377.7386 	EXP 	Display Frame 0
377.7718 	EXP 	Display Frame 1
377.8052 	EXP 	Display Frame 2
377.8384 	EXP 	Display Frame 3
377.8718 	EXP 	Display Frame 4
377.9051 	EXP 	Display Frame 5
377.9384 	EXP 	Display Frame 6
377.9718 	EXP 	Display Frame 7
378.0052 	EXP 	Display Frame 8
378.0384 	EXP 	Display Frame 9
378.0717 	EXP 	Display Frame 0
378.1051 	EXP 	Display Frame 1
378.1386 	EXP 	Display Frame 2
378.1717 	EXP 	Display Frame 3
378.2051 	EXP 	Display Frame 4
378.2385 	EXP 	Display Frame 5
378.2717 	EXP 	Display Frame 6
378.3051 	EXP 	Display Frame 7
378.3385 	EXP 	Display Frame 8
378.3717 	EXP 	Display Frame 9
378.4051 	EXP 	Display Frame 0
378.4384 	EXP 	Display Frame 1
378.4717 	EXP 	Display Frame 2
378.5051 	EXP 	Display Frame 3
378.5384 	EXP 	Display Frame 4
378.5717 	EXP 	Display Frame 5
378.6051 	EXP 	Display Frame 6
378.6384 	EXP 	Display Frame 7
378.6717 	EXP 	Display Frame 8
378.7051 	EXP 	Display Frame 9
378.7384 	EXP 	Display Frame 0
378.7718 	EXP 	Display Frame 1
378.8051 	EXP 	Display Frame 2
378.8384 	EXP 	Display Frame 3
378.8717 	EXP 	Display Frame 4
378.9052 	EXP 	Display Frame 5
378.9384 	EXP 	Display Frame 6
378.9718 	EXP 	Display Frame 7
379.0050 	EXP 	Display Frame 8
379.0384 	EXP 	Display Frame 9
379.0717 	EXP 	Display Frame 0
379.1053 	EXP 	Display Frame 1
379.1384 	EXP 	Display Frame 2
379.1718 	EXP 	Display Frame 3
379.2051 	EXP 	Display Frame 4
379.2384 	EXP 	Display Frame 5
379.2718 	EXP 	Display Frame 6
379.3050 	EXP 	Display Frame 7
379.3384 	EXP 	Display Frame 8
379.3718 	EXP 	Display Frame 9
379.4051 	EXP 	Display Frame 0
379.4384 	EXP 	Display Frame 1
379.4718 	EXP 	Display Frame 2
379.5051 	EXP 	Display Frame 3
379.5384 	EXP 	Display Frame 4
379.5717 	EXP 	Display Frame 5
379.6051 	EXP 	Display Frame 6
379.6384 	EXP 	Display Frame 7
379.6717 	EXP 	Display Frame 8
379.7051 	EXP 	Display Frame 9
379.7385 	EXP 	Display Frame 0
379.7718 	EXP 	Display Frame 1
379.8051 	EXP 	Display Frame 2
379.8384 	EXP 	Display Frame 3
379.8718 	EXP 	Display Frame 4
379.9052 	EXP 	Display Frame 5
379.9385 	EXP 	Display Frame 6
379.9718 	EXP 	Display Frame 7
380.0051 	EXP 	Display Frame 8
380.0385 	EXP 	Display Frame 9
380.0719 	EXP 	Display Frame 0
380.1051 	EXP 	Display Frame 1
380.1385 	EXP 	Display Frame 2
380.1718 	EXP 	Display Frame 3
380.2051 	EXP 	Display Frame 4
380.2385 	EXP 	Display Frame 5
380.2719 	EXP 	Display Frame 6
380.3051 	EXP 	Display Frame 7
380.3385 	EXP 	Display Frame 8
380.3718 	EXP 	Display Frame 9
380.4053 	EXP 	Display Frame 0
380.4385 	EXP 	Display Frame 1
380.4719 	EXP 	Display Frame 2
380.5052 	EXP 	Display Frame 3
380.5386 	EXP 	Display Frame 4
380.5718 	EXP 	Display Frame 5
380.6051 	EXP 	Display Frame 6
380.6385 	EXP 	Display Frame 7
380.6718 	EXP 	Display Frame 8
380.7053 	EXP 	Display Frame 9
380.7385 	EXP 	Display Frame 0
380.7718 	EXP 	Display Frame 1
380.8051 	EXP 	Display Frame 2
380.8385 	EXP 	Display Frame 3
380.8718 	EXP 	Display Frame 4
380.9051 	EXP 	Display Frame 5
380.9385 	EXP 	Display Frame 6
380.9718 	EXP 	Display Frame 7
381.0052 	EXP 	Display Frame 8
381.0385 	EXP 	Display Frame 9
381.0718 	EXP 	Display Frame 0
381.1052 	EXP 	Display Frame 1
381.1385 	EXP 	Display Frame 2
381.1718 	EXP 	Display Frame 3
381.2051 	EXP 	Display Frame 4
381.2384 	EXP 	Display Frame 5
381.2718 	EXP 	Display Frame 6
381.3051 	EXP 	Display Frame 7
381.3384 	EXP 	Display Frame 8
381.3717 	EXP 	Display Frame 9
381.4050 	EXP 	Display Frame 0
381.4385 	EXP 	Display Frame 1
381.4717 	EXP 	Display Frame 2
381.5051 	EXP 	Display Frame 3
381.5384 	EXP 	Display Frame 4
381.5717 	EXP 	Display Frame 5
381.6051 	EXP 	Display Frame 6
381.6384 	EXP 	Display Frame 7
381.6718 	EXP 	Display Frame 8
381.7051 	EXP 	Display Frame 9
381.7384 	EXP 	Display Frame 0
381.7717 	EXP 	Display Frame 1
381.8051 	EXP 	Display Frame 2
381.8384 	EXP 	Display Frame 3
381.8717 	EXP 	Display Frame 4
381.9051 	EXP 	Display Frame 5
381.9383 	EXP 	Display Frame 6
381.9717 	EXP 	Display Frame 7
382.0051 	EXP 	Display Frame 8
382.0383 	EXP 	Display Frame 9
382.0717 	EXP 	Display Frame 0
382.1051 	EXP 	Display Frame 1
382.1384 	EXP 	Display Frame 2
382.1720 	EXP 	Display Frame 3
382.2053 	EXP 	Display Frame 4
382.2386 	EXP 	Display Frame 5
382.2720 	EXP 	Display Frame 6
382.3054 	EXP 	Display Frame 7
382.3387 	EXP 	Display Frame 8
382.3718 	DATA 	Keypress: equal
382.3735 	EXP 	Display Frame 9
382.4054 	EXP 	Display Frame 0
382.4387 	EXP 	Display Frame 1
382.4720 	EXP 	Display Frame 2
382.5054 	EXP 	Display Frame 3
382.5387 	EXP 	Display Frame 4
382.5721 	EXP 	Display Frame 5
382.6054 	EXP 	Display Frame 6
382.6387 	EXP 	Display Frame 7
382.6721 	EXP 	Display Frame 8
382.7054 	EXP 	Display Frame 9
382.7384 	EXP 	Display Frame 0
382.7718 	EXP 	Display Frame 1
382.8052 	EXP 	Display Frame 2
382.8385 	EXP 	Display Frame 3
382.8720 	EXP 	Display Frame 4
382.9054 	EXP 	Display Frame 5
382.9387 	EXP 	Display Frame 6
382.9719 	EXP 	Display Frame 7
383.0054 	EXP 	Display Frame 8
383.0388 	EXP 	Display Frame 9
383.0717 	EXP 	Display Frame 0
383.1054 	EXP 	Display Frame 1
383.1387 	EXP 	Display Frame 2
383.1719 	EXP 	Display Frame 3
383.2051 	EXP 	Display Frame 4
383.2384 	EXP 	Display Frame 5
383.2717 	EXP 	Display Frame 6
383.3051 	EXP 	Display Frame 7
383.3384 	EXP 	Display Frame 8
383.3717 	EXP 	Display Frame 9
383.4051 	EXP 	Display Frame 0
383.4384 	EXP 	Display Frame 1
383.4717 	EXP 	Display Frame 2
383.5051 	EXP 	Display Frame 3
383.5384 	EXP 	Display Frame 4
383.5719 	EXP 	Display Frame 5
383.6051 	EXP 	Display Frame 6
383.6384 	EXP 	Display Frame 7
383.6718 	EXP 	Display Frame 8
383.7051 	EXP 	Display Frame 9
383.7384 	EXP 	Display Frame 0
383.7717 	EXP 	Display Frame 1
383.8051 	EXP 	Display Frame 2
383.8385 	EXP 	Display Frame 3
383.8718 	EXP 	Display Frame 4
383.9050 	EXP 	Display Frame 5
383.9384 	EXP 	Display Frame 6
383.9717 	EXP 	Display Frame 7
384.0050 	EXP 	Display Frame 8
384.0384 	EXP 	Display Frame 9
384.0718 	EXP 	Display Frame 0
384.1052 	EXP 	Display Frame 1
384.1387 	EXP 	Display Frame 2
384.1717 	EXP 	Display Frame 3
384.2051 	EXP 	Display Frame 4
384.2385 	EXP 	Display Frame 5
384.2718 	EXP 	Display Frame 6
384.3051 	EXP 	Display Frame 7
384.3385 	EXP 	Display Frame 8
384.3717 	EXP 	Display Frame 9
384.4051 	EXP 	Display Frame 0
384.4384 	EXP 	Display Frame 1
384.4717 	EXP 	Display Frame 2
384.5051 	EXP 	Display Frame 3
384.5384 	EXP 	Display Frame 4
384.5717 	EXP 	Display Frame 5
384.6052 	EXP 	Display Frame 6
384.6384 	EXP 	Display Frame 7
384.6718 	EXP 	Display Frame 8
384.7051 	EXP 	Display Frame 9
384.7385 	EXP 	Display Frame 0
384.7717 	EXP 	Display Frame 1
384.8051 	EXP 	Display Frame 2
384.8384 	EXP 	Display Frame 3
384.8717 	EXP 	Display Frame 4
384.9051 	EXP 	Display Frame 5
384.9384 	EXP 	Display Frame 6
384.9718 	EXP 	Display Frame 7
385.0051 	EXP 	Display Frame 8
385.0384 	EXP 	Display Frame 9
385.0717 	EXP 	Display Frame 0
385.1052 	EXP 	Display Frame 1
385.1384 	EXP 	Display Frame 2
385.1718 	EXP 	Display Frame 3
385.2051 	EXP 	Display Frame 4
385.2384 	EXP 	Display Frame 5
385.2720 	EXP 	Display Frame 6
385.3053 	EXP 	Display Frame 7
385.3384 	EXP 	Display Frame 8
385.3717 	EXP 	Display Frame 9
385.4051 	EXP 	Display Frame 0
385.4384 	EXP 	Display Frame 1
385.4717 	EXP 	Display Frame 2
385.5051 	EXP 	Display Frame 3
385.5384 	EXP 	Display Frame 4
385.5717 	EXP 	Display Frame 5
385.6051 	EXP 	Display Frame 6
385.6385 	EXP 	Display Frame 7
385.6717 	EXP 	Display Frame 8
385.7051 	EXP 	Display Frame 9
385.7384 	EXP 	Display Frame 0
385.7717 	EXP 	Display Frame 1
385.8051 	EXP 	Display Frame 2
385.8384 	EXP 	Display Frame 3
385.8717 	EXP 	Display Frame 4
385.9051 	EXP 	Display Frame 5
385.9384 	EXP 	Display Frame 6
385.9717 	EXP 	Display Frame 7
386.0051 	EXP 	Display Frame 8
386.0384 	EXP 	Display Frame 9
386.0717 	EXP 	Display Frame 0
386.1051 	EXP 	Display Frame 1
386.1385 	EXP 	Display Frame 2
386.1717 	EXP 	Display Frame 3
386.2050 	EXP 	Display Frame 4
386.2384 	EXP 	Display Frame 5
386.2719 	EXP 	Display Frame 6
386.3051 	EXP 	Display Frame 7
386.3385 	EXP 	Display Frame 8
386.3717 	EXP 	Display Frame 9
386.4051 	EXP 	Display Frame 0
386.4384 	EXP 	Display Frame 1
386.4717 	EXP 	Display Frame 2
386.5050 	EXP 	Display Frame 3
386.5385 	EXP 	Display Frame 4
386.5717 	EXP 	Display Frame 5
386.6052 	EXP 	Display Frame 6
386.6384 	EXP 	Display Frame 7
386.6717 	EXP 	Display Frame 8
386.7051 	EXP 	Display Frame 9
386.7386 	EXP 	Display Frame 0
386.7718 	EXP 	Display Frame 1
386.8051 	EXP 	Display Frame 2
386.8384 	EXP 	Display Frame 3
386.8717 	EXP 	Display Frame 4
386.9052 	EXP 	Display Frame 5
386.9384 	EXP 	Display Frame 6
386.9718 	EXP 	Display Frame 7
387.0051 	EXP 	Display Frame 8
387.0384 	EXP 	Display Frame 9
387.0718 	EXP 	Display Frame 0
387.1051 	EXP 	Display Frame 1
387.1384 	EXP 	Display Frame 2
387.1717 	EXP 	Display Frame 3
387.2051 	EXP 	Display Frame 4
387.2384 	EXP 	Display Frame 5
387.2718 	EXP 	Display Frame 6
387.3051 	EXP 	Display Frame 7
387.3383 	EXP 	Display Frame 8
387.3718 	EXP 	Display Frame 9
387.4051 	EXP 	Display Frame 0
387.4385 	EXP 	Display Frame 1
387.4717 	EXP 	Display Frame 2
387.5051 	EXP 	Display Frame 3
387.5384 	EXP 	Display Frame 4
387.5715 	DATA 	Keypress: equal
387.5729 	EXP 	Display Frame 5
387.5799 	EXP 	Display Fixation
392.7588 	DATA 	Keypress: equal
397.9529 	DATA 	Keypress: equal
403.1452 	DATA 	Keypress: equal
408.3405 	DATA 	Keypress: equal
413.5327 	DATA 	Keypress: equal
418.7262 	DATA 	Keypress: equal
418.7646 	EXP 	Display Frame 1
418.7946 	EXP 	Display Frame 2
418.8278 	EXP 	Display Frame 3
418.8611 	EXP 	Display Frame 4
418.8945 	EXP 	Display Frame 5
418.9278 	EXP 	Display Frame 6
418.9611 	EXP 	Display Frame 7
418.9945 	EXP 	Display Frame 8
419.0278 	EXP 	Display Frame 9
419.0612 	EXP 	Display Frame 0
419.0944 	EXP 	Display Frame 1
419.1277 	EXP 	Display Frame 2
419.1611 	EXP 	Display Frame 3
419.1944 	EXP 	Display Frame 4
419.2278 	EXP 	Display Frame 5
419.2610 	EXP 	Display Frame 6
419.2944 	EXP 	Display Frame 7
419.3277 	EXP 	Display Frame 8
419.3611 	EXP 	Display Frame 9
419.3943 	EXP 	Display Frame 0
419.4278 	EXP 	Display Frame 1
419.4610 	EXP 	Display Frame 2
419.4945 	EXP 	Display Frame 3
419.5277 	EXP 	Display Frame 4
419.5612 	EXP 	Display Frame 5
419.5944 	EXP 	Display Frame 6
419.6277 	EXP 	Display Frame 7
419.6611 	EXP 	Display Frame 8
419.6944 	EXP 	Display Frame 9
419.7277 	EXP 	Display Frame 0
419.7611 	EXP 	Display Frame 1
419.7944 	EXP 	Display Frame 2
419.8277 	EXP 	Display Frame 3
419.8611 	EXP 	Display Frame 4
419.8946 	EXP 	Display Frame 5
419.9277 	EXP 	Display Frame 6
419.9610 	EXP 	Display Frame 7
419.9944 	EXP 	Display Frame 8
420.0277 	EXP 	Display Frame 9
420.0612 	EXP 	Display Frame 0
420.0944 	EXP 	Display Frame 1
420.1278 	EXP 	Display Frame 2
420.1612 	EXP 	Display Frame 3
420.1944 	EXP 	Display Frame 4
420.2277 	EXP 	Display Frame 5
420.2610 	EXP 	Display Frame 6
420.2944 	EXP 	Display Frame 7
420.3277 	EXP 	Display Frame 8
420.3610 	EXP 	Display Frame 9
420.3944 	EXP 	Display Frame 0
420.4277 	EXP 	Display Frame 1
420.4611 	EXP 	Display Frame 2
420.4944 	EXP 	Display Frame 3
420.5278 	EXP 	Display Frame 4
420.5610 	EXP 	Display Frame 5
420.5945 	EXP 	Display Frame 6
420.6277 	EXP 	Display Frame 7
420.6610 	EXP 	Display Frame 8
420.6944 	EXP 	Display Frame 9
420.7277 	EXP 	Display Frame 0
420.7610 	EXP 	Display Frame 1
420.7944 	EXP 	Display Frame 2
420.8277 	EXP 	Display Frame 3
420.8610 	EXP 	Display Frame 4
420.8944 	EXP 	Display Frame 5
420.9277 	EXP 	Display Frame 6
420.9610 	EXP 	Display Frame 7
420.9944 	EXP 	Display Frame 8
421.0278 	EXP 	Display Frame 9
421.0611 	EXP 	Display Frame 0
421.0944 	EXP 	Display Frame 1
421.1277 	EXP 	Display Frame 2
421.1610 	EXP 	Display Frame 3
421.1944 	EXP 	Display Frame 4
421.2277 	EXP 	Display Frame 5
421.2611 	EXP 	Display Frame 6
421.2944 	EXP 	Display Frame 7
421.3277 	EXP 	Display Frame 8
421.3610 	EXP 	Display Frame 9
421.3943 	EXP 	Display Frame 0
421.4276 	EXP 	Display Frame 1
421.4610 	EXP 	Display Frame 2
421.4945 	EXP 	Display Frame 3
421.5277 	EXP 	Display Frame 4
421.5611 	EXP 	Display Frame 5
421.5944 	EXP 	Display Frame 6
421.6278 	EXP 	Display Frame 7
421.6610 	EXP 	Display Frame 8
421.6945 	EXP 	Display Frame 9
421.7277 	EXP 	Display Frame 0
421.7610 	EXP 	Display Frame 1
421.7944 	EXP 	Display Frame 2
421.8277 	EXP 	Display Frame 3
421.8611 	EXP 	Display Frame 4
421.8945 	EXP 	Display Frame 5
421.9277 	EXP 	Display Frame 6
421.9610 	EXP 	Display Frame 7
421.9944 	EXP 	Display Frame 8
422.0277 	EXP 	Display Frame 9
422.0610 	EXP 	Display Frame 0
422.0944 	EXP 	Display Frame 1
422.1277 	EXP 	Display Frame 2
422.1610 	EXP 	Display Frame 3
422.1944 	EXP 	Display Frame 4
422.2277 	EXP 	Display Frame 5
422.2611 	EXP 	Display Frame 6
422.2944 	EXP 	Display Frame 7
422.3278 	EXP 	Display Frame 8
422.3611 	EXP 	Display Frame 9
422.3944 	EXP 	Display Frame 0
422.4277 	EXP 	Display Frame 1
422.4610 	EXP 	Display Frame 2
422.4945 	EXP 	Display Frame 3
422.5277 	EXP 	Display Frame 4
422.5611 	EXP 	Display Frame 5
422.5944 	EXP 	Display Frame 6
422.6278 	EXP 	Display Frame 7
422.6610 	EXP 	Display Frame 8
422.6944 	EXP 	Display Frame 9
422.7277 	EXP 	Display Frame 0
422.7610 	EXP 	Display Frame 1
422.7945 	EXP 	Display Frame 2
422.8278 	EXP 	Display Frame 3
422.8611 	EXP 	Display Frame 4
422.8945 	EXP 	Display Frame 5
422.9278 	EXP 	Display Frame 6
422.9610 	EXP 	Display Frame 7
422.9944 	EXP 	Display Frame 8
423.0277 	EXP 	Display Frame 9
423.0612 	EXP 	Display Frame 0
423.0945 	EXP 	Display Frame 1
423.1277 	EXP 	Display Frame 2
423.1611 	EXP 	Display Frame 3
423.1944 	EXP 	Display Frame 4
423.2277 	EXP 	Display Frame 5
423.2611 	EXP 	Display Frame 6
423.2944 	EXP 	Display Frame 7
423.3277 	EXP 	Display Frame 8
423.3611 	EXP 	Display Frame 9
423.3944 	EXP 	Display Frame 0
423.4277 	EXP 	Display Frame 1
423.4611 	EXP 	Display Frame 2
423.4944 	EXP 	Display Frame 3
423.5278 	EXP 	Display Frame 4
423.5611 	EXP 	Display Frame 5
423.5944 	EXP 	Display Frame 6
423.6278 	EXP 	Display Frame 7
423.6611 	EXP 	Display Frame 8
423.6943 	EXP 	Display Frame 9
423.7343 	EXP 	Display Frame 0
423.7610 	EXP 	Display Frame 1
423.7944 	EXP 	Display Frame 2
423.8277 	EXP 	Display Frame 3
423.8610 	EXP 	Display Frame 4
423.8944 	EXP 	Display Frame 5
423.9275 	DATA 	Keypress: equal
423.9292 	EXP 	Display Frame 6
423.9623 	EXP 	Display Frame 7
423.9943 	EXP 	Display Frame 8
424.0278 	EXP 	Display Frame 9
424.0613 	EXP 	Display Frame 0
424.0946 	EXP 	Display Frame 1
424.1277 	EXP 	Display Frame 2
424.1610 	EXP 	Display Frame 3
424.1944 	EXP 	Display Frame 4
424.2277 	EXP 	Display Frame 5
424.2611 	EXP 	Display Frame 6
424.2944 	EXP 	Display Frame 7
424.3277 	EXP 	Display Frame 8
424.3610 	EXP 	Display Frame 9
424.3944 	EXP 	Display Frame 0
424.4277 	EXP 	Display Frame 1
424.4610 	EXP 	Display Frame 2
424.4945 	EXP 	Display Frame 3
424.5277 	EXP 	Display Frame 4
424.5611 	EXP 	Display Frame 5
424.5946 	EXP 	Display Frame 6
424.6278 	EXP 	Display Frame 7
424.6610 	EXP 	Display Frame 8
424.6944 	EXP 	Display Frame 9
424.7277 	EXP 	Display Frame 0
424.7611 	EXP 	Display Frame 1
424.7945 	EXP 	Display Frame 2
424.8277 	EXP 	Display Frame 3
424.8610 	EXP 	Display Frame 4
424.8944 	EXP 	Display Frame 5
424.9278 	EXP 	Display Frame 6
424.9610 	EXP 	Display Frame 7
424.9945 	EXP 	Display Frame 8
425.0277 	EXP 	Display Frame 9
425.0610 	EXP 	Display Frame 0
425.0944 	EXP 	Display Frame 1
425.1277 	EXP 	Display Frame 2
425.1610 	EXP 	Display Frame 3
425.1944 	EXP 	Display Frame 4
425.2277 	EXP 	Display Frame 5
425.2610 	EXP 	Display Frame 6
425.2944 	EXP 	Display Frame 7
425.3277 	EXP 	Display Frame 8
425.3610 	EXP 	Display Frame 9
425.3944 	EXP 	Display Frame 0
425.4277 	EXP 	Display Frame 1
425.4611 	EXP 	Display Frame 2
425.4956 	EXP 	Display Frame 3
425.5277 	EXP 	Display Frame 4
425.5611 	EXP 	Display Frame 5
425.5944 	EXP 	Display Frame 6
425.6277 	EXP 	Display Frame 7
425.6610 	EXP 	Display Frame 8
425.6944 	EXP 	Display Frame 9
425.7277 	EXP 	Display Frame 0
425.7612 	EXP 	Display Frame 1
425.7944 	EXP 	Display Frame 2
425.8278 	EXP 	Display Frame 3
425.8610 	EXP 	Display Frame 4
425.8944 	EXP 	Display Frame 5
425.9278 	EXP 	Display Frame 6
425.9611 	EXP 	Display Frame 7
425.9945 	EXP 	Display Frame 8
426.0278 	EXP 	Display Frame 9
426.0610 	EXP 	Display Frame 0
426.0944 	EXP 	Display Frame 1
426.1277 	EXP 	Display Frame 2
426.1610 	EXP 	Display Frame 3
426.1944 	EXP 	Display Frame 4
426.2277 	EXP 	Display Frame 5
426.2611 	EXP 	Display Frame 6
426.2944 	EXP 	Display Frame 7
426.3277 	EXP 	Display Frame 8
426.3611 	EXP 	Display Frame 9
426.3944 	EXP 	Display Frame 0
426.4277 	EXP 	Display Frame 1
426.4611 	EXP 	Display Frame 2
426.4943 	EXP 	Display Frame 3
426.5277 	EXP 	Display Frame 4
426.5611 	EXP 	Display Frame 5
426.5944 	EXP 	Display Frame 6
426.6277 	EXP 	Display Frame 7
426.6610 	EXP 	Display Frame 8
426.6944 	EXP 	Display Frame 9
426.7277 	EXP 	Display Frame 0
426.7610 	EXP 	Display Frame 1
426.7944 	EXP 	Display Frame 2
426.8277 	EXP 	Display Frame 3
426.8610 	EXP 	Display Frame 4
426.8944 	EXP 	Display Frame 5
426.9277 	EXP 	Display Frame 6
426.9610 	EXP 	Display Frame 7
426.9943 	EXP 	Display Frame 8
427.0276 	EXP 	Display Frame 9
427.0611 	EXP 	Display Frame 0
427.0944 	EXP 	Display Frame 1
427.1278 	EXP 	Display Frame 2
427.1611 	EXP 	Display Frame 3
427.1944 	EXP 	Display Frame 4
427.2278 	EXP 	Display Frame 5
427.2612 	EXP 	Display Frame 6
427.2944 	EXP 	Display Frame 7
427.3277 	EXP 	Display Frame 8
427.3611 	EXP 	Display Frame 9
427.3944 	EXP 	Display Frame 0
427.4277 	EXP 	Display Frame 1
427.4611 	EXP 	Display Frame 2
427.4944 	EXP 	Display Frame 3
427.5277 	EXP 	Display Frame 4
427.5611 	EXP 	Display Frame 5
427.5944 	EXP 	Display Frame 6
427.6278 	EXP 	Display Frame 7
427.6611 	EXP 	Display Frame 8
427.6945 	EXP 	Display Frame 9
427.7278 	EXP 	Display Frame 0
427.7611 	EXP 	Display Frame 1
427.7945 	EXP 	Display Frame 2
427.8278 	EXP 	Display Frame 3
427.8611 	EXP 	Display Frame 4
427.8946 	EXP 	Display Frame 5
427.9278 	EXP 	Display Frame 6
427.9611 	EXP 	Display Frame 7
427.9944 	EXP 	Display Frame 8
428.0280 	EXP 	Display Frame 9
428.0611 	EXP 	Display Frame 0
428.0943 	EXP 	Display Frame 1
428.1278 	EXP 	Display Frame 2
428.1612 	EXP 	Display Frame 3
428.1944 	EXP 	Display Frame 4
428.2279 	EXP 	Display Frame 5
428.2611 	EXP 	Display Frame 6
428.2943 	EXP 	Display Frame 7
428.3278 	EXP 	Display Frame 8
428.3610 	EXP 	Display Frame 9
428.3944 	EXP 	Display Frame 0
428.4277 	EXP 	Display Frame 1
428.4611 	EXP 	Display Frame 2
428.4944 	EXP 	Display Frame 3
428.5277 	EXP 	Display Frame 4
428.5611 	EXP 	Display Frame 5
428.5944 	EXP 	Display Frame 6
428.6277 	EXP 	Display Frame 7
428.6611 	EXP 	Display Frame 8
428.6944 	EXP 	Display Frame 9
428.7277 	EXP 	Display Frame 0
428.7611 	EXP 	Display Frame 1
428.7945 	EXP 	Display Frame 2
428.8277 	EXP 	Display Frame 3
428.8611 	EXP 	Display Frame 4
428.8944 	EXP 	Display Frame 5
428.9278 	EXP 	Display Frame 6
428.9611 	EXP 	Display Frame 7
428.9944 	EXP 	Display Frame 8
429.0278 	EXP 	Display Frame 9
429.0610 	EXP 	Display Frame 0
429.0944 	EXP 	Display Frame 1
429.1278 	DATA 	Keypress: equal
429.1293 	EXP 	Display Frame 2
429.1610 	EXP 	Display Frame 3
429.1945 	EXP 	Display Frame 4
429.2278 	EXP 	Display Frame 5
429.2624 	EXP 	Display Frame 6
429.2944 	EXP 	Display Frame 7
429.3277 	EXP 	Display Frame 8
429.3611 	EXP 	Display Frame 9
429.3943 	EXP 	Display Frame 0
429.4277 	EXP 	Display Frame 1
429.4610 	EXP 	Display Frame 2
429.4945 	EXP 	Display Frame 3
429.5277 	EXP 	Display Frame 4
429.5625 	EXP 	Display Frame 5
429.5944 	EXP 	Display Frame 6
429.6277 	EXP 	Display Frame 7
429.6610 	EXP 	Display Frame 8
429.6944 	EXP 	Display Frame 9
429.7277 	EXP 	Display Frame 0
429.7610 	EXP 	Display Frame 1
429.7944 	EXP 	Display Frame 2
429.8278 	EXP 	Display Frame 3
429.8611 	EXP 	Display Frame 4
429.8944 	EXP 	Display Frame 5
429.9277 	EXP 	Display Frame 6
429.9611 	EXP 	Display Frame 7
429.9944 	EXP 	Display Frame 8
430.0277 	EXP 	Display Frame 9
430.0610 	EXP 	Display Frame 0
430.0945 	EXP 	Display Frame 1
430.1277 	EXP 	Display Frame 2
430.1610 	EXP 	Display Frame 3
430.1944 	EXP 	Display Frame 4
430.2277 	EXP 	Display Frame 5
430.2610 	EXP 	Display Frame 6
430.2946 	EXP 	Display Frame 7
430.3277 	EXP 	Display Frame 8
430.3611 	EXP 	Display Frame 9
430.3944 	EXP 	Display Frame 0
430.4291 	EXP 	Display Frame 1
430.4610 	EXP 	Display Frame 2
430.4943 	EXP 	Display Frame 3
430.5277 	EXP 	Display Frame 4
430.5610 	EXP 	Display Frame 5
430.5944 	EXP 	Display Frame 6
430.6277 	EXP 	Display Frame 7
430.6610 	EXP 	Display Frame 8
430.6944 	EXP 	Display Frame 9
430.7277 	EXP 	Display Frame 0
430.7610 	EXP 	Display Frame 1
430.7944 	EXP 	Display Frame 2
430.8277 	EXP 	Display Frame 3
430.8611 	EXP 	Display Frame 4
430.8944 	EXP 	Display Frame 5
430.9277 	EXP 	Display Frame 6
430.9612 	EXP 	Display Frame 7
430.9944 	EXP 	Display Frame 8
431.0277 	EXP 	Display Frame 9
431.0610 	EXP 	Display Frame 0
431.0943 	EXP 	Display Frame 1
431.1277 	EXP 	Display Frame 2
431.1610 	EXP 	Display Frame 3
431.1945 	EXP 	Display Frame 4
431.2277 	EXP 	Display Frame 5
431.2612 	EXP 	Display Frame 6
431.2944 	EXP 	Display Frame 7
431.3277 	EXP 	Display Frame 8
431.3611 	EXP 	Display Frame 9
431.3945 	EXP 	Display Frame 0
431.4277 	EXP 	Display Frame 1
431.4611 	EXP 	Display Frame 2
431.4944 	EXP 	Display Frame 3
431.5277 	EXP 	Display Frame 4
431.5611 	EXP 	Display Frame 5
431.5943 	EXP 	Display Frame 6
431.6277 	EXP 	Display Frame 7
431.6610 	EXP 	Display Frame 8
431.6944 	EXP 	Display Frame 9
431.7278 	EXP 	Display Frame 0
431.7611 	EXP 	Display Frame 1
431.7944 	EXP 	Display Frame 2
431.8277 	EXP 	Display Frame 3
431.8611 	EXP 	Display Frame 4
431.8944 	EXP 	Display Frame 5
431.9278 	EXP 	Display Frame 6
431.9610 	EXP 	Display Frame 7
431.9957 	EXP 	Display Frame 8
432.0277 	EXP 	Display Frame 9
432.0614 	EXP 	Display Frame 0
432.0944 	EXP 	Display Frame 1
432.1277 	EXP 	Display Frame 2
432.1610 	EXP 	Display Frame 3
432.1944 	EXP 	Display Frame 4
432.2279 	EXP 	Display Frame 5
432.2610 	EXP 	Display Frame 6
432.2944 	EXP 	Display Frame 7
432.3277 	EXP 	Display Frame 8
432.3610 	EXP 	Display Frame 9
432.3944 	EXP 	Display Frame 0
432.4277 	EXP 	Display Frame 1
432.4610 	EXP 	Display Frame 2
432.4944 	EXP 	Display Frame 3
432.5277 	EXP 	Display Frame 4
432.5610 	EXP 	Display Frame 5
432.5943 	EXP 	Display Frame 6
432.6277 	EXP 	Display Frame 7
432.6610 	EXP 	Display Frame 8
432.6944 	EXP 	Display Frame 9
432.7277 	EXP 	Display Frame 0
432.7610 	EXP 	Display Frame 1
432.7944 	EXP 	Display Frame 2
432.8277 	EXP 	Display Frame 3
432.8610 	EXP 	Display Frame 4
432.8944 	EXP 	Display Frame 5
432.9277 	EXP 	Display Frame 6
432.9611 	EXP 	Display Frame 7
432.9944 	EXP 	Display Frame 8
433.0277 	EXP 	Display Frame 9
433.0610 	EXP 	Display Frame 0
433.0944 	EXP 	Display Frame 1
433.1277 	EXP 	Display Frame 2
433.1610 	EXP 	Display Frame 3
433.1944 	EXP 	Display Frame 4
433.2277 	EXP 	Display Frame 5
433.2611 	EXP 	Display Frame 6
433.2943 	EXP 	Display Frame 7
433.3277 	EXP 	Display Frame 8
433.3610 	EXP 	Display Frame 9
433.3944 	EXP 	Display Frame 0
433.4277 	EXP 	Display Frame 1
433.4611 	EXP 	Display Frame 2
433.4944 	EXP 	Display Frame 3
433.5277 	EXP 	Display Frame 4
433.5611 	EXP 	Display Frame 5
433.5944 	EXP 	Display Frame 6
433.6275 	EXP 	Display Frame 7
433.6610 	EXP 	Display Frame 8
433.6944 	EXP 	Display Frame 9
433.7277 	EXP 	Display Frame 0
433.7611 	EXP 	Display Frame 1
433.7944 	EXP 	Display Frame 2
433.8277 	EXP 	Display Frame 3
433.8610 	EXP 	Display Frame 4
433.8944 	EXP 	Display Frame 5
433.9277 	EXP 	Display Frame 6
433.9611 	EXP 	Display Frame 7
433.9944 	EXP 	Display Frame 8
434.0277 	EXP 	Display Frame 9
434.0611 	EXP 	Display Frame 0
434.0944 	EXP 	Display Frame 1
434.1277 	EXP 	Display Frame 2
434.1611 	EXP 	Display Frame 3
434.1944 	EXP 	Display Frame 4
434.2278 	EXP 	Display Frame 5
434.2611 	EXP 	Display Frame 6
434.2945 	EXP 	Display Frame 7
434.3276 	DATA 	Keypress: equal
434.3290 	EXP 	Display Frame 8
434.3611 	EXP 	Display Frame 9
434.3944 	EXP 	Display Frame 0
434.4278 	EXP 	Display Frame 1
434.4610 	EXP 	Display Frame 2
434.4944 	EXP 	Display Frame 3
434.5277 	EXP 	Display Frame 4
434.5610 	EXP 	Display Frame 5
434.5944 	EXP 	Display Frame 6
434.6294 	EXP 	Display Frame 7
434.6610 	EXP 	Display Frame 8
434.6945 	EXP 	Display Frame 9
434.7278 	EXP 	Display Frame 0
434.7610 	EXP 	Display Frame 1
434.7944 	EXP 	Display Frame 2
434.8277 	EXP 	Display Frame 3
434.8610 	EXP 	Display Frame 4
434.8944 	EXP 	Display Frame 5
434.9277 	EXP 	Display Frame 6
434.9611 	EXP 	Display Frame 7
434.9944 	EXP 	Display Frame 8
435.0277 	EXP 	Display Frame 9
435.0611 	EXP 	Display Frame 0
435.0943 	EXP 	Display Frame 1
435.1277 	EXP 	Display Frame 2
435.1632 	EXP 	Display Frame 3
435.1943 	EXP 	Display Frame 4
435.2277 	EXP 	Display Frame 5
435.2610 	EXP 	Display Frame 6
435.2943 	EXP 	Display Frame 7
435.3278 	EXP 	Display Frame 8
435.3611 	EXP 	Display Frame 9
435.3944 	EXP 	Display Frame 0
435.4277 	EXP 	Display Frame 1
435.4611 	EXP 	Display Frame 2
435.4943 	EXP 	Display Frame 3
435.5278 	EXP 	Display Frame 4
435.5610 	EXP 	Display Frame 5
435.5944 	EXP 	Display Frame 6
435.6278 	EXP 	Display Frame 7
435.6610 	EXP 	Display Frame 8
435.6943 	EXP 	Display Frame 9
435.7278 	EXP 	Display Frame 0
435.7610 	EXP 	Display Frame 1
435.7944 	EXP 	Display Frame 2
435.8278 	EXP 	Display Frame 3
435.8611 	EXP 	Display Frame 4
435.8946 	EXP 	Display Frame 5
435.9277 	EXP 	Display Frame 6
435.9610 	EXP 	Display Frame 7
435.9944 	EXP 	Display Frame 8
436.0277 	EXP 	Display Frame 9
436.0610 	EXP 	Display Frame 0
436.0944 	EXP 	Display Frame 1
436.1278 	EXP 	Display Frame 2
436.1611 	EXP 	Display Frame 3
436.1944 	EXP 	Display Frame 4
436.2277 	EXP 	Display Frame 5
436.2610 	EXP 	Display Frame 6
436.2945 	EXP 	Display Frame 7
436.3277 	EXP 	Display Frame 8
436.3611 	EXP 	Display Frame 9
436.3944 	EXP 	Display Frame 0
436.4278 	EXP 	Display Frame 1
436.4622 	EXP 	Display Frame 2
436.4945 	EXP 	Display Frame 3
436.5277 	EXP 	Display Frame 4
436.5612 	EXP 	Display Frame 5
436.5944 	EXP 	Display Frame 6
436.6278 	EXP 	Display Frame 7
436.6610 	EXP 	Display Frame 8
436.6945 	EXP 	Display Frame 9
436.7277 	EXP 	Display Frame 0
436.7610 	EXP 	Display Frame 1
436.7944 	EXP 	Display Frame 2
436.8280 	EXP 	Display Frame 3
436.8610 	EXP 	Display Frame 4
436.8944 	EXP 	Display Frame 5
436.9277 	EXP 	Display Frame 6
436.9610 	EXP 	Display Frame 7
436.9944 	EXP 	Display Frame 8
437.0277 	EXP 	Display Frame 9
437.0610 	EXP 	Display Frame 0
437.0944 	EXP 	Display Frame 1
437.1277 	EXP 	Display Frame 2
437.1611 	EXP 	Display Frame 3
437.1961 	EXP 	Display Frame 4
437.2277 	EXP 	Display Frame 5
437.2610 	EXP 	Display Frame 6
437.2944 	EXP 	Display Frame 7
437.3279 	EXP 	Display Frame 8
437.3611 	EXP 	Display Frame 9
437.3945 	EXP 	Display Frame 0
437.4277 	EXP 	Display Frame 1
437.4610 	EXP 	Display Frame 2
437.4944 	EXP 	Display Frame 3
437.5277 	EXP 	Display Frame 4
437.5611 	EXP 	Display Frame 5
437.5944 	EXP 	Display Frame 6
437.6277 	EXP 	Display Frame 7
437.6611 	EXP 	Display Frame 8
437.6944 	EXP 	Display Frame 9
437.7278 	EXP 	Display Frame 0
437.7610 	EXP 	Display Frame 1
437.7944 	EXP 	Display Frame 2
437.8277 	EXP 	Display Frame 3
437.8611 	EXP 	Display Frame 4
437.8944 	EXP 	Display Frame 5
437.9277 	EXP 	Display Frame 6
437.9610 	EXP 	Display Frame 7
437.9944 	EXP 	Display Frame 8
438.0277 	EXP 	Display Frame 9
438.0610 	EXP 	Display Frame 0
438.0944 	EXP 	Display Frame 1
438.1277 	EXP 	Display Frame 2
438.1611 	EXP 	Display Frame 3
438.1944 	EXP 	Display Frame 4
438.2277 	EXP 	Display Frame 5
438.2610 	EXP 	Display Frame 6
438.2944 	EXP 	Display Frame 7
438.3277 	EXP 	Display Frame 8
438.3612 	EXP 	Display Frame 9
438.3944 	EXP 	Display Frame 0
438.4277 	EXP 	Display Frame 1
438.4610 	EXP 	Display Frame 2
438.4945 	EXP 	Display Frame 3
438.5277 	EXP 	Display Frame 4
438.5611 	EXP 	Display Frame 5
438.5944 	EXP 	Display Frame 6
438.6277 	EXP 	Display Frame 7
438.6611 	EXP 	Display Frame 8
438.6944 	EXP 	Display Frame 9
438.7278 	EXP 	Display Frame 0
438.7610 	EXP 	Display Frame 1
438.7944 	EXP 	Display Frame 2
438.8278 	EXP 	Display Frame 3
438.8610 	EXP 	Display Frame 4
438.8944 	EXP 	Display Frame 5
438.9277 	EXP 	Display Frame 6
438.9612 	EXP 	Display Frame 7
438.9944 	EXP 	Display Frame 8
439.0277 	EXP 	Display Frame 9
439.0610 	EXP 	Display Frame 0
439.0944 	EXP 	Display Frame 1
439.1277 	EXP 	Display Frame 2
439.1610 	EXP 	Display Frame 3
439.1944 	EXP 	Display Frame 4
439.2277 	EXP 	Display Frame 5
439.2610 	EXP 	Display Frame 6
439.2944 	EXP 	Display Frame 7
439.3277 	EXP 	Display Frame 8
439.3611 	EXP 	Display Frame 9
439.3944 	EXP 	Display Frame 0
439.4277 	EXP 	Display Frame 1
439.4611 	EXP 	Display Frame 2
439.4944 	EXP 	Display Frame 3
439.5275 	DATA 	Keypress: equal
439.5292 	EXP 	Display Frame 4
439.5611 	EXP 	Display Frame 5
439.5945 	EXP 	Display Frame 6
439.6277 	EXP 	Display Frame 7
439.6613 	EXP 	Display Frame 8
439.6944 	EXP 	Display Frame 9
439.7277 	EXP 	Display Frame 0
439.7610 	EXP 	Display Frame 1
439.7945 	EXP 	Display Frame 2
439.8277 	EXP 	Display Frame 3
439.8612 	EXP 	Display Frame 4
439.8944 	EXP 	Display Frame 5
439.9278 	EXP 	Display Frame 6
439.9610 	EXP 	Display Frame 7
439.9944 	EXP 	Display Frame 8
440.0277 	EXP 	Display Frame 9
440.0611 	EXP 	Display Frame 0
440.0943 	EXP 	Display Frame 1
440.1277 	EXP 	Display Frame 2
440.1611 	EXP 	Display Frame 3
440.1944 	EXP 	Display Frame 4
440.2277 	EXP 	Display Frame 5
440.2610 	EXP 	Display Frame 6
440.2944 	EXP 	Display Frame 7
440.3277 	EXP 	Display Frame 8
440.3611 	EXP 	Display Frame 9
440.3944 	EXP 	Display Frame 0
440.4277 	EXP 	Display Frame 1
440.4611 	EXP 	Display Frame 2
440.4944 	EXP 	Display Frame 3
440.5277 	EXP 	Display Frame 4
440.5611 	EXP 	Display Frame 5
440.5944 	EXP 	Display Frame 6
440.6277 	EXP 	Display Frame 7
440.6610 	EXP 	Display Frame 8
440.6944 	EXP 	Display Frame 9
440.7277 	EXP 	Display Frame 0
440.7610 	EXP 	Display Frame 1
440.7944 	EXP 	Display Frame 2
440.8280 	EXP 	Display Frame 3
440.8611 	EXP 	Display Frame 4
440.8946 	EXP 	Display Frame 5
440.9277 	EXP 	Display Frame 6
440.9611 	EXP 	Display Frame 7
440.9944 	EXP 	Display Frame 8
441.0278 	EXP 	Display Frame 9
441.0612 	EXP 	Display Frame 0
441.0944 	EXP 	Display Frame 1
441.1278 	EXP 	Display Frame 2
441.1611 	EXP 	Display Frame 3
441.1945 	EXP 	Display Frame 4
441.2279 	EXP 	Display Frame 5
441.2610 	EXP 	Display Frame 6
441.2944 	EXP 	Display Frame 7
441.3278 	EXP 	Display Frame 8
441.3611 	EXP 	Display Frame 9
441.3944 	EXP 	Display Frame 0
441.4278 	EXP 	Display Frame 1
441.4611 	EXP 	Display Frame 2
441.4944 	EXP 	Display Frame 3
441.5277 	EXP 	Display Frame 4
441.5610 	EXP 	Display Frame 5
441.5944 	EXP 	Display Frame 6
441.6277 	EXP 	Display Frame 7
441.6612 	EXP 	Display Frame 8
441.6944 	EXP 	Display Frame 9
441.7278 	EXP 	Display Frame 0
441.7610 	EXP 	Display Frame 1
441.7945 	EXP 	Display Frame 2
441.8278 	EXP 	Display Frame 3
441.8612 	EXP 	Display Frame 4
441.8944 	EXP 	Display Frame 5
441.9277 	EXP 	Display Frame 6
441.9611 	EXP 	Display Frame 7
441.9945 	EXP 	Display Frame 8
442.0277 	EXP 	Display Frame 9
442.0611 	EXP 	Display Frame 0
442.0944 	EXP 	Display Frame 1
442.1279 	EXP 	Display Frame 2
442.1610 	EXP 	Display Frame 3
442.1944 	EXP 	Display Frame 4
442.2277 	EXP 	Display Frame 5
442.2610 	EXP 	Display Frame 6
442.2943 	EXP 	Display Frame 7
442.3278 	EXP 	Display Frame 8
442.3611 	EXP 	Display Frame 9
442.3943 	EXP 	Display Frame 0
442.4277 	EXP 	Display Frame 1
442.4610 	EXP 	Display Frame 2
442.4944 	EXP 	Display Frame 3
442.5277 	EXP 	Display Frame 4
442.5611 	EXP 	Display Frame 5
442.5944 	EXP 	Display Frame 6
442.6277 	EXP 	Display Frame 7
442.6610 	EXP 	Display Frame 8
442.6944 	EXP 	Display Frame 9
442.7277 	EXP 	Display Frame 0
442.7610 	EXP 	Display Frame 1
442.7958 	EXP 	Display Frame 2
442.8277 	EXP 	Display Frame 3
442.8611 	EXP 	Display Frame 4
442.8944 	EXP 	Display Frame 5
442.9277 	EXP 	Display Frame 6
442.9611 	EXP 	Display Frame 7
442.9944 	EXP 	Display Frame 8
443.0277 	EXP 	Display Frame 9
443.0610 	EXP 	Display Frame 0
443.0944 	EXP 	Display Frame 1
443.1277 	EXP 	Display Frame 2
443.1611 	EXP 	Display Frame 3
443.1944 	EXP 	Display Frame 4
443.2277 	EXP 	Display Frame 5
443.2610 	EXP 	Display Frame 6
443.2944 	EXP 	Display Frame 7
443.3277 	EXP 	Display Frame 8
443.3610 	EXP 	Display Frame 9
443.3944 	EXP 	Display Frame 0
443.4277 	EXP 	Display Frame 1
443.4612 	EXP 	Display Frame 2
443.4944 	EXP 	Display Frame 3
443.5277 	EXP 	Display Frame 4
443.5611 	EXP 	Display Frame 5
443.5944 	EXP 	Display Frame 6
443.6277 	EXP 	Display Frame 7
443.6611 	EXP 	Display Frame 8
443.6944 	EXP 	Display Frame 9
443.7277 	EXP 	Display Frame 0
443.7610 	EXP 	Display Frame 1
443.7945 	EXP 	Display Frame 2
443.8277 	EXP 	Display Frame 3
443.8612 	EXP 	Display Frame 4
443.8945 	EXP 	Display Frame 5
443.9278 	EXP 	Display Frame 6
443.9611 	EXP 	Display Frame 7
443.9945 	EXP 	Display Frame 8
444.0278 	EXP 	Display Frame 9
444.0611 	EXP 	Display Frame 0
444.0945 	EXP 	Display Frame 1
444.1279 	EXP 	Display Frame 2
444.1611 	EXP 	Display Frame 3
444.1946 	EXP 	Display Frame 4
444.2279 	EXP 	Display Frame 5
444.2611 	EXP 	Display Frame 6
444.2944 	EXP 	Display Frame 7
444.3279 	EXP 	Display Frame 8
444.3612 	EXP 	Display Frame 9
444.3944 	EXP 	Display Frame 0
444.4277 	EXP 	Display Frame 1
444.4610 	EXP 	Display Frame 2
444.4944 	EXP 	Display Frame 3
444.5277 	EXP 	Display Frame 4
444.5612 	EXP 	Display Frame 5
444.5944 	EXP 	Display Frame 6
444.6278 	EXP 	Display Frame 7
444.6612 	EXP 	Display Frame 8
444.6944 	EXP 	Display Frame 9
444.6954 	DATA 	Keypress: equal
444.7293 	EXP 	Display Frame 0
444.7611 	EXP 	Display Frame 1
444.7944 	EXP 	Display Frame 2
444.8277 	EXP 	Display Frame 3
444.8610 	EXP 	Display Frame 4
444.8945 	EXP 	Display Frame 5
444.9277 	EXP 	Display Frame 6
444.9610 	EXP 	Display Frame 7
444.9944 	EXP 	Display Frame 8
445.0280 	EXP 	Display Frame 9
445.0610 	EXP 	Display Frame 0
445.0945 	EXP 	Display Frame 1
445.1277 	EXP 	Display Frame 2
445.1612 	EXP 	Display Frame 3
445.1944 	EXP 	Display Frame 4
445.2278 	EXP 	Display Frame 5
445.2610 	EXP 	Display Frame 6
445.2944 	EXP 	Display Frame 7
445.3278 	EXP 	Display Frame 8
445.3612 	EXP 	Display Frame 9
445.3944 	EXP 	Display Frame 0
445.4277 	EXP 	Display Frame 1
445.4610 	EXP 	Display Frame 2
445.4944 	EXP 	Display Frame 3
445.5277 	EXP 	Display Frame 4
445.5610 	EXP 	Display Frame 5
445.5944 	EXP 	Display Frame 6
445.6277 	EXP 	Display Frame 7
445.6610 	EXP 	Display Frame 8
445.6944 	EXP 	Display Frame 9
445.7278 	EXP 	Display Frame 0
445.7610 	EXP 	Display Frame 1
445.7945 	EXP 	Display Frame 2
445.8277 	EXP 	Display Frame 3
445.8611 	EXP 	Display Frame 4
445.8944 	EXP 	Display Frame 5
445.9278 	EXP 	Display Frame 6
445.9610 	EXP 	Display Frame 7
445.9943 	EXP 	Display Frame 8
446.0277 	EXP 	Display Frame 9
446.0611 	EXP 	Display Frame 0
446.0943 	EXP 	Display Frame 1
446.1277 	EXP 	Display Frame 2
446.1610 	EXP 	Display Frame 3
446.1944 	EXP 	Display Frame 4
446.2277 	EXP 	Display Frame 5
446.2610 	EXP 	Display Frame 6
446.2944 	EXP 	Display Frame 7
446.3277 	EXP 	Display Frame 8
446.3610 	EXP 	Display Frame 9
446.3943 	EXP 	Display Frame 0
446.4277 	EXP 	Display Frame 1
446.4610 	EXP 	Display Frame 2
446.4943 	EXP 	Display Frame 3
446.5277 	EXP 	Display Frame 4
446.5610 	EXP 	Display Frame 5
446.5943 	EXP 	Display Frame 6
446.6277 	EXP 	Display Frame 7
446.6610 	EXP 	Display Frame 8
446.6944 	EXP 	Display Frame 9
446.7277 	EXP 	Display Frame 0
446.7610 	EXP 	Display Frame 1
446.7946 	EXP 	Display Frame 2
446.8277 	EXP 	Display Frame 3
446.8632 	EXP 	Display Frame 4
446.8945 	EXP 	Display Frame 5
446.9277 	EXP 	Display Frame 6
446.9611 	EXP 	Display Frame 7
446.9944 	EXP 	Display Frame 8
447.0278 	EXP 	Display Frame 9
447.0610 	EXP 	Display Frame 0
447.0945 	EXP 	Display Frame 1
447.1277 	EXP 	Display Frame 2
447.1610 	EXP 	Display Frame 3
447.1944 	EXP 	Display Frame 4
447.2278 	EXP 	Display Frame 5
447.2610 	EXP 	Display Frame 6
447.2945 	EXP 	Display Frame 7
447.3277 	EXP 	Display Frame 8
447.3610 	EXP 	Display Frame 9
447.3943 	EXP 	Display Frame 0
447.4277 	EXP 	Display Frame 1
447.4610 	EXP 	Display Frame 2
447.4944 	EXP 	Display Frame 3
447.5277 	EXP 	Display Frame 4
447.5610 	EXP 	Display Frame 5
447.5944 	EXP 	Display Frame 6
447.6277 	EXP 	Display Frame 7
447.6610 	EXP 	Display Frame 8
447.6943 	EXP 	Display Frame 9
447.7277 	EXP 	Display Frame 0
447.7610 	EXP 	Display Frame 1
447.7945 	EXP 	Display Frame 2
447.8277 	EXP 	Display Frame 3
447.8610 	EXP 	Display Frame 4
447.8944 	EXP 	Display Frame 5
447.9277 	EXP 	Display Frame 6
447.9610 	EXP 	Display Frame 7
447.9963 	EXP 	Display Frame 8
448.0277 	EXP 	Display Frame 9
448.0611 	EXP 	Display Frame 0
448.0944 	EXP 	Display Frame 1
448.1292 	EXP 	Display Frame 2
448.1610 	EXP 	Display Frame 3
448.1945 	EXP 	Display Frame 4
448.2277 	EXP 	Display Frame 5
448.2611 	EXP 	Display Frame 6
448.2961 	EXP 	Display Frame 7
448.3277 	EXP 	Display Frame 8
448.3610 	EXP 	Display Frame 9
448.3943 	EXP 	Display Frame 0
448.4277 	EXP 	Display Frame 1
448.4610 	EXP 	Display Frame 2
448.4944 	EXP 	Display Frame 3
448.5277 	EXP 	Display Frame 4
448.5611 	EXP 	Display Frame 5
448.5944 	EXP 	Display Frame 6
448.6277 	EXP 	Display Frame 7
448.6610 	EXP 	Display Frame 8
448.6944 	EXP 	Display Frame 9
448.7277 	EXP 	Display Frame 0
448.7610 	EXP 	Display Frame 1
448.7943 	EXP 	Display Frame 2
448.8277 	EXP 	Display Frame 3
448.8610 	EXP 	Display Frame 4
448.8959 	EXP 	Display Frame 5
448.9277 	EXP 	Display Frame 6
448.9610 	EXP 	Display Frame 7
448.9944 	EXP 	Display Frame 8
449.0277 	EXP 	Display Frame 9
449.0610 	EXP 	Display Frame 0
449.0944 	EXP 	Display Frame 1
449.1277 	EXP 	Display Frame 2
449.1612 	EXP 	Display Frame 3
449.1944 	EXP 	Display Frame 4
449.2277 	EXP 	Display Frame 5
449.2610 	EXP 	Display Frame 6
449.2943 	EXP 	Display Frame 7
449.3277 	EXP 	Display Frame 8
449.3611 	EXP 	Display Frame 9
449.3944 	EXP 	Display Frame 0
449.4279 	EXP 	Display Frame 1
449.4610 	EXP 	Display Frame 2
449.4946 	EXP 	Display Frame 3
449.5277 	EXP 	Display Frame 4
449.5611 	EXP 	Display Frame 5
449.5944 	EXP 	Display Frame 6
449.6278 	EXP 	Display Frame 7
449.6611 	EXP 	Display Frame 8
449.6945 	EXP 	Display Frame 9
449.7278 	EXP 	Display Frame 0
449.7610 	EXP 	Display Frame 1
449.7944 	EXP 	Display Frame 2
449.8279 	EXP 	Display Frame 3
449.8610 	EXP 	Display Frame 4
449.8941 	DATA 	Keypress: equal
449.8957 	EXP 	Display Frame 5
449.9002 	EXP 	Display Fixation
455.0820 	DATA 	Keypress: equal
460.2758 	DATA 	Keypress: equal
465.4691 	DATA 	Keypress: equal
470.6630 	DATA 	Keypress: equal
475.8563 	DATA 	Keypress: equal
481.0497 	DATA 	Keypress: equal
481.0850 	EXP 	Display Frame 1
481.1180 	EXP 	Display Frame 2
481.1513 	EXP 	Display Frame 3
481.1846 	EXP 	Display Frame 4
481.2180 	EXP 	Display Frame 5
481.2512 	EXP 	Display Frame 6
481.2847 	EXP 	Display Frame 7
481.3179 	EXP 	Display Frame 8
481.3513 	EXP 	Display Frame 9
481.3846 	EXP 	Display Frame 0
481.4178 	EXP 	Display Frame 1
481.4512 	EXP 	Display Frame 2
481.4845 	EXP 	Display Frame 3
481.5179 	EXP 	Display Frame 4
481.5512 	EXP 	Display Frame 5
481.5846 	EXP 	Display Frame 6
481.6179 	EXP 	Display Frame 7
481.6513 	EXP 	Display Frame 8
481.6845 	EXP 	Display Frame 9
481.7179 	EXP 	Display Frame 0
481.7512 	EXP 	Display Frame 1
481.7846 	EXP 	Display Frame 2
481.8179 	EXP 	Display Frame 3
481.8513 	EXP 	Display Frame 4
481.8845 	EXP 	Display Frame 5
481.9181 	EXP 	Display Frame 6
481.9512 	EXP 	Display Frame 7
481.9845 	EXP 	Display Frame 8
482.0179 	EXP 	Display Frame 9
482.0512 	EXP 	Display Frame 0
482.0846 	EXP 	Display Frame 1
482.1179 	EXP 	Display Frame 2
482.1512 	EXP 	Display Frame 3
482.1845 	EXP 	Display Frame 4
482.2179 	EXP 	Display Frame 5
482.2512 	EXP 	Display Frame 6
482.2845 	EXP 	Display Frame 7
482.3179 	EXP 	Display Frame 8
482.3512 	EXP 	Display Frame 9
482.3845 	EXP 	Display Frame 0
482.4179 	EXP 	Display Frame 1
482.4512 	EXP 	Display Frame 2
482.4846 	EXP 	Display Frame 3
482.5179 	EXP 	Display Frame 4
482.5512 	EXP 	Display Frame 5
482.5845 	EXP 	Display Frame 6
482.6179 	EXP 	Display Frame 7
482.6512 	EXP 	Display Frame 8
482.6845 	EXP 	Display Frame 9
482.7178 	EXP 	Display Frame 0
482.7526 	EXP 	Display Frame 1
482.7845 	EXP 	Display Frame 2
482.8180 	EXP 	Display Frame 3
482.8512 	EXP 	Display Frame 4
482.8845 	EXP 	Display Frame 5
482.9178 	EXP 	Display Frame 6
482.9512 	EXP 	Display Frame 7
482.9845 	EXP 	Display Frame 8
483.0180 	EXP 	Display Frame 9
483.0512 	EXP 	Display Frame 0
483.0845 	EXP 	Display Frame 1
483.1179 	EXP 	Display Frame 2
483.1512 	EXP 	Display Frame 3
483.1845 	EXP 	Display Frame 4
483.2179 	EXP 	Display Frame 5
483.2512 	EXP 	Display Frame 6
483.2845 	EXP 	Display Frame 7
483.3179 	EXP 	Display Frame 8
483.3512 	EXP 	Display Frame 9
483.3845 	EXP 	Display Frame 0
483.4178 	EXP 	Display Frame 1
483.4513 	EXP 	Display Frame 2
483.4846 	EXP 	Display Frame 3
483.5190 	EXP 	Display Frame 4
483.5512 	EXP 	Display Frame 5
483.5846 	EXP 	Display Frame 6
483.6179 	EXP 	Display Frame 7
483.6513 	EXP 	Display Frame 8
483.6845 	EXP 	Display Frame 9
483.7180 	EXP 	Display Frame 0
483.7515 	EXP 	Display Frame 1
483.7845 	EXP 	Display Frame 2
483.8179 	EXP 	Display Frame 3
483.8513 	EXP 	Display Frame 4
483.8845 	EXP 	Display Frame 5
483.9180 	EXP 	Display Frame 6
483.9512 	EXP 	Display Frame 7
483.9846 	EXP 	Display Frame 8
484.0178 	EXP 	Display Frame 9
484.0512 	EXP 	Display Frame 0
484.0845 	EXP 	Display Frame 1
484.1179 	EXP 	Display Frame 2
484.1512 	EXP 	Display Frame 3
484.1845 	EXP 	Display Frame 4
484.2178 	EXP 	Display Frame 5
484.2515 	EXP 	Display Frame 6
484.2845 	EXP 	Display Frame 7
484.3178 	EXP 	Display Frame 8
484.3512 	EXP 	Display Frame 9
484.3845 	EXP 	Display Frame 0
484.4178 	EXP 	Display Frame 1
484.4512 	EXP 	Display Frame 2
484.4845 	EXP 	Display Frame 3
484.5178 	EXP 	Display Frame 4
484.5512 	EXP 	Display Frame 5
484.5845 	EXP 	Display Frame 6
484.6183 	EXP 	Display Frame 7
484.6512 	EXP 	Display Frame 8
484.6846 	EXP 	Display Frame 9
484.7179 	EXP 	Display Frame 0
484.7512 	EXP 	Display Frame 1
484.7847 	EXP 	Display Frame 2
484.8180 	EXP 	Display Frame 3
484.8512 	EXP 	Display Frame 4
484.8846 	EXP 	Display Frame 5
484.9178 	EXP 	Display Frame 6
484.9512 	EXP 	Display Frame 7
484.9845 	EXP 	Display Frame 8
485.0178 	EXP 	Display Frame 9
485.0512 	EXP 	Display Frame 0
485.0845 	EXP 	Display Frame 1
485.1178 	EXP 	Display Frame 2
485.1512 	EXP 	Display Frame 3
485.1846 	EXP 	Display Frame 4
485.2178 	EXP 	Display Frame 5
485.2512 	EXP 	Display Frame 6
485.2845 	EXP 	Display Frame 7
485.3178 	EXP 	Display Frame 8
485.3511 	EXP 	Display Frame 9
485.3845 	EXP 	Display Frame 0
485.4178 	EXP 	Display Frame 1
485.4513 	EXP 	Display Frame 2
485.4845 	EXP 	Display Frame 3
485.5178 	EXP 	Display Frame 4
485.5511 	EXP 	Display Frame 5
485.5845 	EXP 	Display Frame 6
485.6178 	EXP 	Display Frame 7
485.6513 	EXP 	Display Frame 8
485.6845 	EXP 	Display Frame 9
485.7178 	EXP 	Display Frame 0
485.7512 	EXP 	Display Frame 1
485.7845 	EXP 	Display Frame 2
485.8178 	EXP 	Display Frame 3
485.8512 	EXP 	Display Frame 4
485.8845 	EXP 	Display Frame 5
485.9178 	EXP 	Display Frame 6
485.9511 	EXP 	Display Frame 7
485.9846 	EXP 	Display Frame 8
486.0178 	EXP 	Display Frame 9
486.0512 	EXP 	Display Frame 0
486.0845 	EXP 	Display Frame 1
486.1178 	EXP 	Display Frame 2
486.1512 	EXP 	Display Frame 3
486.1845 	EXP 	Display Frame 4
486.2179 	EXP 	Display Frame 5
486.2511 	DATA 	Keypress: equal
486.2525 	EXP 	Display Frame 6
486.2845 	EXP 	Display Frame 7
486.3178 	EXP 	Display Frame 8
486.3512 	EXP 	Display Frame 9
486.3846 	EXP 	Display Frame 0
486.4178 	EXP 	Display Frame 1
486.4512 	EXP 	Display Frame 2
486.4845 	EXP 	Display Frame 3
486.5178 	EXP 	Display Frame 4
486.5511 	EXP 	Display Frame 5
486.5845 	EXP 	Display Frame 6
486.6178 	EXP 	Display Frame 7
486.6512 	EXP 	Display Frame 8
486.6845 	EXP 	Display Frame 9
486.7179 	EXP 	Display Frame 0
486.7513 	EXP 	Display Frame 1
486.7845 	EXP 	Display Frame 2
486.8178 	EXP 	Display Frame 3
486.8512 	EXP 	Display Frame 4
486.8845 	EXP 	Display Frame 5
486.9179 	EXP 	Display Frame 6
486.9512 	EXP 	Display Frame 7
486.9845 	EXP 	Display Frame 8
487.0180 	EXP 	Display Frame 9
487.0511 	EXP 	Display Frame 0
487.0845 	EXP 	Display Frame 1
487.1178 	EXP 	Display Frame 2
487.1513 	EXP 	Display Frame 3
487.1845 	EXP 	Display Frame 4
487.2180 	EXP 	Display Frame 5
487.2512 	EXP 	Display Frame 6
487.2845 	EXP 	Display Frame 7
487.3178 	EXP 	Display Frame 8
487.3512 	EXP 	Display Frame 9
487.3845 	EXP 	Display Frame 0
487.4178 	EXP 	Display Frame 1
487.4512 	EXP 	Display Frame 2
487.4845 	EXP 	Display Frame 3
487.5178 	EXP 	Display Frame 4
487.5512 	EXP 	Display Frame 5
487.5847 	EXP 	Display Frame 6
487.6178 	EXP 	Display Frame 7
487.6512 	EXP 	Display Frame 8
487.6845 	EXP 	Display Frame 9
487.7179 	EXP 	Display Frame 0
487.7512 	EXP 	Display Frame 1
487.7846 	EXP 	Display Frame 2
487.8178 	EXP 	Display Frame 3
487.8512 	EXP 	Display Frame 4
487.8845 	EXP 	Display Frame 5
487.9178 	EXP 	Display Frame 6
487.9512 	EXP 	Display Frame 7
487.9846 	EXP 	Display Frame 8
488.0178 	EXP 	Display Frame 9
488.0513 	EXP 	Display Frame 0
488.0844 	EXP 	Display Frame 1
488.1179 	EXP 	Display Frame 2
488.1511 	EXP 	Display Frame 3
488.1848 	EXP 	Display Frame 4
488.2179 	EXP 	Display Frame 5
488.2511 	EXP 	Display Frame 6
488.2845 	EXP 	Display Frame 7
488.3178 	EXP 	Display Frame 8
488.3511 	EXP 	Display Frame 9
488.3846 	EXP 	Display Frame 0
488.4179 	EXP 	Display Frame 1
488.4512 	EXP 	Display Frame 2
488.4845 	EXP 	Display Frame 3
488.5178 	EXP 	Display Frame 4
488.5512 	EXP 	Display Frame 5
488.5845 	EXP 	Display Frame 6
488.6178 	EXP 	Display Frame 7
488.6511 	EXP 	Display Frame 8
488.6846 	EXP 	Display Frame 9
488.7179 	EXP 	Display Frame 0
488.7512 	EXP 	Display Frame 1
488.7845 	EXP 	Display Frame 2
488.8178 	EXP 	Display Frame 3
488.8512 	EXP 	Display Frame 4
488.8846 	EXP 	Display Frame 5
488.9178 	EXP 	Display Frame 6
488.9513 	EXP 	Display Frame 7
488.9845 	EXP 	Display Frame 8
489.0180 	EXP 	Display Frame 9
489.0512 	EXP 	Display Frame 0
489.0845 	EXP 	Display Frame 1
489.1179 	EXP 	Display Frame 2
489.1513 	EXP 	Display Frame 3
489.1846 	EXP 	Display Frame 4
489.2180 	EXP 	Display Frame 5
489.2512 	EXP 	Display Frame 6
489.2847 	EXP 	Display Frame 7
489.3178 	EXP 	Display Frame 8
489.3512 	EXP 	Display Frame 9
489.3847 	EXP 	Display Frame 0
489.4179 	EXP 	Display Frame 1
489.4512 	EXP 	Display Frame 2
489.4846 	EXP 	Display Frame 3
489.5179 	EXP 	Display Frame 4
489.5512 	EXP 	Display Frame 5
489.5845 	EXP 	Display Frame 6
489.6180 	EXP 	Display Frame 7
489.6512 	EXP 	Display Frame 8
489.6845 	EXP 	Display Frame 9
489.7179 	EXP 	Display Frame 0
489.7512 	EXP 	Display Frame 1
489.7845 	EXP 	Display Frame 2
489.8180 	EXP 	Display Frame 3
489.8512 	EXP 	Display Frame 4
489.8845 	EXP 	Display Frame 5
489.9179 	EXP 	Display Frame 6
489.9511 	EXP 	Display Frame 7
489.9845 	EXP 	Display Frame 8
490.0179 	EXP 	Display Frame 9
490.0513 	EXP 	Display Frame 0
490.0844 	EXP 	Display Frame 1
490.1178 	EXP 	Display Frame 2
490.1512 	EXP 	Display Frame 3
490.1846 	EXP 	Display Frame 4
490.2179 	EXP 	Display Frame 5
490.2512 	EXP 	Display Frame 6
490.2845 	EXP 	Display Frame 7
490.3180 	EXP 	Display Frame 8
490.3512 	EXP 	Display Frame 9
490.3845 	EXP 	Display Frame 0
490.4179 	EXP 	Display Frame 1
490.4512 	EXP 	Display Frame 2
490.4845 	EXP 	Display Frame 3
490.5178 	EXP 	Display Frame 4
490.5512 	EXP 	Display Frame 5
490.5846 	EXP 	Display Frame 6
490.6178 	EXP 	Display Frame 7
490.6511 	EXP 	Display Frame 8
490.6845 	EXP 	Display Frame 9
490.7178 	EXP 	Display Frame 0
490.7512 	EXP 	Display Frame 1
490.7845 	EXP 	Display Frame 2
490.8178 	EXP 	Display Frame 3
490.8512 	EXP 	Display Frame 4
490.8845 	EXP 	Display Frame 5
490.9178 	EXP 	Display Frame 6
490.9512 	EXP 	Display Frame 7
490.9845 	EXP 	Display Frame 8
491.0178 	EXP 	Display Frame 9
491.0512 	EXP 	Display Frame 0
491.0844 	EXP 	Display Frame 1
491.1179 	EXP 	Display Frame 2
491.1511 	EXP 	Display Frame 3
491.1846 	EXP 	Display Frame 4
491.2180 	EXP 	Display Frame 5
491.2512 	EXP 	Display Frame 6
491.2845 	EXP 	Display Frame 7
491.3178 	EXP 	Display Frame 8
491.3511 	EXP 	Display Frame 9
491.3845 	EXP 	Display Frame 0
491.4180 	EXP 	Display Frame 1
491.4510 	DATA 	Keypress: equal
491.4526 	EXP 	Display Frame 2
491.4845 	EXP 	Display Frame 3
491.5180 	EXP 	Display Frame 4
491.5513 	EXP 	Display Frame 5
491.5845 	EXP 	Display Frame 6
491.6179 	EXP 	Display Frame 7
491.6513 	EXP 	Display Frame 8
491.6846 	EXP 	Display Frame 9
491.7178 	EXP 	Display Frame 0
491.7512 	EXP 	Display Frame 1
491.7845 	EXP 	Display Frame 2
491.8178 	EXP 	Display Frame 3
491.8512 	EXP 	Display Frame 4
491.8845 	EXP 	Display Frame 5
491.9178 	EXP 	Display Frame 6
491.9511 	EXP 	Display Frame 7
491.9845 	EXP 	Display Frame 8
492.0178 	EXP 	Display Frame 9
492.0512 	EXP 	Display Frame 0
492.0845 	EXP 	Display Frame 1
492.1194 	EXP 	Display Frame 2
492.1512 	EXP 	Display Frame 3
492.1845 	EXP 	Display Frame 4
492.2179 	EXP 	Display Frame 5
492.2513 	EXP 	Display Frame 6
492.2845 	EXP 	Display Frame 7
492.3179 	EXP 	Display Frame 8
492.3512 	EXP 	Display Frame 9
492.3846 	EXP 	Display Frame 0
492.4178 	EXP 	Display Frame 1
492.4513 	EXP 	Display Frame 2
492.4845 	EXP 	Display Frame 3
492.5180 	EXP 	Display Frame 4
492.5512 	EXP 	Display Frame 5
492.5846 	EXP 	Display Frame 6
492.6178 	EXP 	Display Frame 7
492.6511 	EXP 	Display Frame 8
492.6845 	EXP 	Display Frame 9
492.7178 	EXP 	Display Frame 0
492.7512 	EXP 	Display Frame 1
492.7845 	EXP 	Display Frame 2
492.8178 	EXP 	Display Frame 3
492.8512 	EXP 	Display Frame 4
492.8845 	EXP 	Display Frame 5
492.9179 	EXP 	Display Frame 6
492.9511 	EXP 	Display Frame 7
492.9845 	EXP 	Display Frame 8
493.0179 	EXP 	Display Frame 9
493.0512 	EXP 	Display Frame 0
493.0845 	EXP 	Display Frame 1
493.1178 	EXP 	Display Frame 2
493.1511 	EXP 	Display Frame 3
493.1845 	EXP 	Display Frame 4
493.2180 	EXP 	Display Frame 5
493.2512 	EXP 	Display Frame 6
493.2846 	EXP 	Display Frame 7
493.3179 	EXP 	Display Frame 8
493.3512 	EXP 	Display Frame 9
493.3845 	EXP 	Display Frame 0
493.4178 	EXP 	Display Frame 1
493.4511 	EXP 	Display Frame 2
493.4846 	EXP 	Display Frame 3
493.5178 	EXP 	Display Frame 4
493.5511 	EXP 	Display Frame 5
493.5845 	EXP 	Display Frame 6
493.6180 	EXP 	Display Frame 7
493.6512 	EXP 	Display Frame 8
493.6847 	EXP 	Display Frame 9
493.7179 	EXP 	Display Frame 0
493.7512 	EXP 	Display Frame 1
493.7845 	EXP 	Display Frame 2
493.8179 	EXP 	Display Frame 3
493.8513 	EXP 	Display Frame 4
493.8846 	EXP 	Display Frame 5
493.9180 	EXP 	Display Frame 6
493.9512 	EXP 	Display Frame 7
493.9846 	EXP 	Display Frame 8
494.0180 	EXP 	Display Frame 9
494.0513 	EXP 	Display Frame 0
494.0845 	EXP 	Display Frame 1
494.1179 	EXP 	Display Frame 2
494.1512 	EXP 	Display Frame 3
494.1846 	EXP 	Display Frame 4
494.2179 	EXP 	Display Frame 5
494.2512 	EXP 	Display Frame 6
494.2845 	EXP 	Display Frame 7
494.3180 	EXP 	Display Frame 8
494.3512 	EXP 	Display Frame 9
494.3846 	EXP 	Display Frame 0
494.4178 	EXP 	Display Frame 1
494.4513 	EXP 	Display Frame 2
494.4845 	EXP 	Display Frame 3
494.5179 	EXP 	Display Frame 4
494.5512 	EXP 	Display Frame 5
494.5846 	EXP 	Display Frame 6
494.6178 	EXP 	Display Frame 7
494.6513 	EXP 	Display Frame 8
494.6846 	EXP 	Display Frame 9
494.7178 	EXP 	Display Frame 0
494.7512 	EXP 	Display Frame 1
494.7848 	EXP 	Display Frame 2
494.8179 	EXP 	Display Frame 3
494.8512 	EXP 	Display Frame 4
494.8849 	EXP 	Display Frame 5
494.9182 	EXP 	Display Frame 6
494.9515 	EXP 	Display Frame 7
494.9848 	EXP 	Display Frame 8
495.0179 	EXP 	Display Frame 9
495.0512 	EXP 	Display Frame 0
495.0846 	EXP 	Display Frame 1
495.1179 	EXP 	Display Frame 2
495.1512 	EXP 	Display Frame 3
495.1845 	EXP 	Display Frame 4
495.2179 	EXP 	Display Frame 5
495.2512 	EXP 	Display Frame 6
495.2847 	EXP 	Display Frame 7
495.3179 	EXP 	Display Frame 8
495.3512 	EXP 	Display Frame 9
495.3846 	EXP 	Display Frame 0
495.4179 	EXP 	Display Frame 1
495.4512 	EXP 	Display Frame 2
495.4845 	EXP 	Display Frame 3
495.5179 	EXP 	Display Frame 4
495.5513 	EXP 	Display Frame 5
495.5845 	EXP 	Display Frame 6
495.6179 	EXP 	Display Frame 7
495.6512 	EXP 	Display Frame 8
495.6846 	EXP 	Display Frame 9
495.7178 	EXP 	Display Frame 0
495.7512 	EXP 	Display Frame 1
495.7846 	EXP 	Display Frame 2
495.8179 	EXP 	Display Frame 3
495.8512 	EXP 	Display Frame 4
495.8845 	EXP 	Display Frame 5
495.9179 	EXP 	Display Frame 6
495.9512 	EXP 	Display Frame 7
495.9845 	EXP 	Display Frame 8
496.0179 	EXP 	Display Frame 9
496.0512 	EXP 	Display Frame 0
496.0844 	EXP 	Display Frame 1
496.1178 	EXP 	Display Frame 2
496.1512 	EXP 	Display Frame 3
496.1845 	EXP 	Display Frame 4
496.2178 	EXP 	Display Frame 5
496.2512 	EXP 	Display Frame 6
496.2845 	EXP 	Display Frame 7
496.3179 	EXP 	Display Frame 8
496.3512 	EXP 	Display Frame 9
496.3845 	EXP 	Display Frame 0
496.4178 	EXP 	Display Frame 1
496.4513 	EXP 	Display Frame 2
496.4846 	EXP 	Display Frame 3
496.5179 	EXP 	Display Frame 4
496.5512 	EXP 	Display Frame 5
496.5846 	EXP 	Display Frame 6
496.6179 	EXP 	Display Frame 7
496.6510 	DATA 	Keypress: equal
496.6524 	EXP 	Display Frame 8
496.6845 	EXP 	Display Frame 9
496.7178 	EXP 	Display Frame 0
496.7512 	EXP 	Display Frame 1
496.7845 	EXP 	Display Frame 2
496.8180 	EXP 	Display Frame 3
496.8513 	EXP 	Display Frame 4
496.8845 	EXP 	Display Frame 5
496.9178 	EXP 	Display Frame 6
496.9515 	EXP 	Display Frame 7
496.9848 	EXP 	Display Frame 8
497.0181 	EXP 	Display Frame 9
497.0512 	EXP 	Display Frame 0
497.0846 	EXP 	Display Frame 1
497.1181 	EXP 	Display Frame 2
497.1515 	EXP 	Display Frame 3
497.1845 	EXP 	Display Frame 4
497.2179 	EXP 	Display Frame 5
497.2513 	EXP 	Display Frame 6
497.2849 	EXP 	Display Frame 7
497.3183 	EXP 	Display Frame 8
497.3516 	EXP 	Display Frame 9
497.3849 	EXP 	Display Frame 0
497.4181 	EXP 	Display Frame 1
497.4515 	EXP 	Display Frame 2
497.4849 	EXP 	Display Frame 3
497.5182 	EXP 	Display Frame 4
497.5514 	EXP 	Display Frame 5
497.5845 	EXP 	Display Frame 6
497.6181 	EXP 	Display Frame 7
497.6515 	EXP 	Display Frame 8
497.6848 	EXP 	Display Frame 9
497.7182 	EXP 	Display Frame 0
497.7514 	EXP 	Display Frame 1
497.7848 	EXP 	Display Frame 2
497.8179 	EXP 	Display Frame 3
497.8512 	EXP 	Display Frame 4
497.8850 	EXP 	Display Frame 5
497.9179 	EXP 	Display Frame 6
497.9512 	EXP 	Display Frame 7
497.9846 	EXP 	Display Frame 8
498.0179 	EXP 	Display Frame 9
498.0512 	EXP 	Display Frame 0
498.0845 	EXP 	Display Frame 1
498.1179 	EXP 	Display Frame 2
498.1512 	EXP 	Display Frame 3
498.1845 	EXP 	Display Frame 4
498.2180 	EXP 	Display Frame 5
498.2515 	EXP 	Display Frame 6
498.2848 	EXP 	Display Frame 7
498.3179 	EXP 	Display Frame 8
498.3511 	EXP 	Display Frame 9
498.3848 	EXP 	Display Frame 0
498.4181 	EXP 	Display Frame 1
498.4515 	EXP 	Display Frame 2
498.4848 	EXP 	Display Frame 3
498.5182 	EXP 	Display Frame 4
498.5515 	EXP 	Display Frame 5
498.5845 	EXP 	Display Frame 6
498.6179 	EXP 	Display Frame 7
498.6517 	EXP 	Display Frame 8
498.6845 	EXP 	Display Frame 9
498.7179 	EXP 	Display Frame 0
498.7512 	EXP 	Display Frame 1
498.7847 	EXP 	Display Frame 2
498.8179 	EXP 	Display Frame 3
498.8513 	EXP 	Display Frame 4
498.8845 	EXP 	Display Frame 5
498.9180 	EXP 	Display Frame 6
498.9512 	EXP 	Display Frame 7
498.9846 	EXP 	Display Frame 8
499.0179 	EXP 	Display Frame 9
499.0512 	EXP 	Display Frame 0
499.0845 	EXP 	Display Frame 1
499.1178 	EXP 	Display Frame 2
499.1512 	EXP 	Display Frame 3
499.1845 	EXP 	Display Frame 4
499.2179 	EXP 	Display Frame 5
499.2512 	EXP 	Display Frame 6
499.2845 	EXP 	Display Frame 7
499.3178 	EXP 	Display Frame 8
499.3512 	EXP 	Display Frame 9
499.3845 	EXP 	Display Frame 0
499.4178 	EXP 	Display Frame 1
499.4512 	EXP 	Display Frame 2
499.4845 	EXP 	Display Frame 3
499.5179 	EXP 	Display Frame 4
499.5513 	EXP 	Display Frame 5
499.5845 	EXP 	Display Frame 6
499.6179 	EXP 	Display Frame 7
499.6512 	EXP 	Display Frame 8
499.6846 	EXP 	Display Frame 9
499.7178 	EXP 	Display Frame 0
499.7513 	EXP 	Display Frame 1
499.7845 	EXP 	Display Frame 2
499.8180 	EXP 	Display Frame 3
499.8511 	EXP 	Display Frame 4
499.8845 	EXP 	Display Frame 5
499.9179 	EXP 	Display Frame 6
499.9512 	EXP 	Display Frame 7
499.9846 	EXP 	Display Frame 8
500.0178 	EXP 	Display Frame 9
500.0512 	EXP 	Display Frame 0
500.0844 	EXP 	Display Frame 1
500.1179 	EXP 	Display Frame 2
500.1512 	EXP 	Display Frame 3
500.1845 	EXP 	Display Frame 4
500.2178 	EXP 	Display Frame 5
500.2512 	EXP 	Display Frame 6
500.2845 	EXP 	Display Frame 7
500.3179 	EXP 	Display Frame 8
500.3512 	EXP 	Display Frame 9
500.3845 	EXP 	Display Frame 0
500.4178 	EXP 	Display Frame 1
500.4512 	EXP 	Display Frame 2
500.4845 	EXP 	Display Frame 3
500.5178 	EXP 	Display Frame 4
500.5512 	EXP 	Display Frame 5
500.5845 	EXP 	Display Frame 6
500.6179 	EXP 	Display Frame 7
500.6512 	EXP 	Display Frame 8
500.6845 	EXP 	Display Frame 9
500.7180 	EXP 	Display Frame 0
500.7512 	EXP 	Display Frame 1
500.7845 	EXP 	Display Frame 2
500.8178 	EXP 	Display Frame 3
500.8513 	EXP 	Display Frame 4
500.8846 	EXP 	Display Frame 5
500.9179 	EXP 	Display Frame 6
500.9512 	EXP 	Display Frame 7
500.9845 	EXP 	Display Frame 8
501.0178 	EXP 	Display Frame 9
501.0512 	EXP 	Display Frame 0
501.0844 	EXP 	Display Frame 1
501.1180 	EXP 	Display Frame 2
501.1512 	EXP 	Display Frame 3
501.1845 	EXP 	Display Frame 4
501.2178 	EXP 	Display Frame 5
501.2512 	EXP 	Display Frame 6
501.2845 	EXP 	Display Frame 7
501.3178 	EXP 	Display Frame 8
501.3512 	EXP 	Display Frame 9
501.3845 	EXP 	Display Frame 0
501.4178 	EXP 	Display Frame 1
501.4512 	EXP 	Display Frame 2
501.4845 	EXP 	Display Frame 3
501.5178 	EXP 	Display Frame 4
501.5512 	EXP 	Display Frame 5
501.5845 	EXP 	Display Frame 6
501.6179 	EXP 	Display Frame 7
501.6512 	EXP 	Display Frame 8
501.6846 	EXP 	Display Frame 9
501.7178 	EXP 	Display Frame 0
501.7513 	EXP 	Display Frame 1
501.7845 	EXP 	Display Frame 2
501.8178 	EXP 	Display Frame 3
501.8510 	DATA 	Keypress: equal
501.8524 	EXP 	Display Frame 4
501.8845 	EXP 	Display Frame 5
501.9179 	EXP 	Display Frame 6
501.9513 	EXP 	Display Frame 7
501.9845 	EXP 	Display Frame 8
502.0180 	EXP 	Display Frame 9
502.0512 	EXP 	Display Frame 0
502.0844 	EXP 	Display Frame 1
502.1178 	EXP 	Display Frame 2
502.1512 	EXP 	Display Frame 3
502.1845 	EXP 	Display Frame 4
502.2179 	EXP 	Display Frame 5
502.2511 	EXP 	Display Frame 6
502.2847 	EXP 	Display Frame 7
502.3178 	EXP 	Display Frame 8
502.3511 	EXP 	Display Frame 9
502.3845 	EXP 	Display Frame 0
502.4179 	EXP 	Display Frame 1
502.4512 	EXP 	Display Frame 2
502.4845 	EXP 	Display Frame 3
502.5178 	EXP 	Display Frame 4
502.5511 	EXP 	Display Frame 5
502.5845 	EXP 	Display Frame 6
502.6179 	EXP 	Display Frame 7
502.6512 	EXP 	Display Frame 8
502.6845 	EXP 	Display Frame 9
502.7179 	EXP 	Display Frame 0
502.7512 	EXP 	Display Frame 1
502.7846 	EXP 	Display Frame 2
502.8178 	EXP 	Display Frame 3
502.8511 	EXP 	Display Frame 4
502.8845 	EXP 	Display Frame 5
502.9179 	EXP 	Display Frame 6
502.9512 	EXP 	Display Frame 7
502.9846 	EXP 	Display Frame 8
503.0179 	EXP 	Display Frame 9
503.0513 	EXP 	Display Frame 0
503.0845 	EXP 	Display Frame 1
503.1181 	EXP 	Display Frame 2
503.1512 	EXP 	Display Frame 3
503.1847 	EXP 	Display Frame 4
503.2178 	EXP 	Display Frame 5
503.2512 	EXP 	Display Frame 6
503.2847 	EXP 	Display Frame 7
503.3179 	EXP 	Display Frame 8
503.3512 	EXP 	Display Frame 9
503.3845 	EXP 	Display Frame 0
503.4178 	EXP 	Display Frame 1
503.4512 	EXP 	Display Frame 2
503.4846 	EXP 	Display Frame 3
503.5179 	EXP 	Display Frame 4
503.5512 	EXP 	Display Frame 5
503.5845 	EXP 	Display Frame 6
503.6179 	EXP 	Display Frame 7
503.6512 	EXP 	Display Frame 8
503.6845 	EXP 	Display Frame 9
503.7179 	EXP 	Display Frame 0
503.7513 	EXP 	Display Frame 1
503.7846 	EXP 	Display Frame 2
503.8180 	EXP 	Display Frame 3
503.8512 	EXP 	Display Frame 4
503.8846 	EXP 	Display Frame 5
503.9178 	EXP 	Display Frame 6
503.9513 	EXP 	Display Frame 7
503.9845 	EXP 	Display Frame 8
504.0179 	EXP 	Display Frame 9
504.0513 	EXP 	Display Frame 0
504.0844 	EXP 	Display Frame 1
504.1179 	EXP 	Display Frame 2
504.1513 	EXP 	Display Frame 3
504.1845 	EXP 	Display Frame 4
504.2179 	EXP 	Display Frame 5
504.2516 	EXP 	Display Frame 6
504.2846 	EXP 	Display Frame 7
504.3179 	EXP 	Display Frame 8
504.3512 	EXP 	Display Frame 9
504.3847 	EXP 	Display Frame 0
504.4179 	EXP 	Display Frame 1
504.4512 	EXP 	Display Frame 2
504.4845 	EXP 	Display Frame 3
504.5178 	EXP 	Display Frame 4
504.5512 	EXP 	Display Frame 5
504.5845 	EXP 	Display Frame 6
504.6179 	EXP 	Display Frame 7
504.6512 	EXP 	Display Frame 8
504.6845 	EXP 	Display Frame 9
504.7179 	EXP 	Display Frame 0
504.7512 	EXP 	Display Frame 1
504.7845 	EXP 	Display Frame 2
504.8179 	EXP 	Display Frame 3
504.8513 	EXP 	Display Frame 4
504.8843 	EXP 	Display Frame 5
504.9180 	EXP 	Display Frame 6
504.9512 	EXP 	Display Frame 7
504.9846 	EXP 	Display Frame 8
505.0179 	EXP 	Display Frame 9
505.0512 	EXP 	Display Frame 0
505.0845 	EXP 	Display Frame 1
505.1179 	EXP 	Display Frame 2
505.1512 	EXP 	Display Frame 3
505.1846 	EXP 	Display Frame 4
505.2179 	EXP 	Display Frame 5
505.2512 	EXP 	Display Frame 6
505.2845 	EXP 	Display Frame 7
505.3180 	EXP 	Display Frame 8
505.3512 	EXP 	Display Frame 9
505.3845 	EXP 	Display Frame 0
505.4178 	EXP 	Display Frame 1
505.4512 	EXP 	Display Frame 2
505.4845 	EXP 	Display Frame 3
505.5178 	EXP 	Display Frame 4
505.5512 	EXP 	Display Frame 5
505.5845 	EXP 	Display Frame 6
505.6179 	EXP 	Display Frame 7
505.6512 	EXP 	Display Frame 8
505.6845 	EXP 	Display Frame 9
505.7179 	EXP 	Display Frame 0
505.7511 	EXP 	Display Frame 1
505.7845 	EXP 	Display Frame 2
505.8179 	EXP 	Display Frame 3
505.8512 	EXP 	Display Frame 4
505.8846 	EXP 	Display Frame 5
505.9179 	EXP 	Display Frame 6
505.9512 	EXP 	Display Frame 7
505.9845 	EXP 	Display Frame 8
506.0180 	EXP 	Display Frame 9
506.0512 	EXP 	Display Frame 0
506.0856 	EXP 	Display Frame 1
506.1178 	EXP 	Display Frame 2
506.1513 	EXP 	Display Frame 3
506.1845 	EXP 	Display Frame 4
506.2179 	EXP 	Display Frame 5
506.2512 	EXP 	Display Frame 6
506.2846 	EXP 	Display Frame 7
506.3178 	EXP 	Display Frame 8
506.3513 	EXP 	Display Frame 9
506.3845 	EXP 	Display Frame 0
506.4178 	EXP 	Display Frame 1
506.4512 	EXP 	Display Frame 2
506.4846 	EXP 	Display Frame 3
506.5178 	EXP 	Display Frame 4
506.5512 	EXP 	Display Frame 5
506.5845 	EXP 	Display Frame 6
506.6179 	EXP 	Display Frame 7
506.6512 	EXP 	Display Frame 8
506.6845 	EXP 	Display Frame 9
506.7179 	EXP 	Display Frame 0
506.7512 	EXP 	Display Frame 1
506.7845 	EXP 	Display Frame 2
506.8179 	EXP 	Display Frame 3
506.8513 	EXP 	Display Frame 4
506.8846 	EXP 	Display Frame 5
506.9179 	EXP 	Display Frame 6
506.9512 	EXP 	Display Frame 7
506.9845 	EXP 	Display Frame 8
507.0178 	EXP 	Display Frame 9
507.0188 	DATA 	Keypress: equal
507.0513 	EXP 	Display Frame 0
507.0844 	EXP 	Display Frame 1
507.1179 	EXP 	Display Frame 2
507.1512 	EXP 	Display Frame 3
507.1846 	EXP 	Display Frame 4
507.2179 	EXP 	Display Frame 5
507.2512 	EXP 	Display Frame 6
507.2845 	EXP 	Display Frame 7
507.3179 	EXP 	Display Frame 8
507.3512 	EXP 	Display Frame 9
507.3846 	EXP 	Display Frame 0
507.4178 	EXP 	Display Frame 1
507.4512 	EXP 	Display Frame 2
507.4845 	EXP 	Display Frame 3
507.5179 	EXP 	Display Frame 4
507.5512 	EXP 	Display Frame 5
507.5846 	EXP 	Display Frame 6
507.6179 	EXP 	Display Frame 7
507.6512 	EXP 	Display Frame 8
507.6845 	EXP 	Display Frame 9
507.7179 	EXP 	Display Frame 0
507.7512 	EXP 	Display Frame 1
507.7845 	EXP 	Display Frame 2
507.8179 	EXP 	Display Frame 3
507.8512 	EXP 	Display Frame 4
507.8846 	EXP 	Display Frame 5
507.9178 	EXP 	Display Frame 6
507.9512 	EXP 	Display Frame 7
507.9845 	EXP 	Display Frame 8
508.0179 	EXP 	Display Frame 9
508.0512 	EXP 	Display Frame 0
508.0844 	EXP 	Display Frame 1
508.1179 	EXP 	Display Frame 2
508.1512 	EXP 	Display Frame 3
508.1845 	EXP 	Display Frame 4
508.2180 	EXP 	Display Frame 5
508.2512 	EXP 	Display Frame 6
508.2845 	EXP 	Display Frame 7
508.3179 	EXP 	Display Frame 8
508.3513 	EXP 	Display Frame 9
508.3845 	EXP 	Display Frame 0
508.4178 	EXP 	Display Frame 1
508.4511 	EXP 	Display Frame 2
508.4846 	EXP 	Display Frame 3
508.5178 	EXP 	Display Frame 4
508.5514 	EXP 	Display Frame 5
508.5847 	EXP 	Display Frame 6
508.6178 	EXP 	Display Frame 7
508.6512 	EXP 	Display Frame 8
508.6845 	EXP 	Display Frame 9
508.7178 	EXP 	Display Frame 0
508.7512 	EXP 	Display Frame 1
508.7845 	EXP 	Display Frame 2
508.8178 	EXP 	Display Frame 3
508.8514 	EXP 	Display Frame 4
508.8845 	EXP 	Display Frame 5
508.9179 	EXP 	Display Frame 6
508.9514 	EXP 	Display Frame 7
508.9845 	EXP 	Display Frame 8
509.0179 	EXP 	Display Frame 9
509.0513 	EXP 	Display Frame 0
509.0844 	EXP 	Display Frame 1
509.1180 	EXP 	Display Frame 2
509.1512 	EXP 	Display Frame 3
509.1846 	EXP 	Display Frame 4
509.2179 	EXP 	Display Frame 5
509.2512 	EXP 	Display Frame 6
509.2845 	EXP 	Display Frame 7
509.3179 	EXP 	Display Frame 8
509.3524 	EXP 	Display Frame 9
509.3846 	EXP 	Display Frame 0
509.4178 	EXP 	Display Frame 1
509.4512 	EXP 	Display Frame 2
509.4845 	EXP 	Display Frame 3
509.5180 	EXP 	Display Frame 4
509.5511 	EXP 	Display Frame 5
509.5846 	EXP 	Display Frame 6
509.6178 	EXP 	Display Frame 7
509.6512 	EXP 	Display Frame 8
509.6845 	EXP 	Display Frame 9
509.7178 	EXP 	Display Frame 0
509.7512 	EXP 	Display Frame 1
509.7845 	EXP 	Display Frame 2
509.8179 	EXP 	Display Frame 3
509.8512 	EXP 	Display Frame 4
509.8845 	EXP 	Display Frame 5
509.9179 	EXP 	Display Frame 6
509.9512 	EXP 	Display Frame 7
509.9846 	EXP 	Display Frame 8
510.0179 	EXP 	Display Frame 9
510.0512 	EXP 	Display Frame 0
510.0845 	EXP 	Display Frame 1
510.1178 	EXP 	Display Frame 2
510.1512 	EXP 	Display Frame 3
510.1845 	EXP 	Display Frame 4
510.2179 	EXP 	Display Frame 5
510.2512 	EXP 	Display Frame 6
510.2845 	EXP 	Display Frame 7
510.3179 	EXP 	Display Frame 8
510.3512 	EXP 	Display Frame 9
510.3845 	EXP 	Display Frame 0
510.4179 	EXP 	Display Frame 1
510.4512 	EXP 	Display Frame 2
510.4844 	EXP 	Display Frame 3
510.5178 	EXP 	Display Frame 4
510.5513 	EXP 	Display Frame 5
510.5846 	EXP 	Display Frame 6
510.6180 	EXP 	Display Frame 7
510.6512 	EXP 	Display Frame 8
510.6846 	EXP 	Display Frame 9
510.7179 	EXP 	Display Frame 0
510.7512 	EXP 	Display Frame 1
510.7846 	EXP 	Display Frame 2
510.8179 	EXP 	Display Frame 3
510.8513 	EXP 	Display Frame 4
510.8845 	EXP 	Display Frame 5
510.9178 	EXP 	Display Frame 6
510.9512 	EXP 	Display Frame 7
510.9845 	EXP 	Display Frame 8
511.0178 	EXP 	Display Frame 9
511.0512 	EXP 	Display Frame 0
511.0844 	EXP 	Display Frame 1
511.1178 	EXP 	Display Frame 2
511.1512 	EXP 	Display Frame 3
511.1846 	EXP 	Display Frame 4
511.2179 	EXP 	Display Frame 5
511.2512 	EXP 	Display Frame 6
511.2845 	EXP 	Display Frame 7
511.3179 	EXP 	Display Frame 8
511.3511 	EXP 	Display Frame 9
511.3845 	EXP 	Display Frame 0
511.4178 	EXP 	Display Frame 1
511.4512 	EXP 	Display Frame 2
511.4845 	EXP 	Display Frame 3
511.5180 	EXP 	Display Frame 4
511.5512 	EXP 	Display Frame 5
511.5846 	EXP 	Display Frame 6
511.6178 	EXP 	Display Frame 7
511.6512 	EXP 	Display Frame 8
511.6845 	EXP 	Display Frame 9
511.7178 	EXP 	Display Frame 0
511.7512 	EXP 	Display Frame 1
511.7846 	EXP 	Display Frame 2
511.8179 	EXP 	Display Frame 3
511.8512 	EXP 	Display Frame 4
511.8845 	EXP 	Display Frame 5
511.9180 	EXP 	Display Frame 6
511.9512 	EXP 	Display Frame 7
511.9845 	EXP 	Display Frame 8
512.0179 	EXP 	Display Frame 9
512.0514 	EXP 	Display Frame 0
512.0846 	EXP 	Display Frame 1
512.1179 	EXP 	Display Frame 2
512.1512 	EXP 	Display Frame 3
512.1846 	EXP 	Display Frame 4
512.2176 	DATA 	Keypress: equal
512.2191 	EXP 	Display Frame 5
512.2306 	EXP 	Display Fixation
517.4067 	DATA 	Keypress: equal
522.5983 	DATA 	Keypress: equal
527.7920 	DATA 	Keypress: equal
532.9863 	DATA 	Keypress: equal
538.1793 	DATA 	Keypress: equal
543.3736 	DATA 	Keypress: equal
543.4143 	EXP 	Display Frame 1
543.4420 	EXP 	Display Frame 2
543.4752 	EXP 	Display Frame 3
543.5085 	EXP 	Display Frame 4
543.5419 	EXP 	Display Frame 5
543.5753 	EXP 	Display Frame 6
543.6086 	EXP 	Display Frame 7
543.6419 	EXP 	Display Frame 8
543.6752 	EXP 	Display Frame 9
543.7085 	EXP 	Display Frame 0
543.7457 	EXP 	Display Frame 1
543.7752 	EXP 	Display Frame 2
543.8084 	EXP 	Display Frame 3
543.8418 	EXP 	Display Frame 4
543.8752 	EXP 	Display Frame 5
543.9084 	EXP 	Display Frame 6
543.9419 	EXP 	Display Frame 7
543.9752 	EXP 	Display Frame 8
544.0084 	EXP 	Display Frame 9
544.0418 	EXP 	Display Frame 0
544.0752 	EXP 	Display Frame 1
544.1085 	EXP 	Display Frame 2
544.1419 	EXP 	Display Frame 3
544.1751 	EXP 	Display Frame 4
544.2085 	EXP 	Display Frame 5
544.2418 	EXP 	Display Frame 6
544.2751 	EXP 	Display Frame 7
544.3085 	EXP 	Display Frame 8
544.3418 	EXP 	Display Frame 9
544.3751 	EXP 	Display Frame 0
544.4084 	EXP 	Display Frame 1
544.4418 	EXP 	Display Frame 2
544.4751 	EXP 	Display Frame 3
544.5085 	EXP 	Display Frame 4
544.5418 	EXP 	Display Frame 5
544.5751 	EXP 	Display Frame 6
544.6085 	EXP 	Display Frame 7
544.6418 	EXP 	Display Frame 8
544.6751 	EXP 	Display Frame 9
544.7086 	EXP 	Display Frame 0
544.7418 	EXP 	Display Frame 1
544.7751 	EXP 	Display Frame 2
544.8085 	EXP 	Display Frame 3
544.8418 	EXP 	Display Frame 4
544.8751 	EXP 	Display Frame 5
544.9084 	EXP 	Display Frame 6
544.9418 	EXP 	Display Frame 7
544.9753 	EXP 	Display Frame 8
545.0085 	EXP 	Display Frame 9
545.0419 	EXP 	Display Frame 0
545.0751 	EXP 	Display Frame 1
545.1085 	EXP 	Display Frame 2
545.1419 	EXP 	Display Frame 3
545.1751 	EXP 	Display Frame 4
545.2085 	EXP 	Display Frame 5
545.2418 	EXP 	Display Frame 6
545.2751 	EXP 	Display Frame 7
545.3086 	EXP 	Display Frame 8
545.3418 	EXP 	Display Frame 9
545.3751 	EXP 	Display Frame 0
545.4084 	EXP 	Display Frame 1
545.4418 	EXP 	Display Frame 2
545.4751 	EXP 	Display Frame 3
545.5085 	EXP 	Display Frame 4
545.5418 	EXP 	Display Frame 5
545.5751 	EXP 	Display Frame 6
545.6084 	EXP 	Display Frame 7
545.6418 	EXP 	Display Frame 8
545.6751 	EXP 	Display Frame 9
545.7085 	EXP 	Display Frame 0
545.7418 	EXP 	Display Frame 1
545.7752 	EXP 	Display Frame 2
545.8084 	EXP 	Display Frame 3
545.8418 	EXP 	Display Frame 4
545.8752 	EXP 	Display Frame 5
545.9084 	EXP 	Display Frame 6
545.9419 	EXP 	Display Frame 7
545.9751 	EXP 	Display Frame 8
546.0084 	EXP 	Display Frame 9
546.0418 	EXP 	Display Frame 0
546.0751 	EXP 	Display Frame 1
546.1084 	EXP 	Display Frame 2
546.1433 	EXP 	Display Frame 3
546.1751 	EXP 	Display Frame 4
546.2086 	EXP 	Display Frame 5
546.2418 	EXP 	Display Frame 6
546.2752 	EXP 	Display Frame 7
546.3085 	EXP 	Display Frame 8
546.3419 	EXP 	Display Frame 9
546.3753 	EXP 	Display Frame 0
546.4084 	EXP 	Display Frame 1
546.4419 	EXP 	Display Frame 2
546.4751 	EXP 	Display Frame 3
546.5085 	EXP 	Display Frame 4
546.5418 	EXP 	Display Frame 5
546.5751 	EXP 	Display Frame 6
546.6085 	EXP 	Display Frame 7
546.6418 	EXP 	Display Frame 8
546.6751 	EXP 	Display Frame 9
546.7085 	EXP 	Display Frame 0
546.7417 	EXP 	Display Frame 1
546.7751 	EXP 	Display Frame 2
546.8085 	EXP 	Display Frame 3
546.8417 	EXP 	Display Frame 4
546.8751 	EXP 	Display Frame 5
546.9084 	EXP 	Display Frame 6
546.9418 	EXP 	Display Frame 7
546.9752 	EXP 	Display Frame 8
547.0085 	EXP 	Display Frame 9
547.0419 	EXP 	Display Frame 0
547.0751 	EXP 	Display Frame 1
547.1085 	EXP 	Display Frame 2
547.1418 	EXP 	Display Frame 3
547.1754 	EXP 	Display Frame 4
547.2084 	EXP 	Display Frame 5
547.2418 	EXP 	Display Frame 6
547.2751 	EXP 	Display Frame 7
547.3086 	EXP 	Display Frame 8
547.3418 	EXP 	Display Frame 9
547.3751 	EXP 	Display Frame 0
547.4084 	EXP 	Display Frame 1
547.4419 	EXP 	Display Frame 2
547.4751 	EXP 	Display Frame 3
547.5085 	EXP 	Display Frame 4
547.5418 	EXP 	Display Frame 5
547.5751 	EXP 	Display Frame 6
547.6084 	EXP 	Display Frame 7
547.6418 	EXP 	Display Frame 8
547.6751 	EXP 	Display Frame 9
547.7085 	EXP 	Display Frame 0
547.7417 	EXP 	Display Frame 1
547.7751 	EXP 	Display Frame 2
547.8087 	EXP 	Display Frame 3
547.8418 	EXP 	Display Frame 4
547.8752 	EXP 	Display Frame 5
547.9084 	EXP 	Display Frame 6
547.9419 	EXP 	Display Frame 7
547.9751 	EXP 	Display Frame 8
548.0096 	EXP 	Display Frame 9
548.0418 	EXP 	Display Frame 0
548.0752 	EXP 	Display Frame 1
548.1085 	EXP 	Display Frame 2
548.1418 	EXP 	Display Frame 3
548.1751 	EXP 	Display Frame 4
548.2084 	EXP 	Display Frame 5
548.2418 	EXP 	Display Frame 6
548.2752 	EXP 	Display Frame 7
548.3084 	EXP 	Display Frame 8
548.3418 	EXP 	Display Frame 9
548.3751 	EXP 	Display Frame 0
548.4086 	EXP 	Display Frame 1
548.4418 	EXP 	Display Frame 2
548.4752 	EXP 	Display Frame 3
548.5084 	EXP 	Display Frame 4
548.5418 	EXP 	Display Frame 5
548.5749 	DATA 	Keypress: equal
548.5763 	EXP 	Display Frame 6
548.6084 	EXP 	Display Frame 7
548.6419 	EXP 	Display Frame 8
548.6752 	EXP 	Display Frame 9
548.7084 	EXP 	Display Frame 0
548.7418 	EXP 	Display Frame 1
548.7751 	EXP 	Display Frame 2
548.8085 	EXP 	Display Frame 3
548.8418 	EXP 	Display Frame 4
548.8753 	EXP 	Display Frame 5
548.9084 	EXP 	Display Frame 6
548.9418 	EXP 	Display Frame 7
548.9752 	EXP 	Display Frame 8
549.0084 	EXP 	Display Frame 9
549.0419 	EXP 	Display Frame 0
549.0751 	EXP 	Display Frame 1
549.1084 	EXP 	Display Frame 2
549.1418 	EXP 	Display Frame 3
549.1752 	EXP 	Display Frame 4
549.2085 	EXP 	Display Frame 5
549.2422 	EXP 	Display Frame 6
549.2752 	EXP 	Display Frame 7
549.3085 	EXP 	Display Frame 8
549.3418 	EXP 	Display Frame 9
549.3753 	EXP 	Display Frame 0
549.4085 	EXP 	Display Frame 1
549.4418 	EXP 	Display Frame 2
549.4752 	EXP 	Display Frame 3
549.5085 	EXP 	Display Frame 4
549.5418 	EXP 	Display Frame 5
549.5752 	EXP 	Display Frame 6
549.6084 	EXP 	Display Frame 7
549.6418 	EXP 	Display Frame 8
549.6751 	EXP 	Display Frame 9
549.7085 	EXP 	Display Frame 0
549.7418 	EXP 	Display Frame 1
549.7751 	EXP 	Display Frame 2
549.8085 	EXP 	Display Frame 3
549.8418 	EXP 	Display Frame 4
549.8751 	EXP 	Display Frame 5
549.9084 	EXP 	Display Frame 6
549.9418 	EXP 	Display Frame 7
549.9751 	EXP 	Display Frame 8
550.0085 	EXP 	Display Frame 9
550.0418 	EXP 	Display Frame 0
550.0752 	EXP 	Display Frame 1
550.1085 	EXP 	Display Frame 2
550.1417 	EXP 	Display Frame 3
550.1751 	EXP 	Display Frame 4
550.2086 	EXP 	Display Frame 5
550.2418 	EXP 	Display Frame 6
550.2751 	EXP 	Display Frame 7
550.3085 	EXP 	Display Frame 8
550.3418 	EXP 	Display Frame 9
550.3751 	EXP 	Display Frame 0
550.4084 	EXP 	Display Frame 1
550.4418 	EXP 	Display Frame 2
550.4751 	EXP 	Display Frame 3
550.5084 	EXP 	Display Frame 4
550.5419 	EXP 	Display Frame 5
550.5753 	EXP 	Display Frame 6
550.6084 	EXP 	Display Frame 7
550.6418 	EXP 	Display Frame 8
550.6752 	EXP 	Display Frame 9
550.7084 	EXP 	Display Frame 0
550.7418 	EXP 	Display Frame 1
550.7751 	EXP 	Display Frame 2
550.8084 	EXP 	Display Frame 3
550.8418 	EXP 	Display Frame 4
550.8751 	EXP 	Display Frame 5
550.9085 	EXP 	Display Frame 6
550.9418 	EXP 	Display Frame 7
550.9751 	EXP 	Display Frame 8
551.0085 	EXP 	Display Frame 9
551.0418 	EXP 	Display Frame 0
551.0751 	EXP 	Display Frame 1
551.1084 	EXP 	Display Frame 2
551.1418 	EXP 	Display Frame 3
551.1752 	EXP 	Display Frame 4
551.2085 	EXP 	Display Frame 5
551.2419 	EXP 	Display Frame 6
551.2751 	EXP 	Display Frame 7
551.3085 	EXP 	Display Frame 8
551.3418 	EXP 	Display Frame 9
551.3753 	EXP 	Display Frame 0
551.4084 	EXP 	Display Frame 1
551.4418 	EXP 	Display Frame 2
551.4751 	EXP 	Display Frame 3
551.5086 	EXP 	Display Frame 4
551.5418 	EXP 	Display Frame 5
551.5752 	EXP 	Display Frame 6
551.6084 	EXP 	Display Frame 7
551.6418 	EXP 	Display Frame 8
551.6751 	EXP 	Display Frame 9
551.7085 	EXP 	Display Frame 0
551.7418 	EXP 	Display Frame 1
551.7751 	EXP 	Display Frame 2
551.8084 	EXP 	Display Frame 3
551.8418 	EXP 	Display Frame 4
551.8751 	EXP 	Display Frame 5
551.9084 	EXP 	Display Frame 6
551.9419 	EXP 	Display Frame 7
551.9751 	EXP 	Display Frame 8
552.0085 	EXP 	Display Frame 9
552.0418 	EXP 	Display Frame 0
552.0752 	EXP 	Display Frame 1
552.1084 	EXP 	Display Frame 2
552.1418 	EXP 	Display Frame 3
552.1752 	EXP 	Display Frame 4
552.2085 	EXP 	Display Frame 5
552.2418 	EXP 	Display Frame 6
552.2751 	EXP 	Display Frame 7
552.3085 	EXP 	Display Frame 8
552.3418 	EXP 	Display Frame 9
552.3751 	EXP 	Display Frame 0
552.4086 	EXP 	Display Frame 1
552.4418 	EXP 	Display Frame 2
552.4751 	EXP 	Display Frame 3
552.5084 	EXP 	Display Frame 4
552.5419 	EXP 	Display Frame 5
552.5751 	EXP 	Display Frame 6
552.6085 	EXP 	Display Frame 7
552.6418 	EXP 	Display Frame 8
552.6752 	EXP 	Display Frame 9
552.7084 	EXP 	Display Frame 0
552.7418 	EXP 	Display Frame 1
552.7751 	EXP 	Display Frame 2
552.8084 	EXP 	Display Frame 3
552.8418 	EXP 	Display Frame 4
552.8751 	EXP 	Display Frame 5
552.9084 	EXP 	Display Frame 6
552.9418 	EXP 	Display Frame 7
552.9751 	EXP 	Display Frame 8
553.0084 	EXP 	Display Frame 9
553.0418 	EXP 	Display Frame 0
553.0751 	EXP 	Display Frame 1
553.1085 	EXP 	Display Frame 2
553.1418 	EXP 	Display Frame 3
553.1752 	EXP 	Display Frame 4
553.2084 	EXP 	Display Frame 5
553.2418 	EXP 	Display Frame 6
553.2751 	EXP 	Display Frame 7
553.3085 	EXP 	Display Frame 8
553.3418 	EXP 	Display Frame 9
553.3751 	EXP 	Display Frame 0
553.4085 	EXP 	Display Frame 1
553.4419 	EXP 	Display Frame 2
553.4752 	EXP 	Display Frame 3
553.5084 	EXP 	Display Frame 4
553.5418 	EXP 	Display Frame 5
553.5751 	EXP 	Display Frame 6
553.6085 	EXP 	Display Frame 7
553.6417 	EXP 	Display Frame 8
553.6751 	EXP 	Display Frame 9
553.7086 	EXP 	Display Frame 0
553.7418 	EXP 	Display Frame 1
553.7750 	DATA 	Keypress: equal
553.7765 	EXP 	Display Frame 2
553.8085 	EXP 	Display Frame 3
553.8417 	EXP 	Display Frame 4
553.8751 	EXP 	Display Frame 5
553.9084 	EXP 	Display Frame 6
553.9418 	EXP 	Display Frame 7
553.9751 	EXP 	Display Frame 8
554.0085 	EXP 	Display Frame 9
554.0421 	EXP 	Display Frame 0
554.0753 	EXP 	Display Frame 1
554.1085 	EXP 	Display Frame 2
554.1418 	EXP 	Display Frame 3
554.1751 	EXP 	Display Frame 4
554.2085 	EXP 	Display Frame 5
554.2417 	EXP 	Display Frame 6
554.2751 	EXP 	Display Frame 7
554.3085 	EXP 	Display Frame 8
554.3418 	EXP 	Display Frame 9
554.3751 	EXP 	Display Frame 0
554.4084 	EXP 	Display Frame 1
554.4418 	EXP 	Display Frame 2
554.4751 	EXP 	Display Frame 3
554.5085 	EXP 	Display Frame 4
554.5419 	EXP 	Display Frame 5
554.5751 	EXP 	Display Frame 6
554.6085 	EXP 	Display Frame 7
554.6418 	EXP 	Display Frame 8
554.6801 	EXP 	Display Frame 9
554.7085 	EXP 	Display Frame 0
554.7417 	EXP 	Display Frame 1
554.7751 	EXP 	Display Frame 2
554.8084 	EXP 	Display Frame 3
554.8418 	EXP 	Display Frame 4
554.8752 	EXP 	Display Frame 5
554.9084 	EXP 	Display Frame 6
554.9419 	EXP 	Display Frame 7
554.9751 	EXP 	Display Frame 8
555.0085 	EXP 	Display Frame 9
555.0420 	EXP 	Display Frame 0
555.0751 	EXP 	Display Frame 1
555.1084 	EXP 	Display Frame 2
555.1418 	EXP 	Display Frame 3
555.1751 	EXP 	Display Frame 4
555.2084 	EXP 	Display Frame 5
555.2418 	EXP 	Display Frame 6
555.2751 	EXP 	Display Frame 7
555.3086 	EXP 	Display Frame 8
555.3418 	EXP 	Display Frame 9
555.3752 	EXP 	Display Frame 0
555.4084 	EXP 	Display Frame 1
555.4419 	EXP 	Display Frame 2
555.4751 	EXP 	Display Frame 3
555.5084 	EXP 	Display Frame 4
555.5418 	EXP 	Display Frame 5
555.5751 	EXP 	Display Frame 6
555.6085 	EXP 	Display Frame 7
555.6419 	EXP 	Display Frame 8
555.6751 	EXP 	Display Frame 9
555.7086 	EXP 	Display Frame 0
555.7418 	EXP 	Display Frame 1
555.7752 	EXP 	Display Frame 2
555.8084 	EXP 	Display Frame 3
555.8419 	EXP 	Display Frame 4
555.8752 	EXP 	Display Frame 5
555.9084 	EXP 	Display Frame 6
555.9418 	EXP 	Display Frame 7
555.9753 	EXP 	Display Frame 8
556.0084 	EXP 	Display Frame 9
556.0418 	EXP 	Display Frame 0
556.0751 	EXP 	Display Frame 1
556.1085 	EXP 	Display Frame 2
556.1418 	EXP 	Display Frame 3
556.1755 	EXP 	Display Frame 4
556.2085 	EXP 	Display Frame 5
556.2418 	EXP 	Display Frame 6
556.2751 	EXP 	Display Frame 7
556.3084 	EXP 	Display Frame 8
556.3418 	EXP 	Display Frame 9
556.3751 	EXP 	Display Frame 0
556.4085 	EXP 	Display Frame 1
556.4418 	EXP 	Display Frame 2
556.4751 	EXP 	Display Frame 3
556.5084 	EXP 	Display Frame 4
556.5418 	EXP 	Display Frame 5
556.5751 	EXP 	Display Frame 6
556.6085 	EXP 	Display Frame 7
556.6418 	EXP 	Display Frame 8
556.6752 	EXP 	Display Frame 9
556.7085 	EXP 	Display Frame 0
556.7418 	EXP 	Display Frame 1
556.7750 	EXP 	Display Frame 2
556.8084 	EXP 	Display Frame 3
556.8418 	EXP 	Display Frame 4
556.8751 	EXP 	Display Frame 5
556.9085 	EXP 	Display Frame 6
556.9419 	EXP 	Display Frame 7
556.9751 	EXP 	Display Frame 8
557.0085 	EXP 	Display Frame 9
557.0418 	EXP 	Display Frame 0
557.0751 	EXP 	Display Frame 1
557.1085 	EXP 	Display Frame 2
557.1418 	EXP 	Display Frame 3
557.1751 	EXP 	Display Frame 4
557.2085 	EXP 	Display Frame 5
557.2418 	EXP 	Display Frame 6
557.2751 	EXP 	Display Frame 7
557.3084 	EXP 	Display Frame 8
557.3418 	EXP 	Display Frame 9
557.3751 	EXP 	Display Frame 0
557.4085 	EXP 	Display Frame 1
557.4418 	EXP 	Display Frame 2
557.4751 	EXP 	Display Frame 3
557.5085 	EXP 	Display Frame 4
557.5418 	EXP 	Display Frame 5
557.5752 	EXP 	Display Frame 6
557.6084 	EXP 	Display Frame 7
557.6418 	EXP 	Display Frame 8
557.6751 	EXP 	Display Frame 9
557.7084 	EXP 	Display Frame 0
557.7418 	EXP 	Display Frame 1
557.7751 	EXP 	Display Frame 2
557.8084 	EXP 	Display Frame 3
557.8418 	EXP 	Display Frame 4
557.8752 	EXP 	Display Frame 5
557.9084 	EXP 	Display Frame 6
557.9418 	EXP 	Display Frame 7
557.9752 	EXP 	Display Frame 8
558.0084 	EXP 	Display Frame 9
558.0418 	EXP 	Display Frame 0
558.0751 	EXP 	Display Frame 1
558.1085 	EXP 	Display Frame 2
558.1418 	EXP 	Display Frame 3
558.1751 	EXP 	Display Frame 4
558.2086 	EXP 	Display Frame 5
558.2418 	EXP 	Display Frame 6
558.2751 	EXP 	Display Frame 7
558.3084 	EXP 	Display Frame 8
558.3417 	EXP 	Display Frame 9
558.3751 	EXP 	Display Frame 0
558.4085 	EXP 	Display Frame 1
558.4418 	EXP 	Display Frame 2
558.4751 	EXP 	Display Frame 3
558.5084 	EXP 	Display Frame 4
558.5418 	EXP 	Display Frame 5
558.5752 	EXP 	Display Frame 6
558.6085 	EXP 	Display Frame 7
558.6418 	EXP 	Display Frame 8
558.6753 	EXP 	Display Frame 9
558.7085 	EXP 	Display Frame 0
558.7418 	EXP 	Display Frame 1
558.7752 	EXP 	Display Frame 2
558.8084 	EXP 	Display Frame 3
558.8418 	EXP 	Display Frame 4
558.8751 	EXP 	Display Frame 5
558.9084 	EXP 	Display Frame 6
558.9418 	EXP 	Display Frame 7
558.9751 	DATA 	Keypress: equal
558.9765 	EXP 	Display Frame 8
559.0086 	EXP 	Display Frame 9
559.0418 	EXP 	Display Frame 0
559.0751 	EXP 	Display Frame 1
559.1085 	EXP 	Display Frame 2
559.1418 	EXP 	Display Frame 3
559.1751 	EXP 	Display Frame 4
559.2085 	EXP 	Display Frame 5
559.2418 	EXP 	Display Frame 6
559.2751 	EXP 	Display Frame 7
559.3084 	EXP 	Display Frame 8
559.3418 	EXP 	Display Frame 9
559.3751 	EXP 	Display Frame 0
559.4085 	EXP 	Display Frame 1
559.4418 	EXP 	Display Frame 2
559.4751 	EXP 	Display Frame 3
559.5084 	EXP 	Display Frame 4
559.5418 	EXP 	Display Frame 5
559.5752 	EXP 	Display Frame 6
559.6085 	EXP 	Display Frame 7
559.6418 	EXP 	Display Frame 8
559.6751 	EXP 	Display Frame 9
559.7084 	EXP 	Display Frame 0
559.7418 	EXP 	Display Frame 1
559.7751 	EXP 	Display Frame 2
559.8084 	EXP 	Display Frame 3
559.8419 	EXP 	Display Frame 4
559.8751 	EXP 	Display Frame 5
559.9085 	EXP 	Display Frame 6
559.9418 	EXP 	Display Frame 7
559.9752 	EXP 	Display Frame 8
560.0084 	EXP 	Display Frame 9
560.0419 	EXP 	Display Frame 0
560.0751 	EXP 	Display Frame 1
560.1084 	EXP 	Display Frame 2
560.1418 	EXP 	Display Frame 3
560.1751 	EXP 	Display Frame 4
560.2084 	EXP 	Display Frame 5
560.2418 	EXP 	Display Frame 6
560.2752 	EXP 	Display Frame 7
560.3085 	EXP 	Display Frame 8
560.3418 	EXP 	Display Frame 9
560.3751 	EXP 	Display Frame 0
560.4085 	EXP 	Display Frame 1
560.4418 	EXP 	Display Frame 2
560.4751 	EXP 	Display Frame 3
560.5086 	EXP 	Display Frame 4
560.5418 	EXP 	Display Frame 5
560.5752 	EXP 	Display Frame 6
560.6084 	EXP 	Display Frame 7
560.6418 	EXP 	Display Frame 8
560.6750 	EXP 	Display Frame 9
560.7085 	EXP 	Display Frame 0
560.7417 	EXP 	Display Frame 1
560.7767 	EXP 	Display Frame 2
560.8084 	EXP 	Display Frame 3
560.8417 	EXP 	Display Frame 4
560.8751 	EXP 	Display Frame 5
560.9084 	EXP 	Display Frame 6
560.9419 	EXP 	Display Frame 7
560.9751 	EXP 	Display Frame 8
561.0085 	EXP 	Display Frame 9
561.0418 	EXP 	Display Frame 0
561.0752 	EXP 	Display Frame 1
561.1085 	EXP 	Display Frame 2
561.1418 	EXP 	Display Frame 3
561.1751 	EXP 	Display Frame 4
561.2084 	EXP 	Display Frame 5
561.2418 	EXP 	Display Frame 6
561.2752 	EXP 	Display Frame 7
561.3084 	EXP 	Display Frame 8
561.3417 	EXP 	Display Frame 9
561.3752 	EXP 	Display Frame 0
561.4084 	EXP 	Display Frame 1
561.4418 	EXP 	Display Frame 2
561.4750 	EXP 	Display Frame 3
561.5085 	EXP 	Display Frame 4
561.5418 	EXP 	Display Frame 5
561.5751 	EXP 	Display Frame 6
561.6085 	EXP 	Display Frame 7
561.6418 	EXP 	Display Frame 8
561.6751 	EXP 	Display Frame 9
561.7085 	EXP 	Display Frame 0
561.7418 	EXP 	Display Frame 1
561.7752 	EXP 	Display Frame 2
561.8084 	EXP 	Display Frame 3
561.8418 	EXP 	Display Frame 4
561.8751 	EXP 	Display Frame 5
561.9087 	EXP 	Display Frame 6
561.9418 	EXP 	Display Frame 7
561.9752 	EXP 	Display Frame 8
562.0085 	EXP 	Display Frame 9
562.0419 	EXP 	Display Frame 0
562.0751 	EXP 	Display Frame 1
562.1085 	EXP 	Display Frame 2
562.1418 	EXP 	Display Frame 3
562.1752 	EXP 	Display Frame 4
562.2084 	EXP 	Display Frame 5
562.2419 	EXP 	Display Frame 6
562.2751 	EXP 	Display Frame 7
562.3084 	EXP 	Display Frame 8
562.3417 	EXP 	Display Frame 9
562.3751 	EXP 	Display Frame 0
562.4084 	EXP 	Display Frame 1
562.4419 	EXP 	Display Frame 2
562.4751 	EXP 	Display Frame 3
562.5084 	EXP 	Display Frame 4
562.5418 	EXP 	Display Frame 5
562.5751 	EXP 	Display Frame 6
562.6084 	EXP 	Display Frame 7
562.6418 	EXP 	Display Frame 8
562.6751 	EXP 	Display Frame 9
562.7085 	EXP 	Display Frame 0
562.7418 	EXP 	Display Frame 1
562.7752 	EXP 	Display Frame 2
562.8085 	EXP 	Display Frame 3
562.8418 	EXP 	Display Frame 4
562.8752 	EXP 	Display Frame 5
562.9084 	EXP 	Display Frame 6
562.9419 	EXP 	Display Frame 7
562.9751 	EXP 	Display Frame 8
563.0085 	EXP 	Display Frame 9
563.0417 	EXP 	Display Frame 0
563.0754 	EXP 	Display Frame 1
563.1085 	EXP 	Display Frame 2
563.1419 	EXP 	Display Frame 3
563.1751 	EXP 	Display Frame 4
563.2087 	EXP 	Display Frame 5
563.2418 	EXP 	Display Frame 6
563.2754 	EXP 	Display Frame 7
563.3085 	EXP 	Display Frame 8
563.3418 	EXP 	Display Frame 9
563.3753 	EXP 	Display Frame 0
563.4085 	EXP 	Display Frame 1
563.4418 	EXP 	Display Frame 2
563.4753 	EXP 	Display Frame 3
563.5086 	EXP 	Display Frame 4
563.5419 	EXP 	Display Frame 5
563.5751 	EXP 	Display Frame 6
563.6085 	EXP 	Display Frame 7
563.6418 	EXP 	Display Frame 8
563.6751 	EXP 	Display Frame 9
563.7084 	EXP 	Display Frame 0
563.7418 	EXP 	Display Frame 1
563.7752 	EXP 	Display Frame 2
563.8085 	EXP 	Display Frame 3
563.8418 	EXP 	Display Frame 4
563.8751 	EXP 	Display Frame 5
563.9086 	EXP 	Display Frame 6
563.9418 	EXP 	Display Frame 7
563.9751 	EXP 	Display Frame 8
564.0085 	EXP 	Display Frame 9
564.0418 	EXP 	Display Frame 0
564.0751 	EXP 	Display Frame 1
564.1087 	EXP 	Display Frame 2
564.1418 	EXP 	Display Frame 3
564.1750 	DATA 	Keypress: equal
564.1764 	EXP 	Display Frame 4
564.2085 	EXP 	Display Frame 5
564.2418 	EXP 	Display Frame 6
564.2752 	EXP 	Display Frame 7
564.3086 	EXP 	Display Frame 8
564.3418 	EXP 	Display Frame 9
564.3751 	EXP 	Display Frame 0
564.4086 	EXP 	Display Frame 1
564.4419 	EXP 	Display Frame 2
564.4751 	EXP 	Display Frame 3
564.5084 	EXP 	Display Frame 4
564.5418 	EXP 	Display Frame 5
564.5752 	EXP 	Display Frame 6
564.6085 	EXP 	Display Frame 7
564.6418 	EXP 	Display Frame 8
564.6751 	EXP 	Display Frame 9
564.7084 	EXP 	Display Frame 0
564.7418 	EXP 	Display Frame 1
564.7751 	EXP 	Display Frame 2
564.8084 	EXP 	Display Frame 3
564.8418 	EXP 	Display Frame 4
564.8753 	EXP 	Display Frame 5
564.9084 	EXP 	Display Frame 6
564.9418 	EXP 	Display Frame 7
564.9751 	EXP 	Display Frame 8
565.0085 	EXP 	Display Frame 9
565.0418 	EXP 	Display Frame 0
565.0751 	EXP 	Display Frame 1
565.1084 	EXP 	Display Frame 2
565.1419 	EXP 	Display Frame 3
565.1751 	EXP 	Display Frame 4
565.2085 	EXP 	Display Frame 5
565.2418 	EXP 	Display Frame 6
565.2752 	EXP 	Display Frame 7
565.3084 	EXP 	Display Frame 8
565.3418 	EXP 	Display Frame 9
565.3751 	EXP 	Display Frame 0
565.4085 	EXP 	Display Frame 1
565.4418 	EXP 	Display Frame 2
565.4752 	EXP 	Display Frame 3
565.5084 	EXP 	Display Frame 4
565.5417 	EXP 	Display Frame 5
565.5751 	EXP 	Display Frame 6
565.6084 	EXP 	Display Frame 7
565.6417 	EXP 	Display Frame 8
565.6751 	EXP 	Display Frame 9
565.7085 	EXP 	Display Frame 0
565.7418 	EXP 	Display Frame 1
565.7751 	EXP 	Display Frame 2
565.8085 	EXP 	Display Frame 3
565.8418 	EXP 	Display Frame 4
565.8752 	EXP 	Display Frame 5
565.9084 	EXP 	Display Frame 6
565.9418 	EXP 	Display Frame 7
565.9751 	EXP 	Display Frame 8
566.0084 	EXP 	Display Frame 9
566.0418 	EXP 	Display Frame 0
566.0752 	EXP 	Display Frame 1
566.1085 	EXP 	Display Frame 2
566.1419 	EXP 	Display Frame 3
566.1751 	EXP 	Display Frame 4
566.2085 	EXP 	Display Frame 5
566.2418 	EXP 	Display Frame 6
566.2757 	EXP 	Display Frame 7
566.3086 	EXP 	Display Frame 8
566.3418 	EXP 	Display Frame 9
566.3751 	EXP 	Display Frame 0
566.4085 	EXP 	Display Frame 1
566.4417 	EXP 	Display Frame 2
566.4751 	EXP 	Display Frame 3
566.5086 	EXP 	Display Frame 4
566.5418 	EXP 	Display Frame 5
566.5753 	EXP 	Display Frame 6
566.6087 	EXP 	Display Frame 7
566.6418 	EXP 	Display Frame 8
566.6751 	EXP 	Display Frame 9
566.7084 	EXP 	Display Frame 0
566.7418 	EXP 	Display Frame 1
566.7753 	EXP 	Display Frame 2
566.8085 	EXP 	Display Frame 3
566.8418 	EXP 	Display Frame 4
566.8751 	EXP 	Display Frame 5
566.9085 	EXP 	Display Frame 6
566.9418 	EXP 	Display Frame 7
566.9751 	EXP 	Display Frame 8
567.0084 	EXP 	Display Frame 9
567.0420 	EXP 	Display Frame 0
567.0751 	EXP 	Display Frame 1
567.1084 	EXP 	Display Frame 2
567.1418 	EXP 	Display Frame 3
567.1751 	EXP 	Display Frame 4
567.2084 	EXP 	Display Frame 5
567.2418 	EXP 	Display Frame 6
567.2753 	EXP 	Display Frame 7
567.3085 	EXP 	Display Frame 8
567.3418 	EXP 	Display Frame 9
567.3752 	EXP 	Display Frame 0
567.4085 	EXP 	Display Frame 1
567.4418 	EXP 	Display Frame 2
567.4751 	EXP 	Display Frame 3
567.5084 	EXP 	Display Frame 4
567.5419 	EXP 	Display Frame 5
567.5751 	EXP 	Display Frame 6
567.6085 	EXP 	Display Frame 7
567.6418 	EXP 	Display Frame 8
567.6754 	EXP 	Display Frame 9
567.7085 	EXP 	Display Frame 0
567.7418 	EXP 	Display Frame 1
567.7751 	EXP 	Display Frame 2
567.8084 	EXP 	Display Frame 3
567.8418 	EXP 	Display Frame 4
567.8753 	EXP 	Display Frame 5
567.9084 	EXP 	Display Frame 6
567.9418 	EXP 	Display Frame 7
567.9752 	EXP 	Display Frame 8
568.0085 	EXP 	Display Frame 9
568.0418 	EXP 	Display Frame 0
568.0753 	EXP 	Display Frame 1
568.1085 	EXP 	Display Frame 2
568.1419 	EXP 	Display Frame 3
568.1752 	EXP 	Display Frame 4
568.2085 	EXP 	Display Frame 5
568.2419 	EXP 	Display Frame 6
568.2752 	EXP 	Display Frame 7
568.3085 	EXP 	Display Frame 8
568.3419 	EXP 	Display Frame 9
568.3752 	EXP 	Display Frame 0
568.4085 	EXP 	Display Frame 1
568.4419 	EXP 	Display Frame 2
568.4751 	EXP 	Display Frame 3
568.5086 	EXP 	Display Frame 4
568.5419 	EXP 	Display Frame 5
568.5752 	EXP 	Display Frame 6
568.6085 	EXP 	Display Frame 7
568.6420 	EXP 	Display Frame 8
568.6752 	EXP 	Display Frame 9
568.7086 	EXP 	Display Frame 0
568.7419 	EXP 	Display Frame 1
568.7753 	EXP 	Display Frame 2
568.8085 	EXP 	Display Frame 3
568.8419 	EXP 	Display Frame 4
568.8752 	EXP 	Display Frame 5
568.9084 	EXP 	Display Frame 6
568.9419 	EXP 	Display Frame 7
568.9751 	EXP 	Display Frame 8
569.0085 	EXP 	Display Frame 9
569.0418 	EXP 	Display Frame 0
569.0752 	EXP 	Display Frame 1
569.1085 	EXP 	Display Frame 2
569.1420 	EXP 	Display Frame 3
569.1752 	EXP 	Display Frame 4
569.2086 	EXP 	Display Frame 5
569.2419 	EXP 	Display Frame 6
569.2752 	EXP 	Display Frame 7
569.3085 	EXP 	Display Frame 8
569.3416 	DATA 	Keypress: equal
569.3431 	EXP 	Display Frame 9
569.3751 	EXP 	Display Frame 0
569.4084 	EXP 	Display Frame 1
569.4418 	EXP 	Display Frame 2
569.4751 	EXP 	Display Frame 3
569.5085 	EXP 	Display Frame 4
569.5419 	EXP 	Display Frame 5
569.5751 	EXP 	Display Frame 6
569.6084 	EXP 	Display Frame 7
569.6418 	EXP 	Display Frame 8
569.6752 	EXP 	Display Frame 9
569.7085 	EXP 	Display Frame 0
569.7419 	EXP 	Display Frame 1
569.7751 	EXP 	Display Frame 2
569.8085 	EXP 	Display Frame 3
569.8418 	EXP 	Display Frame 4
569.8751 	EXP 	Display Frame 5
569.9084 	EXP 	Display Frame 6
569.9419 	EXP 	Display Frame 7
569.9751 	EXP 	Display Frame 8
570.0088 	EXP 	Display Frame 9
570.0418 	EXP 	Display Frame 0
570.0752 	EXP 	Display Frame 1
570.1085 	EXP 	Display Frame 2
570.1418 	EXP 	Display Frame 3
570.1751 	EXP 	Display Frame 4
570.2085 	EXP 	Display Frame 5
570.2418 	EXP 	Display Frame 6
570.2752 	EXP 	Display Frame 7
570.3084 	EXP 	Display Frame 8
570.3417 	EXP 	Display Frame 9
570.3752 	EXP 	Display Frame 0
570.4085 	EXP 	Display Frame 1
570.4418 	EXP 	Display Frame 2
570.4752 	EXP 	Display Frame 3
570.5084 	EXP 	Display Frame 4
570.5418 	EXP 	Display Frame 5
570.5752 	EXP 	Display Frame 6
570.6085 	EXP 	Display Frame 7
570.6419 	EXP 	Display Frame 8
570.6751 	EXP 	Display Frame 9
570.7085 	EXP 	Display Frame 0
570.7418 	EXP 	Display Frame 1
570.7752 	EXP 	Display Frame 2
570.8085 	EXP 	Display Frame 3
570.8418 	EXP 	Display Frame 4
570.8751 	EXP 	Display Frame 5
570.9084 	EXP 	Display Frame 6
570.9418 	EXP 	Display Frame 7
570.9751 	EXP 	Display Frame 8
571.0084 	EXP 	Display Frame 9
571.0418 	EXP 	Display Frame 0
571.0751 	EXP 	Display Frame 1
571.1085 	EXP 	Display Frame 2
571.1418 	EXP 	Display Frame 3
571.1751 	EXP 	Display Frame 4
571.2084 	EXP 	Display Frame 5
571.2418 	EXP 	Display Frame 6
571.2751 	EXP 	Display Frame 7
571.3084 	EXP 	Display Frame 8
571.3418 	EXP 	Display Frame 9
571.3751 	EXP 	Display Frame 0
571.4084 	EXP 	Display Frame 1
571.4418 	EXP 	Display Frame 2
571.4753 	EXP 	Display Frame 3
571.5084 	EXP 	Display Frame 4
571.5418 	EXP 	Display Frame 5
571.5751 	EXP 	Display Frame 6
571.6084 	EXP 	Display Frame 7
571.6418 	EXP 	Display Frame 8
571.6751 	EXP 	Display Frame 9
571.7084 	EXP 	Display Frame 0
571.7419 	EXP 	Display Frame 1
571.7751 	EXP 	Display Frame 2
571.8084 	EXP 	Display Frame 3
571.8418 	EXP 	Display Frame 4
571.8751 	EXP 	Display Frame 5
571.9084 	EXP 	Display Frame 6
571.9418 	EXP 	Display Frame 7
571.9751 	EXP 	Display Frame 8
572.0084 	EXP 	Display Frame 9
572.0417 	EXP 	Display Frame 0
572.0751 	EXP 	Display Frame 1
572.1084 	EXP 	Display Frame 2
572.1418 	EXP 	Display Frame 3
572.1752 	EXP 	Display Frame 4
572.2085 	EXP 	Display Frame 5
572.2419 	EXP 	Display Frame 6
572.2751 	EXP 	Display Frame 7
572.3085 	EXP 	Display Frame 8
572.3418 	EXP 	Display Frame 9
572.3752 	EXP 	Display Frame 0
572.4085 	EXP 	Display Frame 1
572.4418 	EXP 	Display Frame 2
572.4752 	EXP 	Display Frame 3
572.5085 	EXP 	Display Frame 4
572.5421 	EXP 	Display Frame 5
572.5752 	EXP 	Display Frame 6
572.6085 	EXP 	Display Frame 7
572.6420 	EXP 	Display Frame 8
572.6752 	EXP 	Display Frame 9
572.7085 	EXP 	Display Frame 0
572.7418 	EXP 	Display Frame 1
572.7753 	EXP 	Display Frame 2
572.8085 	EXP 	Display Frame 3
572.8420 	EXP 	Display Frame 4
572.8752 	EXP 	Display Frame 5
572.9085 	EXP 	Display Frame 6
572.9418 	EXP 	Display Frame 7
572.9753 	EXP 	Display Frame 8
573.0084 	EXP 	Display Frame 9
573.0418 	EXP 	Display Frame 0
573.0752 	EXP 	Display Frame 1
573.1085 	EXP 	Display Frame 2
573.1419 	EXP 	Display Frame 3
573.1751 	EXP 	Display Frame 4
573.2084 	EXP 	Display Frame 5
573.2418 	EXP 	Display Frame 6
573.2751 	EXP 	Display Frame 7
573.3085 	EXP 	Display Frame 8
573.3418 	EXP 	Display Frame 9
573.3751 	EXP 	Display Frame 0
573.4084 	EXP 	Display Frame 1
573.4418 	EXP 	Display Frame 2
573.4751 	EXP 	Display Frame 3
573.5085 	EXP 	Display Frame 4
573.5419 	EXP 	Display Frame 5
573.5751 	EXP 	Display Frame 6
573.6085 	EXP 	Display Frame 7
573.6419 	EXP 	Display Frame 8
573.6753 	EXP 	Display Frame 9
573.7085 	EXP 	Display Frame 0
573.7418 	EXP 	Display Frame 1
573.7752 	EXP 	Display Frame 2
573.8086 	EXP 	Display Frame 3
573.8419 	EXP 	Display Frame 4
573.8753 	EXP 	Display Frame 5
573.9085 	EXP 	Display Frame 6
573.9419 	EXP 	Display Frame 7
573.9752 	EXP 	Display Frame 8
574.0086 	EXP 	Display Frame 9
574.0418 	EXP 	Display Frame 0
574.0751 	EXP 	Display Frame 1
574.1085 	EXP 	Display Frame 2
574.1419 	EXP 	Display Frame 3
574.1752 	EXP 	Display Frame 4
574.2085 	EXP 	Display Frame 5
574.2419 	EXP 	Display Frame 6
574.2752 	EXP 	Display Frame 7
574.3085 	EXP 	Display Frame 8
574.3418 	EXP 	Display Frame 9
574.3752 	EXP 	Display Frame 0
574.4085 	EXP 	Display Frame 1
574.4419 	EXP 	Display Frame 2
574.4752 	EXP 	Display Frame 3
574.5085 	EXP 	Display Frame 4
574.5418 	DATA 	Keypress: equal
574.5432 	EXP 	Display Frame 5
574.5472 	EXP 	Display Fixation
579.7283 	DATA 	Keypress: equal
584.9215 	DATA 	Keypress: equal
590.1150 	DATA 	Keypress: equal
595.3087 	DATA 	Keypress: equal
600.5025 	DATA 	Keypress: equal
605.6962 	DATA 	Keypress: equal
605.7314 	EXP 	Display Frame 1
605.7644 	EXP 	Display Frame 2
605.7979 	EXP 	Display Frame 3
605.8311 	EXP 	Display Frame 4
605.8644 	EXP 	Display Frame 5
605.8978 	EXP 	Display Frame 6
605.9312 	EXP 	Display Frame 7
605.9645 	EXP 	Display Frame 8
605.9979 	EXP 	Display Frame 9
606.0311 	EXP 	Display Frame 0
606.0643 	EXP 	Display Frame 1
606.0977 	EXP 	Display Frame 2
606.1311 	EXP 	Display Frame 3
606.1643 	EXP 	Display Frame 4
606.1977 	EXP 	Display Frame 5
606.2310 	EXP 	Display Frame 6
606.2644 	EXP 	Display Frame 7
606.2978 	EXP 	Display Frame 8
606.3310 	EXP 	Display Frame 9
606.3646 	EXP 	Display Frame 0
606.3977 	EXP 	Display Frame 1
606.4310 	EXP 	Display Frame 2
606.4643 	EXP 	Display Frame 3
606.4978 	EXP 	Display Frame 4
606.5311 	EXP 	Display Frame 5
606.5645 	EXP 	Display Frame 6
606.5977 	EXP 	Display Frame 7
606.6318 	EXP 	Display Frame 8
606.6645 	EXP 	Display Frame 9
606.6978 	EXP 	Display Frame 0
606.7308 	EXP 	Display Frame 1
606.7644 	EXP 	Display Frame 2
606.7977 	EXP 	Display Frame 3
606.8311 	EXP 	Display Frame 4
606.8644 	EXP 	Display Frame 5
606.8977 	EXP 	Display Frame 6
606.9310 	EXP 	Display Frame 7
606.9644 	EXP 	Display Frame 8
606.9977 	EXP 	Display Frame 9
607.0310 	EXP 	Display Frame 0
607.0644 	EXP 	Display Frame 1
607.0977 	EXP 	Display Frame 2
607.1308 	EXP 	Display Frame 3
607.1643 	EXP 	Display Frame 4
607.1978 	EXP 	Display Frame 5
607.2310 	EXP 	Display Frame 6
607.2644 	EXP 	Display Frame 7
607.2977 	EXP 	Display Frame 8
607.3312 	EXP 	Display Frame 9
607.3644 	EXP 	Display Frame 0
607.3977 	EXP 	Display Frame 1
607.4310 	EXP 	Display Frame 2
607.4643 	EXP 	Display Frame 3
607.4977 	EXP 	Display Frame 4
607.5310 	EXP 	Display Frame 5
607.5644 	EXP 	Display Frame 6
607.5977 	EXP 	Display Frame 7
607.6310 	EXP 	Display Frame 8
607.6644 	EXP 	Display Frame 9
607.6977 	EXP 	Display Frame 0
607.7310 	EXP 	Display Frame 1
607.7644 	EXP 	Display Frame 2
607.7977 	EXP 	Display Frame 3
607.8310 	EXP 	Display Frame 4
607.8644 	EXP 	Display Frame 5
607.8977 	EXP 	Display Frame 6
607.9311 	EXP 	Display Frame 7
607.9644 	EXP 	Display Frame 8
607.9977 	EXP 	Display Frame 9
608.0310 	EXP 	Display Frame 0
608.0644 	EXP 	Display Frame 1
608.0977 	EXP 	Display Frame 2
608.1310 	EXP 	Display Frame 3
608.1651 	EXP 	Display Frame 4
608.1977 	EXP 	Display Frame 5
608.2310 	EXP 	Display Frame 6
608.2644 	EXP 	Display Frame 7
608.2977 	EXP 	Display Frame 8
608.3311 	EXP 	Display Frame 9
608.3644 	EXP 	Display Frame 0
608.3977 	EXP 	Display Frame 1
608.4312 	EXP 	Display Frame 2
608.4644 	EXP 	Display Frame 3
608.4979 	EXP 	Display Frame 4
608.5310 	EXP 	Display Frame 5
608.5645 	EXP 	Display Frame 6
608.5977 	EXP 	Display Frame 7
608.6312 	EXP 	Display Frame 8
608.6648 	EXP 	Display Frame 9
608.6977 	EXP 	Display Frame 0
608.7312 	EXP 	Display Frame 1
608.7645 	EXP 	Display Frame 2
608.7977 	EXP 	Display Frame 3
608.8310 	EXP 	Display Frame 4
608.8644 	EXP 	Display Frame 5
608.8978 	EXP 	Display Frame 6
608.9310 	EXP 	Display Frame 7
608.9644 	EXP 	Display Frame 8
608.9977 	EXP 	Display Frame 9
609.0310 	EXP 	Display Frame 0
609.0646 	EXP 	Display Frame 1
609.0977 	EXP 	Display Frame 2
609.1311 	EXP 	Display Frame 3
609.1647 	EXP 	Display Frame 4
609.1978 	EXP 	Display Frame 5
609.2310 	EXP 	Display Frame 6
609.2643 	EXP 	Display Frame 7
609.2977 	EXP 	Display Frame 8
609.3312 	EXP 	Display Frame 9
609.3644 	EXP 	Display Frame 0
609.3978 	EXP 	Display Frame 1
609.4311 	EXP 	Display Frame 2
609.4644 	EXP 	Display Frame 3
609.4977 	EXP 	Display Frame 4
609.5311 	EXP 	Display Frame 5
609.5643 	EXP 	Display Frame 6
609.5978 	EXP 	Display Frame 7
609.6310 	EXP 	Display Frame 8
609.6643 	EXP 	Display Frame 9
609.6977 	EXP 	Display Frame 0
609.7310 	EXP 	Display Frame 1
609.7644 	EXP 	Display Frame 2
609.7977 	EXP 	Display Frame 3
609.8310 	EXP 	Display Frame 4
609.8644 	EXP 	Display Frame 5
609.8977 	EXP 	Display Frame 6
609.9310 	EXP 	Display Frame 7
609.9644 	EXP 	Display Frame 8
609.9977 	EXP 	Display Frame 9
610.0310 	EXP 	Display Frame 0
610.0644 	EXP 	Display Frame 1
610.0977 	EXP 	Display Frame 2
610.1310 	EXP 	Display Frame 3
610.1644 	EXP 	Display Frame 4
610.1979 	EXP 	Display Frame 5
610.2311 	EXP 	Display Frame 6
610.2644 	EXP 	Display Frame 7
610.2978 	EXP 	Display Frame 8
610.3311 	EXP 	Display Frame 9
610.3646 	EXP 	Display Frame 0
610.3978 	EXP 	Display Frame 1
610.4311 	EXP 	Display Frame 2
610.4645 	EXP 	Display Frame 3
610.4979 	EXP 	Display Frame 4
610.5311 	EXP 	Display Frame 5
610.5645 	EXP 	Display Frame 6
610.5978 	EXP 	Display Frame 7
610.6312 	EXP 	Display Frame 8
610.6644 	EXP 	Display Frame 9
610.6984 	EXP 	Display Frame 0
610.7312 	EXP 	Display Frame 1
610.7644 	EXP 	Display Frame 2
610.7977 	EXP 	Display Frame 3
610.8311 	EXP 	Display Frame 4
610.8644 	EXP 	Display Frame 5
610.8975 	DATA 	Keypress: equal
610.8990 	EXP 	Display Frame 6
610.9311 	EXP 	Display Frame 7
610.9648 	EXP 	Display Frame 8
610.9977 	EXP 	Display Frame 9
611.0311 	EXP 	Display Frame 0
611.0644 	EXP 	Display Frame 1
611.0978 	EXP 	Display Frame 2
611.1311 	EXP 	Display Frame 3
611.1644 	EXP 	Display Frame 4
611.1978 	EXP 	Display Frame 5
611.2310 	EXP 	Display Frame 6
611.2644 	EXP 	Display Frame 7
611.2977 	EXP 	Display Frame 8
611.3323 	EXP 	Display Frame 9
611.3644 	EXP 	Display Frame 0
611.3978 	EXP 	Display Frame 1
611.4310 	EXP 	Display Frame 2
611.4644 	EXP 	Display Frame 3
611.4977 	EXP 	Display Frame 4
611.5310 	EXP 	Display Frame 5
611.5644 	EXP 	Display Frame 6
611.5977 	EXP 	Display Frame 7
611.6310 	EXP 	Display Frame 8
611.6644 	EXP 	Display Frame 9
611.6977 	EXP 	Display Frame 0
611.7308 	EXP 	Display Frame 1
611.7644 	EXP 	Display Frame 2
611.7977 	EXP 	Display Frame 3
611.8310 	EXP 	Display Frame 4
611.8644 	EXP 	Display Frame 5
611.8977 	EXP 	Display Frame 6
611.9310 	EXP 	Display Frame 7
611.9644 	EXP 	Display Frame 8
611.9977 	EXP 	Display Frame 9
612.0310 	EXP 	Display Frame 0
612.0643 	EXP 	Display Frame 1
612.0978 	EXP 	Display Frame 2
612.1311 	EXP 	Display Frame 3
612.1644 	EXP 	Display Frame 4
612.1977 	EXP 	Display Frame 5
612.2318 	EXP 	Display Frame 6
612.2644 	EXP 	Display Frame 7
612.2977 	EXP 	Display Frame 8
612.3310 	EXP 	Display Frame 9
612.3644 	EXP 	Display Frame 0
612.3977 	EXP 	Display Frame 1
612.4311 	EXP 	Display Frame 2
612.4643 	EXP 	Display Frame 3
612.4977 	EXP 	Display Frame 4
612.5310 	EXP 	Display Frame 5
612.5644 	EXP 	Display Frame 6
612.5977 	EXP 	Display Frame 7
612.6311 	EXP 	Display Frame 8
612.6644 	EXP 	Display Frame 9
612.6977 	EXP 	Display Frame 0
612.7317 	EXP 	Display Frame 1
612.7645 	EXP 	Display Frame 2
612.7977 	EXP 	Display Frame 3
612.8311 	EXP 	Display Frame 4
612.8643 	EXP 	Display Frame 5
612.8978 	EXP 	Display Frame 6
612.9310 	EXP 	Display Frame 7
612.9643 	EXP 	Display Frame 8
612.9977 	EXP 	Display Frame 9
613.0310 	EXP 	Display Frame 0
613.0643 	EXP 	Display Frame 1
613.0977 	EXP 	Display Frame 2
613.1310 	EXP 	Display Frame 3
613.1644 	EXP 	Display Frame 4
613.1977 	EXP 	Display Frame 5
613.2312 	EXP 	Display Frame 6
613.2643 	EXP 	Display Frame 7
613.2977 	EXP 	Display Frame 8
613.3310 	EXP 	Display Frame 9
613.3644 	EXP 	Display Frame 0
613.3977 	EXP 	Display Frame 1
613.4310 	EXP 	Display Frame 2
613.4644 	EXP 	Display Frame 3
613.4977 	EXP 	Display Frame 4
613.5310 	EXP 	Display Frame 5
613.5661 	EXP 	Display Frame 6
613.5978 	EXP 	Display Frame 7
613.6310 	EXP 	Display Frame 8
613.6644 	EXP 	Display Frame 9
613.6977 	EXP 	Display Frame 0
613.7310 	EXP 	Display Frame 1
613.7644 	EXP 	Display Frame 2
613.7978 	EXP 	Display Frame 3
613.8310 	EXP 	Display Frame 4
613.8644 	EXP 	Display Frame 5
613.8977 	EXP 	Display Frame 6
613.9312 	EXP 	Display Frame 7
613.9644 	EXP 	Display Frame 8
613.9977 	EXP 	Display Frame 9
614.0310 	EXP 	Display Frame 0
614.0644 	EXP 	Display Frame 1
614.0977 	EXP 	Display Frame 2
614.1310 	EXP 	Display Frame 3
614.1643 	EXP 	Display Frame 4
614.1977 	EXP 	Display Frame 5
614.2312 	EXP 	Display Frame 6
614.2644 	EXP 	Display Frame 7
614.2977 	EXP 	Display Frame 8
614.3310 	EXP 	Display Frame 9
614.3644 	EXP 	Display Frame 0
614.3977 	EXP 	Display Frame 1
614.4310 	EXP 	Display Frame 2
614.4644 	EXP 	Display Frame 3
614.4976 	EXP 	Display Frame 4
614.5310 	EXP 	Display Frame 5
614.5645 	EXP 	Display Frame 6
614.5977 	EXP 	Display Frame 7
614.6311 	EXP 	Display Frame 8
614.6655 	EXP 	Display Frame 9
614.6977 	EXP 	Display Frame 0
614.7310 	EXP 	Display Frame 1
614.7649 	EXP 	Display Frame 2
614.7977 	EXP 	Display Frame 3
614.8310 	EXP 	Display Frame 4
614.8644 	EXP 	Display Frame 5
614.8977 	EXP 	Display Frame 6
614.9311 	EXP 	Display Frame 7
614.9645 	EXP 	Display Frame 8
614.9977 	EXP 	Display Frame 9
615.0310 	EXP 	Display Frame 0
615.0644 	EXP 	Display Frame 1
615.0978 	EXP 	Display Frame 2
615.1311 	EXP 	Display Frame 3
615.1644 	EXP 	Display Frame 4
615.1977 	EXP 	Display Frame 5
615.2310 	EXP 	Display Frame 6
615.2643 	EXP 	Display Frame 7
615.2977 	EXP 	Display Frame 8
615.3311 	EXP 	Display Frame 9
615.3643 	EXP 	Display Frame 0
615.3977 	EXP 	Display Frame 1
615.4310 	EXP 	Display Frame 2
615.4643 	EXP 	Display Frame 3
615.4977 	EXP 	Display Frame 4
615.5310 	EXP 	Display Frame 5
615.5643 	EXP 	Display Frame 6
615.5977 	EXP 	Display Frame 7
615.6310 	EXP 	Display Frame 8
615.6645 	EXP 	Display Frame 9
615.6977 	EXP 	Display Frame 0
615.7312 	EXP 	Display Frame 1
615.7643 	EXP 	Display Frame 2
615.7978 	EXP 	Display Frame 3
615.8310 	EXP 	Display Frame 4
615.8644 	EXP 	Display Frame 5
615.8977 	EXP 	Display Frame 6
615.9311 	EXP 	Display Frame 7
615.9644 	EXP 	Display Frame 8
615.9977 	EXP 	Display Frame 9
616.0311 	EXP 	Display Frame 0
616.0645 	EXP 	Display Frame 1
616.0977 	DATA 	Keypress: equal
616.0993 	EXP 	Display Frame 2
616.1311 	EXP 	Display Frame 3
616.1644 	EXP 	Display Frame 4
616.1977 	EXP 	Display Frame 5
616.2310 	EXP 	Display Frame 6
616.2643 	EXP 	Display Frame 7
616.2985 	EXP 	Display Frame 8
616.3310 	EXP 	Display Frame 9
616.3644 	EXP 	Display Frame 0
616.3977 	EXP 	Display Frame 1
616.4310 	EXP 	Display Frame 2
616.4644 	EXP 	Display Frame 3
616.4977 	EXP 	Display Frame 4
616.5310 	EXP 	Display Frame 5
616.5644 	EXP 	Display Frame 6
616.5977 	EXP 	Display Frame 7
616.6311 	EXP 	Display Frame 8
616.6644 	EXP 	Display Frame 9
616.6979 	EXP 	Display Frame 0
616.7310 	EXP 	Display Frame 1
616.7644 	EXP 	Display Frame 2
616.7986 	EXP 	Display Frame 3
616.8311 	EXP 	Display Frame 4
616.8643 	EXP 	Display Frame 5
616.8980 	EXP 	Display Frame 6
616.9310 	EXP 	Display Frame 7
616.9644 	EXP 	Display Frame 8
616.9977 	EXP 	Display Frame 9
617.0310 	EXP 	Display Frame 0
617.0644 	EXP 	Display Frame 1
617.0978 	EXP 	Display Frame 2
617.1310 	EXP 	Display Frame 3
617.1645 	EXP 	Display Frame 4
617.1977 	EXP 	Display Frame 5
617.2312 	EXP 	Display Frame 6
617.2644 	EXP 	Display Frame 7
617.2977 	EXP 	Display Frame 8
617.3310 	EXP 	Display Frame 9
617.3644 	EXP 	Display Frame 0
617.3977 	EXP 	Display Frame 1
617.4311 	EXP 	Display Frame 2
617.4644 	EXP 	Display Frame 3
617.4977 	EXP 	Display Frame 4
617.5311 	EXP 	Display Frame 5
617.5644 	EXP 	Display Frame 6
617.5977 	EXP 	Display Frame 7
617.6310 	EXP 	Display Frame 8
617.6643 	EXP 	Display Frame 9
617.6977 	EXP 	Display Frame 0
617.7310 	EXP 	Display Frame 1
617.7643 	EXP 	Display Frame 2
617.7977 	EXP 	Display Frame 3
617.8310 	EXP 	Display Frame 4
617.8643 	EXP 	Display Frame 5
617.8980 	EXP 	Display Frame 6
617.9311 	EXP 	Display Frame 7
617.9644 	EXP 	Display Frame 8
617.9977 	EXP 	Display Frame 9
618.0310 	EXP 	Display Frame 0
618.0644 	EXP 	Display Frame 1
618.0977 	EXP 	Display Frame 2
618.1310 	EXP 	Display Frame 3
618.1644 	EXP 	Display Frame 4
618.1978 	EXP 	Display Frame 5
618.2310 	EXP 	Display Frame 6
618.2645 	EXP 	Display Frame 7
618.2977 	EXP 	Display Frame 8
618.3321 	EXP 	Display Frame 9
618.3644 	EXP 	Display Frame 0
618.3977 	EXP 	Display Frame 1
618.4310 	EXP 	Display Frame 2
618.4643 	EXP 	Display Frame 3
618.4977 	EXP 	Display Frame 4
618.5310 	EXP 	Display Frame 5
618.5644 	EXP 	Display Frame 6
618.5989 	EXP 	Display Frame 7
618.6310 	EXP 	Display Frame 8
618.6644 	EXP 	Display Frame 9
618.6977 	EXP 	Display Frame 0
618.7308 	EXP 	Display Frame 1
618.7643 	EXP 	Display Frame 2
618.7977 	EXP 	Display Frame 3
618.8310 	EXP 	Display Frame 4
618.8644 	EXP 	Display Frame 5
618.8978 	EXP 	Display Frame 6
618.9310 	EXP 	Display Frame 7
618.9643 	EXP 	Display Frame 8
618.9977 	EXP 	Display Frame 9
619.0312 	EXP 	Display Frame 0
619.0643 	EXP 	Display Frame 1
619.0978 	EXP 	Display Frame 2
619.1310 	EXP 	Display Frame 3
619.1645 	EXP 	Display Frame 4
619.1977 	EXP 	Display Frame 5
619.2310 	EXP 	Display Frame 6
619.2644 	EXP 	Display Frame 7
619.2978 	EXP 	Display Frame 8
619.3310 	EXP 	Display Frame 9
619.3644 	EXP 	Display Frame 0
619.3977 	EXP 	Display Frame 1
619.4310 	EXP 	Display Frame 2
619.4644 	EXP 	Display Frame 3
619.4977 	EXP 	Display Frame 4
619.5311 	EXP 	Display Frame 5
619.5644 	EXP 	Display Frame 6
619.5977 	EXP 	Display Frame 7
619.6310 	EXP 	Display Frame 8
619.6644 	EXP 	Display Frame 9
619.6977 	EXP 	Display Frame 0
619.7310 	EXP 	Display Frame 1
619.7644 	EXP 	Display Frame 2
619.7977 	EXP 	Display Frame 3
619.8310 	EXP 	Display Frame 4
619.8652 	EXP 	Display Frame 5
619.8977 	EXP 	Display Frame 6
619.9310 	EXP 	Display Frame 7
619.9643 	EXP 	Display Frame 8
619.9977 	EXP 	Display Frame 9
620.0310 	EXP 	Display Frame 0
620.0645 	EXP 	Display Frame 1
620.0977 	EXP 	Display Frame 2
620.1311 	EXP 	Display Frame 3
620.1643 	EXP 	Display Frame 4
620.1977 	EXP 	Display Frame 5
620.2310 	EXP 	Display Frame 6
620.2644 	EXP 	Display Frame 7
620.2977 	EXP 	Display Frame 8
620.3311 	EXP 	Display Frame 9
620.3672 	EXP 	Display Frame 0
620.3979 	EXP 	Display Frame 1
620.4310 	EXP 	Display Frame 2
620.4645 	EXP 	Display Frame 3
620.4977 	EXP 	Display Frame 4
620.5310 	EXP 	Display Frame 5
620.5644 	EXP 	Display Frame 6
620.5977 	EXP 	Display Frame 7
620.6310 	EXP 	Display Frame 8
620.6644 	EXP 	Display Frame 9
620.6977 	EXP 	Display Frame 0
620.7311 	EXP 	Display Frame 1
620.7644 	EXP 	Display Frame 2
620.7977 	EXP 	Display Frame 3
620.8310 	EXP 	Display Frame 4
620.8643 	EXP 	Display Frame 5
620.8978 	EXP 	Display Frame 6
620.9311 	EXP 	Display Frame 7
620.9644 	EXP 	Display Frame 8
620.9977 	EXP 	Display Frame 9
621.0310 	EXP 	Display Frame 0
621.0644 	EXP 	Display Frame 1
621.0978 	EXP 	Display Frame 2
621.1311 	EXP 	Display Frame 3
621.1644 	EXP 	Display Frame 4
621.1977 	EXP 	Display Frame 5
621.2311 	EXP 	Display Frame 6
621.2644 	EXP 	Display Frame 7
621.2975 	DATA 	Keypress: equal
621.2989 	EXP 	Display Frame 8
621.3310 	EXP 	Display Frame 9
621.3643 	EXP 	Display Frame 0
621.3977 	EXP 	Display Frame 1
621.4310 	EXP 	Display Frame 2
621.4651 	EXP 	Display Frame 3
621.4977 	EXP 	Display Frame 4
621.5310 	EXP 	Display Frame 5
621.5644 	EXP 	Display Frame 6
621.5977 	EXP 	Display Frame 7
621.6310 	EXP 	Display Frame 8
621.6644 	EXP 	Display Frame 9
621.6978 	EXP 	Display Frame 0
621.7310 	EXP 	Display Frame 1
621.7643 	EXP 	Display Frame 2
621.7978 	EXP 	Display Frame 3
621.8310 	EXP 	Display Frame 4
621.8644 	EXP 	Display Frame 5
621.8987 	EXP 	Display Frame 6
621.9310 	EXP 	Display Frame 7
621.9644 	EXP 	Display Frame 8
621.9977 	EXP 	Display Frame 9
622.0310 	EXP 	Display Frame 0
622.0647 	EXP 	Display Frame 1
622.0977 	EXP 	Display Frame 2
622.1311 	EXP 	Display Frame 3
622.1644 	EXP 	Display Frame 4
622.1978 	EXP 	Display Frame 5
622.2310 	EXP 	Display Frame 6
622.2645 	EXP 	Display Frame 7
622.2977 	EXP 	Display Frame 8
622.3311 	EXP 	Display Frame 9
622.3643 	EXP 	Display Frame 0
622.3984 	EXP 	Display Frame 1
622.4310 	EXP 	Display Frame 2
622.4643 	EXP 	Display Frame 3
622.4977 	EXP 	Display Frame 4
622.5312 	EXP 	Display Frame 5
622.5643 	EXP 	Display Frame 6
622.5977 	EXP 	Display Frame 7
622.6310 	EXP 	Display Frame 8
622.6644 	EXP 	Display Frame 9
622.6977 	EXP 	Display Frame 0
622.7309 	EXP 	Display Frame 1
622.7645 	EXP 	Display Frame 2
622.7984 	EXP 	Display Frame 3
622.8311 	EXP 	Display Frame 4
622.8644 	EXP 	Display Frame 5
622.8976 	EXP 	Display Frame 6
622.9310 	EXP 	Display Frame 7
622.9644 	EXP 	Display Frame 8
622.9977 	EXP 	Display Frame 9
623.0310 	EXP 	Display Frame 0
623.0644 	EXP 	Display Frame 1
623.0977 	EXP 	Display Frame 2
623.1310 	EXP 	Display Frame 3
623.1644 	EXP 	Display Frame 4
623.1977 	EXP 	Display Frame 5
623.2310 	EXP 	Display Frame 6
623.2644 	EXP 	Display Frame 7
623.2977 	EXP 	Display Frame 8
623.3310 	EXP 	Display Frame 9
623.3644 	EXP 	Display Frame 0
623.3977 	EXP 	Display Frame 1
623.4311 	EXP 	Display Frame 2
623.4644 	EXP 	Display Frame 3
623.4977 	EXP 	Display Frame 4
623.5311 	EXP 	Display Frame 5
623.5645 	EXP 	Display Frame 6
623.5977 	EXP 	Display Frame 7
623.6310 	EXP 	Display Frame 8
623.6645 	EXP 	Display Frame 9
623.6977 	EXP 	Display Frame 0
623.7308 	EXP 	Display Frame 1
623.7644 	EXP 	Display Frame 2
623.7978 	EXP 	Display Frame 3
623.8311 	EXP 	Display Frame 4
623.8644 	EXP 	Display Frame 5
623.8977 	EXP 	Display Frame 6
623.9317 	EXP 	Display Frame 7
623.9644 	EXP 	Display Frame 8
623.9978 	EXP 	Display Frame 9
624.0311 	EXP 	Display Frame 0
624.0644 	EXP 	Display Frame 1
624.0977 	EXP 	Display Frame 2
624.1311 	EXP 	Display Frame 3
624.1645 	EXP 	Display Frame 4
624.1978 	EXP 	Display Frame 5
624.2311 	EXP 	Display Frame 6
624.2645 	EXP 	Display Frame 7
624.2977 	EXP 	Display Frame 8
624.3311 	EXP 	Display Frame 9
624.3645 	EXP 	Display Frame 0
624.3978 	EXP 	Display Frame 1
624.4319 	EXP 	Display Frame 2
624.4645 	EXP 	Display Frame 3
624.4978 	EXP 	Display Frame 4
624.5312 	EXP 	Display Frame 5
624.5644 	EXP 	Display Frame 6
624.5978 	EXP 	Display Frame 7
624.6311 	EXP 	Display Frame 8
624.6645 	EXP 	Display Frame 9
624.6978 	EXP 	Display Frame 0
624.7312 	EXP 	Display Frame 1
624.7644 	EXP 	Display Frame 2
624.7978 	EXP 	Display Frame 3
624.8312 	EXP 	Display Frame 4
624.8644 	EXP 	Display Frame 5
624.8978 	EXP 	Display Frame 6
624.9311 	EXP 	Display Frame 7
624.9644 	EXP 	Display Frame 8
624.9978 	EXP 	Display Frame 9
625.0311 	EXP 	Display Frame 0
625.0645 	EXP 	Display Frame 1
625.0978 	EXP 	Display Frame 2
625.1311 	EXP 	Display Frame 3
625.1644 	EXP 	Display Frame 4
625.1978 	EXP 	Display Frame 5
625.2311 	EXP 	Display Frame 6
625.2645 	EXP 	Display Frame 7
625.2978 	EXP 	Display Frame 8
625.3311 	EXP 	Display Frame 9
625.3646 	EXP 	Display Frame 0
625.3977 	EXP 	Display Frame 1
625.4311 	EXP 	Display Frame 2
625.4645 	EXP 	Display Frame 3
625.4977 	EXP 	Display Frame 4
625.5311 	EXP 	Display Frame 5
625.5645 	EXP 	Display Frame 6
625.5978 	EXP 	Display Frame 7
625.6311 	EXP 	Display Frame 8
625.6645 	EXP 	Display Frame 9
625.6979 	EXP 	Display Frame 0
625.7309 	EXP 	Display Frame 1
625.7645 	EXP 	Display Frame 2
625.7978 	EXP 	Display Frame 3
625.8312 	EXP 	Display Frame 4
625.8644 	EXP 	Display Frame 5
625.8978 	EXP 	Display Frame 6
625.9310 	EXP 	Display Frame 7
625.9652 	EXP 	Display Frame 8
625.9977 	EXP 	Display Frame 9
626.0310 	EXP 	Display Frame 0
626.0644 	EXP 	Display Frame 1
626.0977 	EXP 	Display Frame 2
626.1310 	EXP 	Display Frame 3
626.1644 	EXP 	Display Frame 4
626.1977 	EXP 	Display Frame 5
626.2310 	EXP 	Display Frame 6
626.2644 	EXP 	Display Frame 7
626.2977 	EXP 	Display Frame 8
626.3311 	EXP 	Display Frame 9
626.3644 	EXP 	Display Frame 0
626.3977 	EXP 	Display Frame 1
626.4310 	EXP 	Display Frame 2
626.4652 	EXP 	Display Frame 3
626.4976 	DATA 	Keypress: equal
626.4990 	EXP 	Display Frame 4
626.5310 	EXP 	Display Frame 5
626.5644 	EXP 	Display Frame 6
626.5978 	EXP 	Display Frame 7
626.6310 	EXP 	Display Frame 8
626.6645 	EXP 	Display Frame 9
626.6977 	EXP 	Display Frame 0
626.7311 	EXP 	Display Frame 1
626.7644 	EXP 	Display Frame 2
626.7978 	EXP 	Display Frame 3
626.8310 	EXP 	Display Frame 4
626.8645 	EXP 	Display Frame 5
626.8977 	EXP 	Display Frame 6
626.9310 	EXP 	Display Frame 7
626.9643 	EXP 	Display Frame 8
626.9977 	EXP 	Display Frame 9
627.0310 	EXP 	Display Frame 0
627.0643 	EXP 	Display Frame 1
627.0977 	EXP 	Display Frame 2
627.1310 	EXP 	Display Frame 3
627.1643 	EXP 	Display Frame 4
627.1977 	EXP 	Display Frame 5
627.2310 	EXP 	Display Frame 6
627.2643 	EXP 	Display Frame 7
627.2977 	EXP 	Display Frame 8
627.3310 	EXP 	Display Frame 9
627.3644 	EXP 	Display Frame 0
627.3977 	EXP 	Display Frame 1
627.4310 	EXP 	Display Frame 2
627.4644 	EXP 	Display Frame 3
627.4982 	EXP 	Display Frame 4
627.5310 	EXP 	Display Frame 5
627.5645 	EXP 	Display Frame 6
627.5977 	EXP 	Display Frame 7
627.6311 	EXP 	Display Frame 8
627.6644 	EXP 	Display Frame 9
627.6978 	EXP 	Display Frame 0
627.7310 	EXP 	Display Frame 1
627.7645 	EXP 	Display Frame 2
627.7977 	EXP 	Display Frame 3
627.8311 	EXP 	Display Frame 4
627.8644 	EXP 	Display Frame 5
627.8977 	EXP 	Display Frame 6
627.9310 	EXP 	Display Frame 7
627.9643 	EXP 	Display Frame 8
628.0006 	EXP 	Display Frame 9
628.0310 	EXP 	Display Frame 0
628.0647 	EXP 	Display Frame 1
628.0977 	EXP 	Display Frame 2
628.1311 	EXP 	Display Frame 3
628.1644 	EXP 	Display Frame 4
628.1977 	EXP 	Display Frame 5
628.2310 	EXP 	Display Frame 6
628.2644 	EXP 	Display Frame 7
628.2977 	EXP 	Display Frame 8
628.3310 	EXP 	Display Frame 9
628.3644 	EXP 	Display Frame 0
628.3977 	EXP 	Display Frame 1
628.4310 	EXP 	Display Frame 2
628.4644 	EXP 	Display Frame 3
628.4976 	EXP 	Display Frame 4
628.5311 	EXP 	Display Frame 5
628.5643 	EXP 	Display Frame 6
628.5978 	EXP 	Display Frame 7
628.6310 	EXP 	Display Frame 8
628.6645 	EXP 	Display Frame 9
628.6977 	EXP 	Display Frame 0
628.7310 	EXP 	Display Frame 1
628.7644 	EXP 	Display Frame 2
628.7978 	EXP 	Display Frame 3
628.8310 	EXP 	Display Frame 4
628.8645 	EXP 	Display Frame 5
628.8977 	EXP 	Display Frame 6
628.9311 	EXP 	Display Frame 7
628.9644 	EXP 	Display Frame 8
628.9977 	EXP 	Display Frame 9
629.0311 	EXP 	Display Frame 0
629.0645 	EXP 	Display Frame 1
629.0977 	EXP 	Display Frame 2
629.1312 	EXP 	Display Frame 3
629.1644 	EXP 	Display Frame 4
629.1978 	EXP 	Display Frame 5
629.2311 	EXP 	Display Frame 6
629.2644 	EXP 	Display Frame 7
629.2977 	EXP 	Display Frame 8
629.3310 	EXP 	Display Frame 9
629.3645 	EXP 	Display Frame 0
629.3977 	EXP 	Display Frame 1
629.4311 	EXP 	Display Frame 2
629.4643 	EXP 	Display Frame 3
629.4978 	EXP 	Display Frame 4
629.5310 	EXP 	Display Frame 5
629.5645 	EXP 	Display Frame 6
629.5977 	EXP 	Display Frame 7
629.6310 	EXP 	Display Frame 8
629.6644 	EXP 	Display Frame 9
629.6978 	EXP 	Display Frame 0
629.7310 	EXP 	Display Frame 1
629.7645 	EXP 	Display Frame 2
629.7977 	EXP 	Display Frame 3
629.8311 	EXP 	Display Frame 4
629.8644 	EXP 	Display Frame 5
629.8978 	EXP 	Display Frame 6
629.9310 	EXP 	Display Frame 7
629.9645 	EXP 	Display Frame 8
629.9977 	EXP 	Display Frame 9
630.0318 	EXP 	Display Frame 0
630.0644 	EXP 	Display Frame 1
630.0977 	EXP 	Display Frame 2
630.1310 	EXP 	Display Frame 3
630.1645 	EXP 	Display Frame 4
630.1977 	EXP 	Display Frame 5
630.2310 	EXP 	Display Frame 6
630.2644 	EXP 	Display Frame 7
630.2977 	EXP 	Display Frame 8
630.3311 	EXP 	Display Frame 9
630.3644 	EXP 	Display Frame 0
630.3977 	EXP 	Display Frame 1
630.4310 	EXP 	Display Frame 2
630.4644 	EXP 	Display Frame 3
630.4977 	EXP 	Display Frame 4
630.5310 	EXP 	Display Frame 5
630.5643 	EXP 	Display Frame 6
630.5977 	EXP 	Display Frame 7
630.6310 	EXP 	Display Frame 8
630.6643 	EXP 	Display Frame 9
630.6977 	EXP 	Display Frame 0
630.7311 	EXP 	Display Frame 1
630.7643 	EXP 	Display Frame 2
630.7978 	EXP 	Display Frame 3
630.8310 	EXP 	Display Frame 4
630.8645 	EXP 	Display Frame 5
630.8977 	EXP 	Display Frame 6
630.9310 	EXP 	Display Frame 7
630.9644 	EXP 	Display Frame 8
630.9978 	EXP 	Display Frame 9
631.0310 	EXP 	Display Frame 0
631.0645 	EXP 	Display Frame 1
631.0977 	EXP 	Display Frame 2
631.1310 	EXP 	Display Frame 3
631.1644 	EXP 	Display Frame 4
631.1977 	EXP 	Display Frame 5
631.2310 	EXP 	Display Frame 6
631.2644 	EXP 	Display Frame 7
631.2977 	EXP 	Display Frame 8
631.3310 	EXP 	Display Frame 9
631.3645 	EXP 	Display Frame 0
631.3977 	EXP 	Display Frame 1
631.4310 	EXP 	Display Frame 2
631.4644 	EXP 	Display Frame 3
631.4978 	EXP 	Display Frame 4
631.5311 	EXP 	Display Frame 5
631.5651 	EXP 	Display Frame 6
631.5977 	EXP 	Display Frame 7
631.6310 	EXP 	Display Frame 8
631.6642 	DATA 	Keypress: equal
631.6668 	EXP 	Display Frame 9
631.6978 	EXP 	Display Frame 0
631.7310 	EXP 	Display Frame 1
631.7644 	EXP 	Display Frame 2
631.7977 	EXP 	Display Frame 3
631.8310 	EXP 	Display Frame 4
631.8644 	EXP 	Display Frame 5
631.8978 	EXP 	Display Frame 6
631.9311 	EXP 	Display Frame 7
631.9644 	EXP 	Display Frame 8
631.9978 	EXP 	Display Frame 9
632.0310 	EXP 	Display Frame 0
632.0671 	EXP 	Display Frame 1
632.0978 	EXP 	Display Frame 2
632.1310 	EXP 	Display Frame 3
632.1644 	EXP 	Display Frame 4
632.1977 	EXP 	Display Frame 5
632.2310 	EXP 	Display Frame 6
632.2644 	EXP 	Display Frame 7
632.2977 	EXP 	Display Frame 8
632.3310 	EXP 	Display Frame 9
632.3643 	EXP 	Display Frame 0
632.3977 	EXP 	Display Frame 1
632.4310 	EXP 	Display Frame 2
632.4643 	EXP 	Display Frame 3
632.4977 	EXP 	Display Frame 4
632.5311 	EXP 	Display Frame 5
632.5645 	EXP 	Display Frame 6
632.5976 	EXP 	Display Frame 7
632.6310 	EXP 	Display Frame 8
632.6644 	EXP 	Display Frame 9
632.6977 	EXP 	Display Frame 0
632.7311 	EXP 	Display Frame 1
632.7644 	EXP 	Display Frame 2
632.7977 	EXP 	Display Frame 3
632.8310 	EXP 	Display Frame 4
632.8644 	EXP 	Display Frame 5
632.8977 	EXP 	Display Frame 6
632.9312 	EXP 	Display Frame 7
632.9644 	EXP 	Display Frame 8
632.9978 	EXP 	Display Frame 9
633.0310 	EXP 	Display Frame 0
633.0644 	EXP 	Display Frame 1
633.0977 	EXP 	Display Frame 2
633.1312 	EXP 	Display Frame 3
633.1644 	EXP 	Display Frame 4
633.1977 	EXP 	Display Frame 5
633.2310 	EXP 	Display Frame 6
633.2644 	EXP 	Display Frame 7
633.2977 	EXP 	Display Frame 8
633.3310 	EXP 	Display Frame 9
633.3643 	EXP 	Display Frame 0
633.3985 	EXP 	Display Frame 1
633.4310 	EXP 	Display Frame 2
633.4645 	EXP 	Display Frame 3
633.4977 	EXP 	Display Frame 4
633.5310 	EXP 	Display Frame 5
633.5645 	EXP 	Display Frame 6
633.5985 	EXP 	Display Frame 7
633.6310 	EXP 	Display Frame 8
633.6644 	EXP 	Display Frame 9
633.6977 	EXP 	Display Frame 0
633.7311 	EXP 	Display Frame 1
633.7645 	EXP 	Display Frame 2
633.7977 	EXP 	Display Frame 3
633.8311 	EXP 	Display Frame 4
633.8644 	EXP 	Display Frame 5
633.8977 	EXP 	Display Frame 6
633.9310 	EXP 	Display Frame 7
633.9645 	EXP 	Display Frame 8
633.9977 	EXP 	Display Frame 9
634.0311 	EXP 	Display Frame 0
634.0643 	EXP 	Display Frame 1
634.0984 	EXP 	Display Frame 2
634.1310 	EXP 	Display Frame 3
634.1643 	EXP 	Display Frame 4
634.1977 	EXP 	Display Frame 5
634.2312 	EXP 	Display Frame 6
634.2643 	EXP 	Display Frame 7
634.2977 	EXP 	Display Frame 8
634.3310 	EXP 	Display Frame 9
634.3644 	EXP 	Display Frame 0
634.3977 	EXP 	Display Frame 1
634.4310 	EXP 	Display Frame 2
634.4644 	EXP 	Display Frame 3
634.4977 	EXP 	Display Frame 4
634.5310 	EXP 	Display Frame 5
634.5644 	EXP 	Display Frame 6
634.5978 	EXP 	Display Frame 7
634.6310 	EXP 	Display Frame 8
634.6644 	EXP 	Display Frame 9
634.6977 	EXP 	Display Frame 0
634.7311 	EXP 	Display Frame 1
634.7644 	EXP 	Display Frame 2
634.7977 	EXP 	Display Frame 3
634.8310 	EXP 	Display Frame 4
634.8645 	EXP 	Display Frame 5
634.8977 	EXP 	Display Frame 6
634.9310 	EXP 	Display Frame 7
634.9643 	EXP 	Display Frame 8
634.9978 	EXP 	Display Frame 9
635.0310 	EXP 	Display Frame 0
635.0645 	EXP 	Display Frame 1
635.0977 	EXP 	Display Frame 2
635.1312 	EXP 	Display Frame 3
635.1644 	EXP 	Display Frame 4
635.1978 	EXP 	Display Frame 5
635.2313 	EXP 	Display Frame 6
635.2647 	EXP 	Display Frame 7
635.2980 	EXP 	Display Frame 8
635.3313 	EXP 	Display Frame 9
635.3646 	EXP 	Display Frame 0
635.3978 	EXP 	Display Frame 1
635.4313 	EXP 	Display Frame 2
635.4646 	EXP 	Display Frame 3
635.4978 	EXP 	Display Frame 4
635.5313 	EXP 	Display Frame 5
635.5645 	EXP 	Display Frame 6
635.5978 	EXP 	Display Frame 7
635.6318 	EXP 	Display Frame 8
635.6645 	EXP 	Display Frame 9
635.6980 	EXP 	Display Frame 0
635.7310 	EXP 	Display Frame 1
635.7643 	EXP 	Display Frame 2
635.7977 	EXP 	Display Frame 3
635.8311 	EXP 	Display Frame 4
635.8644 	EXP 	Display Frame 5
635.8977 	EXP 	Display Frame 6
635.9311 	EXP 	Display Frame 7
635.9644 	EXP 	Display Frame 8
635.9978 	EXP 	Display Frame 9
636.0311 	EXP 	Display Frame 0
636.0645 	EXP 	Display Frame 1
636.0979 	EXP 	Display Frame 2
636.1317 	EXP 	Display Frame 3
636.1645 	EXP 	Display Frame 4
636.1977 	EXP 	Display Frame 5
636.2312 	EXP 	Display Frame 6
636.2644 	EXP 	Display Frame 7
636.2978 	EXP 	Display Frame 8
636.3310 	EXP 	Display Frame 9
636.3643 	EXP 	Display Frame 0
636.3978 	EXP 	Display Frame 1
636.4311 	EXP 	Display Frame 2
636.4644 	EXP 	Display Frame 3
636.4979 	EXP 	Display Frame 4
636.5311 	EXP 	Display Frame 5
636.5657 	EXP 	Display Frame 6
636.5977 	EXP 	Display Frame 7
636.6310 	EXP 	Display Frame 8
636.6643 	EXP 	Display Frame 9
636.6977 	EXP 	Display Frame 0
636.7310 	EXP 	Display Frame 1
636.7643 	EXP 	Display Frame 2
636.7978 	EXP 	Display Frame 3
636.8311 	EXP 	Display Frame 4
636.8642 	DATA 	Keypress: equal
636.8657 	EXP 	Display Frame 5
636.8810 	EXP 	Display Fixation
642.0519 	DATA 	Keypress: equal
647.2443 	DATA 	Keypress: equal
652.4386 	DATA 	Keypress: equal
657.6318 	DATA 	Keypress: equal
662.8258 	DATA 	Keypress: equal
668.0184 	DATA 	Keypress: equal
668.0537 	EXP 	Display Frame 1
668.0867 	EXP 	Display Frame 2
668.1201 	EXP 	Display Frame 3
668.1533 	EXP 	Display Frame 4
668.1867 	EXP 	Display Frame 5
668.2216 	EXP 	Display Frame 6
668.2534 	EXP 	Display Frame 7
668.2867 	EXP 	Display Frame 8
668.3200 	EXP 	Display Frame 9
668.3533 	EXP 	Display Frame 0
668.3866 	EXP 	Display Frame 1
668.4218 	EXP 	Display Frame 2
668.4533 	EXP 	Display Frame 3
668.4866 	EXP 	Display Frame 4
668.5199 	EXP 	Display Frame 5
668.5533 	EXP 	Display Frame 6
668.5866 	EXP 	Display Frame 7
668.6215 	EXP 	Display Frame 8
668.6533 	EXP 	Display Frame 9
668.6887 	EXP 	Display Frame 0
668.7199 	EXP 	Display Frame 1
668.7534 	EXP 	Display Frame 2
668.7866 	EXP 	Display Frame 3
668.8221 	EXP 	Display Frame 4
668.8532 	EXP 	Display Frame 5
668.8867 	EXP 	Display Frame 6
668.9199 	EXP 	Display Frame 7
668.9532 	EXP 	Display Frame 8
668.9866 	EXP 	Display Frame 9
669.0218 	EXP 	Display Frame 0
669.0532 	EXP 	Display Frame 1
669.0866 	EXP 	Display Frame 2
669.1199 	EXP 	Display Frame 3
669.1533 	EXP 	Display Frame 4
669.1869 	EXP 	Display Frame 5
669.2220 	EXP 	Display Frame 6
669.2532 	EXP 	Display Frame 7
669.2866 	EXP 	Display Frame 8
669.3200 	EXP 	Display Frame 9
669.3532 	EXP 	Display Frame 0
669.3867 	EXP 	Display Frame 1
669.4211 	EXP 	Display Frame 2
669.4533 	EXP 	Display Frame 3
669.4866 	EXP 	Display Frame 4
669.5201 	EXP 	Display Frame 5
669.5533 	EXP 	Display Frame 6
669.5867 	EXP 	Display Frame 7
669.6220 	EXP 	Display Frame 8
669.6534 	EXP 	Display Frame 9
669.6866 	EXP 	Display Frame 0
669.7201 	EXP 	Display Frame 1
669.7533 	EXP 	Display Frame 2
669.7866 	EXP 	Display Frame 3
669.8217 	EXP 	Display Frame 4
669.8533 	EXP 	Display Frame 5
669.8866 	EXP 	Display Frame 6
669.9202 	EXP 	Display Frame 7
669.9533 	EXP 	Display Frame 8
669.9866 	EXP 	Display Frame 9
670.0212 	EXP 	Display Frame 0
670.0532 	EXP 	Display Frame 1
670.0866 	EXP 	Display Frame 2
670.1200 	EXP 	Display Frame 3
670.1533 	EXP 	Display Frame 4
670.1866 	EXP 	Display Frame 5
670.2211 	EXP 	Display Frame 6
670.2533 	EXP 	Display Frame 7
670.2866 	EXP 	Display Frame 8
670.3200 	EXP 	Display Frame 9
670.3532 	EXP 	Display Frame 0
670.3866 	EXP 	Display Frame 1
670.4212 	EXP 	Display Frame 2
670.4532 	EXP 	Display Frame 3
670.4866 	EXP 	Display Frame 4
670.5199 	EXP 	Display Frame 5
670.5533 	EXP 	Display Frame 6
670.5866 	EXP 	Display Frame 7
670.6219 	EXP 	Display Frame 8
670.6533 	EXP 	Display Frame 9
670.6866 	EXP 	Display Frame 0
670.7218 	EXP 	Display Frame 1
670.7533 	EXP 	Display Frame 2
670.7866 	EXP 	Display Frame 3
670.8219 	EXP 	Display Frame 4
670.8533 	EXP 	Display Frame 5
670.8867 	EXP 	Display Frame 6
670.9199 	EXP 	Display Frame 7
670.9534 	EXP 	Display Frame 8
670.9866 	EXP 	Display Frame 9
671.0223 	EXP 	Display Frame 0
671.0532 	EXP 	Display Frame 1
671.0866 	EXP 	Display Frame 2
671.1200 	EXP 	Display Frame 3
671.1533 	EXP 	Display Frame 4
671.1866 	EXP 	Display Frame 5
671.2218 	EXP 	Display Frame 6
671.2533 	EXP 	Display Frame 7
671.2866 	EXP 	Display Frame 8
671.3199 	EXP 	Display Frame 9
671.3533 	EXP 	Display Frame 0
671.3866 	EXP 	Display Frame 1
671.4221 	EXP 	Display Frame 2
671.4533 	EXP 	Display Frame 3
671.4866 	EXP 	Display Frame 4
671.5201 	EXP 	Display Frame 5
671.5532 	EXP 	Display Frame 6
671.5866 	EXP 	Display Frame 7
671.6216 	EXP 	Display Frame 8
671.6532 	EXP 	Display Frame 9
671.6866 	EXP 	Display Frame 0
671.7199 	EXP 	Display Frame 1
671.7533 	EXP 	Display Frame 2
671.7867 	EXP 	Display Frame 3
671.8216 	EXP 	Display Frame 4
671.8533 	EXP 	Display Frame 5
671.8866 	EXP 	Display Frame 6
671.9199 	EXP 	Display Frame 7
671.9533 	EXP 	Display Frame 8
671.9867 	EXP 	Display Frame 9
672.0219 	EXP 	Display Frame 0
672.0532 	EXP 	Display Frame 1
672.0866 	EXP 	Display Frame 2
672.1201 	EXP 	Display Frame 3
672.1532 	EXP 	Display Frame 4
672.1866 	EXP 	Display Frame 5
672.2218 	EXP 	Display Frame 6
672.2535 	EXP 	Display Frame 7
672.2866 	EXP 	Display Frame 8
672.3199 	EXP 	Display Frame 9
672.3532 	EXP 	Display Frame 0
672.3866 	EXP 	Display Frame 1
672.4217 	EXP 	Display Frame 2
672.4533 	EXP 	Display Frame 3
672.4866 	EXP 	Display Frame 4
672.5200 	EXP 	Display Frame 5
672.5532 	EXP 	Display Frame 6
672.5866 	EXP 	Display Frame 7
672.6215 	EXP 	Display Frame 8
672.6533 	EXP 	Display Frame 9
672.6866 	EXP 	Display Frame 0
672.7200 	EXP 	Display Frame 1
672.7553 	EXP 	Display Frame 2
672.7866 	EXP 	Display Frame 3
672.8218 	EXP 	Display Frame 4
672.8532 	EXP 	Display Frame 5
672.8867 	EXP 	Display Frame 6
672.9199 	EXP 	Display Frame 7
672.9534 	EXP 	Display Frame 8
672.9866 	EXP 	Display Frame 9
673.0218 	EXP 	Display Frame 0
673.0532 	EXP 	Display Frame 1
673.0866 	EXP 	Display Frame 2
673.1199 	EXP 	Display Frame 3
673.1533 	EXP 	Display Frame 4
673.1866 	EXP 	Display Frame 5
673.2197 	DATA 	Keypress: equal
673.2210 	EXP 	Display Frame 6
673.2534 	EXP 	Display Frame 7
673.2870 	EXP 	Display Frame 8
673.3200 	EXP 	Display Frame 9
673.3533 	EXP 	Display Frame 0
673.3866 	EXP 	Display Frame 1
673.4216 	EXP 	Display Frame 2
673.4533 	EXP 	Display Frame 3
673.4866 	EXP 	Display Frame 4
673.5199 	EXP 	Display Frame 5
673.5533 	EXP 	Display Frame 6
673.5866 	EXP 	Display Frame 7
673.6220 	EXP 	Display Frame 8
673.6534 	EXP 	Display Frame 9
673.6866 	EXP 	Display Frame 0
673.7200 	EXP 	Display Frame 1
673.7533 	EXP 	Display Frame 2
673.7868 	EXP 	Display Frame 3
673.8217 	EXP 	Display Frame 4
673.8532 	EXP 	Display Frame 5
673.8866 	EXP 	Display Frame 6
673.9200 	EXP 	Display Frame 7
673.9533 	EXP 	Display Frame 8
673.9867 	EXP 	Display Frame 9
674.0221 	EXP 	Display Frame 0
674.0532 	EXP 	Display Frame 1
674.0866 	EXP 	Display Frame 2
674.1200 	EXP 	Display Frame 3
674.1535 	EXP 	Display Frame 4
674.1867 	EXP 	Display Frame 5
674.2219 	EXP 	Display Frame 6
674.2532 	EXP 	Display Frame 7
674.2866 	EXP 	Display Frame 8
674.3200 	EXP 	Display Frame 9
674.3532 	EXP 	Display Frame 0
674.3866 	EXP 	Display Frame 1
674.4215 	EXP 	Display Frame 2
674.4534 	EXP 	Display Frame 3
674.4866 	EXP 	Display Frame 4
674.5199 	EXP 	Display Frame 5
674.5532 	EXP 	Display Frame 6
674.5866 	EXP 	Display Frame 7
674.6217 	EXP 	Display Frame 8
674.6544 	EXP 	Display Frame 9
674.6866 	EXP 	Display Frame 0
674.7199 	EXP 	Display Frame 1
674.7533 	EXP 	Display Frame 2
674.7872 	EXP 	Display Frame 3
674.8200 	EXP 	Display Frame 4
674.8533 	EXP 	Display Frame 5
674.8866 	EXP 	Display Frame 6
674.9199 	EXP 	Display Frame 7
674.9533 	EXP 	Display Frame 8
674.9866 	EXP 	Display Frame 9
675.0201 	EXP 	Display Frame 0
675.0532 	EXP 	Display Frame 1
675.0867 	EXP 	Display Frame 2
675.1200 	EXP 	Display Frame 3
675.1534 	EXP 	Display Frame 4
675.1866 	EXP 	Display Frame 5
675.2199 	EXP 	Display Frame 6
675.2533 	EXP 	Display Frame 7
675.2867 	EXP 	Display Frame 8
675.3199 	EXP 	Display Frame 9
675.3534 	EXP 	Display Frame 0
675.3866 	EXP 	Display Frame 1
675.4199 	EXP 	Display Frame 2
675.4533 	EXP 	Display Frame 3
675.4866 	EXP 	Display Frame 4
675.5199 	EXP 	Display Frame 5
675.5532 	EXP 	Display Frame 6
675.5866 	EXP 	Display Frame 7
675.6199 	EXP 	Display Frame 8
675.6532 	EXP 	Display Frame 9
675.6866 	EXP 	Display Frame 0
675.7199 	EXP 	Display Frame 1
675.7533 	EXP 	Display Frame 2
675.7866 	EXP 	Display Frame 3
675.8199 	EXP 	Display Frame 4
675.8533 	EXP 	Display Frame 5
675.8866 	EXP 	Display Frame 6
675.9200 	EXP 	Display Frame 7
675.9532 	EXP 	Display Frame 8
675.9867 	EXP 	Display Frame 9
676.0199 	EXP 	Display Frame 0
676.0535 	EXP 	Display Frame 1
676.0866 	EXP 	Display Frame 2
676.1201 	EXP 	Display Frame 3
676.1532 	EXP 	Display Frame 4
676.1866 	EXP 	Display Frame 5
676.2200 	EXP 	Display Frame 6
676.2532 	EXP 	Display Frame 7
676.2866 	EXP 	Display Frame 8
676.3201 	EXP 	Display Frame 9
676.3532 	EXP 	Display Frame 0
676.3866 	EXP 	Display Frame 1
676.4199 	EXP 	Display Frame 2
676.4533 	EXP 	Display Frame 3
676.4868 	EXP 	Display Frame 4
676.5199 	EXP 	Display Frame 5
676.5532 	EXP 	Display Frame 6
676.5866 	EXP 	Display Frame 7
676.6199 	EXP 	Display Frame 8
676.6533 	EXP 	Display Frame 9
676.6866 	EXP 	Display Frame 0
676.7199 	EXP 	Display Frame 1
676.7533 	EXP 	Display Frame 2
676.7866 	EXP 	Display Frame 3
676.8199 	EXP 	Display Frame 4
676.8533 	EXP 	Display Frame 5
676.8867 	EXP 	Display Frame 6
676.9199 	EXP 	Display Frame 7
676.9533 	EXP 	Display Frame 8
676.9866 	EXP 	Display Frame 9
677.0200 	EXP 	Display Frame 0
677.0532 	EXP 	Display Frame 1
677.0867 	EXP 	Display Frame 2
677.1199 	EXP 	Display Frame 3
677.1533 	EXP 	Display Frame 4
677.1866 	EXP 	Display Frame 5
677.2200 	EXP 	Display Frame 6
677.2533 	EXP 	Display Frame 7
677.2867 	EXP 	Display Frame 8
677.3199 	EXP 	Display Frame 9
677.3535 	EXP 	Display Frame 0
677.3866 	EXP 	Display Frame 1
677.4200 	EXP 	Display Frame 2
677.4535 	EXP 	Display Frame 3
677.4866 	EXP 	Display Frame 4
677.5199 	EXP 	Display Frame 5
677.5534 	EXP 	Display Frame 6
677.5866 	EXP 	Display Frame 7
677.6199 	EXP 	Display Frame 8
677.6533 	EXP 	Display Frame 9
677.6866 	EXP 	Display Frame 0
677.7199 	EXP 	Display Frame 1
677.7532 	EXP 	Display Frame 2
677.7866 	EXP 	Display Frame 3
677.8199 	EXP 	Display Frame 4
677.8533 	EXP 	Display Frame 5
677.8866 	EXP 	Display Frame 6
677.9200 	EXP 	Display Frame 7
677.9533 	EXP 	Display Frame 8
677.9867 	EXP 	Display Frame 9
678.0199 	EXP 	Display Frame 0
678.0532 	EXP 	Display Frame 1
678.0866 	EXP 	Display Frame 2
678.1200 	EXP 	Display Frame 3
678.1533 	EXP 	Display Frame 4
678.1867 	EXP 	Display Frame 5
678.2200 	EXP 	Display Frame 6
678.2533 	EXP 	Display Frame 7
678.2866 	EXP 	Display Frame 8
678.3200 	EXP 	Display Frame 9
678.3533 	EXP 	Display Frame 0
678.3867 	EXP 	Display Frame 1
678.4199 	DATA 	Keypress: equal
678.4215 	EXP 	Display Frame 2
678.4534 	EXP 	Display Frame 3
678.4867 	EXP 	Display Frame 4
678.5200 	EXP 	Display Frame 5
678.5532 	EXP 	Display Frame 6
678.5866 	EXP 	Display Frame 7
678.6199 	EXP 	Display Frame 8
678.6532 	EXP 	Display Frame 9
678.6866 	EXP 	Display Frame 0
678.7199 	EXP 	Display Frame 1
678.7532 	EXP 	Display Frame 2
678.7866 	EXP 	Display Frame 3
678.8199 	EXP 	Display Frame 4
678.8534 	EXP 	Display Frame 5
678.8866 	EXP 	Display Frame 6
678.9199 	EXP 	Display Frame 7
678.9534 	EXP 	Display Frame 8
678.9866 	EXP 	Display Frame 9
679.0199 	EXP 	Display Frame 0
679.0532 	EXP 	Display Frame 1
679.0866 	EXP 	Display Frame 2
679.1199 	EXP 	Display Frame 3
679.1534 	EXP 	Display Frame 4
679.1866 	EXP 	Display Frame 5
679.2199 	EXP 	Display Frame 6
679.2532 	EXP 	Display Frame 7
679.2867 	EXP 	Display Frame 8
679.3199 	EXP 	Display Frame 9
679.3533 	EXP 	Display Frame 0
679.3866 	EXP 	Display Frame 1
679.4200 	EXP 	Display Frame 2
679.4533 	EXP 	Display Frame 3
679.4866 	EXP 	Display Frame 4
679.5200 	EXP 	Display Frame 5
679.5533 	EXP 	Display Frame 6
679.5866 	EXP 	Display Frame 7
679.6200 	EXP 	Display Frame 8
679.6533 	EXP 	Display Frame 9
679.6866 	EXP 	Display Frame 0
679.7199 	EXP 	Display Frame 1
679.7532 	EXP 	Display Frame 2
679.7866 	EXP 	Display Frame 3
679.8200 	EXP 	Display Frame 4
679.8532 	EXP 	Display Frame 5
679.8867 	EXP 	Display Frame 6
679.9199 	EXP 	Display Frame 7
679.9533 	EXP 	Display Frame 8
679.9866 	EXP 	Display Frame 9
680.0199 	EXP 	Display Frame 0
680.0532 	EXP 	Display Frame 1
680.0866 	EXP 	Display Frame 2
680.1200 	EXP 	Display Frame 3
680.1533 	EXP 	Display Frame 4
680.1868 	EXP 	Display Frame 5
680.2200 	EXP 	Display Frame 6
680.2533 	EXP 	Display Frame 7
680.2866 	EXP 	Display Frame 8
680.3201 	EXP 	Display Frame 9
680.3533 	EXP 	Display Frame 0
680.3865 	EXP 	Display Frame 1
680.4199 	EXP 	Display Frame 2
680.4534 	EXP 	Display Frame 3
680.4866 	EXP 	Display Frame 4
680.5199 	EXP 	Display Frame 5
680.5533 	EXP 	Display Frame 6
680.5867 	EXP 	Display Frame 7
680.6199 	EXP 	Display Frame 8
680.6532 	EXP 	Display Frame 9
680.6866 	EXP 	Display Frame 0
680.7199 	EXP 	Display Frame 1
680.7532 	EXP 	Display Frame 2
680.7867 	EXP 	Display Frame 3
680.8199 	EXP 	Display Frame 4
680.8533 	EXP 	Display Frame 5
680.8866 	EXP 	Display Frame 6
680.9200 	EXP 	Display Frame 7
680.9533 	EXP 	Display Frame 8
680.9866 	EXP 	Display Frame 9
681.0199 	EXP 	Display Frame 0
681.0532 	EXP 	Display Frame 1
681.0868 	EXP 	Display Frame 2
681.1200 	EXP 	Display Frame 3
681.1532 	EXP 	Display Frame 4
681.1866 	EXP 	Display Frame 5
681.2199 	EXP 	Display Frame 6
681.2533 	EXP 	Display Frame 7
681.2866 	EXP 	Display Frame 8
681.3200 	EXP 	Display Frame 9
681.3533 	EXP 	Display Frame 0
681.3869 	EXP 	Display Frame 1
681.4200 	EXP 	Display Frame 2
681.4534 	EXP 	Display Frame 3
681.4866 	EXP 	Display Frame 4
681.5200 	EXP 	Display Frame 5
681.5534 	EXP 	Display Frame 6
681.5866 	EXP 	Display Frame 7
681.6200 	EXP 	Display Frame 8
681.6533 	EXP 	Display Frame 9
681.6866 	EXP 	Display Frame 0
681.7199 	EXP 	Display Frame 1
681.7532 	EXP 	Display Frame 2
681.7866 	EXP 	Display Frame 3
681.8200 	EXP 	Display Frame 4
681.8533 	EXP 	Display Frame 5
681.8866 	EXP 	Display Frame 6
681.9200 	EXP 	Display Frame 7
681.9533 	EXP 	Display Frame 8
681.9866 	EXP 	Display Frame 9
682.0199 	EXP 	Display Frame 0
682.0532 	EXP 	Display Frame 1
682.0866 	EXP 	Display Frame 2
682.1200 	EXP 	Display Frame 3
682.1533 	EXP 	Display Frame 4
682.1867 	EXP 	Display Frame 5
682.2199 	EXP 	Display Frame 6
682.2534 	EXP 	Display Frame 7
682.2866 	EXP 	Display Frame 8
682.3199 	EXP 	Display Frame 9
682.3533 	EXP 	Display Frame 0
682.3867 	EXP 	Display Frame 1
682.4199 	EXP 	Display Frame 2
682.4532 	EXP 	Display Frame 3
682.4866 	EXP 	Display Frame 4
682.5200 	EXP 	Display Frame 5
682.5533 	EXP 	Display Frame 6
682.5866 	EXP 	Display Frame 7
682.6199 	EXP 	Display Frame 8
682.6534 	EXP 	Display Frame 9
682.6866 	EXP 	Display Frame 0
682.7199 	EXP 	Display Frame 1
682.7533 	EXP 	Display Frame 2
682.7866 	EXP 	Display Frame 3
682.8199 	EXP 	Display Frame 4
682.8532 	EXP 	Display Frame 5
682.8866 	EXP 	Display Frame 6
682.9200 	EXP 	Display Frame 7
682.9533 	EXP 	Display Frame 8
682.9866 	EXP 	Display Frame 9
683.0199 	EXP 	Display Frame 0
683.0532 	EXP 	Display Frame 1
683.0866 	EXP 	Display Frame 2
683.1200 	EXP 	Display Frame 3
683.1533 	EXP 	Display Frame 4
683.1866 	EXP 	Display Frame 5
683.2200 	EXP 	Display Frame 6
683.2532 	EXP 	Display Frame 7
683.2866 	EXP 	Display Frame 8
683.3200 	EXP 	Display Frame 9
683.3532 	EXP 	Display Frame 0
683.3866 	EXP 	Display Frame 1
683.4200 	EXP 	Display Frame 2
683.4533 	EXP 	Display Frame 3
683.4866 	EXP 	Display Frame 4
683.5199 	EXP 	Display Frame 5
683.5534 	EXP 	Display Frame 6
683.5866 	EXP 	Display Frame 7
683.6198 	DATA 	Keypress: equal
683.6211 	EXP 	Display Frame 8
683.6533 	EXP 	Display Frame 9
683.6867 	EXP 	Display Frame 0
683.7199 	EXP 	Display Frame 1
683.7533 	EXP 	Display Frame 2
683.7866 	EXP 	Display Frame 3
683.8201 	EXP 	Display Frame 4
683.8533 	EXP 	Display Frame 5
683.8865 	EXP 	Display Frame 6
683.9201 	EXP 	Display Frame 7
683.9534 	EXP 	Display Frame 8
683.9866 	EXP 	Display Frame 9
684.0199 	EXP 	Display Frame 0
684.0532 	EXP 	Display Frame 1
684.0866 	EXP 	Display Frame 2
684.1199 	EXP 	Display Frame 3
684.1533 	EXP 	Display Frame 4
684.1866 	EXP 	Display Frame 5
684.2199 	EXP 	Display Frame 6
684.2533 	EXP 	Display Frame 7
684.2866 	EXP 	Display Frame 8
684.3200 	EXP 	Display Frame 9
684.3533 	EXP 	Display Frame 0
684.3867 	EXP 	Display Frame 1
684.4200 	EXP 	Display Frame 2
684.4532 	EXP 	Display Frame 3
684.4866 	EXP 	Display Frame 4
684.5201 	EXP 	Display Frame 5
684.5533 	EXP 	Display Frame 6
684.5867 	EXP 	Display Frame 7
684.6200 	EXP 	Display Frame 8
684.6533 	EXP 	Display Frame 9
684.6866 	EXP 	Display Frame 0
684.7199 	EXP 	Display Frame 1
684.7532 	EXP 	Display Frame 2
684.7867 	EXP 	Display Frame 3
684.8199 	EXP 	Display Frame 4
684.8533 	EXP 	Display Frame 5
684.8866 	EXP 	Display Frame 6
684.9199 	EXP 	Display Frame 7
684.9534 	EXP 	Display Frame 8
684.9867 	EXP 	Display Frame 9
685.0199 	EXP 	Display Frame 0
685.0532 	EXP 	Display Frame 1
685.0866 	EXP 	Display Frame 2
685.1199 	EXP 	Display Frame 3
685.1534 	EXP 	Display Frame 4
685.1866 	EXP 	Display Frame 5
685.2199 	EXP 	Display Frame 6
685.2533 	EXP 	Display Frame 7
685.2868 	EXP 	Display Frame 8
685.3200 	EXP 	Display Frame 9
685.3534 	EXP 	Display Frame 0
685.3866 	EXP 	Display Frame 1
685.4202 	EXP 	Display Frame 2
685.4533 	EXP 	Display Frame 3
685.4866 	EXP 	Display Frame 4
685.5199 	EXP 	Display Frame 5
685.5532 	EXP 	Display Frame 6
685.5866 	EXP 	Display Frame 7
685.6200 	EXP 	Display Frame 8
685.6533 	EXP 	Display Frame 9
685.6866 	EXP 	Display Frame 0
685.7199 	EXP 	Display Frame 1
685.7532 	EXP 	Display Frame 2
685.7866 	EXP 	Display Frame 3
685.8200 	EXP 	Display Frame 4
685.8533 	EXP 	Display Frame 5
685.8867 	EXP 	Display Frame 6
685.9199 	EXP 	Display Frame 7
685.9532 	EXP 	Display Frame 8
685.9865 	EXP 	Display Frame 9
686.0199 	EXP 	Display Frame 0
686.0532 	EXP 	Display Frame 1
686.0866 	EXP 	Display Frame 2
686.1200 	EXP 	Display Frame 3
686.1532 	EXP 	Display Frame 4
686.1866 	EXP 	Display Frame 5
686.2199 	EXP 	Display Frame 6
686.2532 	EXP 	Display Frame 7
686.2866 	EXP 	Display Frame 8
686.3199 	EXP 	Display Frame 9
686.3533 	EXP 	Display Frame 0
686.3866 	EXP 	Display Frame 1
686.4199 	EXP 	Display Frame 2
686.4533 	EXP 	Display Frame 3
686.4867 	EXP 	Display Frame 4
686.5200 	EXP 	Display Frame 5
686.5533 	EXP 	Display Frame 6
686.5867 	EXP 	Display Frame 7
686.6200 	EXP 	Display Frame 8
686.6534 	EXP 	Display Frame 9
686.6866 	EXP 	Display Frame 0
686.7200 	EXP 	Display Frame 1
686.7533 	EXP 	Display Frame 2
686.7867 	EXP 	Display Frame 3
686.8200 	EXP 	Display Frame 4
686.8534 	EXP 	Display Frame 5
686.8866 	EXP 	Display Frame 6
686.9199 	EXP 	Display Frame 7
686.9533 	EXP 	Display Frame 8
686.9866 	EXP 	Display Frame 9
687.0199 	EXP 	Display Frame 0
687.0532 	EXP 	Display Frame 1
687.0866 	EXP 	Display Frame 2
687.1199 	EXP 	Display Frame 3
687.1536 	EXP 	Display Frame 4
687.1868 	EXP 	Display Frame 5
687.2199 	EXP 	Display Frame 6
687.2533 	EXP 	Display Frame 7
687.2866 	EXP 	Display Frame 8
687.3199 	EXP 	Display Frame 9
687.3533 	EXP 	Display Frame 0
687.3866 	EXP 	Display Frame 1
687.4200 	EXP 	Display Frame 2
687.4533 	EXP 	Display Frame 3
687.4866 	EXP 	Display Frame 4
687.5199 	EXP 	Display Frame 5
687.5533 	EXP 	Display Frame 6
687.5866 	EXP 	Display Frame 7
687.6200 	EXP 	Display Frame 8
687.6533 	EXP 	Display Frame 9
687.6866 	EXP 	Display Frame 0
687.7199 	EXP 	Display Frame 1
687.7533 	EXP 	Display Frame 2
687.7866 	EXP 	Display Frame 3
687.8200 	EXP 	Display Frame 4
687.8532 	EXP 	Display Frame 5
687.8867 	EXP 	Display Frame 6
687.9199 	EXP 	Display Frame 7
687.9534 	EXP 	Display Frame 8
687.9866 	EXP 	Display Frame 9
688.0200 	EXP 	Display Frame 0
688.0532 	EXP 	Display Frame 1
688.0867 	EXP 	Display Frame 2
688.1200 	EXP 	Display Frame 3
688.1534 	EXP 	Display Frame 4
688.1867 	EXP 	Display Frame 5
688.2201 	EXP 	Display Frame 6
688.2533 	EXP 	Display Frame 7
688.2867 	EXP 	Display Frame 8
688.3200 	EXP 	Display Frame 9
688.3533 	EXP 	Display Frame 0
688.3866 	EXP 	Display Frame 1
688.4201 	EXP 	Display Frame 2
688.4532 	EXP 	Display Frame 3
688.4866 	EXP 	Display Frame 4
688.5202 	EXP 	Display Frame 5
688.5533 	EXP 	Display Frame 6
688.5866 	EXP 	Display Frame 7
688.6200 	EXP 	Display Frame 8
688.6534 	EXP 	Display Frame 9
688.6866 	EXP 	Display Frame 0
688.7200 	EXP 	Display Frame 1
688.7533 	EXP 	Display Frame 2
688.7867 	EXP 	Display Frame 3
688.8199 	DATA 	Keypress: equal
688.8217 	EXP 	Display Frame 4
688.8533 	EXP 	Display Frame 5
688.8866 	EXP 	Display Frame 6
688.9201 	EXP 	Display Frame 7
688.9533 	EXP 	Display Frame 8
688.9866 	EXP 	Display Frame 9
689.0199 	EXP 	Display Frame 0
689.0532 	EXP 	Display Frame 1
689.0866 	EXP 	Display Frame 2
689.1200 	EXP 	Display Frame 3
689.1533 	EXP 	Display Frame 4
689.1867 	EXP 	Display Frame 5
689.2201 	EXP 	Display Frame 6
689.2532 	EXP 	Display Frame 7
689.2866 	EXP 	Display Frame 8
689.3199 	EXP 	Display Frame 9
689.3535 	EXP 	Display Frame 0
689.3866 	EXP 	Display Frame 1
689.4200 	EXP 	Display Frame 2
689.4533 	EXP 	Display Frame 3
689.4866 	EXP 	Display Frame 4
689.5199 	EXP 	Display Frame 5
689.5533 	EXP 	Display Frame 6
689.5866 	EXP 	Display Frame 7
689.6199 	EXP 	Display Frame 8
689.6533 	EXP 	Display Frame 9
689.6867 	EXP 	Display Frame 0
689.7200 	EXP 	Display Frame 1
689.7534 	EXP 	Display Frame 2
689.7866 	EXP 	Display Frame 3
689.8200 	EXP 	Display Frame 4
689.8533 	EXP 	Display Frame 5
689.8867 	EXP 	Display Frame 6
689.9200 	EXP 	Display Frame 7
689.9534 	EXP 	Display Frame 8
689.9866 	EXP 	Display Frame 9
690.0200 	EXP 	Display Frame 0
690.0532 	EXP 	Display Frame 1
690.0868 	EXP 	Display Frame 2
690.1200 	EXP 	Display Frame 3
690.1533 	EXP 	Display Frame 4
690.1866 	EXP 	Display Frame 5
690.2199 	EXP 	Display Frame 6
690.2532 	EXP 	Display Frame 7
690.2867 	EXP 	Display Frame 8
690.3200 	EXP 	Display Frame 9
690.3533 	EXP 	Display Frame 0
690.3867 	EXP 	Display Frame 1
690.4199 	EXP 	Display Frame 2
690.4532 	EXP 	Display Frame 3
690.4867 	EXP 	Display Frame 4
690.5199 	EXP 	Display Frame 5
690.5532 	EXP 	Display Frame 6
690.5866 	EXP 	Display Frame 7
690.6200 	EXP 	Display Frame 8
690.6533 	EXP 	Display Frame 9
690.6866 	EXP 	Display Frame 0
690.7199 	EXP 	Display Frame 1
690.7533 	EXP 	Display Frame 2
690.7868 	EXP 	Display Frame 3
690.8200 	EXP 	Display Frame 4
690.8534 	EXP 	Display Frame 5
690.8866 	EXP 	Display Frame 6
690.9199 	EXP 	Display Frame 7
690.9533 	EXP 	Display Frame 8
690.9866 	EXP 	Display Frame 9
691.0203 	EXP 	Display Frame 0
691.0532 	EXP 	Display Frame 1
691.0866 	EXP 	Display Frame 2
691.1200 	EXP 	Display Frame 3
691.1533 	EXP 	Display Frame 4
691.1867 	EXP 	Display Frame 5
691.2200 	EXP 	Display Frame 6
691.2533 	EXP 	Display Frame 7
691.2866 	EXP 	Display Frame 8
691.3202 	EXP 	Display Frame 9
691.3533 	EXP 	Display Frame 0
691.3868 	EXP 	Display Frame 1
691.4199 	EXP 	Display Frame 2
691.4534 	EXP 	Display Frame 3
691.4866 	EXP 	Display Frame 4
691.5200 	EXP 	Display Frame 5
691.5533 	EXP 	Display Frame 6
691.5867 	EXP 	Display Frame 7
691.6200 	EXP 	Display Frame 8
691.6533 	EXP 	Display Frame 9
691.6867 	EXP 	Display Frame 0
691.7199 	EXP 	Display Frame 1
691.7533 	EXP 	Display Frame 2
691.7866 	EXP 	Display Frame 3
691.8200 	EXP 	Display Frame 4
691.8533 	EXP 	Display Frame 5
691.8867 	EXP 	Display Frame 6
691.9200 	EXP 	Display Frame 7
691.9534 	EXP 	Display Frame 8
691.9867 	EXP 	Display Frame 9
692.0200 	EXP 	Display Frame 0
692.0535 	EXP 	Display Frame 1
692.0866 	EXP 	Display Frame 2
692.1200 	EXP 	Display Frame 3
692.1534 	EXP 	Display Frame 4
692.1866 	EXP 	Display Frame 5
692.2200 	EXP 	Display Frame 6
692.2534 	EXP 	Display Frame 7
692.2867 	EXP 	Display Frame 8
692.3201 	EXP 	Display Frame 9
692.3533 	EXP 	Display Frame 0
692.3867 	EXP 	Display Frame 1
692.4201 	EXP 	Display Frame 2
692.4533 	EXP 	Display Frame 3
692.4867 	EXP 	Display Frame 4
692.5200 	EXP 	Display Frame 5
692.5533 	EXP 	Display Frame 6
692.5867 	EXP 	Display Frame 7
692.6201 	EXP 	Display Frame 8
692.6533 	EXP 	Display Frame 9
692.6866 	EXP 	Display Frame 0
692.7200 	EXP 	Display Frame 1
692.7533 	EXP 	Display Frame 2
692.7867 	EXP 	Display Frame 3
692.8201 	EXP 	Display Frame 4
692.8533 	EXP 	Display Frame 5
692.8867 	EXP 	Display Frame 6
692.9200 	EXP 	Display Frame 7
692.9533 	EXP 	Display Frame 8
692.9867 	EXP 	Display Frame 9
693.0200 	EXP 	Display Frame 0
693.0532 	EXP 	Display Frame 1
693.0867 	EXP 	Display Frame 2
693.1200 	EXP 	Display Frame 3
693.1534 	EXP 	Display Frame 4
693.1867 	EXP 	Display Frame 5
693.2200 	EXP 	Display Frame 6
693.2534 	EXP 	Display Frame 7
693.2867 	EXP 	Display Frame 8
693.3200 	EXP 	Display Frame 9
693.3533 	EXP 	Display Frame 0
693.3866 	EXP 	Display Frame 1
693.4200 	EXP 	Display Frame 2
693.4534 	EXP 	Display Frame 3
693.4867 	EXP 	Display Frame 4
693.5200 	EXP 	Display Frame 5
693.5533 	EXP 	Display Frame 6
693.5866 	EXP 	Display Frame 7
693.6201 	EXP 	Display Frame 8
693.6534 	EXP 	Display Frame 9
693.6867 	EXP 	Display Frame 0
693.7200 	EXP 	Display Frame 1
693.7533 	EXP 	Display Frame 2
693.7868 	EXP 	Display Frame 3
693.8200 	EXP 	Display Frame 4
693.8536 	EXP 	Display Frame 5
693.8867 	EXP 	Display Frame 6
693.9200 	EXP 	Display Frame 7
693.9535 	EXP 	Display Frame 8
693.9866 	EXP 	Display Frame 9
693.9875 	DATA 	Keypress: equal
694.0200 	EXP 	Display Frame 0
694.0534 	EXP 	Display Frame 1
694.0867 	EXP 	Display Frame 2
694.1201 	EXP 	Display Frame 3
694.1534 	EXP 	Display Frame 4
694.1866 	EXP 	Display Frame 5
694.2200 	EXP 	Display Frame 6
694.2533 	EXP 	Display Frame 7
694.2866 	EXP 	Display Frame 8
694.3199 	EXP 	Display Frame 9
694.3534 	EXP 	Display Frame 0
694.3866 	EXP 	Display Frame 1
694.4200 	EXP 	Display Frame 2
694.4533 	EXP 	Display Frame 3
694.4867 	EXP 	Display Frame 4
694.5199 	EXP 	Display Frame 5
694.5533 	EXP 	Display Frame 6
694.5866 	EXP 	Display Frame 7
694.6199 	EXP 	Display Frame 8
694.6533 	EXP 	Display Frame 9
694.6866 	EXP 	Display Frame 0
694.7199 	EXP 	Display Frame 1
694.7533 	EXP 	Display Frame 2
694.7866 	EXP 	Display Frame 3
694.8200 	EXP 	Display Frame 4
694.8534 	EXP 	Display Frame 5
694.8866 	EXP 	Display Frame 6
694.9200 	EXP 	Display Frame 7
694.9532 	EXP 	Display Frame 8
694.9866 	EXP 	Display Frame 9
695.0199 	EXP 	Display Frame 0
695.0532 	EXP 	Display Frame 1
695.0866 	EXP 	Display Frame 2
695.1200 	EXP 	Display Frame 3
695.1533 	EXP 	Display Frame 4
695.1866 	EXP 	Display Frame 5
695.2199 	EXP 	Display Frame 6
695.2534 	EXP 	Display Frame 7
695.2866 	EXP 	Display Frame 8
695.3200 	EXP 	Display Frame 9
695.3533 	EXP 	Display Frame 0
695.3866 	EXP 	Display Frame 1
695.4199 	EXP 	Display Frame 2
695.4534 	EXP 	Display Frame 3
695.4866 	EXP 	Display Frame 4
695.5200 	EXP 	Display Frame 5
695.5534 	EXP 	Display Frame 6
695.5866 	EXP 	Display Frame 7
695.6200 	EXP 	Display Frame 8
695.6533 	EXP 	Display Frame 9
695.6866 	EXP 	Display Frame 0
695.7199 	EXP 	Display Frame 1
695.7532 	EXP 	Display Frame 2
695.7866 	EXP 	Display Frame 3
695.8200 	EXP 	Display Frame 4
695.8532 	EXP 	Display Frame 5
695.8866 	EXP 	Display Frame 6
695.9200 	EXP 	Display Frame 7
695.9533 	EXP 	Display Frame 8
695.9866 	EXP 	Display Frame 9
696.0200 	EXP 	Display Frame 0
696.0534 	EXP 	Display Frame 1
696.0867 	EXP 	Display Frame 2
696.1200 	EXP 	Display Frame 3
696.1532 	EXP 	Display Frame 4
696.1866 	EXP 	Display Frame 5
696.2200 	EXP 	Display Frame 6
696.2533 	EXP 	Display Frame 7
696.2867 	EXP 	Display Frame 8
696.3200 	EXP 	Display Frame 9
696.3534 	EXP 	Display Frame 0
696.3866 	EXP 	Display Frame 1
696.4200 	EXP 	Display Frame 2
696.4533 	EXP 	Display Frame 3
696.4867 	EXP 	Display Frame 4
696.5199 	EXP 	Display Frame 5
696.5533 	EXP 	Display Frame 6
696.5866 	EXP 	Display Frame 7
696.6201 	EXP 	Display Frame 8
696.6532 	EXP 	Display Frame 9
696.6866 	EXP 	Display Frame 0
696.7199 	EXP 	Display Frame 1
696.7532 	EXP 	Display Frame 2
696.7866 	EXP 	Display Frame 3
696.8199 	EXP 	Display Frame 4
696.8534 	EXP 	Display Frame 5
696.8866 	EXP 	Display Frame 6
696.9199 	EXP 	Display Frame 7
696.9533 	EXP 	Display Frame 8
696.9867 	EXP 	Display Frame 9
697.0199 	EXP 	Display Frame 0
697.0532 	EXP 	Display Frame 1
697.0867 	EXP 	Display Frame 2
697.1201 	EXP 	Display Frame 3
697.1532 	EXP 	Display Frame 4
697.1866 	EXP 	Display Frame 5
697.2199 	EXP 	Display Frame 6
697.2532 	EXP 	Display Frame 7
697.2866 	EXP 	Display Frame 8
697.3200 	EXP 	Display Frame 9
697.3532 	EXP 	Display Frame 0
697.3869 	EXP 	Display Frame 1
697.4200 	EXP 	Display Frame 2
697.4533 	EXP 	Display Frame 3
697.4866 	EXP 	Display Frame 4
697.5200 	EXP 	Display Frame 5
697.5532 	EXP 	Display Frame 6
697.5866 	EXP 	Display Frame 7
697.6199 	EXP 	Display Frame 8
697.6532 	EXP 	Display Frame 9
697.6866 	EXP 	Display Frame 0
697.7200 	EXP 	Display Frame 1
697.7532 	EXP 	Display Frame 2
697.7866 	EXP 	Display Frame 3
697.8199 	EXP 	Display Frame 4
697.8533 	EXP 	Display Frame 5
697.8866 	EXP 	Display Frame 6
697.9199 	EXP 	Display Frame 7
697.9533 	EXP 	Display Frame 8
697.9867 	EXP 	Display Frame 9
698.0200 	EXP 	Display Frame 0
698.0532 	EXP 	Display Frame 1
698.0866 	EXP 	Display Frame 2
698.1200 	EXP 	Display Frame 3
698.1533 	EXP 	Display Frame 4
698.1869 	EXP 	Display Frame 5
698.2199 	EXP 	Display Frame 6
698.2533 	EXP 	Display Frame 7
698.2866 	EXP 	Display Frame 8
698.3199 	EXP 	Display Frame 9
698.3533 	EXP 	Display Frame 0
698.3866 	EXP 	Display Frame 1
698.4200 	EXP 	Display Frame 2
698.4533 	EXP 	Display Frame 3
698.4867 	EXP 	Display Frame 4
698.5199 	EXP 	Display Frame 5
698.5534 	EXP 	Display Frame 6
698.5866 	EXP 	Display Frame 7
698.6200 	EXP 	Display Frame 8
698.6534 	EXP 	Display Frame 9
698.6866 	EXP 	Display Frame 0
698.7200 	EXP 	Display Frame 1
698.7534 	EXP 	Display Frame 2
698.7867 	EXP 	Display Frame 3
698.8199 	EXP 	Display Frame 4
698.8533 	EXP 	Display Frame 5
698.8868 	EXP 	Display Frame 6
698.9200 	EXP 	Display Frame 7
698.9533 	EXP 	Display Frame 8
698.9867 	EXP 	Display Frame 9
699.0200 	EXP 	Display Frame 0
699.0533 	EXP 	Display Frame 1
699.0867 	EXP 	Display Frame 2
699.1200 	EXP 	Display Frame 3
699.1533 	EXP 	Display Frame 4
699.1866 	DATA 	Keypress: equal
699.1882 	EXP 	Display Frame 5
699.1975 	EXP 	Display Fixation
704.3738 	DATA 	Keypress: equal
709.5681 	DATA 	Keypress: equal
714.7619 	DATA 	Keypress: equal
719.9551 	DATA 	Keypress: equal
725.1490 	DATA 	Keypress: equal
730.3421 	DATA 	Keypress: equal
730.3810 	EXP 	Display Frame 1
730.4105 	EXP 	Display Frame 2
730.4438 	EXP 	Display Frame 3
730.4772 	EXP 	Display Frame 4
730.5105 	EXP 	Display Frame 5
730.5437 	EXP 	Display Frame 6
730.5770 	EXP 	Display Frame 7
730.6104 	EXP 	Display Frame 8
730.6438 	EXP 	Display Frame 9
730.6771 	EXP 	Display Frame 0
730.7104 	EXP 	Display Frame 1
730.7436 	EXP 	Display Frame 2
730.7770 	EXP 	Display Frame 3
730.8103 	EXP 	Display Frame 4
730.8437 	EXP 	Display Frame 5
730.8770 	EXP 	Display Frame 6
730.9104 	EXP 	Display Frame 7
730.9437 	EXP 	Display Frame 8
730.9770 	EXP 	Display Frame 9
731.0104 	EXP 	Display Frame 0
731.0438 	EXP 	Display Frame 1
731.0770 	EXP 	Display Frame 2
731.1103 	EXP 	Display Frame 3
731.1437 	EXP 	Display Frame 4
731.1770 	EXP 	Display Frame 5
731.2103 	EXP 	Display Frame 6
731.2436 	EXP 	Display Frame 7
731.2771 	EXP 	Display Frame 8
731.3105 	EXP 	Display Frame 9
731.3437 	EXP 	Display Frame 0
731.3771 	EXP 	Display Frame 1
731.4103 	EXP 	Display Frame 2
731.4436 	EXP 	Display Frame 3
731.4771 	EXP 	Display Frame 4
731.5103 	EXP 	Display Frame 5
731.5436 	EXP 	Display Frame 6
731.5770 	EXP 	Display Frame 7
731.6103 	EXP 	Display Frame 8
731.6437 	EXP 	Display Frame 9
731.6770 	EXP 	Display Frame 0
731.7103 	EXP 	Display Frame 1
731.7436 	EXP 	Display Frame 2
731.7769 	EXP 	Display Frame 3
731.8104 	EXP 	Display Frame 4
731.8437 	EXP 	Display Frame 5
731.8770 	EXP 	Display Frame 6
731.9103 	EXP 	Display Frame 7
731.9437 	EXP 	Display Frame 8
731.9770 	EXP 	Display Frame 9
732.0105 	EXP 	Display Frame 0
732.0437 	EXP 	Display Frame 1
732.0770 	EXP 	Display Frame 2
732.1103 	EXP 	Display Frame 3
732.1436 	EXP 	Display Frame 4
732.1770 	EXP 	Display Frame 5
732.2105 	EXP 	Display Frame 6
732.2436 	EXP 	Display Frame 7
732.2776 	EXP 	Display Frame 8
732.3104 	EXP 	Display Frame 9
732.3437 	EXP 	Display Frame 0
732.3770 	EXP 	Display Frame 1
732.4103 	EXP 	Display Frame 2
732.4436 	EXP 	Display Frame 3
732.4770 	EXP 	Display Frame 4
732.5103 	EXP 	Display Frame 5
732.5437 	EXP 	Display Frame 6
732.5770 	EXP 	Display Frame 7
732.6104 	EXP 	Display Frame 8
732.6437 	EXP 	Display Frame 9
732.6769 	EXP 	Display Frame 0
732.7107 	EXP 	Display Frame 1
732.7436 	EXP 	Display Frame 2
732.7770 	EXP 	Display Frame 3
732.8104 	EXP 	Display Frame 4
732.8437 	EXP 	Display Frame 5
732.8770 	EXP 	Display Frame 6
732.9103 	EXP 	Display Frame 7
732.9437 	EXP 	Display Frame 8
732.9770 	EXP 	Display Frame 9
733.0104 	EXP 	Display Frame 0
733.0437 	EXP 	Display Frame 1
733.0769 	EXP 	Display Frame 2
733.1103 	EXP 	Display Frame 3
733.1437 	EXP 	Display Frame 4
733.1770 	EXP 	Display Frame 5
733.2104 	EXP 	Display Frame 6
733.2438 	EXP 	Display Frame 7
733.2770 	EXP 	Display Frame 8
733.3104 	EXP 	Display Frame 9
733.3436 	EXP 	Display Frame 0
733.3771 	EXP 	Display Frame 1
733.4103 	EXP 	Display Frame 2
733.4438 	EXP 	Display Frame 3
733.4770 	EXP 	Display Frame 4
733.5105 	EXP 	Display Frame 5
733.5437 	EXP 	Display Frame 6
733.5771 	EXP 	Display Frame 7
733.6103 	EXP 	Display Frame 8
733.6436 	EXP 	Display Frame 9
733.6770 	EXP 	Display Frame 0
733.7103 	EXP 	Display Frame 1
733.7437 	EXP 	Display Frame 2
733.7770 	EXP 	Display Frame 3
733.8102 	EXP 	Display Frame 4
733.8437 	EXP 	Display Frame 5
733.8770 	EXP 	Display Frame 6
733.9103 	EXP 	Display Frame 7
733.9438 	EXP 	Display Frame 8
733.9770 	EXP 	Display Frame 9
734.0103 	EXP 	Display Frame 0
734.0437 	EXP 	Display Frame 1
734.0770 	EXP 	Display Frame 2
734.1103 	EXP 	Display Frame 3
734.1438 	EXP 	Display Frame 4
734.1771 	EXP 	Display Frame 5
734.2105 	EXP 	Display Frame 6
734.2437 	EXP 	Display Frame 7
734.2770 	EXP 	Display Frame 8
734.3102 	EXP 	Display Frame 9
734.3438 	EXP 	Display Frame 0
734.3770 	EXP 	Display Frame 1
734.4103 	EXP 	Display Frame 2
734.4436 	EXP 	Display Frame 3
734.4772 	EXP 	Display Frame 4
734.5103 	EXP 	Display Frame 5
734.5436 	EXP 	Display Frame 6
734.5770 	EXP 	Display Frame 7
734.6103 	EXP 	Display Frame 8
734.6436 	EXP 	Display Frame 9
734.6769 	EXP 	Display Frame 0
734.7104 	EXP 	Display Frame 1
734.7436 	EXP 	Display Frame 2
734.7770 	EXP 	Display Frame 3
734.8103 	EXP 	Display Frame 4
734.8436 	EXP 	Display Frame 5
734.8770 	EXP 	Display Frame 6
734.9103 	EXP 	Display Frame 7
734.9437 	EXP 	Display Frame 8
734.9770 	EXP 	Display Frame 9
735.0103 	EXP 	Display Frame 0
735.0442 	EXP 	Display Frame 1
735.0770 	EXP 	Display Frame 2
735.1104 	EXP 	Display Frame 3
735.1437 	EXP 	Display Frame 4
735.1770 	EXP 	Display Frame 5
735.2104 	EXP 	Display Frame 6
735.2437 	EXP 	Display Frame 7
735.2770 	EXP 	Display Frame 8
735.3103 	EXP 	Display Frame 9
735.3437 	EXP 	Display Frame 0
735.3771 	EXP 	Display Frame 1
735.4104 	EXP 	Display Frame 2
735.4437 	EXP 	Display Frame 3
735.4770 	EXP 	Display Frame 4
735.5105 	EXP 	Display Frame 5
735.5435 	DATA 	Keypress: equal
735.5450 	EXP 	Display Frame 6
735.5770 	EXP 	Display Frame 7
735.6104 	EXP 	Display Frame 8
735.6437 	EXP 	Display Frame 9
735.6770 	EXP 	Display Frame 0
735.7105 	EXP 	Display Frame 1
735.7436 	EXP 	Display Frame 2
735.7771 	EXP 	Display Frame 3
735.8103 	EXP 	Display Frame 4
735.8436 	EXP 	Display Frame 5
735.8770 	EXP 	Display Frame 6
735.9103 	EXP 	Display Frame 7
735.9437 	EXP 	Display Frame 8
735.9770 	EXP 	Display Frame 9
736.0103 	EXP 	Display Frame 0
736.0437 	EXP 	Display Frame 1
736.0770 	EXP 	Display Frame 2
736.1103 	EXP 	Display Frame 3
736.1438 	EXP 	Display Frame 4
736.1770 	EXP 	Display Frame 5
736.2104 	EXP 	Display Frame 6
736.2437 	EXP 	Display Frame 7
736.2770 	EXP 	Display Frame 8
736.3103 	EXP 	Display Frame 9
736.3436 	EXP 	Display Frame 0
736.3770 	EXP 	Display Frame 1
736.4103 	EXP 	Display Frame 2
736.4437 	EXP 	Display Frame 3
736.4770 	EXP 	Display Frame 4
736.5103 	EXP 	Display Frame 5
736.5438 	EXP 	Display Frame 6
736.5770 	EXP 	Display Frame 7
736.6105 	EXP 	Display Frame 8
736.6436 	EXP 	Display Frame 9
736.6771 	EXP 	Display Frame 0
736.7104 	EXP 	Display Frame 1
736.7438 	EXP 	Display Frame 2
736.7770 	EXP 	Display Frame 3
736.8103 	EXP 	Display Frame 4
736.8437 	EXP 	Display Frame 5
736.8770 	EXP 	Display Frame 6
736.9103 	EXP 	Display Frame 7
736.9437 	EXP 	Display Frame 8
736.9770 	EXP 	Display Frame 9
737.0103 	EXP 	Display Frame 0
737.0436 	EXP 	Display Frame 1
737.0771 	EXP 	Display Frame 2
737.1103 	EXP 	Display Frame 3
737.1437 	EXP 	Display Frame 4
737.1770 	EXP 	Display Frame 5
737.2103 	EXP 	Display Frame 6
737.2438 	EXP 	Display Frame 7
737.2770 	EXP 	Display Frame 8
737.3105 	EXP 	Display Frame 9
737.3436 	EXP 	Display Frame 0
737.3769 	EXP 	Display Frame 1
737.4103 	EXP 	Display Frame 2
737.4438 	EXP 	Display Frame 3
737.4770 	EXP 	Display Frame 4
737.5104 	EXP 	Display Frame 5
737.5437 	EXP 	Display Frame 6
737.5770 	EXP 	Display Frame 7
737.6103 	EXP 	Display Frame 8
737.6437 	EXP 	Display Frame 9
737.6770 	EXP 	Display Frame 0
737.7106 	EXP 	Display Frame 1
737.7437 	EXP 	Display Frame 2
737.7770 	EXP 	Display Frame 3
737.8103 	EXP 	Display Frame 4
737.8436 	EXP 	Display Frame 5
737.8769 	EXP 	Display Frame 6
737.9104 	EXP 	Display Frame 7
737.9436 	EXP 	Display Frame 8
737.9770 	EXP 	Display Frame 9
738.0104 	EXP 	Display Frame 0
738.0436 	EXP 	Display Frame 1
738.0776 	EXP 	Display Frame 2
738.1104 	EXP 	Display Frame 3
738.1437 	EXP 	Display Frame 4
738.1770 	EXP 	Display Frame 5
738.2103 	EXP 	Display Frame 6
738.2437 	EXP 	Display Frame 7
738.2770 	EXP 	Display Frame 8
738.3103 	EXP 	Display Frame 9
738.3438 	EXP 	Display Frame 0
738.3771 	EXP 	Display Frame 1
738.4103 	EXP 	Display Frame 2
738.4436 	EXP 	Display Frame 3
738.4771 	EXP 	Display Frame 4
738.5103 	EXP 	Display Frame 5
738.5438 	EXP 	Display Frame 6
738.5770 	EXP 	Display Frame 7
738.6103 	EXP 	Display Frame 8
738.6437 	EXP 	Display Frame 9
738.6770 	EXP 	Display Frame 0
738.7103 	EXP 	Display Frame 1
738.7438 	EXP 	Display Frame 2
738.7770 	EXP 	Display Frame 3
738.8104 	EXP 	Display Frame 4
738.8437 	EXP 	Display Frame 5
738.8771 	EXP 	Display Frame 6
738.9103 	EXP 	Display Frame 7
738.9437 	EXP 	Display Frame 8
738.9770 	EXP 	Display Frame 9
739.0103 	EXP 	Display Frame 0
739.0436 	EXP 	Display Frame 1
739.0770 	EXP 	Display Frame 2
739.1104 	EXP 	Display Frame 3
739.1437 	EXP 	Display Frame 4
739.1770 	EXP 	Display Frame 5
739.2111 	EXP 	Display Frame 6
739.2437 	EXP 	Display Frame 7
739.2770 	EXP 	Display Frame 8
739.3105 	EXP 	Display Frame 9
739.3436 	EXP 	Display Frame 0
739.3770 	EXP 	Display Frame 1
739.4104 	EXP 	Display Frame 2
739.4437 	EXP 	Display Frame 3
739.4770 	EXP 	Display Frame 4
739.5103 	EXP 	Display Frame 5
739.5437 	EXP 	Display Frame 6
739.5770 	EXP 	Display Frame 7
739.6105 	EXP 	Display Frame 8
739.6437 	EXP 	Display Frame 9
739.6770 	EXP 	Display Frame 0
739.7103 	EXP 	Display Frame 1
739.7437 	EXP 	Display Frame 2
739.7771 	EXP 	Display Frame 3
739.8103 	EXP 	Display Frame 4
739.8438 	EXP 	Display Frame 5
739.8770 	EXP 	Display Frame 6
739.9103 	EXP 	Display Frame 7
739.9436 	EXP 	Display Frame 8
739.9770 	EXP 	Display Frame 9
740.0103 	EXP 	Display Frame 0
740.0438 	EXP 	Display Frame 1
740.0770 	EXP 	Display Frame 2
740.1103 	EXP 	Display Frame 3
740.1437 	EXP 	Display Frame 4
740.1770 	EXP 	Display Frame 5
740.2103 	EXP 	Display Frame 6
740.2437 	EXP 	Display Frame 7
740.2770 	EXP 	Display Frame 8
740.3103 	EXP 	Display Frame 9
740.3436 	EXP 	Display Frame 0
740.3770 	EXP 	Display Frame 1
740.4101 	EXP 	Display Frame 2
740.4437 	EXP 	Display Frame 3
740.4770 	EXP 	Display Frame 4
740.5103 	EXP 	Display Frame 5
740.5438 	EXP 	Display Frame 6
740.5770 	EXP 	Display Frame 7
740.6105 	EXP 	Display Frame 8
740.6437 	EXP 	Display Frame 9
740.6771 	EXP 	Display Frame 0
740.7104 	EXP 	Display Frame 1
740.7435 	DATA 	Keypress: equal
740.7449 	EXP 	Display Frame 2
740.7770 	EXP 	Display Frame 3
740.8103 	EXP 	Display Frame 4
740.8437 	EXP 	Display Frame 5
740.8771 	EXP 	Display Frame 6
740.9103 	EXP 	Display Frame 7
740.9438 	EXP 	Display Frame 8
740.9770 	EXP 	Display Frame 9
741.0102 	EXP 	Display Frame 0
741.0436 	EXP 	Display Frame 1
741.0770 	EXP 	Display Frame 2
741.1103 	EXP 	Display Frame 3
741.1437 	EXP 	Display Frame 4
741.1770 	EXP 	Display Frame 5
741.2103 	EXP 	Display Frame 6
741.2437 	EXP 	Display Frame 7
741.2770 	EXP 	Display Frame 8
741.3103 	EXP 	Display Frame 9
741.3437 	EXP 	Display Frame 0
741.3770 	EXP 	Display Frame 1
741.4103 	EXP 	Display Frame 2
741.4436 	EXP 	Display Frame 3
741.4770 	EXP 	Display Frame 4
741.5104 	EXP 	Display Frame 5
741.5437 	EXP 	Display Frame 6
741.5770 	EXP 	Display Frame 7
741.6103 	EXP 	Display Frame 8
741.6436 	EXP 	Display Frame 9
741.6770 	EXP 	Display Frame 0
741.7104 	EXP 	Display Frame 1
741.7436 	EXP 	Display Frame 2
741.7770 	EXP 	Display Frame 3
741.8103 	EXP 	Display Frame 4
741.8437 	EXP 	Display Frame 5
741.8770 	EXP 	Display Frame 6
741.9107 	EXP 	Display Frame 7
741.9438 	EXP 	Display Frame 8
741.9770 	EXP 	Display Frame 9
742.0103 	EXP 	Display Frame 0
742.0437 	EXP 	Display Frame 1
742.0770 	EXP 	Display Frame 2
742.1104 	EXP 	Display Frame 3
742.1436 	EXP 	Display Frame 4
742.1770 	EXP 	Display Frame 5
742.2103 	EXP 	Display Frame 6
742.2438 	EXP 	Display Frame 7
742.2770 	EXP 	Display Frame 8
742.3103 	EXP 	Display Frame 9
742.3436 	EXP 	Display Frame 0
742.3770 	EXP 	Display Frame 1
742.4103 	EXP 	Display Frame 2
742.4437 	EXP 	Display Frame 3
742.4771 	EXP 	Display Frame 4
742.5103 	EXP 	Display Frame 5
742.5437 	EXP 	Display Frame 6
742.5770 	EXP 	Display Frame 7
742.6105 	EXP 	Display Frame 8
742.6437 	EXP 	Display Frame 9
742.6771 	EXP 	Display Frame 0
742.7103 	EXP 	Display Frame 1
742.7436 	EXP 	Display Frame 2
742.7771 	EXP 	Display Frame 3
742.8105 	EXP 	Display Frame 4
742.8437 	EXP 	Display Frame 5
742.8771 	EXP 	Display Frame 6
742.9104 	EXP 	Display Frame 7
742.9436 	EXP 	Display Frame 8
742.9770 	EXP 	Display Frame 9
743.0104 	EXP 	Display Frame 0
743.0436 	EXP 	Display Frame 1
743.0772 	EXP 	Display Frame 2
743.1103 	EXP 	Display Frame 3
743.1438 	EXP 	Display Frame 4
743.1770 	EXP 	Display Frame 5
743.2103 	EXP 	Display Frame 6
743.2437 	EXP 	Display Frame 7
743.2771 	EXP 	Display Frame 8
743.3103 	EXP 	Display Frame 9
743.3436 	EXP 	Display Frame 0
743.3770 	EXP 	Display Frame 1
743.4103 	EXP 	Display Frame 2
743.4443 	EXP 	Display Frame 3
743.4769 	EXP 	Display Frame 4
743.5104 	EXP 	Display Frame 5
743.5437 	EXP 	Display Frame 6
743.5771 	EXP 	Display Frame 7
743.6104 	EXP 	Display Frame 8
743.6437 	EXP 	Display Frame 9
743.6770 	EXP 	Display Frame 0
743.7104 	EXP 	Display Frame 1
743.7437 	EXP 	Display Frame 2
743.7771 	EXP 	Display Frame 3
743.8104 	EXP 	Display Frame 4
743.8437 	EXP 	Display Frame 5
743.8771 	EXP 	Display Frame 6
743.9105 	EXP 	Display Frame 7
743.9437 	EXP 	Display Frame 8
743.9770 	EXP 	Display Frame 9
744.0104 	EXP 	Display Frame 0
744.0438 	EXP 	Display Frame 1
744.0771 	EXP 	Display Frame 2
744.1104 	EXP 	Display Frame 3
744.1437 	EXP 	Display Frame 4
744.1770 	EXP 	Display Frame 5
744.2104 	EXP 	Display Frame 6
744.2437 	EXP 	Display Frame 7
744.2771 	EXP 	Display Frame 8
744.3105 	EXP 	Display Frame 9
744.3437 	EXP 	Display Frame 0
744.3771 	EXP 	Display Frame 1
744.4104 	EXP 	Display Frame 2
744.4438 	EXP 	Display Frame 3
744.4771 	EXP 	Display Frame 4
744.5105 	EXP 	Display Frame 5
744.5437 	EXP 	Display Frame 6
744.5771 	EXP 	Display Frame 7
744.6104 	EXP 	Display Frame 8
744.6438 	EXP 	Display Frame 9
744.6770 	EXP 	Display Frame 0
744.7104 	EXP 	Display Frame 1
744.7438 	EXP 	Display Frame 2
744.7770 	EXP 	Display Frame 3
744.8104 	EXP 	Display Frame 4
744.8437 	EXP 	Display Frame 5
744.8770 	EXP 	Display Frame 6
744.9104 	EXP 	Display Frame 7
744.9437 	EXP 	Display Frame 8
744.9771 	EXP 	Display Frame 9
745.0104 	EXP 	Display Frame 0
745.0437 	EXP 	Display Frame 1
745.0771 	EXP 	Display Frame 2
745.1104 	EXP 	Display Frame 3
745.1437 	EXP 	Display Frame 4
745.1771 	EXP 	Display Frame 5
745.2105 	EXP 	Display Frame 6
745.2437 	EXP 	Display Frame 7
745.2771 	EXP 	Display Frame 8
745.3104 	EXP 	Display Frame 9
745.3438 	EXP 	Display Frame 0
745.3773 	EXP 	Display Frame 1
745.4103 	EXP 	Display Frame 2
745.4437 	EXP 	Display Frame 3
745.4770 	EXP 	Display Frame 4
745.5103 	EXP 	Display Frame 5
745.5438 	EXP 	Display Frame 6
745.5771 	EXP 	Display Frame 7
745.6104 	EXP 	Display Frame 8
745.6438 	EXP 	Display Frame 9
745.6770 	EXP 	Display Frame 0
745.7104 	EXP 	Display Frame 1
745.7437 	EXP 	Display Frame 2
745.7771 	EXP 	Display Frame 3
745.8104 	EXP 	Display Frame 4
745.8437 	EXP 	Display Frame 5
745.8770 	EXP 	Display Frame 6
745.9105 	EXP 	Display Frame 7
745.9437 	DATA 	Keypress: equal
745.9453 	EXP 	Display Frame 8
745.9770 	EXP 	Display Frame 9
746.0103 	EXP 	Display Frame 0
746.0438 	EXP 	Display Frame 1
746.0770 	EXP 	Display Frame 2
746.1104 	EXP 	Display Frame 3
746.1437 	EXP 	Display Frame 4
746.1770 	EXP 	Display Frame 5
746.2103 	EXP 	Display Frame 6
746.2437 	EXP 	Display Frame 7
746.2771 	EXP 	Display Frame 8
746.3105 	EXP 	Display Frame 9
746.3436 	EXP 	Display Frame 0
746.3770 	EXP 	Display Frame 1
746.4104 	EXP 	Display Frame 2
746.4438 	EXP 	Display Frame 3
746.4771 	EXP 	Display Frame 4
746.5104 	EXP 	Display Frame 5
746.5437 	EXP 	Display Frame 6
746.5771 	EXP 	Display Frame 7
746.6104 	EXP 	Display Frame 8
746.6438 	EXP 	Display Frame 9
746.6771 	EXP 	Display Frame 0
746.7104 	EXP 	Display Frame 1
746.7437 	EXP 	Display Frame 2
746.7771 	EXP 	Display Frame 3
746.8104 	EXP 	Display Frame 4
746.8437 	EXP 	Display Frame 5
746.8771 	EXP 	Display Frame 6
746.9104 	EXP 	Display Frame 7
746.9438 	EXP 	Display Frame 8
746.9771 	EXP 	Display Frame 9
747.0105 	EXP 	Display Frame 0
747.0436 	EXP 	Display Frame 1
747.0771 	EXP 	Display Frame 2
747.1104 	EXP 	Display Frame 3
747.1437 	EXP 	Display Frame 4
747.1770 	EXP 	Display Frame 5
747.2104 	EXP 	Display Frame 6
747.2437 	EXP 	Display Frame 7
747.2770 	EXP 	Display Frame 8
747.3103 	EXP 	Display Frame 9
747.3438 	EXP 	Display Frame 0
747.3770 	EXP 	Display Frame 1
747.4104 	EXP 	Display Frame 2
747.4437 	EXP 	Display Frame 3
747.4770 	EXP 	Display Frame 4
747.5104 	EXP 	Display Frame 5
747.5437 	EXP 	Display Frame 6
747.5771 	EXP 	Display Frame 7
747.6105 	EXP 	Display Frame 8
747.6437 	EXP 	Display Frame 9
747.6771 	EXP 	Display Frame 0
747.7104 	EXP 	Display Frame 1
747.7438 	EXP 	Display Frame 2
747.7772 	EXP 	Display Frame 3
747.8104 	EXP 	Display Frame 4
747.8437 	EXP 	Display Frame 5
747.8771 	EXP 	Display Frame 6
747.9104 	EXP 	Display Frame 7
747.9438 	EXP 	Display Frame 8
747.9770 	EXP 	Display Frame 9
748.0103 	EXP 	Display Frame 0
748.0440 	EXP 	Display Frame 1
748.0771 	EXP 	Display Frame 2
748.1104 	EXP 	Display Frame 3
748.1437 	EXP 	Display Frame 4
748.1770 	EXP 	Display Frame 5
748.2104 	EXP 	Display Frame 6
748.2439 	EXP 	Display Frame 7
748.2771 	EXP 	Display Frame 8
748.3104 	EXP 	Display Frame 9
748.3437 	EXP 	Display Frame 0
748.3772 	EXP 	Display Frame 1
748.4104 	EXP 	Display Frame 2
748.4437 	EXP 	Display Frame 3
748.4771 	EXP 	Display Frame 4
748.5104 	EXP 	Display Frame 5
748.5437 	EXP 	Display Frame 6
748.5772 	EXP 	Display Frame 7
748.6104 	EXP 	Display Frame 8
748.6437 	EXP 	Display Frame 9
748.6771 	EXP 	Display Frame 0
748.7104 	EXP 	Display Frame 1
748.7437 	EXP 	Display Frame 2
748.7771 	EXP 	Display Frame 3
748.8104 	EXP 	Display Frame 4
748.8437 	EXP 	Display Frame 5
748.8772 	EXP 	Display Frame 6
748.9104 	EXP 	Display Frame 7
748.9438 	EXP 	Display Frame 8
748.9771 	EXP 	Display Frame 9
749.0104 	EXP 	Display Frame 0
749.0437 	EXP 	Display Frame 1
749.0770 	EXP 	Display Frame 2
749.1104 	EXP 	Display Frame 3
749.1437 	EXP 	Display Frame 4
749.1771 	EXP 	Display Frame 5
749.2105 	EXP 	Display Frame 6
749.2437 	EXP 	Display Frame 7
749.2771 	EXP 	Display Frame 8
749.3104 	EXP 	Display Frame 9
749.3441 	EXP 	Display Frame 0
749.3771 	EXP 	Display Frame 1
749.4104 	EXP 	Display Frame 2
749.4437 	EXP 	Display Frame 3
749.4770 	EXP 	Display Frame 4
749.5104 	EXP 	Display Frame 5
749.5438 	EXP 	Display Frame 6
749.5771 	EXP 	Display Frame 7
749.6103 	EXP 	Display Frame 8
749.6437 	EXP 	Display Frame 9
749.6770 	EXP 	Display Frame 0
749.7104 	EXP 	Display Frame 1
749.7437 	EXP 	Display Frame 2
749.7771 	EXP 	Display Frame 3
749.8104 	EXP 	Display Frame 4
749.8437 	EXP 	Display Frame 5
749.8770 	EXP 	Display Frame 6
749.9103 	EXP 	Display Frame 7
749.9437 	EXP 	Display Frame 8
749.9770 	EXP 	Display Frame 9
750.0103 	EXP 	Display Frame 0
750.0437 	EXP 	Display Frame 1
750.0770 	EXP 	Display Frame 2
750.1103 	EXP 	Display Frame 3
750.1437 	EXP 	Display Frame 4
750.1770 	EXP 	Display Frame 5
750.2104 	EXP 	Display Frame 6
750.2438 	EXP 	Display Frame 7
750.2770 	EXP 	Display Frame 8
750.3103 	EXP 	Display Frame 9
750.3437 	EXP 	Display Frame 0
750.3773 	EXP 	Display Frame 1
750.4104 	EXP 	Display Frame 2
750.4438 	EXP 	Display Frame 3
750.4771 	EXP 	Display Frame 4
750.5104 	EXP 	Display Frame 5
750.5437 	EXP 	Display Frame 6
750.5770 	EXP 	Display Frame 7
750.6104 	EXP 	Display Frame 8
750.6437 	EXP 	Display Frame 9
750.6771 	EXP 	Display Frame 0
750.7104 	EXP 	Display Frame 1
750.7436 	EXP 	Display Frame 2
750.7771 	EXP 	Display Frame 3
750.8103 	EXP 	Display Frame 4
750.8437 	EXP 	Display Frame 5
750.8770 	EXP 	Display Frame 6
750.9103 	EXP 	Display Frame 7
750.9437 	EXP 	Display Frame 8
750.9770 	EXP 	Display Frame 9
751.0103 	EXP 	Display Frame 0
751.0436 	EXP 	Display Frame 1
751.0770 	EXP 	Display Frame 2
751.1103 	EXP 	Display Frame 3
751.1435 	DATA 	Keypress: equal
751.1451 	EXP 	Display Frame 4
751.1770 	EXP 	Display Frame 5
751.2104 	EXP 	Display Frame 6
751.2436 	EXP 	Display Frame 7
751.2770 	EXP 	Display Frame 8
751.3104 	EXP 	Display Frame 9
751.3436 	EXP 	Display Frame 0
751.3771 	EXP 	Display Frame 1
751.4103 	EXP 	Display Frame 2
751.4436 	EXP 	Display Frame 3
751.4770 	EXP 	Display Frame 4
751.5103 	EXP 	Display Frame 5
751.5436 	EXP 	Display Frame 6
751.5770 	EXP 	Display Frame 7
751.6103 	EXP 	Display Frame 8
751.6437 	EXP 	Display Frame 9
751.6770 	EXP 	Display Frame 0
751.7103 	EXP 	Display Frame 1
751.7436 	EXP 	Display Frame 2
751.7770 	EXP 	Display Frame 3
751.8104 	EXP 	Display Frame 4
751.8436 	EXP 	Display Frame 5
751.8770 	EXP 	Display Frame 6
751.9103 	EXP 	Display Frame 7
751.9437 	EXP 	Display Frame 8
751.9770 	EXP 	Display Frame 9
752.0103 	EXP 	Display Frame 0
752.0437 	EXP 	Display Frame 1
752.0770 	EXP 	Display Frame 2
752.1101 	EXP 	Display Frame 3
752.1437 	EXP 	Display Frame 4
752.1770 	EXP 	Display Frame 5
752.2103 	EXP 	Display Frame 6
752.2437 	EXP 	Display Frame 7
752.2770 	EXP 	Display Frame 8
752.3104 	EXP 	Display Frame 9
752.3437 	EXP 	Display Frame 0
752.3770 	EXP 	Display Frame 1
752.4104 	EXP 	Display Frame 2
752.4437 	EXP 	Display Frame 3
752.4770 	EXP 	Display Frame 4
752.5103 	EXP 	Display Frame 5
752.5436 	EXP 	Display Frame 6
752.5771 	EXP 	Display Frame 7
752.6103 	EXP 	Display Frame 8
752.6438 	EXP 	Display Frame 9
752.6770 	EXP 	Display Frame 0
752.7105 	EXP 	Display Frame 1
752.7437 	EXP 	Display Frame 2
752.7771 	EXP 	Display Frame 3
752.8104 	EXP 	Display Frame 4
752.8438 	EXP 	Display Frame 5
752.8771 	EXP 	Display Frame 6
752.9105 	EXP 	Display Frame 7
752.9437 	EXP 	Display Frame 8
752.9771 	EXP 	Display Frame 9
753.0104 	EXP 	Display Frame 0
753.0437 	EXP 	Display Frame 1
753.0772 	EXP 	Display Frame 2
753.1103 	EXP 	Display Frame 3
753.1437 	EXP 	Display Frame 4
753.1770 	EXP 	Display Frame 5
753.2104 	EXP 	Display Frame 6
753.2436 	EXP 	Display Frame 7
753.2771 	EXP 	Display Frame 8
753.3103 	EXP 	Display Frame 9
753.3436 	EXP 	Display Frame 0
753.3770 	EXP 	Display Frame 1
753.4104 	EXP 	Display Frame 2
753.4437 	EXP 	Display Frame 3
753.4772 	EXP 	Display Frame 4
753.5104 	EXP 	Display Frame 5
753.5436 	EXP 	Display Frame 6
753.5771 	EXP 	Display Frame 7
753.6104 	EXP 	Display Frame 8
753.6437 	EXP 	Display Frame 9
753.6772 	EXP 	Display Frame 0
753.7104 	EXP 	Display Frame 1
753.7438 	EXP 	Display Frame 2
753.7771 	EXP 	Display Frame 3
753.8104 	EXP 	Display Frame 4
753.8436 	EXP 	Display Frame 5
753.8770 	EXP 	Display Frame 6
753.9103 	EXP 	Display Frame 7
753.9438 	EXP 	Display Frame 8
753.9770 	EXP 	Display Frame 9
754.0103 	EXP 	Display Frame 0
754.0436 	EXP 	Display Frame 1
754.0770 	EXP 	Display Frame 2
754.1104 	EXP 	Display Frame 3
754.1437 	EXP 	Display Frame 4
754.1770 	EXP 	Display Frame 5
754.2104 	EXP 	Display Frame 6
754.2437 	EXP 	Display Frame 7
754.2771 	EXP 	Display Frame 8
754.3104 	EXP 	Display Frame 9
754.3437 	EXP 	Display Frame 0
754.3771 	EXP 	Display Frame 1
754.4103 	EXP 	Display Frame 2
754.4438 	EXP 	Display Frame 3
754.4770 	EXP 	Display Frame 4
754.5103 	EXP 	Display Frame 5
754.5437 	EXP 	Display Frame 6
754.5771 	EXP 	Display Frame 7
754.6103 	EXP 	Display Frame 8
754.6437 	EXP 	Display Frame 9
754.6770 	EXP 	Display Frame 0
754.7105 	EXP 	Display Frame 1
754.7438 	EXP 	Display Frame 2
754.7771 	EXP 	Display Frame 3
754.8103 	EXP 	Display Frame 4
754.8438 	EXP 	Display Frame 5
754.8771 	EXP 	Display Frame 6
754.9104 	EXP 	Display Frame 7
754.9437 	EXP 	Display Frame 8
754.9770 	EXP 	Display Frame 9
755.0104 	EXP 	Display Frame 0
755.0438 	EXP 	Display Frame 1
755.0771 	EXP 	Display Frame 2
755.1104 	EXP 	Display Frame 3
755.1437 	EXP 	Display Frame 4
755.1770 	EXP 	Display Frame 5
755.2104 	EXP 	Display Frame 6
755.2437 	EXP 	Display Frame 7
755.2771 	EXP 	Display Frame 8
755.3104 	EXP 	Display Frame 9
755.3437 	EXP 	Display Frame 0
755.3771 	EXP 	Display Frame 1
755.4104 	EXP 	Display Frame 2
755.4437 	EXP 	Display Frame 3
755.4771 	EXP 	Display Frame 4
755.5104 	EXP 	Display Frame 5
755.5438 	EXP 	Display Frame 6
755.5771 	EXP 	Display Frame 7
755.6104 	EXP 	Display Frame 8
755.6437 	EXP 	Display Frame 9
755.6770 	EXP 	Display Frame 0
755.7104 	EXP 	Display Frame 1
755.7437 	EXP 	Display Frame 2
755.7771 	EXP 	Display Frame 3
755.8108 	EXP 	Display Frame 4
755.8440 	EXP 	Display Frame 5
755.8771 	EXP 	Display Frame 6
755.9104 	EXP 	Display Frame 7
755.9437 	EXP 	Display Frame 8
755.9771 	EXP 	Display Frame 9
756.0104 	EXP 	Display Frame 0
756.0439 	EXP 	Display Frame 1
756.0770 	EXP 	Display Frame 2
756.1103 	EXP 	Display Frame 3
756.1436 	EXP 	Display Frame 4
756.1770 	EXP 	Display Frame 5
756.2103 	EXP 	Display Frame 6
756.2437 	EXP 	Display Frame 7
756.2770 	EXP 	Display Frame 8
756.3104 	DATA 	Keypress: equal
756.3120 	EXP 	Display Frame 9
756.3437 	EXP 	Display Frame 0
756.3771 	EXP 	Display Frame 1
756.4104 	EXP 	Display Frame 2
756.4436 	EXP 	Display Frame 3
756.4770 	EXP 	Display Frame 4
756.5104 	EXP 	Display Frame 5
756.5436 	EXP 	Display Frame 6
756.5771 	EXP 	Display Frame 7
756.6103 	EXP 	Display Frame 8
756.6437 	EXP 	Display Frame 9
756.6770 	EXP 	Display Frame 0
756.7104 	EXP 	Display Frame 1
756.7437 	EXP 	Display Frame 2
756.7771 	EXP 	Display Frame 3
756.8104 	EXP 	Display Frame 4
756.8438 	EXP 	Display Frame 5
756.8770 	EXP 	Display Frame 6
756.9103 	EXP 	Display Frame 7
756.9437 	EXP 	Display Frame 8
756.9771 	EXP 	Display Frame 9
757.0104 	EXP 	Display Frame 0
757.0436 	EXP 	Display Frame 1
757.0770 	EXP 	Display Frame 2
757.1105 	EXP 	Display Frame 3
757.1436 	EXP 	Display Frame 4
757.1770 	EXP 	Display Frame 5
757.2102 	EXP 	Display Frame 6
757.2437 	EXP 	Display Frame 7
757.2770 	EXP 	Display Frame 8
757.3103 	EXP 	Display Frame 9
757.3436 	EXP 	Display Frame 0
757.3770 	EXP 	Display Frame 1
757.4103 	EXP 	Display Frame 2
757.4437 	EXP 	Display Frame 3
757.4770 	EXP 	Display Frame 4
757.5103 	EXP 	Display Frame 5
757.5436 	EXP 	Display Frame 6
757.5770 	EXP 	Display Frame 7
757.6104 	EXP 	Display Frame 8
757.6437 	EXP 	Display Frame 9
757.6771 	EXP 	Display Frame 0
757.7102 	EXP 	Display Frame 1
757.7437 	EXP 	Display Frame 2
757.7770 	EXP 	Display Frame 3
757.8104 	EXP 	Display Frame 4
757.8437 	EXP 	Display Frame 5
757.8771 	EXP 	Display Frame 6
757.9103 	EXP 	Display Frame 7
757.9436 	EXP 	Display Frame 8
757.9770 	EXP 	Display Frame 9
758.0105 	EXP 	Display Frame 0
758.0438 	EXP 	Display Frame 1
758.0770 	EXP 	Display Frame 2
758.1103 	EXP 	Display Frame 3
758.1438 	EXP 	Display Frame 4
758.1770 	EXP 	Display Frame 5
758.2103 	EXP 	Display Frame 6
758.2437 	EXP 	Display Frame 7
758.2770 	EXP 	Display Frame 8
758.3104 	EXP 	Display Frame 9
758.3436 	EXP 	Display Frame 0
758.3771 	EXP 	Display Frame 1
758.4103 	EXP 	Display Frame 2
758.4437 	EXP 	Display Frame 3
758.4771 	EXP 	Display Frame 4
758.5104 	EXP 	Display Frame 5
758.5436 	EXP 	Display Frame 6
758.5771 	EXP 	Display Frame 7
758.6104 	EXP 	Display Frame 8
758.6437 	EXP 	Display Frame 9
758.6770 	EXP 	Display Frame 0
758.7103 	EXP 	Display Frame 1
758.7437 	EXP 	Display Frame 2
758.7771 	EXP 	Display Frame 3
758.8104 	EXP 	Display Frame 4
758.8439 	EXP 	Display Frame 5
758.8770 	EXP 	Display Frame 6
758.9104 	EXP 	Display Frame 7
758.9438 	EXP 	Display Frame 8
758.9770 	EXP 	Display Frame 9
759.0104 	EXP 	Display Frame 0
759.0438 	EXP 	Display Frame 1
759.0770 	EXP 	Display Frame 2
759.1105 	EXP 	Display Frame 3
759.1437 	EXP 	Display Frame 4
759.1773 	EXP 	Display Frame 5
759.2104 	EXP 	Display Frame 6
759.2436 	EXP 	Display Frame 7
759.2771 	EXP 	Display Frame 8
759.3105 	EXP 	Display Frame 9
759.3437 	EXP 	Display Frame 0
759.3770 	EXP 	Display Frame 1
759.4104 	EXP 	Display Frame 2
759.4438 	EXP 	Display Frame 3
759.4770 	EXP 	Display Frame 4
759.5104 	EXP 	Display Frame 5
759.5437 	EXP 	Display Frame 6
759.5771 	EXP 	Display Frame 7
759.6104 	EXP 	Display Frame 8
759.6437 	EXP 	Display Frame 9
759.6770 	EXP 	Display Frame 0
759.7103 	EXP 	Display Frame 1
759.7436 	EXP 	Display Frame 2
759.7770 	EXP 	Display Frame 3
759.8103 	EXP 	Display Frame 4
759.8437 	EXP 	Display Frame 5
759.8770 	EXP 	Display Frame 6
759.9103 	EXP 	Display Frame 7
759.9438 	EXP 	Display Frame 8
759.9770 	EXP 	Display Frame 9
760.0105 	EXP 	Display Frame 0
760.0437 	EXP 	Display Frame 1
760.0771 	EXP 	Display Frame 2
760.1104 	EXP 	Display Frame 3
760.1437 	EXP 	Display Frame 4
760.1770 	EXP 	Display Frame 5
760.2105 	EXP 	Display Frame 6
760.2437 	EXP 	Display Frame 7
760.2770 	EXP 	Display Frame 8
760.3104 	EXP 	Display Frame 9
760.3436 	EXP 	Display Frame 0
760.3770 	EXP 	Display Frame 1
760.4103 	EXP 	Display Frame 2
760.4436 	EXP 	Display Frame 3
760.4770 	EXP 	Display Frame 4
760.5103 	EXP 	Display Frame 5
760.5436 	EXP 	Display Frame 6
760.5770 	EXP 	Display Frame 7
760.6104 	EXP 	Display Frame 8
760.6437 	EXP 	Display Frame 9
760.6770 	EXP 	Display Frame 0
760.7104 	EXP 	Display Frame 1
760.7436 	EXP 	Display Frame 2
760.7770 	EXP 	Display Frame 3
760.8103 	EXP 	Display Frame 4
760.8436 	EXP 	Display Frame 5
760.8770 	EXP 	Display Frame 6
760.9104 	EXP 	Display Frame 7
760.9437 	EXP 	Display Frame 8
760.9770 	EXP 	Display Frame 9
761.0103 	EXP 	Display Frame 0
761.0437 	EXP 	Display Frame 1
761.0770 	EXP 	Display Frame 2
761.1105 	EXP 	Display Frame 3
761.1437 	EXP 	Display Frame 4
761.1771 	EXP 	Display Frame 5
761.2103 	EXP 	Display Frame 6
761.2438 	EXP 	Display Frame 7
761.2769 	EXP 	Display Frame 8
761.3105 	EXP 	Display Frame 9
761.3437 	EXP 	Display Frame 0
761.3771 	EXP 	Display Frame 1
761.4103 	EXP 	Display Frame 2
761.4447 	EXP 	Display Frame 3
761.4770 	EXP 	Display Frame 4
761.5101 	DATA 	Keypress: equal
761.5117 	EXP 	Display Frame 5
761.5146 	EXP 	Display Fixation
766.6970 	DATA 	Keypress: equal
771.8916 	DATA 	Keypress: equal
777.0839 	DATA 	Keypress: equal
782.2781 	DATA 	Keypress: equal
787.4723 	DATA 	Keypress: equal
792.6653 	DATA 	Keypress: equal
792.7005 	EXP 	Display Frame 1
792.7338 	EXP 	Display Frame 2
792.7670 	EXP 	Display Frame 3
792.8003 	EXP 	Display Frame 4
792.8338 	EXP 	Display Frame 5
792.8670 	EXP 	Display Frame 6
792.9004 	EXP 	Display Frame 7
792.9336 	EXP 	Display Frame 8
792.9671 	EXP 	Display Frame 9
793.0003 	EXP 	Display Frame 0
793.0335 	EXP 	Display Frame 1
793.0670 	EXP 	Display Frame 2
793.1002 	EXP 	Display Frame 3
793.1335 	EXP 	Display Frame 4
793.1669 	EXP 	Display Frame 5
793.2002 	EXP 	Display Frame 6
793.2335 	EXP 	Display Frame 7
793.2669 	EXP 	Display Frame 8
793.3002 	EXP 	Display Frame 9
793.3333 	EXP 	Display Frame 0
793.3670 	EXP 	Display Frame 1
793.4002 	EXP 	Display Frame 2
793.4335 	EXP 	Display Frame 3
793.4669 	EXP 	Display Frame 4
793.5002 	EXP 	Display Frame 5
793.5335 	EXP 	Display Frame 6
793.5669 	EXP 	Display Frame 7
793.6002 	EXP 	Display Frame 8
793.6335 	EXP 	Display Frame 9
793.6669 	EXP 	Display Frame 0
793.7003 	EXP 	Display Frame 1
793.7336 	EXP 	Display Frame 2
793.7669 	EXP 	Display Frame 3
793.8002 	EXP 	Display Frame 4
793.8333 	EXP 	Display Frame 5
793.8669 	EXP 	Display Frame 6
793.9002 	EXP 	Display Frame 7
793.9335 	EXP 	Display Frame 8
793.9669 	EXP 	Display Frame 9
794.0002 	EXP 	Display Frame 0
794.0336 	EXP 	Display Frame 1
794.0668 	EXP 	Display Frame 2
794.1002 	EXP 	Display Frame 3
794.1336 	EXP 	Display Frame 4
794.1670 	EXP 	Display Frame 5
794.2002 	EXP 	Display Frame 6
794.2338 	EXP 	Display Frame 7
794.2669 	EXP 	Display Frame 8
794.3002 	EXP 	Display Frame 9
794.3335 	EXP 	Display Frame 0
794.3669 	EXP 	Display Frame 1
794.4003 	EXP 	Display Frame 2
794.4337 	EXP 	Display Frame 3
794.4669 	EXP 	Display Frame 4
794.5003 	EXP 	Display Frame 5
794.5336 	EXP 	Display Frame 6
794.5669 	EXP 	Display Frame 7
794.6002 	EXP 	Display Frame 8
794.6336 	EXP 	Display Frame 9
794.6669 	EXP 	Display Frame 0
794.7002 	EXP 	Display Frame 1
794.7336 	EXP 	Display Frame 2
794.7669 	EXP 	Display Frame 3
794.8002 	EXP 	Display Frame 4
794.8335 	EXP 	Display Frame 5
794.8671 	EXP 	Display Frame 6
794.9005 	EXP 	Display Frame 7
794.9338 	EXP 	Display Frame 8
794.9672 	EXP 	Display Frame 9
795.0003 	EXP 	Display Frame 0
795.0335 	EXP 	Display Frame 1
795.0669 	EXP 	Display Frame 2
795.1003 	EXP 	Display Frame 3
795.1336 	EXP 	Display Frame 4
795.1669 	EXP 	Display Frame 5
795.2002 	EXP 	Display Frame 6
795.2335 	EXP 	Display Frame 7
795.2669 	EXP 	Display Frame 8
795.3003 	EXP 	Display Frame 9
795.3335 	EXP 	Display Frame 0
795.3672 	EXP 	Display Frame 1
795.4002 	EXP 	Display Frame 2
795.4335 	EXP 	Display Frame 3
795.4669 	EXP 	Display Frame 4
795.5002 	EXP 	Display Frame 5
795.5335 	EXP 	Display Frame 6
795.5669 	EXP 	Display Frame 7
795.6002 	EXP 	Display Frame 8
795.6335 	EXP 	Display Frame 9
795.6669 	EXP 	Display Frame 0
795.7004 	EXP 	Display Frame 1
795.7336 	EXP 	Display Frame 2
795.7669 	EXP 	Display Frame 3
795.8002 	EXP 	Display Frame 4
795.8335 	EXP 	Display Frame 5
795.8669 	EXP 	Display Frame 6
795.9002 	EXP 	Display Frame 7
795.9335 	EXP 	Display Frame 8
795.9669 	EXP 	Display Frame 9
796.0002 	EXP 	Display Frame 0
796.0337 	EXP 	Display Frame 1
796.0668 	EXP 	Display Frame 2
796.1002 	EXP 	Display Frame 3
796.1335 	EXP 	Display Frame 4
796.1668 	EXP 	Display Frame 5
796.2002 	EXP 	Display Frame 6
796.2335 	EXP 	Display Frame 7
796.2669 	EXP 	Display Frame 8
796.3002 	EXP 	Display Frame 9
796.3335 	EXP 	Display Frame 0
796.3670 	EXP 	Display Frame 1
796.4003 	EXP 	Display Frame 2
796.4336 	EXP 	Display Frame 3
796.4669 	EXP 	Display Frame 4
796.5003 	EXP 	Display Frame 5
796.5335 	EXP 	Display Frame 6
796.5671 	EXP 	Display Frame 7
796.6002 	EXP 	Display Frame 8
796.6335 	EXP 	Display Frame 9
796.6669 	EXP 	Display Frame 0
796.7001 	EXP 	Display Frame 1
796.7335 	EXP 	Display Frame 2
796.7669 	EXP 	Display Frame 3
796.8002 	EXP 	Display Frame 4
796.8335 	EXP 	Display Frame 5
796.8670 	EXP 	Display Frame 6
796.9014 	EXP 	Display Frame 7
796.9337 	EXP 	Display Frame 8
796.9672 	EXP 	Display Frame 9
797.0005 	EXP 	Display Frame 0
797.0338 	EXP 	Display Frame 1
797.0672 	EXP 	Display Frame 2
797.1005 	EXP 	Display Frame 3
797.1339 	EXP 	Display Frame 4
797.1672 	EXP 	Display Frame 5
797.2002 	EXP 	Display Frame 6
797.2336 	EXP 	Display Frame 7
797.2669 	EXP 	Display Frame 8
797.3002 	EXP 	Display Frame 9
797.3338 	EXP 	Display Frame 0
797.3671 	EXP 	Display Frame 1
797.4002 	EXP 	Display Frame 2
797.4336 	EXP 	Display Frame 3
797.4669 	EXP 	Display Frame 4
797.5002 	EXP 	Display Frame 5
797.5336 	EXP 	Display Frame 6
797.5669 	EXP 	Display Frame 7
797.6002 	EXP 	Display Frame 8
797.6335 	EXP 	Display Frame 9
797.6669 	EXP 	Display Frame 0
797.7003 	EXP 	Display Frame 1
797.7335 	EXP 	Display Frame 2
797.7669 	EXP 	Display Frame 3
797.8002 	EXP 	Display Frame 4
797.8335 	EXP 	Display Frame 5
797.8667 	DATA 	Keypress: equal
797.8681 	EXP 	Display Frame 6
797.9002 	EXP 	Display Frame 7
797.9336 	EXP 	Display Frame 8
797.9669 	EXP 	Display Frame 9
798.0002 	EXP 	Display Frame 0
798.0336 	EXP 	Display Frame 1
798.0669 	EXP 	Display Frame 2
798.1003 	EXP 	Display Frame 3
798.1335 	EXP 	Display Frame 4
798.1670 	EXP 	Display Frame 5
798.2002 	EXP 	Display Frame 6
798.2335 	EXP 	Display Frame 7
798.2669 	EXP 	Display Frame 8
798.3002 	EXP 	Display Frame 9
798.3335 	EXP 	Display Frame 0
798.3669 	EXP 	Display Frame 1
798.4002 	EXP 	Display Frame 2
798.4335 	EXP 	Display Frame 3
798.4669 	EXP 	Display Frame 4
798.5005 	EXP 	Display Frame 5
798.5335 	EXP 	Display Frame 6
798.5668 	EXP 	Display Frame 7
798.6002 	EXP 	Display Frame 8
798.6335 	EXP 	Display Frame 9
798.6670 	EXP 	Display Frame 0
798.7003 	EXP 	Display Frame 1
798.7336 	EXP 	Display Frame 2
798.7671 	EXP 	Display Frame 3
798.8004 	EXP 	Display Frame 4
798.8335 	EXP 	Display Frame 5
798.8669 	EXP 	Display Frame 6
798.9002 	EXP 	Display Frame 7
798.9348 	EXP 	Display Frame 8
798.9669 	EXP 	Display Frame 9
799.0002 	EXP 	Display Frame 0
799.0335 	EXP 	Display Frame 1
799.0670 	EXP 	Display Frame 2
799.1002 	EXP 	Display Frame 3
799.1336 	EXP 	Display Frame 4
799.1669 	EXP 	Display Frame 5
799.2003 	EXP 	Display Frame 6
799.2335 	EXP 	Display Frame 7
799.2669 	EXP 	Display Frame 8
799.3002 	EXP 	Display Frame 9
799.3336 	EXP 	Display Frame 0
799.3669 	EXP 	Display Frame 1
799.4002 	EXP 	Display Frame 2
799.4337 	EXP 	Display Frame 3
799.4669 	EXP 	Display Frame 4
799.5002 	EXP 	Display Frame 5
799.5336 	EXP 	Display Frame 6
799.5669 	EXP 	Display Frame 7
799.6002 	EXP 	Display Frame 8
799.6336 	EXP 	Display Frame 9
799.6670 	EXP 	Display Frame 0
799.7002 	EXP 	Display Frame 1
799.7335 	EXP 	Display Frame 2
799.7669 	EXP 	Display Frame 3
799.8002 	EXP 	Display Frame 4
799.8336 	EXP 	Display Frame 5
799.8669 	EXP 	Display Frame 6
799.9002 	EXP 	Display Frame 7
799.9335 	EXP 	Display Frame 8
799.9669 	EXP 	Display Frame 9
800.0002 	EXP 	Display Frame 0
800.0335 	EXP 	Display Frame 1
800.0669 	EXP 	Display Frame 2
800.1002 	EXP 	Display Frame 3
800.1335 	EXP 	Display Frame 4
800.1669 	EXP 	Display Frame 5
800.2002 	EXP 	Display Frame 6
800.2336 	EXP 	Display Frame 7
800.2669 	EXP 	Display Frame 8
800.3003 	EXP 	Display Frame 9
800.3335 	EXP 	Display Frame 0
800.3669 	EXP 	Display Frame 1
800.4002 	EXP 	Display Frame 2
800.4335 	EXP 	Display Frame 3
800.4671 	EXP 	Display Frame 4
800.5002 	EXP 	Display Frame 5
800.5336 	EXP 	Display Frame 6
800.5670 	EXP 	Display Frame 7
800.6002 	EXP 	Display Frame 8
800.6336 	EXP 	Display Frame 9
800.6669 	EXP 	Display Frame 0
800.7001 	EXP 	Display Frame 1
800.7336 	EXP 	Display Frame 2
800.7669 	EXP 	Display Frame 3
800.8003 	EXP 	Display Frame 4
800.8335 	EXP 	Display Frame 5
800.8668 	EXP 	Display Frame 6
800.9002 	EXP 	Display Frame 7
800.9336 	EXP 	Display Frame 8
800.9669 	EXP 	Display Frame 9
801.0003 	EXP 	Display Frame 0
801.0335 	EXP 	Display Frame 1
801.0669 	EXP 	Display Frame 2
801.1002 	EXP 	Display Frame 3
801.1335 	EXP 	Display Frame 4
801.1669 	EXP 	Display Frame 5
801.2002 	EXP 	Display Frame 6
801.2335 	EXP 	Display Frame 7
801.2669 	EXP 	Display Frame 8
801.3002 	EXP 	Display Frame 9
801.3335 	EXP 	Display Frame 0
801.3669 	EXP 	Display Frame 1
801.4002 	EXP 	Display Frame 2
801.4336 	EXP 	Display Frame 3
801.4670 	EXP 	Display Frame 4
801.5002 	EXP 	Display Frame 5
801.5336 	EXP 	Display Frame 6
801.5669 	EXP 	Display Frame 7
801.6002 	EXP 	Display Frame 8
801.6335 	EXP 	Display Frame 9
801.6669 	EXP 	Display Frame 0
801.7001 	EXP 	Display Frame 1
801.7336 	EXP 	Display Frame 2
801.7669 	EXP 	Display Frame 3
801.8004 	EXP 	Display Frame 4
801.8336 	EXP 	Display Frame 5
801.8670 	EXP 	Display Frame 6
801.9002 	EXP 	Display Frame 7
801.9337 	EXP 	Display Frame 8
801.9669 	EXP 	Display Frame 9
802.0002 	EXP 	Display Frame 0
802.0335 	EXP 	Display Frame 1
802.0669 	EXP 	Display Frame 2
802.1003 	EXP 	Display Frame 3
802.1337 	EXP 	Display Frame 4
802.1669 	EXP 	Display Frame 5
802.2004 	EXP 	Display Frame 6
802.2336 	EXP 	Display Frame 7
802.2670 	EXP 	Display Frame 8
802.3003 	EXP 	Display Frame 9
802.3336 	EXP 	Display Frame 0
802.3669 	EXP 	Display Frame 1
802.4003 	EXP 	Display Frame 2
802.4337 	EXP 	Display Frame 3
802.4669 	EXP 	Display Frame 4
802.5003 	EXP 	Display Frame 5
802.5336 	EXP 	Display Frame 6
802.5670 	EXP 	Display Frame 7
802.6002 	EXP 	Display Frame 8
802.6336 	EXP 	Display Frame 9
802.6669 	EXP 	Display Frame 0
802.7002 	EXP 	Display Frame 1
802.7336 	EXP 	Display Frame 2
802.7670 	EXP 	Display Frame 3
802.8003 	EXP 	Display Frame 4
802.8336 	EXP 	Display Frame 5
802.8670 	EXP 	Display Frame 6
802.9003 	EXP 	Display Frame 7
802.9336 	EXP 	Display Frame 8
802.9670 	EXP 	Display Frame 9
803.0014 	EXP 	Display Frame 0
803.0337 	EXP 	Display Frame 1
803.0667 	DATA 	Keypress: equal
803.0682 	EXP 	Display Frame 2
803.1002 	EXP 	Display Frame 3
803.1336 	EXP 	Display Frame 4
803.1669 	EXP 	Display Frame 5
803.2002 	EXP 	Display Frame 6
803.2335 	EXP 	Display Frame 7
803.2668 	EXP 	Display Frame 8
803.3002 	EXP 	Display Frame 9
803.3335 	EXP 	Display Frame 0
803.3668 	EXP 	Display Frame 1
803.4002 	EXP 	Display Frame 2
803.4335 	EXP 	Display Frame 3
803.4669 	EXP 	Display Frame 4
803.5002 	EXP 	Display Frame 5
803.5336 	EXP 	Display Frame 6
803.5669 	EXP 	Display Frame 7
803.6003 	EXP 	Display Frame 8
803.6335 	EXP 	Display Frame 9
803.6669 	EXP 	Display Frame 0
803.7001 	EXP 	Display Frame 1
803.7337 	EXP 	Display Frame 2
803.7669 	EXP 	Display Frame 3
803.8003 	EXP 	Display Frame 4
803.8335 	EXP 	Display Frame 5
803.8669 	EXP 	Display Frame 6
803.9013 	EXP 	Display Frame 7
803.9348 	EXP 	Display Frame 8
803.9679 	EXP 	Display Frame 9
804.0003 	EXP 	Display Frame 0
804.0336 	EXP 	Display Frame 1
804.0674 	EXP 	Display Frame 2
804.1002 	EXP 	Display Frame 3
804.1335 	EXP 	Display Frame 4
804.1669 	EXP 	Display Frame 5
804.2002 	EXP 	Display Frame 6
804.2336 	EXP 	Display Frame 7
804.2674 	EXP 	Display Frame 8
804.3002 	EXP 	Display Frame 9
804.3336 	EXP 	Display Frame 0
804.3669 	EXP 	Display Frame 1
804.4003 	EXP 	Display Frame 2
804.4336 	EXP 	Display Frame 3
804.4669 	EXP 	Display Frame 4
804.5002 	EXP 	Display Frame 5
804.5338 	EXP 	Display Frame 6
804.5670 	EXP 	Display Frame 7
804.6002 	EXP 	Display Frame 8
804.6337 	EXP 	Display Frame 9
804.6669 	EXP 	Display Frame 0
804.7014 	EXP 	Display Frame 1
804.7335 	EXP 	Display Frame 2
804.7670 	EXP 	Display Frame 3
804.8002 	EXP 	Display Frame 4
804.8336 	EXP 	Display Frame 5
804.8669 	EXP 	Display Frame 6
804.9003 	EXP 	Display Frame 7
804.9335 	EXP 	Display Frame 8
804.9670 	EXP 	Display Frame 9
805.0002 	EXP 	Display Frame 0
805.0337 	EXP 	Display Frame 1
805.0669 	EXP 	Display Frame 2
805.1004 	EXP 	Display Frame 3
805.1335 	EXP 	Display Frame 4
805.1669 	EXP 	Display Frame 5
805.2002 	EXP 	Display Frame 6
805.2335 	EXP 	Display Frame 7
805.2669 	EXP 	Display Frame 8
805.3003 	EXP 	Display Frame 9
805.3335 	EXP 	Display Frame 0
805.3669 	EXP 	Display Frame 1
805.4002 	EXP 	Display Frame 2
805.4336 	EXP 	Display Frame 3
805.4668 	EXP 	Display Frame 4
805.5002 	EXP 	Display Frame 5
805.5336 	EXP 	Display Frame 6
805.5668 	EXP 	Display Frame 7
805.6002 	EXP 	Display Frame 8
805.6350 	EXP 	Display Frame 9
805.6668 	EXP 	Display Frame 0
805.7002 	EXP 	Display Frame 1
805.7335 	EXP 	Display Frame 2
805.7669 	EXP 	Display Frame 3
805.8003 	EXP 	Display Frame 4
805.8335 	EXP 	Display Frame 5
805.8669 	EXP 	Display Frame 6
805.9002 	EXP 	Display Frame 7
805.9337 	EXP 	Display Frame 8
805.9669 	EXP 	Display Frame 9
806.0003 	EXP 	Display Frame 0
806.0335 	EXP 	Display Frame 1
806.0669 	EXP 	Display Frame 2
806.1004 	EXP 	Display Frame 3
806.1335 	EXP 	Display Frame 4
806.1670 	EXP 	Display Frame 5
806.2002 	EXP 	Display Frame 6
806.2335 	EXP 	Display Frame 7
806.2670 	EXP 	Display Frame 8
806.3003 	EXP 	Display Frame 9
806.3335 	EXP 	Display Frame 0
806.3669 	EXP 	Display Frame 1
806.4002 	EXP 	Display Frame 2
806.4335 	EXP 	Display Frame 3
806.4669 	EXP 	Display Frame 4
806.5002 	EXP 	Display Frame 5
806.5335 	EXP 	Display Frame 6
806.5682 	EXP 	Display Frame 7
806.6002 	EXP 	Display Frame 8
806.6335 	EXP 	Display Frame 9
806.6668 	EXP 	Display Frame 0
806.7001 	EXP 	Display Frame 1
806.7335 	EXP 	Display Frame 2
806.7671 	EXP 	Display Frame 3
806.8002 	EXP 	Display Frame 4
806.8336 	EXP 	Display Frame 5
806.8668 	EXP 	Display Frame 6
806.9002 	EXP 	Display Frame 7
806.9335 	EXP 	Display Frame 8
806.9670 	EXP 	Display Frame 9
807.0002 	EXP 	Display Frame 0
807.0335 	EXP 	Display Frame 1
807.0668 	EXP 	Display Frame 2
807.1003 	EXP 	Display Frame 3
807.1335 	EXP 	Display Frame 4
807.1668 	EXP 	Display Frame 5
807.2002 	EXP 	Display Frame 6
807.2335 	EXP 	Display Frame 7
807.2669 	EXP 	Display Frame 8
807.3002 	EXP 	Display Frame 9
807.3335 	EXP 	Display Frame 0
807.3669 	EXP 	Display Frame 1
807.4002 	EXP 	Display Frame 2
807.4335 	EXP 	Display Frame 3
807.4669 	EXP 	Display Frame 4
807.5002 	EXP 	Display Frame 5
807.5336 	EXP 	Display Frame 6
807.5668 	EXP 	Display Frame 7
807.6002 	EXP 	Display Frame 8
807.6336 	EXP 	Display Frame 9
807.6669 	EXP 	Display Frame 0
807.7001 	EXP 	Display Frame 1
807.7335 	EXP 	Display Frame 2
807.7668 	EXP 	Display Frame 3
807.8002 	EXP 	Display Frame 4
807.8335 	EXP 	Display Frame 5
807.8668 	EXP 	Display Frame 6
807.9002 	EXP 	Display Frame 7
807.9335 	EXP 	Display Frame 8
807.9669 	EXP 	Display Frame 9
808.0003 	EXP 	Display Frame 0
808.0335 	EXP 	Display Frame 1
808.0669 	EXP 	Display Frame 2
808.1003 	EXP 	Display Frame 3
808.1337 	EXP 	Display Frame 4
808.1668 	EXP 	Display Frame 5
808.2002 	EXP 	Display Frame 6
808.2335 	EXP 	Display Frame 7
808.2668 	DATA 	Keypress: equal
808.2682 	EXP 	Display Frame 8
808.3002 	EXP 	Display Frame 9
808.3335 	EXP 	Display Frame 0
808.3669 	EXP 	Display Frame 1
808.4002 	EXP 	Display Frame 2
808.4335 	EXP 	Display Frame 3
808.4669 	EXP 	Display Frame 4
808.5002 	EXP 	Display Frame 5
808.5335 	EXP 	Display Frame 6
808.5669 	EXP 	Display Frame 7
808.6012 	EXP 	Display Frame 8
808.6336 	EXP 	Display Frame 9
808.6669 	EXP 	Display Frame 0
808.7001 	EXP 	Display Frame 1
808.7335 	EXP 	Display Frame 2
808.7669 	EXP 	Display Frame 3
808.8002 	EXP 	Display Frame 4
808.8337 	EXP 	Display Frame 5
808.8669 	EXP 	Display Frame 6
808.9002 	EXP 	Display Frame 7
808.9336 	EXP 	Display Frame 8
808.9670 	EXP 	Display Frame 9
809.0002 	EXP 	Display Frame 0
809.0336 	EXP 	Display Frame 1
809.0669 	EXP 	Display Frame 2
809.1002 	EXP 	Display Frame 3
809.1336 	EXP 	Display Frame 4
809.1670 	EXP 	Display Frame 5
809.2002 	EXP 	Display Frame 6
809.2336 	EXP 	Display Frame 7
809.2669 	EXP 	Display Frame 8
809.3003 	EXP 	Display Frame 9
809.3335 	EXP 	Display Frame 0
809.3670 	EXP 	Display Frame 1
809.4002 	EXP 	Display Frame 2
809.4335 	EXP 	Display Frame 3
809.4671 	EXP 	Display Frame 4
809.5002 	EXP 	Display Frame 5
809.5335 	EXP 	Display Frame 6
809.5669 	EXP 	Display Frame 7
809.6002 	EXP 	Display Frame 8
809.6335 	EXP 	Display Frame 9
809.6669 	EXP 	Display Frame 0
809.7001 	EXP 	Display Frame 1
809.7348 	EXP 	Display Frame 2
809.7669 	EXP 	Display Frame 3
809.8003 	EXP 	Display Frame 4
809.8335 	EXP 	Display Frame 5
809.8669 	EXP 	Display Frame 6
809.9002 	EXP 	Display Frame 7
809.9337 	EXP 	Display Frame 8
809.9669 	EXP 	Display Frame 9
810.0002 	EXP 	Display Frame 0
810.0335 	EXP 	Display Frame 1
810.0669 	EXP 	Display Frame 2
810.1002 	EXP 	Display Frame 3
810.1337 	EXP 	Display Frame 4
810.1668 	EXP 	Display Frame 5
810.2003 	EXP 	Display Frame 6
810.2335 	EXP 	Display Frame 7
810.2669 	EXP 	Display Frame 8
810.3002 	EXP 	Display Frame 9
810.3337 	EXP 	Display Frame 0
810.3669 	EXP 	Display Frame 1
810.4003 	EXP 	Display Frame 2
810.4335 	EXP 	Display Frame 3
810.4669 	EXP 	Display Frame 4
810.5002 	EXP 	Display Frame 5
810.5335 	EXP 	Display Frame 6
810.5669 	EXP 	Display Frame 7
810.6003 	EXP 	Display Frame 8
810.6336 	EXP 	Display Frame 9
810.6668 	EXP 	Display Frame 0
810.7001 	EXP 	Display Frame 1
810.7335 	EXP 	Display Frame 2
810.7669 	EXP 	Display Frame 3
810.8002 	EXP 	Display Frame 4
810.8336 	EXP 	Display Frame 5
810.8669 	EXP 	Display Frame 6
810.9003 	EXP 	Display Frame 7
810.9336 	EXP 	Display Frame 8
810.9669 	EXP 	Display Frame 9
811.0002 	EXP 	Display Frame 0
811.0335 	EXP 	Display Frame 1
811.0668 	EXP 	Display Frame 2
811.1003 	EXP 	Display Frame 3
811.1335 	EXP 	Display Frame 4
811.1669 	EXP 	Display Frame 5
811.2003 	EXP 	Display Frame 6
811.2335 	EXP 	Display Frame 7
811.2669 	EXP 	Display Frame 8
811.3003 	EXP 	Display Frame 9
811.3335 	EXP 	Display Frame 0
811.3669 	EXP 	Display Frame 1
811.4002 	EXP 	Display Frame 2
811.4337 	EXP 	Display Frame 3
811.4669 	EXP 	Display Frame 4
811.5002 	EXP 	Display Frame 5
811.5336 	EXP 	Display Frame 6
811.5669 	EXP 	Display Frame 7
811.6002 	EXP 	Display Frame 8
811.6335 	EXP 	Display Frame 9
811.6668 	EXP 	Display Frame 0
811.7002 	EXP 	Display Frame 1
811.7335 	EXP 	Display Frame 2
811.7670 	EXP 	Display Frame 3
811.8002 	EXP 	Display Frame 4
811.8336 	EXP 	Display Frame 5
811.8669 	EXP 	Display Frame 6
811.9003 	EXP 	Display Frame 7
811.9335 	EXP 	Display Frame 8
811.9668 	EXP 	Display Frame 9
812.0002 	EXP 	Display Frame 0
812.0335 	EXP 	Display Frame 1
812.0669 	EXP 	Display Frame 2
812.1003 	EXP 	Display Frame 3
812.1337 	EXP 	Display Frame 4
812.1670 	EXP 	Display Frame 5
812.2004 	EXP 	Display Frame 6
812.2336 	EXP 	Display Frame 7
812.2670 	EXP 	Display Frame 8
812.3002 	EXP 	Display Frame 9
812.3337 	EXP 	Display Frame 0
812.3669 	EXP 	Display Frame 1
812.4002 	EXP 	Display Frame 2
812.4336 	EXP 	Display Frame 3
812.4669 	EXP 	Display Frame 4
812.5002 	EXP 	Display Frame 5
812.5337 	EXP 	Display Frame 6
812.5669 	EXP 	Display Frame 7
812.6003 	EXP 	Display Frame 8
812.6336 	EXP 	Display Frame 9
812.6668 	EXP 	Display Frame 0
812.7002 	EXP 	Display Frame 1
812.7335 	EXP 	Display Frame 2
812.7669 	EXP 	Display Frame 3
812.8002 	EXP 	Display Frame 4
812.8335 	EXP 	Display Frame 5
812.8668 	EXP 	Display Frame 6
812.9002 	EXP 	Display Frame 7
812.9336 	EXP 	Display Frame 8
812.9669 	EXP 	Display Frame 9
813.0002 	EXP 	Display Frame 0
813.0336 	EXP 	Display Frame 1
813.0669 	EXP 	Display Frame 2
813.1003 	EXP 	Display Frame 3
813.1336 	EXP 	Display Frame 4
813.1668 	EXP 	Display Frame 5
813.2002 	EXP 	Display Frame 6
813.2336 	EXP 	Display Frame 7
813.2670 	EXP 	Display Frame 8
813.3003 	EXP 	Display Frame 9
813.3336 	EXP 	Display Frame 0
813.3670 	EXP 	Display Frame 1
813.4003 	EXP 	Display Frame 2
813.4337 	EXP 	Display Frame 3
813.4668 	DATA 	Keypress: equal
813.4682 	EXP 	Display Frame 4
813.5002 	EXP 	Display Frame 5
813.5336 	EXP 	Display Frame 6
813.5669 	EXP 	Display Frame 7
813.6002 	EXP 	Display Frame 8
813.6337 	EXP 	Display Frame 9
813.6668 	EXP 	Display Frame 0
813.7002 	EXP 	Display Frame 1
813.7336 	EXP 	Display Frame 2
813.7669 	EXP 	Display Frame 3
813.8002 	EXP 	Display Frame 4
813.8335 	EXP 	Display Frame 5
813.8669 	EXP 	Display Frame 6
813.9002 	EXP 	Display Frame 7
813.9335 	EXP 	Display Frame 8
813.9669 	EXP 	Display Frame 9
814.0003 	EXP 	Display Frame 0
814.0335 	EXP 	Display Frame 1
814.0669 	EXP 	Display Frame 2
814.1002 	EXP 	Display Frame 3
814.1336 	EXP 	Display Frame 4
814.1669 	EXP 	Display Frame 5
814.2016 	EXP 	Display Frame 6
814.2335 	EXP 	Display Frame 7
814.2670 	EXP 	Display Frame 8
814.3002 	EXP 	Display Frame 9
814.3336 	EXP 	Display Frame 0
814.3669 	EXP 	Display Frame 1
814.4004 	EXP 	Display Frame 2
814.4336 	EXP 	Display Frame 3
814.4670 	EXP 	Display Frame 4
814.5002 	EXP 	Display Frame 5
814.5337 	EXP 	Display Frame 6
814.5669 	EXP 	Display Frame 7
814.6002 	EXP 	Display Frame 8
814.6336 	EXP 	Display Frame 9
814.6668 	EXP 	Display Frame 0
814.7012 	EXP 	Display Frame 1
814.7336 	EXP 	Display Frame 2
814.7669 	EXP 	Display Frame 3
814.8002 	EXP 	Display Frame 4
814.8335 	EXP 	Display Frame 5
814.8668 	EXP 	Display Frame 6
814.9002 	EXP 	Display Frame 7
814.9336 	EXP 	Display Frame 8
814.9669 	EXP 	Display Frame 9
815.0002 	EXP 	Display Frame 0
815.0335 	EXP 	Display Frame 1
815.0669 	EXP 	Display Frame 2
815.1002 	EXP 	Display Frame 3
815.1335 	EXP 	Display Frame 4
815.1668 	EXP 	Display Frame 5
815.2002 	EXP 	Display Frame 6
815.2335 	EXP 	Display Frame 7
815.2669 	EXP 	Display Frame 8
815.3002 	EXP 	Display Frame 9
815.3336 	EXP 	Display Frame 0
815.3669 	EXP 	Display Frame 1
815.4002 	EXP 	Display Frame 2
815.4337 	EXP 	Display Frame 3
815.4669 	EXP 	Display Frame 4
815.5002 	EXP 	Display Frame 5
815.5336 	EXP 	Display Frame 6
815.5670 	EXP 	Display Frame 7
815.6002 	EXP 	Display Frame 8
815.6335 	EXP 	Display Frame 9
815.6671 	EXP 	Display Frame 0
815.7001 	EXP 	Display Frame 1
815.7336 	EXP 	Display Frame 2
815.7670 	EXP 	Display Frame 3
815.8002 	EXP 	Display Frame 4
815.8337 	EXP 	Display Frame 5
815.8669 	EXP 	Display Frame 6
815.9002 	EXP 	Display Frame 7
815.9336 	EXP 	Display Frame 8
815.9669 	EXP 	Display Frame 9
816.0002 	EXP 	Display Frame 0
816.0335 	EXP 	Display Frame 1
816.0669 	EXP 	Display Frame 2
816.1002 	EXP 	Display Frame 3
816.1336 	EXP 	Display Frame 4
816.1669 	EXP 	Display Frame 5
816.2002 	EXP 	Display Frame 6
816.2338 	EXP 	Display Frame 7
816.2669 	EXP 	Display Frame 8
816.3002 	EXP 	Display Frame 9
816.3336 	EXP 	Display Frame 0
816.3669 	EXP 	Display Frame 1
816.4002 	EXP 	Display Frame 2
816.4335 	EXP 	Display Frame 3
816.4669 	EXP 	Display Frame 4
816.5019 	EXP 	Display Frame 5
816.5335 	EXP 	Display Frame 6
816.5669 	EXP 	Display Frame 7
816.6002 	EXP 	Display Frame 8
816.6335 	EXP 	Display Frame 9
816.6669 	EXP 	Display Frame 0
816.7001 	EXP 	Display Frame 1
816.7335 	EXP 	Display Frame 2
816.7669 	EXP 	Display Frame 3
816.8002 	EXP 	Display Frame 4
816.8336 	EXP 	Display Frame 5
816.8668 	EXP 	Display Frame 6
816.9002 	EXP 	Display Frame 7
816.9336 	EXP 	Display Frame 8
816.9671 	EXP 	Display Frame 9
817.0002 	EXP 	Display Frame 0
817.0335 	EXP 	Display Frame 1
817.0669 	EXP 	Display Frame 2
817.1002 	EXP 	Display Frame 3
817.1336 	EXP 	Display Frame 4
817.1668 	EXP 	Display Frame 5
817.2002 	EXP 	Display Frame 6
817.2336 	EXP 	Display Frame 7
817.2669 	EXP 	Display Frame 8
817.3002 	EXP 	Display Frame 9
817.3336 	EXP 	Display Frame 0
817.3669 	EXP 	Display Frame 1
817.4002 	EXP 	Display Frame 2
817.4336 	EXP 	Display Frame 3
817.4669 	EXP 	Display Frame 4
817.5003 	EXP 	Display Frame 5
817.5336 	EXP 	Display Frame 6
817.5670 	EXP 	Display Frame 7
817.6002 	EXP 	Display Frame 8
817.6337 	EXP 	Display Frame 9
817.6669 	EXP 	Display Frame 0
817.7002 	EXP 	Display Frame 1
817.7335 	EXP 	Display Frame 2
817.7670 	EXP 	Display Frame 3
817.8002 	EXP 	Display Frame 4
817.8335 	EXP 	Display Frame 5
817.8669 	EXP 	Display Frame 6
817.9003 	EXP 	Display Frame 7
817.9335 	EXP 	Display Frame 8
817.9669 	EXP 	Display Frame 9
818.0002 	EXP 	Display Frame 0
818.0335 	EXP 	Display Frame 1
818.0669 	EXP 	Display Frame 2
818.1003 	EXP 	Display Frame 3
818.1339 	EXP 	Display Frame 4
818.1669 	EXP 	Display Frame 5
818.2003 	EXP 	Display Frame 6
818.2337 	EXP 	Display Frame 7
818.2682 	EXP 	Display Frame 8
818.3003 	EXP 	Display Frame 9
818.3336 	EXP 	Display Frame 0
818.3669 	EXP 	Display Frame 1
818.4003 	EXP 	Display Frame 2
818.4336 	EXP 	Display Frame 3
818.4669 	EXP 	Display Frame 4
818.5003 	EXP 	Display Frame 5
818.5336 	EXP 	Display Frame 6
818.5669 	EXP 	Display Frame 7
818.6004 	EXP 	Display Frame 8
818.6335 	DATA 	Keypress: equal
818.6350 	EXP 	Display Frame 9
818.6670 	EXP 	Display Frame 0
818.7001 	EXP 	Display Frame 1
818.7335 	EXP 	Display Frame 2
818.7667 	EXP 	Display Frame 3
818.8004 	EXP 	Display Frame 4
818.8335 	EXP 	Display Frame 5
818.8668 	EXP 	Display Frame 6
818.9002 	EXP 	Display Frame 7
818.9335 	EXP 	Display Frame 8
818.9669 	EXP 	Display Frame 9
819.0002 	EXP 	Display Frame 0
819.0335 	EXP 	Display Frame 1
819.0669 	EXP 	Display Frame 2
819.1002 	EXP 	Display Frame 3
819.1335 	EXP 	Display Frame 4
819.1668 	EXP 	Display Frame 5
819.2002 	EXP 	Display Frame 6
819.2336 	EXP 	Display Frame 7
819.2668 	EXP 	Display Frame 8
819.3002 	EXP 	Display Frame 9
819.3335 	EXP 	Display Frame 0
819.3669 	EXP 	Display Frame 1
819.4002 	EXP 	Display Frame 2
819.4336 	EXP 	Display Frame 3
819.4669 	EXP 	Display Frame 4
819.5003 	EXP 	Display Frame 5
819.5335 	EXP 	Display Frame 6
819.5669 	EXP 	Display Frame 7
819.6002 	EXP 	Display Frame 8
819.6335 	EXP 	Display Frame 9
819.6668 	EXP 	Display Frame 0
819.7001 	EXP 	Display Frame 1
819.7335 	EXP 	Display Frame 2
819.7669 	EXP 	Display Frame 3
819.8002 	EXP 	Display Frame 4
819.8335 	EXP 	Display Frame 5
819.8669 	EXP 	Display Frame 6
819.9003 	EXP 	Display Frame 7
819.9335 	EXP 	Display Frame 8
819.9669 	EXP 	Display Frame 9
820.0002 	EXP 	Display Frame 0
820.0338 	EXP 	Display Frame 1
820.0669 	EXP 	Display Frame 2
820.1002 	EXP 	Display Frame 3
820.1335 	EXP 	Display Frame 4
820.1668 	EXP 	Display Frame 5
820.2002 	EXP 	Display Frame 6
820.2335 	EXP 	Display Frame 7
820.2669 	EXP 	Display Frame 8
820.3000 	EXP 	Display Frame 9
820.3336 	EXP 	Display Frame 0
820.3668 	EXP 	Display Frame 1
820.4002 	EXP 	Display Frame 2
820.4335 	EXP 	Display Frame 3
820.4670 	EXP 	Display Frame 4
820.5002 	EXP 	Display Frame 5
820.5335 	EXP 	Display Frame 6
820.5668 	EXP 	Display Frame 7
820.6002 	EXP 	Display Frame 8
820.6335 	EXP 	Display Frame 9
820.6668 	EXP 	Display Frame 0
820.7001 	EXP 	Display Frame 1
820.7347 	EXP 	Display Frame 2
820.7668 	EXP 	Display Frame 3
820.8002 	EXP 	Display Frame 4
820.8335 	EXP 	Display Frame 5
820.8669 	EXP 	Display Frame 6
820.9002 	EXP 	Display Frame 7
820.9336 	EXP 	Display Frame 8
820.9668 	EXP 	Display Frame 9
821.0002 	EXP 	Display Frame 0
821.0335 	EXP 	Display Frame 1
821.0668 	EXP 	Display Frame 2
821.1002 	EXP 	Display Frame 3
821.1335 	EXP 	Display Frame 4
821.1668 	EXP 	Display Frame 5
821.2002 	EXP 	Display Frame 6
821.2335 	EXP 	Display Frame 7
821.2669 	EXP 	Display Frame 8
821.3002 	EXP 	Display Frame 9
821.3335 	EXP 	Display Frame 0
821.3669 	EXP 	Display Frame 1
821.4002 	EXP 	Display Frame 2
821.4335 	EXP 	Display Frame 3
821.4669 	EXP 	Display Frame 4
821.5003 	EXP 	Display Frame 5
821.5335 	EXP 	Display Frame 6
821.5668 	EXP 	Display Frame 7
821.6002 	EXP 	Display Frame 8
821.6335 	EXP 	Display Frame 9
821.6668 	EXP 	Display Frame 0
821.7001 	EXP 	Display Frame 1
821.7335 	EXP 	Display Frame 2
821.7670 	EXP 	Display Frame 3
821.8002 	EXP 	Display Frame 4
821.8348 	EXP 	Display Frame 5
821.8668 	EXP 	Display Frame 6
821.9003 	EXP 	Display Frame 7
821.9335 	EXP 	Display Frame 8
821.9668 	EXP 	Display Frame 9
822.0002 	EXP 	Display Frame 0
822.0335 	EXP 	Display Frame 1
822.0668 	EXP 	Display Frame 2
822.1002 	EXP 	Display Frame 3
822.1337 	EXP 	Display Frame 4
822.1668 	EXP 	Display Frame 5
822.2002 	EXP 	Display Frame 6
822.2335 	EXP 	Display Frame 7
822.2668 	EXP 	Display Frame 8
822.3002 	EXP 	Display Frame 9
822.3336 	EXP 	Display Frame 0
822.3669 	EXP 	Display Frame 1
822.4002 	EXP 	Display Frame 2
822.4336 	EXP 	Display Frame 3
822.4668 	EXP 	Display Frame 4
822.5002 	EXP 	Display Frame 5
822.5335 	EXP 	Display Frame 6
822.5669 	EXP 	Display Frame 7
822.6002 	EXP 	Display Frame 8
822.6335 	EXP 	Display Frame 9
822.6669 	EXP 	Display Frame 0
822.7001 	EXP 	Display Frame 1
822.7335 	EXP 	Display Frame 2
822.7669 	EXP 	Display Frame 3
822.8016 	EXP 	Display Frame 4
822.8335 	EXP 	Display Frame 5
822.8668 	EXP 	Display Frame 6
822.9002 	EXP 	Display Frame 7
822.9336 	EXP 	Display Frame 8
822.9669 	EXP 	Display Frame 9
823.0003 	EXP 	Display Frame 0
823.0336 	EXP 	Display Frame 1
823.0669 	EXP 	Display Frame 2
823.1002 	EXP 	Display Frame 3
823.1335 	EXP 	Display Frame 4
823.1669 	EXP 	Display Frame 5
823.2004 	EXP 	Display Frame 6
823.2336 	EXP 	Display Frame 7
823.2670 	EXP 	Display Frame 8
823.3002 	EXP 	Display Frame 9
823.3335 	EXP 	Display Frame 0
823.3668 	EXP 	Display Frame 1
823.4002 	EXP 	Display Frame 2
823.4335 	EXP 	Display Frame 3
823.4669 	EXP 	Display Frame 4
823.5002 	EXP 	Display Frame 5
823.5335 	EXP 	Display Frame 6
823.5669 	EXP 	Display Frame 7
823.6002 	EXP 	Display Frame 8
823.6335 	EXP 	Display Frame 9
823.6669 	EXP 	Display Frame 0
823.7003 	EXP 	Display Frame 1
823.7335 	EXP 	Display Frame 2
823.7669 	EXP 	Display Frame 3
823.8002 	EXP 	Display Frame 4
823.8335 	EXP 	Display Frame 5
823.8673 	EXP 	Display Frame 6
823.9003 	EXP 	Display Frame 7
823.9336 	EXP 	Display Frame 8
823.9669 	EXP 	Display Frame 9
824.0002 	EXP 	Display Frame 0
824.0336 	EXP 	Display Frame 1
824.0668 	EXP 	Display Frame 2
824.1003 	EXP 	Display Frame 3
824.1336 	EXP 	Display Frame 4
824.1669 	EXP 	Display Frame 5
824.2002 	EXP 	Display Frame 6
824.2335 	EXP 	Display Frame 7
824.2669 	EXP 	Display Frame 8
824.3002 	EXP 	Display Frame 9
824.3336 	EXP 	Display Frame 0
824.3669 	EXP 	Display Frame 1
824.4002 	EXP 	Display Frame 2
824.4335 	EXP 	Display Frame 3
824.4668 	EXP 	Display Frame 4
824.5002 	EXP 	Display Frame 5
824.5335 	EXP 	Display Frame 6
824.5668 	EXP 	Display Frame 7
824.6002 	EXP 	Display Frame 8
824.6336 	EXP 	Display Frame 9
824.6669 	EXP 	Display Frame 0
824.7001 	EXP 	Display Frame 1
824.7335 	EXP 	Display Frame 2
824.7669 	EXP 	Display Frame 3
824.8002 	EXP 	Display Frame 4
824.8335 	EXP 	Display Frame 5
824.8669 	EXP 	Display Frame 6
824.9002 	EXP 	Display Frame 7
824.9335 	EXP 	Display Frame 8
824.9669 	EXP 	Display Frame 9
825.0003 	EXP 	Display Frame 0
825.0337 	EXP 	Display Frame 1
825.0669 	EXP 	Display Frame 2
825.1002 	EXP 	Display Frame 3
825.1337 	EXP 	Display Frame 4
825.1670 	EXP 	Display Frame 5
825.2002 	EXP 	Display Frame 6
825.2336 	EXP 	Display Frame 7
825.2670 	EXP 	Display Frame 8
825.3003 	EXP 	Display Frame 9
825.3335 	EXP 	Display Frame 0
825.3671 	EXP 	Display Frame 1
825.4002 	EXP 	Display Frame 2
825.4336 	EXP 	Display Frame 3
825.4669 	EXP 	Display Frame 4
825.5002 	EXP 	Display Frame 5
825.5336 	EXP 	Display Frame 6
825.5669 	EXP 	Display Frame 7
825.6002 	EXP 	Display Frame 8
825.6337 	EXP 	Display Frame 9
825.6669 	EXP 	Display Frame 0
825.7002 	EXP 	Display Frame 1
825.7335 	EXP 	Display Frame 2
825.7681 	EXP 	Display Frame 3
825.8002 	EXP 	Display Frame 4
825.8335 	EXP 	Display Frame 5
825.8668 	EXP 	Display Frame 6
825.9015 	EXP 	Display Frame 7
825.9335 	EXP 	Display Frame 8
825.9669 	EXP 	Display Frame 9
826.0002 	EXP 	Display Frame 0
826.0336 	EXP 	Display Frame 1
826.0669 	EXP 	Display Frame 2
826.1003 	EXP 	Display Frame 3
826.1335 	EXP 	Display Frame 4
826.1670 	EXP 	Display Frame 5
826.2002 	EXP 	Display Frame 6
826.2337 	EXP 	Display Frame 7
826.2669 	EXP 	Display Frame 8
826.3003 	EXP 	Display Frame 9
826.3335 	EXP 	Display Frame 0
826.3669 	EXP 	Display Frame 1
826.4003 	EXP 	Display Frame 2
826.4337 	EXP 	Display Frame 3
826.4669 	EXP 	Display Frame 4
826.5002 	EXP 	Display Frame 5
826.5336 	EXP 	Display Frame 6
826.5669 	EXP 	Display Frame 7
826.6002 	EXP 	Display Frame 8
826.6335 	EXP 	Display Frame 9
826.6669 	EXP 	Display Frame 0
826.7001 	EXP 	Display Frame 1
826.7335 	EXP 	Display Frame 2
826.7669 	EXP 	Display Frame 3
826.8003 	EXP 	Display Frame 4
826.8335 	EXP 	Display Frame 5
826.8668 	EXP 	Display Frame 6
826.9002 	EXP 	Display Frame 7
826.9336 	EXP 	Display Frame 8
826.9669 	EXP 	Display Frame 9
827.0002 	EXP 	Display Frame 0
827.0335 	EXP 	Display Frame 1
827.0669 	EXP 	Display Frame 2
827.1002 	EXP 	Display Frame 3
827.1336 	EXP 	Display Frame 4
827.1668 	EXP 	Display Frame 5
827.2002 	EXP 	Display Frame 6
827.2348 	EXP 	Display Frame 7
827.2670 	EXP 	Display Frame 8
827.3002 	EXP 	Display Frame 9
827.3335 	EXP 	Display Frame 0
827.3669 	EXP 	Display Frame 1
827.4002 	EXP 	Display Frame 2
827.4335 	EXP 	Display Frame 3
827.4669 	EXP 	Display Frame 4
827.5002 	EXP 	Display Frame 5
827.5335 	EXP 	Display Frame 6
827.5669 	EXP 	Display Frame 7
827.6002 	EXP 	Display Frame 8
827.6337 	EXP 	Display Frame 9
827.6668 	EXP 	Display Frame 0
827.7002 	EXP 	Display Frame 1
827.7335 	EXP 	Display Frame 2
827.7669 	EXP 	Display Frame 3
827.8002 	EXP 	Display Frame 4
827.8335 	EXP 	Display Frame 5
827.8669 	EXP 	Display Frame 6
827.9001 	DATA 	Keypress: equal
827.9015 	EXP 	Display Frame 7
827.9148 	EXP 	Display Fixation
844.7752 	DATA 	Keypress: q
844.7926 	EXP 	topMsg: height = 0.1
844.7926 	EXP 	topMsg: height = 0.1
844.7926 	EXP 	topMsg: text = "Thank you very much! \n\nThat's it with the tapping"
844.7926 	EXP 	bottomMsg: height = 0.1
844.7926 	EXP 	bottomMsg: height = 0.1
844.7926 	EXP 	bottomMsg: text = "Please relax for the ramaining time \n\n Press 'q' or 'escape' to end the session."
844.7926 	EXP 	Display TheEnd
844.9554 	DATA 	Keypress: q
845.0645 	EXP 	win: mouseVisible = True
