0.9309 	WARNING 	We strongly recommend you activate the PTB sound engine in PsychoPy prefs as the preferred audio engine. Its timing is vastly superior. Your prefs are currently set to use ['sounddevice', 'PTB', 'pyo', 'pygame'] (in that order).
6.7954 	INFO 	---START PARAMETERS---
6.7955 	INFO 	filename: TappingWithTrTiming_Movie_d3.py-1tt==============-255-Mar_09_1811
6.7955 	INFO 	subject: 1tt==============
6.7955 	INFO 	session: 255
6.7955 	INFO 	date: Mar_09_1811
6.7955 	INFO 	blockDur_TRs: 20
6.7955 	INFO 	condition: vis
6.7955 	INFO 	fixCrossPos: [0, 0]
6.7955 	INFO 	fixCrossSize: 100
6.7955 	INFO 	fullScreen: True
6.7956 	INFO 	movieFolder: Images/
6.7956 	INFO 	movieSize: (1600, 1000)
6.7956 	INFO 	nBlocks: 68
6.7956 	INFO 	promptDir: Text/
6.7956 	INFO 	restDur_TRs: 20
6.7956 	INFO 	screenColor: (128, 128, 128)
6.7956 	INFO 	screenToShow: 1
6.7956 	INFO 	skipPrompts: False
6.7956 	INFO 	tStartup_TRs: 0
6.7956 	INFO 	textHeight: 40
6.7956 	INFO 	triggerKey: equal
6.7956 	INFO 	---END PARAMETERS---
7.7008 	INFO 	Loaded monitor calibration from ['2022_03_25 08:03']
8.8432 	WARNING 	Couldn't measure a consistent frame rate!
  - Is your graphics card set to sync to vertical blank?
  - Are you running other processes on your computer?

8.8442 	EXP 	Created win = Window(allowGUI=False, allowStencil=False, autoLog=True, backendConf=UNKNOWN, bitsMode=UNKNOWN, blendMode='avg', bpc=(8, 8, 8), color=array([128, 128, 128]), colorSpace='rgb255', depthBits=8, fullscr=<method-wrapper '__getattribute__' of attributeSetter object at 0x7fe70863c2e0>, gamma=None, gammaErrorPolicy='raise', lms=UNKNOWN, monitor=<psychopy.monitors.calibTools.Monitor object at 0x7fe7d8c0b280>, multiSample=False, name='win', numSamples=2, pos=[0.0, 0.0], screen=1, size=array([1920, 1080]), stencilBits=0, stereo=False, units='deg', useFBO=False, useRetina=False, viewOri=0.0, viewPos=None, viewScale=None, waitBlanking=True, winType='pyglet')
8.8447 	EXP 	win: mouseVisible = True
8.8525 	EXP 	Created fixCross = ShapeStim(__class__=<class 'psychopy.visual.shape.ShapeStim'>, anchor=('center', 'center'), autoDraw=False, autoLog=True, closeShape=False, color=method-wrapper(...), colorSpace='rgb', contrast=None, depth=0, fillColor=array([0, 0, 0]), fillColorSpace='rgb', fillRGB=array([0, 0, 0]), interpolate=True, lineColor=array([-1., -1., -1.]), lineColorSpace='rgb', lineRGB=array([-1., -1., -1.]), lineWidth=3.0, name='fixCross', opacity=0.5, ori=0.0, pos=array([0., 0.]), size=array([1., 1.]), units='pix', vertices=ndarray(...), win=Window(...), windingRule=None)
8.8533 	WARNING 	TextStim.alignHoriz is deprecated. Use alignText and anchorHoriz attributes instead
8.8830 	EXP 	Created topMsg = TextStim(__class__=<class 'psychopy.visual.text.TextStim'>, alignHoriz='center', alignText='center', alignVert=method-wrapper(...), anchorHoriz='center', anchorVert='center', antialias=True, autoLog=True, bold=False, color=array([-1., -1., -1.]), colorSpace='rgb', contrast=1.0, depth=0, flipHoriz=False, flipVert=False, font='', fontFiles=[], height=0.1, italic=False, languageStyle='LTR', name='topMsg', opacity=1.0, ori=0.0, pos=array([0. , 0.5]), rgb=UNKNOWN, text='aaa', units='norm', win=Window(...), wrapWidth=1.5)
8.8831 	WARNING 	TextStim.alignHoriz is deprecated. Use alignText and anchorHoriz attributes instead
8.8856 	EXP 	Created bottomMsg = TextStim(__class__=<class 'psychopy.visual.text.TextStim'>, alignHoriz='center', alignText='center', alignVert=method-wrapper(...), anchorHoriz='center', anchorVert='center', antialias=True, autoLog=True, bold=False, color=array([-1., -1., -1.]), colorSpace='rgb', contrast=1.0, depth=0, flipHoriz=False, flipVert=False, font='', fontFiles=[], height=0.1, italic=False, languageStyle='LTR', name='bottomMsg', opacity=1.0, ori=0.0, pos=array([ 0. , -0.5]), rgb=UNKNOWN, text='bbb', units='norm', win=Window(...), wrapWidth=1.5)
8.9079 	EXP 	Created Movie Frame 0 = ImageStim(__class__=<class 'psychopy.visual.image.ImageStim'>, anchor=('center', 'center'), autoLog=True, color=array([1., 1., 1.]), colorSpace='rgb', contrast=1.0, depth=0, flipHoriz=False, flipVert=False, image='Images/visual_0.png', interpolate=False, mask=None, maskParams=None, name='Movie Frame 0', opacity=1, ori=0.0, pos=array([0., 0.]), size=array([1600., 1000.]), texRes=128, units='pix', win=Window(...))
8.9190 	EXP 	Created Movie Frame 1 = ImageStim(__class__=<class 'psychopy.visual.image.ImageStim'>, anchor=('center', 'center'), autoLog=True, color=array([1., 1., 1.]), colorSpace='rgb', contrast=1.0, depth=0, flipHoriz=False, flipVert=False, image='Images/visual_1.png', interpolate=False, mask=None, maskParams=None, name='Movie Frame 1', opacity=1, ori=0.0, pos=array([0., 0.]), size=array([1600., 1000.]), texRes=128, units='pix', win=Window(...))
8.9261 	EXP 	Created unnamed TextStim = TextStim(__class__=<class 'psychopy.visual.text.TextStim'>, alignHoriz=method-wrapper(...), alignText='center', alignVert=method-wrapper(...), anchorHoriz='center', anchorVert='center', antialias=True, autoLog=True, bold=False, color=array([-1., -1., -1.]), colorSpace='rgb', contrast=1.0, depth=0, flipHoriz=False, flipVert=False, font='', fontFiles=[], height=40.0, italic=False, languageStyle='LTR', name='unnamed TextStim', opacity=1.0, ori=0.0, pos=array([  0., 580.]), rgb=UNKNOWN, text='look at the center', units='pix', win=Window(...), wrapWidth=1600)
8.9414 	WARNING 	t of last frame was 98.46ms (=1/10)
8.9414 	EXP 	topMsg: height = 0.1
8.9414 	EXP 	topMsg: height = 0.1
8.9414 	EXP 	topMsg: text = 'You will see a flickering checkerboard. When it is on the screen, try to fixate the center of the checkerboard. When the fixation cross appears, relax and stare at the cross.'
8.9414 	EXP 	bottomMsg: height = 0.1
8.9414 	EXP 	bottomMsg: height = 0.1
8.9414 	EXP 	bottomMsg: text = 'The experiment will begin shortly'
8.9414 	EXP 	Display Instructions1
9.5111 	DATA 	Keypress: space
9.5161 	WARNING 	t of last frame was 574.76ms (=1/1)
9.5161 	EXP 	topMsg: height = 0.1
9.5161 	EXP 	topMsg: height = 0.1
9.5161 	EXP 	topMsg: text = "Please don't move..."
9.5161 	EXP 	bottomMsg: height = 0.1
9.5161 	EXP 	bottomMsg: height = 0.1
9.5161 	EXP 	bottomMsg: text = ''
9.5161 	EXP 	PleaseDontMove
33.2036 	DATA 	Keypress: equal
33.2155 	WARNING 	t of last frame was 23699.41ms (=1/0)
33.2155 	EXP 	Display Fixation
33.2158 	EXP 	---START EXPERIMENT---
33.2263 	EXP 	Display Fixation
34.6942 	DATA 	Keypress: equal
36.7027 	DATA 	Keypress: equal
38.1906 	DATA 	Keypress: equal
40.2023 	DATA 	Keypress: equal
41.6890 	DATA 	Keypress: equal
43.7004 	DATA 	Keypress: equal
45.1888 	DATA 	Keypress: equal
47.2001 	DATA 	Keypress: equal
48.6876 	DATA 	Keypress: equal
50.6988 	DATA 	Keypress: equal
52.1868 	DATA 	Keypress: equal
54.1986 	DATA 	Keypress: equal
55.6869 	DATA 	Keypress: equal
57.6981 	DATA 	Keypress: equal
59.1863 	DATA 	Keypress: equal
61.1972 	DATA 	Keypress: equal
62.6849 	DATA 	Keypress: equal
64.6957 	DATA 	Keypress: equal
66.1828 	DATA 	Keypress: equal
68.1955 	DATA 	Keypress: equal
68.2071 	WARNING 	t of last frame was 34980.85ms (=1/0)
68.3227 	WARNING 	Multiple dropped frames have occurred - I'll stop bothering you about them!
68.3227 	EXP 	Display Frame 1
68.4477 	EXP 	Display Frame 0
68.5722 	EXP 	Display Frame 1
68.6972 	EXP 	Display Frame 0
68.8223 	EXP 	Display Frame 1
68.9472 	EXP 	Display Frame 0
69.0720 	EXP 	Display Frame 1
69.1973 	EXP 	Display Frame 0
69.3222 	EXP 	Display Frame 1
69.4470 	EXP 	Display Frame 0
69.5721 	EXP 	Display Frame 1
69.6972 	DATA 	Keypress: equal
69.6991 	EXP 	Display Frame 0
69.8219 	EXP 	Display Frame 1
69.9471 	EXP 	Display Frame 0
70.0721 	EXP 	Display Frame 1
70.1973 	EXP 	Display Frame 0
70.3220 	EXP 	Display Frame 1
70.4469 	EXP 	Display Frame 0
70.5721 	EXP 	Display Frame 1
70.6970 	EXP 	Display Frame 0
70.8222 	EXP 	Display Frame 1
70.9471 	EXP 	Display Frame 0
71.0720 	EXP 	Display Frame 1
71.1972 	EXP 	Display Frame 0
71.3221 	EXP 	Display Frame 1
71.4472 	EXP 	Display Frame 0
71.5722 	EXP 	Display Frame 1
71.6971 	DATA 	Keypress: equal
71.6988 	EXP 	Display Frame 0
71.8219 	EXP 	Display Frame 1
71.9471 	EXP 	Display Frame 0
72.0721 	EXP 	Display Frame 1
72.1972 	EXP 	Display Frame 0
72.3222 	EXP 	Display Frame 1
72.4472 	EXP 	Display Frame 0
72.5721 	EXP 	Display Frame 1
72.6972 	EXP 	Display Frame 0
72.8222 	EXP 	Display Frame 1
72.9481 	EXP 	Display Frame 0
73.0723 	EXP 	Display Frame 1
73.1970 	DATA 	Keypress: equal
73.1987 	EXP 	Display Frame 0
73.3221 	EXP 	Display Frame 1
73.4472 	EXP 	Display Frame 0
73.5723 	EXP 	Display Frame 1
73.6972 	EXP 	Display Frame 0
73.8224 	EXP 	Display Frame 1
73.9475 	EXP 	Display Frame 0
74.0723 	EXP 	Display Frame 1
74.1974 	EXP 	Display Frame 0
74.3222 	EXP 	Display Frame 1
74.4471 	EXP 	Display Frame 0
74.5723 	EXP 	Display Frame 1
74.6974 	EXP 	Display Frame 0
74.8223 	EXP 	Display Frame 1
74.9473 	EXP 	Display Frame 0
75.0724 	EXP 	Display Frame 1
75.1971 	DATA 	Keypress: equal
75.1988 	EXP 	Display Frame 0
75.3220 	EXP 	Display Frame 1
75.4472 	EXP 	Display Frame 0
75.5723 	EXP 	Display Frame 1
75.6973 	EXP 	Display Frame 0
75.8224 	EXP 	Display Frame 1
75.9474 	EXP 	Display Frame 0
76.0723 	EXP 	Display Frame 1
76.1973 	EXP 	Display Frame 0
76.3224 	EXP 	Display Frame 1
76.4473 	EXP 	Display Frame 0
76.5722 	EXP 	Display Frame 1
76.6968 	DATA 	Keypress: equal
76.6987 	EXP 	Display Frame 0
76.8223 	EXP 	Display Frame 1
76.9470 	EXP 	Display Frame 0
77.0723 	EXP 	Display Frame 1
77.1973 	EXP 	Display Frame 0
77.3223 	EXP 	Display Frame 1
77.4473 	EXP 	Display Frame 0
77.5723 	EXP 	Display Frame 1
77.6972 	EXP 	Display Frame 0
77.8222 	EXP 	Display Frame 1
77.9473 	EXP 	Display Frame 0
78.0722 	EXP 	Display Frame 1
78.1972 	EXP 	Display Frame 0
78.3220 	EXP 	Display Frame 1
78.4473 	EXP 	Display Frame 0
78.5723 	EXP 	Display Frame 1
78.6967 	DATA 	Keypress: equal
78.6980 	EXP 	Display Frame 0
78.8222 	EXP 	Display Frame 1
78.9472 	EXP 	Display Frame 0
79.0722 	EXP 	Display Frame 1
79.1974 	EXP 	Display Frame 0
79.3222 	EXP 	Display Frame 1
79.4473 	EXP 	Display Frame 0
79.5723 	EXP 	Display Frame 1
79.6973 	EXP 	Display Frame 0
79.8222 	EXP 	Display Frame 1
79.9481 	EXP 	Display Frame 0
80.0722 	EXP 	Display Frame 1
80.1973 	DATA 	Keypress: equal
80.1991 	EXP 	Display Frame 0
80.3221 	EXP 	Display Frame 1
80.4472 	EXP 	Display Frame 0
80.5723 	EXP 	Display Frame 1
80.6973 	EXP 	Display Frame 0
80.8224 	EXP 	Display Frame 1
80.9473 	EXP 	Display Frame 0
81.0722 	EXP 	Display Frame 1
81.1972 	EXP 	Display Frame 0
81.3223 	EXP 	Display Frame 1
81.4473 	EXP 	Display Frame 0
81.5722 	EXP 	Display Frame 1
81.6973 	EXP 	Display Frame 0
81.8222 	EXP 	Display Frame 1
81.9472 	EXP 	Display Frame 0
82.0724 	EXP 	Display Frame 1
82.1971 	DATA 	Keypress: equal
82.1990 	EXP 	Display Frame 0
82.3222 	EXP 	Display Frame 1
82.4471 	EXP 	Display Frame 0
82.5723 	EXP 	Display Frame 1
82.6973 	EXP 	Display Frame 0
82.8222 	EXP 	Display Frame 1
82.9473 	EXP 	Display Frame 0
83.0722 	EXP 	Display Frame 1
83.1972 	EXP 	Display Frame 0
83.3224 	EXP 	Display Frame 1
83.4472 	EXP 	Display Frame 0
83.5721 	EXP 	Display Frame 1
83.6972 	DATA 	Keypress: equal
83.6992 	EXP 	Display Frame 0
83.8222 	EXP 	Display Frame 1
83.9473 	EXP 	Display Frame 0
84.0722 	EXP 	Display Frame 1
84.1973 	EXP 	Display Frame 0
84.3223 	EXP 	Display Frame 1
84.4470 	EXP 	Display Frame 0
84.5724 	EXP 	Display Frame 1
84.6973 	EXP 	Display Frame 0
84.8222 	EXP 	Display Frame 1
84.9473 	EXP 	Display Frame 0
85.0723 	EXP 	Display Frame 1
85.1973 	EXP 	Display Frame 0
85.3225 	EXP 	Display Frame 1
85.4474 	EXP 	Display Frame 0
85.5723 	EXP 	Display Frame 1
85.6971 	DATA 	Keypress: equal
85.6987 	EXP 	Display Frame 0
85.8222 	EXP 	Display Frame 1
85.9471 	EXP 	Display Frame 0
86.0722 	EXP 	Display Frame 1
86.1979 	EXP 	Display Frame 0
86.3222 	EXP 	Display Frame 1
86.4472 	EXP 	Display Frame 0
86.5722 	EXP 	Display Frame 1
86.6972 	EXP 	Display Frame 0
86.8222 	EXP 	Display Frame 1
86.9473 	EXP 	Display Frame 0
87.0723 	EXP 	Display Frame 1
87.1974 	DATA 	Keypress: equal
87.1994 	EXP 	Display Frame 0
87.3222 	EXP 	Display Frame 1
87.4473 	EXP 	Display Frame 0
87.5724 	EXP 	Display Frame 1
87.6973 	EXP 	Display Frame 0
87.8223 	EXP 	Display Frame 1
87.9473 	EXP 	Display Frame 0
88.0723 	EXP 	Display Frame 1
88.1973 	EXP 	Display Frame 0
88.3222 	EXP 	Display Frame 1
88.4469 	EXP 	Display Frame 0
88.5720 	EXP 	Display Frame 1
88.6973 	EXP 	Display Frame 0
88.8222 	EXP 	Display Frame 1
88.9474 	EXP 	Display Frame 0
89.0723 	EXP 	Display Frame 1
89.1972 	DATA 	Keypress: equal
89.1992 	EXP 	Display Frame 0
89.3221 	EXP 	Display Frame 1
89.4473 	EXP 	Display Frame 0
89.5722 	EXP 	Display Frame 1
89.6974 	EXP 	Display Frame 0
89.8224 	EXP 	Display Frame 1
89.9473 	EXP 	Display Frame 0
90.0722 	EXP 	Display Frame 1
90.1974 	EXP 	Display Frame 0
90.3223 	EXP 	Display Frame 1
90.4472 	EXP 	Display Frame 0
90.5724 	EXP 	Display Frame 1
90.6970 	DATA 	Keypress: equal
90.6988 	EXP 	Display Frame 0
90.8221 	EXP 	Display Frame 1
90.9472 	EXP 	Display Frame 0
91.0723 	EXP 	Display Frame 1
91.1973 	EXP 	Display Frame 0
91.3222 	EXP 	Display Frame 1
91.4473 	EXP 	Display Frame 0
91.5723 	EXP 	Display Frame 1
91.6973 	EXP 	Display Frame 0
91.8224 	EXP 	Display Frame 1
91.9474 	EXP 	Display Frame 0
92.0722 	EXP 	Display Frame 1
92.1973 	EXP 	Display Frame 0
92.3223 	EXP 	Display Frame 1
92.4473 	EXP 	Display Frame 0
92.5721 	EXP 	Display Frame 1
92.6969 	DATA 	Keypress: equal
92.6986 	EXP 	Display Frame 0
92.8222 	EXP 	Display Frame 1
92.9473 	EXP 	Display Frame 0
93.0723 	EXP 	Display Frame 1
93.1975 	EXP 	Display Frame 0
93.3222 	EXP 	Display Frame 1
93.4474 	EXP 	Display Frame 0
93.5723 	EXP 	Display Frame 1
93.6973 	EXP 	Display Frame 0
93.8224 	EXP 	Display Frame 1
93.9473 	EXP 	Display Frame 0
94.0721 	EXP 	Display Frame 1
94.1974 	DATA 	Keypress: equal
94.1992 	EXP 	Display Frame 0
94.3222 	EXP 	Display Frame 1
94.4471 	EXP 	Display Frame 0
94.5722 	EXP 	Display Frame 1
94.6974 	EXP 	Display Frame 0
94.8222 	EXP 	Display Frame 1
94.9471 	EXP 	Display Frame 0
95.0722 	EXP 	Display Frame 1
95.1973 	EXP 	Display Frame 0
95.3224 	EXP 	Display Frame 1
95.4470 	EXP 	Display Frame 0
95.5722 	EXP 	Display Frame 1
95.6973 	EXP 	Display Frame 0
95.8221 	EXP 	Display Frame 1
95.9473 	EXP 	Display Frame 0
96.0723 	EXP 	Display Frame 1
96.1976 	DATA 	Keypress: equal
96.1997 	EXP 	Display Frame 0
96.3223 	EXP 	Display Frame 1
96.4473 	EXP 	Display Frame 0
96.5722 	EXP 	Display Frame 1
96.6974 	EXP 	Display Frame 0
96.8223 	EXP 	Display Frame 1
96.9473 	EXP 	Display Frame 0
97.0721 	EXP 	Display Frame 1
97.1973 	EXP 	Display Frame 0
97.3223 	EXP 	Display Frame 1
97.4471 	EXP 	Display Frame 0
97.5723 	EXP 	Display Frame 1
97.6973 	DATA 	Keypress: equal
97.6992 	EXP 	Display Frame 0
97.8221 	EXP 	Display Frame 1
97.9474 	EXP 	Display Frame 0
98.0723 	EXP 	Display Frame 1
98.1971 	EXP 	Display Frame 0
98.3222 	EXP 	Display Frame 1
98.4473 	EXP 	Display Frame 0
98.5723 	EXP 	Display Frame 1
98.6972 	EXP 	Display Frame 0
98.8221 	EXP 	Display Frame 1
98.9474 	EXP 	Display Frame 0
99.0724 	EXP 	Display Frame 1
99.1974 	EXP 	Display Frame 0
99.3227 	EXP 	Display Frame 1
99.4472 	EXP 	Display Frame 0
99.5727 	EXP 	Display Frame 1
99.6971 	DATA 	Keypress: equal
99.6991 	EXP 	Display Frame 0
99.8219 	EXP 	Display Frame 1
99.9469 	EXP 	Display Frame 0
100.0724 	EXP 	Display Frame 1
100.1972 	EXP 	Display Frame 0
100.3229 	EXP 	Display Frame 1
100.4474 	EXP 	Display Frame 0
100.5722 	EXP 	Display Frame 1
100.6974 	EXP 	Display Frame 0
100.8222 	EXP 	Display Frame 1
100.9473 	EXP 	Display Frame 0
101.0725 	EXP 	Display Frame 1
101.1972 	DATA 	Keypress: equal
101.2000 	EXP 	Display Frame 0
101.3223 	EXP 	Display Frame 1
101.4472 	EXP 	Display Frame 0
101.5722 	EXP 	Display Frame 1
101.6973 	EXP 	Display Frame 0
101.8223 	EXP 	Display Frame 1
101.9472 	EXP 	Display Frame 0
102.0724 	EXP 	Display Frame 1
102.1972 	EXP 	Display Frame 0
102.3228 	EXP 	Display Frame 1
102.4474 	EXP 	Display Frame 0
102.5722 	EXP 	Display Frame 1
102.6972 	EXP 	Display Frame 0
102.8223 	EXP 	Display Frame 1
102.9472 	EXP 	Display Frame 0
103.0722 	EXP 	Display Frame 1
103.1972 	DATA 	Keypress: equal
103.1992 	EXP 	Display Frame 0
103.2017 	EXP 	Display Fixation
104.6752 	DATA 	Keypress: equal
106.6856 	DATA 	Keypress: equal
108.1733 	DATA 	Keypress: equal
110.1850 	DATA 	Keypress: equal
111.6730 	DATA 	Keypress: equal
113.6857 	DATA 	Keypress: equal
115.1733 	DATA 	Keypress: equal
117.1841 	DATA 	Keypress: equal
118.6719 	DATA 	Keypress: equal
120.6835 	DATA 	Keypress: equal
122.1713 	DATA 	Keypress: equal
124.1832 	DATA 	Keypress: equal
125.6704 	DATA 	Keypress: equal
127.6814 	DATA 	Keypress: equal
129.1685 	DATA 	Keypress: equal
131.1810 	DATA 	Keypress: equal
132.6692 	DATA 	Keypress: equal
134.6804 	DATA 	Keypress: equal
136.1679 	DATA 	Keypress: equal
138.1791 	DATA 	Keypress: equal
138.3061 	EXP 	Display Frame 1
138.4307 	EXP 	Display Frame 0
138.5557 	EXP 	Display Frame 1
138.6806 	EXP 	Display Frame 0
138.8058 	EXP 	Display Frame 1
138.9312 	EXP 	Display Frame 0
139.0557 	EXP 	Display Frame 1
139.1808 	EXP 	Display Frame 0
139.3058 	EXP 	Display Frame 1
139.4308 	EXP 	Display Frame 0
139.5559 	EXP 	Display Frame 1
139.6807 	DATA 	Keypress: equal
139.6826 	EXP 	Display Frame 0
139.8056 	EXP 	Display Frame 1
139.9316 	EXP 	Display Frame 0
140.0558 	EXP 	Display Frame 1
140.1807 	EXP 	Display Frame 0
140.3057 	EXP 	Display Frame 1
140.4309 	EXP 	Display Frame 0
140.5558 	EXP 	Display Frame 1
140.6808 	EXP 	Display Frame 0
140.8059 	EXP 	Display Frame 1
140.9308 	EXP 	Display Frame 0
141.0559 	EXP 	Display Frame 1
141.1809 	EXP 	Display Frame 0
141.3058 	EXP 	Display Frame 1
141.4308 	EXP 	Display Frame 0
141.5557 	EXP 	Display Frame 1
141.6806 	DATA 	Keypress: equal
141.6827 	EXP 	Display Frame 0
141.8058 	EXP 	Display Frame 1
141.9308 	EXP 	Display Frame 0
142.0558 	EXP 	Display Frame 1
142.1807 	EXP 	Display Frame 0
142.3059 	EXP 	Display Frame 1
142.4309 	EXP 	Display Frame 0
142.5558 	EXP 	Display Frame 1
142.6808 	EXP 	Display Frame 0
142.8060 	EXP 	Display Frame 1
142.9309 	EXP 	Display Frame 0
143.0558 	EXP 	Display Frame 1
143.1809 	DATA 	Keypress: equal
143.1827 	EXP 	Display Frame 0
143.3058 	EXP 	Display Frame 1
143.4307 	EXP 	Display Frame 0
143.5557 	EXP 	Display Frame 1
143.6809 	EXP 	Display Frame 0
143.8058 	EXP 	Display Frame 1
143.9307 	EXP 	Display Frame 0
144.0558 	EXP 	Display Frame 1
144.1808 	EXP 	Display Frame 0
144.3057 	EXP 	Display Frame 1
144.4310 	EXP 	Display Frame 0
144.5561 	EXP 	Display Frame 1
144.6808 	EXP 	Display Frame 0
144.8056 	EXP 	Display Frame 1
144.9308 	EXP 	Display Frame 0
145.0558 	EXP 	Display Frame 1
145.1806 	DATA 	Keypress: equal
145.1822 	EXP 	Display Frame 0
145.3056 	EXP 	Display Frame 1
145.4308 	EXP 	Display Frame 0
145.5557 	EXP 	Display Frame 1
145.6809 	EXP 	Display Frame 0
145.8058 	EXP 	Display Frame 1
145.9308 	EXP 	Display Frame 0
146.0557 	EXP 	Display Frame 1
146.1808 	EXP 	Display Frame 0
146.3058 	EXP 	Display Frame 1
146.4307 	EXP 	Display Frame 0
146.5559 	EXP 	Display Frame 1
146.6803 	DATA 	Keypress: equal
146.6821 	EXP 	Display Frame 0
146.8059 	EXP 	Display Frame 1
146.9306 	EXP 	Display Frame 0
147.0558 	EXP 	Display Frame 1
147.1808 	EXP 	Display Frame 0
147.3058 	EXP 	Display Frame 1
147.4310 	EXP 	Display Frame 0
147.5558 	EXP 	Display Frame 1
147.6808 	EXP 	Display Frame 0
147.8059 	EXP 	Display Frame 1
147.9308 	EXP 	Display Frame 0
148.0557 	EXP 	Display Frame 1
148.1808 	EXP 	Display Frame 0
148.3058 	EXP 	Display Frame 1
148.4308 	EXP 	Display Frame 0
148.5557 	EXP 	Display Frame 1
148.6807 	DATA 	Keypress: equal
148.6827 	EXP 	Display Frame 0
148.8056 	EXP 	Display Frame 1
148.9307 	EXP 	Display Frame 0
149.0559 	EXP 	Display Frame 1
149.1808 	EXP 	Display Frame 0
149.3057 	EXP 	Display Frame 1
149.4309 	EXP 	Display Frame 0
149.5558 	EXP 	Display Frame 1
149.6808 	EXP 	Display Frame 0
149.8058 	EXP 	Display Frame 1
149.9308 	EXP 	Display Frame 0
150.0557 	EXP 	Display Frame 1
150.1804 	DATA 	Keypress: equal
150.1825 	EXP 	Display Frame 0
150.3057 	EXP 	Display Frame 1
150.4308 	EXP 	Display Frame 0
150.5556 	EXP 	Display Frame 1
150.6808 	EXP 	Display Frame 0
150.8058 	EXP 	Display Frame 1
150.9308 	EXP 	Display Frame 0
151.0558 	EXP 	Display Frame 1
151.1808 	EXP 	Display Frame 0
151.3057 	EXP 	Display Frame 1
151.4308 	EXP 	Display Frame 0
151.5558 	EXP 	Display Frame 1
151.6808 	EXP 	Display Frame 0
151.8059 	EXP 	Display Frame 1
151.9309 	EXP 	Display Frame 0
152.0557 	EXP 	Display Frame 1
152.1801 	DATA 	Keypress: equal
152.1818 	EXP 	Display Frame 0
152.3057 	EXP 	Display Frame 1
152.4308 	EXP 	Display Frame 0
152.5556 	EXP 	Display Frame 1
152.6808 	EXP 	Display Frame 0
152.8057 	EXP 	Display Frame 1
152.9307 	EXP 	Display Frame 0
153.0558 	EXP 	Display Frame 1
153.1809 	EXP 	Display Frame 0
153.3058 	EXP 	Display Frame 1
153.4308 	EXP 	Display Frame 0
153.5558 	EXP 	Display Frame 1
153.6804 	DATA 	Keypress: equal
153.6823 	EXP 	Display Frame 0
153.8055 	EXP 	Display Frame 1
153.9308 	EXP 	Display Frame 0
154.0559 	EXP 	Display Frame 1
154.1808 	EXP 	Display Frame 0
154.3060 	EXP 	Display Frame 1
154.4309 	EXP 	Display Frame 0
154.5558 	EXP 	Display Frame 1
154.6810 	EXP 	Display Frame 0
154.8058 	EXP 	Display Frame 1
154.9307 	EXP 	Display Frame 0
155.0557 	EXP 	Display Frame 1
155.1809 	EXP 	Display Frame 0
155.3058 	EXP 	Display Frame 1
155.4307 	EXP 	Display Frame 0
155.5557 	EXP 	Display Frame 1
155.6806 	DATA 	Keypress: equal
155.6824 	EXP 	Display Frame 0
155.8057 	EXP 	Display Frame 1
155.9308 	EXP 	Display Frame 0
156.0559 	EXP 	Display Frame 1
156.1809 	EXP 	Display Frame 0
156.3057 	EXP 	Display Frame 1
156.4309 	EXP 	Display Frame 0
156.5558 	EXP 	Display Frame 1
156.6808 	EXP 	Display Frame 0
156.8057 	EXP 	Display Frame 1
156.9308 	EXP 	Display Frame 0
157.0558 	EXP 	Display Frame 1
157.1802 	DATA 	Keypress: equal
157.1819 	EXP 	Display Frame 0
157.3057 	EXP 	Display Frame 1
157.4308 	EXP 	Display Frame 0
157.5557 	EXP 	Display Frame 1
157.6809 	EXP 	Display Frame 0
157.8058 	EXP 	Display Frame 1
157.9308 	EXP 	Display Frame 0
158.0559 	EXP 	Display Frame 1
158.1806 	EXP 	Display Frame 0
158.3058 	EXP 	Display Frame 1
158.4309 	EXP 	Display Frame 0
158.5558 	EXP 	Display Frame 1
158.6808 	EXP 	Display Frame 0
158.8057 	EXP 	Display Frame 1
158.9309 	EXP 	Display Frame 0
159.0558 	EXP 	Display Frame 1
159.1807 	DATA 	Keypress: equal
159.1827 	EXP 	Display Frame 0
159.3057 	EXP 	Display Frame 1
159.4321 	EXP 	Display Frame 0
159.5557 	EXP 	Display Frame 1
159.6809 	EXP 	Display Frame 0
159.8058 	EXP 	Display Frame 1
159.9309 	EXP 	Display Frame 0
160.0558 	EXP 	Display Frame 1
160.1809 	EXP 	Display Frame 0
160.3058 	EXP 	Display Frame 1
160.4311 	EXP 	Display Frame 0
160.5558 	EXP 	Display Frame 1
160.6808 	DATA 	Keypress: equal
160.6829 	EXP 	Display Frame 0
160.8056 	EXP 	Display Frame 1
160.9307 	EXP 	Display Frame 0
161.0557 	EXP 	Display Frame 1
161.1808 	EXP 	Display Frame 0
161.3059 	EXP 	Display Frame 1
161.4308 	EXP 	Display Frame 0
161.5557 	EXP 	Display Frame 1
161.6806 	EXP 	Display Frame 0
161.8056 	EXP 	Display Frame 1
161.9307 	EXP 	Display Frame 0
162.0557 	EXP 	Display Frame 1
162.1808 	EXP 	Display Frame 0
162.3058 	EXP 	Display Frame 1
162.4308 	EXP 	Display Frame 0
162.5559 	EXP 	Display Frame 1
162.6807 	DATA 	Keypress: equal
162.6827 	EXP 	Display Frame 0
162.8058 	EXP 	Display Frame 1
162.9304 	EXP 	Display Frame 0
163.0558 	EXP 	Display Frame 1
163.1808 	EXP 	Display Frame 0
163.3057 	EXP 	Display Frame 1
163.4308 	EXP 	Display Frame 0
163.5556 	EXP 	Display Frame 1
163.6808 	EXP 	Display Frame 0
163.8058 	EXP 	Display Frame 1
163.9308 	EXP 	Display Frame 0
164.0558 	EXP 	Display Frame 1
164.1807 	DATA 	Keypress: equal
164.1825 	EXP 	Display Frame 0
164.3058 	EXP 	Display Frame 1
164.4306 	EXP 	Display Frame 0
164.5558 	EXP 	Display Frame 1
164.6808 	EXP 	Display Frame 0
164.8057 	EXP 	Display Frame 1
164.9307 	EXP 	Display Frame 0
165.0558 	EXP 	Display Frame 1
165.1808 	EXP 	Display Frame 0
165.3059 	EXP 	Display Frame 1
165.4308 	EXP 	Display Frame 0
165.5558 	EXP 	Display Frame 1
165.6808 	EXP 	Display Frame 0
165.8058 	EXP 	Display Frame 1
165.9308 	EXP 	Display Frame 0
166.0557 	EXP 	Display Frame 1
166.1804 	DATA 	Keypress: equal
166.1819 	EXP 	Display Frame 0
166.3057 	EXP 	Display Frame 1
166.4307 	EXP 	Display Frame 0
166.5557 	EXP 	Display Frame 1
166.6809 	EXP 	Display Frame 0
166.8058 	EXP 	Display Frame 1
166.9308 	EXP 	Display Frame 0
167.0559 	EXP 	Display Frame 1
167.1808 	EXP 	Display Frame 0
167.3057 	EXP 	Display Frame 1
167.4309 	EXP 	Display Frame 0
167.5563 	EXP 	Display Frame 1
167.6806 	DATA 	Keypress: equal
167.6824 	EXP 	Display Frame 0
167.8056 	EXP 	Display Frame 1
167.9307 	EXP 	Display Frame 0
168.0558 	EXP 	Display Frame 1
168.1806 	EXP 	Display Frame 0
168.3058 	EXP 	Display Frame 1
168.4308 	EXP 	Display Frame 0
168.5555 	EXP 	Display Frame 1
168.6807 	EXP 	Display Frame 0
168.8058 	EXP 	Display Frame 1
168.9308 	EXP 	Display Frame 0
169.0558 	EXP 	Display Frame 1
169.1808 	EXP 	Display Frame 0
169.3057 	EXP 	Display Frame 1
169.4307 	EXP 	Display Frame 0
169.5558 	EXP 	Display Frame 1
169.6807 	DATA 	Keypress: equal
169.6827 	EXP 	Display Frame 0
169.8056 	EXP 	Display Frame 1
169.9307 	EXP 	Display Frame 0
170.0558 	EXP 	Display Frame 1
170.1808 	EXP 	Display Frame 0
170.3059 	EXP 	Display Frame 1
170.4309 	EXP 	Display Frame 0
170.5557 	EXP 	Display Frame 1
170.6809 	EXP 	Display Frame 0
170.8058 	EXP 	Display Frame 1
170.9308 	EXP 	Display Frame 0
171.0559 	EXP 	Display Frame 1
171.1803 	DATA 	Keypress: equal
171.1820 	EXP 	Display Frame 0
171.3059 	EXP 	Display Frame 1
171.4309 	EXP 	Display Frame 0
171.5559 	EXP 	Display Frame 1
171.6808 	EXP 	Display Frame 0
171.8057 	EXP 	Display Frame 1
171.9309 	EXP 	Display Frame 0
172.0558 	EXP 	Display Frame 1
172.1809 	EXP 	Display Frame 0
172.3059 	EXP 	Display Frame 1
172.4307 	EXP 	Display Frame 0
172.5557 	EXP 	Display Frame 1
172.6809 	EXP 	Display Frame 0
172.8058 	EXP 	Display Frame 1
172.9308 	EXP 	Display Frame 0
173.0558 	EXP 	Display Frame 1
173.1800 	DATA 	Keypress: equal
173.1818 	EXP 	Display Frame 0
173.1837 	EXP 	Display Fixation
174.6596 	DATA 	Keypress: equal
176.6701 	DATA 	Keypress: equal
178.1585 	DATA 	Keypress: equal
180.1707 	DATA 	Keypress: equal
181.6576 	DATA 	Keypress: equal
183.6677 	DATA 	Keypress: equal
185.1564 	DATA 	Keypress: equal
187.1671 	DATA 	Keypress: equal
188.6557 	DATA 	Keypress: equal
190.6676 	DATA 	Keypress: equal
192.1552 	DATA 	Keypress: equal
194.1663 	DATA 	Keypress: equal
195.6548 	DATA 	Keypress: equal
197.6651 	DATA 	Keypress: equal
199.1532 	DATA 	Keypress: equal
201.1644 	DATA 	Keypress: equal
202.6524 	DATA 	Keypress: equal
204.6636 	DATA 	Keypress: equal
206.1516 	DATA 	Keypress: equal
208.1632 	DATA 	Keypress: equal
208.2903 	EXP 	Display Frame 1
208.4150 	EXP 	Display Frame 0
208.5404 	EXP 	Display Frame 1
208.6647 	EXP 	Display Frame 0
208.7895 	EXP 	Display Frame 1
208.9149 	EXP 	Display Frame 0
209.0398 	EXP 	Display Frame 1
209.1649 	EXP 	Display Frame 0
209.2899 	EXP 	Display Frame 1
209.4148 	EXP 	Display Frame 0
209.5397 	EXP 	Display Frame 1
209.6649 	DATA 	Keypress: equal
209.6666 	EXP 	Display Frame 0
209.7897 	EXP 	Display Frame 1
209.9147 	EXP 	Display Frame 0
210.0397 	EXP 	Display Frame 1
210.1649 	EXP 	Display Frame 0
210.2899 	EXP 	Display Frame 1
210.4148 	EXP 	Display Frame 0
210.5399 	EXP 	Display Frame 1
210.6649 	EXP 	Display Frame 0
210.7897 	EXP 	Display Frame 1
210.9148 	EXP 	Display Frame 0
211.0398 	EXP 	Display Frame 1
211.1648 	EXP 	Display Frame 0
211.2898 	EXP 	Display Frame 1
211.4148 	EXP 	Display Frame 0
211.5397 	EXP 	Display Frame 1
211.6648 	DATA 	Keypress: equal
211.6666 	EXP 	Display Frame 0
211.7898 	EXP 	Display Frame 1
211.9148 	EXP 	Display Frame 0
212.0397 	EXP 	Display Frame 1
212.1649 	EXP 	Display Frame 0
212.2898 	EXP 	Display Frame 1
212.4148 	EXP 	Display Frame 0
212.5394 	EXP 	Display Frame 1
212.6649 	EXP 	Display Frame 0
212.7897 	EXP 	Display Frame 1
212.9146 	EXP 	Display Frame 0
213.0397 	EXP 	Display Frame 1
213.1648 	DATA 	Keypress: equal
213.1664 	EXP 	Display Frame 0
213.2896 	EXP 	Display Frame 1
213.4148 	EXP 	Display Frame 0
213.5398 	EXP 	Display Frame 1
213.6648 	EXP 	Display Frame 0
213.7898 	EXP 	Display Frame 1
213.9148 	EXP 	Display Frame 0
214.0397 	EXP 	Display Frame 1
214.1646 	EXP 	Display Frame 0
214.2898 	EXP 	Display Frame 1
214.4148 	EXP 	Display Frame 0
214.5397 	EXP 	Display Frame 1
214.6649 	EXP 	Display Frame 0
214.7899 	EXP 	Display Frame 1
214.9148 	EXP 	Display Frame 0
215.0399 	EXP 	Display Frame 1
215.1645 	DATA 	Keypress: equal
215.1664 	EXP 	Display Frame 0
215.2896 	EXP 	Display Frame 1
215.4148 	EXP 	Display Frame 0
215.5400 	EXP 	Display Frame 1
215.6648 	EXP 	Display Frame 0
215.7897 	EXP 	Display Frame 1
215.9149 	EXP 	Display Frame 0
216.0398 	EXP 	Display Frame 1
216.1649 	EXP 	Display Frame 0
216.2898 	EXP 	Display Frame 1
216.4148 	EXP 	Display Frame 0
216.5397 	EXP 	Display Frame 1
216.6649 	DATA 	Keypress: equal
216.6669 	EXP 	Display Frame 0
216.7897 	EXP 	Display Frame 1
216.9148 	EXP 	Display Frame 0
217.0397 	EXP 	Display Frame 1
217.1648 	EXP 	Display Frame 0
217.2898 	EXP 	Display Frame 1
217.4147 	EXP 	Display Frame 0
217.5398 	EXP 	Display Frame 1
217.6648 	EXP 	Display Frame 0
217.7897 	EXP 	Display Frame 1
217.9149 	EXP 	Display Frame 0
218.0398 	EXP 	Display Frame 1
218.1647 	EXP 	Display Frame 0
218.2899 	EXP 	Display Frame 1
218.4148 	EXP 	Display Frame 0
218.5397 	EXP 	Display Frame 1
218.6641 	DATA 	Keypress: equal
218.6660 	EXP 	Display Frame 0
218.7897 	EXP 	Display Frame 1
218.9148 	EXP 	Display Frame 0
219.0397 	EXP 	Display Frame 1
219.1649 	EXP 	Display Frame 0
219.2898 	EXP 	Display Frame 1
219.4147 	EXP 	Display Frame 0
219.5398 	EXP 	Display Frame 1
219.6648 	EXP 	Display Frame 0
219.7897 	EXP 	Display Frame 1
219.9148 	EXP 	Display Frame 0
220.0398 	EXP 	Display Frame 1
220.1644 	DATA 	Keypress: equal
220.1662 	EXP 	Display Frame 0
220.2898 	EXP 	Display Frame 1
220.4149 	EXP 	Display Frame 0
220.5397 	EXP 	Display Frame 1
220.6647 	EXP 	Display Frame 0
220.7898 	EXP 	Display Frame 1
220.9148 	EXP 	Display Frame 0
221.0397 	EXP 	Display Frame 1
221.1649 	EXP 	Display Frame 0
221.2897 	EXP 	Display Frame 1
221.4148 	EXP 	Display Frame 0
221.5399 	EXP 	Display Frame 1
221.6649 	EXP 	Display Frame 0
221.7899 	EXP 	Display Frame 1
221.9147 	EXP 	Display Frame 0
222.0397 	EXP 	Display Frame 1
222.1644 	DATA 	Keypress: equal
222.1663 	EXP 	Display Frame 0
222.2899 	EXP 	Display Frame 1
222.4149 	EXP 	Display Frame 0
222.5398 	EXP 	Display Frame 1
222.6648 	EXP 	Display Frame 0
222.7899 	EXP 	Display Frame 1
222.9148 	EXP 	Display Frame 0
223.0397 	EXP 	Display Frame 1
223.1650 	EXP 	Display Frame 0
223.2898 	EXP 	Display Frame 1
223.4148 	EXP 	Display Frame 0
223.5397 	EXP 	Display Frame 1
223.6643 	DATA 	Keypress: equal
223.6663 	EXP 	Display Frame 0
223.7897 	EXP 	Display Frame 1
223.9152 	EXP 	Display Frame 0
224.0398 	EXP 	Display Frame 1
224.1648 	EXP 	Display Frame 0
224.2898 	EXP 	Display Frame 1
224.4149 	EXP 	Display Frame 0
224.5398 	EXP 	Display Frame 1
224.6649 	EXP 	Display Frame 0
224.7898 	EXP 	Display Frame 1
224.9147 	EXP 	Display Frame 0
225.0398 	EXP 	Display Frame 1
225.1648 	EXP 	Display Frame 0
225.2898 	EXP 	Display Frame 1
225.4148 	EXP 	Display Frame 0
225.5397 	EXP 	Display Frame 1
225.6646 	DATA 	Keypress: equal
225.6665 	EXP 	Display Frame 0
225.7896 	EXP 	Display Frame 1
225.9148 	EXP 	Display Frame 0
226.0397 	EXP 	Display Frame 1
226.1649 	EXP 	Display Frame 0
226.2898 	EXP 	Display Frame 1
226.4147 	EXP 	Display Frame 0
226.5398 	EXP 	Display Frame 1
226.6648 	EXP 	Display Frame 0
226.7897 	EXP 	Display Frame 1
226.9149 	EXP 	Display Frame 0
227.0398 	EXP 	Display Frame 1
227.1643 	DATA 	Keypress: equal
227.1661 	EXP 	Display Frame 0
227.2900 	EXP 	Display Frame 1
227.4149 	EXP 	Display Frame 0
227.5398 	EXP 	Display Frame 1
227.6649 	EXP 	Display Frame 0
227.7898 	EXP 	Display Frame 1
227.9149 	EXP 	Display Frame 0
228.0397 	EXP 	Display Frame 1
228.1648 	EXP 	Display Frame 0
228.2898 	EXP 	Display Frame 1
228.4148 	EXP 	Display Frame 0
228.5399 	EXP 	Display Frame 1
228.6648 	EXP 	Display Frame 0
228.7897 	EXP 	Display Frame 1
228.9150 	EXP 	Display Frame 0
229.0398 	EXP 	Display Frame 1
229.1647 	DATA 	Keypress: equal
229.1666 	EXP 	Display Frame 0
229.2898 	EXP 	Display Frame 1
229.4147 	EXP 	Display Frame 0
229.5398 	EXP 	Display Frame 1
229.6650 	EXP 	Display Frame 0
229.7897 	EXP 	Display Frame 1
229.9148 	EXP 	Display Frame 0
230.0397 	EXP 	Display Frame 1
230.1651 	EXP 	Display Frame 0
230.2898 	EXP 	Display Frame 1
230.4148 	EXP 	Display Frame 0
230.5400 	EXP 	Display Frame 1
230.6645 	DATA 	Keypress: equal
230.6664 	EXP 	Display Frame 0
230.7895 	EXP 	Display Frame 1
230.9148 	EXP 	Display Frame 0
231.0398 	EXP 	Display Frame 1
231.1648 	EXP 	Display Frame 0
231.2897 	EXP 	Display Frame 1
231.4149 	EXP 	Display Frame 0
231.5399 	EXP 	Display Frame 1
231.6647 	EXP 	Display Frame 0
231.7898 	EXP 	Display Frame 1
231.9148 	EXP 	Display Frame 0
232.0397 	EXP 	Display Frame 1
232.1649 	EXP 	Display Frame 0
232.2898 	EXP 	Display Frame 1
232.4148 	EXP 	Display Frame 0
232.5397 	EXP 	Display Frame 1
232.6645 	DATA 	Keypress: equal
232.6663 	EXP 	Display Frame 0
232.7897 	EXP 	Display Frame 1
232.9146 	EXP 	Display Frame 0
233.0398 	EXP 	Display Frame 1
233.1648 	EXP 	Display Frame 0
233.2897 	EXP 	Display Frame 1
233.4149 	EXP 	Display Frame 0
233.5398 	EXP 	Display Frame 1
233.6645 	EXP 	Display Frame 0
233.7897 	EXP 	Display Frame 1
233.9148 	EXP 	Display Frame 0
234.0398 	EXP 	Display Frame 1
234.1648 	DATA 	Keypress: equal
234.1666 	EXP 	Display Frame 0
234.2895 	EXP 	Display Frame 1
234.4148 	EXP 	Display Frame 0
234.5398 	EXP 	Display Frame 1
234.6647 	EXP 	Display Frame 0
234.7897 	EXP 	Display Frame 1
234.9146 	EXP 	Display Frame 0
235.0398 	EXP 	Display Frame 1
235.1648 	EXP 	Display Frame 0
235.2898 	EXP 	Display Frame 1
235.4149 	EXP 	Display Frame 0
235.5398 	EXP 	Display Frame 1
235.6654 	EXP 	Display Frame 0
235.7900 	EXP 	Display Frame 1
235.9147 	EXP 	Display Frame 0
236.0397 	EXP 	Display Frame 1
236.1646 	DATA 	Keypress: equal
236.1663 	EXP 	Display Frame 0
236.2897 	EXP 	Display Frame 1
236.4148 	EXP 	Display Frame 0
236.5398 	EXP 	Display Frame 1
236.6649 	EXP 	Display Frame 0
236.7898 	EXP 	Display Frame 1
236.9149 	EXP 	Display Frame 0
237.0399 	EXP 	Display Frame 1
237.1648 	EXP 	Display Frame 0
237.2898 	EXP 	Display Frame 1
237.4152 	EXP 	Display Frame 0
237.5398 	EXP 	Display Frame 1
237.6642 	DATA 	Keypress: equal
237.6660 	EXP 	Display Frame 0
237.7896 	EXP 	Display Frame 1
237.9148 	EXP 	Display Frame 0
238.0397 	EXP 	Display Frame 1
238.1647 	EXP 	Display Frame 0
238.2897 	EXP 	Display Frame 1
238.4149 	EXP 	Display Frame 0
238.5397 	EXP 	Display Frame 1
238.6649 	EXP 	Display Frame 0
238.7898 	EXP 	Display Frame 1
238.9148 	EXP 	Display Frame 0
239.0397 	EXP 	Display Frame 1
239.1649 	EXP 	Display Frame 0
239.2898 	EXP 	Display Frame 1
239.4148 	EXP 	Display Frame 0
239.5398 	EXP 	Display Frame 1
239.6646 	DATA 	Keypress: equal
239.6666 	EXP 	Display Frame 0
239.7896 	EXP 	Display Frame 1
239.9148 	EXP 	Display Frame 0
240.0397 	EXP 	Display Frame 1
240.1647 	EXP 	Display Frame 0
240.2899 	EXP 	Display Frame 1
240.4148 	EXP 	Display Frame 0
240.5397 	EXP 	Display Frame 1
240.6648 	EXP 	Display Frame 0
240.7898 	EXP 	Display Frame 1
240.9148 	EXP 	Display Frame 0
241.0398 	EXP 	Display Frame 1
241.1644 	DATA 	Keypress: equal
241.1663 	EXP 	Display Frame 0
241.2896 	EXP 	Display Frame 1
241.4147 	EXP 	Display Frame 0
241.5398 	EXP 	Display Frame 1
241.6648 	EXP 	Display Frame 0
241.7897 	EXP 	Display Frame 1
241.9149 	EXP 	Display Frame 0
242.0398 	EXP 	Display Frame 1
242.1647 	EXP 	Display Frame 0
242.2898 	EXP 	Display Frame 1
242.4149 	EXP 	Display Frame 0
242.5401 	EXP 	Display Frame 1
242.6652 	EXP 	Display Frame 0
242.7897 	EXP 	Display Frame 1
242.9149 	EXP 	Display Frame 0
243.0397 	EXP 	Display Frame 1
243.1645 	DATA 	Keypress: equal
243.1661 	EXP 	Display Frame 0
243.1773 	EXP 	Display Fixation
244.6427 	DATA 	Keypress: equal
246.6544 	DATA 	Keypress: equal
248.1423 	DATA 	Keypress: equal
250.1540 	DATA 	Keypress: equal
251.6414 	DATA 	Keypress: equal
253.6525 	DATA 	Keypress: equal
255.1406 	DATA 	Keypress: equal
257.1532 	DATA 	Keypress: equal
258.6394 	DATA 	Keypress: equal
260.6506 	DATA 	Keypress: equal
262.1384 	DATA 	Keypress: equal
264.1496 	DATA 	Keypress: equal
265.6379 	DATA 	Keypress: equal
267.6497 	DATA 	Keypress: equal
269.1374 	DATA 	Keypress: equal
271.1489 	DATA 	Keypress: equal
272.6368 	DATA 	Keypress: equal
274.6477 	DATA 	Keypress: equal
276.1359 	DATA 	Keypress: equal
278.1467 	DATA 	Keypress: equal
278.2736 	EXP 	Display Frame 1
278.3985 	EXP 	Display Frame 0
278.5232 	EXP 	Display Frame 1
278.6484 	EXP 	Display Frame 0
278.7734 	EXP 	Display Frame 1
278.8984 	EXP 	Display Frame 0
279.0233 	EXP 	Display Frame 1
279.1483 	EXP 	Display Frame 0
279.2733 	EXP 	Display Frame 1
279.3984 	EXP 	Display Frame 0
279.5233 	EXP 	Display Frame 1
279.6480 	DATA 	Keypress: equal
279.6498 	EXP 	Display Frame 0
279.7732 	EXP 	Display Frame 1
279.8982 	EXP 	Display Frame 0
280.0232 	EXP 	Display Frame 1
280.1483 	EXP 	Display Frame 0
280.2733 	EXP 	Display Frame 1
280.3983 	EXP 	Display Frame 0
280.5232 	EXP 	Display Frame 1
280.6481 	EXP 	Display Frame 0
280.7732 	EXP 	Display Frame 1
280.8984 	EXP 	Display Frame 0
281.0233 	EXP 	Display Frame 1
281.1483 	EXP 	Display Frame 0
281.2732 	EXP 	Display Frame 1
281.3984 	EXP 	Display Frame 0
281.5233 	EXP 	Display Frame 1
281.6483 	DATA 	Keypress: equal
281.6500 	EXP 	Display Frame 0
281.7733 	EXP 	Display Frame 1
281.8982 	EXP 	Display Frame 0
282.0232 	EXP 	Display Frame 1
282.1483 	EXP 	Display Frame 0
282.2733 	EXP 	Display Frame 1
282.3983 	EXP 	Display Frame 0
282.5232 	EXP 	Display Frame 1
282.6483 	EXP 	Display Frame 0
282.7733 	EXP 	Display Frame 1
282.8982 	EXP 	Display Frame 0
283.0233 	EXP 	Display Frame 1
283.1478 	DATA 	Keypress: equal
283.1495 	EXP 	Display Frame 0
283.2731 	EXP 	Display Frame 1
283.3983 	EXP 	Display Frame 0
283.5237 	EXP 	Display Frame 1
283.6484 	EXP 	Display Frame 0
283.7734 	EXP 	Display Frame 1
283.8986 	EXP 	Display Frame 0
284.0231 	EXP 	Display Frame 1
284.1483 	EXP 	Display Frame 0
284.2733 	EXP 	Display Frame 1
284.3983 	EXP 	Display Frame 0
284.5230 	EXP 	Display Frame 1
284.6483 	EXP 	Display Frame 0
284.7733 	EXP 	Display Frame 1
284.8983 	EXP 	Display Frame 0
285.0233 	EXP 	Display Frame 1
285.1482 	DATA 	Keypress: equal
285.1501 	EXP 	Display Frame 0
285.2731 	EXP 	Display Frame 1
285.3984 	EXP 	Display Frame 0
285.5233 	EXP 	Display Frame 1
285.6483 	EXP 	Display Frame 0
285.7732 	EXP 	Display Frame 1
285.8983 	EXP 	Display Frame 0
286.0232 	EXP 	Display Frame 1
286.1481 	EXP 	Display Frame 0
286.2732 	EXP 	Display Frame 1
286.3983 	EXP 	Display Frame 0
286.5232 	EXP 	Display Frame 1
286.6482 	DATA 	Keypress: equal
286.6500 	EXP 	Display Frame 0
286.7732 	EXP 	Display Frame 1
286.8982 	EXP 	Display Frame 0
287.0232 	EXP 	Display Frame 1
287.1501 	EXP 	Display Frame 0
287.2731 	EXP 	Display Frame 1
287.3982 	EXP 	Display Frame 0
287.5233 	EXP 	Display Frame 1
287.6483 	EXP 	Display Frame 0
287.7732 	EXP 	Display Frame 1
287.8985 	EXP 	Display Frame 0
288.0233 	EXP 	Display Frame 1
288.1482 	EXP 	Display Frame 0
288.2732 	EXP 	Display Frame 1
288.3983 	EXP 	Display Frame 0
288.5233 	EXP 	Display Frame 1
288.6478 	DATA 	Keypress: equal
288.6495 	EXP 	Display Frame 0
288.7733 	EXP 	Display Frame 1
288.8984 	EXP 	Display Frame 0
289.0232 	EXP 	Display Frame 1
289.1482 	EXP 	Display Frame 0
289.2733 	EXP 	Display Frame 1
289.3983 	EXP 	Display Frame 0
289.5232 	EXP 	Display Frame 1
289.6484 	EXP 	Display Frame 0
289.7733 	EXP 	Display Frame 1
289.8983 	EXP 	Display Frame 0
290.0234 	EXP 	Display Frame 1
290.1476 	DATA 	Keypress: equal
290.1494 	EXP 	Display Frame 0
290.2731 	EXP 	Display Frame 1
290.3983 	EXP 	Display Frame 0
290.5235 	EXP 	Display Frame 1
290.6483 	EXP 	Display Frame 0
290.7730 	EXP 	Display Frame 1
290.8984 	EXP 	Display Frame 0
291.0232 	EXP 	Display Frame 1
291.1483 	EXP 	Display Frame 0
291.2734 	EXP 	Display Frame 1
291.3982 	EXP 	Display Frame 0
291.5231 	EXP 	Display Frame 1
291.6483 	EXP 	Display Frame 0
291.7733 	EXP 	Display Frame 1
291.8983 	EXP 	Display Frame 0
292.0234 	EXP 	Display Frame 1
292.1481 	DATA 	Keypress: equal
292.1501 	EXP 	Display Frame 0
292.2732 	EXP 	Display Frame 1
292.3981 	EXP 	Display Frame 0
292.5233 	EXP 	Display Frame 1
292.6484 	EXP 	Display Frame 0
292.7732 	EXP 	Display Frame 1
292.8983 	EXP 	Display Frame 0
293.0233 	EXP 	Display Frame 1
293.1483 	EXP 	Display Frame 0
293.2733 	EXP 	Display Frame 1
293.3983 	EXP 	Display Frame 0
293.5232 	EXP 	Display Frame 1
293.6478 	DATA 	Keypress: equal
293.6492 	EXP 	Display Frame 0
293.7733 	EXP 	Display Frame 1
293.8982 	EXP 	Display Frame 0
294.0233 	EXP 	Display Frame 1
294.1483 	EXP 	Display Frame 0
294.2731 	EXP 	Display Frame 1
294.3982 	EXP 	Display Frame 0
294.5233 	EXP 	Display Frame 1
294.6483 	EXP 	Display Frame 0
294.7731 	EXP 	Display Frame 1
294.8983 	EXP 	Display Frame 0
295.0234 	EXP 	Display Frame 1
295.1483 	EXP 	Display Frame 0
295.2733 	EXP 	Display Frame 1
295.3982 	EXP 	Display Frame 0
295.5232 	EXP 	Display Frame 1
295.6482 	DATA 	Keypress: equal
295.6502 	EXP 	Display Frame 0
295.7731 	EXP 	Display Frame 1
295.8984 	EXP 	Display Frame 0
296.0234 	EXP 	Display Frame 1
296.1483 	EXP 	Display Frame 0
296.2732 	EXP 	Display Frame 1
296.3984 	EXP 	Display Frame 0
296.5231 	EXP 	Display Frame 1
296.6482 	EXP 	Display Frame 0
296.7739 	EXP 	Display Frame 1
296.8983 	EXP 	Display Frame 0
297.0232 	EXP 	Display Frame 1
297.1481 	DATA 	Keypress: equal
297.1500 	EXP 	Display Frame 0
297.2733 	EXP 	Display Frame 1
297.3982 	EXP 	Display Frame 0
297.5232 	EXP 	Display Frame 1
297.6484 	EXP 	Display Frame 0
297.7733 	EXP 	Display Frame 1
297.8983 	EXP 	Display Frame 0
298.0232 	EXP 	Display Frame 1
298.1482 	EXP 	Display Frame 0
298.2732 	EXP 	Display Frame 1
298.3982 	EXP 	Display Frame 0
298.5233 	EXP 	Display Frame 1
298.6483 	EXP 	Display Frame 0
298.7732 	EXP 	Display Frame 1
298.8984 	EXP 	Display Frame 0
299.0233 	EXP 	Display Frame 1
299.1477 	DATA 	Keypress: equal
299.1494 	EXP 	Display Frame 0
299.2733 	EXP 	Display Frame 1
299.3982 	EXP 	Display Frame 0
299.5240 	EXP 	Display Frame 1
299.6482 	EXP 	Display Frame 0
299.7732 	EXP 	Display Frame 1
299.8982 	EXP 	Display Frame 0
300.0232 	EXP 	Display Frame 1
300.1484 	EXP 	Display Frame 0
300.2733 	EXP 	Display Frame 1
300.3983 	EXP 	Display Frame 0
300.5234 	EXP 	Display Frame 1
300.6482 	DATA 	Keypress: equal
300.6502 	EXP 	Display Frame 0
300.7731 	EXP 	Display Frame 1
300.8982 	EXP 	Display Frame 0
301.0233 	EXP 	Display Frame 1
301.1483 	EXP 	Display Frame 0
301.2732 	EXP 	Display Frame 1
301.3984 	EXP 	Display Frame 0
301.5233 	EXP 	Display Frame 1
301.6483 	EXP 	Display Frame 0
301.7731 	EXP 	Display Frame 1
301.8982 	EXP 	Display Frame 0
302.0231 	EXP 	Display Frame 1
302.1481 	EXP 	Display Frame 0
302.2732 	EXP 	Display Frame 1
302.3982 	EXP 	Display Frame 0
302.5231 	EXP 	Display Frame 1
302.6482 	DATA 	Keypress: equal
302.6503 	EXP 	Display Frame 0
302.7732 	EXP 	Display Frame 1
302.8981 	EXP 	Display Frame 0
303.0232 	EXP 	Display Frame 1
303.1483 	EXP 	Display Frame 0
303.2733 	EXP 	Display Frame 1
303.3983 	EXP 	Display Frame 0
303.5232 	EXP 	Display Frame 1
303.6483 	EXP 	Display Frame 0
303.7734 	EXP 	Display Frame 1
303.8984 	EXP 	Display Frame 0
304.0233 	EXP 	Display Frame 1
304.1484 	DATA 	Keypress: equal
304.1504 	EXP 	Display Frame 0
304.2729 	EXP 	Display Frame 1
304.3984 	EXP 	Display Frame 0
304.5233 	EXP 	Display Frame 1
304.6483 	EXP 	Display Frame 0
304.7733 	EXP 	Display Frame 1
304.8983 	EXP 	Display Frame 0
305.0232 	EXP 	Display Frame 1
305.1484 	EXP 	Display Frame 0
305.2734 	EXP 	Display Frame 1
305.3983 	EXP 	Display Frame 0
305.5234 	EXP 	Display Frame 1
305.6483 	EXP 	Display Frame 0
305.7733 	EXP 	Display Frame 1
305.8983 	EXP 	Display Frame 0
306.0234 	EXP 	Display Frame 1
306.1478 	DATA 	Keypress: equal
306.1496 	EXP 	Display Frame 0
306.2731 	EXP 	Display Frame 1
306.3984 	EXP 	Display Frame 0
306.5233 	EXP 	Display Frame 1
306.6483 	EXP 	Display Frame 0
306.7734 	EXP 	Display Frame 1
306.8984 	EXP 	Display Frame 0
307.0232 	EXP 	Display Frame 1
307.1481 	EXP 	Display Frame 0
307.2734 	EXP 	Display Frame 1
307.3982 	EXP 	Display Frame 0
307.5230 	EXP 	Display Frame 1
307.6480 	DATA 	Keypress: equal
307.6498 	EXP 	Display Frame 0
307.7731 	EXP 	Display Frame 1
307.8981 	EXP 	Display Frame 0
308.0233 	EXP 	Display Frame 1
308.1482 	EXP 	Display Frame 0
308.2733 	EXP 	Display Frame 1
308.3982 	EXP 	Display Frame 0
308.5233 	EXP 	Display Frame 1
308.6483 	EXP 	Display Frame 0
308.7732 	EXP 	Display Frame 1
308.8984 	EXP 	Display Frame 0
309.0233 	EXP 	Display Frame 1
309.1484 	EXP 	Display Frame 0
309.2734 	EXP 	Display Frame 1
309.3983 	EXP 	Display Frame 0
309.5235 	EXP 	Display Frame 1
309.6480 	DATA 	Keypress: equal
309.6496 	EXP 	Display Frame 0
309.7731 	EXP 	Display Frame 1
309.8982 	EXP 	Display Frame 0
310.0233 	EXP 	Display Frame 1
310.1483 	EXP 	Display Frame 0
310.2733 	EXP 	Display Frame 1
310.3984 	EXP 	Display Frame 0
310.5233 	EXP 	Display Frame 1
310.6487 	EXP 	Display Frame 0
310.7732 	EXP 	Display Frame 1
310.8984 	EXP 	Display Frame 0
311.0233 	EXP 	Display Frame 1
311.1484 	DATA 	Keypress: equal
311.1506 	EXP 	Display Frame 0
311.2731 	EXP 	Display Frame 1
311.3982 	EXP 	Display Frame 0
311.5233 	EXP 	Display Frame 1
311.6483 	EXP 	Display Frame 0
311.7734 	EXP 	Display Frame 1
311.8983 	EXP 	Display Frame 0
312.0232 	EXP 	Display Frame 1
312.1484 	EXP 	Display Frame 0
312.2733 	EXP 	Display Frame 1
312.3983 	EXP 	Display Frame 0
312.5232 	EXP 	Display Frame 1
312.6482 	EXP 	Display Frame 0
312.7733 	EXP 	Display Frame 1
312.8983 	EXP 	Display Frame 0
313.0233 	EXP 	Display Frame 1
313.1483 	DATA 	Keypress: equal
313.1500 	EXP 	Display Frame 0
313.1528 	EXP 	Display Fixation
314.6262 	DATA 	Keypress: equal
316.6376 	DATA 	Keypress: equal
318.1262 	DATA 	Keypress: equal
320.1366 	DATA 	Keypress: equal
321.6246 	DATA 	Keypress: equal
323.6416 	DATA 	Keypress: equal
325.1250 	DATA 	Keypress: equal
327.1357 	DATA 	Keypress: equal
328.6241 	DATA 	Keypress: equal
330.6346 	DATA 	Keypress: equal
332.1230 	DATA 	Keypress: equal
334.1342 	DATA 	Keypress: equal
335.6216 	DATA 	Keypress: equal
337.6327 	DATA 	Keypress: equal
339.1211 	DATA 	Keypress: equal
341.1321 	DATA 	Keypress: equal
342.6196 	DATA 	Keypress: equal
344.6313 	DATA 	Keypress: equal
346.1200 	DATA 	Keypress: equal
348.1307 	DATA 	Keypress: equal
348.2576 	EXP 	Display Frame 1
348.3824 	EXP 	Display Frame 0
348.5071 	EXP 	Display Frame 1
348.6322 	EXP 	Display Frame 0
348.7573 	EXP 	Display Frame 1
348.8824 	EXP 	Display Frame 0
349.0073 	EXP 	Display Frame 1
349.1323 	EXP 	Display Frame 0
349.2574 	EXP 	Display Frame 1
349.3824 	EXP 	Display Frame 0
349.5073 	EXP 	Display Frame 1
349.6322 	DATA 	Keypress: equal
349.6341 	EXP 	Display Frame 0
349.7571 	EXP 	Display Frame 1
349.8823 	EXP 	Display Frame 0
350.0072 	EXP 	Display Frame 1
350.1322 	EXP 	Display Frame 0
350.2573 	EXP 	Display Frame 1
350.3823 	EXP 	Display Frame 0
350.5072 	EXP 	Display Frame 1
350.6321 	EXP 	Display Frame 0
350.7573 	EXP 	Display Frame 1
350.8823 	EXP 	Display Frame 0
351.0072 	EXP 	Display Frame 1
351.1324 	EXP 	Display Frame 0
351.2572 	EXP 	Display Frame 1
351.3822 	EXP 	Display Frame 0
351.5074 	EXP 	Display Frame 1
351.6321 	DATA 	Keypress: equal
351.6338 	EXP 	Display Frame 0
351.7571 	EXP 	Display Frame 1
351.8823 	EXP 	Display Frame 0
352.0073 	EXP 	Display Frame 1
352.1323 	EXP 	Display Frame 0
352.2578 	EXP 	Display Frame 1
352.3824 	EXP 	Display Frame 0
352.5073 	EXP 	Display Frame 1
352.6323 	EXP 	Display Frame 0
352.7574 	EXP 	Display Frame 1
352.8824 	EXP 	Display Frame 0
353.0072 	EXP 	Display Frame 1
353.1318 	DATA 	Keypress: equal
353.1338 	EXP 	Display Frame 0
353.2572 	EXP 	Display Frame 1
353.3823 	EXP 	Display Frame 0
353.5073 	EXP 	Display Frame 1
353.6320 	EXP 	Display Frame 0
353.7576 	EXP 	Display Frame 1
353.8824 	EXP 	Display Frame 0
354.0072 	EXP 	Display Frame 1
354.1323 	EXP 	Display Frame 0
354.2570 	EXP 	Display Frame 1
354.3820 	EXP 	Display Frame 0
354.5073 	EXP 	Display Frame 1
354.6321 	EXP 	Display Frame 0
354.7571 	EXP 	Display Frame 1
354.8822 	EXP 	Display Frame 0
355.0072 	EXP 	Display Frame 1
355.1322 	DATA 	Keypress: equal
355.1340 	EXP 	Display Frame 0
355.2573 	EXP 	Display Frame 1
355.3821 	EXP 	Display Frame 0
355.5072 	EXP 	Display Frame 1
355.6324 	EXP 	Display Frame 0
355.7573 	EXP 	Display Frame 1
355.8821 	EXP 	Display Frame 0
356.0072 	EXP 	Display Frame 1
356.1319 	EXP 	Display Frame 0
356.2569 	EXP 	Display Frame 1
356.3823 	EXP 	Display Frame 0
356.5073 	EXP 	Display Frame 1
356.6323 	DATA 	Keypress: equal
356.6343 	EXP 	Display Frame 0
356.7572 	EXP 	Display Frame 1
356.8824 	EXP 	Display Frame 0
357.0071 	EXP 	Display Frame 1
357.1323 	EXP 	Display Frame 0
357.2573 	EXP 	Display Frame 1
357.3823 	EXP 	Display Frame 0
357.5072 	EXP 	Display Frame 1
357.6323 	EXP 	Display Frame 0
357.7573 	EXP 	Display Frame 1
357.8821 	EXP 	Display Frame 0
358.0072 	EXP 	Display Frame 1
358.1321 	EXP 	Display Frame 0
358.2572 	EXP 	Display Frame 1
358.3823 	EXP 	Display Frame 0
358.5073 	EXP 	Display Frame 1
358.6316 	DATA 	Keypress: equal
358.6333 	EXP 	Display Frame 0
358.7572 	EXP 	Display Frame 1
358.8823 	EXP 	Display Frame 0
359.0071 	EXP 	Display Frame 1
359.1333 	EXP 	Display Frame 0
359.2572 	EXP 	Display Frame 1
359.3822 	EXP 	Display Frame 0
359.5071 	EXP 	Display Frame 1
359.6323 	EXP 	Display Frame 0
359.7574 	EXP 	Display Frame 1
359.8820 	EXP 	Display Frame 0
360.0071 	EXP 	Display Frame 1
360.1322 	DATA 	Keypress: equal
360.1341 	EXP 	Display Frame 0
360.2571 	EXP 	Display Frame 1
360.3822 	EXP 	Display Frame 0
360.5070 	EXP 	Display Frame 1
360.6323 	EXP 	Display Frame 0
360.7574 	EXP 	Display Frame 1
360.8823 	EXP 	Display Frame 0
361.0072 	EXP 	Display Frame 1
361.1324 	EXP 	Display Frame 0
361.2572 	EXP 	Display Frame 1
361.3823 	EXP 	Display Frame 0
361.5072 	EXP 	Display Frame 1
361.6323 	EXP 	Display Frame 0
361.7572 	EXP 	Display Frame 1
361.8822 	EXP 	Display Frame 0
362.0073 	EXP 	Display Frame 1
362.1322 	DATA 	Keypress: equal
362.1342 	EXP 	Display Frame 0
362.2571 	EXP 	Display Frame 1
362.3822 	EXP 	Display Frame 0
362.5071 	EXP 	Display Frame 1
362.6323 	EXP 	Display Frame 0
362.7573 	EXP 	Display Frame 1
362.8823 	EXP 	Display Frame 0
363.0071 	EXP 	Display Frame 1
363.1322 	EXP 	Display Frame 0
363.2572 	EXP 	Display Frame 1
363.3823 	EXP 	Display Frame 0
363.5074 	EXP 	Display Frame 1
363.6323 	DATA 	Keypress: equal
363.6343 	EXP 	Display Frame 0
363.7572 	EXP 	Display Frame 1
363.8823 	EXP 	Display Frame 0
364.0074 	EXP 	Display Frame 1
364.1323 	EXP 	Display Frame 0
364.2572 	EXP 	Display Frame 1
364.3823 	EXP 	Display Frame 0
364.5073 	EXP 	Display Frame 1
364.6323 	EXP 	Display Frame 0
364.7575 	EXP 	Display Frame 1
364.8823 	EXP 	Display Frame 0
365.0073 	EXP 	Display Frame 1
365.1322 	EXP 	Display Frame 0
365.2573 	EXP 	Display Frame 1
365.3823 	EXP 	Display Frame 0
365.5071 	EXP 	Display Frame 1
365.6317 	DATA 	Keypress: equal
365.6335 	EXP 	Display Frame 0
365.7573 	EXP 	Display Frame 1
365.8822 	EXP 	Display Frame 0
366.0074 	EXP 	Display Frame 1
366.1323 	EXP 	Display Frame 0
366.2570 	EXP 	Display Frame 1
366.3824 	EXP 	Display Frame 0
366.5072 	EXP 	Display Frame 1
366.6323 	EXP 	Display Frame 0
366.7572 	EXP 	Display Frame 1
366.8824 	EXP 	Display Frame 0
367.0072 	EXP 	Display Frame 1
367.1324 	DATA 	Keypress: equal
367.1342 	EXP 	Display Frame 0
367.2574 	EXP 	Display Frame 1
367.3823 	EXP 	Display Frame 0
367.5070 	EXP 	Display Frame 1
367.6323 	EXP 	Display Frame 0
367.7572 	EXP 	Display Frame 1
367.8823 	EXP 	Display Frame 0
368.0074 	EXP 	Display Frame 1
368.1324 	EXP 	Display Frame 0
368.2572 	EXP 	Display Frame 1
368.3823 	EXP 	Display Frame 0
368.5073 	EXP 	Display Frame 1
368.6323 	EXP 	Display Frame 0
368.7571 	EXP 	Display Frame 1
368.8824 	EXP 	Display Frame 0
369.0073 	EXP 	Display Frame 1
369.1322 	DATA 	Keypress: equal
369.1340 	EXP 	Display Frame 0
369.2573 	EXP 	Display Frame 1
369.3821 	EXP 	Display Frame 0
369.5073 	EXP 	Display Frame 1
369.6323 	EXP 	Display Frame 0
369.7573 	EXP 	Display Frame 1
369.8823 	EXP 	Display Frame 0
370.0072 	EXP 	Display Frame 1
370.1323 	EXP 	Display Frame 0
370.2573 	EXP 	Display Frame 1
370.3822 	EXP 	Display Frame 0
370.5073 	EXP 	Display Frame 1
370.6317 	DATA 	Keypress: equal
370.6336 	EXP 	Display Frame 0
370.7571 	EXP 	Display Frame 1
370.8823 	EXP 	Display Frame 0
371.0073 	EXP 	Display Frame 1
371.1356 	EXP 	Display Frame 0
371.2574 	EXP 	Display Frame 1
371.3823 	EXP 	Display Frame 0
371.5071 	EXP 	Display Frame 1
371.6324 	EXP 	Display Frame 0
371.7573 	EXP 	Display Frame 1
371.8823 	EXP 	Display Frame 0
372.0074 	EXP 	Display Frame 1
372.1324 	EXP 	Display Frame 0
372.2571 	EXP 	Display Frame 1
372.3822 	EXP 	Display Frame 0
372.5073 	EXP 	Display Frame 1
372.6322 	DATA 	Keypress: equal
372.6340 	EXP 	Display Frame 0
372.7571 	EXP 	Display Frame 1
372.8822 	EXP 	Display Frame 0
373.0077 	EXP 	Display Frame 1
373.1323 	EXP 	Display Frame 0
373.2574 	EXP 	Display Frame 1
373.3824 	EXP 	Display Frame 0
373.5072 	EXP 	Display Frame 1
373.6323 	EXP 	Display Frame 0
373.7573 	EXP 	Display Frame 1
373.8822 	EXP 	Display Frame 0
374.0079 	EXP 	Display Frame 1
374.1320 	DATA 	Keypress: equal
374.1339 	EXP 	Display Frame 0
374.2572 	EXP 	Display Frame 1
374.3823 	EXP 	Display Frame 0
374.5074 	EXP 	Display Frame 1
374.6322 	EXP 	Display Frame 0
374.7572 	EXP 	Display Frame 1
374.8825 	EXP 	Display Frame 0
375.0073 	EXP 	Display Frame 1
375.1323 	EXP 	Display Frame 0
375.2572 	EXP 	Display Frame 1
375.3823 	EXP 	Display Frame 0
375.5073 	EXP 	Display Frame 1
375.6323 	EXP 	Display Frame 0
375.7574 	EXP 	Display Frame 1
375.8824 	EXP 	Display Frame 0
376.0072 	EXP 	Display Frame 1
376.1318 	DATA 	Keypress: equal
376.1337 	EXP 	Display Frame 0
376.2572 	EXP 	Display Frame 1
376.3821 	EXP 	Display Frame 0
376.5075 	EXP 	Display Frame 1
376.6322 	EXP 	Display Frame 0
376.7573 	EXP 	Display Frame 1
376.8823 	EXP 	Display Frame 0
377.0073 	EXP 	Display Frame 1
377.1323 	EXP 	Display Frame 0
377.2572 	EXP 	Display Frame 1
377.3823 	EXP 	Display Frame 0
377.5073 	EXP 	Display Frame 1
377.6322 	DATA 	Keypress: equal
377.6339 	EXP 	Display Frame 0
377.7572 	EXP 	Display Frame 1
377.8822 	EXP 	Display Frame 0
378.0072 	EXP 	Display Frame 1
378.1319 	EXP 	Display Frame 0
378.2573 	EXP 	Display Frame 1
378.3822 	EXP 	Display Frame 0
378.5072 	EXP 	Display Frame 1
378.6323 	EXP 	Display Frame 0
378.7573 	EXP 	Display Frame 1
378.8823 	EXP 	Display Frame 0
379.0073 	EXP 	Display Frame 1
379.1323 	EXP 	Display Frame 0
379.2572 	EXP 	Display Frame 1
379.3823 	EXP 	Display Frame 0
379.5073 	EXP 	Display Frame 1
379.6316 	DATA 	Keypress: equal
379.6333 	EXP 	Display Frame 0
379.7572 	EXP 	Display Frame 1
379.8824 	EXP 	Display Frame 0
380.0073 	EXP 	Display Frame 1
380.1323 	EXP 	Display Frame 0
380.2573 	EXP 	Display Frame 1
380.3823 	EXP 	Display Frame 0
380.5072 	EXP 	Display Frame 1
380.6323 	EXP 	Display Frame 0
380.7573 	EXP 	Display Frame 1
380.8823 	EXP 	Display Frame 0
381.0074 	EXP 	Display Frame 1
381.1317 	DATA 	Keypress: equal
381.1336 	EXP 	Display Frame 0
381.2571 	EXP 	Display Frame 1
381.3824 	EXP 	Display Frame 0
381.5073 	EXP 	Display Frame 1
381.6322 	EXP 	Display Frame 0
381.7574 	EXP 	Display Frame 1
381.8823 	EXP 	Display Frame 0
382.0071 	EXP 	Display Frame 1
382.1322 	EXP 	Display Frame 0
382.2573 	EXP 	Display Frame 1
382.3823 	EXP 	Display Frame 0
382.5071 	EXP 	Display Frame 1
382.6324 	EXP 	Display Frame 0
382.7572 	EXP 	Display Frame 1
382.8823 	EXP 	Display Frame 0
383.0074 	EXP 	Display Frame 1
383.1321 	DATA 	Keypress: equal
383.1341 	EXP 	Display Frame 0
383.1360 	EXP 	Display Fixation
384.6103 	DATA 	Keypress: equal
386.6223 	DATA 	Keypress: equal
388.1102 	DATA 	Keypress: equal
390.1215 	DATA 	Keypress: equal
391.6089 	DATA 	Keypress: equal
393.6199 	DATA 	Keypress: equal
395.1078 	DATA 	Keypress: equal
397.1192 	DATA 	Keypress: equal
398.6073 	DATA 	Keypress: equal
400.6190 	DATA 	Keypress: equal
402.1061 	DATA 	Keypress: equal
404.1188 	DATA 	Keypress: equal
405.6060 	DATA 	Keypress: equal
407.6170 	DATA 	Keypress: equal
409.1053 	DATA 	Keypress: equal
411.1165 	DATA 	Keypress: equal
412.6043 	DATA 	Keypress: equal
414.6152 	DATA 	Keypress: equal
416.1032 	DATA 	Keypress: equal
418.1139 	DATA 	Keypress: equal
418.2409 	EXP 	Display Frame 1
418.3658 	EXP 	Display Frame 0
418.4904 	EXP 	Display Frame 1
418.6156 	EXP 	Display Frame 0
418.7407 	EXP 	Display Frame 1
418.8657 	EXP 	Display Frame 0
418.9909 	EXP 	Display Frame 1
419.1157 	EXP 	Display Frame 0
419.2404 	EXP 	Display Frame 1
419.3656 	EXP 	Display Frame 0
419.4905 	EXP 	Display Frame 1
419.6154 	DATA 	Keypress: equal
419.6172 	EXP 	Display Frame 0
419.7405 	EXP 	Display Frame 1
419.8656 	EXP 	Display Frame 0
419.9907 	EXP 	Display Frame 1
420.1157 	EXP 	Display Frame 0
420.2407 	EXP 	Display Frame 1
420.3658 	EXP 	Display Frame 0
420.4907 	EXP 	Display Frame 1
420.6156 	EXP 	Display Frame 0
420.7407 	EXP 	Display Frame 1
420.8657 	EXP 	Display Frame 0
420.9906 	EXP 	Display Frame 1
421.1157 	EXP 	Display Frame 0
421.2407 	EXP 	Display Frame 1
421.3657 	EXP 	Display Frame 0
421.4908 	EXP 	Display Frame 1
421.6157 	EXP 	Display Frame 0
421.6167 	DATA 	Keypress: equal
421.7405 	EXP 	Display Frame 1
421.8656 	EXP 	Display Frame 0
421.9904 	EXP 	Display Frame 1
422.1154 	EXP 	Display Frame 0
422.2404 	EXP 	Display Frame 1
422.3661 	EXP 	Display Frame 0
422.4906 	EXP 	Display Frame 1
422.6155 	EXP 	Display Frame 0
422.7407 	EXP 	Display Frame 1
422.8657 	EXP 	Display Frame 0
422.9905 	EXP 	Display Frame 1
423.1153 	DATA 	Keypress: equal
423.1169 	EXP 	Display Frame 0
423.2406 	EXP 	Display Frame 1
423.3655 	EXP 	Display Frame 0
423.4908 	EXP 	Display Frame 1
423.6158 	EXP 	Display Frame 0
423.7413 	EXP 	Display Frame 1
423.8658 	EXP 	Display Frame 0
423.9906 	EXP 	Display Frame 1
424.1156 	EXP 	Display Frame 0
424.2406 	EXP 	Display Frame 1
424.3658 	EXP 	Display Frame 0
424.4907 	EXP 	Display Frame 1
424.6157 	EXP 	Display Frame 0
424.7407 	EXP 	Display Frame 1
424.8658 	EXP 	Display Frame 0
424.9906 	EXP 	Display Frame 1
425.1156 	DATA 	Keypress: equal
425.1175 	EXP 	Display Frame 0
425.2406 	EXP 	Display Frame 1
425.3657 	EXP 	Display Frame 0
425.4903 	EXP 	Display Frame 1
425.6157 	EXP 	Display Frame 0
425.7407 	EXP 	Display Frame 1
425.8657 	EXP 	Display Frame 0
425.9908 	EXP 	Display Frame 1
426.1157 	EXP 	Display Frame 0
426.2406 	EXP 	Display Frame 1
426.3656 	EXP 	Display Frame 0
426.4904 	EXP 	Display Frame 1
426.6154 	DATA 	Keypress: equal
426.6171 	EXP 	Display Frame 0
426.7405 	EXP 	Display Frame 1
426.8656 	EXP 	Display Frame 0
426.9907 	EXP 	Display Frame 1
427.1157 	EXP 	Display Frame 0
427.2407 	EXP 	Display Frame 1
427.3657 	EXP 	Display Frame 0
427.4906 	EXP 	Display Frame 1
427.6157 	EXP 	Display Frame 0
427.7407 	EXP 	Display Frame 1
427.8657 	EXP 	Display Frame 0
427.9907 	EXP 	Display Frame 1
428.1157 	EXP 	Display Frame 0
428.2406 	EXP 	Display Frame 1
428.3657 	EXP 	Display Frame 0
428.4907 	EXP 	Display Frame 1
428.6152 	DATA 	Keypress: equal
428.6170 	EXP 	Display Frame 0
428.7403 	EXP 	Display Frame 1
428.8658 	EXP 	Display Frame 0
428.9907 	EXP 	Display Frame 1
429.1156 	EXP 	Display Frame 0
429.2407 	EXP 	Display Frame 1
429.3657 	EXP 	Display Frame 0
429.4906 	EXP 	Display Frame 1
429.6159 	EXP 	Display Frame 0
429.7406 	EXP 	Display Frame 1
429.8656 	EXP 	Display Frame 0
429.9905 	EXP 	Display Frame 1
430.1153 	DATA 	Keypress: equal
430.1169 	EXP 	Display Frame 0
430.2407 	EXP 	Display Frame 1
430.3655 	EXP 	Display Frame 0
430.4908 	EXP 	Display Frame 1
430.6160 	EXP 	Display Frame 0
430.7406 	EXP 	Display Frame 1
430.8657 	EXP 	Display Frame 0
430.9907 	EXP 	Display Frame 1
431.1157 	EXP 	Display Frame 0
431.2406 	EXP 	Display Frame 1
431.3658 	EXP 	Display Frame 0
431.4906 	EXP 	Display Frame 1
431.6156 	EXP 	Display Frame 0
431.7407 	EXP 	Display Frame 1
431.8657 	EXP 	Display Frame 0
431.9906 	EXP 	Display Frame 1
432.1154 	DATA 	Keypress: equal
432.1175 	EXP 	Display Frame 0
432.2405 	EXP 	Display Frame 1
432.3659 	EXP 	Display Frame 0
432.4906 	EXP 	Display Frame 1
432.6157 	EXP 	Display Frame 0
432.7406 	EXP 	Display Frame 1
432.8656 	EXP 	Display Frame 0
432.9908 	EXP 	Display Frame 1
433.1157 	EXP 	Display Frame 0
433.2406 	EXP 	Display Frame 1
433.3658 	EXP 	Display Frame 0
433.4907 	EXP 	Display Frame 1
433.6158 	DATA 	Keypress: equal
433.6176 	EXP 	Display Frame 0
433.7406 	EXP 	Display Frame 1
433.8656 	EXP 	Display Frame 0
433.9909 	EXP 	Display Frame 1
434.1156 	EXP 	Display Frame 0
434.2406 	EXP 	Display Frame 1
434.3658 	EXP 	Display Frame 0
434.4907 	EXP 	Display Frame 1
434.6157 	EXP 	Display Frame 0
434.7407 	EXP 	Display Frame 1
434.8657 	EXP 	Display Frame 0
434.9909 	EXP 	Display Frame 1
435.1157 	EXP 	Display Frame 0
435.2407 	EXP 	Display Frame 1
435.3655 	EXP 	Display Frame 0
435.4906 	EXP 	Display Frame 1
435.6156 	DATA 	Keypress: equal
435.6176 	EXP 	Display Frame 0
435.7403 	EXP 	Display Frame 1
435.8658 	EXP 	Display Frame 0
435.9907 	EXP 	Display Frame 1
436.1158 	EXP 	Display Frame 0
436.2406 	EXP 	Display Frame 1
436.3657 	EXP 	Display Frame 0
436.4906 	EXP 	Display Frame 1
436.6157 	EXP 	Display Frame 0
436.7407 	EXP 	Display Frame 1
436.8657 	EXP 	Display Frame 0
436.9907 	EXP 	Display Frame 1
437.1152 	DATA 	Keypress: equal
437.1170 	EXP 	Display Frame 0
437.2404 	EXP 	Display Frame 1
437.3658 	EXP 	Display Frame 0
437.4907 	EXP 	Display Frame 1
437.6161 	EXP 	Display Frame 0
437.7409 	EXP 	Display Frame 1
437.8657 	EXP 	Display Frame 0
437.9907 	EXP 	Display Frame 1
438.1156 	EXP 	Display Frame 0
438.2407 	EXP 	Display Frame 1
438.3657 	EXP 	Display Frame 0
438.4906 	EXP 	Display Frame 1
438.6158 	EXP 	Display Frame 0
438.7407 	EXP 	Display Frame 1
438.8657 	EXP 	Display Frame 0
438.9905 	EXP 	Display Frame 1
439.1155 	DATA 	Keypress: equal
439.1175 	EXP 	Display Frame 0
439.2406 	EXP 	Display Frame 1
439.3655 	EXP 	Display Frame 0
439.4907 	EXP 	Display Frame 1
439.6157 	EXP 	Display Frame 0
439.7407 	EXP 	Display Frame 1
439.8657 	EXP 	Display Frame 0
439.9907 	EXP 	Display Frame 1
440.1157 	EXP 	Display Frame 0
440.2409 	EXP 	Display Frame 1
440.3657 	EXP 	Display Frame 0
440.4906 	EXP 	Display Frame 1
440.6158 	DATA 	Keypress: equal
440.6177 	EXP 	Display Frame 0
440.7407 	EXP 	Display Frame 1
440.8656 	EXP 	Display Frame 0
440.9906 	EXP 	Display Frame 1
441.1157 	EXP 	Display Frame 0
441.2407 	EXP 	Display Frame 1
441.3656 	EXP 	Display Frame 0
441.4908 	EXP 	Display Frame 1
441.6157 	EXP 	Display Frame 0
441.7406 	EXP 	Display Frame 1
441.8657 	EXP 	Display Frame 0
441.9907 	EXP 	Display Frame 1
442.1157 	EXP 	Display Frame 0
442.2404 	EXP 	Display Frame 1
442.3657 	EXP 	Display Frame 0
442.4907 	EXP 	Display Frame 1
442.6152 	DATA 	Keypress: equal
442.6168 	EXP 	Display Frame 0
442.7407 	EXP 	Display Frame 1
442.8656 	EXP 	Display Frame 0
442.9906 	EXP 	Display Frame 1
443.1157 	EXP 	Display Frame 0
443.2407 	EXP 	Display Frame 1
443.3657 	EXP 	Display Frame 0
443.4908 	EXP 	Display Frame 1
443.6157 	EXP 	Display Frame 0
443.7406 	EXP 	Display Frame 1
443.8658 	EXP 	Display Frame 0
443.9907 	EXP 	Display Frame 1
444.1150 	DATA 	Keypress: equal
444.1167 	EXP 	Display Frame 0
444.2407 	EXP 	Display Frame 1
444.3656 	EXP 	Display Frame 0
444.4905 	EXP 	Display Frame 1
444.6158 	EXP 	Display Frame 0
444.7407 	EXP 	Display Frame 1
444.8656 	EXP 	Display Frame 0
444.9909 	EXP 	Display Frame 1
445.1158 	EXP 	Display Frame 0
445.2407 	EXP 	Display Frame 1
445.3659 	EXP 	Display Frame 0
445.4907 	EXP 	Display Frame 1
445.6157 	EXP 	Display Frame 0
445.7406 	EXP 	Display Frame 1
445.8657 	EXP 	Display Frame 0
445.9906 	EXP 	Display Frame 1
446.1154 	DATA 	Keypress: equal
446.1170 	EXP 	Display Frame 0
446.2407 	EXP 	Display Frame 1
446.3656 	EXP 	Display Frame 0
446.4907 	EXP 	Display Frame 1
446.6157 	EXP 	Display Frame 0
446.7407 	EXP 	Display Frame 1
446.8657 	EXP 	Display Frame 0
446.9906 	EXP 	Display Frame 1
447.1157 	EXP 	Display Frame 0
447.2407 	EXP 	Display Frame 1
447.3657 	EXP 	Display Frame 0
447.4908 	EXP 	Display Frame 1
447.6150 	DATA 	Keypress: equal
447.6168 	EXP 	Display Frame 0
447.7405 	EXP 	Display Frame 1
447.8657 	EXP 	Display Frame 0
447.9907 	EXP 	Display Frame 1
448.1156 	EXP 	Display Frame 0
448.2408 	EXP 	Display Frame 1
448.3658 	EXP 	Display Frame 0
448.4906 	EXP 	Display Frame 1
448.6158 	EXP 	Display Frame 0
448.7407 	EXP 	Display Frame 1
448.8657 	EXP 	Display Frame 0
448.9906 	EXP 	Display Frame 1
449.1157 	EXP 	Display Frame 0
449.2407 	EXP 	Display Frame 1
449.3657 	EXP 	Display Frame 0
449.4908 	EXP 	Display Frame 1
449.6149 	DATA 	Keypress: equal
449.6167 	EXP 	Display Frame 0
449.7405 	EXP 	Display Frame 1
449.8658 	EXP 	Display Frame 0
449.9907 	EXP 	Display Frame 1
450.1157 	EXP 	Display Frame 0
450.2406 	EXP 	Display Frame 1
450.3657 	EXP 	Display Frame 0
450.4907 	EXP 	Display Frame 1
450.6157 	EXP 	Display Frame 0
450.7408 	EXP 	Display Frame 1
450.8662 	EXP 	Display Frame 0
450.9907 	EXP 	Display Frame 1
451.1155 	DATA 	Keypress: equal
451.1175 	EXP 	Display Frame 0
451.2407 	EXP 	Display Frame 1
451.3656 	EXP 	Display Frame 0
451.4906 	EXP 	Display Frame 1
451.6157 	EXP 	Display Frame 0
451.7406 	EXP 	Display Frame 1
451.8658 	EXP 	Display Frame 0
451.9906 	EXP 	Display Frame 1
452.1157 	EXP 	Display Frame 0
452.2406 	EXP 	Display Frame 1
452.3658 	EXP 	Display Frame 0
452.4907 	EXP 	Display Frame 1
452.6156 	EXP 	Display Frame 0
452.7406 	EXP 	Display Frame 1
452.8655 	EXP 	Display Frame 0
452.9907 	EXP 	Display Frame 1
453.1156 	DATA 	Keypress: equal
453.1176 	EXP 	Display Frame 0
453.1194 	EXP 	Display Fixation
454.5941 	DATA 	Keypress: equal
456.6054 	DATA 	Keypress: equal
458.0933 	DATA 	Keypress: equal
460.1053 	DATA 	Keypress: equal
461.5932 	DATA 	Keypress: equal
463.6045 	DATA 	Keypress: equal
465.0920 	DATA 	Keypress: equal
467.1031 	DATA 	Keypress: equal
468.5916 	DATA 	Keypress: equal
470.6021 	DATA 	Keypress: equal
472.0907 	DATA 	Keypress: equal
474.1016 	DATA 	Keypress: equal
475.5896 	DATA 	Keypress: equal
477.6014 	DATA 	Keypress: equal
479.0898 	DATA 	Keypress: equal
481.1002 	DATA 	Keypress: equal
482.5885 	DATA 	Keypress: equal
484.5991 	DATA 	Keypress: equal
486.0873 	DATA 	Keypress: equal
488.0983 	DATA 	Keypress: equal
488.2252 	EXP 	Display Frame 1
488.3500 	EXP 	Display Frame 0
488.4748 	EXP 	Display Frame 1
488.5995 	EXP 	Display Frame 0
488.7248 	EXP 	Display Frame 1
488.8498 	EXP 	Display Frame 0
488.9749 	EXP 	Display Frame 1
489.0999 	EXP 	Display Frame 0
489.2250 	EXP 	Display Frame 1
489.3498 	EXP 	Display Frame 0
489.4749 	EXP 	Display Frame 1
489.5997 	DATA 	Keypress: equal
489.6016 	EXP 	Display Frame 0
489.7247 	EXP 	Display Frame 1
489.8499 	EXP 	Display Frame 0
489.9749 	EXP 	Display Frame 1
490.0999 	EXP 	Display Frame 0
490.2249 	EXP 	Display Frame 1
490.3499 	EXP 	Display Frame 0
490.4748 	EXP 	Display Frame 1
490.5999 	EXP 	Display Frame 0
490.7249 	EXP 	Display Frame 1
490.8499 	EXP 	Display Frame 0
490.9750 	EXP 	Display Frame 1
491.0999 	EXP 	Display Frame 0
491.2249 	EXP 	Display Frame 1
491.3497 	EXP 	Display Frame 0
491.4748 	EXP 	Display Frame 1
491.5996 	DATA 	Keypress: equal
491.6015 	EXP 	Display Frame 0
491.7247 	EXP 	Display Frame 1
491.8505 	EXP 	Display Frame 0
491.9748 	EXP 	Display Frame 1
492.1000 	EXP 	Display Frame 0
492.2250 	EXP 	Display Frame 1
492.3499 	EXP 	Display Frame 0
492.4749 	EXP 	Display Frame 1
492.5999 	EXP 	Display Frame 0
492.7249 	EXP 	Display Frame 1
492.8499 	EXP 	Display Frame 0
492.9748 	EXP 	Display Frame 1
493.0996 	DATA 	Keypress: equal
493.1016 	EXP 	Display Frame 0
493.2247 	EXP 	Display Frame 1
493.3498 	EXP 	Display Frame 0
493.4748 	EXP 	Display Frame 1
493.5999 	EXP 	Display Frame 0
493.7248 	EXP 	Display Frame 1
493.8499 	EXP 	Display Frame 0
493.9747 	EXP 	Display Frame 1
494.0998 	EXP 	Display Frame 0
494.2250 	EXP 	Display Frame 1
494.3500 	EXP 	Display Frame 0
494.4749 	EXP 	Display Frame 1
494.6000 	EXP 	Display Frame 0
494.7249 	EXP 	Display Frame 1
494.8499 	EXP 	Display Frame 0
494.9748 	EXP 	Display Frame 1
495.0999 	DATA 	Keypress: equal
495.1020 	EXP 	Display Frame 0
495.2248 	EXP 	Display Frame 1
495.3499 	EXP 	Display Frame 0
495.4750 	EXP 	Display Frame 1
495.6000 	EXP 	Display Frame 0
495.7249 	EXP 	Display Frame 1
495.8500 	EXP 	Display Frame 0
495.9749 	EXP 	Display Frame 1
496.0999 	EXP 	Display Frame 0
496.2249 	EXP 	Display Frame 1
496.3499 	EXP 	Display Frame 0
496.4748 	EXP 	Display Frame 1
496.5994 	DATA 	Keypress: equal
496.6009 	EXP 	Display Frame 0
496.7248 	EXP 	Display Frame 1
496.8499 	EXP 	Display Frame 0
496.9748 	EXP 	Display Frame 1
497.0999 	EXP 	Display Frame 0
497.2249 	EXP 	Display Frame 1
497.3499 	EXP 	Display Frame 0
497.4749 	EXP 	Display Frame 1
497.5999 	EXP 	Display Frame 0
497.7248 	EXP 	Display Frame 1
497.8499 	EXP 	Display Frame 0
497.9749 	EXP 	Display Frame 1
498.0999 	EXP 	Display Frame 0
498.2249 	EXP 	Display Frame 1
498.3499 	EXP 	Display Frame 0
498.4748 	EXP 	Display Frame 1
498.5992 	DATA 	Keypress: equal
498.6008 	EXP 	Display Frame 0
498.7251 	EXP 	Display Frame 1
498.8498 	EXP 	Display Frame 0
498.9749 	EXP 	Display Frame 1
499.0999 	EXP 	Display Frame 0
499.2250 	EXP 	Display Frame 1
499.3498 	EXP 	Display Frame 0
499.4749 	EXP 	Display Frame 1
499.5999 	EXP 	Display Frame 0
499.7249 	EXP 	Display Frame 1
499.8500 	EXP 	Display Frame 0
499.9749 	EXP 	Display Frame 1
500.0999 	DATA 	Keypress: equal
500.1019 	EXP 	Display Frame 0
500.2247 	EXP 	Display Frame 1
500.3498 	EXP 	Display Frame 0
500.4749 	EXP 	Display Frame 1
500.6000 	EXP 	Display Frame 0
500.7250 	EXP 	Display Frame 1
500.8500 	EXP 	Display Frame 0
500.9750 	EXP 	Display Frame 1
501.0999 	EXP 	Display Frame 0
501.2249 	EXP 	Display Frame 1
501.3499 	EXP 	Display Frame 0
501.4748 	EXP 	Display Frame 1
501.5999 	EXP 	Display Frame 0
501.7248 	EXP 	Display Frame 1
501.8499 	EXP 	Display Frame 0
501.9750 	EXP 	Display Frame 1
502.0993 	DATA 	Keypress: equal
502.1011 	EXP 	Display Frame 0
502.2247 	EXP 	Display Frame 1
502.3499 	EXP 	Display Frame 0
502.4749 	EXP 	Display Frame 1
502.5999 	EXP 	Display Frame 0
502.7250 	EXP 	Display Frame 1
502.8499 	EXP 	Display Frame 0
502.9748 	EXP 	Display Frame 1
503.1001 	EXP 	Display Frame 0
503.2249 	EXP 	Display Frame 1
503.3499 	EXP 	Display Frame 0
503.4746 	EXP 	Display Frame 1
503.5991 	DATA 	Keypress: equal
503.6009 	EXP 	Display Frame 0
503.7248 	EXP 	Display Frame 1
503.8497 	EXP 	Display Frame 0
503.9750 	EXP 	Display Frame 1
504.0999 	EXP 	Display Frame 0
504.2248 	EXP 	Display Frame 1
504.3501 	EXP 	Display Frame 0
504.4747 	EXP 	Display Frame 1
504.5998 	EXP 	Display Frame 0
504.7247 	EXP 	Display Frame 1
504.8499 	EXP 	Display Frame 0
504.9749 	EXP 	Display Frame 1
505.0999 	EXP 	Display Frame 0
505.2250 	EXP 	Display Frame 1
505.3499 	EXP 	Display Frame 0
505.4748 	EXP 	Display Frame 1
505.5994 	DATA 	Keypress: equal
505.6013 	EXP 	Display Frame 0
505.7248 	EXP 	Display Frame 1
505.8498 	EXP 	Display Frame 0
505.9749 	EXP 	Display Frame 1
506.0999 	EXP 	Display Frame 0
506.2249 	EXP 	Display Frame 1
506.3500 	EXP 	Display Frame 0
506.4750 	EXP 	Display Frame 1
506.5999 	EXP 	Display Frame 0
506.7249 	EXP 	Display Frame 1
506.8498 	EXP 	Display Frame 0
506.9749 	EXP 	Display Frame 1
507.0993 	DATA 	Keypress: equal
507.1011 	EXP 	Display Frame 0
507.2247 	EXP 	Display Frame 1
507.3498 	EXP 	Display Frame 0
507.4749 	EXP 	Display Frame 1
507.5999 	EXP 	Display Frame 0
507.7249 	EXP 	Display Frame 1
507.8500 	EXP 	Display Frame 0
507.9748 	EXP 	Display Frame 1
508.0998 	EXP 	Display Frame 0
508.2249 	EXP 	Display Frame 1
508.3499 	EXP 	Display Frame 0
508.4748 	EXP 	Display Frame 1
508.6000 	EXP 	Display Frame 0
508.7249 	EXP 	Display Frame 1
508.8498 	EXP 	Display Frame 0
508.9749 	EXP 	Display Frame 1
509.0991 	DATA 	Keypress: equal
509.1009 	EXP 	Display Frame 0
509.2247 	EXP 	Display Frame 1
509.3500 	EXP 	Display Frame 0
509.4749 	EXP 	Display Frame 1
509.5999 	EXP 	Display Frame 0
509.7251 	EXP 	Display Frame 1
509.8500 	EXP 	Display Frame 0
509.9748 	EXP 	Display Frame 1
510.0999 	EXP 	Display Frame 0
510.2249 	EXP 	Display Frame 1
510.3499 	EXP 	Display Frame 0
510.4748 	EXP 	Display Frame 1
510.5998 	DATA 	Keypress: equal
510.6019 	EXP 	Display Frame 0
510.7248 	EXP 	Display Frame 1
510.8498 	EXP 	Display Frame 0
510.9750 	EXP 	Display Frame 1
511.1000 	EXP 	Display Frame 0
511.2249 	EXP 	Display Frame 1
511.3498 	EXP 	Display Frame 0
511.4749 	EXP 	Display Frame 1
511.5999 	EXP 	Display Frame 0
511.7248 	EXP 	Display Frame 1
511.8500 	EXP 	Display Frame 0
511.9749 	EXP 	Display Frame 1
512.0999 	EXP 	Display Frame 0
512.2251 	EXP 	Display Frame 1
512.3499 	EXP 	Display Frame 0
512.4748 	EXP 	Display Frame 1
512.5997 	DATA 	Keypress: equal
512.6013 	EXP 	Display Frame 0
512.7248 	EXP 	Display Frame 1
512.8498 	EXP 	Display Frame 0
512.9749 	EXP 	Display Frame 1
513.0999 	EXP 	Display Frame 0
513.2249 	EXP 	Display Frame 1
513.3499 	EXP 	Display Frame 0
513.4748 	EXP 	Display Frame 1
513.5999 	EXP 	Display Frame 0
513.7248 	EXP 	Display Frame 1
513.8499 	EXP 	Display Frame 0
513.9748 	EXP 	Display Frame 1
514.0997 	DATA 	Keypress: equal
514.1015 	EXP 	Display Frame 0
514.2247 	EXP 	Display Frame 1
514.3499 	EXP 	Display Frame 0
514.4749 	EXP 	Display Frame 1
514.5999 	EXP 	Display Frame 0
514.7250 	EXP 	Display Frame 1
514.8499 	EXP 	Display Frame 0
514.9749 	EXP 	Display Frame 1
515.0999 	EXP 	Display Frame 0
515.2249 	EXP 	Display Frame 1
515.3498 	EXP 	Display Frame 0
515.4747 	EXP 	Display Frame 1
515.5999 	EXP 	Display Frame 0
515.7248 	EXP 	Display Frame 1
515.8499 	EXP 	Display Frame 0
515.9749 	EXP 	Display Frame 1
516.0998 	DATA 	Keypress: equal
516.1016 	EXP 	Display Frame 0
516.2248 	EXP 	Display Frame 1
516.3499 	EXP 	Display Frame 0
516.4748 	EXP 	Display Frame 1
516.5999 	EXP 	Display Frame 0
516.7249 	EXP 	Display Frame 1
516.8499 	EXP 	Display Frame 0
516.9748 	EXP 	Display Frame 1
517.0999 	EXP 	Display Frame 0
517.2250 	EXP 	Display Frame 1
517.3499 	EXP 	Display Frame 0
517.4749 	EXP 	Display Frame 1
517.5993 	DATA 	Keypress: equal
517.6010 	EXP 	Display Frame 0
517.7247 	EXP 	Display Frame 1
517.8499 	EXP 	Display Frame 0
517.9749 	EXP 	Display Frame 1
518.0998 	EXP 	Display Frame 0
518.2247 	EXP 	Display Frame 1
518.3499 	EXP 	Display Frame 0
518.4749 	EXP 	Display Frame 1
518.5998 	EXP 	Display Frame 0
518.7249 	EXP 	Display Frame 1
518.8499 	EXP 	Display Frame 0
518.9748 	EXP 	Display Frame 1
519.1000 	EXP 	Display Frame 0
519.2247 	EXP 	Display Frame 1
519.3497 	EXP 	Display Frame 0
519.4751 	EXP 	Display Frame 1
519.5995 	DATA 	Keypress: equal
519.6014 	EXP 	Display Frame 0
519.7247 	EXP 	Display Frame 1
519.8499 	EXP 	Display Frame 0
519.9749 	EXP 	Display Frame 1
520.1000 	EXP 	Display Frame 0
520.2249 	EXP 	Display Frame 1
520.3499 	EXP 	Display Frame 0
520.4748 	EXP 	Display Frame 1
520.6000 	EXP 	Display Frame 0
520.7250 	EXP 	Display Frame 1
520.8499 	EXP 	Display Frame 0
520.9749 	EXP 	Display Frame 1
521.0999 	DATA 	Keypress: equal
521.1019 	EXP 	Display Frame 0
521.2248 	EXP 	Display Frame 1
521.3498 	EXP 	Display Frame 0
521.4749 	EXP 	Display Frame 1
521.5998 	EXP 	Display Frame 0
521.7248 	EXP 	Display Frame 1
521.8498 	EXP 	Display Frame 0
521.9749 	EXP 	Display Frame 1
522.0999 	EXP 	Display Frame 0
522.2249 	EXP 	Display Frame 1
522.3499 	EXP 	Display Frame 0
522.4749 	EXP 	Display Frame 1
522.5999 	EXP 	Display Frame 0
522.7250 	EXP 	Display Frame 1
522.8500 	EXP 	Display Frame 0
522.9749 	EXP 	Display Frame 1
523.0998 	DATA 	Keypress: equal
523.1016 	EXP 	Display Frame 0
523.1034 	EXP 	Display Fixation
524.5779 	DATA 	Keypress: equal
526.5899 	DATA 	Keypress: equal
528.0775 	DATA 	Keypress: equal
530.0879 	DATA 	Keypress: equal
531.5768 	DATA 	Keypress: equal
533.5880 	DATA 	Keypress: equal
535.0759 	DATA 	Keypress: equal
537.0877 	DATA 	Keypress: equal
538.5746 	DATA 	Keypress: equal
540.5874 	DATA 	Keypress: equal
542.0748 	DATA 	Keypress: equal
544.0858 	DATA 	Keypress: equal
545.5739 	DATA 	Keypress: equal
547.5848 	DATA 	Keypress: equal
549.0726 	DATA 	Keypress: equal
551.0833 	DATA 	Keypress: equal
552.5722 	DATA 	Keypress: equal
554.5830 	DATA 	Keypress: equal
556.0715 	DATA 	Keypress: equal
558.0828 	DATA 	Keypress: equal
558.2097 	EXP 	Display Frame 1
558.3344 	EXP 	Display Frame 0
558.4593 	EXP 	Display Frame 1
558.5844 	EXP 	Display Frame 0
558.7093 	EXP 	Display Frame 1
558.8345 	EXP 	Display Frame 0
558.9595 	EXP 	Display Frame 1
559.0845 	EXP 	Display Frame 0
559.2094 	EXP 	Display Frame 1
559.3345 	EXP 	Display Frame 0
559.4593 	EXP 	Display Frame 1
559.5844 	DATA 	Keypress: equal
559.5861 	EXP 	Display Frame 0
559.7093 	EXP 	Display Frame 1
559.8343 	EXP 	Display Frame 0
559.9595 	EXP 	Display Frame 1
560.0845 	EXP 	Display Frame 0
560.2095 	EXP 	Display Frame 1
560.3345 	EXP 	Display Frame 0
560.4596 	EXP 	Display Frame 1
560.5845 	EXP 	Display Frame 0
560.7094 	EXP 	Display Frame 1
560.8345 	EXP 	Display Frame 0
560.9594 	EXP 	Display Frame 1
561.0844 	EXP 	Display Frame 0
561.2095 	EXP 	Display Frame 1
561.3345 	EXP 	Display Frame 0
561.4594 	EXP 	Display Frame 1
561.5839 	DATA 	Keypress: equal
561.5857 	EXP 	Display Frame 0
561.7094 	EXP 	Display Frame 1
561.8343 	EXP 	Display Frame 0
561.9593 	EXP 	Display Frame 1
562.0845 	EXP 	Display Frame 0
562.2095 	EXP 	Display Frame 1
562.3345 	EXP 	Display Frame 0
562.4594 	EXP 	Display Frame 1
562.5844 	EXP 	Display Frame 0
562.7094 	EXP 	Display Frame 1
562.8343 	EXP 	Display Frame 0
562.9594 	EXP 	Display Frame 1
563.0838 	DATA 	Keypress: equal
563.0856 	EXP 	Display Frame 0
563.2095 	EXP 	Display Frame 1
563.3344 	EXP 	Display Frame 0
563.4593 	EXP 	Display Frame 1
563.5845 	EXP 	Display Frame 0
563.7095 	EXP 	Display Frame 1
563.8345 	EXP 	Display Frame 0
563.9593 	EXP 	Display Frame 1
564.0848 	EXP 	Display Frame 0
564.2094 	EXP 	Display Frame 1
564.3344 	EXP 	Display Frame 0
564.4593 	EXP 	Display Frame 1
564.5846 	EXP 	Display Frame 0
564.7094 	EXP 	Display Frame 1
564.8342 	EXP 	Display Frame 0
564.9595 	EXP 	Display Frame 1
565.0848 	DATA 	Keypress: equal
565.0869 	EXP 	Display Frame 0
565.2094 	EXP 	Display Frame 1
565.3344 	EXP 	Display Frame 0
565.4593 	EXP 	Display Frame 1
565.5844 	EXP 	Display Frame 0
565.7094 	EXP 	Display Frame 1
565.8345 	EXP 	Display Frame 0
565.9594 	EXP 	Display Frame 1
566.0845 	EXP 	Display Frame 0
566.2095 	EXP 	Display Frame 1
566.3344 	EXP 	Display Frame 0
566.4594 	EXP 	Display Frame 1
566.5839 	DATA 	Keypress: equal
566.5856 	EXP 	Display Frame 0
566.7094 	EXP 	Display Frame 1
566.8343 	EXP 	Display Frame 0
566.9594 	EXP 	Display Frame 1
567.0845 	EXP 	Display Frame 0
567.2094 	EXP 	Display Frame 1
567.3345 	EXP 	Display Frame 0
567.4594 	EXP 	Display Frame 1
567.5845 	EXP 	Display Frame 0
567.7094 	EXP 	Display Frame 1
567.8343 	EXP 	Display Frame 0
567.9596 	EXP 	Display Frame 1
568.0843 	EXP 	Display Frame 0
568.2093 	EXP 	Display Frame 1
568.3345 	EXP 	Display Frame 0
568.4594 	EXP 	Display Frame 1
568.5840 	DATA 	Keypress: equal
568.5858 	EXP 	Display Frame 0
568.7093 	EXP 	Display Frame 1
568.8346 	EXP 	Display Frame 0
568.9595 	EXP 	Display Frame 1
569.0843 	EXP 	Display Frame 0
569.2095 	EXP 	Display Frame 1
569.3345 	EXP 	Display Frame 0
569.4612 	EXP 	Display Frame 1
569.5844 	EXP 	Display Frame 0
569.7095 	EXP 	Display Frame 1
569.8342 	EXP 	Display Frame 0
569.9594 	EXP 	Display Frame 1
570.0840 	DATA 	Keypress: equal
570.0858 	EXP 	Display Frame 0
570.2092 	EXP 	Display Frame 1
570.3345 	EXP 	Display Frame 0
570.4595 	EXP 	Display Frame 1
570.5845 	EXP 	Display Frame 0
570.7095 	EXP 	Display Frame 1
570.8345 	EXP 	Display Frame 0
570.9593 	EXP 	Display Frame 1
571.0841 	EXP 	Display Frame 0
571.2094 	EXP 	Display Frame 1
571.3345 	EXP 	Display Frame 0
571.4594 	EXP 	Display Frame 1
571.5844 	EXP 	Display Frame 0
571.7094 	EXP 	Display Frame 1
571.8345 	EXP 	Display Frame 0
571.9598 	EXP 	Display Frame 1
572.0844 	DATA 	Keypress: equal
572.0862 	EXP 	Display Frame 0
572.2092 	EXP 	Display Frame 1
572.3345 	EXP 	Display Frame 0
572.4595 	EXP 	Display Frame 1
572.5844 	EXP 	Display Frame 0
572.7096 	EXP 	Display Frame 1
572.8344 	EXP 	Display Frame 0
572.9594 	EXP 	Display Frame 1
573.0843 	EXP 	Display Frame 0
573.2095 	EXP 	Display Frame 1
573.3344 	EXP 	Display Frame 0
573.4593 	EXP 	Display Frame 1
573.5844 	DATA 	Keypress: equal
573.5864 	EXP 	Display Frame 0
573.7094 	EXP 	Display Frame 1
573.8344 	EXP 	Display Frame 0
573.9593 	EXP 	Display Frame 1
574.0844 	EXP 	Display Frame 0
574.2095 	EXP 	Display Frame 1
574.3341 	EXP 	Display Frame 0
574.4595 	EXP 	Display Frame 1
574.5845 	EXP 	Display Frame 0
574.7092 	EXP 	Display Frame 1
574.8344 	EXP 	Display Frame 0
574.9593 	EXP 	Display Frame 1
575.0844 	EXP 	Display Frame 0
575.2095 	EXP 	Display Frame 1
575.3345 	EXP 	Display Frame 0
575.4593 	EXP 	Display Frame 1
575.5843 	DATA 	Keypress: equal
575.5859 	EXP 	Display Frame 0
575.7094 	EXP 	Display Frame 1
575.8343 	EXP 	Display Frame 0
575.9593 	EXP 	Display Frame 1
576.0845 	EXP 	Display Frame 0
576.2095 	EXP 	Display Frame 1
576.3345 	EXP 	Display Frame 0
576.4594 	EXP 	Display Frame 1
576.5844 	EXP 	Display Frame 0
576.7093 	EXP 	Display Frame 1
576.8346 	EXP 	Display Frame 0
576.9595 	EXP 	Display Frame 1
577.0841 	DATA 	Keypress: equal
577.0859 	EXP 	Display Frame 0
577.2092 	EXP 	Display Frame 1
577.3345 	EXP 	Display Frame 0
577.4595 	EXP 	Display Frame 1
577.5844 	EXP 	Display Frame 0
577.7095 	EXP 	Display Frame 1
577.8345 	EXP 	Display Frame 0
577.9593 	EXP 	Display Frame 1
578.0844 	EXP 	Display Frame 0
578.2094 	EXP 	Display Frame 1
578.3345 	EXP 	Display Frame 0
578.4594 	EXP 	Display Frame 1
578.5845 	EXP 	Display Frame 0
578.7093 	EXP 	Display Frame 1
578.8343 	EXP 	Display Frame 0
578.9598 	EXP 	Display Frame 1
579.0843 	DATA 	Keypress: equal
579.0860 	EXP 	Display Frame 0
579.2094 	EXP 	Display Frame 1
579.3344 	EXP 	Display Frame 0
579.4593 	EXP 	Display Frame 1
579.5843 	EXP 	Display Frame 0
579.7095 	EXP 	Display Frame 1
579.8341 	EXP 	Display Frame 0
579.9595 	EXP 	Display Frame 1
580.0845 	EXP 	Display Frame 0
580.2095 	EXP 	Display Frame 1
580.3345 	EXP 	Display Frame 0
580.4596 	EXP 	Display Frame 1
580.5845 	DATA 	Keypress: equal
580.5865 	EXP 	Display Frame 0
580.7092 	EXP 	Display Frame 1
580.8343 	EXP 	Display Frame 0
580.9595 	EXP 	Display Frame 1
581.0844 	EXP 	Display Frame 0
581.2093 	EXP 	Display Frame 1
581.3345 	EXP 	Display Frame 0
581.4594 	EXP 	Display Frame 1
581.5845 	EXP 	Display Frame 0
581.7094 	EXP 	Display Frame 1
581.8345 	EXP 	Display Frame 0
581.9594 	EXP 	Display Frame 1
582.0845 	EXP 	Display Frame 0
582.2094 	EXP 	Display Frame 1
582.3344 	EXP 	Display Frame 0
582.4595 	EXP 	Display Frame 1
582.5840 	DATA 	Keypress: equal
582.5857 	EXP 	Display Frame 0
582.7092 	EXP 	Display Frame 1
582.8344 	EXP 	Display Frame 0
582.9595 	EXP 	Display Frame 1
583.0844 	EXP 	Display Frame 0
583.2093 	EXP 	Display Frame 1
583.3345 	EXP 	Display Frame 0
583.4595 	EXP 	Display Frame 1
583.5845 	EXP 	Display Frame 0
583.7095 	EXP 	Display Frame 1
583.8345 	EXP 	Display Frame 0
583.9593 	EXP 	Display Frame 1
584.0844 	DATA 	Keypress: equal
584.0860 	EXP 	Display Frame 0
584.2093 	EXP 	Display Frame 1
584.3343 	EXP 	Display Frame 0
584.4593 	EXP 	Display Frame 1
584.5845 	EXP 	Display Frame 0
584.7092 	EXP 	Display Frame 1
584.8344 	EXP 	Display Frame 0
584.9595 	EXP 	Display Frame 1
585.0845 	EXP 	Display Frame 0
585.2094 	EXP 	Display Frame 1
585.3345 	EXP 	Display Frame 0
585.4605 	EXP 	Display Frame 1
585.5845 	EXP 	Display Frame 0
585.7095 	EXP 	Display Frame 1
585.8348 	EXP 	Display Frame 0
585.9594 	EXP 	Display Frame 1
586.0838 	DATA 	Keypress: equal
586.0855 	EXP 	Display Frame 0
586.2094 	EXP 	Display Frame 1
586.3345 	EXP 	Display Frame 0
586.4593 	EXP 	Display Frame 1
586.5845 	EXP 	Display Frame 0
586.7095 	EXP 	Display Frame 1
586.8344 	EXP 	Display Frame 0
586.9596 	EXP 	Display Frame 1
587.0846 	EXP 	Display Frame 0
587.2095 	EXP 	Display Frame 1
587.3343 	EXP 	Display Frame 0
587.4595 	EXP 	Display Frame 1
587.5838 	DATA 	Keypress: equal
587.5854 	EXP 	Display Frame 0
587.7092 	EXP 	Display Frame 1
587.8345 	EXP 	Display Frame 0
587.9593 	EXP 	Display Frame 1
588.0844 	EXP 	Display Frame 0
588.2095 	EXP 	Display Frame 1
588.3344 	EXP 	Display Frame 0
588.4594 	EXP 	Display Frame 1
588.5847 	EXP 	Display Frame 0
588.7094 	EXP 	Display Frame 1
588.8345 	EXP 	Display Frame 0
588.9593 	EXP 	Display Frame 1
589.0845 	EXP 	Display Frame 0
589.2095 	EXP 	Display Frame 1
589.3345 	EXP 	Display Frame 0
589.4596 	EXP 	Display Frame 1
589.5837 	DATA 	Keypress: equal
589.5856 	EXP 	Display Frame 0
589.7092 	EXP 	Display Frame 1
589.8343 	EXP 	Display Frame 0
589.9593 	EXP 	Display Frame 1
590.0845 	EXP 	Display Frame 0
590.2094 	EXP 	Display Frame 1
590.3345 	EXP 	Display Frame 0
590.4594 	EXP 	Display Frame 1
590.5844 	EXP 	Display Frame 0
590.7095 	EXP 	Display Frame 1
590.8344 	EXP 	Display Frame 0
590.9593 	EXP 	Display Frame 1
591.0843 	DATA 	Keypress: equal
591.0861 	EXP 	Display Frame 0
591.2094 	EXP 	Display Frame 1
591.3344 	EXP 	Display Frame 0
591.4593 	EXP 	Display Frame 1
591.5845 	EXP 	Display Frame 0
591.7094 	EXP 	Display Frame 1
591.8344 	EXP 	Display Frame 0
591.9595 	EXP 	Display Frame 1
592.0845 	EXP 	Display Frame 0
592.2093 	EXP 	Display Frame 1
592.3347 	EXP 	Display Frame 0
592.4595 	EXP 	Display Frame 1
592.5845 	EXP 	Display Frame 0
592.7095 	EXP 	Display Frame 1
592.8345 	EXP 	Display Frame 0
592.9595 	EXP 	Display Frame 1
593.0843 	DATA 	Keypress: equal
593.0862 	EXP 	Display Frame 0
593.0881 	EXP 	Display Fixation
594.5612 	DATA 	Keypress: equal
596.5740 	DATA 	Keypress: equal
598.0617 	DATA 	Keypress: equal
600.0733 	DATA 	Keypress: equal
601.5602 	DATA 	Keypress: equal
603.5720 	DATA 	Keypress: equal
605.0598 	DATA 	Keypress: equal
607.0704 	DATA 	Keypress: equal
608.5587 	DATA 	Keypress: equal
610.5697 	DATA 	Keypress: equal
612.0581 	DATA 	Keypress: equal
614.0702 	DATA 	Keypress: equal
615.5577 	DATA 	Keypress: equal
617.5690 	DATA 	Keypress: equal
619.0567 	DATA 	Keypress: equal
621.0680 	DATA 	Keypress: equal
622.5562 	DATA 	Keypress: equal
624.5668 	DATA 	Keypress: equal
626.0547 	DATA 	Keypress: equal
628.0664 	DATA 	Keypress: equal
628.1936 	EXP 	Display Frame 1
628.3182 	EXP 	Display Frame 0
628.4429 	EXP 	Display Frame 1
628.5684 	EXP 	Display Frame 0
628.6930 	EXP 	Display Frame 1
628.8181 	EXP 	Display Frame 0
628.9431 	EXP 	Display Frame 1
629.0682 	EXP 	Display Frame 0
629.1932 	EXP 	Display Frame 1
629.3181 	EXP 	Display Frame 0
629.4432 	EXP 	Display Frame 1
629.5681 	DATA 	Keypress: equal
629.5700 	EXP 	Display Frame 0
629.6930 	EXP 	Display Frame 1
629.8180 	EXP 	Display Frame 0
629.9432 	EXP 	Display Frame 1
630.0682 	EXP 	Display Frame 0
630.1931 	EXP 	Display Frame 1
630.3183 	EXP 	Display Frame 0
630.4431 	EXP 	Display Frame 1
630.5682 	EXP 	Display Frame 0
630.6934 	EXP 	Display Frame 1
630.8183 	EXP 	Display Frame 0
630.9432 	EXP 	Display Frame 1
631.0681 	EXP 	Display Frame 0
631.1932 	EXP 	Display Frame 1
631.3182 	EXP 	Display Frame 0
631.4431 	EXP 	Display Frame 1
631.5677 	DATA 	Keypress: equal
631.5695 	EXP 	Display Frame 0
631.6931 	EXP 	Display Frame 1
631.8180 	EXP 	Display Frame 0
631.9433 	EXP 	Display Frame 1
632.0682 	EXP 	Display Frame 0
632.1931 	EXP 	Display Frame 1
632.3183 	EXP 	Display Frame 0
632.4429 	EXP 	Display Frame 1
632.5679 	EXP 	Display Frame 0
632.6931 	EXP 	Display Frame 1
632.8181 	EXP 	Display Frame 0
632.9432 	EXP 	Display Frame 1
633.0680 	DATA 	Keypress: equal
633.0697 	EXP 	Display Frame 0
633.1931 	EXP 	Display Frame 1
633.3182 	EXP 	Display Frame 0
633.4431 	EXP 	Display Frame 1
633.5682 	EXP 	Display Frame 0
633.6937 	EXP 	Display Frame 1
633.8182 	EXP 	Display Frame 0
633.9431 	EXP 	Display Frame 1
634.0683 	EXP 	Display Frame 0
634.1931 	EXP 	Display Frame 1
634.3181 	EXP 	Display Frame 0
634.4432 	EXP 	Display Frame 1
634.5682 	EXP 	Display Frame 0
634.6934 	EXP 	Display Frame 1
634.8181 	EXP 	Display Frame 0
634.9431 	EXP 	Display Frame 1
635.0679 	DATA 	Keypress: equal
635.0698 	EXP 	Display Frame 0
635.1931 	EXP 	Display Frame 1
635.3180 	EXP 	Display Frame 0
635.4431 	EXP 	Display Frame 1
635.5681 	EXP 	Display Frame 0
635.6932 	EXP 	Display Frame 1
635.8182 	EXP 	Display Frame 0
635.9431 	EXP 	Display Frame 1
636.0682 	EXP 	Display Frame 0
636.1933 	EXP 	Display Frame 1
636.3182 	EXP 	Display Frame 0
636.4433 	EXP 	Display Frame 1
636.5676 	DATA 	Keypress: equal
636.5694 	EXP 	Display Frame 0
636.6931 	EXP 	Display Frame 1
636.8179 	EXP 	Display Frame 0
636.9432 	EXP 	Display Frame 1
637.0682 	EXP 	Display Frame 0
637.1931 	EXP 	Display Frame 1
637.3182 	EXP 	Display Frame 0
637.4431 	EXP 	Display Frame 1
637.5681 	EXP 	Display Frame 0
637.6944 	EXP 	Display Frame 1
637.8184 	EXP 	Display Frame 0
637.9429 	EXP 	Display Frame 1
638.0682 	EXP 	Display Frame 0
638.1932 	EXP 	Display Frame 1
638.3182 	EXP 	Display Frame 0
638.4431 	EXP 	Display Frame 1
638.5683 	DATA 	Keypress: equal
638.5703 	EXP 	Display Frame 0
638.6929 	EXP 	Display Frame 1
638.8181 	EXP 	Display Frame 0
638.9432 	EXP 	Display Frame 1
639.0682 	EXP 	Display Frame 0
639.1931 	EXP 	Display Frame 1
639.3182 	EXP 	Display Frame 0
639.4432 	EXP 	Display Frame 1
639.5682 	EXP 	Display Frame 0
639.6933 	EXP 	Display Frame 1
639.8181 	EXP 	Display Frame 0
639.9431 	EXP 	Display Frame 1
640.0676 	DATA 	Keypress: equal
640.0693 	EXP 	Display Frame 0
640.1931 	EXP 	Display Frame 1
640.3182 	EXP 	Display Frame 0
640.4431 	EXP 	Display Frame 1
640.5682 	EXP 	Display Frame 0
640.6935 	EXP 	Display Frame 1
640.8182 	EXP 	Display Frame 0
640.9432 	EXP 	Display Frame 1
641.0682 	EXP 	Display Frame 0
641.1931 	EXP 	Display Frame 1
641.3182 	EXP 	Display Frame 0
641.4432 	EXP 	Display Frame 1
641.5682 	EXP 	Display Frame 0
641.6931 	EXP 	Display Frame 1
641.8183 	EXP 	Display Frame 0
641.9432 	EXP 	Display Frame 1
642.0681 	DATA 	Keypress: equal
642.0700 	EXP 	Display Frame 0
642.1931 	EXP 	Display Frame 1
642.3181 	EXP 	Display Frame 0
642.4431 	EXP 	Display Frame 1
642.5683 	EXP 	Display Frame 0
642.6932 	EXP 	Display Frame 1
642.8182 	EXP 	Display Frame 0
642.9435 	EXP 	Display Frame 1
643.0680 	EXP 	Display Frame 0
643.1930 	EXP 	Display Frame 1
643.3180 	EXP 	Display Frame 0
643.4433 	EXP 	Display Frame 1
643.5681 	DATA 	Keypress: equal
643.5702 	EXP 	Display Frame 0
643.6930 	EXP 	Display Frame 1
643.8182 	EXP 	Display Frame 0
643.9433 	EXP 	Display Frame 1
644.0685 	EXP 	Display Frame 0
644.1931 	EXP 	Display Frame 1
644.3183 	EXP 	Display Frame 0
644.4432 	EXP 	Display Frame 1
644.5681 	EXP 	Display Frame 0
644.6933 	EXP 	Display Frame 1
644.8182 	EXP 	Display Frame 0
644.9433 	EXP 	Display Frame 1
645.0682 	EXP 	Display Frame 0
645.1931 	EXP 	Display Frame 1
645.3181 	EXP 	Display Frame 0
645.4432 	EXP 	Display Frame 1
645.5680 	DATA 	Keypress: equal
645.5700 	EXP 	Display Frame 0
645.6930 	EXP 	Display Frame 1
645.8181 	EXP 	Display Frame 0
645.9432 	EXP 	Display Frame 1
646.0682 	EXP 	Display Frame 0
646.1933 	EXP 	Display Frame 1
646.3183 	EXP 	Display Frame 0
646.4432 	EXP 	Display Frame 1
646.5680 	EXP 	Display Frame 0
646.6932 	EXP 	Display Frame 1
646.8182 	EXP 	Display Frame 0
646.9431 	EXP 	Display Frame 1
647.0676 	DATA 	Keypress: equal
647.0695 	EXP 	Display Frame 0
647.1931 	EXP 	Display Frame 1
647.3182 	EXP 	Display Frame 0
647.4432 	EXP 	Display Frame 1
647.5684 	EXP 	Display Frame 0
647.6933 	EXP 	Display Frame 1
647.8185 	EXP 	Display Frame 0
647.9432 	EXP 	Display Frame 1
648.0682 	EXP 	Display Frame 0
648.1929 	EXP 	Display Frame 1
648.3182 	EXP 	Display Frame 0
648.4432 	EXP 	Display Frame 1
648.5681 	EXP 	Display Frame 0
648.6933 	EXP 	Display Frame 1
648.8181 	EXP 	Display Frame 0
648.9431 	EXP 	Display Frame 1
649.0680 	DATA 	Keypress: equal
649.0701 	EXP 	Display Frame 0
649.1930 	EXP 	Display Frame 1
649.3182 	EXP 	Display Frame 0
649.4431 	EXP 	Display Frame 1
649.5683 	EXP 	Display Frame 0
649.6933 	EXP 	Display Frame 1
649.8181 	EXP 	Display Frame 0
649.9432 	EXP 	Display Frame 1
650.0682 	EXP 	Display Frame 0
650.1931 	EXP 	Display Frame 1
650.3183 	EXP 	Display Frame 0
650.4432 	EXP 	Display Frame 1
650.5676 	DATA 	Keypress: equal
650.5695 	EXP 	Display Frame 0
650.6931 	EXP 	Display Frame 1
650.8183 	EXP 	Display Frame 0
650.9431 	EXP 	Display Frame 1
651.0682 	EXP 	Display Frame 0
651.1933 	EXP 	Display Frame 1
651.3182 	EXP 	Display Frame 0
651.4431 	EXP 	Display Frame 1
651.5683 	EXP 	Display Frame 0
651.6931 	EXP 	Display Frame 1
651.8180 	EXP 	Display Frame 0
651.9431 	EXP 	Display Frame 1
652.0683 	EXP 	Display Frame 0
652.1931 	EXP 	Display Frame 1
652.3182 	EXP 	Display Frame 0
652.4432 	EXP 	Display Frame 1
652.5679 	DATA 	Keypress: equal
652.5698 	EXP 	Display Frame 0
652.6930 	EXP 	Display Frame 1
652.8183 	EXP 	Display Frame 0
652.9431 	EXP 	Display Frame 1
653.0681 	EXP 	Display Frame 0
653.1932 	EXP 	Display Frame 1
653.3182 	EXP 	Display Frame 0
653.4431 	EXP 	Display Frame 1
653.5682 	EXP 	Display Frame 0
653.6930 	EXP 	Display Frame 1
653.8181 	EXP 	Display Frame 0
653.9431 	EXP 	Display Frame 1
654.0679 	DATA 	Keypress: equal
654.0696 	EXP 	Display Frame 0
654.1930 	EXP 	Display Frame 1
654.3178 	EXP 	Display Frame 0
654.4431 	EXP 	Display Frame 1
654.5679 	EXP 	Display Frame 0
654.6933 	EXP 	Display Frame 1
654.8181 	EXP 	Display Frame 0
654.9431 	EXP 	Display Frame 1
655.0681 	EXP 	Display Frame 0
655.1932 	EXP 	Display Frame 1
655.3182 	EXP 	Display Frame 0
655.4431 	EXP 	Display Frame 1
655.5681 	EXP 	Display Frame 0
655.6932 	EXP 	Display Frame 1
655.8203 	EXP 	Display Frame 0
655.9429 	EXP 	Display Frame 1
656.0679 	DATA 	Keypress: equal
656.0698 	EXP 	Display Frame 0
656.1930 	EXP 	Display Frame 1
656.3179 	EXP 	Display Frame 0
656.4432 	EXP 	Display Frame 1
656.5682 	EXP 	Display Frame 0
656.6931 	EXP 	Display Frame 1
656.8183 	EXP 	Display Frame 0
656.9432 	EXP 	Display Frame 1
657.0681 	EXP 	Display Frame 0
657.1932 	EXP 	Display Frame 1
657.3182 	EXP 	Display Frame 0
657.4431 	EXP 	Display Frame 1
657.5675 	DATA 	Keypress: equal
657.5694 	EXP 	Display Frame 0
657.6930 	EXP 	Display Frame 1
657.8182 	EXP 	Display Frame 0
657.9431 	EXP 	Display Frame 1
658.0682 	EXP 	Display Frame 0
658.1930 	EXP 	Display Frame 1
658.3182 	EXP 	Display Frame 0
658.4432 	EXP 	Display Frame 1
658.5682 	EXP 	Display Frame 0
658.6931 	EXP 	Display Frame 1
658.8182 	EXP 	Display Frame 0
658.9432 	EXP 	Display Frame 1
659.0679 	EXP 	Display Frame 0
659.1930 	EXP 	Display Frame 1
659.3183 	EXP 	Display Frame 0
659.4432 	EXP 	Display Frame 1
659.5681 	DATA 	Keypress: equal
659.5697 	EXP 	Display Frame 0
659.6930 	EXP 	Display Frame 1
659.8182 	EXP 	Display Frame 0
659.9430 	EXP 	Display Frame 1
660.0682 	EXP 	Display Frame 0
660.1932 	EXP 	Display Frame 1
660.3182 	EXP 	Display Frame 0
660.4432 	EXP 	Display Frame 1
660.5682 	EXP 	Display Frame 0
660.6931 	EXP 	Display Frame 1
660.8183 	EXP 	Display Frame 0
660.9432 	EXP 	Display Frame 1
661.0675 	DATA 	Keypress: equal
661.0693 	EXP 	Display Frame 0
661.1930 	EXP 	Display Frame 1
661.3182 	EXP 	Display Frame 0
661.4436 	EXP 	Display Frame 1
661.5684 	EXP 	Display Frame 0
661.6932 	EXP 	Display Frame 1
661.8182 	EXP 	Display Frame 0
661.9431 	EXP 	Display Frame 1
662.0683 	EXP 	Display Frame 0
662.1931 	EXP 	Display Frame 1
662.3182 	EXP 	Display Frame 0
662.4430 	EXP 	Display Frame 1
662.5681 	EXP 	Display Frame 0
662.6931 	EXP 	Display Frame 1
662.8182 	EXP 	Display Frame 0
662.9433 	EXP 	Display Frame 1
663.0682 	DATA 	Keypress: equal
663.0703 	EXP 	Display Frame 0
663.0738 	EXP 	Display Fixation
664.5460 	DATA 	Keypress: equal
666.5566 	DATA 	Keypress: equal
668.0450 	DATA 	Keypress: equal
670.0576 	DATA 	Keypress: equal
671.5450 	DATA 	Keypress: equal
673.5559 	DATA 	Keypress: equal
675.0435 	DATA 	Keypress: equal
677.0552 	DATA 	Keypress: equal
678.5432 	DATA 	Keypress: equal
680.5543 	DATA 	Keypress: equal
682.0420 	DATA 	Keypress: equal
684.0536 	DATA 	Keypress: equal
685.5412 	DATA 	Keypress: equal
687.5524 	DATA 	Keypress: equal
689.0401 	DATA 	Keypress: equal
691.0522 	DATA 	Keypress: equal
692.5395 	DATA 	Keypress: equal
694.5514 	DATA 	Keypress: equal
696.0394 	DATA 	Keypress: equal
698.0505 	DATA 	Keypress: equal
698.1774 	EXP 	Display Frame 1
698.3022 	EXP 	Display Frame 0
698.4271 	EXP 	Display Frame 1
698.5522 	EXP 	Display Frame 0
698.6773 	EXP 	Display Frame 1
698.8024 	EXP 	Display Frame 0
698.9273 	EXP 	Display Frame 1
699.0524 	EXP 	Display Frame 0
699.1773 	EXP 	Display Frame 1
699.3022 	EXP 	Display Frame 0
699.4271 	EXP 	Display Frame 1
699.5519 	DATA 	Keypress: equal
699.5537 	EXP 	Display Frame 0
699.6771 	EXP 	Display Frame 1
699.8020 	EXP 	Display Frame 0
699.9273 	EXP 	Display Frame 1
700.0522 	EXP 	Display Frame 0
700.1774 	EXP 	Display Frame 1
700.3022 	EXP 	Display Frame 0
700.4274 	EXP 	Display Frame 1
700.5522 	EXP 	Display Frame 0
700.6772 	EXP 	Display Frame 1
700.8022 	EXP 	Display Frame 0
700.9272 	EXP 	Display Frame 1
701.0523 	EXP 	Display Frame 0
701.1773 	EXP 	Display Frame 1
701.3023 	EXP 	Display Frame 0
701.4272 	EXP 	Display Frame 1
701.5520 	DATA 	Keypress: equal
701.5542 	EXP 	Display Frame 0
701.6771 	EXP 	Display Frame 1
701.8024 	EXP 	Display Frame 0
701.9270 	EXP 	Display Frame 1
702.0522 	EXP 	Display Frame 0
702.1771 	EXP 	Display Frame 1
702.3022 	EXP 	Display Frame 0
702.4273 	EXP 	Display Frame 1
702.5523 	EXP 	Display Frame 0
702.6771 	EXP 	Display Frame 1
702.8023 	EXP 	Display Frame 0
702.9282 	EXP 	Display Frame 1
703.0520 	DATA 	Keypress: equal
703.0541 	EXP 	Display Frame 0
703.1771 	EXP 	Display Frame 1
703.3022 	EXP 	Display Frame 0
703.4270 	EXP 	Display Frame 1
703.5525 	EXP 	Display Frame 0
703.6773 	EXP 	Display Frame 1
703.8023 	EXP 	Display Frame 0
703.9272 	EXP 	Display Frame 1
704.0524 	EXP 	Display Frame 0
704.1772 	EXP 	Display Frame 1
704.3022 	EXP 	Display Frame 0
704.4273 	EXP 	Display Frame 1
704.5523 	EXP 	Display Frame 0
704.6771 	EXP 	Display Frame 1
704.8021 	EXP 	Display Frame 0
704.9275 	EXP 	Display Frame 1
705.0519 	DATA 	Keypress: equal
705.0537 	EXP 	Display Frame 0
705.1774 	EXP 	Display Frame 1
705.3022 	EXP 	Display Frame 0
705.4271 	EXP 	Display Frame 1
705.5524 	EXP 	Display Frame 0
705.6773 	EXP 	Display Frame 1
705.8022 	EXP 	Display Frame 0
705.9272 	EXP 	Display Frame 1
706.0523 	EXP 	Display Frame 0
706.1773 	EXP 	Display Frame 1
706.3021 	EXP 	Display Frame 0
706.4272 	EXP 	Display Frame 1
706.5519 	DATA 	Keypress: equal
706.5538 	EXP 	Display Frame 0
706.6770 	EXP 	Display Frame 1
706.8023 	EXP 	Display Frame 0
706.9273 	EXP 	Display Frame 1
707.0522 	EXP 	Display Frame 0
707.1773 	EXP 	Display Frame 1
707.3023 	EXP 	Display Frame 0
707.4272 	EXP 	Display Frame 1
707.5520 	EXP 	Display Frame 0
707.6772 	EXP 	Display Frame 1
707.8022 	EXP 	Display Frame 0
707.9272 	EXP 	Display Frame 1
708.0522 	EXP 	Display Frame 0
708.1770 	EXP 	Display Frame 1
708.3022 	EXP 	Display Frame 0
708.4273 	EXP 	Display Frame 1
708.5522 	DATA 	Keypress: equal
708.5541 	EXP 	Display Frame 0
708.6772 	EXP 	Display Frame 1
708.8023 	EXP 	Display Frame 0
708.9272 	EXP 	Display Frame 1
709.0522 	EXP 	Display Frame 0
709.1772 	EXP 	Display Frame 1
709.3023 	EXP 	Display Frame 0
709.4272 	EXP 	Display Frame 1
709.5521 	EXP 	Display Frame 0
709.6772 	EXP 	Display Frame 1
709.8023 	EXP 	Display Frame 0
709.9273 	EXP 	Display Frame 1
710.0522 	DATA 	Keypress: equal
710.0541 	EXP 	Display Frame 0
710.1771 	EXP 	Display Frame 1
710.3023 	EXP 	Display Frame 0
710.4274 	EXP 	Display Frame 1
710.5523 	EXP 	Display Frame 0
710.6771 	EXP 	Display Frame 1
710.8021 	EXP 	Display Frame 0
710.9272 	EXP 	Display Frame 1
711.0522 	EXP 	Display Frame 0
711.1772 	EXP 	Display Frame 1
711.3023 	EXP 	Display Frame 0
711.4273 	EXP 	Display Frame 1
711.5523 	EXP 	Display Frame 0
711.6773 	EXP 	Display Frame 1
711.8023 	EXP 	Display Frame 0
711.9271 	EXP 	Display Frame 1
712.0517 	DATA 	Keypress: equal
712.0534 	EXP 	Display Frame 0
712.1771 	EXP 	Display Frame 1
712.3022 	EXP 	Display Frame 0
712.4272 	EXP 	Display Frame 1
712.5523 	EXP 	Display Frame 0
712.6773 	EXP 	Display Frame 1
712.8022 	EXP 	Display Frame 0
712.9273 	EXP 	Display Frame 1
713.0523 	EXP 	Display Frame 0
713.1788 	EXP 	Display Frame 1
713.3025 	EXP 	Display Frame 0
713.4273 	EXP 	Display Frame 1
713.5522 	DATA 	Keypress: equal
713.5541 	EXP 	Display Frame 0
713.6774 	EXP 	Display Frame 1
713.8022 	EXP 	Display Frame 0
713.9272 	EXP 	Display Frame 1
714.0521 	EXP 	Display Frame 0
714.1773 	EXP 	Display Frame 1
714.3020 	EXP 	Display Frame 0
714.4270 	EXP 	Display Frame 1
714.5521 	EXP 	Display Frame 0
714.6771 	EXP 	Display Frame 1
714.8022 	EXP 	Display Frame 0
714.9274 	EXP 	Display Frame 1
715.0523 	EXP 	Display Frame 0
715.1775 	EXP 	Display Frame 1
715.3024 	EXP 	Display Frame 0
715.4273 	EXP 	Display Frame 1
715.5522 	DATA 	Keypress: equal
715.5541 	EXP 	Display Frame 0
715.6770 	EXP 	Display Frame 1
715.8022 	EXP 	Display Frame 0
715.9270 	EXP 	Display Frame 1
716.0521 	EXP 	Display Frame 0
716.1783 	EXP 	Display Frame 1
716.3019 	EXP 	Display Frame 0
716.4272 	EXP 	Display Frame 1
716.5523 	EXP 	Display Frame 0
716.6773 	EXP 	Display Frame 1
716.8022 	EXP 	Display Frame 0
716.9273 	EXP 	Display Frame 1
717.0523 	DATA 	Keypress: equal
717.0541 	EXP 	Display Frame 0
717.1771 	EXP 	Display Frame 1
717.3023 	EXP 	Display Frame 0
717.4273 	EXP 	Display Frame 1
717.5523 	EXP 	Display Frame 0
717.6771 	EXP 	Display Frame 1
717.8024 	EXP 	Display Frame 0
717.9273 	EXP 	Display Frame 1
718.0521 	EXP 	Display Frame 0
718.1771 	EXP 	Display Frame 1
718.3023 	EXP 	Display Frame 0
718.4272 	EXP 	Display Frame 1
718.5520 	EXP 	Display Frame 0
718.6772 	EXP 	Display Frame 1
718.8023 	EXP 	Display Frame 0
718.9271 	EXP 	Display Frame 1
719.0521 	DATA 	Keypress: equal
719.0539 	EXP 	Display Frame 0
719.1771 	EXP 	Display Frame 1
719.3020 	EXP 	Display Frame 0
719.4273 	EXP 	Display Frame 1
719.5523 	EXP 	Display Frame 0
719.6773 	EXP 	Display Frame 1
719.8021 	EXP 	Display Frame 0
719.9272 	EXP 	Display Frame 1
720.0523 	EXP 	Display Frame 0
720.1772 	EXP 	Display Frame 1
720.3023 	EXP 	Display Frame 0
720.4272 	EXP 	Display Frame 1
720.5521 	DATA 	Keypress: equal
720.5538 	EXP 	Display Frame 0
720.6771 	EXP 	Display Frame 1
720.8021 	EXP 	Display Frame 0
720.9272 	EXP 	Display Frame 1
721.0523 	EXP 	Display Frame 0
721.1773 	EXP 	Display Frame 1
721.3023 	EXP 	Display Frame 0
721.4271 	EXP 	Display Frame 1
721.5523 	EXP 	Display Frame 0
721.6772 	EXP 	Display Frame 1
721.8022 	EXP 	Display Frame 0
721.9272 	EXP 	Display Frame 1
722.0523 	EXP 	Display Frame 0
722.1768 	EXP 	Display Frame 1
722.3022 	EXP 	Display Frame 0
722.4274 	EXP 	Display Frame 1
722.5519 	DATA 	Keypress: equal
722.5536 	EXP 	Display Frame 0
722.6770 	EXP 	Display Frame 1
722.8022 	EXP 	Display Frame 0
722.9271 	EXP 	Display Frame 1
723.0520 	EXP 	Display Frame 0
723.1775 	EXP 	Display Frame 1
723.3022 	EXP 	Display Frame 0
723.4271 	EXP 	Display Frame 1
723.5522 	EXP 	Display Frame 0
723.6771 	EXP 	Display Frame 1
723.8021 	EXP 	Display Frame 0
723.9273 	EXP 	Display Frame 1
724.0523 	DATA 	Keypress: equal
724.0540 	EXP 	Display Frame 0
724.1770 	EXP 	Display Frame 1
724.3020 	EXP 	Display Frame 0
724.4272 	EXP 	Display Frame 1
724.5523 	EXP 	Display Frame 0
724.6771 	EXP 	Display Frame 1
724.8023 	EXP 	Display Frame 0
724.9272 	EXP 	Display Frame 1
725.0522 	EXP 	Display Frame 0
725.1773 	EXP 	Display Frame 1
725.3022 	EXP 	Display Frame 0
725.4271 	EXP 	Display Frame 1
725.5524 	EXP 	Display Frame 0
725.6772 	EXP 	Display Frame 1
725.8022 	EXP 	Display Frame 0
725.9272 	EXP 	Display Frame 1
726.0517 	DATA 	Keypress: equal
726.0535 	EXP 	Display Frame 0
726.1770 	EXP 	Display Frame 1
726.3024 	EXP 	Display Frame 0
726.4272 	EXP 	Display Frame 1
726.5523 	EXP 	Display Frame 0
726.6770 	EXP 	Display Frame 1
726.8023 	EXP 	Display Frame 0
726.9272 	EXP 	Display Frame 1
727.0521 	EXP 	Display Frame 0
727.1772 	EXP 	Display Frame 1
727.3023 	EXP 	Display Frame 0
727.4271 	EXP 	Display Frame 1
727.5515 	DATA 	Keypress: equal
727.5533 	EXP 	Display Frame 0
727.6771 	EXP 	Display Frame 1
727.8022 	EXP 	Display Frame 0
727.9274 	EXP 	Display Frame 1
728.0523 	EXP 	Display Frame 0
728.1774 	EXP 	Display Frame 1
728.3024 	EXP 	Display Frame 0
728.4272 	EXP 	Display Frame 1
728.5521 	EXP 	Display Frame 0
728.6770 	EXP 	Display Frame 1
728.8023 	EXP 	Display Frame 0
728.9273 	EXP 	Display Frame 1
729.0522 	EXP 	Display Frame 0
729.1774 	EXP 	Display Frame 1
729.3021 	EXP 	Display Frame 0
729.4270 	EXP 	Display Frame 1
729.5521 	DATA 	Keypress: equal
729.5539 	EXP 	Display Frame 0
729.6772 	EXP 	Display Frame 1
729.8022 	EXP 	Display Frame 0
729.9271 	EXP 	Display Frame 1
730.0526 	EXP 	Display Frame 0
730.1772 	EXP 	Display Frame 1
730.3022 	EXP 	Display Frame 0
730.4272 	EXP 	Display Frame 1
730.5521 	EXP 	Display Frame 0
730.6772 	EXP 	Display Frame 1
730.8023 	EXP 	Display Frame 0
730.9272 	EXP 	Display Frame 1
731.0522 	DATA 	Keypress: equal
731.0540 	EXP 	Display Frame 0
731.1772 	EXP 	Display Frame 1
731.3021 	EXP 	Display Frame 0
731.4270 	EXP 	Display Frame 1
731.5525 	EXP 	Display Frame 0
731.6771 	EXP 	Display Frame 1
731.8023 	EXP 	Display Frame 0
731.9271 	EXP 	Display Frame 1
732.0523 	EXP 	Display Frame 0
732.1773 	EXP 	Display Frame 1
732.3021 	EXP 	Display Frame 0
732.4272 	EXP 	Display Frame 1
732.5523 	EXP 	Display Frame 0
732.6771 	EXP 	Display Frame 1
732.8023 	EXP 	Display Frame 0
732.9272 	EXP 	Display Frame 1
733.0523 	EXP 	Display Frame 0
733.1773 	EXP 	Display Frame 1
733.3023 	EXP 	Display Frame 0
733.4273 	EXP 	Display Frame 1
733.5525 	EXP 	Display Frame 0
733.6772 	EXP 	Display Frame 1
733.8024 	EXP 	Display Frame 0
733.9270 	EXP 	Display Frame 1
734.0521 	EXP 	Display Frame 0
734.1773 	EXP 	Display Frame 1
734.3022 	EXP 	Display Frame 0
734.4271 	EXP 	Display Frame 1
734.5522 	EXP 	Display Frame 0
734.6773 	EXP 	Display Frame 1
734.8023 	EXP 	Display Frame 0
734.9273 	EXP 	Display Frame 1
735.0523 	EXP 	Display Frame 0
735.1771 	EXP 	Display Frame 1
735.3024 	EXP 	Display Frame 0
735.4272 	EXP 	Display Frame 1
735.5522 	EXP 	Display Frame 0
735.6773 	EXP 	Display Frame 1
735.8022 	EXP 	Display Frame 0
735.9272 	EXP 	Display Frame 1
736.0523 	EXP 	Display Frame 0
736.1773 	EXP 	Display Frame 1
736.3022 	EXP 	Display Frame 0
736.4273 	EXP 	Display Frame 1
736.5523 	EXP 	Display Frame 0
736.6772 	EXP 	Display Frame 1
736.8023 	EXP 	Display Frame 0
736.9273 	EXP 	Display Frame 1
737.0523 	EXP 	Display Frame 0
737.1772 	EXP 	Display Frame 1
737.3023 	EXP 	Display Frame 0
737.4271 	EXP 	Display Frame 1
737.5523 	EXP 	Display Frame 0
737.6772 	EXP 	Display Frame 1
737.8022 	EXP 	Display Frame 0
737.9271 	EXP 	Display Frame 1
738.0523 	EXP 	Display Frame 0
738.1772 	EXP 	Display Frame 1
738.3020 	EXP 	Display Frame 0
738.4273 	EXP 	Display Frame 1
738.5522 	EXP 	Display Frame 0
738.6772 	EXP 	Display Frame 1
738.8023 	EXP 	Display Frame 0
738.9272 	EXP 	Display Frame 1
739.0522 	EXP 	Display Frame 0
739.1773 	EXP 	Display Frame 1
739.3023 	EXP 	Display Frame 0
739.4271 	EXP 	Display Frame 1
739.5533 	EXP 	Display Frame 0
739.6772 	EXP 	Display Frame 1
739.8023 	EXP 	Display Frame 0
739.9270 	EXP 	Display Frame 1
740.0524 	EXP 	Display Frame 0
740.1772 	EXP 	Display Frame 1
740.3022 	EXP 	Display Frame 0
740.4273 	EXP 	Display Frame 1
740.5522 	EXP 	Display Frame 0
740.6773 	DATA 	Keypress: equal
740.6792 	EXP 	Display Frame 1
740.6810 	EXP 	Display Fixation
740.7025 	DATA 	Keypress: equal
740.8118 	DATA 	Keypress: equal
777.7539 	DATA 	Keypress: escape
777.7712 	EXP 	topMsg: height = 0.1
777.7712 	EXP 	topMsg: height = 0.1
777.7712 	EXP 	topMsg: text = "Thank you very much! \n\nThat's it with the tapping"
777.7712 	EXP 	bottomMsg: height = 0.1
777.7712 	EXP 	bottomMsg: height = 0.1
777.7712 	EXP 	bottomMsg: text = "Please relax for the ramaining time \n\n Press 'q' or 'escape' to end the session."
777.7712 	EXP 	Display TheEnd
778.9953 	DATA 	Keypress: q
779.0784 	EXP 	win: mouseVisible = True
