1.0544 	WARNING 	We strongly recommend you activate the PTB sound engine in PsychoPy prefs as the preferred audio engine. Its timing is vastly superior. Your prefs are currently set to use ['sounddevice', 'PTB', 'pyo', 'pygame'] (in that order).
192.6228 	INFO 	---START PARAMETERS---
192.6228 	INFO 	filename: TappingWithTrTiming_Movie_d3.py-1tt============ ====-364-Dec_22_1741
192.6229 	INFO 	subject: 1tt============ ====
192.6229 	INFO 	session: 364
192.6229 	INFO 	date: Dec_22_1741
192.6229 	INFO 	block2Dur_TRs: 6
192.6229 	INFO 	blockDur_TRs: 6
192.6229 	INFO 	condition: TapFast
192.6229 	INFO 	fixCrossPos: [0, 0]
192.6230 	INFO 	fixCrossSize: 100
192.6230 	INFO 	fullScreen: True
192.6230 	INFO 	movieFolder: images/
192.6230 	INFO 	movieFolder2: images/
192.6230 	INFO 	movieSize: (1600, 1000)
192.6230 	INFO 	nBlocks: 68
192.6230 	INFO 	promptDir: Text/
192.6230 	INFO 	restDur_TRs: 6
192.6230 	INFO 	screenColor: (119, 119, 119)
192.6230 	INFO 	screenToShow: 1
192.6230 	INFO 	skipPrompts: False
192.6230 	INFO 	tStartup_TRs: 0
192.6230 	INFO 	textHeight: 40
192.6230 	INFO 	triggerKey: equal
192.6230 	INFO 	---END PARAMETERS---
193.4467 	INFO 	Loaded monitor calibration from ['2022_03_25 08:03']
194.5801 	WARNING 	Couldn't measure a consistent frame rate!
  - Is your graphics card set to sync to vertical blank?
  - Are you running other processes on your computer?

194.5808 	EXP 	Created win = Window(allowGUI=False, allowStencil=False, autoLog=True, backendConf=UNKNOWN, bitsMode=UNKNOWN, blendMode='avg', bpc=(8, 8, 8), color=array([119, 119, 119]), colorSpace='rgb255', depthBits=8, fullscr=<method-wrapper '__getattribute__' of attributeSetter object at 0x7f7961f09160>, gamma=None, gammaErrorPolicy='raise', lms=UNKNOWN, monitor=<psychopy.monitors.calibTools.Monitor object at 0x7f7910767d00>, multiSample=False, name='win', numSamples=2, pos=[0.0, 0.0], screen=1, size=array([1920, 1080]), stencilBits=0, stereo=False, units='deg', useFBO=False, useRetina=False, viewOri=0.0, viewPos=None, viewScale=None, waitBlanking=True, winType='pyglet')
194.5810 	EXP 	win: mouseVisible = True
194.5855 	EXP 	Created fixCross = ShapeStim(__class__=<class 'psychopy.visual.shape.ShapeStim'>, anchor=('center', 'center'), autoDraw=False, autoLog=True, closeShape=False, color=method-wrapper(...), colorSpace='rgb', contrast=None, depth=0, fillColor=array([0, 0, 0]), fillColorSpace='rgb', fillRGB=array([0, 0, 0]), interpolate=True, lineColor=array([-1., -1., -1.]), lineColorSpace='rgb', lineRGB=array([-1., -1., -1.]), lineWidth=3.0, name='fixCross', opacity=0.5, ori=0.0, pos=array([0., 0.]), size=array([1., 1.]), units='pix', vertices=ndarray(...), win=Window(...), windingRule=None)
194.5859 	WARNING 	TextStim.alignHoriz is deprecated. Use alignText and anchorHoriz attributes instead
194.6103 	EXP 	Created topMsg = TextStim(__class__=<class 'psychopy.visual.text.TextStim'>, alignHoriz='center', alignText='center', alignVert=method-wrapper(...), anchorHoriz='center', anchorVert='center', antialias=True, autoLog=True, bold=False, color=array([-1., -1., -1.]), colorSpace='rgb', contrast=1.0, depth=0, flipHoriz=False, flipVert=False, font='', fontFiles=[], height=0.1, italic=False, languageStyle='LTR', name='topMsg', opacity=1.0, ori=0.0, pos=array([0. , 0.5]), rgb=UNKNOWN, text='aaa', units='norm', win=Window(...), wrapWidth=1.5)
194.6104 	WARNING 	TextStim.alignHoriz is deprecated. Use alignText and anchorHoriz attributes instead
194.6125 	EXP 	Created bottomMsg = TextStim(__class__=<class 'psychopy.visual.text.TextStim'>, alignHoriz='center', alignText='center', alignVert=method-wrapper(...), anchorHoriz='center', anchorVert='center', antialias=True, autoLog=True, bold=False, color=array([-1., -1., -1.]), colorSpace='rgb', contrast=1.0, depth=0, flipHoriz=False, flipVert=False, font='', fontFiles=[], height=0.1, italic=False, languageStyle='LTR', name='bottomMsg', opacity=1.0, ori=0.0, pos=array([ 0. , -0.5]), rgb=UNKNOWN, text='bbb', units='norm', win=Window(...), wrapWidth=1.5)
194.6859 	EXP 	Created Movie Frame 0 = ImageStim(__class__=<class 'psychopy.visual.image.ImageStim'>, anchor=('center', 'center'), autoLog=True, color=array([1., 1., 1.]), colorSpace='rgb', contrast=1.0, depth=0, flipHoriz=False, flipVert=False, image='images/right_0.png', interpolate=False, mask=None, maskParams=None, name='Movie Frame 0', opacity=1, ori=0.0, pos=array([0., 0.]), size=array([1600., 1000.]), texRes=128, units='pix', win=Window(...))
194.7509 	EXP 	Created Movie Frame 1 = ImageStim(__class__=<class 'psychopy.visual.image.ImageStim'>, anchor=('center', 'center'), autoLog=True, color=array([1., 1., 1.]), colorSpace='rgb', contrast=1.0, depth=0, flipHoriz=False, flipVert=False, image='images/right_1.png', interpolate=False, mask=None, maskParams=None, name='Movie Frame 1', opacity=1, ori=0.0, pos=array([0., 0.]), size=array([1600., 1000.]), texRes=128, units='pix', win=Window(...))
194.8092 	EXP 	Created Movie Frame 2 = ImageStim(__class__=<class 'psychopy.visual.image.ImageStim'>, anchor=('center', 'center'), autoLog=True, color=array([1., 1., 1.]), colorSpace='rgb', contrast=1.0, depth=0, flipHoriz=False, flipVert=False, image='images/right_2.png', interpolate=False, mask=None, maskParams=None, name='Movie Frame 2', opacity=1, ori=0.0, pos=array([0., 0.]), size=array([1600., 1000.]), texRes=128, units='pix', win=Window(...))
194.8695 	EXP 	Created Movie Frame 3 = ImageStim(__class__=<class 'psychopy.visual.image.ImageStim'>, anchor=('center', 'center'), autoLog=True, color=array([1., 1., 1.]), colorSpace='rgb', contrast=1.0, depth=0, flipHoriz=False, flipVert=False, image='images/right_3.png', interpolate=False, mask=None, maskParams=None, name='Movie Frame 3', opacity=1, ori=0.0, pos=array([0., 0.]), size=array([1600., 1000.]), texRes=128, units='pix', win=Window(...))
194.9291 	EXP 	Created Movie Frame 4 = ImageStim(__class__=<class 'psychopy.visual.image.ImageStim'>, anchor=('center', 'center'), autoLog=True, color=array([1., 1., 1.]), colorSpace='rgb', contrast=1.0, depth=0, flipHoriz=False, flipVert=False, image='images/right_4.png', interpolate=False, mask=None, maskParams=None, name='Movie Frame 4', opacity=1, ori=0.0, pos=array([0., 0.]), size=array([1600., 1000.]), texRes=128, units='pix', win=Window(...))
194.9879 	EXP 	Created Movie Frame 5 = ImageStim(__class__=<class 'psychopy.visual.image.ImageStim'>, anchor=('center', 'center'), autoLog=True, color=array([1., 1., 1.]), colorSpace='rgb', contrast=1.0, depth=0, flipHoriz=False, flipVert=False, image='images/right_5.png', interpolate=False, mask=None, maskParams=None, name='Movie Frame 5', opacity=1, ori=0.0, pos=array([0., 0.]), size=array([1600., 1000.]), texRes=128, units='pix', win=Window(...))
195.0477 	EXP 	Created Movie Frame 6 = ImageStim(__class__=<class 'psychopy.visual.image.ImageStim'>, anchor=('center', 'center'), autoLog=True, color=array([1., 1., 1.]), colorSpace='rgb', contrast=1.0, depth=0, flipHoriz=False, flipVert=False, image='images/right_6.png', interpolate=False, mask=None, maskParams=None, name='Movie Frame 6', opacity=1, ori=0.0, pos=array([0., 0.]), size=array([1600., 1000.]), texRes=128, units='pix', win=Window(...))
195.1053 	EXP 	Created Movie Frame 7 = ImageStim(__class__=<class 'psychopy.visual.image.ImageStim'>, anchor=('center', 'center'), autoLog=True, color=array([1., 1., 1.]), colorSpace='rgb', contrast=1.0, depth=0, flipHoriz=False, flipVert=False, image='images/right_7.png', interpolate=False, mask=None, maskParams=None, name='Movie Frame 7', opacity=1, ori=0.0, pos=array([0., 0.]), size=array([1600., 1000.]), texRes=128, units='pix', win=Window(...))
195.1656 	EXP 	Created Movie Frame 8 = ImageStim(__class__=<class 'psychopy.visual.image.ImageStim'>, anchor=('center', 'center'), autoLog=True, color=array([1., 1., 1.]), colorSpace='rgb', contrast=1.0, depth=0, flipHoriz=False, flipVert=False, image='images/right_8.png', interpolate=False, mask=None, maskParams=None, name='Movie Frame 8', opacity=1, ori=0.0, pos=array([0., 0.]), size=array([1600., 1000.]), texRes=128, units='pix', win=Window(...))
195.2244 	EXP 	Created Movie Frame 9 = ImageStim(__class__=<class 'psychopy.visual.image.ImageStim'>, anchor=('center', 'center'), autoLog=True, color=array([1., 1., 1.]), colorSpace='rgb', contrast=1.0, depth=0, flipHoriz=False, flipVert=False, image='images/right_9.png', interpolate=False, mask=None, maskParams=None, name='Movie Frame 9', opacity=1, ori=0.0, pos=array([0., 0.]), size=array([1600., 1000.]), texRes=128, units='pix', win=Window(...))
195.2846 	EXP 	Created Movie Frame 0 = ImageStim(__class__=<class 'psychopy.visual.image.ImageStim'>, anchor=('center', 'center'), autoLog=True, color=array([1., 1., 1.]), colorSpace='rgb', contrast=1.0, depth=0, flipHoriz=False, flipVert=False, image='images/right_0.png', interpolate=False, mask=None, maskParams=None, name='Movie Frame 0', opacity=1, ori=0.0, pos=array([0., 0.]), size=array([1600., 1000.]), texRes=128, units='pix', win=Window(...))
195.3499 	EXP 	Created Movie Frame 1 = ImageStim(__class__=<class 'psychopy.visual.image.ImageStim'>, anchor=('center', 'center'), autoLog=True, color=array([1., 1., 1.]), colorSpace='rgb', contrast=1.0, depth=0, flipHoriz=False, flipVert=False, image='images/right_1.png', interpolate=False, mask=None, maskParams=None, name='Movie Frame 1', opacity=1, ori=0.0, pos=array([0., 0.]), size=array([1600., 1000.]), texRes=128, units='pix', win=Window(...))
195.4086 	EXP 	Created Movie Frame 2 = ImageStim(__class__=<class 'psychopy.visual.image.ImageStim'>, anchor=('center', 'center'), autoLog=True, color=array([1., 1., 1.]), colorSpace='rgb', contrast=1.0, depth=0, flipHoriz=False, flipVert=False, image='images/right_2.png', interpolate=False, mask=None, maskParams=None, name='Movie Frame 2', opacity=1, ori=0.0, pos=array([0., 0.]), size=array([1600., 1000.]), texRes=128, units='pix', win=Window(...))
195.4665 	EXP 	Created Movie Frame 3 = ImageStim(__class__=<class 'psychopy.visual.image.ImageStim'>, anchor=('center', 'center'), autoLog=True, color=array([1., 1., 1.]), colorSpace='rgb', contrast=1.0, depth=0, flipHoriz=False, flipVert=False, image='images/right_3.png', interpolate=False, mask=None, maskParams=None, name='Movie Frame 3', opacity=1, ori=0.0, pos=array([0., 0.]), size=array([1600., 1000.]), texRes=128, units='pix', win=Window(...))
195.5251 	EXP 	Created Movie Frame 4 = ImageStim(__class__=<class 'psychopy.visual.image.ImageStim'>, anchor=('center', 'center'), autoLog=True, color=array([1., 1., 1.]), colorSpace='rgb', contrast=1.0, depth=0, flipHoriz=False, flipVert=False, image='images/right_4.png', interpolate=False, mask=None, maskParams=None, name='Movie Frame 4', opacity=1, ori=0.0, pos=array([0., 0.]), size=array([1600., 1000.]), texRes=128, units='pix', win=Window(...))
195.5847 	EXP 	Created Movie Frame 5 = ImageStim(__class__=<class 'psychopy.visual.image.ImageStim'>, anchor=('center', 'center'), autoLog=True, color=array([1., 1., 1.]), colorSpace='rgb', contrast=1.0, depth=0, flipHoriz=False, flipVert=False, image='images/right_5.png', interpolate=False, mask=None, maskParams=None, name='Movie Frame 5', opacity=1, ori=0.0, pos=array([0., 0.]), size=array([1600., 1000.]), texRes=128, units='pix', win=Window(...))
195.6435 	EXP 	Created Movie Frame 6 = ImageStim(__class__=<class 'psychopy.visual.image.ImageStim'>, anchor=('center', 'center'), autoLog=True, color=array([1., 1., 1.]), colorSpace='rgb', contrast=1.0, depth=0, flipHoriz=False, flipVert=False, image='images/right_6.png', interpolate=False, mask=None, maskParams=None, name='Movie Frame 6', opacity=1, ori=0.0, pos=array([0., 0.]), size=array([1600., 1000.]), texRes=128, units='pix', win=Window(...))
195.7014 	EXP 	Created Movie Frame 7 = ImageStim(__class__=<class 'psychopy.visual.image.ImageStim'>, anchor=('center', 'center'), autoLog=True, color=array([1., 1., 1.]), colorSpace='rgb', contrast=1.0, depth=0, flipHoriz=False, flipVert=False, image='images/right_7.png', interpolate=False, mask=None, maskParams=None, name='Movie Frame 7', opacity=1, ori=0.0, pos=array([0., 0.]), size=array([1600., 1000.]), texRes=128, units='pix', win=Window(...))
195.7600 	EXP 	Created Movie Frame 8 = ImageStim(__class__=<class 'psychopy.visual.image.ImageStim'>, anchor=('center', 'center'), autoLog=True, color=array([1., 1., 1.]), colorSpace='rgb', contrast=1.0, depth=0, flipHoriz=False, flipVert=False, image='images/right_8.png', interpolate=False, mask=None, maskParams=None, name='Movie Frame 8', opacity=1, ori=0.0, pos=array([0., 0.]), size=array([1600., 1000.]), texRes=128, units='pix', win=Window(...))
195.8195 	EXP 	Created Movie Frame 9 = ImageStim(__class__=<class 'psychopy.visual.image.ImageStim'>, anchor=('center', 'center'), autoLog=True, color=array([1., 1., 1.]), colorSpace='rgb', contrast=1.0, depth=0, flipHoriz=False, flipVert=False, image='images/right_9.png', interpolate=False, mask=None, maskParams=None, name='Movie Frame 9', opacity=1, ori=0.0, pos=array([0., 0.]), size=array([1600., 1000.]), texRes=128, units='pix', win=Window(...))
195.8254 	EXP 	Created unnamed TextStim = TextStim(__class__=<class 'psychopy.visual.text.TextStim'>, alignHoriz=method-wrapper(...), alignText='center', alignVert=method-wrapper(...), anchorHoriz='center', anchorVert='center', antialias=True, autoLog=True, bold=False, color=array([-1., -1., -1.]), colorSpace='rgb', contrast=1.0, depth=0, flipHoriz=False, flipVert=False, font='', fontFiles=[], height=40.0, italic=False, languageStyle='LTR', name='unnamed TextStim', opacity=1.0, ori=0.0, pos=array([  0., 580.]), rgb=UNKNOWN, text='Tap along with the video.', units='pix', win=Window(...), wrapWidth=1600)
195.8398 	WARNING 	t of last frame was 1259.68ms (=1/0)
195.8398 	EXP 	topMsg: height = 0.1
195.8398 	EXP 	topMsg: height = 0.1
195.8398 	EXP 	topMsg: text = 'You will see a movie of a finger tapping. When it is on the screen, try to use the hand indicated to tap your fingers at the same times as the movie does. When the fixation cross appears, relax and stare at the cross.'
195.8398 	EXP 	bottomMsg: height = 0.1
195.8398 	EXP 	bottomMsg: height = 0.1
195.8398 	EXP 	bottomMsg: text = 'The experiment will begin shortly'
195.8398 	EXP 	Display Instructions1
196.3254 	DATA 	Keypress: space
196.3296 	WARNING 	t of last frame was 489.85ms (=1/2)
196.3296 	EXP 	topMsg: height = 0.1
196.3296 	EXP 	topMsg: height = 0.1
196.3296 	EXP 	topMsg: text = "Please don't move..."
196.3296 	EXP 	bottomMsg: height = 0.1
196.3296 	EXP 	bottomMsg: height = 0.1
196.3296 	EXP 	bottomMsg: text = ''
196.3296 	EXP 	PleaseDontMove
215.6840 	DATA 	Keypress: equal
215.6894 	WARNING 	t of last frame was 19359.79ms (=1/0)
215.6894 	EXP 	Display Fixation
215.6897 	EXP 	---START EXPERIMENT---
215.6906 	EXP 	Display Fixation
220.8800 	DATA 	Keypress: equal
226.0709 	DATA 	Keypress: equal
231.2648 	DATA 	Keypress: equal
236.4579 	DATA 	Keypress: equal
241.6519 	DATA 	Keypress: equal
246.8449 	DATA 	Keypress: equal
246.8488 	WARNING 	t of last frame was 31158.22ms (=1/0)
246.8795 	WARNING 	Multiple dropped frames have occurred - I'll stop bothering you about them!
246.8795 	EXP 	Display Frame 1
246.9127 	EXP 	Display Frame 2
246.9461 	EXP 	Display Frame 3
246.9794 	EXP 	Display Frame 4
247.0128 	EXP 	Display Frame 5
247.0461 	EXP 	Display Frame 6
247.0795 	EXP 	Display Frame 7
247.1128 	EXP 	Display Frame 8
247.1461 	EXP 	Display Frame 9
247.1794 	EXP 	Display Frame 0
247.2125 	EXP 	Display Frame 1
247.2461 	EXP 	Display Frame 2
247.2794 	EXP 	Display Frame 3
247.3127 	EXP 	Display Frame 4
247.3460 	EXP 	Display Frame 5
247.3794 	EXP 	Display Frame 6
247.4127 	EXP 	Display Frame 7
247.4461 	EXP 	Display Frame 8
247.4794 	EXP 	Display Frame 9
247.5127 	EXP 	Display Frame 0
247.5461 	EXP 	Display Frame 1
247.5794 	EXP 	Display Frame 2
247.6127 	EXP 	Display Frame 3
247.6461 	EXP 	Display Frame 4
247.6794 	EXP 	Display Frame 5
247.7127 	EXP 	Display Frame 6
247.7461 	EXP 	Display Frame 7
247.7794 	EXP 	Display Frame 8
247.8127 	EXP 	Display Frame 9
247.8460 	EXP 	Display Frame 0
247.8794 	EXP 	Display Frame 1
247.9127 	EXP 	Display Frame 2
247.9461 	EXP 	Display Frame 3
247.9794 	EXP 	Display Frame 4
248.0127 	EXP 	Display Frame 5
248.0459 	EXP 	Display Frame 6
248.0794 	EXP 	Display Frame 7
248.1126 	EXP 	Display Frame 8
248.1459 	EXP 	Display Frame 9
248.1793 	EXP 	Display Frame 0
248.2127 	EXP 	Display Frame 1
248.2461 	EXP 	Display Frame 2
248.2794 	EXP 	Display Frame 3
248.3127 	EXP 	Display Frame 4
248.3460 	EXP 	Display Frame 5
248.3794 	EXP 	Display Frame 6
248.4127 	EXP 	Display Frame 7
248.4461 	EXP 	Display Frame 8
248.4794 	EXP 	Display Frame 9
248.5127 	EXP 	Display Frame 0
248.5461 	EXP 	Display Frame 1
248.5794 	EXP 	Display Frame 2
248.6127 	EXP 	Display Frame 3
248.6460 	EXP 	Display Frame 4
248.6794 	EXP 	Display Frame 5
248.7126 	EXP 	Display Frame 6
248.7461 	EXP 	Display Frame 7
248.7794 	EXP 	Display Frame 8
248.8128 	EXP 	Display Frame 9
248.8461 	EXP 	Display Frame 0
248.8794 	EXP 	Display Frame 1
248.9128 	EXP 	Display Frame 2
248.9461 	EXP 	Display Frame 3
248.9794 	EXP 	Display Frame 4
249.0127 	EXP 	Display Frame 5
249.0459 	EXP 	Display Frame 6
249.0794 	EXP 	Display Frame 7
249.1127 	EXP 	Display Frame 8
249.1460 	EXP 	Display Frame 9
249.1793 	EXP 	Display Frame 0
249.2127 	EXP 	Display Frame 1
249.2460 	EXP 	Display Frame 2
249.2794 	EXP 	Display Frame 3
249.3127 	EXP 	Display Frame 4
249.3461 	EXP 	Display Frame 5
249.3794 	EXP 	Display Frame 6
249.4127 	EXP 	Display Frame 7
249.4461 	EXP 	Display Frame 8
249.4792 	EXP 	Display Frame 9
249.5127 	EXP 	Display Frame 0
249.5461 	EXP 	Display Frame 1
249.5794 	EXP 	Display Frame 2
249.6127 	EXP 	Display Frame 3
249.6461 	EXP 	Display Frame 4
249.6792 	EXP 	Display Frame 5
249.7127 	EXP 	Display Frame 6
249.7461 	EXP 	Display Frame 7
249.7794 	EXP 	Display Frame 8
249.8127 	EXP 	Display Frame 9
249.8460 	EXP 	Display Frame 0
249.8794 	EXP 	Display Frame 1
249.9128 	EXP 	Display Frame 2
249.9461 	EXP 	Display Frame 3
249.9794 	EXP 	Display Frame 4
250.0127 	EXP 	Display Frame 5
250.0461 	EXP 	Display Frame 6
250.0792 	EXP 	Display Frame 7
250.1127 	EXP 	Display Frame 8
250.1459 	EXP 	Display Frame 9
250.1794 	EXP 	Display Frame 0
250.2126 	EXP 	Display Frame 1
250.2461 	EXP 	Display Frame 2
250.2792 	EXP 	Display Frame 3
250.3127 	EXP 	Display Frame 4
250.3461 	EXP 	Display Frame 5
250.3794 	EXP 	Display Frame 6
250.4127 	EXP 	Display Frame 7
250.4461 	EXP 	Display Frame 8
250.4794 	EXP 	Display Frame 9
250.5126 	EXP 	Display Frame 0
250.5461 	EXP 	Display Frame 1
250.5792 	EXP 	Display Frame 2
250.6128 	EXP 	Display Frame 3
250.6461 	EXP 	Display Frame 4
250.6792 	EXP 	Display Frame 5
250.7127 	EXP 	Display Frame 6
250.7461 	EXP 	Display Frame 7
250.7794 	EXP 	Display Frame 8
250.8126 	EXP 	Display Frame 9
250.8461 	EXP 	Display Frame 0
250.8794 	EXP 	Display Frame 1
250.9128 	EXP 	Display Frame 2
250.9461 	EXP 	Display Frame 3
250.9795 	EXP 	Display Frame 4
251.0128 	EXP 	Display Frame 5
251.0461 	EXP 	Display Frame 6
251.0794 	EXP 	Display Frame 7
251.1128 	EXP 	Display Frame 8
251.1461 	EXP 	Display Frame 9
251.1792 	EXP 	Display Frame 0
251.2127 	EXP 	Display Frame 1
251.2461 	EXP 	Display Frame 2
251.2794 	EXP 	Display Frame 3
251.3127 	EXP 	Display Frame 4
251.3459 	EXP 	Display Frame 5
251.3794 	EXP 	Display Frame 6
251.4127 	EXP 	Display Frame 7
251.4461 	EXP 	Display Frame 8
251.4794 	EXP 	Display Frame 9
251.5127 	EXP 	Display Frame 0
251.5461 	EXP 	Display Frame 1
251.5792 	EXP 	Display Frame 2
251.6127 	EXP 	Display Frame 3
251.6461 	EXP 	Display Frame 4
251.6794 	EXP 	Display Frame 5
251.7127 	EXP 	Display Frame 6
251.7461 	EXP 	Display Frame 7
251.7794 	EXP 	Display Frame 8
251.8127 	EXP 	Display Frame 9
251.8459 	EXP 	Display Frame 0
251.8792 	EXP 	Display Frame 1
251.9127 	EXP 	Display Frame 2
251.9461 	EXP 	Display Frame 3
251.9794 	EXP 	Display Frame 4
252.0127 	EXP 	Display Frame 5
252.0460 	DATA 	Keypress: equal
252.0471 	EXP 	Display Frame 6
252.0792 	EXP 	Display Frame 7
252.1127 	EXP 	Display Frame 8
252.1461 	EXP 	Display Frame 9
252.1792 	EXP 	Display Frame 0
252.2127 	EXP 	Display Frame 1
252.2461 	EXP 	Display Frame 2
252.2794 	EXP 	Display Frame 3
252.3127 	EXP 	Display Frame 4
252.3461 	EXP 	Display Frame 5
252.3794 	EXP 	Display Frame 6
252.4128 	EXP 	Display Frame 7
252.4461 	EXP 	Display Frame 8
252.4794 	EXP 	Display Frame 9
252.5126 	EXP 	Display Frame 0
252.5461 	EXP 	Display Frame 1
252.5794 	EXP 	Display Frame 2
252.6126 	EXP 	Display Frame 3
252.6461 	EXP 	Display Frame 4
252.6794 	EXP 	Display Frame 5
252.7126 	EXP 	Display Frame 6
252.7459 	EXP 	Display Frame 7
252.7794 	EXP 	Display Frame 8
252.8127 	EXP 	Display Frame 9
252.8459 	EXP 	Display Frame 0
252.8794 	EXP 	Display Frame 1
252.9127 	EXP 	Display Frame 2
252.9461 	EXP 	Display Frame 3
252.9792 	EXP 	Display Frame 4
253.0126 	EXP 	Display Frame 5
253.0459 	EXP 	Display Frame 6
253.0794 	EXP 	Display Frame 7
253.1126 	EXP 	Display Frame 8
253.1461 	EXP 	Display Frame 9
253.1793 	EXP 	Display Frame 0
253.2126 	EXP 	Display Frame 1
253.2459 	EXP 	Display Frame 2
253.2793 	EXP 	Display Frame 3
253.3127 	EXP 	Display Frame 4
253.3459 	EXP 	Display Frame 5
253.3794 	EXP 	Display Frame 6
253.4126 	EXP 	Display Frame 7
253.4459 	EXP 	Display Frame 8
253.4794 	EXP 	Display Frame 9
253.5126 	EXP 	Display Frame 0
253.5461 	EXP 	Display Frame 1
253.5793 	EXP 	Display Frame 2
253.6127 	EXP 	Display Frame 3
253.6459 	EXP 	Display Frame 4
253.6792 	EXP 	Display Frame 5
253.7126 	EXP 	Display Frame 6
253.7461 	EXP 	Display Frame 7
253.7794 	EXP 	Display Frame 8
253.8126 	EXP 	Display Frame 9
253.8461 	EXP 	Display Frame 0
253.8793 	EXP 	Display Frame 1
253.9128 	EXP 	Display Frame 2
253.9461 	EXP 	Display Frame 3
253.9794 	EXP 	Display Frame 4
254.0126 	EXP 	Display Frame 5
254.0459 	EXP 	Display Frame 6
254.0794 	EXP 	Display Frame 7
254.1126 	EXP 	Display Frame 8
254.1459 	EXP 	Display Frame 9
254.1794 	EXP 	Display Frame 0
254.2126 	EXP 	Display Frame 1
254.2461 	EXP 	Display Frame 2
254.2794 	EXP 	Display Frame 3
254.3126 	EXP 	Display Frame 4
254.3461 	EXP 	Display Frame 5
254.3793 	EXP 	Display Frame 6
254.4127 	EXP 	Display Frame 7
254.4459 	EXP 	Display Frame 8
254.4792 	EXP 	Display Frame 9
254.5126 	EXP 	Display Frame 0
254.5459 	EXP 	Display Frame 1
254.5794 	EXP 	Display Frame 2
254.6126 	EXP 	Display Frame 3
254.6461 	EXP 	Display Frame 4
254.6792 	EXP 	Display Frame 5
254.7126 	EXP 	Display Frame 6
254.7461 	EXP 	Display Frame 7
254.7792 	EXP 	Display Frame 8
254.8126 	EXP 	Display Frame 9
254.8459 	EXP 	Display Frame 0
254.8794 	EXP 	Display Frame 1
254.9126 	EXP 	Display Frame 2
254.9461 	EXP 	Display Frame 3
254.9794 	EXP 	Display Frame 4
255.0126 	EXP 	Display Frame 5
255.0459 	EXP 	Display Frame 6
255.0794 	EXP 	Display Frame 7
255.1126 	EXP 	Display Frame 8
255.1461 	EXP 	Display Frame 9
255.1792 	EXP 	Display Frame 0
255.2126 	EXP 	Display Frame 1
255.2461 	EXP 	Display Frame 2
255.2792 	EXP 	Display Frame 3
255.3127 	EXP 	Display Frame 4
255.3459 	EXP 	Display Frame 5
255.3792 	EXP 	Display Frame 6
255.4126 	EXP 	Display Frame 7
255.4459 	EXP 	Display Frame 8
255.4794 	EXP 	Display Frame 9
255.5126 	EXP 	Display Frame 0
255.5461 	EXP 	Display Frame 1
255.5793 	EXP 	Display Frame 2
255.6127 	EXP 	Display Frame 3
255.6459 	EXP 	Display Frame 4
255.6793 	EXP 	Display Frame 5
255.7126 	EXP 	Display Frame 6
255.7461 	EXP 	Display Frame 7
255.7792 	EXP 	Display Frame 8
255.8126 	EXP 	Display Frame 9
255.8459 	EXP 	Display Frame 0
255.8792 	EXP 	Display Frame 1
255.9127 	EXP 	Display Frame 2
255.9459 	EXP 	Display Frame 3
255.9793 	EXP 	Display Frame 4
256.0126 	EXP 	Display Frame 5
256.0461 	EXP 	Display Frame 6
256.0792 	EXP 	Display Frame 7
256.1126 	EXP 	Display Frame 8
256.1459 	EXP 	Display Frame 9
256.1792 	EXP 	Display Frame 0
256.2126 	EXP 	Display Frame 1
256.2459 	EXP 	Display Frame 2
256.2793 	EXP 	Display Frame 3
256.3128 	EXP 	Display Frame 4
256.3461 	EXP 	Display Frame 5
256.3792 	EXP 	Display Frame 6
256.4127 	EXP 	Display Frame 7
256.4461 	EXP 	Display Frame 8
256.4792 	EXP 	Display Frame 9
256.5126 	EXP 	Display Frame 0
256.5459 	EXP 	Display Frame 1
256.5794 	EXP 	Display Frame 2
256.6126 	EXP 	Display Frame 3
256.6461 	EXP 	Display Frame 4
256.6792 	EXP 	Display Frame 5
256.7126 	EXP 	Display Frame 6
256.7461 	EXP 	Display Frame 7
256.7794 	EXP 	Display Frame 8
256.8126 	EXP 	Display Frame 9
256.8461 	EXP 	Display Frame 0
256.8794 	EXP 	Display Frame 1
256.9126 	EXP 	Display Frame 2
256.9461 	EXP 	Display Frame 3
256.9792 	EXP 	Display Frame 4
257.0126 	EXP 	Display Frame 5
257.0459 	EXP 	Display Frame 6
257.0795 	EXP 	Display Frame 7
257.1126 	EXP 	Display Frame 8
257.1459 	EXP 	Display Frame 9
257.1792 	EXP 	Display Frame 0
257.2126 	EXP 	Display Frame 1
257.2460 	DATA 	Keypress: equal
257.2471 	EXP 	Display Frame 2
257.2792 	EXP 	Display Frame 3
257.3128 	EXP 	Display Frame 4
257.3459 	EXP 	Display Frame 5
257.3792 	EXP 	Display Frame 6
257.4126 	EXP 	Display Frame 7
257.4460 	EXP 	Display Frame 8
257.4792 	EXP 	Display Frame 9
257.5126 	EXP 	Display Frame 0
257.5459 	EXP 	Display Frame 1
257.5793 	EXP 	Display Frame 2
257.6126 	EXP 	Display Frame 3
257.6459 	EXP 	Display Frame 4
257.6792 	EXP 	Display Frame 5
257.7126 	EXP 	Display Frame 6
257.7459 	EXP 	Display Frame 7
257.7792 	EXP 	Display Frame 8
257.8126 	EXP 	Display Frame 9
257.8459 	EXP 	Display Frame 0
257.8792 	EXP 	Display Frame 1
257.9126 	EXP 	Display Frame 2
257.9459 	EXP 	Display Frame 3
257.9793 	EXP 	Display Frame 4
258.0126 	EXP 	Display Frame 5
258.0459 	EXP 	Display Frame 6
258.0792 	EXP 	Display Frame 7
258.1126 	EXP 	Display Frame 8
258.1459 	EXP 	Display Frame 9
258.1793 	EXP 	Display Frame 0
258.2126 	EXP 	Display Frame 1
258.2459 	EXP 	Display Frame 2
258.2793 	EXP 	Display Frame 3
258.3128 	EXP 	Display Frame 4
258.3459 	EXP 	Display Frame 5
258.3792 	EXP 	Display Frame 6
258.4126 	EXP 	Display Frame 7
258.4459 	EXP 	Display Frame 8
258.4793 	EXP 	Display Frame 9
258.5126 	EXP 	Display Frame 0
258.5459 	EXP 	Display Frame 1
258.5792 	EXP 	Display Frame 2
258.6126 	EXP 	Display Frame 3
258.6459 	EXP 	Display Frame 4
258.6792 	EXP 	Display Frame 5
258.7126 	EXP 	Display Frame 6
258.7459 	EXP 	Display Frame 7
258.7793 	EXP 	Display Frame 8
258.8126 	EXP 	Display Frame 9
258.8459 	EXP 	Display Frame 0
258.8792 	EXP 	Display Frame 1
258.9128 	EXP 	Display Frame 2
258.9459 	EXP 	Display Frame 3
258.9793 	EXP 	Display Frame 4
259.0126 	EXP 	Display Frame 5
259.0459 	EXP 	Display Frame 6
259.0793 	EXP 	Display Frame 7
259.1126 	EXP 	Display Frame 8
259.1459 	EXP 	Display Frame 9
259.1792 	EXP 	Display Frame 0
259.2126 	EXP 	Display Frame 1
259.2461 	EXP 	Display Frame 2
259.2793 	EXP 	Display Frame 3
259.3126 	EXP 	Display Frame 4
259.3459 	EXP 	Display Frame 5
259.3793 	EXP 	Display Frame 6
259.4126 	EXP 	Display Frame 7
259.4459 	EXP 	Display Frame 8
259.4792 	EXP 	Display Frame 9
259.5126 	EXP 	Display Frame 0
259.5459 	EXP 	Display Frame 1
259.5793 	EXP 	Display Frame 2
259.6126 	EXP 	Display Frame 3
259.6459 	EXP 	Display Frame 4
259.6793 	EXP 	Display Frame 5
259.7126 	EXP 	Display Frame 6
259.7459 	EXP 	Display Frame 7
259.7793 	EXP 	Display Frame 8
259.8126 	EXP 	Display Frame 9
259.8459 	EXP 	Display Frame 0
259.8792 	EXP 	Display Frame 1
259.9126 	EXP 	Display Frame 2
259.9459 	EXP 	Display Frame 3
259.9792 	EXP 	Display Frame 4
260.0126 	EXP 	Display Frame 5
260.0459 	EXP 	Display Frame 6
260.0793 	EXP 	Display Frame 7
260.1126 	EXP 	Display Frame 8
260.1459 	EXP 	Display Frame 9
260.1792 	EXP 	Display Frame 0
260.2128 	EXP 	Display Frame 1
260.2459 	EXP 	Display Frame 2
260.2793 	EXP 	Display Frame 3
260.3126 	EXP 	Display Frame 4
260.3459 	EXP 	Display Frame 5
260.3792 	EXP 	Display Frame 6
260.4126 	EXP 	Display Frame 7
260.4459 	EXP 	Display Frame 8
260.4792 	EXP 	Display Frame 9
260.5126 	EXP 	Display Frame 0
260.5459 	EXP 	Display Frame 1
260.5793 	EXP 	Display Frame 2
260.6126 	EXP 	Display Frame 3
260.6459 	EXP 	Display Frame 4
260.6792 	EXP 	Display Frame 5
260.7126 	EXP 	Display Frame 6
260.7459 	EXP 	Display Frame 7
260.7793 	EXP 	Display Frame 8
260.8126 	EXP 	Display Frame 9
260.8459 	EXP 	Display Frame 0
260.8792 	EXP 	Display Frame 1
260.9126 	EXP 	Display Frame 2
260.9459 	EXP 	Display Frame 3
260.9793 	EXP 	Display Frame 4
261.0126 	EXP 	Display Frame 5
261.0459 	EXP 	Display Frame 6
261.0792 	EXP 	Display Frame 7
261.1126 	EXP 	Display Frame 8
261.1459 	EXP 	Display Frame 9
261.1792 	EXP 	Display Frame 0
261.2126 	EXP 	Display Frame 1
261.2459 	EXP 	Display Frame 2
261.2793 	EXP 	Display Frame 3
261.3126 	EXP 	Display Frame 4
261.3459 	EXP 	Display Frame 5
261.3793 	EXP 	Display Frame 6
261.4126 	EXP 	Display Frame 7
261.4459 	EXP 	Display Frame 8
261.4793 	EXP 	Display Frame 9
261.5126 	EXP 	Display Frame 0
261.5459 	EXP 	Display Frame 1
261.5793 	EXP 	Display Frame 2
261.6126 	EXP 	Display Frame 3
261.6459 	EXP 	Display Frame 4
261.6792 	EXP 	Display Frame 5
261.7126 	EXP 	Display Frame 6
261.7459 	EXP 	Display Frame 7
261.7792 	EXP 	Display Frame 8
261.8126 	EXP 	Display Frame 9
261.8459 	EXP 	Display Frame 0
261.8793 	EXP 	Display Frame 1
261.9126 	EXP 	Display Frame 2
261.9459 	EXP 	Display Frame 3
261.9793 	EXP 	Display Frame 4
262.0126 	EXP 	Display Frame 5
262.0459 	EXP 	Display Frame 6
262.0792 	EXP 	Display Frame 7
262.1126 	EXP 	Display Frame 8
262.1459 	EXP 	Display Frame 9
262.1792 	EXP 	Display Frame 0
262.2126 	EXP 	Display Frame 1
262.2459 	EXP 	Display Frame 2
262.2794 	EXP 	Display Frame 3
262.3126 	EXP 	Display Frame 4
262.3459 	EXP 	Display Frame 5
262.3792 	EXP 	Display Frame 6
262.4126 	EXP 	Display Frame 7
262.4460 	DATA 	Keypress: equal
262.4471 	EXP 	Display Frame 8
262.4792 	EXP 	Display Frame 9
262.5128 	EXP 	Display Frame 0
262.5461 	EXP 	Display Frame 1
262.5793 	EXP 	Display Frame 2
262.6126 	EXP 	Display Frame 3
262.6459 	EXP 	Display Frame 4
262.6793 	EXP 	Display Frame 5
262.7126 	EXP 	Display Frame 6
262.7459 	EXP 	Display Frame 7
262.7795 	EXP 	Display Frame 8
262.8126 	EXP 	Display Frame 9
262.8459 	EXP 	Display Frame 0
262.8793 	EXP 	Display Frame 1
262.9126 	EXP 	Display Frame 2
262.9459 	EXP 	Display Frame 3
262.9793 	EXP 	Display Frame 4
263.0126 	EXP 	Display Frame 5
263.0459 	EXP 	Display Frame 6
263.0793 	EXP 	Display Frame 7
263.1126 	EXP 	Display Frame 8
263.1459 	EXP 	Display Frame 9
263.1792 	EXP 	Display Frame 0
263.2126 	EXP 	Display Frame 1
263.2459 	EXP 	Display Frame 2
263.2792 	EXP 	Display Frame 3
263.3126 	EXP 	Display Frame 4
263.3459 	EXP 	Display Frame 5
263.3792 	EXP 	Display Frame 6
263.4126 	EXP 	Display Frame 7
263.4459 	EXP 	Display Frame 8
263.4792 	EXP 	Display Frame 9
263.5126 	EXP 	Display Frame 0
263.5459 	EXP 	Display Frame 1
263.5793 	EXP 	Display Frame 2
263.6126 	EXP 	Display Frame 3
263.6459 	EXP 	Display Frame 4
263.6792 	EXP 	Display Frame 5
263.7126 	EXP 	Display Frame 6
263.7459 	EXP 	Display Frame 7
263.7793 	EXP 	Display Frame 8
263.8126 	EXP 	Display Frame 9
263.8459 	EXP 	Display Frame 0
263.8793 	EXP 	Display Frame 1
263.9126 	EXP 	Display Frame 2
263.9459 	EXP 	Display Frame 3
263.9793 	EXP 	Display Frame 4
264.0126 	EXP 	Display Frame 5
264.0459 	EXP 	Display Frame 6
264.0793 	EXP 	Display Frame 7
264.1126 	EXP 	Display Frame 8
264.1459 	EXP 	Display Frame 9
264.1793 	EXP 	Display Frame 0
264.2126 	EXP 	Display Frame 1
264.2459 	EXP 	Display Frame 2
264.2792 	EXP 	Display Frame 3
264.3126 	EXP 	Display Frame 4
264.3459 	EXP 	Display Frame 5
264.3792 	EXP 	Display Frame 6
264.4126 	EXP 	Display Frame 7
264.4459 	EXP 	Display Frame 8
264.4793 	EXP 	Display Frame 9
264.5126 	EXP 	Display Frame 0
264.5459 	EXP 	Display Frame 1
264.5792 	EXP 	Display Frame 2
264.6126 	EXP 	Display Frame 3
264.6459 	EXP 	Display Frame 4
264.6793 	EXP 	Display Frame 5
264.7126 	EXP 	Display Frame 6
264.7459 	EXP 	Display Frame 7
264.7792 	EXP 	Display Frame 8
264.8126 	EXP 	Display Frame 9
264.8459 	EXP 	Display Frame 0
264.8792 	EXP 	Display Frame 1
264.9126 	EXP 	Display Frame 2
264.9459 	EXP 	Display Frame 3
264.9793 	EXP 	Display Frame 4
265.0126 	EXP 	Display Frame 5
265.0459 	EXP 	Display Frame 6
265.0793 	EXP 	Display Frame 7
265.1126 	EXP 	Display Frame 8
265.1459 	EXP 	Display Frame 9
265.1792 	EXP 	Display Frame 0
265.2126 	EXP 	Display Frame 1
265.2459 	EXP 	Display Frame 2
265.2792 	EXP 	Display Frame 3
265.3126 	EXP 	Display Frame 4
265.3459 	EXP 	Display Frame 5
265.3792 	EXP 	Display Frame 6
265.4126 	EXP 	Display Frame 7
265.4459 	EXP 	Display Frame 8
265.4793 	EXP 	Display Frame 9
265.5126 	EXP 	Display Frame 0
265.5462 	EXP 	Display Frame 1
265.5793 	EXP 	Display Frame 2
265.6126 	EXP 	Display Frame 3
265.6459 	EXP 	Display Frame 4
265.6792 	EXP 	Display Frame 5
265.7126 	EXP 	Display Frame 6
265.7459 	EXP 	Display Frame 7
265.7793 	EXP 	Display Frame 8
265.8126 	EXP 	Display Frame 9
265.8459 	EXP 	Display Frame 0
265.8793 	EXP 	Display Frame 1
265.9126 	EXP 	Display Frame 2
265.9459 	EXP 	Display Frame 3
265.9793 	EXP 	Display Frame 4
266.0126 	EXP 	Display Frame 5
266.0459 	EXP 	Display Frame 6
266.0793 	EXP 	Display Frame 7
266.1126 	EXP 	Display Frame 8
266.1459 	EXP 	Display Frame 9
266.1792 	EXP 	Display Frame 0
266.2126 	EXP 	Display Frame 1
266.2459 	EXP 	Display Frame 2
266.2793 	EXP 	Display Frame 3
266.3126 	EXP 	Display Frame 4
266.3461 	EXP 	Display Frame 5
266.3795 	EXP 	Display Frame 6
266.4126 	EXP 	Display Frame 7
266.4460 	EXP 	Display Frame 8
266.4793 	EXP 	Display Frame 9
266.5126 	EXP 	Display Frame 0
266.5459 	EXP 	Display Frame 1
266.5793 	EXP 	Display Frame 2
266.6126 	EXP 	Display Frame 3
266.6459 	EXP 	Display Frame 4
266.6793 	EXP 	Display Frame 5
266.7126 	EXP 	Display Frame 6
266.7459 	EXP 	Display Frame 7
266.7793 	EXP 	Display Frame 8
266.8126 	EXP 	Display Frame 9
266.8459 	EXP 	Display Frame 0
266.8792 	EXP 	Display Frame 1
266.9126 	EXP 	Display Frame 2
266.9459 	EXP 	Display Frame 3
266.9793 	EXP 	Display Frame 4
267.0126 	EXP 	Display Frame 5
267.0459 	EXP 	Display Frame 6
267.0792 	EXP 	Display Frame 7
267.1126 	EXP 	Display Frame 8
267.1459 	EXP 	Display Frame 9
267.1793 	EXP 	Display Frame 0
267.2126 	EXP 	Display Frame 1
267.2459 	EXP 	Display Frame 2
267.2793 	EXP 	Display Frame 3
267.3126 	EXP 	Display Frame 4
267.3459 	EXP 	Display Frame 5
267.3793 	EXP 	Display Frame 6
267.4126 	EXP 	Display Frame 7
267.4459 	EXP 	Display Frame 8
267.4793 	EXP 	Display Frame 9
267.5126 	EXP 	Display Frame 0
267.5470 	EXP 	Display Frame 1
267.5792 	EXP 	Display Frame 2
267.6126 	EXP 	Display Frame 3
267.6460 	DATA 	Keypress: equal
267.6471 	EXP 	Display Frame 4
267.6792 	EXP 	Display Frame 5
267.7126 	EXP 	Display Frame 6
267.7459 	EXP 	Display Frame 7
267.7793 	EXP 	Display Frame 8
267.8126 	EXP 	Display Frame 9
267.8459 	EXP 	Display Frame 0
267.8792 	EXP 	Display Frame 1
267.9126 	EXP 	Display Frame 2
267.9459 	EXP 	Display Frame 3
267.9792 	EXP 	Display Frame 4
268.0126 	EXP 	Display Frame 5
268.0459 	EXP 	Display Frame 6
268.0793 	EXP 	Display Frame 7
268.1126 	EXP 	Display Frame 8
268.1462 	EXP 	Display Frame 9
268.1793 	EXP 	Display Frame 0
268.2126 	EXP 	Display Frame 1
268.2459 	EXP 	Display Frame 2
268.2796 	EXP 	Display Frame 3
268.3126 	EXP 	Display Frame 4
268.3459 	EXP 	Display Frame 5
268.3792 	EXP 	Display Frame 6
268.4126 	EXP 	Display Frame 7
268.4459 	EXP 	Display Frame 8
268.4793 	EXP 	Display Frame 9
268.5126 	EXP 	Display Frame 0
268.5459 	EXP 	Display Frame 1
268.5792 	EXP 	Display Frame 2
268.6126 	EXP 	Display Frame 3
268.6459 	EXP 	Display Frame 4
268.6793 	EXP 	Display Frame 5
268.7126 	EXP 	Display Frame 6
268.7459 	EXP 	Display Frame 7
268.7792 	EXP 	Display Frame 8
268.8126 	EXP 	Display Frame 9
268.8459 	EXP 	Display Frame 0
268.8792 	EXP 	Display Frame 1
268.9126 	EXP 	Display Frame 2
268.9459 	EXP 	Display Frame 3
268.9792 	EXP 	Display Frame 4
269.0126 	EXP 	Display Frame 5
269.0459 	EXP 	Display Frame 6
269.0793 	EXP 	Display Frame 7
269.1126 	EXP 	Display Frame 8
269.1459 	EXP 	Display Frame 9
269.1792 	EXP 	Display Frame 0
269.2126 	EXP 	Display Frame 1
269.2459 	EXP 	Display Frame 2
269.2793 	EXP 	Display Frame 3
269.3126 	EXP 	Display Frame 4
269.3459 	EXP 	Display Frame 5
269.3792 	EXP 	Display Frame 6
269.4126 	EXP 	Display Frame 7
269.4459 	EXP 	Display Frame 8
269.4793 	EXP 	Display Frame 9
269.5126 	EXP 	Display Frame 0
269.5459 	EXP 	Display Frame 1
269.5793 	EXP 	Display Frame 2
269.6126 	EXP 	Display Frame 3
269.6459 	EXP 	Display Frame 4
269.6793 	EXP 	Display Frame 5
269.7126 	EXP 	Display Frame 6
269.7459 	EXP 	Display Frame 7
269.7792 	EXP 	Display Frame 8
269.8126 	EXP 	Display Frame 9
269.8459 	EXP 	Display Frame 0
269.8792 	EXP 	Display Frame 1
269.9126 	EXP 	Display Frame 2
269.9459 	EXP 	Display Frame 3
269.9793 	EXP 	Display Frame 4
270.0126 	EXP 	Display Frame 5
270.0459 	EXP 	Display Frame 6
270.0792 	EXP 	Display Frame 7
270.1126 	EXP 	Display Frame 8
270.1459 	EXP 	Display Frame 9
270.1792 	EXP 	Display Frame 0
270.2126 	EXP 	Display Frame 1
270.2459 	EXP 	Display Frame 2
270.2793 	EXP 	Display Frame 3
270.3126 	EXP 	Display Frame 4
270.3459 	EXP 	Display Frame 5
270.3792 	EXP 	Display Frame 6
270.4126 	EXP 	Display Frame 7
270.4459 	EXP 	Display Frame 8
270.4793 	EXP 	Display Frame 9
270.5126 	EXP 	Display Frame 0
270.5459 	EXP 	Display Frame 1
270.5793 	EXP 	Display Frame 2
270.6126 	EXP 	Display Frame 3
270.6459 	EXP 	Display Frame 4
270.6792 	EXP 	Display Frame 5
270.7126 	EXP 	Display Frame 6
270.7459 	EXP 	Display Frame 7
270.7793 	EXP 	Display Frame 8
270.8126 	EXP 	Display Frame 9
270.8459 	EXP 	Display Frame 0
270.8795 	EXP 	Display Frame 1
270.9126 	EXP 	Display Frame 2
270.9459 	EXP 	Display Frame 3
270.9792 	EXP 	Display Frame 4
271.0126 	EXP 	Display Frame 5
271.0459 	EXP 	Display Frame 6
271.0793 	EXP 	Display Frame 7
271.1126 	EXP 	Display Frame 8
271.1459 	EXP 	Display Frame 9
271.1793 	EXP 	Display Frame 0
271.2126 	EXP 	Display Frame 1
271.2459 	EXP 	Display Frame 2
271.2792 	EXP 	Display Frame 3
271.3126 	EXP 	Display Frame 4
271.3459 	EXP 	Display Frame 5
271.3793 	EXP 	Display Frame 6
271.4126 	EXP 	Display Frame 7
271.4459 	EXP 	Display Frame 8
271.4793 	EXP 	Display Frame 9
271.5126 	EXP 	Display Frame 0
271.5459 	EXP 	Display Frame 1
271.5792 	EXP 	Display Frame 2
271.6126 	EXP 	Display Frame 3
271.6459 	EXP 	Display Frame 4
271.6793 	EXP 	Display Frame 5
271.7126 	EXP 	Display Frame 6
271.7460 	EXP 	Display Frame 7
271.7795 	EXP 	Display Frame 8
271.8128 	EXP 	Display Frame 9
271.8462 	EXP 	Display Frame 0
271.8793 	EXP 	Display Frame 1
271.9128 	EXP 	Display Frame 2
271.9459 	EXP 	Display Frame 3
271.9793 	EXP 	Display Frame 4
272.0126 	EXP 	Display Frame 5
272.0459 	EXP 	Display Frame 6
272.0793 	EXP 	Display Frame 7
272.1126 	EXP 	Display Frame 8
272.1460 	EXP 	Display Frame 9
272.1792 	EXP 	Display Frame 0
272.2126 	EXP 	Display Frame 1
272.2459 	EXP 	Display Frame 2
272.2793 	EXP 	Display Frame 3
272.3126 	EXP 	Display Frame 4
272.3459 	EXP 	Display Frame 5
272.3792 	EXP 	Display Frame 6
272.4126 	EXP 	Display Frame 7
272.4459 	EXP 	Display Frame 8
272.4792 	EXP 	Display Frame 9
272.5126 	EXP 	Display Frame 0
272.5459 	EXP 	Display Frame 1
272.5793 	EXP 	Display Frame 2
272.6126 	EXP 	Display Frame 3
272.6459 	EXP 	Display Frame 4
272.6793 	EXP 	Display Frame 5
272.7126 	EXP 	Display Frame 6
272.7459 	EXP 	Display Frame 7
272.7793 	EXP 	Display Frame 8
272.8126 	EXP 	Display Frame 9
272.8134 	DATA 	Keypress: equal
272.8459 	EXP 	Display Frame 0
272.8793 	EXP 	Display Frame 1
272.9126 	EXP 	Display Frame 2
272.9459 	EXP 	Display Frame 3
272.9793 	EXP 	Display Frame 4
273.0125 	EXP 	Display Frame 5
273.0459 	EXP 	Display Frame 6
273.0793 	EXP 	Display Frame 7
273.1126 	EXP 	Display Frame 8
273.1459 	EXP 	Display Frame 9
273.1793 	EXP 	Display Frame 0
273.2127 	EXP 	Display Frame 1
273.2459 	EXP 	Display Frame 2
273.2792 	EXP 	Display Frame 3
273.3126 	EXP 	Display Frame 4
273.3459 	EXP 	Display Frame 5
273.3792 	EXP 	Display Frame 6
273.4126 	EXP 	Display Frame 7
273.4459 	EXP 	Display Frame 8
273.4793 	EXP 	Display Frame 9
273.5126 	EXP 	Display Frame 0
273.5459 	EXP 	Display Frame 1
273.5793 	EXP 	Display Frame 2
273.6126 	EXP 	Display Frame 3
273.6459 	EXP 	Display Frame 4
273.6792 	EXP 	Display Frame 5
273.7126 	EXP 	Display Frame 6
273.7460 	EXP 	Display Frame 7
273.7793 	EXP 	Display Frame 8
273.8126 	EXP 	Display Frame 9
273.8459 	EXP 	Display Frame 0
273.8792 	EXP 	Display Frame 1
273.9126 	EXP 	Display Frame 2
273.9459 	EXP 	Display Frame 3
273.9793 	EXP 	Display Frame 4
274.0126 	EXP 	Display Frame 5
274.0462 	EXP 	Display Frame 6
274.0793 	EXP 	Display Frame 7
274.1126 	EXP 	Display Frame 8
274.1459 	EXP 	Display Frame 9
274.1793 	EXP 	Display Frame 0
274.2126 	EXP 	Display Frame 1
274.2459 	EXP 	Display Frame 2
274.2793 	EXP 	Display Frame 3
274.3126 	EXP 	Display Frame 4
274.3459 	EXP 	Display Frame 5
274.3792 	EXP 	Display Frame 6
274.4126 	EXP 	Display Frame 7
274.4460 	EXP 	Display Frame 8
274.4793 	EXP 	Display Frame 9
274.5126 	EXP 	Display Frame 0
274.5459 	EXP 	Display Frame 1
274.5793 	EXP 	Display Frame 2
274.6126 	EXP 	Display Frame 3
274.6459 	EXP 	Display Frame 4
274.6792 	EXP 	Display Frame 5
274.7126 	EXP 	Display Frame 6
274.7459 	EXP 	Display Frame 7
274.7792 	EXP 	Display Frame 8
274.8126 	EXP 	Display Frame 9
274.8459 	EXP 	Display Frame 0
274.8792 	EXP 	Display Frame 1
274.9126 	EXP 	Display Frame 2
274.9459 	EXP 	Display Frame 3
274.9793 	EXP 	Display Frame 4
275.0126 	EXP 	Display Frame 5
275.0459 	EXP 	Display Frame 6
275.0792 	EXP 	Display Frame 7
275.1126 	EXP 	Display Frame 8
275.1459 	EXP 	Display Frame 9
275.1792 	EXP 	Display Frame 0
275.2126 	EXP 	Display Frame 1
275.2459 	EXP 	Display Frame 2
275.2792 	EXP 	Display Frame 3
275.3126 	EXP 	Display Frame 4
275.3459 	EXP 	Display Frame 5
275.3793 	EXP 	Display Frame 6
275.4126 	EXP 	Display Frame 7
275.4459 	EXP 	Display Frame 8
275.4793 	EXP 	Display Frame 9
275.5126 	EXP 	Display Frame 0
275.5459 	EXP 	Display Frame 1
275.5792 	EXP 	Display Frame 2
275.6126 	EXP 	Display Frame 3
275.6459 	EXP 	Display Frame 4
275.6792 	EXP 	Display Frame 5
275.7126 	EXP 	Display Frame 6
275.7459 	EXP 	Display Frame 7
275.7793 	EXP 	Display Frame 8
275.8126 	EXP 	Display Frame 9
275.8459 	EXP 	Display Frame 0
275.8792 	EXP 	Display Frame 1
275.9126 	EXP 	Display Frame 2
275.9459 	EXP 	Display Frame 3
275.9793 	EXP 	Display Frame 4
276.0126 	EXP 	Display Frame 5
276.0459 	EXP 	Display Frame 6
276.0792 	EXP 	Display Frame 7
276.1126 	EXP 	Display Frame 8
276.1459 	EXP 	Display Frame 9
276.1792 	EXP 	Display Frame 0
276.2129 	EXP 	Display Frame 1
276.2459 	EXP 	Display Frame 2
276.2793 	EXP 	Display Frame 3
276.3126 	EXP 	Display Frame 4
276.3459 	EXP 	Display Frame 5
276.3792 	EXP 	Display Frame 6
276.4126 	EXP 	Display Frame 7
276.4459 	EXP 	Display Frame 8
276.4793 	EXP 	Display Frame 9
276.5126 	EXP 	Display Frame 0
276.5459 	EXP 	Display Frame 1
276.5793 	EXP 	Display Frame 2
276.6126 	EXP 	Display Frame 3
276.6459 	EXP 	Display Frame 4
276.6792 	EXP 	Display Frame 5
276.7126 	EXP 	Display Frame 6
276.7459 	EXP 	Display Frame 7
276.7792 	EXP 	Display Frame 8
276.8126 	EXP 	Display Frame 9
276.8459 	EXP 	Display Frame 0
276.8792 	EXP 	Display Frame 1
276.9126 	EXP 	Display Frame 2
276.9459 	EXP 	Display Frame 3
276.9792 	EXP 	Display Frame 4
277.0126 	EXP 	Display Frame 5
277.0459 	EXP 	Display Frame 6
277.0792 	EXP 	Display Frame 7
277.1126 	EXP 	Display Frame 8
277.1459 	EXP 	Display Frame 9
277.1793 	EXP 	Display Frame 0
277.2126 	EXP 	Display Frame 1
277.2459 	EXP 	Display Frame 2
277.2792 	EXP 	Display Frame 3
277.3126 	EXP 	Display Frame 4
277.3467 	EXP 	Display Frame 5
277.3792 	EXP 	Display Frame 6
277.4126 	EXP 	Display Frame 7
277.4459 	EXP 	Display Frame 8
277.4793 	EXP 	Display Frame 9
277.5126 	EXP 	Display Frame 0
277.5459 	EXP 	Display Frame 1
277.5792 	EXP 	Display Frame 2
277.6126 	EXP 	Display Frame 3
277.6459 	EXP 	Display Frame 4
277.6792 	EXP 	Display Frame 5
277.7126 	EXP 	Display Frame 6
277.7459 	EXP 	Display Frame 7
277.7792 	EXP 	Display Frame 8
277.8126 	EXP 	Display Frame 9
277.8459 	EXP 	Display Frame 0
277.8792 	EXP 	Display Frame 1
277.9126 	EXP 	Display Frame 2
277.9459 	EXP 	Display Frame 3
277.9792 	EXP 	Display Frame 4
278.0127 	DATA 	Keypress: equal
278.0137 	EXP 	Display Frame 5
278.0304 	EXP 	Display Fixation
283.2001 	DATA 	Keypress: equal
288.3941 	DATA 	Keypress: equal
293.5872 	DATA 	Keypress: equal
298.7812 	DATA 	Keypress: equal
303.9753 	DATA 	Keypress: equal
309.1683 	DATA 	Keypress: equal
309.2026 	EXP 	Display Frame 1
309.2361 	EXP 	Display Frame 2
309.2693 	EXP 	Display Frame 3
309.3026 	EXP 	Display Frame 4
309.3360 	EXP 	Display Frame 5
309.3693 	EXP 	Display Frame 6
309.4026 	EXP 	Display Frame 7
309.4359 	EXP 	Display Frame 8
309.4693 	EXP 	Display Frame 9
309.5026 	EXP 	Display Frame 0
309.5359 	EXP 	Display Frame 1
309.5693 	EXP 	Display Frame 2
309.6026 	EXP 	Display Frame 3
309.6359 	EXP 	Display Frame 4
309.6693 	EXP 	Display Frame 5
309.7026 	EXP 	Display Frame 6
309.7359 	EXP 	Display Frame 7
309.7693 	EXP 	Display Frame 8
309.8026 	EXP 	Display Frame 9
309.8359 	EXP 	Display Frame 0
309.8692 	EXP 	Display Frame 1
309.9026 	EXP 	Display Frame 2
309.9359 	EXP 	Display Frame 3
309.9692 	EXP 	Display Frame 4
310.0026 	EXP 	Display Frame 5
310.0359 	EXP 	Display Frame 6
310.0692 	EXP 	Display Frame 7
310.1026 	EXP 	Display Frame 8
310.1359 	EXP 	Display Frame 9
310.1692 	EXP 	Display Frame 0
310.2026 	EXP 	Display Frame 1
310.2358 	EXP 	Display Frame 2
310.2692 	EXP 	Display Frame 3
310.3025 	EXP 	Display Frame 4
310.3359 	EXP 	Display Frame 5
310.3693 	EXP 	Display Frame 6
310.4026 	EXP 	Display Frame 7
310.4359 	EXP 	Display Frame 8
310.4692 	EXP 	Display Frame 9
310.5026 	EXP 	Display Frame 0
310.5359 	EXP 	Display Frame 1
310.5693 	EXP 	Display Frame 2
310.6025 	EXP 	Display Frame 3
310.6359 	EXP 	Display Frame 4
310.6692 	EXP 	Display Frame 5
310.7025 	EXP 	Display Frame 6
310.7364 	EXP 	Display Frame 7
310.7692 	EXP 	Display Frame 8
310.8026 	EXP 	Display Frame 9
310.8359 	EXP 	Display Frame 0
310.8693 	EXP 	Display Frame 1
310.9026 	EXP 	Display Frame 2
310.9359 	EXP 	Display Frame 3
310.9692 	EXP 	Display Frame 4
311.0026 	EXP 	Display Frame 5
311.0359 	EXP 	Display Frame 6
311.0692 	EXP 	Display Frame 7
311.1026 	EXP 	Display Frame 8
311.1359 	EXP 	Display Frame 9
311.1692 	EXP 	Display Frame 0
311.2027 	EXP 	Display Frame 1
311.2358 	EXP 	Display Frame 2
311.2692 	EXP 	Display Frame 3
311.3026 	EXP 	Display Frame 4
311.3359 	EXP 	Display Frame 5
311.3692 	EXP 	Display Frame 6
311.4026 	EXP 	Display Frame 7
311.4359 	EXP 	Display Frame 8
311.4692 	EXP 	Display Frame 9
311.5025 	EXP 	Display Frame 0
311.5359 	EXP 	Display Frame 1
311.5693 	EXP 	Display Frame 2
311.6026 	EXP 	Display Frame 3
311.6359 	EXP 	Display Frame 4
311.6692 	EXP 	Display Frame 5
311.7026 	EXP 	Display Frame 6
311.7359 	EXP 	Display Frame 7
311.7692 	EXP 	Display Frame 8
311.8026 	EXP 	Display Frame 9
311.8359 	EXP 	Display Frame 0
311.8693 	EXP 	Display Frame 1
311.9026 	EXP 	Display Frame 2
311.9359 	EXP 	Display Frame 3
311.9692 	EXP 	Display Frame 4
312.0026 	EXP 	Display Frame 5
312.0359 	EXP 	Display Frame 6
312.0692 	EXP 	Display Frame 7
312.1026 	EXP 	Display Frame 8
312.1359 	EXP 	Display Frame 9
312.1692 	EXP 	Display Frame 0
312.2026 	EXP 	Display Frame 1
312.2358 	EXP 	Display Frame 2
312.2692 	EXP 	Display Frame 3
312.3026 	EXP 	Display Frame 4
312.3359 	EXP 	Display Frame 5
312.3693 	EXP 	Display Frame 6
312.4026 	EXP 	Display Frame 7
312.4359 	EXP 	Display Frame 8
312.4692 	EXP 	Display Frame 9
312.5026 	EXP 	Display Frame 0
312.5359 	EXP 	Display Frame 1
312.5692 	EXP 	Display Frame 2
312.6026 	EXP 	Display Frame 3
312.6359 	EXP 	Display Frame 4
312.6692 	EXP 	Display Frame 5
312.7026 	EXP 	Display Frame 6
312.7359 	EXP 	Display Frame 7
312.7693 	EXP 	Display Frame 8
312.8026 	EXP 	Display Frame 9
312.8359 	EXP 	Display Frame 0
312.8692 	EXP 	Display Frame 1
312.9026 	EXP 	Display Frame 2
312.9359 	EXP 	Display Frame 3
312.9692 	EXP 	Display Frame 4
313.0026 	EXP 	Display Frame 5
313.0359 	EXP 	Display Frame 6
313.0693 	EXP 	Display Frame 7
313.1025 	EXP 	Display Frame 8
313.1359 	EXP 	Display Frame 9
313.1692 	EXP 	Display Frame 0
313.2026 	EXP 	Display Frame 1
313.2359 	EXP 	Display Frame 2
313.2692 	EXP 	Display Frame 3
313.3026 	EXP 	Display Frame 4
313.3359 	EXP 	Display Frame 5
313.3693 	EXP 	Display Frame 6
313.4026 	EXP 	Display Frame 7
313.4359 	EXP 	Display Frame 8
313.4692 	EXP 	Display Frame 9
313.5025 	EXP 	Display Frame 0
313.5360 	EXP 	Display Frame 1
313.5693 	EXP 	Display Frame 2
313.6026 	EXP 	Display Frame 3
313.6359 	EXP 	Display Frame 4
313.6692 	EXP 	Display Frame 5
313.7026 	EXP 	Display Frame 6
313.7359 	EXP 	Display Frame 7
313.7692 	EXP 	Display Frame 8
313.8026 	EXP 	Display Frame 9
313.8359 	EXP 	Display Frame 0
313.8692 	EXP 	Display Frame 1
313.9026 	EXP 	Display Frame 2
313.9359 	EXP 	Display Frame 3
313.9692 	EXP 	Display Frame 4
314.0026 	EXP 	Display Frame 5
314.0359 	EXP 	Display Frame 6
314.0692 	EXP 	Display Frame 7
314.1026 	EXP 	Display Frame 8
314.1359 	EXP 	Display Frame 9
314.1692 	EXP 	Display Frame 0
314.2026 	EXP 	Display Frame 1
314.2358 	EXP 	Display Frame 2
314.2692 	EXP 	Display Frame 3
314.3025 	EXP 	Display Frame 4
314.3359 	EXP 	Display Frame 5
314.3693 	DATA 	Keypress: equal
314.3704 	EXP 	Display Frame 6
314.4026 	EXP 	Display Frame 7
314.4359 	EXP 	Display Frame 8
314.4692 	EXP 	Display Frame 9
314.5026 	EXP 	Display Frame 0
314.5359 	EXP 	Display Frame 1
314.5692 	EXP 	Display Frame 2
314.6026 	EXP 	Display Frame 3
314.6359 	EXP 	Display Frame 4
314.6692 	EXP 	Display Frame 5
314.7026 	EXP 	Display Frame 6
314.7359 	EXP 	Display Frame 7
314.7692 	EXP 	Display Frame 8
314.8026 	EXP 	Display Frame 9
314.8359 	EXP 	Display Frame 0
314.8693 	EXP 	Display Frame 1
314.9026 	EXP 	Display Frame 2
314.9359 	EXP 	Display Frame 3
314.9692 	EXP 	Display Frame 4
315.0026 	EXP 	Display Frame 5
315.0360 	EXP 	Display Frame 6
315.0692 	EXP 	Display Frame 7
315.1026 	EXP 	Display Frame 8
315.1359 	EXP 	Display Frame 9
315.1692 	EXP 	Display Frame 0
315.2026 	EXP 	Display Frame 1
315.2359 	EXP 	Display Frame 2
315.2692 	EXP 	Display Frame 3
315.3025 	EXP 	Display Frame 4
315.3359 	EXP 	Display Frame 5
315.3692 	EXP 	Display Frame 6
315.4026 	EXP 	Display Frame 7
315.4359 	EXP 	Display Frame 8
315.4692 	EXP 	Display Frame 9
315.5026 	EXP 	Display Frame 0
315.5359 	EXP 	Display Frame 1
315.5692 	EXP 	Display Frame 2
315.6028 	EXP 	Display Frame 3
315.6359 	EXP 	Display Frame 4
315.6693 	EXP 	Display Frame 5
315.7026 	EXP 	Display Frame 6
315.7359 	EXP 	Display Frame 7
315.7693 	EXP 	Display Frame 8
315.8026 	EXP 	Display Frame 9
315.8359 	EXP 	Display Frame 0
315.8693 	EXP 	Display Frame 1
315.9026 	EXP 	Display Frame 2
315.9359 	EXP 	Display Frame 3
315.9692 	EXP 	Display Frame 4
316.0026 	EXP 	Display Frame 5
316.0359 	EXP 	Display Frame 6
316.0693 	EXP 	Display Frame 7
316.1026 	EXP 	Display Frame 8
316.1359 	EXP 	Display Frame 9
316.1692 	EXP 	Display Frame 0
316.2026 	EXP 	Display Frame 1
316.2358 	EXP 	Display Frame 2
316.2692 	EXP 	Display Frame 3
316.3026 	EXP 	Display Frame 4
316.3359 	EXP 	Display Frame 5
316.3693 	EXP 	Display Frame 6
316.4026 	EXP 	Display Frame 7
316.4359 	EXP 	Display Frame 8
316.4692 	EXP 	Display Frame 9
316.5026 	EXP 	Display Frame 0
316.5359 	EXP 	Display Frame 1
316.5692 	EXP 	Display Frame 2
316.6026 	EXP 	Display Frame 3
316.6359 	EXP 	Display Frame 4
316.6692 	EXP 	Display Frame 5
316.7026 	EXP 	Display Frame 6
316.7359 	EXP 	Display Frame 7
316.7692 	EXP 	Display Frame 8
316.8025 	EXP 	Display Frame 9
316.8359 	EXP 	Display Frame 0
316.8692 	EXP 	Display Frame 1
316.9026 	EXP 	Display Frame 2
316.9359 	EXP 	Display Frame 3
316.9692 	EXP 	Display Frame 4
317.0026 	EXP 	Display Frame 5
317.0359 	EXP 	Display Frame 6
317.0692 	EXP 	Display Frame 7
317.1025 	EXP 	Display Frame 8
317.1359 	EXP 	Display Frame 9
317.1692 	EXP 	Display Frame 0
317.2026 	EXP 	Display Frame 1
317.2358 	EXP 	Display Frame 2
317.2692 	EXP 	Display Frame 3
317.3025 	EXP 	Display Frame 4
317.3359 	EXP 	Display Frame 5
317.3692 	EXP 	Display Frame 6
317.4025 	EXP 	Display Frame 7
317.4359 	EXP 	Display Frame 8
317.4692 	EXP 	Display Frame 9
317.5026 	EXP 	Display Frame 0
317.5359 	EXP 	Display Frame 1
317.5693 	EXP 	Display Frame 2
317.6026 	EXP 	Display Frame 3
317.6359 	EXP 	Display Frame 4
317.6692 	EXP 	Display Frame 5
317.7025 	EXP 	Display Frame 6
317.7359 	EXP 	Display Frame 7
317.7692 	EXP 	Display Frame 8
317.8026 	EXP 	Display Frame 9
317.8359 	EXP 	Display Frame 0
317.8693 	EXP 	Display Frame 1
317.9026 	EXP 	Display Frame 2
317.9359 	EXP 	Display Frame 3
317.9692 	EXP 	Display Frame 4
318.0025 	EXP 	Display Frame 5
318.0359 	EXP 	Display Frame 6
318.0692 	EXP 	Display Frame 7
318.1026 	EXP 	Display Frame 8
318.1359 	EXP 	Display Frame 9
318.1692 	EXP 	Display Frame 0
318.2026 	EXP 	Display Frame 1
318.2358 	EXP 	Display Frame 2
318.2692 	EXP 	Display Frame 3
318.3026 	EXP 	Display Frame 4
318.3359 	EXP 	Display Frame 5
318.3692 	EXP 	Display Frame 6
318.4026 	EXP 	Display Frame 7
318.4359 	EXP 	Display Frame 8
318.4692 	EXP 	Display Frame 9
318.5025 	EXP 	Display Frame 0
318.5360 	EXP 	Display Frame 1
318.5692 	EXP 	Display Frame 2
318.6025 	EXP 	Display Frame 3
318.6359 	EXP 	Display Frame 4
318.6692 	EXP 	Display Frame 5
318.7026 	EXP 	Display Frame 6
318.7359 	EXP 	Display Frame 7
318.7692 	EXP 	Display Frame 8
318.8025 	EXP 	Display Frame 9
318.8359 	EXP 	Display Frame 0
318.8694 	EXP 	Display Frame 1
318.9026 	EXP 	Display Frame 2
318.9359 	EXP 	Display Frame 3
318.9692 	EXP 	Display Frame 4
319.0026 	EXP 	Display Frame 5
319.0359 	EXP 	Display Frame 6
319.0692 	EXP 	Display Frame 7
319.1026 	EXP 	Display Frame 8
319.1359 	EXP 	Display Frame 9
319.1692 	EXP 	Display Frame 0
319.2026 	EXP 	Display Frame 1
319.2358 	EXP 	Display Frame 2
319.2692 	EXP 	Display Frame 3
319.3026 	EXP 	Display Frame 4
319.3361 	EXP 	Display Frame 5
319.3695 	EXP 	Display Frame 6
319.4027 	EXP 	Display Frame 7
319.4359 	EXP 	Display Frame 8
319.4692 	EXP 	Display Frame 9
319.5025 	EXP 	Display Frame 0
319.5359 	EXP 	Display Frame 1
319.5694 	DATA 	Keypress: equal
319.5704 	EXP 	Display Frame 2
319.6025 	EXP 	Display Frame 3
319.6359 	EXP 	Display Frame 4
319.6692 	EXP 	Display Frame 5
319.7026 	EXP 	Display Frame 6
319.7359 	EXP 	Display Frame 7
319.7692 	EXP 	Display Frame 8
319.8025 	EXP 	Display Frame 9
319.8359 	EXP 	Display Frame 0
319.8692 	EXP 	Display Frame 1
319.9026 	EXP 	Display Frame 2
319.9359 	EXP 	Display Frame 3
319.9692 	EXP 	Display Frame 4
320.0026 	EXP 	Display Frame 5
320.0359 	EXP 	Display Frame 6
320.0692 	EXP 	Display Frame 7
320.1025 	EXP 	Display Frame 8
320.1359 	EXP 	Display Frame 9
320.1692 	EXP 	Display Frame 0
320.2026 	EXP 	Display Frame 1
320.2358 	EXP 	Display Frame 2
320.2692 	EXP 	Display Frame 3
320.3026 	EXP 	Display Frame 4
320.3359 	EXP 	Display Frame 5
320.3692 	EXP 	Display Frame 6
320.4026 	EXP 	Display Frame 7
320.4359 	EXP 	Display Frame 8
320.4692 	EXP 	Display Frame 9
320.5026 	EXP 	Display Frame 0
320.5359 	EXP 	Display Frame 1
320.5693 	EXP 	Display Frame 2
320.6026 	EXP 	Display Frame 3
320.6359 	EXP 	Display Frame 4
320.6692 	EXP 	Display Frame 5
320.7026 	EXP 	Display Frame 6
320.7359 	EXP 	Display Frame 7
320.7692 	EXP 	Display Frame 8
320.8026 	EXP 	Display Frame 9
320.8359 	EXP 	Display Frame 0
320.8693 	EXP 	Display Frame 1
320.9026 	EXP 	Display Frame 2
320.9359 	EXP 	Display Frame 3
320.9692 	EXP 	Display Frame 4
321.0026 	EXP 	Display Frame 5
321.0359 	EXP 	Display Frame 6
321.0692 	EXP 	Display Frame 7
321.1026 	EXP 	Display Frame 8
321.1359 	EXP 	Display Frame 9
321.1692 	EXP 	Display Frame 0
321.2026 	EXP 	Display Frame 1
321.2358 	EXP 	Display Frame 2
321.2692 	EXP 	Display Frame 3
321.3025 	EXP 	Display Frame 4
321.3359 	EXP 	Display Frame 5
321.3695 	EXP 	Display Frame 6
321.4026 	EXP 	Display Frame 7
321.4359 	EXP 	Display Frame 8
321.4693 	EXP 	Display Frame 9
321.5026 	EXP 	Display Frame 0
321.5359 	EXP 	Display Frame 1
321.5693 	EXP 	Display Frame 2
321.6025 	EXP 	Display Frame 3
321.6359 	EXP 	Display Frame 4
321.6692 	EXP 	Display Frame 5
321.7026 	EXP 	Display Frame 6
321.7359 	EXP 	Display Frame 7
321.7692 	EXP 	Display Frame 8
321.8026 	EXP 	Display Frame 9
321.8359 	EXP 	Display Frame 0
321.8693 	EXP 	Display Frame 1
321.9026 	EXP 	Display Frame 2
321.9359 	EXP 	Display Frame 3
321.9692 	EXP 	Display Frame 4
322.0026 	EXP 	Display Frame 5
322.0359 	EXP 	Display Frame 6
322.0692 	EXP 	Display Frame 7
322.1026 	EXP 	Display Frame 8
322.1359 	EXP 	Display Frame 9
322.1692 	EXP 	Display Frame 0
322.2026 	EXP 	Display Frame 1
322.2358 	EXP 	Display Frame 2
322.2692 	EXP 	Display Frame 3
322.3026 	EXP 	Display Frame 4
322.3359 	EXP 	Display Frame 5
322.3692 	EXP 	Display Frame 6
322.4026 	EXP 	Display Frame 7
322.4359 	EXP 	Display Frame 8
322.4692 	EXP 	Display Frame 9
322.5026 	EXP 	Display Frame 0
322.5359 	EXP 	Display Frame 1
322.5692 	EXP 	Display Frame 2
322.6026 	EXP 	Display Frame 3
322.6359 	EXP 	Display Frame 4
322.6692 	EXP 	Display Frame 5
322.7025 	EXP 	Display Frame 6
322.7359 	EXP 	Display Frame 7
322.7692 	EXP 	Display Frame 8
322.8026 	EXP 	Display Frame 9
322.8359 	EXP 	Display Frame 0
322.8692 	EXP 	Display Frame 1
322.9026 	EXP 	Display Frame 2
322.9359 	EXP 	Display Frame 3
322.9692 	EXP 	Display Frame 4
323.0025 	EXP 	Display Frame 5
323.0359 	EXP 	Display Frame 6
323.0692 	EXP 	Display Frame 7
323.1026 	EXP 	Display Frame 8
323.1359 	EXP 	Display Frame 9
323.1692 	EXP 	Display Frame 0
323.2026 	EXP 	Display Frame 1
323.2358 	EXP 	Display Frame 2
323.2692 	EXP 	Display Frame 3
323.3025 	EXP 	Display Frame 4
323.3359 	EXP 	Display Frame 5
323.3692 	EXP 	Display Frame 6
323.4026 	EXP 	Display Frame 7
323.4359 	EXP 	Display Frame 8
323.4692 	EXP 	Display Frame 9
323.5025 	EXP 	Display Frame 0
323.5359 	EXP 	Display Frame 1
323.5692 	EXP 	Display Frame 2
323.6026 	EXP 	Display Frame 3
323.6359 	EXP 	Display Frame 4
323.6692 	EXP 	Display Frame 5
323.7026 	EXP 	Display Frame 6
323.7359 	EXP 	Display Frame 7
323.7692 	EXP 	Display Frame 8
323.8026 	EXP 	Display Frame 9
323.8359 	EXP 	Display Frame 0
323.8692 	EXP 	Display Frame 1
323.9026 	EXP 	Display Frame 2
323.9359 	EXP 	Display Frame 3
323.9692 	EXP 	Display Frame 4
324.0026 	EXP 	Display Frame 5
324.0359 	EXP 	Display Frame 6
324.0693 	EXP 	Display Frame 7
324.1025 	EXP 	Display Frame 8
324.1359 	EXP 	Display Frame 9
324.1692 	EXP 	Display Frame 0
324.2027 	EXP 	Display Frame 1
324.2358 	EXP 	Display Frame 2
324.2692 	EXP 	Display Frame 3
324.3026 	EXP 	Display Frame 4
324.3359 	EXP 	Display Frame 5
324.3693 	EXP 	Display Frame 6
324.4026 	EXP 	Display Frame 7
324.4359 	EXP 	Display Frame 8
324.4693 	EXP 	Display Frame 9
324.5026 	EXP 	Display Frame 0
324.5359 	EXP 	Display Frame 1
324.5692 	EXP 	Display Frame 2
324.6026 	EXP 	Display Frame 3
324.6359 	EXP 	Display Frame 4
324.6692 	EXP 	Display Frame 5
324.7026 	EXP 	Display Frame 6
324.7359 	EXP 	Display Frame 7
324.7693 	DATA 	Keypress: equal
324.7704 	EXP 	Display Frame 8
324.8026 	EXP 	Display Frame 9
324.8359 	EXP 	Display Frame 0
324.8693 	EXP 	Display Frame 1
324.9026 	EXP 	Display Frame 2
324.9359 	EXP 	Display Frame 3
324.9693 	EXP 	Display Frame 4
325.0026 	EXP 	Display Frame 5
325.0359 	EXP 	Display Frame 6
325.0692 	EXP 	Display Frame 7
325.1026 	EXP 	Display Frame 8
325.1359 	EXP 	Display Frame 9
325.1692 	EXP 	Display Frame 0
325.2026 	EXP 	Display Frame 1
325.2358 	EXP 	Display Frame 2
325.2692 	EXP 	Display Frame 3
325.3025 	EXP 	Display Frame 4
325.3359 	EXP 	Display Frame 5
325.3692 	EXP 	Display Frame 6
325.4026 	EXP 	Display Frame 7
325.4359 	EXP 	Display Frame 8
325.4692 	EXP 	Display Frame 9
325.5026 	EXP 	Display Frame 0
325.5359 	EXP 	Display Frame 1
325.5693 	EXP 	Display Frame 2
325.6026 	EXP 	Display Frame 3
325.6359 	EXP 	Display Frame 4
325.6692 	EXP 	Display Frame 5
325.7026 	EXP 	Display Frame 6
325.7359 	EXP 	Display Frame 7
325.7693 	EXP 	Display Frame 8
325.8026 	EXP 	Display Frame 9
325.8359 	EXP 	Display Frame 0
325.8692 	EXP 	Display Frame 1
325.9026 	EXP 	Display Frame 2
325.9359 	EXP 	Display Frame 3
325.9692 	EXP 	Display Frame 4
326.0026 	EXP 	Display Frame 5
326.0359 	EXP 	Display Frame 6
326.0693 	EXP 	Display Frame 7
326.1025 	EXP 	Display Frame 8
326.1359 	EXP 	Display Frame 9
326.1692 	EXP 	Display Frame 0
326.2026 	EXP 	Display Frame 1
326.2358 	EXP 	Display Frame 2
326.2692 	EXP 	Display Frame 3
326.3026 	EXP 	Display Frame 4
326.3359 	EXP 	Display Frame 5
326.3692 	EXP 	Display Frame 6
326.4026 	EXP 	Display Frame 7
326.4359 	EXP 	Display Frame 8
326.4692 	EXP 	Display Frame 9
326.5026 	EXP 	Display Frame 0
326.5359 	EXP 	Display Frame 1
326.5692 	EXP 	Display Frame 2
326.6026 	EXP 	Display Frame 3
326.6359 	EXP 	Display Frame 4
326.6693 	EXP 	Display Frame 5
326.7026 	EXP 	Display Frame 6
326.7359 	EXP 	Display Frame 7
326.7692 	EXP 	Display Frame 8
326.8025 	EXP 	Display Frame 9
326.8359 	EXP 	Display Frame 0
326.8692 	EXP 	Display Frame 1
326.9026 	EXP 	Display Frame 2
326.9359 	EXP 	Display Frame 3
326.9692 	EXP 	Display Frame 4
327.0025 	EXP 	Display Frame 5
327.0359 	EXP 	Display Frame 6
327.0692 	EXP 	Display Frame 7
327.1026 	EXP 	Display Frame 8
327.1359 	EXP 	Display Frame 9
327.1692 	EXP 	Display Frame 0
327.2025 	EXP 	Display Frame 1
327.2358 	EXP 	Display Frame 2
327.2692 	EXP 	Display Frame 3
327.3026 	EXP 	Display Frame 4
327.3359 	EXP 	Display Frame 5
327.3692 	EXP 	Display Frame 6
327.4026 	EXP 	Display Frame 7
327.4359 	EXP 	Display Frame 8
327.4692 	EXP 	Display Frame 9
327.5026 	EXP 	Display Frame 0
327.5359 	EXP 	Display Frame 1
327.5693 	EXP 	Display Frame 2
327.6026 	EXP 	Display Frame 3
327.6359 	EXP 	Display Frame 4
327.6692 	EXP 	Display Frame 5
327.7029 	EXP 	Display Frame 6
327.7359 	EXP 	Display Frame 7
327.7692 	EXP 	Display Frame 8
327.8026 	EXP 	Display Frame 9
327.8359 	EXP 	Display Frame 0
327.8693 	EXP 	Display Frame 1
327.9026 	EXP 	Display Frame 2
327.9359 	EXP 	Display Frame 3
327.9692 	EXP 	Display Frame 4
328.0026 	EXP 	Display Frame 5
328.0359 	EXP 	Display Frame 6
328.0692 	EXP 	Display Frame 7
328.1026 	EXP 	Display Frame 8
328.1359 	EXP 	Display Frame 9
328.1692 	EXP 	Display Frame 0
328.2026 	EXP 	Display Frame 1
328.2358 	EXP 	Display Frame 2
328.2692 	EXP 	Display Frame 3
328.3025 	EXP 	Display Frame 4
328.3359 	EXP 	Display Frame 5
328.3692 	EXP 	Display Frame 6
328.4026 	EXP 	Display Frame 7
328.4359 	EXP 	Display Frame 8
328.4692 	EXP 	Display Frame 9
328.5026 	EXP 	Display Frame 0
328.5359 	EXP 	Display Frame 1
328.5692 	EXP 	Display Frame 2
328.6026 	EXP 	Display Frame 3
328.6359 	EXP 	Display Frame 4
328.6692 	EXP 	Display Frame 5
328.7026 	EXP 	Display Frame 6
328.7359 	EXP 	Display Frame 7
328.7692 	EXP 	Display Frame 8
328.8026 	EXP 	Display Frame 9
328.8359 	EXP 	Display Frame 0
328.8692 	EXP 	Display Frame 1
328.9026 	EXP 	Display Frame 2
328.9359 	EXP 	Display Frame 3
328.9692 	EXP 	Display Frame 4
329.0026 	EXP 	Display Frame 5
329.0359 	EXP 	Display Frame 6
329.0692 	EXP 	Display Frame 7
329.1026 	EXP 	Display Frame 8
329.1359 	EXP 	Display Frame 9
329.1692 	EXP 	Display Frame 0
329.2026 	EXP 	Display Frame 1
329.2358 	EXP 	Display Frame 2
329.2692 	EXP 	Display Frame 3
329.3026 	EXP 	Display Frame 4
329.3359 	EXP 	Display Frame 5
329.3693 	EXP 	Display Frame 6
329.4026 	EXP 	Display Frame 7
329.4359 	EXP 	Display Frame 8
329.4692 	EXP 	Display Frame 9
329.5026 	EXP 	Display Frame 0
329.5361 	EXP 	Display Frame 1
329.5693 	EXP 	Display Frame 2
329.6026 	EXP 	Display Frame 3
329.6359 	EXP 	Display Frame 4
329.6692 	EXP 	Display Frame 5
329.7026 	EXP 	Display Frame 6
329.7359 	EXP 	Display Frame 7
329.7692 	EXP 	Display Frame 8
329.8026 	EXP 	Display Frame 9
329.8359 	EXP 	Display Frame 0
329.8693 	EXP 	Display Frame 1
329.9026 	EXP 	Display Frame 2
329.9359 	EXP 	Display Frame 3
329.9694 	DATA 	Keypress: equal
329.9704 	EXP 	Display Frame 4
330.0026 	EXP 	Display Frame 5
330.0359 	EXP 	Display Frame 6
330.0692 	EXP 	Display Frame 7
330.1026 	EXP 	Display Frame 8
330.1359 	EXP 	Display Frame 9
330.1692 	EXP 	Display Frame 0
330.2026 	EXP 	Display Frame 1
330.2358 	EXP 	Display Frame 2
330.2692 	EXP 	Display Frame 3
330.3026 	EXP 	Display Frame 4
330.3359 	EXP 	Display Frame 5
330.3692 	EXP 	Display Frame 6
330.4026 	EXP 	Display Frame 7
330.4359 	EXP 	Display Frame 8
330.4692 	EXP 	Display Frame 9
330.5025 	EXP 	Display Frame 0
330.5359 	EXP 	Display Frame 1
330.5692 	EXP 	Display Frame 2
330.6026 	EXP 	Display Frame 3
330.6359 	EXP 	Display Frame 4
330.6692 	EXP 	Display Frame 5
330.7026 	EXP 	Display Frame 6
330.7359 	EXP 	Display Frame 7
330.7692 	EXP 	Display Frame 8
330.8025 	EXP 	Display Frame 9
330.8359 	EXP 	Display Frame 0
330.8693 	EXP 	Display Frame 1
330.9026 	EXP 	Display Frame 2
330.9359 	EXP 	Display Frame 3
330.9692 	EXP 	Display Frame 4
331.0026 	EXP 	Display Frame 5
331.0359 	EXP 	Display Frame 6
331.0692 	EXP 	Display Frame 7
331.1026 	EXP 	Display Frame 8
331.1359 	EXP 	Display Frame 9
331.1692 	EXP 	Display Frame 0
331.2026 	EXP 	Display Frame 1
331.2358 	EXP 	Display Frame 2
331.2692 	EXP 	Display Frame 3
331.3026 	EXP 	Display Frame 4
331.3359 	EXP 	Display Frame 5
331.3693 	EXP 	Display Frame 6
331.4026 	EXP 	Display Frame 7
331.4359 	EXP 	Display Frame 8
331.4692 	EXP 	Display Frame 9
331.5026 	EXP 	Display Frame 0
331.5359 	EXP 	Display Frame 1
331.5693 	EXP 	Display Frame 2
331.6026 	EXP 	Display Frame 3
331.6359 	EXP 	Display Frame 4
331.6692 	EXP 	Display Frame 5
331.7026 	EXP 	Display Frame 6
331.7359 	EXP 	Display Frame 7
331.7692 	EXP 	Display Frame 8
331.8026 	EXP 	Display Frame 9
331.8359 	EXP 	Display Frame 0
331.8692 	EXP 	Display Frame 1
331.9026 	EXP 	Display Frame 2
331.9359 	EXP 	Display Frame 3
331.9692 	EXP 	Display Frame 4
332.0026 	EXP 	Display Frame 5
332.0359 	EXP 	Display Frame 6
332.0693 	EXP 	Display Frame 7
332.1025 	EXP 	Display Frame 8
332.1359 	EXP 	Display Frame 9
332.1692 	EXP 	Display Frame 0
332.2026 	EXP 	Display Frame 1
332.2358 	EXP 	Display Frame 2
332.2692 	EXP 	Display Frame 3
332.3025 	EXP 	Display Frame 4
332.3359 	EXP 	Display Frame 5
332.3692 	EXP 	Display Frame 6
332.4026 	EXP 	Display Frame 7
332.4359 	EXP 	Display Frame 8
332.4692 	EXP 	Display Frame 9
332.5025 	EXP 	Display Frame 0
332.5359 	EXP 	Display Frame 1
332.5693 	EXP 	Display Frame 2
332.6026 	EXP 	Display Frame 3
332.6359 	EXP 	Display Frame 4
332.6692 	EXP 	Display Frame 5
332.7026 	EXP 	Display Frame 6
332.7359 	EXP 	Display Frame 7
332.7692 	EXP 	Display Frame 8
332.8026 	EXP 	Display Frame 9
332.8359 	EXP 	Display Frame 0
332.8693 	EXP 	Display Frame 1
332.9026 	EXP 	Display Frame 2
332.9359 	EXP 	Display Frame 3
332.9692 	EXP 	Display Frame 4
333.0026 	EXP 	Display Frame 5
333.0359 	EXP 	Display Frame 6
333.0693 	EXP 	Display Frame 7
333.1026 	EXP 	Display Frame 8
333.1359 	EXP 	Display Frame 9
333.1693 	EXP 	Display Frame 0
333.2026 	EXP 	Display Frame 1
333.2358 	EXP 	Display Frame 2
333.2692 	EXP 	Display Frame 3
333.3026 	EXP 	Display Frame 4
333.3359 	EXP 	Display Frame 5
333.3693 	EXP 	Display Frame 6
333.4025 	EXP 	Display Frame 7
333.4359 	EXP 	Display Frame 8
333.4692 	EXP 	Display Frame 9
333.5025 	EXP 	Display Frame 0
333.5359 	EXP 	Display Frame 1
333.5692 	EXP 	Display Frame 2
333.6026 	EXP 	Display Frame 3
333.6359 	EXP 	Display Frame 4
333.6693 	EXP 	Display Frame 5
333.7026 	EXP 	Display Frame 6
333.7359 	EXP 	Display Frame 7
333.7692 	EXP 	Display Frame 8
333.8026 	EXP 	Display Frame 9
333.8359 	EXP 	Display Frame 0
333.8692 	EXP 	Display Frame 1
333.9026 	EXP 	Display Frame 2
333.9359 	EXP 	Display Frame 3
333.9692 	EXP 	Display Frame 4
334.0025 	EXP 	Display Frame 5
334.0361 	EXP 	Display Frame 6
334.0692 	EXP 	Display Frame 7
334.1026 	EXP 	Display Frame 8
334.1359 	EXP 	Display Frame 9
334.1692 	EXP 	Display Frame 0
334.2026 	EXP 	Display Frame 1
334.2358 	EXP 	Display Frame 2
334.2692 	EXP 	Display Frame 3
334.3026 	EXP 	Display Frame 4
334.3359 	EXP 	Display Frame 5
334.3693 	EXP 	Display Frame 6
334.4026 	EXP 	Display Frame 7
334.4359 	EXP 	Display Frame 8
334.4692 	EXP 	Display Frame 9
334.5026 	EXP 	Display Frame 0
334.5359 	EXP 	Display Frame 1
334.5692 	EXP 	Display Frame 2
334.6026 	EXP 	Display Frame 3
334.6359 	EXP 	Display Frame 4
334.6692 	EXP 	Display Frame 5
334.7026 	EXP 	Display Frame 6
334.7359 	EXP 	Display Frame 7
334.7692 	EXP 	Display Frame 8
334.8026 	EXP 	Display Frame 9
334.8359 	EXP 	Display Frame 0
334.8694 	EXP 	Display Frame 1
334.9026 	EXP 	Display Frame 2
334.9359 	EXP 	Display Frame 3
334.9692 	EXP 	Display Frame 4
335.0026 	EXP 	Display Frame 5
335.0359 	EXP 	Display Frame 6
335.0692 	EXP 	Display Frame 7
335.1026 	EXP 	Display Frame 8
335.1359 	EXP 	Display Frame 9
335.1367 	DATA 	Keypress: equal
335.1692 	EXP 	Display Frame 0
335.2026 	EXP 	Display Frame 1
335.2358 	EXP 	Display Frame 2
335.2693 	EXP 	Display Frame 3
335.3025 	EXP 	Display Frame 4
335.3359 	EXP 	Display Frame 5
335.3692 	EXP 	Display Frame 6
335.4026 	EXP 	Display Frame 7
335.4359 	EXP 	Display Frame 8
335.4692 	EXP 	Display Frame 9
335.5026 	EXP 	Display Frame 0
335.5359 	EXP 	Display Frame 1
335.5693 	EXP 	Display Frame 2
335.6025 	EXP 	Display Frame 3
335.6359 	EXP 	Display Frame 4
335.6692 	EXP 	Display Frame 5
335.7026 	EXP 	Display Frame 6
335.7359 	EXP 	Display Frame 7
335.7692 	EXP 	Display Frame 8
335.8026 	EXP 	Display Frame 9
335.8359 	EXP 	Display Frame 0
335.8693 	EXP 	Display Frame 1
335.9026 	EXP 	Display Frame 2
335.9359 	EXP 	Display Frame 3
335.9692 	EXP 	Display Frame 4
336.0026 	EXP 	Display Frame 5
336.0359 	EXP 	Display Frame 6
336.0693 	EXP 	Display Frame 7
336.1026 	EXP 	Display Frame 8
336.1359 	EXP 	Display Frame 9
336.1692 	EXP 	Display Frame 0
336.2026 	EXP 	Display Frame 1
336.2358 	EXP 	Display Frame 2
336.2692 	EXP 	Display Frame 3
336.3026 	EXP 	Display Frame 4
336.3359 	EXP 	Display Frame 5
336.3692 	EXP 	Display Frame 6
336.4026 	EXP 	Display Frame 7
336.4359 	EXP 	Display Frame 8
336.4692 	EXP 	Display Frame 9
336.5026 	EXP 	Display Frame 0
336.5359 	EXP 	Display Frame 1
336.5693 	EXP 	Display Frame 2
336.6026 	EXP 	Display Frame 3
336.6359 	EXP 	Display Frame 4
336.6692 	EXP 	Display Frame 5
336.7026 	EXP 	Display Frame 6
336.7359 	EXP 	Display Frame 7
336.7692 	EXP 	Display Frame 8
336.8026 	EXP 	Display Frame 9
336.8359 	EXP 	Display Frame 0
336.8693 	EXP 	Display Frame 1
336.9026 	EXP 	Display Frame 2
336.9359 	EXP 	Display Frame 3
336.9692 	EXP 	Display Frame 4
337.0025 	EXP 	Display Frame 5
337.0359 	EXP 	Display Frame 6
337.0692 	EXP 	Display Frame 7
337.1026 	EXP 	Display Frame 8
337.1359 	EXP 	Display Frame 9
337.1692 	EXP 	Display Frame 0
337.2025 	EXP 	Display Frame 1
337.2359 	EXP 	Display Frame 2
337.2693 	EXP 	Display Frame 3
337.3025 	EXP 	Display Frame 4
337.3359 	EXP 	Display Frame 5
337.3692 	EXP 	Display Frame 6
337.4026 	EXP 	Display Frame 7
337.4359 	EXP 	Display Frame 8
337.4692 	EXP 	Display Frame 9
337.5026 	EXP 	Display Frame 0
337.5359 	EXP 	Display Frame 1
337.5693 	EXP 	Display Frame 2
337.6025 	EXP 	Display Frame 3
337.6359 	EXP 	Display Frame 4
337.6692 	EXP 	Display Frame 5
337.7026 	EXP 	Display Frame 6
337.7359 	EXP 	Display Frame 7
337.7692 	EXP 	Display Frame 8
337.8025 	EXP 	Display Frame 9
337.8359 	EXP 	Display Frame 0
337.8692 	EXP 	Display Frame 1
337.9026 	EXP 	Display Frame 2
337.9359 	EXP 	Display Frame 3
337.9692 	EXP 	Display Frame 4
338.0025 	EXP 	Display Frame 5
338.0359 	EXP 	Display Frame 6
338.0692 	EXP 	Display Frame 7
338.1025 	EXP 	Display Frame 8
338.1359 	EXP 	Display Frame 9
338.1692 	EXP 	Display Frame 0
338.2026 	EXP 	Display Frame 1
338.2358 	EXP 	Display Frame 2
338.2693 	EXP 	Display Frame 3
338.3025 	EXP 	Display Frame 4
338.3359 	EXP 	Display Frame 5
338.3692 	EXP 	Display Frame 6
338.4026 	EXP 	Display Frame 7
338.4359 	EXP 	Display Frame 8
338.4692 	EXP 	Display Frame 9
338.5026 	EXP 	Display Frame 0
338.5359 	EXP 	Display Frame 1
338.5692 	EXP 	Display Frame 2
338.6026 	EXP 	Display Frame 3
338.6359 	EXP 	Display Frame 4
338.6692 	EXP 	Display Frame 5
338.7026 	EXP 	Display Frame 6
338.7359 	EXP 	Display Frame 7
338.7692 	EXP 	Display Frame 8
338.8025 	EXP 	Display Frame 9
338.8359 	EXP 	Display Frame 0
338.8692 	EXP 	Display Frame 1
338.9026 	EXP 	Display Frame 2
338.9359 	EXP 	Display Frame 3
338.9692 	EXP 	Display Frame 4
339.0026 	EXP 	Display Frame 5
339.0359 	EXP 	Display Frame 6
339.0692 	EXP 	Display Frame 7
339.1026 	EXP 	Display Frame 8
339.1359 	EXP 	Display Frame 9
339.1692 	EXP 	Display Frame 0
339.2026 	EXP 	Display Frame 1
339.2359 	EXP 	Display Frame 2
339.2692 	EXP 	Display Frame 3
339.3026 	EXP 	Display Frame 4
339.3359 	EXP 	Display Frame 5
339.3692 	EXP 	Display Frame 6
339.4026 	EXP 	Display Frame 7
339.4359 	EXP 	Display Frame 8
339.4692 	EXP 	Display Frame 9
339.5026 	EXP 	Display Frame 0
339.5359 	EXP 	Display Frame 1
339.5692 	EXP 	Display Frame 2
339.6026 	EXP 	Display Frame 3
339.6359 	EXP 	Display Frame 4
339.6692 	EXP 	Display Frame 5
339.7026 	EXP 	Display Frame 6
339.7359 	EXP 	Display Frame 7
339.7692 	EXP 	Display Frame 8
339.8025 	EXP 	Display Frame 9
339.8359 	EXP 	Display Frame 0
339.8692 	EXP 	Display Frame 1
339.9026 	EXP 	Display Frame 2
339.9359 	EXP 	Display Frame 3
339.9692 	EXP 	Display Frame 4
340.0025 	EXP 	Display Frame 5
340.0359 	EXP 	Display Frame 6
340.0693 	EXP 	Display Frame 7
340.1026 	EXP 	Display Frame 8
340.1359 	EXP 	Display Frame 9
340.1693 	EXP 	Display Frame 0
340.2027 	EXP 	Display Frame 1
340.2359 	EXP 	Display Frame 2
340.2692 	EXP 	Display Frame 3
340.3026 	EXP 	Display Frame 4
340.3360 	DATA 	Keypress: equal
340.3371 	EXP 	Display Frame 5
340.3475 	EXP 	Display Fixation
345.5233 	DATA 	Keypress: equal
350.7185 	DATA 	Keypress: equal
355.9105 	DATA 	Keypress: equal
361.1045 	DATA 	Keypress: equal
366.2981 	DATA 	Keypress: equal
371.4916 	DATA 	Keypress: equal
371.5262 	EXP 	Display Frame 1
371.5593 	EXP 	Display Frame 2
371.5927 	EXP 	Display Frame 3
371.6259 	EXP 	Display Frame 4
371.6593 	EXP 	Display Frame 5
371.6926 	EXP 	Display Frame 6
371.7260 	EXP 	Display Frame 7
371.7593 	EXP 	Display Frame 8
371.7927 	EXP 	Display Frame 9
371.8259 	EXP 	Display Frame 0
371.8593 	EXP 	Display Frame 1
371.8926 	EXP 	Display Frame 2
371.9259 	EXP 	Display Frame 3
371.9593 	EXP 	Display Frame 4
371.9926 	EXP 	Display Frame 5
372.0260 	EXP 	Display Frame 6
372.0593 	EXP 	Display Frame 7
372.0926 	EXP 	Display Frame 8
372.1262 	EXP 	Display Frame 9
372.1596 	EXP 	Display Frame 0
372.1926 	EXP 	Display Frame 1
372.2260 	EXP 	Display Frame 2
372.2593 	EXP 	Display Frame 3
372.2926 	EXP 	Display Frame 4
372.3260 	EXP 	Display Frame 5
372.3593 	EXP 	Display Frame 6
372.3926 	EXP 	Display Frame 7
372.4259 	EXP 	Display Frame 8
372.4593 	EXP 	Display Frame 9
372.4926 	EXP 	Display Frame 0
372.5259 	EXP 	Display Frame 1
372.5593 	EXP 	Display Frame 2
372.5926 	EXP 	Display Frame 3
372.6259 	EXP 	Display Frame 4
372.6592 	EXP 	Display Frame 5
372.6926 	EXP 	Display Frame 6
372.7259 	EXP 	Display Frame 7
372.7593 	EXP 	Display Frame 8
372.7926 	EXP 	Display Frame 9
372.8259 	EXP 	Display Frame 0
372.8593 	EXP 	Display Frame 1
372.8926 	EXP 	Display Frame 2
372.9259 	EXP 	Display Frame 3
372.9592 	EXP 	Display Frame 4
372.9926 	EXP 	Display Frame 5
373.0259 	EXP 	Display Frame 6
373.0592 	EXP 	Display Frame 7
373.0926 	EXP 	Display Frame 8
373.1259 	EXP 	Display Frame 9
373.1593 	EXP 	Display Frame 0
373.1926 	EXP 	Display Frame 1
373.2259 	EXP 	Display Frame 2
373.2593 	EXP 	Display Frame 3
373.2926 	EXP 	Display Frame 4
373.3259 	EXP 	Display Frame 5
373.3592 	EXP 	Display Frame 6
373.3926 	EXP 	Display Frame 7
373.4259 	EXP 	Display Frame 8
373.4593 	EXP 	Display Frame 9
373.4926 	EXP 	Display Frame 0
373.5259 	EXP 	Display Frame 1
373.5593 	EXP 	Display Frame 2
373.5940 	EXP 	Display Frame 3
373.6259 	EXP 	Display Frame 4
373.6593 	EXP 	Display Frame 5
373.6926 	EXP 	Display Frame 6
373.7259 	EXP 	Display Frame 7
373.7592 	EXP 	Display Frame 8
373.7926 	EXP 	Display Frame 9
373.8259 	EXP 	Display Frame 0
373.8593 	EXP 	Display Frame 1
373.8926 	EXP 	Display Frame 2
373.9260 	EXP 	Display Frame 3
373.9592 	EXP 	Display Frame 4
373.9926 	EXP 	Display Frame 5
374.0260 	EXP 	Display Frame 6
374.0592 	EXP 	Display Frame 7
374.0926 	EXP 	Display Frame 8
374.1259 	EXP 	Display Frame 9
374.1593 	EXP 	Display Frame 0
374.1926 	EXP 	Display Frame 1
374.2259 	EXP 	Display Frame 2
374.2593 	EXP 	Display Frame 3
374.2926 	EXP 	Display Frame 4
374.3259 	EXP 	Display Frame 5
374.3593 	EXP 	Display Frame 6
374.3926 	EXP 	Display Frame 7
374.4259 	EXP 	Display Frame 8
374.4593 	EXP 	Display Frame 9
374.4926 	EXP 	Display Frame 0
374.5259 	EXP 	Display Frame 1
374.5593 	EXP 	Display Frame 2
374.5926 	EXP 	Display Frame 3
374.6259 	EXP 	Display Frame 4
374.6592 	EXP 	Display Frame 5
374.6926 	EXP 	Display Frame 6
374.7259 	EXP 	Display Frame 7
374.7593 	EXP 	Display Frame 8
374.7926 	EXP 	Display Frame 9
374.8259 	EXP 	Display Frame 0
374.8593 	EXP 	Display Frame 1
374.8926 	EXP 	Display Frame 2
374.9259 	EXP 	Display Frame 3
374.9592 	EXP 	Display Frame 4
374.9926 	EXP 	Display Frame 5
375.0259 	EXP 	Display Frame 6
375.0593 	EXP 	Display Frame 7
375.0926 	EXP 	Display Frame 8
375.1259 	EXP 	Display Frame 9
375.1593 	EXP 	Display Frame 0
375.1926 	EXP 	Display Frame 1
375.2260 	EXP 	Display Frame 2
375.2592 	EXP 	Display Frame 3
375.2926 	EXP 	Display Frame 4
375.3259 	EXP 	Display Frame 5
375.3593 	EXP 	Display Frame 6
375.3926 	EXP 	Display Frame 7
375.4259 	EXP 	Display Frame 8
375.4592 	EXP 	Display Frame 9
375.4926 	EXP 	Display Frame 0
375.5258 	EXP 	Display Frame 1
375.5593 	EXP 	Display Frame 2
375.5926 	EXP 	Display Frame 3
375.6259 	EXP 	Display Frame 4
375.6593 	EXP 	Display Frame 5
375.6926 	EXP 	Display Frame 6
375.7259 	EXP 	Display Frame 7
375.7592 	EXP 	Display Frame 8
375.7926 	EXP 	Display Frame 9
375.8259 	EXP 	Display Frame 0
375.8593 	EXP 	Display Frame 1
375.8926 	EXP 	Display Frame 2
375.9259 	EXP 	Display Frame 3
375.9593 	EXP 	Display Frame 4
375.9926 	EXP 	Display Frame 5
376.0260 	EXP 	Display Frame 6
376.0593 	EXP 	Display Frame 7
376.0926 	EXP 	Display Frame 8
376.1259 	EXP 	Display Frame 9
376.1592 	EXP 	Display Frame 0
376.1926 	EXP 	Display Frame 1
376.2260 	EXP 	Display Frame 2
376.2592 	EXP 	Display Frame 3
376.2926 	EXP 	Display Frame 4
376.3260 	EXP 	Display Frame 5
376.3593 	EXP 	Display Frame 6
376.3926 	EXP 	Display Frame 7
376.4259 	EXP 	Display Frame 8
376.4593 	EXP 	Display Frame 9
376.4926 	EXP 	Display Frame 0
376.5259 	EXP 	Display Frame 1
376.5593 	EXP 	Display Frame 2
376.5926 	EXP 	Display Frame 3
376.6259 	EXP 	Display Frame 4
376.6592 	EXP 	Display Frame 5
376.6927 	DATA 	Keypress: equal
376.6938 	EXP 	Display Frame 6
376.7259 	EXP 	Display Frame 7
376.7592 	EXP 	Display Frame 8
376.7926 	EXP 	Display Frame 9
376.8259 	EXP 	Display Frame 0
376.8593 	EXP 	Display Frame 1
376.8926 	EXP 	Display Frame 2
376.9259 	EXP 	Display Frame 3
376.9592 	EXP 	Display Frame 4
376.9926 	EXP 	Display Frame 5
377.0259 	EXP 	Display Frame 6
377.0593 	EXP 	Display Frame 7
377.0926 	EXP 	Display Frame 8
377.1259 	EXP 	Display Frame 9
377.1593 	EXP 	Display Frame 0
377.1926 	EXP 	Display Frame 1
377.2260 	EXP 	Display Frame 2
377.2592 	EXP 	Display Frame 3
377.2926 	EXP 	Display Frame 4
377.3259 	EXP 	Display Frame 5
377.3593 	EXP 	Display Frame 6
377.3926 	EXP 	Display Frame 7
377.4259 	EXP 	Display Frame 8
377.4592 	EXP 	Display Frame 9
377.4927 	EXP 	Display Frame 0
377.5259 	EXP 	Display Frame 1
377.5593 	EXP 	Display Frame 2
377.5926 	EXP 	Display Frame 3
377.6259 	EXP 	Display Frame 4
377.6592 	EXP 	Display Frame 5
377.6926 	EXP 	Display Frame 6
377.7259 	EXP 	Display Frame 7
377.7593 	EXP 	Display Frame 8
377.7926 	EXP 	Display Frame 9
377.8259 	EXP 	Display Frame 0
377.8593 	EXP 	Display Frame 1
377.8926 	EXP 	Display Frame 2
377.9259 	EXP 	Display Frame 3
377.9593 	EXP 	Display Frame 4
377.9926 	EXP 	Display Frame 5
378.0260 	EXP 	Display Frame 6
378.0592 	EXP 	Display Frame 7
378.0926 	EXP 	Display Frame 8
378.1259 	EXP 	Display Frame 9
378.1593 	EXP 	Display Frame 0
378.1926 	EXP 	Display Frame 1
378.2259 	EXP 	Display Frame 2
378.2593 	EXP 	Display Frame 3
378.2926 	EXP 	Display Frame 4
378.3260 	EXP 	Display Frame 5
378.3593 	EXP 	Display Frame 6
378.3926 	EXP 	Display Frame 7
378.4259 	EXP 	Display Frame 8
378.4594 	EXP 	Display Frame 9
378.4926 	EXP 	Display Frame 0
378.5259 	EXP 	Display Frame 1
378.5593 	EXP 	Display Frame 2
378.5926 	EXP 	Display Frame 3
378.6259 	EXP 	Display Frame 4
378.6593 	EXP 	Display Frame 5
378.6926 	EXP 	Display Frame 6
378.7259 	EXP 	Display Frame 7
378.7593 	EXP 	Display Frame 8
378.7926 	EXP 	Display Frame 9
378.8260 	EXP 	Display Frame 0
378.8593 	EXP 	Display Frame 1
378.8926 	EXP 	Display Frame 2
378.9259 	EXP 	Display Frame 3
378.9593 	EXP 	Display Frame 4
378.9926 	EXP 	Display Frame 5
379.0259 	EXP 	Display Frame 6
379.0593 	EXP 	Display Frame 7
379.0926 	EXP 	Display Frame 8
379.1259 	EXP 	Display Frame 9
379.1593 	EXP 	Display Frame 0
379.1926 	EXP 	Display Frame 1
379.2259 	EXP 	Display Frame 2
379.2593 	EXP 	Display Frame 3
379.2926 	EXP 	Display Frame 4
379.3261 	EXP 	Display Frame 5
379.3595 	EXP 	Display Frame 6
379.3927 	EXP 	Display Frame 7
379.4260 	EXP 	Display Frame 8
379.4593 	EXP 	Display Frame 9
379.4926 	EXP 	Display Frame 0
379.5259 	EXP 	Display Frame 1
379.5593 	EXP 	Display Frame 2
379.5926 	EXP 	Display Frame 3
379.6259 	EXP 	Display Frame 4
379.6593 	EXP 	Display Frame 5
379.6926 	EXP 	Display Frame 6
379.7260 	EXP 	Display Frame 7
379.7593 	EXP 	Display Frame 8
379.7926 	EXP 	Display Frame 9
379.8259 	EXP 	Display Frame 0
379.8593 	EXP 	Display Frame 1
379.8926 	EXP 	Display Frame 2
379.9259 	EXP 	Display Frame 3
379.9593 	EXP 	Display Frame 4
379.9926 	EXP 	Display Frame 5
380.0260 	EXP 	Display Frame 6
380.0593 	EXP 	Display Frame 7
380.0926 	EXP 	Display Frame 8
380.1259 	EXP 	Display Frame 9
380.1593 	EXP 	Display Frame 0
380.1926 	EXP 	Display Frame 1
380.2260 	EXP 	Display Frame 2
380.2593 	EXP 	Display Frame 3
380.2926 	EXP 	Display Frame 4
380.3259 	EXP 	Display Frame 5
380.3593 	EXP 	Display Frame 6
380.3926 	EXP 	Display Frame 7
380.4259 	EXP 	Display Frame 8
380.4593 	EXP 	Display Frame 9
380.4926 	EXP 	Display Frame 0
380.5259 	EXP 	Display Frame 1
380.5593 	EXP 	Display Frame 2
380.5926 	EXP 	Display Frame 3
380.6259 	EXP 	Display Frame 4
380.6593 	EXP 	Display Frame 5
380.6926 	EXP 	Display Frame 6
380.7259 	EXP 	Display Frame 7
380.7593 	EXP 	Display Frame 8
380.7926 	EXP 	Display Frame 9
380.8260 	EXP 	Display Frame 0
380.8593 	EXP 	Display Frame 1
380.8926 	EXP 	Display Frame 2
380.9259 	EXP 	Display Frame 3
380.9593 	EXP 	Display Frame 4
380.9926 	EXP 	Display Frame 5
381.0260 	EXP 	Display Frame 6
381.0593 	EXP 	Display Frame 7
381.0926 	EXP 	Display Frame 8
381.1259 	EXP 	Display Frame 9
381.1593 	EXP 	Display Frame 0
381.1926 	EXP 	Display Frame 1
381.2259 	EXP 	Display Frame 2
381.2593 	EXP 	Display Frame 3
381.2926 	EXP 	Display Frame 4
381.3259 	EXP 	Display Frame 5
381.3593 	EXP 	Display Frame 6
381.3926 	EXP 	Display Frame 7
381.4259 	EXP 	Display Frame 8
381.4593 	EXP 	Display Frame 9
381.4926 	EXP 	Display Frame 0
381.5258 	EXP 	Display Frame 1
381.5593 	EXP 	Display Frame 2
381.5926 	EXP 	Display Frame 3
381.6259 	EXP 	Display Frame 4
381.6593 	EXP 	Display Frame 5
381.6926 	EXP 	Display Frame 6
381.7260 	EXP 	Display Frame 7
381.7593 	EXP 	Display Frame 8
381.7926 	EXP 	Display Frame 9
381.8260 	EXP 	Display Frame 0
381.8593 	EXP 	Display Frame 1
381.8927 	DATA 	Keypress: equal
381.8938 	EXP 	Display Frame 2
381.9259 	EXP 	Display Frame 3
381.9592 	EXP 	Display Frame 4
381.9926 	EXP 	Display Frame 5
382.0260 	EXP 	Display Frame 6
382.0593 	EXP 	Display Frame 7
382.0926 	EXP 	Display Frame 8
382.1260 	EXP 	Display Frame 9
382.1593 	EXP 	Display Frame 0
382.1926 	EXP 	Display Frame 1
382.2259 	EXP 	Display Frame 2
382.2593 	EXP 	Display Frame 3
382.2926 	EXP 	Display Frame 4
382.3259 	EXP 	Display Frame 5
382.3593 	EXP 	Display Frame 6
382.3926 	EXP 	Display Frame 7
382.4259 	EXP 	Display Frame 8
382.4592 	EXP 	Display Frame 9
382.4926 	EXP 	Display Frame 0
382.5259 	EXP 	Display Frame 1
382.5593 	EXP 	Display Frame 2
382.5926 	EXP 	Display Frame 3
382.6259 	EXP 	Display Frame 4
382.6603 	EXP 	Display Frame 5
382.6926 	EXP 	Display Frame 6
382.7259 	EXP 	Display Frame 7
382.7592 	EXP 	Display Frame 8
382.7926 	EXP 	Display Frame 9
382.8261 	EXP 	Display Frame 0
382.8593 	EXP 	Display Frame 1
382.8926 	EXP 	Display Frame 2
382.9259 	EXP 	Display Frame 3
382.9593 	EXP 	Display Frame 4
382.9926 	EXP 	Display Frame 5
383.0260 	EXP 	Display Frame 6
383.0593 	EXP 	Display Frame 7
383.0926 	EXP 	Display Frame 8
383.1259 	EXP 	Display Frame 9
383.1593 	EXP 	Display Frame 0
383.1926 	EXP 	Display Frame 1
383.2259 	EXP 	Display Frame 2
383.2592 	EXP 	Display Frame 3
383.2926 	EXP 	Display Frame 4
383.3260 	EXP 	Display Frame 5
383.3593 	EXP 	Display Frame 6
383.3926 	EXP 	Display Frame 7
383.4259 	EXP 	Display Frame 8
383.4593 	EXP 	Display Frame 9
383.4926 	EXP 	Display Frame 0
383.5259 	EXP 	Display Frame 1
383.5593 	EXP 	Display Frame 2
383.5926 	EXP 	Display Frame 3
383.6259 	EXP 	Display Frame 4
383.6592 	EXP 	Display Frame 5
383.6926 	EXP 	Display Frame 6
383.7259 	EXP 	Display Frame 7
383.7593 	EXP 	Display Frame 8
383.7926 	EXP 	Display Frame 9
383.8259 	EXP 	Display Frame 0
383.8593 	EXP 	Display Frame 1
383.8926 	EXP 	Display Frame 2
383.9259 	EXP 	Display Frame 3
383.9593 	EXP 	Display Frame 4
383.9926 	EXP 	Display Frame 5
384.0259 	EXP 	Display Frame 6
384.0592 	EXP 	Display Frame 7
384.0926 	EXP 	Display Frame 8
384.1259 	EXP 	Display Frame 9
384.1593 	EXP 	Display Frame 0
384.1926 	EXP 	Display Frame 1
384.2259 	EXP 	Display Frame 2
384.2593 	EXP 	Display Frame 3
384.2926 	EXP 	Display Frame 4
384.3259 	EXP 	Display Frame 5
384.3593 	EXP 	Display Frame 6
384.3926 	EXP 	Display Frame 7
384.4259 	EXP 	Display Frame 8
384.4593 	EXP 	Display Frame 9
384.4926 	EXP 	Display Frame 0
384.5259 	EXP 	Display Frame 1
384.5593 	EXP 	Display Frame 2
384.5926 	EXP 	Display Frame 3
384.6259 	EXP 	Display Frame 4
384.6593 	EXP 	Display Frame 5
384.6926 	EXP 	Display Frame 6
384.7259 	EXP 	Display Frame 7
384.7593 	EXP 	Display Frame 8
384.7928 	EXP 	Display Frame 9
384.8260 	EXP 	Display Frame 0
384.8593 	EXP 	Display Frame 1
384.8926 	EXP 	Display Frame 2
384.9260 	EXP 	Display Frame 3
384.9601 	EXP 	Display Frame 4
384.9926 	EXP 	Display Frame 5
385.0260 	EXP 	Display Frame 6
385.0593 	EXP 	Display Frame 7
385.0926 	EXP 	Display Frame 8
385.1260 	EXP 	Display Frame 9
385.1593 	EXP 	Display Frame 0
385.1926 	EXP 	Display Frame 1
385.2259 	EXP 	Display Frame 2
385.2593 	EXP 	Display Frame 3
385.2926 	EXP 	Display Frame 4
385.3259 	EXP 	Display Frame 5
385.3593 	EXP 	Display Frame 6
385.3926 	EXP 	Display Frame 7
385.4259 	EXP 	Display Frame 8
385.4592 	EXP 	Display Frame 9
385.4926 	EXP 	Display Frame 0
385.5259 	EXP 	Display Frame 1
385.5593 	EXP 	Display Frame 2
385.5926 	EXP 	Display Frame 3
385.6259 	EXP 	Display Frame 4
385.6593 	EXP 	Display Frame 5
385.6926 	EXP 	Display Frame 6
385.7259 	EXP 	Display Frame 7
385.7593 	EXP 	Display Frame 8
385.7926 	EXP 	Display Frame 9
385.8259 	EXP 	Display Frame 0
385.8593 	EXP 	Display Frame 1
385.8926 	EXP 	Display Frame 2
385.9259 	EXP 	Display Frame 3
385.9593 	EXP 	Display Frame 4
385.9926 	EXP 	Display Frame 5
386.0260 	EXP 	Display Frame 6
386.0593 	EXP 	Display Frame 7
386.0926 	EXP 	Display Frame 8
386.1259 	EXP 	Display Frame 9
386.1593 	EXP 	Display Frame 0
386.1926 	EXP 	Display Frame 1
386.2259 	EXP 	Display Frame 2
386.2593 	EXP 	Display Frame 3
386.2926 	EXP 	Display Frame 4
386.3260 	EXP 	Display Frame 5
386.3593 	EXP 	Display Frame 6
386.3926 	EXP 	Display Frame 7
386.4259 	EXP 	Display Frame 8
386.4593 	EXP 	Display Frame 9
386.4926 	EXP 	Display Frame 0
386.5259 	EXP 	Display Frame 1
386.5593 	EXP 	Display Frame 2
386.5926 	EXP 	Display Frame 3
386.6259 	EXP 	Display Frame 4
386.6593 	EXP 	Display Frame 5
386.6926 	EXP 	Display Frame 6
386.7259 	EXP 	Display Frame 7
386.7593 	EXP 	Display Frame 8
386.7926 	EXP 	Display Frame 9
386.8259 	EXP 	Display Frame 0
386.8593 	EXP 	Display Frame 1
386.8926 	EXP 	Display Frame 2
386.9260 	EXP 	Display Frame 3
386.9592 	EXP 	Display Frame 4
386.9926 	EXP 	Display Frame 5
387.0259 	EXP 	Display Frame 6
387.0593 	EXP 	Display Frame 7
387.0927 	DATA 	Keypress: equal
387.0938 	EXP 	Display Frame 8
387.1259 	EXP 	Display Frame 9
387.1593 	EXP 	Display Frame 0
387.1926 	EXP 	Display Frame 1
387.2260 	EXP 	Display Frame 2
387.2593 	EXP 	Display Frame 3
387.2926 	EXP 	Display Frame 4
387.3259 	EXP 	Display Frame 5
387.3593 	EXP 	Display Frame 6
387.3926 	EXP 	Display Frame 7
387.4259 	EXP 	Display Frame 8
387.4593 	EXP 	Display Frame 9
387.4926 	EXP 	Display Frame 0
387.5259 	EXP 	Display Frame 1
387.5593 	EXP 	Display Frame 2
387.5926 	EXP 	Display Frame 3
387.6259 	EXP 	Display Frame 4
387.6592 	EXP 	Display Frame 5
387.6926 	EXP 	Display Frame 6
387.7259 	EXP 	Display Frame 7
387.7593 	EXP 	Display Frame 8
387.7926 	EXP 	Display Frame 9
387.8259 	EXP 	Display Frame 0
387.8593 	EXP 	Display Frame 1
387.8926 	EXP 	Display Frame 2
387.9259 	EXP 	Display Frame 3
387.9593 	EXP 	Display Frame 4
387.9926 	EXP 	Display Frame 5
388.0259 	EXP 	Display Frame 6
388.0593 	EXP 	Display Frame 7
388.0926 	EXP 	Display Frame 8
388.1260 	EXP 	Display Frame 9
388.1594 	EXP 	Display Frame 0
388.1926 	EXP 	Display Frame 1
388.2259 	EXP 	Display Frame 2
388.2592 	EXP 	Display Frame 3
388.2926 	EXP 	Display Frame 4
388.3259 	EXP 	Display Frame 5
388.3593 	EXP 	Display Frame 6
388.3926 	EXP 	Display Frame 7
388.4259 	EXP 	Display Frame 8
388.4593 	EXP 	Display Frame 9
388.4926 	EXP 	Display Frame 0
388.5259 	EXP 	Display Frame 1
388.5593 	EXP 	Display Frame 2
388.5926 	EXP 	Display Frame 3
388.6259 	EXP 	Display Frame 4
388.6593 	EXP 	Display Frame 5
388.6926 	EXP 	Display Frame 6
388.7259 	EXP 	Display Frame 7
388.7593 	EXP 	Display Frame 8
388.7926 	EXP 	Display Frame 9
388.8259 	EXP 	Display Frame 0
388.8593 	EXP 	Display Frame 1
388.8926 	EXP 	Display Frame 2
388.9259 	EXP 	Display Frame 3
388.9593 	EXP 	Display Frame 4
388.9926 	EXP 	Display Frame 5
389.0259 	EXP 	Display Frame 6
389.0592 	EXP 	Display Frame 7
389.0926 	EXP 	Display Frame 8
389.1259 	EXP 	Display Frame 9
389.1593 	EXP 	Display Frame 0
389.1926 	EXP 	Display Frame 1
389.2259 	EXP 	Display Frame 2
389.2592 	EXP 	Display Frame 3
389.2926 	EXP 	Display Frame 4
389.3260 	EXP 	Display Frame 5
389.3593 	EXP 	Display Frame 6
389.3926 	EXP 	Display Frame 7
389.4259 	EXP 	Display Frame 8
389.4592 	EXP 	Display Frame 9
389.4926 	EXP 	Display Frame 0
389.5259 	EXP 	Display Frame 1
389.5593 	EXP 	Display Frame 2
389.5926 	EXP 	Display Frame 3
389.6260 	EXP 	Display Frame 4
389.6592 	EXP 	Display Frame 5
389.6926 	EXP 	Display Frame 6
389.7259 	EXP 	Display Frame 7
389.7592 	EXP 	Display Frame 8
389.7926 	EXP 	Display Frame 9
389.8259 	EXP 	Display Frame 0
389.8593 	EXP 	Display Frame 1
389.8926 	EXP 	Display Frame 2
389.9259 	EXP 	Display Frame 3
389.9593 	EXP 	Display Frame 4
389.9926 	EXP 	Display Frame 5
390.0259 	EXP 	Display Frame 6
390.0593 	EXP 	Display Frame 7
390.0926 	EXP 	Display Frame 8
390.1259 	EXP 	Display Frame 9
390.1593 	EXP 	Display Frame 0
390.1926 	EXP 	Display Frame 1
390.2259 	EXP 	Display Frame 2
390.2593 	EXP 	Display Frame 3
390.2926 	EXP 	Display Frame 4
390.3260 	EXP 	Display Frame 5
390.3593 	EXP 	Display Frame 6
390.3926 	EXP 	Display Frame 7
390.4259 	EXP 	Display Frame 8
390.4593 	EXP 	Display Frame 9
390.4926 	EXP 	Display Frame 0
390.5259 	EXP 	Display Frame 1
390.5593 	EXP 	Display Frame 2
390.5926 	EXP 	Display Frame 3
390.6259 	EXP 	Display Frame 4
390.6592 	EXP 	Display Frame 5
390.6926 	EXP 	Display Frame 6
390.7259 	EXP 	Display Frame 7
390.7593 	EXP 	Display Frame 8
390.7926 	EXP 	Display Frame 9
390.8259 	EXP 	Display Frame 0
390.8593 	EXP 	Display Frame 1
390.8926 	EXP 	Display Frame 2
390.9259 	EXP 	Display Frame 3
390.9592 	EXP 	Display Frame 4
390.9926 	EXP 	Display Frame 5
391.0259 	EXP 	Display Frame 6
391.0593 	EXP 	Display Frame 7
391.0926 	EXP 	Display Frame 8
391.1259 	EXP 	Display Frame 9
391.1596 	EXP 	Display Frame 0
391.1926 	EXP 	Display Frame 1
391.2260 	EXP 	Display Frame 2
391.2592 	EXP 	Display Frame 3
391.2926 	EXP 	Display Frame 4
391.3259 	EXP 	Display Frame 5
391.3593 	EXP 	Display Frame 6
391.3926 	EXP 	Display Frame 7
391.4260 	EXP 	Display Frame 8
391.4592 	EXP 	Display Frame 9
391.4926 	EXP 	Display Frame 0
391.5259 	EXP 	Display Frame 1
391.5593 	EXP 	Display Frame 2
391.5926 	EXP 	Display Frame 3
391.6259 	EXP 	Display Frame 4
391.6593 	EXP 	Display Frame 5
391.6926 	EXP 	Display Frame 6
391.7259 	EXP 	Display Frame 7
391.7592 	EXP 	Display Frame 8
391.7926 	EXP 	Display Frame 9
391.8260 	EXP 	Display Frame 0
391.8593 	EXP 	Display Frame 1
391.8926 	EXP 	Display Frame 2
391.9259 	EXP 	Display Frame 3
391.9593 	EXP 	Display Frame 4
391.9926 	EXP 	Display Frame 5
392.0260 	EXP 	Display Frame 6
392.0593 	EXP 	Display Frame 7
392.0926 	EXP 	Display Frame 8
392.1260 	EXP 	Display Frame 9
392.1593 	EXP 	Display Frame 0
392.1926 	EXP 	Display Frame 1
392.2259 	EXP 	Display Frame 2
392.2593 	EXP 	Display Frame 3
392.2926 	DATA 	Keypress: equal
392.2937 	EXP 	Display Frame 4
392.3259 	EXP 	Display Frame 5
392.3593 	EXP 	Display Frame 6
392.3926 	EXP 	Display Frame 7
392.4259 	EXP 	Display Frame 8
392.4592 	EXP 	Display Frame 9
392.4926 	EXP 	Display Frame 0
392.5259 	EXP 	Display Frame 1
392.5593 	EXP 	Display Frame 2
392.5926 	EXP 	Display Frame 3
392.6259 	EXP 	Display Frame 4
392.6593 	EXP 	Display Frame 5
392.6926 	EXP 	Display Frame 6
392.7259 	EXP 	Display Frame 7
392.7593 	EXP 	Display Frame 8
392.7926 	EXP 	Display Frame 9
392.8259 	EXP 	Display Frame 0
392.8593 	EXP 	Display Frame 1
392.8926 	EXP 	Display Frame 2
392.9259 	EXP 	Display Frame 3
392.9593 	EXP 	Display Frame 4
392.9926 	EXP 	Display Frame 5
393.0260 	EXP 	Display Frame 6
393.0593 	EXP 	Display Frame 7
393.0926 	EXP 	Display Frame 8
393.1259 	EXP 	Display Frame 9
393.1593 	EXP 	Display Frame 0
393.1926 	EXP 	Display Frame 1
393.2259 	EXP 	Display Frame 2
393.2592 	EXP 	Display Frame 3
393.2926 	EXP 	Display Frame 4
393.3259 	EXP 	Display Frame 5
393.3593 	EXP 	Display Frame 6
393.3926 	EXP 	Display Frame 7
393.4259 	EXP 	Display Frame 8
393.4593 	EXP 	Display Frame 9
393.4928 	EXP 	Display Frame 0
393.5259 	EXP 	Display Frame 1
393.5593 	EXP 	Display Frame 2
393.5926 	EXP 	Display Frame 3
393.6259 	EXP 	Display Frame 4
393.6593 	EXP 	Display Frame 5
393.6926 	EXP 	Display Frame 6
393.7259 	EXP 	Display Frame 7
393.7593 	EXP 	Display Frame 8
393.7926 	EXP 	Display Frame 9
393.8260 	EXP 	Display Frame 0
393.8593 	EXP 	Display Frame 1
393.8926 	EXP 	Display Frame 2
393.9259 	EXP 	Display Frame 3
393.9593 	EXP 	Display Frame 4
393.9926 	EXP 	Display Frame 5
394.0259 	EXP 	Display Frame 6
394.0592 	EXP 	Display Frame 7
394.0926 	EXP 	Display Frame 8
394.1259 	EXP 	Display Frame 9
394.1593 	EXP 	Display Frame 0
394.1926 	EXP 	Display Frame 1
394.2259 	EXP 	Display Frame 2
394.2593 	EXP 	Display Frame 3
394.2926 	EXP 	Display Frame 4
394.3259 	EXP 	Display Frame 5
394.3593 	EXP 	Display Frame 6
394.3926 	EXP 	Display Frame 7
394.4259 	EXP 	Display Frame 8
394.4592 	EXP 	Display Frame 9
394.4926 	EXP 	Display Frame 0
394.5259 	EXP 	Display Frame 1
394.5593 	EXP 	Display Frame 2
394.5926 	EXP 	Display Frame 3
394.6259 	EXP 	Display Frame 4
394.6593 	EXP 	Display Frame 5
394.6926 	EXP 	Display Frame 6
394.7259 	EXP 	Display Frame 7
394.7593 	EXP 	Display Frame 8
394.7926 	EXP 	Display Frame 9
394.8259 	EXP 	Display Frame 0
394.8593 	EXP 	Display Frame 1
394.8926 	EXP 	Display Frame 2
394.9259 	EXP 	Display Frame 3
394.9593 	EXP 	Display Frame 4
394.9926 	EXP 	Display Frame 5
395.0259 	EXP 	Display Frame 6
395.0592 	EXP 	Display Frame 7
395.0926 	EXP 	Display Frame 8
395.1259 	EXP 	Display Frame 9
395.1593 	EXP 	Display Frame 0
395.1926 	EXP 	Display Frame 1
395.2260 	EXP 	Display Frame 2
395.2593 	EXP 	Display Frame 3
395.2926 	EXP 	Display Frame 4
395.3260 	EXP 	Display Frame 5
395.3593 	EXP 	Display Frame 6
395.3926 	EXP 	Display Frame 7
395.4259 	EXP 	Display Frame 8
395.4593 	EXP 	Display Frame 9
395.4926 	EXP 	Display Frame 0
395.5259 	EXP 	Display Frame 1
395.5593 	EXP 	Display Frame 2
395.5926 	EXP 	Display Frame 3
395.6259 	EXP 	Display Frame 4
395.6593 	EXP 	Display Frame 5
395.6926 	EXP 	Display Frame 6
395.7259 	EXP 	Display Frame 7
395.7593 	EXP 	Display Frame 8
395.7926 	EXP 	Display Frame 9
395.8260 	EXP 	Display Frame 0
395.8593 	EXP 	Display Frame 1
395.8926 	EXP 	Display Frame 2
395.9259 	EXP 	Display Frame 3
395.9592 	EXP 	Display Frame 4
395.9926 	EXP 	Display Frame 5
396.0259 	EXP 	Display Frame 6
396.0593 	EXP 	Display Frame 7
396.0926 	EXP 	Display Frame 8
396.1259 	EXP 	Display Frame 9
396.1593 	EXP 	Display Frame 0
396.1926 	EXP 	Display Frame 1
396.2259 	EXP 	Display Frame 2
396.2592 	EXP 	Display Frame 3
396.2926 	EXP 	Display Frame 4
396.3259 	EXP 	Display Frame 5
396.3593 	EXP 	Display Frame 6
396.3926 	EXP 	Display Frame 7
396.4259 	EXP 	Display Frame 8
396.4593 	EXP 	Display Frame 9
396.4926 	EXP 	Display Frame 0
396.5259 	EXP 	Display Frame 1
396.5593 	EXP 	Display Frame 2
396.5926 	EXP 	Display Frame 3
396.6259 	EXP 	Display Frame 4
396.6593 	EXP 	Display Frame 5
396.6926 	EXP 	Display Frame 6
396.7260 	EXP 	Display Frame 7
396.7593 	EXP 	Display Frame 8
396.7926 	EXP 	Display Frame 9
396.8260 	EXP 	Display Frame 0
396.8593 	EXP 	Display Frame 1
396.8926 	EXP 	Display Frame 2
396.9259 	EXP 	Display Frame 3
396.9593 	EXP 	Display Frame 4
396.9926 	EXP 	Display Frame 5
397.0260 	EXP 	Display Frame 6
397.0593 	EXP 	Display Frame 7
397.0926 	EXP 	Display Frame 8
397.1259 	EXP 	Display Frame 9
397.1593 	EXP 	Display Frame 0
397.1926 	EXP 	Display Frame 1
397.2259 	EXP 	Display Frame 2
397.2593 	EXP 	Display Frame 3
397.2926 	EXP 	Display Frame 4
397.3260 	EXP 	Display Frame 5
397.3688 	EXP 	Display Frame 6
397.3926 	EXP 	Display Frame 7
397.4260 	EXP 	Display Frame 8
397.4594 	DATA 	Keypress: equal
397.4603 	EXP 	Display Frame 9
397.4928 	EXP 	Display Frame 0
397.5259 	EXP 	Display Frame 1
397.5593 	EXP 	Display Frame 2
397.5926 	EXP 	Display Frame 3
397.6259 	EXP 	Display Frame 4
397.6593 	EXP 	Display Frame 5
397.6926 	EXP 	Display Frame 6
397.7259 	EXP 	Display Frame 7
397.7593 	EXP 	Display Frame 8
397.7926 	EXP 	Display Frame 9
397.8259 	EXP 	Display Frame 0
397.8593 	EXP 	Display Frame 1
397.8926 	EXP 	Display Frame 2
397.9259 	EXP 	Display Frame 3
397.9593 	EXP 	Display Frame 4
397.9926 	EXP 	Display Frame 5
398.0259 	EXP 	Display Frame 6
398.0593 	EXP 	Display Frame 7
398.0926 	EXP 	Display Frame 8
398.1259 	EXP 	Display Frame 9
398.1593 	EXP 	Display Frame 0
398.1926 	EXP 	Display Frame 1
398.2259 	EXP 	Display Frame 2
398.2593 	EXP 	Display Frame 3
398.2926 	EXP 	Display Frame 4
398.3259 	EXP 	Display Frame 5
398.3593 	EXP 	Display Frame 6
398.3926 	EXP 	Display Frame 7
398.4259 	EXP 	Display Frame 8
398.4593 	EXP 	Display Frame 9
398.4926 	EXP 	Display Frame 0
398.5259 	EXP 	Display Frame 1
398.5593 	EXP 	Display Frame 2
398.5926 	EXP 	Display Frame 3
398.6259 	EXP 	Display Frame 4
398.6593 	EXP 	Display Frame 5
398.6926 	EXP 	Display Frame 6
398.7259 	EXP 	Display Frame 7
398.7593 	EXP 	Display Frame 8
398.7926 	EXP 	Display Frame 9
398.8260 	EXP 	Display Frame 0
398.8593 	EXP 	Display Frame 1
398.8926 	EXP 	Display Frame 2
398.9259 	EXP 	Display Frame 3
398.9592 	EXP 	Display Frame 4
398.9926 	EXP 	Display Frame 5
399.0259 	EXP 	Display Frame 6
399.0593 	EXP 	Display Frame 7
399.0926 	EXP 	Display Frame 8
399.1260 	EXP 	Display Frame 9
399.1593 	EXP 	Display Frame 0
399.1926 	EXP 	Display Frame 1
399.2259 	EXP 	Display Frame 2
399.2593 	EXP 	Display Frame 3
399.2926 	EXP 	Display Frame 4
399.3259 	EXP 	Display Frame 5
399.3593 	EXP 	Display Frame 6
399.3926 	EXP 	Display Frame 7
399.4259 	EXP 	Display Frame 8
399.4592 	EXP 	Display Frame 9
399.4926 	EXP 	Display Frame 0
399.5259 	EXP 	Display Frame 1
399.5593 	EXP 	Display Frame 2
399.5926 	EXP 	Display Frame 3
399.6259 	EXP 	Display Frame 4
399.6593 	EXP 	Display Frame 5
399.6926 	EXP 	Display Frame 6
399.7259 	EXP 	Display Frame 7
399.7593 	EXP 	Display Frame 8
399.7926 	EXP 	Display Frame 9
399.8259 	EXP 	Display Frame 0
399.8593 	EXP 	Display Frame 1
399.8926 	EXP 	Display Frame 2
399.9260 	EXP 	Display Frame 3
399.9593 	EXP 	Display Frame 4
399.9926 	EXP 	Display Frame 5
400.0259 	EXP 	Display Frame 6
400.0593 	EXP 	Display Frame 7
400.0926 	EXP 	Display Frame 8
400.1259 	EXP 	Display Frame 9
400.1592 	EXP 	Display Frame 0
400.1926 	EXP 	Display Frame 1
400.2259 	EXP 	Display Frame 2
400.2592 	EXP 	Display Frame 3
400.2926 	EXP 	Display Frame 4
400.3259 	EXP 	Display Frame 5
400.3592 	EXP 	Display Frame 6
400.3926 	EXP 	Display Frame 7
400.4259 	EXP 	Display Frame 8
400.4592 	EXP 	Display Frame 9
400.4926 	EXP 	Display Frame 0
400.5259 	EXP 	Display Frame 1
400.5593 	EXP 	Display Frame 2
400.5926 	EXP 	Display Frame 3
400.6259 	EXP 	Display Frame 4
400.6592 	EXP 	Display Frame 5
400.6926 	EXP 	Display Frame 6
400.7259 	EXP 	Display Frame 7
400.7593 	EXP 	Display Frame 8
400.7926 	EXP 	Display Frame 9
400.8259 	EXP 	Display Frame 0
400.8593 	EXP 	Display Frame 1
400.8926 	EXP 	Display Frame 2
400.9259 	EXP 	Display Frame 3
400.9592 	EXP 	Display Frame 4
400.9926 	EXP 	Display Frame 5
401.0260 	EXP 	Display Frame 6
401.0593 	EXP 	Display Frame 7
401.0926 	EXP 	Display Frame 8
401.1259 	EXP 	Display Frame 9
401.1593 	EXP 	Display Frame 0
401.1926 	EXP 	Display Frame 1
401.2260 	EXP 	Display Frame 2
401.2593 	EXP 	Display Frame 3
401.2926 	EXP 	Display Frame 4
401.3259 	EXP 	Display Frame 5
401.3593 	EXP 	Display Frame 6
401.3926 	EXP 	Display Frame 7
401.4259 	EXP 	Display Frame 8
401.4592 	EXP 	Display Frame 9
401.4926 	EXP 	Display Frame 0
401.5259 	EXP 	Display Frame 1
401.5592 	EXP 	Display Frame 2
401.5926 	EXP 	Display Frame 3
401.6259 	EXP 	Display Frame 4
401.6592 	EXP 	Display Frame 5
401.6926 	EXP 	Display Frame 6
401.7259 	EXP 	Display Frame 7
401.7593 	EXP 	Display Frame 8
401.7926 	EXP 	Display Frame 9
401.8259 	EXP 	Display Frame 0
401.8593 	EXP 	Display Frame 1
401.8926 	EXP 	Display Frame 2
401.9260 	EXP 	Display Frame 3
401.9593 	EXP 	Display Frame 4
401.9926 	EXP 	Display Frame 5
402.0259 	EXP 	Display Frame 6
402.0593 	EXP 	Display Frame 7
402.0926 	EXP 	Display Frame 8
402.1259 	EXP 	Display Frame 9
402.1592 	EXP 	Display Frame 0
402.1926 	EXP 	Display Frame 1
402.2259 	EXP 	Display Frame 2
402.2592 	EXP 	Display Frame 3
402.2926 	EXP 	Display Frame 4
402.3259 	EXP 	Display Frame 5
402.3593 	EXP 	Display Frame 6
402.3926 	EXP 	Display Frame 7
402.4260 	EXP 	Display Frame 8
402.4593 	EXP 	Display Frame 9
402.4926 	EXP 	Display Frame 0
402.5259 	EXP 	Display Frame 1
402.5593 	EXP 	Display Frame 2
402.5926 	EXP 	Display Frame 3
402.6259 	EXP 	Display Frame 4
402.6594 	DATA 	Keypress: equal
402.6604 	EXP 	Display Frame 5
402.6645 	EXP 	Display Fixation
407.8470 	DATA 	Keypress: equal
413.0399 	DATA 	Keypress: equal
418.2353 	DATA 	Keypress: equal
423.4269 	DATA 	Keypress: equal
428.6212 	DATA 	Keypress: equal
433.8151 	DATA 	Keypress: equal
433.8495 	EXP 	Display Frame 1
433.8827 	EXP 	Display Frame 2
433.9160 	EXP 	Display Frame 3
433.9494 	EXP 	Display Frame 4
433.9827 	EXP 	Display Frame 5
434.0160 	EXP 	Display Frame 6
434.0494 	EXP 	Display Frame 7
434.0827 	EXP 	Display Frame 8
434.1160 	EXP 	Display Frame 9
434.1494 	EXP 	Display Frame 0
434.1827 	EXP 	Display Frame 1
434.2160 	EXP 	Display Frame 2
434.2493 	EXP 	Display Frame 3
434.2827 	EXP 	Display Frame 4
434.3160 	EXP 	Display Frame 5
434.3493 	EXP 	Display Frame 6
434.3827 	EXP 	Display Frame 7
434.4160 	EXP 	Display Frame 8
434.4494 	EXP 	Display Frame 9
434.4827 	EXP 	Display Frame 0
434.5160 	EXP 	Display Frame 1
434.5493 	EXP 	Display Frame 2
434.5827 	EXP 	Display Frame 3
434.6160 	EXP 	Display Frame 4
434.6493 	EXP 	Display Frame 5
434.6827 	EXP 	Display Frame 6
434.7160 	EXP 	Display Frame 7
434.7493 	EXP 	Display Frame 8
434.7827 	EXP 	Display Frame 9
434.8160 	EXP 	Display Frame 0
434.8492 	EXP 	Display Frame 1
434.8827 	EXP 	Display Frame 2
434.9160 	EXP 	Display Frame 3
434.9494 	EXP 	Display Frame 4
434.9828 	EXP 	Display Frame 5
435.0160 	EXP 	Display Frame 6
435.0494 	EXP 	Display Frame 7
435.0827 	EXP 	Display Frame 8
435.1160 	EXP 	Display Frame 9
435.1494 	EXP 	Display Frame 0
435.1827 	EXP 	Display Frame 1
435.2160 	EXP 	Display Frame 2
435.2493 	EXP 	Display Frame 3
435.2827 	EXP 	Display Frame 4
435.3160 	EXP 	Display Frame 5
435.3494 	EXP 	Display Frame 6
435.3827 	EXP 	Display Frame 7
435.4160 	EXP 	Display Frame 8
435.4493 	EXP 	Display Frame 9
435.4827 	EXP 	Display Frame 0
435.5160 	EXP 	Display Frame 1
435.5494 	EXP 	Display Frame 2
435.5827 	EXP 	Display Frame 3
435.6160 	EXP 	Display Frame 4
435.6493 	EXP 	Display Frame 5
435.6827 	EXP 	Display Frame 6
435.7160 	EXP 	Display Frame 7
435.7493 	EXP 	Display Frame 8
435.7827 	EXP 	Display Frame 9
435.8160 	EXP 	Display Frame 0
435.8493 	EXP 	Display Frame 1
435.8827 	EXP 	Display Frame 2
435.9160 	EXP 	Display Frame 3
435.9493 	EXP 	Display Frame 4
435.9827 	EXP 	Display Frame 5
436.0160 	EXP 	Display Frame 6
436.0493 	EXP 	Display Frame 7
436.0827 	EXP 	Display Frame 8
436.1161 	EXP 	Display Frame 9
436.1494 	EXP 	Display Frame 0
436.1827 	EXP 	Display Frame 1
436.2160 	EXP 	Display Frame 2
436.2493 	EXP 	Display Frame 3
436.2827 	EXP 	Display Frame 4
436.3160 	EXP 	Display Frame 5
436.3494 	EXP 	Display Frame 6
436.3827 	EXP 	Display Frame 7
436.4160 	EXP 	Display Frame 8
436.4493 	EXP 	Display Frame 9
436.4827 	EXP 	Display Frame 0
436.5160 	EXP 	Display Frame 1
436.5494 	EXP 	Display Frame 2
436.5827 	EXP 	Display Frame 3
436.6160 	EXP 	Display Frame 4
436.6494 	EXP 	Display Frame 5
436.6827 	EXP 	Display Frame 6
436.7160 	EXP 	Display Frame 7
436.7493 	EXP 	Display Frame 8
436.7827 	EXP 	Display Frame 9
436.8160 	EXP 	Display Frame 0
436.8493 	EXP 	Display Frame 1
436.8827 	EXP 	Display Frame 2
436.9160 	EXP 	Display Frame 3
436.9494 	EXP 	Display Frame 4
436.9827 	EXP 	Display Frame 5
437.0160 	EXP 	Display Frame 6
437.0494 	EXP 	Display Frame 7
437.0827 	EXP 	Display Frame 8
437.1160 	EXP 	Display Frame 9
437.1494 	EXP 	Display Frame 0
437.1827 	EXP 	Display Frame 1
437.2160 	EXP 	Display Frame 2
437.2494 	EXP 	Display Frame 3
437.2827 	EXP 	Display Frame 4
437.3160 	EXP 	Display Frame 5
437.3493 	EXP 	Display Frame 6
437.3827 	EXP 	Display Frame 7
437.4160 	EXP 	Display Frame 8
437.4493 	EXP 	Display Frame 9
437.4827 	EXP 	Display Frame 0
437.5160 	EXP 	Display Frame 1
437.5494 	EXP 	Display Frame 2
437.5827 	EXP 	Display Frame 3
437.6160 	EXP 	Display Frame 4
437.6493 	EXP 	Display Frame 5
437.6827 	EXP 	Display Frame 6
437.7160 	EXP 	Display Frame 7
437.7493 	EXP 	Display Frame 8
437.7827 	EXP 	Display Frame 9
437.8160 	EXP 	Display Frame 0
437.8493 	EXP 	Display Frame 1
437.8827 	EXP 	Display Frame 2
437.9160 	EXP 	Display Frame 3
437.9493 	EXP 	Display Frame 4
437.9827 	EXP 	Display Frame 5
438.0160 	EXP 	Display Frame 6
438.0493 	EXP 	Display Frame 7
438.0827 	EXP 	Display Frame 8
438.1160 	EXP 	Display Frame 9
438.1494 	EXP 	Display Frame 0
438.1827 	EXP 	Display Frame 1
438.2160 	EXP 	Display Frame 2
438.2493 	EXP 	Display Frame 3
438.2827 	EXP 	Display Frame 4
438.3160 	EXP 	Display Frame 5
438.3494 	EXP 	Display Frame 6
438.3827 	EXP 	Display Frame 7
438.4160 	EXP 	Display Frame 8
438.4494 	EXP 	Display Frame 9
438.4827 	EXP 	Display Frame 0
438.5160 	EXP 	Display Frame 1
438.5494 	EXP 	Display Frame 2
438.5827 	EXP 	Display Frame 3
438.6160 	EXP 	Display Frame 4
438.6493 	EXP 	Display Frame 5
438.6827 	EXP 	Display Frame 6
438.7160 	EXP 	Display Frame 7
438.7493 	EXP 	Display Frame 8
438.7827 	EXP 	Display Frame 9
438.8160 	EXP 	Display Frame 0
438.8492 	EXP 	Display Frame 1
438.8827 	EXP 	Display Frame 2
438.9160 	EXP 	Display Frame 3
438.9493 	EXP 	Display Frame 4
438.9827 	EXP 	Display Frame 5
439.0162 	DATA 	Keypress: equal
439.0173 	EXP 	Display Frame 6
439.0494 	EXP 	Display Frame 7
439.0827 	EXP 	Display Frame 8
439.1160 	EXP 	Display Frame 9
439.1493 	EXP 	Display Frame 0
439.1827 	EXP 	Display Frame 1
439.2160 	EXP 	Display Frame 2
439.2493 	EXP 	Display Frame 3
439.2827 	EXP 	Display Frame 4
439.3161 	EXP 	Display Frame 5
439.3494 	EXP 	Display Frame 6
439.3827 	EXP 	Display Frame 7
439.4160 	EXP 	Display Frame 8
439.4493 	EXP 	Display Frame 9
439.4827 	EXP 	Display Frame 0
439.5160 	EXP 	Display Frame 1
439.5494 	EXP 	Display Frame 2
439.5827 	EXP 	Display Frame 3
439.6160 	EXP 	Display Frame 4
439.6493 	EXP 	Display Frame 5
439.6827 	EXP 	Display Frame 6
439.7160 	EXP 	Display Frame 7
439.7493 	EXP 	Display Frame 8
439.7827 	EXP 	Display Frame 9
439.8160 	EXP 	Display Frame 0
439.8493 	EXP 	Display Frame 1
439.8827 	EXP 	Display Frame 2
439.9160 	EXP 	Display Frame 3
439.9493 	EXP 	Display Frame 4
439.9827 	EXP 	Display Frame 5
440.0161 	EXP 	Display Frame 6
440.0494 	EXP 	Display Frame 7
440.0827 	EXP 	Display Frame 8
440.1160 	EXP 	Display Frame 9
440.1494 	EXP 	Display Frame 0
440.1827 	EXP 	Display Frame 1
440.2160 	EXP 	Display Frame 2
440.2493 	EXP 	Display Frame 3
440.2827 	EXP 	Display Frame 4
440.3160 	EXP 	Display Frame 5
440.3493 	EXP 	Display Frame 6
440.3827 	EXP 	Display Frame 7
440.4160 	EXP 	Display Frame 8
440.4494 	EXP 	Display Frame 9
440.4827 	EXP 	Display Frame 0
440.5160 	EXP 	Display Frame 1
440.5494 	EXP 	Display Frame 2
440.5827 	EXP 	Display Frame 3
440.6160 	EXP 	Display Frame 4
440.6493 	EXP 	Display Frame 5
440.6827 	EXP 	Display Frame 6
440.7160 	EXP 	Display Frame 7
440.7494 	EXP 	Display Frame 8
440.7827 	EXP 	Display Frame 9
440.8160 	EXP 	Display Frame 0
440.8492 	EXP 	Display Frame 1
440.8827 	EXP 	Display Frame 2
440.9160 	EXP 	Display Frame 3
440.9493 	EXP 	Display Frame 4
440.9827 	EXP 	Display Frame 5
441.0160 	EXP 	Display Frame 6
441.0494 	EXP 	Display Frame 7
441.0827 	EXP 	Display Frame 8
441.1160 	EXP 	Display Frame 9
441.1494 	EXP 	Display Frame 0
441.1827 	EXP 	Display Frame 1
441.2160 	EXP 	Display Frame 2
441.2493 	EXP 	Display Frame 3
441.2827 	EXP 	Display Frame 4
441.3162 	EXP 	Display Frame 5
441.3494 	EXP 	Display Frame 6
441.3827 	EXP 	Display Frame 7
441.4160 	EXP 	Display Frame 8
441.4495 	EXP 	Display Frame 9
441.4827 	EXP 	Display Frame 0
441.5160 	EXP 	Display Frame 1
441.5494 	EXP 	Display Frame 2
441.5827 	EXP 	Display Frame 3
441.6160 	EXP 	Display Frame 4
441.6493 	EXP 	Display Frame 5
441.6827 	EXP 	Display Frame 6
441.7160 	EXP 	Display Frame 7
441.7494 	EXP 	Display Frame 8
441.7827 	EXP 	Display Frame 9
441.8160 	EXP 	Display Frame 0
441.8492 	EXP 	Display Frame 1
441.8827 	EXP 	Display Frame 2
441.9160 	EXP 	Display Frame 3
441.9493 	EXP 	Display Frame 4
441.9827 	EXP 	Display Frame 5
442.0160 	EXP 	Display Frame 6
442.0494 	EXP 	Display Frame 7
442.0827 	EXP 	Display Frame 8
442.1160 	EXP 	Display Frame 9
442.1494 	EXP 	Display Frame 0
442.1827 	EXP 	Display Frame 1
442.2160 	EXP 	Display Frame 2
442.2493 	EXP 	Display Frame 3
442.2827 	EXP 	Display Frame 4
442.3160 	EXP 	Display Frame 5
442.3494 	EXP 	Display Frame 6
442.3827 	EXP 	Display Frame 7
442.4160 	EXP 	Display Frame 8
442.4493 	EXP 	Display Frame 9
442.4826 	EXP 	Display Frame 0
442.5160 	EXP 	Display Frame 1
442.5494 	EXP 	Display Frame 2
442.5827 	EXP 	Display Frame 3
442.6160 	EXP 	Display Frame 4
442.6493 	EXP 	Display Frame 5
442.6827 	EXP 	Display Frame 6
442.7160 	EXP 	Display Frame 7
442.7493 	EXP 	Display Frame 8
442.7826 	EXP 	Display Frame 9
442.8160 	EXP 	Display Frame 0
442.8492 	EXP 	Display Frame 1
442.8827 	EXP 	Display Frame 2
442.9160 	EXP 	Display Frame 3
442.9493 	EXP 	Display Frame 4
442.9827 	EXP 	Display Frame 5
443.0160 	EXP 	Display Frame 6
443.0494 	EXP 	Display Frame 7
443.0827 	EXP 	Display Frame 8
443.1160 	EXP 	Display Frame 9
443.1494 	EXP 	Display Frame 0
443.1827 	EXP 	Display Frame 1
443.2160 	EXP 	Display Frame 2
443.2493 	EXP 	Display Frame 3
443.2826 	EXP 	Display Frame 4
443.3160 	EXP 	Display Frame 5
443.3493 	EXP 	Display Frame 6
443.3827 	EXP 	Display Frame 7
443.4160 	EXP 	Display Frame 8
443.4493 	EXP 	Display Frame 9
443.4827 	EXP 	Display Frame 0
443.5160 	EXP 	Display Frame 1
443.5494 	EXP 	Display Frame 2
443.5827 	EXP 	Display Frame 3
443.6160 	EXP 	Display Frame 4
443.6493 	EXP 	Display Frame 5
443.6827 	EXP 	Display Frame 6
443.7160 	EXP 	Display Frame 7
443.7493 	EXP 	Display Frame 8
443.7827 	EXP 	Display Frame 9
443.8160 	EXP 	Display Frame 0
443.8493 	EXP 	Display Frame 1
443.8827 	EXP 	Display Frame 2
443.9160 	EXP 	Display Frame 3
443.9493 	EXP 	Display Frame 4
443.9827 	EXP 	Display Frame 5
444.0160 	EXP 	Display Frame 6
444.0494 	EXP 	Display Frame 7
444.0827 	EXP 	Display Frame 8
444.1160 	EXP 	Display Frame 9
444.1493 	EXP 	Display Frame 0
444.1827 	EXP 	Display Frame 1
444.2161 	DATA 	Keypress: equal
444.2172 	EXP 	Display Frame 2
444.2493 	EXP 	Display Frame 3
444.2827 	EXP 	Display Frame 4
444.3160 	EXP 	Display Frame 5
444.3494 	EXP 	Display Frame 6
444.3827 	EXP 	Display Frame 7
444.4160 	EXP 	Display Frame 8
444.4494 	EXP 	Display Frame 9
444.4827 	EXP 	Display Frame 0
444.5160 	EXP 	Display Frame 1
444.5494 	EXP 	Display Frame 2
444.5827 	EXP 	Display Frame 3
444.6160 	EXP 	Display Frame 4
444.6493 	EXP 	Display Frame 5
444.6827 	EXP 	Display Frame 6
444.7160 	EXP 	Display Frame 7
444.7493 	EXP 	Display Frame 8
444.7827 	EXP 	Display Frame 9
444.8160 	EXP 	Display Frame 0
444.8492 	EXP 	Display Frame 1
444.8827 	EXP 	Display Frame 2
444.9160 	EXP 	Display Frame 3
444.9493 	EXP 	Display Frame 4
444.9827 	EXP 	Display Frame 5
445.0160 	EXP 	Display Frame 6
445.0494 	EXP 	Display Frame 7
445.0827 	EXP 	Display Frame 8
445.1160 	EXP 	Display Frame 9
445.1493 	EXP 	Display Frame 0
445.1827 	EXP 	Display Frame 1
445.2160 	EXP 	Display Frame 2
445.2493 	EXP 	Display Frame 3
445.2827 	EXP 	Display Frame 4
445.3160 	EXP 	Display Frame 5
445.3493 	EXP 	Display Frame 6
445.3827 	EXP 	Display Frame 7
445.4160 	EXP 	Display Frame 8
445.4493 	EXP 	Display Frame 9
445.4827 	EXP 	Display Frame 0
445.5160 	EXP 	Display Frame 1
445.5494 	EXP 	Display Frame 2
445.5827 	EXP 	Display Frame 3
445.6160 	EXP 	Display Frame 4
445.6493 	EXP 	Display Frame 5
445.6827 	EXP 	Display Frame 6
445.7160 	EXP 	Display Frame 7
445.7493 	EXP 	Display Frame 8
445.7827 	EXP 	Display Frame 9
445.8160 	EXP 	Display Frame 0
445.8492 	EXP 	Display Frame 1
445.8827 	EXP 	Display Frame 2
445.9160 	EXP 	Display Frame 3
445.9493 	EXP 	Display Frame 4
445.9827 	EXP 	Display Frame 5
446.0160 	EXP 	Display Frame 6
446.0494 	EXP 	Display Frame 7
446.0827 	EXP 	Display Frame 8
446.1160 	EXP 	Display Frame 9
446.1494 	EXP 	Display Frame 0
446.1827 	EXP 	Display Frame 1
446.2160 	EXP 	Display Frame 2
446.2493 	EXP 	Display Frame 3
446.2827 	EXP 	Display Frame 4
446.3160 	EXP 	Display Frame 5
446.3493 	EXP 	Display Frame 6
446.3827 	EXP 	Display Frame 7
446.4160 	EXP 	Display Frame 8
446.4494 	EXP 	Display Frame 9
446.4827 	EXP 	Display Frame 0
446.5160 	EXP 	Display Frame 1
446.5493 	EXP 	Display Frame 2
446.5827 	EXP 	Display Frame 3
446.6160 	EXP 	Display Frame 4
446.6493 	EXP 	Display Frame 5
446.6827 	EXP 	Display Frame 6
446.7160 	EXP 	Display Frame 7
446.7493 	EXP 	Display Frame 8
446.7828 	EXP 	Display Frame 9
446.8160 	EXP 	Display Frame 0
446.8493 	EXP 	Display Frame 1
446.8827 	EXP 	Display Frame 2
446.9160 	EXP 	Display Frame 3
446.9493 	EXP 	Display Frame 4
446.9827 	EXP 	Display Frame 5
447.0160 	EXP 	Display Frame 6
447.0494 	EXP 	Display Frame 7
447.0827 	EXP 	Display Frame 8
447.1160 	EXP 	Display Frame 9
447.1493 	EXP 	Display Frame 0
447.1827 	EXP 	Display Frame 1
447.2160 	EXP 	Display Frame 2
447.2494 	EXP 	Display Frame 3
447.2827 	EXP 	Display Frame 4
447.3160 	EXP 	Display Frame 5
447.3493 	EXP 	Display Frame 6
447.3827 	EXP 	Display Frame 7
447.4160 	EXP 	Display Frame 8
447.4493 	EXP 	Display Frame 9
447.4827 	EXP 	Display Frame 0
447.5160 	EXP 	Display Frame 1
447.5494 	EXP 	Display Frame 2
447.5827 	EXP 	Display Frame 3
447.6160 	EXP 	Display Frame 4
447.6493 	EXP 	Display Frame 5
447.6829 	EXP 	Display Frame 6
447.7161 	EXP 	Display Frame 7
447.7494 	EXP 	Display Frame 8
447.7827 	EXP 	Display Frame 9
447.8160 	EXP 	Display Frame 0
447.8493 	EXP 	Display Frame 1
447.8827 	EXP 	Display Frame 2
447.9161 	EXP 	Display Frame 3
447.9493 	EXP 	Display Frame 4
447.9827 	EXP 	Display Frame 5
448.0160 	EXP 	Display Frame 6
448.0494 	EXP 	Display Frame 7
448.0827 	EXP 	Display Frame 8
448.1160 	EXP 	Display Frame 9
448.1494 	EXP 	Display Frame 0
448.1827 	EXP 	Display Frame 1
448.2161 	EXP 	Display Frame 2
448.2493 	EXP 	Display Frame 3
448.2827 	EXP 	Display Frame 4
448.3160 	EXP 	Display Frame 5
448.3493 	EXP 	Display Frame 6
448.3827 	EXP 	Display Frame 7
448.4160 	EXP 	Display Frame 8
448.4493 	EXP 	Display Frame 9
448.4827 	EXP 	Display Frame 0
448.5160 	EXP 	Display Frame 1
448.5494 	EXP 	Display Frame 2
448.5827 	EXP 	Display Frame 3
448.6160 	EXP 	Display Frame 4
448.6493 	EXP 	Display Frame 5
448.6826 	EXP 	Display Frame 6
448.7160 	EXP 	Display Frame 7
448.7494 	EXP 	Display Frame 8
448.7827 	EXP 	Display Frame 9
448.8160 	EXP 	Display Frame 0
448.8493 	EXP 	Display Frame 1
448.8827 	EXP 	Display Frame 2
448.9160 	EXP 	Display Frame 3
448.9494 	EXP 	Display Frame 4
448.9827 	EXP 	Display Frame 5
449.0160 	EXP 	Display Frame 6
449.0493 	EXP 	Display Frame 7
449.0827 	EXP 	Display Frame 8
449.1160 	EXP 	Display Frame 9
449.1494 	EXP 	Display Frame 0
449.1827 	EXP 	Display Frame 1
449.2160 	EXP 	Display Frame 2
449.2494 	EXP 	Display Frame 3
449.2827 	EXP 	Display Frame 4
449.3160 	EXP 	Display Frame 5
449.3493 	EXP 	Display Frame 6
449.3827 	EXP 	Display Frame 7
449.4161 	DATA 	Keypress: equal
449.4185 	EXP 	Display Frame 8
449.4494 	EXP 	Display Frame 9
449.4827 	EXP 	Display Frame 0
449.5160 	EXP 	Display Frame 1
449.5493 	EXP 	Display Frame 2
449.5827 	EXP 	Display Frame 3
449.6160 	EXP 	Display Frame 4
449.6494 	EXP 	Display Frame 5
449.6827 	EXP 	Display Frame 6
449.7160 	EXP 	Display Frame 7
449.7494 	EXP 	Display Frame 8
449.7827 	EXP 	Display Frame 9
449.8160 	EXP 	Display Frame 0
449.8493 	EXP 	Display Frame 1
449.8827 	EXP 	Display Frame 2
449.9160 	EXP 	Display Frame 3
449.9494 	EXP 	Display Frame 4
449.9827 	EXP 	Display Frame 5
450.0160 	EXP 	Display Frame 6
450.0494 	EXP 	Display Frame 7
450.0827 	EXP 	Display Frame 8
450.1160 	EXP 	Display Frame 9
450.1494 	EXP 	Display Frame 0
450.1827 	EXP 	Display Frame 1
450.2160 	EXP 	Display Frame 2
450.2493 	EXP 	Display Frame 3
450.2827 	EXP 	Display Frame 4
450.3160 	EXP 	Display Frame 5
450.3494 	EXP 	Display Frame 6
450.3827 	EXP 	Display Frame 7
450.4160 	EXP 	Display Frame 8
450.4493 	EXP 	Display Frame 9
450.4827 	EXP 	Display Frame 0
450.5160 	EXP 	Display Frame 1
450.5494 	EXP 	Display Frame 2
450.5827 	EXP 	Display Frame 3
450.6160 	EXP 	Display Frame 4
450.6493 	EXP 	Display Frame 5
450.6827 	EXP 	Display Frame 6
450.7160 	EXP 	Display Frame 7
450.7494 	EXP 	Display Frame 8
450.7827 	EXP 	Display Frame 9
450.8160 	EXP 	Display Frame 0
450.8492 	EXP 	Display Frame 1
450.8827 	EXP 	Display Frame 2
450.9160 	EXP 	Display Frame 3
450.9493 	EXP 	Display Frame 4
450.9827 	EXP 	Display Frame 5
451.0160 	EXP 	Display Frame 6
451.0494 	EXP 	Display Frame 7
451.0827 	EXP 	Display Frame 8
451.1160 	EXP 	Display Frame 9
451.1493 	EXP 	Display Frame 0
451.1827 	EXP 	Display Frame 1
451.2160 	EXP 	Display Frame 2
451.2494 	EXP 	Display Frame 3
451.2827 	EXP 	Display Frame 4
451.3160 	EXP 	Display Frame 5
451.3494 	EXP 	Display Frame 6
451.3827 	EXP 	Display Frame 7
451.4160 	EXP 	Display Frame 8
451.4493 	EXP 	Display Frame 9
451.4827 	EXP 	Display Frame 0
451.5160 	EXP 	Display Frame 1
451.5494 	EXP 	Display Frame 2
451.5827 	EXP 	Display Frame 3
451.6160 	EXP 	Display Frame 4
451.6493 	EXP 	Display Frame 5
451.6827 	EXP 	Display Frame 6
451.7160 	EXP 	Display Frame 7
451.7494 	EXP 	Display Frame 8
451.7827 	EXP 	Display Frame 9
451.8160 	EXP 	Display Frame 0
451.8493 	EXP 	Display Frame 1
451.8827 	EXP 	Display Frame 2
451.9160 	EXP 	Display Frame 3
451.9493 	EXP 	Display Frame 4
451.9827 	EXP 	Display Frame 5
452.0160 	EXP 	Display Frame 6
452.0494 	EXP 	Display Frame 7
452.0827 	EXP 	Display Frame 8
452.1161 	EXP 	Display Frame 9
452.1494 	EXP 	Display Frame 0
452.1827 	EXP 	Display Frame 1
452.2160 	EXP 	Display Frame 2
452.2493 	EXP 	Display Frame 3
452.2827 	EXP 	Display Frame 4
452.3160 	EXP 	Display Frame 5
452.3493 	EXP 	Display Frame 6
452.3827 	EXP 	Display Frame 7
452.4160 	EXP 	Display Frame 8
452.4493 	EXP 	Display Frame 9
452.4827 	EXP 	Display Frame 0
452.5160 	EXP 	Display Frame 1
452.5494 	EXP 	Display Frame 2
452.5827 	EXP 	Display Frame 3
452.6160 	EXP 	Display Frame 4
452.6493 	EXP 	Display Frame 5
452.6827 	EXP 	Display Frame 6
452.7160 	EXP 	Display Frame 7
452.7494 	EXP 	Display Frame 8
452.7827 	EXP 	Display Frame 9
452.8160 	EXP 	Display Frame 0
452.8493 	EXP 	Display Frame 1
452.8827 	EXP 	Display Frame 2
452.9160 	EXP 	Display Frame 3
452.9493 	EXP 	Display Frame 4
452.9827 	EXP 	Display Frame 5
453.0160 	EXP 	Display Frame 6
453.0494 	EXP 	Display Frame 7
453.0827 	EXP 	Display Frame 8
453.1160 	EXP 	Display Frame 9
453.1494 	EXP 	Display Frame 0
453.1827 	EXP 	Display Frame 1
453.2160 	EXP 	Display Frame 2
453.2494 	EXP 	Display Frame 3
453.2827 	EXP 	Display Frame 4
453.3160 	EXP 	Display Frame 5
453.3493 	EXP 	Display Frame 6
453.3827 	EXP 	Display Frame 7
453.4160 	EXP 	Display Frame 8
453.4493 	EXP 	Display Frame 9
453.4827 	EXP 	Display Frame 0
453.5160 	EXP 	Display Frame 1
453.5493 	EXP 	Display Frame 2
453.5827 	EXP 	Display Frame 3
453.6160 	EXP 	Display Frame 4
453.6493 	EXP 	Display Frame 5
453.6826 	EXP 	Display Frame 6
453.7160 	EXP 	Display Frame 7
453.7494 	EXP 	Display Frame 8
453.7827 	EXP 	Display Frame 9
453.8160 	EXP 	Display Frame 0
453.8493 	EXP 	Display Frame 1
453.8827 	EXP 	Display Frame 2
453.9160 	EXP 	Display Frame 3
453.9494 	EXP 	Display Frame 4
453.9827 	EXP 	Display Frame 5
454.0162 	EXP 	Display Frame 6
454.0494 	EXP 	Display Frame 7
454.0827 	EXP 	Display Frame 8
454.1160 	EXP 	Display Frame 9
454.1494 	EXP 	Display Frame 0
454.1827 	EXP 	Display Frame 1
454.2160 	EXP 	Display Frame 2
454.2494 	EXP 	Display Frame 3
454.2827 	EXP 	Display Frame 4
454.3160 	EXP 	Display Frame 5
454.3493 	EXP 	Display Frame 6
454.3827 	EXP 	Display Frame 7
454.4160 	EXP 	Display Frame 8
454.4494 	EXP 	Display Frame 9
454.4827 	EXP 	Display Frame 0
454.5160 	EXP 	Display Frame 1
454.5493 	EXP 	Display Frame 2
454.5827 	EXP 	Display Frame 3
454.6161 	DATA 	Keypress: equal
454.6172 	EXP 	Display Frame 4
454.6493 	EXP 	Display Frame 5
454.6827 	EXP 	Display Frame 6
454.7160 	EXP 	Display Frame 7
454.7494 	EXP 	Display Frame 8
454.7827 	EXP 	Display Frame 9
454.8160 	EXP 	Display Frame 0
454.8493 	EXP 	Display Frame 1
454.8827 	EXP 	Display Frame 2
454.9160 	EXP 	Display Frame 3
454.9494 	EXP 	Display Frame 4
454.9827 	EXP 	Display Frame 5
455.0160 	EXP 	Display Frame 6
455.0494 	EXP 	Display Frame 7
455.0827 	EXP 	Display Frame 8
455.1160 	EXP 	Display Frame 9
455.1493 	EXP 	Display Frame 0
455.1827 	EXP 	Display Frame 1
455.2160 	EXP 	Display Frame 2
455.2494 	EXP 	Display Frame 3
455.2827 	EXP 	Display Frame 4
455.3160 	EXP 	Display Frame 5
455.3494 	EXP 	Display Frame 6
455.3827 	EXP 	Display Frame 7
455.4160 	EXP 	Display Frame 8
455.4493 	EXP 	Display Frame 9
455.4827 	EXP 	Display Frame 0
455.5160 	EXP 	Display Frame 1
455.5494 	EXP 	Display Frame 2
455.5827 	EXP 	Display Frame 3
455.6160 	EXP 	Display Frame 4
455.6493 	EXP 	Display Frame 5
455.6827 	EXP 	Display Frame 6
455.7160 	EXP 	Display Frame 7
455.7493 	EXP 	Display Frame 8
455.7827 	EXP 	Display Frame 9
455.8160 	EXP 	Display Frame 0
455.8492 	EXP 	Display Frame 1
455.8827 	EXP 	Display Frame 2
455.9160 	EXP 	Display Frame 3
455.9494 	EXP 	Display Frame 4
455.9827 	EXP 	Display Frame 5
456.0160 	EXP 	Display Frame 6
456.0494 	EXP 	Display Frame 7
456.0827 	EXP 	Display Frame 8
456.1160 	EXP 	Display Frame 9
456.1493 	EXP 	Display Frame 0
456.1827 	EXP 	Display Frame 1
456.2160 	EXP 	Display Frame 2
456.2493 	EXP 	Display Frame 3
456.2827 	EXP 	Display Frame 4
456.3160 	EXP 	Display Frame 5
456.3494 	EXP 	Display Frame 6
456.3827 	EXP 	Display Frame 7
456.4160 	EXP 	Display Frame 8
456.4493 	EXP 	Display Frame 9
456.4827 	EXP 	Display Frame 0
456.5160 	EXP 	Display Frame 1
456.5494 	EXP 	Display Frame 2
456.5827 	EXP 	Display Frame 3
456.6160 	EXP 	Display Frame 4
456.6493 	EXP 	Display Frame 5
456.6827 	EXP 	Display Frame 6
456.7160 	EXP 	Display Frame 7
456.7494 	EXP 	Display Frame 8
456.7827 	EXP 	Display Frame 9
456.8160 	EXP 	Display Frame 0
456.8492 	EXP 	Display Frame 1
456.8827 	EXP 	Display Frame 2
456.9160 	EXP 	Display Frame 3
456.9493 	EXP 	Display Frame 4
456.9827 	EXP 	Display Frame 5
457.0160 	EXP 	Display Frame 6
457.0493 	EXP 	Display Frame 7
457.0827 	EXP 	Display Frame 8
457.1160 	EXP 	Display Frame 9
457.1493 	EXP 	Display Frame 0
457.1827 	EXP 	Display Frame 1
457.2160 	EXP 	Display Frame 2
457.2494 	EXP 	Display Frame 3
457.2827 	EXP 	Display Frame 4
457.3160 	EXP 	Display Frame 5
457.3493 	EXP 	Display Frame 6
457.3827 	EXP 	Display Frame 7
457.4160 	EXP 	Display Frame 8
457.4495 	EXP 	Display Frame 9
457.4827 	EXP 	Display Frame 0
457.5160 	EXP 	Display Frame 1
457.5494 	EXP 	Display Frame 2
457.5827 	EXP 	Display Frame 3
457.6160 	EXP 	Display Frame 4
457.6493 	EXP 	Display Frame 5
457.6827 	EXP 	Display Frame 6
457.7160 	EXP 	Display Frame 7
457.7494 	EXP 	Display Frame 8
457.7827 	EXP 	Display Frame 9
457.8160 	EXP 	Display Frame 0
457.8492 	EXP 	Display Frame 1
457.8827 	EXP 	Display Frame 2
457.9160 	EXP 	Display Frame 3
457.9494 	EXP 	Display Frame 4
457.9827 	EXP 	Display Frame 5
458.0160 	EXP 	Display Frame 6
458.0494 	EXP 	Display Frame 7
458.0827 	EXP 	Display Frame 8
458.1160 	EXP 	Display Frame 9
458.1494 	EXP 	Display Frame 0
458.1827 	EXP 	Display Frame 1
458.2160 	EXP 	Display Frame 2
458.2494 	EXP 	Display Frame 3
458.2827 	EXP 	Display Frame 4
458.3160 	EXP 	Display Frame 5
458.3493 	EXP 	Display Frame 6
458.3833 	EXP 	Display Frame 7
458.4160 	EXP 	Display Frame 8
458.4494 	EXP 	Display Frame 9
458.4827 	EXP 	Display Frame 0
458.5160 	EXP 	Display Frame 1
458.5494 	EXP 	Display Frame 2
458.5827 	EXP 	Display Frame 3
458.6160 	EXP 	Display Frame 4
458.6494 	EXP 	Display Frame 5
458.6827 	EXP 	Display Frame 6
458.7160 	EXP 	Display Frame 7
458.7493 	EXP 	Display Frame 8
458.7827 	EXP 	Display Frame 9
458.8160 	EXP 	Display Frame 0
458.8492 	EXP 	Display Frame 1
458.8827 	EXP 	Display Frame 2
458.9160 	EXP 	Display Frame 3
458.9493 	EXP 	Display Frame 4
458.9827 	EXP 	Display Frame 5
459.0160 	EXP 	Display Frame 6
459.0494 	EXP 	Display Frame 7
459.0826 	EXP 	Display Frame 8
459.1160 	EXP 	Display Frame 9
459.1493 	EXP 	Display Frame 0
459.1827 	EXP 	Display Frame 1
459.2160 	EXP 	Display Frame 2
459.2494 	EXP 	Display Frame 3
459.2827 	EXP 	Display Frame 4
459.3160 	EXP 	Display Frame 5
459.3493 	EXP 	Display Frame 6
459.3827 	EXP 	Display Frame 7
459.4160 	EXP 	Display Frame 8
459.4493 	EXP 	Display Frame 9
459.4827 	EXP 	Display Frame 0
459.5167 	EXP 	Display Frame 1
459.5494 	EXP 	Display Frame 2
459.5827 	EXP 	Display Frame 3
459.6160 	EXP 	Display Frame 4
459.6494 	EXP 	Display Frame 5
459.6827 	EXP 	Display Frame 6
459.7160 	EXP 	Display Frame 7
459.7494 	EXP 	Display Frame 8
459.7828 	DATA 	Keypress: equal
459.7839 	EXP 	Display Frame 9
459.8160 	EXP 	Display Frame 0
459.8493 	EXP 	Display Frame 1
459.8827 	EXP 	Display Frame 2
459.9160 	EXP 	Display Frame 3
459.9493 	EXP 	Display Frame 4
459.9827 	EXP 	Display Frame 5
460.0160 	EXP 	Display Frame 6
460.0494 	EXP 	Display Frame 7
460.0827 	EXP 	Display Frame 8
460.1160 	EXP 	Display Frame 9
460.1493 	EXP 	Display Frame 0
460.1827 	EXP 	Display Frame 1
460.2160 	EXP 	Display Frame 2
460.2493 	EXP 	Display Frame 3
460.2827 	EXP 	Display Frame 4
460.3160 	EXP 	Display Frame 5
460.3494 	EXP 	Display Frame 6
460.3830 	EXP 	Display Frame 7
460.4161 	EXP 	Display Frame 8
460.4494 	EXP 	Display Frame 9
460.4827 	EXP 	Display Frame 0
460.5160 	EXP 	Display Frame 1
460.5494 	EXP 	Display Frame 2
460.5827 	EXP 	Display Frame 3
460.6160 	EXP 	Display Frame 4
460.6494 	EXP 	Display Frame 5
460.6827 	EXP 	Display Frame 6
460.7160 	EXP 	Display Frame 7
460.7493 	EXP 	Display Frame 8
460.7827 	EXP 	Display Frame 9
460.8160 	EXP 	Display Frame 0
460.8493 	EXP 	Display Frame 1
460.8827 	EXP 	Display Frame 2
460.9160 	EXP 	Display Frame 3
460.9493 	EXP 	Display Frame 4
460.9827 	EXP 	Display Frame 5
461.0160 	EXP 	Display Frame 6
461.0493 	EXP 	Display Frame 7
461.0827 	EXP 	Display Frame 8
461.1160 	EXP 	Display Frame 9
461.1494 	EXP 	Display Frame 0
461.1827 	EXP 	Display Frame 1
461.2160 	EXP 	Display Frame 2
461.2493 	EXP 	Display Frame 3
461.2827 	EXP 	Display Frame 4
461.3160 	EXP 	Display Frame 5
461.3493 	EXP 	Display Frame 6
461.3827 	EXP 	Display Frame 7
461.4160 	EXP 	Display Frame 8
461.4493 	EXP 	Display Frame 9
461.4827 	EXP 	Display Frame 0
461.5160 	EXP 	Display Frame 1
461.5494 	EXP 	Display Frame 2
461.5827 	EXP 	Display Frame 3
461.6160 	EXP 	Display Frame 4
461.6493 	EXP 	Display Frame 5
461.6827 	EXP 	Display Frame 6
461.7160 	EXP 	Display Frame 7
461.7493 	EXP 	Display Frame 8
461.7827 	EXP 	Display Frame 9
461.8160 	EXP 	Display Frame 0
461.8493 	EXP 	Display Frame 1
461.8827 	EXP 	Display Frame 2
461.9160 	EXP 	Display Frame 3
461.9493 	EXP 	Display Frame 4
461.9827 	EXP 	Display Frame 5
462.0160 	EXP 	Display Frame 6
462.0493 	EXP 	Display Frame 7
462.0827 	EXP 	Display Frame 8
462.1160 	EXP 	Display Frame 9
462.1493 	EXP 	Display Frame 0
462.1827 	EXP 	Display Frame 1
462.2160 	EXP 	Display Frame 2
462.2494 	EXP 	Display Frame 3
462.2827 	EXP 	Display Frame 4
462.3160 	EXP 	Display Frame 5
462.3493 	EXP 	Display Frame 6
462.3827 	EXP 	Display Frame 7
462.4160 	EXP 	Display Frame 8
462.4493 	EXP 	Display Frame 9
462.4827 	EXP 	Display Frame 0
462.5160 	EXP 	Display Frame 1
462.5494 	EXP 	Display Frame 2
462.5827 	EXP 	Display Frame 3
462.6160 	EXP 	Display Frame 4
462.6493 	EXP 	Display Frame 5
462.6827 	EXP 	Display Frame 6
462.7160 	EXP 	Display Frame 7
462.7493 	EXP 	Display Frame 8
462.7828 	EXP 	Display Frame 9
462.8160 	EXP 	Display Frame 0
462.8493 	EXP 	Display Frame 1
462.8827 	EXP 	Display Frame 2
462.9160 	EXP 	Display Frame 3
462.9493 	EXP 	Display Frame 4
462.9827 	EXP 	Display Frame 5
463.0160 	EXP 	Display Frame 6
463.0494 	EXP 	Display Frame 7
463.0827 	EXP 	Display Frame 8
463.1160 	EXP 	Display Frame 9
463.1493 	EXP 	Display Frame 0
463.1827 	EXP 	Display Frame 1
463.2161 	EXP 	Display Frame 2
463.2493 	EXP 	Display Frame 3
463.2827 	EXP 	Display Frame 4
463.3160 	EXP 	Display Frame 5
463.3494 	EXP 	Display Frame 6
463.3827 	EXP 	Display Frame 7
463.4173 	EXP 	Display Frame 8
463.4493 	EXP 	Display Frame 9
463.4827 	EXP 	Display Frame 0
463.5160 	EXP 	Display Frame 1
463.5494 	EXP 	Display Frame 2
463.5827 	EXP 	Display Frame 3
463.6160 	EXP 	Display Frame 4
463.6494 	EXP 	Display Frame 5
463.6827 	EXP 	Display Frame 6
463.7160 	EXP 	Display Frame 7
463.7493 	EXP 	Display Frame 8
463.7826 	EXP 	Display Frame 9
463.8160 	EXP 	Display Frame 0
463.8492 	EXP 	Display Frame 1
463.8827 	EXP 	Display Frame 2
463.9160 	EXP 	Display Frame 3
463.9493 	EXP 	Display Frame 4
463.9827 	EXP 	Display Frame 5
464.0160 	EXP 	Display Frame 6
464.0493 	EXP 	Display Frame 7
464.0827 	EXP 	Display Frame 8
464.1160 	EXP 	Display Frame 9
464.1494 	EXP 	Display Frame 0
464.1827 	EXP 	Display Frame 1
464.2160 	EXP 	Display Frame 2
464.2494 	EXP 	Display Frame 3
464.2826 	EXP 	Display Frame 4
464.3160 	EXP 	Display Frame 5
464.3493 	EXP 	Display Frame 6
464.3827 	EXP 	Display Frame 7
464.4160 	EXP 	Display Frame 8
464.4493 	EXP 	Display Frame 9
464.4826 	EXP 	Display Frame 0
464.5160 	EXP 	Display Frame 1
464.5493 	EXP 	Display Frame 2
464.5827 	EXP 	Display Frame 3
464.6160 	EXP 	Display Frame 4
464.6493 	EXP 	Display Frame 5
464.6827 	EXP 	Display Frame 6
464.7160 	EXP 	Display Frame 7
464.7494 	EXP 	Display Frame 8
464.7827 	EXP 	Display Frame 9
464.8161 	EXP 	Display Frame 0
464.8492 	EXP 	Display Frame 1
464.8827 	EXP 	Display Frame 2
464.9160 	EXP 	Display Frame 3
464.9493 	EXP 	Display Frame 4
464.9828 	DATA 	Keypress: equal
464.9838 	EXP 	Display Frame 5
464.9983 	EXP 	Display Fixation
470.1693 	DATA 	Keypress: equal
475.3633 	DATA 	Keypress: equal
480.5573 	DATA 	Keypress: equal
485.7504 	DATA 	Keypress: equal
490.9444 	DATA 	Keypress: equal
496.1374 	DATA 	Keypress: equal
496.1719 	EXP 	Display Frame 1
496.2050 	EXP 	Display Frame 2
496.2384 	EXP 	Display Frame 3
496.2717 	EXP 	Display Frame 4
496.3049 	EXP 	Display Frame 5
496.3383 	EXP 	Display Frame 6
496.3717 	EXP 	Display Frame 7
496.4050 	EXP 	Display Frame 8
496.4383 	EXP 	Display Frame 9
496.4717 	EXP 	Display Frame 0
496.5050 	EXP 	Display Frame 1
496.5383 	EXP 	Display Frame 2
496.5716 	EXP 	Display Frame 3
496.6050 	EXP 	Display Frame 4
496.6383 	EXP 	Display Frame 5
496.6717 	EXP 	Display Frame 6
496.7050 	EXP 	Display Frame 7
496.7383 	EXP 	Display Frame 8
496.7716 	EXP 	Display Frame 9
496.8050 	EXP 	Display Frame 0
496.8383 	EXP 	Display Frame 1
496.8717 	EXP 	Display Frame 2
496.9050 	EXP 	Display Frame 3
496.9383 	EXP 	Display Frame 4
496.9717 	EXP 	Display Frame 5
497.0050 	EXP 	Display Frame 6
497.0383 	EXP 	Display Frame 7
497.0716 	EXP 	Display Frame 8
497.1050 	EXP 	Display Frame 9
497.1383 	EXP 	Display Frame 0
497.1716 	EXP 	Display Frame 1
497.2050 	EXP 	Display Frame 2
497.2383 	EXP 	Display Frame 3
497.2716 	EXP 	Display Frame 4
497.3050 	EXP 	Display Frame 5
497.3383 	EXP 	Display Frame 6
497.3716 	EXP 	Display Frame 7
497.4050 	EXP 	Display Frame 8
497.4425 	EXP 	Display Frame 9
497.4716 	EXP 	Display Frame 0
497.5050 	EXP 	Display Frame 1
497.5383 	EXP 	Display Frame 2
497.5716 	EXP 	Display Frame 3
497.6050 	EXP 	Display Frame 4
497.6383 	EXP 	Display Frame 5
497.6716 	EXP 	Display Frame 6
497.7050 	EXP 	Display Frame 7
497.7383 	EXP 	Display Frame 8
497.7716 	EXP 	Display Frame 9
497.8050 	EXP 	Display Frame 0
497.8383 	EXP 	Display Frame 1
497.8716 	EXP 	Display Frame 2
497.9049 	EXP 	Display Frame 3
497.9383 	EXP 	Display Frame 4
497.9716 	EXP 	Display Frame 5
498.0050 	EXP 	Display Frame 6
498.0383 	EXP 	Display Frame 7
498.0716 	EXP 	Display Frame 8
498.1049 	EXP 	Display Frame 9
498.1383 	EXP 	Display Frame 0
498.1716 	EXP 	Display Frame 1
498.2050 	EXP 	Display Frame 2
498.2383 	EXP 	Display Frame 3
498.2716 	EXP 	Display Frame 4
498.3050 	EXP 	Display Frame 5
498.3383 	EXP 	Display Frame 6
498.3716 	EXP 	Display Frame 7
498.4050 	EXP 	Display Frame 8
498.4385 	EXP 	Display Frame 9
498.4716 	EXP 	Display Frame 0
498.5050 	EXP 	Display Frame 1
498.5383 	EXP 	Display Frame 2
498.5716 	EXP 	Display Frame 3
498.6050 	EXP 	Display Frame 4
498.6383 	EXP 	Display Frame 5
498.6716 	EXP 	Display Frame 6
498.7049 	EXP 	Display Frame 7
498.7383 	EXP 	Display Frame 8
498.7716 	EXP 	Display Frame 9
498.8050 	EXP 	Display Frame 0
498.8383 	EXP 	Display Frame 1
498.8716 	EXP 	Display Frame 2
498.9049 	EXP 	Display Frame 3
498.9383 	EXP 	Display Frame 4
498.9717 	EXP 	Display Frame 5
499.0050 	EXP 	Display Frame 6
499.0383 	EXP 	Display Frame 7
499.0716 	EXP 	Display Frame 8
499.1050 	EXP 	Display Frame 9
499.1383 	EXP 	Display Frame 0
499.1716 	EXP 	Display Frame 1
499.2049 	EXP 	Display Frame 2
499.2383 	EXP 	Display Frame 3
499.2716 	EXP 	Display Frame 4
499.3050 	EXP 	Display Frame 5
499.3383 	EXP 	Display Frame 6
499.3716 	EXP 	Display Frame 7
499.4050 	EXP 	Display Frame 8
499.4383 	EXP 	Display Frame 9
499.4717 	EXP 	Display Frame 0
499.5049 	EXP 	Display Frame 1
499.5383 	EXP 	Display Frame 2
499.5716 	EXP 	Display Frame 3
499.6050 	EXP 	Display Frame 4
499.6383 	EXP 	Display Frame 5
499.6716 	EXP 	Display Frame 6
499.7050 	EXP 	Display Frame 7
499.7383 	EXP 	Display Frame 8
499.7716 	EXP 	Display Frame 9
499.8050 	EXP 	Display Frame 0
499.8383 	EXP 	Display Frame 1
499.8716 	EXP 	Display Frame 2
499.9050 	EXP 	Display Frame 3
499.9383 	EXP 	Display Frame 4
499.9716 	EXP 	Display Frame 5
500.0050 	EXP 	Display Frame 6
500.0383 	EXP 	Display Frame 7
500.0718 	EXP 	Display Frame 8
500.1050 	EXP 	Display Frame 9
500.1383 	EXP 	Display Frame 0
500.1716 	EXP 	Display Frame 1
500.2050 	EXP 	Display Frame 2
500.2383 	EXP 	Display Frame 3
500.2716 	EXP 	Display Frame 4
500.3050 	EXP 	Display Frame 5
500.3383 	EXP 	Display Frame 6
500.3716 	EXP 	Display Frame 7
500.4050 	EXP 	Display Frame 8
500.4383 	EXP 	Display Frame 9
500.4717 	EXP 	Display Frame 0
500.5050 	EXP 	Display Frame 1
500.5383 	EXP 	Display Frame 2
500.5716 	EXP 	Display Frame 3
500.6050 	EXP 	Display Frame 4
500.6383 	EXP 	Display Frame 5
500.6717 	EXP 	Display Frame 6
500.7049 	EXP 	Display Frame 7
500.7383 	EXP 	Display Frame 8
500.7716 	EXP 	Display Frame 9
500.8050 	EXP 	Display Frame 0
500.8383 	EXP 	Display Frame 1
500.8716 	EXP 	Display Frame 2
500.9049 	EXP 	Display Frame 3
500.9383 	EXP 	Display Frame 4
500.9717 	EXP 	Display Frame 5
501.0050 	EXP 	Display Frame 6
501.0383 	EXP 	Display Frame 7
501.0716 	EXP 	Display Frame 8
501.1050 	EXP 	Display Frame 9
501.1383 	EXP 	Display Frame 0
501.1716 	EXP 	Display Frame 1
501.2050 	EXP 	Display Frame 2
501.2383 	EXP 	Display Frame 3
501.2716 	EXP 	Display Frame 4
501.3050 	EXP 	Display Frame 5
501.3384 	DATA 	Keypress: equal
501.3395 	EXP 	Display Frame 6
501.3716 	EXP 	Display Frame 7
501.4049 	EXP 	Display Frame 8
501.4383 	EXP 	Display Frame 9
501.4717 	EXP 	Display Frame 0
501.5050 	EXP 	Display Frame 1
501.5383 	EXP 	Display Frame 2
501.5716 	EXP 	Display Frame 3
501.6050 	EXP 	Display Frame 4
501.6383 	EXP 	Display Frame 5
501.6716 	EXP 	Display Frame 6
501.7050 	EXP 	Display Frame 7
501.7383 	EXP 	Display Frame 8
501.7716 	EXP 	Display Frame 9
501.8050 	EXP 	Display Frame 0
501.8383 	EXP 	Display Frame 1
501.8716 	EXP 	Display Frame 2
501.9050 	EXP 	Display Frame 3
501.9383 	EXP 	Display Frame 4
501.9716 	EXP 	Display Frame 5
502.0050 	EXP 	Display Frame 6
502.0383 	EXP 	Display Frame 7
502.0716 	EXP 	Display Frame 8
502.1050 	EXP 	Display Frame 9
502.1383 	EXP 	Display Frame 0
502.1716 	EXP 	Display Frame 1
502.2050 	EXP 	Display Frame 2
502.2383 	EXP 	Display Frame 3
502.2716 	EXP 	Display Frame 4
502.3050 	EXP 	Display Frame 5
502.3383 	EXP 	Display Frame 6
502.3716 	EXP 	Display Frame 7
502.4050 	EXP 	Display Frame 8
502.4383 	EXP 	Display Frame 9
502.4716 	EXP 	Display Frame 0
502.5050 	EXP 	Display Frame 1
502.5383 	EXP 	Display Frame 2
502.5716 	EXP 	Display Frame 3
502.6050 	EXP 	Display Frame 4
502.6383 	EXP 	Display Frame 5
502.6717 	EXP 	Display Frame 6
502.7050 	EXP 	Display Frame 7
502.7383 	EXP 	Display Frame 8
502.7717 	EXP 	Display Frame 9
502.8050 	EXP 	Display Frame 0
502.8383 	EXP 	Display Frame 1
502.8716 	EXP 	Display Frame 2
502.9050 	EXP 	Display Frame 3
502.9383 	EXP 	Display Frame 4
502.9716 	EXP 	Display Frame 5
503.0050 	EXP 	Display Frame 6
503.0383 	EXP 	Display Frame 7
503.0716 	EXP 	Display Frame 8
503.1049 	EXP 	Display Frame 9
503.1383 	EXP 	Display Frame 0
503.1716 	EXP 	Display Frame 1
503.2050 	EXP 	Display Frame 2
503.2383 	EXP 	Display Frame 3
503.2716 	EXP 	Display Frame 4
503.3050 	EXP 	Display Frame 5
503.3383 	EXP 	Display Frame 6
503.3717 	EXP 	Display Frame 7
503.4049 	EXP 	Display Frame 8
503.4383 	EXP 	Display Frame 9
503.4716 	EXP 	Display Frame 0
503.5050 	EXP 	Display Frame 1
503.5383 	EXP 	Display Frame 2
503.5716 	EXP 	Display Frame 3
503.6050 	EXP 	Display Frame 4
503.6383 	EXP 	Display Frame 5
503.6717 	EXP 	Display Frame 6
503.7049 	EXP 	Display Frame 7
503.7383 	EXP 	Display Frame 8
503.7716 	EXP 	Display Frame 9
503.8050 	EXP 	Display Frame 0
503.8383 	EXP 	Display Frame 1
503.8716 	EXP 	Display Frame 2
503.9050 	EXP 	Display Frame 3
503.9383 	EXP 	Display Frame 4
503.9717 	EXP 	Display Frame 5
504.0050 	EXP 	Display Frame 6
504.0383 	EXP 	Display Frame 7
504.0716 	EXP 	Display Frame 8
504.1050 	EXP 	Display Frame 9
504.1383 	EXP 	Display Frame 0
504.1716 	EXP 	Display Frame 1
504.2049 	EXP 	Display Frame 2
504.2383 	EXP 	Display Frame 3
504.2716 	EXP 	Display Frame 4
504.3050 	EXP 	Display Frame 5
504.3383 	EXP 	Display Frame 6
504.3716 	EXP 	Display Frame 7
504.4050 	EXP 	Display Frame 8
504.4383 	EXP 	Display Frame 9
504.4717 	EXP 	Display Frame 0
504.5050 	EXP 	Display Frame 1
504.5383 	EXP 	Display Frame 2
504.5716 	EXP 	Display Frame 3
504.6049 	EXP 	Display Frame 4
504.6383 	EXP 	Display Frame 5
504.6716 	EXP 	Display Frame 6
504.7050 	EXP 	Display Frame 7
504.7383 	EXP 	Display Frame 8
504.7716 	EXP 	Display Frame 9
504.8052 	EXP 	Display Frame 0
504.8383 	EXP 	Display Frame 1
504.8717 	EXP 	Display Frame 2
504.9050 	EXP 	Display Frame 3
504.9383 	EXP 	Display Frame 4
504.9716 	EXP 	Display Frame 5
505.0050 	EXP 	Display Frame 6
505.0383 	EXP 	Display Frame 7
505.0716 	EXP 	Display Frame 8
505.1050 	EXP 	Display Frame 9
505.1383 	EXP 	Display Frame 0
505.1716 	EXP 	Display Frame 1
505.2049 	EXP 	Display Frame 2
505.2383 	EXP 	Display Frame 3
505.2716 	EXP 	Display Frame 4
505.3050 	EXP 	Display Frame 5
505.3383 	EXP 	Display Frame 6
505.3716 	EXP 	Display Frame 7
505.4051 	EXP 	Display Frame 8
505.4383 	EXP 	Display Frame 9
505.4716 	EXP 	Display Frame 0
505.5050 	EXP 	Display Frame 1
505.5383 	EXP 	Display Frame 2
505.5716 	EXP 	Display Frame 3
505.6050 	EXP 	Display Frame 4
505.6383 	EXP 	Display Frame 5
505.6716 	EXP 	Display Frame 6
505.7049 	EXP 	Display Frame 7
505.7383 	EXP 	Display Frame 8
505.7716 	EXP 	Display Frame 9
505.8050 	EXP 	Display Frame 0
505.8383 	EXP 	Display Frame 1
505.8716 	EXP 	Display Frame 2
505.9050 	EXP 	Display Frame 3
505.9383 	EXP 	Display Frame 4
505.9717 	EXP 	Display Frame 5
506.0050 	EXP 	Display Frame 6
506.0383 	EXP 	Display Frame 7
506.0716 	EXP 	Display Frame 8
506.1050 	EXP 	Display Frame 9
506.1383 	EXP 	Display Frame 0
506.1716 	EXP 	Display Frame 1
506.2050 	EXP 	Display Frame 2
506.2383 	EXP 	Display Frame 3
506.2716 	EXP 	Display Frame 4
506.3049 	EXP 	Display Frame 5
506.3383 	EXP 	Display Frame 6
506.3717 	EXP 	Display Frame 7
506.4050 	EXP 	Display Frame 8
506.4383 	EXP 	Display Frame 9
506.4716 	EXP 	Display Frame 0
506.5050 	EXP 	Display Frame 1
506.5384 	DATA 	Keypress: equal
506.5395 	EXP 	Display Frame 2
506.5716 	EXP 	Display Frame 3
506.6050 	EXP 	Display Frame 4
506.6383 	EXP 	Display Frame 5
506.6716 	EXP 	Display Frame 6
506.7050 	EXP 	Display Frame 7
506.7383 	EXP 	Display Frame 8
506.7716 	EXP 	Display Frame 9
506.8050 	EXP 	Display Frame 0
506.8383 	EXP 	Display Frame 1
506.8716 	EXP 	Display Frame 2
506.9050 	EXP 	Display Frame 3
506.9383 	EXP 	Display Frame 4
506.9716 	EXP 	Display Frame 5
507.0050 	EXP 	Display Frame 6
507.0383 	EXP 	Display Frame 7
507.0716 	EXP 	Display Frame 8
507.1049 	EXP 	Display Frame 9
507.1383 	EXP 	Display Frame 0
507.1716 	EXP 	Display Frame 1
507.2050 	EXP 	Display Frame 2
507.2383 	EXP 	Display Frame 3
507.2716 	EXP 	Display Frame 4
507.3050 	EXP 	Display Frame 5
507.3383 	EXP 	Display Frame 6
507.3716 	EXP 	Display Frame 7
507.4050 	EXP 	Display Frame 8
507.4383 	EXP 	Display Frame 9
507.4717 	EXP 	Display Frame 0
507.5050 	EXP 	Display Frame 1
507.5383 	EXP 	Display Frame 2
507.5716 	EXP 	Display Frame 3
507.6050 	EXP 	Display Frame 4
507.6383 	EXP 	Display Frame 5
507.6716 	EXP 	Display Frame 6
507.7050 	EXP 	Display Frame 7
507.7383 	EXP 	Display Frame 8
507.7716 	EXP 	Display Frame 9
507.8050 	EXP 	Display Frame 0
507.8383 	EXP 	Display Frame 1
507.8716 	EXP 	Display Frame 2
507.9050 	EXP 	Display Frame 3
507.9383 	EXP 	Display Frame 4
507.9717 	EXP 	Display Frame 5
508.0050 	EXP 	Display Frame 6
508.0383 	EXP 	Display Frame 7
508.0716 	EXP 	Display Frame 8
508.1049 	EXP 	Display Frame 9
508.1383 	EXP 	Display Frame 0
508.1716 	EXP 	Display Frame 1
508.2050 	EXP 	Display Frame 2
508.2383 	EXP 	Display Frame 3
508.2716 	EXP 	Display Frame 4
508.3050 	EXP 	Display Frame 5
508.3383 	EXP 	Display Frame 6
508.3716 	EXP 	Display Frame 7
508.4050 	EXP 	Display Frame 8
508.4383 	EXP 	Display Frame 9
508.4716 	EXP 	Display Frame 0
508.5050 	EXP 	Display Frame 1
508.5383 	EXP 	Display Frame 2
508.5716 	EXP 	Display Frame 3
508.6050 	EXP 	Display Frame 4
508.6383 	EXP 	Display Frame 5
508.6716 	EXP 	Display Frame 6
508.7050 	EXP 	Display Frame 7
508.7383 	EXP 	Display Frame 8
508.7716 	EXP 	Display Frame 9
508.8050 	EXP 	Display Frame 0
508.8383 	EXP 	Display Frame 1
508.8716 	EXP 	Display Frame 2
508.9049 	EXP 	Display Frame 3
508.9383 	EXP 	Display Frame 4
508.9716 	EXP 	Display Frame 5
509.0050 	EXP 	Display Frame 6
509.0383 	EXP 	Display Frame 7
509.0716 	EXP 	Display Frame 8
509.1050 	EXP 	Display Frame 9
509.1383 	EXP 	Display Frame 0
509.1716 	EXP 	Display Frame 1
509.2050 	EXP 	Display Frame 2
509.2383 	EXP 	Display Frame 3
509.2716 	EXP 	Display Frame 4
509.3050 	EXP 	Display Frame 5
509.3383 	EXP 	Display Frame 6
509.3717 	EXP 	Display Frame 7
509.4050 	EXP 	Display Frame 8
509.4383 	EXP 	Display Frame 9
509.4717 	EXP 	Display Frame 0
509.5049 	EXP 	Display Frame 1
509.5383 	EXP 	Display Frame 2
509.5716 	EXP 	Display Frame 3
509.6050 	EXP 	Display Frame 4
509.6383 	EXP 	Display Frame 5
509.6716 	EXP 	Display Frame 6
509.7050 	EXP 	Display Frame 7
509.7383 	EXP 	Display Frame 8
509.7716 	EXP 	Display Frame 9
509.8049 	EXP 	Display Frame 0
509.8383 	EXP 	Display Frame 1
509.8716 	EXP 	Display Frame 2
509.9050 	EXP 	Display Frame 3
509.9383 	EXP 	Display Frame 4
509.9717 	EXP 	Display Frame 5
510.0050 	EXP 	Display Frame 6
510.0383 	EXP 	Display Frame 7
510.0717 	EXP 	Display Frame 8
510.1050 	EXP 	Display Frame 9
510.1383 	EXP 	Display Frame 0
510.1716 	EXP 	Display Frame 1
510.2050 	EXP 	Display Frame 2
510.2383 	EXP 	Display Frame 3
510.2716 	EXP 	Display Frame 4
510.3050 	EXP 	Display Frame 5
510.3383 	EXP 	Display Frame 6
510.3717 	EXP 	Display Frame 7
510.4050 	EXP 	Display Frame 8
510.4383 	EXP 	Display Frame 9
510.4716 	EXP 	Display Frame 0
510.5049 	EXP 	Display Frame 1
510.5383 	EXP 	Display Frame 2
510.5716 	EXP 	Display Frame 3
510.6050 	EXP 	Display Frame 4
510.6383 	EXP 	Display Frame 5
510.6716 	EXP 	Display Frame 6
510.7050 	EXP 	Display Frame 7
510.7384 	EXP 	Display Frame 8
510.7716 	EXP 	Display Frame 9
510.8050 	EXP 	Display Frame 0
510.8383 	EXP 	Display Frame 1
510.8716 	EXP 	Display Frame 2
510.9050 	EXP 	Display Frame 3
510.9383 	EXP 	Display Frame 4
510.9717 	EXP 	Display Frame 5
511.0050 	EXP 	Display Frame 6
511.0383 	EXP 	Display Frame 7
511.0716 	EXP 	Display Frame 8
511.1050 	EXP 	Display Frame 9
511.1386 	EXP 	Display Frame 0
511.1716 	EXP 	Display Frame 1
511.2050 	EXP 	Display Frame 2
511.2383 	EXP 	Display Frame 3
511.2717 	EXP 	Display Frame 4
511.3050 	EXP 	Display Frame 5
511.3383 	EXP 	Display Frame 6
511.3716 	EXP 	Display Frame 7
511.4050 	EXP 	Display Frame 8
511.4383 	EXP 	Display Frame 9
511.4717 	EXP 	Display Frame 0
511.5050 	EXP 	Display Frame 1
511.5383 	EXP 	Display Frame 2
511.5717 	EXP 	Display Frame 3
511.6049 	EXP 	Display Frame 4
511.6383 	EXP 	Display Frame 5
511.6716 	EXP 	Display Frame 6
511.7050 	EXP 	Display Frame 7
511.7384 	DATA 	Keypress: equal
511.7394 	EXP 	Display Frame 8
511.7716 	EXP 	Display Frame 9
511.8050 	EXP 	Display Frame 0
511.8383 	EXP 	Display Frame 1
511.8716 	EXP 	Display Frame 2
511.9050 	EXP 	Display Frame 3
511.9383 	EXP 	Display Frame 4
511.9717 	EXP 	Display Frame 5
512.0050 	EXP 	Display Frame 6
512.0383 	EXP 	Display Frame 7
512.0716 	EXP 	Display Frame 8
512.1050 	EXP 	Display Frame 9
512.1383 	EXP 	Display Frame 0
512.1716 	EXP 	Display Frame 1
512.2050 	EXP 	Display Frame 2
512.2383 	EXP 	Display Frame 3
512.2716 	EXP 	Display Frame 4
512.3050 	EXP 	Display Frame 5
512.3383 	EXP 	Display Frame 6
512.3716 	EXP 	Display Frame 7
512.4050 	EXP 	Display Frame 8
512.4383 	EXP 	Display Frame 9
512.4716 	EXP 	Display Frame 0
512.5050 	EXP 	Display Frame 1
512.5383 	EXP 	Display Frame 2
512.5716 	EXP 	Display Frame 3
512.6049 	EXP 	Display Frame 4
512.6383 	EXP 	Display Frame 5
512.6716 	EXP 	Display Frame 6
512.7050 	EXP 	Display Frame 7
512.7383 	EXP 	Display Frame 8
512.7716 	EXP 	Display Frame 9
512.8050 	EXP 	Display Frame 0
512.8383 	EXP 	Display Frame 1
512.8716 	EXP 	Display Frame 2
512.9050 	EXP 	Display Frame 3
512.9383 	EXP 	Display Frame 4
512.9716 	EXP 	Display Frame 5
513.0050 	EXP 	Display Frame 6
513.0383 	EXP 	Display Frame 7
513.0716 	EXP 	Display Frame 8
513.1049 	EXP 	Display Frame 9
513.1383 	EXP 	Display Frame 0
513.1716 	EXP 	Display Frame 1
513.2050 	EXP 	Display Frame 2
513.2383 	EXP 	Display Frame 3
513.2716 	EXP 	Display Frame 4
513.3050 	EXP 	Display Frame 5
513.3383 	EXP 	Display Frame 6
513.3716 	EXP 	Display Frame 7
513.4049 	EXP 	Display Frame 8
513.4383 	EXP 	Display Frame 9
513.4716 	EXP 	Display Frame 0
513.5050 	EXP 	Display Frame 1
513.5383 	EXP 	Display Frame 2
513.5716 	EXP 	Display Frame 3
513.6050 	EXP 	Display Frame 4
513.6383 	EXP 	Display Frame 5
513.6717 	EXP 	Display Frame 6
513.7050 	EXP 	Display Frame 7
513.7383 	EXP 	Display Frame 8
513.7716 	EXP 	Display Frame 9
513.8050 	EXP 	Display Frame 0
513.8383 	EXP 	Display Frame 1
513.8716 	EXP 	Display Frame 2
513.9050 	EXP 	Display Frame 3
513.9383 	EXP 	Display Frame 4
513.9717 	EXP 	Display Frame 5
514.0050 	EXP 	Display Frame 6
514.0383 	EXP 	Display Frame 7
514.0716 	EXP 	Display Frame 8
514.1050 	EXP 	Display Frame 9
514.1383 	EXP 	Display Frame 0
514.1716 	EXP 	Display Frame 1
514.2050 	EXP 	Display Frame 2
514.2383 	EXP 	Display Frame 3
514.2716 	EXP 	Display Frame 4
514.3049 	EXP 	Display Frame 5
514.3383 	EXP 	Display Frame 6
514.3716 	EXP 	Display Frame 7
514.4050 	EXP 	Display Frame 8
514.4383 	EXP 	Display Frame 9
514.4717 	EXP 	Display Frame 0
514.5050 	EXP 	Display Frame 1
514.5383 	EXP 	Display Frame 2
514.5716 	EXP 	Display Frame 3
514.6050 	EXP 	Display Frame 4
514.6383 	EXP 	Display Frame 5
514.6716 	EXP 	Display Frame 6
514.7050 	EXP 	Display Frame 7
514.7383 	EXP 	Display Frame 8
514.7716 	EXP 	Display Frame 9
514.8050 	EXP 	Display Frame 0
514.8383 	EXP 	Display Frame 1
514.8716 	EXP 	Display Frame 2
514.9050 	EXP 	Display Frame 3
514.9384 	EXP 	Display Frame 4
514.9716 	EXP 	Display Frame 5
515.0050 	EXP 	Display Frame 6
515.0383 	EXP 	Display Frame 7
515.0716 	EXP 	Display Frame 8
515.1049 	EXP 	Display Frame 9
515.1383 	EXP 	Display Frame 0
515.1716 	EXP 	Display Frame 1
515.2049 	EXP 	Display Frame 2
515.2383 	EXP 	Display Frame 3
515.2716 	EXP 	Display Frame 4
515.3050 	EXP 	Display Frame 5
515.3383 	EXP 	Display Frame 6
515.3717 	EXP 	Display Frame 7
515.4050 	EXP 	Display Frame 8
515.4383 	EXP 	Display Frame 9
515.4717 	EXP 	Display Frame 0
515.5050 	EXP 	Display Frame 1
515.5383 	EXP 	Display Frame 2
515.5716 	EXP 	Display Frame 3
515.6050 	EXP 	Display Frame 4
515.6383 	EXP 	Display Frame 5
515.6717 	EXP 	Display Frame 6
515.7049 	EXP 	Display Frame 7
515.7383 	EXP 	Display Frame 8
515.7716 	EXP 	Display Frame 9
515.8050 	EXP 	Display Frame 0
515.8383 	EXP 	Display Frame 1
515.8716 	EXP 	Display Frame 2
515.9050 	EXP 	Display Frame 3
515.9383 	EXP 	Display Frame 4
515.9717 	EXP 	Display Frame 5
516.0049 	EXP 	Display Frame 6
516.0383 	EXP 	Display Frame 7
516.0717 	EXP 	Display Frame 8
516.1049 	EXP 	Display Frame 9
516.1383 	EXP 	Display Frame 0
516.1716 	EXP 	Display Frame 1
516.2050 	EXP 	Display Frame 2
516.2383 	EXP 	Display Frame 3
516.2716 	EXP 	Display Frame 4
516.3050 	EXP 	Display Frame 5
516.3383 	EXP 	Display Frame 6
516.3716 	EXP 	Display Frame 7
516.4050 	EXP 	Display Frame 8
516.4383 	EXP 	Display Frame 9
516.4716 	EXP 	Display Frame 0
516.5050 	EXP 	Display Frame 1
516.5383 	EXP 	Display Frame 2
516.5716 	EXP 	Display Frame 3
516.6049 	EXP 	Display Frame 4
516.6383 	EXP 	Display Frame 5
516.6716 	EXP 	Display Frame 6
516.7050 	EXP 	Display Frame 7
516.7383 	EXP 	Display Frame 8
516.7717 	EXP 	Display Frame 9
516.8049 	EXP 	Display Frame 0
516.8384 	EXP 	Display Frame 1
516.8716 	EXP 	Display Frame 2
516.9050 	EXP 	Display Frame 3
516.9383 	DATA 	Keypress: equal
516.9393 	EXP 	Display Frame 4
516.9716 	EXP 	Display Frame 5
517.0050 	EXP 	Display Frame 6
517.0383 	EXP 	Display Frame 7
517.0716 	EXP 	Display Frame 8
517.1049 	EXP 	Display Frame 9
517.1383 	EXP 	Display Frame 0
517.1716 	EXP 	Display Frame 1
517.2050 	EXP 	Display Frame 2
517.2383 	EXP 	Display Frame 3
517.2716 	EXP 	Display Frame 4
517.3050 	EXP 	Display Frame 5
517.3383 	EXP 	Display Frame 6
517.3716 	EXP 	Display Frame 7
517.4050 	EXP 	Display Frame 8
517.4383 	EXP 	Display Frame 9
517.4718 	EXP 	Display Frame 0
517.5050 	EXP 	Display Frame 1
517.5383 	EXP 	Display Frame 2
517.5716 	EXP 	Display Frame 3
517.6050 	EXP 	Display Frame 4
517.6383 	EXP 	Display Frame 5
517.6717 	EXP 	Display Frame 6
517.7050 	EXP 	Display Frame 7
517.7383 	EXP 	Display Frame 8
517.7716 	EXP 	Display Frame 9
517.8050 	EXP 	Display Frame 0
517.8383 	EXP 	Display Frame 1
517.8716 	EXP 	Display Frame 2
517.9050 	EXP 	Display Frame 3
517.9383 	EXP 	Display Frame 4
517.9716 	EXP 	Display Frame 5
518.0050 	EXP 	Display Frame 6
518.0383 	EXP 	Display Frame 7
518.0716 	EXP 	Display Frame 8
518.1049 	EXP 	Display Frame 9
518.1383 	EXP 	Display Frame 0
518.1716 	EXP 	Display Frame 1
518.2050 	EXP 	Display Frame 2
518.2383 	EXP 	Display Frame 3
518.2716 	EXP 	Display Frame 4
518.3050 	EXP 	Display Frame 5
518.3383 	EXP 	Display Frame 6
518.3716 	EXP 	Display Frame 7
518.4050 	EXP 	Display Frame 8
518.4383 	EXP 	Display Frame 9
518.4716 	EXP 	Display Frame 0
518.5050 	EXP 	Display Frame 1
518.5383 	EXP 	Display Frame 2
518.5716 	EXP 	Display Frame 3
518.6050 	EXP 	Display Frame 4
518.6383 	EXP 	Display Frame 5
518.6716 	EXP 	Display Frame 6
518.7050 	EXP 	Display Frame 7
518.7383 	EXP 	Display Frame 8
518.7716 	EXP 	Display Frame 9
518.8050 	EXP 	Display Frame 0
518.8383 	EXP 	Display Frame 1
518.8716 	EXP 	Display Frame 2
518.9049 	EXP 	Display Frame 3
518.9383 	EXP 	Display Frame 4
518.9716 	EXP 	Display Frame 5
519.0050 	EXP 	Display Frame 6
519.0383 	EXP 	Display Frame 7
519.0716 	EXP 	Display Frame 8
519.1050 	EXP 	Display Frame 9
519.1383 	EXP 	Display Frame 0
519.1716 	EXP 	Display Frame 1
519.2050 	EXP 	Display Frame 2
519.2383 	EXP 	Display Frame 3
519.2716 	EXP 	Display Frame 4
519.3050 	EXP 	Display Frame 5
519.3383 	EXP 	Display Frame 6
519.3716 	EXP 	Display Frame 7
519.4050 	EXP 	Display Frame 8
519.4383 	EXP 	Display Frame 9
519.4716 	EXP 	Display Frame 0
519.5050 	EXP 	Display Frame 1
519.5383 	EXP 	Display Frame 2
519.5717 	EXP 	Display Frame 3
519.6049 	EXP 	Display Frame 4
519.6383 	EXP 	Display Frame 5
519.6716 	EXP 	Display Frame 6
519.7050 	EXP 	Display Frame 7
519.7383 	EXP 	Display Frame 8
519.7716 	EXP 	Display Frame 9
519.8050 	EXP 	Display Frame 0
519.8383 	EXP 	Display Frame 1
519.8716 	EXP 	Display Frame 2
519.9049 	EXP 	Display Frame 3
519.9383 	EXP 	Display Frame 4
519.9716 	EXP 	Display Frame 5
520.0050 	EXP 	Display Frame 6
520.0383 	EXP 	Display Frame 7
520.0716 	EXP 	Display Frame 8
520.1050 	EXP 	Display Frame 9
520.1383 	EXP 	Display Frame 0
520.1716 	EXP 	Display Frame 1
520.2050 	EXP 	Display Frame 2
520.2383 	EXP 	Display Frame 3
520.2716 	EXP 	Display Frame 4
520.3050 	EXP 	Display Frame 5
520.3383 	EXP 	Display Frame 6
520.3716 	EXP 	Display Frame 7
520.4050 	EXP 	Display Frame 8
520.4383 	EXP 	Display Frame 9
520.4716 	EXP 	Display Frame 0
520.5050 	EXP 	Display Frame 1
520.5383 	EXP 	Display Frame 2
520.5716 	EXP 	Display Frame 3
520.6050 	EXP 	Display Frame 4
520.6383 	EXP 	Display Frame 5
520.6716 	EXP 	Display Frame 6
520.7050 	EXP 	Display Frame 7
520.7383 	EXP 	Display Frame 8
520.7717 	EXP 	Display Frame 9
520.8050 	EXP 	Display Frame 0
520.8383 	EXP 	Display Frame 1
520.8716 	EXP 	Display Frame 2
520.9050 	EXP 	Display Frame 3
520.9383 	EXP 	Display Frame 4
520.9716 	EXP 	Display Frame 5
521.0050 	EXP 	Display Frame 6
521.0383 	EXP 	Display Frame 7
521.0716 	EXP 	Display Frame 8
521.1050 	EXP 	Display Frame 9
521.1383 	EXP 	Display Frame 0
521.1716 	EXP 	Display Frame 1
521.2050 	EXP 	Display Frame 2
521.2383 	EXP 	Display Frame 3
521.2716 	EXP 	Display Frame 4
521.3050 	EXP 	Display Frame 5
521.3383 	EXP 	Display Frame 6
521.3716 	EXP 	Display Frame 7
521.4052 	EXP 	Display Frame 8
521.4383 	EXP 	Display Frame 9
521.4717 	EXP 	Display Frame 0
521.5050 	EXP 	Display Frame 1
521.5383 	EXP 	Display Frame 2
521.5716 	EXP 	Display Frame 3
521.6050 	EXP 	Display Frame 4
521.6383 	EXP 	Display Frame 5
521.6716 	EXP 	Display Frame 6
521.7049 	EXP 	Display Frame 7
521.7383 	EXP 	Display Frame 8
521.7716 	EXP 	Display Frame 9
521.8050 	EXP 	Display Frame 0
521.8383 	EXP 	Display Frame 1
521.8716 	EXP 	Display Frame 2
521.9050 	EXP 	Display Frame 3
521.9383 	EXP 	Display Frame 4
521.9717 	EXP 	Display Frame 5
522.0050 	EXP 	Display Frame 6
522.0383 	EXP 	Display Frame 7
522.0716 	EXP 	Display Frame 8
522.1050 	EXP 	Display Frame 9
522.1058 	DATA 	Keypress: equal
522.1383 	EXP 	Display Frame 0
522.1716 	EXP 	Display Frame 1
522.2050 	EXP 	Display Frame 2
522.2383 	EXP 	Display Frame 3
522.2716 	EXP 	Display Frame 4
522.3050 	EXP 	Display Frame 5
522.3383 	EXP 	Display Frame 6
522.3716 	EXP 	Display Frame 7
522.4050 	EXP 	Display Frame 8
522.4383 	EXP 	Display Frame 9
522.4716 	EXP 	Display Frame 0
522.5050 	EXP 	Display Frame 1
522.5383 	EXP 	Display Frame 2
522.5716 	EXP 	Display Frame 3
522.6049 	EXP 	Display Frame 4
522.6383 	EXP 	Display Frame 5
522.6716 	EXP 	Display Frame 6
522.7050 	EXP 	Display Frame 7
522.7383 	EXP 	Display Frame 8
522.7716 	EXP 	Display Frame 9
522.8050 	EXP 	Display Frame 0
522.8383 	EXP 	Display Frame 1
522.8716 	EXP 	Display Frame 2
522.9049 	EXP 	Display Frame 3
522.9383 	EXP 	Display Frame 4
522.9716 	EXP 	Display Frame 5
523.0050 	EXP 	Display Frame 6
523.0383 	EXP 	Display Frame 7
523.0716 	EXP 	Display Frame 8
523.1050 	EXP 	Display Frame 9
523.1383 	EXP 	Display Frame 0
523.1716 	EXP 	Display Frame 1
523.2050 	EXP 	Display Frame 2
523.2383 	EXP 	Display Frame 3
523.2716 	EXP 	Display Frame 4
523.3050 	EXP 	Display Frame 5
523.3383 	EXP 	Display Frame 6
523.3716 	EXP 	Display Frame 7
523.4050 	EXP 	Display Frame 8
523.4383 	EXP 	Display Frame 9
523.4716 	EXP 	Display Frame 0
523.5050 	EXP 	Display Frame 1
523.5383 	EXP 	Display Frame 2
523.5716 	EXP 	Display Frame 3
523.6049 	EXP 	Display Frame 4
523.6383 	EXP 	Display Frame 5
523.6716 	EXP 	Display Frame 6
523.7049 	EXP 	Display Frame 7
523.7383 	EXP 	Display Frame 8
523.7716 	EXP 	Display Frame 9
523.8050 	EXP 	Display Frame 0
523.8387 	EXP 	Display Frame 1
523.8717 	EXP 	Display Frame 2
523.9050 	EXP 	Display Frame 3
523.9383 	EXP 	Display Frame 4
523.9717 	EXP 	Display Frame 5
524.0050 	EXP 	Display Frame 6
524.0383 	EXP 	Display Frame 7
524.0716 	EXP 	Display Frame 8
524.1050 	EXP 	Display Frame 9
524.1383 	EXP 	Display Frame 0
524.1716 	EXP 	Display Frame 1
524.2050 	EXP 	Display Frame 2
524.2383 	EXP 	Display Frame 3
524.2716 	EXP 	Display Frame 4
524.3050 	EXP 	Display Frame 5
524.3383 	EXP 	Display Frame 6
524.3717 	EXP 	Display Frame 7
524.4049 	EXP 	Display Frame 8
524.4383 	EXP 	Display Frame 9
524.4716 	EXP 	Display Frame 0
524.5050 	EXP 	Display Frame 1
524.5383 	EXP 	Display Frame 2
524.5716 	EXP 	Display Frame 3
524.6049 	EXP 	Display Frame 4
524.6383 	EXP 	Display Frame 5
524.6716 	EXP 	Display Frame 6
524.7050 	EXP 	Display Frame 7
524.7383 	EXP 	Display Frame 8
524.7716 	EXP 	Display Frame 9
524.8050 	EXP 	Display Frame 0
524.8383 	EXP 	Display Frame 1
524.8716 	EXP 	Display Frame 2
524.9050 	EXP 	Display Frame 3
524.9383 	EXP 	Display Frame 4
524.9717 	EXP 	Display Frame 5
525.0050 	EXP 	Display Frame 6
525.0383 	EXP 	Display Frame 7
525.0716 	EXP 	Display Frame 8
525.1050 	EXP 	Display Frame 9
525.1383 	EXP 	Display Frame 0
525.1716 	EXP 	Display Frame 1
525.2049 	EXP 	Display Frame 2
525.2383 	EXP 	Display Frame 3
525.2716 	EXP 	Display Frame 4
525.3050 	EXP 	Display Frame 5
525.3383 	EXP 	Display Frame 6
525.3716 	EXP 	Display Frame 7
525.4050 	EXP 	Display Frame 8
525.4383 	EXP 	Display Frame 9
525.4717 	EXP 	Display Frame 0
525.5050 	EXP 	Display Frame 1
525.5383 	EXP 	Display Frame 2
525.5716 	EXP 	Display Frame 3
525.6049 	EXP 	Display Frame 4
525.6383 	EXP 	Display Frame 5
525.6716 	EXP 	Display Frame 6
525.7050 	EXP 	Display Frame 7
525.7383 	EXP 	Display Frame 8
525.7716 	EXP 	Display Frame 9
525.8050 	EXP 	Display Frame 0
525.8383 	EXP 	Display Frame 1
525.8716 	EXP 	Display Frame 2
525.9050 	EXP 	Display Frame 3
525.9383 	EXP 	Display Frame 4
525.9716 	EXP 	Display Frame 5
526.0050 	EXP 	Display Frame 6
526.0383 	EXP 	Display Frame 7
526.0716 	EXP 	Display Frame 8
526.1050 	EXP 	Display Frame 9
526.1383 	EXP 	Display Frame 0
526.1716 	EXP 	Display Frame 1
526.2050 	EXP 	Display Frame 2
526.2383 	EXP 	Display Frame 3
526.2716 	EXP 	Display Frame 4
526.3050 	EXP 	Display Frame 5
526.3383 	EXP 	Display Frame 6
526.3717 	EXP 	Display Frame 7
526.4050 	EXP 	Display Frame 8
526.4383 	EXP 	Display Frame 9
526.4716 	EXP 	Display Frame 0
526.5050 	EXP 	Display Frame 1
526.5383 	EXP 	Display Frame 2
526.5716 	EXP 	Display Frame 3
526.6050 	EXP 	Display Frame 4
526.6383 	EXP 	Display Frame 5
526.6716 	EXP 	Display Frame 6
526.7049 	EXP 	Display Frame 7
526.7384 	EXP 	Display Frame 8
526.7716 	EXP 	Display Frame 9
526.8050 	EXP 	Display Frame 0
526.8383 	EXP 	Display Frame 1
526.8716 	EXP 	Display Frame 2
526.9050 	EXP 	Display Frame 3
526.9383 	EXP 	Display Frame 4
526.9716 	EXP 	Display Frame 5
527.0050 	EXP 	Display Frame 6
527.0383 	EXP 	Display Frame 7
527.0717 	EXP 	Display Frame 8
527.1050 	EXP 	Display Frame 9
527.1384 	EXP 	Display Frame 0
527.1716 	EXP 	Display Frame 1
527.2050 	EXP 	Display Frame 2
527.2383 	EXP 	Display Frame 3
527.2716 	EXP 	Display Frame 4
527.3051 	DATA 	Keypress: equal
527.3062 	EXP 	Display Frame 5
527.3153 	EXP 	Display Fixation
532.4928 	DATA 	Keypress: equal
537.6874 	DATA 	Keypress: equal
542.8795 	DATA 	Keypress: equal
548.0736 	DATA 	Keypress: equal
553.2661 	DATA 	Keypress: equal
558.4609 	DATA 	Keypress: equal
558.4954 	EXP 	Display Frame 1
558.5285 	EXP 	Display Frame 2
558.5619 	EXP 	Display Frame 3
558.5952 	EXP 	Display Frame 4
558.6286 	EXP 	Display Frame 5
558.6620 	EXP 	Display Frame 6
558.6952 	EXP 	Display Frame 7
558.7285 	EXP 	Display Frame 8
558.7619 	EXP 	Display Frame 9
558.7952 	EXP 	Display Frame 0
558.8285 	EXP 	Display Frame 1
558.8618 	EXP 	Display Frame 2
558.8952 	EXP 	Display Frame 3
558.9285 	EXP 	Display Frame 4
558.9618 	EXP 	Display Frame 5
558.9952 	EXP 	Display Frame 6
559.0285 	EXP 	Display Frame 7
559.0618 	EXP 	Display Frame 8
559.0952 	EXP 	Display Frame 9
559.1285 	EXP 	Display Frame 0
559.1618 	EXP 	Display Frame 1
559.1952 	EXP 	Display Frame 2
559.2285 	EXP 	Display Frame 3
559.2618 	EXP 	Display Frame 4
559.2951 	EXP 	Display Frame 5
559.3287 	EXP 	Display Frame 6
559.3621 	EXP 	Display Frame 7
559.3952 	EXP 	Display Frame 8
559.4285 	EXP 	Display Frame 9
559.4618 	EXP 	Display Frame 0
559.4952 	EXP 	Display Frame 1
559.5285 	EXP 	Display Frame 2
559.5618 	EXP 	Display Frame 3
559.5952 	EXP 	Display Frame 4
559.6285 	EXP 	Display Frame 5
559.6618 	EXP 	Display Frame 6
559.6952 	EXP 	Display Frame 7
559.7285 	EXP 	Display Frame 8
559.7618 	EXP 	Display Frame 9
559.7952 	EXP 	Display Frame 0
559.8285 	EXP 	Display Frame 1
559.8618 	EXP 	Display Frame 2
559.8952 	EXP 	Display Frame 3
559.9285 	EXP 	Display Frame 4
559.9618 	EXP 	Display Frame 5
559.9951 	EXP 	Display Frame 6
560.0285 	EXP 	Display Frame 7
560.0618 	EXP 	Display Frame 8
560.0952 	EXP 	Display Frame 9
560.1285 	EXP 	Display Frame 0
560.1618 	EXP 	Display Frame 1
560.1952 	EXP 	Display Frame 2
560.2285 	EXP 	Display Frame 3
560.2619 	EXP 	Display Frame 4
560.2952 	EXP 	Display Frame 5
560.3285 	EXP 	Display Frame 6
560.3618 	EXP 	Display Frame 7
560.3952 	EXP 	Display Frame 8
560.4285 	EXP 	Display Frame 9
560.4618 	EXP 	Display Frame 0
560.4951 	EXP 	Display Frame 1
560.5285 	EXP 	Display Frame 2
560.5618 	EXP 	Display Frame 3
560.5952 	EXP 	Display Frame 4
560.6285 	EXP 	Display Frame 5
560.6618 	EXP 	Display Frame 6
560.6951 	EXP 	Display Frame 7
560.7285 	EXP 	Display Frame 8
560.7618 	EXP 	Display Frame 9
560.7952 	EXP 	Display Frame 0
560.8285 	EXP 	Display Frame 1
560.8618 	EXP 	Display Frame 2
560.8952 	EXP 	Display Frame 3
560.9285 	EXP 	Display Frame 4
560.9618 	EXP 	Display Frame 5
560.9951 	EXP 	Display Frame 6
561.0285 	EXP 	Display Frame 7
561.0618 	EXP 	Display Frame 8
561.0951 	EXP 	Display Frame 9
561.1285 	EXP 	Display Frame 0
561.1618 	EXP 	Display Frame 1
561.1952 	EXP 	Display Frame 2
561.2285 	EXP 	Display Frame 3
561.2618 	EXP 	Display Frame 4
561.2952 	EXP 	Display Frame 5
561.3285 	EXP 	Display Frame 6
561.3618 	EXP 	Display Frame 7
561.3952 	EXP 	Display Frame 8
561.4285 	EXP 	Display Frame 9
561.4618 	EXP 	Display Frame 0
561.4951 	EXP 	Display Frame 1
561.5285 	EXP 	Display Frame 2
561.5618 	EXP 	Display Frame 3
561.5952 	EXP 	Display Frame 4
561.6285 	EXP 	Display Frame 5
561.6618 	EXP 	Display Frame 6
561.6952 	EXP 	Display Frame 7
561.7285 	EXP 	Display Frame 8
561.7618 	EXP 	Display Frame 9
561.7951 	EXP 	Display Frame 0
561.8285 	EXP 	Display Frame 1
561.8618 	EXP 	Display Frame 2
561.8953 	EXP 	Display Frame 3
561.9285 	EXP 	Display Frame 4
561.9618 	EXP 	Display Frame 5
561.9951 	EXP 	Display Frame 6
562.0285 	EXP 	Display Frame 7
562.0619 	EXP 	Display Frame 8
562.0951 	EXP 	Display Frame 9
562.1285 	EXP 	Display Frame 0
562.1618 	EXP 	Display Frame 1
562.1952 	EXP 	Display Frame 2
562.2285 	EXP 	Display Frame 3
562.2618 	EXP 	Display Frame 4
562.2952 	EXP 	Display Frame 5
562.3285 	EXP 	Display Frame 6
562.3619 	EXP 	Display Frame 7
562.3951 	EXP 	Display Frame 8
562.4285 	EXP 	Display Frame 9
562.4618 	EXP 	Display Frame 0
562.4951 	EXP 	Display Frame 1
562.5285 	EXP 	Display Frame 2
562.5618 	EXP 	Display Frame 3
562.5952 	EXP 	Display Frame 4
562.6285 	EXP 	Display Frame 5
562.6618 	EXP 	Display Frame 6
562.6952 	EXP 	Display Frame 7
562.7285 	EXP 	Display Frame 8
562.7618 	EXP 	Display Frame 9
562.7951 	EXP 	Display Frame 0
562.8285 	EXP 	Display Frame 1
562.8618 	EXP 	Display Frame 2
562.8952 	EXP 	Display Frame 3
562.9285 	EXP 	Display Frame 4
562.9618 	EXP 	Display Frame 5
562.9952 	EXP 	Display Frame 6
563.0285 	EXP 	Display Frame 7
563.0618 	EXP 	Display Frame 8
563.0952 	EXP 	Display Frame 9
563.1285 	EXP 	Display Frame 0
563.1618 	EXP 	Display Frame 1
563.1952 	EXP 	Display Frame 2
563.2285 	EXP 	Display Frame 3
563.2618 	EXP 	Display Frame 4
563.2951 	EXP 	Display Frame 5
563.3285 	EXP 	Display Frame 6
563.3618 	EXP 	Display Frame 7
563.3952 	EXP 	Display Frame 8
563.4285 	EXP 	Display Frame 9
563.4618 	EXP 	Display Frame 0
563.4952 	EXP 	Display Frame 1
563.5285 	EXP 	Display Frame 2
563.5618 	EXP 	Display Frame 3
563.5952 	EXP 	Display Frame 4
563.6285 	EXP 	Display Frame 5
563.6619 	DATA 	Keypress: equal
563.6629 	EXP 	Display Frame 6
563.6952 	EXP 	Display Frame 7
563.7285 	EXP 	Display Frame 8
563.7618 	EXP 	Display Frame 9
563.7952 	EXP 	Display Frame 0
563.8285 	EXP 	Display Frame 1
563.8618 	EXP 	Display Frame 2
563.8952 	EXP 	Display Frame 3
563.9285 	EXP 	Display Frame 4
563.9619 	EXP 	Display Frame 5
563.9951 	EXP 	Display Frame 6
564.0285 	EXP 	Display Frame 7
564.0618 	EXP 	Display Frame 8
564.0951 	EXP 	Display Frame 9
564.1285 	EXP 	Display Frame 0
564.1618 	EXP 	Display Frame 1
564.1952 	EXP 	Display Frame 2
564.2285 	EXP 	Display Frame 3
564.2619 	EXP 	Display Frame 4
564.2952 	EXP 	Display Frame 5
564.3285 	EXP 	Display Frame 6
564.3618 	EXP 	Display Frame 7
564.3951 	EXP 	Display Frame 8
564.4285 	EXP 	Display Frame 9
564.4618 	EXP 	Display Frame 0
564.4951 	EXP 	Display Frame 1
564.5285 	EXP 	Display Frame 2
564.5618 	EXP 	Display Frame 3
564.5952 	EXP 	Display Frame 4
564.6285 	EXP 	Display Frame 5
564.6618 	EXP 	Display Frame 6
564.6952 	EXP 	Display Frame 7
564.7285 	EXP 	Display Frame 8
564.7618 	EXP 	Display Frame 9
564.7952 	EXP 	Display Frame 0
564.8285 	EXP 	Display Frame 1
564.8618 	EXP 	Display Frame 2
564.8952 	EXP 	Display Frame 3
564.9285 	EXP 	Display Frame 4
564.9618 	EXP 	Display Frame 5
564.9951 	EXP 	Display Frame 6
565.0285 	EXP 	Display Frame 7
565.0618 	EXP 	Display Frame 8
565.0952 	EXP 	Display Frame 9
565.1285 	EXP 	Display Frame 0
565.1618 	EXP 	Display Frame 1
565.1952 	EXP 	Display Frame 2
565.2285 	EXP 	Display Frame 3
565.2619 	EXP 	Display Frame 4
565.2951 	EXP 	Display Frame 5
565.3285 	EXP 	Display Frame 6
565.3618 	EXP 	Display Frame 7
565.3952 	EXP 	Display Frame 8
565.4285 	EXP 	Display Frame 9
565.4618 	EXP 	Display Frame 0
565.4952 	EXP 	Display Frame 1
565.5285 	EXP 	Display Frame 2
565.5618 	EXP 	Display Frame 3
565.5952 	EXP 	Display Frame 4
565.6285 	EXP 	Display Frame 5
565.6618 	EXP 	Display Frame 6
565.6952 	EXP 	Display Frame 7
565.7285 	EXP 	Display Frame 8
565.7618 	EXP 	Display Frame 9
565.7952 	EXP 	Display Frame 0
565.8285 	EXP 	Display Frame 1
565.8618 	EXP 	Display Frame 2
565.8952 	EXP 	Display Frame 3
565.9285 	EXP 	Display Frame 4
565.9618 	EXP 	Display Frame 5
565.9951 	EXP 	Display Frame 6
566.0285 	EXP 	Display Frame 7
566.0618 	EXP 	Display Frame 8
566.0952 	EXP 	Display Frame 9
566.1285 	EXP 	Display Frame 0
566.1618 	EXP 	Display Frame 1
566.1952 	EXP 	Display Frame 2
566.2285 	EXP 	Display Frame 3
566.2618 	EXP 	Display Frame 4
566.2952 	EXP 	Display Frame 5
566.3285 	EXP 	Display Frame 6
566.3618 	EXP 	Display Frame 7
566.3952 	EXP 	Display Frame 8
566.4285 	EXP 	Display Frame 9
566.4618 	EXP 	Display Frame 0
566.4951 	EXP 	Display Frame 1
566.5285 	EXP 	Display Frame 2
566.5618 	EXP 	Display Frame 3
566.5952 	EXP 	Display Frame 4
566.6285 	EXP 	Display Frame 5
566.6618 	EXP 	Display Frame 6
566.6952 	EXP 	Display Frame 7
566.7285 	EXP 	Display Frame 8
566.7619 	EXP 	Display Frame 9
566.7951 	EXP 	Display Frame 0
566.8285 	EXP 	Display Frame 1
566.8618 	EXP 	Display Frame 2
566.8952 	EXP 	Display Frame 3
566.9285 	EXP 	Display Frame 4
566.9618 	EXP 	Display Frame 5
566.9952 	EXP 	Display Frame 6
567.0285 	EXP 	Display Frame 7
567.0619 	EXP 	Display Frame 8
567.0951 	EXP 	Display Frame 9
567.1285 	EXP 	Display Frame 0
567.1618 	EXP 	Display Frame 1
567.1951 	EXP 	Display Frame 2
567.2285 	EXP 	Display Frame 3
567.2619 	EXP 	Display Frame 4
567.2951 	EXP 	Display Frame 5
567.3285 	EXP 	Display Frame 6
567.3618 	EXP 	Display Frame 7
567.3952 	EXP 	Display Frame 8
567.4285 	EXP 	Display Frame 9
567.4618 	EXP 	Display Frame 0
567.4951 	EXP 	Display Frame 1
567.5285 	EXP 	Display Frame 2
567.5618 	EXP 	Display Frame 3
567.5952 	EXP 	Display Frame 4
567.6285 	EXP 	Display Frame 5
567.6618 	EXP 	Display Frame 6
567.6951 	EXP 	Display Frame 7
567.7285 	EXP 	Display Frame 8
567.7618 	EXP 	Display Frame 9
567.7952 	EXP 	Display Frame 0
567.8285 	EXP 	Display Frame 1
567.8619 	EXP 	Display Frame 2
567.8952 	EXP 	Display Frame 3
567.9285 	EXP 	Display Frame 4
567.9618 	EXP 	Display Frame 5
567.9951 	EXP 	Display Frame 6
568.0285 	EXP 	Display Frame 7
568.0618 	EXP 	Display Frame 8
568.0952 	EXP 	Display Frame 9
568.1285 	EXP 	Display Frame 0
568.1618 	EXP 	Display Frame 1
568.1951 	EXP 	Display Frame 2
568.2285 	EXP 	Display Frame 3
568.2621 	EXP 	Display Frame 4
568.2952 	EXP 	Display Frame 5
568.3285 	EXP 	Display Frame 6
568.3618 	EXP 	Display Frame 7
568.3952 	EXP 	Display Frame 8
568.4285 	EXP 	Display Frame 9
568.4618 	EXP 	Display Frame 0
568.4951 	EXP 	Display Frame 1
568.5285 	EXP 	Display Frame 2
568.5619 	EXP 	Display Frame 3
568.5952 	EXP 	Display Frame 4
568.6285 	EXP 	Display Frame 5
568.6618 	EXP 	Display Frame 6
568.6952 	EXP 	Display Frame 7
568.7285 	EXP 	Display Frame 8
568.7618 	EXP 	Display Frame 9
568.7952 	EXP 	Display Frame 0
568.8285 	EXP 	Display Frame 1
568.8619 	DATA 	Keypress: equal
568.8630 	EXP 	Display Frame 2
568.8952 	EXP 	Display Frame 3
568.9285 	EXP 	Display Frame 4
568.9618 	EXP 	Display Frame 5
568.9951 	EXP 	Display Frame 6
569.0285 	EXP 	Display Frame 7
569.0618 	EXP 	Display Frame 8
569.0951 	EXP 	Display Frame 9
569.1285 	EXP 	Display Frame 0
569.1618 	EXP 	Display Frame 1
569.1952 	EXP 	Display Frame 2
569.2285 	EXP 	Display Frame 3
569.2618 	EXP 	Display Frame 4
569.2952 	EXP 	Display Frame 5
569.3285 	EXP 	Display Frame 6
569.3618 	EXP 	Display Frame 7
569.3952 	EXP 	Display Frame 8
569.4285 	EXP 	Display Frame 9
569.4618 	EXP 	Display Frame 0
569.4952 	EXP 	Display Frame 1
569.5285 	EXP 	Display Frame 2
569.5618 	EXP 	Display Frame 3
569.5952 	EXP 	Display Frame 4
569.6285 	EXP 	Display Frame 5
569.6618 	EXP 	Display Frame 6
569.6952 	EXP 	Display Frame 7
569.7285 	EXP 	Display Frame 8
569.7618 	EXP 	Display Frame 9
569.7952 	EXP 	Display Frame 0
569.8285 	EXP 	Display Frame 1
569.8618 	EXP 	Display Frame 2
569.8952 	EXP 	Display Frame 3
569.9285 	EXP 	Display Frame 4
569.9618 	EXP 	Display Frame 5
569.9951 	EXP 	Display Frame 6
570.0285 	EXP 	Display Frame 7
570.0618 	EXP 	Display Frame 8
570.0952 	EXP 	Display Frame 9
570.1285 	EXP 	Display Frame 0
570.1618 	EXP 	Display Frame 1
570.1952 	EXP 	Display Frame 2
570.2285 	EXP 	Display Frame 3
570.2618 	EXP 	Display Frame 4
570.2952 	EXP 	Display Frame 5
570.3285 	EXP 	Display Frame 6
570.3618 	EXP 	Display Frame 7
570.3952 	EXP 	Display Frame 8
570.4285 	EXP 	Display Frame 9
570.4618 	EXP 	Display Frame 0
570.4952 	EXP 	Display Frame 1
570.5285 	EXP 	Display Frame 2
570.5618 	EXP 	Display Frame 3
570.5952 	EXP 	Display Frame 4
570.6285 	EXP 	Display Frame 5
570.6618 	EXP 	Display Frame 6
570.6952 	EXP 	Display Frame 7
570.7285 	EXP 	Display Frame 8
570.7618 	EXP 	Display Frame 9
570.7951 	EXP 	Display Frame 0
570.8285 	EXP 	Display Frame 1
570.8618 	EXP 	Display Frame 2
570.8952 	EXP 	Display Frame 3
570.9285 	EXP 	Display Frame 4
570.9618 	EXP 	Display Frame 5
570.9952 	EXP 	Display Frame 6
571.0285 	EXP 	Display Frame 7
571.0618 	EXP 	Display Frame 8
571.0952 	EXP 	Display Frame 9
571.1285 	EXP 	Display Frame 0
571.1618 	EXP 	Display Frame 1
571.1951 	EXP 	Display Frame 2
571.2285 	EXP 	Display Frame 3
571.2618 	EXP 	Display Frame 4
571.2952 	EXP 	Display Frame 5
571.3285 	EXP 	Display Frame 6
571.3618 	EXP 	Display Frame 7
571.3952 	EXP 	Display Frame 8
571.4285 	EXP 	Display Frame 9
571.4618 	EXP 	Display Frame 0
571.4951 	EXP 	Display Frame 1
571.5285 	EXP 	Display Frame 2
571.5618 	EXP 	Display Frame 3
571.5952 	EXP 	Display Frame 4
571.6285 	EXP 	Display Frame 5
571.6619 	EXP 	Display Frame 6
571.6951 	EXP 	Display Frame 7
571.7285 	EXP 	Display Frame 8
571.7619 	EXP 	Display Frame 9
571.7952 	EXP 	Display Frame 0
571.8285 	EXP 	Display Frame 1
571.8619 	EXP 	Display Frame 2
571.8952 	EXP 	Display Frame 3
571.9285 	EXP 	Display Frame 4
571.9618 	EXP 	Display Frame 5
571.9951 	EXP 	Display Frame 6
572.0285 	EXP 	Display Frame 7
572.0619 	EXP 	Display Frame 8
572.0952 	EXP 	Display Frame 9
572.1285 	EXP 	Display Frame 0
572.1618 	EXP 	Display Frame 1
572.1952 	EXP 	Display Frame 2
572.2285 	EXP 	Display Frame 3
572.2619 	EXP 	Display Frame 4
572.2951 	EXP 	Display Frame 5
572.3285 	EXP 	Display Frame 6
572.3618 	EXP 	Display Frame 7
572.3951 	EXP 	Display Frame 8
572.4285 	EXP 	Display Frame 9
572.4618 	EXP 	Display Frame 0
572.4952 	EXP 	Display Frame 1
572.5285 	EXP 	Display Frame 2
572.5619 	EXP 	Display Frame 3
572.5951 	EXP 	Display Frame 4
572.6285 	EXP 	Display Frame 5
572.6618 	EXP 	Display Frame 6
572.6952 	EXP 	Display Frame 7
572.7285 	EXP 	Display Frame 8
572.7618 	EXP 	Display Frame 9
572.7952 	EXP 	Display Frame 0
572.8285 	EXP 	Display Frame 1
572.8618 	EXP 	Display Frame 2
572.8952 	EXP 	Display Frame 3
572.9285 	EXP 	Display Frame 4
572.9618 	EXP 	Display Frame 5
572.9951 	EXP 	Display Frame 6
573.0285 	EXP 	Display Frame 7
573.0618 	EXP 	Display Frame 8
573.0952 	EXP 	Display Frame 9
573.1285 	EXP 	Display Frame 0
573.1618 	EXP 	Display Frame 1
573.1951 	EXP 	Display Frame 2
573.2285 	EXP 	Display Frame 3
573.2618 	EXP 	Display Frame 4
573.2951 	EXP 	Display Frame 5
573.3285 	EXP 	Display Frame 6
573.3618 	EXP 	Display Frame 7
573.3952 	EXP 	Display Frame 8
573.4285 	EXP 	Display Frame 9
573.4618 	EXP 	Display Frame 0
573.4952 	EXP 	Display Frame 1
573.5285 	EXP 	Display Frame 2
573.5618 	EXP 	Display Frame 3
573.5952 	EXP 	Display Frame 4
573.6285 	EXP 	Display Frame 5
573.6618 	EXP 	Display Frame 6
573.6952 	EXP 	Display Frame 7
573.7285 	EXP 	Display Frame 8
573.7618 	EXP 	Display Frame 9
573.7951 	EXP 	Display Frame 0
573.8285 	EXP 	Display Frame 1
573.8618 	EXP 	Display Frame 2
573.8952 	EXP 	Display Frame 3
573.9285 	EXP 	Display Frame 4
573.9618 	EXP 	Display Frame 5
573.9952 	EXP 	Display Frame 6
574.0285 	EXP 	Display Frame 7
574.0620 	DATA 	Keypress: equal
574.0630 	EXP 	Display Frame 8
574.0952 	EXP 	Display Frame 9
574.1285 	EXP 	Display Frame 0
574.1618 	EXP 	Display Frame 1
574.1952 	EXP 	Display Frame 2
574.2285 	EXP 	Display Frame 3
574.2618 	EXP 	Display Frame 4
574.2951 	EXP 	Display Frame 5
574.3285 	EXP 	Display Frame 6
574.3619 	EXP 	Display Frame 7
574.3952 	EXP 	Display Frame 8
574.4285 	EXP 	Display Frame 9
574.4618 	EXP 	Display Frame 0
574.4952 	EXP 	Display Frame 1
574.5285 	EXP 	Display Frame 2
574.5618 	EXP 	Display Frame 3
574.5955 	EXP 	Display Frame 4
574.6287 	EXP 	Display Frame 5
574.6619 	EXP 	Display Frame 6
574.6952 	EXP 	Display Frame 7
574.7285 	EXP 	Display Frame 8
574.7618 	EXP 	Display Frame 9
574.7952 	EXP 	Display Frame 0
574.8285 	EXP 	Display Frame 1
574.8618 	EXP 	Display Frame 2
574.8952 	EXP 	Display Frame 3
574.9285 	EXP 	Display Frame 4
574.9618 	EXP 	Display Frame 5
574.9951 	EXP 	Display Frame 6
575.0285 	EXP 	Display Frame 7
575.0618 	EXP 	Display Frame 8
575.0952 	EXP 	Display Frame 9
575.1285 	EXP 	Display Frame 0
575.1618 	EXP 	Display Frame 1
575.1952 	EXP 	Display Frame 2
575.2285 	EXP 	Display Frame 3
575.2619 	EXP 	Display Frame 4
575.2952 	EXP 	Display Frame 5
575.3285 	EXP 	Display Frame 6
575.3618 	EXP 	Display Frame 7
575.3952 	EXP 	Display Frame 8
575.4285 	EXP 	Display Frame 9
575.4618 	EXP 	Display Frame 0
575.4952 	EXP 	Display Frame 1
575.5285 	EXP 	Display Frame 2
575.5618 	EXP 	Display Frame 3
575.5952 	EXP 	Display Frame 4
575.6285 	EXP 	Display Frame 5
575.6618 	EXP 	Display Frame 6
575.6952 	EXP 	Display Frame 7
575.7285 	EXP 	Display Frame 8
575.7618 	EXP 	Display Frame 9
575.7951 	EXP 	Display Frame 0
575.8285 	EXP 	Display Frame 1
575.8618 	EXP 	Display Frame 2
575.8952 	EXP 	Display Frame 3
575.9285 	EXP 	Display Frame 4
575.9618 	EXP 	Display Frame 5
575.9952 	EXP 	Display Frame 6
576.0285 	EXP 	Display Frame 7
576.0618 	EXP 	Display Frame 8
576.0952 	EXP 	Display Frame 9
576.1285 	EXP 	Display Frame 0
576.1618 	EXP 	Display Frame 1
576.1952 	EXP 	Display Frame 2
576.2285 	EXP 	Display Frame 3
576.2618 	EXP 	Display Frame 4
576.2952 	EXP 	Display Frame 5
576.3285 	EXP 	Display Frame 6
576.3618 	EXP 	Display Frame 7
576.3952 	EXP 	Display Frame 8
576.4285 	EXP 	Display Frame 9
576.4618 	EXP 	Display Frame 0
576.4951 	EXP 	Display Frame 1
576.5285 	EXP 	Display Frame 2
576.5618 	EXP 	Display Frame 3
576.5952 	EXP 	Display Frame 4
576.6285 	EXP 	Display Frame 5
576.6618 	EXP 	Display Frame 6
576.6952 	EXP 	Display Frame 7
576.7285 	EXP 	Display Frame 8
576.7619 	EXP 	Display Frame 9
576.7952 	EXP 	Display Frame 0
576.8285 	EXP 	Display Frame 1
576.8618 	EXP 	Display Frame 2
576.8952 	EXP 	Display Frame 3
576.9285 	EXP 	Display Frame 4
576.9618 	EXP 	Display Frame 5
576.9951 	EXP 	Display Frame 6
577.0285 	EXP 	Display Frame 7
577.0618 	EXP 	Display Frame 8
577.0952 	EXP 	Display Frame 9
577.1285 	EXP 	Display Frame 0
577.1618 	EXP 	Display Frame 1
577.1952 	EXP 	Display Frame 2
577.2285 	EXP 	Display Frame 3
577.2618 	EXP 	Display Frame 4
577.2952 	EXP 	Display Frame 5
577.3285 	EXP 	Display Frame 6
577.3618 	EXP 	Display Frame 7
577.3952 	EXP 	Display Frame 8
577.4285 	EXP 	Display Frame 9
577.4618 	EXP 	Display Frame 0
577.4951 	EXP 	Display Frame 1
577.5285 	EXP 	Display Frame 2
577.5618 	EXP 	Display Frame 3
577.5952 	EXP 	Display Frame 4
577.6285 	EXP 	Display Frame 5
577.6618 	EXP 	Display Frame 6
577.6951 	EXP 	Display Frame 7
577.7285 	EXP 	Display Frame 8
577.7618 	EXP 	Display Frame 9
577.7951 	EXP 	Display Frame 0
577.8285 	EXP 	Display Frame 1
577.8618 	EXP 	Display Frame 2
577.8952 	EXP 	Display Frame 3
577.9285 	EXP 	Display Frame 4
577.9618 	EXP 	Display Frame 5
577.9951 	EXP 	Display Frame 6
578.0285 	EXP 	Display Frame 7
578.0618 	EXP 	Display Frame 8
578.0952 	EXP 	Display Frame 9
578.1285 	EXP 	Display Frame 0
578.1618 	EXP 	Display Frame 1
578.1952 	EXP 	Display Frame 2
578.2285 	EXP 	Display Frame 3
578.2619 	EXP 	Display Frame 4
578.2952 	EXP 	Display Frame 5
578.3285 	EXP 	Display Frame 6
578.3618 	EXP 	Display Frame 7
578.3951 	EXP 	Display Frame 8
578.4285 	EXP 	Display Frame 9
578.4618 	EXP 	Display Frame 0
578.4951 	EXP 	Display Frame 1
578.5285 	EXP 	Display Frame 2
578.5618 	EXP 	Display Frame 3
578.5952 	EXP 	Display Frame 4
578.6285 	EXP 	Display Frame 5
578.6618 	EXP 	Display Frame 6
578.6951 	EXP 	Display Frame 7
578.7285 	EXP 	Display Frame 8
578.7618 	EXP 	Display Frame 9
578.7952 	EXP 	Display Frame 0
578.8285 	EXP 	Display Frame 1
578.8619 	EXP 	Display Frame 2
578.8952 	EXP 	Display Frame 3
578.9285 	EXP 	Display Frame 4
578.9618 	EXP 	Display Frame 5
578.9952 	EXP 	Display Frame 6
579.0285 	EXP 	Display Frame 7
579.0618 	EXP 	Display Frame 8
579.0952 	EXP 	Display Frame 9
579.1285 	EXP 	Display Frame 0
579.1618 	EXP 	Display Frame 1
579.1952 	EXP 	Display Frame 2
579.2285 	EXP 	Display Frame 3
579.2619 	DATA 	Keypress: equal
579.2630 	EXP 	Display Frame 4
579.2951 	EXP 	Display Frame 5
579.3285 	EXP 	Display Frame 6
579.3618 	EXP 	Display Frame 7
579.3952 	EXP 	Display Frame 8
579.4285 	EXP 	Display Frame 9
579.4618 	EXP 	Display Frame 0
579.4952 	EXP 	Display Frame 1
579.5285 	EXP 	Display Frame 2
579.5618 	EXP 	Display Frame 3
579.5951 	EXP 	Display Frame 4
579.6285 	EXP 	Display Frame 5
579.6618 	EXP 	Display Frame 6
579.6952 	EXP 	Display Frame 7
579.7285 	EXP 	Display Frame 8
579.7618 	EXP 	Display Frame 9
579.7952 	EXP 	Display Frame 0
579.8285 	EXP 	Display Frame 1
579.8618 	EXP 	Display Frame 2
579.8952 	EXP 	Display Frame 3
579.9285 	EXP 	Display Frame 4
579.9619 	EXP 	Display Frame 5
579.9952 	EXP 	Display Frame 6
580.0285 	EXP 	Display Frame 7
580.0619 	EXP 	Display Frame 8
580.0951 	EXP 	Display Frame 9
580.1285 	EXP 	Display Frame 0
580.1618 	EXP 	Display Frame 1
580.1951 	EXP 	Display Frame 2
580.2285 	EXP 	Display Frame 3
580.2618 	EXP 	Display Frame 4
580.2952 	EXP 	Display Frame 5
580.3285 	EXP 	Display Frame 6
580.3618 	EXP 	Display Frame 7
580.3951 	EXP 	Display Frame 8
580.4285 	EXP 	Display Frame 9
580.4618 	EXP 	Display Frame 0
580.4952 	EXP 	Display Frame 1
580.5285 	EXP 	Display Frame 2
580.5618 	EXP 	Display Frame 3
580.5951 	EXP 	Display Frame 4
580.6285 	EXP 	Display Frame 5
580.6618 	EXP 	Display Frame 6
580.6952 	EXP 	Display Frame 7
580.7285 	EXP 	Display Frame 8
580.7618 	EXP 	Display Frame 9
580.7952 	EXP 	Display Frame 0
580.8285 	EXP 	Display Frame 1
580.8618 	EXP 	Display Frame 2
580.8951 	EXP 	Display Frame 3
580.9287 	EXP 	Display Frame 4
580.9618 	EXP 	Display Frame 5
580.9952 	EXP 	Display Frame 6
581.0285 	EXP 	Display Frame 7
581.0618 	EXP 	Display Frame 8
581.0952 	EXP 	Display Frame 9
581.1285 	EXP 	Display Frame 0
581.1619 	EXP 	Display Frame 1
581.1952 	EXP 	Display Frame 2
581.2285 	EXP 	Display Frame 3
581.2618 	EXP 	Display Frame 4
581.2951 	EXP 	Display Frame 5
581.3290 	EXP 	Display Frame 6
581.3618 	EXP 	Display Frame 7
581.3952 	EXP 	Display Frame 8
581.4285 	EXP 	Display Frame 9
581.4618 	EXP 	Display Frame 0
581.4951 	EXP 	Display Frame 1
581.5285 	EXP 	Display Frame 2
581.5618 	EXP 	Display Frame 3
581.5952 	EXP 	Display Frame 4
581.6285 	EXP 	Display Frame 5
581.6618 	EXP 	Display Frame 6
581.6952 	EXP 	Display Frame 7
581.7285 	EXP 	Display Frame 8
581.7618 	EXP 	Display Frame 9
581.7951 	EXP 	Display Frame 0
581.8285 	EXP 	Display Frame 1
581.8618 	EXP 	Display Frame 2
581.8952 	EXP 	Display Frame 3
581.9285 	EXP 	Display Frame 4
581.9618 	EXP 	Display Frame 5
581.9951 	EXP 	Display Frame 6
582.0285 	EXP 	Display Frame 7
582.0618 	EXP 	Display Frame 8
582.0952 	EXP 	Display Frame 9
582.1285 	EXP 	Display Frame 0
582.1618 	EXP 	Display Frame 1
582.1952 	EXP 	Display Frame 2
582.2285 	EXP 	Display Frame 3
582.2619 	EXP 	Display Frame 4
582.2951 	EXP 	Display Frame 5
582.3285 	EXP 	Display Frame 6
582.3618 	EXP 	Display Frame 7
582.3952 	EXP 	Display Frame 8
582.4285 	EXP 	Display Frame 9
582.4618 	EXP 	Display Frame 0
582.4951 	EXP 	Display Frame 1
582.5285 	EXP 	Display Frame 2
582.5618 	EXP 	Display Frame 3
582.5952 	EXP 	Display Frame 4
582.6285 	EXP 	Display Frame 5
582.6618 	EXP 	Display Frame 6
582.6952 	EXP 	Display Frame 7
582.7285 	EXP 	Display Frame 8
582.7618 	EXP 	Display Frame 9
582.7951 	EXP 	Display Frame 0
582.8285 	EXP 	Display Frame 1
582.8618 	EXP 	Display Frame 2
582.8951 	EXP 	Display Frame 3
582.9285 	EXP 	Display Frame 4
582.9618 	EXP 	Display Frame 5
582.9952 	EXP 	Display Frame 6
583.0285 	EXP 	Display Frame 7
583.0618 	EXP 	Display Frame 8
583.0952 	EXP 	Display Frame 9
583.1285 	EXP 	Display Frame 0
583.1618 	EXP 	Display Frame 1
583.1951 	EXP 	Display Frame 2
583.2285 	EXP 	Display Frame 3
583.2618 	EXP 	Display Frame 4
583.2952 	EXP 	Display Frame 5
583.3285 	EXP 	Display Frame 6
583.3618 	EXP 	Display Frame 7
583.3952 	EXP 	Display Frame 8
583.4285 	EXP 	Display Frame 9
583.4618 	EXP 	Display Frame 0
583.4952 	EXP 	Display Frame 1
583.5285 	EXP 	Display Frame 2
583.5618 	EXP 	Display Frame 3
583.5952 	EXP 	Display Frame 4
583.6285 	EXP 	Display Frame 5
583.6618 	EXP 	Display Frame 6
583.6952 	EXP 	Display Frame 7
583.7285 	EXP 	Display Frame 8
583.7618 	EXP 	Display Frame 9
583.7952 	EXP 	Display Frame 0
583.8285 	EXP 	Display Frame 1
583.8618 	EXP 	Display Frame 2
583.8952 	EXP 	Display Frame 3
583.9285 	EXP 	Display Frame 4
583.9618 	EXP 	Display Frame 5
583.9951 	EXP 	Display Frame 6
584.0285 	EXP 	Display Frame 7
584.0619 	EXP 	Display Frame 8
584.0952 	EXP 	Display Frame 9
584.1285 	EXP 	Display Frame 0
584.1618 	EXP 	Display Frame 1
584.1952 	EXP 	Display Frame 2
584.2285 	EXP 	Display Frame 3
584.2618 	EXP 	Display Frame 4
584.2951 	EXP 	Display Frame 5
584.3285 	EXP 	Display Frame 6
584.3618 	EXP 	Display Frame 7
584.3952 	EXP 	Display Frame 8
584.4285 	EXP 	Display Frame 9
584.4293 	DATA 	Keypress: equal
584.4618 	EXP 	Display Frame 0
584.4952 	EXP 	Display Frame 1
584.5285 	EXP 	Display Frame 2
584.5618 	EXP 	Display Frame 3
584.5952 	EXP 	Display Frame 4
584.6285 	EXP 	Display Frame 5
584.6618 	EXP 	Display Frame 6
584.6952 	EXP 	Display Frame 7
584.7285 	EXP 	Display Frame 8
584.7619 	EXP 	Display Frame 9
584.7952 	EXP 	Display Frame 0
584.8285 	EXP 	Display Frame 1
584.8619 	EXP 	Display Frame 2
584.8952 	EXP 	Display Frame 3
584.9285 	EXP 	Display Frame 4
584.9618 	EXP 	Display Frame 5
584.9952 	EXP 	Display Frame 6
585.0285 	EXP 	Display Frame 7
585.0618 	EXP 	Display Frame 8
585.0952 	EXP 	Display Frame 9
585.1285 	EXP 	Display Frame 0
585.1618 	EXP 	Display Frame 1
585.1951 	EXP 	Display Frame 2
585.2285 	EXP 	Display Frame 3
585.2618 	EXP 	Display Frame 4
585.2953 	EXP 	Display Frame 5
585.3284 	EXP 	Display Frame 6
585.3618 	EXP 	Display Frame 7
585.3952 	EXP 	Display Frame 8
585.4285 	EXP 	Display Frame 9
585.4619 	EXP 	Display Frame 0
585.4952 	EXP 	Display Frame 1
585.5285 	EXP 	Display Frame 2
585.5618 	EXP 	Display Frame 3
585.5952 	EXP 	Display Frame 4
585.6285 	EXP 	Display Frame 5
585.6618 	EXP 	Display Frame 6
585.6952 	EXP 	Display Frame 7
585.7285 	EXP 	Display Frame 8
585.7618 	EXP 	Display Frame 9
585.7952 	EXP 	Display Frame 0
585.8285 	EXP 	Display Frame 1
585.8618 	EXP 	Display Frame 2
585.8951 	EXP 	Display Frame 3
585.9285 	EXP 	Display Frame 4
585.9618 	EXP 	Display Frame 5
585.9952 	EXP 	Display Frame 6
586.0285 	EXP 	Display Frame 7
586.0618 	EXP 	Display Frame 8
586.0952 	EXP 	Display Frame 9
586.1285 	EXP 	Display Frame 0
586.1618 	EXP 	Display Frame 1
586.1952 	EXP 	Display Frame 2
586.2285 	EXP 	Display Frame 3
586.2618 	EXP 	Display Frame 4
586.2951 	EXP 	Display Frame 5
586.3285 	EXP 	Display Frame 6
586.3618 	EXP 	Display Frame 7
586.3952 	EXP 	Display Frame 8
586.4285 	EXP 	Display Frame 9
586.4618 	EXP 	Display Frame 0
586.4951 	EXP 	Display Frame 1
586.5285 	EXP 	Display Frame 2
586.5618 	EXP 	Display Frame 3
586.5952 	EXP 	Display Frame 4
586.6285 	EXP 	Display Frame 5
586.6618 	EXP 	Display Frame 6
586.6951 	EXP 	Display Frame 7
586.7285 	EXP 	Display Frame 8
586.7618 	EXP 	Display Frame 9
586.7951 	EXP 	Display Frame 0
586.8285 	EXP 	Display Frame 1
586.8618 	EXP 	Display Frame 2
586.8951 	EXP 	Display Frame 3
586.9285 	EXP 	Display Frame 4
586.9618 	EXP 	Display Frame 5
586.9951 	EXP 	Display Frame 6
587.0285 	EXP 	Display Frame 7
587.0619 	EXP 	Display Frame 8
587.0952 	EXP 	Display Frame 9
587.1285 	EXP 	Display Frame 0
587.1618 	EXP 	Display Frame 1
587.1952 	EXP 	Display Frame 2
587.2285 	EXP 	Display Frame 3
587.2618 	EXP 	Display Frame 4
587.2953 	EXP 	Display Frame 5
587.3285 	EXP 	Display Frame 6
587.3619 	EXP 	Display Frame 7
587.3952 	EXP 	Display Frame 8
587.4285 	EXP 	Display Frame 9
587.4618 	EXP 	Display Frame 0
587.4952 	EXP 	Display Frame 1
587.5285 	EXP 	Display Frame 2
587.5618 	EXP 	Display Frame 3
587.5952 	EXP 	Display Frame 4
587.6285 	EXP 	Display Frame 5
587.6618 	EXP 	Display Frame 6
587.6951 	EXP 	Display Frame 7
587.7285 	EXP 	Display Frame 8
587.7618 	EXP 	Display Frame 9
587.7952 	EXP 	Display Frame 0
587.8285 	EXP 	Display Frame 1
587.8618 	EXP 	Display Frame 2
587.8952 	EXP 	Display Frame 3
587.9285 	EXP 	Display Frame 4
587.9618 	EXP 	Display Frame 5
587.9952 	EXP 	Display Frame 6
588.0285 	EXP 	Display Frame 7
588.0618 	EXP 	Display Frame 8
588.0952 	EXP 	Display Frame 9
588.1285 	EXP 	Display Frame 0
588.1618 	EXP 	Display Frame 1
588.1952 	EXP 	Display Frame 2
588.2285 	EXP 	Display Frame 3
588.2618 	EXP 	Display Frame 4
588.2951 	EXP 	Display Frame 5
588.3285 	EXP 	Display Frame 6
588.3618 	EXP 	Display Frame 7
588.3951 	EXP 	Display Frame 8
588.4285 	EXP 	Display Frame 9
588.4618 	EXP 	Display Frame 0
588.4952 	EXP 	Display Frame 1
588.5285 	EXP 	Display Frame 2
588.5619 	EXP 	Display Frame 3
588.5951 	EXP 	Display Frame 4
588.6285 	EXP 	Display Frame 5
588.6618 	EXP 	Display Frame 6
588.6952 	EXP 	Display Frame 7
588.7285 	EXP 	Display Frame 8
588.7618 	EXP 	Display Frame 9
588.7952 	EXP 	Display Frame 0
588.8285 	EXP 	Display Frame 1
588.8618 	EXP 	Display Frame 2
588.8952 	EXP 	Display Frame 3
588.9285 	EXP 	Display Frame 4
588.9618 	EXP 	Display Frame 5
588.9952 	EXP 	Display Frame 6
589.0285 	EXP 	Display Frame 7
589.0618 	EXP 	Display Frame 8
589.0952 	EXP 	Display Frame 9
589.1285 	EXP 	Display Frame 0
589.1618 	EXP 	Display Frame 1
589.1952 	EXP 	Display Frame 2
589.2285 	EXP 	Display Frame 3
589.2618 	EXP 	Display Frame 4
589.2951 	EXP 	Display Frame 5
589.3285 	EXP 	Display Frame 6
589.3618 	EXP 	Display Frame 7
589.3952 	EXP 	Display Frame 8
589.4285 	EXP 	Display Frame 9
589.4619 	EXP 	Display Frame 0
589.4951 	EXP 	Display Frame 1
589.5285 	EXP 	Display Frame 2
589.5618 	EXP 	Display Frame 3
589.5952 	EXP 	Display Frame 4
589.6286 	DATA 	Keypress: equal
589.6296 	EXP 	Display Frame 5
589.6324 	EXP 	Display Fixation
594.8159 	DATA 	Keypress: equal
600.0092 	DATA 	Keypress: equal
605.2029 	DATA 	Keypress: equal
610.3971 	DATA 	Keypress: equal
615.5901 	DATA 	Keypress: equal
620.7843 	DATA 	Keypress: equal
620.8188 	EXP 	Display Frame 1
620.8520 	EXP 	Display Frame 2
620.8853 	EXP 	Display Frame 3
620.9186 	EXP 	Display Frame 4
620.9519 	EXP 	Display Frame 5
620.9853 	EXP 	Display Frame 6
621.0187 	EXP 	Display Frame 7
621.0519 	EXP 	Display Frame 8
621.0853 	EXP 	Display Frame 9
621.1186 	EXP 	Display Frame 0
621.1519 	EXP 	Display Frame 1
621.1853 	EXP 	Display Frame 2
621.2186 	EXP 	Display Frame 3
621.2520 	EXP 	Display Frame 4
621.2853 	EXP 	Display Frame 5
621.3186 	EXP 	Display Frame 6
621.3519 	EXP 	Display Frame 7
621.3853 	EXP 	Display Frame 8
621.4186 	EXP 	Display Frame 9
621.4519 	EXP 	Display Frame 0
621.4853 	EXP 	Display Frame 1
621.5186 	EXP 	Display Frame 2
621.5520 	EXP 	Display Frame 3
621.5853 	EXP 	Display Frame 4
621.6186 	EXP 	Display Frame 5
621.6519 	EXP 	Display Frame 6
621.6853 	EXP 	Display Frame 7
621.7186 	EXP 	Display Frame 8
621.7519 	EXP 	Display Frame 9
621.7853 	EXP 	Display Frame 0
621.8186 	EXP 	Display Frame 1
621.8520 	EXP 	Display Frame 2
621.8853 	EXP 	Display Frame 3
621.9186 	EXP 	Display Frame 4
621.9519 	EXP 	Display Frame 5
621.9853 	EXP 	Display Frame 6
622.0186 	EXP 	Display Frame 7
622.0520 	EXP 	Display Frame 8
622.0853 	EXP 	Display Frame 9
622.1186 	EXP 	Display Frame 0
622.1520 	EXP 	Display Frame 1
622.1853 	EXP 	Display Frame 2
622.2186 	EXP 	Display Frame 3
622.2519 	EXP 	Display Frame 4
622.2853 	EXP 	Display Frame 5
622.3186 	EXP 	Display Frame 6
622.3519 	EXP 	Display Frame 7
622.3853 	EXP 	Display Frame 8
622.4186 	EXP 	Display Frame 9
622.4519 	EXP 	Display Frame 0
622.4853 	EXP 	Display Frame 1
622.5187 	EXP 	Display Frame 2
622.5533 	EXP 	Display Frame 3
622.5853 	EXP 	Display Frame 4
622.6186 	EXP 	Display Frame 5
622.6520 	EXP 	Display Frame 6
622.6853 	EXP 	Display Frame 7
622.7194 	EXP 	Display Frame 8
622.7519 	EXP 	Display Frame 9
622.7853 	EXP 	Display Frame 0
622.8186 	EXP 	Display Frame 1
622.8519 	EXP 	Display Frame 2
622.8853 	EXP 	Display Frame 3
622.9186 	EXP 	Display Frame 4
622.9520 	EXP 	Display Frame 5
622.9853 	EXP 	Display Frame 6
623.0186 	EXP 	Display Frame 7
623.0520 	EXP 	Display Frame 8
623.0853 	EXP 	Display Frame 9
623.1186 	EXP 	Display Frame 0
623.1519 	EXP 	Display Frame 1
623.1853 	EXP 	Display Frame 2
623.2186 	EXP 	Display Frame 3
623.2520 	EXP 	Display Frame 4
623.2853 	EXP 	Display Frame 5
623.3186 	EXP 	Display Frame 6
623.3520 	EXP 	Display Frame 7
623.3853 	EXP 	Display Frame 8
623.4186 	EXP 	Display Frame 9
623.4519 	EXP 	Display Frame 0
623.4853 	EXP 	Display Frame 1
623.5186 	EXP 	Display Frame 2
623.5520 	EXP 	Display Frame 3
623.5853 	EXP 	Display Frame 4
623.6186 	EXP 	Display Frame 5
623.6519 	EXP 	Display Frame 6
623.6853 	EXP 	Display Frame 7
623.7186 	EXP 	Display Frame 8
623.7519 	EXP 	Display Frame 9
623.7853 	EXP 	Display Frame 0
623.8185 	EXP 	Display Frame 1
623.8520 	EXP 	Display Frame 2
623.8853 	EXP 	Display Frame 3
623.9186 	EXP 	Display Frame 4
623.9519 	EXP 	Display Frame 5
623.9853 	EXP 	Display Frame 6
624.0186 	EXP 	Display Frame 7
624.0520 	EXP 	Display Frame 8
624.0853 	EXP 	Display Frame 9
624.1186 	EXP 	Display Frame 0
624.1519 	EXP 	Display Frame 1
624.1853 	EXP 	Display Frame 2
624.2189 	EXP 	Display Frame 3
624.2519 	EXP 	Display Frame 4
624.2853 	EXP 	Display Frame 5
624.3186 	EXP 	Display Frame 6
624.3520 	EXP 	Display Frame 7
624.3853 	EXP 	Display Frame 8
624.4186 	EXP 	Display Frame 9
624.4520 	EXP 	Display Frame 0
624.4853 	EXP 	Display Frame 1
624.5186 	EXP 	Display Frame 2
624.5520 	EXP 	Display Frame 3
624.5853 	EXP 	Display Frame 4
624.6186 	EXP 	Display Frame 5
624.6519 	EXP 	Display Frame 6
624.6853 	EXP 	Display Frame 7
624.7186 	EXP 	Display Frame 8
624.7519 	EXP 	Display Frame 9
624.7853 	EXP 	Display Frame 0
624.8186 	EXP 	Display Frame 1
624.8520 	EXP 	Display Frame 2
624.8853 	EXP 	Display Frame 3
624.9186 	EXP 	Display Frame 4
624.9519 	EXP 	Display Frame 5
624.9853 	EXP 	Display Frame 6
625.0186 	EXP 	Display Frame 7
625.0520 	EXP 	Display Frame 8
625.0853 	EXP 	Display Frame 9
625.1186 	EXP 	Display Frame 0
625.1519 	EXP 	Display Frame 1
625.1853 	EXP 	Display Frame 2
625.2186 	EXP 	Display Frame 3
625.2519 	EXP 	Display Frame 4
625.2853 	EXP 	Display Frame 5
625.3186 	EXP 	Display Frame 6
625.3520 	EXP 	Display Frame 7
625.3853 	EXP 	Display Frame 8
625.4186 	EXP 	Display Frame 9
625.4519 	EXP 	Display Frame 0
625.4853 	EXP 	Display Frame 1
625.5186 	EXP 	Display Frame 2
625.5520 	EXP 	Display Frame 3
625.5853 	EXP 	Display Frame 4
625.6186 	EXP 	Display Frame 5
625.6519 	EXP 	Display Frame 6
625.6853 	EXP 	Display Frame 7
625.7186 	EXP 	Display Frame 8
625.7519 	EXP 	Display Frame 9
625.7853 	EXP 	Display Frame 0
625.8185 	EXP 	Display Frame 1
625.8520 	EXP 	Display Frame 2
625.8853 	EXP 	Display Frame 3
625.9186 	EXP 	Display Frame 4
625.9519 	EXP 	Display Frame 5
625.9854 	DATA 	Keypress: equal
625.9864 	EXP 	Display Frame 6
626.0186 	EXP 	Display Frame 7
626.0519 	EXP 	Display Frame 8
626.0853 	EXP 	Display Frame 9
626.1186 	EXP 	Display Frame 0
626.1519 	EXP 	Display Frame 1
626.1853 	EXP 	Display Frame 2
626.2186 	EXP 	Display Frame 3
626.2519 	EXP 	Display Frame 4
626.2852 	EXP 	Display Frame 5
626.3186 	EXP 	Display Frame 6
626.3519 	EXP 	Display Frame 7
626.3853 	EXP 	Display Frame 8
626.4186 	EXP 	Display Frame 9
626.4519 	EXP 	Display Frame 0
626.4853 	EXP 	Display Frame 1
626.5186 	EXP 	Display Frame 2
626.5520 	EXP 	Display Frame 3
626.5852 	EXP 	Display Frame 4
626.6186 	EXP 	Display Frame 5
626.6519 	EXP 	Display Frame 6
626.6853 	EXP 	Display Frame 7
626.7186 	EXP 	Display Frame 8
626.7519 	EXP 	Display Frame 9
626.7853 	EXP 	Display Frame 0
626.8186 	EXP 	Display Frame 1
626.8520 	EXP 	Display Frame 2
626.8853 	EXP 	Display Frame 3
626.9186 	EXP 	Display Frame 4
626.9519 	EXP 	Display Frame 5
626.9852 	EXP 	Display Frame 6
627.0186 	EXP 	Display Frame 7
627.0519 	EXP 	Display Frame 8
627.0853 	EXP 	Display Frame 9
627.1186 	EXP 	Display Frame 0
627.1520 	EXP 	Display Frame 1
627.1853 	EXP 	Display Frame 2
627.2186 	EXP 	Display Frame 3
627.2519 	EXP 	Display Frame 4
627.2853 	EXP 	Display Frame 5
627.3186 	EXP 	Display Frame 6
627.3519 	EXP 	Display Frame 7
627.3853 	EXP 	Display Frame 8
627.4186 	EXP 	Display Frame 9
627.4519 	EXP 	Display Frame 0
627.4853 	EXP 	Display Frame 1
627.5186 	EXP 	Display Frame 2
627.5520 	EXP 	Display Frame 3
627.5853 	EXP 	Display Frame 4
627.6186 	EXP 	Display Frame 5
627.6519 	EXP 	Display Frame 6
627.6853 	EXP 	Display Frame 7
627.7186 	EXP 	Display Frame 8
627.7519 	EXP 	Display Frame 9
627.7853 	EXP 	Display Frame 0
627.8185 	EXP 	Display Frame 1
627.8519 	EXP 	Display Frame 2
627.8854 	EXP 	Display Frame 3
627.9186 	EXP 	Display Frame 4
627.9519 	EXP 	Display Frame 5
627.9853 	EXP 	Display Frame 6
628.0186 	EXP 	Display Frame 7
628.0520 	EXP 	Display Frame 8
628.0853 	EXP 	Display Frame 9
628.1186 	EXP 	Display Frame 0
628.1519 	EXP 	Display Frame 1
628.1853 	EXP 	Display Frame 2
628.2186 	EXP 	Display Frame 3
628.2519 	EXP 	Display Frame 4
628.2853 	EXP 	Display Frame 5
628.3186 	EXP 	Display Frame 6
628.3520 	EXP 	Display Frame 7
628.3853 	EXP 	Display Frame 8
628.4186 	EXP 	Display Frame 9
628.4519 	EXP 	Display Frame 0
628.4852 	EXP 	Display Frame 1
628.5186 	EXP 	Display Frame 2
628.5520 	EXP 	Display Frame 3
628.5853 	EXP 	Display Frame 4
628.6186 	EXP 	Display Frame 5
628.6519 	EXP 	Display Frame 6
628.6853 	EXP 	Display Frame 7
628.7186 	EXP 	Display Frame 8
628.7519 	EXP 	Display Frame 9
628.7853 	EXP 	Display Frame 0
628.8186 	EXP 	Display Frame 1
628.8519 	EXP 	Display Frame 2
628.8853 	EXP 	Display Frame 3
628.9186 	EXP 	Display Frame 4
628.9520 	EXP 	Display Frame 5
628.9853 	EXP 	Display Frame 6
629.0186 	EXP 	Display Frame 7
629.0519 	EXP 	Display Frame 8
629.0853 	EXP 	Display Frame 9
629.1186 	EXP 	Display Frame 0
629.1519 	EXP 	Display Frame 1
629.1853 	EXP 	Display Frame 2
629.2186 	EXP 	Display Frame 3
629.2520 	EXP 	Display Frame 4
629.2853 	EXP 	Display Frame 5
629.3186 	EXP 	Display Frame 6
629.3520 	EXP 	Display Frame 7
629.3853 	EXP 	Display Frame 8
629.4186 	EXP 	Display Frame 9
629.4519 	EXP 	Display Frame 0
629.4853 	EXP 	Display Frame 1
629.5186 	EXP 	Display Frame 2
629.5520 	EXP 	Display Frame 3
629.5853 	EXP 	Display Frame 4
629.6186 	EXP 	Display Frame 5
629.6519 	EXP 	Display Frame 6
629.6853 	EXP 	Display Frame 7
629.7186 	EXP 	Display Frame 8
629.7519 	EXP 	Display Frame 9
629.7853 	EXP 	Display Frame 0
629.8185 	EXP 	Display Frame 1
629.8520 	EXP 	Display Frame 2
629.8853 	EXP 	Display Frame 3
629.9186 	EXP 	Display Frame 4
629.9520 	EXP 	Display Frame 5
629.9853 	EXP 	Display Frame 6
630.0186 	EXP 	Display Frame 7
630.0519 	EXP 	Display Frame 8
630.0853 	EXP 	Display Frame 9
630.1186 	EXP 	Display Frame 0
630.1519 	EXP 	Display Frame 1
630.1853 	EXP 	Display Frame 2
630.2186 	EXP 	Display Frame 3
630.2519 	EXP 	Display Frame 4
630.2853 	EXP 	Display Frame 5
630.3186 	EXP 	Display Frame 6
630.3519 	EXP 	Display Frame 7
630.3853 	EXP 	Display Frame 8
630.4186 	EXP 	Display Frame 9
630.4519 	EXP 	Display Frame 0
630.4853 	EXP 	Display Frame 1
630.5186 	EXP 	Display Frame 2
630.5522 	EXP 	Display Frame 3
630.5853 	EXP 	Display Frame 4
630.6186 	EXP 	Display Frame 5
630.6520 	EXP 	Display Frame 6
630.6853 	EXP 	Display Frame 7
630.7187 	EXP 	Display Frame 8
630.7520 	EXP 	Display Frame 9
630.7853 	EXP 	Display Frame 0
630.8186 	EXP 	Display Frame 1
630.8520 	EXP 	Display Frame 2
630.8853 	EXP 	Display Frame 3
630.9186 	EXP 	Display Frame 4
630.9519 	EXP 	Display Frame 5
630.9853 	EXP 	Display Frame 6
631.0187 	EXP 	Display Frame 7
631.0519 	EXP 	Display Frame 8
631.0853 	EXP 	Display Frame 9
631.1186 	EXP 	Display Frame 0
631.1520 	EXP 	Display Frame 1
631.1854 	DATA 	Keypress: equal
631.1864 	EXP 	Display Frame 2
631.2186 	EXP 	Display Frame 3
631.2519 	EXP 	Display Frame 4
631.2853 	EXP 	Display Frame 5
631.3186 	EXP 	Display Frame 6
631.3519 	EXP 	Display Frame 7
631.3853 	EXP 	Display Frame 8
631.4186 	EXP 	Display Frame 9
631.4520 	EXP 	Display Frame 0
631.4852 	EXP 	Display Frame 1
631.5186 	EXP 	Display Frame 2
631.5519 	EXP 	Display Frame 3
631.5852 	EXP 	Display Frame 4
631.6186 	EXP 	Display Frame 5
631.6519 	EXP 	Display Frame 6
631.6853 	EXP 	Display Frame 7
631.7186 	EXP 	Display Frame 8
631.7519 	EXP 	Display Frame 9
631.7852 	EXP 	Display Frame 0
631.8185 	EXP 	Display Frame 1
631.8519 	EXP 	Display Frame 2
631.8853 	EXP 	Display Frame 3
631.9186 	EXP 	Display Frame 4
631.9519 	EXP 	Display Frame 5
631.9853 	EXP 	Display Frame 6
632.0186 	EXP 	Display Frame 7
632.0520 	EXP 	Display Frame 8
632.0853 	EXP 	Display Frame 9
632.1186 	EXP 	Display Frame 0
632.1519 	EXP 	Display Frame 1
632.1853 	EXP 	Display Frame 2
632.2186 	EXP 	Display Frame 3
632.2519 	EXP 	Display Frame 4
632.2853 	EXP 	Display Frame 5
632.3186 	EXP 	Display Frame 6
632.3519 	EXP 	Display Frame 7
632.3853 	EXP 	Display Frame 8
632.4186 	EXP 	Display Frame 9
632.4519 	EXP 	Display Frame 0
632.4853 	EXP 	Display Frame 1
632.5186 	EXP 	Display Frame 2
632.5519 	EXP 	Display Frame 3
632.5853 	EXP 	Display Frame 4
632.6186 	EXP 	Display Frame 5
632.6519 	EXP 	Display Frame 6
632.6853 	EXP 	Display Frame 7
632.7186 	EXP 	Display Frame 8
632.7519 	EXP 	Display Frame 9
632.7853 	EXP 	Display Frame 0
632.8186 	EXP 	Display Frame 1
632.8520 	EXP 	Display Frame 2
632.8853 	EXP 	Display Frame 3
632.9186 	EXP 	Display Frame 4
632.9519 	EXP 	Display Frame 5
632.9853 	EXP 	Display Frame 6
633.0186 	EXP 	Display Frame 7
633.0520 	EXP 	Display Frame 8
633.0853 	EXP 	Display Frame 9
633.1186 	EXP 	Display Frame 0
633.1519 	EXP 	Display Frame 1
633.1853 	EXP 	Display Frame 2
633.2187 	EXP 	Display Frame 3
633.2519 	EXP 	Display Frame 4
633.2853 	EXP 	Display Frame 5
633.3186 	EXP 	Display Frame 6
633.3520 	EXP 	Display Frame 7
633.3853 	EXP 	Display Frame 8
633.4186 	EXP 	Display Frame 9
633.4519 	EXP 	Display Frame 0
633.4853 	EXP 	Display Frame 1
633.5186 	EXP 	Display Frame 2
633.5519 	EXP 	Display Frame 3
633.5853 	EXP 	Display Frame 4
633.6186 	EXP 	Display Frame 5
633.6519 	EXP 	Display Frame 6
633.6853 	EXP 	Display Frame 7
633.7186 	EXP 	Display Frame 8
633.7519 	EXP 	Display Frame 9
633.7853 	EXP 	Display Frame 0
633.8186 	EXP 	Display Frame 1
633.8519 	EXP 	Display Frame 2
633.8853 	EXP 	Display Frame 3
633.9186 	EXP 	Display Frame 4
633.9519 	EXP 	Display Frame 5
633.9853 	EXP 	Display Frame 6
634.0186 	EXP 	Display Frame 7
634.0519 	EXP 	Display Frame 8
634.0853 	EXP 	Display Frame 9
634.1186 	EXP 	Display Frame 0
634.1519 	EXP 	Display Frame 1
634.1853 	EXP 	Display Frame 2
634.2186 	EXP 	Display Frame 3
634.2519 	EXP 	Display Frame 4
634.2853 	EXP 	Display Frame 5
634.3186 	EXP 	Display Frame 6
634.3519 	EXP 	Display Frame 7
634.3853 	EXP 	Display Frame 8
634.4186 	EXP 	Display Frame 9
634.4519 	EXP 	Display Frame 0
634.4853 	EXP 	Display Frame 1
634.5186 	EXP 	Display Frame 2
634.5520 	EXP 	Display Frame 3
634.5853 	EXP 	Display Frame 4
634.6186 	EXP 	Display Frame 5
634.6519 	EXP 	Display Frame 6
634.6853 	EXP 	Display Frame 7
634.7186 	EXP 	Display Frame 8
634.7519 	EXP 	Display Frame 9
634.7853 	EXP 	Display Frame 0
634.8185 	EXP 	Display Frame 1
634.8520 	EXP 	Display Frame 2
634.8853 	EXP 	Display Frame 3
634.9186 	EXP 	Display Frame 4
634.9519 	EXP 	Display Frame 5
634.9853 	EXP 	Display Frame 6
635.0186 	EXP 	Display Frame 7
635.0519 	EXP 	Display Frame 8
635.0853 	EXP 	Display Frame 9
635.1186 	EXP 	Display Frame 0
635.1519 	EXP 	Display Frame 1
635.1853 	EXP 	Display Frame 2
635.2186 	EXP 	Display Frame 3
635.2519 	EXP 	Display Frame 4
635.2853 	EXP 	Display Frame 5
635.3186 	EXP 	Display Frame 6
635.3519 	EXP 	Display Frame 7
635.3853 	EXP 	Display Frame 8
635.4186 	EXP 	Display Frame 9
635.4519 	EXP 	Display Frame 0
635.4853 	EXP 	Display Frame 1
635.5186 	EXP 	Display Frame 2
635.5520 	EXP 	Display Frame 3
635.5853 	EXP 	Display Frame 4
635.6186 	EXP 	Display Frame 5
635.6519 	EXP 	Display Frame 6
635.6853 	EXP 	Display Frame 7
635.7186 	EXP 	Display Frame 8
635.7520 	EXP 	Display Frame 9
635.7853 	EXP 	Display Frame 0
635.8185 	EXP 	Display Frame 1
635.8520 	EXP 	Display Frame 2
635.8853 	EXP 	Display Frame 3
635.9186 	EXP 	Display Frame 4
635.9519 	EXP 	Display Frame 5
635.9853 	EXP 	Display Frame 6
636.0186 	EXP 	Display Frame 7
636.0520 	EXP 	Display Frame 8
636.0853 	EXP 	Display Frame 9
636.1186 	EXP 	Display Frame 0
636.1519 	EXP 	Display Frame 1
636.1853 	EXP 	Display Frame 2
636.2186 	EXP 	Display Frame 3
636.2519 	EXP 	Display Frame 4
636.2853 	EXP 	Display Frame 5
636.3186 	EXP 	Display Frame 6
636.3520 	EXP 	Display Frame 7
636.3854 	DATA 	Keypress: equal
636.3864 	EXP 	Display Frame 8
636.4186 	EXP 	Display Frame 9
636.4519 	EXP 	Display Frame 0
636.4853 	EXP 	Display Frame 1
636.5186 	EXP 	Display Frame 2
636.5520 	EXP 	Display Frame 3
636.5852 	EXP 	Display Frame 4
636.6186 	EXP 	Display Frame 5
636.6519 	EXP 	Display Frame 6
636.6853 	EXP 	Display Frame 7
636.7186 	EXP 	Display Frame 8
636.7519 	EXP 	Display Frame 9
636.7853 	EXP 	Display Frame 0
636.8185 	EXP 	Display Frame 1
636.8520 	EXP 	Display Frame 2
636.8853 	EXP 	Display Frame 3
636.9189 	EXP 	Display Frame 4
636.9520 	EXP 	Display Frame 5
636.9853 	EXP 	Display Frame 6
637.0186 	EXP 	Display Frame 7
637.0520 	EXP 	Display Frame 8
637.0853 	EXP 	Display Frame 9
637.1186 	EXP 	Display Frame 0
637.1519 	EXP 	Display Frame 1
637.1853 	EXP 	Display Frame 2
637.2186 	EXP 	Display Frame 3
637.2519 	EXP 	Display Frame 4
637.2853 	EXP 	Display Frame 5
637.3186 	EXP 	Display Frame 6
637.3519 	EXP 	Display Frame 7
637.3853 	EXP 	Display Frame 8
637.4186 	EXP 	Display Frame 9
637.4520 	EXP 	Display Frame 0
637.4853 	EXP 	Display Frame 1
637.5186 	EXP 	Display Frame 2
637.5519 	EXP 	Display Frame 3
637.5853 	EXP 	Display Frame 4
637.6186 	EXP 	Display Frame 5
637.6519 	EXP 	Display Frame 6
637.6853 	EXP 	Display Frame 7
637.7186 	EXP 	Display Frame 8
637.7519 	EXP 	Display Frame 9
637.7852 	EXP 	Display Frame 0
637.8185 	EXP 	Display Frame 1
637.8519 	EXP 	Display Frame 2
637.8853 	EXP 	Display Frame 3
637.9186 	EXP 	Display Frame 4
637.9519 	EXP 	Display Frame 5
637.9853 	EXP 	Display Frame 6
638.0186 	EXP 	Display Frame 7
638.0519 	EXP 	Display Frame 8
638.0852 	EXP 	Display Frame 9
638.1186 	EXP 	Display Frame 0
638.1519 	EXP 	Display Frame 1
638.1853 	EXP 	Display Frame 2
638.2186 	EXP 	Display Frame 3
638.2519 	EXP 	Display Frame 4
638.2853 	EXP 	Display Frame 5
638.3186 	EXP 	Display Frame 6
638.3519 	EXP 	Display Frame 7
638.3853 	EXP 	Display Frame 8
638.4186 	EXP 	Display Frame 9
638.4519 	EXP 	Display Frame 0
638.4853 	EXP 	Display Frame 1
638.5187 	EXP 	Display Frame 2
638.5533 	EXP 	Display Frame 3
638.5852 	EXP 	Display Frame 4
638.6186 	EXP 	Display Frame 5
638.6519 	EXP 	Display Frame 6
638.6853 	EXP 	Display Frame 7
638.7186 	EXP 	Display Frame 8
638.7519 	EXP 	Display Frame 9
638.7853 	EXP 	Display Frame 0
638.8185 	EXP 	Display Frame 1
638.8519 	EXP 	Display Frame 2
638.8853 	EXP 	Display Frame 3
638.9186 	EXP 	Display Frame 4
638.9519 	EXP 	Display Frame 5
638.9853 	EXP 	Display Frame 6
639.0186 	EXP 	Display Frame 7
639.0519 	EXP 	Display Frame 8
639.0852 	EXP 	Display Frame 9
639.1186 	EXP 	Display Frame 0
639.1520 	EXP 	Display Frame 1
639.1852 	EXP 	Display Frame 2
639.2186 	EXP 	Display Frame 3
639.2519 	EXP 	Display Frame 4
639.2853 	EXP 	Display Frame 5
639.3186 	EXP 	Display Frame 6
639.3520 	EXP 	Display Frame 7
639.3853 	EXP 	Display Frame 8
639.4186 	EXP 	Display Frame 9
639.4519 	EXP 	Display Frame 0
639.4853 	EXP 	Display Frame 1
639.5186 	EXP 	Display Frame 2
639.5519 	EXP 	Display Frame 3
639.5853 	EXP 	Display Frame 4
639.6186 	EXP 	Display Frame 5
639.6520 	EXP 	Display Frame 6
639.6853 	EXP 	Display Frame 7
639.7186 	EXP 	Display Frame 8
639.7520 	EXP 	Display Frame 9
639.7853 	EXP 	Display Frame 0
639.8186 	EXP 	Display Frame 1
639.8519 	EXP 	Display Frame 2
639.8853 	EXP 	Display Frame 3
639.9186 	EXP 	Display Frame 4
639.9519 	EXP 	Display Frame 5
639.9853 	EXP 	Display Frame 6
640.0186 	EXP 	Display Frame 7
640.0520 	EXP 	Display Frame 8
640.0852 	EXP 	Display Frame 9
640.1186 	EXP 	Display Frame 0
640.1519 	EXP 	Display Frame 1
640.1853 	EXP 	Display Frame 2
640.2186 	EXP 	Display Frame 3
640.2519 	EXP 	Display Frame 4
640.2853 	EXP 	Display Frame 5
640.3186 	EXP 	Display Frame 6
640.3520 	EXP 	Display Frame 7
640.3853 	EXP 	Display Frame 8
640.4186 	EXP 	Display Frame 9
640.4519 	EXP 	Display Frame 0
640.4853 	EXP 	Display Frame 1
640.5186 	EXP 	Display Frame 2
640.5520 	EXP 	Display Frame 3
640.5853 	EXP 	Display Frame 4
640.6186 	EXP 	Display Frame 5
640.6519 	EXP 	Display Frame 6
640.6854 	EXP 	Display Frame 7
640.7186 	EXP 	Display Frame 8
640.7519 	EXP 	Display Frame 9
640.7853 	EXP 	Display Frame 0
640.8185 	EXP 	Display Frame 1
640.8519 	EXP 	Display Frame 2
640.8853 	EXP 	Display Frame 3
640.9186 	EXP 	Display Frame 4
640.9519 	EXP 	Display Frame 5
640.9853 	EXP 	Display Frame 6
641.0186 	EXP 	Display Frame 7
641.0520 	EXP 	Display Frame 8
641.0853 	EXP 	Display Frame 9
641.1186 	EXP 	Display Frame 0
641.1520 	EXP 	Display Frame 1
641.1853 	EXP 	Display Frame 2
641.2186 	EXP 	Display Frame 3
641.2519 	EXP 	Display Frame 4
641.2853 	EXP 	Display Frame 5
641.3186 	EXP 	Display Frame 6
641.3520 	EXP 	Display Frame 7
641.3853 	EXP 	Display Frame 8
641.4187 	EXP 	Display Frame 9
641.4519 	EXP 	Display Frame 0
641.4852 	EXP 	Display Frame 1
641.5186 	EXP 	Display Frame 2
641.5519 	EXP 	Display Frame 3
641.5854 	DATA 	Keypress: equal
641.5865 	EXP 	Display Frame 4
641.6186 	EXP 	Display Frame 5
641.6519 	EXP 	Display Frame 6
641.6853 	EXP 	Display Frame 7
641.7186 	EXP 	Display Frame 8
641.7519 	EXP 	Display Frame 9
641.7853 	EXP 	Display Frame 0
641.8186 	EXP 	Display Frame 1
641.8519 	EXP 	Display Frame 2
641.8853 	EXP 	Display Frame 3
641.9186 	EXP 	Display Frame 4
641.9519 	EXP 	Display Frame 5
641.9853 	EXP 	Display Frame 6
642.0186 	EXP 	Display Frame 7
642.0519 	EXP 	Display Frame 8
642.0853 	EXP 	Display Frame 9
642.1186 	EXP 	Display Frame 0
642.1519 	EXP 	Display Frame 1
642.1853 	EXP 	Display Frame 2
642.2186 	EXP 	Display Frame 3
642.2519 	EXP 	Display Frame 4
642.2853 	EXP 	Display Frame 5
642.3186 	EXP 	Display Frame 6
642.3519 	EXP 	Display Frame 7
642.3853 	EXP 	Display Frame 8
642.4186 	EXP 	Display Frame 9
642.4519 	EXP 	Display Frame 0
642.4853 	EXP 	Display Frame 1
642.5186 	EXP 	Display Frame 2
642.5519 	EXP 	Display Frame 3
642.5853 	EXP 	Display Frame 4
642.6186 	EXP 	Display Frame 5
642.6519 	EXP 	Display Frame 6
642.6853 	EXP 	Display Frame 7
642.7186 	EXP 	Display Frame 8
642.7519 	EXP 	Display Frame 9
642.7853 	EXP 	Display Frame 0
642.8185 	EXP 	Display Frame 1
642.8520 	EXP 	Display Frame 2
642.8853 	EXP 	Display Frame 3
642.9186 	EXP 	Display Frame 4
642.9519 	EXP 	Display Frame 5
642.9853 	EXP 	Display Frame 6
643.0186 	EXP 	Display Frame 7
643.0519 	EXP 	Display Frame 8
643.0853 	EXP 	Display Frame 9
643.1186 	EXP 	Display Frame 0
643.1520 	EXP 	Display Frame 1
643.1853 	EXP 	Display Frame 2
643.2186 	EXP 	Display Frame 3
643.2521 	EXP 	Display Frame 4
643.2853 	EXP 	Display Frame 5
643.3186 	EXP 	Display Frame 6
643.3520 	EXP 	Display Frame 7
643.3853 	EXP 	Display Frame 8
643.4186 	EXP 	Display Frame 9
643.4520 	EXP 	Display Frame 0
643.4853 	EXP 	Display Frame 1
643.5186 	EXP 	Display Frame 2
643.5519 	EXP 	Display Frame 3
643.5853 	EXP 	Display Frame 4
643.6186 	EXP 	Display Frame 5
643.6519 	EXP 	Display Frame 6
643.6853 	EXP 	Display Frame 7
643.7186 	EXP 	Display Frame 8
643.7520 	EXP 	Display Frame 9
643.7853 	EXP 	Display Frame 0
643.8185 	EXP 	Display Frame 1
643.8520 	EXP 	Display Frame 2
643.8855 	EXP 	Display Frame 3
643.9186 	EXP 	Display Frame 4
643.9519 	EXP 	Display Frame 5
643.9853 	EXP 	Display Frame 6
644.0186 	EXP 	Display Frame 7
644.0520 	EXP 	Display Frame 8
644.0853 	EXP 	Display Frame 9
644.1186 	EXP 	Display Frame 0
644.1520 	EXP 	Display Frame 1
644.1853 	EXP 	Display Frame 2
644.2186 	EXP 	Display Frame 3
644.2519 	EXP 	Display Frame 4
644.2853 	EXP 	Display Frame 5
644.3186 	EXP 	Display Frame 6
644.3520 	EXP 	Display Frame 7
644.3853 	EXP 	Display Frame 8
644.4186 	EXP 	Display Frame 9
644.4519 	EXP 	Display Frame 0
644.4853 	EXP 	Display Frame 1
644.5186 	EXP 	Display Frame 2
644.5519 	EXP 	Display Frame 3
644.5852 	EXP 	Display Frame 4
644.6186 	EXP 	Display Frame 5
644.6519 	EXP 	Display Frame 6
644.6853 	EXP 	Display Frame 7
644.7186 	EXP 	Display Frame 8
644.7519 	EXP 	Display Frame 9
644.7853 	EXP 	Display Frame 0
644.8186 	EXP 	Display Frame 1
644.8519 	EXP 	Display Frame 2
644.8853 	EXP 	Display Frame 3
644.9186 	EXP 	Display Frame 4
644.9519 	EXP 	Display Frame 5
644.9853 	EXP 	Display Frame 6
645.0186 	EXP 	Display Frame 7
645.0520 	EXP 	Display Frame 8
645.0853 	EXP 	Display Frame 9
645.1186 	EXP 	Display Frame 0
645.1519 	EXP 	Display Frame 1
645.1853 	EXP 	Display Frame 2
645.2186 	EXP 	Display Frame 3
645.2519 	EXP 	Display Frame 4
645.2852 	EXP 	Display Frame 5
645.3186 	EXP 	Display Frame 6
645.3519 	EXP 	Display Frame 7
645.3853 	EXP 	Display Frame 8
645.4186 	EXP 	Display Frame 9
645.4519 	EXP 	Display Frame 0
645.4853 	EXP 	Display Frame 1
645.5186 	EXP 	Display Frame 2
645.5519 	EXP 	Display Frame 3
645.5852 	EXP 	Display Frame 4
645.6186 	EXP 	Display Frame 5
645.6519 	EXP 	Display Frame 6
645.6853 	EXP 	Display Frame 7
645.7186 	EXP 	Display Frame 8
645.7519 	EXP 	Display Frame 9
645.7853 	EXP 	Display Frame 0
645.8185 	EXP 	Display Frame 1
645.8520 	EXP 	Display Frame 2
645.8853 	EXP 	Display Frame 3
645.9186 	EXP 	Display Frame 4
645.9519 	EXP 	Display Frame 5
645.9853 	EXP 	Display Frame 6
646.0186 	EXP 	Display Frame 7
646.0519 	EXP 	Display Frame 8
646.0853 	EXP 	Display Frame 9
646.1186 	EXP 	Display Frame 0
646.1519 	EXP 	Display Frame 1
646.1852 	EXP 	Display Frame 2
646.2186 	EXP 	Display Frame 3
646.2519 	EXP 	Display Frame 4
646.2853 	EXP 	Display Frame 5
646.3186 	EXP 	Display Frame 6
646.3519 	EXP 	Display Frame 7
646.3853 	EXP 	Display Frame 8
646.4186 	EXP 	Display Frame 9
646.4519 	EXP 	Display Frame 0
646.4853 	EXP 	Display Frame 1
646.5186 	EXP 	Display Frame 2
646.5519 	EXP 	Display Frame 3
646.5853 	EXP 	Display Frame 4
646.6186 	EXP 	Display Frame 5
646.6520 	EXP 	Display Frame 6
646.6853 	EXP 	Display Frame 7
646.7186 	EXP 	Display Frame 8
646.7519 	EXP 	Display Frame 9
646.7854 	DATA 	Keypress: equal
646.7865 	EXP 	Display Frame 0
646.8185 	EXP 	Display Frame 1
646.8519 	EXP 	Display Frame 2
646.8853 	EXP 	Display Frame 3
646.9186 	EXP 	Display Frame 4
646.9519 	EXP 	Display Frame 5
646.9853 	EXP 	Display Frame 6
647.0186 	EXP 	Display Frame 7
647.0519 	EXP 	Display Frame 8
647.0853 	EXP 	Display Frame 9
647.1186 	EXP 	Display Frame 0
647.1520 	EXP 	Display Frame 1
647.1853 	EXP 	Display Frame 2
647.2186 	EXP 	Display Frame 3
647.2519 	EXP 	Display Frame 4
647.2853 	EXP 	Display Frame 5
647.3186 	EXP 	Display Frame 6
647.3519 	EXP 	Display Frame 7
647.3853 	EXP 	Display Frame 8
647.4186 	EXP 	Display Frame 9
647.4520 	EXP 	Display Frame 0
647.4853 	EXP 	Display Frame 1
647.5186 	EXP 	Display Frame 2
647.5555 	EXP 	Display Frame 3
647.5853 	EXP 	Display Frame 4
647.6186 	EXP 	Display Frame 5
647.6519 	EXP 	Display Frame 6
647.6853 	EXP 	Display Frame 7
647.7186 	EXP 	Display Frame 8
647.7520 	EXP 	Display Frame 9
647.7853 	EXP 	Display Frame 0
647.8185 	EXP 	Display Frame 1
647.8519 	EXP 	Display Frame 2
647.8853 	EXP 	Display Frame 3
647.9186 	EXP 	Display Frame 4
647.9519 	EXP 	Display Frame 5
647.9853 	EXP 	Display Frame 6
648.0186 	EXP 	Display Frame 7
648.0520 	EXP 	Display Frame 8
648.0853 	EXP 	Display Frame 9
648.1186 	EXP 	Display Frame 0
648.1520 	EXP 	Display Frame 1
648.1852 	EXP 	Display Frame 2
648.2186 	EXP 	Display Frame 3
648.2519 	EXP 	Display Frame 4
648.2853 	EXP 	Display Frame 5
648.3186 	EXP 	Display Frame 6
648.3520 	EXP 	Display Frame 7
648.3853 	EXP 	Display Frame 8
648.4186 	EXP 	Display Frame 9
648.4520 	EXP 	Display Frame 0
648.4853 	EXP 	Display Frame 1
648.5186 	EXP 	Display Frame 2
648.5519 	EXP 	Display Frame 3
648.5853 	EXP 	Display Frame 4
648.6186 	EXP 	Display Frame 5
648.6520 	EXP 	Display Frame 6
648.6853 	EXP 	Display Frame 7
648.7186 	EXP 	Display Frame 8
648.7519 	EXP 	Display Frame 9
648.7853 	EXP 	Display Frame 0
648.8185 	EXP 	Display Frame 1
648.8519 	EXP 	Display Frame 2
648.8853 	EXP 	Display Frame 3
648.9186 	EXP 	Display Frame 4
648.9519 	EXP 	Display Frame 5
648.9853 	EXP 	Display Frame 6
649.0186 	EXP 	Display Frame 7
649.0519 	EXP 	Display Frame 8
649.0853 	EXP 	Display Frame 9
649.1186 	EXP 	Display Frame 0
649.1519 	EXP 	Display Frame 1
649.1853 	EXP 	Display Frame 2
649.2201 	EXP 	Display Frame 3
649.2519 	EXP 	Display Frame 4
649.2853 	EXP 	Display Frame 5
649.3186 	EXP 	Display Frame 6
649.3519 	EXP 	Display Frame 7
649.3853 	EXP 	Display Frame 8
649.4186 	EXP 	Display Frame 9
649.4519 	EXP 	Display Frame 0
649.4853 	EXP 	Display Frame 1
649.5186 	EXP 	Display Frame 2
649.5519 	EXP 	Display Frame 3
649.5855 	EXP 	Display Frame 4
649.6186 	EXP 	Display Frame 5
649.6520 	EXP 	Display Frame 6
649.6853 	EXP 	Display Frame 7
649.7186 	EXP 	Display Frame 8
649.7519 	EXP 	Display Frame 9
649.7853 	EXP 	Display Frame 0
649.8186 	EXP 	Display Frame 1
649.8519 	EXP 	Display Frame 2
649.8853 	EXP 	Display Frame 3
649.9186 	EXP 	Display Frame 4
649.9519 	EXP 	Display Frame 5
649.9853 	EXP 	Display Frame 6
650.0186 	EXP 	Display Frame 7
650.0519 	EXP 	Display Frame 8
650.0853 	EXP 	Display Frame 9
650.1186 	EXP 	Display Frame 0
650.1519 	EXP 	Display Frame 1
650.1853 	EXP 	Display Frame 2
650.2186 	EXP 	Display Frame 3
650.2519 	EXP 	Display Frame 4
650.2853 	EXP 	Display Frame 5
650.3186 	EXP 	Display Frame 6
650.3519 	EXP 	Display Frame 7
650.3853 	EXP 	Display Frame 8
650.4186 	EXP 	Display Frame 9
650.4519 	EXP 	Display Frame 0
650.4853 	EXP 	Display Frame 1
650.5186 	EXP 	Display Frame 2
650.5519 	EXP 	Display Frame 3
650.5853 	EXP 	Display Frame 4
650.6186 	EXP 	Display Frame 5
650.6520 	EXP 	Display Frame 6
650.6853 	EXP 	Display Frame 7
650.7186 	EXP 	Display Frame 8
650.7519 	EXP 	Display Frame 9
650.7853 	EXP 	Display Frame 0
650.8185 	EXP 	Display Frame 1
650.8519 	EXP 	Display Frame 2
650.8852 	EXP 	Display Frame 3
650.9186 	EXP 	Display Frame 4
650.9519 	EXP 	Display Frame 5
650.9853 	EXP 	Display Frame 6
651.0186 	EXP 	Display Frame 7
651.0519 	EXP 	Display Frame 8
651.0853 	EXP 	Display Frame 9
651.1186 	EXP 	Display Frame 0
651.1520 	EXP 	Display Frame 1
651.1853 	EXP 	Display Frame 2
651.2186 	EXP 	Display Frame 3
651.2519 	EXP 	Display Frame 4
651.2853 	EXP 	Display Frame 5
651.3186 	EXP 	Display Frame 6
651.3519 	EXP 	Display Frame 7
651.3853 	EXP 	Display Frame 8
651.4186 	EXP 	Display Frame 9
651.4520 	EXP 	Display Frame 0
651.4853 	EXP 	Display Frame 1
651.5186 	EXP 	Display Frame 2
651.5519 	EXP 	Display Frame 3
651.5853 	EXP 	Display Frame 4
651.6186 	EXP 	Display Frame 5
651.6519 	EXP 	Display Frame 6
651.6853 	EXP 	Display Frame 7
651.7186 	EXP 	Display Frame 8
651.7519 	EXP 	Display Frame 9
651.7853 	EXP 	Display Frame 0
651.8186 	EXP 	Display Frame 1
651.8519 	EXP 	Display Frame 2
651.8853 	EXP 	Display Frame 3
651.9186 	EXP 	Display Frame 4
651.9520 	DATA 	Keypress: equal
651.9531 	EXP 	Display Frame 5
651.9660 	EXP 	Display Fixation
657.1394 	DATA 	Keypress: equal
662.3327 	DATA 	Keypress: equal
667.5265 	DATA 	Keypress: equal
672.7195 	DATA 	Keypress: equal
677.9135 	DATA 	Keypress: equal
683.1066 	DATA 	Keypress: equal
683.1410 	EXP 	Display Frame 1
683.1742 	EXP 	Display Frame 2
683.2076 	EXP 	Display Frame 3
683.2409 	EXP 	Display Frame 4
683.2742 	EXP 	Display Frame 5
683.3076 	EXP 	Display Frame 6
683.3409 	EXP 	Display Frame 7
683.3742 	EXP 	Display Frame 8
683.4076 	EXP 	Display Frame 9
683.4409 	EXP 	Display Frame 0
683.4742 	EXP 	Display Frame 1
683.5075 	EXP 	Display Frame 2
683.5409 	EXP 	Display Frame 3
683.5742 	EXP 	Display Frame 4
683.6075 	EXP 	Display Frame 5
683.6409 	EXP 	Display Frame 6
683.6742 	EXP 	Display Frame 7
683.7075 	EXP 	Display Frame 8
683.7409 	EXP 	Display Frame 9
683.7742 	EXP 	Display Frame 0
683.8075 	EXP 	Display Frame 1
683.8409 	EXP 	Display Frame 2
683.8742 	EXP 	Display Frame 3
683.9075 	EXP 	Display Frame 4
683.9409 	EXP 	Display Frame 5
683.9742 	EXP 	Display Frame 6
684.0075 	EXP 	Display Frame 7
684.0408 	EXP 	Display Frame 8
684.0742 	EXP 	Display Frame 9
684.1075 	EXP 	Display Frame 0
684.1408 	EXP 	Display Frame 1
684.1742 	EXP 	Display Frame 2
684.2075 	EXP 	Display Frame 3
684.2409 	EXP 	Display Frame 4
684.2742 	EXP 	Display Frame 5
684.3075 	EXP 	Display Frame 6
684.3408 	EXP 	Display Frame 7
684.3742 	EXP 	Display Frame 8
684.4075 	EXP 	Display Frame 9
684.4409 	EXP 	Display Frame 0
684.4742 	EXP 	Display Frame 1
684.5075 	EXP 	Display Frame 2
684.5408 	EXP 	Display Frame 3
684.5742 	EXP 	Display Frame 4
684.6075 	EXP 	Display Frame 5
684.6409 	EXP 	Display Frame 6
684.6742 	EXP 	Display Frame 7
684.7075 	EXP 	Display Frame 8
684.7409 	EXP 	Display Frame 9
684.7742 	EXP 	Display Frame 0
684.8075 	EXP 	Display Frame 1
684.8408 	EXP 	Display Frame 2
684.8742 	EXP 	Display Frame 3
684.9075 	EXP 	Display Frame 4
684.9409 	EXP 	Display Frame 5
684.9742 	EXP 	Display Frame 6
685.0075 	EXP 	Display Frame 7
685.0409 	EXP 	Display Frame 8
685.0742 	EXP 	Display Frame 9
685.1075 	EXP 	Display Frame 0
685.1408 	EXP 	Display Frame 1
685.1742 	EXP 	Display Frame 2
685.2075 	EXP 	Display Frame 3
685.2408 	EXP 	Display Frame 4
685.2742 	EXP 	Display Frame 5
685.3075 	EXP 	Display Frame 6
685.3409 	EXP 	Display Frame 7
685.3742 	EXP 	Display Frame 8
685.4075 	EXP 	Display Frame 9
685.4409 	EXP 	Display Frame 0
685.4742 	EXP 	Display Frame 1
685.5075 	EXP 	Display Frame 2
685.5409 	EXP 	Display Frame 3
685.5742 	EXP 	Display Frame 4
685.6075 	EXP 	Display Frame 5
685.6409 	EXP 	Display Frame 6
685.6742 	EXP 	Display Frame 7
685.7075 	EXP 	Display Frame 8
685.7408 	EXP 	Display Frame 9
685.7742 	EXP 	Display Frame 0
685.8075 	EXP 	Display Frame 1
685.8409 	EXP 	Display Frame 2
685.8742 	EXP 	Display Frame 3
685.9075 	EXP 	Display Frame 4
685.9409 	EXP 	Display Frame 5
685.9742 	EXP 	Display Frame 6
686.0075 	EXP 	Display Frame 7
686.0409 	EXP 	Display Frame 8
686.0742 	EXP 	Display Frame 9
686.1075 	EXP 	Display Frame 0
686.1408 	EXP 	Display Frame 1
686.1742 	EXP 	Display Frame 2
686.2075 	EXP 	Display Frame 3
686.2408 	EXP 	Display Frame 4
686.2742 	EXP 	Display Frame 5
686.3075 	EXP 	Display Frame 6
686.3408 	EXP 	Display Frame 7
686.3742 	EXP 	Display Frame 8
686.4075 	EXP 	Display Frame 9
686.4409 	EXP 	Display Frame 0
686.4742 	EXP 	Display Frame 1
686.5077 	EXP 	Display Frame 2
686.5409 	EXP 	Display Frame 3
686.5742 	EXP 	Display Frame 4
686.6075 	EXP 	Display Frame 5
686.6409 	EXP 	Display Frame 6
686.6742 	EXP 	Display Frame 7
686.7075 	EXP 	Display Frame 8
686.7409 	EXP 	Display Frame 9
686.7742 	EXP 	Display Frame 0
686.8075 	EXP 	Display Frame 1
686.8409 	EXP 	Display Frame 2
686.8741 	EXP 	Display Frame 3
686.9075 	EXP 	Display Frame 4
686.9409 	EXP 	Display Frame 5
686.9742 	EXP 	Display Frame 6
687.0075 	EXP 	Display Frame 7
687.0408 	EXP 	Display Frame 8
687.0742 	EXP 	Display Frame 9
687.1078 	EXP 	Display Frame 0
687.1409 	EXP 	Display Frame 1
687.1742 	EXP 	Display Frame 2
687.2075 	EXP 	Display Frame 3
687.2409 	EXP 	Display Frame 4
687.2742 	EXP 	Display Frame 5
687.3075 	EXP 	Display Frame 6
687.3408 	EXP 	Display Frame 7
687.3742 	EXP 	Display Frame 8
687.4075 	EXP 	Display Frame 9
687.4409 	EXP 	Display Frame 0
687.4742 	EXP 	Display Frame 1
687.5075 	EXP 	Display Frame 2
687.5408 	EXP 	Display Frame 3
687.5742 	EXP 	Display Frame 4
687.6075 	EXP 	Display Frame 5
687.6409 	EXP 	Display Frame 6
687.6742 	EXP 	Display Frame 7
687.7075 	EXP 	Display Frame 8
687.7409 	EXP 	Display Frame 9
687.7742 	EXP 	Display Frame 0
687.8075 	EXP 	Display Frame 1
687.8409 	EXP 	Display Frame 2
687.8742 	EXP 	Display Frame 3
687.9075 	EXP 	Display Frame 4
687.9408 	EXP 	Display Frame 5
687.9742 	EXP 	Display Frame 6
688.0075 	EXP 	Display Frame 7
688.0409 	EXP 	Display Frame 8
688.0742 	EXP 	Display Frame 9
688.1076 	EXP 	Display Frame 0
688.1408 	EXP 	Display Frame 1
688.1742 	EXP 	Display Frame 2
688.2075 	EXP 	Display Frame 3
688.2408 	EXP 	Display Frame 4
688.2742 	EXP 	Display Frame 5
688.3076 	DATA 	Keypress: equal
688.3087 	EXP 	Display Frame 6
688.3409 	EXP 	Display Frame 7
688.3742 	EXP 	Display Frame 8
688.4075 	EXP 	Display Frame 9
688.4409 	EXP 	Display Frame 0
688.4742 	EXP 	Display Frame 1
688.5075 	EXP 	Display Frame 2
688.5408 	EXP 	Display Frame 3
688.5742 	EXP 	Display Frame 4
688.6075 	EXP 	Display Frame 5
688.6409 	EXP 	Display Frame 6
688.6742 	EXP 	Display Frame 7
688.7075 	EXP 	Display Frame 8
688.7408 	EXP 	Display Frame 9
688.7742 	EXP 	Display Frame 0
688.8075 	EXP 	Display Frame 1
688.8409 	EXP 	Display Frame 2
688.8742 	EXP 	Display Frame 3
688.9075 	EXP 	Display Frame 4
688.9409 	EXP 	Display Frame 5
688.9742 	EXP 	Display Frame 6
689.0075 	EXP 	Display Frame 7
689.0408 	EXP 	Display Frame 8
689.0742 	EXP 	Display Frame 9
689.1075 	EXP 	Display Frame 0
689.1408 	EXP 	Display Frame 1
689.1742 	EXP 	Display Frame 2
689.2075 	EXP 	Display Frame 3
689.2408 	EXP 	Display Frame 4
689.2742 	EXP 	Display Frame 5
689.3075 	EXP 	Display Frame 6
689.3409 	EXP 	Display Frame 7
689.3742 	EXP 	Display Frame 8
689.4075 	EXP 	Display Frame 9
689.4409 	EXP 	Display Frame 0
689.4742 	EXP 	Display Frame 1
689.5075 	EXP 	Display Frame 2
689.5408 	EXP 	Display Frame 3
689.5742 	EXP 	Display Frame 4
689.6075 	EXP 	Display Frame 5
689.6409 	EXP 	Display Frame 6
689.6742 	EXP 	Display Frame 7
689.7075 	EXP 	Display Frame 8
689.7408 	EXP 	Display Frame 9
689.7742 	EXP 	Display Frame 0
689.8075 	EXP 	Display Frame 1
689.8408 	EXP 	Display Frame 2
689.8742 	EXP 	Display Frame 3
689.9075 	EXP 	Display Frame 4
689.9409 	EXP 	Display Frame 5
689.9742 	EXP 	Display Frame 6
690.0075 	EXP 	Display Frame 7
690.0409 	EXP 	Display Frame 8
690.0742 	EXP 	Display Frame 9
690.1075 	EXP 	Display Frame 0
690.1408 	EXP 	Display Frame 1
690.1742 	EXP 	Display Frame 2
690.2075 	EXP 	Display Frame 3
690.2408 	EXP 	Display Frame 4
690.2742 	EXP 	Display Frame 5
690.3076 	EXP 	Display Frame 6
690.3409 	EXP 	Display Frame 7
690.3742 	EXP 	Display Frame 8
690.4075 	EXP 	Display Frame 9
690.4409 	EXP 	Display Frame 0
690.4742 	EXP 	Display Frame 1
690.5075 	EXP 	Display Frame 2
690.5408 	EXP 	Display Frame 3
690.5742 	EXP 	Display Frame 4
690.6075 	EXP 	Display Frame 5
690.6409 	EXP 	Display Frame 6
690.6742 	EXP 	Display Frame 7
690.7075 	EXP 	Display Frame 8
690.7408 	EXP 	Display Frame 9
690.7742 	EXP 	Display Frame 0
690.8075 	EXP 	Display Frame 1
690.8408 	EXP 	Display Frame 2
690.8742 	EXP 	Display Frame 3
690.9075 	EXP 	Display Frame 4
690.9409 	EXP 	Display Frame 5
690.9742 	EXP 	Display Frame 6
691.0075 	EXP 	Display Frame 7
691.0408 	EXP 	Display Frame 8
691.0742 	EXP 	Display Frame 9
691.1075 	EXP 	Display Frame 0
691.1408 	EXP 	Display Frame 1
691.1742 	EXP 	Display Frame 2
691.2075 	EXP 	Display Frame 3
691.2408 	EXP 	Display Frame 4
691.2742 	EXP 	Display Frame 5
691.3075 	EXP 	Display Frame 6
691.3409 	EXP 	Display Frame 7
691.3742 	EXP 	Display Frame 8
691.4075 	EXP 	Display Frame 9
691.4409 	EXP 	Display Frame 0
691.4742 	EXP 	Display Frame 1
691.5075 	EXP 	Display Frame 2
691.5408 	EXP 	Display Frame 3
691.5742 	EXP 	Display Frame 4
691.6075 	EXP 	Display Frame 5
691.6409 	EXP 	Display Frame 6
691.6742 	EXP 	Display Frame 7
691.7075 	EXP 	Display Frame 8
691.7408 	EXP 	Display Frame 9
691.7742 	EXP 	Display Frame 0
691.8075 	EXP 	Display Frame 1
691.8410 	EXP 	Display Frame 2
691.8742 	EXP 	Display Frame 3
691.9075 	EXP 	Display Frame 4
691.9408 	EXP 	Display Frame 5
691.9742 	EXP 	Display Frame 6
692.0075 	EXP 	Display Frame 7
692.0409 	EXP 	Display Frame 8
692.0742 	EXP 	Display Frame 9
692.1075 	EXP 	Display Frame 0
692.1408 	EXP 	Display Frame 1
692.1742 	EXP 	Display Frame 2
692.2075 	EXP 	Display Frame 3
692.2409 	EXP 	Display Frame 4
692.2742 	EXP 	Display Frame 5
692.3075 	EXP 	Display Frame 6
692.3409 	EXP 	Display Frame 7
692.3742 	EXP 	Display Frame 8
692.4075 	EXP 	Display Frame 9
692.4408 	EXP 	Display Frame 0
692.4742 	EXP 	Display Frame 1
692.5075 	EXP 	Display Frame 2
692.5408 	EXP 	Display Frame 3
692.5741 	EXP 	Display Frame 4
692.6075 	EXP 	Display Frame 5
692.6409 	EXP 	Display Frame 6
692.6742 	EXP 	Display Frame 7
692.7075 	EXP 	Display Frame 8
692.7408 	EXP 	Display Frame 9
692.7742 	EXP 	Display Frame 0
692.8075 	EXP 	Display Frame 1
692.8408 	EXP 	Display Frame 2
692.8742 	EXP 	Display Frame 3
692.9075 	EXP 	Display Frame 4
692.9409 	EXP 	Display Frame 5
692.9742 	EXP 	Display Frame 6
693.0075 	EXP 	Display Frame 7
693.0408 	EXP 	Display Frame 8
693.0742 	EXP 	Display Frame 9
693.1075 	EXP 	Display Frame 0
693.1408 	EXP 	Display Frame 1
693.1742 	EXP 	Display Frame 2
693.2075 	EXP 	Display Frame 3
693.2408 	EXP 	Display Frame 4
693.2742 	EXP 	Display Frame 5
693.3075 	EXP 	Display Frame 6
693.3409 	EXP 	Display Frame 7
693.3742 	EXP 	Display Frame 8
693.4075 	EXP 	Display Frame 9
693.4411 	EXP 	Display Frame 0
693.4742 	EXP 	Display Frame 1
693.5076 	DATA 	Keypress: equal
693.5087 	EXP 	Display Frame 2
693.5409 	EXP 	Display Frame 3
693.5742 	EXP 	Display Frame 4
693.6075 	EXP 	Display Frame 5
693.6408 	EXP 	Display Frame 6
693.6742 	EXP 	Display Frame 7
693.7075 	EXP 	Display Frame 8
693.7408 	EXP 	Display Frame 9
693.7742 	EXP 	Display Frame 0
693.8075 	EXP 	Display Frame 1
693.8409 	EXP 	Display Frame 2
693.8742 	EXP 	Display Frame 3
693.9075 	EXP 	Display Frame 4
693.9409 	EXP 	Display Frame 5
693.9742 	EXP 	Display Frame 6
694.0075 	EXP 	Display Frame 7
694.0408 	EXP 	Display Frame 8
694.0742 	EXP 	Display Frame 9
694.1075 	EXP 	Display Frame 0
694.1408 	EXP 	Display Frame 1
694.1742 	EXP 	Display Frame 2
694.2075 	EXP 	Display Frame 3
694.2408 	EXP 	Display Frame 4
694.2742 	EXP 	Display Frame 5
694.3075 	EXP 	Display Frame 6
694.3408 	EXP 	Display Frame 7
694.3742 	EXP 	Display Frame 8
694.4075 	EXP 	Display Frame 9
694.4409 	EXP 	Display Frame 0
694.4742 	EXP 	Display Frame 1
694.5075 	EXP 	Display Frame 2
694.5409 	EXP 	Display Frame 3
694.5742 	EXP 	Display Frame 4
694.6075 	EXP 	Display Frame 5
694.6408 	EXP 	Display Frame 6
694.6742 	EXP 	Display Frame 7
694.7075 	EXP 	Display Frame 8
694.7409 	EXP 	Display Frame 9
694.7742 	EXP 	Display Frame 0
694.8075 	EXP 	Display Frame 1
694.8409 	EXP 	Display Frame 2
694.8742 	EXP 	Display Frame 3
694.9075 	EXP 	Display Frame 4
694.9408 	EXP 	Display Frame 5
694.9742 	EXP 	Display Frame 6
695.0075 	EXP 	Display Frame 7
695.0409 	EXP 	Display Frame 8
695.0742 	EXP 	Display Frame 9
695.1075 	EXP 	Display Frame 0
695.1408 	EXP 	Display Frame 1
695.1742 	EXP 	Display Frame 2
695.2075 	EXP 	Display Frame 3
695.2408 	EXP 	Display Frame 4
695.2742 	EXP 	Display Frame 5
695.3075 	EXP 	Display Frame 6
695.3409 	EXP 	Display Frame 7
695.3742 	EXP 	Display Frame 8
695.4075 	EXP 	Display Frame 9
695.4408 	EXP 	Display Frame 0
695.4742 	EXP 	Display Frame 1
695.5075 	EXP 	Display Frame 2
695.5408 	EXP 	Display Frame 3
695.5742 	EXP 	Display Frame 4
695.6075 	EXP 	Display Frame 5
695.6409 	EXP 	Display Frame 6
695.6742 	EXP 	Display Frame 7
695.7075 	EXP 	Display Frame 8
695.7408 	EXP 	Display Frame 9
695.7742 	EXP 	Display Frame 0
695.8075 	EXP 	Display Frame 1
695.8408 	EXP 	Display Frame 2
695.8742 	EXP 	Display Frame 3
695.9075 	EXP 	Display Frame 4
695.9408 	EXP 	Display Frame 5
695.9742 	EXP 	Display Frame 6
696.0075 	EXP 	Display Frame 7
696.0408 	EXP 	Display Frame 8
696.0742 	EXP 	Display Frame 9
696.1075 	EXP 	Display Frame 0
696.1408 	EXP 	Display Frame 1
696.1742 	EXP 	Display Frame 2
696.2075 	EXP 	Display Frame 3
696.2408 	EXP 	Display Frame 4
696.2742 	EXP 	Display Frame 5
696.3075 	EXP 	Display Frame 6
696.3408 	EXP 	Display Frame 7
696.3742 	EXP 	Display Frame 8
696.4075 	EXP 	Display Frame 9
696.4408 	EXP 	Display Frame 0
696.4742 	EXP 	Display Frame 1
696.5076 	EXP 	Display Frame 2
696.5409 	EXP 	Display Frame 3
696.5741 	EXP 	Display Frame 4
696.6075 	EXP 	Display Frame 5
696.6409 	EXP 	Display Frame 6
696.6742 	EXP 	Display Frame 7
696.7075 	EXP 	Display Frame 8
696.7409 	EXP 	Display Frame 9
696.7742 	EXP 	Display Frame 0
696.8075 	EXP 	Display Frame 1
696.8409 	EXP 	Display Frame 2
696.8742 	EXP 	Display Frame 3
696.9075 	EXP 	Display Frame 4
696.9408 	EXP 	Display Frame 5
696.9742 	EXP 	Display Frame 6
697.0075 	EXP 	Display Frame 7
697.0409 	EXP 	Display Frame 8
697.0741 	EXP 	Display Frame 9
697.1075 	EXP 	Display Frame 0
697.1408 	EXP 	Display Frame 1
697.1743 	EXP 	Display Frame 2
697.2077 	EXP 	Display Frame 3
697.2408 	EXP 	Display Frame 4
697.2742 	EXP 	Display Frame 5
697.3075 	EXP 	Display Frame 6
697.3409 	EXP 	Display Frame 7
697.3742 	EXP 	Display Frame 8
697.4075 	EXP 	Display Frame 9
697.4409 	EXP 	Display Frame 0
697.4742 	EXP 	Display Frame 1
697.5075 	EXP 	Display Frame 2
697.5409 	EXP 	Display Frame 3
697.5742 	EXP 	Display Frame 4
697.6075 	EXP 	Display Frame 5
697.6409 	EXP 	Display Frame 6
697.6742 	EXP 	Display Frame 7
697.7075 	EXP 	Display Frame 8
697.7408 	EXP 	Display Frame 9
697.7742 	EXP 	Display Frame 0
697.8075 	EXP 	Display Frame 1
697.8408 	EXP 	Display Frame 2
697.8742 	EXP 	Display Frame 3
697.9075 	EXP 	Display Frame 4
697.9408 	EXP 	Display Frame 5
697.9742 	EXP 	Display Frame 6
698.0075 	EXP 	Display Frame 7
698.0409 	EXP 	Display Frame 8
698.0741 	EXP 	Display Frame 9
698.1075 	EXP 	Display Frame 0
698.1408 	EXP 	Display Frame 1
698.1742 	EXP 	Display Frame 2
698.2075 	EXP 	Display Frame 3
698.2408 	EXP 	Display Frame 4
698.2742 	EXP 	Display Frame 5
698.3075 	EXP 	Display Frame 6
698.3409 	EXP 	Display Frame 7
698.3742 	EXP 	Display Frame 8
698.4075 	EXP 	Display Frame 9
698.4408 	EXP 	Display Frame 0
698.4742 	EXP 	Display Frame 1
698.5075 	EXP 	Display Frame 2
698.5409 	EXP 	Display Frame 3
698.5742 	EXP 	Display Frame 4
698.6075 	EXP 	Display Frame 5
698.6409 	EXP 	Display Frame 6
698.6742 	EXP 	Display Frame 7
698.7076 	DATA 	Keypress: equal
698.7087 	EXP 	Display Frame 8
698.7408 	EXP 	Display Frame 9
698.7742 	EXP 	Display Frame 0
698.8075 	EXP 	Display Frame 1
698.8408 	EXP 	Display Frame 2
698.8742 	EXP 	Display Frame 3
698.9075 	EXP 	Display Frame 4
698.9409 	EXP 	Display Frame 5
698.9742 	EXP 	Display Frame 6
699.0084 	EXP 	Display Frame 7
699.0408 	EXP 	Display Frame 8
699.0742 	EXP 	Display Frame 9
699.1075 	EXP 	Display Frame 0
699.1408 	EXP 	Display Frame 1
699.1742 	EXP 	Display Frame 2
699.2075 	EXP 	Display Frame 3
699.2409 	EXP 	Display Frame 4
699.2742 	EXP 	Display Frame 5
699.3076 	EXP 	Display Frame 6
699.3409 	EXP 	Display Frame 7
699.3742 	EXP 	Display Frame 8
699.4075 	EXP 	Display Frame 9
699.4409 	EXP 	Display Frame 0
699.4742 	EXP 	Display Frame 1
699.5075 	EXP 	Display Frame 2
699.5408 	EXP 	Display Frame 3
699.5742 	EXP 	Display Frame 4
699.6075 	EXP 	Display Frame 5
699.6409 	EXP 	Display Frame 6
699.6742 	EXP 	Display Frame 7
699.7075 	EXP 	Display Frame 8
699.7409 	EXP 	Display Frame 9
699.7752 	EXP 	Display Frame 0
699.8078 	EXP 	Display Frame 1
699.8409 	EXP 	Display Frame 2
699.8742 	EXP 	Display Frame 3
699.9075 	EXP 	Display Frame 4
699.9409 	EXP 	Display Frame 5
699.9742 	EXP 	Display Frame 6
700.0075 	EXP 	Display Frame 7
700.0409 	EXP 	Display Frame 8
700.0742 	EXP 	Display Frame 9
700.1075 	EXP 	Display Frame 0
700.1408 	EXP 	Display Frame 1
700.1742 	EXP 	Display Frame 2
700.2075 	EXP 	Display Frame 3
700.2409 	EXP 	Display Frame 4
700.2742 	EXP 	Display Frame 5
700.3075 	EXP 	Display Frame 6
700.3409 	EXP 	Display Frame 7
700.3742 	EXP 	Display Frame 8
700.4075 	EXP 	Display Frame 9
700.4409 	EXP 	Display Frame 0
700.4742 	EXP 	Display Frame 1
700.5076 	EXP 	Display Frame 2
700.5408 	EXP 	Display Frame 3
700.5742 	EXP 	Display Frame 4
700.6075 	EXP 	Display Frame 5
700.6409 	EXP 	Display Frame 6
700.6742 	EXP 	Display Frame 7
700.7075 	EXP 	Display Frame 8
700.7409 	EXP 	Display Frame 9
700.7742 	EXP 	Display Frame 0
700.8075 	EXP 	Display Frame 1
700.8408 	EXP 	Display Frame 2
700.8742 	EXP 	Display Frame 3
700.9075 	EXP 	Display Frame 4
700.9408 	EXP 	Display Frame 5
700.9742 	EXP 	Display Frame 6
701.0075 	EXP 	Display Frame 7
701.0409 	EXP 	Display Frame 8
701.0742 	EXP 	Display Frame 9
701.1075 	EXP 	Display Frame 0
701.1408 	EXP 	Display Frame 1
701.1742 	EXP 	Display Frame 2
701.2075 	EXP 	Display Frame 3
701.2408 	EXP 	Display Frame 4
701.2742 	EXP 	Display Frame 5
701.3075 	EXP 	Display Frame 6
701.3409 	EXP 	Display Frame 7
701.3742 	EXP 	Display Frame 8
701.4075 	EXP 	Display Frame 9
701.4409 	EXP 	Display Frame 0
701.4742 	EXP 	Display Frame 1
701.5075 	EXP 	Display Frame 2
701.5408 	EXP 	Display Frame 3
701.5742 	EXP 	Display Frame 4
701.6075 	EXP 	Display Frame 5
701.6409 	EXP 	Display Frame 6
701.6742 	EXP 	Display Frame 7
701.7075 	EXP 	Display Frame 8
701.7408 	EXP 	Display Frame 9
701.7742 	EXP 	Display Frame 0
701.8075 	EXP 	Display Frame 1
701.8408 	EXP 	Display Frame 2
701.8742 	EXP 	Display Frame 3
701.9075 	EXP 	Display Frame 4
701.9408 	EXP 	Display Frame 5
701.9742 	EXP 	Display Frame 6
702.0075 	EXP 	Display Frame 7
702.0408 	EXP 	Display Frame 8
702.0741 	EXP 	Display Frame 9
702.1075 	EXP 	Display Frame 0
702.1408 	EXP 	Display Frame 1
702.1742 	EXP 	Display Frame 2
702.2075 	EXP 	Display Frame 3
702.2408 	EXP 	Display Frame 4
702.2742 	EXP 	Display Frame 5
702.3075 	EXP 	Display Frame 6
702.3408 	EXP 	Display Frame 7
702.3742 	EXP 	Display Frame 8
702.4075 	EXP 	Display Frame 9
702.4408 	EXP 	Display Frame 0
702.4742 	EXP 	Display Frame 1
702.5076 	EXP 	Display Frame 2
702.5409 	EXP 	Display Frame 3
702.5742 	EXP 	Display Frame 4
702.6075 	EXP 	Display Frame 5
702.6408 	EXP 	Display Frame 6
702.6742 	EXP 	Display Frame 7
702.7075 	EXP 	Display Frame 8
702.7408 	EXP 	Display Frame 9
702.7742 	EXP 	Display Frame 0
702.8075 	EXP 	Display Frame 1
702.8408 	EXP 	Display Frame 2
702.8742 	EXP 	Display Frame 3
702.9075 	EXP 	Display Frame 4
702.9409 	EXP 	Display Frame 5
702.9742 	EXP 	Display Frame 6
703.0075 	EXP 	Display Frame 7
703.0408 	EXP 	Display Frame 8
703.0742 	EXP 	Display Frame 9
703.1075 	EXP 	Display Frame 0
703.1408 	EXP 	Display Frame 1
703.1742 	EXP 	Display Frame 2
703.2075 	EXP 	Display Frame 3
703.2408 	EXP 	Display Frame 4
703.2742 	EXP 	Display Frame 5
703.3075 	EXP 	Display Frame 6
703.3408 	EXP 	Display Frame 7
703.3742 	EXP 	Display Frame 8
703.4075 	EXP 	Display Frame 9
703.4409 	EXP 	Display Frame 0
703.4742 	EXP 	Display Frame 1
703.5075 	EXP 	Display Frame 2
703.5408 	EXP 	Display Frame 3
703.5742 	EXP 	Display Frame 4
703.6075 	EXP 	Display Frame 5
703.6408 	EXP 	Display Frame 6
703.6742 	EXP 	Display Frame 7
703.7075 	EXP 	Display Frame 8
703.7409 	EXP 	Display Frame 9
703.7742 	EXP 	Display Frame 0
703.8075 	EXP 	Display Frame 1
703.8408 	EXP 	Display Frame 2
703.8742 	EXP 	Display Frame 3
703.9076 	DATA 	Keypress: equal
703.9087 	EXP 	Display Frame 4
703.9409 	EXP 	Display Frame 5
703.9742 	EXP 	Display Frame 6
704.0075 	EXP 	Display Frame 7
704.0409 	EXP 	Display Frame 8
704.0742 	EXP 	Display Frame 9
704.1075 	EXP 	Display Frame 0
704.1408 	EXP 	Display Frame 1
704.1742 	EXP 	Display Frame 2
704.2075 	EXP 	Display Frame 3
704.2408 	EXP 	Display Frame 4
704.2742 	EXP 	Display Frame 5
704.3075 	EXP 	Display Frame 6
704.3409 	EXP 	Display Frame 7
704.3742 	EXP 	Display Frame 8
704.4075 	EXP 	Display Frame 9
704.4409 	EXP 	Display Frame 0
704.4742 	EXP 	Display Frame 1
704.5075 	EXP 	Display Frame 2
704.5408 	EXP 	Display Frame 3
704.5742 	EXP 	Display Frame 4
704.6075 	EXP 	Display Frame 5
704.6409 	EXP 	Display Frame 6
704.6742 	EXP 	Display Frame 7
704.7075 	EXP 	Display Frame 8
704.7408 	EXP 	Display Frame 9
704.7742 	EXP 	Display Frame 0
704.8075 	EXP 	Display Frame 1
704.8408 	EXP 	Display Frame 2
704.8742 	EXP 	Display Frame 3
704.9075 	EXP 	Display Frame 4
704.9409 	EXP 	Display Frame 5
704.9742 	EXP 	Display Frame 6
705.0075 	EXP 	Display Frame 7
705.0408 	EXP 	Display Frame 8
705.0742 	EXP 	Display Frame 9
705.1075 	EXP 	Display Frame 0
705.1410 	EXP 	Display Frame 1
705.1743 	EXP 	Display Frame 2
705.2075 	EXP 	Display Frame 3
705.2409 	EXP 	Display Frame 4
705.2742 	EXP 	Display Frame 5
705.3075 	EXP 	Display Frame 6
705.3409 	EXP 	Display Frame 7
705.3742 	EXP 	Display Frame 8
705.4075 	EXP 	Display Frame 9
705.4408 	EXP 	Display Frame 0
705.4742 	EXP 	Display Frame 1
705.5075 	EXP 	Display Frame 2
705.5408 	EXP 	Display Frame 3
705.5746 	EXP 	Display Frame 4
705.6076 	EXP 	Display Frame 5
705.6409 	EXP 	Display Frame 6
705.6742 	EXP 	Display Frame 7
705.7075 	EXP 	Display Frame 8
705.7409 	EXP 	Display Frame 9
705.7742 	EXP 	Display Frame 0
705.8075 	EXP 	Display Frame 1
705.8409 	EXP 	Display Frame 2
705.8742 	EXP 	Display Frame 3
705.9075 	EXP 	Display Frame 4
705.9408 	EXP 	Display Frame 5
705.9742 	EXP 	Display Frame 6
706.0075 	EXP 	Display Frame 7
706.0408 	EXP 	Display Frame 8
706.0742 	EXP 	Display Frame 9
706.1075 	EXP 	Display Frame 0
706.1408 	EXP 	Display Frame 1
706.1742 	EXP 	Display Frame 2
706.2075 	EXP 	Display Frame 3
706.2409 	EXP 	Display Frame 4
706.2742 	EXP 	Display Frame 5
706.3075 	EXP 	Display Frame 6
706.3409 	EXP 	Display Frame 7
706.3742 	EXP 	Display Frame 8
706.4075 	EXP 	Display Frame 9
706.4408 	EXP 	Display Frame 0
706.4742 	EXP 	Display Frame 1
706.5075 	EXP 	Display Frame 2
706.5409 	EXP 	Display Frame 3
706.5742 	EXP 	Display Frame 4
706.6075 	EXP 	Display Frame 5
706.6409 	EXP 	Display Frame 6
706.6742 	EXP 	Display Frame 7
706.7075 	EXP 	Display Frame 8
706.7408 	EXP 	Display Frame 9
706.7742 	EXP 	Display Frame 0
706.8075 	EXP 	Display Frame 1
706.8409 	EXP 	Display Frame 2
706.8741 	EXP 	Display Frame 3
706.9075 	EXP 	Display Frame 4
706.9409 	EXP 	Display Frame 5
706.9742 	EXP 	Display Frame 6
707.0075 	EXP 	Display Frame 7
707.0409 	EXP 	Display Frame 8
707.0741 	EXP 	Display Frame 9
707.1075 	EXP 	Display Frame 0
707.1408 	EXP 	Display Frame 1
707.1742 	EXP 	Display Frame 2
707.2075 	EXP 	Display Frame 3
707.2408 	EXP 	Display Frame 4
707.2742 	EXP 	Display Frame 5
707.3075 	EXP 	Display Frame 6
707.3408 	EXP 	Display Frame 7
707.3742 	EXP 	Display Frame 8
707.4075 	EXP 	Display Frame 9
707.4408 	EXP 	Display Frame 0
707.4742 	EXP 	Display Frame 1
707.5075 	EXP 	Display Frame 2
707.5408 	EXP 	Display Frame 3
707.5742 	EXP 	Display Frame 4
707.6075 	EXP 	Display Frame 5
707.6409 	EXP 	Display Frame 6
707.6742 	EXP 	Display Frame 7
707.7075 	EXP 	Display Frame 8
707.7408 	EXP 	Display Frame 9
707.7742 	EXP 	Display Frame 0
707.8075 	EXP 	Display Frame 1
707.8410 	EXP 	Display Frame 2
707.8742 	EXP 	Display Frame 3
707.9075 	EXP 	Display Frame 4
707.9409 	EXP 	Display Frame 5
707.9742 	EXP 	Display Frame 6
708.0075 	EXP 	Display Frame 7
708.0409 	EXP 	Display Frame 8
708.0742 	EXP 	Display Frame 9
708.1075 	EXP 	Display Frame 0
708.1408 	EXP 	Display Frame 1
708.1742 	EXP 	Display Frame 2
708.2075 	EXP 	Display Frame 3
708.2409 	EXP 	Display Frame 4
708.2742 	EXP 	Display Frame 5
708.3075 	EXP 	Display Frame 6
708.3408 	EXP 	Display Frame 7
708.3742 	EXP 	Display Frame 8
708.4075 	EXP 	Display Frame 9
708.4408 	EXP 	Display Frame 0
708.4742 	EXP 	Display Frame 1
708.5075 	EXP 	Display Frame 2
708.5409 	EXP 	Display Frame 3
708.5742 	EXP 	Display Frame 4
708.6075 	EXP 	Display Frame 5
708.6408 	EXP 	Display Frame 6
708.6742 	EXP 	Display Frame 7
708.7075 	EXP 	Display Frame 8
708.7408 	EXP 	Display Frame 9
708.7742 	EXP 	Display Frame 0
708.8075 	EXP 	Display Frame 1
708.8408 	EXP 	Display Frame 2
708.8742 	EXP 	Display Frame 3
708.9075 	EXP 	Display Frame 4
708.9409 	EXP 	Display Frame 5
708.9742 	EXP 	Display Frame 6
709.0075 	EXP 	Display Frame 7
709.0408 	EXP 	Display Frame 8
709.0742 	EXP 	Display Frame 9
709.0750 	DATA 	Keypress: equal
709.1075 	EXP 	Display Frame 0
709.1408 	EXP 	Display Frame 1
709.1742 	EXP 	Display Frame 2
709.2075 	EXP 	Display Frame 3
709.2408 	EXP 	Display Frame 4
709.2742 	EXP 	Display Frame 5
709.3075 	EXP 	Display Frame 6
709.3409 	EXP 	Display Frame 7
709.3742 	EXP 	Display Frame 8
709.4075 	EXP 	Display Frame 9
709.4409 	EXP 	Display Frame 0
709.4742 	EXP 	Display Frame 1
709.5075 	EXP 	Display Frame 2
709.5408 	EXP 	Display Frame 3
709.5742 	EXP 	Display Frame 4
709.6075 	EXP 	Display Frame 5
709.6409 	EXP 	Display Frame 6
709.6742 	EXP 	Display Frame 7
709.7075 	EXP 	Display Frame 8
709.7409 	EXP 	Display Frame 9
709.7742 	EXP 	Display Frame 0
709.8075 	EXP 	Display Frame 1
709.8408 	EXP 	Display Frame 2
709.8742 	EXP 	Display Frame 3
709.9075 	EXP 	Display Frame 4
709.9408 	EXP 	Display Frame 5
709.9742 	EXP 	Display Frame 6
710.0075 	EXP 	Display Frame 7
710.0408 	EXP 	Display Frame 8
710.0742 	EXP 	Display Frame 9
710.1075 	EXP 	Display Frame 0
710.1408 	EXP 	Display Frame 1
710.1742 	EXP 	Display Frame 2
710.2075 	EXP 	Display Frame 3
710.2408 	EXP 	Display Frame 4
710.2742 	EXP 	Display Frame 5
710.3075 	EXP 	Display Frame 6
710.3409 	EXP 	Display Frame 7
710.3742 	EXP 	Display Frame 8
710.4075 	EXP 	Display Frame 9
710.4409 	EXP 	Display Frame 0
710.4742 	EXP 	Display Frame 1
710.5075 	EXP 	Display Frame 2
710.5409 	EXP 	Display Frame 3
710.5742 	EXP 	Display Frame 4
710.6075 	EXP 	Display Frame 5
710.6408 	EXP 	Display Frame 6
710.6742 	EXP 	Display Frame 7
710.7075 	EXP 	Display Frame 8
710.7409 	EXP 	Display Frame 9
710.7742 	EXP 	Display Frame 0
710.8075 	EXP 	Display Frame 1
710.8409 	EXP 	Display Frame 2
710.8742 	EXP 	Display Frame 3
710.9075 	EXP 	Display Frame 4
710.9409 	EXP 	Display Frame 5
710.9742 	EXP 	Display Frame 6
711.0075 	EXP 	Display Frame 7
711.0409 	EXP 	Display Frame 8
711.0742 	EXP 	Display Frame 9
711.1075 	EXP 	Display Frame 0
711.1408 	EXP 	Display Frame 1
711.1742 	EXP 	Display Frame 2
711.2075 	EXP 	Display Frame 3
711.2408 	EXP 	Display Frame 4
711.2742 	EXP 	Display Frame 5
711.3075 	EXP 	Display Frame 6
711.3409 	EXP 	Display Frame 7
711.3742 	EXP 	Display Frame 8
711.4075 	EXP 	Display Frame 9
711.4409 	EXP 	Display Frame 0
711.4742 	EXP 	Display Frame 1
711.5075 	EXP 	Display Frame 2
711.5409 	EXP 	Display Frame 3
711.5742 	EXP 	Display Frame 4
711.6075 	EXP 	Display Frame 5
711.6409 	EXP 	Display Frame 6
711.6742 	EXP 	Display Frame 7
711.7075 	EXP 	Display Frame 8
711.7409 	EXP 	Display Frame 9
711.7742 	EXP 	Display Frame 0
711.8075 	EXP 	Display Frame 1
711.8409 	EXP 	Display Frame 2
711.8742 	EXP 	Display Frame 3
711.9077 	EXP 	Display Frame 4
711.9409 	EXP 	Display Frame 5
711.9742 	EXP 	Display Frame 6
712.0076 	EXP 	Display Frame 7
712.0410 	EXP 	Display Frame 8
712.0742 	EXP 	Display Frame 9
712.1076 	EXP 	Display Frame 0
712.1408 	EXP 	Display Frame 1
712.1742 	EXP 	Display Frame 2
712.2075 	EXP 	Display Frame 3
712.2409 	EXP 	Display Frame 4
712.2742 	EXP 	Display Frame 5
712.3075 	EXP 	Display Frame 6
712.3409 	EXP 	Display Frame 7
712.3742 	EXP 	Display Frame 8
712.4075 	EXP 	Display Frame 9
712.4409 	EXP 	Display Frame 0
712.4742 	EXP 	Display Frame 1
712.5075 	EXP 	Display Frame 2
712.5408 	EXP 	Display Frame 3
712.5742 	EXP 	Display Frame 4
712.6075 	EXP 	Display Frame 5
712.6409 	EXP 	Display Frame 6
712.6742 	EXP 	Display Frame 7
712.7075 	EXP 	Display Frame 8
712.7410 	EXP 	Display Frame 9
712.7742 	EXP 	Display Frame 0
712.8075 	EXP 	Display Frame 1
712.8408 	EXP 	Display Frame 2
712.8742 	EXP 	Display Frame 3
712.9075 	EXP 	Display Frame 4
712.9408 	EXP 	Display Frame 5
712.9742 	EXP 	Display Frame 6
713.0075 	EXP 	Display Frame 7
713.0409 	EXP 	Display Frame 8
713.0742 	EXP 	Display Frame 9
713.1075 	EXP 	Display Frame 0
713.1408 	EXP 	Display Frame 1
713.1743 	EXP 	Display Frame 2
713.2075 	EXP 	Display Frame 3
713.2408 	EXP 	Display Frame 4
713.2742 	EXP 	Display Frame 5
713.3076 	EXP 	Display Frame 6
713.3408 	EXP 	Display Frame 7
713.3742 	EXP 	Display Frame 8
713.4075 	EXP 	Display Frame 9
713.4409 	EXP 	Display Frame 0
713.4742 	EXP 	Display Frame 1
713.5075 	EXP 	Display Frame 2
713.5408 	EXP 	Display Frame 3
713.5742 	EXP 	Display Frame 4
713.6075 	EXP 	Display Frame 5
713.6408 	EXP 	Display Frame 6
713.6742 	EXP 	Display Frame 7
713.7076 	EXP 	Display Frame 8
713.7409 	EXP 	Display Frame 9
713.7743 	EXP 	Display Frame 0
713.8075 	EXP 	Display Frame 1
713.8409 	EXP 	Display Frame 2
713.8742 	EXP 	Display Frame 3
713.9075 	EXP 	Display Frame 4
713.9409 	EXP 	Display Frame 5
713.9742 	EXP 	Display Frame 6
714.0075 	EXP 	Display Frame 7
714.0409 	EXP 	Display Frame 8
714.0742 	EXP 	Display Frame 9
714.1076 	EXP 	Display Frame 0
714.1408 	EXP 	Display Frame 1
714.1742 	EXP 	Display Frame 2
714.2076 	EXP 	Display Frame 3
714.2408 	EXP 	Display Frame 4
714.2743 	DATA 	Keypress: equal
714.2753 	EXP 	Display Frame 5
714.2831 	EXP 	Display Fixation
719.4619 	DATA 	Keypress: equal
724.6558 	DATA 	Keypress: equal
729.8498 	DATA 	Keypress: equal
735.0427 	DATA 	Keypress: equal
740.2369 	DATA 	Keypress: equal
745.4298 	DATA 	Keypress: equal
745.4643 	EXP 	Display Frame 1
745.4975 	EXP 	Display Frame 2
745.5309 	EXP 	Display Frame 3
745.5642 	EXP 	Display Frame 4
745.5975 	EXP 	Display Frame 5
745.6308 	EXP 	Display Frame 6
745.6641 	EXP 	Display Frame 7
745.6975 	EXP 	Display Frame 8
745.7308 	EXP 	Display Frame 9
745.7641 	EXP 	Display Frame 0
745.7975 	EXP 	Display Frame 1
745.8308 	EXP 	Display Frame 2
745.8642 	EXP 	Display Frame 3
745.8975 	EXP 	Display Frame 4
745.9308 	EXP 	Display Frame 5
745.9641 	EXP 	Display Frame 6
745.9975 	EXP 	Display Frame 7
746.0308 	EXP 	Display Frame 8
746.0641 	EXP 	Display Frame 9
746.0975 	EXP 	Display Frame 0
746.1308 	EXP 	Display Frame 1
746.1641 	EXP 	Display Frame 2
746.1975 	EXP 	Display Frame 3
746.2308 	EXP 	Display Frame 4
746.2641 	EXP 	Display Frame 5
746.2975 	EXP 	Display Frame 6
746.3308 	EXP 	Display Frame 7
746.3641 	EXP 	Display Frame 8
746.3975 	EXP 	Display Frame 9
746.4308 	EXP 	Display Frame 0
746.4641 	EXP 	Display Frame 1
746.4975 	EXP 	Display Frame 2
746.5308 	EXP 	Display Frame 3
746.5641 	EXP 	Display Frame 4
746.5975 	EXP 	Display Frame 5
746.6308 	EXP 	Display Frame 6
746.6641 	EXP 	Display Frame 7
746.6975 	EXP 	Display Frame 8
746.7308 	EXP 	Display Frame 9
746.7642 	EXP 	Display Frame 0
746.7975 	EXP 	Display Frame 1
746.8308 	EXP 	Display Frame 2
746.8641 	EXP 	Display Frame 3
746.8975 	EXP 	Display Frame 4
746.9308 	EXP 	Display Frame 5
746.9641 	EXP 	Display Frame 6
746.9974 	EXP 	Display Frame 7
747.0308 	EXP 	Display Frame 8
747.0642 	EXP 	Display Frame 9
747.0975 	EXP 	Display Frame 0
747.1308 	EXP 	Display Frame 1
747.1641 	EXP 	Display Frame 2
747.1975 	EXP 	Display Frame 3
747.2308 	EXP 	Display Frame 4
747.2642 	EXP 	Display Frame 5
747.2974 	EXP 	Display Frame 6
747.3308 	EXP 	Display Frame 7
747.3641 	EXP 	Display Frame 8
747.3975 	EXP 	Display Frame 9
747.4308 	EXP 	Display Frame 0
747.4641 	EXP 	Display Frame 1
747.4975 	EXP 	Display Frame 2
747.5308 	EXP 	Display Frame 3
747.5642 	EXP 	Display Frame 4
747.5975 	EXP 	Display Frame 5
747.6308 	EXP 	Display Frame 6
747.6641 	EXP 	Display Frame 7
747.6975 	EXP 	Display Frame 8
747.7308 	EXP 	Display Frame 9
747.7642 	EXP 	Display Frame 0
747.7974 	EXP 	Display Frame 1
747.8308 	EXP 	Display Frame 2
747.8641 	EXP 	Display Frame 3
747.8975 	EXP 	Display Frame 4
747.9308 	EXP 	Display Frame 5
747.9641 	EXP 	Display Frame 6
747.9975 	EXP 	Display Frame 7
748.0308 	EXP 	Display Frame 8
748.0642 	EXP 	Display Frame 9
748.0974 	EXP 	Display Frame 0
748.1308 	EXP 	Display Frame 1
748.1641 	EXP 	Display Frame 2
748.1975 	EXP 	Display Frame 3
748.2308 	EXP 	Display Frame 4
748.2644 	EXP 	Display Frame 5
748.2975 	EXP 	Display Frame 6
748.3308 	EXP 	Display Frame 7
748.3642 	EXP 	Display Frame 8
748.3975 	EXP 	Display Frame 9
748.4308 	EXP 	Display Frame 0
748.4641 	EXP 	Display Frame 1
748.4974 	EXP 	Display Frame 2
748.5308 	EXP 	Display Frame 3
748.5641 	EXP 	Display Frame 4
748.5975 	EXP 	Display Frame 5
748.6308 	EXP 	Display Frame 6
748.6641 	EXP 	Display Frame 7
748.6975 	EXP 	Display Frame 8
748.7308 	EXP 	Display Frame 9
748.7641 	EXP 	Display Frame 0
748.7974 	EXP 	Display Frame 1
748.8308 	EXP 	Display Frame 2
748.8641 	EXP 	Display Frame 3
748.8975 	EXP 	Display Frame 4
748.9308 	EXP 	Display Frame 5
748.9641 	EXP 	Display Frame 6
748.9975 	EXP 	Display Frame 7
749.0308 	EXP 	Display Frame 8
749.0641 	EXP 	Display Frame 9
749.0974 	EXP 	Display Frame 0
749.1308 	EXP 	Display Frame 1
749.1642 	EXP 	Display Frame 2
749.1975 	EXP 	Display Frame 3
749.2308 	EXP 	Display Frame 4
749.2641 	EXP 	Display Frame 5
749.2975 	EXP 	Display Frame 6
749.3308 	EXP 	Display Frame 7
749.3642 	EXP 	Display Frame 8
749.3975 	EXP 	Display Frame 9
749.4308 	EXP 	Display Frame 0
749.4641 	EXP 	Display Frame 1
749.4975 	EXP 	Display Frame 2
749.5308 	EXP 	Display Frame 3
749.5641 	EXP 	Display Frame 4
749.5975 	EXP 	Display Frame 5
749.6308 	EXP 	Display Frame 6
749.6642 	EXP 	Display Frame 7
749.6975 	EXP 	Display Frame 8
749.7308 	EXP 	Display Frame 9
749.7642 	EXP 	Display Frame 0
749.7974 	EXP 	Display Frame 1
749.8308 	EXP 	Display Frame 2
749.8641 	EXP 	Display Frame 3
749.8975 	EXP 	Display Frame 4
749.9308 	EXP 	Display Frame 5
749.9641 	EXP 	Display Frame 6
749.9975 	EXP 	Display Frame 7
750.0308 	EXP 	Display Frame 8
750.0641 	EXP 	Display Frame 9
750.0975 	EXP 	Display Frame 0
750.1308 	EXP 	Display Frame 1
750.1641 	EXP 	Display Frame 2
750.1975 	EXP 	Display Frame 3
750.2308 	EXP 	Display Frame 4
750.2641 	EXP 	Display Frame 5
750.2975 	EXP 	Display Frame 6
750.3308 	EXP 	Display Frame 7
750.3641 	EXP 	Display Frame 8
750.3975 	EXP 	Display Frame 9
750.4308 	EXP 	Display Frame 0
750.4642 	EXP 	Display Frame 1
750.4974 	EXP 	Display Frame 2
750.5308 	EXP 	Display Frame 3
750.5642 	EXP 	Display Frame 4
750.5974 	EXP 	Display Frame 5
750.6309 	DATA 	Keypress: equal
750.6320 	EXP 	Display Frame 6
750.6641 	EXP 	Display Frame 7
750.6975 	EXP 	Display Frame 8
750.7308 	EXP 	Display Frame 9
750.7641 	EXP 	Display Frame 0
750.7974 	EXP 	Display Frame 1
750.8308 	EXP 	Display Frame 2
750.8641 	EXP 	Display Frame 3
750.8975 	EXP 	Display Frame 4
750.9308 	EXP 	Display Frame 5
750.9641 	EXP 	Display Frame 6
750.9975 	EXP 	Display Frame 7
751.0308 	EXP 	Display Frame 8
751.0641 	EXP 	Display Frame 9
751.0975 	EXP 	Display Frame 0
751.1308 	EXP 	Display Frame 1
751.1642 	EXP 	Display Frame 2
751.1974 	EXP 	Display Frame 3
751.2308 	EXP 	Display Frame 4
751.2641 	EXP 	Display Frame 5
751.2975 	EXP 	Display Frame 6
751.3308 	EXP 	Display Frame 7
751.3641 	EXP 	Display Frame 8
751.3975 	EXP 	Display Frame 9
751.4308 	EXP 	Display Frame 0
751.4641 	EXP 	Display Frame 1
751.4975 	EXP 	Display Frame 2
751.5308 	EXP 	Display Frame 3
751.5642 	EXP 	Display Frame 4
751.5975 	EXP 	Display Frame 5
751.6308 	EXP 	Display Frame 6
751.6641 	EXP 	Display Frame 7
751.6974 	EXP 	Display Frame 8
751.7308 	EXP 	Display Frame 9
751.7641 	EXP 	Display Frame 0
751.7974 	EXP 	Display Frame 1
751.8308 	EXP 	Display Frame 2
751.8641 	EXP 	Display Frame 3
751.8975 	EXP 	Display Frame 4
751.9308 	EXP 	Display Frame 5
751.9641 	EXP 	Display Frame 6
751.9974 	EXP 	Display Frame 7
752.0308 	EXP 	Display Frame 8
752.0643 	EXP 	Display Frame 9
752.0975 	EXP 	Display Frame 0
752.1308 	EXP 	Display Frame 1
752.1641 	EXP 	Display Frame 2
752.1975 	EXP 	Display Frame 3
752.2308 	EXP 	Display Frame 4
752.2641 	EXP 	Display Frame 5
752.2974 	EXP 	Display Frame 6
752.3308 	EXP 	Display Frame 7
752.3641 	EXP 	Display Frame 8
752.3975 	EXP 	Display Frame 9
752.4308 	EXP 	Display Frame 0
752.4641 	EXP 	Display Frame 1
752.4975 	EXP 	Display Frame 2
752.5308 	EXP 	Display Frame 3
752.5641 	EXP 	Display Frame 4
752.5975 	EXP 	Display Frame 5
752.6308 	EXP 	Display Frame 6
752.6641 	EXP 	Display Frame 7
752.6975 	EXP 	Display Frame 8
752.7308 	EXP 	Display Frame 9
752.7641 	EXP 	Display Frame 0
752.7975 	EXP 	Display Frame 1
752.8308 	EXP 	Display Frame 2
752.8641 	EXP 	Display Frame 3
752.8975 	EXP 	Display Frame 4
752.9308 	EXP 	Display Frame 5
752.9641 	EXP 	Display Frame 6
752.9975 	EXP 	Display Frame 7
753.0308 	EXP 	Display Frame 8
753.0641 	EXP 	Display Frame 9
753.0975 	EXP 	Display Frame 0
753.1308 	EXP 	Display Frame 1
753.1642 	EXP 	Display Frame 2
753.1975 	EXP 	Display Frame 3
753.2308 	EXP 	Display Frame 4
753.2641 	EXP 	Display Frame 5
753.2975 	EXP 	Display Frame 6
753.3308 	EXP 	Display Frame 7
753.3641 	EXP 	Display Frame 8
753.3975 	EXP 	Display Frame 9
753.4308 	EXP 	Display Frame 0
753.4641 	EXP 	Display Frame 1
753.4975 	EXP 	Display Frame 2
753.5308 	EXP 	Display Frame 3
753.5641 	EXP 	Display Frame 4
753.5975 	EXP 	Display Frame 5
753.6308 	EXP 	Display Frame 6
753.6641 	EXP 	Display Frame 7
753.6975 	EXP 	Display Frame 8
753.7308 	EXP 	Display Frame 9
753.7641 	EXP 	Display Frame 0
753.7974 	EXP 	Display Frame 1
753.8308 	EXP 	Display Frame 2
753.8641 	EXP 	Display Frame 3
753.8975 	EXP 	Display Frame 4
753.9308 	EXP 	Display Frame 5
753.9641 	EXP 	Display Frame 6
753.9975 	EXP 	Display Frame 7
754.0308 	EXP 	Display Frame 8
754.0641 	EXP 	Display Frame 9
754.0975 	EXP 	Display Frame 0
754.1308 	EXP 	Display Frame 1
754.1641 	EXP 	Display Frame 2
754.1975 	EXP 	Display Frame 3
754.2308 	EXP 	Display Frame 4
754.2641 	EXP 	Display Frame 5
754.2975 	EXP 	Display Frame 6
754.3308 	EXP 	Display Frame 7
754.3641 	EXP 	Display Frame 8
754.3975 	EXP 	Display Frame 9
754.4308 	EXP 	Display Frame 0
754.4641 	EXP 	Display Frame 1
754.4975 	EXP 	Display Frame 2
754.5308 	EXP 	Display Frame 3
754.5641 	EXP 	Display Frame 4
754.5977 	EXP 	Display Frame 5
754.6308 	EXP 	Display Frame 6
754.6642 	EXP 	Display Frame 7
754.6975 	EXP 	Display Frame 8
754.7308 	EXP 	Display Frame 9
754.7641 	EXP 	Display Frame 0
754.7975 	EXP 	Display Frame 1
754.8308 	EXP 	Display Frame 2
754.8642 	EXP 	Display Frame 3
754.8975 	EXP 	Display Frame 4
754.9308 	EXP 	Display Frame 5
754.9641 	EXP 	Display Frame 6
754.9975 	EXP 	Display Frame 7
755.0308 	EXP 	Display Frame 8
755.0641 	EXP 	Display Frame 9
755.0975 	EXP 	Display Frame 0
755.1308 	EXP 	Display Frame 1
755.1641 	EXP 	Display Frame 2
755.1975 	EXP 	Display Frame 3
755.2308 	EXP 	Display Frame 4
755.2641 	EXP 	Display Frame 5
755.2975 	EXP 	Display Frame 6
755.3308 	EXP 	Display Frame 7
755.3641 	EXP 	Display Frame 8
755.3975 	EXP 	Display Frame 9
755.4308 	EXP 	Display Frame 0
755.4641 	EXP 	Display Frame 1
755.4975 	EXP 	Display Frame 2
755.5308 	EXP 	Display Frame 3
755.5641 	EXP 	Display Frame 4
755.5975 	EXP 	Display Frame 5
755.6308 	EXP 	Display Frame 6
755.6642 	EXP 	Display Frame 7
755.6975 	EXP 	Display Frame 8
755.7308 	EXP 	Display Frame 9
755.7641 	EXP 	Display Frame 0
755.7975 	EXP 	Display Frame 1
755.8309 	DATA 	Keypress: equal
755.8319 	EXP 	Display Frame 2
755.8641 	EXP 	Display Frame 3
755.8974 	EXP 	Display Frame 4
755.9308 	EXP 	Display Frame 5
755.9641 	EXP 	Display Frame 6
755.9975 	EXP 	Display Frame 7
756.0308 	EXP 	Display Frame 8
756.0641 	EXP 	Display Frame 9
756.0974 	EXP 	Display Frame 0
756.1308 	EXP 	Display Frame 1
756.1641 	EXP 	Display Frame 2
756.1975 	EXP 	Display Frame 3
756.2308 	EXP 	Display Frame 4
756.2641 	EXP 	Display Frame 5
756.2974 	EXP 	Display Frame 6
756.3308 	EXP 	Display Frame 7
756.3641 	EXP 	Display Frame 8
756.3975 	EXP 	Display Frame 9
756.4308 	EXP 	Display Frame 0
756.4641 	EXP 	Display Frame 1
756.4975 	EXP 	Display Frame 2
756.5308 	EXP 	Display Frame 3
756.5641 	EXP 	Display Frame 4
756.5975 	EXP 	Display Frame 5
756.6308 	EXP 	Display Frame 6
756.6642 	EXP 	Display Frame 7
756.6975 	EXP 	Display Frame 8
756.7308 	EXP 	Display Frame 9
756.7641 	EXP 	Display Frame 0
756.7975 	EXP 	Display Frame 1
756.8308 	EXP 	Display Frame 2
756.8641 	EXP 	Display Frame 3
756.8975 	EXP 	Display Frame 4
756.9308 	EXP 	Display Frame 5
756.9642 	EXP 	Display Frame 6
756.9975 	EXP 	Display Frame 7
757.0308 	EXP 	Display Frame 8
757.0641 	EXP 	Display Frame 9
757.0975 	EXP 	Display Frame 0
757.1308 	EXP 	Display Frame 1
757.1641 	EXP 	Display Frame 2
757.1975 	EXP 	Display Frame 3
757.2308 	EXP 	Display Frame 4
757.2641 	EXP 	Display Frame 5
757.2974 	EXP 	Display Frame 6
757.3308 	EXP 	Display Frame 7
757.3641 	EXP 	Display Frame 8
757.3975 	EXP 	Display Frame 9
757.4308 	EXP 	Display Frame 0
757.4641 	EXP 	Display Frame 1
757.4975 	EXP 	Display Frame 2
757.5308 	EXP 	Display Frame 3
757.5642 	EXP 	Display Frame 4
757.5975 	EXP 	Display Frame 5
757.6308 	EXP 	Display Frame 6
757.6641 	EXP 	Display Frame 7
757.6975 	EXP 	Display Frame 8
757.7308 	EXP 	Display Frame 9
757.7641 	EXP 	Display Frame 0
757.7974 	EXP 	Display Frame 1
757.8308 	EXP 	Display Frame 2
757.8641 	EXP 	Display Frame 3
757.8974 	EXP 	Display Frame 4
757.9308 	EXP 	Display Frame 5
757.9641 	EXP 	Display Frame 6
757.9975 	EXP 	Display Frame 7
758.0308 	EXP 	Display Frame 8
758.0641 	EXP 	Display Frame 9
758.0975 	EXP 	Display Frame 0
758.1308 	EXP 	Display Frame 1
758.1641 	EXP 	Display Frame 2
758.1975 	EXP 	Display Frame 3
758.2308 	EXP 	Display Frame 4
758.2641 	EXP 	Display Frame 5
758.2975 	EXP 	Display Frame 6
758.3308 	EXP 	Display Frame 7
758.3642 	EXP 	Display Frame 8
758.3974 	EXP 	Display Frame 9
758.4308 	EXP 	Display Frame 0
758.4641 	EXP 	Display Frame 1
758.4975 	EXP 	Display Frame 2
758.5308 	EXP 	Display Frame 3
758.5641 	EXP 	Display Frame 4
758.5975 	EXP 	Display Frame 5
758.6308 	EXP 	Display Frame 6
758.6642 	EXP 	Display Frame 7
758.6974 	EXP 	Display Frame 8
758.7308 	EXP 	Display Frame 9
758.7641 	EXP 	Display Frame 0
758.7975 	EXP 	Display Frame 1
758.8308 	EXP 	Display Frame 2
758.8641 	EXP 	Display Frame 3
758.8975 	EXP 	Display Frame 4
758.9308 	EXP 	Display Frame 5
758.9641 	EXP 	Display Frame 6
758.9975 	EXP 	Display Frame 7
759.0308 	EXP 	Display Frame 8
759.0641 	EXP 	Display Frame 9
759.0975 	EXP 	Display Frame 0
759.1308 	EXP 	Display Frame 1
759.1642 	EXP 	Display Frame 2
759.1975 	EXP 	Display Frame 3
759.2308 	EXP 	Display Frame 4
759.2641 	EXP 	Display Frame 5
759.2974 	EXP 	Display Frame 6
759.3308 	EXP 	Display Frame 7
759.3642 	EXP 	Display Frame 8
759.3975 	EXP 	Display Frame 9
759.4308 	EXP 	Display Frame 0
759.4641 	EXP 	Display Frame 1
759.4975 	EXP 	Display Frame 2
759.5308 	EXP 	Display Frame 3
759.5641 	EXP 	Display Frame 4
759.5974 	EXP 	Display Frame 5
759.6308 	EXP 	Display Frame 6
759.6641 	EXP 	Display Frame 7
759.6975 	EXP 	Display Frame 8
759.7308 	EXP 	Display Frame 9
759.7641 	EXP 	Display Frame 0
759.7975 	EXP 	Display Frame 1
759.8308 	EXP 	Display Frame 2
759.8641 	EXP 	Display Frame 3
759.8975 	EXP 	Display Frame 4
759.9308 	EXP 	Display Frame 5
759.9641 	EXP 	Display Frame 6
759.9975 	EXP 	Display Frame 7
760.0308 	EXP 	Display Frame 8
760.0642 	EXP 	Display Frame 9
760.0975 	EXP 	Display Frame 0
760.1308 	EXP 	Display Frame 1
760.1641 	EXP 	Display Frame 2
760.1974 	EXP 	Display Frame 3
760.2308 	EXP 	Display Frame 4
760.2641 	EXP 	Display Frame 5
760.2975 	EXP 	Display Frame 6
760.3308 	EXP 	Display Frame 7
760.3641 	EXP 	Display Frame 8
760.3975 	EXP 	Display Frame 9
760.4308 	EXP 	Display Frame 0
760.4641 	EXP 	Display Frame 1
760.4974 	EXP 	Display Frame 2
760.5308 	EXP 	Display Frame 3
760.5641 	EXP 	Display Frame 4
760.5975 	EXP 	Display Frame 5
760.6308 	EXP 	Display Frame 6
760.6641 	EXP 	Display Frame 7
760.6975 	EXP 	Display Frame 8
760.7308 	EXP 	Display Frame 9
760.7641 	EXP 	Display Frame 0
760.7975 	EXP 	Display Frame 1
760.8308 	EXP 	Display Frame 2
760.8642 	EXP 	Display Frame 3
760.8974 	EXP 	Display Frame 4
760.9310 	EXP 	Display Frame 5
760.9641 	EXP 	Display Frame 6
760.9975 	EXP 	Display Frame 7
761.0309 	DATA 	Keypress: equal
761.0320 	EXP 	Display Frame 8
761.0642 	EXP 	Display Frame 9
761.0975 	EXP 	Display Frame 0
761.1309 	EXP 	Display Frame 1
761.1641 	EXP 	Display Frame 2
761.1974 	EXP 	Display Frame 3
761.2309 	EXP 	Display Frame 4
761.2641 	EXP 	Display Frame 5
761.2975 	EXP 	Display Frame 6
761.3308 	EXP 	Display Frame 7
761.3642 	EXP 	Display Frame 8
761.3975 	EXP 	Display Frame 9
761.4308 	EXP 	Display Frame 0
761.4641 	EXP 	Display Frame 1
761.4975 	EXP 	Display Frame 2
761.5308 	EXP 	Display Frame 3
761.5641 	EXP 	Display Frame 4
761.5975 	EXP 	Display Frame 5
761.6308 	EXP 	Display Frame 6
761.6641 	EXP 	Display Frame 7
761.6975 	EXP 	Display Frame 8
761.7308 	EXP 	Display Frame 9
761.7641 	EXP 	Display Frame 0
761.7975 	EXP 	Display Frame 1
761.8308 	EXP 	Display Frame 2
761.8642 	EXP 	Display Frame 3
761.8975 	EXP 	Display Frame 4
761.9308 	EXP 	Display Frame 5
761.9641 	EXP 	Display Frame 6
761.9975 	EXP 	Display Frame 7
762.0308 	EXP 	Display Frame 8
762.0641 	EXP 	Display Frame 9
762.0975 	EXP 	Display Frame 0
762.1308 	EXP 	Display Frame 1
762.1641 	EXP 	Display Frame 2
762.1974 	EXP 	Display Frame 3
762.2308 	EXP 	Display Frame 4
762.2641 	EXP 	Display Frame 5
762.2975 	EXP 	Display Frame 6
762.3308 	EXP 	Display Frame 7
762.3641 	EXP 	Display Frame 8
762.3975 	EXP 	Display Frame 9
762.4308 	EXP 	Display Frame 0
762.4641 	EXP 	Display Frame 1
762.4975 	EXP 	Display Frame 2
762.5308 	EXP 	Display Frame 3
762.5641 	EXP 	Display Frame 4
762.5975 	EXP 	Display Frame 5
762.6308 	EXP 	Display Frame 6
762.6641 	EXP 	Display Frame 7
762.6975 	EXP 	Display Frame 8
762.7308 	EXP 	Display Frame 9
762.7641 	EXP 	Display Frame 0
762.7975 	EXP 	Display Frame 1
762.8308 	EXP 	Display Frame 2
762.8641 	EXP 	Display Frame 3
762.8975 	EXP 	Display Frame 4
762.9308 	EXP 	Display Frame 5
762.9641 	EXP 	Display Frame 6
762.9974 	EXP 	Display Frame 7
763.0308 	EXP 	Display Frame 8
763.0641 	EXP 	Display Frame 9
763.0975 	EXP 	Display Frame 0
763.1308 	EXP 	Display Frame 1
763.1641 	EXP 	Display Frame 2
763.1975 	EXP 	Display Frame 3
763.2308 	EXP 	Display Frame 4
763.2641 	EXP 	Display Frame 5
763.2975 	EXP 	Display Frame 6
763.3308 	EXP 	Display Frame 7
763.3641 	EXP 	Display Frame 8
763.3975 	EXP 	Display Frame 9
763.4308 	EXP 	Display Frame 0
763.4641 	EXP 	Display Frame 1
763.4975 	EXP 	Display Frame 2
763.5308 	EXP 	Display Frame 3
763.5641 	EXP 	Display Frame 4
763.5975 	EXP 	Display Frame 5
763.6308 	EXP 	Display Frame 6
763.6641 	EXP 	Display Frame 7
763.6975 	EXP 	Display Frame 8
763.7308 	EXP 	Display Frame 9
763.7641 	EXP 	Display Frame 0
763.7974 	EXP 	Display Frame 1
763.8308 	EXP 	Display Frame 2
763.8641 	EXP 	Display Frame 3
763.8974 	EXP 	Display Frame 4
763.9308 	EXP 	Display Frame 5
763.9641 	EXP 	Display Frame 6
763.9975 	EXP 	Display Frame 7
764.0308 	EXP 	Display Frame 8
764.0641 	EXP 	Display Frame 9
764.0975 	EXP 	Display Frame 0
764.1308 	EXP 	Display Frame 1
764.1641 	EXP 	Display Frame 2
764.1975 	EXP 	Display Frame 3
764.2308 	EXP 	Display Frame 4
764.2641 	EXP 	Display Frame 5
764.2975 	EXP 	Display Frame 6
764.3308 	EXP 	Display Frame 7
764.3641 	EXP 	Display Frame 8
764.3975 	EXP 	Display Frame 9
764.4308 	EXP 	Display Frame 0
764.4641 	EXP 	Display Frame 1
764.4974 	EXP 	Display Frame 2
764.5308 	EXP 	Display Frame 3
764.5641 	EXP 	Display Frame 4
764.5974 	EXP 	Display Frame 5
764.6308 	EXP 	Display Frame 6
764.6641 	EXP 	Display Frame 7
764.6975 	EXP 	Display Frame 8
764.7308 	EXP 	Display Frame 9
764.7641 	EXP 	Display Frame 0
764.7974 	EXP 	Display Frame 1
764.8308 	EXP 	Display Frame 2
764.8642 	EXP 	Display Frame 3
764.8975 	EXP 	Display Frame 4
764.9308 	EXP 	Display Frame 5
764.9641 	EXP 	Display Frame 6
764.9975 	EXP 	Display Frame 7
765.0308 	EXP 	Display Frame 8
765.0641 	EXP 	Display Frame 9
765.0974 	EXP 	Display Frame 0
765.1308 	EXP 	Display Frame 1
765.1641 	EXP 	Display Frame 2
765.1975 	EXP 	Display Frame 3
765.2308 	EXP 	Display Frame 4
765.2641 	EXP 	Display Frame 5
765.2974 	EXP 	Display Frame 6
765.3308 	EXP 	Display Frame 7
765.3642 	EXP 	Display Frame 8
765.3975 	EXP 	Display Frame 9
765.4308 	EXP 	Display Frame 0
765.4641 	EXP 	Display Frame 1
765.4975 	EXP 	Display Frame 2
765.5308 	EXP 	Display Frame 3
765.5642 	EXP 	Display Frame 4
765.5975 	EXP 	Display Frame 5
765.6308 	EXP 	Display Frame 6
765.6641 	EXP 	Display Frame 7
765.6974 	EXP 	Display Frame 8
765.7308 	EXP 	Display Frame 9
765.7641 	EXP 	Display Frame 0
765.7975 	EXP 	Display Frame 1
765.8308 	EXP 	Display Frame 2
765.8641 	EXP 	Display Frame 3
765.8975 	EXP 	Display Frame 4
765.9308 	EXP 	Display Frame 5
765.9641 	EXP 	Display Frame 6
765.9975 	EXP 	Display Frame 7
766.0308 	EXP 	Display Frame 8
766.0642 	EXP 	Display Frame 9
766.0975 	EXP 	Display Frame 0
766.1308 	EXP 	Display Frame 1
766.1642 	EXP 	Display Frame 2
766.1974 	EXP 	Display Frame 3
766.2308 	DATA 	Keypress: equal
766.2318 	EXP 	Display Frame 4
766.2641 	EXP 	Display Frame 5
766.2975 	EXP 	Display Frame 6
766.3308 	EXP 	Display Frame 7
766.3641 	EXP 	Display Frame 8
766.3975 	EXP 	Display Frame 9
766.4308 	EXP 	Display Frame 0
766.4642 	EXP 	Display Frame 1
766.4975 	EXP 	Display Frame 2
766.5308 	EXP 	Display Frame 3
766.5642 	EXP 	Display Frame 4
766.5975 	EXP 	Display Frame 5
766.6308 	EXP 	Display Frame 6
766.6641 	EXP 	Display Frame 7
766.6974 	EXP 	Display Frame 8
766.7311 	EXP 	Display Frame 9
766.7642 	EXP 	Display Frame 0
766.7975 	EXP 	Display Frame 1
766.8308 	EXP 	Display Frame 2
766.8641 	EXP 	Display Frame 3
766.8975 	EXP 	Display Frame 4
766.9308 	EXP 	Display Frame 5
766.9641 	EXP 	Display Frame 6
766.9975 	EXP 	Display Frame 7
767.0308 	EXP 	Display Frame 8
767.0641 	EXP 	Display Frame 9
767.0975 	EXP 	Display Frame 0
767.1308 	EXP 	Display Frame 1
767.1641 	EXP 	Display Frame 2
767.1975 	EXP 	Display Frame 3
767.2308 	EXP 	Display Frame 4
767.2642 	EXP 	Display Frame 5
767.2974 	EXP 	Display Frame 6
767.3308 	EXP 	Display Frame 7
767.3641 	EXP 	Display Frame 8
767.3975 	EXP 	Display Frame 9
767.4308 	EXP 	Display Frame 0
767.4641 	EXP 	Display Frame 1
767.4975 	EXP 	Display Frame 2
767.5308 	EXP 	Display Frame 3
767.5641 	EXP 	Display Frame 4
767.5974 	EXP 	Display Frame 5
767.6308 	EXP 	Display Frame 6
767.6642 	EXP 	Display Frame 7
767.6974 	EXP 	Display Frame 8
767.7308 	EXP 	Display Frame 9
767.7641 	EXP 	Display Frame 0
767.7975 	EXP 	Display Frame 1
767.8308 	EXP 	Display Frame 2
767.8641 	EXP 	Display Frame 3
767.8975 	EXP 	Display Frame 4
767.9308 	EXP 	Display Frame 5
767.9641 	EXP 	Display Frame 6
767.9975 	EXP 	Display Frame 7
768.0308 	EXP 	Display Frame 8
768.0641 	EXP 	Display Frame 9
768.0975 	EXP 	Display Frame 0
768.1308 	EXP 	Display Frame 1
768.1641 	EXP 	Display Frame 2
768.1975 	EXP 	Display Frame 3
768.2308 	EXP 	Display Frame 4
768.2641 	EXP 	Display Frame 5
768.2974 	EXP 	Display Frame 6
768.3308 	EXP 	Display Frame 7
768.3641 	EXP 	Display Frame 8
768.3975 	EXP 	Display Frame 9
768.4308 	EXP 	Display Frame 0
768.4641 	EXP 	Display Frame 1
768.4975 	EXP 	Display Frame 2
768.5308 	EXP 	Display Frame 3
768.5642 	EXP 	Display Frame 4
768.5975 	EXP 	Display Frame 5
768.6308 	EXP 	Display Frame 6
768.6641 	EXP 	Display Frame 7
768.6975 	EXP 	Display Frame 8
768.7308 	EXP 	Display Frame 9
768.7641 	EXP 	Display Frame 0
768.7975 	EXP 	Display Frame 1
768.8308 	EXP 	Display Frame 2
768.8641 	EXP 	Display Frame 3
768.8974 	EXP 	Display Frame 4
768.9308 	EXP 	Display Frame 5
768.9641 	EXP 	Display Frame 6
768.9975 	EXP 	Display Frame 7
769.0308 	EXP 	Display Frame 8
769.0641 	EXP 	Display Frame 9
769.0975 	EXP 	Display Frame 0
769.1308 	EXP 	Display Frame 1
769.1641 	EXP 	Display Frame 2
769.1974 	EXP 	Display Frame 3
769.2308 	EXP 	Display Frame 4
769.2641 	EXP 	Display Frame 5
769.2974 	EXP 	Display Frame 6
769.3308 	EXP 	Display Frame 7
769.3642 	EXP 	Display Frame 8
769.3975 	EXP 	Display Frame 9
769.4308 	EXP 	Display Frame 0
769.4641 	EXP 	Display Frame 1
769.4975 	EXP 	Display Frame 2
769.5308 	EXP 	Display Frame 3
769.5641 	EXP 	Display Frame 4
769.5975 	EXP 	Display Frame 5
769.6308 	EXP 	Display Frame 6
769.6642 	EXP 	Display Frame 7
769.6975 	EXP 	Display Frame 8
769.7308 	EXP 	Display Frame 9
769.7641 	EXP 	Display Frame 0
769.7975 	EXP 	Display Frame 1
769.8308 	EXP 	Display Frame 2
769.8641 	EXP 	Display Frame 3
769.8975 	EXP 	Display Frame 4
769.9308 	EXP 	Display Frame 5
769.9641 	EXP 	Display Frame 6
769.9974 	EXP 	Display Frame 7
770.0308 	EXP 	Display Frame 8
770.0641 	EXP 	Display Frame 9
770.0975 	EXP 	Display Frame 0
770.1308 	EXP 	Display Frame 1
770.1641 	EXP 	Display Frame 2
770.1975 	EXP 	Display Frame 3
770.2308 	EXP 	Display Frame 4
770.2641 	EXP 	Display Frame 5
770.2975 	EXP 	Display Frame 6
770.3308 	EXP 	Display Frame 7
770.3641 	EXP 	Display Frame 8
770.3975 	EXP 	Display Frame 9
770.4308 	EXP 	Display Frame 0
770.4641 	EXP 	Display Frame 1
770.4975 	EXP 	Display Frame 2
770.5308 	EXP 	Display Frame 3
770.5641 	EXP 	Display Frame 4
770.5974 	EXP 	Display Frame 5
770.6308 	EXP 	Display Frame 6
770.6641 	EXP 	Display Frame 7
770.6975 	EXP 	Display Frame 8
770.7308 	EXP 	Display Frame 9
770.7641 	EXP 	Display Frame 0
770.7975 	EXP 	Display Frame 1
770.8308 	EXP 	Display Frame 2
770.8642 	EXP 	Display Frame 3
770.8975 	EXP 	Display Frame 4
770.9308 	EXP 	Display Frame 5
770.9641 	EXP 	Display Frame 6
770.9975 	EXP 	Display Frame 7
771.0308 	EXP 	Display Frame 8
771.0641 	EXP 	Display Frame 9
771.0975 	EXP 	Display Frame 0
771.1308 	EXP 	Display Frame 1
771.1641 	EXP 	Display Frame 2
771.1975 	EXP 	Display Frame 3
771.2308 	EXP 	Display Frame 4
771.2641 	EXP 	Display Frame 5
771.2975 	EXP 	Display Frame 6
771.3308 	EXP 	Display Frame 7
771.3642 	EXP 	Display Frame 8
771.3975 	EXP 	Display Frame 9
771.3983 	DATA 	Keypress: equal
771.4308 	EXP 	Display Frame 0
771.4641 	EXP 	Display Frame 1
771.4975 	EXP 	Display Frame 2
771.5308 	EXP 	Display Frame 3
771.5641 	EXP 	Display Frame 4
771.5974 	EXP 	Display Frame 5
771.6308 	EXP 	Display Frame 6
771.6641 	EXP 	Display Frame 7
771.6975 	EXP 	Display Frame 8
771.7308 	EXP 	Display Frame 9
771.7641 	EXP 	Display Frame 0
771.7975 	EXP 	Display Frame 1
771.8308 	EXP 	Display Frame 2
771.8641 	EXP 	Display Frame 3
771.8975 	EXP 	Display Frame 4
771.9308 	EXP 	Display Frame 5
771.9641 	EXP 	Display Frame 6
771.9975 	EXP 	Display Frame 7
772.0308 	EXP 	Display Frame 8
772.0642 	EXP 	Display Frame 9
772.0975 	EXP 	Display Frame 0
772.1308 	EXP 	Display Frame 1
772.1641 	EXP 	Display Frame 2
772.1975 	EXP 	Display Frame 3
772.2308 	EXP 	Display Frame 4
772.2641 	EXP 	Display Frame 5
772.2975 	EXP 	Display Frame 6
772.3308 	EXP 	Display Frame 7
772.3641 	EXP 	Display Frame 8
772.3975 	EXP 	Display Frame 9
772.4308 	EXP 	Display Frame 0
772.4641 	EXP 	Display Frame 1
772.4975 	EXP 	Display Frame 2
772.5308 	EXP 	Display Frame 3
772.5641 	EXP 	Display Frame 4
772.5974 	EXP 	Display Frame 5
772.6308 	EXP 	Display Frame 6
772.6641 	EXP 	Display Frame 7
772.6975 	EXP 	Display Frame 8
772.7308 	EXP 	Display Frame 9
772.7641 	EXP 	Display Frame 0
772.7975 	EXP 	Display Frame 1
772.8308 	EXP 	Display Frame 2
772.8642 	EXP 	Display Frame 3
772.8975 	EXP 	Display Frame 4
772.9308 	EXP 	Display Frame 5
772.9641 	EXP 	Display Frame 6
772.9975 	EXP 	Display Frame 7
773.0308 	EXP 	Display Frame 8
773.0644 	EXP 	Display Frame 9
773.0975 	EXP 	Display Frame 0
773.1308 	EXP 	Display Frame 1
773.1642 	EXP 	Display Frame 2
773.1975 	EXP 	Display Frame 3
773.2308 	EXP 	Display Frame 4
773.2641 	EXP 	Display Frame 5
773.2975 	EXP 	Display Frame 6
773.3308 	EXP 	Display Frame 7
773.3642 	EXP 	Display Frame 8
773.3975 	EXP 	Display Frame 9
773.4308 	EXP 	Display Frame 0
773.4642 	EXP 	Display Frame 1
773.4975 	EXP 	Display Frame 2
773.5308 	EXP 	Display Frame 3
773.5641 	EXP 	Display Frame 4
773.5975 	EXP 	Display Frame 5
773.6308 	EXP 	Display Frame 6
773.6641 	EXP 	Display Frame 7
773.6975 	EXP 	Display Frame 8
773.7308 	EXP 	Display Frame 9
773.7642 	EXP 	Display Frame 0
773.7976 	EXP 	Display Frame 1
773.8308 	EXP 	Display Frame 2
773.8641 	EXP 	Display Frame 3
773.8975 	EXP 	Display Frame 4
773.9308 	EXP 	Display Frame 5
773.9641 	EXP 	Display Frame 6
773.9975 	EXP 	Display Frame 7
774.0308 	EXP 	Display Frame 8
774.0641 	EXP 	Display Frame 9
774.0975 	EXP 	Display Frame 0
774.1308 	EXP 	Display Frame 1
774.1641 	EXP 	Display Frame 2
774.1975 	EXP 	Display Frame 3
774.2308 	EXP 	Display Frame 4
774.2641 	EXP 	Display Frame 5
774.2974 	EXP 	Display Frame 6
774.3308 	EXP 	Display Frame 7
774.3642 	EXP 	Display Frame 8
774.3975 	EXP 	Display Frame 9
774.4308 	EXP 	Display Frame 0
774.4641 	EXP 	Display Frame 1
774.4975 	EXP 	Display Frame 2
774.5308 	EXP 	Display Frame 3
774.5641 	EXP 	Display Frame 4
774.5974 	EXP 	Display Frame 5
774.6308 	EXP 	Display Frame 6
774.6641 	EXP 	Display Frame 7
774.6975 	EXP 	Display Frame 8
774.7308 	EXP 	Display Frame 9
774.7641 	EXP 	Display Frame 0
774.7975 	EXP 	Display Frame 1
774.8308 	EXP 	Display Frame 2
774.8641 	EXP 	Display Frame 3
774.8975 	EXP 	Display Frame 4
774.9308 	EXP 	Display Frame 5
774.9641 	EXP 	Display Frame 6
774.9975 	EXP 	Display Frame 7
775.0308 	EXP 	Display Frame 8
775.0641 	EXP 	Display Frame 9
775.0975 	EXP 	Display Frame 0
775.1308 	EXP 	Display Frame 1
775.1641 	EXP 	Display Frame 2
775.1975 	EXP 	Display Frame 3
775.2308 	EXP 	Display Frame 4
775.2641 	EXP 	Display Frame 5
775.2975 	EXP 	Display Frame 6
775.3308 	EXP 	Display Frame 7
775.3641 	EXP 	Display Frame 8
775.3975 	EXP 	Display Frame 9
775.4308 	EXP 	Display Frame 0
775.4642 	EXP 	Display Frame 1
775.4975 	EXP 	Display Frame 2
775.5308 	EXP 	Display Frame 3
775.5642 	EXP 	Display Frame 4
775.5975 	EXP 	Display Frame 5
775.6308 	EXP 	Display Frame 6
775.6641 	EXP 	Display Frame 7
775.6975 	EXP 	Display Frame 8
775.7308 	EXP 	Display Frame 9
775.7642 	EXP 	Display Frame 0
775.7975 	EXP 	Display Frame 1
775.8308 	EXP 	Display Frame 2
775.8641 	EXP 	Display Frame 3
775.8975 	EXP 	Display Frame 4
775.9308 	EXP 	Display Frame 5
775.9641 	EXP 	Display Frame 6
775.9975 	EXP 	Display Frame 7
776.0308 	EXP 	Display Frame 8
776.0642 	EXP 	Display Frame 9
776.0974 	EXP 	Display Frame 0
776.1308 	EXP 	Display Frame 1
776.1641 	EXP 	Display Frame 2
776.1975 	EXP 	Display Frame 3
776.2309 	EXP 	Display Frame 4
776.2641 	EXP 	Display Frame 5
776.2975 	EXP 	Display Frame 6
776.3308 	EXP 	Display Frame 7
776.3641 	EXP 	Display Frame 8
776.3975 	EXP 	Display Frame 9
776.4309 	EXP 	Display Frame 0
776.4641 	EXP 	Display Frame 1
776.4975 	EXP 	Display Frame 2
776.5308 	EXP 	Display Frame 3
776.5642 	EXP 	Display Frame 4
776.5975 	DATA 	Keypress: equal
776.5986 	EXP 	Display Frame 5
776.5997 	EXP 	Display Fixation
781.7852 	DATA 	Keypress: equal
786.9792 	DATA 	Keypress: equal
792.1722 	DATA 	Keypress: equal
797.3661 	DATA 	Keypress: equal
802.5592 	DATA 	Keypress: equal
807.7533 	DATA 	Keypress: equal
807.7878 	EXP 	Display Frame 1
807.8209 	EXP 	Display Frame 2
807.8543 	EXP 	Display Frame 3
807.8876 	EXP 	Display Frame 4
807.9210 	EXP 	Display Frame 5
807.9543 	EXP 	Display Frame 6
807.9876 	EXP 	Display Frame 7
808.0209 	EXP 	Display Frame 8
808.0543 	EXP 	Display Frame 9
808.0876 	EXP 	Display Frame 0
808.1209 	EXP 	Display Frame 1
808.1542 	EXP 	Display Frame 2
808.1876 	EXP 	Display Frame 3
808.2209 	EXP 	Display Frame 4
808.2543 	EXP 	Display Frame 5
808.2876 	EXP 	Display Frame 6
808.3209 	EXP 	Display Frame 7
808.3543 	EXP 	Display Frame 8
808.3876 	EXP 	Display Frame 9
808.4210 	EXP 	Display Frame 0
808.4542 	EXP 	Display Frame 1
808.4876 	EXP 	Display Frame 2
808.5209 	EXP 	Display Frame 3
808.5542 	EXP 	Display Frame 4
808.5876 	EXP 	Display Frame 5
808.6209 	EXP 	Display Frame 6
808.6543 	EXP 	Display Frame 7
808.6876 	EXP 	Display Frame 8
808.7209 	EXP 	Display Frame 9
808.7542 	EXP 	Display Frame 0
808.7875 	EXP 	Display Frame 1
808.8209 	EXP 	Display Frame 2
808.8542 	EXP 	Display Frame 3
808.8876 	EXP 	Display Frame 4
808.9209 	EXP 	Display Frame 5
808.9542 	EXP 	Display Frame 6
808.9876 	EXP 	Display Frame 7
809.0209 	EXP 	Display Frame 8
809.0542 	EXP 	Display Frame 9
809.0878 	EXP 	Display Frame 0
809.1209 	EXP 	Display Frame 1
809.1543 	EXP 	Display Frame 2
809.1876 	EXP 	Display Frame 3
809.2209 	EXP 	Display Frame 4
809.2542 	EXP 	Display Frame 5
809.2875 	EXP 	Display Frame 6
809.3209 	EXP 	Display Frame 7
809.3542 	EXP 	Display Frame 8
809.3876 	EXP 	Display Frame 9
809.4209 	EXP 	Display Frame 0
809.4543 	EXP 	Display Frame 1
809.4876 	EXP 	Display Frame 2
809.5209 	EXP 	Display Frame 3
809.5542 	EXP 	Display Frame 4
809.5876 	EXP 	Display Frame 5
809.6209 	EXP 	Display Frame 6
809.6543 	EXP 	Display Frame 7
809.6876 	EXP 	Display Frame 8
809.7209 	EXP 	Display Frame 9
809.7542 	EXP 	Display Frame 0
809.7875 	EXP 	Display Frame 1
809.8209 	EXP 	Display Frame 2
809.8542 	EXP 	Display Frame 3
809.8876 	EXP 	Display Frame 4
809.9209 	EXP 	Display Frame 5
809.9542 	EXP 	Display Frame 6
809.9876 	EXP 	Display Frame 7
810.0209 	EXP 	Display Frame 8
810.0542 	EXP 	Display Frame 9
810.0876 	EXP 	Display Frame 0
810.1209 	EXP 	Display Frame 1
810.1542 	EXP 	Display Frame 2
810.1876 	EXP 	Display Frame 3
810.2209 	EXP 	Display Frame 4
810.2542 	EXP 	Display Frame 5
810.2876 	EXP 	Display Frame 6
810.3209 	EXP 	Display Frame 7
810.3542 	EXP 	Display Frame 8
810.3876 	EXP 	Display Frame 9
810.4209 	EXP 	Display Frame 0
810.4542 	EXP 	Display Frame 1
810.4876 	EXP 	Display Frame 2
810.5209 	EXP 	Display Frame 3
810.5545 	EXP 	Display Frame 4
810.5876 	EXP 	Display Frame 5
810.6209 	EXP 	Display Frame 6
810.6543 	EXP 	Display Frame 7
810.6876 	EXP 	Display Frame 8
810.7209 	EXP 	Display Frame 9
810.7543 	EXP 	Display Frame 0
810.7875 	EXP 	Display Frame 1
810.8209 	EXP 	Display Frame 2
810.8542 	EXP 	Display Frame 3
810.8876 	EXP 	Display Frame 4
810.9209 	EXP 	Display Frame 5
810.9543 	EXP 	Display Frame 6
810.9876 	EXP 	Display Frame 7
811.0209 	EXP 	Display Frame 8
811.0542 	EXP 	Display Frame 9
811.0876 	EXP 	Display Frame 0
811.1209 	EXP 	Display Frame 1
811.1542 	EXP 	Display Frame 2
811.1876 	EXP 	Display Frame 3
811.2209 	EXP 	Display Frame 4
811.2542 	EXP 	Display Frame 5
811.2876 	EXP 	Display Frame 6
811.3209 	EXP 	Display Frame 7
811.3542 	EXP 	Display Frame 8
811.3876 	EXP 	Display Frame 9
811.4221 	EXP 	Display Frame 0
811.4543 	EXP 	Display Frame 1
811.4876 	EXP 	Display Frame 2
811.5209 	EXP 	Display Frame 3
811.5542 	EXP 	Display Frame 4
811.5876 	EXP 	Display Frame 5
811.6209 	EXP 	Display Frame 6
811.6542 	EXP 	Display Frame 7
811.6876 	EXP 	Display Frame 8
811.7209 	EXP 	Display Frame 9
811.7542 	EXP 	Display Frame 0
811.7875 	EXP 	Display Frame 1
811.8209 	EXP 	Display Frame 2
811.8542 	EXP 	Display Frame 3
811.8876 	EXP 	Display Frame 4
811.9209 	EXP 	Display Frame 5
811.9542 	EXP 	Display Frame 6
811.9876 	EXP 	Display Frame 7
812.0209 	EXP 	Display Frame 8
812.0542 	EXP 	Display Frame 9
812.0876 	EXP 	Display Frame 0
812.1209 	EXP 	Display Frame 1
812.1542 	EXP 	Display Frame 2
812.1876 	EXP 	Display Frame 3
812.2209 	EXP 	Display Frame 4
812.2542 	EXP 	Display Frame 5
812.2876 	EXP 	Display Frame 6
812.3209 	EXP 	Display Frame 7
812.3543 	EXP 	Display Frame 8
812.3876 	EXP 	Display Frame 9
812.4209 	EXP 	Display Frame 0
812.4542 	EXP 	Display Frame 1
812.4876 	EXP 	Display Frame 2
812.5209 	EXP 	Display Frame 3
812.5542 	EXP 	Display Frame 4
812.5876 	EXP 	Display Frame 5
812.6209 	EXP 	Display Frame 6
812.6542 	EXP 	Display Frame 7
812.6876 	EXP 	Display Frame 8
812.7209 	EXP 	Display Frame 9
812.7542 	EXP 	Display Frame 0
812.7875 	EXP 	Display Frame 1
812.8209 	EXP 	Display Frame 2
812.8542 	EXP 	Display Frame 3
812.8876 	EXP 	Display Frame 4
812.9209 	EXP 	Display Frame 5
812.9544 	DATA 	Keypress: equal
812.9554 	EXP 	Display Frame 6
812.9876 	EXP 	Display Frame 7
813.0209 	EXP 	Display Frame 8
813.0542 	EXP 	Display Frame 9
813.0876 	EXP 	Display Frame 0
813.1209 	EXP 	Display Frame 1
813.1543 	EXP 	Display Frame 2
813.1875 	EXP 	Display Frame 3
813.2209 	EXP 	Display Frame 4
813.2542 	EXP 	Display Frame 5
813.2876 	EXP 	Display Frame 6
813.3209 	EXP 	Display Frame 7
813.3542 	EXP 	Display Frame 8
813.3876 	EXP 	Display Frame 9
813.4209 	EXP 	Display Frame 0
813.4543 	EXP 	Display Frame 1
813.4876 	EXP 	Display Frame 2
813.5209 	EXP 	Display Frame 3
813.5542 	EXP 	Display Frame 4
813.5876 	EXP 	Display Frame 5
813.6209 	EXP 	Display Frame 6
813.6542 	EXP 	Display Frame 7
813.6876 	EXP 	Display Frame 8
813.7209 	EXP 	Display Frame 9
813.7542 	EXP 	Display Frame 0
813.7875 	EXP 	Display Frame 1
813.8209 	EXP 	Display Frame 2
813.8542 	EXP 	Display Frame 3
813.8876 	EXP 	Display Frame 4
813.9209 	EXP 	Display Frame 5
813.9542 	EXP 	Display Frame 6
813.9876 	EXP 	Display Frame 7
814.0209 	EXP 	Display Frame 8
814.0543 	EXP 	Display Frame 9
814.0876 	EXP 	Display Frame 0
814.1209 	EXP 	Display Frame 1
814.1543 	EXP 	Display Frame 2
814.1876 	EXP 	Display Frame 3
814.2209 	EXP 	Display Frame 4
814.2542 	EXP 	Display Frame 5
814.2876 	EXP 	Display Frame 6
814.3209 	EXP 	Display Frame 7
814.3542 	EXP 	Display Frame 8
814.3875 	EXP 	Display Frame 9
814.4210 	EXP 	Display Frame 0
814.4543 	EXP 	Display Frame 1
814.4876 	EXP 	Display Frame 2
814.5209 	EXP 	Display Frame 3
814.5542 	EXP 	Display Frame 4
814.5876 	EXP 	Display Frame 5
814.6209 	EXP 	Display Frame 6
814.6543 	EXP 	Display Frame 7
814.6876 	EXP 	Display Frame 8
814.7209 	EXP 	Display Frame 9
814.7542 	EXP 	Display Frame 0
814.7875 	EXP 	Display Frame 1
814.8209 	EXP 	Display Frame 2
814.8542 	EXP 	Display Frame 3
814.8876 	EXP 	Display Frame 4
814.9209 	EXP 	Display Frame 5
814.9543 	EXP 	Display Frame 6
814.9876 	EXP 	Display Frame 7
815.0209 	EXP 	Display Frame 8
815.0543 	EXP 	Display Frame 9
815.0875 	EXP 	Display Frame 0
815.1209 	EXP 	Display Frame 1
815.1542 	EXP 	Display Frame 2
815.1876 	EXP 	Display Frame 3
815.2209 	EXP 	Display Frame 4
815.2542 	EXP 	Display Frame 5
815.2875 	EXP 	Display Frame 6
815.3209 	EXP 	Display Frame 7
815.3543 	EXP 	Display Frame 8
815.3875 	EXP 	Display Frame 9
815.4209 	EXP 	Display Frame 0
815.4543 	EXP 	Display Frame 1
815.4876 	EXP 	Display Frame 2
815.5209 	EXP 	Display Frame 3
815.5542 	EXP 	Display Frame 4
815.5876 	EXP 	Display Frame 5
815.6209 	EXP 	Display Frame 6
815.6542 	EXP 	Display Frame 7
815.6876 	EXP 	Display Frame 8
815.7209 	EXP 	Display Frame 9
815.7542 	EXP 	Display Frame 0
815.7875 	EXP 	Display Frame 1
815.8209 	EXP 	Display Frame 2
815.8543 	EXP 	Display Frame 3
815.8875 	EXP 	Display Frame 4
815.9209 	EXP 	Display Frame 5
815.9543 	EXP 	Display Frame 6
815.9876 	EXP 	Display Frame 7
816.0209 	EXP 	Display Frame 8
816.0542 	EXP 	Display Frame 9
816.0876 	EXP 	Display Frame 0
816.1209 	EXP 	Display Frame 1
816.1543 	EXP 	Display Frame 2
816.1875 	EXP 	Display Frame 3
816.2209 	EXP 	Display Frame 4
816.2542 	EXP 	Display Frame 5
816.2876 	EXP 	Display Frame 6
816.3209 	EXP 	Display Frame 7
816.3542 	EXP 	Display Frame 8
816.3876 	EXP 	Display Frame 9
816.4209 	EXP 	Display Frame 0
816.4543 	EXP 	Display Frame 1
816.4876 	EXP 	Display Frame 2
816.5209 	EXP 	Display Frame 3
816.5543 	EXP 	Display Frame 4
816.5877 	EXP 	Display Frame 5
816.6210 	EXP 	Display Frame 6
816.6556 	EXP 	Display Frame 7
816.6876 	EXP 	Display Frame 8
816.7209 	EXP 	Display Frame 9
816.7542 	EXP 	Display Frame 0
816.7875 	EXP 	Display Frame 1
816.8240 	EXP 	Display Frame 2
816.8542 	EXP 	Display Frame 3
816.8877 	EXP 	Display Frame 4
816.9210 	EXP 	Display Frame 5
816.9542 	EXP 	Display Frame 6
816.9876 	EXP 	Display Frame 7
817.0209 	EXP 	Display Frame 8
817.0543 	EXP 	Display Frame 9
817.0876 	EXP 	Display Frame 0
817.1209 	EXP 	Display Frame 1
817.1542 	EXP 	Display Frame 2
817.1876 	EXP 	Display Frame 3
817.2209 	EXP 	Display Frame 4
817.2542 	EXP 	Display Frame 5
817.2876 	EXP 	Display Frame 6
817.3209 	EXP 	Display Frame 7
817.3542 	EXP 	Display Frame 8
817.3876 	EXP 	Display Frame 9
817.4209 	EXP 	Display Frame 0
817.4542 	EXP 	Display Frame 1
817.4876 	EXP 	Display Frame 2
817.5209 	EXP 	Display Frame 3
817.5542 	EXP 	Display Frame 4
817.5876 	EXP 	Display Frame 5
817.6209 	EXP 	Display Frame 6
817.6543 	EXP 	Display Frame 7
817.6876 	EXP 	Display Frame 8
817.7209 	EXP 	Display Frame 9
817.7542 	EXP 	Display Frame 0
817.7875 	EXP 	Display Frame 1
817.8209 	EXP 	Display Frame 2
817.8542 	EXP 	Display Frame 3
817.8876 	EXP 	Display Frame 4
817.9209 	EXP 	Display Frame 5
817.9542 	EXP 	Display Frame 6
817.9876 	EXP 	Display Frame 7
818.0209 	EXP 	Display Frame 8
818.0543 	EXP 	Display Frame 9
818.0876 	EXP 	Display Frame 0
818.1209 	EXP 	Display Frame 1
818.1543 	DATA 	Keypress: equal
818.1554 	EXP 	Display Frame 2
818.1876 	EXP 	Display Frame 3
818.2209 	EXP 	Display Frame 4
818.2542 	EXP 	Display Frame 5
818.2876 	EXP 	Display Frame 6
818.3209 	EXP 	Display Frame 7
818.3543 	EXP 	Display Frame 8
818.3876 	EXP 	Display Frame 9
818.4209 	EXP 	Display Frame 0
818.4542 	EXP 	Display Frame 1
818.4876 	EXP 	Display Frame 2
818.5209 	EXP 	Display Frame 3
818.5543 	EXP 	Display Frame 4
818.5876 	EXP 	Display Frame 5
818.6209 	EXP 	Display Frame 6
818.6542 	EXP 	Display Frame 7
818.6876 	EXP 	Display Frame 8
818.7209 	EXP 	Display Frame 9
818.7542 	EXP 	Display Frame 0
818.7875 	EXP 	Display Frame 1
818.8209 	EXP 	Display Frame 2
818.8542 	EXP 	Display Frame 3
818.8876 	EXP 	Display Frame 4
818.9209 	EXP 	Display Frame 5
818.9542 	EXP 	Display Frame 6
818.9876 	EXP 	Display Frame 7
819.0209 	EXP 	Display Frame 8
819.0542 	EXP 	Display Frame 9
819.0876 	EXP 	Display Frame 0
819.1209 	EXP 	Display Frame 1
819.1542 	EXP 	Display Frame 2
819.1876 	EXP 	Display Frame 3
819.2209 	EXP 	Display Frame 4
819.2542 	EXP 	Display Frame 5
819.2875 	EXP 	Display Frame 6
819.3209 	EXP 	Display Frame 7
819.3543 	EXP 	Display Frame 8
819.3876 	EXP 	Display Frame 9
819.4209 	EXP 	Display Frame 0
819.4543 	EXP 	Display Frame 1
819.4876 	EXP 	Display Frame 2
819.5209 	EXP 	Display Frame 3
819.5543 	EXP 	Display Frame 4
819.5876 	EXP 	Display Frame 5
819.6209 	EXP 	Display Frame 6
819.6542 	EXP 	Display Frame 7
819.6876 	EXP 	Display Frame 8
819.7209 	EXP 	Display Frame 9
819.7544 	EXP 	Display Frame 0
819.7875 	EXP 	Display Frame 1
819.8209 	EXP 	Display Frame 2
819.8543 	EXP 	Display Frame 3
819.8876 	EXP 	Display Frame 4
819.9209 	EXP 	Display Frame 5
819.9542 	EXP 	Display Frame 6
819.9876 	EXP 	Display Frame 7
820.0209 	EXP 	Display Frame 8
820.0542 	EXP 	Display Frame 9
820.0876 	EXP 	Display Frame 0
820.1209 	EXP 	Display Frame 1
820.1543 	EXP 	Display Frame 2
820.1876 	EXP 	Display Frame 3
820.2209 	EXP 	Display Frame 4
820.2542 	EXP 	Display Frame 5
820.2876 	EXP 	Display Frame 6
820.3209 	EXP 	Display Frame 7
820.3543 	EXP 	Display Frame 8
820.3876 	EXP 	Display Frame 9
820.4209 	EXP 	Display Frame 0
820.4543 	EXP 	Display Frame 1
820.4876 	EXP 	Display Frame 2
820.5209 	EXP 	Display Frame 3
820.5542 	EXP 	Display Frame 4
820.5876 	EXP 	Display Frame 5
820.6209 	EXP 	Display Frame 6
820.6543 	EXP 	Display Frame 7
820.6876 	EXP 	Display Frame 8
820.7209 	EXP 	Display Frame 9
820.7542 	EXP 	Display Frame 0
820.7875 	EXP 	Display Frame 1
820.8209 	EXP 	Display Frame 2
820.8542 	EXP 	Display Frame 3
820.8876 	EXP 	Display Frame 4
820.9209 	EXP 	Display Frame 5
820.9542 	EXP 	Display Frame 6
820.9876 	EXP 	Display Frame 7
821.0209 	EXP 	Display Frame 8
821.0543 	EXP 	Display Frame 9
821.0876 	EXP 	Display Frame 0
821.1209 	EXP 	Display Frame 1
821.1542 	EXP 	Display Frame 2
821.1876 	EXP 	Display Frame 3
821.2209 	EXP 	Display Frame 4
821.2542 	EXP 	Display Frame 5
821.2876 	EXP 	Display Frame 6
821.3209 	EXP 	Display Frame 7
821.3543 	EXP 	Display Frame 8
821.3876 	EXP 	Display Frame 9
821.4209 	EXP 	Display Frame 0
821.4542 	EXP 	Display Frame 1
821.4876 	EXP 	Display Frame 2
821.5209 	EXP 	Display Frame 3
821.5543 	EXP 	Display Frame 4
821.5876 	EXP 	Display Frame 5
821.6209 	EXP 	Display Frame 6
821.6542 	EXP 	Display Frame 7
821.6876 	EXP 	Display Frame 8
821.7209 	EXP 	Display Frame 9
821.7542 	EXP 	Display Frame 0
821.7875 	EXP 	Display Frame 1
821.8209 	EXP 	Display Frame 2
821.8543 	EXP 	Display Frame 3
821.8876 	EXP 	Display Frame 4
821.9209 	EXP 	Display Frame 5
821.9542 	EXP 	Display Frame 6
821.9876 	EXP 	Display Frame 7
822.0209 	EXP 	Display Frame 8
822.0542 	EXP 	Display Frame 9
822.0876 	EXP 	Display Frame 0
822.1209 	EXP 	Display Frame 1
822.1542 	EXP 	Display Frame 2
822.1876 	EXP 	Display Frame 3
822.2209 	EXP 	Display Frame 4
822.2542 	EXP 	Display Frame 5
822.2876 	EXP 	Display Frame 6
822.3209 	EXP 	Display Frame 7
822.3542 	EXP 	Display Frame 8
822.3876 	EXP 	Display Frame 9
822.4209 	EXP 	Display Frame 0
822.4542 	EXP 	Display Frame 1
822.4876 	EXP 	Display Frame 2
822.5209 	EXP 	Display Frame 3
822.5542 	EXP 	Display Frame 4
822.5876 	EXP 	Display Frame 5
822.6209 	EXP 	Display Frame 6
822.6542 	EXP 	Display Frame 7
822.6876 	EXP 	Display Frame 8
822.7209 	EXP 	Display Frame 9
822.7543 	EXP 	Display Frame 0
822.7875 	EXP 	Display Frame 1
822.8209 	EXP 	Display Frame 2
822.8542 	EXP 	Display Frame 3
822.8876 	EXP 	Display Frame 4
822.9209 	EXP 	Display Frame 5
822.9542 	EXP 	Display Frame 6
822.9876 	EXP 	Display Frame 7
823.0209 	EXP 	Display Frame 8
823.0543 	EXP 	Display Frame 9
823.0876 	EXP 	Display Frame 0
823.1209 	EXP 	Display Frame 1
823.1542 	EXP 	Display Frame 2
823.1876 	EXP 	Display Frame 3
823.2209 	EXP 	Display Frame 4
823.2545 	EXP 	Display Frame 5
823.2876 	EXP 	Display Frame 6
823.3209 	EXP 	Display Frame 7
823.3544 	DATA 	Keypress: equal
823.3554 	EXP 	Display Frame 8
823.3876 	EXP 	Display Frame 9
823.4210 	EXP 	Display Frame 0
823.4542 	EXP 	Display Frame 1
823.4876 	EXP 	Display Frame 2
823.5209 	EXP 	Display Frame 3
823.5543 	EXP 	Display Frame 4
823.5876 	EXP 	Display Frame 5
823.6209 	EXP 	Display Frame 6
823.6542 	EXP 	Display Frame 7
823.6876 	EXP 	Display Frame 8
823.7209 	EXP 	Display Frame 9
823.7542 	EXP 	Display Frame 0
823.7875 	EXP 	Display Frame 1
823.8209 	EXP 	Display Frame 2
823.8543 	EXP 	Display Frame 3
823.8876 	EXP 	Display Frame 4
823.9209 	EXP 	Display Frame 5
823.9543 	EXP 	Display Frame 6
823.9876 	EXP 	Display Frame 7
824.0209 	EXP 	Display Frame 8
824.0542 	EXP 	Display Frame 9
824.0876 	EXP 	Display Frame 0
824.1209 	EXP 	Display Frame 1
824.1542 	EXP 	Display Frame 2
824.1876 	EXP 	Display Frame 3
824.2209 	EXP 	Display Frame 4
824.2542 	EXP 	Display Frame 5
824.2876 	EXP 	Display Frame 6
824.3209 	EXP 	Display Frame 7
824.3542 	EXP 	Display Frame 8
824.3876 	EXP 	Display Frame 9
824.4209 	EXP 	Display Frame 0
824.4542 	EXP 	Display Frame 1
824.4876 	EXP 	Display Frame 2
824.5209 	EXP 	Display Frame 3
824.5542 	EXP 	Display Frame 4
824.5875 	EXP 	Display Frame 5
824.6209 	EXP 	Display Frame 6
824.6542 	EXP 	Display Frame 7
824.6876 	EXP 	Display Frame 8
824.7209 	EXP 	Display Frame 9
824.7543 	EXP 	Display Frame 0
824.7875 	EXP 	Display Frame 1
824.8209 	EXP 	Display Frame 2
824.8543 	EXP 	Display Frame 3
824.8876 	EXP 	Display Frame 4
824.9209 	EXP 	Display Frame 5
824.9542 	EXP 	Display Frame 6
824.9876 	EXP 	Display Frame 7
825.0209 	EXP 	Display Frame 8
825.0543 	EXP 	Display Frame 9
825.0877 	EXP 	Display Frame 0
825.1209 	EXP 	Display Frame 1
825.1542 	EXP 	Display Frame 2
825.1876 	EXP 	Display Frame 3
825.2209 	EXP 	Display Frame 4
825.2542 	EXP 	Display Frame 5
825.2876 	EXP 	Display Frame 6
825.3209 	EXP 	Display Frame 7
825.3542 	EXP 	Display Frame 8
825.3876 	EXP 	Display Frame 9
825.4209 	EXP 	Display Frame 0
825.4542 	EXP 	Display Frame 1
825.4876 	EXP 	Display Frame 2
825.5209 	EXP 	Display Frame 3
825.5543 	EXP 	Display Frame 4
825.5876 	EXP 	Display Frame 5
825.6209 	EXP 	Display Frame 6
825.6542 	EXP 	Display Frame 7
825.6876 	EXP 	Display Frame 8
825.7209 	EXP 	Display Frame 9
825.7542 	EXP 	Display Frame 0
825.7875 	EXP 	Display Frame 1
825.8209 	EXP 	Display Frame 2
825.8543 	EXP 	Display Frame 3
825.8876 	EXP 	Display Frame 4
825.9209 	EXP 	Display Frame 5
825.9542 	EXP 	Display Frame 6
825.9876 	EXP 	Display Frame 7
826.0209 	EXP 	Display Frame 8
826.0542 	EXP 	Display Frame 9
826.0876 	EXP 	Display Frame 0
826.1209 	EXP 	Display Frame 1
826.1543 	EXP 	Display Frame 2
826.1876 	EXP 	Display Frame 3
826.2209 	EXP 	Display Frame 4
826.2542 	EXP 	Display Frame 5
826.2876 	EXP 	Display Frame 6
826.3209 	EXP 	Display Frame 7
826.3542 	EXP 	Display Frame 8
826.3876 	EXP 	Display Frame 9
826.4209 	EXP 	Display Frame 0
826.4543 	EXP 	Display Frame 1
826.4876 	EXP 	Display Frame 2
826.5209 	EXP 	Display Frame 3
826.5543 	EXP 	Display Frame 4
826.5876 	EXP 	Display Frame 5
826.6209 	EXP 	Display Frame 6
826.6542 	EXP 	Display Frame 7
826.6876 	EXP 	Display Frame 8
826.7209 	EXP 	Display Frame 9
826.7543 	EXP 	Display Frame 0
826.7875 	EXP 	Display Frame 1
826.8209 	EXP 	Display Frame 2
826.8542 	EXP 	Display Frame 3
826.8876 	EXP 	Display Frame 4
826.9209 	EXP 	Display Frame 5
826.9542 	EXP 	Display Frame 6
826.9876 	EXP 	Display Frame 7
827.0209 	EXP 	Display Frame 8
827.0543 	EXP 	Display Frame 9
827.0876 	EXP 	Display Frame 0
827.1209 	EXP 	Display Frame 1
827.1542 	EXP 	Display Frame 2
827.1876 	EXP 	Display Frame 3
827.2209 	EXP 	Display Frame 4
827.2542 	EXP 	Display Frame 5
827.2876 	EXP 	Display Frame 6
827.3209 	EXP 	Display Frame 7
827.3543 	EXP 	Display Frame 8
827.3876 	EXP 	Display Frame 9
827.4209 	EXP 	Display Frame 0
827.4542 	EXP 	Display Frame 1
827.4876 	EXP 	Display Frame 2
827.5209 	EXP 	Display Frame 3
827.5543 	EXP 	Display Frame 4
827.5876 	EXP 	Display Frame 5
827.6209 	EXP 	Display Frame 6
827.6542 	EXP 	Display Frame 7
827.6876 	EXP 	Display Frame 8
827.7209 	EXP 	Display Frame 9
827.7542 	EXP 	Display Frame 0
827.7875 	EXP 	Display Frame 1
827.8209 	EXP 	Display Frame 2
827.8542 	EXP 	Display Frame 3
827.8876 	EXP 	Display Frame 4
827.9209 	EXP 	Display Frame 5
827.9542 	EXP 	Display Frame 6
827.9876 	EXP 	Display Frame 7
828.0209 	EXP 	Display Frame 8
828.0543 	EXP 	Display Frame 9
828.0875 	EXP 	Display Frame 0
828.1209 	EXP 	Display Frame 1
828.1542 	EXP 	Display Frame 2
828.1876 	EXP 	Display Frame 3
828.2209 	EXP 	Display Frame 4
828.2543 	EXP 	Display Frame 5
828.2876 	EXP 	Display Frame 6
828.3209 	EXP 	Display Frame 7
828.3543 	EXP 	Display Frame 8
828.3876 	EXP 	Display Frame 9
828.4209 	EXP 	Display Frame 0
828.4542 	EXP 	Display Frame 1
828.4876 	EXP 	Display Frame 2
828.5209 	EXP 	Display Frame 3
828.5544 	DATA 	Keypress: equal
828.5554 	EXP 	Display Frame 4
828.5876 	EXP 	Display Frame 5
828.6209 	EXP 	Display Frame 6
828.6542 	EXP 	Display Frame 7
828.6876 	EXP 	Display Frame 8
828.7209 	EXP 	Display Frame 9
828.7542 	EXP 	Display Frame 0
828.7875 	EXP 	Display Frame 1
828.8209 	EXP 	Display Frame 2
828.8542 	EXP 	Display Frame 3
828.8876 	EXP 	Display Frame 4
828.9209 	EXP 	Display Frame 5
828.9542 	EXP 	Display Frame 6
828.9875 	EXP 	Display Frame 7
829.0209 	EXP 	Display Frame 8
829.0542 	EXP 	Display Frame 9
829.0876 	EXP 	Display Frame 0
829.1209 	EXP 	Display Frame 1
829.1542 	EXP 	Display Frame 2
829.1876 	EXP 	Display Frame 3
829.2209 	EXP 	Display Frame 4
829.2552 	EXP 	Display Frame 5
829.2875 	EXP 	Display Frame 6
829.3209 	EXP 	Display Frame 7
829.3543 	EXP 	Display Frame 8
829.3876 	EXP 	Display Frame 9
829.4209 	EXP 	Display Frame 0
829.4542 	EXP 	Display Frame 1
829.4876 	EXP 	Display Frame 2
829.5209 	EXP 	Display Frame 3
829.5543 	EXP 	Display Frame 4
829.5878 	EXP 	Display Frame 5
829.6209 	EXP 	Display Frame 6
829.6543 	EXP 	Display Frame 7
829.6876 	EXP 	Display Frame 8
829.7209 	EXP 	Display Frame 9
829.7542 	EXP 	Display Frame 0
829.7876 	EXP 	Display Frame 1
829.8209 	EXP 	Display Frame 2
829.8543 	EXP 	Display Frame 3
829.8876 	EXP 	Display Frame 4
829.9209 	EXP 	Display Frame 5
829.9542 	EXP 	Display Frame 6
829.9876 	EXP 	Display Frame 7
830.0209 	EXP 	Display Frame 8
830.0542 	EXP 	Display Frame 9
830.0876 	EXP 	Display Frame 0
830.1209 	EXP 	Display Frame 1
830.1543 	EXP 	Display Frame 2
830.1876 	EXP 	Display Frame 3
830.2209 	EXP 	Display Frame 4
830.2542 	EXP 	Display Frame 5
830.2876 	EXP 	Display Frame 6
830.3209 	EXP 	Display Frame 7
830.3543 	EXP 	Display Frame 8
830.3876 	EXP 	Display Frame 9
830.4211 	EXP 	Display Frame 0
830.4543 	EXP 	Display Frame 1
830.4875 	EXP 	Display Frame 2
830.5209 	EXP 	Display Frame 3
830.5543 	EXP 	Display Frame 4
830.5875 	EXP 	Display Frame 5
830.6209 	EXP 	Display Frame 6
830.6542 	EXP 	Display Frame 7
830.6876 	EXP 	Display Frame 8
830.7209 	EXP 	Display Frame 9
830.7542 	EXP 	Display Frame 0
830.7875 	EXP 	Display Frame 1
830.8209 	EXP 	Display Frame 2
830.8542 	EXP 	Display Frame 3
830.8876 	EXP 	Display Frame 4
830.9209 	EXP 	Display Frame 5
830.9542 	EXP 	Display Frame 6
830.9876 	EXP 	Display Frame 7
831.0209 	EXP 	Display Frame 8
831.0543 	EXP 	Display Frame 9
831.0876 	EXP 	Display Frame 0
831.1209 	EXP 	Display Frame 1
831.1543 	EXP 	Display Frame 2
831.1876 	EXP 	Display Frame 3
831.2209 	EXP 	Display Frame 4
831.2542 	EXP 	Display Frame 5
831.2876 	EXP 	Display Frame 6
831.3209 	EXP 	Display Frame 7
831.3543 	EXP 	Display Frame 8
831.3876 	EXP 	Display Frame 9
831.4209 	EXP 	Display Frame 0
831.4542 	EXP 	Display Frame 1
831.4876 	EXP 	Display Frame 2
831.5209 	EXP 	Display Frame 3
831.5543 	EXP 	Display Frame 4
831.5876 	EXP 	Display Frame 5
831.6209 	EXP 	Display Frame 6
831.6542 	EXP 	Display Frame 7
831.6876 	EXP 	Display Frame 8
831.7209 	EXP 	Display Frame 9
831.7542 	EXP 	Display Frame 0
831.7875 	EXP 	Display Frame 1
831.8209 	EXP 	Display Frame 2
831.8542 	EXP 	Display Frame 3
831.8876 	EXP 	Display Frame 4
831.9209 	EXP 	Display Frame 5
831.9542 	EXP 	Display Frame 6
831.9875 	EXP 	Display Frame 7
832.0209 	EXP 	Display Frame 8
832.0542 	EXP 	Display Frame 9
832.0876 	EXP 	Display Frame 0
832.1209 	EXP 	Display Frame 1
832.1543 	EXP 	Display Frame 2
832.1876 	EXP 	Display Frame 3
832.2210 	EXP 	Display Frame 4
832.2542 	EXP 	Display Frame 5
832.2875 	EXP 	Display Frame 6
832.3209 	EXP 	Display Frame 7
832.3542 	EXP 	Display Frame 8
832.3876 	EXP 	Display Frame 9
832.4209 	EXP 	Display Frame 0
832.4543 	EXP 	Display Frame 1
832.4875 	EXP 	Display Frame 2
832.5209 	EXP 	Display Frame 3
832.5542 	EXP 	Display Frame 4
832.5876 	EXP 	Display Frame 5
832.6209 	EXP 	Display Frame 6
832.6542 	EXP 	Display Frame 7
832.6876 	EXP 	Display Frame 8
832.7209 	EXP 	Display Frame 9
832.7542 	EXP 	Display Frame 0
832.7875 	EXP 	Display Frame 1
832.8209 	EXP 	Display Frame 2
832.8542 	EXP 	Display Frame 3
832.8876 	EXP 	Display Frame 4
832.9209 	EXP 	Display Frame 5
832.9542 	EXP 	Display Frame 6
832.9876 	EXP 	Display Frame 7
833.0209 	EXP 	Display Frame 8
833.0543 	EXP 	Display Frame 9
833.0876 	EXP 	Display Frame 0
833.1209 	EXP 	Display Frame 1
833.1542 	EXP 	Display Frame 2
833.1876 	EXP 	Display Frame 3
833.2209 	EXP 	Display Frame 4
833.2542 	EXP 	Display Frame 5
833.2876 	EXP 	Display Frame 6
833.3209 	EXP 	Display Frame 7
833.3542 	EXP 	Display Frame 8
833.3876 	EXP 	Display Frame 9
833.4209 	EXP 	Display Frame 0
833.4542 	EXP 	Display Frame 1
833.4876 	EXP 	Display Frame 2
833.5209 	EXP 	Display Frame 3
833.5542 	EXP 	Display Frame 4
833.5876 	EXP 	Display Frame 5
833.6209 	EXP 	Display Frame 6
833.6542 	EXP 	Display Frame 7
833.6876 	EXP 	Display Frame 8
833.7209 	EXP 	Display Frame 9
833.7218 	DATA 	Keypress: equal
833.7543 	EXP 	Display Frame 0
833.7876 	EXP 	Display Frame 1
833.8209 	EXP 	Display Frame 2
833.8542 	EXP 	Display Frame 3
833.8876 	EXP 	Display Frame 4
833.9209 	EXP 	Display Frame 5
833.9543 	EXP 	Display Frame 6
833.9876 	EXP 	Display Frame 7
834.0209 	EXP 	Display Frame 8
834.0542 	EXP 	Display Frame 9
834.0876 	EXP 	Display Frame 0
834.1209 	EXP 	Display Frame 1
834.1543 	EXP 	Display Frame 2
834.1876 	EXP 	Display Frame 3
834.2209 	EXP 	Display Frame 4
834.2543 	EXP 	Display Frame 5
834.2876 	EXP 	Display Frame 6
834.3209 	EXP 	Display Frame 7
834.3542 	EXP 	Display Frame 8
834.3876 	EXP 	Display Frame 9
834.4209 	EXP 	Display Frame 0
834.4542 	EXP 	Display Frame 1
834.4876 	EXP 	Display Frame 2
834.5209 	EXP 	Display Frame 3
834.5542 	EXP 	Display Frame 4
834.5876 	EXP 	Display Frame 5
834.6210 	EXP 	Display Frame 6
834.6542 	EXP 	Display Frame 7
834.6876 	EXP 	Display Frame 8
834.7209 	EXP 	Display Frame 9
834.7543 	EXP 	Display Frame 0
834.7875 	EXP 	Display Frame 1
834.8209 	EXP 	Display Frame 2
834.8542 	EXP 	Display Frame 3
834.8876 	EXP 	Display Frame 4
834.9209 	EXP 	Display Frame 5
834.9542 	EXP 	Display Frame 6
834.9876 	EXP 	Display Frame 7
835.0209 	EXP 	Display Frame 8
835.0542 	EXP 	Display Frame 9
835.0876 	EXP 	Display Frame 0
835.1209 	EXP 	Display Frame 1
835.1542 	EXP 	Display Frame 2
835.1876 	EXP 	Display Frame 3
835.2208 	EXP 	Display Frame 4
835.2543 	EXP 	Display Frame 5
835.2876 	EXP 	Display Frame 6
835.3209 	EXP 	Display Frame 7
835.3544 	EXP 	Display Frame 8
835.3876 	EXP 	Display Frame 9
835.4209 	EXP 	Display Frame 0
835.4543 	EXP 	Display Frame 1
835.4876 	EXP 	Display Frame 2
835.5209 	EXP 	Display Frame 3
835.5543 	EXP 	Display Frame 4
835.5876 	EXP 	Display Frame 5
835.6209 	EXP 	Display Frame 6
835.6542 	EXP 	Display Frame 7
835.6876 	EXP 	Display Frame 8
835.7209 	EXP 	Display Frame 9
835.7545 	EXP 	Display Frame 0
835.7875 	EXP 	Display Frame 1
835.8209 	EXP 	Display Frame 2
835.8542 	EXP 	Display Frame 3
835.8876 	EXP 	Display Frame 4
835.9209 	EXP 	Display Frame 5
835.9543 	EXP 	Display Frame 6
835.9876 	EXP 	Display Frame 7
836.0209 	EXP 	Display Frame 8
836.0543 	EXP 	Display Frame 9
836.0876 	EXP 	Display Frame 0
836.1209 	EXP 	Display Frame 1
836.1542 	EXP 	Display Frame 2
836.1876 	EXP 	Display Frame 3
836.2209 	EXP 	Display Frame 4
836.2543 	EXP 	Display Frame 5
836.2876 	EXP 	Display Frame 6
836.3209 	EXP 	Display Frame 7
836.3542 	EXP 	Display Frame 8
836.3876 	EXP 	Display Frame 9
836.4209 	EXP 	Display Frame 0
836.4543 	EXP 	Display Frame 1
836.4876 	EXP 	Display Frame 2
836.5209 	EXP 	Display Frame 3
836.5543 	EXP 	Display Frame 4
836.5876 	EXP 	Display Frame 5
836.6209 	EXP 	Display Frame 6
836.6542 	EXP 	Display Frame 7
836.6876 	EXP 	Display Frame 8
836.7209 	EXP 	Display Frame 9
836.7543 	EXP 	Display Frame 0
836.7875 	EXP 	Display Frame 1
836.8209 	EXP 	Display Frame 2
836.8542 	EXP 	Display Frame 3
836.8876 	EXP 	Display Frame 4
836.9209 	EXP 	Display Frame 5
836.9542 	EXP 	Display Frame 6
836.9876 	EXP 	Display Frame 7
837.0209 	EXP 	Display Frame 8
837.0543 	EXP 	Display Frame 9
837.0876 	EXP 	Display Frame 0
837.1209 	EXP 	Display Frame 1
837.1542 	EXP 	Display Frame 2
837.1875 	EXP 	Display Frame 3
837.2209 	EXP 	Display Frame 4
837.2542 	EXP 	Display Frame 5
837.2876 	EXP 	Display Frame 6
837.3209 	EXP 	Display Frame 7
837.3542 	EXP 	Display Frame 8
837.3875 	EXP 	Display Frame 9
837.4209 	EXP 	Display Frame 0
837.4542 	EXP 	Display Frame 1
837.4876 	EXP 	Display Frame 2
837.5209 	EXP 	Display Frame 3
837.5542 	EXP 	Display Frame 4
837.5876 	EXP 	Display Frame 5
837.6209 	EXP 	Display Frame 6
837.6543 	EXP 	Display Frame 7
837.6876 	EXP 	Display Frame 8
837.7209 	EXP 	Display Frame 9
837.7542 	EXP 	Display Frame 0
837.7875 	EXP 	Display Frame 1
837.8209 	EXP 	Display Frame 2
837.8543 	EXP 	Display Frame 3
837.8876 	EXP 	Display Frame 4
837.9209 	EXP 	Display Frame 5
837.9542 	EXP 	Display Frame 6
837.9876 	EXP 	Display Frame 7
838.0209 	EXP 	Display Frame 8
838.0542 	EXP 	Display Frame 9
838.0876 	EXP 	Display Frame 0
838.1209 	EXP 	Display Frame 1
838.1542 	EXP 	Display Frame 2
838.1876 	EXP 	Display Frame 3
838.2209 	EXP 	Display Frame 4
838.2542 	EXP 	Display Frame 5
838.2876 	EXP 	Display Frame 6
838.3209 	EXP 	Display Frame 7
838.3542 	EXP 	Display Frame 8
838.3876 	EXP 	Display Frame 9
838.4209 	EXP 	Display Frame 0
838.4542 	EXP 	Display Frame 1
838.4876 	EXP 	Display Frame 2
838.5209 	EXP 	Display Frame 3
838.5542 	EXP 	Display Frame 4
838.5876 	EXP 	Display Frame 5
838.6209 	EXP 	Display Frame 6
838.6542 	EXP 	Display Frame 7
838.6876 	EXP 	Display Frame 8
838.7209 	EXP 	Display Frame 9
838.7543 	EXP 	Display Frame 0
838.7875 	EXP 	Display Frame 1
838.8209 	EXP 	Display Frame 2
838.8542 	EXP 	Display Frame 3
838.8876 	EXP 	Display Frame 4
838.9210 	DATA 	Keypress: equal
838.9221 	EXP 	Display Frame 5
838.9338 	EXP 	Display Fixation
844.1084 	DATA 	Keypress: equal
849.3009 	DATA 	Keypress: equal
854.4957 	DATA 	Keypress: equal
859.6894 	DATA 	Keypress: equal
864.8826 	DATA 	Keypress: equal
870.0766 	DATA 	Keypress: equal
870.1111 	EXP 	Display Frame 1
870.1443 	EXP 	Display Frame 2
870.1777 	EXP 	Display Frame 3
870.2110 	EXP 	Display Frame 4
870.2443 	EXP 	Display Frame 5
870.2777 	EXP 	Display Frame 6
870.3110 	EXP 	Display Frame 7
870.3443 	EXP 	Display Frame 8
870.3838 	EXP 	Display Frame 9
870.4109 	EXP 	Display Frame 0
870.4443 	EXP 	Display Frame 1
870.4776 	EXP 	Display Frame 2
870.5109 	EXP 	Display Frame 3
870.5443 	EXP 	Display Frame 4
870.5776 	EXP 	Display Frame 5
870.6109 	EXP 	Display Frame 6
870.6443 	EXP 	Display Frame 7
870.6776 	EXP 	Display Frame 8
870.7110 	EXP 	Display Frame 9
870.7444 	EXP 	Display Frame 0
870.7777 	EXP 	Display Frame 1
870.8109 	EXP 	Display Frame 2
870.8443 	EXP 	Display Frame 3
870.8776 	EXP 	Display Frame 4
870.9110 	EXP 	Display Frame 5
870.9443 	EXP 	Display Frame 6
870.9776 	EXP 	Display Frame 7
871.0109 	EXP 	Display Frame 8
871.0443 	EXP 	Display Frame 9
871.0776 	EXP 	Display Frame 0
871.1109 	EXP 	Display Frame 1
871.1443 	EXP 	Display Frame 2
871.1776 	EXP 	Display Frame 3
871.2110 	EXP 	Display Frame 4
871.2443 	EXP 	Display Frame 5
871.2776 	EXP 	Display Frame 6
871.3109 	EXP 	Display Frame 7
871.3443 	EXP 	Display Frame 8
871.3776 	EXP 	Display Frame 9
871.4109 	EXP 	Display Frame 0
871.4455 	EXP 	Display Frame 1
871.4776 	EXP 	Display Frame 2
871.5109 	EXP 	Display Frame 3
871.5443 	EXP 	Display Frame 4
871.5776 	EXP 	Display Frame 5
871.6109 	EXP 	Display Frame 6
871.6443 	EXP 	Display Frame 7
871.6776 	EXP 	Display Frame 8
871.7110 	EXP 	Display Frame 9
871.7443 	EXP 	Display Frame 0
871.7776 	EXP 	Display Frame 1
871.8109 	EXP 	Display Frame 2
871.8442 	EXP 	Display Frame 3
871.8776 	EXP 	Display Frame 4
871.9110 	EXP 	Display Frame 5
871.9443 	EXP 	Display Frame 6
871.9776 	EXP 	Display Frame 7
872.0109 	EXP 	Display Frame 8
872.0443 	EXP 	Display Frame 9
872.0776 	EXP 	Display Frame 0
872.1109 	EXP 	Display Frame 1
872.1443 	EXP 	Display Frame 2
872.1776 	EXP 	Display Frame 3
872.2109 	EXP 	Display Frame 4
872.2443 	EXP 	Display Frame 5
872.2776 	EXP 	Display Frame 6
872.3109 	EXP 	Display Frame 7
872.3443 	EXP 	Display Frame 8
872.3776 	EXP 	Display Frame 9
872.4110 	EXP 	Display Frame 0
872.4443 	EXP 	Display Frame 1
872.4776 	EXP 	Display Frame 2
872.5123 	EXP 	Display Frame 3
872.5443 	EXP 	Display Frame 4
872.5776 	EXP 	Display Frame 5
872.6110 	EXP 	Display Frame 6
872.6443 	EXP 	Display Frame 7
872.6776 	EXP 	Display Frame 8
872.7110 	EXP 	Display Frame 9
872.7443 	EXP 	Display Frame 0
872.7776 	EXP 	Display Frame 1
872.8109 	EXP 	Display Frame 2
872.8443 	EXP 	Display Frame 3
872.8776 	EXP 	Display Frame 4
872.9110 	EXP 	Display Frame 5
872.9443 	EXP 	Display Frame 6
872.9776 	EXP 	Display Frame 7
873.0109 	EXP 	Display Frame 8
873.0443 	EXP 	Display Frame 9
873.0778 	EXP 	Display Frame 0
873.1109 	EXP 	Display Frame 1
873.1443 	EXP 	Display Frame 2
873.1776 	EXP 	Display Frame 3
873.2110 	EXP 	Display Frame 4
873.2443 	EXP 	Display Frame 5
873.2776 	EXP 	Display Frame 6
873.3109 	EXP 	Display Frame 7
873.3443 	EXP 	Display Frame 8
873.3776 	EXP 	Display Frame 9
873.4109 	EXP 	Display Frame 0
873.4446 	EXP 	Display Frame 1
873.4776 	EXP 	Display Frame 2
873.5110 	EXP 	Display Frame 3
873.5443 	EXP 	Display Frame 4
873.5788 	EXP 	Display Frame 5
873.6110 	EXP 	Display Frame 6
873.6443 	EXP 	Display Frame 7
873.6776 	EXP 	Display Frame 8
873.7110 	EXP 	Display Frame 9
873.7443 	EXP 	Display Frame 0
873.7776 	EXP 	Display Frame 1
873.8110 	EXP 	Display Frame 2
873.8443 	EXP 	Display Frame 3
873.8776 	EXP 	Display Frame 4
873.9110 	EXP 	Display Frame 5
873.9443 	EXP 	Display Frame 6
873.9776 	EXP 	Display Frame 7
874.0109 	EXP 	Display Frame 8
874.0443 	EXP 	Display Frame 9
874.0776 	EXP 	Display Frame 0
874.1109 	EXP 	Display Frame 1
874.1443 	EXP 	Display Frame 2
874.1776 	EXP 	Display Frame 3
874.2110 	EXP 	Display Frame 4
874.2443 	EXP 	Display Frame 5
874.2776 	EXP 	Display Frame 6
874.3109 	EXP 	Display Frame 7
874.3443 	EXP 	Display Frame 8
874.3776 	EXP 	Display Frame 9
874.4110 	EXP 	Display Frame 0
874.4443 	EXP 	Display Frame 1
874.4776 	EXP 	Display Frame 2
874.5109 	EXP 	Display Frame 3
874.5443 	EXP 	Display Frame 4
874.5776 	EXP 	Display Frame 5
874.6110 	EXP 	Display Frame 6
874.6451 	EXP 	Display Frame 7
874.6776 	EXP 	Display Frame 8
874.7110 	EXP 	Display Frame 9
874.7443 	EXP 	Display Frame 0
874.7776 	EXP 	Display Frame 1
874.8109 	EXP 	Display Frame 2
874.8443 	EXP 	Display Frame 3
874.8776 	EXP 	Display Frame 4
874.9109 	EXP 	Display Frame 5
874.9443 	EXP 	Display Frame 6
874.9776 	EXP 	Display Frame 7
875.0109 	EXP 	Display Frame 8
875.0443 	EXP 	Display Frame 9
875.0776 	EXP 	Display Frame 0
875.1109 	EXP 	Display Frame 1
875.1443 	EXP 	Display Frame 2
875.1776 	EXP 	Display Frame 3
875.2110 	EXP 	Display Frame 4
875.2443 	EXP 	Display Frame 5
875.2777 	DATA 	Keypress: equal
875.2788 	EXP 	Display Frame 6
875.3109 	EXP 	Display Frame 7
875.3443 	EXP 	Display Frame 8
875.3776 	EXP 	Display Frame 9
875.4109 	EXP 	Display Frame 0
875.4443 	EXP 	Display Frame 1
875.4776 	EXP 	Display Frame 2
875.5109 	EXP 	Display Frame 3
875.5443 	EXP 	Display Frame 4
875.5776 	EXP 	Display Frame 5
875.6110 	EXP 	Display Frame 6
875.6443 	EXP 	Display Frame 7
875.6776 	EXP 	Display Frame 8
875.7122 	EXP 	Display Frame 9
875.7443 	EXP 	Display Frame 0
875.7776 	EXP 	Display Frame 1
875.8109 	EXP 	Display Frame 2
875.8443 	EXP 	Display Frame 3
875.8776 	EXP 	Display Frame 4
875.9110 	EXP 	Display Frame 5
875.9443 	EXP 	Display Frame 6
875.9776 	EXP 	Display Frame 7
876.0109 	EXP 	Display Frame 8
876.0443 	EXP 	Display Frame 9
876.0776 	EXP 	Display Frame 0
876.1109 	EXP 	Display Frame 1
876.1443 	EXP 	Display Frame 2
876.1776 	EXP 	Display Frame 3
876.2110 	EXP 	Display Frame 4
876.2443 	EXP 	Display Frame 5
876.2776 	EXP 	Display Frame 6
876.3109 	EXP 	Display Frame 7
876.3443 	EXP 	Display Frame 8
876.3776 	EXP 	Display Frame 9
876.4110 	EXP 	Display Frame 0
876.4443 	EXP 	Display Frame 1
876.4776 	EXP 	Display Frame 2
876.5109 	EXP 	Display Frame 3
876.5443 	EXP 	Display Frame 4
876.5776 	EXP 	Display Frame 5
876.6110 	EXP 	Display Frame 6
876.6443 	EXP 	Display Frame 7
876.6776 	EXP 	Display Frame 8
876.7110 	EXP 	Display Frame 9
876.7443 	EXP 	Display Frame 0
876.7785 	EXP 	Display Frame 1
876.8110 	EXP 	Display Frame 2
876.8443 	EXP 	Display Frame 3
876.8776 	EXP 	Display Frame 4
876.9109 	EXP 	Display Frame 5
876.9443 	EXP 	Display Frame 6
876.9776 	EXP 	Display Frame 7
877.0109 	EXP 	Display Frame 8
877.0443 	EXP 	Display Frame 9
877.0776 	EXP 	Display Frame 0
877.1109 	EXP 	Display Frame 1
877.1442 	EXP 	Display Frame 2
877.1776 	EXP 	Display Frame 3
877.2110 	EXP 	Display Frame 4
877.2443 	EXP 	Display Frame 5
877.2776 	EXP 	Display Frame 6
877.3109 	EXP 	Display Frame 7
877.3443 	EXP 	Display Frame 8
877.3776 	EXP 	Display Frame 9
877.4109 	EXP 	Display Frame 0
877.4443 	EXP 	Display Frame 1
877.4776 	EXP 	Display Frame 2
877.5109 	EXP 	Display Frame 3
877.5443 	EXP 	Display Frame 4
877.5776 	EXP 	Display Frame 5
877.6110 	EXP 	Display Frame 6
877.6442 	EXP 	Display Frame 7
877.6776 	EXP 	Display Frame 8
877.7110 	EXP 	Display Frame 9
877.7443 	EXP 	Display Frame 0
877.7776 	EXP 	Display Frame 1
877.8109 	EXP 	Display Frame 2
877.8454 	EXP 	Display Frame 3
877.8776 	EXP 	Display Frame 4
877.9110 	EXP 	Display Frame 5
877.9443 	EXP 	Display Frame 6
877.9776 	EXP 	Display Frame 7
878.0109 	EXP 	Display Frame 8
878.0443 	EXP 	Display Frame 9
878.0776 	EXP 	Display Frame 0
878.1109 	EXP 	Display Frame 1
878.1443 	EXP 	Display Frame 2
878.1776 	EXP 	Display Frame 3
878.2110 	EXP 	Display Frame 4
878.2443 	EXP 	Display Frame 5
878.2776 	EXP 	Display Frame 6
878.3109 	EXP 	Display Frame 7
878.3443 	EXP 	Display Frame 8
878.3776 	EXP 	Display Frame 9
878.4111 	EXP 	Display Frame 0
878.4443 	EXP 	Display Frame 1
878.4776 	EXP 	Display Frame 2
878.5110 	EXP 	Display Frame 3
878.5443 	EXP 	Display Frame 4
878.5776 	EXP 	Display Frame 5
878.6109 	EXP 	Display Frame 6
878.6443 	EXP 	Display Frame 7
878.6776 	EXP 	Display Frame 8
878.7110 	EXP 	Display Frame 9
878.7443 	EXP 	Display Frame 0
878.7776 	EXP 	Display Frame 1
878.8109 	EXP 	Display Frame 2
878.8443 	EXP 	Display Frame 3
878.8776 	EXP 	Display Frame 4
878.9117 	EXP 	Display Frame 5
878.9443 	EXP 	Display Frame 6
878.9776 	EXP 	Display Frame 7
879.0110 	EXP 	Display Frame 8
879.0443 	EXP 	Display Frame 9
879.0776 	EXP 	Display Frame 0
879.1109 	EXP 	Display Frame 1
879.1443 	EXP 	Display Frame 2
879.1776 	EXP 	Display Frame 3
879.2110 	EXP 	Display Frame 4
879.2454 	EXP 	Display Frame 5
879.2776 	EXP 	Display Frame 6
879.3109 	EXP 	Display Frame 7
879.3443 	EXP 	Display Frame 8
879.3776 	EXP 	Display Frame 9
879.4109 	EXP 	Display Frame 0
879.4443 	EXP 	Display Frame 1
879.4776 	EXP 	Display Frame 2
879.5109 	EXP 	Display Frame 3
879.5443 	EXP 	Display Frame 4
879.5776 	EXP 	Display Frame 5
879.6110 	EXP 	Display Frame 6
879.6442 	EXP 	Display Frame 7
879.6776 	EXP 	Display Frame 8
879.7110 	EXP 	Display Frame 9
879.7443 	EXP 	Display Frame 0
879.7778 	EXP 	Display Frame 1
879.8110 	EXP 	Display Frame 2
879.8443 	EXP 	Display Frame 3
879.8776 	EXP 	Display Frame 4
879.9110 	EXP 	Display Frame 5
879.9443 	EXP 	Display Frame 6
879.9785 	EXP 	Display Frame 7
880.0109 	EXP 	Display Frame 8
880.0443 	EXP 	Display Frame 9
880.0776 	EXP 	Display Frame 0
880.1109 	EXP 	Display Frame 1
880.1443 	EXP 	Display Frame 2
880.1776 	EXP 	Display Frame 3
880.2110 	EXP 	Display Frame 4
880.2443 	EXP 	Display Frame 5
880.2776 	EXP 	Display Frame 6
880.3110 	EXP 	Display Frame 7
880.3443 	EXP 	Display Frame 8
880.3776 	EXP 	Display Frame 9
880.4110 	EXP 	Display Frame 0
880.4443 	EXP 	Display Frame 1
880.4777 	DATA 	Keypress: equal
880.4787 	EXP 	Display Frame 2
880.5110 	EXP 	Display Frame 3
880.5443 	EXP 	Display Frame 4
880.5776 	EXP 	Display Frame 5
880.6110 	EXP 	Display Frame 6
880.6443 	EXP 	Display Frame 7
880.6776 	EXP 	Display Frame 8
880.7110 	EXP 	Display Frame 9
880.7443 	EXP 	Display Frame 0
880.7776 	EXP 	Display Frame 1
880.8109 	EXP 	Display Frame 2
880.8443 	EXP 	Display Frame 3
880.8776 	EXP 	Display Frame 4
880.9110 	EXP 	Display Frame 5
880.9443 	EXP 	Display Frame 6
880.9776 	EXP 	Display Frame 7
881.0110 	EXP 	Display Frame 8
881.0453 	EXP 	Display Frame 9
881.0776 	EXP 	Display Frame 0
881.1109 	EXP 	Display Frame 1
881.1443 	EXP 	Display Frame 2
881.1776 	EXP 	Display Frame 3
881.2110 	EXP 	Display Frame 4
881.2443 	EXP 	Display Frame 5
881.2776 	EXP 	Display Frame 6
881.3109 	EXP 	Display Frame 7
881.3443 	EXP 	Display Frame 8
881.3776 	EXP 	Display Frame 9
881.4109 	EXP 	Display Frame 0
881.4443 	EXP 	Display Frame 1
881.4776 	EXP 	Display Frame 2
881.5110 	EXP 	Display Frame 3
881.5443 	EXP 	Display Frame 4
881.5776 	EXP 	Display Frame 5
881.6110 	EXP 	Display Frame 6
881.6442 	EXP 	Display Frame 7
881.6776 	EXP 	Display Frame 8
881.7110 	EXP 	Display Frame 9
881.7443 	EXP 	Display Frame 0
881.7776 	EXP 	Display Frame 1
881.8110 	EXP 	Display Frame 2
881.8443 	EXP 	Display Frame 3
881.8776 	EXP 	Display Frame 4
881.9110 	EXP 	Display Frame 5
881.9443 	EXP 	Display Frame 6
881.9776 	EXP 	Display Frame 7
882.0109 	EXP 	Display Frame 8
882.0443 	EXP 	Display Frame 9
882.0776 	EXP 	Display Frame 0
882.1121 	EXP 	Display Frame 1
882.1442 	EXP 	Display Frame 2
882.1776 	EXP 	Display Frame 3
882.2110 	EXP 	Display Frame 4
882.2443 	EXP 	Display Frame 5
882.2776 	EXP 	Display Frame 6
882.3109 	EXP 	Display Frame 7
882.3443 	EXP 	Display Frame 8
882.3776 	EXP 	Display Frame 9
882.4110 	EXP 	Display Frame 0
882.4443 	EXP 	Display Frame 1
882.4776 	EXP 	Display Frame 2
882.5109 	EXP 	Display Frame 3
882.5443 	EXP 	Display Frame 4
882.5776 	EXP 	Display Frame 5
882.6109 	EXP 	Display Frame 6
882.6443 	EXP 	Display Frame 7
882.6776 	EXP 	Display Frame 8
882.7110 	EXP 	Display Frame 9
882.7443 	EXP 	Display Frame 0
882.7776 	EXP 	Display Frame 1
882.8109 	EXP 	Display Frame 2
882.8443 	EXP 	Display Frame 3
882.8776 	EXP 	Display Frame 4
882.9109 	EXP 	Display Frame 5
882.9443 	EXP 	Display Frame 6
882.9776 	EXP 	Display Frame 7
883.0109 	EXP 	Display Frame 8
883.0443 	EXP 	Display Frame 9
883.0776 	EXP 	Display Frame 0
883.1109 	EXP 	Display Frame 1
883.1442 	EXP 	Display Frame 2
883.1784 	EXP 	Display Frame 3
883.2110 	EXP 	Display Frame 4
883.2443 	EXP 	Display Frame 5
883.2776 	EXP 	Display Frame 6
883.3110 	EXP 	Display Frame 7
883.3443 	EXP 	Display Frame 8
883.3776 	EXP 	Display Frame 9
883.4109 	EXP 	Display Frame 0
883.4443 	EXP 	Display Frame 1
883.4776 	EXP 	Display Frame 2
883.5109 	EXP 	Display Frame 3
883.5443 	EXP 	Display Frame 4
883.5776 	EXP 	Display Frame 5
883.6110 	EXP 	Display Frame 6
883.6443 	EXP 	Display Frame 7
883.6776 	EXP 	Display Frame 8
883.7110 	EXP 	Display Frame 9
883.7444 	EXP 	Display Frame 0
883.7776 	EXP 	Display Frame 1
883.8109 	EXP 	Display Frame 2
883.8443 	EXP 	Display Frame 3
883.8776 	EXP 	Display Frame 4
883.9110 	EXP 	Display Frame 5
883.9443 	EXP 	Display Frame 6
883.9776 	EXP 	Display Frame 7
884.0109 	EXP 	Display Frame 8
884.0443 	EXP 	Display Frame 9
884.0776 	EXP 	Display Frame 0
884.1109 	EXP 	Display Frame 1
884.1443 	EXP 	Display Frame 2
884.1776 	EXP 	Display Frame 3
884.2110 	EXP 	Display Frame 4
884.2455 	EXP 	Display Frame 5
884.2776 	EXP 	Display Frame 6
884.3109 	EXP 	Display Frame 7
884.3443 	EXP 	Display Frame 8
884.3776 	EXP 	Display Frame 9
884.4109 	EXP 	Display Frame 0
884.4443 	EXP 	Display Frame 1
884.4776 	EXP 	Display Frame 2
884.5109 	EXP 	Display Frame 3
884.5443 	EXP 	Display Frame 4
884.5776 	EXP 	Display Frame 5
884.6110 	EXP 	Display Frame 6
884.6443 	EXP 	Display Frame 7
884.6776 	EXP 	Display Frame 8
884.7109 	EXP 	Display Frame 9
884.7443 	EXP 	Display Frame 0
884.7776 	EXP 	Display Frame 1
884.8109 	EXP 	Display Frame 2
884.8443 	EXP 	Display Frame 3
884.8776 	EXP 	Display Frame 4
884.9110 	EXP 	Display Frame 5
884.9443 	EXP 	Display Frame 6
884.9776 	EXP 	Display Frame 7
885.0109 	EXP 	Display Frame 8
885.0443 	EXP 	Display Frame 9
885.0776 	EXP 	Display Frame 0
885.1109 	EXP 	Display Frame 1
885.1443 	EXP 	Display Frame 2
885.1776 	EXP 	Display Frame 3
885.2110 	EXP 	Display Frame 4
885.2443 	EXP 	Display Frame 5
885.2776 	EXP 	Display Frame 6
885.3120 	EXP 	Display Frame 7
885.3443 	EXP 	Display Frame 8
885.3776 	EXP 	Display Frame 9
885.4110 	EXP 	Display Frame 0
885.4443 	EXP 	Display Frame 1
885.4776 	EXP 	Display Frame 2
885.5110 	EXP 	Display Frame 3
885.5445 	EXP 	Display Frame 4
885.5776 	EXP 	Display Frame 5
885.6110 	EXP 	Display Frame 6
885.6443 	EXP 	Display Frame 7
885.6777 	DATA 	Keypress: equal
885.6788 	EXP 	Display Frame 8
885.7110 	EXP 	Display Frame 9
885.7443 	EXP 	Display Frame 0
885.7776 	EXP 	Display Frame 1
885.8109 	EXP 	Display Frame 2
885.8443 	EXP 	Display Frame 3
885.8776 	EXP 	Display Frame 4
885.9110 	EXP 	Display Frame 5
885.9443 	EXP 	Display Frame 6
885.9776 	EXP 	Display Frame 7
886.0109 	EXP 	Display Frame 8
886.0443 	EXP 	Display Frame 9
886.0776 	EXP 	Display Frame 0
886.1109 	EXP 	Display Frame 1
886.1443 	EXP 	Display Frame 2
886.1776 	EXP 	Display Frame 3
886.2110 	EXP 	Display Frame 4
886.2443 	EXP 	Display Frame 5
886.2776 	EXP 	Display Frame 6
886.3109 	EXP 	Display Frame 7
886.3443 	EXP 	Display Frame 8
886.3787 	EXP 	Display Frame 9
886.4109 	EXP 	Display Frame 0
886.4443 	EXP 	Display Frame 1
886.4776 	EXP 	Display Frame 2
886.5110 	EXP 	Display Frame 3
886.5443 	EXP 	Display Frame 4
886.5776 	EXP 	Display Frame 5
886.6110 	EXP 	Display Frame 6
886.6443 	EXP 	Display Frame 7
886.6776 	EXP 	Display Frame 8
886.7110 	EXP 	Display Frame 9
886.7443 	EXP 	Display Frame 0
886.7776 	EXP 	Display Frame 1
886.8110 	EXP 	Display Frame 2
886.8443 	EXP 	Display Frame 3
886.8776 	EXP 	Display Frame 4
886.9110 	EXP 	Display Frame 5
886.9443 	EXP 	Display Frame 6
886.9776 	EXP 	Display Frame 7
887.0109 	EXP 	Display Frame 8
887.0443 	EXP 	Display Frame 9
887.0776 	EXP 	Display Frame 0
887.1109 	EXP 	Display Frame 1
887.1442 	EXP 	Display Frame 2
887.1776 	EXP 	Display Frame 3
887.2110 	EXP 	Display Frame 4
887.2443 	EXP 	Display Frame 5
887.2776 	EXP 	Display Frame 6
887.3109 	EXP 	Display Frame 7
887.3443 	EXP 	Display Frame 8
887.3776 	EXP 	Display Frame 9
887.4110 	EXP 	Display Frame 0
887.4455 	EXP 	Display Frame 1
887.4776 	EXP 	Display Frame 2
887.5110 	EXP 	Display Frame 3
887.5443 	EXP 	Display Frame 4
887.5776 	EXP 	Display Frame 5
887.6110 	EXP 	Display Frame 6
887.6443 	EXP 	Display Frame 7
887.6776 	EXP 	Display Frame 8
887.7109 	EXP 	Display Frame 9
887.7443 	EXP 	Display Frame 0
887.7776 	EXP 	Display Frame 1
887.8110 	EXP 	Display Frame 2
887.8443 	EXP 	Display Frame 3
887.8776 	EXP 	Display Frame 4
887.9110 	EXP 	Display Frame 5
887.9443 	EXP 	Display Frame 6
887.9776 	EXP 	Display Frame 7
888.0109 	EXP 	Display Frame 8
888.0443 	EXP 	Display Frame 9
888.0776 	EXP 	Display Frame 0
888.1109 	EXP 	Display Frame 1
888.1443 	EXP 	Display Frame 2
888.1776 	EXP 	Display Frame 3
888.2109 	EXP 	Display Frame 4
888.2443 	EXP 	Display Frame 5
888.2776 	EXP 	Display Frame 6
888.3109 	EXP 	Display Frame 7
888.3443 	EXP 	Display Frame 8
888.3776 	EXP 	Display Frame 9
888.4110 	EXP 	Display Frame 0
888.4443 	EXP 	Display Frame 1
888.4776 	EXP 	Display Frame 2
888.5122 	EXP 	Display Frame 3
888.5443 	EXP 	Display Frame 4
888.5776 	EXP 	Display Frame 5
888.6110 	EXP 	Display Frame 6
888.6443 	EXP 	Display Frame 7
888.6776 	EXP 	Display Frame 8
888.7110 	EXP 	Display Frame 9
888.7443 	EXP 	Display Frame 0
888.7776 	EXP 	Display Frame 1
888.8109 	EXP 	Display Frame 2
888.8443 	EXP 	Display Frame 3
888.8776 	EXP 	Display Frame 4
888.9109 	EXP 	Display Frame 5
888.9443 	EXP 	Display Frame 6
888.9776 	EXP 	Display Frame 7
889.0109 	EXP 	Display Frame 8
889.0443 	EXP 	Display Frame 9
889.0778 	EXP 	Display Frame 0
889.1109 	EXP 	Display Frame 1
889.1443 	EXP 	Display Frame 2
889.1776 	EXP 	Display Frame 3
889.2109 	EXP 	Display Frame 4
889.2443 	EXP 	Display Frame 5
889.2776 	EXP 	Display Frame 6
889.3109 	EXP 	Display Frame 7
889.3443 	EXP 	Display Frame 8
889.3776 	EXP 	Display Frame 9
889.4111 	EXP 	Display Frame 0
889.4445 	EXP 	Display Frame 1
889.4780 	EXP 	Display Frame 2
889.5112 	EXP 	Display Frame 3
889.5445 	EXP 	Display Frame 4
889.5782 	EXP 	Display Frame 5
889.6112 	EXP 	Display Frame 6
889.6446 	EXP 	Display Frame 7
889.6779 	EXP 	Display Frame 8
889.7112 	EXP 	Display Frame 9
889.7446 	EXP 	Display Frame 0
889.7778 	EXP 	Display Frame 1
889.8112 	EXP 	Display Frame 2
889.8446 	EXP 	Display Frame 3
889.8779 	EXP 	Display Frame 4
889.9112 	EXP 	Display Frame 5
889.9446 	EXP 	Display Frame 6
889.9779 	EXP 	Display Frame 7
890.0112 	EXP 	Display Frame 8
890.0445 	EXP 	Display Frame 9
890.0776 	EXP 	Display Frame 0
890.1109 	EXP 	Display Frame 1
890.1443 	EXP 	Display Frame 2
890.1779 	EXP 	Display Frame 3
890.2110 	EXP 	Display Frame 4
890.2443 	EXP 	Display Frame 5
890.2776 	EXP 	Display Frame 6
890.3110 	EXP 	Display Frame 7
890.3443 	EXP 	Display Frame 8
890.3776 	EXP 	Display Frame 9
890.4110 	EXP 	Display Frame 0
890.4443 	EXP 	Display Frame 1
890.4776 	EXP 	Display Frame 2
890.5109 	EXP 	Display Frame 3
890.5443 	EXP 	Display Frame 4
890.5776 	EXP 	Display Frame 5
890.6110 	EXP 	Display Frame 6
890.6453 	EXP 	Display Frame 7
890.6776 	EXP 	Display Frame 8
890.7110 	EXP 	Display Frame 9
890.7443 	EXP 	Display Frame 0
890.7776 	EXP 	Display Frame 1
890.8110 	EXP 	Display Frame 2
890.8442 	EXP 	Display Frame 3
890.8777 	DATA 	Keypress: equal
890.8788 	EXP 	Display Frame 4
890.9109 	EXP 	Display Frame 5
890.9443 	EXP 	Display Frame 6
890.9776 	EXP 	Display Frame 7
891.0109 	EXP 	Display Frame 8
891.0443 	EXP 	Display Frame 9
891.0776 	EXP 	Display Frame 0
891.1109 	EXP 	Display Frame 1
891.1443 	EXP 	Display Frame 2
891.1776 	EXP 	Display Frame 3
891.2110 	EXP 	Display Frame 4
891.2443 	EXP 	Display Frame 5
891.2776 	EXP 	Display Frame 6
891.3109 	EXP 	Display Frame 7
891.3443 	EXP 	Display Frame 8
891.3776 	EXP 	Display Frame 9
891.4110 	EXP 	Display Frame 0
891.4443 	EXP 	Display Frame 1
891.4776 	EXP 	Display Frame 2
891.5109 	EXP 	Display Frame 3
891.5443 	EXP 	Display Frame 4
891.5776 	EXP 	Display Frame 5
891.6109 	EXP 	Display Frame 6
891.6443 	EXP 	Display Frame 7
891.6776 	EXP 	Display Frame 8
891.7121 	EXP 	Display Frame 9
891.7443 	EXP 	Display Frame 0
891.7776 	EXP 	Display Frame 1
891.8110 	EXP 	Display Frame 2
891.8443 	EXP 	Display Frame 3
891.8776 	EXP 	Display Frame 4
891.9110 	EXP 	Display Frame 5
891.9443 	EXP 	Display Frame 6
891.9776 	EXP 	Display Frame 7
892.0109 	EXP 	Display Frame 8
892.0443 	EXP 	Display Frame 9
892.0776 	EXP 	Display Frame 0
892.1109 	EXP 	Display Frame 1
892.1442 	EXP 	Display Frame 2
892.1776 	EXP 	Display Frame 3
892.2110 	EXP 	Display Frame 4
892.2443 	EXP 	Display Frame 5
892.2776 	EXP 	Display Frame 6
892.3109 	EXP 	Display Frame 7
892.3443 	EXP 	Display Frame 8
892.3776 	EXP 	Display Frame 9
892.4110 	EXP 	Display Frame 0
892.4443 	EXP 	Display Frame 1
892.4776 	EXP 	Display Frame 2
892.5109 	EXP 	Display Frame 3
892.5443 	EXP 	Display Frame 4
892.5776 	EXP 	Display Frame 5
892.6110 	EXP 	Display Frame 6
892.6443 	EXP 	Display Frame 7
892.6776 	EXP 	Display Frame 8
892.7110 	EXP 	Display Frame 9
892.7443 	EXP 	Display Frame 0
892.7786 	EXP 	Display Frame 1
892.8109 	EXP 	Display Frame 2
892.8443 	EXP 	Display Frame 3
892.8776 	EXP 	Display Frame 4
892.9110 	EXP 	Display Frame 5
892.9443 	EXP 	Display Frame 6
892.9776 	EXP 	Display Frame 7
893.0109 	EXP 	Display Frame 8
893.0443 	EXP 	Display Frame 9
893.0776 	EXP 	Display Frame 0
893.1108 	EXP 	Display Frame 1
893.1443 	EXP 	Display Frame 2
893.1776 	EXP 	Display Frame 3
893.2110 	EXP 	Display Frame 4
893.2443 	EXP 	Display Frame 5
893.2776 	EXP 	Display Frame 6
893.3109 	EXP 	Display Frame 7
893.3443 	EXP 	Display Frame 8
893.3776 	EXP 	Display Frame 9
893.4109 	EXP 	Display Frame 0
893.4443 	EXP 	Display Frame 1
893.4776 	EXP 	Display Frame 2
893.5109 	EXP 	Display Frame 3
893.5443 	EXP 	Display Frame 4
893.5776 	EXP 	Display Frame 5
893.6109 	EXP 	Display Frame 6
893.6443 	EXP 	Display Frame 7
893.6776 	EXP 	Display Frame 8
893.7109 	EXP 	Display Frame 9
893.7443 	EXP 	Display Frame 0
893.7836 	EXP 	Display Frame 1
893.8110 	EXP 	Display Frame 2
893.8484 	EXP 	Display Frame 3
893.8776 	EXP 	Display Frame 4
893.9110 	EXP 	Display Frame 5
893.9443 	EXP 	Display Frame 6
893.9776 	EXP 	Display Frame 7
894.0110 	EXP 	Display Frame 8
894.0443 	EXP 	Display Frame 9
894.0777 	EXP 	Display Frame 0
894.1109 	EXP 	Display Frame 1
894.1443 	EXP 	Display Frame 2
894.1777 	EXP 	Display Frame 3
894.2110 	EXP 	Display Frame 4
894.2443 	EXP 	Display Frame 5
894.2776 	EXP 	Display Frame 6
894.3109 	EXP 	Display Frame 7
894.3443 	EXP 	Display Frame 8
894.3777 	EXP 	Display Frame 9
894.4111 	EXP 	Display Frame 0
894.4443 	EXP 	Display Frame 1
894.4776 	EXP 	Display Frame 2
894.5110 	EXP 	Display Frame 3
894.5443 	EXP 	Display Frame 4
894.5776 	EXP 	Display Frame 5
894.6109 	EXP 	Display Frame 6
894.6443 	EXP 	Display Frame 7
894.6776 	EXP 	Display Frame 8
894.7109 	EXP 	Display Frame 9
894.7443 	EXP 	Display Frame 0
894.7776 	EXP 	Display Frame 1
894.8109 	EXP 	Display Frame 2
894.8443 	EXP 	Display Frame 3
894.8776 	EXP 	Display Frame 4
894.9170 	EXP 	Display Frame 5
894.9442 	EXP 	Display Frame 6
894.9776 	EXP 	Display Frame 7
895.0110 	EXP 	Display Frame 8
895.0443 	EXP 	Display Frame 9
895.0776 	EXP 	Display Frame 0
895.1109 	EXP 	Display Frame 1
895.1443 	EXP 	Display Frame 2
895.1776 	EXP 	Display Frame 3
895.2110 	EXP 	Display Frame 4
895.2443 	EXP 	Display Frame 5
895.2776 	EXP 	Display Frame 6
895.3109 	EXP 	Display Frame 7
895.3443 	EXP 	Display Frame 8
895.3776 	EXP 	Display Frame 9
895.4110 	EXP 	Display Frame 0
895.4443 	EXP 	Display Frame 1
895.4776 	EXP 	Display Frame 2
895.5110 	EXP 	Display Frame 3
895.5443 	EXP 	Display Frame 4
895.5776 	EXP 	Display Frame 5
895.6109 	EXP 	Display Frame 6
895.6443 	EXP 	Display Frame 7
895.6776 	EXP 	Display Frame 8
895.7110 	EXP 	Display Frame 9
895.7443 	EXP 	Display Frame 0
895.7776 	EXP 	Display Frame 1
895.8109 	EXP 	Display Frame 2
895.8443 	EXP 	Display Frame 3
895.8776 	EXP 	Display Frame 4
895.9110 	EXP 	Display Frame 5
895.9445 	EXP 	Display Frame 6
895.9786 	EXP 	Display Frame 7
896.0110 	EXP 	Display Frame 8
896.0443 	EXP 	Display Frame 9
896.0451 	DATA 	Keypress: equal
896.0777 	EXP 	Display Frame 0
896.1109 	EXP 	Display Frame 1
896.1443 	EXP 	Display Frame 2
896.1776 	EXP 	Display Frame 3
896.2110 	EXP 	Display Frame 4
896.2443 	EXP 	Display Frame 5
896.2776 	EXP 	Display Frame 6
896.3109 	EXP 	Display Frame 7
896.3443 	EXP 	Display Frame 8
896.3776 	EXP 	Display Frame 9
896.4110 	EXP 	Display Frame 0
896.4443 	EXP 	Display Frame 1
896.4776 	EXP 	Display Frame 2
896.5110 	EXP 	Display Frame 3
896.5443 	EXP 	Display Frame 4
896.5777 	EXP 	Display Frame 5
896.6110 	EXP 	Display Frame 6
896.6442 	EXP 	Display Frame 7
896.6776 	EXP 	Display Frame 8
896.7110 	EXP 	Display Frame 9
896.7443 	EXP 	Display Frame 0
896.7776 	EXP 	Display Frame 1
896.8109 	EXP 	Display Frame 2
896.8443 	EXP 	Display Frame 3
896.8776 	EXP 	Display Frame 4
896.9110 	EXP 	Display Frame 5
896.9443 	EXP 	Display Frame 6
896.9776 	EXP 	Display Frame 7
897.0109 	EXP 	Display Frame 8
897.0455 	EXP 	Display Frame 9
897.0776 	EXP 	Display Frame 0
897.1109 	EXP 	Display Frame 1
897.1443 	EXP 	Display Frame 2
897.1776 	EXP 	Display Frame 3
897.2110 	EXP 	Display Frame 4
897.2443 	EXP 	Display Frame 5
897.2776 	EXP 	Display Frame 6
897.3109 	EXP 	Display Frame 7
897.3443 	EXP 	Display Frame 8
897.3776 	EXP 	Display Frame 9
897.4110 	EXP 	Display Frame 0
897.4443 	EXP 	Display Frame 1
897.4776 	EXP 	Display Frame 2
897.5110 	EXP 	Display Frame 3
897.5443 	EXP 	Display Frame 4
897.5776 	EXP 	Display Frame 5
897.6109 	EXP 	Display Frame 6
897.6443 	EXP 	Display Frame 7
897.6776 	EXP 	Display Frame 8
897.7109 	EXP 	Display Frame 9
897.7443 	EXP 	Display Frame 0
897.7776 	EXP 	Display Frame 1
897.8109 	EXP 	Display Frame 2
897.8443 	EXP 	Display Frame 3
897.8776 	EXP 	Display Frame 4
897.9109 	EXP 	Display Frame 5
897.9443 	EXP 	Display Frame 6
897.9776 	EXP 	Display Frame 7
898.0110 	EXP 	Display Frame 8
898.0443 	EXP 	Display Frame 9
898.0776 	EXP 	Display Frame 0
898.1146 	EXP 	Display Frame 1
898.1443 	EXP 	Display Frame 2
898.1776 	EXP 	Display Frame 3
898.2109 	EXP 	Display Frame 4
898.2443 	EXP 	Display Frame 5
898.2776 	EXP 	Display Frame 6
898.3110 	EXP 	Display Frame 7
898.3443 	EXP 	Display Frame 8
898.3776 	EXP 	Display Frame 9
898.4109 	EXP 	Display Frame 0
898.4443 	EXP 	Display Frame 1
898.4776 	EXP 	Display Frame 2
898.5110 	EXP 	Display Frame 3
898.5443 	EXP 	Display Frame 4
898.5776 	EXP 	Display Frame 5
898.6110 	EXP 	Display Frame 6
898.6443 	EXP 	Display Frame 7
898.6776 	EXP 	Display Frame 8
898.7109 	EXP 	Display Frame 9
898.7443 	EXP 	Display Frame 0
898.7776 	EXP 	Display Frame 1
898.8110 	EXP 	Display Frame 2
898.8443 	EXP 	Display Frame 3
898.8776 	EXP 	Display Frame 4
898.9109 	EXP 	Display Frame 5
898.9443 	EXP 	Display Frame 6
898.9776 	EXP 	Display Frame 7
899.0109 	EXP 	Display Frame 8
899.0443 	EXP 	Display Frame 9
899.0776 	EXP 	Display Frame 0
899.1109 	EXP 	Display Frame 1
899.1443 	EXP 	Display Frame 2
899.1801 	EXP 	Display Frame 3
899.2109 	EXP 	Display Frame 4
899.2443 	EXP 	Display Frame 5
899.2776 	EXP 	Display Frame 6
899.3109 	EXP 	Display Frame 7
899.3443 	EXP 	Display Frame 8
899.3776 	EXP 	Display Frame 9
899.4110 	EXP 	Display Frame 0
899.4443 	EXP 	Display Frame 1
899.4776 	EXP 	Display Frame 2
899.5110 	EXP 	Display Frame 3
899.5443 	EXP 	Display Frame 4
899.5776 	EXP 	Display Frame 5
899.6110 	EXP 	Display Frame 6
899.6443 	EXP 	Display Frame 7
899.6776 	EXP 	Display Frame 8
899.7110 	EXP 	Display Frame 9
899.7444 	EXP 	Display Frame 0
899.7776 	EXP 	Display Frame 1
899.8110 	EXP 	Display Frame 2
899.8443 	EXP 	Display Frame 3
899.8776 	EXP 	Display Frame 4
899.9109 	EXP 	Display Frame 5
899.9443 	EXP 	Display Frame 6
899.9776 	EXP 	Display Frame 7
900.0110 	EXP 	Display Frame 8
900.0443 	EXP 	Display Frame 9
900.0776 	EXP 	Display Frame 0
900.1109 	EXP 	Display Frame 1
900.1443 	EXP 	Display Frame 2
900.1776 	EXP 	Display Frame 3
900.2109 	EXP 	Display Frame 4
900.2451 	EXP 	Display Frame 5
900.2776 	EXP 	Display Frame 6
900.3110 	EXP 	Display Frame 7
900.3443 	EXP 	Display Frame 8
900.3776 	EXP 	Display Frame 9
900.4109 	EXP 	Display Frame 0
900.4443 	EXP 	Display Frame 1
900.4776 	EXP 	Display Frame 2
900.5110 	EXP 	Display Frame 3
900.5443 	EXP 	Display Frame 4
900.5776 	EXP 	Display Frame 5
900.6110 	EXP 	Display Frame 6
900.6443 	EXP 	Display Frame 7
900.6776 	EXP 	Display Frame 8
900.7109 	EXP 	Display Frame 9
900.7443 	EXP 	Display Frame 0
900.7776 	EXP 	Display Frame 1
900.8110 	EXP 	Display Frame 2
900.8443 	EXP 	Display Frame 3
900.8776 	EXP 	Display Frame 4
900.9110 	EXP 	Display Frame 5
900.9443 	EXP 	Display Frame 6
900.9776 	EXP 	Display Frame 7
901.0110 	EXP 	Display Frame 8
901.0443 	EXP 	Display Frame 9
901.0777 	EXP 	Display Frame 0
901.1109 	EXP 	Display Frame 1
901.1443 	EXP 	Display Frame 2
901.1776 	EXP 	Display Frame 3
901.2109 	EXP 	Display Frame 4
901.2444 	DATA 	Keypress: equal
901.2454 	EXP 	Display Frame 5
901.2508 	EXP 	Display Fixation
906.4318 	DATA 	Keypress: equal
911.6249 	DATA 	Keypress: equal
916.8190 	DATA 	Keypress: equal
922.0120 	DATA 	Keypress: equal
927.2059 	DATA 	Keypress: equal
932.3999 	DATA 	Keypress: equal
932.4343 	EXP 	Display Frame 1
932.4676 	EXP 	Display Frame 2
932.5009 	EXP 	Display Frame 3
932.5342 	EXP 	Display Frame 4
932.5676 	EXP 	Display Frame 5
932.6009 	EXP 	Display Frame 6
932.6343 	EXP 	Display Frame 7
932.6676 	EXP 	Display Frame 8
932.7009 	EXP 	Display Frame 9
932.7342 	EXP 	Display Frame 0
932.7676 	EXP 	Display Frame 1
932.8009 	EXP 	Display Frame 2
932.8342 	EXP 	Display Frame 3
932.8676 	EXP 	Display Frame 4
932.9009 	EXP 	Display Frame 5
932.9343 	EXP 	Display Frame 6
932.9676 	EXP 	Display Frame 7
933.0009 	EXP 	Display Frame 8
933.0342 	EXP 	Display Frame 9
933.0676 	EXP 	Display Frame 0
933.1009 	EXP 	Display Frame 1
933.1342 	EXP 	Display Frame 2
933.1676 	EXP 	Display Frame 3
933.2009 	EXP 	Display Frame 4
933.2342 	EXP 	Display Frame 5
933.2676 	EXP 	Display Frame 6
933.3009 	EXP 	Display Frame 7
933.3342 	EXP 	Display Frame 8
933.3676 	EXP 	Display Frame 9
933.4009 	EXP 	Display Frame 0
933.4342 	EXP 	Display Frame 1
933.4676 	EXP 	Display Frame 2
933.5009 	EXP 	Display Frame 3
933.5342 	EXP 	Display Frame 4
933.5676 	EXP 	Display Frame 5
933.6009 	EXP 	Display Frame 6
933.6342 	EXP 	Display Frame 7
933.6675 	EXP 	Display Frame 8
933.7009 	EXP 	Display Frame 9
933.7342 	EXP 	Display Frame 0
933.7676 	EXP 	Display Frame 1
933.8009 	EXP 	Display Frame 2
933.8342 	EXP 	Display Frame 3
933.8676 	EXP 	Display Frame 4
933.9009 	EXP 	Display Frame 5
933.9342 	EXP 	Display Frame 6
933.9675 	EXP 	Display Frame 7
934.0012 	EXP 	Display Frame 8
934.0342 	EXP 	Display Frame 9
934.0676 	EXP 	Display Frame 0
934.1009 	EXP 	Display Frame 1
934.1342 	EXP 	Display Frame 2
934.1676 	EXP 	Display Frame 3
934.2009 	EXP 	Display Frame 4
934.2342 	EXP 	Display Frame 5
934.2676 	EXP 	Display Frame 6
934.3009 	EXP 	Display Frame 7
934.3342 	EXP 	Display Frame 8
934.3676 	EXP 	Display Frame 9
934.4009 	EXP 	Display Frame 0
934.4342 	EXP 	Display Frame 1
934.4675 	EXP 	Display Frame 2
934.5009 	EXP 	Display Frame 3
934.5342 	EXP 	Display Frame 4
934.5676 	EXP 	Display Frame 5
934.6009 	EXP 	Display Frame 6
934.6342 	EXP 	Display Frame 7
934.6675 	EXP 	Display Frame 8
934.7008 	EXP 	Display Frame 9
934.7342 	EXP 	Display Frame 0
934.7675 	EXP 	Display Frame 1
934.8009 	EXP 	Display Frame 2
934.8342 	EXP 	Display Frame 3
934.8675 	EXP 	Display Frame 4
934.9009 	EXP 	Display Frame 5
934.9342 	EXP 	Display Frame 6
934.9676 	EXP 	Display Frame 7
935.0009 	EXP 	Display Frame 8
935.0343 	EXP 	Display Frame 9
935.0676 	EXP 	Display Frame 0
935.1010 	EXP 	Display Frame 1
935.1342 	EXP 	Display Frame 2
935.1676 	EXP 	Display Frame 3
935.2009 	EXP 	Display Frame 4
935.2342 	EXP 	Display Frame 5
935.2675 	EXP 	Display Frame 6
935.3009 	EXP 	Display Frame 7
935.3342 	EXP 	Display Frame 8
935.3676 	EXP 	Display Frame 9
935.4009 	EXP 	Display Frame 0
935.4342 	EXP 	Display Frame 1
935.4675 	EXP 	Display Frame 2
935.5008 	EXP 	Display Frame 3
935.5342 	EXP 	Display Frame 4
935.5676 	EXP 	Display Frame 5
935.6009 	EXP 	Display Frame 6
935.6342 	EXP 	Display Frame 7
935.6676 	EXP 	Display Frame 8
935.7009 	EXP 	Display Frame 9
935.7342 	EXP 	Display Frame 0
935.7676 	EXP 	Display Frame 1
935.8009 	EXP 	Display Frame 2
935.8342 	EXP 	Display Frame 3
935.8675 	EXP 	Display Frame 4
935.9009 	EXP 	Display Frame 5
935.9342 	EXP 	Display Frame 6
935.9675 	EXP 	Display Frame 7
936.0009 	EXP 	Display Frame 8
936.0342 	EXP 	Display Frame 9
936.0676 	EXP 	Display Frame 0
936.1009 	EXP 	Display Frame 1
936.1342 	EXP 	Display Frame 2
936.1675 	EXP 	Display Frame 3
936.2009 	EXP 	Display Frame 4
936.2342 	EXP 	Display Frame 5
936.2676 	EXP 	Display Frame 6
936.3009 	EXP 	Display Frame 7
936.3342 	EXP 	Display Frame 8
936.3676 	EXP 	Display Frame 9
936.4009 	EXP 	Display Frame 0
936.4342 	EXP 	Display Frame 1
936.4675 	EXP 	Display Frame 2
936.5009 	EXP 	Display Frame 3
936.5342 	EXP 	Display Frame 4
936.5675 	EXP 	Display Frame 5
936.6009 	EXP 	Display Frame 6
936.6342 	EXP 	Display Frame 7
936.6675 	EXP 	Display Frame 8
936.7009 	EXP 	Display Frame 9
936.7342 	EXP 	Display Frame 0
936.7675 	EXP 	Display Frame 1
936.8009 	EXP 	Display Frame 2
936.8342 	EXP 	Display Frame 3
936.8676 	EXP 	Display Frame 4
936.9009 	EXP 	Display Frame 5
936.9342 	EXP 	Display Frame 6
936.9676 	EXP 	Display Frame 7
937.0009 	EXP 	Display Frame 8
937.0344 	EXP 	Display Frame 9
937.0676 	EXP 	Display Frame 0
937.1009 	EXP 	Display Frame 1
937.1342 	EXP 	Display Frame 2
937.1675 	EXP 	Display Frame 3
937.2009 	EXP 	Display Frame 4
937.2342 	EXP 	Display Frame 5
937.2676 	EXP 	Display Frame 6
937.3009 	EXP 	Display Frame 7
937.3342 	EXP 	Display Frame 8
937.3675 	EXP 	Display Frame 9
937.4009 	EXP 	Display Frame 0
937.4342 	EXP 	Display Frame 1
937.4675 	EXP 	Display Frame 2
937.5009 	EXP 	Display Frame 3
937.5342 	EXP 	Display Frame 4
937.5676 	EXP 	Display Frame 5
937.6010 	DATA 	Keypress: equal
937.6021 	EXP 	Display Frame 6
937.6342 	EXP 	Display Frame 7
937.6675 	EXP 	Display Frame 8
937.7009 	EXP 	Display Frame 9
937.7342 	EXP 	Display Frame 0
937.7675 	EXP 	Display Frame 1
937.8014 	EXP 	Display Frame 2
937.8342 	EXP 	Display Frame 3
937.8676 	EXP 	Display Frame 4
937.9009 	EXP 	Display Frame 5
937.9342 	EXP 	Display Frame 6
937.9675 	EXP 	Display Frame 7
938.0009 	EXP 	Display Frame 8
938.0342 	EXP 	Display Frame 9
938.0675 	EXP 	Display Frame 0
938.1009 	EXP 	Display Frame 1
938.1343 	EXP 	Display Frame 2
938.1677 	EXP 	Display Frame 3
938.2009 	EXP 	Display Frame 4
938.2342 	EXP 	Display Frame 5
938.2676 	EXP 	Display Frame 6
938.3009 	EXP 	Display Frame 7
938.3342 	EXP 	Display Frame 8
938.3675 	EXP 	Display Frame 9
938.4009 	EXP 	Display Frame 0
938.4342 	EXP 	Display Frame 1
938.4675 	EXP 	Display Frame 2
938.5009 	EXP 	Display Frame 3
938.5342 	EXP 	Display Frame 4
938.5675 	EXP 	Display Frame 5
938.6009 	EXP 	Display Frame 6
938.6342 	EXP 	Display Frame 7
938.6675 	EXP 	Display Frame 8
938.7009 	EXP 	Display Frame 9
938.7342 	EXP 	Display Frame 0
938.7675 	EXP 	Display Frame 1
938.8009 	EXP 	Display Frame 2
938.8342 	EXP 	Display Frame 3
938.8676 	EXP 	Display Frame 4
938.9009 	EXP 	Display Frame 5
938.9342 	EXP 	Display Frame 6
938.9675 	EXP 	Display Frame 7
939.0009 	EXP 	Display Frame 8
939.0342 	EXP 	Display Frame 9
939.0676 	EXP 	Display Frame 0
939.1009 	EXP 	Display Frame 1
939.1342 	EXP 	Display Frame 2
939.1676 	EXP 	Display Frame 3
939.2009 	EXP 	Display Frame 4
939.2342 	EXP 	Display Frame 5
939.2675 	EXP 	Display Frame 6
939.3009 	EXP 	Display Frame 7
939.3342 	EXP 	Display Frame 8
939.3676 	EXP 	Display Frame 9
939.4009 	EXP 	Display Frame 0
939.4342 	EXP 	Display Frame 1
939.4675 	EXP 	Display Frame 2
939.5009 	EXP 	Display Frame 3
939.5342 	EXP 	Display Frame 4
939.5675 	EXP 	Display Frame 5
939.6009 	EXP 	Display Frame 6
939.6342 	EXP 	Display Frame 7
939.6675 	EXP 	Display Frame 8
939.7009 	EXP 	Display Frame 9
939.7343 	EXP 	Display Frame 0
939.7677 	EXP 	Display Frame 1
939.8012 	EXP 	Display Frame 2
939.8342 	EXP 	Display Frame 3
939.8676 	EXP 	Display Frame 4
939.9010 	EXP 	Display Frame 5
939.9343 	EXP 	Display Frame 6
939.9676 	EXP 	Display Frame 7
940.0009 	EXP 	Display Frame 8
940.0344 	EXP 	Display Frame 9
940.0676 	EXP 	Display Frame 0
940.1009 	EXP 	Display Frame 1
940.1343 	EXP 	Display Frame 2
940.1675 	EXP 	Display Frame 3
940.2009 	EXP 	Display Frame 4
940.2342 	EXP 	Display Frame 5
940.2676 	EXP 	Display Frame 6
940.3009 	EXP 	Display Frame 7
940.3342 	EXP 	Display Frame 8
940.3675 	EXP 	Display Frame 9
940.4009 	EXP 	Display Frame 0
940.4342 	EXP 	Display Frame 1
940.4675 	EXP 	Display Frame 2
940.5009 	EXP 	Display Frame 3
940.5342 	EXP 	Display Frame 4
940.5676 	EXP 	Display Frame 5
940.6009 	EXP 	Display Frame 6
940.6342 	EXP 	Display Frame 7
940.6676 	EXP 	Display Frame 8
940.7009 	EXP 	Display Frame 9
940.7342 	EXP 	Display Frame 0
940.7676 	EXP 	Display Frame 1
940.8009 	EXP 	Display Frame 2
940.8342 	EXP 	Display Frame 3
940.8676 	EXP 	Display Frame 4
940.9010 	EXP 	Display Frame 5
940.9344 	EXP 	Display Frame 6
940.9676 	EXP 	Display Frame 7
941.0009 	EXP 	Display Frame 8
941.0342 	EXP 	Display Frame 9
941.0676 	EXP 	Display Frame 0
941.1009 	EXP 	Display Frame 1
941.1342 	EXP 	Display Frame 2
941.1675 	EXP 	Display Frame 3
941.2009 	EXP 	Display Frame 4
941.2342 	EXP 	Display Frame 5
941.2676 	EXP 	Display Frame 6
941.3009 	EXP 	Display Frame 7
941.3342 	EXP 	Display Frame 8
941.3675 	EXP 	Display Frame 9
941.4009 	EXP 	Display Frame 0
941.4342 	EXP 	Display Frame 1
941.4675 	EXP 	Display Frame 2
941.5009 	EXP 	Display Frame 3
941.5342 	EXP 	Display Frame 4
941.5676 	EXP 	Display Frame 5
941.6009 	EXP 	Display Frame 6
941.6342 	EXP 	Display Frame 7
941.6675 	EXP 	Display Frame 8
941.7009 	EXP 	Display Frame 9
941.7342 	EXP 	Display Frame 0
941.7675 	EXP 	Display Frame 1
941.8009 	EXP 	Display Frame 2
941.8342 	EXP 	Display Frame 3
941.8675 	EXP 	Display Frame 4
941.9009 	EXP 	Display Frame 5
941.9342 	EXP 	Display Frame 6
941.9675 	EXP 	Display Frame 7
942.0009 	EXP 	Display Frame 8
942.0342 	EXP 	Display Frame 9
942.0676 	EXP 	Display Frame 0
942.1009 	EXP 	Display Frame 1
942.1342 	EXP 	Display Frame 2
942.1675 	EXP 	Display Frame 3
942.2009 	EXP 	Display Frame 4
942.2342 	EXP 	Display Frame 5
942.2675 	EXP 	Display Frame 6
942.3009 	EXP 	Display Frame 7
942.3342 	EXP 	Display Frame 8
942.3677 	EXP 	Display Frame 9
942.4009 	EXP 	Display Frame 0
942.4343 	EXP 	Display Frame 1
942.4676 	EXP 	Display Frame 2
942.5010 	EXP 	Display Frame 3
942.5343 	EXP 	Display Frame 4
942.5676 	EXP 	Display Frame 5
942.6009 	EXP 	Display Frame 6
942.6343 	EXP 	Display Frame 7
942.6676 	EXP 	Display Frame 8
942.7009 	EXP 	Display Frame 9
942.7342 	EXP 	Display Frame 0
942.7675 	EXP 	Display Frame 1
942.8010 	DATA 	Keypress: equal
942.8021 	EXP 	Display Frame 2
942.8342 	EXP 	Display Frame 3
942.8676 	EXP 	Display Frame 4
942.9009 	EXP 	Display Frame 5
942.9342 	EXP 	Display Frame 6
942.9675 	EXP 	Display Frame 7
943.0009 	EXP 	Display Frame 8
943.0342 	EXP 	Display Frame 9
943.0676 	EXP 	Display Frame 0
943.1009 	EXP 	Display Frame 1
943.1342 	EXP 	Display Frame 2
943.1675 	EXP 	Display Frame 3
943.2009 	EXP 	Display Frame 4
943.2342 	EXP 	Display Frame 5
943.2675 	EXP 	Display Frame 6
943.3009 	EXP 	Display Frame 7
943.3342 	EXP 	Display Frame 8
943.3675 	EXP 	Display Frame 9
943.4009 	EXP 	Display Frame 0
943.4342 	EXP 	Display Frame 1
943.4675 	EXP 	Display Frame 2
943.5009 	EXP 	Display Frame 3
943.5342 	EXP 	Display Frame 4
943.5675 	EXP 	Display Frame 5
943.6009 	EXP 	Display Frame 6
943.6342 	EXP 	Display Frame 7
943.6675 	EXP 	Display Frame 8
943.7008 	EXP 	Display Frame 9
943.7342 	EXP 	Display Frame 0
943.7676 	EXP 	Display Frame 1
943.8009 	EXP 	Display Frame 2
943.8342 	EXP 	Display Frame 3
943.8675 	EXP 	Display Frame 4
943.9009 	EXP 	Display Frame 5
943.9342 	EXP 	Display Frame 6
943.9676 	EXP 	Display Frame 7
944.0009 	EXP 	Display Frame 8
944.0342 	EXP 	Display Frame 9
944.0675 	EXP 	Display Frame 0
944.1009 	EXP 	Display Frame 1
944.1342 	EXP 	Display Frame 2
944.1675 	EXP 	Display Frame 3
944.2009 	EXP 	Display Frame 4
944.2342 	EXP 	Display Frame 5
944.2676 	EXP 	Display Frame 6
944.3009 	EXP 	Display Frame 7
944.3342 	EXP 	Display Frame 8
944.3675 	EXP 	Display Frame 9
944.4009 	EXP 	Display Frame 0
944.4342 	EXP 	Display Frame 1
944.4675 	EXP 	Display Frame 2
944.5009 	EXP 	Display Frame 3
944.5342 	EXP 	Display Frame 4
944.5675 	EXP 	Display Frame 5
944.6009 	EXP 	Display Frame 6
944.6342 	EXP 	Display Frame 7
944.6675 	EXP 	Display Frame 8
944.7009 	EXP 	Display Frame 9
944.7342 	EXP 	Display Frame 0
944.7675 	EXP 	Display Frame 1
944.8009 	EXP 	Display Frame 2
944.8342 	EXP 	Display Frame 3
944.8675 	EXP 	Display Frame 4
944.9009 	EXP 	Display Frame 5
944.9342 	EXP 	Display Frame 6
944.9678 	EXP 	Display Frame 7
945.0009 	EXP 	Display Frame 8
945.0342 	EXP 	Display Frame 9
945.0676 	EXP 	Display Frame 0
945.1009 	EXP 	Display Frame 1
945.1342 	EXP 	Display Frame 2
945.1675 	EXP 	Display Frame 3
945.2009 	EXP 	Display Frame 4
945.2342 	EXP 	Display Frame 5
945.2676 	EXP 	Display Frame 6
945.3009 	EXP 	Display Frame 7
945.3355 	EXP 	Display Frame 8
945.3675 	EXP 	Display Frame 9
945.4009 	EXP 	Display Frame 0
945.4342 	EXP 	Display Frame 1
945.4675 	EXP 	Display Frame 2
945.5009 	EXP 	Display Frame 3
945.5342 	EXP 	Display Frame 4
945.5676 	EXP 	Display Frame 5
945.6009 	EXP 	Display Frame 6
945.6342 	EXP 	Display Frame 7
945.6675 	EXP 	Display Frame 8
945.7009 	EXP 	Display Frame 9
945.7342 	EXP 	Display Frame 0
945.7676 	EXP 	Display Frame 1
945.8009 	EXP 	Display Frame 2
945.8342 	EXP 	Display Frame 3
945.8676 	EXP 	Display Frame 4
945.9009 	EXP 	Display Frame 5
945.9342 	EXP 	Display Frame 6
945.9675 	EXP 	Display Frame 7
946.0009 	EXP 	Display Frame 8
946.0342 	EXP 	Display Frame 9
946.0676 	EXP 	Display Frame 0
946.1009 	EXP 	Display Frame 1
946.1342 	EXP 	Display Frame 2
946.1676 	EXP 	Display Frame 3
946.2009 	EXP 	Display Frame 4
946.2342 	EXP 	Display Frame 5
946.2676 	EXP 	Display Frame 6
946.3009 	EXP 	Display Frame 7
946.3342 	EXP 	Display Frame 8
946.3675 	EXP 	Display Frame 9
946.4009 	EXP 	Display Frame 0
946.4342 	EXP 	Display Frame 1
946.4675 	EXP 	Display Frame 2
946.5009 	EXP 	Display Frame 3
946.5342 	EXP 	Display Frame 4
946.5675 	EXP 	Display Frame 5
946.6009 	EXP 	Display Frame 6
946.6342 	EXP 	Display Frame 7
946.6676 	EXP 	Display Frame 8
946.7009 	EXP 	Display Frame 9
946.7342 	EXP 	Display Frame 0
946.7675 	EXP 	Display Frame 1
946.8009 	EXP 	Display Frame 2
946.8342 	EXP 	Display Frame 3
946.8675 	EXP 	Display Frame 4
946.9009 	EXP 	Display Frame 5
946.9342 	EXP 	Display Frame 6
946.9676 	EXP 	Display Frame 7
947.0009 	EXP 	Display Frame 8
947.0342 	EXP 	Display Frame 9
947.0675 	EXP 	Display Frame 0
947.1009 	EXP 	Display Frame 1
947.1342 	EXP 	Display Frame 2
947.1675 	EXP 	Display Frame 3
947.2009 	EXP 	Display Frame 4
947.2342 	EXP 	Display Frame 5
947.2675 	EXP 	Display Frame 6
947.3009 	EXP 	Display Frame 7
947.3342 	EXP 	Display Frame 8
947.3675 	EXP 	Display Frame 9
947.4009 	EXP 	Display Frame 0
947.4342 	EXP 	Display Frame 1
947.4675 	EXP 	Display Frame 2
947.5009 	EXP 	Display Frame 3
947.5342 	EXP 	Display Frame 4
947.5675 	EXP 	Display Frame 5
947.6009 	EXP 	Display Frame 6
947.6342 	EXP 	Display Frame 7
947.6675 	EXP 	Display Frame 8
947.7009 	EXP 	Display Frame 9
947.7343 	EXP 	Display Frame 0
947.7675 	EXP 	Display Frame 1
947.8009 	EXP 	Display Frame 2
947.8343 	EXP 	Display Frame 3
947.8676 	EXP 	Display Frame 4
947.9009 	EXP 	Display Frame 5
947.9342 	EXP 	Display Frame 6
947.9676 	EXP 	Display Frame 7
948.0010 	DATA 	Keypress: equal
948.0021 	EXP 	Display Frame 8
948.0342 	EXP 	Display Frame 9
948.0675 	EXP 	Display Frame 0
948.1009 	EXP 	Display Frame 1
948.1342 	EXP 	Display Frame 2
948.1676 	EXP 	Display Frame 3
948.2009 	EXP 	Display Frame 4
948.2342 	EXP 	Display Frame 5
948.2675 	EXP 	Display Frame 6
948.3009 	EXP 	Display Frame 7
948.3342 	EXP 	Display Frame 8
948.3675 	EXP 	Display Frame 9
948.4009 	EXP 	Display Frame 0
948.4342 	EXP 	Display Frame 1
948.4676 	EXP 	Display Frame 2
948.5009 	EXP 	Display Frame 3
948.5342 	EXP 	Display Frame 4
948.5675 	EXP 	Display Frame 5
948.6009 	EXP 	Display Frame 6
948.6342 	EXP 	Display Frame 7
948.6675 	EXP 	Display Frame 8
948.7009 	EXP 	Display Frame 9
948.7342 	EXP 	Display Frame 0
948.7676 	EXP 	Display Frame 1
948.8009 	EXP 	Display Frame 2
948.8342 	EXP 	Display Frame 3
948.8676 	EXP 	Display Frame 4
948.9009 	EXP 	Display Frame 5
948.9342 	EXP 	Display Frame 6
948.9675 	EXP 	Display Frame 7
949.0009 	EXP 	Display Frame 8
949.0342 	EXP 	Display Frame 9
949.0675 	EXP 	Display Frame 0
949.1009 	EXP 	Display Frame 1
949.1342 	EXP 	Display Frame 2
949.1675 	EXP 	Display Frame 3
949.2009 	EXP 	Display Frame 4
949.2342 	EXP 	Display Frame 5
949.2675 	EXP 	Display Frame 6
949.3008 	EXP 	Display Frame 7
949.3342 	EXP 	Display Frame 8
949.3675 	EXP 	Display Frame 9
949.4009 	EXP 	Display Frame 0
949.4342 	EXP 	Display Frame 1
949.4675 	EXP 	Display Frame 2
949.5009 	EXP 	Display Frame 3
949.5342 	EXP 	Display Frame 4
949.5675 	EXP 	Display Frame 5
949.6009 	EXP 	Display Frame 6
949.6342 	EXP 	Display Frame 7
949.6675 	EXP 	Display Frame 8
949.7009 	EXP 	Display Frame 9
949.7342 	EXP 	Display Frame 0
949.7675 	EXP 	Display Frame 1
949.8009 	EXP 	Display Frame 2
949.8342 	EXP 	Display Frame 3
949.8675 	EXP 	Display Frame 4
949.9009 	EXP 	Display Frame 5
949.9342 	EXP 	Display Frame 6
949.9675 	EXP 	Display Frame 7
950.0009 	EXP 	Display Frame 8
950.0342 	EXP 	Display Frame 9
950.0676 	EXP 	Display Frame 0
950.1009 	EXP 	Display Frame 1
950.1342 	EXP 	Display Frame 2
950.1675 	EXP 	Display Frame 3
950.2009 	EXP 	Display Frame 4
950.2342 	EXP 	Display Frame 5
950.2675 	EXP 	Display Frame 6
950.3009 	EXP 	Display Frame 7
950.3342 	EXP 	Display Frame 8
950.3676 	EXP 	Display Frame 9
950.4009 	EXP 	Display Frame 0
950.4342 	EXP 	Display Frame 1
950.4675 	EXP 	Display Frame 2
950.5009 	EXP 	Display Frame 3
950.5342 	EXP 	Display Frame 4
950.5675 	EXP 	Display Frame 5
950.6009 	EXP 	Display Frame 6
950.6342 	EXP 	Display Frame 7
950.6675 	EXP 	Display Frame 8
950.7009 	EXP 	Display Frame 9
950.7342 	EXP 	Display Frame 0
950.7675 	EXP 	Display Frame 1
950.8009 	EXP 	Display Frame 2
950.8342 	EXP 	Display Frame 3
950.8675 	EXP 	Display Frame 4
950.9009 	EXP 	Display Frame 5
950.9342 	EXP 	Display Frame 6
950.9675 	EXP 	Display Frame 7
951.0009 	EXP 	Display Frame 8
951.0342 	EXP 	Display Frame 9
951.0676 	EXP 	Display Frame 0
951.1009 	EXP 	Display Frame 1
951.1342 	EXP 	Display Frame 2
951.1675 	EXP 	Display Frame 3
951.2009 	EXP 	Display Frame 4
951.2342 	EXP 	Display Frame 5
951.2676 	EXP 	Display Frame 6
951.3009 	EXP 	Display Frame 7
951.3345 	EXP 	Display Frame 8
951.3676 	EXP 	Display Frame 9
951.4009 	EXP 	Display Frame 0
951.4342 	EXP 	Display Frame 1
951.4676 	EXP 	Display Frame 2
951.5009 	EXP 	Display Frame 3
951.5342 	EXP 	Display Frame 4
951.5676 	EXP 	Display Frame 5
951.6009 	EXP 	Display Frame 6
951.6342 	EXP 	Display Frame 7
951.6675 	EXP 	Display Frame 8
951.7009 	EXP 	Display Frame 9
951.7342 	EXP 	Display Frame 0
951.7675 	EXP 	Display Frame 1
951.8009 	EXP 	Display Frame 2
951.8342 	EXP 	Display Frame 3
951.8676 	EXP 	Display Frame 4
951.9009 	EXP 	Display Frame 5
951.9342 	EXP 	Display Frame 6
951.9675 	EXP 	Display Frame 7
952.0009 	EXP 	Display Frame 8
952.0342 	EXP 	Display Frame 9
952.0675 	EXP 	Display Frame 0
952.1008 	EXP 	Display Frame 1
952.1342 	EXP 	Display Frame 2
952.1676 	EXP 	Display Frame 3
952.2009 	EXP 	Display Frame 4
952.2342 	EXP 	Display Frame 5
952.2675 	EXP 	Display Frame 6
952.3009 	EXP 	Display Frame 7
952.3342 	EXP 	Display Frame 8
952.3675 	EXP 	Display Frame 9
952.4009 	EXP 	Display Frame 0
952.4342 	EXP 	Display Frame 1
952.4675 	EXP 	Display Frame 2
952.5009 	EXP 	Display Frame 3
952.5342 	EXP 	Display Frame 4
952.5675 	EXP 	Display Frame 5
952.6009 	EXP 	Display Frame 6
952.6342 	EXP 	Display Frame 7
952.6676 	EXP 	Display Frame 8
952.7009 	EXP 	Display Frame 9
952.7342 	EXP 	Display Frame 0
952.7676 	EXP 	Display Frame 1
952.8009 	EXP 	Display Frame 2
952.8342 	EXP 	Display Frame 3
952.8676 	EXP 	Display Frame 4
952.9009 	EXP 	Display Frame 5
952.9342 	EXP 	Display Frame 6
952.9675 	EXP 	Display Frame 7
953.0009 	EXP 	Display Frame 8
953.0345 	EXP 	Display Frame 9
953.0676 	EXP 	Display Frame 0
953.1009 	EXP 	Display Frame 1
953.1342 	EXP 	Display Frame 2
953.1675 	EXP 	Display Frame 3
953.2010 	DATA 	Keypress: equal
953.2021 	EXP 	Display Frame 4
953.2342 	EXP 	Display Frame 5
953.2675 	EXP 	Display Frame 6
953.3009 	EXP 	Display Frame 7
953.3342 	EXP 	Display Frame 8
953.3676 	EXP 	Display Frame 9
953.4009 	EXP 	Display Frame 0
953.4342 	EXP 	Display Frame 1
953.4675 	EXP 	Display Frame 2
953.5009 	EXP 	Display Frame 3
953.5342 	EXP 	Display Frame 4
953.5675 	EXP 	Display Frame 5
953.6008 	EXP 	Display Frame 6
953.6342 	EXP 	Display Frame 7
953.6675 	EXP 	Display Frame 8
953.7009 	EXP 	Display Frame 9
953.7342 	EXP 	Display Frame 0
953.7675 	EXP 	Display Frame 1
953.8010 	EXP 	Display Frame 2
953.8342 	EXP 	Display Frame 3
953.8676 	EXP 	Display Frame 4
953.9009 	EXP 	Display Frame 5
953.9342 	EXP 	Display Frame 6
953.9676 	EXP 	Display Frame 7
954.0009 	EXP 	Display Frame 8
954.0342 	EXP 	Display Frame 9
954.0675 	EXP 	Display Frame 0
954.1009 	EXP 	Display Frame 1
954.1342 	EXP 	Display Frame 2
954.1676 	EXP 	Display Frame 3
954.2009 	EXP 	Display Frame 4
954.2342 	EXP 	Display Frame 5
954.2676 	EXP 	Display Frame 6
954.3009 	EXP 	Display Frame 7
954.3342 	EXP 	Display Frame 8
954.3675 	EXP 	Display Frame 9
954.4009 	EXP 	Display Frame 0
954.4342 	EXP 	Display Frame 1
954.4676 	EXP 	Display Frame 2
954.5009 	EXP 	Display Frame 3
954.5342 	EXP 	Display Frame 4
954.5675 	EXP 	Display Frame 5
954.6009 	EXP 	Display Frame 6
954.6342 	EXP 	Display Frame 7
954.6676 	EXP 	Display Frame 8
954.7009 	EXP 	Display Frame 9
954.7342 	EXP 	Display Frame 0
954.7676 	EXP 	Display Frame 1
954.8009 	EXP 	Display Frame 2
954.8342 	EXP 	Display Frame 3
954.8675 	EXP 	Display Frame 4
954.9009 	EXP 	Display Frame 5
954.9342 	EXP 	Display Frame 6
954.9675 	EXP 	Display Frame 7
955.0009 	EXP 	Display Frame 8
955.0342 	EXP 	Display Frame 9
955.0676 	EXP 	Display Frame 0
955.1009 	EXP 	Display Frame 1
955.1342 	EXP 	Display Frame 2
955.1675 	EXP 	Display Frame 3
955.2009 	EXP 	Display Frame 4
955.2342 	EXP 	Display Frame 5
955.2675 	EXP 	Display Frame 6
955.3009 	EXP 	Display Frame 7
955.3342 	EXP 	Display Frame 8
955.3676 	EXP 	Display Frame 9
955.4009 	EXP 	Display Frame 0
955.4342 	EXP 	Display Frame 1
955.4675 	EXP 	Display Frame 2
955.5009 	EXP 	Display Frame 3
955.5342 	EXP 	Display Frame 4
955.5676 	EXP 	Display Frame 5
955.6009 	EXP 	Display Frame 6
955.6342 	EXP 	Display Frame 7
955.6675 	EXP 	Display Frame 8
955.7009 	EXP 	Display Frame 9
955.7342 	EXP 	Display Frame 0
955.7676 	EXP 	Display Frame 1
955.8009 	EXP 	Display Frame 2
955.8342 	EXP 	Display Frame 3
955.8675 	EXP 	Display Frame 4
955.9009 	EXP 	Display Frame 5
955.9342 	EXP 	Display Frame 6
955.9676 	EXP 	Display Frame 7
956.0009 	EXP 	Display Frame 8
956.0342 	EXP 	Display Frame 9
956.0675 	EXP 	Display Frame 0
956.1009 	EXP 	Display Frame 1
956.1342 	EXP 	Display Frame 2
956.1675 	EXP 	Display Frame 3
956.2009 	EXP 	Display Frame 4
956.2342 	EXP 	Display Frame 5
956.2675 	EXP 	Display Frame 6
956.3009 	EXP 	Display Frame 7
956.3342 	EXP 	Display Frame 8
956.3675 	EXP 	Display Frame 9
956.4009 	EXP 	Display Frame 0
956.4342 	EXP 	Display Frame 1
956.4675 	EXP 	Display Frame 2
956.5009 	EXP 	Display Frame 3
956.5342 	EXP 	Display Frame 4
956.5676 	EXP 	Display Frame 5
956.6009 	EXP 	Display Frame 6
956.6342 	EXP 	Display Frame 7
956.6675 	EXP 	Display Frame 8
956.7009 	EXP 	Display Frame 9
956.7342 	EXP 	Display Frame 0
956.7675 	EXP 	Display Frame 1
956.8009 	EXP 	Display Frame 2
956.8342 	EXP 	Display Frame 3
956.8676 	EXP 	Display Frame 4
956.9009 	EXP 	Display Frame 5
956.9342 	EXP 	Display Frame 6
956.9675 	EXP 	Display Frame 7
957.0009 	EXP 	Display Frame 8
957.0342 	EXP 	Display Frame 9
957.0676 	EXP 	Display Frame 0
957.1012 	EXP 	Display Frame 1
957.1342 	EXP 	Display Frame 2
957.1676 	EXP 	Display Frame 3
957.2009 	EXP 	Display Frame 4
957.2343 	EXP 	Display Frame 5
957.2675 	EXP 	Display Frame 6
957.3009 	EXP 	Display Frame 7
957.3342 	EXP 	Display Frame 8
957.3676 	EXP 	Display Frame 9
957.4009 	EXP 	Display Frame 0
957.4342 	EXP 	Display Frame 1
957.4675 	EXP 	Display Frame 2
957.5008 	EXP 	Display Frame 3
957.5342 	EXP 	Display Frame 4
957.5676 	EXP 	Display Frame 5
957.6009 	EXP 	Display Frame 6
957.6342 	EXP 	Display Frame 7
957.6675 	EXP 	Display Frame 8
957.7091 	EXP 	Display Frame 9
957.7342 	EXP 	Display Frame 0
957.7676 	EXP 	Display Frame 1
957.8009 	EXP 	Display Frame 2
957.8342 	EXP 	Display Frame 3
957.8675 	EXP 	Display Frame 4
957.9009 	EXP 	Display Frame 5
957.9342 	EXP 	Display Frame 6
957.9676 	EXP 	Display Frame 7
958.0009 	EXP 	Display Frame 8
958.0342 	EXP 	Display Frame 9
958.0675 	EXP 	Display Frame 0
958.1009 	EXP 	Display Frame 1
958.1342 	EXP 	Display Frame 2
958.1675 	EXP 	Display Frame 3
958.2009 	EXP 	Display Frame 4
958.2342 	EXP 	Display Frame 5
958.2675 	EXP 	Display Frame 6
958.3009 	EXP 	Display Frame 7
958.3342 	EXP 	Display Frame 8
958.3678 	DATA 	Keypress: equal
958.3689 	EXP 	Display Frame 9
958.4009 	EXP 	Display Frame 0
958.4342 	EXP 	Display Frame 1
958.4675 	EXP 	Display Frame 2
958.5009 	EXP 	Display Frame 3
958.5342 	EXP 	Display Frame 4
958.5675 	EXP 	Display Frame 5
958.6009 	EXP 	Display Frame 6
958.6342 	EXP 	Display Frame 7
958.6676 	EXP 	Display Frame 8
958.7009 	EXP 	Display Frame 9
958.7342 	EXP 	Display Frame 0
958.7675 	EXP 	Display Frame 1
958.8009 	EXP 	Display Frame 2
958.8342 	EXP 	Display Frame 3
958.8675 	EXP 	Display Frame 4
958.9009 	EXP 	Display Frame 5
958.9342 	EXP 	Display Frame 6
958.9675 	EXP 	Display Frame 7
959.0009 	EXP 	Display Frame 8
959.0342 	EXP 	Display Frame 9
959.0675 	EXP 	Display Frame 0
959.1009 	EXP 	Display Frame 1
959.1342 	EXP 	Display Frame 2
959.1676 	EXP 	Display Frame 3
959.2009 	EXP 	Display Frame 4
959.2342 	EXP 	Display Frame 5
959.2676 	EXP 	Display Frame 6
959.3009 	EXP 	Display Frame 7
959.3342 	EXP 	Display Frame 8
959.3675 	EXP 	Display Frame 9
959.4009 	EXP 	Display Frame 0
959.4342 	EXP 	Display Frame 1
959.4676 	EXP 	Display Frame 2
959.5009 	EXP 	Display Frame 3
959.5342 	EXP 	Display Frame 4
959.5675 	EXP 	Display Frame 5
959.6009 	EXP 	Display Frame 6
959.6342 	EXP 	Display Frame 7
959.6675 	EXP 	Display Frame 8
959.7009 	EXP 	Display Frame 9
959.7342 	EXP 	Display Frame 0
959.7676 	EXP 	Display Frame 1
959.8009 	EXP 	Display Frame 2
959.8342 	EXP 	Display Frame 3
959.8675 	EXP 	Display Frame 4
959.9009 	EXP 	Display Frame 5
959.9342 	EXP 	Display Frame 6
959.9676 	EXP 	Display Frame 7
960.0009 	EXP 	Display Frame 8
960.0342 	EXP 	Display Frame 9
960.0676 	EXP 	Display Frame 0
960.1009 	EXP 	Display Frame 1
960.1342 	EXP 	Display Frame 2
960.1675 	EXP 	Display Frame 3
960.2009 	EXP 	Display Frame 4
960.2342 	EXP 	Display Frame 5
960.2676 	EXP 	Display Frame 6
960.3009 	EXP 	Display Frame 7
960.3342 	EXP 	Display Frame 8
960.3675 	EXP 	Display Frame 9
960.4008 	EXP 	Display Frame 0
960.4342 	EXP 	Display Frame 1
960.4676 	EXP 	Display Frame 2
960.5009 	EXP 	Display Frame 3
960.5342 	EXP 	Display Frame 4
960.5675 	EXP 	Display Frame 5
960.6009 	EXP 	Display Frame 6
960.6342 	EXP 	Display Frame 7
960.6675 	EXP 	Display Frame 8
960.7009 	EXP 	Display Frame 9
960.7342 	EXP 	Display Frame 0
960.7675 	EXP 	Display Frame 1
960.8009 	EXP 	Display Frame 2
960.8342 	EXP 	Display Frame 3
960.8675 	EXP 	Display Frame 4
960.9009 	EXP 	Display Frame 5
960.9342 	EXP 	Display Frame 6
960.9676 	EXP 	Display Frame 7
961.0008 	EXP 	Display Frame 8
961.0342 	EXP 	Display Frame 9
961.0675 	EXP 	Display Frame 0
961.1009 	EXP 	Display Frame 1
961.1342 	EXP 	Display Frame 2
961.1675 	EXP 	Display Frame 3
961.2009 	EXP 	Display Frame 4
961.2342 	EXP 	Display Frame 5
961.2676 	EXP 	Display Frame 6
961.3009 	EXP 	Display Frame 7
961.3342 	EXP 	Display Frame 8
961.3675 	EXP 	Display Frame 9
961.4009 	EXP 	Display Frame 0
961.4342 	EXP 	Display Frame 1
961.4675 	EXP 	Display Frame 2
961.5009 	EXP 	Display Frame 3
961.5342 	EXP 	Display Frame 4
961.5675 	EXP 	Display Frame 5
961.6009 	EXP 	Display Frame 6
961.6342 	EXP 	Display Frame 7
961.6675 	EXP 	Display Frame 8
961.7009 	EXP 	Display Frame 9
961.7342 	EXP 	Display Frame 0
961.7676 	EXP 	Display Frame 1
961.8009 	EXP 	Display Frame 2
961.8342 	EXP 	Display Frame 3
961.8676 	EXP 	Display Frame 4
961.9009 	EXP 	Display Frame 5
961.9342 	EXP 	Display Frame 6
961.9675 	EXP 	Display Frame 7
962.0009 	EXP 	Display Frame 8
962.0342 	EXP 	Display Frame 9
962.0675 	EXP 	Display Frame 0
962.1009 	EXP 	Display Frame 1
962.1342 	EXP 	Display Frame 2
962.1675 	EXP 	Display Frame 3
962.2009 	EXP 	Display Frame 4
962.2342 	EXP 	Display Frame 5
962.2675 	EXP 	Display Frame 6
962.3009 	EXP 	Display Frame 7
962.3342 	EXP 	Display Frame 8
962.3675 	EXP 	Display Frame 9
962.4009 	EXP 	Display Frame 0
962.4342 	EXP 	Display Frame 1
962.4675 	EXP 	Display Frame 2
962.5009 	EXP 	Display Frame 3
962.5342 	EXP 	Display Frame 4
962.5675 	EXP 	Display Frame 5
962.6009 	EXP 	Display Frame 6
962.6342 	EXP 	Display Frame 7
962.6675 	EXP 	Display Frame 8
962.7009 	EXP 	Display Frame 9
962.7342 	EXP 	Display Frame 0
962.7676 	EXP 	Display Frame 1
962.8009 	EXP 	Display Frame 2
962.8342 	EXP 	Display Frame 3
962.8675 	EXP 	Display Frame 4
962.9009 	EXP 	Display Frame 5
962.9342 	EXP 	Display Frame 6
962.9676 	EXP 	Display Frame 7
963.0009 	EXP 	Display Frame 8
963.0342 	EXP 	Display Frame 9
963.0675 	EXP 	Display Frame 0
963.1009 	EXP 	Display Frame 1
963.1342 	EXP 	Display Frame 2
963.1676 	EXP 	Display Frame 3
963.2009 	EXP 	Display Frame 4
963.2342 	EXP 	Display Frame 5
963.2676 	EXP 	Display Frame 6
963.3021 	EXP 	Display Frame 7
963.3342 	EXP 	Display Frame 8
963.3675 	EXP 	Display Frame 9
963.4009 	EXP 	Display Frame 0
963.4345 	EXP 	Display Frame 1
963.4676 	EXP 	Display Frame 2
963.5009 	EXP 	Display Frame 3
963.5342 	EXP 	Display Frame 4
963.5676 	EXP 	Display Frame 5
963.6009 	EXP 	Display Frame 6
963.6342 	EXP 	Display Frame 7
963.6676 	EXP 	Display Frame 8
963.7011 	EXP 	Display Frame 9
963.7343 	EXP 	Display Frame 0
963.7675 	EXP 	Display Frame 1
963.8009 	EXP 	Display Frame 2
963.8342 	EXP 	Display Frame 3
963.8676 	EXP 	Display Frame 4
963.9009 	EXP 	Display Frame 5
963.9342 	EXP 	Display Frame 6
963.9676 	EXP 	Display Frame 7
964.0009 	EXP 	Display Frame 8
964.0342 	EXP 	Display Frame 9
964.0675 	EXP 	Display Frame 0
964.1009 	EXP 	Display Frame 1
964.1342 	EXP 	Display Frame 2
964.1675 	EXP 	Display Frame 3
964.2009 	EXP 	Display Frame 4
964.2342 	EXP 	Display Frame 5
964.2675 	EXP 	Display Frame 6
964.3009 	EXP 	Display Frame 7
964.3342 	EXP 	Display Frame 8
964.3675 	EXP 	Display Frame 9
964.4009 	EXP 	Display Frame 0
964.4342 	EXP 	Display Frame 1
964.4675 	EXP 	Display Frame 2
964.5009 	EXP 	Display Frame 3
964.5342 	EXP 	Display Frame 4
964.5675 	EXP 	Display Frame 5
964.6009 	EXP 	Display Frame 6
964.6342 	EXP 	Display Frame 7
964.6675 	EXP 	Display Frame 8
964.7009 	EXP 	Display Frame 9
964.7342 	EXP 	Display Frame 0
964.7676 	EXP 	Display Frame 1
964.8009 	EXP 	Display Frame 2
964.8342 	EXP 	Display Frame 3
964.8675 	EXP 	Display Frame 4
964.9009 	EXP 	Display Frame 5
964.9342 	EXP 	Display Frame 6
964.9676 	EXP 	Display Frame 7
965.0009 	EXP 	Display Frame 8
965.0342 	EXP 	Display Frame 9
965.0675 	EXP 	Display Frame 0
965.1009 	EXP 	Display Frame 1
965.1342 	EXP 	Display Frame 2
965.1675 	EXP 	Display Frame 3
965.2009 	EXP 	Display Frame 4
965.2342 	EXP 	Display Frame 5
965.2676 	EXP 	Display Frame 6
965.3009 	EXP 	Display Frame 7
965.3342 	EXP 	Display Frame 8
965.3675 	EXP 	Display Frame 9
965.4009 	EXP 	Display Frame 0
965.4342 	EXP 	Display Frame 1
965.4675 	EXP 	Display Frame 2
965.5009 	EXP 	Display Frame 3
965.5342 	EXP 	Display Frame 4
965.5675 	EXP 	Display Frame 5
965.6009 	EXP 	Display Frame 6
965.6342 	EXP 	Display Frame 7
965.6676 	EXP 	Display Frame 8
965.7009 	EXP 	Display Frame 9
965.7342 	EXP 	Display Frame 0
965.7676 	EXP 	Display Frame 1
965.8009 	EXP 	Display Frame 2
965.8342 	EXP 	Display Frame 3
965.8675 	EXP 	Display Frame 4
965.9009 	EXP 	Display Frame 5
965.9342 	EXP 	Display Frame 6
965.9675 	EXP 	Display Frame 7
966.0008 	EXP 	Display Frame 8
966.0342 	EXP 	Display Frame 9
966.0675 	EXP 	Display Frame 0
966.1009 	EXP 	Display Frame 1
966.1342 	EXP 	Display Frame 2
966.1676 	EXP 	Display Frame 3
966.2009 	EXP 	Display Frame 4
966.2342 	EXP 	Display Frame 5
966.2676 	EXP 	Display Frame 6
966.3009 	EXP 	Display Frame 7
966.3342 	EXP 	Display Frame 8
966.3675 	EXP 	Display Frame 9
966.4009 	EXP 	Display Frame 0
966.4342 	EXP 	Display Frame 1
966.4676 	EXP 	Display Frame 2
966.5009 	EXP 	Display Frame 3
966.5342 	EXP 	Display Frame 4
966.5676 	EXP 	Display Frame 5
966.6009 	EXP 	Display Frame 6
966.6342 	EXP 	Display Frame 7
966.6675 	EXP 	Display Frame 8
966.7009 	EXP 	Display Frame 9
966.7342 	EXP 	Display Frame 0
966.7676 	EXP 	Display Frame 1
966.8009 	EXP 	Display Frame 2
966.8342 	EXP 	Display Frame 3
966.8675 	EXP 	Display Frame 4
966.9009 	EXP 	Display Frame 5
966.9342 	EXP 	Display Frame 6
966.9675 	EXP 	Display Frame 7
967.0009 	EXP 	Display Frame 8
967.0342 	EXP 	Display Frame 9
967.0676 	EXP 	Display Frame 0
967.1009 	EXP 	Display Frame 1
967.1342 	EXP 	Display Frame 2
967.1675 	EXP 	Display Frame 3
967.2009 	EXP 	Display Frame 4
967.2342 	EXP 	Display Frame 5
967.2675 	EXP 	Display Frame 6
967.3009 	EXP 	Display Frame 7
967.3342 	EXP 	Display Frame 8
967.3676 	EXP 	Display Frame 9
967.4009 	EXP 	Display Frame 0
967.4342 	EXP 	Display Frame 1
967.4676 	EXP 	Display Frame 2
967.5008 	EXP 	Display Frame 3
967.5342 	EXP 	Display Frame 4
967.5675 	EXP 	Display Frame 5
967.6009 	EXP 	Display Frame 6
967.6342 	EXP 	Display Frame 7
967.6676 	EXP 	Display Frame 8
967.7008 	EXP 	Display Frame 9
967.7342 	EXP 	Display Frame 0
967.7676 	EXP 	Display Frame 1
967.8009 	EXP 	Display Frame 2
967.8342 	EXP 	Display Frame 3
967.8675 	EXP 	Display Frame 4
967.9009 	EXP 	Display Frame 5
967.9342 	EXP 	Display Frame 6
967.9676 	EXP 	Display Frame 7
968.0009 	EXP 	Display Frame 8
968.0342 	EXP 	Display Frame 9
968.0675 	EXP 	Display Frame 0
968.1009 	EXP 	Display Frame 1
968.1342 	EXP 	Display Frame 2
968.1675 	EXP 	Display Frame 3
968.2009 	EXP 	Display Frame 4
968.2342 	EXP 	Display Frame 5
968.2676 	EXP 	Display Frame 6
968.3009 	EXP 	Display Frame 7
968.3355 	EXP 	Display Frame 8
968.3676 	EXP 	Display Frame 9
968.4008 	EXP 	Display Frame 0
968.4342 	EXP 	Display Frame 1
968.4675 	EXP 	Display Frame 2
968.5009 	EXP 	Display Frame 3
968.5342 	EXP 	Display Frame 4
968.5675 	EXP 	Display Frame 5
968.6009 	EXP 	Display Frame 6
968.6342 	EXP 	Display Frame 7
968.6675 	EXP 	Display Frame 8
968.7009 	EXP 	Display Frame 9
968.7342 	EXP 	Display Frame 0
968.7675 	EXP 	Display Frame 1
968.8009 	EXP 	Display Frame 2
968.8342 	EXP 	Display Frame 3
968.8675 	EXP 	Display Frame 4
968.9008 	EXP 	Display Frame 5
968.9342 	EXP 	Display Frame 6
968.9675 	EXP 	Display Frame 7
969.0009 	EXP 	Display Frame 8
969.0343 	EXP 	Display Frame 9
969.0675 	EXP 	Display Frame 0
969.1009 	EXP 	Display Frame 1
969.1342 	EXP 	Display Frame 2
969.1675 	EXP 	Display Frame 3
969.2011 	EXP 	Display Frame 4
969.2342 	EXP 	Display Frame 5
969.2675 	EXP 	Display Frame 6
969.3009 	EXP 	Display Frame 7
969.3342 	EXP 	Display Frame 8
969.3676 	EXP 	Display Frame 9
969.4009 	EXP 	Display Frame 0
969.4342 	EXP 	Display Frame 1
969.4676 	EXP 	Display Frame 2
969.5009 	EXP 	Display Frame 3
969.5342 	EXP 	Display Frame 4
969.5675 	EXP 	Display Frame 5
969.6009 	EXP 	Display Frame 6
969.6342 	EXP 	Display Frame 7
969.6676 	EXP 	Display Frame 8
969.7009 	EXP 	Display Frame 9
969.7342 	EXP 	Display Frame 0
969.7676 	EXP 	Display Frame 1
969.8009 	EXP 	Display Frame 2
969.8342 	EXP 	Display Frame 3
969.8675 	EXP 	Display Frame 4
969.9009 	EXP 	Display Frame 5
969.9342 	EXP 	Display Frame 6
969.9676 	EXP 	Display Frame 7
970.0009 	EXP 	Display Frame 8
970.0342 	EXP 	Display Frame 9
970.0677 	DATA 	Keypress: q
970.0685 	EXP 	Display Frame 0
970.0845 	EXP 	topMsg: height = 0.1
970.0845 	EXP 	topMsg: height = 0.1
970.0845 	EXP 	topMsg: text = "Thank you very much! \n\nThat's it with the tapping"
970.0845 	EXP 	bottomMsg: height = 0.1
970.0845 	EXP 	bottomMsg: height = 0.1
970.0845 	EXP 	bottomMsg: text = "Please relax for the ramaining time \n\n Press 'q' or 'escape' to end the session."
970.0845 	EXP 	Display TheEnd
970.2637 	DATA 	Keypress: q
970.3765 	EXP 	win: mouseVisible = True
