1.0670 	WARNING 	We strongly recommend you activate the PTB sound engine in PsychoPy prefs as the preferred audio engine. Its timing is vastly superior. Your prefs are currently set to use ['sounddevice', 'PTB', 'pyo', 'pygame'] (in that order).
7.0782 	INFO 	---START PARAMETERS---
7.0783 	INFO 	filename: TappingWithTrTiming_Movie_d3.py-1tt============ =====-374-Jan_02_1833
7.0783 	INFO 	subject: 1tt============ =====
7.0783 	INFO 	session: 374
7.0783 	INFO 	date: Jan_02_1833
7.0783 	INFO 	block2Dur_TRs: 6
7.0783 	INFO 	blockDur_TRs: 6
7.0783 	INFO 	condition: TapFast
7.0783 	INFO 	fixCrossPos: [0, 0]
7.0783 	INFO 	fixCrossSize: 100
7.0783 	INFO 	fullScreen: True
7.0783 	INFO 	movieFolder: images/
7.0783 	INFO 	movieFolder2: images/
7.0783 	INFO 	movieSize: (1600, 1000)
7.0783 	INFO 	nBlocks: 68
7.0783 	INFO 	promptDir: Text/
7.0783 	INFO 	restDur_TRs: 6
7.0783 	INFO 	screenColor: (119, 119, 119)
7.0783 	INFO 	screenToShow: 1
7.0783 	INFO 	skipPrompts: False
7.0783 	INFO 	tStartup_TRs: 0
7.0783 	INFO 	textHeight: 40
7.0784 	INFO 	triggerKey: equal
7.0784 	INFO 	---END PARAMETERS---
7.9085 	INFO 	Loaded monitor calibration from ['2022_03_25 08:03']
9.0174 	WARNING 	Couldn't measure a consistent frame rate!
  - Is your graphics card set to sync to vertical blank?
  - Are you running other processes on your computer?

9.0180 	EXP 	Created win = Window(allowGUI=False, allowStencil=False, autoLog=True, backendConf=UNKNOWN, bitsMode=UNKNOWN, blendMode='avg', bpc=(8, 8, 8), color=array([119, 119, 119]), colorSpace='rgb255', depthBits=8, fullscr=<method-wrapper '__getattribute__' of attributeSetter object at 0x7fa158a70100>, gamma=None, gammaErrorPolicy='raise', lms=UNKNOWN, monitor=<psychopy.monitors.calibTools.Monitor object at 0x7fa238a26d60>, multiSample=False, name='win', numSamples=2, pos=[0.0, 0.0], screen=1, size=array([1920, 1080]), stencilBits=0, stereo=False, units='deg', useFBO=False, useRetina=False, viewOri=0.0, viewPos=None, viewScale=None, waitBlanking=True, winType='pyglet')
9.0182 	EXP 	win: mouseVisible = True
9.0227 	EXP 	Created fixCross = ShapeStim(__class__=<class 'psychopy.visual.shape.ShapeStim'>, anchor=('center', 'center'), autoDraw=False, autoLog=True, closeShape=False, color=method-wrapper(...), colorSpace='rgb', contrast=None, depth=0, fillColor=array([0, 0, 0]), fillColorSpace='rgb', fillRGB=array([0, 0, 0]), interpolate=True, lineColor=array([-1., -1., -1.]), lineColorSpace='rgb', lineRGB=array([-1., -1., -1.]), lineWidth=3.0, name='fixCross', opacity=0.5, ori=0.0, pos=array([0., 0.]), size=array([1., 1.]), units='pix', vertices=ndarray(...), win=Window(...), windingRule=None)
9.0232 	WARNING 	TextStim.alignHoriz is deprecated. Use alignText and anchorHoriz attributes instead
9.0455 	EXP 	Created topMsg = TextStim(__class__=<class 'psychopy.visual.text.TextStim'>, alignHoriz='center', alignText='center', alignVert=method-wrapper(...), anchorHoriz='center', anchorVert='center', antialias=True, autoLog=True, bold=False, color=array([-1., -1., -1.]), colorSpace='rgb', contrast=1.0, depth=0, flipHoriz=False, flipVert=False, font='', fontFiles=[], height=0.1, italic=False, languageStyle='LTR', name='topMsg', opacity=1.0, ori=0.0, pos=array([0. , 0.5]), rgb=UNKNOWN, text='aaa', units='norm', win=Window(...), wrapWidth=1.5)
9.0456 	WARNING 	TextStim.alignHoriz is deprecated. Use alignText and anchorHoriz attributes instead
9.0476 	EXP 	Created bottomMsg = TextStim(__class__=<class 'psychopy.visual.text.TextStim'>, alignHoriz='center', alignText='center', alignVert=method-wrapper(...), anchorHoriz='center', anchorVert='center', antialias=True, autoLog=True, bold=False, color=array([-1., -1., -1.]), colorSpace='rgb', contrast=1.0, depth=0, flipHoriz=False, flipVert=False, font='', fontFiles=[], height=0.1, italic=False, languageStyle='LTR', name='bottomMsg', opacity=1.0, ori=0.0, pos=array([ 0. , -0.5]), rgb=UNKNOWN, text='bbb', units='norm', win=Window(...), wrapWidth=1.5)
9.1212 	EXP 	Created Movie Frame 0 = ImageStim(__class__=<class 'psychopy.visual.image.ImageStim'>, anchor=('center', 'center'), autoLog=True, color=array([1., 1., 1.]), colorSpace='rgb', contrast=1.0, depth=0, flipHoriz=False, flipVert=False, image='images/right_0.png', interpolate=False, mask=None, maskParams=None, name='Movie Frame 0', opacity=1, ori=0.0, pos=array([0., 0.]), size=array([1600., 1000.]), texRes=128, units='pix', win=Window(...))
9.1904 	EXP 	Created Movie Frame 1 = ImageStim(__class__=<class 'psychopy.visual.image.ImageStim'>, anchor=('center', 'center'), autoLog=True, color=array([1., 1., 1.]), colorSpace='rgb', contrast=1.0, depth=0, flipHoriz=False, flipVert=False, image='images/right_1.png', interpolate=False, mask=None, maskParams=None, name='Movie Frame 1', opacity=1, ori=0.0, pos=array([0., 0.]), size=array([1600., 1000.]), texRes=128, units='pix', win=Window(...))
9.2536 	EXP 	Created Movie Frame 2 = ImageStim(__class__=<class 'psychopy.visual.image.ImageStim'>, anchor=('center', 'center'), autoLog=True, color=array([1., 1., 1.]), colorSpace='rgb', contrast=1.0, depth=0, flipHoriz=False, flipVert=False, image='images/right_2.png', interpolate=False, mask=None, maskParams=None, name='Movie Frame 2', opacity=1, ori=0.0, pos=array([0., 0.]), size=array([1600., 1000.]), texRes=128, units='pix', win=Window(...))
9.3154 	EXP 	Created Movie Frame 3 = ImageStim(__class__=<class 'psychopy.visual.image.ImageStim'>, anchor=('center', 'center'), autoLog=True, color=array([1., 1., 1.]), colorSpace='rgb', contrast=1.0, depth=0, flipHoriz=False, flipVert=False, image='images/right_3.png', interpolate=False, mask=None, maskParams=None, name='Movie Frame 3', opacity=1, ori=0.0, pos=array([0., 0.]), size=array([1600., 1000.]), texRes=128, units='pix', win=Window(...))
9.3794 	EXP 	Created Movie Frame 4 = ImageStim(__class__=<class 'psychopy.visual.image.ImageStim'>, anchor=('center', 'center'), autoLog=True, color=array([1., 1., 1.]), colorSpace='rgb', contrast=1.0, depth=0, flipHoriz=False, flipVert=False, image='images/right_4.png', interpolate=False, mask=None, maskParams=None, name='Movie Frame 4', opacity=1, ori=0.0, pos=array([0., 0.]), size=array([1600., 1000.]), texRes=128, units='pix', win=Window(...))
9.4424 	EXP 	Created Movie Frame 5 = ImageStim(__class__=<class 'psychopy.visual.image.ImageStim'>, anchor=('center', 'center'), autoLog=True, color=array([1., 1., 1.]), colorSpace='rgb', contrast=1.0, depth=0, flipHoriz=False, flipVert=False, image='images/right_5.png', interpolate=False, mask=None, maskParams=None, name='Movie Frame 5', opacity=1, ori=0.0, pos=array([0., 0.]), size=array([1600., 1000.]), texRes=128, units='pix', win=Window(...))
9.5066 	EXP 	Created Movie Frame 6 = ImageStim(__class__=<class 'psychopy.visual.image.ImageStim'>, anchor=('center', 'center'), autoLog=True, color=array([1., 1., 1.]), colorSpace='rgb', contrast=1.0, depth=0, flipHoriz=False, flipVert=False, image='images/right_6.png', interpolate=False, mask=None, maskParams=None, name='Movie Frame 6', opacity=1, ori=0.0, pos=array([0., 0.]), size=array([1600., 1000.]), texRes=128, units='pix', win=Window(...))
9.5688 	EXP 	Created Movie Frame 7 = ImageStim(__class__=<class 'psychopy.visual.image.ImageStim'>, anchor=('center', 'center'), autoLog=True, color=array([1., 1., 1.]), colorSpace='rgb', contrast=1.0, depth=0, flipHoriz=False, flipVert=False, image='images/right_7.png', interpolate=False, mask=None, maskParams=None, name='Movie Frame 7', opacity=1, ori=0.0, pos=array([0., 0.]), size=array([1600., 1000.]), texRes=128, units='pix', win=Window(...))
9.6308 	EXP 	Created Movie Frame 8 = ImageStim(__class__=<class 'psychopy.visual.image.ImageStim'>, anchor=('center', 'center'), autoLog=True, color=array([1., 1., 1.]), colorSpace='rgb', contrast=1.0, depth=0, flipHoriz=False, flipVert=False, image='images/right_8.png', interpolate=False, mask=None, maskParams=None, name='Movie Frame 8', opacity=1, ori=0.0, pos=array([0., 0.]), size=array([1600., 1000.]), texRes=128, units='pix', win=Window(...))
9.6938 	EXP 	Created Movie Frame 9 = ImageStim(__class__=<class 'psychopy.visual.image.ImageStim'>, anchor=('center', 'center'), autoLog=True, color=array([1., 1., 1.]), colorSpace='rgb', contrast=1.0, depth=0, flipHoriz=False, flipVert=False, image='images/right_9.png', interpolate=False, mask=None, maskParams=None, name='Movie Frame 9', opacity=1, ori=0.0, pos=array([0., 0.]), size=array([1600., 1000.]), texRes=128, units='pix', win=Window(...))
9.7562 	EXP 	Created Movie Frame 0 = ImageStim(__class__=<class 'psychopy.visual.image.ImageStim'>, anchor=('center', 'center'), autoLog=True, color=array([1., 1., 1.]), colorSpace='rgb', contrast=1.0, depth=0, flipHoriz=False, flipVert=False, image='images/right_0.png', interpolate=False, mask=None, maskParams=None, name='Movie Frame 0', opacity=1, ori=0.0, pos=array([0., 0.]), size=array([1600., 1000.]), texRes=128, units='pix', win=Window(...))
9.8259 	EXP 	Created Movie Frame 1 = ImageStim(__class__=<class 'psychopy.visual.image.ImageStim'>, anchor=('center', 'center'), autoLog=True, color=array([1., 1., 1.]), colorSpace='rgb', contrast=1.0, depth=0, flipHoriz=False, flipVert=False, image='images/right_1.png', interpolate=False, mask=None, maskParams=None, name='Movie Frame 1', opacity=1, ori=0.0, pos=array([0., 0.]), size=array([1600., 1000.]), texRes=128, units='pix', win=Window(...))
9.8881 	EXP 	Created Movie Frame 2 = ImageStim(__class__=<class 'psychopy.visual.image.ImageStim'>, anchor=('center', 'center'), autoLog=True, color=array([1., 1., 1.]), colorSpace='rgb', contrast=1.0, depth=0, flipHoriz=False, flipVert=False, image='images/right_2.png', interpolate=False, mask=None, maskParams=None, name='Movie Frame 2', opacity=1, ori=0.0, pos=array([0., 0.]), size=array([1600., 1000.]), texRes=128, units='pix', win=Window(...))
9.9490 	EXP 	Created Movie Frame 3 = ImageStim(__class__=<class 'psychopy.visual.image.ImageStim'>, anchor=('center', 'center'), autoLog=True, color=array([1., 1., 1.]), colorSpace='rgb', contrast=1.0, depth=0, flipHoriz=False, flipVert=False, image='images/right_3.png', interpolate=False, mask=None, maskParams=None, name='Movie Frame 3', opacity=1, ori=0.0, pos=array([0., 0.]), size=array([1600., 1000.]), texRes=128, units='pix', win=Window(...))
10.0115 	EXP 	Created Movie Frame 4 = ImageStim(__class__=<class 'psychopy.visual.image.ImageStim'>, anchor=('center', 'center'), autoLog=True, color=array([1., 1., 1.]), colorSpace='rgb', contrast=1.0, depth=0, flipHoriz=False, flipVert=False, image='images/right_4.png', interpolate=False, mask=None, maskParams=None, name='Movie Frame 4', opacity=1, ori=0.0, pos=array([0., 0.]), size=array([1600., 1000.]), texRes=128, units='pix', win=Window(...))
10.0741 	EXP 	Created Movie Frame 5 = ImageStim(__class__=<class 'psychopy.visual.image.ImageStim'>, anchor=('center', 'center'), autoLog=True, color=array([1., 1., 1.]), colorSpace='rgb', contrast=1.0, depth=0, flipHoriz=False, flipVert=False, image='images/right_5.png', interpolate=False, mask=None, maskParams=None, name='Movie Frame 5', opacity=1, ori=0.0, pos=array([0., 0.]), size=array([1600., 1000.]), texRes=128, units='pix', win=Window(...))
10.1395 	EXP 	Created Movie Frame 6 = ImageStim(__class__=<class 'psychopy.visual.image.ImageStim'>, anchor=('center', 'center'), autoLog=True, color=array([1., 1., 1.]), colorSpace='rgb', contrast=1.0, depth=0, flipHoriz=False, flipVert=False, image='images/right_6.png', interpolate=False, mask=None, maskParams=None, name='Movie Frame 6', opacity=1, ori=0.0, pos=array([0., 0.]), size=array([1600., 1000.]), texRes=128, units='pix', win=Window(...))
10.2009 	EXP 	Created Movie Frame 7 = ImageStim(__class__=<class 'psychopy.visual.image.ImageStim'>, anchor=('center', 'center'), autoLog=True, color=array([1., 1., 1.]), colorSpace='rgb', contrast=1.0, depth=0, flipHoriz=False, flipVert=False, image='images/right_7.png', interpolate=False, mask=None, maskParams=None, name='Movie Frame 7', opacity=1, ori=0.0, pos=array([0., 0.]), size=array([1600., 1000.]), texRes=128, units='pix', win=Window(...))
10.2623 	EXP 	Created Movie Frame 8 = ImageStim(__class__=<class 'psychopy.visual.image.ImageStim'>, anchor=('center', 'center'), autoLog=True, color=array([1., 1., 1.]), colorSpace='rgb', contrast=1.0, depth=0, flipHoriz=False, flipVert=False, image='images/right_8.png', interpolate=False, mask=None, maskParams=None, name='Movie Frame 8', opacity=1, ori=0.0, pos=array([0., 0.]), size=array([1600., 1000.]), texRes=128, units='pix', win=Window(...))
10.3252 	EXP 	Created Movie Frame 9 = ImageStim(__class__=<class 'psychopy.visual.image.ImageStim'>, anchor=('center', 'center'), autoLog=True, color=array([1., 1., 1.]), colorSpace='rgb', contrast=1.0, depth=0, flipHoriz=False, flipVert=False, image='images/right_9.png', interpolate=False, mask=None, maskParams=None, name='Movie Frame 9', opacity=1, ori=0.0, pos=array([0., 0.]), size=array([1600., 1000.]), texRes=128, units='pix', win=Window(...))
10.3313 	EXP 	Created unnamed TextStim = TextStim(__class__=<class 'psychopy.visual.text.TextStim'>, alignHoriz=method-wrapper(...), alignText='center', alignVert=method-wrapper(...), anchorHoriz='center', anchorVert='center', antialias=True, autoLog=True, bold=False, color=array([-1., -1., -1.]), colorSpace='rgb', contrast=1.0, depth=0, flipHoriz=False, flipVert=False, font='', fontFiles=[], height=40.0, italic=False, languageStyle='LTR', name='unnamed TextStim', opacity=1.0, ori=0.0, pos=array([  0., 580.]), rgb=UNKNOWN, text='Tap along with the video.', units='pix', win=Window(...), wrapWidth=1600)
10.3466 	WARNING 	t of last frame was 1329.24ms (=1/0)
10.3466 	EXP 	topMsg: height = 0.1
10.3466 	EXP 	topMsg: height = 0.1
10.3466 	EXP 	topMsg: text = 'You will see a movie of a finger tapping. When it is on the screen, try to BOTH hands to tap your fingers at the same times as the movie does. When the fixation cross appears, relax and stare at the cross.'
10.3466 	EXP 	bottomMsg: height = 0.1
10.3466 	EXP 	bottomMsg: height = 0.1
10.3466 	EXP 	bottomMsg: text = 'The experiment will begin shortly'
10.3466 	EXP 	Display Instructions1
178.5871 	DATA 	Keypress: equal
178.5944 	WARNING 	t of last frame was 168247.80ms (=1/0)
178.5944 	EXP 	topMsg: height = 0.1
178.5944 	EXP 	topMsg: height = 0.1
178.5944 	EXP 	topMsg: text = "Please don't move..."
178.5944 	EXP 	bottomMsg: height = 0.1
178.5944 	EXP 	bottomMsg: height = 0.1
178.5944 	EXP 	bottomMsg: text = ''
178.5944 	EXP 	PleaseDontMove
209.9316 	DATA 	Keypress: equal
209.9367 	WARNING 	t of last frame was 31342.28ms (=1/0)
209.9367 	EXP 	Display Fixation
209.9369 	EXP 	---START EXPERIMENT---
209.9379 	EXP 	Display Fixation
215.1229 	DATA 	Keypress: equal
220.3163 	DATA 	Keypress: equal
225.5096 	DATA 	Keypress: equal
230.7040 	DATA 	Keypress: equal
235.8971 	DATA 	Keypress: equal
241.0912 	DATA 	Keypress: equal
241.0950 	WARNING 	t of last frame was 31157.10ms (=1/0)
241.1258 	WARNING 	Multiple dropped frames have occurred - I'll stop bothering you about them!
241.1258 	EXP 	Display Frame 1
241.1589 	EXP 	Display Frame 2
241.1921 	EXP 	Display Frame 3
241.2255 	EXP 	Display Frame 4
241.2589 	EXP 	Display Frame 5
241.2922 	EXP 	Display Frame 6
241.3255 	EXP 	Display Frame 7
241.3589 	EXP 	Display Frame 8
241.3922 	EXP 	Display Frame 9
241.4255 	EXP 	Display Frame 0
241.4589 	EXP 	Display Frame 1
241.4921 	EXP 	Display Frame 2
241.5255 	EXP 	Display Frame 3
241.5588 	EXP 	Display Frame 4
241.5922 	EXP 	Display Frame 5
241.6255 	EXP 	Display Frame 6
241.6588 	EXP 	Display Frame 7
241.6921 	EXP 	Display Frame 8
241.7255 	EXP 	Display Frame 9
241.7588 	EXP 	Display Frame 0
241.7921 	EXP 	Display Frame 1
241.8255 	EXP 	Display Frame 2
241.8588 	EXP 	Display Frame 3
241.8921 	EXP 	Display Frame 4
241.9255 	EXP 	Display Frame 5
241.9588 	EXP 	Display Frame 6
241.9921 	EXP 	Display Frame 7
242.0255 	EXP 	Display Frame 8
242.0588 	EXP 	Display Frame 9
242.0921 	EXP 	Display Frame 0
242.1254 	EXP 	Display Frame 1
242.1588 	EXP 	Display Frame 2
242.1922 	EXP 	Display Frame 3
242.2255 	EXP 	Display Frame 4
242.2588 	EXP 	Display Frame 5
242.2921 	EXP 	Display Frame 6
242.3255 	EXP 	Display Frame 7
242.3588 	EXP 	Display Frame 8
242.3921 	EXP 	Display Frame 9
242.4255 	EXP 	Display Frame 0
242.4588 	EXP 	Display Frame 1
242.4921 	EXP 	Display Frame 2
242.5255 	EXP 	Display Frame 3
242.5588 	EXP 	Display Frame 4
242.5921 	EXP 	Display Frame 5
242.6254 	EXP 	Display Frame 6
242.6588 	EXP 	Display Frame 7
242.6921 	EXP 	Display Frame 8
242.7255 	EXP 	Display Frame 9
242.7588 	EXP 	Display Frame 0
242.7921 	EXP 	Display Frame 1
242.8254 	EXP 	Display Frame 2
242.8588 	EXP 	Display Frame 3
242.8921 	EXP 	Display Frame 4
242.9255 	EXP 	Display Frame 5
242.9588 	EXP 	Display Frame 6
242.9921 	EXP 	Display Frame 7
243.0255 	EXP 	Display Frame 8
243.0588 	EXP 	Display Frame 9
243.0921 	EXP 	Display Frame 0
243.1254 	EXP 	Display Frame 1
243.1588 	EXP 	Display Frame 2
243.1921 	EXP 	Display Frame 3
243.2254 	EXP 	Display Frame 4
243.2588 	EXP 	Display Frame 5
243.2921 	EXP 	Display Frame 6
243.3254 	EXP 	Display Frame 7
243.3588 	EXP 	Display Frame 8
243.3921 	EXP 	Display Frame 9
243.4254 	EXP 	Display Frame 0
243.4588 	EXP 	Display Frame 1
243.4923 	EXP 	Display Frame 2
243.5254 	EXP 	Display Frame 3
243.5588 	EXP 	Display Frame 4
243.5921 	EXP 	Display Frame 5
243.6255 	EXP 	Display Frame 6
243.6588 	EXP 	Display Frame 7
243.6921 	EXP 	Display Frame 8
243.7255 	EXP 	Display Frame 9
243.7588 	EXP 	Display Frame 0
243.7921 	EXP 	Display Frame 1
243.8254 	EXP 	Display Frame 2
243.8588 	EXP 	Display Frame 3
243.8921 	EXP 	Display Frame 4
243.9255 	EXP 	Display Frame 5
243.9588 	EXP 	Display Frame 6
243.9921 	EXP 	Display Frame 7
244.0255 	EXP 	Display Frame 8
244.0588 	EXP 	Display Frame 9
244.0921 	EXP 	Display Frame 0
244.1254 	EXP 	Display Frame 1
244.1588 	EXP 	Display Frame 2
244.1921 	EXP 	Display Frame 3
244.2254 	EXP 	Display Frame 4
244.2588 	EXP 	Display Frame 5
244.2921 	EXP 	Display Frame 6
244.3255 	EXP 	Display Frame 7
244.3588 	EXP 	Display Frame 8
244.3921 	EXP 	Display Frame 9
244.4254 	EXP 	Display Frame 0
244.4588 	EXP 	Display Frame 1
244.4921 	EXP 	Display Frame 2
244.5255 	EXP 	Display Frame 3
244.5588 	EXP 	Display Frame 4
244.5921 	EXP 	Display Frame 5
244.6255 	EXP 	Display Frame 6
244.6588 	EXP 	Display Frame 7
244.6921 	EXP 	Display Frame 8
244.7255 	EXP 	Display Frame 9
244.7588 	EXP 	Display Frame 0
244.7921 	EXP 	Display Frame 1
244.8255 	EXP 	Display Frame 2
244.8588 	EXP 	Display Frame 3
244.8921 	EXP 	Display Frame 4
244.9255 	EXP 	Display Frame 5
244.9588 	EXP 	Display Frame 6
244.9921 	EXP 	Display Frame 7
245.0255 	EXP 	Display Frame 8
245.0588 	EXP 	Display Frame 9
245.0921 	EXP 	Display Frame 0
245.1254 	EXP 	Display Frame 1
245.1588 	EXP 	Display Frame 2
245.1921 	EXP 	Display Frame 3
245.2255 	EXP 	Display Frame 4
245.2588 	EXP 	Display Frame 5
245.2921 	EXP 	Display Frame 6
245.3255 	EXP 	Display Frame 7
245.3588 	EXP 	Display Frame 8
245.3921 	EXP 	Display Frame 9
245.4255 	EXP 	Display Frame 0
245.4588 	EXP 	Display Frame 1
245.4921 	EXP 	Display Frame 2
245.5269 	EXP 	Display Frame 3
245.5588 	EXP 	Display Frame 4
245.5921 	EXP 	Display Frame 5
245.6255 	EXP 	Display Frame 6
245.6590 	EXP 	Display Frame 7
245.6921 	EXP 	Display Frame 8
245.7255 	EXP 	Display Frame 9
245.7588 	EXP 	Display Frame 0
245.7921 	EXP 	Display Frame 1
245.8255 	EXP 	Display Frame 2
245.8588 	EXP 	Display Frame 3
245.8921 	EXP 	Display Frame 4
245.9255 	EXP 	Display Frame 5
245.9588 	EXP 	Display Frame 6
245.9921 	EXP 	Display Frame 7
246.0255 	EXP 	Display Frame 8
246.0588 	EXP 	Display Frame 9
246.0921 	EXP 	Display Frame 0
246.1254 	EXP 	Display Frame 1
246.1588 	EXP 	Display Frame 2
246.1921 	EXP 	Display Frame 3
246.2255 	EXP 	Display Frame 4
246.2588 	EXP 	Display Frame 5
246.2922 	DATA 	Keypress: equal
246.2932 	EXP 	Display Frame 6
246.3255 	EXP 	Display Frame 7
246.3588 	EXP 	Display Frame 8
246.3921 	EXP 	Display Frame 9
246.4255 	EXP 	Display Frame 0
246.4588 	EXP 	Display Frame 1
246.4921 	EXP 	Display Frame 2
246.5255 	EXP 	Display Frame 3
246.5588 	EXP 	Display Frame 4
246.5921 	EXP 	Display Frame 5
246.6255 	EXP 	Display Frame 6
246.6588 	EXP 	Display Frame 7
246.6921 	EXP 	Display Frame 8
246.7254 	EXP 	Display Frame 9
246.7588 	EXP 	Display Frame 0
246.7921 	EXP 	Display Frame 1
246.8255 	EXP 	Display Frame 2
246.8588 	EXP 	Display Frame 3
246.8921 	EXP 	Display Frame 4
246.9254 	EXP 	Display Frame 5
246.9588 	EXP 	Display Frame 6
246.9921 	EXP 	Display Frame 7
247.0255 	EXP 	Display Frame 8
247.0588 	EXP 	Display Frame 9
247.0921 	EXP 	Display Frame 0
247.1254 	EXP 	Display Frame 1
247.1588 	EXP 	Display Frame 2
247.1921 	EXP 	Display Frame 3
247.2254 	EXP 	Display Frame 4
247.2588 	EXP 	Display Frame 5
247.2921 	EXP 	Display Frame 6
247.3254 	EXP 	Display Frame 7
247.3588 	EXP 	Display Frame 8
247.3921 	EXP 	Display Frame 9
247.4255 	EXP 	Display Frame 0
247.4588 	EXP 	Display Frame 1
247.4921 	EXP 	Display Frame 2
247.5255 	EXP 	Display Frame 3
247.5588 	EXP 	Display Frame 4
247.5921 	EXP 	Display Frame 5
247.6255 	EXP 	Display Frame 6
247.6588 	EXP 	Display Frame 7
247.6921 	EXP 	Display Frame 8
247.7255 	EXP 	Display Frame 9
247.7588 	EXP 	Display Frame 0
247.7921 	EXP 	Display Frame 1
247.8254 	EXP 	Display Frame 2
247.8588 	EXP 	Display Frame 3
247.8921 	EXP 	Display Frame 4
247.9255 	EXP 	Display Frame 5
247.9588 	EXP 	Display Frame 6
247.9921 	EXP 	Display Frame 7
248.0255 	EXP 	Display Frame 8
248.0588 	EXP 	Display Frame 9
248.0921 	EXP 	Display Frame 0
248.1254 	EXP 	Display Frame 1
248.1588 	EXP 	Display Frame 2
248.1921 	EXP 	Display Frame 3
248.2255 	EXP 	Display Frame 4
248.2588 	EXP 	Display Frame 5
248.2921 	EXP 	Display Frame 6
248.3255 	EXP 	Display Frame 7
248.3588 	EXP 	Display Frame 8
248.3921 	EXP 	Display Frame 9
248.4255 	EXP 	Display Frame 0
248.4588 	EXP 	Display Frame 1
248.4921 	EXP 	Display Frame 2
248.5255 	EXP 	Display Frame 3
248.5588 	EXP 	Display Frame 4
248.5921 	EXP 	Display Frame 5
248.6255 	EXP 	Display Frame 6
248.6588 	EXP 	Display Frame 7
248.6921 	EXP 	Display Frame 8
248.7254 	EXP 	Display Frame 9
248.7588 	EXP 	Display Frame 0
248.7921 	EXP 	Display Frame 1
248.8256 	EXP 	Display Frame 2
248.8588 	EXP 	Display Frame 3
248.8921 	EXP 	Display Frame 4
248.9255 	EXP 	Display Frame 5
248.9588 	EXP 	Display Frame 6
248.9921 	EXP 	Display Frame 7
249.0255 	EXP 	Display Frame 8
249.0588 	EXP 	Display Frame 9
249.0921 	EXP 	Display Frame 0
249.1254 	EXP 	Display Frame 1
249.1588 	EXP 	Display Frame 2
249.1921 	EXP 	Display Frame 3
249.2255 	EXP 	Display Frame 4
249.2588 	EXP 	Display Frame 5
249.2921 	EXP 	Display Frame 6
249.3254 	EXP 	Display Frame 7
249.3588 	EXP 	Display Frame 8
249.3922 	EXP 	Display Frame 9
249.4255 	EXP 	Display Frame 0
249.4588 	EXP 	Display Frame 1
249.4921 	EXP 	Display Frame 2
249.5256 	EXP 	Display Frame 3
249.5588 	EXP 	Display Frame 4
249.5921 	EXP 	Display Frame 5
249.6254 	EXP 	Display Frame 6
249.6588 	EXP 	Display Frame 7
249.6921 	EXP 	Display Frame 8
249.7255 	EXP 	Display Frame 9
249.7588 	EXP 	Display Frame 0
249.7921 	EXP 	Display Frame 1
249.8255 	EXP 	Display Frame 2
249.8588 	EXP 	Display Frame 3
249.8921 	EXP 	Display Frame 4
249.9255 	EXP 	Display Frame 5
249.9588 	EXP 	Display Frame 6
249.9921 	EXP 	Display Frame 7
250.0254 	EXP 	Display Frame 8
250.0588 	EXP 	Display Frame 9
250.0921 	EXP 	Display Frame 0
250.1254 	EXP 	Display Frame 1
250.1588 	EXP 	Display Frame 2
250.1921 	EXP 	Display Frame 3
250.2254 	EXP 	Display Frame 4
250.2588 	EXP 	Display Frame 5
250.2921 	EXP 	Display Frame 6
250.3255 	EXP 	Display Frame 7
250.3588 	EXP 	Display Frame 8
250.3921 	EXP 	Display Frame 9
250.4255 	EXP 	Display Frame 0
250.4588 	EXP 	Display Frame 1
250.4921 	EXP 	Display Frame 2
250.5254 	EXP 	Display Frame 3
250.5588 	EXP 	Display Frame 4
250.5921 	EXP 	Display Frame 5
250.6254 	EXP 	Display Frame 6
250.6588 	EXP 	Display Frame 7
250.6921 	EXP 	Display Frame 8
250.7255 	EXP 	Display Frame 9
250.7588 	EXP 	Display Frame 0
250.7921 	EXP 	Display Frame 1
250.8255 	EXP 	Display Frame 2
250.8588 	EXP 	Display Frame 3
250.8921 	EXP 	Display Frame 4
250.9255 	EXP 	Display Frame 5
250.9588 	EXP 	Display Frame 6
250.9921 	EXP 	Display Frame 7
251.0255 	EXP 	Display Frame 8
251.0588 	EXP 	Display Frame 9
251.0922 	EXP 	Display Frame 0
251.1254 	EXP 	Display Frame 1
251.1588 	EXP 	Display Frame 2
251.1921 	EXP 	Display Frame 3
251.2255 	EXP 	Display Frame 4
251.2588 	EXP 	Display Frame 5
251.2921 	EXP 	Display Frame 6
251.3255 	EXP 	Display Frame 7
251.3588 	EXP 	Display Frame 8
251.3921 	EXP 	Display Frame 9
251.4254 	EXP 	Display Frame 0
251.4588 	EXP 	Display Frame 1
251.4922 	DATA 	Keypress: equal
251.4933 	EXP 	Display Frame 2
251.5254 	EXP 	Display Frame 3
251.5588 	EXP 	Display Frame 4
251.5921 	EXP 	Display Frame 5
251.6255 	EXP 	Display Frame 6
251.6588 	EXP 	Display Frame 7
251.6921 	EXP 	Display Frame 8
251.7255 	EXP 	Display Frame 9
251.7588 	EXP 	Display Frame 0
251.7921 	EXP 	Display Frame 1
251.8255 	EXP 	Display Frame 2
251.8588 	EXP 	Display Frame 3
251.8921 	EXP 	Display Frame 4
251.9255 	EXP 	Display Frame 5
251.9588 	EXP 	Display Frame 6
251.9923 	EXP 	Display Frame 7
252.0255 	EXP 	Display Frame 8
252.0588 	EXP 	Display Frame 9
252.0921 	EXP 	Display Frame 0
252.1255 	EXP 	Display Frame 1
252.1588 	EXP 	Display Frame 2
252.1922 	EXP 	Display Frame 3
252.2254 	EXP 	Display Frame 4
252.2588 	EXP 	Display Frame 5
252.2921 	EXP 	Display Frame 6
252.3254 	EXP 	Display Frame 7
252.3588 	EXP 	Display Frame 8
252.3921 	EXP 	Display Frame 9
252.4254 	EXP 	Display Frame 0
252.4588 	EXP 	Display Frame 1
252.4921 	EXP 	Display Frame 2
252.5254 	EXP 	Display Frame 3
252.5588 	EXP 	Display Frame 4
252.5921 	EXP 	Display Frame 5
252.6255 	EXP 	Display Frame 6
252.6588 	EXP 	Display Frame 7
252.6921 	EXP 	Display Frame 8
252.7255 	EXP 	Display Frame 9
252.7588 	EXP 	Display Frame 0
252.7921 	EXP 	Display Frame 1
252.8255 	EXP 	Display Frame 2
252.8588 	EXP 	Display Frame 3
252.8921 	EXP 	Display Frame 4
252.9255 	EXP 	Display Frame 5
252.9588 	EXP 	Display Frame 6
252.9921 	EXP 	Display Frame 7
253.0255 	EXP 	Display Frame 8
253.0588 	EXP 	Display Frame 9
253.0921 	EXP 	Display Frame 0
253.1254 	EXP 	Display Frame 1
253.1588 	EXP 	Display Frame 2
253.1921 	EXP 	Display Frame 3
253.2255 	EXP 	Display Frame 4
253.2588 	EXP 	Display Frame 5
253.2921 	EXP 	Display Frame 6
253.3255 	EXP 	Display Frame 7
253.3588 	EXP 	Display Frame 8
253.3921 	EXP 	Display Frame 9
253.4255 	EXP 	Display Frame 0
253.4588 	EXP 	Display Frame 1
253.4921 	EXP 	Display Frame 2
253.5255 	EXP 	Display Frame 3
253.5588 	EXP 	Display Frame 4
253.5921 	EXP 	Display Frame 5
253.6255 	EXP 	Display Frame 6
253.6588 	EXP 	Display Frame 7
253.6921 	EXP 	Display Frame 8
253.7254 	EXP 	Display Frame 9
253.7588 	EXP 	Display Frame 0
253.7921 	EXP 	Display Frame 1
253.8255 	EXP 	Display Frame 2
253.8588 	EXP 	Display Frame 3
253.8921 	EXP 	Display Frame 4
253.9255 	EXP 	Display Frame 5
253.9588 	EXP 	Display Frame 6
253.9921 	EXP 	Display Frame 7
254.0254 	EXP 	Display Frame 8
254.0588 	EXP 	Display Frame 9
254.0921 	EXP 	Display Frame 0
254.1254 	EXP 	Display Frame 1
254.1590 	EXP 	Display Frame 2
254.1921 	EXP 	Display Frame 3
254.2254 	EXP 	Display Frame 4
254.2588 	EXP 	Display Frame 5
254.2921 	EXP 	Display Frame 6
254.3254 	EXP 	Display Frame 7
254.3588 	EXP 	Display Frame 8
254.3921 	EXP 	Display Frame 9
254.4255 	EXP 	Display Frame 0
254.4588 	EXP 	Display Frame 1
254.4921 	EXP 	Display Frame 2
254.5254 	EXP 	Display Frame 3
254.5588 	EXP 	Display Frame 4
254.5921 	EXP 	Display Frame 5
254.6255 	EXP 	Display Frame 6
254.6588 	EXP 	Display Frame 7
254.6921 	EXP 	Display Frame 8
254.7255 	EXP 	Display Frame 9
254.7588 	EXP 	Display Frame 0
254.7921 	EXP 	Display Frame 1
254.8255 	EXP 	Display Frame 2
254.8588 	EXP 	Display Frame 3
254.8921 	EXP 	Display Frame 4
254.9256 	EXP 	Display Frame 5
254.9588 	EXP 	Display Frame 6
254.9921 	EXP 	Display Frame 7
255.0255 	EXP 	Display Frame 8
255.0588 	EXP 	Display Frame 9
255.0921 	EXP 	Display Frame 0
255.1254 	EXP 	Display Frame 1
255.1588 	EXP 	Display Frame 2
255.1921 	EXP 	Display Frame 3
255.2254 	EXP 	Display Frame 4
255.2588 	EXP 	Display Frame 5
255.2921 	EXP 	Display Frame 6
255.3255 	EXP 	Display Frame 7
255.3588 	EXP 	Display Frame 8
255.3921 	EXP 	Display Frame 9
255.4255 	EXP 	Display Frame 0
255.4588 	EXP 	Display Frame 1
255.4921 	EXP 	Display Frame 2
255.5254 	EXP 	Display Frame 3
255.5588 	EXP 	Display Frame 4
255.5921 	EXP 	Display Frame 5
255.6255 	EXP 	Display Frame 6
255.6588 	EXP 	Display Frame 7
255.6931 	EXP 	Display Frame 8
255.7255 	EXP 	Display Frame 9
255.7588 	EXP 	Display Frame 0
255.7921 	EXP 	Display Frame 1
255.8255 	EXP 	Display Frame 2
255.8588 	EXP 	Display Frame 3
255.8921 	EXP 	Display Frame 4
255.9255 	EXP 	Display Frame 5
255.9588 	EXP 	Display Frame 6
255.9921 	EXP 	Display Frame 7
256.0255 	EXP 	Display Frame 8
256.0588 	EXP 	Display Frame 9
256.0921 	EXP 	Display Frame 0
256.1254 	EXP 	Display Frame 1
256.1588 	EXP 	Display Frame 2
256.1921 	EXP 	Display Frame 3
256.2255 	EXP 	Display Frame 4
256.2588 	EXP 	Display Frame 5
256.2921 	EXP 	Display Frame 6
256.3255 	EXP 	Display Frame 7
256.3588 	EXP 	Display Frame 8
256.3921 	EXP 	Display Frame 9
256.4254 	EXP 	Display Frame 0
256.4588 	EXP 	Display Frame 1
256.4921 	EXP 	Display Frame 2
256.5255 	EXP 	Display Frame 3
256.5588 	EXP 	Display Frame 4
256.5921 	EXP 	Display Frame 5
256.6255 	EXP 	Display Frame 6
256.6588 	EXP 	Display Frame 7
256.6922 	DATA 	Keypress: equal
256.6933 	EXP 	Display Frame 8
256.7255 	EXP 	Display Frame 9
256.7588 	EXP 	Display Frame 0
256.7921 	EXP 	Display Frame 1
256.8255 	EXP 	Display Frame 2
256.8588 	EXP 	Display Frame 3
256.8921 	EXP 	Display Frame 4
256.9255 	EXP 	Display Frame 5
256.9588 	EXP 	Display Frame 6
256.9921 	EXP 	Display Frame 7
257.0255 	EXP 	Display Frame 8
257.0588 	EXP 	Display Frame 9
257.0921 	EXP 	Display Frame 0
257.1254 	EXP 	Display Frame 1
257.1588 	EXP 	Display Frame 2
257.1921 	EXP 	Display Frame 3
257.2255 	EXP 	Display Frame 4
257.2588 	EXP 	Display Frame 5
257.2921 	EXP 	Display Frame 6
257.3254 	EXP 	Display Frame 7
257.3588 	EXP 	Display Frame 8
257.3921 	EXP 	Display Frame 9
257.4254 	EXP 	Display Frame 0
257.4588 	EXP 	Display Frame 1
257.4921 	EXP 	Display Frame 2
257.5255 	EXP 	Display Frame 3
257.5588 	EXP 	Display Frame 4
257.5921 	EXP 	Display Frame 5
257.6254 	EXP 	Display Frame 6
257.6587 	EXP 	Display Frame 7
257.6921 	EXP 	Display Frame 8
257.7254 	EXP 	Display Frame 9
257.7597 	EXP 	Display Frame 0
257.7921 	EXP 	Display Frame 1
257.8255 	EXP 	Display Frame 2
257.8588 	EXP 	Display Frame 3
257.8921 	EXP 	Display Frame 4
257.9255 	EXP 	Display Frame 5
257.9588 	EXP 	Display Frame 6
257.9921 	EXP 	Display Frame 7
258.0255 	EXP 	Display Frame 8
258.0588 	EXP 	Display Frame 9
258.0921 	EXP 	Display Frame 0
258.1254 	EXP 	Display Frame 1
258.1588 	EXP 	Display Frame 2
258.1921 	EXP 	Display Frame 3
258.2255 	EXP 	Display Frame 4
258.2588 	EXP 	Display Frame 5
258.2921 	EXP 	Display Frame 6
258.3254 	EXP 	Display Frame 7
258.3590 	EXP 	Display Frame 8
258.3921 	EXP 	Display Frame 9
258.4255 	EXP 	Display Frame 0
258.4590 	EXP 	Display Frame 1
258.4922 	EXP 	Display Frame 2
258.5255 	EXP 	Display Frame 3
258.5588 	EXP 	Display Frame 4
258.5922 	EXP 	Display Frame 5
258.6255 	EXP 	Display Frame 6
258.6588 	EXP 	Display Frame 7
258.6921 	EXP 	Display Frame 8
258.7255 	EXP 	Display Frame 9
258.7588 	EXP 	Display Frame 0
258.7921 	EXP 	Display Frame 1
258.8254 	EXP 	Display Frame 2
258.8588 	EXP 	Display Frame 3
258.8921 	EXP 	Display Frame 4
258.9255 	EXP 	Display Frame 5
258.9588 	EXP 	Display Frame 6
258.9921 	EXP 	Display Frame 7
259.0255 	EXP 	Display Frame 8
259.0588 	EXP 	Display Frame 9
259.0921 	EXP 	Display Frame 0
259.1254 	EXP 	Display Frame 1
259.1588 	EXP 	Display Frame 2
259.1921 	EXP 	Display Frame 3
259.2255 	EXP 	Display Frame 4
259.2588 	EXP 	Display Frame 5
259.2921 	EXP 	Display Frame 6
259.3255 	EXP 	Display Frame 7
259.3588 	EXP 	Display Frame 8
259.3921 	EXP 	Display Frame 9
259.4255 	EXP 	Display Frame 0
259.4588 	EXP 	Display Frame 1
259.4922 	EXP 	Display Frame 2
259.5254 	EXP 	Display Frame 3
259.5588 	EXP 	Display Frame 4
259.5921 	EXP 	Display Frame 5
259.6255 	EXP 	Display Frame 6
259.6588 	EXP 	Display Frame 7
259.6921 	EXP 	Display Frame 8
259.7255 	EXP 	Display Frame 9
259.7588 	EXP 	Display Frame 0
259.7921 	EXP 	Display Frame 1
259.8255 	EXP 	Display Frame 2
259.8588 	EXP 	Display Frame 3
259.8921 	EXP 	Display Frame 4
259.9255 	EXP 	Display Frame 5
259.9588 	EXP 	Display Frame 6
259.9921 	EXP 	Display Frame 7
260.0254 	EXP 	Display Frame 8
260.0588 	EXP 	Display Frame 9
260.0921 	EXP 	Display Frame 0
260.1254 	EXP 	Display Frame 1
260.1588 	EXP 	Display Frame 2
260.1921 	EXP 	Display Frame 3
260.2255 	EXP 	Display Frame 4
260.2588 	EXP 	Display Frame 5
260.2921 	EXP 	Display Frame 6
260.3255 	EXP 	Display Frame 7
260.3588 	EXP 	Display Frame 8
260.3921 	EXP 	Display Frame 9
260.4254 	EXP 	Display Frame 0
260.4588 	EXP 	Display Frame 1
260.4921 	EXP 	Display Frame 2
260.5255 	EXP 	Display Frame 3
260.5588 	EXP 	Display Frame 4
260.5921 	EXP 	Display Frame 5
260.6254 	EXP 	Display Frame 6
260.6588 	EXP 	Display Frame 7
260.6921 	EXP 	Display Frame 8
260.7255 	EXP 	Display Frame 9
260.7588 	EXP 	Display Frame 0
260.7921 	EXP 	Display Frame 1
260.8255 	EXP 	Display Frame 2
260.8588 	EXP 	Display Frame 3
260.8922 	EXP 	Display Frame 4
260.9254 	EXP 	Display Frame 5
260.9588 	EXP 	Display Frame 6
260.9921 	EXP 	Display Frame 7
261.0254 	EXP 	Display Frame 8
261.0588 	EXP 	Display Frame 9
261.0921 	EXP 	Display Frame 0
261.1254 	EXP 	Display Frame 1
261.1588 	EXP 	Display Frame 2
261.1921 	EXP 	Display Frame 3
261.2254 	EXP 	Display Frame 4
261.2588 	EXP 	Display Frame 5
261.2921 	EXP 	Display Frame 6
261.3254 	EXP 	Display Frame 7
261.3588 	EXP 	Display Frame 8
261.3921 	EXP 	Display Frame 9
261.4255 	EXP 	Display Frame 0
261.4588 	EXP 	Display Frame 1
261.4921 	EXP 	Display Frame 2
261.5255 	EXP 	Display Frame 3
261.5588 	EXP 	Display Frame 4
261.5921 	EXP 	Display Frame 5
261.6254 	EXP 	Display Frame 6
261.6588 	EXP 	Display Frame 7
261.6921 	EXP 	Display Frame 8
261.7255 	EXP 	Display Frame 9
261.7588 	EXP 	Display Frame 0
261.7921 	EXP 	Display Frame 1
261.8255 	EXP 	Display Frame 2
261.8588 	EXP 	Display Frame 3
261.8923 	DATA 	Keypress: equal
261.8933 	EXP 	Display Frame 4
261.9255 	EXP 	Display Frame 5
261.9588 	EXP 	Display Frame 6
261.9921 	EXP 	Display Frame 7
262.0255 	EXP 	Display Frame 8
262.0588 	EXP 	Display Frame 9
262.0921 	EXP 	Display Frame 0
262.1254 	EXP 	Display Frame 1
262.1588 	EXP 	Display Frame 2
262.1921 	EXP 	Display Frame 3
262.2254 	EXP 	Display Frame 4
262.2588 	EXP 	Display Frame 5
262.2921 	EXP 	Display Frame 6
262.3254 	EXP 	Display Frame 7
262.3588 	EXP 	Display Frame 8
262.3921 	EXP 	Display Frame 9
262.4255 	EXP 	Display Frame 0
262.4588 	EXP 	Display Frame 1
262.4921 	EXP 	Display Frame 2
262.5255 	EXP 	Display Frame 3
262.5588 	EXP 	Display Frame 4
262.5921 	EXP 	Display Frame 5
262.6255 	EXP 	Display Frame 6
262.6588 	EXP 	Display Frame 7
262.6921 	EXP 	Display Frame 8
262.7255 	EXP 	Display Frame 9
262.7588 	EXP 	Display Frame 0
262.7921 	EXP 	Display Frame 1
262.8254 	EXP 	Display Frame 2
262.8588 	EXP 	Display Frame 3
262.8921 	EXP 	Display Frame 4
262.9255 	EXP 	Display Frame 5
262.9588 	EXP 	Display Frame 6
262.9921 	EXP 	Display Frame 7
263.0254 	EXP 	Display Frame 8
263.0588 	EXP 	Display Frame 9
263.0921 	EXP 	Display Frame 0
263.1254 	EXP 	Display Frame 1
263.1588 	EXP 	Display Frame 2
263.1921 	EXP 	Display Frame 3
263.2255 	EXP 	Display Frame 4
263.2588 	EXP 	Display Frame 5
263.2921 	EXP 	Display Frame 6
263.3255 	EXP 	Display Frame 7
263.3588 	EXP 	Display Frame 8
263.3921 	EXP 	Display Frame 9
263.4255 	EXP 	Display Frame 0
263.4588 	EXP 	Display Frame 1
263.4921 	EXP 	Display Frame 2
263.5255 	EXP 	Display Frame 3
263.5588 	EXP 	Display Frame 4
263.5921 	EXP 	Display Frame 5
263.6255 	EXP 	Display Frame 6
263.6588 	EXP 	Display Frame 7
263.6921 	EXP 	Display Frame 8
263.7254 	EXP 	Display Frame 9
263.7588 	EXP 	Display Frame 0
263.7921 	EXP 	Display Frame 1
263.8255 	EXP 	Display Frame 2
263.8588 	EXP 	Display Frame 3
263.8921 	EXP 	Display Frame 4
263.9254 	EXP 	Display Frame 5
263.9588 	EXP 	Display Frame 6
263.9921 	EXP 	Display Frame 7
264.0254 	EXP 	Display Frame 8
264.0588 	EXP 	Display Frame 9
264.0921 	EXP 	Display Frame 0
264.1254 	EXP 	Display Frame 1
264.1588 	EXP 	Display Frame 2
264.1921 	EXP 	Display Frame 3
264.2255 	EXP 	Display Frame 4
264.2588 	EXP 	Display Frame 5
264.2921 	EXP 	Display Frame 6
264.3254 	EXP 	Display Frame 7
264.3588 	EXP 	Display Frame 8
264.3921 	EXP 	Display Frame 9
264.4255 	EXP 	Display Frame 0
264.4588 	EXP 	Display Frame 1
264.4921 	EXP 	Display Frame 2
264.5255 	EXP 	Display Frame 3
264.5588 	EXP 	Display Frame 4
264.5921 	EXP 	Display Frame 5
264.6254 	EXP 	Display Frame 6
264.6588 	EXP 	Display Frame 7
264.6923 	EXP 	Display Frame 8
264.7255 	EXP 	Display Frame 9
264.7588 	EXP 	Display Frame 0
264.7922 	EXP 	Display Frame 1
264.8256 	EXP 	Display Frame 2
264.8590 	EXP 	Display Frame 3
264.8921 	EXP 	Display Frame 4
264.9254 	EXP 	Display Frame 5
264.9588 	EXP 	Display Frame 6
264.9921 	EXP 	Display Frame 7
265.0255 	EXP 	Display Frame 8
265.0588 	EXP 	Display Frame 9
265.0921 	EXP 	Display Frame 0
265.1254 	EXP 	Display Frame 1
265.1588 	EXP 	Display Frame 2
265.1921 	EXP 	Display Frame 3
265.2255 	EXP 	Display Frame 4
265.2588 	EXP 	Display Frame 5
265.2921 	EXP 	Display Frame 6
265.3254 	EXP 	Display Frame 7
265.3588 	EXP 	Display Frame 8
265.3921 	EXP 	Display Frame 9
265.4254 	EXP 	Display Frame 0
265.4588 	EXP 	Display Frame 1
265.4921 	EXP 	Display Frame 2
265.5254 	EXP 	Display Frame 3
265.5588 	EXP 	Display Frame 4
265.5921 	EXP 	Display Frame 5
265.6255 	EXP 	Display Frame 6
265.6588 	EXP 	Display Frame 7
265.6921 	EXP 	Display Frame 8
265.7255 	EXP 	Display Frame 9
265.7588 	EXP 	Display Frame 0
265.7921 	EXP 	Display Frame 1
265.8254 	EXP 	Display Frame 2
265.8588 	EXP 	Display Frame 3
265.8921 	EXP 	Display Frame 4
265.9255 	EXP 	Display Frame 5
265.9588 	EXP 	Display Frame 6
265.9921 	EXP 	Display Frame 7
266.0254 	EXP 	Display Frame 8
266.0588 	EXP 	Display Frame 9
266.0921 	EXP 	Display Frame 0
266.1254 	EXP 	Display Frame 1
266.1588 	EXP 	Display Frame 2
266.1921 	EXP 	Display Frame 3
266.2255 	EXP 	Display Frame 4
266.2588 	EXP 	Display Frame 5
266.2921 	EXP 	Display Frame 6
266.3255 	EXP 	Display Frame 7
266.3588 	EXP 	Display Frame 8
266.3921 	EXP 	Display Frame 9
266.4254 	EXP 	Display Frame 0
266.4588 	EXP 	Display Frame 1
266.4921 	EXP 	Display Frame 2
266.5255 	EXP 	Display Frame 3
266.5588 	EXP 	Display Frame 4
266.5921 	EXP 	Display Frame 5
266.6255 	EXP 	Display Frame 6
266.6588 	EXP 	Display Frame 7
266.6921 	EXP 	Display Frame 8
266.7254 	EXP 	Display Frame 9
266.7588 	EXP 	Display Frame 0
266.7921 	EXP 	Display Frame 1
266.8255 	EXP 	Display Frame 2
266.8588 	EXP 	Display Frame 3
266.8921 	EXP 	Display Frame 4
266.9255 	EXP 	Display Frame 5
266.9588 	EXP 	Display Frame 6
266.9921 	EXP 	Display Frame 7
267.0255 	EXP 	Display Frame 8
267.0588 	EXP 	Display Frame 9
267.0596 	DATA 	Keypress: equal
267.0921 	EXP 	Display Frame 0
267.1254 	EXP 	Display Frame 1
267.1588 	EXP 	Display Frame 2
267.1921 	EXP 	Display Frame 3
267.2255 	EXP 	Display Frame 4
267.2588 	EXP 	Display Frame 5
267.2921 	EXP 	Display Frame 6
267.3254 	EXP 	Display Frame 7
267.3588 	EXP 	Display Frame 8
267.3921 	EXP 	Display Frame 9
267.4255 	EXP 	Display Frame 0
267.4588 	EXP 	Display Frame 1
267.4921 	EXP 	Display Frame 2
267.5255 	EXP 	Display Frame 3
267.5588 	EXP 	Display Frame 4
267.5921 	EXP 	Display Frame 5
267.6255 	EXP 	Display Frame 6
267.6588 	EXP 	Display Frame 7
267.6921 	EXP 	Display Frame 8
267.7255 	EXP 	Display Frame 9
267.7588 	EXP 	Display Frame 0
267.7921 	EXP 	Display Frame 1
267.8255 	EXP 	Display Frame 2
267.8588 	EXP 	Display Frame 3
267.8921 	EXP 	Display Frame 4
267.9255 	EXP 	Display Frame 5
267.9588 	EXP 	Display Frame 6
267.9921 	EXP 	Display Frame 7
268.0255 	EXP 	Display Frame 8
268.0588 	EXP 	Display Frame 9
268.0921 	EXP 	Display Frame 0
268.1254 	EXP 	Display Frame 1
268.1588 	EXP 	Display Frame 2
268.1921 	EXP 	Display Frame 3
268.2254 	EXP 	Display Frame 4
268.2588 	EXP 	Display Frame 5
268.2921 	EXP 	Display Frame 6
268.3254 	EXP 	Display Frame 7
268.3588 	EXP 	Display Frame 8
268.3921 	EXP 	Display Frame 9
268.4255 	EXP 	Display Frame 0
268.4588 	EXP 	Display Frame 1
268.4921 	EXP 	Display Frame 2
268.5255 	EXP 	Display Frame 3
268.5588 	EXP 	Display Frame 4
268.5921 	EXP 	Display Frame 5
268.6254 	EXP 	Display Frame 6
268.6604 	EXP 	Display Frame 7
268.6921 	EXP 	Display Frame 8
268.7255 	EXP 	Display Frame 9
268.7588 	EXP 	Display Frame 0
268.7921 	EXP 	Display Frame 1
268.8255 	EXP 	Display Frame 2
268.8588 	EXP 	Display Frame 3
268.8921 	EXP 	Display Frame 4
268.9254 	EXP 	Display Frame 5
268.9588 	EXP 	Display Frame 6
268.9921 	EXP 	Display Frame 7
269.0255 	EXP 	Display Frame 8
269.0588 	EXP 	Display Frame 9
269.0921 	EXP 	Display Frame 0
269.1254 	EXP 	Display Frame 1
269.1588 	EXP 	Display Frame 2
269.1921 	EXP 	Display Frame 3
269.2254 	EXP 	Display Frame 4
269.2588 	EXP 	Display Frame 5
269.2921 	EXP 	Display Frame 6
269.3254 	EXP 	Display Frame 7
269.3588 	EXP 	Display Frame 8
269.3921 	EXP 	Display Frame 9
269.4254 	EXP 	Display Frame 0
269.4588 	EXP 	Display Frame 1
269.4921 	EXP 	Display Frame 2
269.5254 	EXP 	Display Frame 3
269.5588 	EXP 	Display Frame 4
269.5921 	EXP 	Display Frame 5
269.6254 	EXP 	Display Frame 6
269.6588 	EXP 	Display Frame 7
269.6922 	EXP 	Display Frame 8
269.7255 	EXP 	Display Frame 9
269.7588 	EXP 	Display Frame 0
269.7921 	EXP 	Display Frame 1
269.8255 	EXP 	Display Frame 2
269.8588 	EXP 	Display Frame 3
269.8921 	EXP 	Display Frame 4
269.9255 	EXP 	Display Frame 5
269.9588 	EXP 	Display Frame 6
269.9921 	EXP 	Display Frame 7
270.0254 	EXP 	Display Frame 8
270.0588 	EXP 	Display Frame 9
270.0921 	EXP 	Display Frame 0
270.1254 	EXP 	Display Frame 1
270.1589 	EXP 	Display Frame 2
270.1921 	EXP 	Display Frame 3
270.2255 	EXP 	Display Frame 4
270.2588 	EXP 	Display Frame 5
270.2921 	EXP 	Display Frame 6
270.3254 	EXP 	Display Frame 7
270.3588 	EXP 	Display Frame 8
270.3921 	EXP 	Display Frame 9
270.4254 	EXP 	Display Frame 0
270.4588 	EXP 	Display Frame 1
270.4921 	EXP 	Display Frame 2
270.5255 	EXP 	Display Frame 3
270.5588 	EXP 	Display Frame 4
270.5921 	EXP 	Display Frame 5
270.6255 	EXP 	Display Frame 6
270.6588 	EXP 	Display Frame 7
270.6921 	EXP 	Display Frame 8
270.7255 	EXP 	Display Frame 9
270.7588 	EXP 	Display Frame 0
270.7921 	EXP 	Display Frame 1
270.8255 	EXP 	Display Frame 2
270.8588 	EXP 	Display Frame 3
270.8921 	EXP 	Display Frame 4
270.9255 	EXP 	Display Frame 5
270.9588 	EXP 	Display Frame 6
270.9921 	EXP 	Display Frame 7
271.0256 	EXP 	Display Frame 8
271.0588 	EXP 	Display Frame 9
271.0921 	EXP 	Display Frame 0
271.1255 	EXP 	Display Frame 1
271.1588 	EXP 	Display Frame 2
271.1921 	EXP 	Display Frame 3
271.2255 	EXP 	Display Frame 4
271.2588 	EXP 	Display Frame 5
271.2921 	EXP 	Display Frame 6
271.3254 	EXP 	Display Frame 7
271.3588 	EXP 	Display Frame 8
271.3921 	EXP 	Display Frame 9
271.4255 	EXP 	Display Frame 0
271.4588 	EXP 	Display Frame 1
271.4921 	EXP 	Display Frame 2
271.5255 	EXP 	Display Frame 3
271.5588 	EXP 	Display Frame 4
271.5921 	EXP 	Display Frame 5
271.6254 	EXP 	Display Frame 6
271.6588 	EXP 	Display Frame 7
271.6921 	EXP 	Display Frame 8
271.7254 	EXP 	Display Frame 9
271.7588 	EXP 	Display Frame 0
271.7921 	EXP 	Display Frame 1
271.8255 	EXP 	Display Frame 2
271.8588 	EXP 	Display Frame 3
271.8921 	EXP 	Display Frame 4
271.9255 	EXP 	Display Frame 5
271.9588 	EXP 	Display Frame 6
271.9921 	EXP 	Display Frame 7
272.0255 	EXP 	Display Frame 8
272.0588 	EXP 	Display Frame 9
272.0922 	EXP 	Display Frame 0
272.1254 	EXP 	Display Frame 1
272.1588 	EXP 	Display Frame 2
272.1921 	EXP 	Display Frame 3
272.2254 	EXP 	Display Frame 4
272.2589 	DATA 	Keypress: equal
272.2600 	EXP 	Display Frame 5
272.2653 	EXP 	Display Fixation
277.4464 	DATA 	Keypress: equal
282.6394 	DATA 	Keypress: equal
287.8334 	DATA 	Keypress: equal
293.0264 	DATA 	Keypress: equal
298.2204 	DATA 	Keypress: equal
303.4134 	DATA 	Keypress: equal
303.4479 	EXP 	Display Frame 1
303.4811 	EXP 	Display Frame 2
303.5145 	EXP 	Display Frame 3
303.5478 	EXP 	Display Frame 4
303.5811 	EXP 	Display Frame 5
303.6144 	EXP 	Display Frame 6
303.6479 	EXP 	Display Frame 7
303.6811 	EXP 	Display Frame 8
303.7146 	EXP 	Display Frame 9
303.7477 	EXP 	Display Frame 0
303.7811 	EXP 	Display Frame 1
303.8144 	EXP 	Display Frame 2
303.8477 	EXP 	Display Frame 3
303.8811 	EXP 	Display Frame 4
303.9144 	EXP 	Display Frame 5
303.9477 	EXP 	Display Frame 6
303.9811 	EXP 	Display Frame 7
304.0144 	EXP 	Display Frame 8
304.0477 	EXP 	Display Frame 9
304.0811 	EXP 	Display Frame 0
304.1144 	EXP 	Display Frame 1
304.1568 	EXP 	Display Frame 2
304.1810 	EXP 	Display Frame 3
304.2144 	EXP 	Display Frame 4
304.2477 	EXP 	Display Frame 5
304.2811 	EXP 	Display Frame 6
304.3144 	EXP 	Display Frame 7
304.3477 	EXP 	Display Frame 8
304.3811 	EXP 	Display Frame 9
304.4144 	EXP 	Display Frame 0
304.4477 	EXP 	Display Frame 1
304.4811 	EXP 	Display Frame 2
304.5144 	EXP 	Display Frame 3
304.5478 	EXP 	Display Frame 4
304.5811 	EXP 	Display Frame 5
304.6144 	EXP 	Display Frame 6
304.6477 	EXP 	Display Frame 7
304.6811 	EXP 	Display Frame 8
304.7144 	EXP 	Display Frame 9
304.7477 	EXP 	Display Frame 0
304.7811 	EXP 	Display Frame 1
304.8144 	EXP 	Display Frame 2
304.8477 	EXP 	Display Frame 3
304.8810 	EXP 	Display Frame 4
304.9144 	EXP 	Display Frame 5
304.9477 	EXP 	Display Frame 6
304.9811 	EXP 	Display Frame 7
305.0144 	EXP 	Display Frame 8
305.0477 	EXP 	Display Frame 9
305.0810 	EXP 	Display Frame 0
305.1144 	EXP 	Display Frame 1
305.1477 	EXP 	Display Frame 2
305.1810 	EXP 	Display Frame 3
305.2154 	EXP 	Display Frame 4
305.2477 	EXP 	Display Frame 5
305.2811 	EXP 	Display Frame 6
305.3144 	EXP 	Display Frame 7
305.3477 	EXP 	Display Frame 8
305.3811 	EXP 	Display Frame 9
305.4144 	EXP 	Display Frame 0
305.4477 	EXP 	Display Frame 1
305.4810 	EXP 	Display Frame 2
305.5144 	EXP 	Display Frame 3
305.5477 	EXP 	Display Frame 4
305.5811 	EXP 	Display Frame 5
305.6144 	EXP 	Display Frame 6
305.6477 	EXP 	Display Frame 7
305.6811 	EXP 	Display Frame 8
305.7144 	EXP 	Display Frame 9
305.7477 	EXP 	Display Frame 0
305.7810 	EXP 	Display Frame 1
305.8144 	EXP 	Display Frame 2
305.8477 	EXP 	Display Frame 3
305.8811 	EXP 	Display Frame 4
305.9144 	EXP 	Display Frame 5
305.9477 	EXP 	Display Frame 6
305.9811 	EXP 	Display Frame 7
306.0144 	EXP 	Display Frame 8
306.0477 	EXP 	Display Frame 9
306.0810 	EXP 	Display Frame 0
306.1144 	EXP 	Display Frame 1
306.1477 	EXP 	Display Frame 2
306.1811 	EXP 	Display Frame 3
306.2144 	EXP 	Display Frame 4
306.2477 	EXP 	Display Frame 5
306.2820 	EXP 	Display Frame 6
306.3143 	EXP 	Display Frame 7
306.3477 	EXP 	Display Frame 8
306.3811 	EXP 	Display Frame 9
306.4144 	EXP 	Display Frame 0
306.4477 	EXP 	Display Frame 1
306.4811 	EXP 	Display Frame 2
306.5144 	EXP 	Display Frame 3
306.5477 	EXP 	Display Frame 4
306.5810 	EXP 	Display Frame 5
306.6144 	EXP 	Display Frame 6
306.6477 	EXP 	Display Frame 7
306.6811 	EXP 	Display Frame 8
306.7144 	EXP 	Display Frame 9
306.7477 	EXP 	Display Frame 0
306.7811 	EXP 	Display Frame 1
306.8146 	EXP 	Display Frame 2
306.8477 	EXP 	Display Frame 3
306.8811 	EXP 	Display Frame 4
306.9144 	EXP 	Display Frame 5
306.9478 	EXP 	Display Frame 6
306.9811 	EXP 	Display Frame 7
307.0144 	EXP 	Display Frame 8
307.0477 	EXP 	Display Frame 9
307.0811 	EXP 	Display Frame 0
307.1144 	EXP 	Display Frame 1
307.1477 	EXP 	Display Frame 2
307.1810 	EXP 	Display Frame 3
307.2144 	EXP 	Display Frame 4
307.2477 	EXP 	Display Frame 5
307.2811 	EXP 	Display Frame 6
307.3144 	EXP 	Display Frame 7
307.3491 	EXP 	Display Frame 8
307.3810 	EXP 	Display Frame 9
307.4145 	EXP 	Display Frame 0
307.4477 	EXP 	Display Frame 1
307.4811 	EXP 	Display Frame 2
307.5144 	EXP 	Display Frame 3
307.5477 	EXP 	Display Frame 4
307.5810 	EXP 	Display Frame 5
307.6144 	EXP 	Display Frame 6
307.6477 	EXP 	Display Frame 7
307.6811 	EXP 	Display Frame 8
307.7144 	EXP 	Display Frame 9
307.7477 	EXP 	Display Frame 0
307.7810 	EXP 	Display Frame 1
307.8143 	EXP 	Display Frame 2
307.8477 	EXP 	Display Frame 3
307.8810 	EXP 	Display Frame 4
307.9144 	EXP 	Display Frame 5
307.9477 	EXP 	Display Frame 6
307.9811 	EXP 	Display Frame 7
308.0144 	EXP 	Display Frame 8
308.0477 	EXP 	Display Frame 9
308.0810 	EXP 	Display Frame 0
308.1144 	EXP 	Display Frame 1
308.1477 	EXP 	Display Frame 2
308.1810 	EXP 	Display Frame 3
308.2144 	EXP 	Display Frame 4
308.2477 	EXP 	Display Frame 5
308.2810 	EXP 	Display Frame 6
308.3144 	EXP 	Display Frame 7
308.3477 	EXP 	Display Frame 8
308.3811 	EXP 	Display Frame 9
308.4158 	EXP 	Display Frame 0
308.4477 	EXP 	Display Frame 1
308.4811 	EXP 	Display Frame 2
308.5144 	EXP 	Display Frame 3
308.5477 	EXP 	Display Frame 4
308.5810 	EXP 	Display Frame 5
308.6145 	DATA 	Keypress: equal
308.6155 	EXP 	Display Frame 6
308.6477 	EXP 	Display Frame 7
308.6811 	EXP 	Display Frame 8
308.7144 	EXP 	Display Frame 9
308.7477 	EXP 	Display Frame 0
308.7811 	EXP 	Display Frame 1
308.8144 	EXP 	Display Frame 2
308.8477 	EXP 	Display Frame 3
308.8810 	EXP 	Display Frame 4
308.9144 	EXP 	Display Frame 5
308.9477 	EXP 	Display Frame 6
308.9811 	EXP 	Display Frame 7
309.0144 	EXP 	Display Frame 8
309.0477 	EXP 	Display Frame 9
309.0811 	EXP 	Display Frame 0
309.1144 	EXP 	Display Frame 1
309.1477 	EXP 	Display Frame 2
309.1810 	EXP 	Display Frame 3
309.2144 	EXP 	Display Frame 4
309.2477 	EXP 	Display Frame 5
309.2811 	EXP 	Display Frame 6
309.3144 	EXP 	Display Frame 7
309.3477 	EXP 	Display Frame 8
309.3811 	EXP 	Display Frame 9
309.4144 	EXP 	Display Frame 0
309.4477 	EXP 	Display Frame 1
309.4821 	EXP 	Display Frame 2
309.5143 	EXP 	Display Frame 3
309.5477 	EXP 	Display Frame 4
309.5811 	EXP 	Display Frame 5
309.6144 	EXP 	Display Frame 6
309.6477 	EXP 	Display Frame 7
309.6811 	EXP 	Display Frame 8
309.7144 	EXP 	Display Frame 9
309.7477 	EXP 	Display Frame 0
309.7810 	EXP 	Display Frame 1
309.8144 	EXP 	Display Frame 2
309.8477 	EXP 	Display Frame 3
309.8810 	EXP 	Display Frame 4
309.9144 	EXP 	Display Frame 5
309.9477 	EXP 	Display Frame 6
309.9811 	EXP 	Display Frame 7
310.0144 	EXP 	Display Frame 8
310.0477 	EXP 	Display Frame 9
310.0810 	EXP 	Display Frame 0
310.1144 	EXP 	Display Frame 1
310.1477 	EXP 	Display Frame 2
310.1810 	EXP 	Display Frame 3
310.2144 	EXP 	Display Frame 4
310.2477 	EXP 	Display Frame 5
310.2810 	EXP 	Display Frame 6
310.3144 	EXP 	Display Frame 7
310.3477 	EXP 	Display Frame 8
310.3810 	EXP 	Display Frame 9
310.4144 	EXP 	Display Frame 0
310.4477 	EXP 	Display Frame 1
310.4810 	EXP 	Display Frame 2
310.5144 	EXP 	Display Frame 3
310.5487 	EXP 	Display Frame 4
310.5810 	EXP 	Display Frame 5
310.6144 	EXP 	Display Frame 6
310.6477 	EXP 	Display Frame 7
310.6811 	EXP 	Display Frame 8
310.7144 	EXP 	Display Frame 9
310.7477 	EXP 	Display Frame 0
310.7810 	EXP 	Display Frame 1
310.8144 	EXP 	Display Frame 2
310.8477 	EXP 	Display Frame 3
310.8810 	EXP 	Display Frame 4
310.9144 	EXP 	Display Frame 5
310.9477 	EXP 	Display Frame 6
310.9811 	EXP 	Display Frame 7
311.0144 	EXP 	Display Frame 8
311.0477 	EXP 	Display Frame 9
311.0810 	EXP 	Display Frame 0
311.1144 	EXP 	Display Frame 1
311.1477 	EXP 	Display Frame 2
311.1811 	EXP 	Display Frame 3
311.2144 	EXP 	Display Frame 4
311.2477 	EXP 	Display Frame 5
311.2811 	EXP 	Display Frame 6
311.3144 	EXP 	Display Frame 7
311.3477 	EXP 	Display Frame 8
311.3811 	EXP 	Display Frame 9
311.4144 	EXP 	Display Frame 0
311.4477 	EXP 	Display Frame 1
311.4811 	EXP 	Display Frame 2
311.5144 	EXP 	Display Frame 3
311.5477 	EXP 	Display Frame 4
311.5810 	EXP 	Display Frame 5
311.6155 	EXP 	Display Frame 6
311.6477 	EXP 	Display Frame 7
311.6811 	EXP 	Display Frame 8
311.7144 	EXP 	Display Frame 9
311.7477 	EXP 	Display Frame 0
311.7811 	EXP 	Display Frame 1
311.8144 	EXP 	Display Frame 2
311.8477 	EXP 	Display Frame 3
311.8810 	EXP 	Display Frame 4
311.9144 	EXP 	Display Frame 5
311.9477 	EXP 	Display Frame 6
311.9811 	EXP 	Display Frame 7
312.0144 	EXP 	Display Frame 8
312.0477 	EXP 	Display Frame 9
312.0810 	EXP 	Display Frame 0
312.1144 	EXP 	Display Frame 1
312.1477 	EXP 	Display Frame 2
312.1810 	EXP 	Display Frame 3
312.2144 	EXP 	Display Frame 4
312.2477 	EXP 	Display Frame 5
312.2810 	EXP 	Display Frame 6
312.3145 	EXP 	Display Frame 7
312.3477 	EXP 	Display Frame 8
312.3811 	EXP 	Display Frame 9
312.4144 	EXP 	Display Frame 0
312.4477 	EXP 	Display Frame 1
312.4811 	EXP 	Display Frame 2
312.5144 	EXP 	Display Frame 3
312.5477 	EXP 	Display Frame 4
312.5810 	EXP 	Display Frame 5
312.6144 	EXP 	Display Frame 6
312.6477 	EXP 	Display Frame 7
312.6821 	EXP 	Display Frame 8
312.7144 	EXP 	Display Frame 9
312.7478 	EXP 	Display Frame 0
312.7811 	EXP 	Display Frame 1
312.8144 	EXP 	Display Frame 2
312.8477 	EXP 	Display Frame 3
312.8810 	EXP 	Display Frame 4
312.9144 	EXP 	Display Frame 5
312.9477 	EXP 	Display Frame 6
312.9811 	EXP 	Display Frame 7
313.0144 	EXP 	Display Frame 8
313.0477 	EXP 	Display Frame 9
313.0811 	EXP 	Display Frame 0
313.1144 	EXP 	Display Frame 1
313.1480 	EXP 	Display Frame 2
313.1811 	EXP 	Display Frame 3
313.2144 	EXP 	Display Frame 4
313.2477 	EXP 	Display Frame 5
313.2811 	EXP 	Display Frame 6
313.3144 	EXP 	Display Frame 7
313.3477 	EXP 	Display Frame 8
313.3811 	EXP 	Display Frame 9
313.4144 	EXP 	Display Frame 0
313.4477 	EXP 	Display Frame 1
313.4811 	EXP 	Display Frame 2
313.5144 	EXP 	Display Frame 3
313.5477 	EXP 	Display Frame 4
313.5810 	EXP 	Display Frame 5
313.6144 	EXP 	Display Frame 6
313.6477 	EXP 	Display Frame 7
313.6811 	EXP 	Display Frame 8
313.7144 	EXP 	Display Frame 9
313.7488 	EXP 	Display Frame 0
313.7810 	EXP 	Display Frame 1
313.8145 	DATA 	Keypress: equal
313.8156 	EXP 	Display Frame 2
313.8477 	EXP 	Display Frame 3
313.8858 	EXP 	Display Frame 4
313.9143 	EXP 	Display Frame 5
313.9477 	EXP 	Display Frame 6
313.9810 	EXP 	Display Frame 7
314.0144 	EXP 	Display Frame 8
314.0477 	EXP 	Display Frame 9
314.0810 	EXP 	Display Frame 0
314.1144 	EXP 	Display Frame 1
314.1477 	EXP 	Display Frame 2
314.1811 	EXP 	Display Frame 3
314.2144 	EXP 	Display Frame 4
314.2477 	EXP 	Display Frame 5
314.2811 	EXP 	Display Frame 6
314.3144 	EXP 	Display Frame 7
314.3477 	EXP 	Display Frame 8
314.3810 	EXP 	Display Frame 9
314.4143 	EXP 	Display Frame 0
314.4477 	EXP 	Display Frame 1
314.4810 	EXP 	Display Frame 2
314.5144 	EXP 	Display Frame 3
314.5477 	EXP 	Display Frame 4
314.5811 	EXP 	Display Frame 5
314.6144 	EXP 	Display Frame 6
314.6477 	EXP 	Display Frame 7
314.6811 	EXP 	Display Frame 8
314.7144 	EXP 	Display Frame 9
314.7477 	EXP 	Display Frame 0
314.7811 	EXP 	Display Frame 1
314.8157 	EXP 	Display Frame 2
314.8477 	EXP 	Display Frame 3
314.8811 	EXP 	Display Frame 4
314.9144 	EXP 	Display Frame 5
314.9477 	EXP 	Display Frame 6
314.9811 	EXP 	Display Frame 7
315.0144 	EXP 	Display Frame 8
315.0477 	EXP 	Display Frame 9
315.0810 	EXP 	Display Frame 0
315.1144 	EXP 	Display Frame 1
315.1477 	EXP 	Display Frame 2
315.1811 	EXP 	Display Frame 3
315.2144 	EXP 	Display Frame 4
315.2477 	EXP 	Display Frame 5
315.2810 	EXP 	Display Frame 6
315.3144 	EXP 	Display Frame 7
315.3477 	EXP 	Display Frame 8
315.3810 	EXP 	Display Frame 9
315.4144 	EXP 	Display Frame 0
315.4477 	EXP 	Display Frame 1
315.4811 	EXP 	Display Frame 2
315.5144 	EXP 	Display Frame 3
315.5477 	EXP 	Display Frame 4
315.5810 	EXP 	Display Frame 5
315.6144 	EXP 	Display Frame 6
315.6477 	EXP 	Display Frame 7
315.6811 	EXP 	Display Frame 8
315.7144 	EXP 	Display Frame 9
315.7477 	EXP 	Display Frame 0
315.7811 	EXP 	Display Frame 1
315.8144 	EXP 	Display Frame 2
315.8477 	EXP 	Display Frame 3
315.8816 	EXP 	Display Frame 4
315.9143 	EXP 	Display Frame 5
315.9477 	EXP 	Display Frame 6
315.9810 	EXP 	Display Frame 7
316.0144 	EXP 	Display Frame 8
316.0477 	EXP 	Display Frame 9
316.0810 	EXP 	Display Frame 0
316.1144 	EXP 	Display Frame 1
316.1477 	EXP 	Display Frame 2
316.1811 	EXP 	Display Frame 3
316.2144 	EXP 	Display Frame 4
316.2477 	EXP 	Display Frame 5
316.2810 	EXP 	Display Frame 6
316.3144 	EXP 	Display Frame 7
316.3477 	EXP 	Display Frame 8
316.3811 	EXP 	Display Frame 9
316.4144 	EXP 	Display Frame 0
316.4477 	EXP 	Display Frame 1
316.4811 	EXP 	Display Frame 2
316.5144 	EXP 	Display Frame 3
316.5477 	EXP 	Display Frame 4
316.5810 	EXP 	Display Frame 5
316.6144 	EXP 	Display Frame 6
316.6477 	EXP 	Display Frame 7
316.6810 	EXP 	Display Frame 8
316.7144 	EXP 	Display Frame 9
316.7477 	EXP 	Display Frame 0
316.7811 	EXP 	Display Frame 1
316.8144 	EXP 	Display Frame 2
316.8477 	EXP 	Display Frame 3
316.8810 	EXP 	Display Frame 4
316.9144 	EXP 	Display Frame 5
316.9483 	EXP 	Display Frame 6
316.9810 	EXP 	Display Frame 7
317.0144 	EXP 	Display Frame 8
317.0477 	EXP 	Display Frame 9
317.0811 	EXP 	Display Frame 0
317.1144 	EXP 	Display Frame 1
317.1478 	EXP 	Display Frame 2
317.1811 	EXP 	Display Frame 3
317.2144 	EXP 	Display Frame 4
317.2477 	EXP 	Display Frame 5
317.2810 	EXP 	Display Frame 6
317.3144 	EXP 	Display Frame 7
317.3477 	EXP 	Display Frame 8
317.3811 	EXP 	Display Frame 9
317.4144 	EXP 	Display Frame 0
317.4477 	EXP 	Display Frame 1
317.4810 	EXP 	Display Frame 2
317.5144 	EXP 	Display Frame 3
317.5477 	EXP 	Display Frame 4
317.5811 	EXP 	Display Frame 5
317.6144 	EXP 	Display Frame 6
317.6477 	EXP 	Display Frame 7
317.6811 	EXP 	Display Frame 8
317.7144 	EXP 	Display Frame 9
317.7477 	EXP 	Display Frame 0
317.7811 	EXP 	Display Frame 1
317.8144 	EXP 	Display Frame 2
317.8477 	EXP 	Display Frame 3
317.8811 	EXP 	Display Frame 4
317.9144 	EXP 	Display Frame 5
317.9485 	EXP 	Display Frame 6
317.9810 	EXP 	Display Frame 7
318.0155 	EXP 	Display Frame 8
318.0477 	EXP 	Display Frame 9
318.0812 	EXP 	Display Frame 0
318.1144 	EXP 	Display Frame 1
318.1477 	EXP 	Display Frame 2
318.1810 	EXP 	Display Frame 3
318.2144 	EXP 	Display Frame 4
318.2477 	EXP 	Display Frame 5
318.2811 	EXP 	Display Frame 6
318.3144 	EXP 	Display Frame 7
318.3477 	EXP 	Display Frame 8
318.3810 	EXP 	Display Frame 9
318.4144 	EXP 	Display Frame 0
318.4477 	EXP 	Display Frame 1
318.4810 	EXP 	Display Frame 2
318.5144 	EXP 	Display Frame 3
318.5480 	EXP 	Display Frame 4
318.5812 	EXP 	Display Frame 5
318.6144 	EXP 	Display Frame 6
318.6477 	EXP 	Display Frame 7
318.6811 	EXP 	Display Frame 8
318.7144 	EXP 	Display Frame 9
318.7477 	EXP 	Display Frame 0
318.7810 	EXP 	Display Frame 1
318.8144 	EXP 	Display Frame 2
318.8478 	EXP 	Display Frame 3
318.8811 	EXP 	Display Frame 4
318.9144 	EXP 	Display Frame 5
318.9477 	EXP 	Display Frame 6
318.9811 	EXP 	Display Frame 7
319.0145 	DATA 	Keypress: equal
319.0156 	EXP 	Display Frame 8
319.0477 	EXP 	Display Frame 9
319.0825 	EXP 	Display Frame 0
319.1143 	EXP 	Display Frame 1
319.1477 	EXP 	Display Frame 2
319.1810 	EXP 	Display Frame 3
319.2144 	EXP 	Display Frame 4
319.2477 	EXP 	Display Frame 5
319.2811 	EXP 	Display Frame 6
319.3144 	EXP 	Display Frame 7
319.3477 	EXP 	Display Frame 8
319.3810 	EXP 	Display Frame 9
319.4144 	EXP 	Display Frame 0
319.4477 	EXP 	Display Frame 1
319.4810 	EXP 	Display Frame 2
319.5146 	EXP 	Display Frame 3
319.5477 	EXP 	Display Frame 4
319.5810 	EXP 	Display Frame 5
319.6144 	EXP 	Display Frame 6
319.6477 	EXP 	Display Frame 7
319.6811 	EXP 	Display Frame 8
319.7144 	EXP 	Display Frame 9
319.7477 	EXP 	Display Frame 0
319.7810 	EXP 	Display Frame 1
319.8144 	EXP 	Display Frame 2
319.8477 	EXP 	Display Frame 3
319.8811 	EXP 	Display Frame 4
319.9144 	EXP 	Display Frame 5
319.9477 	EXP 	Display Frame 6
319.9810 	EXP 	Display Frame 7
320.0144 	EXP 	Display Frame 8
320.0477 	EXP 	Display Frame 9
320.0811 	EXP 	Display Frame 0
320.1144 	EXP 	Display Frame 1
320.1486 	EXP 	Display Frame 2
320.1810 	EXP 	Display Frame 3
320.2144 	EXP 	Display Frame 4
320.2477 	EXP 	Display Frame 5
320.2810 	EXP 	Display Frame 6
320.3144 	EXP 	Display Frame 7
320.3477 	EXP 	Display Frame 8
320.3811 	EXP 	Display Frame 9
320.4144 	EXP 	Display Frame 0
320.4477 	EXP 	Display Frame 1
320.4811 	EXP 	Display Frame 2
320.5144 	EXP 	Display Frame 3
320.5477 	EXP 	Display Frame 4
320.5810 	EXP 	Display Frame 5
320.6144 	EXP 	Display Frame 6
320.6477 	EXP 	Display Frame 7
320.6811 	EXP 	Display Frame 8
320.7144 	EXP 	Display Frame 9
320.7477 	EXP 	Display Frame 0
320.7811 	EXP 	Display Frame 1
320.8144 	EXP 	Display Frame 2
320.8477 	EXP 	Display Frame 3
320.8811 	EXP 	Display Frame 4
320.9143 	EXP 	Display Frame 5
320.9477 	EXP 	Display Frame 6
320.9810 	EXP 	Display Frame 7
321.0144 	EXP 	Display Frame 8
321.0477 	EXP 	Display Frame 9
321.0810 	EXP 	Display Frame 0
321.1144 	EXP 	Display Frame 1
321.1477 	EXP 	Display Frame 2
321.1811 	EXP 	Display Frame 3
321.2154 	EXP 	Display Frame 4
321.2477 	EXP 	Display Frame 5
321.2810 	EXP 	Display Frame 6
321.3144 	EXP 	Display Frame 7
321.3477 	EXP 	Display Frame 8
321.3811 	EXP 	Display Frame 9
321.4144 	EXP 	Display Frame 0
321.4477 	EXP 	Display Frame 1
321.4811 	EXP 	Display Frame 2
321.5144 	EXP 	Display Frame 3
321.5477 	EXP 	Display Frame 4
321.5810 	EXP 	Display Frame 5
321.6144 	EXP 	Display Frame 6
321.6477 	EXP 	Display Frame 7
321.6810 	EXP 	Display Frame 8
321.7144 	EXP 	Display Frame 9
321.7477 	EXP 	Display Frame 0
321.7811 	EXP 	Display Frame 1
321.8144 	EXP 	Display Frame 2
321.8477 	EXP 	Display Frame 3
321.8811 	EXP 	Display Frame 4
321.9144 	EXP 	Display Frame 5
321.9477 	EXP 	Display Frame 6
321.9810 	EXP 	Display Frame 7
322.0144 	EXP 	Display Frame 8
322.0477 	EXP 	Display Frame 9
322.0810 	EXP 	Display Frame 0
322.1144 	EXP 	Display Frame 1
322.1477 	EXP 	Display Frame 2
322.1810 	EXP 	Display Frame 3
322.2144 	EXP 	Display Frame 4
322.2477 	EXP 	Display Frame 5
322.2817 	EXP 	Display Frame 6
322.3143 	EXP 	Display Frame 7
322.3477 	EXP 	Display Frame 8
322.3810 	EXP 	Display Frame 9
322.4144 	EXP 	Display Frame 0
322.4477 	EXP 	Display Frame 1
322.4810 	EXP 	Display Frame 2
322.5144 	EXP 	Display Frame 3
322.5477 	EXP 	Display Frame 4
322.5810 	EXP 	Display Frame 5
322.6144 	EXP 	Display Frame 6
322.6477 	EXP 	Display Frame 7
322.6811 	EXP 	Display Frame 8
322.7144 	EXP 	Display Frame 9
322.7477 	EXP 	Display Frame 0
322.7810 	EXP 	Display Frame 1
322.8144 	EXP 	Display Frame 2
322.8477 	EXP 	Display Frame 3
322.8811 	EXP 	Display Frame 4
322.9144 	EXP 	Display Frame 5
322.9477 	EXP 	Display Frame 6
322.9811 	EXP 	Display Frame 7
323.0144 	EXP 	Display Frame 8
323.0477 	EXP 	Display Frame 9
323.0810 	EXP 	Display Frame 0
323.1144 	EXP 	Display Frame 1
323.1477 	EXP 	Display Frame 2
323.1811 	EXP 	Display Frame 3
323.2144 	EXP 	Display Frame 4
323.2477 	EXP 	Display Frame 5
323.2811 	EXP 	Display Frame 6
323.3144 	EXP 	Display Frame 7
323.3492 	EXP 	Display Frame 8
323.3810 	EXP 	Display Frame 9
323.4145 	EXP 	Display Frame 0
323.4477 	EXP 	Display Frame 1
323.4811 	EXP 	Display Frame 2
323.5144 	EXP 	Display Frame 3
323.5477 	EXP 	Display Frame 4
323.5810 	EXP 	Display Frame 5
323.6144 	EXP 	Display Frame 6
323.6483 	EXP 	Display Frame 7
323.6810 	EXP 	Display Frame 8
323.7144 	EXP 	Display Frame 9
323.7477 	EXP 	Display Frame 0
323.7811 	EXP 	Display Frame 1
323.8144 	EXP 	Display Frame 2
323.8477 	EXP 	Display Frame 3
323.8811 	EXP 	Display Frame 4
323.9144 	EXP 	Display Frame 5
323.9477 	EXP 	Display Frame 6
323.9811 	EXP 	Display Frame 7
324.0144 	EXP 	Display Frame 8
324.0478 	EXP 	Display Frame 9
324.0810 	EXP 	Display Frame 0
324.1144 	EXP 	Display Frame 1
324.1477 	EXP 	Display Frame 2
324.1811 	EXP 	Display Frame 3
324.2145 	DATA 	Keypress: equal
324.2156 	EXP 	Display Frame 4
324.2477 	EXP 	Display Frame 5
324.2810 	EXP 	Display Frame 6
324.3144 	EXP 	Display Frame 7
324.3477 	EXP 	Display Frame 8
324.3811 	EXP 	Display Frame 9
324.4154 	EXP 	Display Frame 0
324.4476 	EXP 	Display Frame 1
324.4811 	EXP 	Display Frame 2
324.5144 	EXP 	Display Frame 3
324.5477 	EXP 	Display Frame 4
324.5810 	EXP 	Display Frame 5
324.6144 	EXP 	Display Frame 6
324.6477 	EXP 	Display Frame 7
324.6810 	EXP 	Display Frame 8
324.7144 	EXP 	Display Frame 9
324.7477 	EXP 	Display Frame 0
324.7811 	EXP 	Display Frame 1
324.8144 	EXP 	Display Frame 2
324.8477 	EXP 	Display Frame 3
324.8811 	EXP 	Display Frame 4
324.9144 	EXP 	Display Frame 5
324.9477 	EXP 	Display Frame 6
324.9810 	EXP 	Display Frame 7
325.0144 	EXP 	Display Frame 8
325.0478 	EXP 	Display Frame 9
325.0811 	EXP 	Display Frame 0
325.1144 	EXP 	Display Frame 1
325.1477 	EXP 	Display Frame 2
325.1810 	EXP 	Display Frame 3
325.2144 	EXP 	Display Frame 4
325.2477 	EXP 	Display Frame 5
325.2810 	EXP 	Display Frame 6
325.3143 	EXP 	Display Frame 7
325.3477 	EXP 	Display Frame 8
325.3811 	EXP 	Display Frame 9
325.4144 	EXP 	Display Frame 0
325.4478 	EXP 	Display Frame 1
325.4821 	EXP 	Display Frame 2
325.5143 	EXP 	Display Frame 3
325.5477 	EXP 	Display Frame 4
325.5810 	EXP 	Display Frame 5
325.6144 	EXP 	Display Frame 6
325.6477 	EXP 	Display Frame 7
325.6811 	EXP 	Display Frame 8
325.7144 	EXP 	Display Frame 9
325.7477 	EXP 	Display Frame 0
325.7811 	EXP 	Display Frame 1
325.8144 	EXP 	Display Frame 2
325.8479 	EXP 	Display Frame 3
325.8811 	EXP 	Display Frame 4
325.9144 	EXP 	Display Frame 5
325.9477 	EXP 	Display Frame 6
325.9811 	EXP 	Display Frame 7
326.0144 	EXP 	Display Frame 8
326.0477 	EXP 	Display Frame 9
326.0811 	EXP 	Display Frame 0
326.1144 	EXP 	Display Frame 1
326.1477 	EXP 	Display Frame 2
326.1811 	EXP 	Display Frame 3
326.2144 	EXP 	Display Frame 4
326.2477 	EXP 	Display Frame 5
326.2811 	EXP 	Display Frame 6
326.3144 	EXP 	Display Frame 7
326.3477 	EXP 	Display Frame 8
326.3811 	EXP 	Display Frame 9
326.4144 	EXP 	Display Frame 0
326.4477 	EXP 	Display Frame 1
326.4811 	EXP 	Display Frame 2
326.5144 	EXP 	Display Frame 3
326.5489 	EXP 	Display Frame 4
326.5810 	EXP 	Display Frame 5
326.6144 	EXP 	Display Frame 6
326.6477 	EXP 	Display Frame 7
326.6811 	EXP 	Display Frame 8
326.7144 	EXP 	Display Frame 9
326.7477 	EXP 	Display Frame 0
326.7810 	EXP 	Display Frame 1
326.8144 	EXP 	Display Frame 2
326.8477 	EXP 	Display Frame 3
326.8811 	EXP 	Display Frame 4
326.9144 	EXP 	Display Frame 5
326.9477 	EXP 	Display Frame 6
326.9810 	EXP 	Display Frame 7
327.0144 	EXP 	Display Frame 8
327.0477 	EXP 	Display Frame 9
327.0810 	EXP 	Display Frame 0
327.1144 	EXP 	Display Frame 1
327.1477 	EXP 	Display Frame 2
327.1810 	EXP 	Display Frame 3
327.2144 	EXP 	Display Frame 4
327.2477 	EXP 	Display Frame 5
327.2810 	EXP 	Display Frame 6
327.3144 	EXP 	Display Frame 7
327.3477 	EXP 	Display Frame 8
327.3811 	EXP 	Display Frame 9
327.4144 	EXP 	Display Frame 0
327.4477 	EXP 	Display Frame 1
327.4811 	EXP 	Display Frame 2
327.5144 	EXP 	Display Frame 3
327.5477 	EXP 	Display Frame 4
327.5811 	EXP 	Display Frame 5
327.6158 	EXP 	Display Frame 6
327.6477 	EXP 	Display Frame 7
327.6810 	EXP 	Display Frame 8
327.7144 	EXP 	Display Frame 9
327.7477 	EXP 	Display Frame 0
327.7811 	EXP 	Display Frame 1
327.8144 	EXP 	Display Frame 2
327.8477 	EXP 	Display Frame 3
327.8810 	EXP 	Display Frame 4
327.9144 	EXP 	Display Frame 5
327.9477 	EXP 	Display Frame 6
327.9810 	EXP 	Display Frame 7
328.0144 	EXP 	Display Frame 8
328.0477 	EXP 	Display Frame 9
328.0811 	EXP 	Display Frame 0
328.1144 	EXP 	Display Frame 1
328.1477 	EXP 	Display Frame 2
328.1811 	EXP 	Display Frame 3
328.2144 	EXP 	Display Frame 4
328.2477 	EXP 	Display Frame 5
328.2810 	EXP 	Display Frame 6
328.3144 	EXP 	Display Frame 7
328.3477 	EXP 	Display Frame 8
328.3811 	EXP 	Display Frame 9
328.4144 	EXP 	Display Frame 0
328.4477 	EXP 	Display Frame 1
328.4810 	EXP 	Display Frame 2
328.5144 	EXP 	Display Frame 3
328.5477 	EXP 	Display Frame 4
328.5811 	EXP 	Display Frame 5
328.6144 	EXP 	Display Frame 6
328.6477 	EXP 	Display Frame 7
328.6826 	EXP 	Display Frame 8
328.7144 	EXP 	Display Frame 9
328.7478 	EXP 	Display Frame 0
328.7811 	EXP 	Display Frame 1
328.8144 	EXP 	Display Frame 2
328.8477 	EXP 	Display Frame 3
328.8810 	EXP 	Display Frame 4
328.9144 	EXP 	Display Frame 5
328.9477 	EXP 	Display Frame 6
328.9811 	EXP 	Display Frame 7
329.0144 	EXP 	Display Frame 8
329.0477 	EXP 	Display Frame 9
329.0810 	EXP 	Display Frame 0
329.1144 	EXP 	Display Frame 1
329.1477 	EXP 	Display Frame 2
329.1810 	EXP 	Display Frame 3
329.2144 	EXP 	Display Frame 4
329.2478 	EXP 	Display Frame 5
329.2811 	EXP 	Display Frame 6
329.3144 	EXP 	Display Frame 7
329.3477 	EXP 	Display Frame 8
329.3810 	EXP 	Display Frame 9
329.3818 	DATA 	Keypress: equal
329.4144 	EXP 	Display Frame 0
329.4477 	EXP 	Display Frame 1
329.4811 	EXP 	Display Frame 2
329.5144 	EXP 	Display Frame 3
329.5477 	EXP 	Display Frame 4
329.5811 	EXP 	Display Frame 5
329.6144 	EXP 	Display Frame 6
329.6477 	EXP 	Display Frame 7
329.6811 	EXP 	Display Frame 8
329.7144 	EXP 	Display Frame 9
329.7489 	EXP 	Display Frame 0
329.7811 	EXP 	Display Frame 1
329.8144 	EXP 	Display Frame 2
329.8477 	EXP 	Display Frame 3
329.8810 	EXP 	Display Frame 4
329.9144 	EXP 	Display Frame 5
329.9477 	EXP 	Display Frame 6
329.9811 	EXP 	Display Frame 7
330.0144 	EXP 	Display Frame 8
330.0478 	EXP 	Display Frame 9
330.0810 	EXP 	Display Frame 0
330.1144 	EXP 	Display Frame 1
330.1477 	EXP 	Display Frame 2
330.1811 	EXP 	Display Frame 3
330.2144 	EXP 	Display Frame 4
330.2477 	EXP 	Display Frame 5
330.2811 	EXP 	Display Frame 6
330.3144 	EXP 	Display Frame 7
330.3477 	EXP 	Display Frame 8
330.3811 	EXP 	Display Frame 9
330.4144 	EXP 	Display Frame 0
330.4477 	EXP 	Display Frame 1
330.4811 	EXP 	Display Frame 2
330.5144 	EXP 	Display Frame 3
330.5477 	EXP 	Display Frame 4
330.5811 	EXP 	Display Frame 5
330.6144 	EXP 	Display Frame 6
330.6477 	EXP 	Display Frame 7
330.6810 	EXP 	Display Frame 8
330.7144 	EXP 	Display Frame 9
330.7477 	EXP 	Display Frame 0
330.7810 	EXP 	Display Frame 1
330.8157 	EXP 	Display Frame 2
330.8477 	EXP 	Display Frame 3
330.8810 	EXP 	Display Frame 4
330.9144 	EXP 	Display Frame 5
330.9477 	EXP 	Display Frame 6
330.9810 	EXP 	Display Frame 7
331.0144 	EXP 	Display Frame 8
331.0477 	EXP 	Display Frame 9
331.0810 	EXP 	Display Frame 0
331.1144 	EXP 	Display Frame 1
331.1477 	EXP 	Display Frame 2
331.1811 	EXP 	Display Frame 3
331.2144 	EXP 	Display Frame 4
331.2477 	EXP 	Display Frame 5
331.2811 	EXP 	Display Frame 6
331.3144 	EXP 	Display Frame 7
331.3477 	EXP 	Display Frame 8
331.3810 	EXP 	Display Frame 9
331.4144 	EXP 	Display Frame 0
331.4477 	EXP 	Display Frame 1
331.4811 	EXP 	Display Frame 2
331.5144 	EXP 	Display Frame 3
331.5477 	EXP 	Display Frame 4
331.5810 	EXP 	Display Frame 5
331.6146 	EXP 	Display Frame 6
331.6478 	EXP 	Display Frame 7
331.6811 	EXP 	Display Frame 8
331.7144 	EXP 	Display Frame 9
331.7477 	EXP 	Display Frame 0
331.7811 	EXP 	Display Frame 1
331.8144 	EXP 	Display Frame 2
331.8477 	EXP 	Display Frame 3
331.8817 	EXP 	Display Frame 4
331.9143 	EXP 	Display Frame 5
331.9477 	EXP 	Display Frame 6
331.9810 	EXP 	Display Frame 7
332.0144 	EXP 	Display Frame 8
332.0477 	EXP 	Display Frame 9
332.0811 	EXP 	Display Frame 0
332.1144 	EXP 	Display Frame 1
332.1477 	EXP 	Display Frame 2
332.1811 	EXP 	Display Frame 3
332.2144 	EXP 	Display Frame 4
332.2477 	EXP 	Display Frame 5
332.2811 	EXP 	Display Frame 6
332.3144 	EXP 	Display Frame 7
332.3477 	EXP 	Display Frame 8
332.3811 	EXP 	Display Frame 9
332.4144 	EXP 	Display Frame 0
332.4477 	EXP 	Display Frame 1
332.4810 	EXP 	Display Frame 2
332.5144 	EXP 	Display Frame 3
332.5477 	EXP 	Display Frame 4
332.5810 	EXP 	Display Frame 5
332.6144 	EXP 	Display Frame 6
332.6477 	EXP 	Display Frame 7
332.6811 	EXP 	Display Frame 8
332.7144 	EXP 	Display Frame 9
332.7477 	EXP 	Display Frame 0
332.7810 	EXP 	Display Frame 1
332.8144 	EXP 	Display Frame 2
332.8477 	EXP 	Display Frame 3
332.8811 	EXP 	Display Frame 4
332.9144 	EXP 	Display Frame 5
332.9489 	EXP 	Display Frame 6
332.9810 	EXP 	Display Frame 7
333.0144 	EXP 	Display Frame 8
333.0477 	EXP 	Display Frame 9
333.0810 	EXP 	Display Frame 0
333.1144 	EXP 	Display Frame 1
333.1477 	EXP 	Display Frame 2
333.1810 	EXP 	Display Frame 3
333.2144 	EXP 	Display Frame 4
333.2477 	EXP 	Display Frame 5
333.2810 	EXP 	Display Frame 6
333.3144 	EXP 	Display Frame 7
333.3477 	EXP 	Display Frame 8
333.3811 	EXP 	Display Frame 9
333.4144 	EXP 	Display Frame 0
333.4477 	EXP 	Display Frame 1
333.4811 	EXP 	Display Frame 2
333.5144 	EXP 	Display Frame 3
333.5477 	EXP 	Display Frame 4
333.5811 	EXP 	Display Frame 5
333.6144 	EXP 	Display Frame 6
333.6477 	EXP 	Display Frame 7
333.6810 	EXP 	Display Frame 8
333.7144 	EXP 	Display Frame 9
333.7477 	EXP 	Display Frame 0
333.7811 	EXP 	Display Frame 1
333.8144 	EXP 	Display Frame 2
333.8477 	EXP 	Display Frame 3
333.8810 	EXP 	Display Frame 4
333.9144 	EXP 	Display Frame 5
333.9477 	EXP 	Display Frame 6
333.9810 	EXP 	Display Frame 7
334.0156 	EXP 	Display Frame 8
334.0477 	EXP 	Display Frame 9
334.0812 	EXP 	Display Frame 0
334.1144 	EXP 	Display Frame 1
334.1477 	EXP 	Display Frame 2
334.1810 	EXP 	Display Frame 3
334.2144 	EXP 	Display Frame 4
334.2477 	EXP 	Display Frame 5
334.2811 	EXP 	Display Frame 6
334.3144 	EXP 	Display Frame 7
334.3477 	EXP 	Display Frame 8
334.3811 	EXP 	Display Frame 9
334.4144 	EXP 	Display Frame 0
334.4477 	EXP 	Display Frame 1
334.4810 	EXP 	Display Frame 2
334.5144 	EXP 	Display Frame 3
334.5477 	EXP 	Display Frame 4
334.5812 	DATA 	Keypress: equal
334.5822 	EXP 	Display Frame 5
334.5990 	EXP 	Display Fixation
339.7686 	DATA 	Keypress: equal
344.9626 	DATA 	Keypress: equal
350.1547 	DATA 	Keypress: equal
355.3496 	DATA 	Keypress: equal
360.5437 	DATA 	Keypress: equal
365.7367 	DATA 	Keypress: equal
365.7714 	EXP 	Display Frame 1
365.8045 	EXP 	Display Frame 2
365.8378 	EXP 	Display Frame 3
365.8711 	EXP 	Display Frame 4
365.9045 	EXP 	Display Frame 5
365.9379 	EXP 	Display Frame 6
365.9711 	EXP 	Display Frame 7
366.0046 	EXP 	Display Frame 8
366.0379 	EXP 	Display Frame 9
366.0711 	EXP 	Display Frame 0
366.1045 	EXP 	Display Frame 1
366.1378 	EXP 	Display Frame 2
366.1711 	EXP 	Display Frame 3
366.2045 	EXP 	Display Frame 4
366.2379 	EXP 	Display Frame 5
366.2711 	EXP 	Display Frame 6
366.3044 	EXP 	Display Frame 7
366.3377 	EXP 	Display Frame 8
366.3711 	EXP 	Display Frame 9
366.4044 	EXP 	Display Frame 0
366.4378 	EXP 	Display Frame 1
366.4711 	EXP 	Display Frame 2
366.5044 	EXP 	Display Frame 3
366.5377 	EXP 	Display Frame 4
366.5711 	EXP 	Display Frame 5
366.6044 	EXP 	Display Frame 6
366.6378 	EXP 	Display Frame 7
366.6710 	EXP 	Display Frame 8
366.7044 	EXP 	Display Frame 9
366.7377 	EXP 	Display Frame 0
366.7710 	EXP 	Display Frame 1
366.8044 	EXP 	Display Frame 2
366.8377 	EXP 	Display Frame 3
366.8710 	EXP 	Display Frame 4
366.9043 	EXP 	Display Frame 5
366.9377 	EXP 	Display Frame 6
366.9710 	EXP 	Display Frame 7
367.0044 	EXP 	Display Frame 8
367.0377 	EXP 	Display Frame 9
367.0710 	EXP 	Display Frame 0
367.1044 	EXP 	Display Frame 1
367.1377 	EXP 	Display Frame 2
367.1710 	EXP 	Display Frame 3
367.2043 	EXP 	Display Frame 4
367.2377 	EXP 	Display Frame 5
367.2710 	EXP 	Display Frame 6
367.3044 	EXP 	Display Frame 7
367.3377 	EXP 	Display Frame 8
367.3712 	EXP 	Display Frame 9
367.4044 	EXP 	Display Frame 0
367.4377 	EXP 	Display Frame 1
367.4710 	EXP 	Display Frame 2
367.5044 	EXP 	Display Frame 3
367.5377 	EXP 	Display Frame 4
367.5710 	EXP 	Display Frame 5
367.6044 	EXP 	Display Frame 6
367.6377 	EXP 	Display Frame 7
367.6710 	EXP 	Display Frame 8
367.7044 	EXP 	Display Frame 9
367.7377 	EXP 	Display Frame 0
367.7710 	EXP 	Display Frame 1
367.8044 	EXP 	Display Frame 2
367.8377 	EXP 	Display Frame 3
367.8710 	EXP 	Display Frame 4
367.9044 	EXP 	Display Frame 5
367.9377 	EXP 	Display Frame 6
367.9710 	EXP 	Display Frame 7
368.0044 	EXP 	Display Frame 8
368.0377 	EXP 	Display Frame 9
368.0710 	EXP 	Display Frame 0
368.1044 	EXP 	Display Frame 1
368.1377 	EXP 	Display Frame 2
368.1710 	EXP 	Display Frame 3
368.2043 	EXP 	Display Frame 4
368.2377 	EXP 	Display Frame 5
368.2710 	EXP 	Display Frame 6
368.3044 	EXP 	Display Frame 7
368.3377 	EXP 	Display Frame 8
368.3710 	EXP 	Display Frame 9
368.4044 	EXP 	Display Frame 0
368.4377 	EXP 	Display Frame 1
368.4710 	EXP 	Display Frame 2
368.5044 	EXP 	Display Frame 3
368.5377 	EXP 	Display Frame 4
368.5710 	EXP 	Display Frame 5
368.6044 	EXP 	Display Frame 6
368.6377 	EXP 	Display Frame 7
368.6710 	EXP 	Display Frame 8
368.7044 	EXP 	Display Frame 9
368.7377 	EXP 	Display Frame 0
368.7710 	EXP 	Display Frame 1
368.8044 	EXP 	Display Frame 2
368.8377 	EXP 	Display Frame 3
368.8710 	EXP 	Display Frame 4
368.9044 	EXP 	Display Frame 5
368.9377 	EXP 	Display Frame 6
368.9710 	EXP 	Display Frame 7
369.0044 	EXP 	Display Frame 8
369.0377 	EXP 	Display Frame 9
369.0710 	EXP 	Display Frame 0
369.1044 	EXP 	Display Frame 1
369.1377 	EXP 	Display Frame 2
369.1710 	EXP 	Display Frame 3
369.2044 	EXP 	Display Frame 4
369.2377 	EXP 	Display Frame 5
369.2710 	EXP 	Display Frame 6
369.3044 	EXP 	Display Frame 7
369.3377 	EXP 	Display Frame 8
369.3710 	EXP 	Display Frame 9
369.4044 	EXP 	Display Frame 0
369.4377 	EXP 	Display Frame 1
369.4710 	EXP 	Display Frame 2
369.5044 	EXP 	Display Frame 3
369.5377 	EXP 	Display Frame 4
369.5710 	EXP 	Display Frame 5
369.6043 	EXP 	Display Frame 6
369.6377 	EXP 	Display Frame 7
369.6710 	EXP 	Display Frame 8
369.7043 	EXP 	Display Frame 9
369.7377 	EXP 	Display Frame 0
369.7710 	EXP 	Display Frame 1
369.8044 	EXP 	Display Frame 2
369.8377 	EXP 	Display Frame 3
369.8710 	EXP 	Display Frame 4
369.9044 	EXP 	Display Frame 5
369.9377 	EXP 	Display Frame 6
369.9710 	EXP 	Display Frame 7
370.0044 	EXP 	Display Frame 8
370.0377 	EXP 	Display Frame 9
370.0710 	EXP 	Display Frame 0
370.1044 	EXP 	Display Frame 1
370.1377 	EXP 	Display Frame 2
370.1711 	EXP 	Display Frame 3
370.2043 	EXP 	Display Frame 4
370.2377 	EXP 	Display Frame 5
370.2710 	EXP 	Display Frame 6
370.3043 	EXP 	Display Frame 7
370.3377 	EXP 	Display Frame 8
370.3710 	EXP 	Display Frame 9
370.4044 	EXP 	Display Frame 0
370.4377 	EXP 	Display Frame 1
370.4710 	EXP 	Display Frame 2
370.5043 	EXP 	Display Frame 3
370.5377 	EXP 	Display Frame 4
370.5710 	EXP 	Display Frame 5
370.6044 	EXP 	Display Frame 6
370.6377 	EXP 	Display Frame 7
370.6710 	EXP 	Display Frame 8
370.7044 	EXP 	Display Frame 9
370.7377 	EXP 	Display Frame 0
370.7710 	EXP 	Display Frame 1
370.8043 	EXP 	Display Frame 2
370.8377 	EXP 	Display Frame 3
370.8710 	EXP 	Display Frame 4
370.9043 	EXP 	Display Frame 5
370.9378 	DATA 	Keypress: equal
370.9388 	EXP 	Display Frame 6
370.9710 	EXP 	Display Frame 7
371.0043 	EXP 	Display Frame 8
371.0377 	EXP 	Display Frame 9
371.0710 	EXP 	Display Frame 0
371.1043 	EXP 	Display Frame 1
371.1377 	EXP 	Display Frame 2
371.1710 	EXP 	Display Frame 3
371.2044 	EXP 	Display Frame 4
371.2377 	EXP 	Display Frame 5
371.2710 	EXP 	Display Frame 6
371.3043 	EXP 	Display Frame 7
371.3377 	EXP 	Display Frame 8
371.3713 	EXP 	Display Frame 9
371.4043 	EXP 	Display Frame 0
371.4377 	EXP 	Display Frame 1
371.4710 	EXP 	Display Frame 2
371.5044 	EXP 	Display Frame 3
371.5377 	EXP 	Display Frame 4
371.5710 	EXP 	Display Frame 5
371.6044 	EXP 	Display Frame 6
371.6377 	EXP 	Display Frame 7
371.6710 	EXP 	Display Frame 8
371.7043 	EXP 	Display Frame 9
371.7377 	EXP 	Display Frame 0
371.7710 	EXP 	Display Frame 1
371.8043 	EXP 	Display Frame 2
371.8377 	EXP 	Display Frame 3
371.8710 	EXP 	Display Frame 4
371.9044 	EXP 	Display Frame 5
371.9377 	EXP 	Display Frame 6
371.9711 	EXP 	Display Frame 7
372.0044 	EXP 	Display Frame 8
372.0377 	EXP 	Display Frame 9
372.0710 	EXP 	Display Frame 0
372.1044 	EXP 	Display Frame 1
372.1377 	EXP 	Display Frame 2
372.1710 	EXP 	Display Frame 3
372.2044 	EXP 	Display Frame 4
372.2377 	EXP 	Display Frame 5
372.2710 	EXP 	Display Frame 6
372.3043 	EXP 	Display Frame 7
372.3377 	EXP 	Display Frame 8
372.3710 	EXP 	Display Frame 9
372.4043 	EXP 	Display Frame 0
372.4377 	EXP 	Display Frame 1
372.4710 	EXP 	Display Frame 2
372.5043 	EXP 	Display Frame 3
372.5377 	EXP 	Display Frame 4
372.5710 	EXP 	Display Frame 5
372.6044 	EXP 	Display Frame 6
372.6377 	EXP 	Display Frame 7
372.6710 	EXP 	Display Frame 8
372.7044 	EXP 	Display Frame 9
372.7377 	EXP 	Display Frame 0
372.7710 	EXP 	Display Frame 1
372.8043 	EXP 	Display Frame 2
372.8377 	EXP 	Display Frame 3
372.8710 	EXP 	Display Frame 4
372.9043 	EXP 	Display Frame 5
372.9377 	EXP 	Display Frame 6
372.9710 	EXP 	Display Frame 7
373.0044 	EXP 	Display Frame 8
373.0377 	EXP 	Display Frame 9
373.0710 	EXP 	Display Frame 0
373.1044 	EXP 	Display Frame 1
373.1377 	EXP 	Display Frame 2
373.1710 	EXP 	Display Frame 3
373.2043 	EXP 	Display Frame 4
373.2377 	EXP 	Display Frame 5
373.2710 	EXP 	Display Frame 6
373.3044 	EXP 	Display Frame 7
373.3377 	EXP 	Display Frame 8
373.3710 	EXP 	Display Frame 9
373.4043 	EXP 	Display Frame 0
373.4377 	EXP 	Display Frame 1
373.4710 	EXP 	Display Frame 2
373.5044 	EXP 	Display Frame 3
373.5377 	EXP 	Display Frame 4
373.5710 	EXP 	Display Frame 5
373.6043 	EXP 	Display Frame 6
373.6377 	EXP 	Display Frame 7
373.6710 	EXP 	Display Frame 8
373.7044 	EXP 	Display Frame 9
373.7379 	EXP 	Display Frame 0
373.7711 	EXP 	Display Frame 1
373.8044 	EXP 	Display Frame 2
373.8377 	EXP 	Display Frame 3
373.8711 	EXP 	Display Frame 4
373.9044 	EXP 	Display Frame 5
373.9377 	EXP 	Display Frame 6
373.9710 	EXP 	Display Frame 7
374.0044 	EXP 	Display Frame 8
374.0377 	EXP 	Display Frame 9
374.0710 	EXP 	Display Frame 0
374.1043 	EXP 	Display Frame 1
374.1377 	EXP 	Display Frame 2
374.1710 	EXP 	Display Frame 3
374.2044 	EXP 	Display Frame 4
374.2377 	EXP 	Display Frame 5
374.2710 	EXP 	Display Frame 6
374.3044 	EXP 	Display Frame 7
374.3377 	EXP 	Display Frame 8
374.3710 	EXP 	Display Frame 9
374.4043 	EXP 	Display Frame 0
374.4377 	EXP 	Display Frame 1
374.4710 	EXP 	Display Frame 2
374.5044 	EXP 	Display Frame 3
374.5377 	EXP 	Display Frame 4
374.5710 	EXP 	Display Frame 5
374.6044 	EXP 	Display Frame 6
374.6377 	EXP 	Display Frame 7
374.6710 	EXP 	Display Frame 8
374.7043 	EXP 	Display Frame 9
374.7377 	EXP 	Display Frame 0
374.7710 	EXP 	Display Frame 1
374.8043 	EXP 	Display Frame 2
374.8377 	EXP 	Display Frame 3
374.8710 	EXP 	Display Frame 4
374.9043 	EXP 	Display Frame 5
374.9377 	EXP 	Display Frame 6
374.9710 	EXP 	Display Frame 7
375.0043 	EXP 	Display Frame 8
375.0377 	EXP 	Display Frame 9
375.0710 	EXP 	Display Frame 0
375.1044 	EXP 	Display Frame 1
375.1377 	EXP 	Display Frame 2
375.1710 	EXP 	Display Frame 3
375.2044 	EXP 	Display Frame 4
375.2377 	EXP 	Display Frame 5
375.2710 	EXP 	Display Frame 6
375.3043 	EXP 	Display Frame 7
375.3377 	EXP 	Display Frame 8
375.3710 	EXP 	Display Frame 9
375.4044 	EXP 	Display Frame 0
375.4377 	EXP 	Display Frame 1
375.4711 	EXP 	Display Frame 2
375.5044 	EXP 	Display Frame 3
375.5377 	EXP 	Display Frame 4
375.5710 	EXP 	Display Frame 5
375.6044 	EXP 	Display Frame 6
375.6377 	EXP 	Display Frame 7
375.6710 	EXP 	Display Frame 8
375.7043 	EXP 	Display Frame 9
375.7377 	EXP 	Display Frame 0
375.7710 	EXP 	Display Frame 1
375.8044 	EXP 	Display Frame 2
375.8377 	EXP 	Display Frame 3
375.8710 	EXP 	Display Frame 4
375.9044 	EXP 	Display Frame 5
375.9377 	EXP 	Display Frame 6
375.9711 	EXP 	Display Frame 7
376.0044 	EXP 	Display Frame 8
376.0377 	EXP 	Display Frame 9
376.0710 	EXP 	Display Frame 0
376.1044 	EXP 	Display Frame 1
376.1379 	DATA 	Keypress: equal
376.1389 	EXP 	Display Frame 2
376.1711 	EXP 	Display Frame 3
376.2043 	EXP 	Display Frame 4
376.2377 	EXP 	Display Frame 5
376.2713 	EXP 	Display Frame 6
376.3044 	EXP 	Display Frame 7
376.3377 	EXP 	Display Frame 8
376.3710 	EXP 	Display Frame 9
376.4044 	EXP 	Display Frame 0
376.4377 	EXP 	Display Frame 1
376.4710 	EXP 	Display Frame 2
376.5044 	EXP 	Display Frame 3
376.5377 	EXP 	Display Frame 4
376.5710 	EXP 	Display Frame 5
376.6043 	EXP 	Display Frame 6
376.6377 	EXP 	Display Frame 7
376.6711 	EXP 	Display Frame 8
376.7045 	EXP 	Display Frame 9
376.7377 	EXP 	Display Frame 0
376.7710 	EXP 	Display Frame 1
376.8043 	EXP 	Display Frame 2
376.8377 	EXP 	Display Frame 3
376.8710 	EXP 	Display Frame 4
376.9043 	EXP 	Display Frame 5
376.9377 	EXP 	Display Frame 6
376.9710 	EXP 	Display Frame 7
377.0044 	EXP 	Display Frame 8
377.0377 	EXP 	Display Frame 9
377.0710 	EXP 	Display Frame 0
377.1044 	EXP 	Display Frame 1
377.1377 	EXP 	Display Frame 2
377.1711 	EXP 	Display Frame 3
377.2043 	EXP 	Display Frame 4
377.2377 	EXP 	Display Frame 5
377.2710 	EXP 	Display Frame 6
377.3044 	EXP 	Display Frame 7
377.3377 	EXP 	Display Frame 8
377.3710 	EXP 	Display Frame 9
377.4043 	EXP 	Display Frame 0
377.4377 	EXP 	Display Frame 1
377.4710 	EXP 	Display Frame 2
377.5043 	EXP 	Display Frame 3
377.5377 	EXP 	Display Frame 4
377.5710 	EXP 	Display Frame 5
377.6044 	EXP 	Display Frame 6
377.6377 	EXP 	Display Frame 7
377.6710 	EXP 	Display Frame 8
377.7043 	EXP 	Display Frame 9
377.7377 	EXP 	Display Frame 0
377.7710 	EXP 	Display Frame 1
377.8043 	EXP 	Display Frame 2
377.8377 	EXP 	Display Frame 3
377.8710 	EXP 	Display Frame 4
377.9044 	EXP 	Display Frame 5
377.9377 	EXP 	Display Frame 6
377.9710 	EXP 	Display Frame 7
378.0044 	EXP 	Display Frame 8
378.0377 	EXP 	Display Frame 9
378.0710 	EXP 	Display Frame 0
378.1043 	EXP 	Display Frame 1
378.1377 	EXP 	Display Frame 2
378.1710 	EXP 	Display Frame 3
378.2044 	EXP 	Display Frame 4
378.2377 	EXP 	Display Frame 5
378.2710 	EXP 	Display Frame 6
378.3044 	EXP 	Display Frame 7
378.3377 	EXP 	Display Frame 8
378.3710 	EXP 	Display Frame 9
378.4043 	EXP 	Display Frame 0
378.4377 	EXP 	Display Frame 1
378.4710 	EXP 	Display Frame 2
378.5044 	EXP 	Display Frame 3
378.5377 	EXP 	Display Frame 4
378.5710 	EXP 	Display Frame 5
378.6044 	EXP 	Display Frame 6
378.6378 	EXP 	Display Frame 7
378.6713 	EXP 	Display Frame 8
378.7044 	EXP 	Display Frame 9
378.7377 	EXP 	Display Frame 0
378.7710 	EXP 	Display Frame 1
378.8043 	EXP 	Display Frame 2
378.8377 	EXP 	Display Frame 3
378.8710 	EXP 	Display Frame 4
378.9044 	EXP 	Display Frame 5
378.9377 	EXP 	Display Frame 6
378.9710 	EXP 	Display Frame 7
379.0043 	EXP 	Display Frame 8
379.0377 	EXP 	Display Frame 9
379.0710 	EXP 	Display Frame 0
379.1043 	EXP 	Display Frame 1
379.1377 	EXP 	Display Frame 2
379.1710 	EXP 	Display Frame 3
379.2044 	EXP 	Display Frame 4
379.2377 	EXP 	Display Frame 5
379.2710 	EXP 	Display Frame 6
379.3043 	EXP 	Display Frame 7
379.3377 	EXP 	Display Frame 8
379.3710 	EXP 	Display Frame 9
379.4044 	EXP 	Display Frame 0
379.4377 	EXP 	Display Frame 1
379.4710 	EXP 	Display Frame 2
379.5044 	EXP 	Display Frame 3
379.5377 	EXP 	Display Frame 4
379.5710 	EXP 	Display Frame 5
379.6043 	EXP 	Display Frame 6
379.6377 	EXP 	Display Frame 7
379.6710 	EXP 	Display Frame 8
379.7043 	EXP 	Display Frame 9
379.7377 	EXP 	Display Frame 0
379.7709 	EXP 	Display Frame 1
379.8044 	EXP 	Display Frame 2
379.8377 	EXP 	Display Frame 3
379.8710 	EXP 	Display Frame 4
379.9043 	EXP 	Display Frame 5
379.9377 	EXP 	Display Frame 6
379.9710 	EXP 	Display Frame 7
380.0043 	EXP 	Display Frame 8
380.0377 	EXP 	Display Frame 9
380.0711 	EXP 	Display Frame 0
380.1044 	EXP 	Display Frame 1
380.1377 	EXP 	Display Frame 2
380.1710 	EXP 	Display Frame 3
380.2044 	EXP 	Display Frame 4
380.2377 	EXP 	Display Frame 5
380.2710 	EXP 	Display Frame 6
380.3044 	EXP 	Display Frame 7
380.3377 	EXP 	Display Frame 8
380.3710 	EXP 	Display Frame 9
380.4044 	EXP 	Display Frame 0
380.4377 	EXP 	Display Frame 1
380.4710 	EXP 	Display Frame 2
380.5044 	EXP 	Display Frame 3
380.5377 	EXP 	Display Frame 4
380.5710 	EXP 	Display Frame 5
380.6043 	EXP 	Display Frame 6
380.6377 	EXP 	Display Frame 7
380.6710 	EXP 	Display Frame 8
380.7043 	EXP 	Display Frame 9
380.7377 	EXP 	Display Frame 0
380.7710 	EXP 	Display Frame 1
380.8044 	EXP 	Display Frame 2
380.8377 	EXP 	Display Frame 3
380.8710 	EXP 	Display Frame 4
380.9043 	EXP 	Display Frame 5
380.9377 	EXP 	Display Frame 6
380.9710 	EXP 	Display Frame 7
381.0044 	EXP 	Display Frame 8
381.0377 	EXP 	Display Frame 9
381.0710 	EXP 	Display Frame 0
381.1044 	EXP 	Display Frame 1
381.1377 	EXP 	Display Frame 2
381.1711 	EXP 	Display Frame 3
381.2046 	EXP 	Display Frame 4
381.2378 	EXP 	Display Frame 5
381.2710 	EXP 	Display Frame 6
381.3044 	EXP 	Display Frame 7
381.3378 	DATA 	Keypress: equal
381.3388 	EXP 	Display Frame 8
381.3710 	EXP 	Display Frame 9
381.4044 	EXP 	Display Frame 0
381.4377 	EXP 	Display Frame 1
381.4710 	EXP 	Display Frame 2
381.5044 	EXP 	Display Frame 3
381.5377 	EXP 	Display Frame 4
381.5710 	EXP 	Display Frame 5
381.6044 	EXP 	Display Frame 6
381.6377 	EXP 	Display Frame 7
381.6710 	EXP 	Display Frame 8
381.7044 	EXP 	Display Frame 9
381.7377 	EXP 	Display Frame 0
381.7710 	EXP 	Display Frame 1
381.8044 	EXP 	Display Frame 2
381.8377 	EXP 	Display Frame 3
381.8710 	EXP 	Display Frame 4
381.9044 	EXP 	Display Frame 5
381.9377 	EXP 	Display Frame 6
381.9710 	EXP 	Display Frame 7
382.0044 	EXP 	Display Frame 8
382.0378 	EXP 	Display Frame 9
382.0710 	EXP 	Display Frame 0
382.1043 	EXP 	Display Frame 1
382.1377 	EXP 	Display Frame 2
382.1710 	EXP 	Display Frame 3
382.2043 	EXP 	Display Frame 4
382.2377 	EXP 	Display Frame 5
382.2710 	EXP 	Display Frame 6
382.3044 	EXP 	Display Frame 7
382.3377 	EXP 	Display Frame 8
382.3710 	EXP 	Display Frame 9
382.4044 	EXP 	Display Frame 0
382.4377 	EXP 	Display Frame 1
382.4710 	EXP 	Display Frame 2
382.5044 	EXP 	Display Frame 3
382.5377 	EXP 	Display Frame 4
382.5710 	EXP 	Display Frame 5
382.6043 	EXP 	Display Frame 6
382.6377 	EXP 	Display Frame 7
382.6710 	EXP 	Display Frame 8
382.7044 	EXP 	Display Frame 9
382.7377 	EXP 	Display Frame 0
382.7710 	EXP 	Display Frame 1
382.8044 	EXP 	Display Frame 2
382.8377 	EXP 	Display Frame 3
382.8710 	EXP 	Display Frame 4
382.9044 	EXP 	Display Frame 5
382.9377 	EXP 	Display Frame 6
382.9710 	EXP 	Display Frame 7
383.0043 	EXP 	Display Frame 8
383.0377 	EXP 	Display Frame 9
383.0710 	EXP 	Display Frame 0
383.1044 	EXP 	Display Frame 1
383.1377 	EXP 	Display Frame 2
383.1710 	EXP 	Display Frame 3
383.2044 	EXP 	Display Frame 4
383.2377 	EXP 	Display Frame 5
383.2710 	EXP 	Display Frame 6
383.3044 	EXP 	Display Frame 7
383.3377 	EXP 	Display Frame 8
383.3710 	EXP 	Display Frame 9
383.4043 	EXP 	Display Frame 0
383.4377 	EXP 	Display Frame 1
383.4710 	EXP 	Display Frame 2
383.5044 	EXP 	Display Frame 3
383.5377 	EXP 	Display Frame 4
383.5710 	EXP 	Display Frame 5
383.6044 	EXP 	Display Frame 6
383.6377 	EXP 	Display Frame 7
383.6710 	EXP 	Display Frame 8
383.7043 	EXP 	Display Frame 9
383.7377 	EXP 	Display Frame 0
383.7710 	EXP 	Display Frame 1
383.8044 	EXP 	Display Frame 2
383.8377 	EXP 	Display Frame 3
383.8710 	EXP 	Display Frame 4
383.9043 	EXP 	Display Frame 5
383.9377 	EXP 	Display Frame 6
383.9710 	EXP 	Display Frame 7
384.0043 	EXP 	Display Frame 8
384.0377 	EXP 	Display Frame 9
384.0710 	EXP 	Display Frame 0
384.1044 	EXP 	Display Frame 1
384.1377 	EXP 	Display Frame 2
384.1710 	EXP 	Display Frame 3
384.2044 	EXP 	Display Frame 4
384.2377 	EXP 	Display Frame 5
384.2710 	EXP 	Display Frame 6
384.3043 	EXP 	Display Frame 7
384.3377 	EXP 	Display Frame 8
384.3710 	EXP 	Display Frame 9
384.4044 	EXP 	Display Frame 0
384.4377 	EXP 	Display Frame 1
384.4710 	EXP 	Display Frame 2
384.5044 	EXP 	Display Frame 3
384.5377 	EXP 	Display Frame 4
384.5710 	EXP 	Display Frame 5
384.6043 	EXP 	Display Frame 6
384.6377 	EXP 	Display Frame 7
384.6710 	EXP 	Display Frame 8
384.7044 	EXP 	Display Frame 9
384.7377 	EXP 	Display Frame 0
384.7710 	EXP 	Display Frame 1
384.8043 	EXP 	Display Frame 2
384.8377 	EXP 	Display Frame 3
384.8710 	EXP 	Display Frame 4
384.9044 	EXP 	Display Frame 5
384.9377 	EXP 	Display Frame 6
384.9710 	EXP 	Display Frame 7
385.0044 	EXP 	Display Frame 8
385.0377 	EXP 	Display Frame 9
385.0710 	EXP 	Display Frame 0
385.1044 	EXP 	Display Frame 1
385.1377 	EXP 	Display Frame 2
385.1711 	EXP 	Display Frame 3
385.2044 	EXP 	Display Frame 4
385.2377 	EXP 	Display Frame 5
385.2710 	EXP 	Display Frame 6
385.3110 	EXP 	Display Frame 7
385.3377 	EXP 	Display Frame 8
385.3710 	EXP 	Display Frame 9
385.4043 	EXP 	Display Frame 0
385.4377 	EXP 	Display Frame 1
385.4710 	EXP 	Display Frame 2
385.5044 	EXP 	Display Frame 3
385.5377 	EXP 	Display Frame 4
385.5710 	EXP 	Display Frame 5
385.6044 	EXP 	Display Frame 6
385.6377 	EXP 	Display Frame 7
385.6710 	EXP 	Display Frame 8
385.7043 	EXP 	Display Frame 9
385.7377 	EXP 	Display Frame 0
385.7710 	EXP 	Display Frame 1
385.8044 	EXP 	Display Frame 2
385.8377 	EXP 	Display Frame 3
385.8710 	EXP 	Display Frame 4
385.9044 	EXP 	Display Frame 5
385.9377 	EXP 	Display Frame 6
385.9710 	EXP 	Display Frame 7
386.0044 	EXP 	Display Frame 8
386.0377 	EXP 	Display Frame 9
386.0710 	EXP 	Display Frame 0
386.1044 	EXP 	Display Frame 1
386.1377 	EXP 	Display Frame 2
386.1710 	EXP 	Display Frame 3
386.2044 	EXP 	Display Frame 4
386.2377 	EXP 	Display Frame 5
386.2710 	EXP 	Display Frame 6
386.3043 	EXP 	Display Frame 7
386.3377 	EXP 	Display Frame 8
386.3711 	EXP 	Display Frame 9
386.4046 	EXP 	Display Frame 0
386.4377 	EXP 	Display Frame 1
386.4710 	EXP 	Display Frame 2
386.5044 	EXP 	Display Frame 3
386.5378 	DATA 	Keypress: equal
386.5388 	EXP 	Display Frame 4
386.5710 	EXP 	Display Frame 5
386.6044 	EXP 	Display Frame 6
386.6377 	EXP 	Display Frame 7
386.6710 	EXP 	Display Frame 8
386.7044 	EXP 	Display Frame 9
386.7377 	EXP 	Display Frame 0
386.7710 	EXP 	Display Frame 1
386.8044 	EXP 	Display Frame 2
386.8377 	EXP 	Display Frame 3
386.8710 	EXP 	Display Frame 4
386.9044 	EXP 	Display Frame 5
386.9377 	EXP 	Display Frame 6
386.9710 	EXP 	Display Frame 7
387.0043 	EXP 	Display Frame 8
387.0377 	EXP 	Display Frame 9
387.0710 	EXP 	Display Frame 0
387.1044 	EXP 	Display Frame 1
387.1377 	EXP 	Display Frame 2
387.1710 	EXP 	Display Frame 3
387.2044 	EXP 	Display Frame 4
387.2377 	EXP 	Display Frame 5
387.2710 	EXP 	Display Frame 6
387.3043 	EXP 	Display Frame 7
387.3378 	EXP 	Display Frame 8
387.3711 	EXP 	Display Frame 9
387.4043 	EXP 	Display Frame 0
387.4377 	EXP 	Display Frame 1
387.4710 	EXP 	Display Frame 2
387.5043 	EXP 	Display Frame 3
387.5377 	EXP 	Display Frame 4
387.5710 	EXP 	Display Frame 5
387.6043 	EXP 	Display Frame 6
387.6377 	EXP 	Display Frame 7
387.6710 	EXP 	Display Frame 8
387.7044 	EXP 	Display Frame 9
387.7377 	EXP 	Display Frame 0
387.7710 	EXP 	Display Frame 1
387.8043 	EXP 	Display Frame 2
387.8377 	EXP 	Display Frame 3
387.8710 	EXP 	Display Frame 4
387.9043 	EXP 	Display Frame 5
387.9377 	EXP 	Display Frame 6
387.9710 	EXP 	Display Frame 7
388.0044 	EXP 	Display Frame 8
388.0377 	EXP 	Display Frame 9
388.0710 	EXP 	Display Frame 0
388.1043 	EXP 	Display Frame 1
388.1377 	EXP 	Display Frame 2
388.1710 	EXP 	Display Frame 3
388.2044 	EXP 	Display Frame 4
388.2377 	EXP 	Display Frame 5
388.2710 	EXP 	Display Frame 6
388.3044 	EXP 	Display Frame 7
388.3377 	EXP 	Display Frame 8
388.3711 	EXP 	Display Frame 9
388.4044 	EXP 	Display Frame 0
388.4377 	EXP 	Display Frame 1
388.4710 	EXP 	Display Frame 2
388.5043 	EXP 	Display Frame 3
388.5377 	EXP 	Display Frame 4
388.5710 	EXP 	Display Frame 5
388.6044 	EXP 	Display Frame 6
388.6377 	EXP 	Display Frame 7
388.6710 	EXP 	Display Frame 8
388.7044 	EXP 	Display Frame 9
388.7377 	EXP 	Display Frame 0
388.7710 	EXP 	Display Frame 1
388.8044 	EXP 	Display Frame 2
388.8377 	EXP 	Display Frame 3
388.8710 	EXP 	Display Frame 4
388.9043 	EXP 	Display Frame 5
388.9377 	EXP 	Display Frame 6
388.9710 	EXP 	Display Frame 7
389.0043 	EXP 	Display Frame 8
389.0377 	EXP 	Display Frame 9
389.0710 	EXP 	Display Frame 0
389.1043 	EXP 	Display Frame 1
389.1377 	EXP 	Display Frame 2
389.1710 	EXP 	Display Frame 3
389.2044 	EXP 	Display Frame 4
389.2377 	EXP 	Display Frame 5
389.2710 	EXP 	Display Frame 6
389.3044 	EXP 	Display Frame 7
389.3377 	EXP 	Display Frame 8
389.3710 	EXP 	Display Frame 9
389.4043 	EXP 	Display Frame 0
389.4377 	EXP 	Display Frame 1
389.4710 	EXP 	Display Frame 2
389.5044 	EXP 	Display Frame 3
389.5377 	EXP 	Display Frame 4
389.5710 	EXP 	Display Frame 5
389.6044 	EXP 	Display Frame 6
389.6377 	EXP 	Display Frame 7
389.6710 	EXP 	Display Frame 8
389.7043 	EXP 	Display Frame 9
389.7377 	EXP 	Display Frame 0
389.7710 	EXP 	Display Frame 1
389.8043 	EXP 	Display Frame 2
389.8377 	EXP 	Display Frame 3
389.8710 	EXP 	Display Frame 4
389.9043 	EXP 	Display Frame 5
389.9377 	EXP 	Display Frame 6
389.9710 	EXP 	Display Frame 7
390.0044 	EXP 	Display Frame 8
390.0377 	EXP 	Display Frame 9
390.0710 	EXP 	Display Frame 0
390.1044 	EXP 	Display Frame 1
390.1377 	EXP 	Display Frame 2
390.1710 	EXP 	Display Frame 3
390.2044 	EXP 	Display Frame 4
390.2377 	EXP 	Display Frame 5
390.2710 	EXP 	Display Frame 6
390.3043 	EXP 	Display Frame 7
390.3377 	EXP 	Display Frame 8
390.3710 	EXP 	Display Frame 9
390.4043 	EXP 	Display Frame 0
390.4377 	EXP 	Display Frame 1
390.4710 	EXP 	Display Frame 2
390.5044 	EXP 	Display Frame 3
390.5377 	EXP 	Display Frame 4
390.5710 	EXP 	Display Frame 5
390.6043 	EXP 	Display Frame 6
390.6377 	EXP 	Display Frame 7
390.6710 	EXP 	Display Frame 8
390.7044 	EXP 	Display Frame 9
390.7377 	EXP 	Display Frame 0
390.7709 	EXP 	Display Frame 1
390.8044 	EXP 	Display Frame 2
390.8377 	EXP 	Display Frame 3
390.8710 	EXP 	Display Frame 4
390.9044 	EXP 	Display Frame 5
390.9377 	EXP 	Display Frame 6
390.9710 	EXP 	Display Frame 7
391.0044 	EXP 	Display Frame 8
391.0377 	EXP 	Display Frame 9
391.0710 	EXP 	Display Frame 0
391.1044 	EXP 	Display Frame 1
391.1377 	EXP 	Display Frame 2
391.1710 	EXP 	Display Frame 3
391.2044 	EXP 	Display Frame 4
391.2377 	EXP 	Display Frame 5
391.2710 	EXP 	Display Frame 6
391.3044 	EXP 	Display Frame 7
391.3377 	EXP 	Display Frame 8
391.3710 	EXP 	Display Frame 9
391.4044 	EXP 	Display Frame 0
391.4377 	EXP 	Display Frame 1
391.4710 	EXP 	Display Frame 2
391.5044 	EXP 	Display Frame 3
391.5377 	EXP 	Display Frame 4
391.5711 	EXP 	Display Frame 5
391.6044 	EXP 	Display Frame 6
391.6377 	EXP 	Display Frame 7
391.6710 	EXP 	Display Frame 8
391.7044 	EXP 	Display Frame 9
391.7052 	DATA 	Keypress: equal
391.7377 	EXP 	Display Frame 0
391.7710 	EXP 	Display Frame 1
391.8043 	EXP 	Display Frame 2
391.8377 	EXP 	Display Frame 3
391.8710 	EXP 	Display Frame 4
391.9044 	EXP 	Display Frame 5
391.9377 	EXP 	Display Frame 6
391.9710 	EXP 	Display Frame 7
392.0044 	EXP 	Display Frame 8
392.0377 	EXP 	Display Frame 9
392.0710 	EXP 	Display Frame 0
392.1043 	EXP 	Display Frame 1
392.1377 	EXP 	Display Frame 2
392.1710 	EXP 	Display Frame 3
392.2044 	EXP 	Display Frame 4
392.2377 	EXP 	Display Frame 5
392.2710 	EXP 	Display Frame 6
392.3044 	EXP 	Display Frame 7
392.3377 	EXP 	Display Frame 8
392.3711 	EXP 	Display Frame 9
392.4043 	EXP 	Display Frame 0
392.4377 	EXP 	Display Frame 1
392.4710 	EXP 	Display Frame 2
392.5044 	EXP 	Display Frame 3
392.5377 	EXP 	Display Frame 4
392.5710 	EXP 	Display Frame 5
392.6043 	EXP 	Display Frame 6
392.6377 	EXP 	Display Frame 7
392.6711 	EXP 	Display Frame 8
392.7046 	EXP 	Display Frame 9
392.7377 	EXP 	Display Frame 0
392.7712 	EXP 	Display Frame 1
392.8044 	EXP 	Display Frame 2
392.8377 	EXP 	Display Frame 3
392.8711 	EXP 	Display Frame 4
392.9044 	EXP 	Display Frame 5
392.9377 	EXP 	Display Frame 6
392.9710 	EXP 	Display Frame 7
393.0044 	EXP 	Display Frame 8
393.0377 	EXP 	Display Frame 9
393.0710 	EXP 	Display Frame 0
393.1044 	EXP 	Display Frame 1
393.1377 	EXP 	Display Frame 2
393.1710 	EXP 	Display Frame 3
393.2043 	EXP 	Display Frame 4
393.2377 	EXP 	Display Frame 5
393.2710 	EXP 	Display Frame 6
393.3044 	EXP 	Display Frame 7
393.3377 	EXP 	Display Frame 8
393.3710 	EXP 	Display Frame 9
393.4044 	EXP 	Display Frame 0
393.4377 	EXP 	Display Frame 1
393.4710 	EXP 	Display Frame 2
393.5043 	EXP 	Display Frame 3
393.5377 	EXP 	Display Frame 4
393.5710 	EXP 	Display Frame 5
393.6043 	EXP 	Display Frame 6
393.6377 	EXP 	Display Frame 7
393.6710 	EXP 	Display Frame 8
393.7044 	EXP 	Display Frame 9
393.7377 	EXP 	Display Frame 0
393.7710 	EXP 	Display Frame 1
393.8044 	EXP 	Display Frame 2
393.8377 	EXP 	Display Frame 3
393.8710 	EXP 	Display Frame 4
393.9044 	EXP 	Display Frame 5
393.9377 	EXP 	Display Frame 6
393.9710 	EXP 	Display Frame 7
394.0044 	EXP 	Display Frame 8
394.0377 	EXP 	Display Frame 9
394.0710 	EXP 	Display Frame 0
394.1043 	EXP 	Display Frame 1
394.1377 	EXP 	Display Frame 2
394.1710 	EXP 	Display Frame 3
394.2044 	EXP 	Display Frame 4
394.2377 	EXP 	Display Frame 5
394.2710 	EXP 	Display Frame 6
394.3044 	EXP 	Display Frame 7
394.3377 	EXP 	Display Frame 8
394.3710 	EXP 	Display Frame 9
394.4043 	EXP 	Display Frame 0
394.4377 	EXP 	Display Frame 1
394.4710 	EXP 	Display Frame 2
394.5043 	EXP 	Display Frame 3
394.5377 	EXP 	Display Frame 4
394.5710 	EXP 	Display Frame 5
394.6044 	EXP 	Display Frame 6
394.6377 	EXP 	Display Frame 7
394.6710 	EXP 	Display Frame 8
394.7044 	EXP 	Display Frame 9
394.7377 	EXP 	Display Frame 0
394.7710 	EXP 	Display Frame 1
394.8043 	EXP 	Display Frame 2
394.8377 	EXP 	Display Frame 3
394.8710 	EXP 	Display Frame 4
394.9044 	EXP 	Display Frame 5
394.9377 	EXP 	Display Frame 6
394.9710 	EXP 	Display Frame 7
395.0043 	EXP 	Display Frame 8
395.0377 	EXP 	Display Frame 9
395.0710 	EXP 	Display Frame 0
395.1044 	EXP 	Display Frame 1
395.1377 	EXP 	Display Frame 2
395.1710 	EXP 	Display Frame 3
395.2044 	EXP 	Display Frame 4
395.2377 	EXP 	Display Frame 5
395.2710 	EXP 	Display Frame 6
395.3043 	EXP 	Display Frame 7
395.3377 	EXP 	Display Frame 8
395.3710 	EXP 	Display Frame 9
395.4043 	EXP 	Display Frame 0
395.4377 	EXP 	Display Frame 1
395.4710 	EXP 	Display Frame 2
395.5044 	EXP 	Display Frame 3
395.5377 	EXP 	Display Frame 4
395.5710 	EXP 	Display Frame 5
395.6044 	EXP 	Display Frame 6
395.6377 	EXP 	Display Frame 7
395.6711 	EXP 	Display Frame 8
395.7044 	EXP 	Display Frame 9
395.7377 	EXP 	Display Frame 0
395.7710 	EXP 	Display Frame 1
395.8044 	EXP 	Display Frame 2
395.8377 	EXP 	Display Frame 3
395.8710 	EXP 	Display Frame 4
395.9046 	EXP 	Display Frame 5
395.9379 	EXP 	Display Frame 6
395.9712 	EXP 	Display Frame 7
396.0044 	EXP 	Display Frame 8
396.0377 	EXP 	Display Frame 9
396.0710 	EXP 	Display Frame 0
396.1044 	EXP 	Display Frame 1
396.1377 	EXP 	Display Frame 2
396.1751 	EXP 	Display Frame 3
396.2044 	EXP 	Display Frame 4
396.2377 	EXP 	Display Frame 5
396.2710 	EXP 	Display Frame 6
396.3044 	EXP 	Display Frame 7
396.3377 	EXP 	Display Frame 8
396.3710 	EXP 	Display Frame 9
396.4044 	EXP 	Display Frame 0
396.4377 	EXP 	Display Frame 1
396.4710 	EXP 	Display Frame 2
396.5043 	EXP 	Display Frame 3
396.5377 	EXP 	Display Frame 4
396.5711 	EXP 	Display Frame 5
396.6043 	EXP 	Display Frame 6
396.6377 	EXP 	Display Frame 7
396.6710 	EXP 	Display Frame 8
396.7044 	EXP 	Display Frame 9
396.7377 	EXP 	Display Frame 0
396.7710 	EXP 	Display Frame 1
396.8044 	EXP 	Display Frame 2
396.8377 	EXP 	Display Frame 3
396.8710 	EXP 	Display Frame 4
396.9045 	DATA 	Keypress: equal
396.9055 	EXP 	Display Frame 5
396.9160 	EXP 	Display Fixation
402.0920 	DATA 	Keypress: equal
407.2861 	DATA 	Keypress: equal
412.4790 	DATA 	Keypress: equal
417.6732 	DATA 	Keypress: equal
422.8662 	DATA 	Keypress: equal
428.0602 	DATA 	Keypress: equal
428.0946 	EXP 	Display Frame 1
428.1279 	EXP 	Display Frame 2
428.1612 	EXP 	Display Frame 3
428.1945 	EXP 	Display Frame 4
428.2279 	EXP 	Display Frame 5
428.2611 	EXP 	Display Frame 6
428.2946 	EXP 	Display Frame 7
428.3279 	EXP 	Display Frame 8
428.3612 	EXP 	Display Frame 9
428.3945 	EXP 	Display Frame 0
428.4278 	EXP 	Display Frame 1
428.4611 	EXP 	Display Frame 2
428.4945 	EXP 	Display Frame 3
428.5278 	EXP 	Display Frame 4
428.5611 	EXP 	Display Frame 5
428.5945 	EXP 	Display Frame 6
428.6278 	EXP 	Display Frame 7
428.6612 	EXP 	Display Frame 8
428.6945 	EXP 	Display Frame 9
428.7278 	EXP 	Display Frame 0
428.7611 	EXP 	Display Frame 1
428.7945 	EXP 	Display Frame 2
428.8278 	EXP 	Display Frame 3
428.8611 	EXP 	Display Frame 4
428.8945 	EXP 	Display Frame 5
428.9278 	EXP 	Display Frame 6
428.9611 	EXP 	Display Frame 7
428.9944 	EXP 	Display Frame 8
429.0278 	EXP 	Display Frame 9
429.0611 	EXP 	Display Frame 0
429.0944 	EXP 	Display Frame 1
429.1278 	EXP 	Display Frame 2
429.1611 	EXP 	Display Frame 3
429.1945 	EXP 	Display Frame 4
429.2278 	EXP 	Display Frame 5
429.2611 	EXP 	Display Frame 6
429.2945 	EXP 	Display Frame 7
429.3278 	EXP 	Display Frame 8
429.3611 	EXP 	Display Frame 9
429.3945 	EXP 	Display Frame 0
429.4278 	EXP 	Display Frame 1
429.4611 	EXP 	Display Frame 2
429.4945 	EXP 	Display Frame 3
429.5278 	EXP 	Display Frame 4
429.5611 	EXP 	Display Frame 5
429.5945 	EXP 	Display Frame 6
429.6278 	EXP 	Display Frame 7
429.6611 	EXP 	Display Frame 8
429.6945 	EXP 	Display Frame 9
429.7278 	EXP 	Display Frame 0
429.7611 	EXP 	Display Frame 1
429.7945 	EXP 	Display Frame 2
429.8278 	EXP 	Display Frame 3
429.8611 	EXP 	Display Frame 4
429.8944 	EXP 	Display Frame 5
429.9278 	EXP 	Display Frame 6
429.9611 	EXP 	Display Frame 7
429.9946 	EXP 	Display Frame 8
430.0278 	EXP 	Display Frame 9
430.0611 	EXP 	Display Frame 0
430.0944 	EXP 	Display Frame 1
430.1278 	EXP 	Display Frame 2
430.1611 	EXP 	Display Frame 3
430.1944 	EXP 	Display Frame 4
430.2278 	EXP 	Display Frame 5
430.2611 	EXP 	Display Frame 6
430.2944 	EXP 	Display Frame 7
430.3278 	EXP 	Display Frame 8
430.3611 	EXP 	Display Frame 9
430.3944 	EXP 	Display Frame 0
430.4278 	EXP 	Display Frame 1
430.4611 	EXP 	Display Frame 2
430.4944 	EXP 	Display Frame 3
430.5278 	EXP 	Display Frame 4
430.5611 	EXP 	Display Frame 5
430.5944 	EXP 	Display Frame 6
430.6278 	EXP 	Display Frame 7
430.6611 	EXP 	Display Frame 8
430.6945 	EXP 	Display Frame 9
430.7278 	EXP 	Display Frame 0
430.7611 	EXP 	Display Frame 1
430.7945 	EXP 	Display Frame 2
430.8281 	EXP 	Display Frame 3
430.8611 	EXP 	Display Frame 4
430.8945 	EXP 	Display Frame 5
430.9278 	EXP 	Display Frame 6
430.9611 	EXP 	Display Frame 7
430.9945 	EXP 	Display Frame 8
431.0278 	EXP 	Display Frame 9
431.0611 	EXP 	Display Frame 0
431.0945 	EXP 	Display Frame 1
431.1278 	EXP 	Display Frame 2
431.1611 	EXP 	Display Frame 3
431.1945 	EXP 	Display Frame 4
431.2278 	EXP 	Display Frame 5
431.2611 	EXP 	Display Frame 6
431.2944 	EXP 	Display Frame 7
431.3278 	EXP 	Display Frame 8
431.3611 	EXP 	Display Frame 9
431.3944 	EXP 	Display Frame 0
431.4278 	EXP 	Display Frame 1
431.4611 	EXP 	Display Frame 2
431.4945 	EXP 	Display Frame 3
431.5278 	EXP 	Display Frame 4
431.5612 	EXP 	Display Frame 5
431.5945 	EXP 	Display Frame 6
431.6278 	EXP 	Display Frame 7
431.6611 	EXP 	Display Frame 8
431.6945 	EXP 	Display Frame 9
431.7278 	EXP 	Display Frame 0
431.7611 	EXP 	Display Frame 1
431.7945 	EXP 	Display Frame 2
431.8278 	EXP 	Display Frame 3
431.8611 	EXP 	Display Frame 4
431.8945 	EXP 	Display Frame 5
431.9278 	EXP 	Display Frame 6
431.9611 	EXP 	Display Frame 7
431.9944 	EXP 	Display Frame 8
432.0278 	EXP 	Display Frame 9
432.0611 	EXP 	Display Frame 0
432.0944 	EXP 	Display Frame 1
432.1278 	EXP 	Display Frame 2
432.1611 	EXP 	Display Frame 3
432.1944 	EXP 	Display Frame 4
432.2278 	EXP 	Display Frame 5
432.2611 	EXP 	Display Frame 6
432.2944 	EXP 	Display Frame 7
432.3278 	EXP 	Display Frame 8
432.3611 	EXP 	Display Frame 9
432.3945 	EXP 	Display Frame 0
432.4278 	EXP 	Display Frame 1
432.4611 	EXP 	Display Frame 2
432.4945 	EXP 	Display Frame 3
432.5278 	EXP 	Display Frame 4
432.5611 	EXP 	Display Frame 5
432.5944 	EXP 	Display Frame 6
432.6278 	EXP 	Display Frame 7
432.6611 	EXP 	Display Frame 8
432.6945 	EXP 	Display Frame 9
432.7278 	EXP 	Display Frame 0
432.7611 	EXP 	Display Frame 1
432.7944 	EXP 	Display Frame 2
432.8278 	EXP 	Display Frame 3
432.8612 	EXP 	Display Frame 4
432.8945 	EXP 	Display Frame 5
432.9279 	EXP 	Display Frame 6
432.9612 	EXP 	Display Frame 7
432.9945 	EXP 	Display Frame 8
433.0278 	EXP 	Display Frame 9
433.0611 	EXP 	Display Frame 0
433.0944 	EXP 	Display Frame 1
433.1278 	EXP 	Display Frame 2
433.1611 	EXP 	Display Frame 3
433.1944 	EXP 	Display Frame 4
433.2278 	EXP 	Display Frame 5
433.2613 	DATA 	Keypress: equal
433.2623 	EXP 	Display Frame 6
433.2945 	EXP 	Display Frame 7
433.3278 	EXP 	Display Frame 8
433.3611 	EXP 	Display Frame 9
433.3944 	EXP 	Display Frame 0
433.4278 	EXP 	Display Frame 1
433.4611 	EXP 	Display Frame 2
433.4944 	EXP 	Display Frame 3
433.5278 	EXP 	Display Frame 4
433.5611 	EXP 	Display Frame 5
433.5944 	EXP 	Display Frame 6
433.6277 	EXP 	Display Frame 7
433.6611 	EXP 	Display Frame 8
433.6945 	EXP 	Display Frame 9
433.7278 	EXP 	Display Frame 0
433.7611 	EXP 	Display Frame 1
433.7944 	EXP 	Display Frame 2
433.8278 	EXP 	Display Frame 3
433.8611 	EXP 	Display Frame 4
433.8945 	EXP 	Display Frame 5
433.9278 	EXP 	Display Frame 6
433.9611 	EXP 	Display Frame 7
433.9944 	EXP 	Display Frame 8
434.0278 	EXP 	Display Frame 9
434.0611 	EXP 	Display Frame 0
434.0944 	EXP 	Display Frame 1
434.1278 	EXP 	Display Frame 2
434.1611 	EXP 	Display Frame 3
434.1945 	EXP 	Display Frame 4
434.2278 	EXP 	Display Frame 5
434.2611 	EXP 	Display Frame 6
434.2945 	EXP 	Display Frame 7
434.3278 	EXP 	Display Frame 8
434.3611 	EXP 	Display Frame 9
434.3944 	EXP 	Display Frame 0
434.4278 	EXP 	Display Frame 1
434.4611 	EXP 	Display Frame 2
434.4945 	EXP 	Display Frame 3
434.5278 	EXP 	Display Frame 4
434.5611 	EXP 	Display Frame 5
434.5945 	EXP 	Display Frame 6
434.6278 	EXP 	Display Frame 7
434.6611 	EXP 	Display Frame 8
434.6944 	EXP 	Display Frame 9
434.7278 	EXP 	Display Frame 0
434.7611 	EXP 	Display Frame 1
434.7944 	EXP 	Display Frame 2
434.8278 	EXP 	Display Frame 3
434.8611 	EXP 	Display Frame 4
434.8945 	EXP 	Display Frame 5
434.9278 	EXP 	Display Frame 6
434.9611 	EXP 	Display Frame 7
434.9945 	EXP 	Display Frame 8
435.0278 	EXP 	Display Frame 9
435.0611 	EXP 	Display Frame 0
435.0944 	EXP 	Display Frame 1
435.1278 	EXP 	Display Frame 2
435.1611 	EXP 	Display Frame 3
435.1945 	EXP 	Display Frame 4
435.2278 	EXP 	Display Frame 5
435.2611 	EXP 	Display Frame 6
435.2945 	EXP 	Display Frame 7
435.3279 	EXP 	Display Frame 8
435.3612 	EXP 	Display Frame 9
435.3944 	EXP 	Display Frame 0
435.4278 	EXP 	Display Frame 1
435.4611 	EXP 	Display Frame 2
435.4945 	EXP 	Display Frame 3
435.5278 	EXP 	Display Frame 4
435.5611 	EXP 	Display Frame 5
435.5944 	EXP 	Display Frame 6
435.6278 	EXP 	Display Frame 7
435.6611 	EXP 	Display Frame 8
435.6945 	EXP 	Display Frame 9
435.7278 	EXP 	Display Frame 0
435.7611 	EXP 	Display Frame 1
435.7944 	EXP 	Display Frame 2
435.8278 	EXP 	Display Frame 3
435.8611 	EXP 	Display Frame 4
435.8945 	EXP 	Display Frame 5
435.9278 	EXP 	Display Frame 6
435.9612 	EXP 	Display Frame 7
435.9945 	EXP 	Display Frame 8
436.0278 	EXP 	Display Frame 9
436.0611 	EXP 	Display Frame 0
436.0944 	EXP 	Display Frame 1
436.1278 	EXP 	Display Frame 2
436.1611 	EXP 	Display Frame 3
436.1944 	EXP 	Display Frame 4
436.2278 	EXP 	Display Frame 5
436.2611 	EXP 	Display Frame 6
436.2944 	EXP 	Display Frame 7
436.3278 	EXP 	Display Frame 8
436.3611 	EXP 	Display Frame 9
436.3945 	EXP 	Display Frame 0
436.4278 	EXP 	Display Frame 1
436.4611 	EXP 	Display Frame 2
436.4945 	EXP 	Display Frame 3
436.5278 	EXP 	Display Frame 4
436.5611 	EXP 	Display Frame 5
436.5946 	EXP 	Display Frame 6
436.6278 	EXP 	Display Frame 7
436.6611 	EXP 	Display Frame 8
436.6945 	EXP 	Display Frame 9
436.7278 	EXP 	Display Frame 0
436.7611 	EXP 	Display Frame 1
436.7945 	EXP 	Display Frame 2
436.8278 	EXP 	Display Frame 3
436.8611 	EXP 	Display Frame 4
436.8945 	EXP 	Display Frame 5
436.9278 	EXP 	Display Frame 6
436.9611 	EXP 	Display Frame 7
436.9944 	EXP 	Display Frame 8
437.0278 	EXP 	Display Frame 9
437.0611 	EXP 	Display Frame 0
437.0944 	EXP 	Display Frame 1
437.1278 	EXP 	Display Frame 2
437.1611 	EXP 	Display Frame 3
437.1944 	EXP 	Display Frame 4
437.2278 	EXP 	Display Frame 5
437.2611 	EXP 	Display Frame 6
437.2945 	EXP 	Display Frame 7
437.3278 	EXP 	Display Frame 8
437.3611 	EXP 	Display Frame 9
437.3945 	EXP 	Display Frame 0
437.4278 	EXP 	Display Frame 1
437.4611 	EXP 	Display Frame 2
437.4944 	EXP 	Display Frame 3
437.5278 	EXP 	Display Frame 4
437.5611 	EXP 	Display Frame 5
437.5944 	EXP 	Display Frame 6
437.6278 	EXP 	Display Frame 7
437.6611 	EXP 	Display Frame 8
437.6945 	EXP 	Display Frame 9
437.7278 	EXP 	Display Frame 0
437.7611 	EXP 	Display Frame 1
437.7945 	EXP 	Display Frame 2
437.8278 	EXP 	Display Frame 3
437.8611 	EXP 	Display Frame 4
437.8944 	EXP 	Display Frame 5
437.9278 	EXP 	Display Frame 6
437.9611 	EXP 	Display Frame 7
437.9945 	EXP 	Display Frame 8
438.0278 	EXP 	Display Frame 9
438.0611 	EXP 	Display Frame 0
438.0944 	EXP 	Display Frame 1
438.1278 	EXP 	Display Frame 2
438.1611 	EXP 	Display Frame 3
438.1944 	EXP 	Display Frame 4
438.2278 	EXP 	Display Frame 5
438.2611 	EXP 	Display Frame 6
438.2945 	EXP 	Display Frame 7
438.3278 	EXP 	Display Frame 8
438.3611 	EXP 	Display Frame 9
438.3944 	EXP 	Display Frame 0
438.4278 	EXP 	Display Frame 1
438.4612 	DATA 	Keypress: equal
438.4623 	EXP 	Display Frame 2
438.4944 	EXP 	Display Frame 3
438.5278 	EXP 	Display Frame 4
438.5611 	EXP 	Display Frame 5
438.5945 	EXP 	Display Frame 6
438.6278 	EXP 	Display Frame 7
438.6611 	EXP 	Display Frame 8
438.6945 	EXP 	Display Frame 9
438.7279 	EXP 	Display Frame 0
438.7613 	EXP 	Display Frame 1
438.7945 	EXP 	Display Frame 2
438.8278 	EXP 	Display Frame 3
438.8611 	EXP 	Display Frame 4
438.8945 	EXP 	Display Frame 5
438.9278 	EXP 	Display Frame 6
438.9611 	EXP 	Display Frame 7
438.9945 	EXP 	Display Frame 8
439.0278 	EXP 	Display Frame 9
439.0611 	EXP 	Display Frame 0
439.0944 	EXP 	Display Frame 1
439.1278 	EXP 	Display Frame 2
439.1611 	EXP 	Display Frame 3
439.1945 	EXP 	Display Frame 4
439.2278 	EXP 	Display Frame 5
439.2611 	EXP 	Display Frame 6
439.2944 	EXP 	Display Frame 7
439.3278 	EXP 	Display Frame 8
439.3611 	EXP 	Display Frame 9
439.3944 	EXP 	Display Frame 0
439.4278 	EXP 	Display Frame 1
439.4611 	EXP 	Display Frame 2
439.4945 	EXP 	Display Frame 3
439.5278 	EXP 	Display Frame 4
439.5611 	EXP 	Display Frame 5
439.5944 	EXP 	Display Frame 6
439.6278 	EXP 	Display Frame 7
439.6611 	EXP 	Display Frame 8
439.6945 	EXP 	Display Frame 9
439.7278 	EXP 	Display Frame 0
439.7611 	EXP 	Display Frame 1
439.7945 	EXP 	Display Frame 2
439.8278 	EXP 	Display Frame 3
439.8611 	EXP 	Display Frame 4
439.8945 	EXP 	Display Frame 5
439.9278 	EXP 	Display Frame 6
439.9611 	EXP 	Display Frame 7
439.9945 	EXP 	Display Frame 8
440.0278 	EXP 	Display Frame 9
440.0611 	EXP 	Display Frame 0
440.0944 	EXP 	Display Frame 1
440.1278 	EXP 	Display Frame 2
440.1611 	EXP 	Display Frame 3
440.1945 	EXP 	Display Frame 4
440.2278 	EXP 	Display Frame 5
440.2611 	EXP 	Display Frame 6
440.2944 	EXP 	Display Frame 7
440.3278 	EXP 	Display Frame 8
440.3611 	EXP 	Display Frame 9
440.3945 	EXP 	Display Frame 0
440.4278 	EXP 	Display Frame 1
440.4611 	EXP 	Display Frame 2
440.4945 	EXP 	Display Frame 3
440.5278 	EXP 	Display Frame 4
440.5611 	EXP 	Display Frame 5
440.5944 	EXP 	Display Frame 6
440.6278 	EXP 	Display Frame 7
440.6612 	EXP 	Display Frame 8
440.6945 	EXP 	Display Frame 9
440.7278 	EXP 	Display Frame 0
440.7611 	EXP 	Display Frame 1
440.7945 	EXP 	Display Frame 2
440.8278 	EXP 	Display Frame 3
440.8611 	EXP 	Display Frame 4
440.8945 	EXP 	Display Frame 5
440.9278 	EXP 	Display Frame 6
440.9611 	EXP 	Display Frame 7
440.9944 	EXP 	Display Frame 8
441.0278 	EXP 	Display Frame 9
441.0611 	EXP 	Display Frame 0
441.0944 	EXP 	Display Frame 1
441.1278 	EXP 	Display Frame 2
441.1611 	EXP 	Display Frame 3
441.1945 	EXP 	Display Frame 4
441.2278 	EXP 	Display Frame 5
441.2611 	EXP 	Display Frame 6
441.2944 	EXP 	Display Frame 7
441.3278 	EXP 	Display Frame 8
441.3611 	EXP 	Display Frame 9
441.3945 	EXP 	Display Frame 0
441.4278 	EXP 	Display Frame 1
441.4611 	EXP 	Display Frame 2
441.4945 	EXP 	Display Frame 3
441.5278 	EXP 	Display Frame 4
441.5611 	EXP 	Display Frame 5
441.5944 	EXP 	Display Frame 6
441.6278 	EXP 	Display Frame 7
441.6611 	EXP 	Display Frame 8
441.6945 	EXP 	Display Frame 9
441.7278 	EXP 	Display Frame 0
441.7611 	EXP 	Display Frame 1
441.7945 	EXP 	Display Frame 2
441.8278 	EXP 	Display Frame 3
441.8611 	EXP 	Display Frame 4
441.8944 	EXP 	Display Frame 5
441.9278 	EXP 	Display Frame 6
441.9611 	EXP 	Display Frame 7
441.9944 	EXP 	Display Frame 8
442.0278 	EXP 	Display Frame 9
442.0611 	EXP 	Display Frame 0
442.0944 	EXP 	Display Frame 1
442.1278 	EXP 	Display Frame 2
442.1611 	EXP 	Display Frame 3
442.1945 	EXP 	Display Frame 4
442.2278 	EXP 	Display Frame 5
442.2611 	EXP 	Display Frame 6
442.2945 	EXP 	Display Frame 7
442.3278 	EXP 	Display Frame 8
442.3611 	EXP 	Display Frame 9
442.3945 	EXP 	Display Frame 0
442.4278 	EXP 	Display Frame 1
442.4611 	EXP 	Display Frame 2
442.4944 	EXP 	Display Frame 3
442.5278 	EXP 	Display Frame 4
442.5611 	EXP 	Display Frame 5
442.5944 	EXP 	Display Frame 6
442.6278 	EXP 	Display Frame 7
442.6611 	EXP 	Display Frame 8
442.6945 	EXP 	Display Frame 9
442.7278 	EXP 	Display Frame 0
442.7611 	EXP 	Display Frame 1
442.7944 	EXP 	Display Frame 2
442.8278 	EXP 	Display Frame 3
442.8611 	EXP 	Display Frame 4
442.8945 	EXP 	Display Frame 5
442.9278 	EXP 	Display Frame 6
442.9613 	EXP 	Display Frame 7
442.9945 	EXP 	Display Frame 8
443.0278 	EXP 	Display Frame 9
443.0612 	EXP 	Display Frame 0
443.0945 	EXP 	Display Frame 1
443.1278 	EXP 	Display Frame 2
443.1611 	EXP 	Display Frame 3
443.1945 	EXP 	Display Frame 4
443.2278 	EXP 	Display Frame 5
443.2611 	EXP 	Display Frame 6
443.2945 	EXP 	Display Frame 7
443.3278 	EXP 	Display Frame 8
443.3611 	EXP 	Display Frame 9
443.3944 	EXP 	Display Frame 0
443.4278 	EXP 	Display Frame 1
443.4611 	EXP 	Display Frame 2
443.4945 	EXP 	Display Frame 3
443.5278 	EXP 	Display Frame 4
443.5611 	EXP 	Display Frame 5
443.5945 	EXP 	Display Frame 6
443.6278 	EXP 	Display Frame 7
443.6612 	DATA 	Keypress: equal
443.6623 	EXP 	Display Frame 8
443.6944 	EXP 	Display Frame 9
443.7278 	EXP 	Display Frame 0
443.7611 	EXP 	Display Frame 1
443.7945 	EXP 	Display Frame 2
443.8278 	EXP 	Display Frame 3
443.8611 	EXP 	Display Frame 4
443.8945 	EXP 	Display Frame 5
443.9278 	EXP 	Display Frame 6
443.9611 	EXP 	Display Frame 7
443.9945 	EXP 	Display Frame 8
444.0278 	EXP 	Display Frame 9
444.0611 	EXP 	Display Frame 0
444.0944 	EXP 	Display Frame 1
444.1278 	EXP 	Display Frame 2
444.1611 	EXP 	Display Frame 3
444.1945 	EXP 	Display Frame 4
444.2278 	EXP 	Display Frame 5
444.2611 	EXP 	Display Frame 6
444.2944 	EXP 	Display Frame 7
444.3278 	EXP 	Display Frame 8
444.3611 	EXP 	Display Frame 9
444.3945 	EXP 	Display Frame 0
444.4278 	EXP 	Display Frame 1
444.4611 	EXP 	Display Frame 2
444.4944 	EXP 	Display Frame 3
444.5278 	EXP 	Display Frame 4
444.5611 	EXP 	Display Frame 5
444.5945 	EXP 	Display Frame 6
444.6278 	EXP 	Display Frame 7
444.6611 	EXP 	Display Frame 8
444.6945 	EXP 	Display Frame 9
444.7278 	EXP 	Display Frame 0
444.7611 	EXP 	Display Frame 1
444.7945 	EXP 	Display Frame 2
444.8278 	EXP 	Display Frame 3
444.8611 	EXP 	Display Frame 4
444.8944 	EXP 	Display Frame 5
444.9277 	EXP 	Display Frame 6
444.9611 	EXP 	Display Frame 7
444.9945 	EXP 	Display Frame 8
445.0278 	EXP 	Display Frame 9
445.0611 	EXP 	Display Frame 0
445.0944 	EXP 	Display Frame 1
445.1278 	EXP 	Display Frame 2
445.1611 	EXP 	Display Frame 3
445.1945 	EXP 	Display Frame 4
445.2278 	EXP 	Display Frame 5
445.2611 	EXP 	Display Frame 6
445.2944 	EXP 	Display Frame 7
445.3278 	EXP 	Display Frame 8
445.3611 	EXP 	Display Frame 9
445.3945 	EXP 	Display Frame 0
445.4278 	EXP 	Display Frame 1
445.4611 	EXP 	Display Frame 2
445.4945 	EXP 	Display Frame 3
445.5278 	EXP 	Display Frame 4
445.5611 	EXP 	Display Frame 5
445.5944 	EXP 	Display Frame 6
445.6278 	EXP 	Display Frame 7
445.6611 	EXP 	Display Frame 8
445.6944 	EXP 	Display Frame 9
445.7278 	EXP 	Display Frame 0
445.7611 	EXP 	Display Frame 1
445.7945 	EXP 	Display Frame 2
445.8278 	EXP 	Display Frame 3
445.8611 	EXP 	Display Frame 4
445.8944 	EXP 	Display Frame 5
445.9278 	EXP 	Display Frame 6
445.9612 	EXP 	Display Frame 7
445.9945 	EXP 	Display Frame 8
446.0278 	EXP 	Display Frame 9
446.0611 	EXP 	Display Frame 0
446.0944 	EXP 	Display Frame 1
446.1278 	EXP 	Display Frame 2
446.1611 	EXP 	Display Frame 3
446.1944 	EXP 	Display Frame 4
446.2278 	EXP 	Display Frame 5
446.2611 	EXP 	Display Frame 6
446.2944 	EXP 	Display Frame 7
446.3278 	EXP 	Display Frame 8
446.3611 	EXP 	Display Frame 9
446.3944 	EXP 	Display Frame 0
446.4278 	EXP 	Display Frame 1
446.4611 	EXP 	Display Frame 2
446.4945 	EXP 	Display Frame 3
446.5278 	EXP 	Display Frame 4
446.5611 	EXP 	Display Frame 5
446.5944 	EXP 	Display Frame 6
446.6278 	EXP 	Display Frame 7
446.6611 	EXP 	Display Frame 8
446.6945 	EXP 	Display Frame 9
446.7278 	EXP 	Display Frame 0
446.7611 	EXP 	Display Frame 1
446.7945 	EXP 	Display Frame 2
446.8278 	EXP 	Display Frame 3
446.8611 	EXP 	Display Frame 4
446.8944 	EXP 	Display Frame 5
446.9278 	EXP 	Display Frame 6
446.9611 	EXP 	Display Frame 7
446.9945 	EXP 	Display Frame 8
447.0278 	EXP 	Display Frame 9
447.0611 	EXP 	Display Frame 0
447.0944 	EXP 	Display Frame 1
447.1278 	EXP 	Display Frame 2
447.1611 	EXP 	Display Frame 3
447.1944 	EXP 	Display Frame 4
447.2278 	EXP 	Display Frame 5
447.2611 	EXP 	Display Frame 6
447.2944 	EXP 	Display Frame 7
447.3278 	EXP 	Display Frame 8
447.3611 	EXP 	Display Frame 9
447.3945 	EXP 	Display Frame 0
447.4278 	EXP 	Display Frame 1
447.4611 	EXP 	Display Frame 2
447.4945 	EXP 	Display Frame 3
447.5278 	EXP 	Display Frame 4
447.5611 	EXP 	Display Frame 5
447.5945 	EXP 	Display Frame 6
447.6278 	EXP 	Display Frame 7
447.6611 	EXP 	Display Frame 8
447.6945 	EXP 	Display Frame 9
447.7278 	EXP 	Display Frame 0
447.7611 	EXP 	Display Frame 1
447.7944 	EXP 	Display Frame 2
447.8278 	EXP 	Display Frame 3
447.8611 	EXP 	Display Frame 4
447.8944 	EXP 	Display Frame 5
447.9278 	EXP 	Display Frame 6
447.9611 	EXP 	Display Frame 7
447.9944 	EXP 	Display Frame 8
448.0278 	EXP 	Display Frame 9
448.0611 	EXP 	Display Frame 0
448.0944 	EXP 	Display Frame 1
448.1278 	EXP 	Display Frame 2
448.1611 	EXP 	Display Frame 3
448.1944 	EXP 	Display Frame 4
448.2278 	EXP 	Display Frame 5
448.2611 	EXP 	Display Frame 6
448.2945 	EXP 	Display Frame 7
448.3278 	EXP 	Display Frame 8
448.3611 	EXP 	Display Frame 9
448.3945 	EXP 	Display Frame 0
448.4278 	EXP 	Display Frame 1
448.4611 	EXP 	Display Frame 2
448.4945 	EXP 	Display Frame 3
448.5278 	EXP 	Display Frame 4
448.5611 	EXP 	Display Frame 5
448.5945 	EXP 	Display Frame 6
448.6278 	EXP 	Display Frame 7
448.6611 	EXP 	Display Frame 8
448.6945 	EXP 	Display Frame 9
448.7278 	EXP 	Display Frame 0
448.7611 	EXP 	Display Frame 1
448.7944 	EXP 	Display Frame 2
448.8278 	EXP 	Display Frame 3
448.8612 	DATA 	Keypress: equal
448.8623 	EXP 	Display Frame 4
448.8944 	EXP 	Display Frame 5
448.9278 	EXP 	Display Frame 6
448.9611 	EXP 	Display Frame 7
448.9945 	EXP 	Display Frame 8
449.0278 	EXP 	Display Frame 9
449.0611 	EXP 	Display Frame 0
449.0944 	EXP 	Display Frame 1
449.1278 	EXP 	Display Frame 2
449.1611 	EXP 	Display Frame 3
449.1944 	EXP 	Display Frame 4
449.2278 	EXP 	Display Frame 5
449.2611 	EXP 	Display Frame 6
449.2947 	EXP 	Display Frame 7
449.3278 	EXP 	Display Frame 8
449.3612 	EXP 	Display Frame 9
449.3944 	EXP 	Display Frame 0
449.4278 	EXP 	Display Frame 1
449.4612 	EXP 	Display Frame 2
449.4944 	EXP 	Display Frame 3
449.5278 	EXP 	Display Frame 4
449.5611 	EXP 	Display Frame 5
449.5944 	EXP 	Display Frame 6
449.6278 	EXP 	Display Frame 7
449.6611 	EXP 	Display Frame 8
449.6944 	EXP 	Display Frame 9
449.7278 	EXP 	Display Frame 0
449.7611 	EXP 	Display Frame 1
449.7944 	EXP 	Display Frame 2
449.8278 	EXP 	Display Frame 3
449.8611 	EXP 	Display Frame 4
449.8945 	EXP 	Display Frame 5
449.9278 	EXP 	Display Frame 6
449.9611 	EXP 	Display Frame 7
449.9944 	EXP 	Display Frame 8
450.0278 	EXP 	Display Frame 9
450.0611 	EXP 	Display Frame 0
450.0944 	EXP 	Display Frame 1
450.1278 	EXP 	Display Frame 2
450.1611 	EXP 	Display Frame 3
450.1944 	EXP 	Display Frame 4
450.2278 	EXP 	Display Frame 5
450.2611 	EXP 	Display Frame 6
450.2945 	EXP 	Display Frame 7
450.3278 	EXP 	Display Frame 8
450.3611 	EXP 	Display Frame 9
450.3945 	EXP 	Display Frame 0
450.4278 	EXP 	Display Frame 1
450.4611 	EXP 	Display Frame 2
450.4945 	EXP 	Display Frame 3
450.5278 	EXP 	Display Frame 4
450.5611 	EXP 	Display Frame 5
450.5945 	EXP 	Display Frame 6
450.6278 	EXP 	Display Frame 7
450.6611 	EXP 	Display Frame 8
450.6944 	EXP 	Display Frame 9
450.7278 	EXP 	Display Frame 0
450.7611 	EXP 	Display Frame 1
450.7944 	EXP 	Display Frame 2
450.8278 	EXP 	Display Frame 3
450.8611 	EXP 	Display Frame 4
450.8945 	EXP 	Display Frame 5
450.9278 	EXP 	Display Frame 6
450.9611 	EXP 	Display Frame 7
450.9944 	EXP 	Display Frame 8
451.0278 	EXP 	Display Frame 9
451.0611 	EXP 	Display Frame 0
451.0944 	EXP 	Display Frame 1
451.1278 	EXP 	Display Frame 2
451.1611 	EXP 	Display Frame 3
451.1945 	EXP 	Display Frame 4
451.2278 	EXP 	Display Frame 5
451.2611 	EXP 	Display Frame 6
451.2945 	EXP 	Display Frame 7
451.3280 	EXP 	Display Frame 8
451.3611 	EXP 	Display Frame 9
451.3944 	EXP 	Display Frame 0
451.4278 	EXP 	Display Frame 1
451.4611 	EXP 	Display Frame 2
451.4945 	EXP 	Display Frame 3
451.5278 	EXP 	Display Frame 4
451.5611 	EXP 	Display Frame 5
451.5944 	EXP 	Display Frame 6
451.6278 	EXP 	Display Frame 7
451.6611 	EXP 	Display Frame 8
451.6944 	EXP 	Display Frame 9
451.7278 	EXP 	Display Frame 0
451.7611 	EXP 	Display Frame 1
451.7945 	EXP 	Display Frame 2
451.8278 	EXP 	Display Frame 3
451.8611 	EXP 	Display Frame 4
451.8944 	EXP 	Display Frame 5
451.9278 	EXP 	Display Frame 6
451.9611 	EXP 	Display Frame 7
451.9944 	EXP 	Display Frame 8
452.0278 	EXP 	Display Frame 9
452.0611 	EXP 	Display Frame 0
452.0944 	EXP 	Display Frame 1
452.1278 	EXP 	Display Frame 2
452.1611 	EXP 	Display Frame 3
452.1944 	EXP 	Display Frame 4
452.2278 	EXP 	Display Frame 5
452.2611 	EXP 	Display Frame 6
452.2944 	EXP 	Display Frame 7
452.3278 	EXP 	Display Frame 8
452.3611 	EXP 	Display Frame 9
452.3944 	EXP 	Display Frame 0
452.4278 	EXP 	Display Frame 1
452.4611 	EXP 	Display Frame 2
452.4944 	EXP 	Display Frame 3
452.5278 	EXP 	Display Frame 4
452.5611 	EXP 	Display Frame 5
452.5944 	EXP 	Display Frame 6
452.6278 	EXP 	Display Frame 7
452.6611 	EXP 	Display Frame 8
452.6944 	EXP 	Display Frame 9
452.7278 	EXP 	Display Frame 0
452.7611 	EXP 	Display Frame 1
452.7944 	EXP 	Display Frame 2
452.8278 	EXP 	Display Frame 3
452.8611 	EXP 	Display Frame 4
452.8945 	EXP 	Display Frame 5
452.9278 	EXP 	Display Frame 6
452.9611 	EXP 	Display Frame 7
452.9945 	EXP 	Display Frame 8
453.0278 	EXP 	Display Frame 9
453.0611 	EXP 	Display Frame 0
453.0944 	EXP 	Display Frame 1
453.1278 	EXP 	Display Frame 2
453.1611 	EXP 	Display Frame 3
453.1944 	EXP 	Display Frame 4
453.2278 	EXP 	Display Frame 5
453.2611 	EXP 	Display Frame 6
453.2945 	EXP 	Display Frame 7
453.3278 	EXP 	Display Frame 8
453.3611 	EXP 	Display Frame 9
453.3944 	EXP 	Display Frame 0
453.4278 	EXP 	Display Frame 1
453.4611 	EXP 	Display Frame 2
453.4944 	EXP 	Display Frame 3
453.5278 	EXP 	Display Frame 4
453.5611 	EXP 	Display Frame 5
453.5945 	EXP 	Display Frame 6
453.6278 	EXP 	Display Frame 7
453.6611 	EXP 	Display Frame 8
453.6944 	EXP 	Display Frame 9
453.7278 	EXP 	Display Frame 0
453.7611 	EXP 	Display Frame 1
453.7944 	EXP 	Display Frame 2
453.8278 	EXP 	Display Frame 3
453.8611 	EXP 	Display Frame 4
453.8945 	EXP 	Display Frame 5
453.9278 	EXP 	Display Frame 6
453.9611 	EXP 	Display Frame 7
453.9945 	EXP 	Display Frame 8
454.0278 	EXP 	Display Frame 9
454.0285 	DATA 	Keypress: equal
454.0611 	EXP 	Display Frame 0
454.0944 	EXP 	Display Frame 1
454.1278 	EXP 	Display Frame 2
454.1611 	EXP 	Display Frame 3
454.1945 	EXP 	Display Frame 4
454.2278 	EXP 	Display Frame 5
454.2611 	EXP 	Display Frame 6
454.2945 	EXP 	Display Frame 7
454.3278 	EXP 	Display Frame 8
454.3611 	EXP 	Display Frame 9
454.3945 	EXP 	Display Frame 0
454.4278 	EXP 	Display Frame 1
454.4611 	EXP 	Display Frame 2
454.4945 	EXP 	Display Frame 3
454.5278 	EXP 	Display Frame 4
454.5611 	EXP 	Display Frame 5
454.5944 	EXP 	Display Frame 6
454.6278 	EXP 	Display Frame 7
454.6611 	EXP 	Display Frame 8
454.6944 	EXP 	Display Frame 9
454.7278 	EXP 	Display Frame 0
454.7611 	EXP 	Display Frame 1
454.7945 	EXP 	Display Frame 2
454.8278 	EXP 	Display Frame 3
454.8611 	EXP 	Display Frame 4
454.8945 	EXP 	Display Frame 5
454.9278 	EXP 	Display Frame 6
454.9611 	EXP 	Display Frame 7
454.9944 	EXP 	Display Frame 8
455.0278 	EXP 	Display Frame 9
455.0611 	EXP 	Display Frame 0
455.0944 	EXP 	Display Frame 1
455.1278 	EXP 	Display Frame 2
455.1611 	EXP 	Display Frame 3
455.1945 	EXP 	Display Frame 4
455.2278 	EXP 	Display Frame 5
455.2611 	EXP 	Display Frame 6
455.2945 	EXP 	Display Frame 7
455.3278 	EXP 	Display Frame 8
455.3611 	EXP 	Display Frame 9
455.3945 	EXP 	Display Frame 0
455.4278 	EXP 	Display Frame 1
455.4611 	EXP 	Display Frame 2
455.4945 	EXP 	Display Frame 3
455.5278 	EXP 	Display Frame 4
455.5612 	EXP 	Display Frame 5
455.5944 	EXP 	Display Frame 6
455.6280 	EXP 	Display Frame 7
455.6611 	EXP 	Display Frame 8
455.6945 	EXP 	Display Frame 9
455.7278 	EXP 	Display Frame 0
455.7611 	EXP 	Display Frame 1
455.7945 	EXP 	Display Frame 2
455.8278 	EXP 	Display Frame 3
455.8611 	EXP 	Display Frame 4
455.8948 	EXP 	Display Frame 5
455.9281 	EXP 	Display Frame 6
455.9612 	EXP 	Display Frame 7
455.9945 	EXP 	Display Frame 8
456.0278 	EXP 	Display Frame 9
456.0611 	EXP 	Display Frame 0
456.0944 	EXP 	Display Frame 1
456.1278 	EXP 	Display Frame 2
456.1611 	EXP 	Display Frame 3
456.1944 	EXP 	Display Frame 4
456.2278 	EXP 	Display Frame 5
456.2748 	EXP 	Display Frame 6
456.2944 	EXP 	Display Frame 7
456.3278 	EXP 	Display Frame 8
456.3611 	EXP 	Display Frame 9
456.3945 	EXP 	Display Frame 0
456.4278 	EXP 	Display Frame 1
456.4611 	EXP 	Display Frame 2
456.4945 	EXP 	Display Frame 3
456.5278 	EXP 	Display Frame 4
456.5612 	EXP 	Display Frame 5
456.5944 	EXP 	Display Frame 6
456.6279 	EXP 	Display Frame 7
456.6612 	EXP 	Display Frame 8
456.6945 	EXP 	Display Frame 9
456.7278 	EXP 	Display Frame 0
456.7611 	EXP 	Display Frame 1
456.7945 	EXP 	Display Frame 2
456.8278 	EXP 	Display Frame 3
456.8611 	EXP 	Display Frame 4
456.8945 	EXP 	Display Frame 5
456.9278 	EXP 	Display Frame 6
456.9611 	EXP 	Display Frame 7
456.9945 	EXP 	Display Frame 8
457.0278 	EXP 	Display Frame 9
457.0611 	EXP 	Display Frame 0
457.0944 	EXP 	Display Frame 1
457.1278 	EXP 	Display Frame 2
457.1611 	EXP 	Display Frame 3
457.1944 	EXP 	Display Frame 4
457.2278 	EXP 	Display Frame 5
457.2611 	EXP 	Display Frame 6
457.2945 	EXP 	Display Frame 7
457.3278 	EXP 	Display Frame 8
457.3611 	EXP 	Display Frame 9
457.3944 	EXP 	Display Frame 0
457.4278 	EXP 	Display Frame 1
457.4611 	EXP 	Display Frame 2
457.4945 	EXP 	Display Frame 3
457.5278 	EXP 	Display Frame 4
457.5611 	EXP 	Display Frame 5
457.5945 	EXP 	Display Frame 6
457.6278 	EXP 	Display Frame 7
457.6611 	EXP 	Display Frame 8
457.6945 	EXP 	Display Frame 9
457.7278 	EXP 	Display Frame 0
457.7611 	EXP 	Display Frame 1
457.7945 	EXP 	Display Frame 2
457.8278 	EXP 	Display Frame 3
457.8611 	EXP 	Display Frame 4
457.8945 	EXP 	Display Frame 5
457.9278 	EXP 	Display Frame 6
457.9611 	EXP 	Display Frame 7
457.9944 	EXP 	Display Frame 8
458.0278 	EXP 	Display Frame 9
458.0611 	EXP 	Display Frame 0
458.0944 	EXP 	Display Frame 1
458.1278 	EXP 	Display Frame 2
458.1611 	EXP 	Display Frame 3
458.1945 	EXP 	Display Frame 4
458.2278 	EXP 	Display Frame 5
458.2611 	EXP 	Display Frame 6
458.2944 	EXP 	Display Frame 7
458.3278 	EXP 	Display Frame 8
458.3611 	EXP 	Display Frame 9
458.3945 	EXP 	Display Frame 0
458.4278 	EXP 	Display Frame 1
458.4611 	EXP 	Display Frame 2
458.4945 	EXP 	Display Frame 3
458.5278 	EXP 	Display Frame 4
458.5611 	EXP 	Display Frame 5
458.5945 	EXP 	Display Frame 6
458.6278 	EXP 	Display Frame 7
458.6611 	EXP 	Display Frame 8
458.6945 	EXP 	Display Frame 9
458.7278 	EXP 	Display Frame 0
458.7611 	EXP 	Display Frame 1
458.7945 	EXP 	Display Frame 2
458.8278 	EXP 	Display Frame 3
458.8611 	EXP 	Display Frame 4
458.8944 	EXP 	Display Frame 5
458.9278 	EXP 	Display Frame 6
458.9611 	EXP 	Display Frame 7
458.9945 	EXP 	Display Frame 8
459.0278 	EXP 	Display Frame 9
459.0612 	EXP 	Display Frame 0
459.0944 	EXP 	Display Frame 1
459.1278 	EXP 	Display Frame 2
459.1611 	EXP 	Display Frame 3
459.1945 	EXP 	Display Frame 4
459.2279 	DATA 	Keypress: equal
459.2290 	EXP 	Display Frame 5
459.2331 	EXP 	Display Fixation
464.4154 	DATA 	Keypress: equal
469.6083 	DATA 	Keypress: equal
474.8025 	DATA 	Keypress: equal
479.9967 	DATA 	Keypress: equal
485.1897 	DATA 	Keypress: equal
490.3836 	DATA 	Keypress: equal
490.4180 	EXP 	Display Frame 1
490.4512 	EXP 	Display Frame 2
490.4846 	EXP 	Display Frame 3
490.5179 	EXP 	Display Frame 4
490.5513 	EXP 	Display Frame 5
490.5846 	EXP 	Display Frame 6
490.6180 	EXP 	Display Frame 7
490.6513 	EXP 	Display Frame 8
490.6846 	EXP 	Display Frame 9
490.7180 	EXP 	Display Frame 0
490.7513 	EXP 	Display Frame 1
490.7846 	EXP 	Display Frame 2
490.8179 	EXP 	Display Frame 3
490.8513 	EXP 	Display Frame 4
490.8846 	EXP 	Display Frame 5
490.9179 	EXP 	Display Frame 6
490.9512 	EXP 	Display Frame 7
490.9845 	EXP 	Display Frame 8
491.0179 	EXP 	Display Frame 9
491.0513 	EXP 	Display Frame 0
491.0846 	EXP 	Display Frame 1
491.1179 	EXP 	Display Frame 2
491.1512 	EXP 	Display Frame 3
491.1846 	EXP 	Display Frame 4
491.2179 	EXP 	Display Frame 5
491.2512 	EXP 	Display Frame 6
491.2846 	EXP 	Display Frame 7
491.3179 	EXP 	Display Frame 8
491.3512 	EXP 	Display Frame 9
491.3846 	EXP 	Display Frame 0
491.4178 	EXP 	Display Frame 1
491.4512 	EXP 	Display Frame 2
491.4845 	EXP 	Display Frame 3
491.5179 	EXP 	Display Frame 4
491.5512 	EXP 	Display Frame 5
491.5846 	EXP 	Display Frame 6
491.6179 	EXP 	Display Frame 7
491.6512 	EXP 	Display Frame 8
491.6846 	EXP 	Display Frame 9
491.7179 	EXP 	Display Frame 0
491.7512 	EXP 	Display Frame 1
491.7845 	EXP 	Display Frame 2
491.8179 	EXP 	Display Frame 3
491.8512 	EXP 	Display Frame 4
491.8845 	EXP 	Display Frame 5
491.9179 	EXP 	Display Frame 6
491.9512 	EXP 	Display Frame 7
491.9846 	EXP 	Display Frame 8
492.0179 	EXP 	Display Frame 9
492.0512 	EXP 	Display Frame 0
492.0845 	EXP 	Display Frame 1
492.1179 	EXP 	Display Frame 2
492.1512 	EXP 	Display Frame 3
492.1846 	EXP 	Display Frame 4
492.2179 	EXP 	Display Frame 5
492.2512 	EXP 	Display Frame 6
492.2846 	EXP 	Display Frame 7
492.3179 	EXP 	Display Frame 8
492.3512 	EXP 	Display Frame 9
492.3846 	EXP 	Display Frame 0
492.4178 	EXP 	Display Frame 1
492.4512 	EXP 	Display Frame 2
492.4846 	EXP 	Display Frame 3
492.5179 	EXP 	Display Frame 4
492.5512 	EXP 	Display Frame 5
492.5845 	EXP 	Display Frame 6
492.6179 	EXP 	Display Frame 7
492.6512 	EXP 	Display Frame 8
492.6845 	EXP 	Display Frame 9
492.7179 	EXP 	Display Frame 0
492.7512 	EXP 	Display Frame 1
492.7846 	EXP 	Display Frame 2
492.8179 	EXP 	Display Frame 3
492.8512 	EXP 	Display Frame 4
492.8846 	EXP 	Display Frame 5
492.9179 	EXP 	Display Frame 6
492.9512 	EXP 	Display Frame 7
492.9845 	EXP 	Display Frame 8
493.0179 	EXP 	Display Frame 9
493.0512 	EXP 	Display Frame 0
493.0845 	EXP 	Display Frame 1
493.1179 	EXP 	Display Frame 2
493.1512 	EXP 	Display Frame 3
493.1845 	EXP 	Display Frame 4
493.2179 	EXP 	Display Frame 5
493.2512 	EXP 	Display Frame 6
493.2845 	EXP 	Display Frame 7
493.3179 	EXP 	Display Frame 8
493.3512 	EXP 	Display Frame 9
493.3846 	EXP 	Display Frame 0
493.4178 	EXP 	Display Frame 1
493.4512 	EXP 	Display Frame 2
493.4845 	EXP 	Display Frame 3
493.5179 	EXP 	Display Frame 4
493.5512 	EXP 	Display Frame 5
493.5846 	EXP 	Display Frame 6
493.6179 	EXP 	Display Frame 7
493.6512 	EXP 	Display Frame 8
493.6846 	EXP 	Display Frame 9
493.7181 	EXP 	Display Frame 0
493.7513 	EXP 	Display Frame 1
493.7846 	EXP 	Display Frame 2
493.8179 	EXP 	Display Frame 3
493.8512 	EXP 	Display Frame 4
493.8846 	EXP 	Display Frame 5
493.9179 	EXP 	Display Frame 6
493.9514 	EXP 	Display Frame 7
493.9846 	EXP 	Display Frame 8
494.0179 	EXP 	Display Frame 9
494.0512 	EXP 	Display Frame 0
494.0845 	EXP 	Display Frame 1
494.1179 	EXP 	Display Frame 2
494.1512 	EXP 	Display Frame 3
494.1846 	EXP 	Display Frame 4
494.2179 	EXP 	Display Frame 5
494.2512 	EXP 	Display Frame 6
494.2846 	EXP 	Display Frame 7
494.3179 	EXP 	Display Frame 8
494.3512 	EXP 	Display Frame 9
494.3846 	EXP 	Display Frame 0
494.4178 	EXP 	Display Frame 1
494.4512 	EXP 	Display Frame 2
494.4846 	EXP 	Display Frame 3
494.5179 	EXP 	Display Frame 4
494.5512 	EXP 	Display Frame 5
494.5845 	EXP 	Display Frame 6
494.6179 	EXP 	Display Frame 7
494.6512 	EXP 	Display Frame 8
494.6845 	EXP 	Display Frame 9
494.7179 	EXP 	Display Frame 0
494.7512 	EXP 	Display Frame 1
494.7846 	EXP 	Display Frame 2
494.8179 	EXP 	Display Frame 3
494.8512 	EXP 	Display Frame 4
494.8846 	EXP 	Display Frame 5
494.9179 	EXP 	Display Frame 6
494.9512 	EXP 	Display Frame 7
494.9845 	EXP 	Display Frame 8
495.0179 	EXP 	Display Frame 9
495.0512 	EXP 	Display Frame 0
495.0845 	EXP 	Display Frame 1
495.1179 	EXP 	Display Frame 2
495.1512 	EXP 	Display Frame 3
495.1846 	EXP 	Display Frame 4
495.2179 	EXP 	Display Frame 5
495.2512 	EXP 	Display Frame 6
495.2845 	EXP 	Display Frame 7
495.3179 	EXP 	Display Frame 8
495.3512 	EXP 	Display Frame 9
495.3846 	EXP 	Display Frame 0
495.4178 	EXP 	Display Frame 1
495.4512 	EXP 	Display Frame 2
495.4845 	EXP 	Display Frame 3
495.5178 	EXP 	Display Frame 4
495.5512 	EXP 	Display Frame 5
495.5847 	DATA 	Keypress: equal
495.5857 	EXP 	Display Frame 6
495.6179 	EXP 	Display Frame 7
495.6512 	EXP 	Display Frame 8
495.6846 	EXP 	Display Frame 9
495.7179 	EXP 	Display Frame 0
495.7512 	EXP 	Display Frame 1
495.7845 	EXP 	Display Frame 2
495.8179 	EXP 	Display Frame 3
495.8512 	EXP 	Display Frame 4
495.8846 	EXP 	Display Frame 5
495.9179 	EXP 	Display Frame 6
495.9512 	EXP 	Display Frame 7
495.9845 	EXP 	Display Frame 8
496.0179 	EXP 	Display Frame 9
496.0512 	EXP 	Display Frame 0
496.0845 	EXP 	Display Frame 1
496.1179 	EXP 	Display Frame 2
496.1512 	EXP 	Display Frame 3
496.1845 	EXP 	Display Frame 4
496.2179 	EXP 	Display Frame 5
496.2512 	EXP 	Display Frame 6
496.2846 	EXP 	Display Frame 7
496.3179 	EXP 	Display Frame 8
496.3512 	EXP 	Display Frame 9
496.3846 	EXP 	Display Frame 0
496.4178 	EXP 	Display Frame 1
496.4512 	EXP 	Display Frame 2
496.4846 	EXP 	Display Frame 3
496.5179 	EXP 	Display Frame 4
496.5512 	EXP 	Display Frame 5
496.5846 	EXP 	Display Frame 6
496.6179 	EXP 	Display Frame 7
496.6512 	EXP 	Display Frame 8
496.6846 	EXP 	Display Frame 9
496.7179 	EXP 	Display Frame 0
496.7512 	EXP 	Display Frame 1
496.7846 	EXP 	Display Frame 2
496.8179 	EXP 	Display Frame 3
496.8512 	EXP 	Display Frame 4
496.8846 	EXP 	Display Frame 5
496.9179 	EXP 	Display Frame 6
496.9512 	EXP 	Display Frame 7
496.9845 	EXP 	Display Frame 8
497.0179 	EXP 	Display Frame 9
497.0512 	EXP 	Display Frame 0
497.0845 	EXP 	Display Frame 1
497.1179 	EXP 	Display Frame 2
497.1512 	EXP 	Display Frame 3
497.1846 	EXP 	Display Frame 4
497.2179 	EXP 	Display Frame 5
497.2512 	EXP 	Display Frame 6
497.2846 	EXP 	Display Frame 7
497.3179 	EXP 	Display Frame 8
497.3512 	EXP 	Display Frame 9
497.3846 	EXP 	Display Frame 0
497.4178 	EXP 	Display Frame 1
497.4512 	EXP 	Display Frame 2
497.4846 	EXP 	Display Frame 3
497.5179 	EXP 	Display Frame 4
497.5512 	EXP 	Display Frame 5
497.5845 	EXP 	Display Frame 6
497.6179 	EXP 	Display Frame 7
497.6512 	EXP 	Display Frame 8
497.6846 	EXP 	Display Frame 9
497.7179 	EXP 	Display Frame 0
497.7512 	EXP 	Display Frame 1
497.7853 	EXP 	Display Frame 2
497.8179 	EXP 	Display Frame 3
497.8512 	EXP 	Display Frame 4
497.8846 	EXP 	Display Frame 5
497.9179 	EXP 	Display Frame 6
497.9512 	EXP 	Display Frame 7
497.9845 	EXP 	Display Frame 8
498.0179 	EXP 	Display Frame 9
498.0512 	EXP 	Display Frame 0
498.0845 	EXP 	Display Frame 1
498.1179 	EXP 	Display Frame 2
498.1512 	EXP 	Display Frame 3
498.1846 	EXP 	Display Frame 4
498.2179 	EXP 	Display Frame 5
498.2512 	EXP 	Display Frame 6
498.2846 	EXP 	Display Frame 7
498.3179 	EXP 	Display Frame 8
498.3512 	EXP 	Display Frame 9
498.3846 	EXP 	Display Frame 0
498.4178 	EXP 	Display Frame 1
498.4512 	EXP 	Display Frame 2
498.4845 	EXP 	Display Frame 3
498.5179 	EXP 	Display Frame 4
498.5512 	EXP 	Display Frame 5
498.5845 	EXP 	Display Frame 6
498.6179 	EXP 	Display Frame 7
498.6512 	EXP 	Display Frame 8
498.6846 	EXP 	Display Frame 9
498.7179 	EXP 	Display Frame 0
498.7512 	EXP 	Display Frame 1
498.7846 	EXP 	Display Frame 2
498.8180 	EXP 	Display Frame 3
498.8515 	EXP 	Display Frame 4
498.8846 	EXP 	Display Frame 5
498.9179 	EXP 	Display Frame 6
498.9512 	EXP 	Display Frame 7
498.9846 	EXP 	Display Frame 8
499.0179 	EXP 	Display Frame 9
499.0512 	EXP 	Display Frame 0
499.0846 	EXP 	Display Frame 1
499.1179 	EXP 	Display Frame 2
499.1512 	EXP 	Display Frame 3
499.1845 	EXP 	Display Frame 4
499.2179 	EXP 	Display Frame 5
499.2512 	EXP 	Display Frame 6
499.2847 	EXP 	Display Frame 7
499.3179 	EXP 	Display Frame 8
499.3512 	EXP 	Display Frame 9
499.3846 	EXP 	Display Frame 0
499.4178 	EXP 	Display Frame 1
499.4512 	EXP 	Display Frame 2
499.4848 	EXP 	Display Frame 3
499.5179 	EXP 	Display Frame 4
499.5512 	EXP 	Display Frame 5
499.5845 	EXP 	Display Frame 6
499.6179 	EXP 	Display Frame 7
499.6512 	EXP 	Display Frame 8
499.6846 	EXP 	Display Frame 9
499.7179 	EXP 	Display Frame 0
499.7512 	EXP 	Display Frame 1
499.7845 	EXP 	Display Frame 2
499.8179 	EXP 	Display Frame 3
499.8512 	EXP 	Display Frame 4
499.8846 	EXP 	Display Frame 5
499.9179 	EXP 	Display Frame 6
499.9512 	EXP 	Display Frame 7
499.9845 	EXP 	Display Frame 8
500.0179 	EXP 	Display Frame 9
500.0512 	EXP 	Display Frame 0
500.0846 	EXP 	Display Frame 1
500.1179 	EXP 	Display Frame 2
500.1512 	EXP 	Display Frame 3
500.1845 	EXP 	Display Frame 4
500.2179 	EXP 	Display Frame 5
500.2512 	EXP 	Display Frame 6
500.2845 	EXP 	Display Frame 7
500.3179 	EXP 	Display Frame 8
500.3512 	EXP 	Display Frame 9
500.3846 	EXP 	Display Frame 0
500.4178 	EXP 	Display Frame 1
500.4512 	EXP 	Display Frame 2
500.4845 	EXP 	Display Frame 3
500.5179 	EXP 	Display Frame 4
500.5512 	EXP 	Display Frame 5
500.5845 	EXP 	Display Frame 6
500.6179 	EXP 	Display Frame 7
500.6512 	EXP 	Display Frame 8
500.6846 	EXP 	Display Frame 9
500.7179 	EXP 	Display Frame 0
500.7512 	EXP 	Display Frame 1
500.7847 	DATA 	Keypress: equal
500.7857 	EXP 	Display Frame 2
500.8179 	EXP 	Display Frame 3
500.8512 	EXP 	Display Frame 4
500.8845 	EXP 	Display Frame 5
500.9179 	EXP 	Display Frame 6
500.9512 	EXP 	Display Frame 7
500.9845 	EXP 	Display Frame 8
501.0179 	EXP 	Display Frame 9
501.0512 	EXP 	Display Frame 0
501.0845 	EXP 	Display Frame 1
501.1179 	EXP 	Display Frame 2
501.1512 	EXP 	Display Frame 3
501.1846 	EXP 	Display Frame 4
501.2179 	EXP 	Display Frame 5
501.2512 	EXP 	Display Frame 6
501.2847 	EXP 	Display Frame 7
501.3179 	EXP 	Display Frame 8
501.3512 	EXP 	Display Frame 9
501.3845 	EXP 	Display Frame 0
501.4178 	EXP 	Display Frame 1
501.4512 	EXP 	Display Frame 2
501.4845 	EXP 	Display Frame 3
501.5179 	EXP 	Display Frame 4
501.5512 	EXP 	Display Frame 5
501.5845 	EXP 	Display Frame 6
501.6179 	EXP 	Display Frame 7
501.6512 	EXP 	Display Frame 8
501.6846 	EXP 	Display Frame 9
501.7179 	EXP 	Display Frame 0
501.7512 	EXP 	Display Frame 1
501.7846 	EXP 	Display Frame 2
501.8179 	EXP 	Display Frame 3
501.8512 	EXP 	Display Frame 4
501.8845 	EXP 	Display Frame 5
501.9179 	EXP 	Display Frame 6
501.9512 	EXP 	Display Frame 7
501.9845 	EXP 	Display Frame 8
502.0179 	EXP 	Display Frame 9
502.0512 	EXP 	Display Frame 0
502.0845 	EXP 	Display Frame 1
502.1179 	EXP 	Display Frame 2
502.1512 	EXP 	Display Frame 3
502.1846 	EXP 	Display Frame 4
502.2179 	EXP 	Display Frame 5
502.2512 	EXP 	Display Frame 6
502.2846 	EXP 	Display Frame 7
502.3179 	EXP 	Display Frame 8
502.3512 	EXP 	Display Frame 9
502.3846 	EXP 	Display Frame 0
502.4178 	EXP 	Display Frame 1
502.4512 	EXP 	Display Frame 2
502.4845 	EXP 	Display Frame 3
502.5179 	EXP 	Display Frame 4
502.5512 	EXP 	Display Frame 5
502.5845 	EXP 	Display Frame 6
502.6179 	EXP 	Display Frame 7
502.6512 	EXP 	Display Frame 8
502.6846 	EXP 	Display Frame 9
502.7179 	EXP 	Display Frame 0
502.7512 	EXP 	Display Frame 1
502.7845 	EXP 	Display Frame 2
502.8179 	EXP 	Display Frame 3
502.8512 	EXP 	Display Frame 4
502.8846 	EXP 	Display Frame 5
502.9179 	EXP 	Display Frame 6
502.9512 	EXP 	Display Frame 7
502.9846 	EXP 	Display Frame 8
503.0179 	EXP 	Display Frame 9
503.0512 	EXP 	Display Frame 0
503.0845 	EXP 	Display Frame 1
503.1179 	EXP 	Display Frame 2
503.1512 	EXP 	Display Frame 3
503.1846 	EXP 	Display Frame 4
503.2179 	EXP 	Display Frame 5
503.2512 	EXP 	Display Frame 6
503.2846 	EXP 	Display Frame 7
503.3179 	EXP 	Display Frame 8
503.3512 	EXP 	Display Frame 9
503.3845 	EXP 	Display Frame 0
503.4178 	EXP 	Display Frame 1
503.4512 	EXP 	Display Frame 2
503.4845 	EXP 	Display Frame 3
503.5179 	EXP 	Display Frame 4
503.5512 	EXP 	Display Frame 5
503.5845 	EXP 	Display Frame 6
503.6179 	EXP 	Display Frame 7
503.6512 	EXP 	Display Frame 8
503.6845 	EXP 	Display Frame 9
503.7179 	EXP 	Display Frame 0
503.7512 	EXP 	Display Frame 1
503.7846 	EXP 	Display Frame 2
503.8179 	EXP 	Display Frame 3
503.8512 	EXP 	Display Frame 4
503.8846 	EXP 	Display Frame 5
503.9179 	EXP 	Display Frame 6
503.9512 	EXP 	Display Frame 7
503.9845 	EXP 	Display Frame 8
504.0179 	EXP 	Display Frame 9
504.0512 	EXP 	Display Frame 0
504.0846 	EXP 	Display Frame 1
504.1179 	EXP 	Display Frame 2
504.1512 	EXP 	Display Frame 3
504.1846 	EXP 	Display Frame 4
504.2179 	EXP 	Display Frame 5
504.2512 	EXP 	Display Frame 6
504.2845 	EXP 	Display Frame 7
504.3179 	EXP 	Display Frame 8
504.3512 	EXP 	Display Frame 9
504.3846 	EXP 	Display Frame 0
504.4178 	EXP 	Display Frame 1
504.4512 	EXP 	Display Frame 2
504.4846 	EXP 	Display Frame 3
504.5179 	EXP 	Display Frame 4
504.5512 	EXP 	Display Frame 5
504.5845 	EXP 	Display Frame 6
504.6180 	EXP 	Display Frame 7
504.6512 	EXP 	Display Frame 8
504.6845 	EXP 	Display Frame 9
504.7179 	EXP 	Display Frame 0
504.7512 	EXP 	Display Frame 1
504.7846 	EXP 	Display Frame 2
504.8179 	EXP 	Display Frame 3
504.8512 	EXP 	Display Frame 4
504.8845 	EXP 	Display Frame 5
504.9179 	EXP 	Display Frame 6
504.9512 	EXP 	Display Frame 7
504.9845 	EXP 	Display Frame 8
505.0179 	EXP 	Display Frame 9
505.0512 	EXP 	Display Frame 0
505.0846 	EXP 	Display Frame 1
505.1179 	EXP 	Display Frame 2
505.1512 	EXP 	Display Frame 3
505.1845 	EXP 	Display Frame 4
505.2179 	EXP 	Display Frame 5
505.2512 	EXP 	Display Frame 6
505.2846 	EXP 	Display Frame 7
505.3179 	EXP 	Display Frame 8
505.3512 	EXP 	Display Frame 9
505.3846 	EXP 	Display Frame 0
505.4178 	EXP 	Display Frame 1
505.4513 	EXP 	Display Frame 2
505.4845 	EXP 	Display Frame 3
505.5179 	EXP 	Display Frame 4
505.5512 	EXP 	Display Frame 5
505.5846 	EXP 	Display Frame 6
505.6179 	EXP 	Display Frame 7
505.6512 	EXP 	Display Frame 8
505.6845 	EXP 	Display Frame 9
505.7179 	EXP 	Display Frame 0
505.7512 	EXP 	Display Frame 1
505.7845 	EXP 	Display Frame 2
505.8182 	EXP 	Display Frame 3
505.8512 	EXP 	Display Frame 4
505.8846 	EXP 	Display Frame 5
505.9179 	EXP 	Display Frame 6
505.9512 	EXP 	Display Frame 7
505.9847 	DATA 	Keypress: equal
505.9857 	EXP 	Display Frame 8
506.0179 	EXP 	Display Frame 9
506.0512 	EXP 	Display Frame 0
506.0846 	EXP 	Display Frame 1
506.1179 	EXP 	Display Frame 2
506.1512 	EXP 	Display Frame 3
506.1846 	EXP 	Display Frame 4
506.2179 	EXP 	Display Frame 5
506.2512 	EXP 	Display Frame 6
506.2846 	EXP 	Display Frame 7
506.3179 	EXP 	Display Frame 8
506.3512 	EXP 	Display Frame 9
506.3845 	EXP 	Display Frame 0
506.4178 	EXP 	Display Frame 1
506.4512 	EXP 	Display Frame 2
506.4846 	EXP 	Display Frame 3
506.5179 	EXP 	Display Frame 4
506.5512 	EXP 	Display Frame 5
506.5846 	EXP 	Display Frame 6
506.6179 	EXP 	Display Frame 7
506.6512 	EXP 	Display Frame 8
506.6845 	EXP 	Display Frame 9
506.7179 	EXP 	Display Frame 0
506.7512 	EXP 	Display Frame 1
506.7846 	EXP 	Display Frame 2
506.8179 	EXP 	Display Frame 3
506.8512 	EXP 	Display Frame 4
506.8846 	EXP 	Display Frame 5
506.9179 	EXP 	Display Frame 6
506.9512 	EXP 	Display Frame 7
506.9846 	EXP 	Display Frame 8
507.0179 	EXP 	Display Frame 9
507.0512 	EXP 	Display Frame 0
507.0846 	EXP 	Display Frame 1
507.1179 	EXP 	Display Frame 2
507.1512 	EXP 	Display Frame 3
507.1846 	EXP 	Display Frame 4
507.2179 	EXP 	Display Frame 5
507.2512 	EXP 	Display Frame 6
507.2846 	EXP 	Display Frame 7
507.3179 	EXP 	Display Frame 8
507.3512 	EXP 	Display Frame 9
507.3845 	EXP 	Display Frame 0
507.4178 	EXP 	Display Frame 1
507.4512 	EXP 	Display Frame 2
507.4846 	EXP 	Display Frame 3
507.5179 	EXP 	Display Frame 4
507.5512 	EXP 	Display Frame 5
507.5845 	EXP 	Display Frame 6
507.6179 	EXP 	Display Frame 7
507.6512 	EXP 	Display Frame 8
507.6845 	EXP 	Display Frame 9
507.7179 	EXP 	Display Frame 0
507.7512 	EXP 	Display Frame 1
507.7846 	EXP 	Display Frame 2
507.8179 	EXP 	Display Frame 3
507.8512 	EXP 	Display Frame 4
507.8846 	EXP 	Display Frame 5
507.9179 	EXP 	Display Frame 6
507.9512 	EXP 	Display Frame 7
507.9845 	EXP 	Display Frame 8
508.0179 	EXP 	Display Frame 9
508.0512 	EXP 	Display Frame 0
508.0846 	EXP 	Display Frame 1
508.1179 	EXP 	Display Frame 2
508.1512 	EXP 	Display Frame 3
508.1845 	EXP 	Display Frame 4
508.2179 	EXP 	Display Frame 5
508.2512 	EXP 	Display Frame 6
508.2846 	EXP 	Display Frame 7
508.3179 	EXP 	Display Frame 8
508.3512 	EXP 	Display Frame 9
508.3845 	EXP 	Display Frame 0
508.4177 	EXP 	Display Frame 1
508.4512 	EXP 	Display Frame 2
508.4846 	EXP 	Display Frame 3
508.5179 	EXP 	Display Frame 4
508.5512 	EXP 	Display Frame 5
508.5845 	EXP 	Display Frame 6
508.6179 	EXP 	Display Frame 7
508.6512 	EXP 	Display Frame 8
508.6845 	EXP 	Display Frame 9
508.7179 	EXP 	Display Frame 0
508.7512 	EXP 	Display Frame 1
508.7846 	EXP 	Display Frame 2
508.8179 	EXP 	Display Frame 3
508.8512 	EXP 	Display Frame 4
508.8846 	EXP 	Display Frame 5
508.9179 	EXP 	Display Frame 6
508.9512 	EXP 	Display Frame 7
508.9845 	EXP 	Display Frame 8
509.0179 	EXP 	Display Frame 9
509.0512 	EXP 	Display Frame 0
509.0845 	EXP 	Display Frame 1
509.1179 	EXP 	Display Frame 2
509.1512 	EXP 	Display Frame 3
509.1845 	EXP 	Display Frame 4
509.2179 	EXP 	Display Frame 5
509.2512 	EXP 	Display Frame 6
509.2846 	EXP 	Display Frame 7
509.3179 	EXP 	Display Frame 8
509.3512 	EXP 	Display Frame 9
509.3845 	EXP 	Display Frame 0
509.4178 	EXP 	Display Frame 1
509.4512 	EXP 	Display Frame 2
509.4845 	EXP 	Display Frame 3
509.5179 	EXP 	Display Frame 4
509.5512 	EXP 	Display Frame 5
509.5845 	EXP 	Display Frame 6
509.6179 	EXP 	Display Frame 7
509.6512 	EXP 	Display Frame 8
509.6846 	EXP 	Display Frame 9
509.7179 	EXP 	Display Frame 0
509.7512 	EXP 	Display Frame 1
509.7846 	EXP 	Display Frame 2
509.8179 	EXP 	Display Frame 3
509.8512 	EXP 	Display Frame 4
509.8848 	EXP 	Display Frame 5
509.9181 	EXP 	Display Frame 6
509.9514 	EXP 	Display Frame 7
509.9846 	EXP 	Display Frame 8
510.0179 	EXP 	Display Frame 9
510.0512 	EXP 	Display Frame 0
510.0846 	EXP 	Display Frame 1
510.1179 	EXP 	Display Frame 2
510.1512 	EXP 	Display Frame 3
510.1845 	EXP 	Display Frame 4
510.2179 	EXP 	Display Frame 5
510.2512 	EXP 	Display Frame 6
510.2846 	EXP 	Display Frame 7
510.3179 	EXP 	Display Frame 8
510.3512 	EXP 	Display Frame 9
510.3845 	EXP 	Display Frame 0
510.4178 	EXP 	Display Frame 1
510.4512 	EXP 	Display Frame 2
510.4845 	EXP 	Display Frame 3
510.5179 	EXP 	Display Frame 4
510.5512 	EXP 	Display Frame 5
510.5846 	EXP 	Display Frame 6
510.6179 	EXP 	Display Frame 7
510.6512 	EXP 	Display Frame 8
510.6845 	EXP 	Display Frame 9
510.7179 	EXP 	Display Frame 0
510.7512 	EXP 	Display Frame 1
510.7845 	EXP 	Display Frame 2
510.8179 	EXP 	Display Frame 3
510.8512 	EXP 	Display Frame 4
510.8845 	EXP 	Display Frame 5
510.9179 	EXP 	Display Frame 6
510.9512 	EXP 	Display Frame 7
510.9845 	EXP 	Display Frame 8
511.0179 	EXP 	Display Frame 9
511.0515 	EXP 	Display Frame 0
511.0845 	EXP 	Display Frame 1
511.1179 	EXP 	Display Frame 2
511.1512 	EXP 	Display Frame 3
511.1847 	DATA 	Keypress: equal
511.1857 	EXP 	Display Frame 4
511.2179 	EXP 	Display Frame 5
511.2512 	EXP 	Display Frame 6
511.2846 	EXP 	Display Frame 7
511.3179 	EXP 	Display Frame 8
511.3512 	EXP 	Display Frame 9
511.3845 	EXP 	Display Frame 0
511.4178 	EXP 	Display Frame 1
511.4512 	EXP 	Display Frame 2
511.4845 	EXP 	Display Frame 3
511.5179 	EXP 	Display Frame 4
511.5512 	EXP 	Display Frame 5
511.5846 	EXP 	Display Frame 6
511.6179 	EXP 	Display Frame 7
511.6512 	EXP 	Display Frame 8
511.6845 	EXP 	Display Frame 9
511.7179 	EXP 	Display Frame 0
511.7512 	EXP 	Display Frame 1
511.7845 	EXP 	Display Frame 2
511.8179 	EXP 	Display Frame 3
511.8512 	EXP 	Display Frame 4
511.8846 	EXP 	Display Frame 5
511.9179 	EXP 	Display Frame 6
511.9513 	EXP 	Display Frame 7
511.9845 	EXP 	Display Frame 8
512.0179 	EXP 	Display Frame 9
512.0512 	EXP 	Display Frame 0
512.0846 	EXP 	Display Frame 1
512.1179 	EXP 	Display Frame 2
512.1512 	EXP 	Display Frame 3
512.1848 	EXP 	Display Frame 4
512.2179 	EXP 	Display Frame 5
512.2512 	EXP 	Display Frame 6
512.2846 	EXP 	Display Frame 7
512.3179 	EXP 	Display Frame 8
512.3512 	EXP 	Display Frame 9
512.3846 	EXP 	Display Frame 0
512.4179 	EXP 	Display Frame 1
512.4512 	EXP 	Display Frame 2
512.4846 	EXP 	Display Frame 3
512.5179 	EXP 	Display Frame 4
512.5512 	EXP 	Display Frame 5
512.5846 	EXP 	Display Frame 6
512.6179 	EXP 	Display Frame 7
512.6512 	EXP 	Display Frame 8
512.6845 	EXP 	Display Frame 9
512.7179 	EXP 	Display Frame 0
512.7512 	EXP 	Display Frame 1
512.7846 	EXP 	Display Frame 2
512.8179 	EXP 	Display Frame 3
512.8512 	EXP 	Display Frame 4
512.8845 	EXP 	Display Frame 5
512.9179 	EXP 	Display Frame 6
512.9512 	EXP 	Display Frame 7
512.9845 	EXP 	Display Frame 8
513.0179 	EXP 	Display Frame 9
513.0512 	EXP 	Display Frame 0
513.0845 	EXP 	Display Frame 1
513.1179 	EXP 	Display Frame 2
513.1512 	EXP 	Display Frame 3
513.1846 	EXP 	Display Frame 4
513.2179 	EXP 	Display Frame 5
513.2512 	EXP 	Display Frame 6
513.2845 	EXP 	Display Frame 7
513.3179 	EXP 	Display Frame 8
513.3512 	EXP 	Display Frame 9
513.3845 	EXP 	Display Frame 0
513.4178 	EXP 	Display Frame 1
513.4512 	EXP 	Display Frame 2
513.4846 	EXP 	Display Frame 3
513.5179 	EXP 	Display Frame 4
513.5512 	EXP 	Display Frame 5
513.5845 	EXP 	Display Frame 6
513.6179 	EXP 	Display Frame 7
513.6512 	EXP 	Display Frame 8
513.6846 	EXP 	Display Frame 9
513.7179 	EXP 	Display Frame 0
513.7512 	EXP 	Display Frame 1
513.7845 	EXP 	Display Frame 2
513.8179 	EXP 	Display Frame 3
513.8512 	EXP 	Display Frame 4
513.8845 	EXP 	Display Frame 5
513.9179 	EXP 	Display Frame 6
513.9512 	EXP 	Display Frame 7
513.9846 	EXP 	Display Frame 8
514.0179 	EXP 	Display Frame 9
514.0512 	EXP 	Display Frame 0
514.0846 	EXP 	Display Frame 1
514.1179 	EXP 	Display Frame 2
514.1512 	EXP 	Display Frame 3
514.1845 	EXP 	Display Frame 4
514.2179 	EXP 	Display Frame 5
514.2512 	EXP 	Display Frame 6
514.2845 	EXP 	Display Frame 7
514.3179 	EXP 	Display Frame 8
514.3512 	EXP 	Display Frame 9
514.3846 	EXP 	Display Frame 0
514.4178 	EXP 	Display Frame 1
514.4512 	EXP 	Display Frame 2
514.4845 	EXP 	Display Frame 3
514.5179 	EXP 	Display Frame 4
514.5512 	EXP 	Display Frame 5
514.5846 	EXP 	Display Frame 6
514.6179 	EXP 	Display Frame 7
514.6512 	EXP 	Display Frame 8
514.6846 	EXP 	Display Frame 9
514.7179 	EXP 	Display Frame 0
514.7512 	EXP 	Display Frame 1
514.7845 	EXP 	Display Frame 2
514.8179 	EXP 	Display Frame 3
514.8512 	EXP 	Display Frame 4
514.8845 	EXP 	Display Frame 5
514.9179 	EXP 	Display Frame 6
514.9512 	EXP 	Display Frame 7
514.9846 	EXP 	Display Frame 8
515.0179 	EXP 	Display Frame 9
515.0512 	EXP 	Display Frame 0
515.0846 	EXP 	Display Frame 1
515.1179 	EXP 	Display Frame 2
515.1512 	EXP 	Display Frame 3
515.1845 	EXP 	Display Frame 4
515.2179 	EXP 	Display Frame 5
515.2512 	EXP 	Display Frame 6
515.2848 	EXP 	Display Frame 7
515.3179 	EXP 	Display Frame 8
515.3512 	EXP 	Display Frame 9
515.3846 	EXP 	Display Frame 0
515.4178 	EXP 	Display Frame 1
515.4512 	EXP 	Display Frame 2
515.4846 	EXP 	Display Frame 3
515.5179 	EXP 	Display Frame 4
515.5512 	EXP 	Display Frame 5
515.5846 	EXP 	Display Frame 6
515.6179 	EXP 	Display Frame 7
515.6512 	EXP 	Display Frame 8
515.6845 	EXP 	Display Frame 9
515.7179 	EXP 	Display Frame 0
515.7512 	EXP 	Display Frame 1
515.7846 	EXP 	Display Frame 2
515.8179 	EXP 	Display Frame 3
515.8512 	EXP 	Display Frame 4
515.8845 	EXP 	Display Frame 5
515.9181 	EXP 	Display Frame 6
515.9513 	EXP 	Display Frame 7
515.9846 	EXP 	Display Frame 8
516.0179 	EXP 	Display Frame 9
516.0513 	EXP 	Display Frame 0
516.0846 	EXP 	Display Frame 1
516.1179 	EXP 	Display Frame 2
516.1512 	EXP 	Display Frame 3
516.1846 	EXP 	Display Frame 4
516.2179 	EXP 	Display Frame 5
516.2512 	EXP 	Display Frame 6
516.2846 	EXP 	Display Frame 7
516.3179 	EXP 	Display Frame 8
516.3514 	DATA 	Keypress: equal
516.3555 	EXP 	Display Frame 9
516.3846 	EXP 	Display Frame 0
516.4178 	EXP 	Display Frame 1
516.4513 	EXP 	Display Frame 2
516.4846 	EXP 	Display Frame 3
516.5179 	EXP 	Display Frame 4
516.5512 	EXP 	Display Frame 5
516.5845 	EXP 	Display Frame 6
516.6179 	EXP 	Display Frame 7
516.6512 	EXP 	Display Frame 8
516.6846 	EXP 	Display Frame 9
516.7179 	EXP 	Display Frame 0
516.7512 	EXP 	Display Frame 1
516.7846 	EXP 	Display Frame 2
516.8179 	EXP 	Display Frame 3
516.8512 	EXP 	Display Frame 4
516.8846 	EXP 	Display Frame 5
516.9179 	EXP 	Display Frame 6
516.9512 	EXP 	Display Frame 7
516.9846 	EXP 	Display Frame 8
517.0179 	EXP 	Display Frame 9
517.0512 	EXP 	Display Frame 0
517.0845 	EXP 	Display Frame 1
517.1179 	EXP 	Display Frame 2
517.1512 	EXP 	Display Frame 3
517.1846 	EXP 	Display Frame 4
517.2179 	EXP 	Display Frame 5
517.2512 	EXP 	Display Frame 6
517.2846 	EXP 	Display Frame 7
517.3179 	EXP 	Display Frame 8
517.3512 	EXP 	Display Frame 9
517.3846 	EXP 	Display Frame 0
517.4178 	EXP 	Display Frame 1
517.4512 	EXP 	Display Frame 2
517.4845 	EXP 	Display Frame 3
517.5179 	EXP 	Display Frame 4
517.5512 	EXP 	Display Frame 5
517.5846 	EXP 	Display Frame 6
517.6179 	EXP 	Display Frame 7
517.6512 	EXP 	Display Frame 8
517.6845 	EXP 	Display Frame 9
517.7179 	EXP 	Display Frame 0
517.7512 	EXP 	Display Frame 1
517.7845 	EXP 	Display Frame 2
517.8179 	EXP 	Display Frame 3
517.8512 	EXP 	Display Frame 4
517.8846 	EXP 	Display Frame 5
517.9179 	EXP 	Display Frame 6
517.9512 	EXP 	Display Frame 7
517.9845 	EXP 	Display Frame 8
518.0179 	EXP 	Display Frame 9
518.0512 	EXP 	Display Frame 0
518.0846 	EXP 	Display Frame 1
518.1179 	EXP 	Display Frame 2
518.1512 	EXP 	Display Frame 3
518.1846 	EXP 	Display Frame 4
518.2179 	EXP 	Display Frame 5
518.2512 	EXP 	Display Frame 6
518.2845 	EXP 	Display Frame 7
518.3179 	EXP 	Display Frame 8
518.3512 	EXP 	Display Frame 9
518.3846 	EXP 	Display Frame 0
518.4178 	EXP 	Display Frame 1
518.4512 	EXP 	Display Frame 2
518.4845 	EXP 	Display Frame 3
518.5181 	EXP 	Display Frame 4
518.5512 	EXP 	Display Frame 5
518.5846 	EXP 	Display Frame 6
518.6179 	EXP 	Display Frame 7
518.6512 	EXP 	Display Frame 8
518.6846 	EXP 	Display Frame 9
518.7179 	EXP 	Display Frame 0
518.7512 	EXP 	Display Frame 1
518.7846 	EXP 	Display Frame 2
518.8179 	EXP 	Display Frame 3
518.8512 	EXP 	Display Frame 4
518.8845 	EXP 	Display Frame 5
518.9179 	EXP 	Display Frame 6
518.9512 	EXP 	Display Frame 7
518.9845 	EXP 	Display Frame 8
519.0179 	EXP 	Display Frame 9
519.0512 	EXP 	Display Frame 0
519.0849 	EXP 	Display Frame 1
519.1179 	EXP 	Display Frame 2
519.1512 	EXP 	Display Frame 3
519.1845 	EXP 	Display Frame 4
519.2179 	EXP 	Display Frame 5
519.2512 	EXP 	Display Frame 6
519.2845 	EXP 	Display Frame 7
519.3179 	EXP 	Display Frame 8
519.3512 	EXP 	Display Frame 9
519.3846 	EXP 	Display Frame 0
519.4178 	EXP 	Display Frame 1
519.4512 	EXP 	Display Frame 2
519.4845 	EXP 	Display Frame 3
519.5179 	EXP 	Display Frame 4
519.5512 	EXP 	Display Frame 5
519.5846 	EXP 	Display Frame 6
519.6179 	EXP 	Display Frame 7
519.6512 	EXP 	Display Frame 8
519.6846 	EXP 	Display Frame 9
519.7179 	EXP 	Display Frame 0
519.7512 	EXP 	Display Frame 1
519.7845 	EXP 	Display Frame 2
519.8179 	EXP 	Display Frame 3
519.8512 	EXP 	Display Frame 4
519.8846 	EXP 	Display Frame 5
519.9179 	EXP 	Display Frame 6
519.9512 	EXP 	Display Frame 7
519.9846 	EXP 	Display Frame 8
520.0179 	EXP 	Display Frame 9
520.0512 	EXP 	Display Frame 0
520.0845 	EXP 	Display Frame 1
520.1179 	EXP 	Display Frame 2
520.1512 	EXP 	Display Frame 3
520.1845 	EXP 	Display Frame 4
520.2179 	EXP 	Display Frame 5
520.2512 	EXP 	Display Frame 6
520.2845 	EXP 	Display Frame 7
520.3179 	EXP 	Display Frame 8
520.3512 	EXP 	Display Frame 9
520.3845 	EXP 	Display Frame 0
520.4178 	EXP 	Display Frame 1
520.4512 	EXP 	Display Frame 2
520.4845 	EXP 	Display Frame 3
520.5179 	EXP 	Display Frame 4
520.5512 	EXP 	Display Frame 5
520.5845 	EXP 	Display Frame 6
520.6180 	EXP 	Display Frame 7
520.6512 	EXP 	Display Frame 8
520.6845 	EXP 	Display Frame 9
520.7179 	EXP 	Display Frame 0
520.7512 	EXP 	Display Frame 1
520.7846 	EXP 	Display Frame 2
520.8179 	EXP 	Display Frame 3
520.8512 	EXP 	Display Frame 4
520.8845 	EXP 	Display Frame 5
520.9179 	EXP 	Display Frame 6
520.9512 	EXP 	Display Frame 7
520.9846 	EXP 	Display Frame 8
521.0179 	EXP 	Display Frame 9
521.0512 	EXP 	Display Frame 0
521.0846 	EXP 	Display Frame 1
521.1179 	EXP 	Display Frame 2
521.1512 	EXP 	Display Frame 3
521.1845 	EXP 	Display Frame 4
521.2186 	EXP 	Display Frame 5
521.2512 	EXP 	Display Frame 6
521.2845 	EXP 	Display Frame 7
521.3179 	EXP 	Display Frame 8
521.3512 	EXP 	Display Frame 9
521.3846 	EXP 	Display Frame 0
521.4178 	EXP 	Display Frame 1
521.4512 	EXP 	Display Frame 2
521.4846 	EXP 	Display Frame 3
521.5179 	EXP 	Display Frame 4
521.5513 	DATA 	Keypress: equal
521.5524 	EXP 	Display Frame 5
521.5668 	EXP 	Display Fixation
526.7387 	DATA 	Keypress: equal
531.9316 	DATA 	Keypress: equal
537.1258 	DATA 	Keypress: equal
542.3191 	DATA 	Keypress: equal
547.5129 	DATA 	Keypress: equal
552.7051 	DATA 	Keypress: equal
552.7396 	EXP 	Display Frame 1
552.7728 	EXP 	Display Frame 2
552.8062 	EXP 	Display Frame 3
552.8395 	EXP 	Display Frame 4
552.8728 	EXP 	Display Frame 5
552.9061 	EXP 	Display Frame 6
552.9394 	EXP 	Display Frame 7
552.9728 	EXP 	Display Frame 8
553.0061 	EXP 	Display Frame 9
553.0394 	EXP 	Display Frame 0
553.0727 	EXP 	Display Frame 1
553.1061 	EXP 	Display Frame 2
553.1394 	EXP 	Display Frame 3
553.1728 	EXP 	Display Frame 4
553.2061 	EXP 	Display Frame 5
553.2394 	EXP 	Display Frame 6
553.2728 	EXP 	Display Frame 7
553.3061 	EXP 	Display Frame 8
553.3394 	EXP 	Display Frame 9
553.3727 	EXP 	Display Frame 0
553.4061 	EXP 	Display Frame 1
553.4394 	EXP 	Display Frame 2
553.4727 	EXP 	Display Frame 3
553.5061 	EXP 	Display Frame 4
553.5394 	EXP 	Display Frame 5
553.5727 	EXP 	Display Frame 6
553.6061 	EXP 	Display Frame 7
553.6394 	EXP 	Display Frame 8
553.6728 	EXP 	Display Frame 9
553.7061 	EXP 	Display Frame 0
553.7394 	EXP 	Display Frame 1
553.7728 	EXP 	Display Frame 2
553.8061 	EXP 	Display Frame 3
553.8394 	EXP 	Display Frame 4
553.8727 	EXP 	Display Frame 5
553.9061 	EXP 	Display Frame 6
553.9394 	EXP 	Display Frame 7
553.9727 	EXP 	Display Frame 8
554.0061 	EXP 	Display Frame 9
554.0394 	EXP 	Display Frame 0
554.0728 	EXP 	Display Frame 1
554.1061 	EXP 	Display Frame 2
554.1394 	EXP 	Display Frame 3
554.1727 	EXP 	Display Frame 4
554.2061 	EXP 	Display Frame 5
554.2394 	EXP 	Display Frame 6
554.2727 	EXP 	Display Frame 7
554.3061 	EXP 	Display Frame 8
554.3394 	EXP 	Display Frame 9
554.3727 	EXP 	Display Frame 0
554.4061 	EXP 	Display Frame 1
554.4394 	EXP 	Display Frame 2
554.4727 	EXP 	Display Frame 3
554.5061 	EXP 	Display Frame 4
554.5394 	EXP 	Display Frame 5
554.5727 	EXP 	Display Frame 6
554.6061 	EXP 	Display Frame 7
554.6393 	EXP 	Display Frame 8
554.6727 	EXP 	Display Frame 9
554.7061 	EXP 	Display Frame 0
554.7394 	EXP 	Display Frame 1
554.7727 	EXP 	Display Frame 2
554.8061 	EXP 	Display Frame 3
554.8394 	EXP 	Display Frame 4
554.8727 	EXP 	Display Frame 5
554.9061 	EXP 	Display Frame 6
554.9394 	EXP 	Display Frame 7
554.9727 	EXP 	Display Frame 8
555.0061 	EXP 	Display Frame 9
555.0394 	EXP 	Display Frame 0
555.0727 	EXP 	Display Frame 1
555.1061 	EXP 	Display Frame 2
555.1394 	EXP 	Display Frame 3
555.1727 	EXP 	Display Frame 4
555.2061 	EXP 	Display Frame 5
555.2394 	EXP 	Display Frame 6
555.2727 	EXP 	Display Frame 7
555.3060 	EXP 	Display Frame 8
555.3399 	EXP 	Display Frame 9
555.3727 	EXP 	Display Frame 0
555.4061 	EXP 	Display Frame 1
555.4394 	EXP 	Display Frame 2
555.4728 	EXP 	Display Frame 3
555.5061 	EXP 	Display Frame 4
555.5394 	EXP 	Display Frame 5
555.5727 	EXP 	Display Frame 6
555.6061 	EXP 	Display Frame 7
555.6393 	EXP 	Display Frame 8
555.6727 	EXP 	Display Frame 9
555.7061 	EXP 	Display Frame 0
555.7394 	EXP 	Display Frame 1
555.7727 	EXP 	Display Frame 2
555.8061 	EXP 	Display Frame 3
555.8394 	EXP 	Display Frame 4
555.8727 	EXP 	Display Frame 5
555.9060 	EXP 	Display Frame 6
555.9394 	EXP 	Display Frame 7
555.9727 	EXP 	Display Frame 8
556.0061 	EXP 	Display Frame 9
556.0394 	EXP 	Display Frame 0
556.0727 	EXP 	Display Frame 1
556.1061 	EXP 	Display Frame 2
556.1394 	EXP 	Display Frame 3
556.1727 	EXP 	Display Frame 4
556.2060 	EXP 	Display Frame 5
556.2394 	EXP 	Display Frame 6
556.2727 	EXP 	Display Frame 7
556.3061 	EXP 	Display Frame 8
556.3394 	EXP 	Display Frame 9
556.3728 	EXP 	Display Frame 0
556.4061 	EXP 	Display Frame 1
556.4394 	EXP 	Display Frame 2
556.4727 	EXP 	Display Frame 3
556.5061 	EXP 	Display Frame 4
556.5394 	EXP 	Display Frame 5
556.5727 	EXP 	Display Frame 6
556.6063 	EXP 	Display Frame 7
556.6395 	EXP 	Display Frame 8
556.6727 	EXP 	Display Frame 9
556.7061 	EXP 	Display Frame 0
556.7394 	EXP 	Display Frame 1
556.7727 	EXP 	Display Frame 2
556.8061 	EXP 	Display Frame 3
556.8394 	EXP 	Display Frame 4
556.8728 	EXP 	Display Frame 5
556.9061 	EXP 	Display Frame 6
556.9394 	EXP 	Display Frame 7
556.9727 	EXP 	Display Frame 8
557.0061 	EXP 	Display Frame 9
557.0394 	EXP 	Display Frame 0
557.0727 	EXP 	Display Frame 1
557.1060 	EXP 	Display Frame 2
557.1394 	EXP 	Display Frame 3
557.1727 	EXP 	Display Frame 4
557.2060 	EXP 	Display Frame 5
557.2394 	EXP 	Display Frame 6
557.2727 	EXP 	Display Frame 7
557.3061 	EXP 	Display Frame 8
557.3394 	EXP 	Display Frame 9
557.3728 	EXP 	Display Frame 0
557.4061 	EXP 	Display Frame 1
557.4394 	EXP 	Display Frame 2
557.4727 	EXP 	Display Frame 3
557.5061 	EXP 	Display Frame 4
557.5394 	EXP 	Display Frame 5
557.5727 	EXP 	Display Frame 6
557.6061 	EXP 	Display Frame 7
557.6393 	EXP 	Display Frame 8
557.6727 	EXP 	Display Frame 9
557.7061 	EXP 	Display Frame 0
557.7394 	EXP 	Display Frame 1
557.7728 	EXP 	Display Frame 2
557.8061 	EXP 	Display Frame 3
557.8394 	EXP 	Display Frame 4
557.8727 	EXP 	Display Frame 5
557.9064 	DATA 	Keypress: equal
557.9075 	EXP 	Display Frame 6
557.9396 	EXP 	Display Frame 7
557.9727 	EXP 	Display Frame 8
558.0061 	EXP 	Display Frame 9
558.0394 	EXP 	Display Frame 0
558.0728 	EXP 	Display Frame 1
558.1061 	EXP 	Display Frame 2
558.1394 	EXP 	Display Frame 3
558.1727 	EXP 	Display Frame 4
558.2061 	EXP 	Display Frame 5
558.2394 	EXP 	Display Frame 6
558.2727 	EXP 	Display Frame 7
558.3061 	EXP 	Display Frame 8
558.3394 	EXP 	Display Frame 9
558.3727 	EXP 	Display Frame 0
558.4061 	EXP 	Display Frame 1
558.4394 	EXP 	Display Frame 2
558.4727 	EXP 	Display Frame 3
558.5061 	EXP 	Display Frame 4
558.5394 	EXP 	Display Frame 5
558.5727 	EXP 	Display Frame 6
558.6061 	EXP 	Display Frame 7
558.6394 	EXP 	Display Frame 8
558.6728 	EXP 	Display Frame 9
558.7061 	EXP 	Display Frame 0
558.7394 	EXP 	Display Frame 1
558.7727 	EXP 	Display Frame 2
558.8061 	EXP 	Display Frame 3
558.8394 	EXP 	Display Frame 4
558.8727 	EXP 	Display Frame 5
558.9063 	EXP 	Display Frame 6
558.9397 	EXP 	Display Frame 7
558.9728 	EXP 	Display Frame 8
559.0061 	EXP 	Display Frame 9
559.0394 	EXP 	Display Frame 0
559.0727 	EXP 	Display Frame 1
559.1061 	EXP 	Display Frame 2
559.1394 	EXP 	Display Frame 3
559.1727 	EXP 	Display Frame 4
559.2061 	EXP 	Display Frame 5
559.2394 	EXP 	Display Frame 6
559.2727 	EXP 	Display Frame 7
559.3060 	EXP 	Display Frame 8
559.3394 	EXP 	Display Frame 9
559.3727 	EXP 	Display Frame 0
559.4061 	EXP 	Display Frame 1
559.4394 	EXP 	Display Frame 2
559.4727 	EXP 	Display Frame 3
559.5061 	EXP 	Display Frame 4
559.5394 	EXP 	Display Frame 5
559.5727 	EXP 	Display Frame 6
559.6082 	EXP 	Display Frame 7
559.6394 	EXP 	Display Frame 8
559.6728 	EXP 	Display Frame 9
559.7062 	EXP 	Display Frame 0
559.7394 	EXP 	Display Frame 1
559.7728 	EXP 	Display Frame 2
559.8061 	EXP 	Display Frame 3
559.8394 	EXP 	Display Frame 4
559.8727 	EXP 	Display Frame 5
559.9061 	EXP 	Display Frame 6
559.9394 	EXP 	Display Frame 7
559.9728 	EXP 	Display Frame 8
560.0061 	EXP 	Display Frame 9
560.0394 	EXP 	Display Frame 0
560.0728 	EXP 	Display Frame 1
560.1061 	EXP 	Display Frame 2
560.1394 	EXP 	Display Frame 3
560.1727 	EXP 	Display Frame 4
560.2061 	EXP 	Display Frame 5
560.2394 	EXP 	Display Frame 6
560.2728 	EXP 	Display Frame 7
560.3061 	EXP 	Display Frame 8
560.3394 	EXP 	Display Frame 9
560.3727 	EXP 	Display Frame 0
560.4061 	EXP 	Display Frame 1
560.4394 	EXP 	Display Frame 2
560.4727 	EXP 	Display Frame 3
560.5061 	EXP 	Display Frame 4
560.5394 	EXP 	Display Frame 5
560.5728 	EXP 	Display Frame 6
560.6061 	EXP 	Display Frame 7
560.6394 	EXP 	Display Frame 8
560.6727 	EXP 	Display Frame 9
560.7061 	EXP 	Display Frame 0
560.7394 	EXP 	Display Frame 1
560.7727 	EXP 	Display Frame 2
560.8061 	EXP 	Display Frame 3
560.8394 	EXP 	Display Frame 4
560.8727 	EXP 	Display Frame 5
560.9060 	EXP 	Display Frame 6
560.9394 	EXP 	Display Frame 7
560.9727 	EXP 	Display Frame 8
561.0061 	EXP 	Display Frame 9
561.0394 	EXP 	Display Frame 0
561.0728 	EXP 	Display Frame 1
561.1061 	EXP 	Display Frame 2
561.1394 	EXP 	Display Frame 3
561.1727 	EXP 	Display Frame 4
561.2061 	EXP 	Display Frame 5
561.2394 	EXP 	Display Frame 6
561.2727 	EXP 	Display Frame 7
561.3061 	EXP 	Display Frame 8
561.3394 	EXP 	Display Frame 9
561.3728 	EXP 	Display Frame 0
561.4061 	EXP 	Display Frame 1
561.4394 	EXP 	Display Frame 2
561.4727 	EXP 	Display Frame 3
561.5061 	EXP 	Display Frame 4
561.5394 	EXP 	Display Frame 5
561.5728 	EXP 	Display Frame 6
561.6061 	EXP 	Display Frame 7
561.6393 	EXP 	Display Frame 8
561.6727 	EXP 	Display Frame 9
561.7061 	EXP 	Display Frame 0
561.7394 	EXP 	Display Frame 1
561.7727 	EXP 	Display Frame 2
561.8061 	EXP 	Display Frame 3
561.8394 	EXP 	Display Frame 4
561.8727 	EXP 	Display Frame 5
561.9061 	EXP 	Display Frame 6
561.9394 	EXP 	Display Frame 7
561.9727 	EXP 	Display Frame 8
562.0061 	EXP 	Display Frame 9
562.0394 	EXP 	Display Frame 0
562.0727 	EXP 	Display Frame 1
562.1061 	EXP 	Display Frame 2
562.1394 	EXP 	Display Frame 3
562.1727 	EXP 	Display Frame 4
562.2061 	EXP 	Display Frame 5
562.2394 	EXP 	Display Frame 6
562.2728 	EXP 	Display Frame 7
562.3060 	EXP 	Display Frame 8
562.3394 	EXP 	Display Frame 9
562.3729 	EXP 	Display Frame 0
562.4061 	EXP 	Display Frame 1
562.4394 	EXP 	Display Frame 2
562.4727 	EXP 	Display Frame 3
562.5061 	EXP 	Display Frame 4
562.5394 	EXP 	Display Frame 5
562.5727 	EXP 	Display Frame 6
562.6061 	EXP 	Display Frame 7
562.6394 	EXP 	Display Frame 8
562.6727 	EXP 	Display Frame 9
562.7061 	EXP 	Display Frame 0
562.7394 	EXP 	Display Frame 1
562.7727 	EXP 	Display Frame 2
562.8061 	EXP 	Display Frame 3
562.8394 	EXP 	Display Frame 4
562.8728 	EXP 	Display Frame 5
562.9061 	EXP 	Display Frame 6
562.9395 	EXP 	Display Frame 7
562.9727 	EXP 	Display Frame 8
563.0061 	EXP 	Display Frame 9
563.0394 	EXP 	Display Frame 0
563.0727 	EXP 	Display Frame 1
563.1062 	DATA 	Keypress: equal
563.1072 	EXP 	Display Frame 2
563.1394 	EXP 	Display Frame 3
563.1728 	EXP 	Display Frame 4
563.2061 	EXP 	Display Frame 5
563.2395 	EXP 	Display Frame 6
563.2729 	EXP 	Display Frame 7
563.3061 	EXP 	Display Frame 8
563.3394 	EXP 	Display Frame 9
563.3746 	EXP 	Display Frame 0
563.4061 	EXP 	Display Frame 1
563.4394 	EXP 	Display Frame 2
563.4727 	EXP 	Display Frame 3
563.5061 	EXP 	Display Frame 4
563.5394 	EXP 	Display Frame 5
563.5727 	EXP 	Display Frame 6
563.6061 	EXP 	Display Frame 7
563.6393 	EXP 	Display Frame 8
563.6727 	EXP 	Display Frame 9
563.7060 	EXP 	Display Frame 0
563.7394 	EXP 	Display Frame 1
563.7728 	EXP 	Display Frame 2
563.8061 	EXP 	Display Frame 3
563.8394 	EXP 	Display Frame 4
563.8728 	EXP 	Display Frame 5
563.9061 	EXP 	Display Frame 6
563.9394 	EXP 	Display Frame 7
563.9727 	EXP 	Display Frame 8
564.0061 	EXP 	Display Frame 9
564.0394 	EXP 	Display Frame 0
564.0728 	EXP 	Display Frame 1
564.1060 	EXP 	Display Frame 2
564.1394 	EXP 	Display Frame 3
564.1727 	EXP 	Display Frame 4
564.2061 	EXP 	Display Frame 5
564.2394 	EXP 	Display Frame 6
564.2727 	EXP 	Display Frame 7
564.3061 	EXP 	Display Frame 8
564.3394 	EXP 	Display Frame 9
564.3727 	EXP 	Display Frame 0
564.4061 	EXP 	Display Frame 1
564.4394 	EXP 	Display Frame 2
564.4728 	EXP 	Display Frame 3
564.5061 	EXP 	Display Frame 4
564.5394 	EXP 	Display Frame 5
564.5727 	EXP 	Display Frame 6
564.6061 	EXP 	Display Frame 7
564.6393 	EXP 	Display Frame 8
564.6728 	EXP 	Display Frame 9
564.7061 	EXP 	Display Frame 0
564.7394 	EXP 	Display Frame 1
564.7727 	EXP 	Display Frame 2
564.8061 	EXP 	Display Frame 3
564.8394 	EXP 	Display Frame 4
564.8727 	EXP 	Display Frame 5
564.9061 	EXP 	Display Frame 6
564.9394 	EXP 	Display Frame 7
564.9728 	EXP 	Display Frame 8
565.0061 	EXP 	Display Frame 9
565.0394 	EXP 	Display Frame 0
565.0728 	EXP 	Display Frame 1
565.1061 	EXP 	Display Frame 2
565.1394 	EXP 	Display Frame 3
565.1727 	EXP 	Display Frame 4
565.2061 	EXP 	Display Frame 5
565.2394 	EXP 	Display Frame 6
565.2727 	EXP 	Display Frame 7
565.3091 	EXP 	Display Frame 8
565.3394 	EXP 	Display Frame 9
565.3727 	EXP 	Display Frame 0
565.4061 	EXP 	Display Frame 1
565.4394 	EXP 	Display Frame 2
565.4728 	EXP 	Display Frame 3
565.5061 	EXP 	Display Frame 4
565.5394 	EXP 	Display Frame 5
565.5727 	EXP 	Display Frame 6
565.6061 	EXP 	Display Frame 7
565.6394 	EXP 	Display Frame 8
565.6728 	EXP 	Display Frame 9
565.7061 	EXP 	Display Frame 0
565.7394 	EXP 	Display Frame 1
565.7727 	EXP 	Display Frame 2
565.8061 	EXP 	Display Frame 3
565.8394 	EXP 	Display Frame 4
565.8728 	EXP 	Display Frame 5
565.9061 	EXP 	Display Frame 6
565.9394 	EXP 	Display Frame 7
565.9728 	EXP 	Display Frame 8
566.0061 	EXP 	Display Frame 9
566.0394 	EXP 	Display Frame 0
566.0727 	EXP 	Display Frame 1
566.1061 	EXP 	Display Frame 2
566.1394 	EXP 	Display Frame 3
566.1728 	EXP 	Display Frame 4
566.2060 	EXP 	Display Frame 5
566.2394 	EXP 	Display Frame 6
566.2727 	EXP 	Display Frame 7
566.3060 	EXP 	Display Frame 8
566.3394 	EXP 	Display Frame 9
566.3728 	EXP 	Display Frame 0
566.4061 	EXP 	Display Frame 1
566.4394 	EXP 	Display Frame 2
566.4728 	EXP 	Display Frame 3
566.5061 	EXP 	Display Frame 4
566.5394 	EXP 	Display Frame 5
566.5728 	EXP 	Display Frame 6
566.6061 	EXP 	Display Frame 7
566.6393 	EXP 	Display Frame 8
566.6727 	EXP 	Display Frame 9
566.7061 	EXP 	Display Frame 0
566.7394 	EXP 	Display Frame 1
566.7727 	EXP 	Display Frame 2
566.8061 	EXP 	Display Frame 3
566.8394 	EXP 	Display Frame 4
566.8727 	EXP 	Display Frame 5
566.9061 	EXP 	Display Frame 6
566.9394 	EXP 	Display Frame 7
566.9727 	EXP 	Display Frame 8
567.0061 	EXP 	Display Frame 9
567.0394 	EXP 	Display Frame 0
567.0727 	EXP 	Display Frame 1
567.1060 	EXP 	Display Frame 2
567.1394 	EXP 	Display Frame 3
567.1727 	EXP 	Display Frame 4
567.2061 	EXP 	Display Frame 5
567.2394 	EXP 	Display Frame 6
567.2727 	EXP 	Display Frame 7
567.3061 	EXP 	Display Frame 8
567.3394 	EXP 	Display Frame 9
567.3728 	EXP 	Display Frame 0
567.4061 	EXP 	Display Frame 1
567.4394 	EXP 	Display Frame 2
567.4728 	EXP 	Display Frame 3
567.5061 	EXP 	Display Frame 4
567.5394 	EXP 	Display Frame 5
567.5727 	EXP 	Display Frame 6
567.6061 	EXP 	Display Frame 7
567.6393 	EXP 	Display Frame 8
567.6728 	EXP 	Display Frame 9
567.7061 	EXP 	Display Frame 0
567.7394 	EXP 	Display Frame 1
567.7727 	EXP 	Display Frame 2
567.8061 	EXP 	Display Frame 3
567.8394 	EXP 	Display Frame 4
567.8727 	EXP 	Display Frame 5
567.9061 	EXP 	Display Frame 6
567.9394 	EXP 	Display Frame 7
567.9727 	EXP 	Display Frame 8
568.0061 	EXP 	Display Frame 9
568.0394 	EXP 	Display Frame 0
568.0727 	EXP 	Display Frame 1
568.1061 	EXP 	Display Frame 2
568.1394 	EXP 	Display Frame 3
568.1727 	EXP 	Display Frame 4
568.2061 	EXP 	Display Frame 5
568.2394 	EXP 	Display Frame 6
568.2728 	EXP 	Display Frame 7
568.3062 	DATA 	Keypress: equal
568.3072 	EXP 	Display Frame 8
568.3394 	EXP 	Display Frame 9
568.3727 	EXP 	Display Frame 0
568.4079 	EXP 	Display Frame 1
568.4394 	EXP 	Display Frame 2
568.4727 	EXP 	Display Frame 3
568.5061 	EXP 	Display Frame 4
568.5394 	EXP 	Display Frame 5
568.5728 	EXP 	Display Frame 6
568.6061 	EXP 	Display Frame 7
568.6394 	EXP 	Display Frame 8
568.6727 	EXP 	Display Frame 9
568.7063 	EXP 	Display Frame 0
568.7395 	EXP 	Display Frame 1
568.7728 	EXP 	Display Frame 2
568.8061 	EXP 	Display Frame 3
568.8394 	EXP 	Display Frame 4
568.8728 	EXP 	Display Frame 5
568.9061 	EXP 	Display Frame 6
568.9394 	EXP 	Display Frame 7
568.9727 	EXP 	Display Frame 8
569.0061 	EXP 	Display Frame 9
569.0394 	EXP 	Display Frame 0
569.0727 	EXP 	Display Frame 1
569.1061 	EXP 	Display Frame 2
569.1394 	EXP 	Display Frame 3
569.1727 	EXP 	Display Frame 4
569.2061 	EXP 	Display Frame 5
569.2394 	EXP 	Display Frame 6
569.2728 	EXP 	Display Frame 7
569.3060 	EXP 	Display Frame 8
569.3394 	EXP 	Display Frame 9
569.3727 	EXP 	Display Frame 0
569.4061 	EXP 	Display Frame 1
569.4394 	EXP 	Display Frame 2
569.4727 	EXP 	Display Frame 3
569.5061 	EXP 	Display Frame 4
569.5394 	EXP 	Display Frame 5
569.5727 	EXP 	Display Frame 6
569.6061 	EXP 	Display Frame 7
569.6393 	EXP 	Display Frame 8
569.6727 	EXP 	Display Frame 9
569.7061 	EXP 	Display Frame 0
569.7394 	EXP 	Display Frame 1
569.7728 	EXP 	Display Frame 2
569.8061 	EXP 	Display Frame 3
569.8394 	EXP 	Display Frame 4
569.8727 	EXP 	Display Frame 5
569.9061 	EXP 	Display Frame 6
569.9394 	EXP 	Display Frame 7
569.9727 	EXP 	Display Frame 8
570.0061 	EXP 	Display Frame 9
570.0394 	EXP 	Display Frame 0
570.0728 	EXP 	Display Frame 1
570.1061 	EXP 	Display Frame 2
570.1394 	EXP 	Display Frame 3
570.1728 	EXP 	Display Frame 4
570.2061 	EXP 	Display Frame 5
570.2394 	EXP 	Display Frame 6
570.2727 	EXP 	Display Frame 7
570.3061 	EXP 	Display Frame 8
570.3394 	EXP 	Display Frame 9
570.3727 	EXP 	Display Frame 0
570.4061 	EXP 	Display Frame 1
570.4394 	EXP 	Display Frame 2
570.4727 	EXP 	Display Frame 3
570.5061 	EXP 	Display Frame 4
570.5394 	EXP 	Display Frame 5
570.5727 	EXP 	Display Frame 6
570.6061 	EXP 	Display Frame 7
570.6393 	EXP 	Display Frame 8
570.6727 	EXP 	Display Frame 9
570.7061 	EXP 	Display Frame 0
570.7394 	EXP 	Display Frame 1
570.7727 	EXP 	Display Frame 2
570.8061 	EXP 	Display Frame 3
570.8394 	EXP 	Display Frame 4
570.8727 	EXP 	Display Frame 5
570.9061 	EXP 	Display Frame 6
570.9394 	EXP 	Display Frame 7
570.9728 	EXP 	Display Frame 8
571.0061 	EXP 	Display Frame 9
571.0394 	EXP 	Display Frame 0
571.0727 	EXP 	Display Frame 1
571.1061 	EXP 	Display Frame 2
571.1394 	EXP 	Display Frame 3
571.1727 	EXP 	Display Frame 4
571.2061 	EXP 	Display Frame 5
571.2394 	EXP 	Display Frame 6
571.2727 	EXP 	Display Frame 7
571.3061 	EXP 	Display Frame 8
571.3394 	EXP 	Display Frame 9
571.3727 	EXP 	Display Frame 0
571.4061 	EXP 	Display Frame 1
571.4394 	EXP 	Display Frame 2
571.4727 	EXP 	Display Frame 3
571.5061 	EXP 	Display Frame 4
571.5394 	EXP 	Display Frame 5
571.5727 	EXP 	Display Frame 6
571.6061 	EXP 	Display Frame 7
571.6393 	EXP 	Display Frame 8
571.6727 	EXP 	Display Frame 9
571.7061 	EXP 	Display Frame 0
571.7394 	EXP 	Display Frame 1
571.7728 	EXP 	Display Frame 2
571.8061 	EXP 	Display Frame 3
571.8394 	EXP 	Display Frame 4
571.8728 	EXP 	Display Frame 5
571.9061 	EXP 	Display Frame 6
571.9394 	EXP 	Display Frame 7
571.9728 	EXP 	Display Frame 8
572.0061 	EXP 	Display Frame 9
572.0394 	EXP 	Display Frame 0
572.0728 	EXP 	Display Frame 1
572.1061 	EXP 	Display Frame 2
572.1394 	EXP 	Display Frame 3
572.1727 	EXP 	Display Frame 4
572.2061 	EXP 	Display Frame 5
572.2394 	EXP 	Display Frame 6
572.2727 	EXP 	Display Frame 7
572.3060 	EXP 	Display Frame 8
572.3394 	EXP 	Display Frame 9
572.3727 	EXP 	Display Frame 0
572.4061 	EXP 	Display Frame 1
572.4394 	EXP 	Display Frame 2
572.4727 	EXP 	Display Frame 3
572.5061 	EXP 	Display Frame 4
572.5394 	EXP 	Display Frame 5
572.5727 	EXP 	Display Frame 6
572.6061 	EXP 	Display Frame 7
572.6394 	EXP 	Display Frame 8
572.6727 	EXP 	Display Frame 9
572.7061 	EXP 	Display Frame 0
572.7394 	EXP 	Display Frame 1
572.7727 	EXP 	Display Frame 2
572.8061 	EXP 	Display Frame 3
572.8394 	EXP 	Display Frame 4
572.8728 	EXP 	Display Frame 5
572.9061 	EXP 	Display Frame 6
572.9394 	EXP 	Display Frame 7
572.9727 	EXP 	Display Frame 8
573.0061 	EXP 	Display Frame 9
573.0394 	EXP 	Display Frame 0
573.0727 	EXP 	Display Frame 1
573.1061 	EXP 	Display Frame 2
573.1394 	EXP 	Display Frame 3
573.1728 	EXP 	Display Frame 4
573.2061 	EXP 	Display Frame 5
573.2394 	EXP 	Display Frame 6
573.2727 	EXP 	Display Frame 7
573.3061 	EXP 	Display Frame 8
573.3395 	EXP 	Display Frame 9
573.3727 	EXP 	Display Frame 0
573.4061 	EXP 	Display Frame 1
573.4413 	EXP 	Display Frame 2
573.4727 	EXP 	Display Frame 3
573.5062 	DATA 	Keypress: equal
573.5072 	EXP 	Display Frame 4
573.5394 	EXP 	Display Frame 5
573.5727 	EXP 	Display Frame 6
573.6061 	EXP 	Display Frame 7
573.6394 	EXP 	Display Frame 8
573.6727 	EXP 	Display Frame 9
573.7061 	EXP 	Display Frame 0
573.7394 	EXP 	Display Frame 1
573.7727 	EXP 	Display Frame 2
573.8061 	EXP 	Display Frame 3
573.8394 	EXP 	Display Frame 4
573.8727 	EXP 	Display Frame 5
573.9062 	EXP 	Display Frame 6
573.9395 	EXP 	Display Frame 7
573.9727 	EXP 	Display Frame 8
574.0061 	EXP 	Display Frame 9
574.0394 	EXP 	Display Frame 0
574.0727 	EXP 	Display Frame 1
574.1061 	EXP 	Display Frame 2
574.1394 	EXP 	Display Frame 3
574.1728 	EXP 	Display Frame 4
574.2061 	EXP 	Display Frame 5
574.2394 	EXP 	Display Frame 6
574.2727 	EXP 	Display Frame 7
574.3061 	EXP 	Display Frame 8
574.3394 	EXP 	Display Frame 9
574.3728 	EXP 	Display Frame 0
574.4061 	EXP 	Display Frame 1
574.4394 	EXP 	Display Frame 2
574.4728 	EXP 	Display Frame 3
574.5061 	EXP 	Display Frame 4
574.5394 	EXP 	Display Frame 5
574.5727 	EXP 	Display Frame 6
574.6061 	EXP 	Display Frame 7
574.6393 	EXP 	Display Frame 8
574.6728 	EXP 	Display Frame 9
574.7061 	EXP 	Display Frame 0
574.7394 	EXP 	Display Frame 1
574.7727 	EXP 	Display Frame 2
574.8061 	EXP 	Display Frame 3
574.8394 	EXP 	Display Frame 4
574.8727 	EXP 	Display Frame 5
574.9061 	EXP 	Display Frame 6
574.9394 	EXP 	Display Frame 7
574.9727 	EXP 	Display Frame 8
575.0061 	EXP 	Display Frame 9
575.0394 	EXP 	Display Frame 0
575.0730 	EXP 	Display Frame 1
575.1061 	EXP 	Display Frame 2
575.1394 	EXP 	Display Frame 3
575.1727 	EXP 	Display Frame 4
575.2061 	EXP 	Display Frame 5
575.2395 	EXP 	Display Frame 6
575.2728 	EXP 	Display Frame 7
575.3061 	EXP 	Display Frame 8
575.3394 	EXP 	Display Frame 9
575.3727 	EXP 	Display Frame 0
575.4061 	EXP 	Display Frame 1
575.4394 	EXP 	Display Frame 2
575.4727 	EXP 	Display Frame 3
575.5061 	EXP 	Display Frame 4
575.5394 	EXP 	Display Frame 5
575.5727 	EXP 	Display Frame 6
575.6061 	EXP 	Display Frame 7
575.6393 	EXP 	Display Frame 8
575.6727 	EXP 	Display Frame 9
575.7061 	EXP 	Display Frame 0
575.7394 	EXP 	Display Frame 1
575.7727 	EXP 	Display Frame 2
575.8061 	EXP 	Display Frame 3
575.8394 	EXP 	Display Frame 4
575.8727 	EXP 	Display Frame 5
575.9063 	EXP 	Display Frame 6
575.9395 	EXP 	Display Frame 7
575.9729 	EXP 	Display Frame 8
576.0061 	EXP 	Display Frame 9
576.0394 	EXP 	Display Frame 0
576.0728 	EXP 	Display Frame 1
576.1061 	EXP 	Display Frame 2
576.1394 	EXP 	Display Frame 3
576.1727 	EXP 	Display Frame 4
576.2061 	EXP 	Display Frame 5
576.2394 	EXP 	Display Frame 6
576.2728 	EXP 	Display Frame 7
576.3061 	EXP 	Display Frame 8
576.3394 	EXP 	Display Frame 9
576.3727 	EXP 	Display Frame 0
576.4061 	EXP 	Display Frame 1
576.4394 	EXP 	Display Frame 2
576.4727 	EXP 	Display Frame 3
576.5061 	EXP 	Display Frame 4
576.5394 	EXP 	Display Frame 5
576.5728 	EXP 	Display Frame 6
576.6061 	EXP 	Display Frame 7
576.6394 	EXP 	Display Frame 8
576.6727 	EXP 	Display Frame 9
576.7061 	EXP 	Display Frame 0
576.7394 	EXP 	Display Frame 1
576.7727 	EXP 	Display Frame 2
576.8061 	EXP 	Display Frame 3
576.8395 	EXP 	Display Frame 4
576.8728 	EXP 	Display Frame 5
576.9061 	EXP 	Display Frame 6
576.9394 	EXP 	Display Frame 7
576.9727 	EXP 	Display Frame 8
577.0061 	EXP 	Display Frame 9
577.0394 	EXP 	Display Frame 0
577.0727 	EXP 	Display Frame 1
577.1061 	EXP 	Display Frame 2
577.1394 	EXP 	Display Frame 3
577.1728 	EXP 	Display Frame 4
577.2061 	EXP 	Display Frame 5
577.2394 	EXP 	Display Frame 6
577.2728 	EXP 	Display Frame 7
577.3061 	EXP 	Display Frame 8
577.3394 	EXP 	Display Frame 9
577.3727 	EXP 	Display Frame 0
577.4061 	EXP 	Display Frame 1
577.4394 	EXP 	Display Frame 2
577.4728 	EXP 	Display Frame 3
577.5061 	EXP 	Display Frame 4
577.5394 	EXP 	Display Frame 5
577.5727 	EXP 	Display Frame 6
577.6061 	EXP 	Display Frame 7
577.6394 	EXP 	Display Frame 8
577.6727 	EXP 	Display Frame 9
577.7061 	EXP 	Display Frame 0
577.7394 	EXP 	Display Frame 1
577.7727 	EXP 	Display Frame 2
577.8061 	EXP 	Display Frame 3
577.8394 	EXP 	Display Frame 4
577.8728 	EXP 	Display Frame 5
577.9060 	EXP 	Display Frame 6
577.9394 	EXP 	Display Frame 7
577.9727 	EXP 	Display Frame 8
578.0061 	EXP 	Display Frame 9
578.0394 	EXP 	Display Frame 0
578.0727 	EXP 	Display Frame 1
578.1061 	EXP 	Display Frame 2
578.1393 	EXP 	Display Frame 3
578.1728 	EXP 	Display Frame 4
578.2061 	EXP 	Display Frame 5
578.2394 	EXP 	Display Frame 6
578.2727 	EXP 	Display Frame 7
578.3061 	EXP 	Display Frame 8
578.3394 	EXP 	Display Frame 9
578.3727 	EXP 	Display Frame 0
578.4061 	EXP 	Display Frame 1
578.4394 	EXP 	Display Frame 2
578.4728 	EXP 	Display Frame 3
578.5060 	EXP 	Display Frame 4
578.5395 	EXP 	Display Frame 5
578.5727 	EXP 	Display Frame 6
578.6061 	EXP 	Display Frame 7
578.6393 	EXP 	Display Frame 8
578.6727 	EXP 	Display Frame 9
578.7062 	DATA 	Keypress: equal
578.7072 	EXP 	Display Frame 0
578.7394 	EXP 	Display Frame 1
578.7727 	EXP 	Display Frame 2
578.8061 	EXP 	Display Frame 3
578.8394 	EXP 	Display Frame 4
578.8727 	EXP 	Display Frame 5
578.9061 	EXP 	Display Frame 6
578.9394 	EXP 	Display Frame 7
578.9727 	EXP 	Display Frame 8
579.0061 	EXP 	Display Frame 9
579.0394 	EXP 	Display Frame 0
579.0728 	EXP 	Display Frame 1
579.1061 	EXP 	Display Frame 2
579.1394 	EXP 	Display Frame 3
579.1727 	EXP 	Display Frame 4
579.2061 	EXP 	Display Frame 5
579.2394 	EXP 	Display Frame 6
579.2729 	EXP 	Display Frame 7
579.3061 	EXP 	Display Frame 8
579.3394 	EXP 	Display Frame 9
579.3728 	EXP 	Display Frame 0
579.4061 	EXP 	Display Frame 1
579.4394 	EXP 	Display Frame 2
579.4728 	EXP 	Display Frame 3
579.5061 	EXP 	Display Frame 4
579.5394 	EXP 	Display Frame 5
579.5727 	EXP 	Display Frame 6
579.6061 	EXP 	Display Frame 7
579.6394 	EXP 	Display Frame 8
579.6727 	EXP 	Display Frame 9
579.7061 	EXP 	Display Frame 0
579.7394 	EXP 	Display Frame 1
579.7727 	EXP 	Display Frame 2
579.8061 	EXP 	Display Frame 3
579.8394 	EXP 	Display Frame 4
579.8727 	EXP 	Display Frame 5
579.9061 	EXP 	Display Frame 6
579.9394 	EXP 	Display Frame 7
579.9728 	EXP 	Display Frame 8
580.0061 	EXP 	Display Frame 9
580.0394 	EXP 	Display Frame 0
580.0727 	EXP 	Display Frame 1
580.1061 	EXP 	Display Frame 2
580.1394 	EXP 	Display Frame 3
580.1727 	EXP 	Display Frame 4
580.2061 	EXP 	Display Frame 5
580.2394 	EXP 	Display Frame 6
580.2727 	EXP 	Display Frame 7
580.3061 	EXP 	Display Frame 8
580.3394 	EXP 	Display Frame 9
580.3727 	EXP 	Display Frame 0
580.4061 	EXP 	Display Frame 1
580.4394 	EXP 	Display Frame 2
580.4743 	EXP 	Display Frame 3
580.5061 	EXP 	Display Frame 4
580.5394 	EXP 	Display Frame 5
580.5727 	EXP 	Display Frame 6
580.6061 	EXP 	Display Frame 7
580.6394 	EXP 	Display Frame 8
580.6727 	EXP 	Display Frame 9
580.7061 	EXP 	Display Frame 0
580.7394 	EXP 	Display Frame 1
580.7727 	EXP 	Display Frame 2
580.8061 	EXP 	Display Frame 3
580.8396 	EXP 	Display Frame 4
580.8728 	EXP 	Display Frame 5
580.9061 	EXP 	Display Frame 6
580.9394 	EXP 	Display Frame 7
580.9728 	EXP 	Display Frame 8
581.0061 	EXP 	Display Frame 9
581.0394 	EXP 	Display Frame 0
581.0727 	EXP 	Display Frame 1
581.1061 	EXP 	Display Frame 2
581.1394 	EXP 	Display Frame 3
581.1727 	EXP 	Display Frame 4
581.2061 	EXP 	Display Frame 5
581.2394 	EXP 	Display Frame 6
581.2727 	EXP 	Display Frame 7
581.3061 	EXP 	Display Frame 8
581.3394 	EXP 	Display Frame 9
581.3727 	EXP 	Display Frame 0
581.4061 	EXP 	Display Frame 1
581.4394 	EXP 	Display Frame 2
581.4727 	EXP 	Display Frame 3
581.5061 	EXP 	Display Frame 4
581.5394 	EXP 	Display Frame 5
581.5727 	EXP 	Display Frame 6
581.6061 	EXP 	Display Frame 7
581.6394 	EXP 	Display Frame 8
581.6727 	EXP 	Display Frame 9
581.7061 	EXP 	Display Frame 0
581.7394 	EXP 	Display Frame 1
581.7727 	EXP 	Display Frame 2
581.8061 	EXP 	Display Frame 3
581.8394 	EXP 	Display Frame 4
581.8727 	EXP 	Display Frame 5
581.9061 	EXP 	Display Frame 6
581.9394 	EXP 	Display Frame 7
581.9727 	EXP 	Display Frame 8
582.0061 	EXP 	Display Frame 9
582.0394 	EXP 	Display Frame 0
582.0728 	EXP 	Display Frame 1
582.1061 	EXP 	Display Frame 2
582.1394 	EXP 	Display Frame 3
582.1727 	EXP 	Display Frame 4
582.2061 	EXP 	Display Frame 5
582.2394 	EXP 	Display Frame 6
582.2727 	EXP 	Display Frame 7
582.3061 	EXP 	Display Frame 8
582.3394 	EXP 	Display Frame 9
582.3727 	EXP 	Display Frame 0
582.4061 	EXP 	Display Frame 1
582.4394 	EXP 	Display Frame 2
582.4727 	EXP 	Display Frame 3
582.5061 	EXP 	Display Frame 4
582.5394 	EXP 	Display Frame 5
582.5727 	EXP 	Display Frame 6
582.6061 	EXP 	Display Frame 7
582.6393 	EXP 	Display Frame 8
582.6727 	EXP 	Display Frame 9
582.7061 	EXP 	Display Frame 0
582.7394 	EXP 	Display Frame 1
582.7727 	EXP 	Display Frame 2
582.8061 	EXP 	Display Frame 3
582.8395 	EXP 	Display Frame 4
582.8727 	EXP 	Display Frame 5
582.9061 	EXP 	Display Frame 6
582.9394 	EXP 	Display Frame 7
582.9728 	EXP 	Display Frame 8
583.0061 	EXP 	Display Frame 9
583.0394 	EXP 	Display Frame 0
583.0727 	EXP 	Display Frame 1
583.1061 	EXP 	Display Frame 2
583.1394 	EXP 	Display Frame 3
583.1727 	EXP 	Display Frame 4
583.2061 	EXP 	Display Frame 5
583.2394 	EXP 	Display Frame 6
583.2728 	EXP 	Display Frame 7
583.3061 	EXP 	Display Frame 8
583.3394 	EXP 	Display Frame 9
583.3727 	EXP 	Display Frame 0
583.4061 	EXP 	Display Frame 1
583.4394 	EXP 	Display Frame 2
583.4727 	EXP 	Display Frame 3
583.5061 	EXP 	Display Frame 4
583.5394 	EXP 	Display Frame 5
583.5728 	EXP 	Display Frame 6
583.6061 	EXP 	Display Frame 7
583.6394 	EXP 	Display Frame 8
583.6728 	EXP 	Display Frame 9
583.7061 	EXP 	Display Frame 0
583.7394 	EXP 	Display Frame 1
583.7727 	EXP 	Display Frame 2
583.8061 	EXP 	Display Frame 3
583.8394 	EXP 	Display Frame 4
583.8729 	DATA 	Keypress: equal
583.8739 	EXP 	Display Frame 5
583.8838 	EXP 	Display Fixation
589.0611 	DATA 	Keypress: equal
594.2552 	DATA 	Keypress: equal
599.4482 	DATA 	Keypress: equal
604.6422 	DATA 	Keypress: equal
609.8363 	DATA 	Keypress: equal
615.0293 	DATA 	Keypress: equal
615.0638 	EXP 	Display Frame 1
615.0970 	EXP 	Display Frame 2
615.1303 	EXP 	Display Frame 3
615.1636 	EXP 	Display Frame 4
615.1970 	EXP 	Display Frame 5
615.2303 	EXP 	Display Frame 6
615.2636 	EXP 	Display Frame 7
615.2970 	EXP 	Display Frame 8
615.3303 	EXP 	Display Frame 9
615.3636 	EXP 	Display Frame 0
615.3969 	EXP 	Display Frame 1
615.4303 	EXP 	Display Frame 2
615.4636 	EXP 	Display Frame 3
615.4969 	EXP 	Display Frame 4
615.5303 	EXP 	Display Frame 5
615.5636 	EXP 	Display Frame 6
615.5969 	EXP 	Display Frame 7
615.6303 	EXP 	Display Frame 8
615.6636 	EXP 	Display Frame 9
615.6969 	EXP 	Display Frame 0
615.7303 	EXP 	Display Frame 1
615.7636 	EXP 	Display Frame 2
615.7969 	EXP 	Display Frame 3
615.8302 	EXP 	Display Frame 4
615.8636 	EXP 	Display Frame 5
615.8970 	EXP 	Display Frame 6
615.9303 	EXP 	Display Frame 7
615.9636 	EXP 	Display Frame 8
615.9969 	EXP 	Display Frame 9
616.0303 	EXP 	Display Frame 0
616.0635 	EXP 	Display Frame 1
616.0969 	EXP 	Display Frame 2
616.1302 	EXP 	Display Frame 3
616.1636 	EXP 	Display Frame 4
616.1969 	EXP 	Display Frame 5
616.2303 	EXP 	Display Frame 6
616.2636 	EXP 	Display Frame 7
616.2969 	EXP 	Display Frame 8
616.3302 	EXP 	Display Frame 9
616.3636 	EXP 	Display Frame 0
616.3969 	EXP 	Display Frame 1
616.4302 	EXP 	Display Frame 2
616.4636 	EXP 	Display Frame 3
616.4969 	EXP 	Display Frame 4
616.5302 	EXP 	Display Frame 5
616.5637 	EXP 	Display Frame 6
616.5969 	EXP 	Display Frame 7
616.6302 	EXP 	Display Frame 8
616.6636 	EXP 	Display Frame 9
616.6969 	EXP 	Display Frame 0
616.7303 	EXP 	Display Frame 1
616.7636 	EXP 	Display Frame 2
616.7969 	EXP 	Display Frame 3
616.8303 	EXP 	Display Frame 4
616.8636 	EXP 	Display Frame 5
616.8969 	EXP 	Display Frame 6
616.9302 	EXP 	Display Frame 7
616.9636 	EXP 	Display Frame 8
616.9969 	EXP 	Display Frame 9
617.0302 	EXP 	Display Frame 0
617.0635 	EXP 	Display Frame 1
617.0969 	EXP 	Display Frame 2
617.1303 	EXP 	Display Frame 3
617.1636 	EXP 	Display Frame 4
617.1969 	EXP 	Display Frame 5
617.2302 	EXP 	Display Frame 6
617.2636 	EXP 	Display Frame 7
617.2969 	EXP 	Display Frame 8
617.3303 	EXP 	Display Frame 9
617.3636 	EXP 	Display Frame 0
617.3969 	EXP 	Display Frame 1
617.4302 	EXP 	Display Frame 2
617.4636 	EXP 	Display Frame 3
617.4969 	EXP 	Display Frame 4
617.5302 	EXP 	Display Frame 5
617.5636 	EXP 	Display Frame 6
617.5969 	EXP 	Display Frame 7
617.6302 	EXP 	Display Frame 8
617.6636 	EXP 	Display Frame 9
617.6969 	EXP 	Display Frame 0
617.7303 	EXP 	Display Frame 1
617.7636 	EXP 	Display Frame 2
617.7969 	EXP 	Display Frame 3
617.8303 	EXP 	Display Frame 4
617.8636 	EXP 	Display Frame 5
617.8969 	EXP 	Display Frame 6
617.9302 	EXP 	Display Frame 7
617.9636 	EXP 	Display Frame 8
617.9969 	EXP 	Display Frame 9
618.0302 	EXP 	Display Frame 0
618.0635 	EXP 	Display Frame 1
618.0969 	EXP 	Display Frame 2
618.1302 	EXP 	Display Frame 3
618.1636 	EXP 	Display Frame 4
618.1969 	EXP 	Display Frame 5
618.2302 	EXP 	Display Frame 6
618.2636 	EXP 	Display Frame 7
618.2969 	EXP 	Display Frame 8
618.3302 	EXP 	Display Frame 9
618.3636 	EXP 	Display Frame 0
618.3969 	EXP 	Display Frame 1
618.4302 	EXP 	Display Frame 2
618.4635 	EXP 	Display Frame 3
618.4969 	EXP 	Display Frame 4
618.5303 	EXP 	Display Frame 5
618.5636 	EXP 	Display Frame 6
618.5969 	EXP 	Display Frame 7
618.6302 	EXP 	Display Frame 8
618.6636 	EXP 	Display Frame 9
618.6969 	EXP 	Display Frame 0
618.7302 	EXP 	Display Frame 1
618.7636 	EXP 	Display Frame 2
618.7969 	EXP 	Display Frame 3
618.8302 	EXP 	Display Frame 4
618.8636 	EXP 	Display Frame 5
618.8972 	EXP 	Display Frame 6
618.9303 	EXP 	Display Frame 7
618.9636 	EXP 	Display Frame 8
618.9970 	EXP 	Display Frame 9
619.0304 	EXP 	Display Frame 0
619.0636 	EXP 	Display Frame 1
619.0969 	EXP 	Display Frame 2
619.1302 	EXP 	Display Frame 3
619.1636 	EXP 	Display Frame 4
619.1969 	EXP 	Display Frame 5
619.2302 	EXP 	Display Frame 6
619.2636 	EXP 	Display Frame 7
619.2969 	EXP 	Display Frame 8
619.3302 	EXP 	Display Frame 9
619.3635 	EXP 	Display Frame 0
619.3969 	EXP 	Display Frame 1
619.4302 	EXP 	Display Frame 2
619.4636 	EXP 	Display Frame 3
619.4969 	EXP 	Display Frame 4
619.5302 	EXP 	Display Frame 5
619.5636 	EXP 	Display Frame 6
619.5969 	EXP 	Display Frame 7
619.6302 	EXP 	Display Frame 8
619.6636 	EXP 	Display Frame 9
619.6969 	EXP 	Display Frame 0
619.7302 	EXP 	Display Frame 1
619.7636 	EXP 	Display Frame 2
619.7969 	EXP 	Display Frame 3
619.8302 	EXP 	Display Frame 4
619.8636 	EXP 	Display Frame 5
619.8969 	EXP 	Display Frame 6
619.9303 	EXP 	Display Frame 7
619.9636 	EXP 	Display Frame 8
619.9969 	EXP 	Display Frame 9
620.0302 	EXP 	Display Frame 0
620.0635 	EXP 	Display Frame 1
620.0969 	EXP 	Display Frame 2
620.1302 	EXP 	Display Frame 3
620.1636 	EXP 	Display Frame 4
620.1969 	EXP 	Display Frame 5
620.2303 	DATA 	Keypress: equal
620.2314 	EXP 	Display Frame 6
620.2636 	EXP 	Display Frame 7
620.2969 	EXP 	Display Frame 8
620.3302 	EXP 	Display Frame 9
620.3636 	EXP 	Display Frame 0
620.3969 	EXP 	Display Frame 1
620.4302 	EXP 	Display Frame 2
620.4636 	EXP 	Display Frame 3
620.4969 	EXP 	Display Frame 4
620.5303 	EXP 	Display Frame 5
620.5636 	EXP 	Display Frame 6
620.5969 	EXP 	Display Frame 7
620.6302 	EXP 	Display Frame 8
620.6636 	EXP 	Display Frame 9
620.6969 	EXP 	Display Frame 0
620.7302 	EXP 	Display Frame 1
620.7636 	EXP 	Display Frame 2
620.7969 	EXP 	Display Frame 3
620.8302 	EXP 	Display Frame 4
620.8636 	EXP 	Display Frame 5
620.8969 	EXP 	Display Frame 6
620.9302 	EXP 	Display Frame 7
620.9636 	EXP 	Display Frame 8
620.9969 	EXP 	Display Frame 9
621.0302 	EXP 	Display Frame 0
621.0635 	EXP 	Display Frame 1
621.0969 	EXP 	Display Frame 2
621.1302 	EXP 	Display Frame 3
621.1636 	EXP 	Display Frame 4
621.1969 	EXP 	Display Frame 5
621.2302 	EXP 	Display Frame 6
621.2636 	EXP 	Display Frame 7
621.2969 	EXP 	Display Frame 8
621.3303 	EXP 	Display Frame 9
621.3636 	EXP 	Display Frame 0
621.3969 	EXP 	Display Frame 1
621.4302 	EXP 	Display Frame 2
621.4636 	EXP 	Display Frame 3
621.4969 	EXP 	Display Frame 4
621.5302 	EXP 	Display Frame 5
621.5636 	EXP 	Display Frame 6
621.5969 	EXP 	Display Frame 7
621.6302 	EXP 	Display Frame 8
621.6636 	EXP 	Display Frame 9
621.6969 	EXP 	Display Frame 0
621.7303 	EXP 	Display Frame 1
621.7636 	EXP 	Display Frame 2
621.7969 	EXP 	Display Frame 3
621.8302 	EXP 	Display Frame 4
621.8636 	EXP 	Display Frame 5
621.8970 	EXP 	Display Frame 6
621.9302 	EXP 	Display Frame 7
621.9636 	EXP 	Display Frame 8
621.9969 	EXP 	Display Frame 9
622.0303 	EXP 	Display Frame 0
622.0636 	EXP 	Display Frame 1
622.0969 	EXP 	Display Frame 2
622.1303 	EXP 	Display Frame 3
622.1636 	EXP 	Display Frame 4
622.1969 	EXP 	Display Frame 5
622.2302 	EXP 	Display Frame 6
622.2636 	EXP 	Display Frame 7
622.2969 	EXP 	Display Frame 8
622.3302 	EXP 	Display Frame 9
622.3636 	EXP 	Display Frame 0
622.3969 	EXP 	Display Frame 1
622.4302 	EXP 	Display Frame 2
622.4636 	EXP 	Display Frame 3
622.4969 	EXP 	Display Frame 4
622.5303 	EXP 	Display Frame 5
622.5636 	EXP 	Display Frame 6
622.5969 	EXP 	Display Frame 7
622.6302 	EXP 	Display Frame 8
622.6636 	EXP 	Display Frame 9
622.6969 	EXP 	Display Frame 0
622.7302 	EXP 	Display Frame 1
622.7636 	EXP 	Display Frame 2
622.7969 	EXP 	Display Frame 3
622.8302 	EXP 	Display Frame 4
622.8636 	EXP 	Display Frame 5
622.8969 	EXP 	Display Frame 6
622.9303 	EXP 	Display Frame 7
622.9636 	EXP 	Display Frame 8
622.9969 	EXP 	Display Frame 9
623.0303 	EXP 	Display Frame 0
623.0635 	EXP 	Display Frame 1
623.0969 	EXP 	Display Frame 2
623.1302 	EXP 	Display Frame 3
623.1636 	EXP 	Display Frame 4
623.1969 	EXP 	Display Frame 5
623.2302 	EXP 	Display Frame 6
623.2636 	EXP 	Display Frame 7
623.2969 	EXP 	Display Frame 8
623.3302 	EXP 	Display Frame 9
623.3636 	EXP 	Display Frame 0
623.3969 	EXP 	Display Frame 1
623.4303 	EXP 	Display Frame 2
623.4636 	EXP 	Display Frame 3
623.4969 	EXP 	Display Frame 4
623.5302 	EXP 	Display Frame 5
623.5636 	EXP 	Display Frame 6
623.5969 	EXP 	Display Frame 7
623.6302 	EXP 	Display Frame 8
623.6636 	EXP 	Display Frame 9
623.6969 	EXP 	Display Frame 0
623.7302 	EXP 	Display Frame 1
623.7636 	EXP 	Display Frame 2
623.7969 	EXP 	Display Frame 3
623.8303 	EXP 	Display Frame 4
623.8636 	EXP 	Display Frame 5
623.8969 	EXP 	Display Frame 6
623.9303 	EXP 	Display Frame 7
623.9636 	EXP 	Display Frame 8
623.9969 	EXP 	Display Frame 9
624.0302 	EXP 	Display Frame 0
624.0635 	EXP 	Display Frame 1
624.0969 	EXP 	Display Frame 2
624.1303 	EXP 	Display Frame 3
624.1636 	EXP 	Display Frame 4
624.1969 	EXP 	Display Frame 5
624.2303 	EXP 	Display Frame 6
624.2636 	EXP 	Display Frame 7
624.2969 	EXP 	Display Frame 8
624.3302 	EXP 	Display Frame 9
624.3636 	EXP 	Display Frame 0
624.3969 	EXP 	Display Frame 1
624.4302 	EXP 	Display Frame 2
624.4636 	EXP 	Display Frame 3
624.4969 	EXP 	Display Frame 4
624.5302 	EXP 	Display Frame 5
624.5636 	EXP 	Display Frame 6
624.5969 	EXP 	Display Frame 7
624.6303 	EXP 	Display Frame 8
624.6636 	EXP 	Display Frame 9
624.6969 	EXP 	Display Frame 0
624.7314 	EXP 	Display Frame 1
624.7636 	EXP 	Display Frame 2
624.7969 	EXP 	Display Frame 3
624.8302 	EXP 	Display Frame 4
624.8636 	EXP 	Display Frame 5
624.8969 	EXP 	Display Frame 6
624.9302 	EXP 	Display Frame 7
624.9636 	EXP 	Display Frame 8
624.9969 	EXP 	Display Frame 9
625.0303 	EXP 	Display Frame 0
625.0635 	EXP 	Display Frame 1
625.0969 	EXP 	Display Frame 2
625.1302 	EXP 	Display Frame 3
625.1636 	EXP 	Display Frame 4
625.1969 	EXP 	Display Frame 5
625.2302 	EXP 	Display Frame 6
625.2639 	EXP 	Display Frame 7
625.2969 	EXP 	Display Frame 8
625.3303 	EXP 	Display Frame 9
625.3636 	EXP 	Display Frame 0
625.3969 	EXP 	Display Frame 1
625.4304 	DATA 	Keypress: equal
625.4314 	EXP 	Display Frame 2
625.4636 	EXP 	Display Frame 3
625.4969 	EXP 	Display Frame 4
625.5302 	EXP 	Display Frame 5
625.5636 	EXP 	Display Frame 6
625.5969 	EXP 	Display Frame 7
625.6303 	EXP 	Display Frame 8
625.6636 	EXP 	Display Frame 9
625.6969 	EXP 	Display Frame 0
625.7302 	EXP 	Display Frame 1
625.7636 	EXP 	Display Frame 2
625.7978 	EXP 	Display Frame 3
625.8302 	EXP 	Display Frame 4
625.8636 	EXP 	Display Frame 5
625.8969 	EXP 	Display Frame 6
625.9303 	EXP 	Display Frame 7
625.9636 	EXP 	Display Frame 8
625.9969 	EXP 	Display Frame 9
626.0302 	EXP 	Display Frame 0
626.0635 	EXP 	Display Frame 1
626.0969 	EXP 	Display Frame 2
626.1303 	EXP 	Display Frame 3
626.1636 	EXP 	Display Frame 4
626.1969 	EXP 	Display Frame 5
626.2303 	EXP 	Display Frame 6
626.2636 	EXP 	Display Frame 7
626.2969 	EXP 	Display Frame 8
626.3302 	EXP 	Display Frame 9
626.3636 	EXP 	Display Frame 0
626.3969 	EXP 	Display Frame 1
626.4303 	EXP 	Display Frame 2
626.4636 	EXP 	Display Frame 3
626.4969 	EXP 	Display Frame 4
626.5302 	EXP 	Display Frame 5
626.5636 	EXP 	Display Frame 6
626.5969 	EXP 	Display Frame 7
626.6302 	EXP 	Display Frame 8
626.6636 	EXP 	Display Frame 9
626.6969 	EXP 	Display Frame 0
626.7303 	EXP 	Display Frame 1
626.7636 	EXP 	Display Frame 2
626.7969 	EXP 	Display Frame 3
626.8302 	EXP 	Display Frame 4
626.8636 	EXP 	Display Frame 5
626.8969 	EXP 	Display Frame 6
626.9302 	EXP 	Display Frame 7
626.9636 	EXP 	Display Frame 8
626.9969 	EXP 	Display Frame 9
627.0302 	EXP 	Display Frame 0
627.0635 	EXP 	Display Frame 1
627.0969 	EXP 	Display Frame 2
627.1302 	EXP 	Display Frame 3
627.1636 	EXP 	Display Frame 4
627.1969 	EXP 	Display Frame 5
627.2303 	EXP 	Display Frame 6
627.2636 	EXP 	Display Frame 7
627.2969 	EXP 	Display Frame 8
627.3303 	EXP 	Display Frame 9
627.3636 	EXP 	Display Frame 0
627.3969 	EXP 	Display Frame 1
627.4302 	EXP 	Display Frame 2
627.4636 	EXP 	Display Frame 3
627.4969 	EXP 	Display Frame 4
627.5302 	EXP 	Display Frame 5
627.5636 	EXP 	Display Frame 6
627.5969 	EXP 	Display Frame 7
627.6302 	EXP 	Display Frame 8
627.6636 	EXP 	Display Frame 9
627.6969 	EXP 	Display Frame 0
627.7303 	EXP 	Display Frame 1
627.7636 	EXP 	Display Frame 2
627.7969 	EXP 	Display Frame 3
627.8302 	EXP 	Display Frame 4
627.8636 	EXP 	Display Frame 5
627.8969 	EXP 	Display Frame 6
627.9302 	EXP 	Display Frame 7
627.9635 	EXP 	Display Frame 8
627.9969 	EXP 	Display Frame 9
628.0303 	EXP 	Display Frame 0
628.0635 	EXP 	Display Frame 1
628.0969 	EXP 	Display Frame 2
628.1302 	EXP 	Display Frame 3
628.1636 	EXP 	Display Frame 4
628.1969 	EXP 	Display Frame 5
628.2302 	EXP 	Display Frame 6
628.2636 	EXP 	Display Frame 7
628.2969 	EXP 	Display Frame 8
628.3302 	EXP 	Display Frame 9
628.3636 	EXP 	Display Frame 0
628.3969 	EXP 	Display Frame 1
628.4302 	EXP 	Display Frame 2
628.4636 	EXP 	Display Frame 3
628.4969 	EXP 	Display Frame 4
628.5303 	EXP 	Display Frame 5
628.5636 	EXP 	Display Frame 6
628.5969 	EXP 	Display Frame 7
628.6303 	EXP 	Display Frame 8
628.6636 	EXP 	Display Frame 9
628.6969 	EXP 	Display Frame 0
628.7302 	EXP 	Display Frame 1
628.7636 	EXP 	Display Frame 2
628.7969 	EXP 	Display Frame 3
628.8302 	EXP 	Display Frame 4
628.8635 	EXP 	Display Frame 5
628.8969 	EXP 	Display Frame 6
628.9302 	EXP 	Display Frame 7
628.9636 	EXP 	Display Frame 8
628.9969 	EXP 	Display Frame 9
629.0302 	EXP 	Display Frame 0
629.0635 	EXP 	Display Frame 1
629.0969 	EXP 	Display Frame 2
629.1302 	EXP 	Display Frame 3
629.1636 	EXP 	Display Frame 4
629.1969 	EXP 	Display Frame 5
629.2302 	EXP 	Display Frame 6
629.2636 	EXP 	Display Frame 7
629.2969 	EXP 	Display Frame 8
629.3302 	EXP 	Display Frame 9
629.3636 	EXP 	Display Frame 0
629.3969 	EXP 	Display Frame 1
629.4302 	EXP 	Display Frame 2
629.4636 	EXP 	Display Frame 3
629.4969 	EXP 	Display Frame 4
629.5303 	EXP 	Display Frame 5
629.5636 	EXP 	Display Frame 6
629.5969 	EXP 	Display Frame 7
629.6302 	EXP 	Display Frame 8
629.6636 	EXP 	Display Frame 9
629.6969 	EXP 	Display Frame 0
629.7302 	EXP 	Display Frame 1
629.7636 	EXP 	Display Frame 2
629.7969 	EXP 	Display Frame 3
629.8302 	EXP 	Display Frame 4
629.8636 	EXP 	Display Frame 5
629.8969 	EXP 	Display Frame 6
629.9302 	EXP 	Display Frame 7
629.9636 	EXP 	Display Frame 8
629.9969 	EXP 	Display Frame 9
630.0302 	EXP 	Display Frame 0
630.0635 	EXP 	Display Frame 1
630.0969 	EXP 	Display Frame 2
630.1302 	EXP 	Display Frame 3
630.1636 	EXP 	Display Frame 4
630.1969 	EXP 	Display Frame 5
630.2302 	EXP 	Display Frame 6
630.2636 	EXP 	Display Frame 7
630.2969 	EXP 	Display Frame 8
630.3302 	EXP 	Display Frame 9
630.3636 	EXP 	Display Frame 0
630.3969 	EXP 	Display Frame 1
630.4302 	EXP 	Display Frame 2
630.4636 	EXP 	Display Frame 3
630.4969 	EXP 	Display Frame 4
630.5302 	EXP 	Display Frame 5
630.5636 	EXP 	Display Frame 6
630.5969 	EXP 	Display Frame 7
630.6303 	DATA 	Keypress: equal
630.6313 	EXP 	Display Frame 8
630.6636 	EXP 	Display Frame 9
630.6969 	EXP 	Display Frame 0
630.7302 	EXP 	Display Frame 1
630.7636 	EXP 	Display Frame 2
630.7986 	EXP 	Display Frame 3
630.8302 	EXP 	Display Frame 4
630.8636 	EXP 	Display Frame 5
630.8969 	EXP 	Display Frame 6
630.9302 	EXP 	Display Frame 7
630.9636 	EXP 	Display Frame 8
630.9969 	EXP 	Display Frame 9
631.0302 	EXP 	Display Frame 0
631.0635 	EXP 	Display Frame 1
631.0969 	EXP 	Display Frame 2
631.1302 	EXP 	Display Frame 3
631.1636 	EXP 	Display Frame 4
631.1969 	EXP 	Display Frame 5
631.2302 	EXP 	Display Frame 6
631.2636 	EXP 	Display Frame 7
631.2969 	EXP 	Display Frame 8
631.3303 	EXP 	Display Frame 9
631.3636 	EXP 	Display Frame 0
631.3969 	EXP 	Display Frame 1
631.4303 	EXP 	Display Frame 2
631.4636 	EXP 	Display Frame 3
631.4969 	EXP 	Display Frame 4
631.5302 	EXP 	Display Frame 5
631.5636 	EXP 	Display Frame 6
631.5971 	EXP 	Display Frame 7
631.6303 	EXP 	Display Frame 8
631.6636 	EXP 	Display Frame 9
631.6969 	EXP 	Display Frame 0
631.7302 	EXP 	Display Frame 1
631.7636 	EXP 	Display Frame 2
631.7969 	EXP 	Display Frame 3
631.8302 	EXP 	Display Frame 4
631.8636 	EXP 	Display Frame 5
631.8969 	EXP 	Display Frame 6
631.9303 	EXP 	Display Frame 7
631.9636 	EXP 	Display Frame 8
631.9969 	EXP 	Display Frame 9
632.0303 	EXP 	Display Frame 0
632.0635 	EXP 	Display Frame 1
632.0969 	EXP 	Display Frame 2
632.1302 	EXP 	Display Frame 3
632.1636 	EXP 	Display Frame 4
632.1969 	EXP 	Display Frame 5
632.2302 	EXP 	Display Frame 6
632.2636 	EXP 	Display Frame 7
632.2969 	EXP 	Display Frame 8
632.3302 	EXP 	Display Frame 9
632.3636 	EXP 	Display Frame 0
632.3969 	EXP 	Display Frame 1
632.4302 	EXP 	Display Frame 2
632.4636 	EXP 	Display Frame 3
632.4969 	EXP 	Display Frame 4
632.5302 	EXP 	Display Frame 5
632.5637 	EXP 	Display Frame 6
632.5969 	EXP 	Display Frame 7
632.6302 	EXP 	Display Frame 8
632.6636 	EXP 	Display Frame 9
632.6969 	EXP 	Display Frame 0
632.7302 	EXP 	Display Frame 1
632.7636 	EXP 	Display Frame 2
632.7969 	EXP 	Display Frame 3
632.8303 	EXP 	Display Frame 4
632.8636 	EXP 	Display Frame 5
632.8969 	EXP 	Display Frame 6
632.9302 	EXP 	Display Frame 7
632.9636 	EXP 	Display Frame 8
632.9969 	EXP 	Display Frame 9
633.0302 	EXP 	Display Frame 0
633.0635 	EXP 	Display Frame 1
633.0969 	EXP 	Display Frame 2
633.1302 	EXP 	Display Frame 3
633.1636 	EXP 	Display Frame 4
633.1969 	EXP 	Display Frame 5
633.2302 	EXP 	Display Frame 6
633.2636 	EXP 	Display Frame 7
633.2969 	EXP 	Display Frame 8
633.3302 	EXP 	Display Frame 9
633.3636 	EXP 	Display Frame 0
633.3969 	EXP 	Display Frame 1
633.4302 	EXP 	Display Frame 2
633.4636 	EXP 	Display Frame 3
633.4969 	EXP 	Display Frame 4
633.5303 	EXP 	Display Frame 5
633.5636 	EXP 	Display Frame 6
633.5969 	EXP 	Display Frame 7
633.6302 	EXP 	Display Frame 8
633.6636 	EXP 	Display Frame 9
633.6969 	EXP 	Display Frame 0
633.7302 	EXP 	Display Frame 1
633.7636 	EXP 	Display Frame 2
633.7969 	EXP 	Display Frame 3
633.8302 	EXP 	Display Frame 4
633.8636 	EXP 	Display Frame 5
633.8969 	EXP 	Display Frame 6
633.9303 	EXP 	Display Frame 7
633.9636 	EXP 	Display Frame 8
633.9969 	EXP 	Display Frame 9
634.0302 	EXP 	Display Frame 0
634.0635 	EXP 	Display Frame 1
634.0969 	EXP 	Display Frame 2
634.1303 	EXP 	Display Frame 3
634.1636 	EXP 	Display Frame 4
634.1969 	EXP 	Display Frame 5
634.2302 	EXP 	Display Frame 6
634.2636 	EXP 	Display Frame 7
634.2969 	EXP 	Display Frame 8
634.3302 	EXP 	Display Frame 9
634.3636 	EXP 	Display Frame 0
634.3969 	EXP 	Display Frame 1
634.4302 	EXP 	Display Frame 2
634.4636 	EXP 	Display Frame 3
634.4969 	EXP 	Display Frame 4
634.5302 	EXP 	Display Frame 5
634.5636 	EXP 	Display Frame 6
634.5969 	EXP 	Display Frame 7
634.6302 	EXP 	Display Frame 8
634.6636 	EXP 	Display Frame 9
634.6969 	EXP 	Display Frame 0
634.7303 	EXP 	Display Frame 1
634.7636 	EXP 	Display Frame 2
634.7989 	EXP 	Display Frame 3
634.8302 	EXP 	Display Frame 4
634.8636 	EXP 	Display Frame 5
634.8969 	EXP 	Display Frame 6
634.9302 	EXP 	Display Frame 7
634.9636 	EXP 	Display Frame 8
634.9969 	EXP 	Display Frame 9
635.0302 	EXP 	Display Frame 0
635.0635 	EXP 	Display Frame 1
635.0969 	EXP 	Display Frame 2
635.1302 	EXP 	Display Frame 3
635.1636 	EXP 	Display Frame 4
635.1969 	EXP 	Display Frame 5
635.2302 	EXP 	Display Frame 6
635.2636 	EXP 	Display Frame 7
635.2969 	EXP 	Display Frame 8
635.3303 	EXP 	Display Frame 9
635.3636 	EXP 	Display Frame 0
635.3969 	EXP 	Display Frame 1
635.4302 	EXP 	Display Frame 2
635.4636 	EXP 	Display Frame 3
635.4969 	EXP 	Display Frame 4
635.5303 	EXP 	Display Frame 5
635.5636 	EXP 	Display Frame 6
635.5969 	EXP 	Display Frame 7
635.6303 	EXP 	Display Frame 8
635.6636 	EXP 	Display Frame 9
635.6969 	EXP 	Display Frame 0
635.7302 	EXP 	Display Frame 1
635.7636 	EXP 	Display Frame 2
635.7969 	EXP 	Display Frame 3
635.8304 	DATA 	Keypress: equal
635.8315 	EXP 	Display Frame 4
635.8636 	EXP 	Display Frame 5
635.8970 	EXP 	Display Frame 6
635.9305 	EXP 	Display Frame 7
635.9636 	EXP 	Display Frame 8
635.9970 	EXP 	Display Frame 9
636.0303 	EXP 	Display Frame 0
636.0635 	EXP 	Display Frame 1
636.0969 	EXP 	Display Frame 2
636.1302 	EXP 	Display Frame 3
636.1636 	EXP 	Display Frame 4
636.1969 	EXP 	Display Frame 5
636.2302 	EXP 	Display Frame 6
636.2636 	EXP 	Display Frame 7
636.2969 	EXP 	Display Frame 8
636.3302 	EXP 	Display Frame 9
636.3636 	EXP 	Display Frame 0
636.3969 	EXP 	Display Frame 1
636.4302 	EXP 	Display Frame 2
636.4636 	EXP 	Display Frame 3
636.4969 	EXP 	Display Frame 4
636.5302 	EXP 	Display Frame 5
636.5636 	EXP 	Display Frame 6
636.5968 	EXP 	Display Frame 7
636.6303 	EXP 	Display Frame 8
636.6636 	EXP 	Display Frame 9
636.6969 	EXP 	Display Frame 0
636.7303 	EXP 	Display Frame 1
636.7636 	EXP 	Display Frame 2
636.7969 	EXP 	Display Frame 3
636.8302 	EXP 	Display Frame 4
636.8636 	EXP 	Display Frame 5
636.8969 	EXP 	Display Frame 6
636.9303 	EXP 	Display Frame 7
636.9636 	EXP 	Display Frame 8
636.9969 	EXP 	Display Frame 9
637.0302 	EXP 	Display Frame 0
637.0635 	EXP 	Display Frame 1
637.0969 	EXP 	Display Frame 2
637.1303 	EXP 	Display Frame 3
637.1636 	EXP 	Display Frame 4
637.1969 	EXP 	Display Frame 5
637.2302 	EXP 	Display Frame 6
637.2636 	EXP 	Display Frame 7
637.2969 	EXP 	Display Frame 8
637.3302 	EXP 	Display Frame 9
637.3636 	EXP 	Display Frame 0
637.3969 	EXP 	Display Frame 1
637.4303 	EXP 	Display Frame 2
637.4636 	EXP 	Display Frame 3
637.4969 	EXP 	Display Frame 4
637.5303 	EXP 	Display Frame 5
637.5636 	EXP 	Display Frame 6
637.5969 	EXP 	Display Frame 7
637.6302 	EXP 	Display Frame 8
637.6636 	EXP 	Display Frame 9
637.6969 	EXP 	Display Frame 0
637.7303 	EXP 	Display Frame 1
637.7636 	EXP 	Display Frame 2
637.7969 	EXP 	Display Frame 3
637.8302 	EXP 	Display Frame 4
637.8636 	EXP 	Display Frame 5
637.8970 	EXP 	Display Frame 6
637.9303 	EXP 	Display Frame 7
637.9638 	EXP 	Display Frame 8
637.9969 	EXP 	Display Frame 9
638.0303 	EXP 	Display Frame 0
638.0636 	EXP 	Display Frame 1
638.0969 	EXP 	Display Frame 2
638.1303 	EXP 	Display Frame 3
638.1636 	EXP 	Display Frame 4
638.1969 	EXP 	Display Frame 5
638.2303 	EXP 	Display Frame 6
638.2636 	EXP 	Display Frame 7
638.2969 	EXP 	Display Frame 8
638.3302 	EXP 	Display Frame 9
638.3636 	EXP 	Display Frame 0
638.3969 	EXP 	Display Frame 1
638.4303 	EXP 	Display Frame 2
638.4636 	EXP 	Display Frame 3
638.4969 	EXP 	Display Frame 4
638.5302 	EXP 	Display Frame 5
638.5636 	EXP 	Display Frame 6
638.5969 	EXP 	Display Frame 7
638.6302 	EXP 	Display Frame 8
638.6636 	EXP 	Display Frame 9
638.6969 	EXP 	Display Frame 0
638.7303 	EXP 	Display Frame 1
638.7636 	EXP 	Display Frame 2
638.7969 	EXP 	Display Frame 3
638.8302 	EXP 	Display Frame 4
638.8636 	EXP 	Display Frame 5
638.8969 	EXP 	Display Frame 6
638.9303 	EXP 	Display Frame 7
638.9636 	EXP 	Display Frame 8
638.9969 	EXP 	Display Frame 9
639.0303 	EXP 	Display Frame 0
639.0635 	EXP 	Display Frame 1
639.0969 	EXP 	Display Frame 2
639.1302 	EXP 	Display Frame 3
639.1636 	EXP 	Display Frame 4
639.1969 	EXP 	Display Frame 5
639.2302 	EXP 	Display Frame 6
639.2636 	EXP 	Display Frame 7
639.2969 	EXP 	Display Frame 8
639.3303 	EXP 	Display Frame 9
639.3636 	EXP 	Display Frame 0
639.3969 	EXP 	Display Frame 1
639.4302 	EXP 	Display Frame 2
639.4636 	EXP 	Display Frame 3
639.4969 	EXP 	Display Frame 4
639.5302 	EXP 	Display Frame 5
639.5636 	EXP 	Display Frame 6
639.5969 	EXP 	Display Frame 7
639.6302 	EXP 	Display Frame 8
639.6635 	EXP 	Display Frame 9
639.6969 	EXP 	Display Frame 0
639.7302 	EXP 	Display Frame 1
639.7636 	EXP 	Display Frame 2
639.7969 	EXP 	Display Frame 3
639.8303 	EXP 	Display Frame 4
639.8636 	EXP 	Display Frame 5
639.8969 	EXP 	Display Frame 6
639.9302 	EXP 	Display Frame 7
639.9635 	EXP 	Display Frame 8
639.9969 	EXP 	Display Frame 9
640.0302 	EXP 	Display Frame 0
640.0635 	EXP 	Display Frame 1
640.0969 	EXP 	Display Frame 2
640.1303 	EXP 	Display Frame 3
640.1636 	EXP 	Display Frame 4
640.1969 	EXP 	Display Frame 5
640.2302 	EXP 	Display Frame 6
640.2635 	EXP 	Display Frame 7
640.2969 	EXP 	Display Frame 8
640.3302 	EXP 	Display Frame 9
640.3636 	EXP 	Display Frame 0
640.3969 	EXP 	Display Frame 1
640.4302 	EXP 	Display Frame 2
640.4636 	EXP 	Display Frame 3
640.4969 	EXP 	Display Frame 4
640.5303 	EXP 	Display Frame 5
640.5636 	EXP 	Display Frame 6
640.5969 	EXP 	Display Frame 7
640.6302 	EXP 	Display Frame 8
640.6636 	EXP 	Display Frame 9
640.6969 	EXP 	Display Frame 0
640.7303 	EXP 	Display Frame 1
640.7636 	EXP 	Display Frame 2
640.7969 	EXP 	Display Frame 3
640.8302 	EXP 	Display Frame 4
640.8636 	EXP 	Display Frame 5
640.8969 	EXP 	Display Frame 6
640.9302 	EXP 	Display Frame 7
640.9636 	EXP 	Display Frame 8
640.9969 	EXP 	Display Frame 9
640.9977 	DATA 	Keypress: equal
641.0302 	EXP 	Display Frame 0
641.0635 	EXP 	Display Frame 1
641.0969 	EXP 	Display Frame 2
641.1302 	EXP 	Display Frame 3
641.1636 	EXP 	Display Frame 4
641.1969 	EXP 	Display Frame 5
641.2302 	EXP 	Display Frame 6
641.2636 	EXP 	Display Frame 7
641.2969 	EXP 	Display Frame 8
641.3302 	EXP 	Display Frame 9
641.3636 	EXP 	Display Frame 0
641.3969 	EXP 	Display Frame 1
641.4303 	EXP 	Display Frame 2
641.4636 	EXP 	Display Frame 3
641.4969 	EXP 	Display Frame 4
641.5302 	EXP 	Display Frame 5
641.5636 	EXP 	Display Frame 6
641.5969 	EXP 	Display Frame 7
641.6302 	EXP 	Display Frame 8
641.6636 	EXP 	Display Frame 9
641.6969 	EXP 	Display Frame 0
641.7302 	EXP 	Display Frame 1
641.7636 	EXP 	Display Frame 2
641.7969 	EXP 	Display Frame 3
641.8302 	EXP 	Display Frame 4
641.8636 	EXP 	Display Frame 5
641.8969 	EXP 	Display Frame 6
641.9302 	EXP 	Display Frame 7
641.9636 	EXP 	Display Frame 8
641.9969 	EXP 	Display Frame 9
642.0302 	EXP 	Display Frame 0
642.0635 	EXP 	Display Frame 1
642.0969 	EXP 	Display Frame 2
642.1302 	EXP 	Display Frame 3
642.1636 	EXP 	Display Frame 4
642.1969 	EXP 	Display Frame 5
642.2302 	EXP 	Display Frame 6
642.2636 	EXP 	Display Frame 7
642.2969 	EXP 	Display Frame 8
642.3303 	EXP 	Display Frame 9
642.3636 	EXP 	Display Frame 0
642.3969 	EXP 	Display Frame 1
642.4302 	EXP 	Display Frame 2
642.4636 	EXP 	Display Frame 3
642.4969 	EXP 	Display Frame 4
642.5302 	EXP 	Display Frame 5
642.5636 	EXP 	Display Frame 6
642.5969 	EXP 	Display Frame 7
642.6302 	EXP 	Display Frame 8
642.6636 	EXP 	Display Frame 9
642.6969 	EXP 	Display Frame 0
642.7302 	EXP 	Display Frame 1
642.7636 	EXP 	Display Frame 2
642.7969 	EXP 	Display Frame 3
642.8302 	EXP 	Display Frame 4
642.8636 	EXP 	Display Frame 5
642.8969 	EXP 	Display Frame 6
642.9302 	EXP 	Display Frame 7
642.9636 	EXP 	Display Frame 8
642.9969 	EXP 	Display Frame 9
643.0302 	EXP 	Display Frame 0
643.0635 	EXP 	Display Frame 1
643.0969 	EXP 	Display Frame 2
643.1302 	EXP 	Display Frame 3
643.1636 	EXP 	Display Frame 4
643.1969 	EXP 	Display Frame 5
643.2304 	EXP 	Display Frame 6
643.2636 	EXP 	Display Frame 7
643.2969 	EXP 	Display Frame 8
643.3302 	EXP 	Display Frame 9
643.3636 	EXP 	Display Frame 0
643.3969 	EXP 	Display Frame 1
643.4302 	EXP 	Display Frame 2
643.4635 	EXP 	Display Frame 3
643.4969 	EXP 	Display Frame 4
643.5302 	EXP 	Display Frame 5
643.5636 	EXP 	Display Frame 6
643.5969 	EXP 	Display Frame 7
643.6302 	EXP 	Display Frame 8
643.6636 	EXP 	Display Frame 9
643.6969 	EXP 	Display Frame 0
643.7302 	EXP 	Display Frame 1
643.7636 	EXP 	Display Frame 2
643.7969 	EXP 	Display Frame 3
643.8302 	EXP 	Display Frame 4
643.8636 	EXP 	Display Frame 5
643.8969 	EXP 	Display Frame 6
643.9303 	EXP 	Display Frame 7
643.9636 	EXP 	Display Frame 8
643.9969 	EXP 	Display Frame 9
644.0303 	EXP 	Display Frame 0
644.0635 	EXP 	Display Frame 1
644.0969 	EXP 	Display Frame 2
644.1302 	EXP 	Display Frame 3
644.1636 	EXP 	Display Frame 4
644.1969 	EXP 	Display Frame 5
644.2302 	EXP 	Display Frame 6
644.2636 	EXP 	Display Frame 7
644.2971 	EXP 	Display Frame 8
644.3302 	EXP 	Display Frame 9
644.3636 	EXP 	Display Frame 0
644.3969 	EXP 	Display Frame 1
644.4303 	EXP 	Display Frame 2
644.4636 	EXP 	Display Frame 3
644.4969 	EXP 	Display Frame 4
644.5303 	EXP 	Display Frame 5
644.5636 	EXP 	Display Frame 6
644.5969 	EXP 	Display Frame 7
644.6302 	EXP 	Display Frame 8
644.6636 	EXP 	Display Frame 9
644.6969 	EXP 	Display Frame 0
644.7303 	EXP 	Display Frame 1
644.7636 	EXP 	Display Frame 2
644.7969 	EXP 	Display Frame 3
644.8302 	EXP 	Display Frame 4
644.8636 	EXP 	Display Frame 5
644.8969 	EXP 	Display Frame 6
644.9302 	EXP 	Display Frame 7
644.9636 	EXP 	Display Frame 8
644.9969 	EXP 	Display Frame 9
645.0303 	EXP 	Display Frame 0
645.0635 	EXP 	Display Frame 1
645.0969 	EXP 	Display Frame 2
645.1303 	EXP 	Display Frame 3
645.1636 	EXP 	Display Frame 4
645.1969 	EXP 	Display Frame 5
645.2302 	EXP 	Display Frame 6
645.2636 	EXP 	Display Frame 7
645.2969 	EXP 	Display Frame 8
645.3302 	EXP 	Display Frame 9
645.3636 	EXP 	Display Frame 0
645.3969 	EXP 	Display Frame 1
645.4303 	EXP 	Display Frame 2
645.4636 	EXP 	Display Frame 3
645.4969 	EXP 	Display Frame 4
645.5302 	EXP 	Display Frame 5
645.5636 	EXP 	Display Frame 6
645.5969 	EXP 	Display Frame 7
645.6302 	EXP 	Display Frame 8
645.6636 	EXP 	Display Frame 9
645.6969 	EXP 	Display Frame 0
645.7303 	EXP 	Display Frame 1
645.7636 	EXP 	Display Frame 2
645.7969 	EXP 	Display Frame 3
645.8302 	EXP 	Display Frame 4
645.8636 	EXP 	Display Frame 5
645.8969 	EXP 	Display Frame 6
645.9302 	EXP 	Display Frame 7
645.9636 	EXP 	Display Frame 8
645.9969 	EXP 	Display Frame 9
646.0303 	EXP 	Display Frame 0
646.0635 	EXP 	Display Frame 1
646.0969 	EXP 	Display Frame 2
646.1302 	EXP 	Display Frame 3
646.1635 	EXP 	Display Frame 4
646.1970 	DATA 	Keypress: equal
646.1980 	EXP 	Display Frame 5
646.2008 	EXP 	Display Fixation
651.3846 	DATA 	Keypress: equal
656.5786 	DATA 	Keypress: equal
661.7715 	DATA 	Keypress: equal
666.9663 	DATA 	Keypress: equal
672.1577 	DATA 	Keypress: equal
677.3524 	DATA 	Keypress: equal
677.3869 	EXP 	Display Frame 1
677.4201 	EXP 	Display Frame 2
677.4535 	EXP 	Display Frame 3
677.4868 	EXP 	Display Frame 4
677.5201 	EXP 	Display Frame 5
677.5535 	EXP 	Display Frame 6
677.5868 	EXP 	Display Frame 7
677.6201 	EXP 	Display Frame 8
677.6534 	EXP 	Display Frame 9
677.6867 	EXP 	Display Frame 0
677.7201 	EXP 	Display Frame 1
677.7534 	EXP 	Display Frame 2
677.7868 	EXP 	Display Frame 3
677.8201 	EXP 	Display Frame 4
677.8534 	EXP 	Display Frame 5
677.8867 	EXP 	Display Frame 6
677.9201 	EXP 	Display Frame 7
677.9534 	EXP 	Display Frame 8
677.9867 	EXP 	Display Frame 9
678.0201 	EXP 	Display Frame 0
678.0534 	EXP 	Display Frame 1
678.0868 	EXP 	Display Frame 2
678.1201 	EXP 	Display Frame 3
678.1534 	EXP 	Display Frame 4
678.1867 	EXP 	Display Frame 5
678.2201 	EXP 	Display Frame 6
678.2534 	EXP 	Display Frame 7
678.2867 	EXP 	Display Frame 8
678.3201 	EXP 	Display Frame 9
678.3534 	EXP 	Display Frame 0
678.3867 	EXP 	Display Frame 1
678.4200 	EXP 	Display Frame 2
678.4534 	EXP 	Display Frame 3
678.4867 	EXP 	Display Frame 4
678.5201 	EXP 	Display Frame 5
678.5534 	EXP 	Display Frame 6
678.5867 	EXP 	Display Frame 7
678.6201 	EXP 	Display Frame 8
678.6534 	EXP 	Display Frame 9
678.6867 	EXP 	Display Frame 0
678.7201 	EXP 	Display Frame 1
678.7534 	EXP 	Display Frame 2
678.7867 	EXP 	Display Frame 3
678.8200 	EXP 	Display Frame 4
678.8534 	EXP 	Display Frame 5
678.8867 	EXP 	Display Frame 6
678.9200 	EXP 	Display Frame 7
678.9534 	EXP 	Display Frame 8
678.9867 	EXP 	Display Frame 9
679.0200 	EXP 	Display Frame 0
679.0534 	EXP 	Display Frame 1
679.0868 	EXP 	Display Frame 2
679.1203 	EXP 	Display Frame 3
679.1534 	EXP 	Display Frame 4
679.1867 	EXP 	Display Frame 5
679.2201 	EXP 	Display Frame 6
679.2534 	EXP 	Display Frame 7
679.2867 	EXP 	Display Frame 8
679.3200 	EXP 	Display Frame 9
679.3534 	EXP 	Display Frame 0
679.3867 	EXP 	Display Frame 1
679.4201 	EXP 	Display Frame 2
679.4534 	EXP 	Display Frame 3
679.4868 	EXP 	Display Frame 4
679.5201 	EXP 	Display Frame 5
679.5534 	EXP 	Display Frame 6
679.5867 	EXP 	Display Frame 7
679.6200 	EXP 	Display Frame 8
679.6534 	EXP 	Display Frame 9
679.6867 	EXP 	Display Frame 0
679.7201 	EXP 	Display Frame 1
679.7534 	EXP 	Display Frame 2
679.7867 	EXP 	Display Frame 3
679.8201 	EXP 	Display Frame 4
679.8534 	EXP 	Display Frame 5
679.8867 	EXP 	Display Frame 6
679.9200 	EXP 	Display Frame 7
679.9534 	EXP 	Display Frame 8
679.9867 	EXP 	Display Frame 9
680.0201 	EXP 	Display Frame 0
680.0534 	EXP 	Display Frame 1
680.0867 	EXP 	Display Frame 2
680.1200 	EXP 	Display Frame 3
680.1534 	EXP 	Display Frame 4
680.1867 	EXP 	Display Frame 5
680.2200 	EXP 	Display Frame 6
680.2534 	EXP 	Display Frame 7
680.2867 	EXP 	Display Frame 8
680.3201 	EXP 	Display Frame 9
680.3534 	EXP 	Display Frame 0
680.3867 	EXP 	Display Frame 1
680.4200 	EXP 	Display Frame 2
680.4534 	EXP 	Display Frame 3
680.4867 	EXP 	Display Frame 4
680.5201 	EXP 	Display Frame 5
680.5552 	EXP 	Display Frame 6
680.5867 	EXP 	Display Frame 7
680.6203 	EXP 	Display Frame 8
680.6534 	EXP 	Display Frame 9
680.6867 	EXP 	Display Frame 0
680.7201 	EXP 	Display Frame 1
680.7534 	EXP 	Display Frame 2
680.7867 	EXP 	Display Frame 3
680.8200 	EXP 	Display Frame 4
680.8534 	EXP 	Display Frame 5
680.8867 	EXP 	Display Frame 6
680.9201 	EXP 	Display Frame 7
680.9534 	EXP 	Display Frame 8
680.9867 	EXP 	Display Frame 9
681.0201 	EXP 	Display Frame 0
681.0534 	EXP 	Display Frame 1
681.0867 	EXP 	Display Frame 2
681.1200 	EXP 	Display Frame 3
681.1534 	EXP 	Display Frame 4
681.1867 	EXP 	Display Frame 5
681.2200 	EXP 	Display Frame 6
681.2534 	EXP 	Display Frame 7
681.2867 	EXP 	Display Frame 8
681.3201 	EXP 	Display Frame 9
681.3534 	EXP 	Display Frame 0
681.3867 	EXP 	Display Frame 1
681.4201 	EXP 	Display Frame 2
681.4534 	EXP 	Display Frame 3
681.4867 	EXP 	Display Frame 4
681.5201 	EXP 	Display Frame 5
681.5534 	EXP 	Display Frame 6
681.5867 	EXP 	Display Frame 7
681.6201 	EXP 	Display Frame 8
681.6534 	EXP 	Display Frame 9
681.6867 	EXP 	Display Frame 0
681.7200 	EXP 	Display Frame 1
681.7534 	EXP 	Display Frame 2
681.7867 	EXP 	Display Frame 3
681.8200 	EXP 	Display Frame 4
681.8534 	EXP 	Display Frame 5
681.8867 	EXP 	Display Frame 6
681.9201 	EXP 	Display Frame 7
681.9534 	EXP 	Display Frame 8
681.9867 	EXP 	Display Frame 9
682.0201 	EXP 	Display Frame 0
682.0534 	EXP 	Display Frame 1
682.0867 	EXP 	Display Frame 2
682.1200 	EXP 	Display Frame 3
682.1534 	EXP 	Display Frame 4
682.1867 	EXP 	Display Frame 5
682.2201 	EXP 	Display Frame 6
682.2534 	EXP 	Display Frame 7
682.2867 	EXP 	Display Frame 8
682.3201 	EXP 	Display Frame 9
682.3534 	EXP 	Display Frame 0
682.3867 	EXP 	Display Frame 1
682.4200 	EXP 	Display Frame 2
682.4534 	EXP 	Display Frame 3
682.4867 	EXP 	Display Frame 4
682.5202 	EXP 	Display Frame 5
682.5535 	DATA 	Keypress: equal
682.5546 	EXP 	Display Frame 6
682.5867 	EXP 	Display Frame 7
682.6201 	EXP 	Display Frame 8
682.6534 	EXP 	Display Frame 9
682.6867 	EXP 	Display Frame 0
682.7200 	EXP 	Display Frame 1
682.7534 	EXP 	Display Frame 2
682.7867 	EXP 	Display Frame 3
682.8201 	EXP 	Display Frame 4
682.8534 	EXP 	Display Frame 5
682.8867 	EXP 	Display Frame 6
682.9201 	EXP 	Display Frame 7
682.9534 	EXP 	Display Frame 8
682.9867 	EXP 	Display Frame 9
683.0200 	EXP 	Display Frame 0
683.0534 	EXP 	Display Frame 1
683.0867 	EXP 	Display Frame 2
683.1201 	EXP 	Display Frame 3
683.1534 	EXP 	Display Frame 4
683.1867 	EXP 	Display Frame 5
683.2201 	EXP 	Display Frame 6
683.2534 	EXP 	Display Frame 7
683.2867 	EXP 	Display Frame 8
683.3201 	EXP 	Display Frame 9
683.3534 	EXP 	Display Frame 0
683.3867 	EXP 	Display Frame 1
683.4201 	EXP 	Display Frame 2
683.4534 	EXP 	Display Frame 3
683.4867 	EXP 	Display Frame 4
683.5201 	EXP 	Display Frame 5
683.5534 	EXP 	Display Frame 6
683.5867 	EXP 	Display Frame 7
683.6200 	EXP 	Display Frame 8
683.6534 	EXP 	Display Frame 9
683.6867 	EXP 	Display Frame 0
683.7201 	EXP 	Display Frame 1
683.7534 	EXP 	Display Frame 2
683.7867 	EXP 	Display Frame 3
683.8201 	EXP 	Display Frame 4
683.8534 	EXP 	Display Frame 5
683.8867 	EXP 	Display Frame 6
683.9200 	EXP 	Display Frame 7
683.9534 	EXP 	Display Frame 8
683.9867 	EXP 	Display Frame 9
684.0200 	EXP 	Display Frame 0
684.0534 	EXP 	Display Frame 1
684.0867 	EXP 	Display Frame 2
684.1201 	EXP 	Display Frame 3
684.1534 	EXP 	Display Frame 4
684.1867 	EXP 	Display Frame 5
684.2200 	EXP 	Display Frame 6
684.2534 	EXP 	Display Frame 7
684.2867 	EXP 	Display Frame 8
684.3200 	EXP 	Display Frame 9
684.3534 	EXP 	Display Frame 0
684.3866 	EXP 	Display Frame 1
684.4201 	EXP 	Display Frame 2
684.4534 	EXP 	Display Frame 3
684.4867 	EXP 	Display Frame 4
684.5200 	EXP 	Display Frame 5
684.5534 	EXP 	Display Frame 6
684.5867 	EXP 	Display Frame 7
684.6200 	EXP 	Display Frame 8
684.6534 	EXP 	Display Frame 9
684.6867 	EXP 	Display Frame 0
684.7200 	EXP 	Display Frame 1
684.7534 	EXP 	Display Frame 2
684.7867 	EXP 	Display Frame 3
684.8201 	EXP 	Display Frame 4
684.8534 	EXP 	Display Frame 5
684.8867 	EXP 	Display Frame 6
684.9201 	EXP 	Display Frame 7
684.9534 	EXP 	Display Frame 8
684.9867 	EXP 	Display Frame 9
685.0201 	EXP 	Display Frame 0
685.0534 	EXP 	Display Frame 1
685.0867 	EXP 	Display Frame 2
685.1201 	EXP 	Display Frame 3
685.1536 	EXP 	Display Frame 4
685.1867 	EXP 	Display Frame 5
685.2200 	EXP 	Display Frame 6
685.2534 	EXP 	Display Frame 7
685.2867 	EXP 	Display Frame 8
685.3201 	EXP 	Display Frame 9
685.3534 	EXP 	Display Frame 0
685.3867 	EXP 	Display Frame 1
685.4201 	EXP 	Display Frame 2
685.4534 	EXP 	Display Frame 3
685.4867 	EXP 	Display Frame 4
685.5201 	EXP 	Display Frame 5
685.5534 	EXP 	Display Frame 6
685.5867 	EXP 	Display Frame 7
685.6201 	EXP 	Display Frame 8
685.6534 	EXP 	Display Frame 9
685.6867 	EXP 	Display Frame 0
685.7200 	EXP 	Display Frame 1
685.7534 	EXP 	Display Frame 2
685.7867 	EXP 	Display Frame 3
685.8200 	EXP 	Display Frame 4
685.8535 	EXP 	Display Frame 5
685.8888 	EXP 	Display Frame 6
685.9201 	EXP 	Display Frame 7
685.9534 	EXP 	Display Frame 8
685.9867 	EXP 	Display Frame 9
686.0200 	EXP 	Display Frame 0
686.0534 	EXP 	Display Frame 1
686.0867 	EXP 	Display Frame 2
686.1200 	EXP 	Display Frame 3
686.1534 	EXP 	Display Frame 4
686.1867 	EXP 	Display Frame 5
686.2201 	EXP 	Display Frame 6
686.2534 	EXP 	Display Frame 7
686.2867 	EXP 	Display Frame 8
686.3201 	EXP 	Display Frame 9
686.3534 	EXP 	Display Frame 0
686.3867 	EXP 	Display Frame 1
686.4201 	EXP 	Display Frame 2
686.4534 	EXP 	Display Frame 3
686.4867 	EXP 	Display Frame 4
686.5201 	EXP 	Display Frame 5
686.5534 	EXP 	Display Frame 6
686.5867 	EXP 	Display Frame 7
686.6200 	EXP 	Display Frame 8
686.6534 	EXP 	Display Frame 9
686.6867 	EXP 	Display Frame 0
686.7201 	EXP 	Display Frame 1
686.7534 	EXP 	Display Frame 2
686.7867 	EXP 	Display Frame 3
686.8201 	EXP 	Display Frame 4
686.8534 	EXP 	Display Frame 5
686.8867 	EXP 	Display Frame 6
686.9201 	EXP 	Display Frame 7
686.9534 	EXP 	Display Frame 8
686.9870 	EXP 	Display Frame 9
687.0201 	EXP 	Display Frame 0
687.0534 	EXP 	Display Frame 1
687.0867 	EXP 	Display Frame 2
687.1201 	EXP 	Display Frame 3
687.1534 	EXP 	Display Frame 4
687.1867 	EXP 	Display Frame 5
687.2201 	EXP 	Display Frame 6
687.2534 	EXP 	Display Frame 7
687.2867 	EXP 	Display Frame 8
687.3200 	EXP 	Display Frame 9
687.3534 	EXP 	Display Frame 0
687.3867 	EXP 	Display Frame 1
687.4201 	EXP 	Display Frame 2
687.4534 	EXP 	Display Frame 3
687.4867 	EXP 	Display Frame 4
687.5200 	EXP 	Display Frame 5
687.5534 	EXP 	Display Frame 6
687.5868 	EXP 	Display Frame 7
687.6201 	EXP 	Display Frame 8
687.6534 	EXP 	Display Frame 9
687.6867 	EXP 	Display Frame 0
687.7201 	EXP 	Display Frame 1
687.7535 	DATA 	Keypress: equal
687.7545 	EXP 	Display Frame 2
687.7867 	EXP 	Display Frame 3
687.8201 	EXP 	Display Frame 4
687.8534 	EXP 	Display Frame 5
687.8867 	EXP 	Display Frame 6
687.9200 	EXP 	Display Frame 7
687.9534 	EXP 	Display Frame 8
687.9867 	EXP 	Display Frame 9
688.0201 	EXP 	Display Frame 0
688.0534 	EXP 	Display Frame 1
688.0867 	EXP 	Display Frame 2
688.1201 	EXP 	Display Frame 3
688.1534 	EXP 	Display Frame 4
688.1867 	EXP 	Display Frame 5
688.2200 	EXP 	Display Frame 6
688.2534 	EXP 	Display Frame 7
688.2867 	EXP 	Display Frame 8
688.3200 	EXP 	Display Frame 9
688.3534 	EXP 	Display Frame 0
688.3866 	EXP 	Display Frame 1
688.4201 	EXP 	Display Frame 2
688.4534 	EXP 	Display Frame 3
688.4867 	EXP 	Display Frame 4
688.5200 	EXP 	Display Frame 5
688.5534 	EXP 	Display Frame 6
688.5867 	EXP 	Display Frame 7
688.6201 	EXP 	Display Frame 8
688.6534 	EXP 	Display Frame 9
688.6867 	EXP 	Display Frame 0
688.7201 	EXP 	Display Frame 1
688.7534 	EXP 	Display Frame 2
688.7867 	EXP 	Display Frame 3
688.8200 	EXP 	Display Frame 4
688.8534 	EXP 	Display Frame 5
688.8867 	EXP 	Display Frame 6
688.9200 	EXP 	Display Frame 7
688.9534 	EXP 	Display Frame 8
688.9867 	EXP 	Display Frame 9
689.0201 	EXP 	Display Frame 0
689.0534 	EXP 	Display Frame 1
689.0867 	EXP 	Display Frame 2
689.1200 	EXP 	Display Frame 3
689.1534 	EXP 	Display Frame 4
689.1867 	EXP 	Display Frame 5
689.2200 	EXP 	Display Frame 6
689.2534 	EXP 	Display Frame 7
689.2867 	EXP 	Display Frame 8
689.3201 	EXP 	Display Frame 9
689.3534 	EXP 	Display Frame 0
689.3867 	EXP 	Display Frame 1
689.4201 	EXP 	Display Frame 2
689.4534 	EXP 	Display Frame 3
689.4867 	EXP 	Display Frame 4
689.5201 	EXP 	Display Frame 5
689.5534 	EXP 	Display Frame 6
689.5867 	EXP 	Display Frame 7
689.6201 	EXP 	Display Frame 8
689.6534 	EXP 	Display Frame 9
689.6868 	EXP 	Display Frame 0
689.7200 	EXP 	Display Frame 1
689.7534 	EXP 	Display Frame 2
689.7867 	EXP 	Display Frame 3
689.8201 	EXP 	Display Frame 4
689.8534 	EXP 	Display Frame 5
689.8867 	EXP 	Display Frame 6
689.9201 	EXP 	Display Frame 7
689.9534 	EXP 	Display Frame 8
689.9867 	EXP 	Display Frame 9
690.0200 	EXP 	Display Frame 0
690.0534 	EXP 	Display Frame 1
690.0867 	EXP 	Display Frame 2
690.1200 	EXP 	Display Frame 3
690.1534 	EXP 	Display Frame 4
690.1867 	EXP 	Display Frame 5
690.2200 	EXP 	Display Frame 6
690.2534 	EXP 	Display Frame 7
690.2867 	EXP 	Display Frame 8
690.3200 	EXP 	Display Frame 9
690.3534 	EXP 	Display Frame 0
690.3866 	EXP 	Display Frame 1
690.4200 	EXP 	Display Frame 2
690.4534 	EXP 	Display Frame 3
690.4867 	EXP 	Display Frame 4
690.5201 	EXP 	Display Frame 5
690.5534 	EXP 	Display Frame 6
690.5867 	EXP 	Display Frame 7
690.6201 	EXP 	Display Frame 8
690.6534 	EXP 	Display Frame 9
690.6867 	EXP 	Display Frame 0
690.7200 	EXP 	Display Frame 1
690.7534 	EXP 	Display Frame 2
690.7867 	EXP 	Display Frame 3
690.8201 	EXP 	Display Frame 4
690.8534 	EXP 	Display Frame 5
690.8867 	EXP 	Display Frame 6
690.9200 	EXP 	Display Frame 7
690.9534 	EXP 	Display Frame 8
690.9867 	EXP 	Display Frame 9
691.0201 	EXP 	Display Frame 0
691.0534 	EXP 	Display Frame 1
691.0867 	EXP 	Display Frame 2
691.1201 	EXP 	Display Frame 3
691.1534 	EXP 	Display Frame 4
691.1868 	EXP 	Display Frame 5
691.2219 	EXP 	Display Frame 6
691.2534 	EXP 	Display Frame 7
691.2867 	EXP 	Display Frame 8
691.3201 	EXP 	Display Frame 9
691.3534 	EXP 	Display Frame 0
691.3866 	EXP 	Display Frame 1
691.4201 	EXP 	Display Frame 2
691.4534 	EXP 	Display Frame 3
691.4867 	EXP 	Display Frame 4
691.5200 	EXP 	Display Frame 5
691.5534 	EXP 	Display Frame 6
691.5867 	EXP 	Display Frame 7
691.6201 	EXP 	Display Frame 8
691.6534 	EXP 	Display Frame 9
691.6867 	EXP 	Display Frame 0
691.7201 	EXP 	Display Frame 1
691.7534 	EXP 	Display Frame 2
691.7868 	EXP 	Display Frame 3
691.8200 	EXP 	Display Frame 4
691.8534 	EXP 	Display Frame 5
691.8867 	EXP 	Display Frame 6
691.9201 	EXP 	Display Frame 7
691.9534 	EXP 	Display Frame 8
691.9867 	EXP 	Display Frame 9
692.0201 	EXP 	Display Frame 0
692.0534 	EXP 	Display Frame 1
692.0867 	EXP 	Display Frame 2
692.1201 	EXP 	Display Frame 3
692.1534 	EXP 	Display Frame 4
692.1867 	EXP 	Display Frame 5
692.2201 	EXP 	Display Frame 6
692.2534 	EXP 	Display Frame 7
692.2867 	EXP 	Display Frame 8
692.3201 	EXP 	Display Frame 9
692.3534 	EXP 	Display Frame 0
692.3867 	EXP 	Display Frame 1
692.4200 	EXP 	Display Frame 2
692.4534 	EXP 	Display Frame 3
692.4867 	EXP 	Display Frame 4
692.5201 	EXP 	Display Frame 5
692.5534 	EXP 	Display Frame 6
692.5867 	EXP 	Display Frame 7
692.6201 	EXP 	Display Frame 8
692.6534 	EXP 	Display Frame 9
692.6867 	EXP 	Display Frame 0
692.7200 	EXP 	Display Frame 1
692.7534 	EXP 	Display Frame 2
692.7868 	EXP 	Display Frame 3
692.8200 	EXP 	Display Frame 4
692.8534 	EXP 	Display Frame 5
692.8867 	EXP 	Display Frame 6
692.9201 	EXP 	Display Frame 7
692.9535 	DATA 	Keypress: equal
692.9545 	EXP 	Display Frame 8
692.9867 	EXP 	Display Frame 9
693.0200 	EXP 	Display Frame 0
693.0534 	EXP 	Display Frame 1
693.0867 	EXP 	Display Frame 2
693.1201 	EXP 	Display Frame 3
693.1534 	EXP 	Display Frame 4
693.1867 	EXP 	Display Frame 5
693.2200 	EXP 	Display Frame 6
693.2534 	EXP 	Display Frame 7
693.2868 	EXP 	Display Frame 8
693.3202 	EXP 	Display Frame 9
693.3534 	EXP 	Display Frame 0
693.3867 	EXP 	Display Frame 1
693.4201 	EXP 	Display Frame 2
693.4534 	EXP 	Display Frame 3
693.4867 	EXP 	Display Frame 4
693.5200 	EXP 	Display Frame 5
693.5534 	EXP 	Display Frame 6
693.5867 	EXP 	Display Frame 7
693.6201 	EXP 	Display Frame 8
693.6534 	EXP 	Display Frame 9
693.6867 	EXP 	Display Frame 0
693.7200 	EXP 	Display Frame 1
693.7534 	EXP 	Display Frame 2
693.7867 	EXP 	Display Frame 3
693.8201 	EXP 	Display Frame 4
693.8534 	EXP 	Display Frame 5
693.8867 	EXP 	Display Frame 6
693.9201 	EXP 	Display Frame 7
693.9534 	EXP 	Display Frame 8
693.9867 	EXP 	Display Frame 9
694.0201 	EXP 	Display Frame 0
694.0534 	EXP 	Display Frame 1
694.0867 	EXP 	Display Frame 2
694.1201 	EXP 	Display Frame 3
694.1534 	EXP 	Display Frame 4
694.1867 	EXP 	Display Frame 5
694.2201 	EXP 	Display Frame 6
694.2534 	EXP 	Display Frame 7
694.2867 	EXP 	Display Frame 8
694.3201 	EXP 	Display Frame 9
694.3534 	EXP 	Display Frame 0
694.3867 	EXP 	Display Frame 1
694.4201 	EXP 	Display Frame 2
694.4534 	EXP 	Display Frame 3
694.4867 	EXP 	Display Frame 4
694.5200 	EXP 	Display Frame 5
694.5534 	EXP 	Display Frame 6
694.5867 	EXP 	Display Frame 7
694.6200 	EXP 	Display Frame 8
694.6534 	EXP 	Display Frame 9
694.6867 	EXP 	Display Frame 0
694.7201 	EXP 	Display Frame 1
694.7534 	EXP 	Display Frame 2
694.7867 	EXP 	Display Frame 3
694.8201 	EXP 	Display Frame 4
694.8534 	EXP 	Display Frame 5
694.8867 	EXP 	Display Frame 6
694.9200 	EXP 	Display Frame 7
694.9534 	EXP 	Display Frame 8
694.9867 	EXP 	Display Frame 9
695.0201 	EXP 	Display Frame 0
695.0534 	EXP 	Display Frame 1
695.0867 	EXP 	Display Frame 2
695.1200 	EXP 	Display Frame 3
695.1534 	EXP 	Display Frame 4
695.1867 	EXP 	Display Frame 5
695.2200 	EXP 	Display Frame 6
695.2534 	EXP 	Display Frame 7
695.2867 	EXP 	Display Frame 8
695.3201 	EXP 	Display Frame 9
695.3534 	EXP 	Display Frame 0
695.3867 	EXP 	Display Frame 1
695.4200 	EXP 	Display Frame 2
695.4534 	EXP 	Display Frame 3
695.4867 	EXP 	Display Frame 4
695.5200 	EXP 	Display Frame 5
695.5534 	EXP 	Display Frame 6
695.5867 	EXP 	Display Frame 7
695.6201 	EXP 	Display Frame 8
695.6534 	EXP 	Display Frame 9
695.6867 	EXP 	Display Frame 0
695.7201 	EXP 	Display Frame 1
695.7534 	EXP 	Display Frame 2
695.7867 	EXP 	Display Frame 3
695.8200 	EXP 	Display Frame 4
695.8534 	EXP 	Display Frame 5
695.8867 	EXP 	Display Frame 6
695.9202 	EXP 	Display Frame 7
695.9536 	EXP 	Display Frame 8
695.9869 	EXP 	Display Frame 9
696.0201 	EXP 	Display Frame 0
696.0534 	EXP 	Display Frame 1
696.0868 	EXP 	Display Frame 2
696.1201 	EXP 	Display Frame 3
696.1534 	EXP 	Display Frame 4
696.1867 	EXP 	Display Frame 5
696.2201 	EXP 	Display Frame 6
696.2534 	EXP 	Display Frame 7
696.2867 	EXP 	Display Frame 8
696.3201 	EXP 	Display Frame 9
696.3534 	EXP 	Display Frame 0
696.3867 	EXP 	Display Frame 1
696.4200 	EXP 	Display Frame 2
696.4534 	EXP 	Display Frame 3
696.4867 	EXP 	Display Frame 4
696.5202 	EXP 	Display Frame 5
696.5558 	EXP 	Display Frame 6
696.5867 	EXP 	Display Frame 7
696.6229 	EXP 	Display Frame 8
696.6534 	EXP 	Display Frame 9
696.6868 	EXP 	Display Frame 0
696.7201 	EXP 	Display Frame 1
696.7534 	EXP 	Display Frame 2
696.7867 	EXP 	Display Frame 3
696.8201 	EXP 	Display Frame 4
696.8534 	EXP 	Display Frame 5
696.8867 	EXP 	Display Frame 6
696.9201 	EXP 	Display Frame 7
696.9534 	EXP 	Display Frame 8
696.9867 	EXP 	Display Frame 9
697.0200 	EXP 	Display Frame 0
697.0534 	EXP 	Display Frame 1
697.0867 	EXP 	Display Frame 2
697.1201 	EXP 	Display Frame 3
697.1534 	EXP 	Display Frame 4
697.1867 	EXP 	Display Frame 5
697.2201 	EXP 	Display Frame 6
697.2534 	EXP 	Display Frame 7
697.2867 	EXP 	Display Frame 8
697.3201 	EXP 	Display Frame 9
697.3534 	EXP 	Display Frame 0
697.3867 	EXP 	Display Frame 1
697.4201 	EXP 	Display Frame 2
697.4534 	EXP 	Display Frame 3
697.4867 	EXP 	Display Frame 4
697.5201 	EXP 	Display Frame 5
697.5534 	EXP 	Display Frame 6
697.5868 	EXP 	Display Frame 7
697.6200 	EXP 	Display Frame 8
697.6534 	EXP 	Display Frame 9
697.6867 	EXP 	Display Frame 0
697.7201 	EXP 	Display Frame 1
697.7534 	EXP 	Display Frame 2
697.7867 	EXP 	Display Frame 3
697.8201 	EXP 	Display Frame 4
697.8534 	EXP 	Display Frame 5
697.8867 	EXP 	Display Frame 6
697.9201 	EXP 	Display Frame 7
697.9534 	EXP 	Display Frame 8
697.9868 	EXP 	Display Frame 9
698.0200 	EXP 	Display Frame 0
698.0534 	EXP 	Display Frame 1
698.0867 	EXP 	Display Frame 2
698.1201 	EXP 	Display Frame 3
698.1536 	DATA 	Keypress: equal
698.1546 	EXP 	Display Frame 4
698.1867 	EXP 	Display Frame 5
698.2201 	EXP 	Display Frame 6
698.2534 	EXP 	Display Frame 7
698.2867 	EXP 	Display Frame 8
698.3201 	EXP 	Display Frame 9
698.3534 	EXP 	Display Frame 0
698.3866 	EXP 	Display Frame 1
698.4201 	EXP 	Display Frame 2
698.4534 	EXP 	Display Frame 3
698.4867 	EXP 	Display Frame 4
698.5200 	EXP 	Display Frame 5
698.5534 	EXP 	Display Frame 6
698.5867 	EXP 	Display Frame 7
698.6200 	EXP 	Display Frame 8
698.6534 	EXP 	Display Frame 9
698.6867 	EXP 	Display Frame 0
698.7201 	EXP 	Display Frame 1
698.7534 	EXP 	Display Frame 2
698.7867 	EXP 	Display Frame 3
698.8200 	EXP 	Display Frame 4
698.8534 	EXP 	Display Frame 5
698.8867 	EXP 	Display Frame 6
698.9201 	EXP 	Display Frame 7
698.9534 	EXP 	Display Frame 8
698.9867 	EXP 	Display Frame 9
699.0201 	EXP 	Display Frame 0
699.0534 	EXP 	Display Frame 1
699.0869 	EXP 	Display Frame 2
699.1201 	EXP 	Display Frame 3
699.1534 	EXP 	Display Frame 4
699.1867 	EXP 	Display Frame 5
699.2201 	EXP 	Display Frame 6
699.2534 	EXP 	Display Frame 7
699.2867 	EXP 	Display Frame 8
699.3201 	EXP 	Display Frame 9
699.3534 	EXP 	Display Frame 0
699.3867 	EXP 	Display Frame 1
699.4201 	EXP 	Display Frame 2
699.4534 	EXP 	Display Frame 3
699.4867 	EXP 	Display Frame 4
699.5200 	EXP 	Display Frame 5
699.5534 	EXP 	Display Frame 6
699.5867 	EXP 	Display Frame 7
699.6201 	EXP 	Display Frame 8
699.6534 	EXP 	Display Frame 9
699.6867 	EXP 	Display Frame 0
699.7201 	EXP 	Display Frame 1
699.7534 	EXP 	Display Frame 2
699.7867 	EXP 	Display Frame 3
699.8200 	EXP 	Display Frame 4
699.8534 	EXP 	Display Frame 5
699.8867 	EXP 	Display Frame 6
699.9201 	EXP 	Display Frame 7
699.9534 	EXP 	Display Frame 8
699.9867 	EXP 	Display Frame 9
700.0200 	EXP 	Display Frame 0
700.0534 	EXP 	Display Frame 1
700.0867 	EXP 	Display Frame 2
700.1200 	EXP 	Display Frame 3
700.1534 	EXP 	Display Frame 4
700.1867 	EXP 	Display Frame 5
700.2201 	EXP 	Display Frame 6
700.2534 	EXP 	Display Frame 7
700.2867 	EXP 	Display Frame 8
700.3201 	EXP 	Display Frame 9
700.3534 	EXP 	Display Frame 0
700.3867 	EXP 	Display Frame 1
700.4200 	EXP 	Display Frame 2
700.4534 	EXP 	Display Frame 3
700.4867 	EXP 	Display Frame 4
700.5201 	EXP 	Display Frame 5
700.5534 	EXP 	Display Frame 6
700.5867 	EXP 	Display Frame 7
700.6201 	EXP 	Display Frame 8
700.6534 	EXP 	Display Frame 9
700.6867 	EXP 	Display Frame 0
700.7200 	EXP 	Display Frame 1
700.7534 	EXP 	Display Frame 2
700.7867 	EXP 	Display Frame 3
700.8200 	EXP 	Display Frame 4
700.8534 	EXP 	Display Frame 5
700.8867 	EXP 	Display Frame 6
700.9201 	EXP 	Display Frame 7
700.9534 	EXP 	Display Frame 8
700.9867 	EXP 	Display Frame 9
701.0201 	EXP 	Display Frame 0
701.0534 	EXP 	Display Frame 1
701.0867 	EXP 	Display Frame 2
701.1200 	EXP 	Display Frame 3
701.1534 	EXP 	Display Frame 4
701.1867 	EXP 	Display Frame 5
701.2201 	EXP 	Display Frame 6
701.2534 	EXP 	Display Frame 7
701.2867 	EXP 	Display Frame 8
701.3201 	EXP 	Display Frame 9
701.3534 	EXP 	Display Frame 0
701.3866 	EXP 	Display Frame 1
701.4201 	EXP 	Display Frame 2
701.4534 	EXP 	Display Frame 3
701.4867 	EXP 	Display Frame 4
701.5201 	EXP 	Display Frame 5
701.5534 	EXP 	Display Frame 6
701.5867 	EXP 	Display Frame 7
701.6200 	EXP 	Display Frame 8
701.6534 	EXP 	Display Frame 9
701.6867 	EXP 	Display Frame 0
701.7201 	EXP 	Display Frame 1
701.7534 	EXP 	Display Frame 2
701.7867 	EXP 	Display Frame 3
701.8200 	EXP 	Display Frame 4
701.8535 	EXP 	Display Frame 5
701.8890 	EXP 	Display Frame 6
701.9201 	EXP 	Display Frame 7
701.9534 	EXP 	Display Frame 8
701.9867 	EXP 	Display Frame 9
702.0200 	EXP 	Display Frame 0
702.0534 	EXP 	Display Frame 1
702.0867 	EXP 	Display Frame 2
702.1201 	EXP 	Display Frame 3
702.1534 	EXP 	Display Frame 4
702.1867 	EXP 	Display Frame 5
702.2200 	EXP 	Display Frame 6
702.2534 	EXP 	Display Frame 7
702.2867 	EXP 	Display Frame 8
702.3200 	EXP 	Display Frame 9
702.3534 	EXP 	Display Frame 0
702.3867 	EXP 	Display Frame 1
702.4200 	EXP 	Display Frame 2
702.4534 	EXP 	Display Frame 3
702.4867 	EXP 	Display Frame 4
702.5200 	EXP 	Display Frame 5
702.5534 	EXP 	Display Frame 6
702.5867 	EXP 	Display Frame 7
702.6200 	EXP 	Display Frame 8
702.6534 	EXP 	Display Frame 9
702.6868 	EXP 	Display Frame 0
702.7201 	EXP 	Display Frame 1
702.7534 	EXP 	Display Frame 2
702.7867 	EXP 	Display Frame 3
702.8201 	EXP 	Display Frame 4
702.8534 	EXP 	Display Frame 5
702.8868 	EXP 	Display Frame 6
702.9200 	EXP 	Display Frame 7
702.9534 	EXP 	Display Frame 8
702.9867 	EXP 	Display Frame 9
703.0200 	EXP 	Display Frame 0
703.0534 	EXP 	Display Frame 1
703.0867 	EXP 	Display Frame 2
703.1201 	EXP 	Display Frame 3
703.1534 	EXP 	Display Frame 4
703.1868 	EXP 	Display Frame 5
703.2200 	EXP 	Display Frame 6
703.2534 	EXP 	Display Frame 7
703.2867 	EXP 	Display Frame 8
703.3200 	EXP 	Display Frame 9
703.3208 	DATA 	Keypress: equal
703.3534 	EXP 	Display Frame 0
703.3867 	EXP 	Display Frame 1
703.4201 	EXP 	Display Frame 2
703.4534 	EXP 	Display Frame 3
703.4867 	EXP 	Display Frame 4
703.5201 	EXP 	Display Frame 5
703.5534 	EXP 	Display Frame 6
703.5867 	EXP 	Display Frame 7
703.6200 	EXP 	Display Frame 8
703.6534 	EXP 	Display Frame 9
703.6867 	EXP 	Display Frame 0
703.7201 	EXP 	Display Frame 1
703.7534 	EXP 	Display Frame 2
703.7867 	EXP 	Display Frame 3
703.8200 	EXP 	Display Frame 4
703.8534 	EXP 	Display Frame 5
703.8867 	EXP 	Display Frame 6
703.9200 	EXP 	Display Frame 7
703.9534 	EXP 	Display Frame 8
703.9867 	EXP 	Display Frame 9
704.0201 	EXP 	Display Frame 0
704.0534 	EXP 	Display Frame 1
704.0867 	EXP 	Display Frame 2
704.1201 	EXP 	Display Frame 3
704.1535 	EXP 	Display Frame 4
704.1870 	EXP 	Display Frame 5
704.2201 	EXP 	Display Frame 6
704.2534 	EXP 	Display Frame 7
704.2867 	EXP 	Display Frame 8
704.3201 	EXP 	Display Frame 9
704.3534 	EXP 	Display Frame 0
704.3866 	EXP 	Display Frame 1
704.4200 	EXP 	Display Frame 2
704.4534 	EXP 	Display Frame 3
704.4867 	EXP 	Display Frame 4
704.5201 	EXP 	Display Frame 5
704.5534 	EXP 	Display Frame 6
704.5867 	EXP 	Display Frame 7
704.6201 	EXP 	Display Frame 8
704.6534 	EXP 	Display Frame 9
704.6867 	EXP 	Display Frame 0
704.7201 	EXP 	Display Frame 1
704.7534 	EXP 	Display Frame 2
704.7867 	EXP 	Display Frame 3
704.8200 	EXP 	Display Frame 4
704.8534 	EXP 	Display Frame 5
704.8867 	EXP 	Display Frame 6
704.9200 	EXP 	Display Frame 7
704.9534 	EXP 	Display Frame 8
704.9867 	EXP 	Display Frame 9
705.0201 	EXP 	Display Frame 0
705.0534 	EXP 	Display Frame 1
705.0867 	EXP 	Display Frame 2
705.1201 	EXP 	Display Frame 3
705.1534 	EXP 	Display Frame 4
705.1867 	EXP 	Display Frame 5
705.2200 	EXP 	Display Frame 6
705.2534 	EXP 	Display Frame 7
705.2867 	EXP 	Display Frame 8
705.3200 	EXP 	Display Frame 9
705.3534 	EXP 	Display Frame 0
705.3867 	EXP 	Display Frame 1
705.4203 	EXP 	Display Frame 2
705.4534 	EXP 	Display Frame 3
705.4867 	EXP 	Display Frame 4
705.5201 	EXP 	Display Frame 5
705.5534 	EXP 	Display Frame 6
705.5867 	EXP 	Display Frame 7
705.6200 	EXP 	Display Frame 8
705.6534 	EXP 	Display Frame 9
705.6867 	EXP 	Display Frame 0
705.7201 	EXP 	Display Frame 1
705.7534 	EXP 	Display Frame 2
705.7868 	EXP 	Display Frame 3
705.8200 	EXP 	Display Frame 4
705.8534 	EXP 	Display Frame 5
705.8867 	EXP 	Display Frame 6
705.9200 	EXP 	Display Frame 7
705.9534 	EXP 	Display Frame 8
705.9867 	EXP 	Display Frame 9
706.0200 	EXP 	Display Frame 0
706.0534 	EXP 	Display Frame 1
706.0867 	EXP 	Display Frame 2
706.1200 	EXP 	Display Frame 3
706.1534 	EXP 	Display Frame 4
706.1867 	EXP 	Display Frame 5
706.2200 	EXP 	Display Frame 6
706.2534 	EXP 	Display Frame 7
706.2867 	EXP 	Display Frame 8
706.3201 	EXP 	Display Frame 9
706.3534 	EXP 	Display Frame 0
706.3867 	EXP 	Display Frame 1
706.4201 	EXP 	Display Frame 2
706.4534 	EXP 	Display Frame 3
706.4867 	EXP 	Display Frame 4
706.5200 	EXP 	Display Frame 5
706.5534 	EXP 	Display Frame 6
706.5867 	EXP 	Display Frame 7
706.6201 	EXP 	Display Frame 8
706.6534 	EXP 	Display Frame 9
706.6867 	EXP 	Display Frame 0
706.7200 	EXP 	Display Frame 1
706.7534 	EXP 	Display Frame 2
706.7867 	EXP 	Display Frame 3
706.8200 	EXP 	Display Frame 4
706.8534 	EXP 	Display Frame 5
706.8867 	EXP 	Display Frame 6
706.9200 	EXP 	Display Frame 7
706.9534 	EXP 	Display Frame 8
706.9867 	EXP 	Display Frame 9
707.0200 	EXP 	Display Frame 0
707.0534 	EXP 	Display Frame 1
707.0867 	EXP 	Display Frame 2
707.1201 	EXP 	Display Frame 3
707.1534 	EXP 	Display Frame 4
707.1868 	EXP 	Display Frame 5
707.2222 	EXP 	Display Frame 6
707.2534 	EXP 	Display Frame 7
707.2867 	EXP 	Display Frame 8
707.3201 	EXP 	Display Frame 9
707.3534 	EXP 	Display Frame 0
707.3867 	EXP 	Display Frame 1
707.4200 	EXP 	Display Frame 2
707.4534 	EXP 	Display Frame 3
707.4867 	EXP 	Display Frame 4
707.5201 	EXP 	Display Frame 5
707.5534 	EXP 	Display Frame 6
707.5867 	EXP 	Display Frame 7
707.6201 	EXP 	Display Frame 8
707.6534 	EXP 	Display Frame 9
707.6868 	EXP 	Display Frame 0
707.7201 	EXP 	Display Frame 1
707.7534 	EXP 	Display Frame 2
707.7867 	EXP 	Display Frame 3
707.8201 	EXP 	Display Frame 4
707.8534 	EXP 	Display Frame 5
707.8867 	EXP 	Display Frame 6
707.9201 	EXP 	Display Frame 7
707.9534 	EXP 	Display Frame 8
707.9867 	EXP 	Display Frame 9
708.0200 	EXP 	Display Frame 0
708.0534 	EXP 	Display Frame 1
708.0867 	EXP 	Display Frame 2
708.1201 	EXP 	Display Frame 3
708.1534 	EXP 	Display Frame 4
708.1867 	EXP 	Display Frame 5
708.2201 	EXP 	Display Frame 6
708.2534 	EXP 	Display Frame 7
708.2867 	EXP 	Display Frame 8
708.3200 	EXP 	Display Frame 9
708.3534 	EXP 	Display Frame 0
708.3867 	EXP 	Display Frame 1
708.4200 	EXP 	Display Frame 2
708.4534 	EXP 	Display Frame 3
708.4867 	EXP 	Display Frame 4
708.5202 	DATA 	Keypress: equal
708.5212 	EXP 	Display Frame 5
708.5346 	EXP 	Display Fixation
713.7079 	DATA 	Keypress: equal
718.9002 	DATA 	Keypress: equal
724.0950 	DATA 	Keypress: equal
729.2879 	DATA 	Keypress: equal
734.4820 	DATA 	Keypress: equal
739.6764 	DATA 	Keypress: equal
739.7108 	EXP 	Display Frame 1
739.7441 	EXP 	Display Frame 2
739.7775 	EXP 	Display Frame 3
739.8107 	EXP 	Display Frame 4
739.8441 	EXP 	Display Frame 5
739.8774 	EXP 	Display Frame 6
739.9107 	EXP 	Display Frame 7
739.9441 	EXP 	Display Frame 8
739.9774 	EXP 	Display Frame 9
740.0107 	EXP 	Display Frame 0
740.0440 	EXP 	Display Frame 1
740.0774 	EXP 	Display Frame 2
740.1107 	EXP 	Display Frame 3
740.1440 	EXP 	Display Frame 4
740.1774 	EXP 	Display Frame 5
740.2106 	EXP 	Display Frame 6
740.2440 	EXP 	Display Frame 7
740.2774 	EXP 	Display Frame 8
740.3107 	EXP 	Display Frame 9
740.3440 	EXP 	Display Frame 0
740.3774 	EXP 	Display Frame 1
740.4107 	EXP 	Display Frame 2
740.4440 	EXP 	Display Frame 3
740.4773 	EXP 	Display Frame 4
740.5107 	EXP 	Display Frame 5
740.5440 	EXP 	Display Frame 6
740.5774 	EXP 	Display Frame 7
740.6107 	EXP 	Display Frame 8
740.6440 	EXP 	Display Frame 9
740.6774 	EXP 	Display Frame 0
740.7107 	EXP 	Display Frame 1
740.7440 	EXP 	Display Frame 2
740.7773 	EXP 	Display Frame 3
740.8107 	EXP 	Display Frame 4
740.8440 	EXP 	Display Frame 5
740.8774 	EXP 	Display Frame 6
740.9107 	EXP 	Display Frame 7
740.9441 	EXP 	Display Frame 8
740.9774 	EXP 	Display Frame 9
741.0107 	EXP 	Display Frame 0
741.0440 	EXP 	Display Frame 1
741.0773 	EXP 	Display Frame 2
741.1107 	EXP 	Display Frame 3
741.1440 	EXP 	Display Frame 4
741.1774 	EXP 	Display Frame 5
741.2106 	EXP 	Display Frame 6
741.2440 	EXP 	Display Frame 7
741.2773 	EXP 	Display Frame 8
741.3107 	EXP 	Display Frame 9
741.3440 	EXP 	Display Frame 0
741.3773 	EXP 	Display Frame 1
741.4107 	EXP 	Display Frame 2
741.4440 	EXP 	Display Frame 3
741.4774 	EXP 	Display Frame 4
741.5107 	EXP 	Display Frame 5
741.5440 	EXP 	Display Frame 6
741.5773 	EXP 	Display Frame 7
741.6107 	EXP 	Display Frame 8
741.6440 	EXP 	Display Frame 9
741.6773 	EXP 	Display Frame 0
741.7107 	EXP 	Display Frame 1
741.7440 	EXP 	Display Frame 2
741.7774 	EXP 	Display Frame 3
741.8107 	EXP 	Display Frame 4
741.8440 	EXP 	Display Frame 5
741.8774 	EXP 	Display Frame 6
741.9107 	EXP 	Display Frame 7
741.9440 	EXP 	Display Frame 8
741.9773 	EXP 	Display Frame 9
742.0107 	EXP 	Display Frame 0
742.0440 	EXP 	Display Frame 1
742.0774 	EXP 	Display Frame 2
742.1107 	EXP 	Display Frame 3
742.1440 	EXP 	Display Frame 4
742.1773 	EXP 	Display Frame 5
742.2106 	EXP 	Display Frame 6
742.2440 	EXP 	Display Frame 7
742.2773 	EXP 	Display Frame 8
742.3107 	EXP 	Display Frame 9
742.3440 	EXP 	Display Frame 0
742.3774 	EXP 	Display Frame 1
742.4107 	EXP 	Display Frame 2
742.4440 	EXP 	Display Frame 3
742.4774 	EXP 	Display Frame 4
742.5107 	EXP 	Display Frame 5
742.5440 	EXP 	Display Frame 6
742.5773 	EXP 	Display Frame 7
742.6107 	EXP 	Display Frame 8
742.6440 	EXP 	Display Frame 9
742.6773 	EXP 	Display Frame 0
742.7107 	EXP 	Display Frame 1
742.7440 	EXP 	Display Frame 2
742.7773 	EXP 	Display Frame 3
742.8107 	EXP 	Display Frame 4
742.8440 	EXP 	Display Frame 5
742.8773 	EXP 	Display Frame 6
742.9107 	EXP 	Display Frame 7
742.9440 	EXP 	Display Frame 8
742.9773 	EXP 	Display Frame 9
743.0107 	EXP 	Display Frame 0
743.0440 	EXP 	Display Frame 1
743.0774 	EXP 	Display Frame 2
743.1107 	EXP 	Display Frame 3
743.1440 	EXP 	Display Frame 4
743.1774 	EXP 	Display Frame 5
743.2106 	EXP 	Display Frame 6
743.2440 	EXP 	Display Frame 7
743.2774 	EXP 	Display Frame 8
743.3107 	EXP 	Display Frame 9
743.3440 	EXP 	Display Frame 0
743.3774 	EXP 	Display Frame 1
743.4107 	EXP 	Display Frame 2
743.4440 	EXP 	Display Frame 3
743.4774 	EXP 	Display Frame 4
743.5109 	EXP 	Display Frame 5
743.5440 	EXP 	Display Frame 6
743.5774 	EXP 	Display Frame 7
743.6107 	EXP 	Display Frame 8
743.6440 	EXP 	Display Frame 9
743.6774 	EXP 	Display Frame 0
743.7107 	EXP 	Display Frame 1
743.7440 	EXP 	Display Frame 2
743.7774 	EXP 	Display Frame 3
743.8107 	EXP 	Display Frame 4
743.8440 	EXP 	Display Frame 5
743.8773 	EXP 	Display Frame 6
743.9107 	EXP 	Display Frame 7
743.9440 	EXP 	Display Frame 8
743.9774 	EXP 	Display Frame 9
744.0107 	EXP 	Display Frame 0
744.0440 	EXP 	Display Frame 1
744.0774 	EXP 	Display Frame 2
744.1107 	EXP 	Display Frame 3
744.1440 	EXP 	Display Frame 4
744.1773 	EXP 	Display Frame 5
744.2106 	EXP 	Display Frame 6
744.2440 	EXP 	Display Frame 7
744.2773 	EXP 	Display Frame 8
744.3107 	EXP 	Display Frame 9
744.3440 	EXP 	Display Frame 0
744.3774 	EXP 	Display Frame 1
744.4107 	EXP 	Display Frame 2
744.4440 	EXP 	Display Frame 3
744.4774 	EXP 	Display Frame 4
744.5109 	EXP 	Display Frame 5
744.5440 	EXP 	Display Frame 6
744.5774 	EXP 	Display Frame 7
744.6107 	EXP 	Display Frame 8
744.6440 	EXP 	Display Frame 9
744.6774 	EXP 	Display Frame 0
744.7107 	EXP 	Display Frame 1
744.7440 	EXP 	Display Frame 2
744.7773 	EXP 	Display Frame 3
744.8107 	EXP 	Display Frame 4
744.8440 	EXP 	Display Frame 5
744.8775 	DATA 	Keypress: equal
744.8785 	EXP 	Display Frame 6
744.9107 	EXP 	Display Frame 7
744.9440 	EXP 	Display Frame 8
744.9774 	EXP 	Display Frame 9
745.0107 	EXP 	Display Frame 0
745.0440 	EXP 	Display Frame 1
745.0774 	EXP 	Display Frame 2
745.1107 	EXP 	Display Frame 3
745.1440 	EXP 	Display Frame 4
745.1773 	EXP 	Display Frame 5
745.2106 	EXP 	Display Frame 6
745.2440 	EXP 	Display Frame 7
745.2774 	EXP 	Display Frame 8
745.3115 	EXP 	Display Frame 9
745.3440 	EXP 	Display Frame 0
745.3774 	EXP 	Display Frame 1
745.4107 	EXP 	Display Frame 2
745.4440 	EXP 	Display Frame 3
745.4773 	EXP 	Display Frame 4
745.5107 	EXP 	Display Frame 5
745.5440 	EXP 	Display Frame 6
745.5774 	EXP 	Display Frame 7
745.6107 	EXP 	Display Frame 8
745.6440 	EXP 	Display Frame 9
745.6773 	EXP 	Display Frame 0
745.7107 	EXP 	Display Frame 1
745.7440 	EXP 	Display Frame 2
745.7773 	EXP 	Display Frame 3
745.8107 	EXP 	Display Frame 4
745.8440 	EXP 	Display Frame 5
745.8774 	EXP 	Display Frame 6
745.9107 	EXP 	Display Frame 7
745.9440 	EXP 	Display Frame 8
745.9774 	EXP 	Display Frame 9
746.0107 	EXP 	Display Frame 0
746.0440 	EXP 	Display Frame 1
746.0773 	EXP 	Display Frame 2
746.1107 	EXP 	Display Frame 3
746.1440 	EXP 	Display Frame 4
746.1773 	EXP 	Display Frame 5
746.2106 	EXP 	Display Frame 6
746.2440 	EXP 	Display Frame 7
746.2774 	EXP 	Display Frame 8
746.3107 	EXP 	Display Frame 9
746.3440 	EXP 	Display Frame 0
746.3773 	EXP 	Display Frame 1
746.4107 	EXP 	Display Frame 2
746.4440 	EXP 	Display Frame 3
746.4773 	EXP 	Display Frame 4
746.5107 	EXP 	Display Frame 5
746.5440 	EXP 	Display Frame 6
746.5774 	EXP 	Display Frame 7
746.6107 	EXP 	Display Frame 8
746.6440 	EXP 	Display Frame 9
746.6774 	EXP 	Display Frame 0
746.7107 	EXP 	Display Frame 1
746.7440 	EXP 	Display Frame 2
746.7773 	EXP 	Display Frame 3
746.8107 	EXP 	Display Frame 4
746.8440 	EXP 	Display Frame 5
746.8774 	EXP 	Display Frame 6
746.9107 	EXP 	Display Frame 7
746.9440 	EXP 	Display Frame 8
746.9773 	EXP 	Display Frame 9
747.0107 	EXP 	Display Frame 0
747.0440 	EXP 	Display Frame 1
747.0773 	EXP 	Display Frame 2
747.1107 	EXP 	Display Frame 3
747.1440 	EXP 	Display Frame 4
747.1773 	EXP 	Display Frame 5
747.2106 	EXP 	Display Frame 6
747.2440 	EXP 	Display Frame 7
747.2773 	EXP 	Display Frame 8
747.3107 	EXP 	Display Frame 9
747.3440 	EXP 	Display Frame 0
747.3774 	EXP 	Display Frame 1
747.4107 	EXP 	Display Frame 2
747.4449 	EXP 	Display Frame 3
747.4774 	EXP 	Display Frame 4
747.5107 	EXP 	Display Frame 5
747.5440 	EXP 	Display Frame 6
747.5774 	EXP 	Display Frame 7
747.6107 	EXP 	Display Frame 8
747.6440 	EXP 	Display Frame 9
747.6774 	EXP 	Display Frame 0
747.7107 	EXP 	Display Frame 1
747.7440 	EXP 	Display Frame 2
747.7774 	EXP 	Display Frame 3
747.8107 	EXP 	Display Frame 4
747.8440 	EXP 	Display Frame 5
747.8774 	EXP 	Display Frame 6
747.9107 	EXP 	Display Frame 7
747.9440 	EXP 	Display Frame 8
747.9773 	EXP 	Display Frame 9
748.0108 	EXP 	Display Frame 0
748.0440 	EXP 	Display Frame 1
748.0774 	EXP 	Display Frame 2
748.1107 	EXP 	Display Frame 3
748.1440 	EXP 	Display Frame 4
748.1773 	EXP 	Display Frame 5
748.2106 	EXP 	Display Frame 6
748.2440 	EXP 	Display Frame 7
748.2773 	EXP 	Display Frame 8
748.3107 	EXP 	Display Frame 9
748.3440 	EXP 	Display Frame 0
748.3774 	EXP 	Display Frame 1
748.4107 	EXP 	Display Frame 2
748.4440 	EXP 	Display Frame 3
748.4774 	EXP 	Display Frame 4
748.5107 	EXP 	Display Frame 5
748.5440 	EXP 	Display Frame 6
748.5773 	EXP 	Display Frame 7
748.6107 	EXP 	Display Frame 8
748.6440 	EXP 	Display Frame 9
748.6774 	EXP 	Display Frame 0
748.7107 	EXP 	Display Frame 1
748.7440 	EXP 	Display Frame 2
748.7773 	EXP 	Display Frame 3
748.8107 	EXP 	Display Frame 4
748.8440 	EXP 	Display Frame 5
748.8774 	EXP 	Display Frame 6
748.9107 	EXP 	Display Frame 7
748.9440 	EXP 	Display Frame 8
748.9774 	EXP 	Display Frame 9
749.0107 	EXP 	Display Frame 0
749.0440 	EXP 	Display Frame 1
749.0773 	EXP 	Display Frame 2
749.1107 	EXP 	Display Frame 3
749.1440 	EXP 	Display Frame 4
749.1773 	EXP 	Display Frame 5
749.2106 	EXP 	Display Frame 6
749.2440 	EXP 	Display Frame 7
749.2774 	EXP 	Display Frame 8
749.3107 	EXP 	Display Frame 9
749.3440 	EXP 	Display Frame 0
749.3774 	EXP 	Display Frame 1
749.4107 	EXP 	Display Frame 2
749.4440 	EXP 	Display Frame 3
749.4773 	EXP 	Display Frame 4
749.5107 	EXP 	Display Frame 5
749.5440 	EXP 	Display Frame 6
749.5774 	EXP 	Display Frame 7
749.6107 	EXP 	Display Frame 8
749.6440 	EXP 	Display Frame 9
749.6774 	EXP 	Display Frame 0
749.7107 	EXP 	Display Frame 1
749.7440 	EXP 	Display Frame 2
749.7773 	EXP 	Display Frame 3
749.8107 	EXP 	Display Frame 4
749.8442 	EXP 	Display Frame 5
749.8776 	EXP 	Display Frame 6
749.9107 	EXP 	Display Frame 7
749.9441 	EXP 	Display Frame 8
749.9774 	EXP 	Display Frame 9
750.0107 	EXP 	Display Frame 0
750.0440 	EXP 	Display Frame 1
750.0774 	DATA 	Keypress: equal
750.0785 	EXP 	Display Frame 2
750.1107 	EXP 	Display Frame 3
750.1440 	EXP 	Display Frame 4
750.1774 	EXP 	Display Frame 5
750.2106 	EXP 	Display Frame 6
750.2440 	EXP 	Display Frame 7
750.2773 	EXP 	Display Frame 8
750.3107 	EXP 	Display Frame 9
750.3440 	EXP 	Display Frame 0
750.3773 	EXP 	Display Frame 1
750.4107 	EXP 	Display Frame 2
750.4440 	EXP 	Display Frame 3
750.4774 	EXP 	Display Frame 4
750.5107 	EXP 	Display Frame 5
750.5440 	EXP 	Display Frame 6
750.5773 	EXP 	Display Frame 7
750.6107 	EXP 	Display Frame 8
750.6440 	EXP 	Display Frame 9
750.6773 	EXP 	Display Frame 0
750.7107 	EXP 	Display Frame 1
750.7440 	EXP 	Display Frame 2
750.7774 	EXP 	Display Frame 3
750.8107 	EXP 	Display Frame 4
750.8440 	EXP 	Display Frame 5
750.8774 	EXP 	Display Frame 6
750.9107 	EXP 	Display Frame 7
750.9440 	EXP 	Display Frame 8
750.9773 	EXP 	Display Frame 9
751.0107 	EXP 	Display Frame 0
751.0440 	EXP 	Display Frame 1
751.0774 	EXP 	Display Frame 2
751.1107 	EXP 	Display Frame 3
751.1440 	EXP 	Display Frame 4
751.1774 	EXP 	Display Frame 5
751.2106 	EXP 	Display Frame 6
751.2440 	EXP 	Display Frame 7
751.2773 	EXP 	Display Frame 8
751.3107 	EXP 	Display Frame 9
751.3440 	EXP 	Display Frame 0
751.3774 	EXP 	Display Frame 1
751.4107 	EXP 	Display Frame 2
751.4440 	EXP 	Display Frame 3
751.4774 	EXP 	Display Frame 4
751.5107 	EXP 	Display Frame 5
751.5440 	EXP 	Display Frame 6
751.5773 	EXP 	Display Frame 7
751.6107 	EXP 	Display Frame 8
751.6440 	EXP 	Display Frame 9
751.6774 	EXP 	Display Frame 0
751.7107 	EXP 	Display Frame 1
751.7440 	EXP 	Display Frame 2
751.7774 	EXP 	Display Frame 3
751.8107 	EXP 	Display Frame 4
751.8440 	EXP 	Display Frame 5
751.8773 	EXP 	Display Frame 6
751.9107 	EXP 	Display Frame 7
751.9440 	EXP 	Display Frame 8
751.9774 	EXP 	Display Frame 9
752.0107 	EXP 	Display Frame 0
752.0440 	EXP 	Display Frame 1
752.0773 	EXP 	Display Frame 2
752.1107 	EXP 	Display Frame 3
752.1440 	EXP 	Display Frame 4
752.1774 	EXP 	Display Frame 5
752.2106 	EXP 	Display Frame 6
752.2440 	EXP 	Display Frame 7
752.2774 	EXP 	Display Frame 8
752.3107 	EXP 	Display Frame 9
752.3440 	EXP 	Display Frame 0
752.3773 	EXP 	Display Frame 1
752.4107 	EXP 	Display Frame 2
752.4440 	EXP 	Display Frame 3
752.4774 	EXP 	Display Frame 4
752.5107 	EXP 	Display Frame 5
752.5440 	EXP 	Display Frame 6
752.5774 	EXP 	Display Frame 7
752.6107 	EXP 	Display Frame 8
752.6440 	EXP 	Display Frame 9
752.6773 	EXP 	Display Frame 0
752.7107 	EXP 	Display Frame 1
752.7440 	EXP 	Display Frame 2
752.7773 	EXP 	Display Frame 3
752.8107 	EXP 	Display Frame 4
752.8440 	EXP 	Display Frame 5
752.8774 	EXP 	Display Frame 6
752.9107 	EXP 	Display Frame 7
752.9440 	EXP 	Display Frame 8
752.9774 	EXP 	Display Frame 9
753.0107 	EXP 	Display Frame 0
753.0441 	EXP 	Display Frame 1
753.0774 	EXP 	Display Frame 2
753.1107 	EXP 	Display Frame 3
753.1440 	EXP 	Display Frame 4
753.1774 	EXP 	Display Frame 5
753.2106 	EXP 	Display Frame 6
753.2440 	EXP 	Display Frame 7
753.2774 	EXP 	Display Frame 8
753.3107 	EXP 	Display Frame 9
753.3440 	EXP 	Display Frame 0
753.3774 	EXP 	Display Frame 1
753.4107 	EXP 	Display Frame 2
753.4440 	EXP 	Display Frame 3
753.4774 	EXP 	Display Frame 4
753.5107 	EXP 	Display Frame 5
753.5440 	EXP 	Display Frame 6
753.5774 	EXP 	Display Frame 7
753.6107 	EXP 	Display Frame 8
753.6440 	EXP 	Display Frame 9
753.6773 	EXP 	Display Frame 0
753.7107 	EXP 	Display Frame 1
753.7440 	EXP 	Display Frame 2
753.7773 	EXP 	Display Frame 3
753.8107 	EXP 	Display Frame 4
753.8440 	EXP 	Display Frame 5
753.8774 	EXP 	Display Frame 6
753.9107 	EXP 	Display Frame 7
753.9440 	EXP 	Display Frame 8
753.9773 	EXP 	Display Frame 9
754.0107 	EXP 	Display Frame 0
754.0440 	EXP 	Display Frame 1
754.0774 	EXP 	Display Frame 2
754.1107 	EXP 	Display Frame 3
754.1440 	EXP 	Display Frame 4
754.1774 	EXP 	Display Frame 5
754.2106 	EXP 	Display Frame 6
754.2440 	EXP 	Display Frame 7
754.2773 	EXP 	Display Frame 8
754.3107 	EXP 	Display Frame 9
754.3440 	EXP 	Display Frame 0
754.3774 	EXP 	Display Frame 1
754.4107 	EXP 	Display Frame 2
754.4440 	EXP 	Display Frame 3
754.4774 	EXP 	Display Frame 4
754.5107 	EXP 	Display Frame 5
754.5440 	EXP 	Display Frame 6
754.5773 	EXP 	Display Frame 7
754.6107 	EXP 	Display Frame 8
754.6440 	EXP 	Display Frame 9
754.6774 	EXP 	Display Frame 0
754.7107 	EXP 	Display Frame 1
754.7440 	EXP 	Display Frame 2
754.7774 	EXP 	Display Frame 3
754.8107 	EXP 	Display Frame 4
754.8440 	EXP 	Display Frame 5
754.8773 	EXP 	Display Frame 6
754.9107 	EXP 	Display Frame 7
754.9440 	EXP 	Display Frame 8
754.9774 	EXP 	Display Frame 9
755.0107 	EXP 	Display Frame 0
755.0440 	EXP 	Display Frame 1
755.0774 	EXP 	Display Frame 2
755.1119 	EXP 	Display Frame 3
755.1441 	EXP 	Display Frame 4
755.1775 	EXP 	Display Frame 5
755.2107 	EXP 	Display Frame 6
755.2440 	EXP 	Display Frame 7
755.2775 	DATA 	Keypress: equal
755.2786 	EXP 	Display Frame 8
755.3107 	EXP 	Display Frame 9
755.3440 	EXP 	Display Frame 0
755.3774 	EXP 	Display Frame 1
755.4107 	EXP 	Display Frame 2
755.4440 	EXP 	Display Frame 3
755.4774 	EXP 	Display Frame 4
755.5107 	EXP 	Display Frame 5
755.5440 	EXP 	Display Frame 6
755.5773 	EXP 	Display Frame 7
755.6107 	EXP 	Display Frame 8
755.6440 	EXP 	Display Frame 9
755.6773 	EXP 	Display Frame 0
755.7107 	EXP 	Display Frame 1
755.7440 	EXP 	Display Frame 2
755.7774 	EXP 	Display Frame 3
755.8107 	EXP 	Display Frame 4
755.8440 	EXP 	Display Frame 5
755.8774 	EXP 	Display Frame 6
755.9109 	EXP 	Display Frame 7
755.9443 	EXP 	Display Frame 8
755.9775 	EXP 	Display Frame 9
756.0107 	EXP 	Display Frame 0
756.0440 	EXP 	Display Frame 1
756.0773 	EXP 	Display Frame 2
756.1107 	EXP 	Display Frame 3
756.1440 	EXP 	Display Frame 4
756.1774 	EXP 	Display Frame 5
756.2109 	EXP 	Display Frame 6
756.2440 	EXP 	Display Frame 7
756.2774 	EXP 	Display Frame 8
756.3107 	EXP 	Display Frame 9
756.3440 	EXP 	Display Frame 0
756.3777 	EXP 	Display Frame 1
756.4109 	EXP 	Display Frame 2
756.4440 	EXP 	Display Frame 3
756.4774 	EXP 	Display Frame 4
756.5107 	EXP 	Display Frame 5
756.5440 	EXP 	Display Frame 6
756.5773 	EXP 	Display Frame 7
756.6107 	EXP 	Display Frame 8
756.6440 	EXP 	Display Frame 9
756.6774 	EXP 	Display Frame 0
756.7107 	EXP 	Display Frame 1
756.7440 	EXP 	Display Frame 2
756.7774 	EXP 	Display Frame 3
756.8107 	EXP 	Display Frame 4
756.8440 	EXP 	Display Frame 5
756.8774 	EXP 	Display Frame 6
756.9107 	EXP 	Display Frame 7
756.9440 	EXP 	Display Frame 8
756.9773 	EXP 	Display Frame 9
757.0107 	EXP 	Display Frame 0
757.0440 	EXP 	Display Frame 1
757.0774 	EXP 	Display Frame 2
757.1107 	EXP 	Display Frame 3
757.1440 	EXP 	Display Frame 4
757.1773 	EXP 	Display Frame 5
757.2106 	EXP 	Display Frame 6
757.2566 	EXP 	Display Frame 7
757.2773 	EXP 	Display Frame 8
757.3107 	EXP 	Display Frame 9
757.3440 	EXP 	Display Frame 0
757.3774 	EXP 	Display Frame 1
757.4107 	EXP 	Display Frame 2
757.4441 	EXP 	Display Frame 3
757.4774 	EXP 	Display Frame 4
757.5107 	EXP 	Display Frame 5
757.5440 	EXP 	Display Frame 6
757.5774 	EXP 	Display Frame 7
757.6107 	EXP 	Display Frame 8
757.6441 	EXP 	Display Frame 9
757.6774 	EXP 	Display Frame 0
757.7107 	EXP 	Display Frame 1
757.7440 	EXP 	Display Frame 2
757.7774 	EXP 	Display Frame 3
757.8107 	EXP 	Display Frame 4
757.8440 	EXP 	Display Frame 5
757.8774 	EXP 	Display Frame 6
757.9107 	EXP 	Display Frame 7
757.9440 	EXP 	Display Frame 8
757.9774 	EXP 	Display Frame 9
758.0107 	EXP 	Display Frame 0
758.0440 	EXP 	Display Frame 1
758.0773 	EXP 	Display Frame 2
758.1107 	EXP 	Display Frame 3
758.1440 	EXP 	Display Frame 4
758.1774 	EXP 	Display Frame 5
758.2106 	EXP 	Display Frame 6
758.2440 	EXP 	Display Frame 7
758.2773 	EXP 	Display Frame 8
758.3106 	EXP 	Display Frame 9
758.3440 	EXP 	Display Frame 0
758.3774 	EXP 	Display Frame 1
758.4107 	EXP 	Display Frame 2
758.4440 	EXP 	Display Frame 3
758.4774 	EXP 	Display Frame 4
758.5107 	EXP 	Display Frame 5
758.5440 	EXP 	Display Frame 6
758.5774 	EXP 	Display Frame 7
758.6107 	EXP 	Display Frame 8
758.6440 	EXP 	Display Frame 9
758.6773 	EXP 	Display Frame 0
758.7107 	EXP 	Display Frame 1
758.7440 	EXP 	Display Frame 2
758.7774 	EXP 	Display Frame 3
758.8107 	EXP 	Display Frame 4
758.8440 	EXP 	Display Frame 5
758.8773 	EXP 	Display Frame 6
758.9107 	EXP 	Display Frame 7
758.9440 	EXP 	Display Frame 8
758.9773 	EXP 	Display Frame 9
759.0107 	EXP 	Display Frame 0
759.0440 	EXP 	Display Frame 1
759.0773 	EXP 	Display Frame 2
759.1107 	EXP 	Display Frame 3
759.1440 	EXP 	Display Frame 4
759.1774 	EXP 	Display Frame 5
759.2106 	EXP 	Display Frame 6
759.2440 	EXP 	Display Frame 7
759.2774 	EXP 	Display Frame 8
759.3107 	EXP 	Display Frame 9
759.3440 	EXP 	Display Frame 0
759.3782 	EXP 	Display Frame 1
759.4107 	EXP 	Display Frame 2
759.4440 	EXP 	Display Frame 3
759.4774 	EXP 	Display Frame 4
759.5107 	EXP 	Display Frame 5
759.5440 	EXP 	Display Frame 6
759.5774 	EXP 	Display Frame 7
759.6107 	EXP 	Display Frame 8
759.6441 	EXP 	Display Frame 9
759.6774 	EXP 	Display Frame 0
759.7107 	EXP 	Display Frame 1
759.7440 	EXP 	Display Frame 2
759.7774 	EXP 	Display Frame 3
759.8107 	EXP 	Display Frame 4
759.8440 	EXP 	Display Frame 5
759.8773 	EXP 	Display Frame 6
759.9107 	EXP 	Display Frame 7
759.9440 	EXP 	Display Frame 8
759.9773 	EXP 	Display Frame 9
760.0107 	EXP 	Display Frame 0
760.0440 	EXP 	Display Frame 1
760.0774 	EXP 	Display Frame 2
760.1107 	EXP 	Display Frame 3
760.1440 	EXP 	Display Frame 4
760.1774 	EXP 	Display Frame 5
760.2106 	EXP 	Display Frame 6
760.2440 	EXP 	Display Frame 7
760.2774 	EXP 	Display Frame 8
760.3108 	EXP 	Display Frame 9
760.3440 	EXP 	Display Frame 0
760.3774 	EXP 	Display Frame 1
760.4107 	EXP 	Display Frame 2
760.4440 	EXP 	Display Frame 3
760.4776 	DATA 	Keypress: equal
760.4787 	EXP 	Display Frame 4
760.5108 	EXP 	Display Frame 5
760.5440 	EXP 	Display Frame 6
760.5773 	EXP 	Display Frame 7
760.6107 	EXP 	Display Frame 8
760.6440 	EXP 	Display Frame 9
760.6774 	EXP 	Display Frame 0
760.7107 	EXP 	Display Frame 1
760.7440 	EXP 	Display Frame 2
760.7774 	EXP 	Display Frame 3
760.8107 	EXP 	Display Frame 4
760.8440 	EXP 	Display Frame 5
760.8773 	EXP 	Display Frame 6
760.9107 	EXP 	Display Frame 7
760.9440 	EXP 	Display Frame 8
760.9774 	EXP 	Display Frame 9
761.0107 	EXP 	Display Frame 0
761.0440 	EXP 	Display Frame 1
761.0774 	EXP 	Display Frame 2
761.1107 	EXP 	Display Frame 3
761.1440 	EXP 	Display Frame 4
761.1773 	EXP 	Display Frame 5
761.2106 	EXP 	Display Frame 6
761.2440 	EXP 	Display Frame 7
761.2774 	EXP 	Display Frame 8
761.3107 	EXP 	Display Frame 9
761.3440 	EXP 	Display Frame 0
761.3774 	EXP 	Display Frame 1
761.4107 	EXP 	Display Frame 2
761.4440 	EXP 	Display Frame 3
761.4773 	EXP 	Display Frame 4
761.5107 	EXP 	Display Frame 5
761.5440 	EXP 	Display Frame 6
761.5774 	EXP 	Display Frame 7
761.6107 	EXP 	Display Frame 8
761.6440 	EXP 	Display Frame 9
761.6774 	EXP 	Display Frame 0
761.7107 	EXP 	Display Frame 1
761.7440 	EXP 	Display Frame 2
761.7773 	EXP 	Display Frame 3
761.8107 	EXP 	Display Frame 4
761.8440 	EXP 	Display Frame 5
761.8774 	EXP 	Display Frame 6
761.9107 	EXP 	Display Frame 7
761.9440 	EXP 	Display Frame 8
761.9774 	EXP 	Display Frame 9
762.0107 	EXP 	Display Frame 0
762.0440 	EXP 	Display Frame 1
762.0773 	EXP 	Display Frame 2
762.1107 	EXP 	Display Frame 3
762.1440 	EXP 	Display Frame 4
762.1774 	EXP 	Display Frame 5
762.2106 	EXP 	Display Frame 6
762.2440 	EXP 	Display Frame 7
762.2774 	EXP 	Display Frame 8
762.3107 	EXP 	Display Frame 9
762.3440 	EXP 	Display Frame 0
762.3773 	EXP 	Display Frame 1
762.4107 	EXP 	Display Frame 2
762.4440 	EXP 	Display Frame 3
762.4773 	EXP 	Display Frame 4
762.5107 	EXP 	Display Frame 5
762.5442 	EXP 	Display Frame 6
762.5774 	EXP 	Display Frame 7
762.6107 	EXP 	Display Frame 8
762.6440 	EXP 	Display Frame 9
762.6774 	EXP 	Display Frame 0
762.7107 	EXP 	Display Frame 1
762.7440 	EXP 	Display Frame 2
762.7774 	EXP 	Display Frame 3
762.8107 	EXP 	Display Frame 4
762.8440 	EXP 	Display Frame 5
762.8774 	EXP 	Display Frame 6
762.9107 	EXP 	Display Frame 7
762.9440 	EXP 	Display Frame 8
762.9773 	EXP 	Display Frame 9
763.0107 	EXP 	Display Frame 0
763.0440 	EXP 	Display Frame 1
763.0774 	EXP 	Display Frame 2
763.1107 	EXP 	Display Frame 3
763.1440 	EXP 	Display Frame 4
763.1774 	EXP 	Display Frame 5
763.2106 	EXP 	Display Frame 6
763.2440 	EXP 	Display Frame 7
763.2773 	EXP 	Display Frame 8
763.3107 	EXP 	Display Frame 9
763.3440 	EXP 	Display Frame 0
763.3774 	EXP 	Display Frame 1
763.4107 	EXP 	Display Frame 2
763.4440 	EXP 	Display Frame 3
763.4773 	EXP 	Display Frame 4
763.5107 	EXP 	Display Frame 5
763.5440 	EXP 	Display Frame 6
763.5774 	EXP 	Display Frame 7
763.6107 	EXP 	Display Frame 8
763.6440 	EXP 	Display Frame 9
763.6774 	EXP 	Display Frame 0
763.7107 	EXP 	Display Frame 1
763.7440 	EXP 	Display Frame 2
763.7774 	EXP 	Display Frame 3
763.8107 	EXP 	Display Frame 4
763.8440 	EXP 	Display Frame 5
763.8773 	EXP 	Display Frame 6
763.9107 	EXP 	Display Frame 7
763.9440 	EXP 	Display Frame 8
763.9773 	EXP 	Display Frame 9
764.0107 	EXP 	Display Frame 0
764.0440 	EXP 	Display Frame 1
764.0774 	EXP 	Display Frame 2
764.1107 	EXP 	Display Frame 3
764.1440 	EXP 	Display Frame 4
764.1773 	EXP 	Display Frame 5
764.2106 	EXP 	Display Frame 6
764.2440 	EXP 	Display Frame 7
764.2773 	EXP 	Display Frame 8
764.3107 	EXP 	Display Frame 9
764.3440 	EXP 	Display Frame 0
764.3774 	EXP 	Display Frame 1
764.4107 	EXP 	Display Frame 2
764.4440 	EXP 	Display Frame 3
764.4773 	EXP 	Display Frame 4
764.5107 	EXP 	Display Frame 5
764.5440 	EXP 	Display Frame 6
764.5774 	EXP 	Display Frame 7
764.6107 	EXP 	Display Frame 8
764.6440 	EXP 	Display Frame 9
764.6774 	EXP 	Display Frame 0
764.7107 	EXP 	Display Frame 1
764.7440 	EXP 	Display Frame 2
764.7773 	EXP 	Display Frame 3
764.8107 	EXP 	Display Frame 4
764.8440 	EXP 	Display Frame 5
764.8774 	EXP 	Display Frame 6
764.9107 	EXP 	Display Frame 7
764.9440 	EXP 	Display Frame 8
764.9774 	EXP 	Display Frame 9
765.0107 	EXP 	Display Frame 0
765.0440 	EXP 	Display Frame 1
765.0773 	EXP 	Display Frame 2
765.1106 	EXP 	Display Frame 3
765.1440 	EXP 	Display Frame 4
765.1773 	EXP 	Display Frame 5
765.2106 	EXP 	Display Frame 6
765.2440 	EXP 	Display Frame 7
765.2773 	EXP 	Display Frame 8
765.3107 	EXP 	Display Frame 9
765.3440 	EXP 	Display Frame 0
765.3774 	EXP 	Display Frame 1
765.4107 	EXP 	Display Frame 2
765.4440 	EXP 	Display Frame 3
765.4774 	EXP 	Display Frame 4
765.5108 	EXP 	Display Frame 5
765.5440 	EXP 	Display Frame 6
765.5774 	EXP 	Display Frame 7
765.6107 	EXP 	Display Frame 8
765.6442 	DATA 	Keypress: equal
765.6452 	EXP 	Display Frame 9
765.6774 	EXP 	Display Frame 0
765.7107 	EXP 	Display Frame 1
765.7440 	EXP 	Display Frame 2
765.7773 	EXP 	Display Frame 3
765.8107 	EXP 	Display Frame 4
765.8442 	EXP 	Display Frame 5
765.8774 	EXP 	Display Frame 6
765.9107 	EXP 	Display Frame 7
765.9440 	EXP 	Display Frame 8
765.9774 	EXP 	Display Frame 9
766.0107 	EXP 	Display Frame 0
766.0440 	EXP 	Display Frame 1
766.0773 	EXP 	Display Frame 2
766.1107 	EXP 	Display Frame 3
766.1440 	EXP 	Display Frame 4
766.1774 	EXP 	Display Frame 5
766.2106 	EXP 	Display Frame 6
766.2440 	EXP 	Display Frame 7
766.2774 	EXP 	Display Frame 8
766.3107 	EXP 	Display Frame 9
766.3440 	EXP 	Display Frame 0
766.3774 	EXP 	Display Frame 1
766.4107 	EXP 	Display Frame 2
766.4440 	EXP 	Display Frame 3
766.4773 	EXP 	Display Frame 4
766.5107 	EXP 	Display Frame 5
766.5440 	EXP 	Display Frame 6
766.5774 	EXP 	Display Frame 7
766.6107 	EXP 	Display Frame 8
766.6440 	EXP 	Display Frame 9
766.6773 	EXP 	Display Frame 0
766.7107 	EXP 	Display Frame 1
766.7440 	EXP 	Display Frame 2
766.7773 	EXP 	Display Frame 3
766.8107 	EXP 	Display Frame 4
766.8440 	EXP 	Display Frame 5
766.8774 	EXP 	Display Frame 6
766.9107 	EXP 	Display Frame 7
766.9441 	EXP 	Display Frame 8
766.9774 	EXP 	Display Frame 9
767.0107 	EXP 	Display Frame 0
767.0441 	EXP 	Display Frame 1
767.0774 	EXP 	Display Frame 2
767.1107 	EXP 	Display Frame 3
767.1440 	EXP 	Display Frame 4
767.1774 	EXP 	Display Frame 5
767.2106 	EXP 	Display Frame 6
767.2440 	EXP 	Display Frame 7
767.2774 	EXP 	Display Frame 8
767.3107 	EXP 	Display Frame 9
767.3440 	EXP 	Display Frame 0
767.3774 	EXP 	Display Frame 1
767.4107 	EXP 	Display Frame 2
767.4440 	EXP 	Display Frame 3
767.4773 	EXP 	Display Frame 4
767.5107 	EXP 	Display Frame 5
767.5440 	EXP 	Display Frame 6
767.5774 	EXP 	Display Frame 7
767.6107 	EXP 	Display Frame 8
767.6440 	EXP 	Display Frame 9
767.6774 	EXP 	Display Frame 0
767.7107 	EXP 	Display Frame 1
767.7440 	EXP 	Display Frame 2
767.7773 	EXP 	Display Frame 3
767.8107 	EXP 	Display Frame 4
767.8440 	EXP 	Display Frame 5
767.8774 	EXP 	Display Frame 6
767.9107 	EXP 	Display Frame 7
767.9440 	EXP 	Display Frame 8
767.9774 	EXP 	Display Frame 9
768.0107 	EXP 	Display Frame 0
768.0440 	EXP 	Display Frame 1
768.0774 	EXP 	Display Frame 2
768.1107 	EXP 	Display Frame 3
768.1440 	EXP 	Display Frame 4
768.1774 	EXP 	Display Frame 5
768.2106 	EXP 	Display Frame 6
768.2440 	EXP 	Display Frame 7
768.2773 	EXP 	Display Frame 8
768.3107 	EXP 	Display Frame 9
768.3440 	EXP 	Display Frame 0
768.3774 	EXP 	Display Frame 1
768.4107 	EXP 	Display Frame 2
768.4440 	EXP 	Display Frame 3
768.4773 	EXP 	Display Frame 4
768.5107 	EXP 	Display Frame 5
768.5440 	EXP 	Display Frame 6
768.5774 	EXP 	Display Frame 7
768.6107 	EXP 	Display Frame 8
768.6440 	EXP 	Display Frame 9
768.6774 	EXP 	Display Frame 0
768.7107 	EXP 	Display Frame 1
768.7440 	EXP 	Display Frame 2
768.7774 	EXP 	Display Frame 3
768.8107 	EXP 	Display Frame 4
768.8440 	EXP 	Display Frame 5
768.8774 	EXP 	Display Frame 6
768.9110 	EXP 	Display Frame 7
768.9440 	EXP 	Display Frame 8
768.9780 	EXP 	Display Frame 9
769.0107 	EXP 	Display Frame 0
769.0441 	EXP 	Display Frame 1
769.0774 	EXP 	Display Frame 2
769.1107 	EXP 	Display Frame 3
769.1441 	EXP 	Display Frame 4
769.1774 	EXP 	Display Frame 5
769.2107 	EXP 	Display Frame 6
769.2440 	EXP 	Display Frame 7
769.2774 	EXP 	Display Frame 8
769.3107 	EXP 	Display Frame 9
769.3440 	EXP 	Display Frame 0
769.3773 	EXP 	Display Frame 1
769.4107 	EXP 	Display Frame 2
769.4440 	EXP 	Display Frame 3
769.4773 	EXP 	Display Frame 4
769.5107 	EXP 	Display Frame 5
769.5440 	EXP 	Display Frame 6
769.5774 	EXP 	Display Frame 7
769.6107 	EXP 	Display Frame 8
769.6440 	EXP 	Display Frame 9
769.6773 	EXP 	Display Frame 0
769.7107 	EXP 	Display Frame 1
769.7440 	EXP 	Display Frame 2
769.7773 	EXP 	Display Frame 3
769.8107 	EXP 	Display Frame 4
769.8440 	EXP 	Display Frame 5
769.8774 	EXP 	Display Frame 6
769.9107 	EXP 	Display Frame 7
769.9440 	EXP 	Display Frame 8
769.9774 	EXP 	Display Frame 9
770.0107 	EXP 	Display Frame 0
770.0440 	EXP 	Display Frame 1
770.0773 	EXP 	Display Frame 2
770.1107 	EXP 	Display Frame 3
770.1440 	EXP 	Display Frame 4
770.1774 	EXP 	Display Frame 5
770.2106 	EXP 	Display Frame 6
770.2440 	EXP 	Display Frame 7
770.2774 	EXP 	Display Frame 8
770.3107 	EXP 	Display Frame 9
770.3440 	EXP 	Display Frame 0
770.3773 	EXP 	Display Frame 1
770.4107 	EXP 	Display Frame 2
770.4440 	EXP 	Display Frame 3
770.4774 	EXP 	Display Frame 4
770.5107 	EXP 	Display Frame 5
770.5440 	EXP 	Display Frame 6
770.5774 	EXP 	Display Frame 7
770.6107 	EXP 	Display Frame 8
770.6440 	EXP 	Display Frame 9
770.6773 	EXP 	Display Frame 0
770.7107 	EXP 	Display Frame 1
770.7440 	EXP 	Display Frame 2
770.7773 	EXP 	Display Frame 3
770.8107 	EXP 	Display Frame 4
770.8442 	DATA 	Keypress: equal
770.8452 	EXP 	Display Frame 5
770.8517 	EXP 	Display Fixation
776.0312 	DATA 	Keypress: equal
781.2241 	DATA 	Keypress: equal
786.4183 	DATA 	Keypress: equal
791.6113 	DATA 	Keypress: equal
796.8054 	DATA 	Keypress: equal
801.9996 	DATA 	Keypress: equal
802.0344 	EXP 	Display Frame 1
802.0675 	EXP 	Display Frame 2
802.1007 	EXP 	Display Frame 3
802.1341 	EXP 	Display Frame 4
802.1674 	EXP 	Display Frame 5
802.2007 	EXP 	Display Frame 6
802.2341 	EXP 	Display Frame 7
802.2674 	EXP 	Display Frame 8
802.3008 	EXP 	Display Frame 9
802.3341 	EXP 	Display Frame 0
802.3674 	EXP 	Display Frame 1
802.4007 	EXP 	Display Frame 2
802.4341 	EXP 	Display Frame 3
802.4674 	EXP 	Display Frame 4
802.5007 	EXP 	Display Frame 5
802.5340 	EXP 	Display Frame 6
802.5674 	EXP 	Display Frame 7
802.6007 	EXP 	Display Frame 8
802.6341 	EXP 	Display Frame 9
802.6674 	EXP 	Display Frame 0
802.7007 	EXP 	Display Frame 1
802.7341 	EXP 	Display Frame 2
802.7674 	EXP 	Display Frame 3
802.8007 	EXP 	Display Frame 4
802.8341 	EXP 	Display Frame 5
802.8674 	EXP 	Display Frame 6
802.9007 	EXP 	Display Frame 7
802.9340 	EXP 	Display Frame 8
802.9674 	EXP 	Display Frame 9
803.0007 	EXP 	Display Frame 0
803.0340 	EXP 	Display Frame 1
803.0674 	EXP 	Display Frame 2
803.1009 	EXP 	Display Frame 3
803.1341 	EXP 	Display Frame 4
803.1674 	EXP 	Display Frame 5
803.2007 	EXP 	Display Frame 6
803.2341 	EXP 	Display Frame 7
803.2674 	EXP 	Display Frame 8
803.3007 	EXP 	Display Frame 9
803.3340 	EXP 	Display Frame 0
803.3674 	EXP 	Display Frame 1
803.4007 	EXP 	Display Frame 2
803.4340 	EXP 	Display Frame 3
803.4674 	EXP 	Display Frame 4
803.5007 	EXP 	Display Frame 5
803.5340 	EXP 	Display Frame 6
803.5674 	EXP 	Display Frame 7
803.6007 	EXP 	Display Frame 8
803.6340 	EXP 	Display Frame 9
803.6674 	EXP 	Display Frame 0
803.7007 	EXP 	Display Frame 1
803.7340 	EXP 	Display Frame 2
803.7674 	EXP 	Display Frame 3
803.8007 	EXP 	Display Frame 4
803.8340 	EXP 	Display Frame 5
803.8674 	EXP 	Display Frame 6
803.9007 	EXP 	Display Frame 7
803.9340 	EXP 	Display Frame 8
803.9674 	EXP 	Display Frame 9
804.0007 	EXP 	Display Frame 0
804.0340 	EXP 	Display Frame 1
804.0674 	EXP 	Display Frame 2
804.1007 	EXP 	Display Frame 3
804.1341 	EXP 	Display Frame 4
804.1674 	EXP 	Display Frame 5
804.2007 	EXP 	Display Frame 6
804.2340 	EXP 	Display Frame 7
804.2674 	EXP 	Display Frame 8
804.3007 	EXP 	Display Frame 9
804.3340 	EXP 	Display Frame 0
804.3674 	EXP 	Display Frame 1
804.4007 	EXP 	Display Frame 2
804.4341 	EXP 	Display Frame 3
804.4674 	EXP 	Display Frame 4
804.5007 	EXP 	Display Frame 5
804.5340 	EXP 	Display Frame 6
804.5674 	EXP 	Display Frame 7
804.6007 	EXP 	Display Frame 8
804.6340 	EXP 	Display Frame 9
804.6674 	EXP 	Display Frame 0
804.7007 	EXP 	Display Frame 1
804.7340 	EXP 	Display Frame 2
804.7674 	EXP 	Display Frame 3
804.8007 	EXP 	Display Frame 4
804.8340 	EXP 	Display Frame 5
804.8674 	EXP 	Display Frame 6
804.9007 	EXP 	Display Frame 7
804.9340 	EXP 	Display Frame 8
804.9674 	EXP 	Display Frame 9
805.0007 	EXP 	Display Frame 0
805.0340 	EXP 	Display Frame 1
805.0674 	EXP 	Display Frame 2
805.1007 	EXP 	Display Frame 3
805.1340 	EXP 	Display Frame 4
805.1674 	EXP 	Display Frame 5
805.2007 	EXP 	Display Frame 6
805.2340 	EXP 	Display Frame 7
805.2674 	EXP 	Display Frame 8
805.3055 	EXP 	Display Frame 9
805.3340 	EXP 	Display Frame 0
805.3674 	EXP 	Display Frame 1
805.4007 	EXP 	Display Frame 2
805.4340 	EXP 	Display Frame 3
805.4674 	EXP 	Display Frame 4
805.5007 	EXP 	Display Frame 5
805.5340 	EXP 	Display Frame 6
805.5674 	EXP 	Display Frame 7
805.6007 	EXP 	Display Frame 8
805.6341 	EXP 	Display Frame 9
805.6674 	EXP 	Display Frame 0
805.7007 	EXP 	Display Frame 1
805.7340 	EXP 	Display Frame 2
805.7674 	EXP 	Display Frame 3
805.8007 	EXP 	Display Frame 4
805.8340 	EXP 	Display Frame 5
805.8674 	EXP 	Display Frame 6
805.9007 	EXP 	Display Frame 7
805.9340 	EXP 	Display Frame 8
805.9674 	EXP 	Display Frame 9
806.0007 	EXP 	Display Frame 0
806.0340 	EXP 	Display Frame 1
806.0674 	EXP 	Display Frame 2
806.1007 	EXP 	Display Frame 3
806.1340 	EXP 	Display Frame 4
806.1674 	EXP 	Display Frame 5
806.2007 	EXP 	Display Frame 6
806.2340 	EXP 	Display Frame 7
806.2674 	EXP 	Display Frame 8
806.3007 	EXP 	Display Frame 9
806.3340 	EXP 	Display Frame 0
806.3674 	EXP 	Display Frame 1
806.4010 	EXP 	Display Frame 2
806.4341 	EXP 	Display Frame 3
806.4674 	EXP 	Display Frame 4
806.5007 	EXP 	Display Frame 5
806.5341 	EXP 	Display Frame 6
806.5674 	EXP 	Display Frame 7
806.6007 	EXP 	Display Frame 8
806.6340 	EXP 	Display Frame 9
806.6674 	EXP 	Display Frame 0
806.7007 	EXP 	Display Frame 1
806.7340 	EXP 	Display Frame 2
806.7674 	EXP 	Display Frame 3
806.8007 	EXP 	Display Frame 4
806.8341 	EXP 	Display Frame 5
806.8674 	EXP 	Display Frame 6
806.9007 	EXP 	Display Frame 7
806.9340 	EXP 	Display Frame 8
806.9674 	EXP 	Display Frame 9
807.0007 	EXP 	Display Frame 0
807.0341 	EXP 	Display Frame 1
807.0674 	EXP 	Display Frame 2
807.1007 	EXP 	Display Frame 3
807.1340 	EXP 	Display Frame 4
807.1674 	EXP 	Display Frame 5
807.2008 	DATA 	Keypress: equal
807.2019 	EXP 	Display Frame 6
807.2341 	EXP 	Display Frame 7
807.2677 	EXP 	Display Frame 8
807.3010 	EXP 	Display Frame 9
807.3340 	EXP 	Display Frame 0
807.3674 	EXP 	Display Frame 1
807.4007 	EXP 	Display Frame 2
807.4340 	EXP 	Display Frame 3
807.4674 	EXP 	Display Frame 4
807.5007 	EXP 	Display Frame 5
807.5340 	EXP 	Display Frame 6
807.5674 	EXP 	Display Frame 7
807.6007 	EXP 	Display Frame 8
807.6340 	EXP 	Display Frame 9
807.6674 	EXP 	Display Frame 0
807.7007 	EXP 	Display Frame 1
807.7340 	EXP 	Display Frame 2
807.7674 	EXP 	Display Frame 3
807.8007 	EXP 	Display Frame 4
807.8340 	EXP 	Display Frame 5
807.8674 	EXP 	Display Frame 6
807.9007 	EXP 	Display Frame 7
807.9343 	EXP 	Display Frame 8
807.9678 	EXP 	Display Frame 9
808.0008 	EXP 	Display Frame 0
808.0340 	EXP 	Display Frame 1
808.0674 	EXP 	Display Frame 2
808.1007 	EXP 	Display Frame 3
808.1340 	EXP 	Display Frame 4
808.1674 	EXP 	Display Frame 5
808.2007 	EXP 	Display Frame 6
808.2340 	EXP 	Display Frame 7
808.2674 	EXP 	Display Frame 8
808.3007 	EXP 	Display Frame 9
808.3340 	EXP 	Display Frame 0
808.3674 	EXP 	Display Frame 1
808.4007 	EXP 	Display Frame 2
808.4341 	EXP 	Display Frame 3
808.4677 	EXP 	Display Frame 4
808.5007 	EXP 	Display Frame 5
808.5340 	EXP 	Display Frame 6
808.5674 	EXP 	Display Frame 7
808.6007 	EXP 	Display Frame 8
808.6341 	EXP 	Display Frame 9
808.6674 	EXP 	Display Frame 0
808.7007 	EXP 	Display Frame 1
808.7340 	EXP 	Display Frame 2
808.7674 	EXP 	Display Frame 3
808.8007 	EXP 	Display Frame 4
808.8341 	EXP 	Display Frame 5
808.8674 	EXP 	Display Frame 6
808.9007 	EXP 	Display Frame 7
808.9340 	EXP 	Display Frame 8
808.9674 	EXP 	Display Frame 9
809.0007 	EXP 	Display Frame 0
809.0340 	EXP 	Display Frame 1
809.0674 	EXP 	Display Frame 2
809.1007 	EXP 	Display Frame 3
809.1340 	EXP 	Display Frame 4
809.1674 	EXP 	Display Frame 5
809.2007 	EXP 	Display Frame 6
809.2340 	EXP 	Display Frame 7
809.2674 	EXP 	Display Frame 8
809.3007 	EXP 	Display Frame 9
809.3341 	EXP 	Display Frame 0
809.3674 	EXP 	Display Frame 1
809.4007 	EXP 	Display Frame 2
809.4340 	EXP 	Display Frame 3
809.4674 	EXP 	Display Frame 4
809.5007 	EXP 	Display Frame 5
809.5341 	EXP 	Display Frame 6
809.5674 	EXP 	Display Frame 7
809.6007 	EXP 	Display Frame 8
809.6340 	EXP 	Display Frame 9
809.6674 	EXP 	Display Frame 0
809.7007 	EXP 	Display Frame 1
809.7341 	EXP 	Display Frame 2
809.7674 	EXP 	Display Frame 3
809.8007 	EXP 	Display Frame 4
809.8341 	EXP 	Display Frame 5
809.8674 	EXP 	Display Frame 6
809.9007 	EXP 	Display Frame 7
809.9340 	EXP 	Display Frame 8
809.9674 	EXP 	Display Frame 9
810.0007 	EXP 	Display Frame 0
810.0340 	EXP 	Display Frame 1
810.0674 	EXP 	Display Frame 2
810.1007 	EXP 	Display Frame 3
810.1340 	EXP 	Display Frame 4
810.1674 	EXP 	Display Frame 5
810.2007 	EXP 	Display Frame 6
810.2340 	EXP 	Display Frame 7
810.2674 	EXP 	Display Frame 8
810.3007 	EXP 	Display Frame 9
810.3340 	EXP 	Display Frame 0
810.3674 	EXP 	Display Frame 1
810.4007 	EXP 	Display Frame 2
810.4340 	EXP 	Display Frame 3
810.4674 	EXP 	Display Frame 4
810.5007 	EXP 	Display Frame 5
810.5340 	EXP 	Display Frame 6
810.5674 	EXP 	Display Frame 7
810.6007 	EXP 	Display Frame 8
810.6340 	EXP 	Display Frame 9
810.6674 	EXP 	Display Frame 0
810.7007 	EXP 	Display Frame 1
810.7341 	EXP 	Display Frame 2
810.7674 	EXP 	Display Frame 3
810.8007 	EXP 	Display Frame 4
810.8340 	EXP 	Display Frame 5
810.8674 	EXP 	Display Frame 6
810.9007 	EXP 	Display Frame 7
810.9340 	EXP 	Display Frame 8
810.9674 	EXP 	Display Frame 9
811.0007 	EXP 	Display Frame 0
811.0341 	EXP 	Display Frame 1
811.0674 	EXP 	Display Frame 2
811.1007 	EXP 	Display Frame 3
811.1340 	EXP 	Display Frame 4
811.1674 	EXP 	Display Frame 5
811.2007 	EXP 	Display Frame 6
811.2340 	EXP 	Display Frame 7
811.2674 	EXP 	Display Frame 8
811.3007 	EXP 	Display Frame 9
811.3340 	EXP 	Display Frame 0
811.3674 	EXP 	Display Frame 1
811.4007 	EXP 	Display Frame 2
811.4341 	EXP 	Display Frame 3
811.4674 	EXP 	Display Frame 4
811.5007 	EXP 	Display Frame 5
811.5340 	EXP 	Display Frame 6
811.5674 	EXP 	Display Frame 7
811.6007 	EXP 	Display Frame 8
811.6341 	EXP 	Display Frame 9
811.6674 	EXP 	Display Frame 0
811.7007 	EXP 	Display Frame 1
811.7340 	EXP 	Display Frame 2
811.7673 	EXP 	Display Frame 3
811.8007 	EXP 	Display Frame 4
811.8340 	EXP 	Display Frame 5
811.8674 	EXP 	Display Frame 6
811.9007 	EXP 	Display Frame 7
811.9340 	EXP 	Display Frame 8
811.9674 	EXP 	Display Frame 9
812.0007 	EXP 	Display Frame 0
812.0340 	EXP 	Display Frame 1
812.0674 	EXP 	Display Frame 2
812.1007 	EXP 	Display Frame 3
812.1340 	EXP 	Display Frame 4
812.1677 	EXP 	Display Frame 5
812.2007 	EXP 	Display Frame 6
812.2341 	EXP 	Display Frame 7
812.2674 	EXP 	Display Frame 8
812.3007 	EXP 	Display Frame 9
812.3341 	EXP 	Display Frame 0
812.3674 	EXP 	Display Frame 1
812.4008 	DATA 	Keypress: equal
812.4019 	EXP 	Display Frame 2
812.4340 	EXP 	Display Frame 3
812.4674 	EXP 	Display Frame 4
812.5007 	EXP 	Display Frame 5
812.5340 	EXP 	Display Frame 6
812.5674 	EXP 	Display Frame 7
812.6007 	EXP 	Display Frame 8
812.6340 	EXP 	Display Frame 9
812.6673 	EXP 	Display Frame 0
812.7007 	EXP 	Display Frame 1
812.7340 	EXP 	Display Frame 2
812.7674 	EXP 	Display Frame 3
812.8007 	EXP 	Display Frame 4
812.8340 	EXP 	Display Frame 5
812.8674 	EXP 	Display Frame 6
812.9007 	EXP 	Display Frame 7
812.9340 	EXP 	Display Frame 8
812.9674 	EXP 	Display Frame 9
813.0007 	EXP 	Display Frame 0
813.0340 	EXP 	Display Frame 1
813.0674 	EXP 	Display Frame 2
813.1007 	EXP 	Display Frame 3
813.1340 	EXP 	Display Frame 4
813.1674 	EXP 	Display Frame 5
813.2007 	EXP 	Display Frame 6
813.2340 	EXP 	Display Frame 7
813.2674 	EXP 	Display Frame 8
813.3007 	EXP 	Display Frame 9
813.3340 	EXP 	Display Frame 0
813.3674 	EXP 	Display Frame 1
813.4007 	EXP 	Display Frame 2
813.4340 	EXP 	Display Frame 3
813.4674 	EXP 	Display Frame 4
813.5007 	EXP 	Display Frame 5
813.5340 	EXP 	Display Frame 6
813.5674 	EXP 	Display Frame 7
813.6007 	EXP 	Display Frame 8
813.6340 	EXP 	Display Frame 9
813.6674 	EXP 	Display Frame 0
813.7007 	EXP 	Display Frame 1
813.7340 	EXP 	Display Frame 2
813.7675 	EXP 	Display Frame 3
813.8008 	EXP 	Display Frame 4
813.8340 	EXP 	Display Frame 5
813.8674 	EXP 	Display Frame 6
813.9007 	EXP 	Display Frame 7
813.9340 	EXP 	Display Frame 8
813.9674 	EXP 	Display Frame 9
814.0007 	EXP 	Display Frame 0
814.0340 	EXP 	Display Frame 1
814.0674 	EXP 	Display Frame 2
814.1007 	EXP 	Display Frame 3
814.1340 	EXP 	Display Frame 4
814.1674 	EXP 	Display Frame 5
814.2007 	EXP 	Display Frame 6
814.2340 	EXP 	Display Frame 7
814.2674 	EXP 	Display Frame 8
814.3007 	EXP 	Display Frame 9
814.3340 	EXP 	Display Frame 0
814.3674 	EXP 	Display Frame 1
814.4007 	EXP 	Display Frame 2
814.4340 	EXP 	Display Frame 3
814.4674 	EXP 	Display Frame 4
814.5007 	EXP 	Display Frame 5
814.5340 	EXP 	Display Frame 6
814.5674 	EXP 	Display Frame 7
814.6007 	EXP 	Display Frame 8
814.6340 	EXP 	Display Frame 9
814.6674 	EXP 	Display Frame 0
814.7007 	EXP 	Display Frame 1
814.7340 	EXP 	Display Frame 2
814.7673 	EXP 	Display Frame 3
814.8007 	EXP 	Display Frame 4
814.8340 	EXP 	Display Frame 5
814.8674 	EXP 	Display Frame 6
814.9007 	EXP 	Display Frame 7
814.9340 	EXP 	Display Frame 8
814.9674 	EXP 	Display Frame 9
815.0007 	EXP 	Display Frame 0
815.0341 	EXP 	Display Frame 1
815.0674 	EXP 	Display Frame 2
815.1007 	EXP 	Display Frame 3
815.1340 	EXP 	Display Frame 4
815.1674 	EXP 	Display Frame 5
815.2007 	EXP 	Display Frame 6
815.2340 	EXP 	Display Frame 7
815.2674 	EXP 	Display Frame 8
815.3007 	EXP 	Display Frame 9
815.3340 	EXP 	Display Frame 0
815.3673 	EXP 	Display Frame 1
815.4007 	EXP 	Display Frame 2
815.4341 	EXP 	Display Frame 3
815.4674 	EXP 	Display Frame 4
815.5007 	EXP 	Display Frame 5
815.5340 	EXP 	Display Frame 6
815.5674 	EXP 	Display Frame 7
815.6007 	EXP 	Display Frame 8
815.6340 	EXP 	Display Frame 9
815.6674 	EXP 	Display Frame 0
815.7007 	EXP 	Display Frame 1
815.7340 	EXP 	Display Frame 2
815.7674 	EXP 	Display Frame 3
815.8007 	EXP 	Display Frame 4
815.8340 	EXP 	Display Frame 5
815.8674 	EXP 	Display Frame 6
815.9011 	EXP 	Display Frame 7
815.9342 	EXP 	Display Frame 8
815.9674 	EXP 	Display Frame 9
816.0007 	EXP 	Display Frame 0
816.0341 	EXP 	Display Frame 1
816.0674 	EXP 	Display Frame 2
816.1007 	EXP 	Display Frame 3
816.1340 	EXP 	Display Frame 4
816.1674 	EXP 	Display Frame 5
816.2007 	EXP 	Display Frame 6
816.2340 	EXP 	Display Frame 7
816.2674 	EXP 	Display Frame 8
816.3007 	EXP 	Display Frame 9
816.3340 	EXP 	Display Frame 0
816.3674 	EXP 	Display Frame 1
816.4007 	EXP 	Display Frame 2
816.4340 	EXP 	Display Frame 3
816.4674 	EXP 	Display Frame 4
816.5007 	EXP 	Display Frame 5
816.5341 	EXP 	Display Frame 6
816.5674 	EXP 	Display Frame 7
816.6007 	EXP 	Display Frame 8
816.6340 	EXP 	Display Frame 9
816.6674 	EXP 	Display Frame 0
816.7007 	EXP 	Display Frame 1
816.7341 	EXP 	Display Frame 2
816.7674 	EXP 	Display Frame 3
816.8007 	EXP 	Display Frame 4
816.8340 	EXP 	Display Frame 5
816.8674 	EXP 	Display Frame 6
816.9007 	EXP 	Display Frame 7
816.9340 	EXP 	Display Frame 8
816.9674 	EXP 	Display Frame 9
817.0007 	EXP 	Display Frame 0
817.0340 	EXP 	Display Frame 1
817.0674 	EXP 	Display Frame 2
817.1007 	EXP 	Display Frame 3
817.1340 	EXP 	Display Frame 4
817.1674 	EXP 	Display Frame 5
817.2007 	EXP 	Display Frame 6
817.2341 	EXP 	Display Frame 7
817.2674 	EXP 	Display Frame 8
817.3007 	EXP 	Display Frame 9
817.3340 	EXP 	Display Frame 0
817.3674 	EXP 	Display Frame 1
817.4007 	EXP 	Display Frame 2
817.4341 	EXP 	Display Frame 3
817.4674 	EXP 	Display Frame 4
817.5007 	EXP 	Display Frame 5
817.5341 	EXP 	Display Frame 6
817.5674 	EXP 	Display Frame 7
817.6008 	DATA 	Keypress: equal
817.6019 	EXP 	Display Frame 8
817.6340 	EXP 	Display Frame 9
817.6674 	EXP 	Display Frame 0
817.7007 	EXP 	Display Frame 1
817.7340 	EXP 	Display Frame 2
817.7674 	EXP 	Display Frame 3
817.8007 	EXP 	Display Frame 4
817.8340 	EXP 	Display Frame 5
817.8674 	EXP 	Display Frame 6
817.9007 	EXP 	Display Frame 7
817.9344 	EXP 	Display Frame 8
817.9674 	EXP 	Display Frame 9
818.0007 	EXP 	Display Frame 0
818.0341 	EXP 	Display Frame 1
818.0674 	EXP 	Display Frame 2
818.1007 	EXP 	Display Frame 3
818.1340 	EXP 	Display Frame 4
818.1674 	EXP 	Display Frame 5
818.2007 	EXP 	Display Frame 6
818.2341 	EXP 	Display Frame 7
818.2674 	EXP 	Display Frame 8
818.3007 	EXP 	Display Frame 9
818.3340 	EXP 	Display Frame 0
818.3674 	EXP 	Display Frame 1
818.4007 	EXP 	Display Frame 2
818.4340 	EXP 	Display Frame 3
818.4674 	EXP 	Display Frame 4
818.5007 	EXP 	Display Frame 5
818.5341 	EXP 	Display Frame 6
818.5674 	EXP 	Display Frame 7
818.6007 	EXP 	Display Frame 8
818.6340 	EXP 	Display Frame 9
818.6674 	EXP 	Display Frame 0
818.7007 	EXP 	Display Frame 1
818.7340 	EXP 	Display Frame 2
818.7674 	EXP 	Display Frame 3
818.8007 	EXP 	Display Frame 4
818.8340 	EXP 	Display Frame 5
818.8674 	EXP 	Display Frame 6
818.9007 	EXP 	Display Frame 7
818.9340 	EXP 	Display Frame 8
818.9674 	EXP 	Display Frame 9
819.0007 	EXP 	Display Frame 0
819.0340 	EXP 	Display Frame 1
819.0674 	EXP 	Display Frame 2
819.1008 	EXP 	Display Frame 3
819.1341 	EXP 	Display Frame 4
819.1674 	EXP 	Display Frame 5
819.2007 	EXP 	Display Frame 6
819.2340 	EXP 	Display Frame 7
819.2674 	EXP 	Display Frame 8
819.3007 	EXP 	Display Frame 9
819.3340 	EXP 	Display Frame 0
819.3674 	EXP 	Display Frame 1
819.4007 	EXP 	Display Frame 2
819.4340 	EXP 	Display Frame 3
819.4674 	EXP 	Display Frame 4
819.5007 	EXP 	Display Frame 5
819.5341 	EXP 	Display Frame 6
819.5674 	EXP 	Display Frame 7
819.6007 	EXP 	Display Frame 8
819.6340 	EXP 	Display Frame 9
819.6674 	EXP 	Display Frame 0
819.7007 	EXP 	Display Frame 1
819.7340 	EXP 	Display Frame 2
819.7674 	EXP 	Display Frame 3
819.8007 	EXP 	Display Frame 4
819.8340 	EXP 	Display Frame 5
819.8674 	EXP 	Display Frame 6
819.9007 	EXP 	Display Frame 7
819.9341 	EXP 	Display Frame 8
819.9674 	EXP 	Display Frame 9
820.0007 	EXP 	Display Frame 0
820.0340 	EXP 	Display Frame 1
820.0673 	EXP 	Display Frame 2
820.1007 	EXP 	Display Frame 3
820.1340 	EXP 	Display Frame 4
820.1674 	EXP 	Display Frame 5
820.2007 	EXP 	Display Frame 6
820.2340 	EXP 	Display Frame 7
820.2674 	EXP 	Display Frame 8
820.3007 	EXP 	Display Frame 9
820.3340 	EXP 	Display Frame 0
820.3674 	EXP 	Display Frame 1
820.4007 	EXP 	Display Frame 2
820.4340 	EXP 	Display Frame 3
820.4674 	EXP 	Display Frame 4
820.5007 	EXP 	Display Frame 5
820.5340 	EXP 	Display Frame 6
820.5674 	EXP 	Display Frame 7
820.6007 	EXP 	Display Frame 8
820.6341 	EXP 	Display Frame 9
820.6674 	EXP 	Display Frame 0
820.7007 	EXP 	Display Frame 1
820.7340 	EXP 	Display Frame 2
820.7674 	EXP 	Display Frame 3
820.8007 	EXP 	Display Frame 4
820.8341 	EXP 	Display Frame 5
820.8674 	EXP 	Display Frame 6
820.9007 	EXP 	Display Frame 7
820.9340 	EXP 	Display Frame 8
820.9674 	EXP 	Display Frame 9
821.0007 	EXP 	Display Frame 0
821.0340 	EXP 	Display Frame 1
821.0674 	EXP 	Display Frame 2
821.1007 	EXP 	Display Frame 3
821.1340 	EXP 	Display Frame 4
821.1674 	EXP 	Display Frame 5
821.2007 	EXP 	Display Frame 6
821.2340 	EXP 	Display Frame 7
821.2674 	EXP 	Display Frame 8
821.3007 	EXP 	Display Frame 9
821.3340 	EXP 	Display Frame 0
821.3674 	EXP 	Display Frame 1
821.4007 	EXP 	Display Frame 2
821.4341 	EXP 	Display Frame 3
821.4674 	EXP 	Display Frame 4
821.5007 	EXP 	Display Frame 5
821.5341 	EXP 	Display Frame 6
821.5674 	EXP 	Display Frame 7
821.6007 	EXP 	Display Frame 8
821.6340 	EXP 	Display Frame 9
821.6674 	EXP 	Display Frame 0
821.7007 	EXP 	Display Frame 1
821.7340 	EXP 	Display Frame 2
821.7674 	EXP 	Display Frame 3
821.8007 	EXP 	Display Frame 4
821.8340 	EXP 	Display Frame 5
821.8674 	EXP 	Display Frame 6
821.9007 	EXP 	Display Frame 7
821.9341 	EXP 	Display Frame 8
821.9674 	EXP 	Display Frame 9
822.0007 	EXP 	Display Frame 0
822.0341 	EXP 	Display Frame 1
822.0674 	EXP 	Display Frame 2
822.1007 	EXP 	Display Frame 3
822.1340 	EXP 	Display Frame 4
822.1674 	EXP 	Display Frame 5
822.2007 	EXP 	Display Frame 6
822.2340 	EXP 	Display Frame 7
822.2674 	EXP 	Display Frame 8
822.3007 	EXP 	Display Frame 9
822.3341 	EXP 	Display Frame 0
822.3674 	EXP 	Display Frame 1
822.4007 	EXP 	Display Frame 2
822.4340 	EXP 	Display Frame 3
822.4674 	EXP 	Display Frame 4
822.5007 	EXP 	Display Frame 5
822.5340 	EXP 	Display Frame 6
822.5674 	EXP 	Display Frame 7
822.6007 	EXP 	Display Frame 8
822.6341 	EXP 	Display Frame 9
822.6674 	EXP 	Display Frame 0
822.7007 	EXP 	Display Frame 1
822.7340 	EXP 	Display Frame 2
822.7674 	EXP 	Display Frame 3
822.8008 	DATA 	Keypress: equal
822.8019 	EXP 	Display Frame 4
822.8340 	EXP 	Display Frame 5
822.8674 	EXP 	Display Frame 6
822.9007 	EXP 	Display Frame 7
822.9340 	EXP 	Display Frame 8
822.9674 	EXP 	Display Frame 9
823.0007 	EXP 	Display Frame 0
823.0340 	EXP 	Display Frame 1
823.0674 	EXP 	Display Frame 2
823.1007 	EXP 	Display Frame 3
823.1340 	EXP 	Display Frame 4
823.1674 	EXP 	Display Frame 5
823.2007 	EXP 	Display Frame 6
823.2340 	EXP 	Display Frame 7
823.2674 	EXP 	Display Frame 8
823.3007 	EXP 	Display Frame 9
823.3340 	EXP 	Display Frame 0
823.3674 	EXP 	Display Frame 1
823.4007 	EXP 	Display Frame 2
823.4340 	EXP 	Display Frame 3
823.4674 	EXP 	Display Frame 4
823.5007 	EXP 	Display Frame 5
823.5341 	EXP 	Display Frame 6
823.5674 	EXP 	Display Frame 7
823.6007 	EXP 	Display Frame 8
823.6340 	EXP 	Display Frame 9
823.6674 	EXP 	Display Frame 0
823.7007 	EXP 	Display Frame 1
823.7340 	EXP 	Display Frame 2
823.7674 	EXP 	Display Frame 3
823.8007 	EXP 	Display Frame 4
823.8341 	EXP 	Display Frame 5
823.8674 	EXP 	Display Frame 6
823.9007 	EXP 	Display Frame 7
823.9341 	EXP 	Display Frame 8
823.9674 	EXP 	Display Frame 9
824.0007 	EXP 	Display Frame 0
824.0340 	EXP 	Display Frame 1
824.0674 	EXP 	Display Frame 2
824.1007 	EXP 	Display Frame 3
824.1340 	EXP 	Display Frame 4
824.1674 	EXP 	Display Frame 5
824.2007 	EXP 	Display Frame 6
824.2340 	EXP 	Display Frame 7
824.2676 	EXP 	Display Frame 8
824.3007 	EXP 	Display Frame 9
824.3340 	EXP 	Display Frame 0
824.3674 	EXP 	Display Frame 1
824.4007 	EXP 	Display Frame 2
824.4342 	EXP 	Display Frame 3
824.4676 	EXP 	Display Frame 4
824.5007 	EXP 	Display Frame 5
824.5341 	EXP 	Display Frame 6
824.5673 	EXP 	Display Frame 7
824.6007 	EXP 	Display Frame 8
824.6340 	EXP 	Display Frame 9
824.6674 	EXP 	Display Frame 0
824.7007 	EXP 	Display Frame 1
824.7340 	EXP 	Display Frame 2
824.7674 	EXP 	Display Frame 3
824.8007 	EXP 	Display Frame 4
824.8341 	EXP 	Display Frame 5
824.8674 	EXP 	Display Frame 6
824.9007 	EXP 	Display Frame 7
824.9340 	EXP 	Display Frame 8
824.9674 	EXP 	Display Frame 9
825.0007 	EXP 	Display Frame 0
825.0340 	EXP 	Display Frame 1
825.0674 	EXP 	Display Frame 2
825.1007 	EXP 	Display Frame 3
825.1340 	EXP 	Display Frame 4
825.1674 	EXP 	Display Frame 5
825.2007 	EXP 	Display Frame 6
825.2340 	EXP 	Display Frame 7
825.2673 	EXP 	Display Frame 8
825.3007 	EXP 	Display Frame 9
825.3341 	EXP 	Display Frame 0
825.3674 	EXP 	Display Frame 1
825.4007 	EXP 	Display Frame 2
825.4340 	EXP 	Display Frame 3
825.4674 	EXP 	Display Frame 4
825.5008 	EXP 	Display Frame 5
825.5340 	EXP 	Display Frame 6
825.5674 	EXP 	Display Frame 7
825.6007 	EXP 	Display Frame 8
825.6341 	EXP 	Display Frame 9
825.6674 	EXP 	Display Frame 0
825.7007 	EXP 	Display Frame 1
825.7340 	EXP 	Display Frame 2
825.7674 	EXP 	Display Frame 3
825.8007 	EXP 	Display Frame 4
825.8340 	EXP 	Display Frame 5
825.8674 	EXP 	Display Frame 6
825.9007 	EXP 	Display Frame 7
825.9340 	EXP 	Display Frame 8
825.9674 	EXP 	Display Frame 9
826.0007 	EXP 	Display Frame 0
826.0340 	EXP 	Display Frame 1
826.0674 	EXP 	Display Frame 2
826.1007 	EXP 	Display Frame 3
826.1340 	EXP 	Display Frame 4
826.1674 	EXP 	Display Frame 5
826.2007 	EXP 	Display Frame 6
826.2340 	EXP 	Display Frame 7
826.2674 	EXP 	Display Frame 8
826.3007 	EXP 	Display Frame 9
826.3340 	EXP 	Display Frame 0
826.3674 	EXP 	Display Frame 1
826.4007 	EXP 	Display Frame 2
826.4340 	EXP 	Display Frame 3
826.4674 	EXP 	Display Frame 4
826.5007 	EXP 	Display Frame 5
826.5340 	EXP 	Display Frame 6
826.5674 	EXP 	Display Frame 7
826.6007 	EXP 	Display Frame 8
826.6341 	EXP 	Display Frame 9
826.6673 	EXP 	Display Frame 0
826.7007 	EXP 	Display Frame 1
826.7340 	EXP 	Display Frame 2
826.7674 	EXP 	Display Frame 3
826.8007 	EXP 	Display Frame 4
826.8340 	EXP 	Display Frame 5
826.8674 	EXP 	Display Frame 6
826.9007 	EXP 	Display Frame 7
826.9340 	EXP 	Display Frame 8
826.9674 	EXP 	Display Frame 9
827.0007 	EXP 	Display Frame 0
827.0340 	EXP 	Display Frame 1
827.0674 	EXP 	Display Frame 2
827.1007 	EXP 	Display Frame 3
827.1341 	EXP 	Display Frame 4
827.1674 	EXP 	Display Frame 5
827.2007 	EXP 	Display Frame 6
827.2340 	EXP 	Display Frame 7
827.2674 	EXP 	Display Frame 8
827.3007 	EXP 	Display Frame 9
827.3341 	EXP 	Display Frame 0
827.3674 	EXP 	Display Frame 1
827.4007 	EXP 	Display Frame 2
827.4340 	EXP 	Display Frame 3
827.4674 	EXP 	Display Frame 4
827.5007 	EXP 	Display Frame 5
827.5340 	EXP 	Display Frame 6
827.5674 	EXP 	Display Frame 7
827.6007 	EXP 	Display Frame 8
827.6341 	EXP 	Display Frame 9
827.6674 	EXP 	Display Frame 0
827.7007 	EXP 	Display Frame 1
827.7340 	EXP 	Display Frame 2
827.7674 	EXP 	Display Frame 3
827.8007 	EXP 	Display Frame 4
827.8341 	EXP 	Display Frame 5
827.8674 	EXP 	Display Frame 6
827.9007 	EXP 	Display Frame 7
827.9341 	EXP 	Display Frame 8
827.9675 	DATA 	Keypress: equal
827.9685 	EXP 	Display Frame 9
828.0006 	EXP 	Display Frame 0
828.0340 	EXP 	Display Frame 1
828.0674 	EXP 	Display Frame 2
828.1007 	EXP 	Display Frame 3
828.1340 	EXP 	Display Frame 4
828.1674 	EXP 	Display Frame 5
828.2007 	EXP 	Display Frame 6
828.2340 	EXP 	Display Frame 7
828.2674 	EXP 	Display Frame 8
828.3007 	EXP 	Display Frame 9
828.3340 	EXP 	Display Frame 0
828.3674 	EXP 	Display Frame 1
828.4007 	EXP 	Display Frame 2
828.4341 	EXP 	Display Frame 3
828.4674 	EXP 	Display Frame 4
828.5007 	EXP 	Display Frame 5
828.5340 	EXP 	Display Frame 6
828.5675 	EXP 	Display Frame 7
828.6007 	EXP 	Display Frame 8
828.6340 	EXP 	Display Frame 9
828.6674 	EXP 	Display Frame 0
828.7007 	EXP 	Display Frame 1
828.7340 	EXP 	Display Frame 2
828.7674 	EXP 	Display Frame 3
828.8007 	EXP 	Display Frame 4
828.8340 	EXP 	Display Frame 5
828.8674 	EXP 	Display Frame 6
828.9007 	EXP 	Display Frame 7
828.9341 	EXP 	Display Frame 8
828.9674 	EXP 	Display Frame 9
829.0007 	EXP 	Display Frame 0
829.0340 	EXP 	Display Frame 1
829.0674 	EXP 	Display Frame 2
829.1007 	EXP 	Display Frame 3
829.1340 	EXP 	Display Frame 4
829.1674 	EXP 	Display Frame 5
829.2007 	EXP 	Display Frame 6
829.2341 	EXP 	Display Frame 7
829.2674 	EXP 	Display Frame 8
829.3007 	EXP 	Display Frame 9
829.3340 	EXP 	Display Frame 0
829.3674 	EXP 	Display Frame 1
829.4007 	EXP 	Display Frame 2
829.4341 	EXP 	Display Frame 3
829.4674 	EXP 	Display Frame 4
829.5007 	EXP 	Display Frame 5
829.5340 	EXP 	Display Frame 6
829.5673 	EXP 	Display Frame 7
829.6007 	EXP 	Display Frame 8
829.6340 	EXP 	Display Frame 9
829.6674 	EXP 	Display Frame 0
829.7007 	EXP 	Display Frame 1
829.7340 	EXP 	Display Frame 2
829.7674 	EXP 	Display Frame 3
829.8007 	EXP 	Display Frame 4
829.8340 	EXP 	Display Frame 5
829.8674 	EXP 	Display Frame 6
829.9007 	EXP 	Display Frame 7
829.9340 	EXP 	Display Frame 8
829.9674 	EXP 	Display Frame 9
830.0007 	EXP 	Display Frame 0
830.0341 	EXP 	Display Frame 1
830.0673 	EXP 	Display Frame 2
830.1007 	EXP 	Display Frame 3
830.1341 	EXP 	Display Frame 4
830.1674 	EXP 	Display Frame 5
830.2007 	EXP 	Display Frame 6
830.2340 	EXP 	Display Frame 7
830.2674 	EXP 	Display Frame 8
830.3007 	EXP 	Display Frame 9
830.3340 	EXP 	Display Frame 0
830.3674 	EXP 	Display Frame 1
830.4007 	EXP 	Display Frame 2
830.4340 	EXP 	Display Frame 3
830.4674 	EXP 	Display Frame 4
830.5007 	EXP 	Display Frame 5
830.5340 	EXP 	Display Frame 6
830.5674 	EXP 	Display Frame 7
830.6007 	EXP 	Display Frame 8
830.6343 	EXP 	Display Frame 9
830.6674 	EXP 	Display Frame 0
830.7007 	EXP 	Display Frame 1
830.7340 	EXP 	Display Frame 2
830.7674 	EXP 	Display Frame 3
830.8007 	EXP 	Display Frame 4
830.8340 	EXP 	Display Frame 5
830.8674 	EXP 	Display Frame 6
830.9007 	EXP 	Display Frame 7
830.9340 	EXP 	Display Frame 8
830.9674 	EXP 	Display Frame 9
831.0007 	EXP 	Display Frame 0
831.0340 	EXP 	Display Frame 1
831.0674 	EXP 	Display Frame 2
831.1007 	EXP 	Display Frame 3
831.1340 	EXP 	Display Frame 4
831.1674 	EXP 	Display Frame 5
831.2007 	EXP 	Display Frame 6
831.2340 	EXP 	Display Frame 7
831.2674 	EXP 	Display Frame 8
831.3007 	EXP 	Display Frame 9
831.3340 	EXP 	Display Frame 0
831.3674 	EXP 	Display Frame 1
831.4007 	EXP 	Display Frame 2
831.4340 	EXP 	Display Frame 3
831.4674 	EXP 	Display Frame 4
831.5007 	EXP 	Display Frame 5
831.5341 	EXP 	Display Frame 6
831.5674 	EXP 	Display Frame 7
831.6007 	EXP 	Display Frame 8
831.6340 	EXP 	Display Frame 9
831.6674 	EXP 	Display Frame 0
831.7007 	EXP 	Display Frame 1
831.7340 	EXP 	Display Frame 2
831.7674 	EXP 	Display Frame 3
831.8007 	EXP 	Display Frame 4
831.8341 	EXP 	Display Frame 5
831.8674 	EXP 	Display Frame 6
831.9007 	EXP 	Display Frame 7
831.9341 	EXP 	Display Frame 8
831.9674 	EXP 	Display Frame 9
832.0007 	EXP 	Display Frame 0
832.0340 	EXP 	Display Frame 1
832.0674 	EXP 	Display Frame 2
832.1007 	EXP 	Display Frame 3
832.1341 	EXP 	Display Frame 4
832.1674 	EXP 	Display Frame 5
832.2007 	EXP 	Display Frame 6
832.2340 	EXP 	Display Frame 7
832.2674 	EXP 	Display Frame 8
832.3007 	EXP 	Display Frame 9
832.3340 	EXP 	Display Frame 0
832.3674 	EXP 	Display Frame 1
832.4007 	EXP 	Display Frame 2
832.4341 	EXP 	Display Frame 3
832.4674 	EXP 	Display Frame 4
832.5007 	EXP 	Display Frame 5
832.5340 	EXP 	Display Frame 6
832.5674 	EXP 	Display Frame 7
832.6007 	EXP 	Display Frame 8
832.6340 	EXP 	Display Frame 9
832.6674 	EXP 	Display Frame 0
832.7007 	EXP 	Display Frame 1
832.7340 	EXP 	Display Frame 2
832.7674 	EXP 	Display Frame 3
832.8007 	EXP 	Display Frame 4
832.8340 	EXP 	Display Frame 5
832.8674 	EXP 	Display Frame 6
832.9007 	EXP 	Display Frame 7
832.9340 	EXP 	Display Frame 8
832.9674 	EXP 	Display Frame 9
833.0007 	EXP 	Display Frame 0
833.0340 	EXP 	Display Frame 1
833.0674 	EXP 	Display Frame 2
833.1007 	EXP 	Display Frame 3
833.1340 	EXP 	Display Frame 4
833.1675 	DATA 	Keypress: equal
833.1687 	EXP 	Display Frame 5
833.1852 	EXP 	Display Fixation
838.3536 	DATA 	Keypress: equal
843.5479 	DATA 	Keypress: equal
848.7425 	DATA 	Keypress: equal
853.9347 	DATA 	Keypress: equal
859.1286 	DATA 	Keypress: equal
864.3218 	DATA 	Keypress: equal
864.3563 	EXP 	Display Frame 1
864.3894 	EXP 	Display Frame 2
864.4228 	EXP 	Display Frame 3
864.4561 	EXP 	Display Frame 4
864.4895 	EXP 	Display Frame 5
864.5228 	EXP 	Display Frame 6
864.5561 	EXP 	Display Frame 7
864.5894 	EXP 	Display Frame 8
864.6228 	EXP 	Display Frame 9
864.6561 	EXP 	Display Frame 0
864.6894 	EXP 	Display Frame 1
864.7227 	EXP 	Display Frame 2
864.7561 	EXP 	Display Frame 3
864.7894 	EXP 	Display Frame 4
864.8227 	EXP 	Display Frame 5
864.8561 	EXP 	Display Frame 6
864.8894 	EXP 	Display Frame 7
864.9228 	EXP 	Display Frame 8
864.9561 	EXP 	Display Frame 9
864.9895 	EXP 	Display Frame 0
865.0227 	EXP 	Display Frame 1
865.0561 	EXP 	Display Frame 2
865.0894 	EXP 	Display Frame 3
865.1227 	EXP 	Display Frame 4
865.1561 	EXP 	Display Frame 5
865.1894 	EXP 	Display Frame 6
865.2228 	EXP 	Display Frame 7
865.2560 	EXP 	Display Frame 8
865.2894 	EXP 	Display Frame 9
865.3228 	EXP 	Display Frame 0
865.3560 	EXP 	Display Frame 1
865.3894 	EXP 	Display Frame 2
865.4227 	EXP 	Display Frame 3
865.4560 	EXP 	Display Frame 4
865.4894 	EXP 	Display Frame 5
865.5227 	EXP 	Display Frame 6
865.5561 	EXP 	Display Frame 7
865.5894 	EXP 	Display Frame 8
865.6228 	EXP 	Display Frame 9
865.6561 	EXP 	Display Frame 0
865.6894 	EXP 	Display Frame 1
865.7227 	EXP 	Display Frame 2
865.7561 	EXP 	Display Frame 3
865.7894 	EXP 	Display Frame 4
865.8227 	EXP 	Display Frame 5
865.8560 	EXP 	Display Frame 6
865.8894 	EXP 	Display Frame 7
865.9228 	EXP 	Display Frame 8
865.9561 	EXP 	Display Frame 9
865.9894 	EXP 	Display Frame 0
866.0227 	EXP 	Display Frame 1
866.0561 	EXP 	Display Frame 2
866.0894 	EXP 	Display Frame 3
866.1227 	EXP 	Display Frame 4
866.1561 	EXP 	Display Frame 5
866.1894 	EXP 	Display Frame 6
866.2227 	EXP 	Display Frame 7
866.2560 	EXP 	Display Frame 8
866.2894 	EXP 	Display Frame 9
866.3227 	EXP 	Display Frame 0
866.3560 	EXP 	Display Frame 1
866.3894 	EXP 	Display Frame 2
866.4227 	EXP 	Display Frame 3
866.4561 	EXP 	Display Frame 4
866.4894 	EXP 	Display Frame 5
866.5227 	EXP 	Display Frame 6
866.5560 	EXP 	Display Frame 7
866.5894 	EXP 	Display Frame 8
866.6227 	EXP 	Display Frame 9
866.6561 	EXP 	Display Frame 0
866.6894 	EXP 	Display Frame 1
866.7227 	EXP 	Display Frame 2
866.7561 	EXP 	Display Frame 3
866.7894 	EXP 	Display Frame 4
866.8227 	EXP 	Display Frame 5
866.8560 	EXP 	Display Frame 6
866.8894 	EXP 	Display Frame 7
866.9227 	EXP 	Display Frame 8
866.9561 	EXP 	Display Frame 9
866.9894 	EXP 	Display Frame 0
867.0227 	EXP 	Display Frame 1
867.0562 	EXP 	Display Frame 2
867.0894 	EXP 	Display Frame 3
867.1227 	EXP 	Display Frame 4
867.1561 	EXP 	Display Frame 5
867.1894 	EXP 	Display Frame 6
867.2227 	EXP 	Display Frame 7
867.2561 	EXP 	Display Frame 8
867.2894 	EXP 	Display Frame 9
867.3227 	EXP 	Display Frame 0
867.3560 	EXP 	Display Frame 1
867.3894 	EXP 	Display Frame 2
867.4227 	EXP 	Display Frame 3
867.4560 	EXP 	Display Frame 4
867.4894 	EXP 	Display Frame 5
867.5227 	EXP 	Display Frame 6
867.5560 	EXP 	Display Frame 7
867.5894 	EXP 	Display Frame 8
867.6234 	EXP 	Display Frame 9
867.6561 	EXP 	Display Frame 0
867.6894 	EXP 	Display Frame 1
867.7227 	EXP 	Display Frame 2
867.7561 	EXP 	Display Frame 3
867.7894 	EXP 	Display Frame 4
867.8227 	EXP 	Display Frame 5
867.8560 	EXP 	Display Frame 6
867.8894 	EXP 	Display Frame 7
867.9227 	EXP 	Display Frame 8
867.9561 	EXP 	Display Frame 9
867.9894 	EXP 	Display Frame 0
868.0228 	EXP 	Display Frame 1
868.0560 	EXP 	Display Frame 2
868.0894 	EXP 	Display Frame 3
868.1227 	EXP 	Display Frame 4
868.1561 	EXP 	Display Frame 5
868.1894 	EXP 	Display Frame 6
868.2227 	EXP 	Display Frame 7
868.2561 	EXP 	Display Frame 8
868.2894 	EXP 	Display Frame 9
868.3228 	EXP 	Display Frame 0
868.3560 	EXP 	Display Frame 1
868.3894 	EXP 	Display Frame 2
868.4227 	EXP 	Display Frame 3
868.4561 	EXP 	Display Frame 4
868.4894 	EXP 	Display Frame 5
868.5227 	EXP 	Display Frame 6
868.5561 	EXP 	Display Frame 7
868.5894 	EXP 	Display Frame 8
868.6228 	EXP 	Display Frame 9
868.6561 	EXP 	Display Frame 0
868.6896 	EXP 	Display Frame 1
868.7227 	EXP 	Display Frame 2
868.7561 	EXP 	Display Frame 3
868.7894 	EXP 	Display Frame 4
868.8228 	EXP 	Display Frame 5
868.8561 	EXP 	Display Frame 6
868.8894 	EXP 	Display Frame 7
868.9227 	EXP 	Display Frame 8
868.9561 	EXP 	Display Frame 9
868.9894 	EXP 	Display Frame 0
869.0227 	EXP 	Display Frame 1
869.0561 	EXP 	Display Frame 2
869.0894 	EXP 	Display Frame 3
869.1227 	EXP 	Display Frame 4
869.1561 	EXP 	Display Frame 5
869.1894 	EXP 	Display Frame 6
869.2227 	EXP 	Display Frame 7
869.2561 	EXP 	Display Frame 8
869.2894 	EXP 	Display Frame 9
869.3227 	EXP 	Display Frame 0
869.3560 	EXP 	Display Frame 1
869.3894 	EXP 	Display Frame 2
869.4227 	EXP 	Display Frame 3
869.4561 	EXP 	Display Frame 4
869.4894 	EXP 	Display Frame 5
869.5228 	DATA 	Keypress: equal
869.5239 	EXP 	Display Frame 6
869.5560 	EXP 	Display Frame 7
869.5894 	EXP 	Display Frame 8
869.6227 	EXP 	Display Frame 9
869.6561 	EXP 	Display Frame 0
869.6894 	EXP 	Display Frame 1
869.7227 	EXP 	Display Frame 2
869.7561 	EXP 	Display Frame 3
869.7894 	EXP 	Display Frame 4
869.8228 	EXP 	Display Frame 5
869.8560 	EXP 	Display Frame 6
869.8894 	EXP 	Display Frame 7
869.9227 	EXP 	Display Frame 8
869.9561 	EXP 	Display Frame 9
869.9894 	EXP 	Display Frame 0
870.0227 	EXP 	Display Frame 1
870.0561 	EXP 	Display Frame 2
870.0894 	EXP 	Display Frame 3
870.1227 	EXP 	Display Frame 4
870.1560 	EXP 	Display Frame 5
870.1894 	EXP 	Display Frame 6
870.2227 	EXP 	Display Frame 7
870.2561 	EXP 	Display Frame 8
870.2894 	EXP 	Display Frame 9
870.3227 	EXP 	Display Frame 0
870.3560 	EXP 	Display Frame 1
870.3894 	EXP 	Display Frame 2
870.4228 	EXP 	Display Frame 3
870.4561 	EXP 	Display Frame 4
870.4894 	EXP 	Display Frame 5
870.5227 	EXP 	Display Frame 6
870.5561 	EXP 	Display Frame 7
870.5894 	EXP 	Display Frame 8
870.6227 	EXP 	Display Frame 9
870.6560 	EXP 	Display Frame 0
870.6894 	EXP 	Display Frame 1
870.7227 	EXP 	Display Frame 2
870.7561 	EXP 	Display Frame 3
870.7894 	EXP 	Display Frame 4
870.8227 	EXP 	Display Frame 5
870.8561 	EXP 	Display Frame 6
870.8894 	EXP 	Display Frame 7
870.9227 	EXP 	Display Frame 8
870.9561 	EXP 	Display Frame 9
870.9894 	EXP 	Display Frame 0
871.0227 	EXP 	Display Frame 1
871.0560 	EXP 	Display Frame 2
871.0894 	EXP 	Display Frame 3
871.1227 	EXP 	Display Frame 4
871.1561 	EXP 	Display Frame 5
871.1894 	EXP 	Display Frame 6
871.2227 	EXP 	Display Frame 7
871.2561 	EXP 	Display Frame 8
871.2894 	EXP 	Display Frame 9
871.3227 	EXP 	Display Frame 0
871.3560 	EXP 	Display Frame 1
871.3894 	EXP 	Display Frame 2
871.4227 	EXP 	Display Frame 3
871.4561 	EXP 	Display Frame 4
871.4894 	EXP 	Display Frame 5
871.5227 	EXP 	Display Frame 6
871.5560 	EXP 	Display Frame 7
871.5894 	EXP 	Display Frame 8
871.6227 	EXP 	Display Frame 9
871.6561 	EXP 	Display Frame 0
871.6894 	EXP 	Display Frame 1
871.7227 	EXP 	Display Frame 2
871.7561 	EXP 	Display Frame 3
871.7894 	EXP 	Display Frame 4
871.8227 	EXP 	Display Frame 5
871.8561 	EXP 	Display Frame 6
871.8894 	EXP 	Display Frame 7
871.9227 	EXP 	Display Frame 8
871.9561 	EXP 	Display Frame 9
871.9894 	EXP 	Display Frame 0
872.0227 	EXP 	Display Frame 1
872.0560 	EXP 	Display Frame 2
872.0894 	EXP 	Display Frame 3
872.1227 	EXP 	Display Frame 4
872.1561 	EXP 	Display Frame 5
872.1894 	EXP 	Display Frame 6
872.2227 	EXP 	Display Frame 7
872.2560 	EXP 	Display Frame 8
872.2894 	EXP 	Display Frame 9
872.3227 	EXP 	Display Frame 0
872.3560 	EXP 	Display Frame 1
872.3895 	EXP 	Display Frame 2
872.4228 	EXP 	Display Frame 3
872.4560 	EXP 	Display Frame 4
872.4894 	EXP 	Display Frame 5
872.5227 	EXP 	Display Frame 6
872.5645 	EXP 	Display Frame 7
872.5894 	EXP 	Display Frame 8
872.6228 	EXP 	Display Frame 9
872.6561 	EXP 	Display Frame 0
872.6894 	EXP 	Display Frame 1
872.7227 	EXP 	Display Frame 2
872.7561 	EXP 	Display Frame 3
872.7896 	EXP 	Display Frame 4
872.8227 	EXP 	Display Frame 5
872.8561 	EXP 	Display Frame 6
872.8894 	EXP 	Display Frame 7
872.9229 	EXP 	Display Frame 8
872.9561 	EXP 	Display Frame 9
872.9894 	EXP 	Display Frame 0
873.0227 	EXP 	Display Frame 1
873.0560 	EXP 	Display Frame 2
873.0894 	EXP 	Display Frame 3
873.1227 	EXP 	Display Frame 4
873.1560 	EXP 	Display Frame 5
873.1894 	EXP 	Display Frame 6
873.2227 	EXP 	Display Frame 7
873.2561 	EXP 	Display Frame 8
873.2894 	EXP 	Display Frame 9
873.3228 	EXP 	Display Frame 0
873.3560 	EXP 	Display Frame 1
873.3894 	EXP 	Display Frame 2
873.4227 	EXP 	Display Frame 3
873.4561 	EXP 	Display Frame 4
873.4894 	EXP 	Display Frame 5
873.5227 	EXP 	Display Frame 6
873.5561 	EXP 	Display Frame 7
873.5894 	EXP 	Display Frame 8
873.6227 	EXP 	Display Frame 9
873.6560 	EXP 	Display Frame 0
873.6894 	EXP 	Display Frame 1
873.7228 	EXP 	Display Frame 2
873.7561 	EXP 	Display Frame 3
873.7894 	EXP 	Display Frame 4
873.8227 	EXP 	Display Frame 5
873.8561 	EXP 	Display Frame 6
873.8894 	EXP 	Display Frame 7
873.9228 	EXP 	Display Frame 8
873.9561 	EXP 	Display Frame 9
873.9894 	EXP 	Display Frame 0
874.0227 	EXP 	Display Frame 1
874.0560 	EXP 	Display Frame 2
874.0894 	EXP 	Display Frame 3
874.1227 	EXP 	Display Frame 4
874.1561 	EXP 	Display Frame 5
874.1894 	EXP 	Display Frame 6
874.2227 	EXP 	Display Frame 7
874.2561 	EXP 	Display Frame 8
874.2894 	EXP 	Display Frame 9
874.3227 	EXP 	Display Frame 0
874.3560 	EXP 	Display Frame 1
874.3894 	EXP 	Display Frame 2
874.4227 	EXP 	Display Frame 3
874.4561 	EXP 	Display Frame 4
874.4894 	EXP 	Display Frame 5
874.5227 	EXP 	Display Frame 6
874.5561 	EXP 	Display Frame 7
874.5894 	EXP 	Display Frame 8
874.6228 	EXP 	Display Frame 9
874.6561 	EXP 	Display Frame 0
874.6894 	EXP 	Display Frame 1
874.7229 	DATA 	Keypress: equal
874.7239 	EXP 	Display Frame 2
874.7561 	EXP 	Display Frame 3
874.7894 	EXP 	Display Frame 4
874.8227 	EXP 	Display Frame 5
874.8561 	EXP 	Display Frame 6
874.8894 	EXP 	Display Frame 7
874.9227 	EXP 	Display Frame 8
874.9561 	EXP 	Display Frame 9
874.9894 	EXP 	Display Frame 0
875.0227 	EXP 	Display Frame 1
875.0563 	EXP 	Display Frame 2
875.0894 	EXP 	Display Frame 3
875.1227 	EXP 	Display Frame 4
875.1561 	EXP 	Display Frame 5
875.1894 	EXP 	Display Frame 6
875.2228 	EXP 	Display Frame 7
875.2561 	EXP 	Display Frame 8
875.2894 	EXP 	Display Frame 9
875.3227 	EXP 	Display Frame 0
875.3560 	EXP 	Display Frame 1
875.3894 	EXP 	Display Frame 2
875.4227 	EXP 	Display Frame 3
875.4561 	EXP 	Display Frame 4
875.4894 	EXP 	Display Frame 5
875.5227 	EXP 	Display Frame 6
875.5561 	EXP 	Display Frame 7
875.5894 	EXP 	Display Frame 8
875.6227 	EXP 	Display Frame 9
875.6561 	EXP 	Display Frame 0
875.6894 	EXP 	Display Frame 1
875.7227 	EXP 	Display Frame 2
875.7561 	EXP 	Display Frame 3
875.7894 	EXP 	Display Frame 4
875.8227 	EXP 	Display Frame 5
875.8561 	EXP 	Display Frame 6
875.8894 	EXP 	Display Frame 7
875.9230 	EXP 	Display Frame 8
875.9563 	EXP 	Display Frame 9
875.9895 	EXP 	Display Frame 0
876.0228 	EXP 	Display Frame 1
876.0561 	EXP 	Display Frame 2
876.0895 	EXP 	Display Frame 3
876.1228 	EXP 	Display Frame 4
876.1563 	EXP 	Display Frame 5
876.1894 	EXP 	Display Frame 6
876.2227 	EXP 	Display Frame 7
876.2561 	EXP 	Display Frame 8
876.2894 	EXP 	Display Frame 9
876.3227 	EXP 	Display Frame 0
876.3560 	EXP 	Display Frame 1
876.3894 	EXP 	Display Frame 2
876.4227 	EXP 	Display Frame 3
876.4561 	EXP 	Display Frame 4
876.4894 	EXP 	Display Frame 5
876.5227 	EXP 	Display Frame 6
876.5561 	EXP 	Display Frame 7
876.5894 	EXP 	Display Frame 8
876.6228 	EXP 	Display Frame 9
876.6561 	EXP 	Display Frame 0
876.6894 	EXP 	Display Frame 1
876.7227 	EXP 	Display Frame 2
876.7561 	EXP 	Display Frame 3
876.7894 	EXP 	Display Frame 4
876.8227 	EXP 	Display Frame 5
876.8561 	EXP 	Display Frame 6
876.8894 	EXP 	Display Frame 7
876.9227 	EXP 	Display Frame 8
876.9560 	EXP 	Display Frame 9
876.9894 	EXP 	Display Frame 0
877.0227 	EXP 	Display Frame 1
877.0561 	EXP 	Display Frame 2
877.0894 	EXP 	Display Frame 3
877.1227 	EXP 	Display Frame 4
877.1561 	EXP 	Display Frame 5
877.1894 	EXP 	Display Frame 6
877.2227 	EXP 	Display Frame 7
877.2561 	EXP 	Display Frame 8
877.2894 	EXP 	Display Frame 9
877.3227 	EXP 	Display Frame 0
877.3560 	EXP 	Display Frame 1
877.3894 	EXP 	Display Frame 2
877.4227 	EXP 	Display Frame 3
877.4561 	EXP 	Display Frame 4
877.4894 	EXP 	Display Frame 5
877.5227 	EXP 	Display Frame 6
877.5561 	EXP 	Display Frame 7
877.5894 	EXP 	Display Frame 8
877.6227 	EXP 	Display Frame 9
877.6560 	EXP 	Display Frame 0
877.6894 	EXP 	Display Frame 1
877.7228 	EXP 	Display Frame 2
877.7561 	EXP 	Display Frame 3
877.7894 	EXP 	Display Frame 4
877.8227 	EXP 	Display Frame 5
877.8561 	EXP 	Display Frame 6
877.8894 	EXP 	Display Frame 7
877.9227 	EXP 	Display Frame 8
877.9561 	EXP 	Display Frame 9
877.9894 	EXP 	Display Frame 0
878.0227 	EXP 	Display Frame 1
878.0561 	EXP 	Display Frame 2
878.0894 	EXP 	Display Frame 3
878.1227 	EXP 	Display Frame 4
878.1561 	EXP 	Display Frame 5
878.1894 	EXP 	Display Frame 6
878.2227 	EXP 	Display Frame 7
878.2560 	EXP 	Display Frame 8
878.2894 	EXP 	Display Frame 9
878.3227 	EXP 	Display Frame 0
878.3560 	EXP 	Display Frame 1
878.3894 	EXP 	Display Frame 2
878.4228 	EXP 	Display Frame 3
878.4561 	EXP 	Display Frame 4
878.4894 	EXP 	Display Frame 5
878.5227 	EXP 	Display Frame 6
878.5560 	EXP 	Display Frame 7
878.5894 	EXP 	Display Frame 8
878.6227 	EXP 	Display Frame 9
878.6561 	EXP 	Display Frame 0
878.6894 	EXP 	Display Frame 1
878.7227 	EXP 	Display Frame 2
878.7561 	EXP 	Display Frame 3
878.7894 	EXP 	Display Frame 4
878.8227 	EXP 	Display Frame 5
878.8560 	EXP 	Display Frame 6
878.8894 	EXP 	Display Frame 7
878.9227 	EXP 	Display Frame 8
878.9561 	EXP 	Display Frame 9
878.9894 	EXP 	Display Frame 0
879.0227 	EXP 	Display Frame 1
879.0560 	EXP 	Display Frame 2
879.0894 	EXP 	Display Frame 3
879.1227 	EXP 	Display Frame 4
879.1561 	EXP 	Display Frame 5
879.1894 	EXP 	Display Frame 6
879.2227 	EXP 	Display Frame 7
879.2561 	EXP 	Display Frame 8
879.2894 	EXP 	Display Frame 9
879.3227 	EXP 	Display Frame 0
879.3560 	EXP 	Display Frame 1
879.3894 	EXP 	Display Frame 2
879.4227 	EXP 	Display Frame 3
879.4560 	EXP 	Display Frame 4
879.4894 	EXP 	Display Frame 5
879.5227 	EXP 	Display Frame 6
879.5561 	EXP 	Display Frame 7
879.5894 	EXP 	Display Frame 8
879.6227 	EXP 	Display Frame 9
879.6561 	EXP 	Display Frame 0
879.6894 	EXP 	Display Frame 1
879.7227 	EXP 	Display Frame 2
879.7561 	EXP 	Display Frame 3
879.7894 	EXP 	Display Frame 4
879.8227 	EXP 	Display Frame 5
879.8561 	EXP 	Display Frame 6
879.8894 	EXP 	Display Frame 7
879.9229 	DATA 	Keypress: equal
879.9239 	EXP 	Display Frame 8
879.9561 	EXP 	Display Frame 9
879.9894 	EXP 	Display Frame 0
880.0227 	EXP 	Display Frame 1
880.0560 	EXP 	Display Frame 2
880.0894 	EXP 	Display Frame 3
880.1227 	EXP 	Display Frame 4
880.1561 	EXP 	Display Frame 5
880.1894 	EXP 	Display Frame 6
880.2227 	EXP 	Display Frame 7
880.2560 	EXP 	Display Frame 8
880.2894 	EXP 	Display Frame 9
880.3227 	EXP 	Display Frame 0
880.3560 	EXP 	Display Frame 1
880.3894 	EXP 	Display Frame 2
880.4227 	EXP 	Display Frame 3
880.4561 	EXP 	Display Frame 4
880.4894 	EXP 	Display Frame 5
880.5227 	EXP 	Display Frame 6
880.5561 	EXP 	Display Frame 7
880.5894 	EXP 	Display Frame 8
880.6227 	EXP 	Display Frame 9
880.6561 	EXP 	Display Frame 0
880.6894 	EXP 	Display Frame 1
880.7227 	EXP 	Display Frame 2
880.7561 	EXP 	Display Frame 3
880.7894 	EXP 	Display Frame 4
880.8230 	EXP 	Display Frame 5
880.8561 	EXP 	Display Frame 6
880.8894 	EXP 	Display Frame 7
880.9227 	EXP 	Display Frame 8
880.9561 	EXP 	Display Frame 9
880.9894 	EXP 	Display Frame 0
881.0227 	EXP 	Display Frame 1
881.0561 	EXP 	Display Frame 2
881.0894 	EXP 	Display Frame 3
881.1228 	EXP 	Display Frame 4
881.1561 	EXP 	Display Frame 5
881.1894 	EXP 	Display Frame 6
881.2227 	EXP 	Display Frame 7
881.2560 	EXP 	Display Frame 8
881.2894 	EXP 	Display Frame 9
881.3227 	EXP 	Display Frame 0
881.3560 	EXP 	Display Frame 1
881.3894 	EXP 	Display Frame 2
881.4228 	EXP 	Display Frame 3
881.4561 	EXP 	Display Frame 4
881.4894 	EXP 	Display Frame 5
881.5227 	EXP 	Display Frame 6
881.5560 	EXP 	Display Frame 7
881.5894 	EXP 	Display Frame 8
881.6227 	EXP 	Display Frame 9
881.6561 	EXP 	Display Frame 0
881.6894 	EXP 	Display Frame 1
881.7227 	EXP 	Display Frame 2
881.7561 	EXP 	Display Frame 3
881.7894 	EXP 	Display Frame 4
881.8227 	EXP 	Display Frame 5
881.8561 	EXP 	Display Frame 6
881.8894 	EXP 	Display Frame 7
881.9227 	EXP 	Display Frame 8
881.9561 	EXP 	Display Frame 9
881.9894 	EXP 	Display Frame 0
882.0227 	EXP 	Display Frame 1
882.0560 	EXP 	Display Frame 2
882.0894 	EXP 	Display Frame 3
882.1227 	EXP 	Display Frame 4
882.1561 	EXP 	Display Frame 5
882.1894 	EXP 	Display Frame 6
882.2227 	EXP 	Display Frame 7
882.2560 	EXP 	Display Frame 8
882.2894 	EXP 	Display Frame 9
882.3227 	EXP 	Display Frame 0
882.3560 	EXP 	Display Frame 1
882.3894 	EXP 	Display Frame 2
882.4227 	EXP 	Display Frame 3
882.4561 	EXP 	Display Frame 4
882.4894 	EXP 	Display Frame 5
882.5227 	EXP 	Display Frame 6
882.5561 	EXP 	Display Frame 7
882.5894 	EXP 	Display Frame 8
882.6227 	EXP 	Display Frame 9
882.6561 	EXP 	Display Frame 0
882.6894 	EXP 	Display Frame 1
882.7227 	EXP 	Display Frame 2
882.7561 	EXP 	Display Frame 3
882.7894 	EXP 	Display Frame 4
882.8227 	EXP 	Display Frame 5
882.8560 	EXP 	Display Frame 6
882.8894 	EXP 	Display Frame 7
882.9227 	EXP 	Display Frame 8
882.9561 	EXP 	Display Frame 9
882.9894 	EXP 	Display Frame 0
883.0227 	EXP 	Display Frame 1
883.0562 	EXP 	Display Frame 2
883.0894 	EXP 	Display Frame 3
883.1227 	EXP 	Display Frame 4
883.1561 	EXP 	Display Frame 5
883.1894 	EXP 	Display Frame 6
883.2227 	EXP 	Display Frame 7
883.2560 	EXP 	Display Frame 8
883.2894 	EXP 	Display Frame 9
883.3227 	EXP 	Display Frame 0
883.3560 	EXP 	Display Frame 1
883.3894 	EXP 	Display Frame 2
883.4227 	EXP 	Display Frame 3
883.4560 	EXP 	Display Frame 4
883.4894 	EXP 	Display Frame 5
883.5227 	EXP 	Display Frame 6
883.5560 	EXP 	Display Frame 7
883.5894 	EXP 	Display Frame 8
883.6227 	EXP 	Display Frame 9
883.6561 	EXP 	Display Frame 0
883.6894 	EXP 	Display Frame 1
883.7227 	EXP 	Display Frame 2
883.7561 	EXP 	Display Frame 3
883.7894 	EXP 	Display Frame 4
883.8227 	EXP 	Display Frame 5
883.8560 	EXP 	Display Frame 6
883.8894 	EXP 	Display Frame 7
883.9227 	EXP 	Display Frame 8
883.9561 	EXP 	Display Frame 9
883.9894 	EXP 	Display Frame 0
884.0227 	EXP 	Display Frame 1
884.0561 	EXP 	Display Frame 2
884.0894 	EXP 	Display Frame 3
884.1227 	EXP 	Display Frame 4
884.1561 	EXP 	Display Frame 5
884.1894 	EXP 	Display Frame 6
884.2227 	EXP 	Display Frame 7
884.2561 	EXP 	Display Frame 8
884.2894 	EXP 	Display Frame 9
884.3227 	EXP 	Display Frame 0
884.3560 	EXP 	Display Frame 1
884.3894 	EXP 	Display Frame 2
884.4227 	EXP 	Display Frame 3
884.4561 	EXP 	Display Frame 4
884.4894 	EXP 	Display Frame 5
884.5227 	EXP 	Display Frame 6
884.5561 	EXP 	Display Frame 7
884.5894 	EXP 	Display Frame 8
884.6227 	EXP 	Display Frame 9
884.6561 	EXP 	Display Frame 0
884.6894 	EXP 	Display Frame 1
884.7227 	EXP 	Display Frame 2
884.7561 	EXP 	Display Frame 3
884.7894 	EXP 	Display Frame 4
884.8227 	EXP 	Display Frame 5
884.8561 	EXP 	Display Frame 6
884.8894 	EXP 	Display Frame 7
884.9227 	EXP 	Display Frame 8
884.9561 	EXP 	Display Frame 9
884.9894 	EXP 	Display Frame 0
885.0228 	EXP 	Display Frame 1
885.0560 	EXP 	Display Frame 2
885.0894 	EXP 	Display Frame 3
885.1228 	DATA 	Keypress: equal
885.1239 	EXP 	Display Frame 4
885.1561 	EXP 	Display Frame 5
885.1894 	EXP 	Display Frame 6
885.2227 	EXP 	Display Frame 7
885.2560 	EXP 	Display Frame 8
885.2894 	EXP 	Display Frame 9
885.3227 	EXP 	Display Frame 0
885.3560 	EXP 	Display Frame 1
885.3894 	EXP 	Display Frame 2
885.4227 	EXP 	Display Frame 3
885.4561 	EXP 	Display Frame 4
885.4894 	EXP 	Display Frame 5
885.5227 	EXP 	Display Frame 6
885.5560 	EXP 	Display Frame 7
885.5894 	EXP 	Display Frame 8
885.6227 	EXP 	Display Frame 9
885.6561 	EXP 	Display Frame 0
885.6894 	EXP 	Display Frame 1
885.7227 	EXP 	Display Frame 2
885.7561 	EXP 	Display Frame 3
885.7894 	EXP 	Display Frame 4
885.8228 	EXP 	Display Frame 5
885.8560 	EXP 	Display Frame 6
885.8894 	EXP 	Display Frame 7
885.9227 	EXP 	Display Frame 8
885.9561 	EXP 	Display Frame 9
885.9894 	EXP 	Display Frame 0
886.0227 	EXP 	Display Frame 1
886.0561 	EXP 	Display Frame 2
886.0894 	EXP 	Display Frame 3
886.1227 	EXP 	Display Frame 4
886.1561 	EXP 	Display Frame 5
886.1894 	EXP 	Display Frame 6
886.2228 	EXP 	Display Frame 7
886.2560 	EXP 	Display Frame 8
886.2894 	EXP 	Display Frame 9
886.3227 	EXP 	Display Frame 0
886.3561 	EXP 	Display Frame 1
886.3894 	EXP 	Display Frame 2
886.4227 	EXP 	Display Frame 3
886.4561 	EXP 	Display Frame 4
886.4894 	EXP 	Display Frame 5
886.5227 	EXP 	Display Frame 6
886.5561 	EXP 	Display Frame 7
886.5894 	EXP 	Display Frame 8
886.6227 	EXP 	Display Frame 9
886.6561 	EXP 	Display Frame 0
886.6894 	EXP 	Display Frame 1
886.7227 	EXP 	Display Frame 2
886.7561 	EXP 	Display Frame 3
886.7894 	EXP 	Display Frame 4
886.8227 	EXP 	Display Frame 5
886.8560 	EXP 	Display Frame 6
886.8894 	EXP 	Display Frame 7
886.9227 	EXP 	Display Frame 8
886.9561 	EXP 	Display Frame 9
886.9894 	EXP 	Display Frame 0
887.0227 	EXP 	Display Frame 1
887.0560 	EXP 	Display Frame 2
887.0894 	EXP 	Display Frame 3
887.1227 	EXP 	Display Frame 4
887.1563 	EXP 	Display Frame 5
887.1894 	EXP 	Display Frame 6
887.2227 	EXP 	Display Frame 7
887.2561 	EXP 	Display Frame 8
887.2894 	EXP 	Display Frame 9
887.3227 	EXP 	Display Frame 0
887.3561 	EXP 	Display Frame 1
887.3894 	EXP 	Display Frame 2
887.4227 	EXP 	Display Frame 3
887.4561 	EXP 	Display Frame 4
887.4894 	EXP 	Display Frame 5
887.5227 	EXP 	Display Frame 6
887.5561 	EXP 	Display Frame 7
887.5894 	EXP 	Display Frame 8
887.6227 	EXP 	Display Frame 9
887.6561 	EXP 	Display Frame 0
887.6894 	EXP 	Display Frame 1
887.7227 	EXP 	Display Frame 2
887.7561 	EXP 	Display Frame 3
887.7894 	EXP 	Display Frame 4
887.8227 	EXP 	Display Frame 5
887.8561 	EXP 	Display Frame 6
887.8894 	EXP 	Display Frame 7
887.9227 	EXP 	Display Frame 8
887.9561 	EXP 	Display Frame 9
887.9894 	EXP 	Display Frame 0
888.0227 	EXP 	Display Frame 1
888.0561 	EXP 	Display Frame 2
888.0894 	EXP 	Display Frame 3
888.1227 	EXP 	Display Frame 4
888.1561 	EXP 	Display Frame 5
888.1894 	EXP 	Display Frame 6
888.2227 	EXP 	Display Frame 7
888.2560 	EXP 	Display Frame 8
888.2894 	EXP 	Display Frame 9
888.3227 	EXP 	Display Frame 0
888.3560 	EXP 	Display Frame 1
888.3895 	EXP 	Display Frame 2
888.4227 	EXP 	Display Frame 3
888.4561 	EXP 	Display Frame 4
888.4894 	EXP 	Display Frame 5
888.5229 	EXP 	Display Frame 6
888.5561 	EXP 	Display Frame 7
888.5894 	EXP 	Display Frame 8
888.6227 	EXP 	Display Frame 9
888.6561 	EXP 	Display Frame 0
888.6894 	EXP 	Display Frame 1
888.7227 	EXP 	Display Frame 2
888.7561 	EXP 	Display Frame 3
888.7894 	EXP 	Display Frame 4
888.8227 	EXP 	Display Frame 5
888.8560 	EXP 	Display Frame 6
888.8894 	EXP 	Display Frame 7
888.9227 	EXP 	Display Frame 8
888.9561 	EXP 	Display Frame 9
888.9895 	EXP 	Display Frame 0
889.0227 	EXP 	Display Frame 1
889.0561 	EXP 	Display Frame 2
889.0894 	EXP 	Display Frame 3
889.1230 	EXP 	Display Frame 4
889.1563 	EXP 	Display Frame 5
889.1897 	EXP 	Display Frame 6
889.2230 	EXP 	Display Frame 7
889.2563 	EXP 	Display Frame 8
889.2896 	EXP 	Display Frame 9
889.3229 	EXP 	Display Frame 0
889.3563 	EXP 	Display Frame 1
889.3897 	EXP 	Display Frame 2
889.4232 	EXP 	Display Frame 3
889.4563 	EXP 	Display Frame 4
889.4897 	EXP 	Display Frame 5
889.5231 	EXP 	Display Frame 6
889.5564 	EXP 	Display Frame 7
889.5898 	EXP 	Display Frame 8
889.6230 	EXP 	Display Frame 9
889.6564 	EXP 	Display Frame 0
889.6897 	EXP 	Display Frame 1
889.7230 	EXP 	Display Frame 2
889.7561 	EXP 	Display Frame 3
889.7894 	EXP 	Display Frame 4
889.8228 	EXP 	Display Frame 5
889.8561 	EXP 	Display Frame 6
889.8894 	EXP 	Display Frame 7
889.9227 	EXP 	Display Frame 8
889.9561 	EXP 	Display Frame 9
889.9894 	EXP 	Display Frame 0
890.0230 	EXP 	Display Frame 1
890.0561 	EXP 	Display Frame 2
890.0894 	EXP 	Display Frame 3
890.1228 	EXP 	Display Frame 4
890.1561 	EXP 	Display Frame 5
890.1894 	EXP 	Display Frame 6
890.2227 	EXP 	Display Frame 7
890.2561 	EXP 	Display Frame 8
890.2894 	EXP 	Display Frame 9
890.2902 	DATA 	Keypress: equal
890.3228 	EXP 	Display Frame 0
890.3561 	EXP 	Display Frame 1
890.3894 	EXP 	Display Frame 2
890.4228 	EXP 	Display Frame 3
890.4561 	EXP 	Display Frame 4
890.4894 	EXP 	Display Frame 5
890.5227 	EXP 	Display Frame 6
890.5561 	EXP 	Display Frame 7
890.5894 	EXP 	Display Frame 8
890.6227 	EXP 	Display Frame 9
890.6561 	EXP 	Display Frame 0
890.6894 	EXP 	Display Frame 1
890.7227 	EXP 	Display Frame 2
890.7561 	EXP 	Display Frame 3
890.7894 	EXP 	Display Frame 4
890.8227 	EXP 	Display Frame 5
890.8561 	EXP 	Display Frame 6
890.8894 	EXP 	Display Frame 7
890.9227 	EXP 	Display Frame 8
890.9561 	EXP 	Display Frame 9
890.9894 	EXP 	Display Frame 0
891.0227 	EXP 	Display Frame 1
891.0560 	EXP 	Display Frame 2
891.0894 	EXP 	Display Frame 3
891.1227 	EXP 	Display Frame 4
891.1561 	EXP 	Display Frame 5
891.1894 	EXP 	Display Frame 6
891.2227 	EXP 	Display Frame 7
891.2561 	EXP 	Display Frame 8
891.2894 	EXP 	Display Frame 9
891.3227 	EXP 	Display Frame 0
891.3560 	EXP 	Display Frame 1
891.3894 	EXP 	Display Frame 2
891.4227 	EXP 	Display Frame 3
891.4561 	EXP 	Display Frame 4
891.4894 	EXP 	Display Frame 5
891.5227 	EXP 	Display Frame 6
891.5561 	EXP 	Display Frame 7
891.5894 	EXP 	Display Frame 8
891.6227 	EXP 	Display Frame 9
891.6560 	EXP 	Display Frame 0
891.6894 	EXP 	Display Frame 1
891.7227 	EXP 	Display Frame 2
891.7561 	EXP 	Display Frame 3
891.7894 	EXP 	Display Frame 4
891.8227 	EXP 	Display Frame 5
891.8561 	EXP 	Display Frame 6
891.8894 	EXP 	Display Frame 7
891.9227 	EXP 	Display Frame 8
891.9561 	EXP 	Display Frame 9
891.9894 	EXP 	Display Frame 0
892.0227 	EXP 	Display Frame 1
892.0561 	EXP 	Display Frame 2
892.0894 	EXP 	Display Frame 3
892.1227 	EXP 	Display Frame 4
892.1561 	EXP 	Display Frame 5
892.1894 	EXP 	Display Frame 6
892.2227 	EXP 	Display Frame 7
892.2560 	EXP 	Display Frame 8
892.2894 	EXP 	Display Frame 9
892.3228 	EXP 	Display Frame 0
892.3560 	EXP 	Display Frame 1
892.3895 	EXP 	Display Frame 2
892.4227 	EXP 	Display Frame 3
892.4561 	EXP 	Display Frame 4
892.4894 	EXP 	Display Frame 5
892.5227 	EXP 	Display Frame 6
892.5561 	EXP 	Display Frame 7
892.5894 	EXP 	Display Frame 8
892.6227 	EXP 	Display Frame 9
892.6561 	EXP 	Display Frame 0
892.6894 	EXP 	Display Frame 1
892.7227 	EXP 	Display Frame 2
892.7560 	EXP 	Display Frame 3
892.7894 	EXP 	Display Frame 4
892.8227 	EXP 	Display Frame 5
892.8561 	EXP 	Display Frame 6
892.8894 	EXP 	Display Frame 7
892.9227 	EXP 	Display Frame 8
892.9561 	EXP 	Display Frame 9
892.9894 	EXP 	Display Frame 0
893.0227 	EXP 	Display Frame 1
893.0560 	EXP 	Display Frame 2
893.0894 	EXP 	Display Frame 3
893.1227 	EXP 	Display Frame 4
893.1560 	EXP 	Display Frame 5
893.1894 	EXP 	Display Frame 6
893.2227 	EXP 	Display Frame 7
893.2561 	EXP 	Display Frame 8
893.2894 	EXP 	Display Frame 9
893.3227 	EXP 	Display Frame 0
893.3560 	EXP 	Display Frame 1
893.3894 	EXP 	Display Frame 2
893.4227 	EXP 	Display Frame 3
893.4561 	EXP 	Display Frame 4
893.4894 	EXP 	Display Frame 5
893.5227 	EXP 	Display Frame 6
893.5561 	EXP 	Display Frame 7
893.5894 	EXP 	Display Frame 8
893.6227 	EXP 	Display Frame 9
893.6561 	EXP 	Display Frame 0
893.6894 	EXP 	Display Frame 1
893.7228 	EXP 	Display Frame 2
893.7561 	EXP 	Display Frame 3
893.7894 	EXP 	Display Frame 4
893.8227 	EXP 	Display Frame 5
893.8561 	EXP 	Display Frame 6
893.8894 	EXP 	Display Frame 7
893.9227 	EXP 	Display Frame 8
893.9561 	EXP 	Display Frame 9
893.9894 	EXP 	Display Frame 0
894.0227 	EXP 	Display Frame 1
894.0561 	EXP 	Display Frame 2
894.0894 	EXP 	Display Frame 3
894.1227 	EXP 	Display Frame 4
894.1561 	EXP 	Display Frame 5
894.1894 	EXP 	Display Frame 6
894.2227 	EXP 	Display Frame 7
894.2560 	EXP 	Display Frame 8
894.2894 	EXP 	Display Frame 9
894.3227 	EXP 	Display Frame 0
894.3560 	EXP 	Display Frame 1
894.3894 	EXP 	Display Frame 2
894.4227 	EXP 	Display Frame 3
894.4561 	EXP 	Display Frame 4
894.4894 	EXP 	Display Frame 5
894.5227 	EXP 	Display Frame 6
894.5560 	EXP 	Display Frame 7
894.5894 	EXP 	Display Frame 8
894.6227 	EXP 	Display Frame 9
894.6561 	EXP 	Display Frame 0
894.6894 	EXP 	Display Frame 1
894.7227 	EXP 	Display Frame 2
894.7561 	EXP 	Display Frame 3
894.7894 	EXP 	Display Frame 4
894.8227 	EXP 	Display Frame 5
894.8561 	EXP 	Display Frame 6
894.8894 	EXP 	Display Frame 7
894.9227 	EXP 	Display Frame 8
894.9561 	EXP 	Display Frame 9
894.9894 	EXP 	Display Frame 0
895.0227 	EXP 	Display Frame 1
895.0561 	EXP 	Display Frame 2
895.0894 	EXP 	Display Frame 3
895.1227 	EXP 	Display Frame 4
895.1561 	EXP 	Display Frame 5
895.1894 	EXP 	Display Frame 6
895.2227 	EXP 	Display Frame 7
895.2561 	EXP 	Display Frame 8
895.2894 	EXP 	Display Frame 9
895.3228 	EXP 	Display Frame 0
895.3560 	EXP 	Display Frame 1
895.3894 	EXP 	Display Frame 2
895.4227 	EXP 	Display Frame 3
895.4561 	EXP 	Display Frame 4
895.4896 	DATA 	Keypress: equal
895.4906 	EXP 	Display Frame 5
895.5023 	EXP 	Display Fixation
900.6769 	DATA 	Keypress: equal
905.8711 	DATA 	Keypress: equal
911.0641 	DATA 	Keypress: equal
916.2579 	DATA 	Keypress: equal
921.4511 	DATA 	Keypress: equal
926.6451 	DATA 	Keypress: equal
926.6796 	EXP 	Display Frame 1
926.7127 	EXP 	Display Frame 2
926.7461 	EXP 	Display Frame 3
926.7794 	EXP 	Display Frame 4
926.8128 	EXP 	Display Frame 5
926.8461 	EXP 	Display Frame 6
926.8794 	EXP 	Display Frame 7
926.9128 	EXP 	Display Frame 8
926.9461 	EXP 	Display Frame 9
926.9794 	EXP 	Display Frame 0
927.0127 	EXP 	Display Frame 1
927.0461 	EXP 	Display Frame 2
927.0794 	EXP 	Display Frame 3
927.1127 	EXP 	Display Frame 4
927.1461 	EXP 	Display Frame 5
927.1794 	EXP 	Display Frame 6
927.2128 	EXP 	Display Frame 7
927.2461 	EXP 	Display Frame 8
927.2794 	EXP 	Display Frame 9
927.3127 	EXP 	Display Frame 0
927.3461 	EXP 	Display Frame 1
927.3794 	EXP 	Display Frame 2
927.4127 	EXP 	Display Frame 3
927.4461 	EXP 	Display Frame 4
927.4794 	EXP 	Display Frame 5
927.5127 	EXP 	Display Frame 6
927.5461 	EXP 	Display Frame 7
927.5794 	EXP 	Display Frame 8
927.6127 	EXP 	Display Frame 9
927.6461 	EXP 	Display Frame 0
927.6793 	EXP 	Display Frame 1
927.7128 	EXP 	Display Frame 2
927.7461 	EXP 	Display Frame 3
927.7794 	EXP 	Display Frame 4
927.8127 	EXP 	Display Frame 5
927.8461 	EXP 	Display Frame 6
927.8794 	EXP 	Display Frame 7
927.9127 	EXP 	Display Frame 8
927.9461 	EXP 	Display Frame 9
927.9794 	EXP 	Display Frame 0
928.0127 	EXP 	Display Frame 1
928.0460 	EXP 	Display Frame 2
928.0794 	EXP 	Display Frame 3
928.1129 	EXP 	Display Frame 4
928.1461 	EXP 	Display Frame 5
928.1794 	EXP 	Display Frame 6
928.2127 	EXP 	Display Frame 7
928.2460 	EXP 	Display Frame 8
928.2813 	EXP 	Display Frame 9
928.3127 	EXP 	Display Frame 0
928.3461 	EXP 	Display Frame 1
928.3794 	EXP 	Display Frame 2
928.4128 	EXP 	Display Frame 3
928.4461 	EXP 	Display Frame 4
928.4794 	EXP 	Display Frame 5
928.5127 	EXP 	Display Frame 6
928.5461 	EXP 	Display Frame 7
928.5794 	EXP 	Display Frame 8
928.6127 	EXP 	Display Frame 9
928.6461 	EXP 	Display Frame 0
928.6793 	EXP 	Display Frame 1
928.7127 	EXP 	Display Frame 2
928.7460 	EXP 	Display Frame 3
928.7794 	EXP 	Display Frame 4
928.8127 	EXP 	Display Frame 5
928.8460 	EXP 	Display Frame 6
928.8794 	EXP 	Display Frame 7
928.9127 	EXP 	Display Frame 8
928.9461 	EXP 	Display Frame 9
928.9794 	EXP 	Display Frame 0
929.0127 	EXP 	Display Frame 1
929.0461 	EXP 	Display Frame 2
929.0794 	EXP 	Display Frame 3
929.1127 	EXP 	Display Frame 4
929.1461 	EXP 	Display Frame 5
929.1794 	EXP 	Display Frame 6
929.2127 	EXP 	Display Frame 7
929.2461 	EXP 	Display Frame 8
929.2795 	EXP 	Display Frame 9
929.3127 	EXP 	Display Frame 0
929.3460 	EXP 	Display Frame 1
929.3794 	EXP 	Display Frame 2
929.4127 	EXP 	Display Frame 3
929.4461 	EXP 	Display Frame 4
929.4794 	EXP 	Display Frame 5
929.5127 	EXP 	Display Frame 6
929.5461 	EXP 	Display Frame 7
929.5794 	EXP 	Display Frame 8
929.6127 	EXP 	Display Frame 9
929.6460 	EXP 	Display Frame 0
929.6793 	EXP 	Display Frame 1
929.7127 	EXP 	Display Frame 2
929.7461 	EXP 	Display Frame 3
929.7794 	EXP 	Display Frame 4
929.8127 	EXP 	Display Frame 5
929.8461 	EXP 	Display Frame 6
929.8794 	EXP 	Display Frame 7
929.9127 	EXP 	Display Frame 8
929.9461 	EXP 	Display Frame 9
929.9794 	EXP 	Display Frame 0
930.0127 	EXP 	Display Frame 1
930.0460 	EXP 	Display Frame 2
930.0794 	EXP 	Display Frame 3
930.1127 	EXP 	Display Frame 4
930.1461 	EXP 	Display Frame 5
930.1794 	EXP 	Display Frame 6
930.2127 	EXP 	Display Frame 7
930.2461 	EXP 	Display Frame 8
930.2794 	EXP 	Display Frame 9
930.3127 	EXP 	Display Frame 0
930.3461 	EXP 	Display Frame 1
930.3794 	EXP 	Display Frame 2
930.4127 	EXP 	Display Frame 3
930.4461 	EXP 	Display Frame 4
930.4794 	EXP 	Display Frame 5
930.5127 	EXP 	Display Frame 6
930.5461 	EXP 	Display Frame 7
930.5794 	EXP 	Display Frame 8
930.6127 	EXP 	Display Frame 9
930.6461 	EXP 	Display Frame 0
930.6794 	EXP 	Display Frame 1
930.7127 	EXP 	Display Frame 2
930.7461 	EXP 	Display Frame 3
930.7794 	EXP 	Display Frame 4
930.8127 	EXP 	Display Frame 5
930.8461 	EXP 	Display Frame 6
930.8794 	EXP 	Display Frame 7
930.9128 	EXP 	Display Frame 8
930.9461 	EXP 	Display Frame 9
930.9795 	EXP 	Display Frame 0
931.0127 	EXP 	Display Frame 1
931.0461 	EXP 	Display Frame 2
931.0794 	EXP 	Display Frame 3
931.1127 	EXP 	Display Frame 4
931.1461 	EXP 	Display Frame 5
931.1794 	EXP 	Display Frame 6
931.2127 	EXP 	Display Frame 7
931.2460 	EXP 	Display Frame 8
931.2794 	EXP 	Display Frame 9
931.3127 	EXP 	Display Frame 0
931.3461 	EXP 	Display Frame 1
931.3794 	EXP 	Display Frame 2
931.4127 	EXP 	Display Frame 3
931.4461 	EXP 	Display Frame 4
931.4794 	EXP 	Display Frame 5
931.5127 	EXP 	Display Frame 6
931.5460 	EXP 	Display Frame 7
931.5794 	EXP 	Display Frame 8
931.6127 	EXP 	Display Frame 9
931.6460 	EXP 	Display Frame 0
931.6793 	EXP 	Display Frame 1
931.7127 	EXP 	Display Frame 2
931.7461 	EXP 	Display Frame 3
931.7794 	EXP 	Display Frame 4
931.8127 	EXP 	Display Frame 5
931.8462 	DATA 	Keypress: equal
931.8472 	EXP 	Display Frame 6
931.8794 	EXP 	Display Frame 7
931.9127 	EXP 	Display Frame 8
931.9460 	EXP 	Display Frame 9
931.9794 	EXP 	Display Frame 0
932.0127 	EXP 	Display Frame 1
932.0460 	EXP 	Display Frame 2
932.0794 	EXP 	Display Frame 3
932.1128 	EXP 	Display Frame 4
932.1462 	EXP 	Display Frame 5
932.1794 	EXP 	Display Frame 6
932.2127 	EXP 	Display Frame 7
932.2461 	EXP 	Display Frame 8
932.2794 	EXP 	Display Frame 9
932.3127 	EXP 	Display Frame 0
932.3461 	EXP 	Display Frame 1
932.3794 	EXP 	Display Frame 2
932.4128 	EXP 	Display Frame 3
932.4460 	EXP 	Display Frame 4
932.4794 	EXP 	Display Frame 5
932.5128 	EXP 	Display Frame 6
932.5460 	EXP 	Display Frame 7
932.5794 	EXP 	Display Frame 8
932.6127 	EXP 	Display Frame 9
932.6460 	EXP 	Display Frame 0
932.6793 	EXP 	Display Frame 1
932.7127 	EXP 	Display Frame 2
932.7461 	EXP 	Display Frame 3
932.7794 	EXP 	Display Frame 4
932.8127 	EXP 	Display Frame 5
932.8460 	EXP 	Display Frame 6
932.8794 	EXP 	Display Frame 7
932.9127 	EXP 	Display Frame 8
932.9461 	EXP 	Display Frame 9
932.9794 	EXP 	Display Frame 0
933.0127 	EXP 	Display Frame 1
933.0461 	EXP 	Display Frame 2
933.0794 	EXP 	Display Frame 3
933.1127 	EXP 	Display Frame 4
933.1461 	EXP 	Display Frame 5
933.1794 	EXP 	Display Frame 6
933.2127 	EXP 	Display Frame 7
933.2461 	EXP 	Display Frame 8
933.2794 	EXP 	Display Frame 9
933.3127 	EXP 	Display Frame 0
933.3461 	EXP 	Display Frame 1
933.3794 	EXP 	Display Frame 2
933.4128 	EXP 	Display Frame 3
933.4460 	EXP 	Display Frame 4
933.4794 	EXP 	Display Frame 5
933.5127 	EXP 	Display Frame 6
933.5461 	EXP 	Display Frame 7
933.5794 	EXP 	Display Frame 8
933.6127 	EXP 	Display Frame 9
933.6461 	EXP 	Display Frame 0
933.6793 	EXP 	Display Frame 1
933.7127 	EXP 	Display Frame 2
933.7461 	EXP 	Display Frame 3
933.7794 	EXP 	Display Frame 4
933.8127 	EXP 	Display Frame 5
933.8461 	EXP 	Display Frame 6
933.8794 	EXP 	Display Frame 7
933.9127 	EXP 	Display Frame 8
933.9461 	EXP 	Display Frame 9
933.9794 	EXP 	Display Frame 0
934.0127 	EXP 	Display Frame 1
934.0461 	EXP 	Display Frame 2
934.0794 	EXP 	Display Frame 3
934.1127 	EXP 	Display Frame 4
934.1461 	EXP 	Display Frame 5
934.1794 	EXP 	Display Frame 6
934.2127 	EXP 	Display Frame 7
934.2460 	EXP 	Display Frame 8
934.2794 	EXP 	Display Frame 9
934.3127 	EXP 	Display Frame 0
934.3460 	EXP 	Display Frame 1
934.3794 	EXP 	Display Frame 2
934.4127 	EXP 	Display Frame 3
934.4461 	EXP 	Display Frame 4
934.4796 	EXP 	Display Frame 5
934.5128 	EXP 	Display Frame 6
934.5461 	EXP 	Display Frame 7
934.5794 	EXP 	Display Frame 8
934.6127 	EXP 	Display Frame 9
934.6461 	EXP 	Display Frame 0
934.6793 	EXP 	Display Frame 1
934.7127 	EXP 	Display Frame 2
934.7461 	EXP 	Display Frame 3
934.7794 	EXP 	Display Frame 4
934.8127 	EXP 	Display Frame 5
934.8461 	EXP 	Display Frame 6
934.8794 	EXP 	Display Frame 7
934.9127 	EXP 	Display Frame 8
934.9461 	EXP 	Display Frame 9
934.9794 	EXP 	Display Frame 0
935.0127 	EXP 	Display Frame 1
935.0461 	EXP 	Display Frame 2
935.0794 	EXP 	Display Frame 3
935.1127 	EXP 	Display Frame 4
935.1461 	EXP 	Display Frame 5
935.1794 	EXP 	Display Frame 6
935.2128 	EXP 	Display Frame 7
935.2460 	EXP 	Display Frame 8
935.2794 	EXP 	Display Frame 9
935.3127 	EXP 	Display Frame 0
935.3461 	EXP 	Display Frame 1
935.3794 	EXP 	Display Frame 2
935.4127 	EXP 	Display Frame 3
935.4461 	EXP 	Display Frame 4
935.4794 	EXP 	Display Frame 5
935.5127 	EXP 	Display Frame 6
935.5461 	EXP 	Display Frame 7
935.5794 	EXP 	Display Frame 8
935.6127 	EXP 	Display Frame 9
935.6461 	EXP 	Display Frame 0
935.6794 	EXP 	Display Frame 1
935.7127 	EXP 	Display Frame 2
935.7461 	EXP 	Display Frame 3
935.7794 	EXP 	Display Frame 4
935.8128 	EXP 	Display Frame 5
935.8461 	EXP 	Display Frame 6
935.8805 	EXP 	Display Frame 7
935.9129 	EXP 	Display Frame 8
935.9464 	EXP 	Display Frame 9
935.9795 	EXP 	Display Frame 0
936.0128 	EXP 	Display Frame 1
936.0461 	EXP 	Display Frame 2
936.0794 	EXP 	Display Frame 3
936.1127 	EXP 	Display Frame 4
936.1461 	EXP 	Display Frame 5
936.1794 	EXP 	Display Frame 6
936.2128 	EXP 	Display Frame 7
936.2461 	EXP 	Display Frame 8
936.2794 	EXP 	Display Frame 9
936.3129 	EXP 	Display Frame 0
936.3461 	EXP 	Display Frame 1
936.3794 	EXP 	Display Frame 2
936.4127 	EXP 	Display Frame 3
936.4460 	EXP 	Display Frame 4
936.4794 	EXP 	Display Frame 5
936.5127 	EXP 	Display Frame 6
936.5461 	EXP 	Display Frame 7
936.5794 	EXP 	Display Frame 8
936.6128 	EXP 	Display Frame 9
936.6461 	EXP 	Display Frame 0
936.6794 	EXP 	Display Frame 1
936.7128 	EXP 	Display Frame 2
936.7461 	EXP 	Display Frame 3
936.7794 	EXP 	Display Frame 4
936.8127 	EXP 	Display Frame 5
936.8461 	EXP 	Display Frame 6
936.8794 	EXP 	Display Frame 7
936.9128 	EXP 	Display Frame 8
936.9460 	EXP 	Display Frame 9
936.9794 	EXP 	Display Frame 0
937.0127 	EXP 	Display Frame 1
937.0463 	DATA 	Keypress: equal
937.0473 	EXP 	Display Frame 2
937.0794 	EXP 	Display Frame 3
937.1127 	EXP 	Display Frame 4
937.1461 	EXP 	Display Frame 5
937.1794 	EXP 	Display Frame 6
937.2128 	EXP 	Display Frame 7
937.2460 	EXP 	Display Frame 8
937.2794 	EXP 	Display Frame 9
937.3128 	EXP 	Display Frame 0
937.3461 	EXP 	Display Frame 1
937.3794 	EXP 	Display Frame 2
937.4127 	EXP 	Display Frame 3
937.4461 	EXP 	Display Frame 4
937.4794 	EXP 	Display Frame 5
937.5128 	EXP 	Display Frame 6
937.5460 	EXP 	Display Frame 7
937.5794 	EXP 	Display Frame 8
937.6127 	EXP 	Display Frame 9
937.6461 	EXP 	Display Frame 0
937.6793 	EXP 	Display Frame 1
937.7128 	EXP 	Display Frame 2
937.7461 	EXP 	Display Frame 3
937.7794 	EXP 	Display Frame 4
937.8128 	EXP 	Display Frame 5
937.8461 	EXP 	Display Frame 6
937.8794 	EXP 	Display Frame 7
937.9127 	EXP 	Display Frame 8
937.9461 	EXP 	Display Frame 9
937.9794 	EXP 	Display Frame 0
938.0127 	EXP 	Display Frame 1
938.0460 	EXP 	Display Frame 2
938.0794 	EXP 	Display Frame 3
938.1128 	EXP 	Display Frame 4
938.1460 	EXP 	Display Frame 5
938.1794 	EXP 	Display Frame 6
938.2127 	EXP 	Display Frame 7
938.2461 	EXP 	Display Frame 8
938.2794 	EXP 	Display Frame 9
938.3127 	EXP 	Display Frame 0
938.3461 	EXP 	Display Frame 1
938.3794 	EXP 	Display Frame 2
938.4128 	EXP 	Display Frame 3
938.4460 	EXP 	Display Frame 4
938.4794 	EXP 	Display Frame 5
938.5127 	EXP 	Display Frame 6
938.5460 	EXP 	Display Frame 7
938.5794 	EXP 	Display Frame 8
938.6127 	EXP 	Display Frame 9
938.6461 	EXP 	Display Frame 0
938.6793 	EXP 	Display Frame 1
938.7128 	EXP 	Display Frame 2
938.7461 	EXP 	Display Frame 3
938.7794 	EXP 	Display Frame 4
938.8127 	EXP 	Display Frame 5
938.8460 	EXP 	Display Frame 6
938.8794 	EXP 	Display Frame 7
938.9127 	EXP 	Display Frame 8
938.9461 	EXP 	Display Frame 9
938.9794 	EXP 	Display Frame 0
939.0127 	EXP 	Display Frame 1
939.0461 	EXP 	Display Frame 2
939.0794 	EXP 	Display Frame 3
939.1127 	EXP 	Display Frame 4
939.1461 	EXP 	Display Frame 5
939.1794 	EXP 	Display Frame 6
939.2127 	EXP 	Display Frame 7
939.2461 	EXP 	Display Frame 8
939.2794 	EXP 	Display Frame 9
939.3127 	EXP 	Display Frame 0
939.3461 	EXP 	Display Frame 1
939.3794 	EXP 	Display Frame 2
939.4127 	EXP 	Display Frame 3
939.4461 	EXP 	Display Frame 4
939.4794 	EXP 	Display Frame 5
939.5127 	EXP 	Display Frame 6
939.5461 	EXP 	Display Frame 7
939.5794 	EXP 	Display Frame 8
939.6127 	EXP 	Display Frame 9
939.6461 	EXP 	Display Frame 0
939.6793 	EXP 	Display Frame 1
939.7127 	EXP 	Display Frame 2
939.7461 	EXP 	Display Frame 3
939.7794 	EXP 	Display Frame 4
939.8127 	EXP 	Display Frame 5
939.8461 	EXP 	Display Frame 6
939.8794 	EXP 	Display Frame 7
939.9127 	EXP 	Display Frame 8
939.9461 	EXP 	Display Frame 9
939.9794 	EXP 	Display Frame 0
940.0127 	EXP 	Display Frame 1
940.0461 	EXP 	Display Frame 2
940.0794 	EXP 	Display Frame 3
940.1127 	EXP 	Display Frame 4
940.1461 	EXP 	Display Frame 5
940.1794 	EXP 	Display Frame 6
940.2128 	EXP 	Display Frame 7
940.2463 	EXP 	Display Frame 8
940.2795 	EXP 	Display Frame 9
940.3127 	EXP 	Display Frame 0
940.3461 	EXP 	Display Frame 1
940.3794 	EXP 	Display Frame 2
940.4128 	EXP 	Display Frame 3
940.4461 	EXP 	Display Frame 4
940.4794 	EXP 	Display Frame 5
940.5127 	EXP 	Display Frame 6
940.5461 	EXP 	Display Frame 7
940.5794 	EXP 	Display Frame 8
940.6127 	EXP 	Display Frame 9
940.6461 	EXP 	Display Frame 0
940.6793 	EXP 	Display Frame 1
940.7127 	EXP 	Display Frame 2
940.7461 	EXP 	Display Frame 3
940.7794 	EXP 	Display Frame 4
940.8128 	EXP 	Display Frame 5
940.8460 	EXP 	Display Frame 6
940.8794 	EXP 	Display Frame 7
940.9127 	EXP 	Display Frame 8
940.9461 	EXP 	Display Frame 9
940.9794 	EXP 	Display Frame 0
941.0127 	EXP 	Display Frame 1
941.0461 	EXP 	Display Frame 2
941.0794 	EXP 	Display Frame 3
941.1127 	EXP 	Display Frame 4
941.1461 	EXP 	Display Frame 5
941.1794 	EXP 	Display Frame 6
941.2127 	EXP 	Display Frame 7
941.2461 	EXP 	Display Frame 8
941.2794 	EXP 	Display Frame 9
941.3127 	EXP 	Display Frame 0
941.3461 	EXP 	Display Frame 1
941.3794 	EXP 	Display Frame 2
941.4128 	EXP 	Display Frame 3
941.4460 	EXP 	Display Frame 4
941.4794 	EXP 	Display Frame 5
941.5127 	EXP 	Display Frame 6
941.5460 	EXP 	Display Frame 7
941.5794 	EXP 	Display Frame 8
941.6127 	EXP 	Display Frame 9
941.6462 	EXP 	Display Frame 0
941.6794 	EXP 	Display Frame 1
941.7128 	EXP 	Display Frame 2
941.7461 	EXP 	Display Frame 3
941.7794 	EXP 	Display Frame 4
941.8127 	EXP 	Display Frame 5
941.8461 	EXP 	Display Frame 6
941.8794 	EXP 	Display Frame 7
941.9127 	EXP 	Display Frame 8
941.9461 	EXP 	Display Frame 9
941.9794 	EXP 	Display Frame 0
942.0127 	EXP 	Display Frame 1
942.0460 	EXP 	Display Frame 2
942.0794 	EXP 	Display Frame 3
942.1128 	EXP 	Display Frame 4
942.1460 	EXP 	Display Frame 5
942.1794 	EXP 	Display Frame 6
942.2127 	EXP 	Display Frame 7
942.2462 	DATA 	Keypress: equal
942.2472 	EXP 	Display Frame 8
942.2794 	EXP 	Display Frame 9
942.3128 	EXP 	Display Frame 0
942.3461 	EXP 	Display Frame 1
942.3794 	EXP 	Display Frame 2
942.4127 	EXP 	Display Frame 3
942.4461 	EXP 	Display Frame 4
942.4794 	EXP 	Display Frame 5
942.5127 	EXP 	Display Frame 6
942.5460 	EXP 	Display Frame 7
942.5794 	EXP 	Display Frame 8
942.6128 	EXP 	Display Frame 9
942.6460 	EXP 	Display Frame 0
942.6793 	EXP 	Display Frame 1
942.7127 	EXP 	Display Frame 2
942.7461 	EXP 	Display Frame 3
942.7794 	EXP 	Display Frame 4
942.8127 	EXP 	Display Frame 5
942.8461 	EXP 	Display Frame 6
942.8794 	EXP 	Display Frame 7
942.9128 	EXP 	Display Frame 8
942.9461 	EXP 	Display Frame 9
942.9794 	EXP 	Display Frame 0
943.0127 	EXP 	Display Frame 1
943.0460 	EXP 	Display Frame 2
943.0794 	EXP 	Display Frame 3
943.1127 	EXP 	Display Frame 4
943.1461 	EXP 	Display Frame 5
943.1794 	EXP 	Display Frame 6
943.2127 	EXP 	Display Frame 7
943.2461 	EXP 	Display Frame 8
943.2794 	EXP 	Display Frame 9
943.3127 	EXP 	Display Frame 0
943.3460 	EXP 	Display Frame 1
943.3794 	EXP 	Display Frame 2
943.4127 	EXP 	Display Frame 3
943.4461 	EXP 	Display Frame 4
943.4794 	EXP 	Display Frame 5
943.5127 	EXP 	Display Frame 6
943.5461 	EXP 	Display Frame 7
943.5794 	EXP 	Display Frame 8
943.6128 	EXP 	Display Frame 9
943.6461 	EXP 	Display Frame 0
943.6793 	EXP 	Display Frame 1
943.7127 	EXP 	Display Frame 2
943.7461 	EXP 	Display Frame 3
943.7794 	EXP 	Display Frame 4
943.8128 	EXP 	Display Frame 5
943.8461 	EXP 	Display Frame 6
943.8794 	EXP 	Display Frame 7
943.9128 	EXP 	Display Frame 8
943.9461 	EXP 	Display Frame 9
943.9794 	EXP 	Display Frame 0
944.0127 	EXP 	Display Frame 1
944.0461 	EXP 	Display Frame 2
944.0794 	EXP 	Display Frame 3
944.1127 	EXP 	Display Frame 4
944.1461 	EXP 	Display Frame 5
944.1794 	EXP 	Display Frame 6
944.2127 	EXP 	Display Frame 7
944.2460 	EXP 	Display Frame 8
944.2794 	EXP 	Display Frame 9
944.3127 	EXP 	Display Frame 0
944.3460 	EXP 	Display Frame 1
944.3794 	EXP 	Display Frame 2
944.4127 	EXP 	Display Frame 3
944.4461 	EXP 	Display Frame 4
944.4794 	EXP 	Display Frame 5
944.5127 	EXP 	Display Frame 6
944.5461 	EXP 	Display Frame 7
944.5794 	EXP 	Display Frame 8
944.6127 	EXP 	Display Frame 9
944.6460 	EXP 	Display Frame 0
944.6793 	EXP 	Display Frame 1
944.7127 	EXP 	Display Frame 2
944.7461 	EXP 	Display Frame 3
944.7794 	EXP 	Display Frame 4
944.8127 	EXP 	Display Frame 5
944.8461 	EXP 	Display Frame 6
944.8794 	EXP 	Display Frame 7
944.9127 	EXP 	Display Frame 8
944.9461 	EXP 	Display Frame 9
944.9794 	EXP 	Display Frame 0
945.0127 	EXP 	Display Frame 1
945.0460 	EXP 	Display Frame 2
945.0794 	EXP 	Display Frame 3
945.1127 	EXP 	Display Frame 4
945.1461 	EXP 	Display Frame 5
945.1794 	EXP 	Display Frame 6
945.2127 	EXP 	Display Frame 7
945.2461 	EXP 	Display Frame 8
945.2794 	EXP 	Display Frame 9
945.3127 	EXP 	Display Frame 0
945.3461 	EXP 	Display Frame 1
945.3794 	EXP 	Display Frame 2
945.4127 	EXP 	Display Frame 3
945.4461 	EXP 	Display Frame 4
945.4794 	EXP 	Display Frame 5
945.5127 	EXP 	Display Frame 6
945.5460 	EXP 	Display Frame 7
945.5794 	EXP 	Display Frame 8
945.6127 	EXP 	Display Frame 9
945.6461 	EXP 	Display Frame 0
945.6793 	EXP 	Display Frame 1
945.7127 	EXP 	Display Frame 2
945.7461 	EXP 	Display Frame 3
945.7794 	EXP 	Display Frame 4
945.8128 	EXP 	Display Frame 5
945.8460 	EXP 	Display Frame 6
945.8794 	EXP 	Display Frame 7
945.9127 	EXP 	Display Frame 8
945.9461 	EXP 	Display Frame 9
945.9794 	EXP 	Display Frame 0
946.0128 	EXP 	Display Frame 1
946.0460 	EXP 	Display Frame 2
946.0794 	EXP 	Display Frame 3
946.1127 	EXP 	Display Frame 4
946.1461 	EXP 	Display Frame 5
946.1794 	EXP 	Display Frame 6
946.2128 	EXP 	Display Frame 7
946.2461 	EXP 	Display Frame 8
946.2794 	EXP 	Display Frame 9
946.3127 	EXP 	Display Frame 0
946.3461 	EXP 	Display Frame 1
946.3794 	EXP 	Display Frame 2
946.4128 	EXP 	Display Frame 3
946.4461 	EXP 	Display Frame 4
946.4794 	EXP 	Display Frame 5
946.5127 	EXP 	Display Frame 6
946.5461 	EXP 	Display Frame 7
946.5796 	EXP 	Display Frame 8
946.6127 	EXP 	Display Frame 9
946.6461 	EXP 	Display Frame 0
946.6794 	EXP 	Display Frame 1
946.7127 	EXP 	Display Frame 2
946.7460 	EXP 	Display Frame 3
946.7794 	EXP 	Display Frame 4
946.8128 	EXP 	Display Frame 5
946.8461 	EXP 	Display Frame 6
946.8794 	EXP 	Display Frame 7
946.9127 	EXP 	Display Frame 8
946.9461 	EXP 	Display Frame 9
946.9795 	EXP 	Display Frame 0
947.0127 	EXP 	Display Frame 1
947.0461 	EXP 	Display Frame 2
947.0794 	EXP 	Display Frame 3
947.1127 	EXP 	Display Frame 4
947.1461 	EXP 	Display Frame 5
947.1794 	EXP 	Display Frame 6
947.2127 	EXP 	Display Frame 7
947.2461 	EXP 	Display Frame 8
947.2795 	EXP 	Display Frame 9
947.3129 	EXP 	Display Frame 0
947.3463 	EXP 	Display Frame 1
947.3797 	EXP 	Display Frame 2
947.4128 	EXP 	Display Frame 3
947.4462 	DATA 	Keypress: equal
947.4473 	EXP 	Display Frame 4
947.4794 	EXP 	Display Frame 5
947.5127 	EXP 	Display Frame 6
947.5461 	EXP 	Display Frame 7
947.5803 	EXP 	Display Frame 8
947.6127 	EXP 	Display Frame 9
947.6461 	EXP 	Display Frame 0
947.6794 	EXP 	Display Frame 1
947.7127 	EXP 	Display Frame 2
947.7461 	EXP 	Display Frame 3
947.7794 	EXP 	Display Frame 4
947.8127 	EXP 	Display Frame 5
947.8461 	EXP 	Display Frame 6
947.8794 	EXP 	Display Frame 7
947.9127 	EXP 	Display Frame 8
947.9461 	EXP 	Display Frame 9
947.9794 	EXP 	Display Frame 0
948.0127 	EXP 	Display Frame 1
948.0460 	EXP 	Display Frame 2
948.0794 	EXP 	Display Frame 3
948.1127 	EXP 	Display Frame 4
948.1461 	EXP 	Display Frame 5
948.1794 	EXP 	Display Frame 6
948.2127 	EXP 	Display Frame 7
948.2461 	EXP 	Display Frame 8
948.2794 	EXP 	Display Frame 9
948.3127 	EXP 	Display Frame 0
948.3460 	EXP 	Display Frame 1
948.3794 	EXP 	Display Frame 2
948.4127 	EXP 	Display Frame 3
948.4461 	EXP 	Display Frame 4
948.4794 	EXP 	Display Frame 5
948.5127 	EXP 	Display Frame 6
948.5460 	EXP 	Display Frame 7
948.5794 	EXP 	Display Frame 8
948.6127 	EXP 	Display Frame 9
948.6461 	EXP 	Display Frame 0
948.6793 	EXP 	Display Frame 1
948.7127 	EXP 	Display Frame 2
948.7460 	EXP 	Display Frame 3
948.7794 	EXP 	Display Frame 4
948.8127 	EXP 	Display Frame 5
948.8460 	EXP 	Display Frame 6
948.8794 	EXP 	Display Frame 7
948.9127 	EXP 	Display Frame 8
948.9461 	EXP 	Display Frame 9
948.9794 	EXP 	Display Frame 0
949.0127 	EXP 	Display Frame 1
949.0461 	EXP 	Display Frame 2
949.0794 	EXP 	Display Frame 3
949.1127 	EXP 	Display Frame 4
949.1461 	EXP 	Display Frame 5
949.1794 	EXP 	Display Frame 6
949.2127 	EXP 	Display Frame 7
949.2461 	EXP 	Display Frame 8
949.2794 	EXP 	Display Frame 9
949.3127 	EXP 	Display Frame 0
949.3461 	EXP 	Display Frame 1
949.3796 	EXP 	Display Frame 2
949.4130 	EXP 	Display Frame 3
949.4461 	EXP 	Display Frame 4
949.4795 	EXP 	Display Frame 5
949.5127 	EXP 	Display Frame 6
949.5461 	EXP 	Display Frame 7
949.5794 	EXP 	Display Frame 8
949.6127 	EXP 	Display Frame 9
949.6461 	EXP 	Display Frame 0
949.6793 	EXP 	Display Frame 1
949.7128 	EXP 	Display Frame 2
949.7461 	EXP 	Display Frame 3
949.7794 	EXP 	Display Frame 4
949.8127 	EXP 	Display Frame 5
949.8461 	EXP 	Display Frame 6
949.8794 	EXP 	Display Frame 7
949.9127 	EXP 	Display Frame 8
949.9461 	EXP 	Display Frame 9
949.9794 	EXP 	Display Frame 0
950.0127 	EXP 	Display Frame 1
950.0460 	EXP 	Display Frame 2
950.0794 	EXP 	Display Frame 3
950.1127 	EXP 	Display Frame 4
950.1461 	EXP 	Display Frame 5
950.1794 	EXP 	Display Frame 6
950.2128 	EXP 	Display Frame 7
950.2460 	EXP 	Display Frame 8
950.2794 	EXP 	Display Frame 9
950.3128 	EXP 	Display Frame 0
950.3460 	EXP 	Display Frame 1
950.3794 	EXP 	Display Frame 2
950.4127 	EXP 	Display Frame 3
950.4461 	EXP 	Display Frame 4
950.4794 	EXP 	Display Frame 5
950.5127 	EXP 	Display Frame 6
950.5460 	EXP 	Display Frame 7
950.5794 	EXP 	Display Frame 8
950.6127 	EXP 	Display Frame 9
950.6461 	EXP 	Display Frame 0
950.6793 	EXP 	Display Frame 1
950.7127 	EXP 	Display Frame 2
950.7461 	EXP 	Display Frame 3
950.7794 	EXP 	Display Frame 4
950.8128 	EXP 	Display Frame 5
950.8461 	EXP 	Display Frame 6
950.8794 	EXP 	Display Frame 7
950.9127 	EXP 	Display Frame 8
950.9461 	EXP 	Display Frame 9
950.9794 	EXP 	Display Frame 0
951.0127 	EXP 	Display Frame 1
951.0461 	EXP 	Display Frame 2
951.0794 	EXP 	Display Frame 3
951.1127 	EXP 	Display Frame 4
951.1461 	EXP 	Display Frame 5
951.1794 	EXP 	Display Frame 6
951.2127 	EXP 	Display Frame 7
951.2460 	EXP 	Display Frame 8
951.2794 	EXP 	Display Frame 9
951.3127 	EXP 	Display Frame 0
951.3460 	EXP 	Display Frame 1
951.3794 	EXP 	Display Frame 2
951.4127 	EXP 	Display Frame 3
951.4461 	EXP 	Display Frame 4
951.4794 	EXP 	Display Frame 5
951.5127 	EXP 	Display Frame 6
951.5460 	EXP 	Display Frame 7
951.5794 	EXP 	Display Frame 8
951.6127 	EXP 	Display Frame 9
951.6461 	EXP 	Display Frame 0
951.6793 	EXP 	Display Frame 1
951.7127 	EXP 	Display Frame 2
951.7461 	EXP 	Display Frame 3
951.7794 	EXP 	Display Frame 4
951.8128 	EXP 	Display Frame 5
951.8461 	EXP 	Display Frame 6
951.8794 	EXP 	Display Frame 7
951.9127 	EXP 	Display Frame 8
951.9461 	EXP 	Display Frame 9
951.9794 	EXP 	Display Frame 0
952.0127 	EXP 	Display Frame 1
952.0461 	EXP 	Display Frame 2
952.0793 	EXP 	Display Frame 3
952.1127 	EXP 	Display Frame 4
952.1461 	EXP 	Display Frame 5
952.1793 	EXP 	Display Frame 6
952.2127 	EXP 	Display Frame 7
952.2460 	EXP 	Display Frame 8
952.2794 	EXP 	Display Frame 9
952.3128 	EXP 	Display Frame 0
952.3463 	EXP 	Display Frame 1
952.3794 	EXP 	Display Frame 2
952.4128 	EXP 	Display Frame 3
952.4462 	EXP 	Display Frame 4
952.4794 	EXP 	Display Frame 5
952.5128 	EXP 	Display Frame 6
952.5461 	EXP 	Display Frame 7
952.5794 	EXP 	Display Frame 8
952.6127 	EXP 	Display Frame 9
952.6135 	DATA 	Keypress: equal
952.6461 	EXP 	Display Frame 0
952.6794 	EXP 	Display Frame 1
952.7127 	EXP 	Display Frame 2
952.7461 	EXP 	Display Frame 3
952.7794 	EXP 	Display Frame 4
952.8128 	EXP 	Display Frame 5
952.8460 	EXP 	Display Frame 6
952.8794 	EXP 	Display Frame 7
952.9127 	EXP 	Display Frame 8
952.9461 	EXP 	Display Frame 9
952.9794 	EXP 	Display Frame 0
953.0127 	EXP 	Display Frame 1
953.0460 	EXP 	Display Frame 2
953.0794 	EXP 	Display Frame 3
953.1127 	EXP 	Display Frame 4
953.1461 	EXP 	Display Frame 5
953.1794 	EXP 	Display Frame 6
953.2127 	EXP 	Display Frame 7
953.2461 	EXP 	Display Frame 8
953.2794 	EXP 	Display Frame 9
953.3127 	EXP 	Display Frame 0
953.3461 	EXP 	Display Frame 1
953.3794 	EXP 	Display Frame 2
953.4127 	EXP 	Display Frame 3
953.4460 	EXP 	Display Frame 4
953.4794 	EXP 	Display Frame 5
953.5127 	EXP 	Display Frame 6
953.5461 	EXP 	Display Frame 7
953.5794 	EXP 	Display Frame 8
953.6134 	EXP 	Display Frame 9
953.6461 	EXP 	Display Frame 0
953.6793 	EXP 	Display Frame 1
953.7127 	EXP 	Display Frame 2
953.7461 	EXP 	Display Frame 3
953.7794 	EXP 	Display Frame 4
953.8128 	EXP 	Display Frame 5
953.8461 	EXP 	Display Frame 6
953.8794 	EXP 	Display Frame 7
953.9127 	EXP 	Display Frame 8
953.9461 	EXP 	Display Frame 9
953.9794 	EXP 	Display Frame 0
954.0127 	EXP 	Display Frame 1
954.0460 	EXP 	Display Frame 2
954.0794 	EXP 	Display Frame 3
954.1127 	EXP 	Display Frame 4
954.1461 	EXP 	Display Frame 5
954.1794 	EXP 	Display Frame 6
954.2127 	EXP 	Display Frame 7
954.2461 	EXP 	Display Frame 8
954.2794 	EXP 	Display Frame 9
954.3127 	EXP 	Display Frame 0
954.3461 	EXP 	Display Frame 1
954.3794 	EXP 	Display Frame 2
954.4127 	EXP 	Display Frame 3
954.4460 	EXP 	Display Frame 4
954.4794 	EXP 	Display Frame 5
954.5127 	EXP 	Display Frame 6
954.5461 	EXP 	Display Frame 7
954.5794 	EXP 	Display Frame 8
954.6127 	EXP 	Display Frame 9
954.6461 	EXP 	Display Frame 0
954.6794 	EXP 	Display Frame 1
954.7127 	EXP 	Display Frame 2
954.7461 	EXP 	Display Frame 3
954.7794 	EXP 	Display Frame 4
954.8127 	EXP 	Display Frame 5
954.8461 	EXP 	Display Frame 6
954.8794 	EXP 	Display Frame 7
954.9127 	EXP 	Display Frame 8
954.9460 	EXP 	Display Frame 9
954.9794 	EXP 	Display Frame 0
955.0127 	EXP 	Display Frame 1
955.0461 	EXP 	Display Frame 2
955.0794 	EXP 	Display Frame 3
955.1127 	EXP 	Display Frame 4
955.1461 	EXP 	Display Frame 5
955.1794 	EXP 	Display Frame 6
955.2127 	EXP 	Display Frame 7
955.2460 	EXP 	Display Frame 8
955.2794 	EXP 	Display Frame 9
955.3127 	EXP 	Display Frame 0
955.3461 	EXP 	Display Frame 1
955.3794 	EXP 	Display Frame 2
955.4127 	EXP 	Display Frame 3
955.4461 	EXP 	Display Frame 4
955.4794 	EXP 	Display Frame 5
955.5127 	EXP 	Display Frame 6
955.5460 	EXP 	Display Frame 7
955.5794 	EXP 	Display Frame 8
955.6127 	EXP 	Display Frame 9
955.6461 	EXP 	Display Frame 0
955.6793 	EXP 	Display Frame 1
955.7127 	EXP 	Display Frame 2
955.7461 	EXP 	Display Frame 3
955.7794 	EXP 	Display Frame 4
955.8127 	EXP 	Display Frame 5
955.8461 	EXP 	Display Frame 6
955.8794 	EXP 	Display Frame 7
955.9128 	EXP 	Display Frame 8
955.9462 	EXP 	Display Frame 9
955.9794 	EXP 	Display Frame 0
956.0128 	EXP 	Display Frame 1
956.0461 	EXP 	Display Frame 2
956.0794 	EXP 	Display Frame 3
956.1129 	EXP 	Display Frame 4
956.1461 	EXP 	Display Frame 5
956.1794 	EXP 	Display Frame 6
956.2127 	EXP 	Display Frame 7
956.2461 	EXP 	Display Frame 8
956.2795 	EXP 	Display Frame 9
956.3127 	EXP 	Display Frame 0
956.3461 	EXP 	Display Frame 1
956.3794 	EXP 	Display Frame 2
956.4127 	EXP 	Display Frame 3
956.4461 	EXP 	Display Frame 4
956.4794 	EXP 	Display Frame 5
956.5127 	EXP 	Display Frame 6
956.5461 	EXP 	Display Frame 7
956.5794 	EXP 	Display Frame 8
956.6127 	EXP 	Display Frame 9
956.6461 	EXP 	Display Frame 0
956.6794 	EXP 	Display Frame 1
956.7127 	EXP 	Display Frame 2
956.7462 	EXP 	Display Frame 3
956.7796 	EXP 	Display Frame 4
956.8128 	EXP 	Display Frame 5
956.8461 	EXP 	Display Frame 6
956.8794 	EXP 	Display Frame 7
956.9127 	EXP 	Display Frame 8
956.9461 	EXP 	Display Frame 9
956.9794 	EXP 	Display Frame 0
957.0127 	EXP 	Display Frame 1
957.0460 	EXP 	Display Frame 2
957.0794 	EXP 	Display Frame 3
957.1127 	EXP 	Display Frame 4
957.1461 	EXP 	Display Frame 5
957.1794 	EXP 	Display Frame 6
957.2127 	EXP 	Display Frame 7
957.2460 	EXP 	Display Frame 8
957.2794 	EXP 	Display Frame 9
957.3127 	EXP 	Display Frame 0
957.3461 	EXP 	Display Frame 1
957.3794 	EXP 	Display Frame 2
957.4128 	EXP 	Display Frame 3
957.4461 	EXP 	Display Frame 4
957.4794 	EXP 	Display Frame 5
957.5127 	EXP 	Display Frame 6
957.5460 	EXP 	Display Frame 7
957.5794 	EXP 	Display Frame 8
957.6128 	EXP 	Display Frame 9
957.6463 	EXP 	Display Frame 0
957.6793 	EXP 	Display Frame 1
957.7127 	EXP 	Display Frame 2
957.7460 	EXP 	Display Frame 3
957.7794 	EXP 	Display Frame 4
957.8127 	EXP 	Display Frame 5
957.8461 	EXP 	Display Frame 6
957.8794 	EXP 	Display Frame 7
957.9127 	EXP 	Display Frame 8
957.9461 	EXP 	Display Frame 9
957.9794 	EXP 	Display Frame 0
958.0128 	EXP 	Display Frame 1
958.0460 	EXP 	Display Frame 2
958.0794 	EXP 	Display Frame 3
958.1130 	EXP 	Display Frame 4
958.1461 	EXP 	Display Frame 5
958.1794 	EXP 	Display Frame 6
958.2128 	EXP 	Display Frame 7
958.2461 	EXP 	Display Frame 8
958.2794 	EXP 	Display Frame 9
958.3128 	EXP 	Display Frame 0
958.3461 	EXP 	Display Frame 1
958.3794 	EXP 	Display Frame 2
958.4128 	EXP 	Display Frame 3
958.4461 	EXP 	Display Frame 4
958.4794 	EXP 	Display Frame 5
958.5127 	EXP 	Display Frame 6
958.5461 	EXP 	Display Frame 7
958.5794 	EXP 	Display Frame 8
958.6127 	EXP 	Display Frame 9
958.6461 	EXP 	Display Frame 0
958.6794 	EXP 	Display Frame 1
958.7127 	EXP 	Display Frame 2
958.7461 	EXP 	Display Frame 3
958.7794 	EXP 	Display Frame 4
958.8127 	EXP 	Display Frame 5
958.8461 	EXP 	Display Frame 6
958.8794 	EXP 	Display Frame 7
958.9127 	EXP 	Display Frame 8
958.9461 	EXP 	Display Frame 9
958.9794 	EXP 	Display Frame 0
959.0127 	EXP 	Display Frame 1
959.0461 	EXP 	Display Frame 2
959.0794 	EXP 	Display Frame 3
959.1127 	EXP 	Display Frame 4
959.1461 	EXP 	Display Frame 5
959.1794 	EXP 	Display Frame 6
959.2127 	EXP 	Display Frame 7
959.2461 	EXP 	Display Frame 8
959.2794 	EXP 	Display Frame 9
959.3127 	EXP 	Display Frame 0
959.3461 	EXP 	Display Frame 1
959.3794 	EXP 	Display Frame 2
959.4127 	EXP 	Display Frame 3
959.4461 	EXP 	Display Frame 4
959.4794 	EXP 	Display Frame 5
959.5127 	EXP 	Display Frame 6
959.5460 	EXP 	Display Frame 7
959.5794 	EXP 	Display Frame 8
959.6127 	EXP 	Display Frame 9
959.6461 	EXP 	Display Frame 0
959.6793 	EXP 	Display Frame 1
959.7127 	EXP 	Display Frame 2
959.7461 	EXP 	Display Frame 3
959.7794 	EXP 	Display Frame 4
959.8128 	EXP 	Display Frame 5
959.8460 	EXP 	Display Frame 6
959.8794 	EXP 	Display Frame 7
959.9127 	EXP 	Display Frame 8
959.9461 	EXP 	Display Frame 9
959.9794 	EXP 	Display Frame 0
960.0127 	EXP 	Display Frame 1
960.0461 	EXP 	Display Frame 2
960.0794 	EXP 	Display Frame 3
960.1128 	EXP 	Display Frame 4
960.1461 	EXP 	Display Frame 5
960.1794 	EXP 	Display Frame 6
960.2127 	EXP 	Display Frame 7
960.2461 	EXP 	Display Frame 8
960.2794 	EXP 	Display Frame 9
960.3127 	EXP 	Display Frame 0
960.3461 	EXP 	Display Frame 1
960.3794 	EXP 	Display Frame 2
960.4127 	EXP 	Display Frame 3
960.4461 	EXP 	Display Frame 4
960.4794 	EXP 	Display Frame 5
960.5127 	EXP 	Display Frame 6
960.5461 	EXP 	Display Frame 7
960.5794 	EXP 	Display Frame 8
960.6127 	EXP 	Display Frame 9
960.6461 	EXP 	Display Frame 0
960.6793 	EXP 	Display Frame 1
960.7127 	EXP 	Display Frame 2
960.7461 	EXP 	Display Frame 3
960.7794 	EXP 	Display Frame 4
960.8127 	EXP 	Display Frame 5
960.8461 	EXP 	Display Frame 6
960.8794 	EXP 	Display Frame 7
960.9127 	EXP 	Display Frame 8
960.9461 	EXP 	Display Frame 9
960.9794 	EXP 	Display Frame 0
961.0127 	EXP 	Display Frame 1
961.0460 	EXP 	Display Frame 2
961.0794 	EXP 	Display Frame 3
961.1127 	EXP 	Display Frame 4
961.1461 	EXP 	Display Frame 5
961.1794 	EXP 	Display Frame 6
961.2127 	EXP 	Display Frame 7
961.2461 	EXP 	Display Frame 8
961.2794 	EXP 	Display Frame 9
961.3128 	EXP 	Display Frame 0
961.3461 	EXP 	Display Frame 1
961.3794 	EXP 	Display Frame 2
961.4127 	EXP 	Display Frame 3
961.4461 	EXP 	Display Frame 4
961.4794 	EXP 	Display Frame 5
961.5127 	EXP 	Display Frame 6
961.5461 	EXP 	Display Frame 7
961.5794 	EXP 	Display Frame 8
961.6128 	EXP 	Display Frame 9
961.6460 	EXP 	Display Frame 0
961.6793 	EXP 	Display Frame 1
961.7127 	EXP 	Display Frame 2
961.7460 	EXP 	Display Frame 3
961.7794 	EXP 	Display Frame 4
961.8127 	EXP 	Display Frame 5
961.8460 	EXP 	Display Frame 6
961.8794 	EXP 	Display Frame 7
961.9128 	EXP 	Display Frame 8
961.9461 	EXP 	Display Frame 9
961.9794 	EXP 	Display Frame 0
962.0127 	EXP 	Display Frame 1
962.0461 	EXP 	Display Frame 2
962.0794 	EXP 	Display Frame 3
962.1127 	EXP 	Display Frame 4
962.1461 	EXP 	Display Frame 5
962.1794 	EXP 	Display Frame 6
962.2128 	EXP 	Display Frame 7
962.2460 	EXP 	Display Frame 8
962.2794 	EXP 	Display Frame 9
962.3127 	EXP 	Display Frame 0
962.3461 	EXP 	Display Frame 1
962.3794 	EXP 	Display Frame 2
962.4127 	EXP 	Display Frame 3
962.4461 	EXP 	Display Frame 4
962.4794 	EXP 	Display Frame 5
962.5127 	EXP 	Display Frame 6
962.5460 	EXP 	Display Frame 7
962.5794 	EXP 	Display Frame 8
962.6127 	EXP 	Display Frame 9
962.6461 	EXP 	Display Frame 0
962.6793 	EXP 	Display Frame 1
962.7127 	EXP 	Display Frame 2
962.7461 	EXP 	Display Frame 3
962.7794 	EXP 	Display Frame 4
962.8128 	EXP 	Display Frame 5
962.8460 	EXP 	Display Frame 6
962.8794 	EXP 	Display Frame 7
962.9127 	EXP 	Display Frame 8
962.9461 	EXP 	Display Frame 9
962.9796 	EXP 	Display Frame 0
963.0127 	EXP 	Display Frame 1
963.0461 	EXP 	Display Frame 2
963.0794 	EXP 	Display Frame 3
963.1127 	EXP 	Display Frame 4
963.1461 	EXP 	Display Frame 5
963.1794 	EXP 	Display Frame 6
963.2127 	EXP 	Display Frame 7
963.2461 	EXP 	Display Frame 8
963.2794 	EXP 	Display Frame 9
963.3127 	EXP 	Display Frame 0
963.3461 	EXP 	Display Frame 1
963.3796 	EXP 	Display Frame 2
963.4131 	EXP 	Display Frame 3
963.4463 	EXP 	Display Frame 4
963.4794 	EXP 	Display Frame 5
963.5127 	EXP 	Display Frame 6
963.5461 	EXP 	Display Frame 7
963.5794 	EXP 	Display Frame 8
963.6127 	EXP 	Display Frame 9
963.6461 	EXP 	Display Frame 0
963.6793 	EXP 	Display Frame 1
963.7127 	EXP 	Display Frame 2
963.7461 	EXP 	Display Frame 3
963.7794 	EXP 	Display Frame 4
963.8127 	EXP 	Display Frame 5
963.8461 	EXP 	Display Frame 6
963.8796 	EXP 	Display Frame 7
963.9127 	EXP 	Display Frame 8
963.9461 	EXP 	Display Frame 9
963.9794 	EXP 	Display Frame 0
964.0127 	EXP 	Display Frame 1
964.0460 	EXP 	Display Frame 2
964.0794 	EXP 	Display Frame 3
964.1128 	EXP 	Display Frame 4
964.1461 	EXP 	Display Frame 5
964.1794 	EXP 	Display Frame 6
964.2127 	EXP 	Display Frame 7
964.2460 	EXP 	Display Frame 8
964.2794 	EXP 	Display Frame 9
964.3128 	EXP 	Display Frame 0
964.3461 	EXP 	Display Frame 1
964.3794 	EXP 	Display Frame 2
964.4127 	EXP 	Display Frame 3
964.4461 	EXP 	Display Frame 4
964.4794 	EXP 	Display Frame 5
964.5127 	EXP 	Display Frame 6
964.5461 	EXP 	Display Frame 7
964.5794 	EXP 	Display Frame 8
964.6127 	EXP 	Display Frame 9
964.6461 	EXP 	Display Frame 0
964.6793 	EXP 	Display Frame 1
964.7127 	EXP 	Display Frame 2
964.7461 	EXP 	Display Frame 3
964.7794 	EXP 	Display Frame 4
964.8127 	EXP 	Display Frame 5
964.8461 	EXP 	Display Frame 6
964.8794 	EXP 	Display Frame 7
964.9127 	EXP 	Display Frame 8
964.9461 	EXP 	Display Frame 9
964.9794 	EXP 	Display Frame 0
965.0127 	EXP 	Display Frame 1
965.0460 	EXP 	Display Frame 2
965.0794 	EXP 	Display Frame 3
965.1127 	EXP 	Display Frame 4
965.1461 	EXP 	Display Frame 5
965.1794 	EXP 	Display Frame 6
965.2128 	EXP 	Display Frame 7
965.2461 	EXP 	Display Frame 8
965.2794 	EXP 	Display Frame 9
965.3127 	EXP 	Display Frame 0
965.3461 	EXP 	Display Frame 1
965.3794 	EXP 	Display Frame 2
965.4129 	EXP 	Display Frame 3
965.4464 	EXP 	Display Frame 4
965.4797 	EXP 	Display Frame 5
965.5131 	EXP 	Display Frame 6
965.5463 	EXP 	Display Frame 7
965.5796 	EXP 	Display Frame 8
965.6128 	EXP 	Display Frame 9
965.6461 	EXP 	Display Frame 0
965.6804 	EXP 	Display Frame 1
965.7128 	EXP 	Display Frame 2
965.7461 	EXP 	Display Frame 3
965.7794 	EXP 	Display Frame 4
965.8127 	EXP 	Display Frame 5
965.8462 	EXP 	Display Frame 6
965.8794 	EXP 	Display Frame 7
965.9127 	EXP 	Display Frame 8
965.9461 	EXP 	Display Frame 9
965.9794 	EXP 	Display Frame 0
966.0127 	EXP 	Display Frame 1
966.0461 	EXP 	Display Frame 2
966.0794 	EXP 	Display Frame 3
966.1127 	EXP 	Display Frame 4
966.1461 	EXP 	Display Frame 5
966.1794 	EXP 	Display Frame 6
966.2127 	EXP 	Display Frame 7
966.2461 	EXP 	Display Frame 8
966.2794 	EXP 	Display Frame 9
966.3127 	EXP 	Display Frame 0
966.3461 	EXP 	Display Frame 1
966.3794 	EXP 	Display Frame 2
966.4127 	EXP 	Display Frame 3
966.4461 	EXP 	Display Frame 4
966.4794 	EXP 	Display Frame 5
966.5127 	EXP 	Display Frame 6
966.5461 	EXP 	Display Frame 7
966.5794 	EXP 	Display Frame 8
966.6127 	EXP 	Display Frame 9
966.6460 	EXP 	Display Frame 0
966.6793 	EXP 	Display Frame 1
966.7127 	EXP 	Display Frame 2
966.7460 	EXP 	Display Frame 3
966.7794 	EXP 	Display Frame 4
966.8127 	EXP 	Display Frame 5
966.8461 	EXP 	Display Frame 6
966.8794 	EXP 	Display Frame 7
966.9127 	EXP 	Display Frame 8
966.9461 	EXP 	Display Frame 9
966.9794 	EXP 	Display Frame 0
967.0127 	EXP 	Display Frame 1
967.0460 	EXP 	Display Frame 2
967.0794 	EXP 	Display Frame 3
967.1127 	EXP 	Display Frame 4
967.1461 	EXP 	Display Frame 5
967.1794 	EXP 	Display Frame 6
967.2127 	EXP 	Display Frame 7
967.2461 	EXP 	Display Frame 8
967.2794 	EXP 	Display Frame 9
967.3128 	EXP 	Display Frame 0
967.3461 	EXP 	Display Frame 1
967.3794 	EXP 	Display Frame 2
967.4127 	EXP 	Display Frame 3
967.4461 	EXP 	Display Frame 4
967.4794 	EXP 	Display Frame 5
967.5127 	EXP 	Display Frame 6
967.5460 	EXP 	Display Frame 7
967.5794 	EXP 	Display Frame 8
967.6128 	EXP 	Display Frame 9
967.6460 	EXP 	Display Frame 0
967.6793 	EXP 	Display Frame 1
967.7127 	EXP 	Display Frame 2
967.7461 	EXP 	Display Frame 3
967.7794 	EXP 	Display Frame 4
967.8127 	EXP 	Display Frame 5
967.8460 	EXP 	Display Frame 6
967.8794 	EXP 	Display Frame 7
967.9127 	EXP 	Display Frame 8
967.9460 	EXP 	Display Frame 9
967.9794 	EXP 	Display Frame 0
968.0127 	EXP 	Display Frame 1
968.0461 	EXP 	Display Frame 2
968.0794 	EXP 	Display Frame 3
968.1127 	EXP 	Display Frame 4
968.1461 	EXP 	Display Frame 5
968.1818 	DATA 	Keypress: equal
968.1827 	EXP 	Display Frame 6
968.1916 	EXP 	Display Fixation
968.2993 	DATA 	Keypress: equal
968.4481 	DATA 	Keypress: equal
968.6047 	DATA 	Keypress: equal
968.7381 	DATA 	Keypress: equal
969.8332 	DATA 	Keypress: q
969.8425 	EXP 	topMsg: height = 0.1
969.8425 	EXP 	topMsg: height = 0.1
969.8425 	EXP 	topMsg: text = "Thank you very much! \n\nThat's it with the tapping"
969.8425 	EXP 	bottomMsg: height = 0.1
969.8425 	EXP 	bottomMsg: height = 0.1
969.8425 	EXP 	bottomMsg: text = "Please relax for the ramaining time \n\n Press 'q' or 'escape' to end the session."
969.8425 	EXP 	Display TheEnd
969.9855 	DATA 	Keypress: q
970.0969 	EXP 	win: mouseVisible = True
