1.0339 	WARNING 	We strongly recommend you activate the PTB sound engine in PsychoPy prefs as the preferred audio engine. Its timing is vastly superior. Your prefs are currently set to use ['sounddevice', 'PTB', 'pyo', 'pygame'] (in that order).
9.4397 	INFO 	---START PARAMETERS---
9.4398 	INFO 	filename: TappingWithTrTiming_Movie_d3.py-1tt============ =====-367-Jan_02_1701
9.4398 	INFO 	subject: 1tt============ =====
9.4398 	INFO 	session: 367
9.4398 	INFO 	date: Jan_02_1701
9.4398 	INFO 	block2Dur_TRs: 6
9.4398 	INFO 	blockDur_TRs: 6
9.4398 	INFO 	condition: TapFast
9.4398 	INFO 	fixCrossPos: [0, 0]
9.4398 	INFO 	fixCrossSize: 100
9.4398 	INFO 	fullScreen: True
9.4398 	INFO 	movieFolder: images/
9.4398 	INFO 	movieFolder2: images/
9.4399 	INFO 	movieSize: (1600, 1000)
9.4399 	INFO 	nBlocks: 68
9.4399 	INFO 	promptDir: Text/
9.4399 	INFO 	restDur_TRs: 6
9.4399 	INFO 	screenColor: (119, 119, 119)
9.4399 	INFO 	screenToShow: 1
9.4399 	INFO 	skipPrompts: False
9.4399 	INFO 	tStartup_TRs: 0
9.4399 	INFO 	textHeight: 40
9.4399 	INFO 	triggerKey: equal
9.4399 	INFO 	---END PARAMETERS---
10.2939 	INFO 	Loaded monitor calibration from ['2022_03_25 08:03']
11.4967 	WARNING 	Couldn't measure a consistent frame rate!
  - Is your graphics card set to sync to vertical blank?
  - Are you running other processes on your computer?

11.4974 	EXP 	Created win = Window(allowGUI=False, allowStencil=False, autoLog=True, backendConf=UNKNOWN, bitsMode=UNKNOWN, blendMode='avg', bpc=(8, 8, 8), color=array([119, 119, 119]), colorSpace='rgb255', depthBits=8, fullscr=<method-wrapper '__getattribute__' of attributeSetter object at 0x7fdbe41da190>, gamma=None, gammaErrorPolicy='raise', lms=UNKNOWN, monitor=<psychopy.monitors.calibTools.Monitor object at 0x7fdb908ded30>, multiSample=False, name='win', numSamples=2, pos=[0.0, 0.0], screen=1, size=array([1920, 1080]), stencilBits=0, stereo=False, units='deg', useFBO=False, useRetina=False, viewOri=0.0, viewPos=None, viewScale=None, waitBlanking=True, winType='pyglet')
11.4977 	EXP 	win: mouseVisible = True
11.5041 	EXP 	Created fixCross = ShapeStim(__class__=<class 'psychopy.visual.shape.ShapeStim'>, anchor=('center', 'center'), autoDraw=False, autoLog=True, closeShape=False, color=method-wrapper(...), colorSpace='rgb', contrast=None, depth=0, fillColor=array([0, 0, 0]), fillColorSpace='rgb', fillRGB=array([0, 0, 0]), interpolate=True, lineColor=array([-1., -1., -1.]), lineColorSpace='rgb', lineRGB=array([-1., -1., -1.]), lineWidth=3.0, name='fixCross', opacity=0.5, ori=0.0, pos=array([0., 0.]), size=array([1., 1.]), units='pix', vertices=ndarray(...), win=Window(...), windingRule=None)
11.5046 	WARNING 	TextStim.alignHoriz is deprecated. Use alignText and anchorHoriz attributes instead
11.5327 	EXP 	Created topMsg = TextStim(__class__=<class 'psychopy.visual.text.TextStim'>, alignHoriz='center', alignText='center', alignVert=method-wrapper(...), anchorHoriz='center', anchorVert='center', antialias=True, autoLog=True, bold=False, color=array([-1., -1., -1.]), colorSpace='rgb', contrast=1.0, depth=0, flipHoriz=False, flipVert=False, font='', fontFiles=[], height=0.1, italic=False, languageStyle='LTR', name='topMsg', opacity=1.0, ori=0.0, pos=array([0. , 0.5]), rgb=UNKNOWN, text='aaa', units='norm', win=Window(...), wrapWidth=1.5)
11.5328 	WARNING 	TextStim.alignHoriz is deprecated. Use alignText and anchorHoriz attributes instead
11.5349 	EXP 	Created bottomMsg = TextStim(__class__=<class 'psychopy.visual.text.TextStim'>, alignHoriz='center', alignText='center', alignVert=method-wrapper(...), anchorHoriz='center', anchorVert='center', antialias=True, autoLog=True, bold=False, color=array([-1., -1., -1.]), colorSpace='rgb', contrast=1.0, depth=0, flipHoriz=False, flipVert=False, font='', fontFiles=[], height=0.1, italic=False, languageStyle='LTR', name='bottomMsg', opacity=1.0, ori=0.0, pos=array([ 0. , -0.5]), rgb=UNKNOWN, text='bbb', units='norm', win=Window(...), wrapWidth=1.5)
11.6111 	EXP 	Created Movie Frame 0 = ImageStim(__class__=<class 'psychopy.visual.image.ImageStim'>, anchor=('center', 'center'), autoLog=True, color=array([1., 1., 1.]), colorSpace='rgb', contrast=1.0, depth=0, flipHoriz=False, flipVert=False, image='images/right_0.png', interpolate=False, mask=None, maskParams=None, name='Movie Frame 0', opacity=1, ori=0.0, pos=array([0., 0.]), size=array([1600., 1000.]), texRes=128, units='pix', win=Window(...))
11.6762 	EXP 	Created Movie Frame 1 = ImageStim(__class__=<class 'psychopy.visual.image.ImageStim'>, anchor=('center', 'center'), autoLog=True, color=array([1., 1., 1.]), colorSpace='rgb', contrast=1.0, depth=0, flipHoriz=False, flipVert=False, image='images/right_1.png', interpolate=False, mask=None, maskParams=None, name='Movie Frame 1', opacity=1, ori=0.0, pos=array([0., 0.]), size=array([1600., 1000.]), texRes=128, units='pix', win=Window(...))
11.7354 	EXP 	Created Movie Frame 2 = ImageStim(__class__=<class 'psychopy.visual.image.ImageStim'>, anchor=('center', 'center'), autoLog=True, color=array([1., 1., 1.]), colorSpace='rgb', contrast=1.0, depth=0, flipHoriz=False, flipVert=False, image='images/right_2.png', interpolate=False, mask=None, maskParams=None, name='Movie Frame 2', opacity=1, ori=0.0, pos=array([0., 0.]), size=array([1600., 1000.]), texRes=128, units='pix', win=Window(...))
11.7932 	EXP 	Created Movie Frame 3 = ImageStim(__class__=<class 'psychopy.visual.image.ImageStim'>, anchor=('center', 'center'), autoLog=True, color=array([1., 1., 1.]), colorSpace='rgb', contrast=1.0, depth=0, flipHoriz=False, flipVert=False, image='images/right_3.png', interpolate=False, mask=None, maskParams=None, name='Movie Frame 3', opacity=1, ori=0.0, pos=array([0., 0.]), size=array([1600., 1000.]), texRes=128, units='pix', win=Window(...))
11.8529 	EXP 	Created Movie Frame 4 = ImageStim(__class__=<class 'psychopy.visual.image.ImageStim'>, anchor=('center', 'center'), autoLog=True, color=array([1., 1., 1.]), colorSpace='rgb', contrast=1.0, depth=0, flipHoriz=False, flipVert=False, image='images/right_4.png', interpolate=False, mask=None, maskParams=None, name='Movie Frame 4', opacity=1, ori=0.0, pos=array([0., 0.]), size=array([1600., 1000.]), texRes=128, units='pix', win=Window(...))
11.9124 	EXP 	Created Movie Frame 5 = ImageStim(__class__=<class 'psychopy.visual.image.ImageStim'>, anchor=('center', 'center'), autoLog=True, color=array([1., 1., 1.]), colorSpace='rgb', contrast=1.0, depth=0, flipHoriz=False, flipVert=False, image='images/right_5.png', interpolate=False, mask=None, maskParams=None, name='Movie Frame 5', opacity=1, ori=0.0, pos=array([0., 0.]), size=array([1600., 1000.]), texRes=128, units='pix', win=Window(...))
11.9727 	EXP 	Created Movie Frame 6 = ImageStim(__class__=<class 'psychopy.visual.image.ImageStim'>, anchor=('center', 'center'), autoLog=True, color=array([1., 1., 1.]), colorSpace='rgb', contrast=1.0, depth=0, flipHoriz=False, flipVert=False, image='images/right_6.png', interpolate=False, mask=None, maskParams=None, name='Movie Frame 6', opacity=1, ori=0.0, pos=array([0., 0.]), size=array([1600., 1000.]), texRes=128, units='pix', win=Window(...))
12.0300 	EXP 	Created Movie Frame 7 = ImageStim(__class__=<class 'psychopy.visual.image.ImageStim'>, anchor=('center', 'center'), autoLog=True, color=array([1., 1., 1.]), colorSpace='rgb', contrast=1.0, depth=0, flipHoriz=False, flipVert=False, image='images/right_7.png', interpolate=False, mask=None, maskParams=None, name='Movie Frame 7', opacity=1, ori=0.0, pos=array([0., 0.]), size=array([1600., 1000.]), texRes=128, units='pix', win=Window(...))
12.0898 	EXP 	Created Movie Frame 8 = ImageStim(__class__=<class 'psychopy.visual.image.ImageStim'>, anchor=('center', 'center'), autoLog=True, color=array([1., 1., 1.]), colorSpace='rgb', contrast=1.0, depth=0, flipHoriz=False, flipVert=False, image='images/right_8.png', interpolate=False, mask=None, maskParams=None, name='Movie Frame 8', opacity=1, ori=0.0, pos=array([0., 0.]), size=array([1600., 1000.]), texRes=128, units='pix', win=Window(...))
12.1481 	EXP 	Created Movie Frame 9 = ImageStim(__class__=<class 'psychopy.visual.image.ImageStim'>, anchor=('center', 'center'), autoLog=True, color=array([1., 1., 1.]), colorSpace='rgb', contrast=1.0, depth=0, flipHoriz=False, flipVert=False, image='images/right_9.png', interpolate=False, mask=None, maskParams=None, name='Movie Frame 9', opacity=1, ori=0.0, pos=array([0., 0.]), size=array([1600., 1000.]), texRes=128, units='pix', win=Window(...))
12.2082 	EXP 	Created Movie Frame 0 = ImageStim(__class__=<class 'psychopy.visual.image.ImageStim'>, anchor=('center', 'center'), autoLog=True, color=array([1., 1., 1.]), colorSpace='rgb', contrast=1.0, depth=0, flipHoriz=False, flipVert=False, image='images/right_0.png', interpolate=False, mask=None, maskParams=None, name='Movie Frame 0', opacity=1, ori=0.0, pos=array([0., 0.]), size=array([1600., 1000.]), texRes=128, units='pix', win=Window(...))
12.2731 	EXP 	Created Movie Frame 1 = ImageStim(__class__=<class 'psychopy.visual.image.ImageStim'>, anchor=('center', 'center'), autoLog=True, color=array([1., 1., 1.]), colorSpace='rgb', contrast=1.0, depth=0, flipHoriz=False, flipVert=False, image='images/right_1.png', interpolate=False, mask=None, maskParams=None, name='Movie Frame 1', opacity=1, ori=0.0, pos=array([0., 0.]), size=array([1600., 1000.]), texRes=128, units='pix', win=Window(...))
12.3312 	EXP 	Created Movie Frame 2 = ImageStim(__class__=<class 'psychopy.visual.image.ImageStim'>, anchor=('center', 'center'), autoLog=True, color=array([1., 1., 1.]), colorSpace='rgb', contrast=1.0, depth=0, flipHoriz=False, flipVert=False, image='images/right_2.png', interpolate=False, mask=None, maskParams=None, name='Movie Frame 2', opacity=1, ori=0.0, pos=array([0., 0.]), size=array([1600., 1000.]), texRes=128, units='pix', win=Window(...))
12.3889 	EXP 	Created Movie Frame 3 = ImageStim(__class__=<class 'psychopy.visual.image.ImageStim'>, anchor=('center', 'center'), autoLog=True, color=array([1., 1., 1.]), colorSpace='rgb', contrast=1.0, depth=0, flipHoriz=False, flipVert=False, image='images/right_3.png', interpolate=False, mask=None, maskParams=None, name='Movie Frame 3', opacity=1, ori=0.0, pos=array([0., 0.]), size=array([1600., 1000.]), texRes=128, units='pix', win=Window(...))
12.4473 	EXP 	Created Movie Frame 4 = ImageStim(__class__=<class 'psychopy.visual.image.ImageStim'>, anchor=('center', 'center'), autoLog=True, color=array([1., 1., 1.]), colorSpace='rgb', contrast=1.0, depth=0, flipHoriz=False, flipVert=False, image='images/right_4.png', interpolate=False, mask=None, maskParams=None, name='Movie Frame 4', opacity=1, ori=0.0, pos=array([0., 0.]), size=array([1600., 1000.]), texRes=128, units='pix', win=Window(...))
12.5068 	EXP 	Created Movie Frame 5 = ImageStim(__class__=<class 'psychopy.visual.image.ImageStim'>, anchor=('center', 'center'), autoLog=True, color=array([1., 1., 1.]), colorSpace='rgb', contrast=1.0, depth=0, flipHoriz=False, flipVert=False, image='images/right_5.png', interpolate=False, mask=None, maskParams=None, name='Movie Frame 5', opacity=1, ori=0.0, pos=array([0., 0.]), size=array([1600., 1000.]), texRes=128, units='pix', win=Window(...))
12.5651 	EXP 	Created Movie Frame 6 = ImageStim(__class__=<class 'psychopy.visual.image.ImageStim'>, anchor=('center', 'center'), autoLog=True, color=array([1., 1., 1.]), colorSpace='rgb', contrast=1.0, depth=0, flipHoriz=False, flipVert=False, image='images/right_6.png', interpolate=False, mask=None, maskParams=None, name='Movie Frame 6', opacity=1, ori=0.0, pos=array([0., 0.]), size=array([1600., 1000.]), texRes=128, units='pix', win=Window(...))
12.6252 	EXP 	Created Movie Frame 7 = ImageStim(__class__=<class 'psychopy.visual.image.ImageStim'>, anchor=('center', 'center'), autoLog=True, color=array([1., 1., 1.]), colorSpace='rgb', contrast=1.0, depth=0, flipHoriz=False, flipVert=False, image='images/right_7.png', interpolate=False, mask=None, maskParams=None, name='Movie Frame 7', opacity=1, ori=0.0, pos=array([0., 0.]), size=array([1600., 1000.]), texRes=128, units='pix', win=Window(...))
12.6833 	EXP 	Created Movie Frame 8 = ImageStim(__class__=<class 'psychopy.visual.image.ImageStim'>, anchor=('center', 'center'), autoLog=True, color=array([1., 1., 1.]), colorSpace='rgb', contrast=1.0, depth=0, flipHoriz=False, flipVert=False, image='images/right_8.png', interpolate=False, mask=None, maskParams=None, name='Movie Frame 8', opacity=1, ori=0.0, pos=array([0., 0.]), size=array([1600., 1000.]), texRes=128, units='pix', win=Window(...))
12.7425 	EXP 	Created Movie Frame 9 = ImageStim(__class__=<class 'psychopy.visual.image.ImageStim'>, anchor=('center', 'center'), autoLog=True, color=array([1., 1., 1.]), colorSpace='rgb', contrast=1.0, depth=0, flipHoriz=False, flipVert=False, image='images/right_9.png', interpolate=False, mask=None, maskParams=None, name='Movie Frame 9', opacity=1, ori=0.0, pos=array([0., 0.]), size=array([1600., 1000.]), texRes=128, units='pix', win=Window(...))
12.7485 	EXP 	Created unnamed TextStim = TextStim(__class__=<class 'psychopy.visual.text.TextStim'>, alignHoriz=method-wrapper(...), alignText='center', alignVert=method-wrapper(...), anchorHoriz='center', anchorVert='center', antialias=True, autoLog=True, bold=False, color=array([-1., -1., -1.]), colorSpace='rgb', contrast=1.0, depth=0, flipHoriz=False, flipVert=False, font='', fontFiles=[], height=40.0, italic=False, languageStyle='LTR', name='unnamed TextStim', opacity=1.0, ori=0.0, pos=array([  0., 580.]), rgb=UNKNOWN, text='Tap along with the video.', units='pix', win=Window(...), wrapWidth=1600)
12.7627 	WARNING 	t of last frame was 1266.07ms (=1/0)
12.7627 	EXP 	topMsg: height = 0.1
12.7627 	EXP 	topMsg: height = 0.1
12.7627 	EXP 	topMsg: text = 'You will see a movie of a finger tapping. When it is on the screen, try to use the hand indicated to tap your fingers at the same times as the movie does. When the fixation cross appears, relax and stare at the cross.'
12.7627 	EXP 	bottomMsg: height = 0.1
12.7627 	EXP 	bottomMsg: height = 0.1
12.7627 	EXP 	bottomMsg: text = 'The experiment will begin shortly'
12.7627 	EXP 	Display Instructions1
13.2342 	DATA 	Keypress: space
13.2385 	WARNING 	t of last frame was 475.78ms (=1/2)
13.2385 	EXP 	topMsg: height = 0.1
13.2385 	EXP 	topMsg: height = 0.1
13.2385 	EXP 	topMsg: text = "Please don't move..."
13.2385 	EXP 	bottomMsg: height = 0.1
13.2385 	EXP 	bottomMsg: height = 0.1
13.2385 	EXP 	bottomMsg: text = ''
13.2385 	EXP 	PleaseDontMove
51.7219 	DATA 	Keypress: equal
51.7271 	WARNING 	t of last frame was 38488.63ms (=1/0)
51.7271 	EXP 	Display Fixation
51.7274 	EXP 	---START EXPERIMENT---
51.7284 	EXP 	Display Fixation
56.9168 	DATA 	Keypress: equal
62.1090 	DATA 	Keypress: equal
67.3028 	DATA 	Keypress: equal
72.4971 	DATA 	Keypress: equal
77.6899 	DATA 	Keypress: equal
82.8839 	DATA 	Keypress: equal
82.8881 	WARNING 	t of last frame was 31159.74ms (=1/0)
82.9184 	WARNING 	Multiple dropped frames have occurred - I'll stop bothering you about them!
82.9184 	EXP 	Display Frame 1
82.9516 	EXP 	Display Frame 2
82.9849 	EXP 	Display Frame 3
83.0183 	EXP 	Display Frame 4
83.0516 	EXP 	Display Frame 5
83.0850 	EXP 	Display Frame 6
83.1182 	EXP 	Display Frame 7
83.1516 	EXP 	Display Frame 8
83.1849 	EXP 	Display Frame 9
83.2183 	EXP 	Display Frame 0
83.2516 	EXP 	Display Frame 1
83.2849 	EXP 	Display Frame 2
83.3183 	EXP 	Display Frame 3
83.3516 	EXP 	Display Frame 4
83.3848 	EXP 	Display Frame 5
83.4183 	EXP 	Display Frame 6
83.4516 	EXP 	Display Frame 7
83.4849 	EXP 	Display Frame 8
83.5182 	EXP 	Display Frame 9
83.5515 	EXP 	Display Frame 0
83.5849 	EXP 	Display Frame 1
83.6182 	EXP 	Display Frame 2
83.6515 	EXP 	Display Frame 3
83.6849 	EXP 	Display Frame 4
83.7182 	EXP 	Display Frame 5
83.7516 	EXP 	Display Frame 6
83.7849 	EXP 	Display Frame 7
83.8182 	EXP 	Display Frame 8
83.8515 	EXP 	Display Frame 9
83.8849 	EXP 	Display Frame 0
83.9182 	EXP 	Display Frame 1
83.9516 	EXP 	Display Frame 2
83.9849 	EXP 	Display Frame 3
84.0182 	EXP 	Display Frame 4
84.0515 	EXP 	Display Frame 5
84.0848 	EXP 	Display Frame 6
84.1182 	EXP 	Display Frame 7
84.1516 	EXP 	Display Frame 8
84.1849 	EXP 	Display Frame 9
84.2182 	EXP 	Display Frame 0
84.2515 	EXP 	Display Frame 1
84.2849 	EXP 	Display Frame 2
84.3182 	EXP 	Display Frame 3
84.3515 	EXP 	Display Frame 4
84.3849 	EXP 	Display Frame 5
84.4182 	EXP 	Display Frame 6
84.4515 	EXP 	Display Frame 7
84.4849 	EXP 	Display Frame 8
84.5182 	EXP 	Display Frame 9
84.5515 	EXP 	Display Frame 0
84.5849 	EXP 	Display Frame 1
84.6184 	EXP 	Display Frame 2
84.6516 	EXP 	Display Frame 3
84.6849 	EXP 	Display Frame 4
84.7182 	EXP 	Display Frame 5
84.7515 	EXP 	Display Frame 6
84.7849 	EXP 	Display Frame 7
84.8182 	EXP 	Display Frame 8
84.8515 	EXP 	Display Frame 9
84.8849 	EXP 	Display Frame 0
84.9182 	EXP 	Display Frame 1
84.9515 	EXP 	Display Frame 2
84.9849 	EXP 	Display Frame 3
85.0182 	EXP 	Display Frame 4
85.0515 	EXP 	Display Frame 5
85.0849 	EXP 	Display Frame 6
85.1182 	EXP 	Display Frame 7
85.1515 	EXP 	Display Frame 8
85.1849 	EXP 	Display Frame 9
85.2182 	EXP 	Display Frame 0
85.2515 	EXP 	Display Frame 1
85.2849 	EXP 	Display Frame 2
85.3182 	EXP 	Display Frame 3
85.3515 	EXP 	Display Frame 4
85.3849 	EXP 	Display Frame 5
85.4182 	EXP 	Display Frame 6
85.4515 	EXP 	Display Frame 7
85.4849 	EXP 	Display Frame 8
85.5182 	EXP 	Display Frame 9
85.5516 	EXP 	Display Frame 0
85.5849 	EXP 	Display Frame 1
85.6182 	EXP 	Display Frame 2
85.6515 	EXP 	Display Frame 3
85.6849 	EXP 	Display Frame 4
85.7182 	EXP 	Display Frame 5
85.7515 	EXP 	Display Frame 6
85.7849 	EXP 	Display Frame 7
85.8182 	EXP 	Display Frame 8
85.8516 	EXP 	Display Frame 9
85.8849 	EXP 	Display Frame 0
85.9182 	EXP 	Display Frame 1
85.9515 	EXP 	Display Frame 2
85.9849 	EXP 	Display Frame 3
86.0182 	EXP 	Display Frame 4
86.0515 	EXP 	Display Frame 5
86.0849 	EXP 	Display Frame 6
86.1182 	EXP 	Display Frame 7
86.1516 	EXP 	Display Frame 8
86.1849 	EXP 	Display Frame 9
86.2182 	EXP 	Display Frame 0
86.2515 	EXP 	Display Frame 1
86.2849 	EXP 	Display Frame 2
86.3182 	EXP 	Display Frame 3
86.3515 	EXP 	Display Frame 4
86.3849 	EXP 	Display Frame 5
86.4182 	EXP 	Display Frame 6
86.4516 	EXP 	Display Frame 7
86.4849 	EXP 	Display Frame 8
86.5182 	EXP 	Display Frame 9
86.5515 	EXP 	Display Frame 0
86.5849 	EXP 	Display Frame 1
86.6182 	EXP 	Display Frame 2
86.6515 	EXP 	Display Frame 3
86.6849 	EXP 	Display Frame 4
86.7182 	EXP 	Display Frame 5
86.7515 	EXP 	Display Frame 6
86.7849 	EXP 	Display Frame 7
86.8182 	EXP 	Display Frame 8
86.8515 	EXP 	Display Frame 9
86.8849 	EXP 	Display Frame 0
86.9182 	EXP 	Display Frame 1
86.9515 	EXP 	Display Frame 2
86.9883 	EXP 	Display Frame 3
87.0182 	EXP 	Display Frame 4
87.0516 	EXP 	Display Frame 5
87.0849 	EXP 	Display Frame 6
87.1182 	EXP 	Display Frame 7
87.1516 	EXP 	Display Frame 8
87.1849 	EXP 	Display Frame 9
87.2182 	EXP 	Display Frame 0
87.2515 	EXP 	Display Frame 1
87.2849 	EXP 	Display Frame 2
87.3182 	EXP 	Display Frame 3
87.3516 	EXP 	Display Frame 4
87.3849 	EXP 	Display Frame 5
87.4182 	EXP 	Display Frame 6
87.4516 	EXP 	Display Frame 7
87.4849 	EXP 	Display Frame 8
87.5182 	EXP 	Display Frame 9
87.5516 	EXP 	Display Frame 0
87.5849 	EXP 	Display Frame 1
87.6182 	EXP 	Display Frame 2
87.6515 	EXP 	Display Frame 3
87.6849 	EXP 	Display Frame 4
87.7182 	EXP 	Display Frame 5
87.7515 	EXP 	Display Frame 6
87.7849 	EXP 	Display Frame 7
87.8182 	EXP 	Display Frame 8
87.8515 	EXP 	Display Frame 9
87.8849 	EXP 	Display Frame 0
87.9181 	EXP 	Display Frame 1
87.9515 	EXP 	Display Frame 2
87.9849 	EXP 	Display Frame 3
88.0182 	EXP 	Display Frame 4
88.0515 	EXP 	Display Frame 5
88.0850 	DATA 	Keypress: equal
88.0861 	EXP 	Display Frame 6
88.1182 	EXP 	Display Frame 7
88.1516 	EXP 	Display Frame 8
88.1848 	EXP 	Display Frame 9
88.2182 	EXP 	Display Frame 0
88.2516 	EXP 	Display Frame 1
88.2849 	EXP 	Display Frame 2
88.3182 	EXP 	Display Frame 3
88.3515 	EXP 	Display Frame 4
88.3849 	EXP 	Display Frame 5
88.4182 	EXP 	Display Frame 6
88.4516 	EXP 	Display Frame 7
88.4849 	EXP 	Display Frame 8
88.5182 	EXP 	Display Frame 9
88.5516 	EXP 	Display Frame 0
88.5849 	EXP 	Display Frame 1
88.6182 	EXP 	Display Frame 2
88.6515 	EXP 	Display Frame 3
88.6849 	EXP 	Display Frame 4
88.7183 	EXP 	Display Frame 5
88.7516 	EXP 	Display Frame 6
88.7850 	EXP 	Display Frame 7
88.8182 	EXP 	Display Frame 8
88.8515 	EXP 	Display Frame 9
88.8849 	EXP 	Display Frame 0
88.9182 	EXP 	Display Frame 1
88.9515 	EXP 	Display Frame 2
88.9849 	EXP 	Display Frame 3
89.0182 	EXP 	Display Frame 4
89.0516 	EXP 	Display Frame 5
89.0848 	EXP 	Display Frame 6
89.1182 	EXP 	Display Frame 7
89.1515 	EXP 	Display Frame 8
89.1849 	EXP 	Display Frame 9
89.2182 	EXP 	Display Frame 0
89.2516 	EXP 	Display Frame 1
89.2849 	EXP 	Display Frame 2
89.3182 	EXP 	Display Frame 3
89.3516 	EXP 	Display Frame 4
89.3848 	EXP 	Display Frame 5
89.4182 	EXP 	Display Frame 6
89.4516 	EXP 	Display Frame 7
89.4849 	EXP 	Display Frame 8
89.5182 	EXP 	Display Frame 9
89.5515 	EXP 	Display Frame 0
89.5849 	EXP 	Display Frame 1
89.6182 	EXP 	Display Frame 2
89.6515 	EXP 	Display Frame 3
89.6849 	EXP 	Display Frame 4
89.7182 	EXP 	Display Frame 5
89.7515 	EXP 	Display Frame 6
89.7849 	EXP 	Display Frame 7
89.8182 	EXP 	Display Frame 8
89.8516 	EXP 	Display Frame 9
89.8849 	EXP 	Display Frame 0
89.9181 	EXP 	Display Frame 1
89.9516 	EXP 	Display Frame 2
89.9849 	EXP 	Display Frame 3
90.0182 	EXP 	Display Frame 4
90.0515 	EXP 	Display Frame 5
90.0849 	EXP 	Display Frame 6
90.1187 	EXP 	Display Frame 7
90.1516 	EXP 	Display Frame 8
90.1849 	EXP 	Display Frame 9
90.2182 	EXP 	Display Frame 0
90.2515 	EXP 	Display Frame 1
90.2849 	EXP 	Display Frame 2
90.3182 	EXP 	Display Frame 3
90.3515 	EXP 	Display Frame 4
90.3851 	EXP 	Display Frame 5
90.4182 	EXP 	Display Frame 6
90.4516 	EXP 	Display Frame 7
90.4849 	EXP 	Display Frame 8
90.5182 	EXP 	Display Frame 9
90.5515 	EXP 	Display Frame 0
90.5849 	EXP 	Display Frame 1
90.6182 	EXP 	Display Frame 2
90.6515 	EXP 	Display Frame 3
90.6849 	EXP 	Display Frame 4
90.7182 	EXP 	Display Frame 5
90.7515 	EXP 	Display Frame 6
90.7849 	EXP 	Display Frame 7
90.8182 	EXP 	Display Frame 8
90.8515 	EXP 	Display Frame 9
90.8849 	EXP 	Display Frame 0
90.9181 	EXP 	Display Frame 1
90.9515 	EXP 	Display Frame 2
90.9849 	EXP 	Display Frame 3
91.0182 	EXP 	Display Frame 4
91.0515 	EXP 	Display Frame 5
91.0849 	EXP 	Display Frame 6
91.1182 	EXP 	Display Frame 7
91.1516 	EXP 	Display Frame 8
91.1849 	EXP 	Display Frame 9
91.2182 	EXP 	Display Frame 0
91.2515 	EXP 	Display Frame 1
91.2849 	EXP 	Display Frame 2
91.3182 	EXP 	Display Frame 3
91.3515 	EXP 	Display Frame 4
91.3849 	EXP 	Display Frame 5
91.4182 	EXP 	Display Frame 6
91.4516 	EXP 	Display Frame 7
91.4849 	EXP 	Display Frame 8
91.5182 	EXP 	Display Frame 9
91.5515 	EXP 	Display Frame 0
91.5849 	EXP 	Display Frame 1
91.6182 	EXP 	Display Frame 2
91.6515 	EXP 	Display Frame 3
91.6849 	EXP 	Display Frame 4
91.7182 	EXP 	Display Frame 5
91.7515 	EXP 	Display Frame 6
91.7849 	EXP 	Display Frame 7
91.8182 	EXP 	Display Frame 8
91.8515 	EXP 	Display Frame 9
91.8849 	EXP 	Display Frame 0
91.9181 	EXP 	Display Frame 1
91.9516 	EXP 	Display Frame 2
91.9849 	EXP 	Display Frame 3
92.0182 	EXP 	Display Frame 4
92.0515 	EXP 	Display Frame 5
92.0849 	EXP 	Display Frame 6
92.1182 	EXP 	Display Frame 7
92.1515 	EXP 	Display Frame 8
92.1849 	EXP 	Display Frame 9
92.2182 	EXP 	Display Frame 0
92.2516 	EXP 	Display Frame 1
92.2849 	EXP 	Display Frame 2
92.3182 	EXP 	Display Frame 3
92.3515 	EXP 	Display Frame 4
92.3849 	EXP 	Display Frame 5
92.4182 	EXP 	Display Frame 6
92.4515 	EXP 	Display Frame 7
92.4849 	EXP 	Display Frame 8
92.5182 	EXP 	Display Frame 9
92.5515 	EXP 	Display Frame 0
92.5848 	EXP 	Display Frame 1
92.6182 	EXP 	Display Frame 2
92.6515 	EXP 	Display Frame 3
92.6849 	EXP 	Display Frame 4
92.7182 	EXP 	Display Frame 5
92.7516 	EXP 	Display Frame 6
92.7849 	EXP 	Display Frame 7
92.8182 	EXP 	Display Frame 8
92.8516 	EXP 	Display Frame 9
92.8849 	EXP 	Display Frame 0
92.9182 	EXP 	Display Frame 1
92.9515 	EXP 	Display Frame 2
92.9849 	EXP 	Display Frame 3
93.0182 	EXP 	Display Frame 4
93.0515 	EXP 	Display Frame 5
93.0849 	EXP 	Display Frame 6
93.1183 	EXP 	Display Frame 7
93.1516 	EXP 	Display Frame 8
93.1849 	EXP 	Display Frame 9
93.2182 	EXP 	Display Frame 0
93.2515 	EXP 	Display Frame 1
93.2851 	DATA 	Keypress: equal
93.2862 	EXP 	Display Frame 2
93.3185 	EXP 	Display Frame 3
93.3518 	EXP 	Display Frame 4
93.3850 	EXP 	Display Frame 5
93.4182 	EXP 	Display Frame 6
93.4516 	EXP 	Display Frame 7
93.4849 	EXP 	Display Frame 8
93.5182 	EXP 	Display Frame 9
93.5515 	EXP 	Display Frame 0
93.5850 	EXP 	Display Frame 1
93.6182 	EXP 	Display Frame 2
93.6515 	EXP 	Display Frame 3
93.6849 	EXP 	Display Frame 4
93.7182 	EXP 	Display Frame 5
93.7516 	EXP 	Display Frame 6
93.7849 	EXP 	Display Frame 7
93.8183 	EXP 	Display Frame 8
93.8515 	EXP 	Display Frame 9
93.8849 	EXP 	Display Frame 0
93.9182 	EXP 	Display Frame 1
93.9516 	EXP 	Display Frame 2
93.9849 	EXP 	Display Frame 3
94.0182 	EXP 	Display Frame 4
94.0516 	EXP 	Display Frame 5
94.0849 	EXP 	Display Frame 6
94.1183 	EXP 	Display Frame 7
94.1515 	EXP 	Display Frame 8
94.1849 	EXP 	Display Frame 9
94.2182 	EXP 	Display Frame 0
94.2515 	EXP 	Display Frame 1
94.2849 	EXP 	Display Frame 2
94.3182 	EXP 	Display Frame 3
94.3515 	EXP 	Display Frame 4
94.3849 	EXP 	Display Frame 5
94.4182 	EXP 	Display Frame 6
94.4515 	EXP 	Display Frame 7
94.4849 	EXP 	Display Frame 8
94.5182 	EXP 	Display Frame 9
94.5515 	EXP 	Display Frame 0
94.5849 	EXP 	Display Frame 1
94.6182 	EXP 	Display Frame 2
94.6516 	EXP 	Display Frame 3
94.6849 	EXP 	Display Frame 4
94.7182 	EXP 	Display Frame 5
94.7515 	EXP 	Display Frame 6
94.7849 	EXP 	Display Frame 7
94.8182 	EXP 	Display Frame 8
94.8515 	EXP 	Display Frame 9
94.8849 	EXP 	Display Frame 0
94.9181 	EXP 	Display Frame 1
94.9516 	EXP 	Display Frame 2
94.9849 	EXP 	Display Frame 3
95.0182 	EXP 	Display Frame 4
95.0515 	EXP 	Display Frame 5
95.0849 	EXP 	Display Frame 6
95.1182 	EXP 	Display Frame 7
95.1515 	EXP 	Display Frame 8
95.1849 	EXP 	Display Frame 9
95.2182 	EXP 	Display Frame 0
95.2515 	EXP 	Display Frame 1
95.2849 	EXP 	Display Frame 2
95.3182 	EXP 	Display Frame 3
95.3515 	EXP 	Display Frame 4
95.3849 	EXP 	Display Frame 5
95.4182 	EXP 	Display Frame 6
95.4515 	EXP 	Display Frame 7
95.4849 	EXP 	Display Frame 8
95.5182 	EXP 	Display Frame 9
95.5515 	EXP 	Display Frame 0
95.5850 	EXP 	Display Frame 1
95.6185 	EXP 	Display Frame 2
95.6517 	EXP 	Display Frame 3
95.6851 	EXP 	Display Frame 4
95.7183 	EXP 	Display Frame 5
95.7516 	EXP 	Display Frame 6
95.7849 	EXP 	Display Frame 7
95.8182 	EXP 	Display Frame 8
95.8515 	EXP 	Display Frame 9
95.8849 	EXP 	Display Frame 0
95.9182 	EXP 	Display Frame 1
95.9516 	EXP 	Display Frame 2
95.9849 	EXP 	Display Frame 3
96.0182 	EXP 	Display Frame 4
96.0515 	EXP 	Display Frame 5
96.0849 	EXP 	Display Frame 6
96.1182 	EXP 	Display Frame 7
96.1518 	EXP 	Display Frame 8
96.1849 	EXP 	Display Frame 9
96.2182 	EXP 	Display Frame 0
96.2516 	EXP 	Display Frame 1
96.2849 	EXP 	Display Frame 2
96.3182 	EXP 	Display Frame 3
96.3515 	EXP 	Display Frame 4
96.3849 	EXP 	Display Frame 5
96.4182 	EXP 	Display Frame 6
96.4516 	EXP 	Display Frame 7
96.4849 	EXP 	Display Frame 8
96.5182 	EXP 	Display Frame 9
96.5515 	EXP 	Display Frame 0
96.5849 	EXP 	Display Frame 1
96.6182 	EXP 	Display Frame 2
96.6515 	EXP 	Display Frame 3
96.6849 	EXP 	Display Frame 4
96.7182 	EXP 	Display Frame 5
96.7516 	EXP 	Display Frame 6
96.7849 	EXP 	Display Frame 7
96.8182 	EXP 	Display Frame 8
96.8516 	EXP 	Display Frame 9
96.8849 	EXP 	Display Frame 0
96.9182 	EXP 	Display Frame 1
96.9515 	EXP 	Display Frame 2
96.9849 	EXP 	Display Frame 3
97.0182 	EXP 	Display Frame 4
97.0516 	EXP 	Display Frame 5
97.0849 	EXP 	Display Frame 6
97.1182 	EXP 	Display Frame 7
97.1516 	EXP 	Display Frame 8
97.1848 	EXP 	Display Frame 9
97.2182 	EXP 	Display Frame 0
97.2515 	EXP 	Display Frame 1
97.2849 	EXP 	Display Frame 2
97.3182 	EXP 	Display Frame 3
97.3515 	EXP 	Display Frame 4
97.3848 	EXP 	Display Frame 5
97.4182 	EXP 	Display Frame 6
97.4515 	EXP 	Display Frame 7
97.4849 	EXP 	Display Frame 8
97.5182 	EXP 	Display Frame 9
97.5515 	EXP 	Display Frame 0
97.5849 	EXP 	Display Frame 1
97.6182 	EXP 	Display Frame 2
97.6516 	EXP 	Display Frame 3
97.6849 	EXP 	Display Frame 4
97.7182 	EXP 	Display Frame 5
97.7515 	EXP 	Display Frame 6
97.7849 	EXP 	Display Frame 7
97.8184 	EXP 	Display Frame 8
97.8518 	EXP 	Display Frame 9
97.8849 	EXP 	Display Frame 0
97.9182 	EXP 	Display Frame 1
97.9525 	EXP 	Display Frame 2
97.9849 	EXP 	Display Frame 3
98.0182 	EXP 	Display Frame 4
98.0515 	EXP 	Display Frame 5
98.0849 	EXP 	Display Frame 6
98.1182 	EXP 	Display Frame 7
98.1516 	EXP 	Display Frame 8
98.1849 	EXP 	Display Frame 9
98.2182 	EXP 	Display Frame 0
98.2515 	EXP 	Display Frame 1
98.2849 	EXP 	Display Frame 2
98.3183 	EXP 	Display Frame 3
98.3515 	EXP 	Display Frame 4
98.3849 	EXP 	Display Frame 5
98.4182 	EXP 	Display Frame 6
98.4516 	EXP 	Display Frame 7
98.4850 	DATA 	Keypress: equal
98.4860 	EXP 	Display Frame 8
98.5182 	EXP 	Display Frame 9
98.5515 	EXP 	Display Frame 0
98.5848 	EXP 	Display Frame 1
98.6182 	EXP 	Display Frame 2
98.6515 	EXP 	Display Frame 3
98.6849 	EXP 	Display Frame 4
98.7182 	EXP 	Display Frame 5
98.7515 	EXP 	Display Frame 6
98.7849 	EXP 	Display Frame 7
98.8182 	EXP 	Display Frame 8
98.8515 	EXP 	Display Frame 9
98.8849 	EXP 	Display Frame 0
98.9182 	EXP 	Display Frame 1
98.9515 	EXP 	Display Frame 2
98.9849 	EXP 	Display Frame 3
99.0182 	EXP 	Display Frame 4
99.0515 	EXP 	Display Frame 5
99.0849 	EXP 	Display Frame 6
99.1182 	EXP 	Display Frame 7
99.1516 	EXP 	Display Frame 8
99.1848 	EXP 	Display Frame 9
99.2182 	EXP 	Display Frame 0
99.2515 	EXP 	Display Frame 1
99.2849 	EXP 	Display Frame 2
99.3182 	EXP 	Display Frame 3
99.3515 	EXP 	Display Frame 4
99.3849 	EXP 	Display Frame 5
99.4183 	EXP 	Display Frame 6
99.4517 	EXP 	Display Frame 7
99.4849 	EXP 	Display Frame 8
99.5182 	EXP 	Display Frame 9
99.5515 	EXP 	Display Frame 0
99.5849 	EXP 	Display Frame 1
99.6182 	EXP 	Display Frame 2
99.6516 	EXP 	Display Frame 3
99.6849 	EXP 	Display Frame 4
99.7182 	EXP 	Display Frame 5
99.7515 	EXP 	Display Frame 6
99.7849 	EXP 	Display Frame 7
99.8182 	EXP 	Display Frame 8
99.8515 	EXP 	Display Frame 9
99.8849 	EXP 	Display Frame 0
99.9181 	EXP 	Display Frame 1
99.9516 	EXP 	Display Frame 2
99.9849 	EXP 	Display Frame 3
100.0182 	EXP 	Display Frame 4
100.0515 	EXP 	Display Frame 5
100.0849 	EXP 	Display Frame 6
100.1182 	EXP 	Display Frame 7
100.1515 	EXP 	Display Frame 8
100.1849 	EXP 	Display Frame 9
100.2182 	EXP 	Display Frame 0
100.2516 	EXP 	Display Frame 1
100.2849 	EXP 	Display Frame 2
100.3182 	EXP 	Display Frame 3
100.3515 	EXP 	Display Frame 4
100.3849 	EXP 	Display Frame 5
100.4182 	EXP 	Display Frame 6
100.4515 	EXP 	Display Frame 7
100.4849 	EXP 	Display Frame 8
100.5182 	EXP 	Display Frame 9
100.5516 	EXP 	Display Frame 0
100.5849 	EXP 	Display Frame 1
100.6182 	EXP 	Display Frame 2
100.6515 	EXP 	Display Frame 3
100.6849 	EXP 	Display Frame 4
100.7182 	EXP 	Display Frame 5
100.7515 	EXP 	Display Frame 6
100.7849 	EXP 	Display Frame 7
100.8182 	EXP 	Display Frame 8
100.8516 	EXP 	Display Frame 9
100.8849 	EXP 	Display Frame 0
100.9182 	EXP 	Display Frame 1
100.9515 	EXP 	Display Frame 2
100.9849 	EXP 	Display Frame 3
101.0182 	EXP 	Display Frame 4
101.0515 	EXP 	Display Frame 5
101.0849 	EXP 	Display Frame 6
101.1182 	EXP 	Display Frame 7
101.1515 	EXP 	Display Frame 8
101.1849 	EXP 	Display Frame 9
101.2182 	EXP 	Display Frame 0
101.2515 	EXP 	Display Frame 1
101.2849 	EXP 	Display Frame 2
101.3182 	EXP 	Display Frame 3
101.3515 	EXP 	Display Frame 4
101.3849 	EXP 	Display Frame 5
101.4182 	EXP 	Display Frame 6
101.4516 	EXP 	Display Frame 7
101.4849 	EXP 	Display Frame 8
101.5182 	EXP 	Display Frame 9
101.5516 	EXP 	Display Frame 0
101.5849 	EXP 	Display Frame 1
101.6182 	EXP 	Display Frame 2
101.6515 	EXP 	Display Frame 3
101.6849 	EXP 	Display Frame 4
101.7182 	EXP 	Display Frame 5
101.7516 	EXP 	Display Frame 6
101.7849 	EXP 	Display Frame 7
101.8182 	EXP 	Display Frame 8
101.8516 	EXP 	Display Frame 9
101.8849 	EXP 	Display Frame 0
101.9184 	EXP 	Display Frame 1
101.9516 	EXP 	Display Frame 2
101.9849 	EXP 	Display Frame 3
102.0182 	EXP 	Display Frame 4
102.0516 	EXP 	Display Frame 5
102.0849 	EXP 	Display Frame 6
102.1182 	EXP 	Display Frame 7
102.1516 	EXP 	Display Frame 8
102.1849 	EXP 	Display Frame 9
102.2182 	EXP 	Display Frame 0
102.2515 	EXP 	Display Frame 1
102.2849 	EXP 	Display Frame 2
102.3182 	EXP 	Display Frame 3
102.3515 	EXP 	Display Frame 4
102.3849 	EXP 	Display Frame 5
102.4182 	EXP 	Display Frame 6
102.4515 	EXP 	Display Frame 7
102.4849 	EXP 	Display Frame 8
102.5182 	EXP 	Display Frame 9
102.5515 	EXP 	Display Frame 0
102.5849 	EXP 	Display Frame 1
102.6182 	EXP 	Display Frame 2
102.6516 	EXP 	Display Frame 3
102.6849 	EXP 	Display Frame 4
102.7182 	EXP 	Display Frame 5
102.7516 	EXP 	Display Frame 6
102.7849 	EXP 	Display Frame 7
102.8182 	EXP 	Display Frame 8
102.8515 	EXP 	Display Frame 9
102.8849 	EXP 	Display Frame 0
102.9181 	EXP 	Display Frame 1
102.9516 	EXP 	Display Frame 2
102.9849 	EXP 	Display Frame 3
103.0182 	EXP 	Display Frame 4
103.0515 	EXP 	Display Frame 5
103.0849 	EXP 	Display Frame 6
103.1182 	EXP 	Display Frame 7
103.1515 	EXP 	Display Frame 8
103.1849 	EXP 	Display Frame 9
103.2182 	EXP 	Display Frame 0
103.2515 	EXP 	Display Frame 1
103.2849 	EXP 	Display Frame 2
103.3182 	EXP 	Display Frame 3
103.3515 	EXP 	Display Frame 4
103.3849 	EXP 	Display Frame 5
103.4182 	EXP 	Display Frame 6
103.4515 	EXP 	Display Frame 7
103.4849 	EXP 	Display Frame 8
103.5182 	EXP 	Display Frame 9
103.5516 	EXP 	Display Frame 0
103.5849 	EXP 	Display Frame 1
103.6182 	EXP 	Display Frame 2
103.6515 	EXP 	Display Frame 3
103.6850 	DATA 	Keypress: equal
103.6860 	EXP 	Display Frame 4
103.7182 	EXP 	Display Frame 5
103.7516 	EXP 	Display Frame 6
103.7849 	EXP 	Display Frame 7
103.8182 	EXP 	Display Frame 8
103.8516 	EXP 	Display Frame 9
103.8849 	EXP 	Display Frame 0
103.9182 	EXP 	Display Frame 1
103.9515 	EXP 	Display Frame 2
103.9849 	EXP 	Display Frame 3
104.0182 	EXP 	Display Frame 4
104.0515 	EXP 	Display Frame 5
104.0849 	EXP 	Display Frame 6
104.1182 	EXP 	Display Frame 7
104.1515 	EXP 	Display Frame 8
104.1849 	EXP 	Display Frame 9
104.2182 	EXP 	Display Frame 0
104.2515 	EXP 	Display Frame 1
104.2849 	EXP 	Display Frame 2
104.3182 	EXP 	Display Frame 3
104.3516 	EXP 	Display Frame 4
104.3849 	EXP 	Display Frame 5
104.4182 	EXP 	Display Frame 6
104.4516 	EXP 	Display Frame 7
104.4849 	EXP 	Display Frame 8
104.5182 	EXP 	Display Frame 9
104.5515 	EXP 	Display Frame 0
104.5849 	EXP 	Display Frame 1
104.6182 	EXP 	Display Frame 2
104.6515 	EXP 	Display Frame 3
104.6849 	EXP 	Display Frame 4
104.7195 	EXP 	Display Frame 5
104.7516 	EXP 	Display Frame 6
104.7850 	EXP 	Display Frame 7
104.8182 	EXP 	Display Frame 8
104.8515 	EXP 	Display Frame 9
104.8849 	EXP 	Display Frame 0
104.9181 	EXP 	Display Frame 1
104.9515 	EXP 	Display Frame 2
104.9849 	EXP 	Display Frame 3
105.0182 	EXP 	Display Frame 4
105.0516 	EXP 	Display Frame 5
105.0849 	EXP 	Display Frame 6
105.1182 	EXP 	Display Frame 7
105.1515 	EXP 	Display Frame 8
105.1849 	EXP 	Display Frame 9
105.2182 	EXP 	Display Frame 0
105.2515 	EXP 	Display Frame 1
105.2849 	EXP 	Display Frame 2
105.3182 	EXP 	Display Frame 3
105.3515 	EXP 	Display Frame 4
105.3848 	EXP 	Display Frame 5
105.4182 	EXP 	Display Frame 6
105.4515 	EXP 	Display Frame 7
105.4849 	EXP 	Display Frame 8
105.5182 	EXP 	Display Frame 9
105.5516 	EXP 	Display Frame 0
105.5849 	EXP 	Display Frame 1
105.6182 	EXP 	Display Frame 2
105.6515 	EXP 	Display Frame 3
105.6849 	EXP 	Display Frame 4
105.7182 	EXP 	Display Frame 5
105.7515 	EXP 	Display Frame 6
105.7889 	EXP 	Display Frame 7
105.8182 	EXP 	Display Frame 8
105.8516 	EXP 	Display Frame 9
105.8849 	EXP 	Display Frame 0
105.9181 	EXP 	Display Frame 1
105.9516 	EXP 	Display Frame 2
105.9848 	EXP 	Display Frame 3
106.0182 	EXP 	Display Frame 4
106.0515 	EXP 	Display Frame 5
106.0849 	EXP 	Display Frame 6
106.1182 	EXP 	Display Frame 7
106.1515 	EXP 	Display Frame 8
106.1849 	EXP 	Display Frame 9
106.2182 	EXP 	Display Frame 0
106.2515 	EXP 	Display Frame 1
106.2849 	EXP 	Display Frame 2
106.3182 	EXP 	Display Frame 3
106.3515 	EXP 	Display Frame 4
106.3849 	EXP 	Display Frame 5
106.4182 	EXP 	Display Frame 6
106.4515 	EXP 	Display Frame 7
106.4849 	EXP 	Display Frame 8
106.5182 	EXP 	Display Frame 9
106.5515 	EXP 	Display Frame 0
106.5849 	EXP 	Display Frame 1
106.6182 	EXP 	Display Frame 2
106.6515 	EXP 	Display Frame 3
106.6849 	EXP 	Display Frame 4
106.7182 	EXP 	Display Frame 5
106.7515 	EXP 	Display Frame 6
106.7849 	EXP 	Display Frame 7
106.8182 	EXP 	Display Frame 8
106.8515 	EXP 	Display Frame 9
106.8849 	EXP 	Display Frame 0
106.9181 	EXP 	Display Frame 1
106.9516 	EXP 	Display Frame 2
106.9849 	EXP 	Display Frame 3
107.0182 	EXP 	Display Frame 4
107.0515 	EXP 	Display Frame 5
107.0849 	EXP 	Display Frame 6
107.1182 	EXP 	Display Frame 7
107.1515 	EXP 	Display Frame 8
107.1849 	EXP 	Display Frame 9
107.2182 	EXP 	Display Frame 0
107.2515 	EXP 	Display Frame 1
107.2849 	EXP 	Display Frame 2
107.3182 	EXP 	Display Frame 3
107.3515 	EXP 	Display Frame 4
107.3849 	EXP 	Display Frame 5
107.4182 	EXP 	Display Frame 6
107.4516 	EXP 	Display Frame 7
107.4849 	EXP 	Display Frame 8
107.5182 	EXP 	Display Frame 9
107.5515 	EXP 	Display Frame 0
107.5849 	EXP 	Display Frame 1
107.6182 	EXP 	Display Frame 2
107.6515 	EXP 	Display Frame 3
107.6851 	EXP 	Display Frame 4
107.7182 	EXP 	Display Frame 5
107.7516 	EXP 	Display Frame 6
107.7849 	EXP 	Display Frame 7
107.8182 	EXP 	Display Frame 8
107.8516 	EXP 	Display Frame 9
107.8849 	EXP 	Display Frame 0
107.9182 	EXP 	Display Frame 1
107.9515 	EXP 	Display Frame 2
107.9849 	EXP 	Display Frame 3
108.0182 	EXP 	Display Frame 4
108.0516 	EXP 	Display Frame 5
108.0849 	EXP 	Display Frame 6
108.1182 	EXP 	Display Frame 7
108.1515 	EXP 	Display Frame 8
108.1849 	EXP 	Display Frame 9
108.2182 	EXP 	Display Frame 0
108.2516 	EXP 	Display Frame 1
108.2849 	EXP 	Display Frame 2
108.3182 	EXP 	Display Frame 3
108.3516 	EXP 	Display Frame 4
108.3848 	EXP 	Display Frame 5
108.4182 	EXP 	Display Frame 6
108.4515 	EXP 	Display Frame 7
108.4849 	EXP 	Display Frame 8
108.5182 	EXP 	Display Frame 9
108.5515 	EXP 	Display Frame 0
108.5849 	EXP 	Display Frame 1
108.6182 	EXP 	Display Frame 2
108.6515 	EXP 	Display Frame 3
108.6849 	EXP 	Display Frame 4
108.7183 	EXP 	Display Frame 5
108.7515 	EXP 	Display Frame 6
108.7849 	EXP 	Display Frame 7
108.8182 	EXP 	Display Frame 8
108.8517 	EXP 	Display Frame 9
108.8524 	DATA 	Keypress: equal
108.8849 	EXP 	Display Frame 0
108.9181 	EXP 	Display Frame 1
108.9516 	EXP 	Display Frame 2
108.9848 	EXP 	Display Frame 3
109.0182 	EXP 	Display Frame 4
109.0516 	EXP 	Display Frame 5
109.0849 	EXP 	Display Frame 6
109.1182 	EXP 	Display Frame 7
109.1516 	EXP 	Display Frame 8
109.1849 	EXP 	Display Frame 9
109.2182 	EXP 	Display Frame 0
109.2516 	EXP 	Display Frame 1
109.2849 	EXP 	Display Frame 2
109.3182 	EXP 	Display Frame 3
109.3515 	EXP 	Display Frame 4
109.3849 	EXP 	Display Frame 5
109.4182 	EXP 	Display Frame 6
109.4515 	EXP 	Display Frame 7
109.4849 	EXP 	Display Frame 8
109.5182 	EXP 	Display Frame 9
109.5516 	EXP 	Display Frame 0
109.5849 	EXP 	Display Frame 1
109.6182 	EXP 	Display Frame 2
109.6515 	EXP 	Display Frame 3
109.6849 	EXP 	Display Frame 4
109.7182 	EXP 	Display Frame 5
109.7516 	EXP 	Display Frame 6
109.7849 	EXP 	Display Frame 7
109.8182 	EXP 	Display Frame 8
109.8515 	EXP 	Display Frame 9
109.8849 	EXP 	Display Frame 0
109.9182 	EXP 	Display Frame 1
109.9516 	EXP 	Display Frame 2
109.9849 	EXP 	Display Frame 3
110.0182 	EXP 	Display Frame 4
110.0515 	EXP 	Display Frame 5
110.0849 	EXP 	Display Frame 6
110.1184 	EXP 	Display Frame 7
110.1515 	EXP 	Display Frame 8
110.1849 	EXP 	Display Frame 9
110.2182 	EXP 	Display Frame 0
110.2515 	EXP 	Display Frame 1
110.2849 	EXP 	Display Frame 2
110.3182 	EXP 	Display Frame 3
110.3515 	EXP 	Display Frame 4
110.3849 	EXP 	Display Frame 5
110.4182 	EXP 	Display Frame 6
110.4516 	EXP 	Display Frame 7
110.4849 	EXP 	Display Frame 8
110.5182 	EXP 	Display Frame 9
110.5515 	EXP 	Display Frame 0
110.5849 	EXP 	Display Frame 1
110.6182 	EXP 	Display Frame 2
110.6515 	EXP 	Display Frame 3
110.6848 	EXP 	Display Frame 4
110.7182 	EXP 	Display Frame 5
110.7515 	EXP 	Display Frame 6
110.7849 	EXP 	Display Frame 7
110.8182 	EXP 	Display Frame 8
110.8515 	EXP 	Display Frame 9
110.8849 	EXP 	Display Frame 0
110.9182 	EXP 	Display Frame 1
110.9516 	EXP 	Display Frame 2
110.9848 	EXP 	Display Frame 3
111.0182 	EXP 	Display Frame 4
111.0516 	EXP 	Display Frame 5
111.0849 	EXP 	Display Frame 6
111.1182 	EXP 	Display Frame 7
111.1515 	EXP 	Display Frame 8
111.1849 	EXP 	Display Frame 9
111.2182 	EXP 	Display Frame 0
111.2515 	EXP 	Display Frame 1
111.2849 	EXP 	Display Frame 2
111.3182 	EXP 	Display Frame 3
111.3515 	EXP 	Display Frame 4
111.3849 	EXP 	Display Frame 5
111.4182 	EXP 	Display Frame 6
111.4515 	EXP 	Display Frame 7
111.4849 	EXP 	Display Frame 8
111.5182 	EXP 	Display Frame 9
111.5516 	EXP 	Display Frame 0
111.5849 	EXP 	Display Frame 1
111.6182 	EXP 	Display Frame 2
111.6515 	EXP 	Display Frame 3
111.6849 	EXP 	Display Frame 4
111.7182 	EXP 	Display Frame 5
111.7515 	EXP 	Display Frame 6
111.7849 	EXP 	Display Frame 7
111.8182 	EXP 	Display Frame 8
111.8516 	EXP 	Display Frame 9
111.8849 	EXP 	Display Frame 0
111.9182 	EXP 	Display Frame 1
111.9515 	EXP 	Display Frame 2
111.9849 	EXP 	Display Frame 3
112.0182 	EXP 	Display Frame 4
112.0515 	EXP 	Display Frame 5
112.0849 	EXP 	Display Frame 6
112.1182 	EXP 	Display Frame 7
112.1515 	EXP 	Display Frame 8
112.1849 	EXP 	Display Frame 9
112.2182 	EXP 	Display Frame 0
112.2515 	EXP 	Display Frame 1
112.2849 	EXP 	Display Frame 2
112.3182 	EXP 	Display Frame 3
112.3515 	EXP 	Display Frame 4
112.3849 	EXP 	Display Frame 5
112.4182 	EXP 	Display Frame 6
112.4516 	EXP 	Display Frame 7
112.4849 	EXP 	Display Frame 8
112.5182 	EXP 	Display Frame 9
112.5515 	EXP 	Display Frame 0
112.5849 	EXP 	Display Frame 1
112.6182 	EXP 	Display Frame 2
112.6515 	EXP 	Display Frame 3
112.6849 	EXP 	Display Frame 4
112.7182 	EXP 	Display Frame 5
112.7515 	EXP 	Display Frame 6
112.7849 	EXP 	Display Frame 7
112.8182 	EXP 	Display Frame 8
112.8515 	EXP 	Display Frame 9
112.8849 	EXP 	Display Frame 0
112.9182 	EXP 	Display Frame 1
112.9515 	EXP 	Display Frame 2
112.9849 	EXP 	Display Frame 3
113.0182 	EXP 	Display Frame 4
113.0516 	EXP 	Display Frame 5
113.0849 	EXP 	Display Frame 6
113.1182 	EXP 	Display Frame 7
113.1515 	EXP 	Display Frame 8
113.1849 	EXP 	Display Frame 9
113.2182 	EXP 	Display Frame 0
113.2516 	EXP 	Display Frame 1
113.2849 	EXP 	Display Frame 2
113.3182 	EXP 	Display Frame 3
113.3516 	EXP 	Display Frame 4
113.3849 	EXP 	Display Frame 5
113.4182 	EXP 	Display Frame 6
113.4518 	EXP 	Display Frame 7
113.4849 	EXP 	Display Frame 8
113.5182 	EXP 	Display Frame 9
113.5515 	EXP 	Display Frame 0
113.5849 	EXP 	Display Frame 1
113.6182 	EXP 	Display Frame 2
113.6515 	EXP 	Display Frame 3
113.6849 	EXP 	Display Frame 4
113.7182 	EXP 	Display Frame 5
113.7515 	EXP 	Display Frame 6
113.7849 	EXP 	Display Frame 7
113.8182 	EXP 	Display Frame 8
113.8515 	EXP 	Display Frame 9
113.8849 	EXP 	Display Frame 0
113.9182 	EXP 	Display Frame 1
113.9515 	EXP 	Display Frame 2
113.9849 	EXP 	Display Frame 3
114.0182 	EXP 	Display Frame 4
114.0516 	DATA 	Keypress: equal
114.0526 	EXP 	Display Frame 5
114.0639 	EXP 	Display Fixation
119.2394 	DATA 	Keypress: equal
124.4322 	DATA 	Keypress: equal
129.6262 	DATA 	Keypress: equal
134.8204 	DATA 	Keypress: equal
140.0132 	DATA 	Keypress: equal
145.2073 	DATA 	Keypress: equal
145.2417 	EXP 	Display Frame 1
145.2749 	EXP 	Display Frame 2
145.3083 	EXP 	Display Frame 3
145.3417 	EXP 	Display Frame 4
145.3750 	EXP 	Display Frame 5
145.4082 	EXP 	Display Frame 6
145.4416 	EXP 	Display Frame 7
145.4749 	EXP 	Display Frame 8
145.5083 	EXP 	Display Frame 9
145.5416 	EXP 	Display Frame 0
145.5749 	EXP 	Display Frame 1
145.6082 	EXP 	Display Frame 2
145.6415 	EXP 	Display Frame 3
145.6749 	EXP 	Display Frame 4
145.7082 	EXP 	Display Frame 5
145.7415 	EXP 	Display Frame 6
145.7749 	EXP 	Display Frame 7
145.8082 	EXP 	Display Frame 8
145.8416 	EXP 	Display Frame 9
145.8749 	EXP 	Display Frame 0
145.9082 	EXP 	Display Frame 1
145.9416 	EXP 	Display Frame 2
145.9749 	EXP 	Display Frame 3
146.0082 	EXP 	Display Frame 4
146.0416 	EXP 	Display Frame 5
146.0749 	EXP 	Display Frame 6
146.1082 	EXP 	Display Frame 7
146.1415 	EXP 	Display Frame 8
146.1749 	EXP 	Display Frame 9
146.2082 	EXP 	Display Frame 0
146.2416 	EXP 	Display Frame 1
146.2749 	EXP 	Display Frame 2
146.3082 	EXP 	Display Frame 3
146.3416 	EXP 	Display Frame 4
146.3749 	EXP 	Display Frame 5
146.4082 	EXP 	Display Frame 6
146.4415 	EXP 	Display Frame 7
146.4749 	EXP 	Display Frame 8
146.5082 	EXP 	Display Frame 9
146.5416 	EXP 	Display Frame 0
146.5749 	EXP 	Display Frame 1
146.6082 	EXP 	Display Frame 2
146.6416 	EXP 	Display Frame 3
146.6749 	EXP 	Display Frame 4
146.7082 	EXP 	Display Frame 5
146.7415 	EXP 	Display Frame 6
146.7749 	EXP 	Display Frame 7
146.8082 	EXP 	Display Frame 8
146.8415 	EXP 	Display Frame 9
146.8749 	EXP 	Display Frame 0
146.9082 	EXP 	Display Frame 1
146.9415 	EXP 	Display Frame 2
146.9749 	EXP 	Display Frame 3
147.0082 	EXP 	Display Frame 4
147.0415 	EXP 	Display Frame 5
147.0762 	EXP 	Display Frame 6
147.1082 	EXP 	Display Frame 7
147.1416 	EXP 	Display Frame 8
147.1749 	EXP 	Display Frame 9
147.2082 	EXP 	Display Frame 0
147.2415 	EXP 	Display Frame 1
147.2749 	EXP 	Display Frame 2
147.3082 	EXP 	Display Frame 3
147.3415 	EXP 	Display Frame 4
147.3750 	EXP 	Display Frame 5
147.4082 	EXP 	Display Frame 6
147.4415 	EXP 	Display Frame 7
147.4749 	EXP 	Display Frame 8
147.5082 	EXP 	Display Frame 9
147.5415 	EXP 	Display Frame 0
147.5749 	EXP 	Display Frame 1
147.6091 	EXP 	Display Frame 2
147.6416 	EXP 	Display Frame 3
147.6749 	EXP 	Display Frame 4
147.7082 	EXP 	Display Frame 5
147.7416 	EXP 	Display Frame 6
147.7749 	EXP 	Display Frame 7
147.8082 	EXP 	Display Frame 8
147.8416 	EXP 	Display Frame 9
147.8749 	EXP 	Display Frame 0
147.9082 	EXP 	Display Frame 1
147.9415 	EXP 	Display Frame 2
147.9749 	EXP 	Display Frame 3
148.0082 	EXP 	Display Frame 4
148.0416 	EXP 	Display Frame 5
148.0749 	EXP 	Display Frame 6
148.1082 	EXP 	Display Frame 7
148.1415 	EXP 	Display Frame 8
148.1748 	EXP 	Display Frame 9
148.2082 	EXP 	Display Frame 0
148.2415 	EXP 	Display Frame 1
148.2749 	EXP 	Display Frame 2
148.3082 	EXP 	Display Frame 3
148.3415 	EXP 	Display Frame 4
148.3749 	EXP 	Display Frame 5
148.4082 	EXP 	Display Frame 6
148.4415 	EXP 	Display Frame 7
148.4749 	EXP 	Display Frame 8
148.5082 	EXP 	Display Frame 9
148.5415 	EXP 	Display Frame 0
148.5749 	EXP 	Display Frame 1
148.6082 	EXP 	Display Frame 2
148.6416 	EXP 	Display Frame 3
148.6749 	EXP 	Display Frame 4
148.7082 	EXP 	Display Frame 5
148.7415 	EXP 	Display Frame 6
148.7749 	EXP 	Display Frame 7
148.8082 	EXP 	Display Frame 8
148.8415 	EXP 	Display Frame 9
148.8749 	EXP 	Display Frame 0
148.9082 	EXP 	Display Frame 1
148.9416 	EXP 	Display Frame 2
148.9749 	EXP 	Display Frame 3
149.0082 	EXP 	Display Frame 4
149.0416 	EXP 	Display Frame 5
149.0749 	EXP 	Display Frame 6
149.1082 	EXP 	Display Frame 7
149.1415 	EXP 	Display Frame 8
149.1749 	EXP 	Display Frame 9
149.2082 	EXP 	Display Frame 0
149.2416 	EXP 	Display Frame 1
149.2749 	EXP 	Display Frame 2
149.3082 	EXP 	Display Frame 3
149.3415 	EXP 	Display Frame 4
149.3749 	EXP 	Display Frame 5
149.4082 	EXP 	Display Frame 6
149.4415 	EXP 	Display Frame 7
149.4749 	EXP 	Display Frame 8
149.5082 	EXP 	Display Frame 9
149.5415 	EXP 	Display Frame 0
149.5749 	EXP 	Display Frame 1
149.6082 	EXP 	Display Frame 2
149.6415 	EXP 	Display Frame 3
149.6749 	EXP 	Display Frame 4
149.7082 	EXP 	Display Frame 5
149.7415 	EXP 	Display Frame 6
149.7749 	EXP 	Display Frame 7
149.8082 	EXP 	Display Frame 8
149.8416 	EXP 	Display Frame 9
149.8749 	EXP 	Display Frame 0
149.9082 	EXP 	Display Frame 1
149.9415 	EXP 	Display Frame 2
149.9749 	EXP 	Display Frame 3
150.0082 	EXP 	Display Frame 4
150.0415 	EXP 	Display Frame 5
150.0749 	EXP 	Display Frame 6
150.1082 	EXP 	Display Frame 7
150.1416 	EXP 	Display Frame 8
150.1749 	EXP 	Display Frame 9
150.2082 	EXP 	Display Frame 0
150.2415 	EXP 	Display Frame 1
150.2749 	EXP 	Display Frame 2
150.3082 	EXP 	Display Frame 3
150.3415 	EXP 	Display Frame 4
150.3748 	EXP 	Display Frame 5
150.4083 	DATA 	Keypress: equal
150.4094 	EXP 	Display Frame 6
150.4416 	EXP 	Display Frame 7
150.4749 	EXP 	Display Frame 8
150.5082 	EXP 	Display Frame 9
150.5415 	EXP 	Display Frame 0
150.5749 	EXP 	Display Frame 1
150.6082 	EXP 	Display Frame 2
150.6416 	EXP 	Display Frame 3
150.6749 	EXP 	Display Frame 4
150.7082 	EXP 	Display Frame 5
150.7415 	EXP 	Display Frame 6
150.7749 	EXP 	Display Frame 7
150.8082 	EXP 	Display Frame 8
150.8415 	EXP 	Display Frame 9
150.8749 	EXP 	Display Frame 0
150.9082 	EXP 	Display Frame 1
150.9415 	EXP 	Display Frame 2
150.9751 	EXP 	Display Frame 3
151.0082 	EXP 	Display Frame 4
151.0416 	EXP 	Display Frame 5
151.0750 	EXP 	Display Frame 6
151.1082 	EXP 	Display Frame 7
151.1415 	EXP 	Display Frame 8
151.1749 	EXP 	Display Frame 9
151.2082 	EXP 	Display Frame 0
151.2416 	EXP 	Display Frame 1
151.2749 	EXP 	Display Frame 2
151.3082 	EXP 	Display Frame 3
151.3415 	EXP 	Display Frame 4
151.3749 	EXP 	Display Frame 5
151.4082 	EXP 	Display Frame 6
151.4415 	EXP 	Display Frame 7
151.4749 	EXP 	Display Frame 8
151.5082 	EXP 	Display Frame 9
151.5415 	EXP 	Display Frame 0
151.5749 	EXP 	Display Frame 1
151.6082 	EXP 	Display Frame 2
151.6415 	EXP 	Display Frame 3
151.6749 	EXP 	Display Frame 4
151.7082 	EXP 	Display Frame 5
151.7416 	EXP 	Display Frame 6
151.7749 	EXP 	Display Frame 7
151.8082 	EXP 	Display Frame 8
151.8416 	EXP 	Display Frame 9
151.8749 	EXP 	Display Frame 0
151.9082 	EXP 	Display Frame 1
151.9415 	EXP 	Display Frame 2
151.9749 	EXP 	Display Frame 3
152.0082 	EXP 	Display Frame 4
152.0415 	EXP 	Display Frame 5
152.0749 	EXP 	Display Frame 6
152.1082 	EXP 	Display Frame 7
152.1416 	EXP 	Display Frame 8
152.1748 	EXP 	Display Frame 9
152.2082 	EXP 	Display Frame 0
152.2416 	EXP 	Display Frame 1
152.2749 	EXP 	Display Frame 2
152.3082 	EXP 	Display Frame 3
152.3415 	EXP 	Display Frame 4
152.3749 	EXP 	Display Frame 5
152.4082 	EXP 	Display Frame 6
152.4416 	EXP 	Display Frame 7
152.4749 	EXP 	Display Frame 8
152.5082 	EXP 	Display Frame 9
152.5416 	EXP 	Display Frame 0
152.5749 	EXP 	Display Frame 1
152.6082 	EXP 	Display Frame 2
152.6416 	EXP 	Display Frame 3
152.6749 	EXP 	Display Frame 4
152.7083 	EXP 	Display Frame 5
152.7416 	EXP 	Display Frame 6
152.7749 	EXP 	Display Frame 7
152.8082 	EXP 	Display Frame 8
152.8415 	EXP 	Display Frame 9
152.8749 	EXP 	Display Frame 0
152.9082 	EXP 	Display Frame 1
152.9415 	EXP 	Display Frame 2
152.9748 	EXP 	Display Frame 3
153.0082 	EXP 	Display Frame 4
153.0415 	EXP 	Display Frame 5
153.0749 	EXP 	Display Frame 6
153.1082 	EXP 	Display Frame 7
153.1416 	EXP 	Display Frame 8
153.1748 	EXP 	Display Frame 9
153.2082 	EXP 	Display Frame 0
153.2415 	EXP 	Display Frame 1
153.2749 	EXP 	Display Frame 2
153.3082 	EXP 	Display Frame 3
153.3416 	EXP 	Display Frame 4
153.3749 	EXP 	Display Frame 5
153.4082 	EXP 	Display Frame 6
153.4415 	EXP 	Display Frame 7
153.4749 	EXP 	Display Frame 8
153.5082 	EXP 	Display Frame 9
153.5415 	EXP 	Display Frame 0
153.5749 	EXP 	Display Frame 1
153.6082 	EXP 	Display Frame 2
153.6416 	EXP 	Display Frame 3
153.6749 	EXP 	Display Frame 4
153.7082 	EXP 	Display Frame 5
153.7415 	EXP 	Display Frame 6
153.7749 	EXP 	Display Frame 7
153.8082 	EXP 	Display Frame 8
153.8415 	EXP 	Display Frame 9
153.8749 	EXP 	Display Frame 0
153.9082 	EXP 	Display Frame 1
153.9416 	EXP 	Display Frame 2
153.9749 	EXP 	Display Frame 3
154.0082 	EXP 	Display Frame 4
154.0416 	EXP 	Display Frame 5
154.0749 	EXP 	Display Frame 6
154.1082 	EXP 	Display Frame 7
154.1415 	EXP 	Display Frame 8
154.1749 	EXP 	Display Frame 9
154.2082 	EXP 	Display Frame 0
154.2415 	EXP 	Display Frame 1
154.2749 	EXP 	Display Frame 2
154.3082 	EXP 	Display Frame 3
154.3416 	EXP 	Display Frame 4
154.3749 	EXP 	Display Frame 5
154.4082 	EXP 	Display Frame 6
154.4415 	EXP 	Display Frame 7
154.4749 	EXP 	Display Frame 8
154.5082 	EXP 	Display Frame 9
154.5415 	EXP 	Display Frame 0
154.5749 	EXP 	Display Frame 1
154.6082 	EXP 	Display Frame 2
154.6416 	EXP 	Display Frame 3
154.6749 	EXP 	Display Frame 4
154.7082 	EXP 	Display Frame 5
154.7415 	EXP 	Display Frame 6
154.7749 	EXP 	Display Frame 7
154.8082 	EXP 	Display Frame 8
154.8415 	EXP 	Display Frame 9
154.8749 	EXP 	Display Frame 0
154.9082 	EXP 	Display Frame 1
154.9415 	EXP 	Display Frame 2
154.9749 	EXP 	Display Frame 3
155.0082 	EXP 	Display Frame 4
155.0415 	EXP 	Display Frame 5
155.0749 	EXP 	Display Frame 6
155.1082 	EXP 	Display Frame 7
155.1415 	EXP 	Display Frame 8
155.1749 	EXP 	Display Frame 9
155.2082 	EXP 	Display Frame 0
155.2416 	EXP 	Display Frame 1
155.2749 	EXP 	Display Frame 2
155.3082 	EXP 	Display Frame 3
155.3415 	EXP 	Display Frame 4
155.3749 	EXP 	Display Frame 5
155.4082 	EXP 	Display Frame 6
155.4416 	EXP 	Display Frame 7
155.4749 	EXP 	Display Frame 8
155.5082 	EXP 	Display Frame 9
155.5415 	EXP 	Display Frame 0
155.5752 	EXP 	Display Frame 1
155.6085 	DATA 	Keypress: equal
155.6097 	EXP 	Display Frame 2
155.6417 	EXP 	Display Frame 3
155.6749 	EXP 	Display Frame 4
155.7082 	EXP 	Display Frame 5
155.7416 	EXP 	Display Frame 6
155.7749 	EXP 	Display Frame 7
155.8082 	EXP 	Display Frame 8
155.8416 	EXP 	Display Frame 9
155.8749 	EXP 	Display Frame 0
155.9082 	EXP 	Display Frame 1
155.9416 	EXP 	Display Frame 2
155.9749 	EXP 	Display Frame 3
156.0082 	EXP 	Display Frame 4
156.0415 	EXP 	Display Frame 5
156.0749 	EXP 	Display Frame 6
156.1082 	EXP 	Display Frame 7
156.1416 	EXP 	Display Frame 8
156.1748 	EXP 	Display Frame 9
156.2083 	EXP 	Display Frame 0
156.2416 	EXP 	Display Frame 1
156.2749 	EXP 	Display Frame 2
156.3082 	EXP 	Display Frame 3
156.3415 	EXP 	Display Frame 4
156.3749 	EXP 	Display Frame 5
156.4082 	EXP 	Display Frame 6
156.4416 	EXP 	Display Frame 7
156.4749 	EXP 	Display Frame 8
156.5082 	EXP 	Display Frame 9
156.5415 	EXP 	Display Frame 0
156.5749 	EXP 	Display Frame 1
156.6082 	EXP 	Display Frame 2
156.6415 	EXP 	Display Frame 3
156.6749 	EXP 	Display Frame 4
156.7082 	EXP 	Display Frame 5
156.7419 	EXP 	Display Frame 6
156.7749 	EXP 	Display Frame 7
156.8083 	EXP 	Display Frame 8
156.8416 	EXP 	Display Frame 9
156.8749 	EXP 	Display Frame 0
156.9082 	EXP 	Display Frame 1
156.9415 	EXP 	Display Frame 2
156.9749 	EXP 	Display Frame 3
157.0082 	EXP 	Display Frame 4
157.0415 	EXP 	Display Frame 5
157.0749 	EXP 	Display Frame 6
157.1082 	EXP 	Display Frame 7
157.1415 	EXP 	Display Frame 8
157.1749 	EXP 	Display Frame 9
157.2082 	EXP 	Display Frame 0
157.2415 	EXP 	Display Frame 1
157.2749 	EXP 	Display Frame 2
157.3082 	EXP 	Display Frame 3
157.3415 	EXP 	Display Frame 4
157.3749 	EXP 	Display Frame 5
157.4082 	EXP 	Display Frame 6
157.4416 	EXP 	Display Frame 7
157.4749 	EXP 	Display Frame 8
157.5082 	EXP 	Display Frame 9
157.5415 	EXP 	Display Frame 0
157.5749 	EXP 	Display Frame 1
157.6082 	EXP 	Display Frame 2
157.6416 	EXP 	Display Frame 3
157.6749 	EXP 	Display Frame 4
157.7082 	EXP 	Display Frame 5
157.7416 	EXP 	Display Frame 6
157.7749 	EXP 	Display Frame 7
157.8082 	EXP 	Display Frame 8
157.8415 	EXP 	Display Frame 9
157.8749 	EXP 	Display Frame 0
157.9082 	EXP 	Display Frame 1
157.9416 	EXP 	Display Frame 2
157.9749 	EXP 	Display Frame 3
158.0082 	EXP 	Display Frame 4
158.0417 	EXP 	Display Frame 5
158.0748 	EXP 	Display Frame 6
158.1082 	EXP 	Display Frame 7
158.1415 	EXP 	Display Frame 8
158.1749 	EXP 	Display Frame 9
158.2082 	EXP 	Display Frame 0
158.2416 	EXP 	Display Frame 1
158.2749 	EXP 	Display Frame 2
158.3082 	EXP 	Display Frame 3
158.3416 	EXP 	Display Frame 4
158.3749 	EXP 	Display Frame 5
158.4082 	EXP 	Display Frame 6
158.4415 	EXP 	Display Frame 7
158.4749 	EXP 	Display Frame 8
158.5082 	EXP 	Display Frame 9
158.5416 	EXP 	Display Frame 0
158.5749 	EXP 	Display Frame 1
158.6082 	EXP 	Display Frame 2
158.6416 	EXP 	Display Frame 3
158.6749 	EXP 	Display Frame 4
158.7082 	EXP 	Display Frame 5
158.7415 	EXP 	Display Frame 6
158.7749 	EXP 	Display Frame 7
158.8082 	EXP 	Display Frame 8
158.8415 	EXP 	Display Frame 9
158.8749 	EXP 	Display Frame 0
158.9082 	EXP 	Display Frame 1
158.9415 	EXP 	Display Frame 2
158.9749 	EXP 	Display Frame 3
159.0082 	EXP 	Display Frame 4
159.0415 	EXP 	Display Frame 5
159.0749 	EXP 	Display Frame 6
159.1082 	EXP 	Display Frame 7
159.1415 	EXP 	Display Frame 8
159.1749 	EXP 	Display Frame 9
159.2082 	EXP 	Display Frame 0
159.2416 	EXP 	Display Frame 1
159.2749 	EXP 	Display Frame 2
159.3082 	EXP 	Display Frame 3
159.3416 	EXP 	Display Frame 4
159.3749 	EXP 	Display Frame 5
159.4082 	EXP 	Display Frame 6
159.4415 	EXP 	Display Frame 7
159.4749 	EXP 	Display Frame 8
159.5082 	EXP 	Display Frame 9
159.5416 	EXP 	Display Frame 0
159.5749 	EXP 	Display Frame 1
159.6082 	EXP 	Display Frame 2
159.6416 	EXP 	Display Frame 3
159.6749 	EXP 	Display Frame 4
159.7082 	EXP 	Display Frame 5
159.7416 	EXP 	Display Frame 6
159.7749 	EXP 	Display Frame 7
159.8082 	EXP 	Display Frame 8
159.8415 	EXP 	Display Frame 9
159.8749 	EXP 	Display Frame 0
159.9082 	EXP 	Display Frame 1
159.9416 	EXP 	Display Frame 2
159.9748 	EXP 	Display Frame 3
160.0082 	EXP 	Display Frame 4
160.0415 	EXP 	Display Frame 5
160.0749 	EXP 	Display Frame 6
160.1082 	EXP 	Display Frame 7
160.1415 	EXP 	Display Frame 8
160.1749 	EXP 	Display Frame 9
160.2082 	EXP 	Display Frame 0
160.2416 	EXP 	Display Frame 1
160.2749 	EXP 	Display Frame 2
160.3082 	EXP 	Display Frame 3
160.3415 	EXP 	Display Frame 4
160.3748 	EXP 	Display Frame 5
160.4082 	EXP 	Display Frame 6
160.4415 	EXP 	Display Frame 7
160.4749 	EXP 	Display Frame 8
160.5082 	EXP 	Display Frame 9
160.5415 	EXP 	Display Frame 0
160.5749 	EXP 	Display Frame 1
160.6082 	EXP 	Display Frame 2
160.6416 	EXP 	Display Frame 3
160.6748 	EXP 	Display Frame 4
160.7082 	EXP 	Display Frame 5
160.7415 	EXP 	Display Frame 6
160.7749 	EXP 	Display Frame 7
160.8083 	DATA 	Keypress: equal
160.8094 	EXP 	Display Frame 8
160.8415 	EXP 	Display Frame 9
160.8749 	EXP 	Display Frame 0
160.9082 	EXP 	Display Frame 1
160.9416 	EXP 	Display Frame 2
160.9749 	EXP 	Display Frame 3
161.0082 	EXP 	Display Frame 4
161.0415 	EXP 	Display Frame 5
161.0749 	EXP 	Display Frame 6
161.1082 	EXP 	Display Frame 7
161.1416 	EXP 	Display Frame 8
161.1749 	EXP 	Display Frame 9
161.2082 	EXP 	Display Frame 0
161.2416 	EXP 	Display Frame 1
161.2749 	EXP 	Display Frame 2
161.3082 	EXP 	Display Frame 3
161.3415 	EXP 	Display Frame 4
161.3749 	EXP 	Display Frame 5
161.4082 	EXP 	Display Frame 6
161.4415 	EXP 	Display Frame 7
161.4749 	EXP 	Display Frame 8
161.5082 	EXP 	Display Frame 9
161.5415 	EXP 	Display Frame 0
161.5749 	EXP 	Display Frame 1
161.6082 	EXP 	Display Frame 2
161.6415 	EXP 	Display Frame 3
161.6749 	EXP 	Display Frame 4
161.7082 	EXP 	Display Frame 5
161.7416 	EXP 	Display Frame 6
161.7749 	EXP 	Display Frame 7
161.8082 	EXP 	Display Frame 8
161.8415 	EXP 	Display Frame 9
161.8749 	EXP 	Display Frame 0
161.9082 	EXP 	Display Frame 1
161.9415 	EXP 	Display Frame 2
161.9749 	EXP 	Display Frame 3
162.0082 	EXP 	Display Frame 4
162.0416 	EXP 	Display Frame 5
162.0749 	EXP 	Display Frame 6
162.1082 	EXP 	Display Frame 7
162.1415 	EXP 	Display Frame 8
162.1749 	EXP 	Display Frame 9
162.2082 	EXP 	Display Frame 0
162.2415 	EXP 	Display Frame 1
162.2749 	EXP 	Display Frame 2
162.3082 	EXP 	Display Frame 3
162.3415 	EXP 	Display Frame 4
162.3749 	EXP 	Display Frame 5
162.4082 	EXP 	Display Frame 6
162.4415 	EXP 	Display Frame 7
162.4749 	EXP 	Display Frame 8
162.5084 	EXP 	Display Frame 9
162.5416 	EXP 	Display Frame 0
162.5749 	EXP 	Display Frame 1
162.6082 	EXP 	Display Frame 2
162.6416 	EXP 	Display Frame 3
162.6749 	EXP 	Display Frame 4
162.7082 	EXP 	Display Frame 5
162.7415 	EXP 	Display Frame 6
162.7749 	EXP 	Display Frame 7
162.8082 	EXP 	Display Frame 8
162.8415 	EXP 	Display Frame 9
162.8750 	EXP 	Display Frame 0
162.9082 	EXP 	Display Frame 1
162.9416 	EXP 	Display Frame 2
162.9749 	EXP 	Display Frame 3
163.0082 	EXP 	Display Frame 4
163.0415 	EXP 	Display Frame 5
163.0749 	EXP 	Display Frame 6
163.1082 	EXP 	Display Frame 7
163.1415 	EXP 	Display Frame 8
163.1749 	EXP 	Display Frame 9
163.2082 	EXP 	Display Frame 0
163.2416 	EXP 	Display Frame 1
163.2749 	EXP 	Display Frame 2
163.3082 	EXP 	Display Frame 3
163.3415 	EXP 	Display Frame 4
163.3750 	EXP 	Display Frame 5
163.4082 	EXP 	Display Frame 6
163.4415 	EXP 	Display Frame 7
163.4749 	EXP 	Display Frame 8
163.5082 	EXP 	Display Frame 9
163.5415 	EXP 	Display Frame 0
163.5749 	EXP 	Display Frame 1
163.6082 	EXP 	Display Frame 2
163.6415 	EXP 	Display Frame 3
163.6749 	EXP 	Display Frame 4
163.7082 	EXP 	Display Frame 5
163.7415 	EXP 	Display Frame 6
163.7749 	EXP 	Display Frame 7
163.8082 	EXP 	Display Frame 8
163.8415 	EXP 	Display Frame 9
163.8749 	EXP 	Display Frame 0
163.9082 	EXP 	Display Frame 1
163.9415 	EXP 	Display Frame 2
163.9749 	EXP 	Display Frame 3
164.0082 	EXP 	Display Frame 4
164.0415 	EXP 	Display Frame 5
164.0749 	EXP 	Display Frame 6
164.1082 	EXP 	Display Frame 7
164.1415 	EXP 	Display Frame 8
164.1749 	EXP 	Display Frame 9
164.2082 	EXP 	Display Frame 0
164.2415 	EXP 	Display Frame 1
164.2749 	EXP 	Display Frame 2
164.3082 	EXP 	Display Frame 3
164.3416 	EXP 	Display Frame 4
164.3749 	EXP 	Display Frame 5
164.4082 	EXP 	Display Frame 6
164.4415 	EXP 	Display Frame 7
164.4749 	EXP 	Display Frame 8
164.5082 	EXP 	Display Frame 9
164.5415 	EXP 	Display Frame 0
164.5749 	EXP 	Display Frame 1
164.6082 	EXP 	Display Frame 2
164.6416 	EXP 	Display Frame 3
164.6749 	EXP 	Display Frame 4
164.7099 	EXP 	Display Frame 5
164.7416 	EXP 	Display Frame 6
164.7749 	EXP 	Display Frame 7
164.8082 	EXP 	Display Frame 8
164.8415 	EXP 	Display Frame 9
164.8749 	EXP 	Display Frame 0
164.9082 	EXP 	Display Frame 1
164.9416 	EXP 	Display Frame 2
164.9749 	EXP 	Display Frame 3
165.0082 	EXP 	Display Frame 4
165.0415 	EXP 	Display Frame 5
165.0749 	EXP 	Display Frame 6
165.1082 	EXP 	Display Frame 7
165.1415 	EXP 	Display Frame 8
165.1749 	EXP 	Display Frame 9
165.2082 	EXP 	Display Frame 0
165.2415 	EXP 	Display Frame 1
165.2749 	EXP 	Display Frame 2
165.3082 	EXP 	Display Frame 3
165.3415 	EXP 	Display Frame 4
165.3749 	EXP 	Display Frame 5
165.4082 	EXP 	Display Frame 6
165.4415 	EXP 	Display Frame 7
165.4749 	EXP 	Display Frame 8
165.5082 	EXP 	Display Frame 9
165.5416 	EXP 	Display Frame 0
165.5749 	EXP 	Display Frame 1
165.6082 	EXP 	Display Frame 2
165.6415 	EXP 	Display Frame 3
165.6749 	EXP 	Display Frame 4
165.7082 	EXP 	Display Frame 5
165.7416 	EXP 	Display Frame 6
165.7749 	EXP 	Display Frame 7
165.8082 	EXP 	Display Frame 8
165.8416 	EXP 	Display Frame 9
165.8749 	EXP 	Display Frame 0
165.9082 	EXP 	Display Frame 1
165.9415 	EXP 	Display Frame 2
165.9749 	EXP 	Display Frame 3
166.0083 	DATA 	Keypress: equal
166.0094 	EXP 	Display Frame 4
166.0416 	EXP 	Display Frame 5
166.0749 	EXP 	Display Frame 6
166.1082 	EXP 	Display Frame 7
166.1416 	EXP 	Display Frame 8
166.1749 	EXP 	Display Frame 9
166.2082 	EXP 	Display Frame 0
166.2415 	EXP 	Display Frame 1
166.2749 	EXP 	Display Frame 2
166.3082 	EXP 	Display Frame 3
166.3415 	EXP 	Display Frame 4
166.3749 	EXP 	Display Frame 5
166.4082 	EXP 	Display Frame 6
166.4416 	EXP 	Display Frame 7
166.4748 	EXP 	Display Frame 8
166.5082 	EXP 	Display Frame 9
166.5415 	EXP 	Display Frame 0
166.5749 	EXP 	Display Frame 1
166.6082 	EXP 	Display Frame 2
166.6415 	EXP 	Display Frame 3
166.6749 	EXP 	Display Frame 4
166.7082 	EXP 	Display Frame 5
166.7416 	EXP 	Display Frame 6
166.7749 	EXP 	Display Frame 7
166.8082 	EXP 	Display Frame 8
166.8415 	EXP 	Display Frame 9
166.8749 	EXP 	Display Frame 0
166.9082 	EXP 	Display Frame 1
166.9415 	EXP 	Display Frame 2
166.9748 	EXP 	Display Frame 3
167.0084 	EXP 	Display Frame 4
167.0418 	EXP 	Display Frame 5
167.0751 	EXP 	Display Frame 6
167.1083 	EXP 	Display Frame 7
167.1415 	EXP 	Display Frame 8
167.1749 	EXP 	Display Frame 9
167.2082 	EXP 	Display Frame 0
167.2416 	EXP 	Display Frame 1
167.2749 	EXP 	Display Frame 2
167.3082 	EXP 	Display Frame 3
167.3416 	EXP 	Display Frame 4
167.3749 	EXP 	Display Frame 5
167.4082 	EXP 	Display Frame 6
167.4415 	EXP 	Display Frame 7
167.4749 	EXP 	Display Frame 8
167.5082 	EXP 	Display Frame 9
167.5416 	EXP 	Display Frame 0
167.5749 	EXP 	Display Frame 1
167.6082 	EXP 	Display Frame 2
167.6415 	EXP 	Display Frame 3
167.6749 	EXP 	Display Frame 4
167.7082 	EXP 	Display Frame 5
167.7415 	EXP 	Display Frame 6
167.7749 	EXP 	Display Frame 7
167.8082 	EXP 	Display Frame 8
167.8415 	EXP 	Display Frame 9
167.8749 	EXP 	Display Frame 0
167.9082 	EXP 	Display Frame 1
167.9415 	EXP 	Display Frame 2
167.9749 	EXP 	Display Frame 3
168.0082 	EXP 	Display Frame 4
168.0415 	EXP 	Display Frame 5
168.0749 	EXP 	Display Frame 6
168.1082 	EXP 	Display Frame 7
168.1415 	EXP 	Display Frame 8
168.1749 	EXP 	Display Frame 9
168.2082 	EXP 	Display Frame 0
168.2415 	EXP 	Display Frame 1
168.2753 	EXP 	Display Frame 2
168.3082 	EXP 	Display Frame 3
168.3415 	EXP 	Display Frame 4
168.3749 	EXP 	Display Frame 5
168.4082 	EXP 	Display Frame 6
168.4416 	EXP 	Display Frame 7
168.4749 	EXP 	Display Frame 8
168.5082 	EXP 	Display Frame 9
168.5416 	EXP 	Display Frame 0
168.5749 	EXP 	Display Frame 1
168.6082 	EXP 	Display Frame 2
168.6415 	EXP 	Display Frame 3
168.6749 	EXP 	Display Frame 4
168.7084 	EXP 	Display Frame 5
168.7415 	EXP 	Display Frame 6
168.7749 	EXP 	Display Frame 7
168.8082 	EXP 	Display Frame 8
168.8415 	EXP 	Display Frame 9
168.8749 	EXP 	Display Frame 0
168.9082 	EXP 	Display Frame 1
168.9415 	EXP 	Display Frame 2
168.9749 	EXP 	Display Frame 3
169.0082 	EXP 	Display Frame 4
169.0416 	EXP 	Display Frame 5
169.0753 	EXP 	Display Frame 6
169.1086 	EXP 	Display Frame 7
169.1420 	EXP 	Display Frame 8
169.1749 	EXP 	Display Frame 9
169.2082 	EXP 	Display Frame 0
169.2416 	EXP 	Display Frame 1
169.2749 	EXP 	Display Frame 2
169.3083 	EXP 	Display Frame 3
169.3415 	EXP 	Display Frame 4
169.3749 	EXP 	Display Frame 5
169.4082 	EXP 	Display Frame 6
169.4416 	EXP 	Display Frame 7
169.4749 	EXP 	Display Frame 8
169.5082 	EXP 	Display Frame 9
169.5415 	EXP 	Display Frame 0
169.5749 	EXP 	Display Frame 1
169.6082 	EXP 	Display Frame 2
169.6415 	EXP 	Display Frame 3
169.6749 	EXP 	Display Frame 4
169.7082 	EXP 	Display Frame 5
169.7415 	EXP 	Display Frame 6
169.7749 	EXP 	Display Frame 7
169.8082 	EXP 	Display Frame 8
169.8415 	EXP 	Display Frame 9
169.8749 	EXP 	Display Frame 0
169.9082 	EXP 	Display Frame 1
169.9415 	EXP 	Display Frame 2
169.9749 	EXP 	Display Frame 3
170.0082 	EXP 	Display Frame 4
170.0416 	EXP 	Display Frame 5
170.0749 	EXP 	Display Frame 6
170.1082 	EXP 	Display Frame 7
170.1415 	EXP 	Display Frame 8
170.1749 	EXP 	Display Frame 9
170.2082 	EXP 	Display Frame 0
170.2415 	EXP 	Display Frame 1
170.2749 	EXP 	Display Frame 2
170.3082 	EXP 	Display Frame 3
170.3415 	EXP 	Display Frame 4
170.3749 	EXP 	Display Frame 5
170.4082 	EXP 	Display Frame 6
170.4416 	EXP 	Display Frame 7
170.4749 	EXP 	Display Frame 8
170.5083 	EXP 	Display Frame 9
170.5415 	EXP 	Display Frame 0
170.5749 	EXP 	Display Frame 1
170.6082 	EXP 	Display Frame 2
170.6415 	EXP 	Display Frame 3
170.6749 	EXP 	Display Frame 4
170.7082 	EXP 	Display Frame 5
170.7415 	EXP 	Display Frame 6
170.7749 	EXP 	Display Frame 7
170.8082 	EXP 	Display Frame 8
170.8415 	EXP 	Display Frame 9
170.8749 	EXP 	Display Frame 0
170.9082 	EXP 	Display Frame 1
170.9416 	EXP 	Display Frame 2
170.9749 	EXP 	Display Frame 3
171.0082 	EXP 	Display Frame 4
171.0416 	EXP 	Display Frame 5
171.0749 	EXP 	Display Frame 6
171.1082 	EXP 	Display Frame 7
171.1415 	EXP 	Display Frame 8
171.1749 	EXP 	Display Frame 9
171.1757 	DATA 	Keypress: equal
171.2082 	EXP 	Display Frame 0
171.2416 	EXP 	Display Frame 1
171.2749 	EXP 	Display Frame 2
171.3082 	EXP 	Display Frame 3
171.3416 	EXP 	Display Frame 4
171.3749 	EXP 	Display Frame 5
171.4082 	EXP 	Display Frame 6
171.4416 	EXP 	Display Frame 7
171.4749 	EXP 	Display Frame 8
171.5082 	EXP 	Display Frame 9
171.5416 	EXP 	Display Frame 0
171.5749 	EXP 	Display Frame 1
171.6082 	EXP 	Display Frame 2
171.6415 	EXP 	Display Frame 3
171.6748 	EXP 	Display Frame 4
171.7082 	EXP 	Display Frame 5
171.7415 	EXP 	Display Frame 6
171.7749 	EXP 	Display Frame 7
171.8082 	EXP 	Display Frame 8
171.8416 	EXP 	Display Frame 9
171.8749 	EXP 	Display Frame 0
171.9082 	EXP 	Display Frame 1
171.9415 	EXP 	Display Frame 2
171.9749 	EXP 	Display Frame 3
172.0082 	EXP 	Display Frame 4
172.0415 	EXP 	Display Frame 5
172.0749 	EXP 	Display Frame 6
172.1082 	EXP 	Display Frame 7
172.1415 	EXP 	Display Frame 8
172.1749 	EXP 	Display Frame 9
172.2082 	EXP 	Display Frame 0
172.2416 	EXP 	Display Frame 1
172.2749 	EXP 	Display Frame 2
172.3082 	EXP 	Display Frame 3
172.3415 	EXP 	Display Frame 4
172.3749 	EXP 	Display Frame 5
172.4082 	EXP 	Display Frame 6
172.4416 	EXP 	Display Frame 7
172.4748 	EXP 	Display Frame 8
172.5082 	EXP 	Display Frame 9
172.5415 	EXP 	Display Frame 0
172.5749 	EXP 	Display Frame 1
172.6082 	EXP 	Display Frame 2
172.6415 	EXP 	Display Frame 3
172.6749 	EXP 	Display Frame 4
172.7082 	EXP 	Display Frame 5
172.7416 	EXP 	Display Frame 6
172.7749 	EXP 	Display Frame 7
172.8082 	EXP 	Display Frame 8
172.8415 	EXP 	Display Frame 9
172.8749 	EXP 	Display Frame 0
172.9082 	EXP 	Display Frame 1
172.9415 	EXP 	Display Frame 2
172.9749 	EXP 	Display Frame 3
173.0082 	EXP 	Display Frame 4
173.0416 	EXP 	Display Frame 5
173.0749 	EXP 	Display Frame 6
173.1082 	EXP 	Display Frame 7
173.1416 	EXP 	Display Frame 8
173.1748 	EXP 	Display Frame 9
173.2082 	EXP 	Display Frame 0
173.2416 	EXP 	Display Frame 1
173.2749 	EXP 	Display Frame 2
173.3082 	EXP 	Display Frame 3
173.3415 	EXP 	Display Frame 4
173.3749 	EXP 	Display Frame 5
173.4082 	EXP 	Display Frame 6
173.4416 	EXP 	Display Frame 7
173.4749 	EXP 	Display Frame 8
173.5082 	EXP 	Display Frame 9
173.5415 	EXP 	Display Frame 0
173.5748 	EXP 	Display Frame 1
173.6082 	EXP 	Display Frame 2
173.6415 	EXP 	Display Frame 3
173.6749 	EXP 	Display Frame 4
173.7082 	EXP 	Display Frame 5
173.7416 	EXP 	Display Frame 6
173.7749 	EXP 	Display Frame 7
173.8082 	EXP 	Display Frame 8
173.8415 	EXP 	Display Frame 9
173.8749 	EXP 	Display Frame 0
173.9082 	EXP 	Display Frame 1
173.9415 	EXP 	Display Frame 2
173.9749 	EXP 	Display Frame 3
174.0082 	EXP 	Display Frame 4
174.0419 	EXP 	Display Frame 5
174.0749 	EXP 	Display Frame 6
174.1083 	EXP 	Display Frame 7
174.1416 	EXP 	Display Frame 8
174.1749 	EXP 	Display Frame 9
174.2083 	EXP 	Display Frame 0
174.2415 	EXP 	Display Frame 1
174.2749 	EXP 	Display Frame 2
174.3082 	EXP 	Display Frame 3
174.3416 	EXP 	Display Frame 4
174.3749 	EXP 	Display Frame 5
174.4082 	EXP 	Display Frame 6
174.4416 	EXP 	Display Frame 7
174.4748 	EXP 	Display Frame 8
174.5090 	EXP 	Display Frame 9
174.5415 	EXP 	Display Frame 0
174.5749 	EXP 	Display Frame 1
174.6082 	EXP 	Display Frame 2
174.6415 	EXP 	Display Frame 3
174.6749 	EXP 	Display Frame 4
174.7082 	EXP 	Display Frame 5
174.7415 	EXP 	Display Frame 6
174.7749 	EXP 	Display Frame 7
174.8082 	EXP 	Display Frame 8
174.8415 	EXP 	Display Frame 9
174.8749 	EXP 	Display Frame 0
174.9082 	EXP 	Display Frame 1
174.9415 	EXP 	Display Frame 2
174.9749 	EXP 	Display Frame 3
175.0082 	EXP 	Display Frame 4
175.0415 	EXP 	Display Frame 5
175.0749 	EXP 	Display Frame 6
175.1082 	EXP 	Display Frame 7
175.1415 	EXP 	Display Frame 8
175.1749 	EXP 	Display Frame 9
175.2082 	EXP 	Display Frame 0
175.2415 	EXP 	Display Frame 1
175.2749 	EXP 	Display Frame 2
175.3082 	EXP 	Display Frame 3
175.3415 	EXP 	Display Frame 4
175.3749 	EXP 	Display Frame 5
175.4082 	EXP 	Display Frame 6
175.4415 	EXP 	Display Frame 7
175.4749 	EXP 	Display Frame 8
175.5082 	EXP 	Display Frame 9
175.5415 	EXP 	Display Frame 0
175.5749 	EXP 	Display Frame 1
175.6082 	EXP 	Display Frame 2
175.6415 	EXP 	Display Frame 3
175.6748 	EXP 	Display Frame 4
175.7082 	EXP 	Display Frame 5
175.7415 	EXP 	Display Frame 6
175.7749 	EXP 	Display Frame 7
175.8082 	EXP 	Display Frame 8
175.8415 	EXP 	Display Frame 9
175.8749 	EXP 	Display Frame 0
175.9082 	EXP 	Display Frame 1
175.9416 	EXP 	Display Frame 2
175.9749 	EXP 	Display Frame 3
176.0082 	EXP 	Display Frame 4
176.0415 	EXP 	Display Frame 5
176.0749 	EXP 	Display Frame 6
176.1082 	EXP 	Display Frame 7
176.1415 	EXP 	Display Frame 8
176.1749 	EXP 	Display Frame 9
176.2082 	EXP 	Display Frame 0
176.2415 	EXP 	Display Frame 1
176.2749 	EXP 	Display Frame 2
176.3082 	EXP 	Display Frame 3
176.3415 	EXP 	Display Frame 4
176.3750 	DATA 	Keypress: equal
176.3761 	EXP 	Display Frame 5
176.3809 	EXP 	Display Fixation
181.5626 	DATA 	Keypress: equal
186.7557 	DATA 	Keypress: equal
191.9499 	DATA 	Keypress: equal
197.1426 	DATA 	Keypress: equal
202.3358 	DATA 	Keypress: equal
207.5297 	DATA 	Keypress: equal
207.5641 	EXP 	Display Frame 1
207.5974 	EXP 	Display Frame 2
207.6307 	EXP 	Display Frame 3
207.6641 	EXP 	Display Frame 4
207.6974 	EXP 	Display Frame 5
207.7307 	EXP 	Display Frame 6
207.7640 	EXP 	Display Frame 7
207.7974 	EXP 	Display Frame 8
207.8307 	EXP 	Display Frame 9
207.8641 	EXP 	Display Frame 0
207.8974 	EXP 	Display Frame 1
207.9307 	EXP 	Display Frame 2
207.9641 	EXP 	Display Frame 3
207.9974 	EXP 	Display Frame 4
208.0307 	EXP 	Display Frame 5
208.0640 	EXP 	Display Frame 6
208.0973 	EXP 	Display Frame 7
208.1307 	EXP 	Display Frame 8
208.1640 	EXP 	Display Frame 9
208.1974 	EXP 	Display Frame 0
208.2307 	EXP 	Display Frame 1
208.2640 	EXP 	Display Frame 2
208.2974 	EXP 	Display Frame 3
208.3307 	EXP 	Display Frame 4
208.3640 	EXP 	Display Frame 5
208.3974 	EXP 	Display Frame 6
208.4307 	EXP 	Display Frame 7
208.4640 	EXP 	Display Frame 8
208.4974 	EXP 	Display Frame 9
208.5307 	EXP 	Display Frame 0
208.5640 	EXP 	Display Frame 1
208.5973 	EXP 	Display Frame 2
208.6307 	EXP 	Display Frame 3
208.6640 	EXP 	Display Frame 4
208.6973 	EXP 	Display Frame 5
208.7307 	EXP 	Display Frame 6
208.7640 	EXP 	Display Frame 7
208.7974 	EXP 	Display Frame 8
208.8307 	EXP 	Display Frame 9
208.8640 	EXP 	Display Frame 0
208.8973 	EXP 	Display Frame 1
208.9307 	EXP 	Display Frame 2
208.9640 	EXP 	Display Frame 3
208.9974 	EXP 	Display Frame 4
209.0307 	EXP 	Display Frame 5
209.0640 	EXP 	Display Frame 6
209.0973 	EXP 	Display Frame 7
209.1307 	EXP 	Display Frame 8
209.1640 	EXP 	Display Frame 9
209.1973 	EXP 	Display Frame 0
209.2307 	EXP 	Display Frame 1
209.2640 	EXP 	Display Frame 2
209.2973 	EXP 	Display Frame 3
209.3307 	EXP 	Display Frame 4
209.3640 	EXP 	Display Frame 5
209.3974 	EXP 	Display Frame 6
209.4307 	EXP 	Display Frame 7
209.4640 	EXP 	Display Frame 8
209.4974 	EXP 	Display Frame 9
209.5307 	EXP 	Display Frame 0
209.5640 	EXP 	Display Frame 1
209.5974 	EXP 	Display Frame 2
209.6307 	EXP 	Display Frame 3
209.6640 	EXP 	Display Frame 4
209.6974 	EXP 	Display Frame 5
209.7307 	EXP 	Display Frame 6
209.7640 	EXP 	Display Frame 7
209.7976 	EXP 	Display Frame 8
209.8307 	EXP 	Display Frame 9
209.8640 	EXP 	Display Frame 0
209.8974 	EXP 	Display Frame 1
209.9307 	EXP 	Display Frame 2
209.9640 	EXP 	Display Frame 3
209.9974 	EXP 	Display Frame 4
210.0307 	EXP 	Display Frame 5
210.0640 	EXP 	Display Frame 6
210.0973 	EXP 	Display Frame 7
210.1307 	EXP 	Display Frame 8
210.1640 	EXP 	Display Frame 9
210.1973 	EXP 	Display Frame 0
210.2307 	EXP 	Display Frame 1
210.2640 	EXP 	Display Frame 2
210.2974 	EXP 	Display Frame 3
210.3307 	EXP 	Display Frame 4
210.3640 	EXP 	Display Frame 5
210.3973 	EXP 	Display Frame 6
210.4307 	EXP 	Display Frame 7
210.4640 	EXP 	Display Frame 8
210.4974 	EXP 	Display Frame 9
210.5307 	EXP 	Display Frame 0
210.5640 	EXP 	Display Frame 1
210.5974 	EXP 	Display Frame 2
210.6307 	EXP 	Display Frame 3
210.6640 	EXP 	Display Frame 4
210.6973 	EXP 	Display Frame 5
210.7306 	EXP 	Display Frame 6
210.7640 	EXP 	Display Frame 7
210.7974 	EXP 	Display Frame 8
210.8309 	EXP 	Display Frame 9
210.8640 	EXP 	Display Frame 0
210.8973 	EXP 	Display Frame 1
210.9307 	EXP 	Display Frame 2
210.9640 	EXP 	Display Frame 3
210.9974 	EXP 	Display Frame 4
211.0307 	EXP 	Display Frame 5
211.0640 	EXP 	Display Frame 6
211.0974 	EXP 	Display Frame 7
211.1307 	EXP 	Display Frame 8
211.1640 	EXP 	Display Frame 9
211.1973 	EXP 	Display Frame 0
211.2307 	EXP 	Display Frame 1
211.2641 	EXP 	Display Frame 2
211.2974 	EXP 	Display Frame 3
211.3309 	EXP 	Display Frame 4
211.3640 	EXP 	Display Frame 5
211.3974 	EXP 	Display Frame 6
211.4307 	EXP 	Display Frame 7
211.4640 	EXP 	Display Frame 8
211.4974 	EXP 	Display Frame 9
211.5307 	EXP 	Display Frame 0
211.5640 	EXP 	Display Frame 1
211.5973 	EXP 	Display Frame 2
211.6307 	EXP 	Display Frame 3
211.6640 	EXP 	Display Frame 4
211.6973 	EXP 	Display Frame 5
211.7307 	EXP 	Display Frame 6
211.7640 	EXP 	Display Frame 7
211.7974 	EXP 	Display Frame 8
211.8307 	EXP 	Display Frame 9
211.8640 	EXP 	Display Frame 0
211.8973 	EXP 	Display Frame 1
211.9307 	EXP 	Display Frame 2
211.9640 	EXP 	Display Frame 3
211.9973 	EXP 	Display Frame 4
212.0307 	EXP 	Display Frame 5
212.0640 	EXP 	Display Frame 6
212.0974 	EXP 	Display Frame 7
212.1307 	EXP 	Display Frame 8
212.1640 	EXP 	Display Frame 9
212.1973 	EXP 	Display Frame 0
212.2307 	EXP 	Display Frame 1
212.2640 	EXP 	Display Frame 2
212.2974 	EXP 	Display Frame 3
212.3307 	EXP 	Display Frame 4
212.3640 	EXP 	Display Frame 5
212.3974 	EXP 	Display Frame 6
212.4307 	EXP 	Display Frame 7
212.4640 	EXP 	Display Frame 8
212.4973 	EXP 	Display Frame 9
212.5307 	EXP 	Display Frame 0
212.5640 	EXP 	Display Frame 1
212.5974 	EXP 	Display Frame 2
212.6307 	EXP 	Display Frame 3
212.6640 	EXP 	Display Frame 4
212.6973 	EXP 	Display Frame 5
212.7308 	DATA 	Keypress: equal
212.7319 	EXP 	Display Frame 6
212.7640 	EXP 	Display Frame 7
212.7973 	EXP 	Display Frame 8
212.8307 	EXP 	Display Frame 9
212.8640 	EXP 	Display Frame 0
212.8974 	EXP 	Display Frame 1
212.9307 	EXP 	Display Frame 2
212.9640 	EXP 	Display Frame 3
212.9974 	EXP 	Display Frame 4
213.0307 	EXP 	Display Frame 5
213.0640 	EXP 	Display Frame 6
213.0973 	EXP 	Display Frame 7
213.1307 	EXP 	Display Frame 8
213.1640 	EXP 	Display Frame 9
213.1974 	EXP 	Display Frame 0
213.2307 	EXP 	Display Frame 1
213.2640 	EXP 	Display Frame 2
213.2973 	EXP 	Display Frame 3
213.3307 	EXP 	Display Frame 4
213.3640 	EXP 	Display Frame 5
213.3973 	EXP 	Display Frame 6
213.4307 	EXP 	Display Frame 7
213.4640 	EXP 	Display Frame 8
213.4973 	EXP 	Display Frame 9
213.5307 	EXP 	Display Frame 0
213.5640 	EXP 	Display Frame 1
213.5973 	EXP 	Display Frame 2
213.6307 	EXP 	Display Frame 3
213.6640 	EXP 	Display Frame 4
213.6974 	EXP 	Display Frame 5
213.7307 	EXP 	Display Frame 6
213.7640 	EXP 	Display Frame 7
213.7974 	EXP 	Display Frame 8
213.8307 	EXP 	Display Frame 9
213.8640 	EXP 	Display Frame 0
213.8974 	EXP 	Display Frame 1
213.9307 	EXP 	Display Frame 2
213.9640 	EXP 	Display Frame 3
213.9974 	EXP 	Display Frame 4
214.0307 	EXP 	Display Frame 5
214.0640 	EXP 	Display Frame 6
214.0974 	EXP 	Display Frame 7
214.1307 	EXP 	Display Frame 8
214.1640 	EXP 	Display Frame 9
214.1973 	EXP 	Display Frame 0
214.2307 	EXP 	Display Frame 1
214.2640 	EXP 	Display Frame 2
214.2973 	EXP 	Display Frame 3
214.3307 	EXP 	Display Frame 4
214.3640 	EXP 	Display Frame 5
214.3973 	EXP 	Display Frame 6
214.4307 	EXP 	Display Frame 7
214.4640 	EXP 	Display Frame 8
214.4974 	EXP 	Display Frame 9
214.5307 	EXP 	Display Frame 0
214.5641 	EXP 	Display Frame 1
214.5973 	EXP 	Display Frame 2
214.6307 	EXP 	Display Frame 3
214.6640 	EXP 	Display Frame 4
214.6974 	EXP 	Display Frame 5
214.7307 	EXP 	Display Frame 6
214.7640 	EXP 	Display Frame 7
214.7973 	EXP 	Display Frame 8
214.8307 	EXP 	Display Frame 9
214.8640 	EXP 	Display Frame 0
214.8973 	EXP 	Display Frame 1
214.9307 	EXP 	Display Frame 2
214.9640 	EXP 	Display Frame 3
214.9974 	EXP 	Display Frame 4
215.0307 	EXP 	Display Frame 5
215.0640 	EXP 	Display Frame 6
215.0974 	EXP 	Display Frame 7
215.1307 	EXP 	Display Frame 8
215.1640 	EXP 	Display Frame 9
215.1973 	EXP 	Display Frame 0
215.2308 	EXP 	Display Frame 1
215.2640 	EXP 	Display Frame 2
215.2974 	EXP 	Display Frame 3
215.3307 	EXP 	Display Frame 4
215.3640 	EXP 	Display Frame 5
215.3974 	EXP 	Display Frame 6
215.4307 	EXP 	Display Frame 7
215.4640 	EXP 	Display Frame 8
215.4974 	EXP 	Display Frame 9
215.5307 	EXP 	Display Frame 0
215.5642 	EXP 	Display Frame 1
215.5976 	EXP 	Display Frame 2
215.6309 	EXP 	Display Frame 3
215.6642 	EXP 	Display Frame 4
215.6974 	EXP 	Display Frame 5
215.7307 	EXP 	Display Frame 6
215.7640 	EXP 	Display Frame 7
215.7973 	EXP 	Display Frame 8
215.8307 	EXP 	Display Frame 9
215.8640 	EXP 	Display Frame 0
215.8974 	EXP 	Display Frame 1
215.9307 	EXP 	Display Frame 2
215.9640 	EXP 	Display Frame 3
215.9974 	EXP 	Display Frame 4
216.0307 	EXP 	Display Frame 5
216.0640 	EXP 	Display Frame 6
216.0973 	EXP 	Display Frame 7
216.1309 	EXP 	Display Frame 8
216.1641 	EXP 	Display Frame 9
216.1974 	EXP 	Display Frame 0
216.2307 	EXP 	Display Frame 1
216.2640 	EXP 	Display Frame 2
216.2973 	EXP 	Display Frame 3
216.3307 	EXP 	Display Frame 4
216.3640 	EXP 	Display Frame 5
216.3974 	EXP 	Display Frame 6
216.4307 	EXP 	Display Frame 7
216.4640 	EXP 	Display Frame 8
216.4973 	EXP 	Display Frame 9
216.5307 	EXP 	Display Frame 0
216.5640 	EXP 	Display Frame 1
216.5974 	EXP 	Display Frame 2
216.6307 	EXP 	Display Frame 3
216.6642 	EXP 	Display Frame 4
216.6973 	EXP 	Display Frame 5
216.7307 	EXP 	Display Frame 6
216.7640 	EXP 	Display Frame 7
216.7974 	EXP 	Display Frame 8
216.8307 	EXP 	Display Frame 9
216.8640 	EXP 	Display Frame 0
216.8974 	EXP 	Display Frame 1
216.9307 	EXP 	Display Frame 2
216.9640 	EXP 	Display Frame 3
216.9973 	EXP 	Display Frame 4
217.0307 	EXP 	Display Frame 5
217.0641 	EXP 	Display Frame 6
217.0973 	EXP 	Display Frame 7
217.1307 	EXP 	Display Frame 8
217.1640 	EXP 	Display Frame 9
217.1974 	EXP 	Display Frame 0
217.2307 	EXP 	Display Frame 1
217.2640 	EXP 	Display Frame 2
217.2973 	EXP 	Display Frame 3
217.3307 	EXP 	Display Frame 4
217.3640 	EXP 	Display Frame 5
217.3973 	EXP 	Display Frame 6
217.4307 	EXP 	Display Frame 7
217.4640 	EXP 	Display Frame 8
217.4974 	EXP 	Display Frame 9
217.5307 	EXP 	Display Frame 0
217.5640 	EXP 	Display Frame 1
217.5974 	EXP 	Display Frame 2
217.6307 	EXP 	Display Frame 3
217.6640 	EXP 	Display Frame 4
217.6973 	EXP 	Display Frame 5
217.7307 	EXP 	Display Frame 6
217.7640 	EXP 	Display Frame 7
217.7973 	EXP 	Display Frame 8
217.8307 	EXP 	Display Frame 9
217.8640 	EXP 	Display Frame 0
217.8974 	EXP 	Display Frame 1
217.9308 	DATA 	Keypress: equal
217.9319 	EXP 	Display Frame 2
217.9640 	EXP 	Display Frame 3
217.9973 	EXP 	Display Frame 4
218.0307 	EXP 	Display Frame 5
218.0641 	EXP 	Display Frame 6
218.0973 	EXP 	Display Frame 7
218.1307 	EXP 	Display Frame 8
218.1640 	EXP 	Display Frame 9
218.1974 	EXP 	Display Frame 0
218.2307 	EXP 	Display Frame 1
218.2640 	EXP 	Display Frame 2
218.2973 	EXP 	Display Frame 3
218.3307 	EXP 	Display Frame 4
218.3640 	EXP 	Display Frame 5
218.3973 	EXP 	Display Frame 6
218.4307 	EXP 	Display Frame 7
218.4640 	EXP 	Display Frame 8
218.4974 	EXP 	Display Frame 9
218.5307 	EXP 	Display Frame 0
218.5640 	EXP 	Display Frame 1
218.5973 	EXP 	Display Frame 2
218.6307 	EXP 	Display Frame 3
218.6640 	EXP 	Display Frame 4
218.6973 	EXP 	Display Frame 5
218.7307 	EXP 	Display Frame 6
218.7640 	EXP 	Display Frame 7
218.7974 	EXP 	Display Frame 8
218.8307 	EXP 	Display Frame 9
218.8640 	EXP 	Display Frame 0
218.8974 	EXP 	Display Frame 1
218.9307 	EXP 	Display Frame 2
218.9640 	EXP 	Display Frame 3
218.9973 	EXP 	Display Frame 4
219.0307 	EXP 	Display Frame 5
219.0640 	EXP 	Display Frame 6
219.0974 	EXP 	Display Frame 7
219.1307 	EXP 	Display Frame 8
219.1640 	EXP 	Display Frame 9
219.1973 	EXP 	Display Frame 0
219.2307 	EXP 	Display Frame 1
219.2640 	EXP 	Display Frame 2
219.2973 	EXP 	Display Frame 3
219.3307 	EXP 	Display Frame 4
219.3640 	EXP 	Display Frame 5
219.3974 	EXP 	Display Frame 6
219.4307 	EXP 	Display Frame 7
219.4640 	EXP 	Display Frame 8
219.4974 	EXP 	Display Frame 9
219.5307 	EXP 	Display Frame 0
219.5640 	EXP 	Display Frame 1
219.5973 	EXP 	Display Frame 2
219.6307 	EXP 	Display Frame 3
219.6640 	EXP 	Display Frame 4
219.6974 	EXP 	Display Frame 5
219.7307 	EXP 	Display Frame 6
219.7640 	EXP 	Display Frame 7
219.7974 	EXP 	Display Frame 8
219.8307 	EXP 	Display Frame 9
219.8640 	EXP 	Display Frame 0
219.8973 	EXP 	Display Frame 1
219.9307 	EXP 	Display Frame 2
219.9640 	EXP 	Display Frame 3
219.9973 	EXP 	Display Frame 4
220.0307 	EXP 	Display Frame 5
220.0640 	EXP 	Display Frame 6
220.0974 	EXP 	Display Frame 7
220.1307 	EXP 	Display Frame 8
220.1640 	EXP 	Display Frame 9
220.1974 	EXP 	Display Frame 0
220.2307 	EXP 	Display Frame 1
220.2640 	EXP 	Display Frame 2
220.2973 	EXP 	Display Frame 3
220.3307 	EXP 	Display Frame 4
220.3640 	EXP 	Display Frame 5
220.3974 	EXP 	Display Frame 6
220.4307 	EXP 	Display Frame 7
220.4640 	EXP 	Display Frame 8
220.4973 	EXP 	Display Frame 9
220.5307 	EXP 	Display Frame 0
220.5640 	EXP 	Display Frame 1
220.5973 	EXP 	Display Frame 2
220.6307 	EXP 	Display Frame 3
220.6640 	EXP 	Display Frame 4
220.6974 	EXP 	Display Frame 5
220.7307 	EXP 	Display Frame 6
220.7640 	EXP 	Display Frame 7
220.7973 	EXP 	Display Frame 8
220.8307 	EXP 	Display Frame 9
220.8640 	EXP 	Display Frame 0
220.8973 	EXP 	Display Frame 1
220.9307 	EXP 	Display Frame 2
220.9640 	EXP 	Display Frame 3
220.9974 	EXP 	Display Frame 4
221.0307 	EXP 	Display Frame 5
221.0640 	EXP 	Display Frame 6
221.0973 	EXP 	Display Frame 7
221.1307 	EXP 	Display Frame 8
221.1640 	EXP 	Display Frame 9
221.1974 	EXP 	Display Frame 0
221.2307 	EXP 	Display Frame 1
221.2640 	EXP 	Display Frame 2
221.2974 	EXP 	Display Frame 3
221.3307 	EXP 	Display Frame 4
221.3640 	EXP 	Display Frame 5
221.3973 	EXP 	Display Frame 6
221.4307 	EXP 	Display Frame 7
221.4640 	EXP 	Display Frame 8
221.4973 	EXP 	Display Frame 9
221.5307 	EXP 	Display Frame 0
221.5640 	EXP 	Display Frame 1
221.5974 	EXP 	Display Frame 2
221.6307 	EXP 	Display Frame 3
221.6640 	EXP 	Display Frame 4
221.6973 	EXP 	Display Frame 5
221.7307 	EXP 	Display Frame 6
221.7640 	EXP 	Display Frame 7
221.7973 	EXP 	Display Frame 8
221.8307 	EXP 	Display Frame 9
221.8640 	EXP 	Display Frame 0
221.8974 	EXP 	Display Frame 1
221.9307 	EXP 	Display Frame 2
221.9640 	EXP 	Display Frame 3
221.9975 	EXP 	Display Frame 4
222.0307 	EXP 	Display Frame 5
222.0640 	EXP 	Display Frame 6
222.0973 	EXP 	Display Frame 7
222.1307 	EXP 	Display Frame 8
222.1640 	EXP 	Display Frame 9
222.1974 	EXP 	Display Frame 0
222.2307 	EXP 	Display Frame 1
222.2640 	EXP 	Display Frame 2
222.2974 	EXP 	Display Frame 3
222.3307 	EXP 	Display Frame 4
222.3640 	EXP 	Display Frame 5
222.3973 	EXP 	Display Frame 6
222.4307 	EXP 	Display Frame 7
222.4640 	EXP 	Display Frame 8
222.4976 	EXP 	Display Frame 9
222.5307 	EXP 	Display Frame 0
222.5640 	EXP 	Display Frame 1
222.5974 	EXP 	Display Frame 2
222.6307 	EXP 	Display Frame 3
222.6641 	EXP 	Display Frame 4
222.6973 	EXP 	Display Frame 5
222.7307 	EXP 	Display Frame 6
222.7640 	EXP 	Display Frame 7
222.7974 	EXP 	Display Frame 8
222.8307 	EXP 	Display Frame 9
222.8640 	EXP 	Display Frame 0
222.8974 	EXP 	Display Frame 1
222.9307 	EXP 	Display Frame 2
222.9640 	EXP 	Display Frame 3
222.9973 	EXP 	Display Frame 4
223.0307 	EXP 	Display Frame 5
223.0640 	EXP 	Display Frame 6
223.0974 	EXP 	Display Frame 7
223.1308 	DATA 	Keypress: equal
223.1318 	EXP 	Display Frame 8
223.1640 	EXP 	Display Frame 9
223.1973 	EXP 	Display Frame 0
223.2307 	EXP 	Display Frame 1
223.2641 	EXP 	Display Frame 2
223.2974 	EXP 	Display Frame 3
223.3307 	EXP 	Display Frame 4
223.3640 	EXP 	Display Frame 5
223.3973 	EXP 	Display Frame 6
223.4307 	EXP 	Display Frame 7
223.4640 	EXP 	Display Frame 8
223.4974 	EXP 	Display Frame 9
223.5307 	EXP 	Display Frame 0
223.5640 	EXP 	Display Frame 1
223.5974 	EXP 	Display Frame 2
223.6307 	EXP 	Display Frame 3
223.6640 	EXP 	Display Frame 4
223.6973 	EXP 	Display Frame 5
223.7307 	EXP 	Display Frame 6
223.7640 	EXP 	Display Frame 7
223.7974 	EXP 	Display Frame 8
223.8307 	EXP 	Display Frame 9
223.8640 	EXP 	Display Frame 0
223.8973 	EXP 	Display Frame 1
223.9307 	EXP 	Display Frame 2
223.9640 	EXP 	Display Frame 3
223.9973 	EXP 	Display Frame 4
224.0307 	EXP 	Display Frame 5
224.0640 	EXP 	Display Frame 6
224.0974 	EXP 	Display Frame 7
224.1307 	EXP 	Display Frame 8
224.1641 	EXP 	Display Frame 9
224.1974 	EXP 	Display Frame 0
224.2307 	EXP 	Display Frame 1
224.2640 	EXP 	Display Frame 2
224.2973 	EXP 	Display Frame 3
224.3307 	EXP 	Display Frame 4
224.3640 	EXP 	Display Frame 5
224.3974 	EXP 	Display Frame 6
224.4307 	EXP 	Display Frame 7
224.4640 	EXP 	Display Frame 8
224.4974 	EXP 	Display Frame 9
224.5307 	EXP 	Display Frame 0
224.5640 	EXP 	Display Frame 1
224.5973 	EXP 	Display Frame 2
224.6307 	EXP 	Display Frame 3
224.6640 	EXP 	Display Frame 4
224.6974 	EXP 	Display Frame 5
224.7308 	EXP 	Display Frame 6
224.7640 	EXP 	Display Frame 7
224.7974 	EXP 	Display Frame 8
224.8307 	EXP 	Display Frame 9
224.8640 	EXP 	Display Frame 0
224.8974 	EXP 	Display Frame 1
224.9307 	EXP 	Display Frame 2
224.9640 	EXP 	Display Frame 3
224.9974 	EXP 	Display Frame 4
225.0307 	EXP 	Display Frame 5
225.0640 	EXP 	Display Frame 6
225.0974 	EXP 	Display Frame 7
225.1307 	EXP 	Display Frame 8
225.1640 	EXP 	Display Frame 9
225.1974 	EXP 	Display Frame 0
225.2307 	EXP 	Display Frame 1
225.2640 	EXP 	Display Frame 2
225.2974 	EXP 	Display Frame 3
225.3307 	EXP 	Display Frame 4
225.3640 	EXP 	Display Frame 5
225.3974 	EXP 	Display Frame 6
225.4307 	EXP 	Display Frame 7
225.4640 	EXP 	Display Frame 8
225.4974 	EXP 	Display Frame 9
225.5307 	EXP 	Display Frame 0
225.5640 	EXP 	Display Frame 1
225.5974 	EXP 	Display Frame 2
225.6307 	EXP 	Display Frame 3
225.6640 	EXP 	Display Frame 4
225.6974 	EXP 	Display Frame 5
225.7307 	EXP 	Display Frame 6
225.7640 	EXP 	Display Frame 7
225.7973 	EXP 	Display Frame 8
225.8307 	EXP 	Display Frame 9
225.8640 	EXP 	Display Frame 0
225.8973 	EXP 	Display Frame 1
225.9307 	EXP 	Display Frame 2
225.9640 	EXP 	Display Frame 3
225.9974 	EXP 	Display Frame 4
226.0307 	EXP 	Display Frame 5
226.0640 	EXP 	Display Frame 6
226.1007 	EXP 	Display Frame 7
226.1307 	EXP 	Display Frame 8
226.1640 	EXP 	Display Frame 9
226.1974 	EXP 	Display Frame 0
226.2307 	EXP 	Display Frame 1
226.2640 	EXP 	Display Frame 2
226.2974 	EXP 	Display Frame 3
226.3307 	EXP 	Display Frame 4
226.3640 	EXP 	Display Frame 5
226.3974 	EXP 	Display Frame 6
226.4307 	EXP 	Display Frame 7
226.4640 	EXP 	Display Frame 8
226.4973 	EXP 	Display Frame 9
226.5307 	EXP 	Display Frame 0
226.5640 	EXP 	Display Frame 1
226.5974 	EXP 	Display Frame 2
226.6307 	EXP 	Display Frame 3
226.6640 	EXP 	Display Frame 4
226.6973 	EXP 	Display Frame 5
226.7307 	EXP 	Display Frame 6
226.7641 	EXP 	Display Frame 7
226.7974 	EXP 	Display Frame 8
226.8307 	EXP 	Display Frame 9
226.8640 	EXP 	Display Frame 0
226.8974 	EXP 	Display Frame 1
226.9307 	EXP 	Display Frame 2
226.9640 	EXP 	Display Frame 3
226.9974 	EXP 	Display Frame 4
227.0307 	EXP 	Display Frame 5
227.0641 	EXP 	Display Frame 6
227.0973 	EXP 	Display Frame 7
227.1307 	EXP 	Display Frame 8
227.1640 	EXP 	Display Frame 9
227.1974 	EXP 	Display Frame 0
227.2307 	EXP 	Display Frame 1
227.2640 	EXP 	Display Frame 2
227.2974 	EXP 	Display Frame 3
227.3308 	EXP 	Display Frame 4
227.3640 	EXP 	Display Frame 5
227.3973 	EXP 	Display Frame 6
227.4307 	EXP 	Display Frame 7
227.4640 	EXP 	Display Frame 8
227.4974 	EXP 	Display Frame 9
227.5307 	EXP 	Display Frame 0
227.5640 	EXP 	Display Frame 1
227.5974 	EXP 	Display Frame 2
227.6307 	EXP 	Display Frame 3
227.6640 	EXP 	Display Frame 4
227.6974 	EXP 	Display Frame 5
227.7307 	EXP 	Display Frame 6
227.7640 	EXP 	Display Frame 7
227.7973 	EXP 	Display Frame 8
227.8307 	EXP 	Display Frame 9
227.8640 	EXP 	Display Frame 0
227.8974 	EXP 	Display Frame 1
227.9307 	EXP 	Display Frame 2
227.9640 	EXP 	Display Frame 3
227.9973 	EXP 	Display Frame 4
228.0307 	EXP 	Display Frame 5
228.0640 	EXP 	Display Frame 6
228.0973 	EXP 	Display Frame 7
228.1307 	EXP 	Display Frame 8
228.1640 	EXP 	Display Frame 9
228.1974 	EXP 	Display Frame 0
228.2307 	EXP 	Display Frame 1
228.2640 	EXP 	Display Frame 2
228.2973 	EXP 	Display Frame 3
228.3308 	DATA 	Keypress: equal
228.3318 	EXP 	Display Frame 4
228.3640 	EXP 	Display Frame 5
228.3973 	EXP 	Display Frame 6
228.4307 	EXP 	Display Frame 7
228.4640 	EXP 	Display Frame 8
228.4973 	EXP 	Display Frame 9
228.5307 	EXP 	Display Frame 0
228.5640 	EXP 	Display Frame 1
228.5974 	EXP 	Display Frame 2
228.6307 	EXP 	Display Frame 3
228.6640 	EXP 	Display Frame 4
228.6973 	EXP 	Display Frame 5
228.7307 	EXP 	Display Frame 6
228.7640 	EXP 	Display Frame 7
228.7974 	EXP 	Display Frame 8
228.8309 	EXP 	Display Frame 9
228.8640 	EXP 	Display Frame 0
228.8974 	EXP 	Display Frame 1
228.9307 	EXP 	Display Frame 2
228.9641 	EXP 	Display Frame 3
228.9974 	EXP 	Display Frame 4
229.0307 	EXP 	Display Frame 5
229.0640 	EXP 	Display Frame 6
229.0974 	EXP 	Display Frame 7
229.1307 	EXP 	Display Frame 8
229.1640 	EXP 	Display Frame 9
229.1974 	EXP 	Display Frame 0
229.2307 	EXP 	Display Frame 1
229.2640 	EXP 	Display Frame 2
229.2973 	EXP 	Display Frame 3
229.3307 	EXP 	Display Frame 4
229.3640 	EXP 	Display Frame 5
229.3973 	EXP 	Display Frame 6
229.4307 	EXP 	Display Frame 7
229.4640 	EXP 	Display Frame 8
229.4974 	EXP 	Display Frame 9
229.5307 	EXP 	Display Frame 0
229.5640 	EXP 	Display Frame 1
229.5973 	EXP 	Display Frame 2
229.6307 	EXP 	Display Frame 3
229.6640 	EXP 	Display Frame 4
229.6973 	EXP 	Display Frame 5
229.7307 	EXP 	Display Frame 6
229.7640 	EXP 	Display Frame 7
229.7974 	EXP 	Display Frame 8
229.8307 	EXP 	Display Frame 9
229.8640 	EXP 	Display Frame 0
229.8973 	EXP 	Display Frame 1
229.9307 	EXP 	Display Frame 2
229.9640 	EXP 	Display Frame 3
229.9974 	EXP 	Display Frame 4
230.0307 	EXP 	Display Frame 5
230.0640 	EXP 	Display Frame 6
230.0973 	EXP 	Display Frame 7
230.1307 	EXP 	Display Frame 8
230.1640 	EXP 	Display Frame 9
230.1973 	EXP 	Display Frame 0
230.2307 	EXP 	Display Frame 1
230.2640 	EXP 	Display Frame 2
230.2973 	EXP 	Display Frame 3
230.3307 	EXP 	Display Frame 4
230.3640 	EXP 	Display Frame 5
230.3974 	EXP 	Display Frame 6
230.4307 	EXP 	Display Frame 7
230.4640 	EXP 	Display Frame 8
230.4973 	EXP 	Display Frame 9
230.5307 	EXP 	Display Frame 0
230.5640 	EXP 	Display Frame 1
230.5974 	EXP 	Display Frame 2
230.6307 	EXP 	Display Frame 3
230.6640 	EXP 	Display Frame 4
230.6974 	EXP 	Display Frame 5
230.7307 	EXP 	Display Frame 6
230.7640 	EXP 	Display Frame 7
230.7973 	EXP 	Display Frame 8
230.8307 	EXP 	Display Frame 9
230.8640 	EXP 	Display Frame 0
230.8974 	EXP 	Display Frame 1
230.9307 	EXP 	Display Frame 2
230.9640 	EXP 	Display Frame 3
230.9974 	EXP 	Display Frame 4
231.0307 	EXP 	Display Frame 5
231.0640 	EXP 	Display Frame 6
231.0973 	EXP 	Display Frame 7
231.1307 	EXP 	Display Frame 8
231.1640 	EXP 	Display Frame 9
231.1973 	EXP 	Display Frame 0
231.2307 	EXP 	Display Frame 1
231.2640 	EXP 	Display Frame 2
231.2974 	EXP 	Display Frame 3
231.3307 	EXP 	Display Frame 4
231.3640 	EXP 	Display Frame 5
231.3973 	EXP 	Display Frame 6
231.4307 	EXP 	Display Frame 7
231.4640 	EXP 	Display Frame 8
231.4973 	EXP 	Display Frame 9
231.5307 	EXP 	Display Frame 0
231.5640 	EXP 	Display Frame 1
231.5976 	EXP 	Display Frame 2
231.6307 	EXP 	Display Frame 3
231.6640 	EXP 	Display Frame 4
231.6974 	EXP 	Display Frame 5
231.7307 	EXP 	Display Frame 6
231.7640 	EXP 	Display Frame 7
231.7973 	EXP 	Display Frame 8
231.8307 	EXP 	Display Frame 9
231.8640 	EXP 	Display Frame 0
231.8974 	EXP 	Display Frame 1
231.9307 	EXP 	Display Frame 2
231.9640 	EXP 	Display Frame 3
231.9974 	EXP 	Display Frame 4
232.0307 	EXP 	Display Frame 5
232.0640 	EXP 	Display Frame 6
232.0973 	EXP 	Display Frame 7
232.1307 	EXP 	Display Frame 8
232.1640 	EXP 	Display Frame 9
232.1973 	EXP 	Display Frame 0
232.2307 	EXP 	Display Frame 1
232.2640 	EXP 	Display Frame 2
232.2973 	EXP 	Display Frame 3
232.3307 	EXP 	Display Frame 4
232.3640 	EXP 	Display Frame 5
232.3973 	EXP 	Display Frame 6
232.4307 	EXP 	Display Frame 7
232.4640 	EXP 	Display Frame 8
232.4974 	EXP 	Display Frame 9
232.5307 	EXP 	Display Frame 0
232.5640 	EXP 	Display Frame 1
232.5974 	EXP 	Display Frame 2
232.6307 	EXP 	Display Frame 3
232.6642 	EXP 	Display Frame 4
232.6974 	EXP 	Display Frame 5
232.7307 	EXP 	Display Frame 6
232.7640 	EXP 	Display Frame 7
232.7973 	EXP 	Display Frame 8
232.8307 	EXP 	Display Frame 9
232.8640 	EXP 	Display Frame 0
232.8974 	EXP 	Display Frame 1
232.9307 	EXP 	Display Frame 2
232.9640 	EXP 	Display Frame 3
232.9974 	EXP 	Display Frame 4
233.0307 	EXP 	Display Frame 5
233.0640 	EXP 	Display Frame 6
233.0973 	EXP 	Display Frame 7
233.1307 	EXP 	Display Frame 8
233.1640 	EXP 	Display Frame 9
233.1974 	EXP 	Display Frame 0
233.2307 	EXP 	Display Frame 1
233.2640 	EXP 	Display Frame 2
233.2974 	EXP 	Display Frame 3
233.3307 	EXP 	Display Frame 4
233.3641 	EXP 	Display Frame 5
233.3973 	EXP 	Display Frame 6
233.4307 	EXP 	Display Frame 7
233.4640 	EXP 	Display Frame 8
233.4973 	EXP 	Display Frame 9
233.4982 	DATA 	Keypress: equal
233.5307 	EXP 	Display Frame 0
233.5640 	EXP 	Display Frame 1
233.5974 	EXP 	Display Frame 2
233.6307 	EXP 	Display Frame 3
233.6640 	EXP 	Display Frame 4
233.6973 	EXP 	Display Frame 5
233.7307 	EXP 	Display Frame 6
233.7640 	EXP 	Display Frame 7
233.7974 	EXP 	Display Frame 8
233.8307 	EXP 	Display Frame 9
233.8640 	EXP 	Display Frame 0
233.8974 	EXP 	Display Frame 1
233.9307 	EXP 	Display Frame 2
233.9640 	EXP 	Display Frame 3
233.9973 	EXP 	Display Frame 4
234.0307 	EXP 	Display Frame 5
234.0640 	EXP 	Display Frame 6
234.0974 	EXP 	Display Frame 7
234.1307 	EXP 	Display Frame 8
234.1640 	EXP 	Display Frame 9
234.1973 	EXP 	Display Frame 0
234.2307 	EXP 	Display Frame 1
234.2640 	EXP 	Display Frame 2
234.2973 	EXP 	Display Frame 3
234.3307 	EXP 	Display Frame 4
234.3640 	EXP 	Display Frame 5
234.3974 	EXP 	Display Frame 6
234.4307 	EXP 	Display Frame 7
234.4640 	EXP 	Display Frame 8
234.4974 	EXP 	Display Frame 9
234.5307 	EXP 	Display Frame 0
234.5640 	EXP 	Display Frame 1
234.5973 	EXP 	Display Frame 2
234.6307 	EXP 	Display Frame 3
234.6640 	EXP 	Display Frame 4
234.6974 	EXP 	Display Frame 5
234.7307 	EXP 	Display Frame 6
234.7640 	EXP 	Display Frame 7
234.7973 	EXP 	Display Frame 8
234.8307 	EXP 	Display Frame 9
234.8640 	EXP 	Display Frame 0
234.8973 	EXP 	Display Frame 1
234.9307 	EXP 	Display Frame 2
234.9640 	EXP 	Display Frame 3
234.9973 	EXP 	Display Frame 4
235.0307 	EXP 	Display Frame 5
235.0640 	EXP 	Display Frame 6
235.0974 	EXP 	Display Frame 7
235.1307 	EXP 	Display Frame 8
235.1642 	EXP 	Display Frame 9
235.1974 	EXP 	Display Frame 0
235.2307 	EXP 	Display Frame 1
235.2640 	EXP 	Display Frame 2
235.2974 	EXP 	Display Frame 3
235.3307 	EXP 	Display Frame 4
235.3641 	EXP 	Display Frame 5
235.3974 	EXP 	Display Frame 6
235.4307 	EXP 	Display Frame 7
235.4640 	EXP 	Display Frame 8
235.4974 	EXP 	Display Frame 9
235.5307 	EXP 	Display Frame 0
235.5640 	EXP 	Display Frame 1
235.5974 	EXP 	Display Frame 2
235.6307 	EXP 	Display Frame 3
235.6640 	EXP 	Display Frame 4
235.6973 	EXP 	Display Frame 5
235.7307 	EXP 	Display Frame 6
235.7640 	EXP 	Display Frame 7
235.7974 	EXP 	Display Frame 8
235.8307 	EXP 	Display Frame 9
235.8640 	EXP 	Display Frame 0
235.8973 	EXP 	Display Frame 1
235.9307 	EXP 	Display Frame 2
235.9640 	EXP 	Display Frame 3
235.9974 	EXP 	Display Frame 4
236.0307 	EXP 	Display Frame 5
236.0640 	EXP 	Display Frame 6
236.0973 	EXP 	Display Frame 7
236.1307 	EXP 	Display Frame 8
236.1640 	EXP 	Display Frame 9
236.1974 	EXP 	Display Frame 0
236.2307 	EXP 	Display Frame 1
236.2640 	EXP 	Display Frame 2
236.2973 	EXP 	Display Frame 3
236.3307 	EXP 	Display Frame 4
236.3640 	EXP 	Display Frame 5
236.3973 	EXP 	Display Frame 6
236.4307 	EXP 	Display Frame 7
236.4640 	EXP 	Display Frame 8
236.4974 	EXP 	Display Frame 9
236.5307 	EXP 	Display Frame 0
236.5640 	EXP 	Display Frame 1
236.5973 	EXP 	Display Frame 2
236.6307 	EXP 	Display Frame 3
236.6640 	EXP 	Display Frame 4
236.6973 	EXP 	Display Frame 5
236.7307 	EXP 	Display Frame 6
236.7640 	EXP 	Display Frame 7
236.7973 	EXP 	Display Frame 8
236.8307 	EXP 	Display Frame 9
236.8640 	EXP 	Display Frame 0
236.8973 	EXP 	Display Frame 1
236.9307 	EXP 	Display Frame 2
236.9640 	EXP 	Display Frame 3
236.9973 	EXP 	Display Frame 4
237.0307 	EXP 	Display Frame 5
237.0640 	EXP 	Display Frame 6
237.0974 	EXP 	Display Frame 7
237.1307 	EXP 	Display Frame 8
237.1640 	EXP 	Display Frame 9
237.1974 	EXP 	Display Frame 0
237.2307 	EXP 	Display Frame 1
237.2640 	EXP 	Display Frame 2
237.2974 	EXP 	Display Frame 3
237.3307 	EXP 	Display Frame 4
237.3640 	EXP 	Display Frame 5
237.3974 	EXP 	Display Frame 6
237.4307 	EXP 	Display Frame 7
237.4640 	EXP 	Display Frame 8
237.4974 	EXP 	Display Frame 9
237.5307 	EXP 	Display Frame 0
237.5640 	EXP 	Display Frame 1
237.5973 	EXP 	Display Frame 2
237.6307 	EXP 	Display Frame 3
237.6640 	EXP 	Display Frame 4
237.6974 	EXP 	Display Frame 5
237.7307 	EXP 	Display Frame 6
237.7640 	EXP 	Display Frame 7
237.7973 	EXP 	Display Frame 8
237.8307 	EXP 	Display Frame 9
237.8640 	EXP 	Display Frame 0
237.8974 	EXP 	Display Frame 1
237.9307 	EXP 	Display Frame 2
237.9640 	EXP 	Display Frame 3
237.9975 	EXP 	Display Frame 4
238.0307 	EXP 	Display Frame 5
238.0640 	EXP 	Display Frame 6
238.0974 	EXP 	Display Frame 7
238.1307 	EXP 	Display Frame 8
238.1640 	EXP 	Display Frame 9
238.1974 	EXP 	Display Frame 0
238.2307 	EXP 	Display Frame 1
238.2640 	EXP 	Display Frame 2
238.2974 	EXP 	Display Frame 3
238.3307 	EXP 	Display Frame 4
238.3640 	EXP 	Display Frame 5
238.3973 	EXP 	Display Frame 6
238.4307 	EXP 	Display Frame 7
238.4640 	EXP 	Display Frame 8
238.4973 	EXP 	Display Frame 9
238.5308 	EXP 	Display Frame 0
238.5640 	EXP 	Display Frame 1
238.5973 	EXP 	Display Frame 2
238.6307 	EXP 	Display Frame 3
238.6640 	EXP 	Display Frame 4
238.6975 	DATA 	Keypress: equal
238.6985 	EXP 	Display Frame 5
238.7147 	EXP 	Display Fixation
243.8851 	DATA 	Keypress: equal
249.0790 	DATA 	Keypress: equal
254.2730 	DATA 	Keypress: equal
259.4661 	DATA 	Keypress: equal
264.6601 	DATA 	Keypress: equal
269.8532 	DATA 	Keypress: equal
269.8876 	EXP 	Display Frame 1
269.9230 	EXP 	Display Frame 2
269.9542 	EXP 	Display Frame 3
269.9876 	EXP 	Display Frame 4
270.0208 	EXP 	Display Frame 5
270.0542 	EXP 	Display Frame 6
270.0875 	EXP 	Display Frame 7
270.1209 	EXP 	Display Frame 8
270.1542 	EXP 	Display Frame 9
270.1874 	EXP 	Display Frame 0
270.2208 	EXP 	Display Frame 1
270.2541 	EXP 	Display Frame 2
270.2875 	EXP 	Display Frame 3
270.3208 	EXP 	Display Frame 4
270.3541 	EXP 	Display Frame 5
270.3875 	EXP 	Display Frame 6
270.4208 	EXP 	Display Frame 7
270.4541 	EXP 	Display Frame 8
270.4875 	EXP 	Display Frame 9
270.5208 	EXP 	Display Frame 0
270.5541 	EXP 	Display Frame 1
270.5875 	EXP 	Display Frame 2
270.6208 	EXP 	Display Frame 3
270.6541 	EXP 	Display Frame 4
270.6874 	EXP 	Display Frame 5
270.7208 	EXP 	Display Frame 6
270.7541 	EXP 	Display Frame 7
270.7875 	EXP 	Display Frame 8
270.8208 	EXP 	Display Frame 9
270.8541 	EXP 	Display Frame 0
270.8874 	EXP 	Display Frame 1
270.9208 	EXP 	Display Frame 2
270.9541 	EXP 	Display Frame 3
270.9875 	EXP 	Display Frame 4
271.0208 	EXP 	Display Frame 5
271.0541 	EXP 	Display Frame 6
271.0875 	EXP 	Display Frame 7
271.1208 	EXP 	Display Frame 8
271.1541 	EXP 	Display Frame 9
271.1874 	EXP 	Display Frame 0
271.2208 	EXP 	Display Frame 1
271.2541 	EXP 	Display Frame 2
271.2875 	EXP 	Display Frame 3
271.3208 	EXP 	Display Frame 4
271.3541 	EXP 	Display Frame 5
271.3874 	EXP 	Display Frame 6
271.4208 	EXP 	Display Frame 7
271.4541 	EXP 	Display Frame 8
271.4874 	EXP 	Display Frame 9
271.5208 	EXP 	Display Frame 0
271.5541 	EXP 	Display Frame 1
271.5875 	EXP 	Display Frame 2
271.6208 	EXP 	Display Frame 3
271.6541 	EXP 	Display Frame 4
271.6875 	EXP 	Display Frame 5
271.7208 	EXP 	Display Frame 6
271.7541 	EXP 	Display Frame 7
271.7874 	EXP 	Display Frame 8
271.8208 	EXP 	Display Frame 9
271.8541 	EXP 	Display Frame 0
271.8874 	EXP 	Display Frame 1
271.9208 	EXP 	Display Frame 2
271.9541 	EXP 	Display Frame 3
271.9875 	EXP 	Display Frame 4
272.0208 	EXP 	Display Frame 5
272.0541 	EXP 	Display Frame 6
272.0874 	EXP 	Display Frame 7
272.1208 	EXP 	Display Frame 8
272.1541 	EXP 	Display Frame 9
272.1875 	EXP 	Display Frame 0
272.2207 	EXP 	Display Frame 1
272.2541 	EXP 	Display Frame 2
272.2875 	EXP 	Display Frame 3
272.3208 	EXP 	Display Frame 4
272.3541 	EXP 	Display Frame 5
272.3874 	EXP 	Display Frame 6
272.4208 	EXP 	Display Frame 7
272.4541 	EXP 	Display Frame 8
272.4875 	EXP 	Display Frame 9
272.5208 	EXP 	Display Frame 0
272.5541 	EXP 	Display Frame 1
272.5874 	EXP 	Display Frame 2
272.6208 	EXP 	Display Frame 3
272.6541 	EXP 	Display Frame 4
272.6874 	EXP 	Display Frame 5
272.7208 	EXP 	Display Frame 6
272.7541 	EXP 	Display Frame 7
272.7875 	EXP 	Display Frame 8
272.8208 	EXP 	Display Frame 9
272.8541 	EXP 	Display Frame 0
272.8874 	EXP 	Display Frame 1
272.9208 	EXP 	Display Frame 2
272.9541 	EXP 	Display Frame 3
272.9874 	EXP 	Display Frame 4
273.0208 	EXP 	Display Frame 5
273.0541 	EXP 	Display Frame 6
273.0875 	EXP 	Display Frame 7
273.1208 	EXP 	Display Frame 8
273.1541 	EXP 	Display Frame 9
273.1874 	EXP 	Display Frame 0
273.2208 	EXP 	Display Frame 1
273.2543 	EXP 	Display Frame 2
273.2875 	EXP 	Display Frame 3
273.3208 	EXP 	Display Frame 4
273.3541 	EXP 	Display Frame 5
273.3874 	EXP 	Display Frame 6
273.4208 	EXP 	Display Frame 7
273.4541 	EXP 	Display Frame 8
273.4874 	EXP 	Display Frame 9
273.5208 	EXP 	Display Frame 0
273.5541 	EXP 	Display Frame 1
273.5875 	EXP 	Display Frame 2
273.6208 	EXP 	Display Frame 3
273.6541 	EXP 	Display Frame 4
273.6874 	EXP 	Display Frame 5
273.7208 	EXP 	Display Frame 6
273.7541 	EXP 	Display Frame 7
273.7874 	EXP 	Display Frame 8
273.8208 	EXP 	Display Frame 9
273.8541 	EXP 	Display Frame 0
273.8874 	EXP 	Display Frame 1
273.9208 	EXP 	Display Frame 2
273.9541 	EXP 	Display Frame 3
273.9874 	EXP 	Display Frame 4
274.0208 	EXP 	Display Frame 5
274.0541 	EXP 	Display Frame 6
274.0875 	EXP 	Display Frame 7
274.1208 	EXP 	Display Frame 8
274.1541 	EXP 	Display Frame 9
274.1875 	EXP 	Display Frame 0
274.2208 	EXP 	Display Frame 1
274.2541 	EXP 	Display Frame 2
274.2874 	EXP 	Display Frame 3
274.3208 	EXP 	Display Frame 4
274.3541 	EXP 	Display Frame 5
274.3874 	EXP 	Display Frame 6
274.4208 	EXP 	Display Frame 7
274.4541 	EXP 	Display Frame 8
274.4875 	EXP 	Display Frame 9
274.5208 	EXP 	Display Frame 0
274.5541 	EXP 	Display Frame 1
274.5874 	EXP 	Display Frame 2
274.6208 	EXP 	Display Frame 3
274.6541 	EXP 	Display Frame 4
274.6874 	EXP 	Display Frame 5
274.7208 	EXP 	Display Frame 6
274.7541 	EXP 	Display Frame 7
274.7874 	EXP 	Display Frame 8
274.8208 	EXP 	Display Frame 9
274.8541 	EXP 	Display Frame 0
274.8874 	EXP 	Display Frame 1
274.9208 	EXP 	Display Frame 2
274.9541 	EXP 	Display Frame 3
274.9875 	EXP 	Display Frame 4
275.0208 	EXP 	Display Frame 5
275.0543 	DATA 	Keypress: equal
275.0553 	EXP 	Display Frame 6
275.0875 	EXP 	Display Frame 7
275.1208 	EXP 	Display Frame 8
275.1541 	EXP 	Display Frame 9
275.1874 	EXP 	Display Frame 0
275.2208 	EXP 	Display Frame 1
275.2541 	EXP 	Display Frame 2
275.2875 	EXP 	Display Frame 3
275.3210 	EXP 	Display Frame 4
275.3541 	EXP 	Display Frame 5
275.3875 	EXP 	Display Frame 6
275.4208 	EXP 	Display Frame 7
275.4541 	EXP 	Display Frame 8
275.4875 	EXP 	Display Frame 9
275.5208 	EXP 	Display Frame 0
275.5541 	EXP 	Display Frame 1
275.5876 	EXP 	Display Frame 2
275.6208 	EXP 	Display Frame 3
275.6541 	EXP 	Display Frame 4
275.6875 	EXP 	Display Frame 5
275.7208 	EXP 	Display Frame 6
275.7542 	EXP 	Display Frame 7
275.7875 	EXP 	Display Frame 8
275.8208 	EXP 	Display Frame 9
275.8541 	EXP 	Display Frame 0
275.8874 	EXP 	Display Frame 1
275.9208 	EXP 	Display Frame 2
275.9541 	EXP 	Display Frame 3
275.9875 	EXP 	Display Frame 4
276.0208 	EXP 	Display Frame 5
276.0541 	EXP 	Display Frame 6
276.0875 	EXP 	Display Frame 7
276.1208 	EXP 	Display Frame 8
276.1541 	EXP 	Display Frame 9
276.1874 	EXP 	Display Frame 0
276.2208 	EXP 	Display Frame 1
276.2541 	EXP 	Display Frame 2
276.2875 	EXP 	Display Frame 3
276.3208 	EXP 	Display Frame 4
276.3541 	EXP 	Display Frame 5
276.3874 	EXP 	Display Frame 6
276.4208 	EXP 	Display Frame 7
276.4541 	EXP 	Display Frame 8
276.4875 	EXP 	Display Frame 9
276.5208 	EXP 	Display Frame 0
276.5541 	EXP 	Display Frame 1
276.5875 	EXP 	Display Frame 2
276.6208 	EXP 	Display Frame 3
276.6541 	EXP 	Display Frame 4
276.6875 	EXP 	Display Frame 5
276.7208 	EXP 	Display Frame 6
276.7541 	EXP 	Display Frame 7
276.7874 	EXP 	Display Frame 8
276.8208 	EXP 	Display Frame 9
276.8541 	EXP 	Display Frame 0
276.8874 	EXP 	Display Frame 1
276.9208 	EXP 	Display Frame 2
276.9541 	EXP 	Display Frame 3
276.9874 	EXP 	Display Frame 4
277.0207 	EXP 	Display Frame 5
277.0541 	EXP 	Display Frame 6
277.0874 	EXP 	Display Frame 7
277.1208 	EXP 	Display Frame 8
277.1541 	EXP 	Display Frame 9
277.1874 	EXP 	Display Frame 0
277.2208 	EXP 	Display Frame 1
277.2541 	EXP 	Display Frame 2
277.2875 	EXP 	Display Frame 3
277.3208 	EXP 	Display Frame 4
277.3541 	EXP 	Display Frame 5
277.3875 	EXP 	Display Frame 6
277.4208 	EXP 	Display Frame 7
277.4541 	EXP 	Display Frame 8
277.4874 	EXP 	Display Frame 9
277.5208 	EXP 	Display Frame 0
277.5541 	EXP 	Display Frame 1
277.5874 	EXP 	Display Frame 2
277.6208 	EXP 	Display Frame 3
277.6541 	EXP 	Display Frame 4
277.6874 	EXP 	Display Frame 5
277.7208 	EXP 	Display Frame 6
277.7541 	EXP 	Display Frame 7
277.7874 	EXP 	Display Frame 8
277.8208 	EXP 	Display Frame 9
277.8541 	EXP 	Display Frame 0
277.8874 	EXP 	Display Frame 1
277.9208 	EXP 	Display Frame 2
277.9541 	EXP 	Display Frame 3
277.9874 	EXP 	Display Frame 4
278.0208 	EXP 	Display Frame 5
278.0541 	EXP 	Display Frame 6
278.0874 	EXP 	Display Frame 7
278.1208 	EXP 	Display Frame 8
278.1541 	EXP 	Display Frame 9
278.1874 	EXP 	Display Frame 0
278.2208 	EXP 	Display Frame 1
278.2541 	EXP 	Display Frame 2
278.2874 	EXP 	Display Frame 3
278.3208 	EXP 	Display Frame 4
278.3541 	EXP 	Display Frame 5
278.3874 	EXP 	Display Frame 6
278.4208 	EXP 	Display Frame 7
278.4541 	EXP 	Display Frame 8
278.4874 	EXP 	Display Frame 9
278.5208 	EXP 	Display Frame 0
278.5541 	EXP 	Display Frame 1
278.5874 	EXP 	Display Frame 2
278.6208 	EXP 	Display Frame 3
278.6541 	EXP 	Display Frame 4
278.6874 	EXP 	Display Frame 5
278.7208 	EXP 	Display Frame 6
278.7541 	EXP 	Display Frame 7
278.7875 	EXP 	Display Frame 8
278.8208 	EXP 	Display Frame 9
278.8541 	EXP 	Display Frame 0
278.8874 	EXP 	Display Frame 1
278.9208 	EXP 	Display Frame 2
278.9541 	EXP 	Display Frame 3
278.9874 	EXP 	Display Frame 4
279.0210 	EXP 	Display Frame 5
279.0541 	EXP 	Display Frame 6
279.0875 	EXP 	Display Frame 7
279.1208 	EXP 	Display Frame 8
279.1541 	EXP 	Display Frame 9
279.1875 	EXP 	Display Frame 0
279.2208 	EXP 	Display Frame 1
279.2541 	EXP 	Display Frame 2
279.2874 	EXP 	Display Frame 3
279.3208 	EXP 	Display Frame 4
279.3541 	EXP 	Display Frame 5
279.3874 	EXP 	Display Frame 6
279.4208 	EXP 	Display Frame 7
279.4541 	EXP 	Display Frame 8
279.4874 	EXP 	Display Frame 9
279.5208 	EXP 	Display Frame 0
279.5541 	EXP 	Display Frame 1
279.5874 	EXP 	Display Frame 2
279.6208 	EXP 	Display Frame 3
279.6541 	EXP 	Display Frame 4
279.6874 	EXP 	Display Frame 5
279.7207 	EXP 	Display Frame 6
279.7541 	EXP 	Display Frame 7
279.7874 	EXP 	Display Frame 8
279.8208 	EXP 	Display Frame 9
279.8541 	EXP 	Display Frame 0
279.8874 	EXP 	Display Frame 1
279.9208 	EXP 	Display Frame 2
279.9541 	EXP 	Display Frame 3
279.9875 	EXP 	Display Frame 4
280.0208 	EXP 	Display Frame 5
280.0541 	EXP 	Display Frame 6
280.0875 	EXP 	Display Frame 7
280.1208 	EXP 	Display Frame 8
280.1541 	EXP 	Display Frame 9
280.1875 	EXP 	Display Frame 0
280.2208 	EXP 	Display Frame 1
280.2542 	DATA 	Keypress: equal
280.2553 	EXP 	Display Frame 2
280.2874 	EXP 	Display Frame 3
280.3208 	EXP 	Display Frame 4
280.3541 	EXP 	Display Frame 5
280.3874 	EXP 	Display Frame 6
280.4208 	EXP 	Display Frame 7
280.4541 	EXP 	Display Frame 8
280.4875 	EXP 	Display Frame 9
280.5208 	EXP 	Display Frame 0
280.5541 	EXP 	Display Frame 1
280.5874 	EXP 	Display Frame 2
280.6208 	EXP 	Display Frame 3
280.6543 	EXP 	Display Frame 4
280.6874 	EXP 	Display Frame 5
280.7208 	EXP 	Display Frame 6
280.7541 	EXP 	Display Frame 7
280.7875 	EXP 	Display Frame 8
280.8208 	EXP 	Display Frame 9
280.8541 	EXP 	Display Frame 0
280.8874 	EXP 	Display Frame 1
280.9208 	EXP 	Display Frame 2
280.9541 	EXP 	Display Frame 3
280.9874 	EXP 	Display Frame 4
281.0208 	EXP 	Display Frame 5
281.0541 	EXP 	Display Frame 6
281.0874 	EXP 	Display Frame 7
281.1208 	EXP 	Display Frame 8
281.1541 	EXP 	Display Frame 9
281.1874 	EXP 	Display Frame 0
281.2208 	EXP 	Display Frame 1
281.2542 	EXP 	Display Frame 2
281.2874 	EXP 	Display Frame 3
281.3208 	EXP 	Display Frame 4
281.3541 	EXP 	Display Frame 5
281.3874 	EXP 	Display Frame 6
281.4208 	EXP 	Display Frame 7
281.4541 	EXP 	Display Frame 8
281.4874 	EXP 	Display Frame 9
281.5208 	EXP 	Display Frame 0
281.5541 	EXP 	Display Frame 1
281.5874 	EXP 	Display Frame 2
281.6208 	EXP 	Display Frame 3
281.6541 	EXP 	Display Frame 4
281.6875 	EXP 	Display Frame 5
281.7208 	EXP 	Display Frame 6
281.7541 	EXP 	Display Frame 7
281.7874 	EXP 	Display Frame 8
281.8208 	EXP 	Display Frame 9
281.8541 	EXP 	Display Frame 0
281.8874 	EXP 	Display Frame 1
281.9208 	EXP 	Display Frame 2
281.9541 	EXP 	Display Frame 3
281.9875 	EXP 	Display Frame 4
282.0208 	EXP 	Display Frame 5
282.0541 	EXP 	Display Frame 6
282.0874 	EXP 	Display Frame 7
282.1208 	EXP 	Display Frame 8
282.1541 	EXP 	Display Frame 9
282.1875 	EXP 	Display Frame 0
282.2208 	EXP 	Display Frame 1
282.2541 	EXP 	Display Frame 2
282.2875 	EXP 	Display Frame 3
282.3208 	EXP 	Display Frame 4
282.3541 	EXP 	Display Frame 5
282.3874 	EXP 	Display Frame 6
282.4208 	EXP 	Display Frame 7
282.4541 	EXP 	Display Frame 8
282.4874 	EXP 	Display Frame 9
282.5208 	EXP 	Display Frame 0
282.5541 	EXP 	Display Frame 1
282.5875 	EXP 	Display Frame 2
282.6208 	EXP 	Display Frame 3
282.6541 	EXP 	Display Frame 4
282.6874 	EXP 	Display Frame 5
282.7208 	EXP 	Display Frame 6
282.7541 	EXP 	Display Frame 7
282.7875 	EXP 	Display Frame 8
282.8208 	EXP 	Display Frame 9
282.8541 	EXP 	Display Frame 0
282.8874 	EXP 	Display Frame 1
282.9208 	EXP 	Display Frame 2
282.9541 	EXP 	Display Frame 3
282.9875 	EXP 	Display Frame 4
283.0208 	EXP 	Display Frame 5
283.0541 	EXP 	Display Frame 6
283.0874 	EXP 	Display Frame 7
283.1208 	EXP 	Display Frame 8
283.1541 	EXP 	Display Frame 9
283.1875 	EXP 	Display Frame 0
283.2208 	EXP 	Display Frame 1
283.2541 	EXP 	Display Frame 2
283.2875 	EXP 	Display Frame 3
283.3208 	EXP 	Display Frame 4
283.3541 	EXP 	Display Frame 5
283.3874 	EXP 	Display Frame 6
283.4208 	EXP 	Display Frame 7
283.4541 	EXP 	Display Frame 8
283.4875 	EXP 	Display Frame 9
283.5208 	EXP 	Display Frame 0
283.5541 	EXP 	Display Frame 1
283.5875 	EXP 	Display Frame 2
283.6208 	EXP 	Display Frame 3
283.6541 	EXP 	Display Frame 4
283.6874 	EXP 	Display Frame 5
283.7208 	EXP 	Display Frame 6
283.7541 	EXP 	Display Frame 7
283.7875 	EXP 	Display Frame 8
283.8208 	EXP 	Display Frame 9
283.8541 	EXP 	Display Frame 0
283.8874 	EXP 	Display Frame 1
283.9208 	EXP 	Display Frame 2
283.9541 	EXP 	Display Frame 3
283.9874 	EXP 	Display Frame 4
284.0208 	EXP 	Display Frame 5
284.0541 	EXP 	Display Frame 6
284.0874 	EXP 	Display Frame 7
284.1208 	EXP 	Display Frame 8
284.1541 	EXP 	Display Frame 9
284.1874 	EXP 	Display Frame 0
284.2208 	EXP 	Display Frame 1
284.2541 	EXP 	Display Frame 2
284.2874 	EXP 	Display Frame 3
284.3208 	EXP 	Display Frame 4
284.3541 	EXP 	Display Frame 5
284.3874 	EXP 	Display Frame 6
284.4208 	EXP 	Display Frame 7
284.4541 	EXP 	Display Frame 8
284.4875 	EXP 	Display Frame 9
284.5208 	EXP 	Display Frame 0
284.5541 	EXP 	Display Frame 1
284.5874 	EXP 	Display Frame 2
284.6208 	EXP 	Display Frame 3
284.6541 	EXP 	Display Frame 4
284.6875 	EXP 	Display Frame 5
284.7231 	EXP 	Display Frame 6
284.7542 	EXP 	Display Frame 7
284.7875 	EXP 	Display Frame 8
284.8208 	EXP 	Display Frame 9
284.8541 	EXP 	Display Frame 0
284.8874 	EXP 	Display Frame 1
284.9208 	EXP 	Display Frame 2
284.9541 	EXP 	Display Frame 3
284.9875 	EXP 	Display Frame 4
285.0208 	EXP 	Display Frame 5
285.0542 	EXP 	Display Frame 6
285.0874 	EXP 	Display Frame 7
285.1208 	EXP 	Display Frame 8
285.1541 	EXP 	Display Frame 9
285.1875 	EXP 	Display Frame 0
285.2208 	EXP 	Display Frame 1
285.2541 	EXP 	Display Frame 2
285.2875 	EXP 	Display Frame 3
285.3208 	EXP 	Display Frame 4
285.3541 	EXP 	Display Frame 5
285.3877 	EXP 	Display Frame 6
285.4208 	EXP 	Display Frame 7
285.4542 	DATA 	Keypress: equal
285.4552 	EXP 	Display Frame 8
285.4874 	EXP 	Display Frame 9
285.5208 	EXP 	Display Frame 0
285.5541 	EXP 	Display Frame 1
285.5875 	EXP 	Display Frame 2
285.6208 	EXP 	Display Frame 3
285.6541 	EXP 	Display Frame 4
285.6874 	EXP 	Display Frame 5
285.7208 	EXP 	Display Frame 6
285.7541 	EXP 	Display Frame 7
285.7874 	EXP 	Display Frame 8
285.8208 	EXP 	Display Frame 9
285.8541 	EXP 	Display Frame 0
285.8874 	EXP 	Display Frame 1
285.9208 	EXP 	Display Frame 2
285.9542 	EXP 	Display Frame 3
285.9876 	EXP 	Display Frame 4
286.0208 	EXP 	Display Frame 5
286.0541 	EXP 	Display Frame 6
286.0874 	EXP 	Display Frame 7
286.1208 	EXP 	Display Frame 8
286.1541 	EXP 	Display Frame 9
286.1874 	EXP 	Display Frame 0
286.2208 	EXP 	Display Frame 1
286.2541 	EXP 	Display Frame 2
286.2874 	EXP 	Display Frame 3
286.3208 	EXP 	Display Frame 4
286.3541 	EXP 	Display Frame 5
286.3874 	EXP 	Display Frame 6
286.4208 	EXP 	Display Frame 7
286.4541 	EXP 	Display Frame 8
286.4874 	EXP 	Display Frame 9
286.5208 	EXP 	Display Frame 0
286.5541 	EXP 	Display Frame 1
286.5874 	EXP 	Display Frame 2
286.6208 	EXP 	Display Frame 3
286.6541 	EXP 	Display Frame 4
286.6875 	EXP 	Display Frame 5
286.7208 	EXP 	Display Frame 6
286.7541 	EXP 	Display Frame 7
286.7875 	EXP 	Display Frame 8
286.8208 	EXP 	Display Frame 9
286.8541 	EXP 	Display Frame 0
286.8874 	EXP 	Display Frame 1
286.9208 	EXP 	Display Frame 2
286.9541 	EXP 	Display Frame 3
286.9875 	EXP 	Display Frame 4
287.0208 	EXP 	Display Frame 5
287.0541 	EXP 	Display Frame 6
287.0874 	EXP 	Display Frame 7
287.1208 	EXP 	Display Frame 8
287.1541 	EXP 	Display Frame 9
287.1874 	EXP 	Display Frame 0
287.2208 	EXP 	Display Frame 1
287.2541 	EXP 	Display Frame 2
287.2875 	EXP 	Display Frame 3
287.3207 	EXP 	Display Frame 4
287.3541 	EXP 	Display Frame 5
287.3874 	EXP 	Display Frame 6
287.4208 	EXP 	Display Frame 7
287.4541 	EXP 	Display Frame 8
287.4874 	EXP 	Display Frame 9
287.5208 	EXP 	Display Frame 0
287.5541 	EXP 	Display Frame 1
287.5875 	EXP 	Display Frame 2
287.6208 	EXP 	Display Frame 3
287.6541 	EXP 	Display Frame 4
287.6875 	EXP 	Display Frame 5
287.7208 	EXP 	Display Frame 6
287.7541 	EXP 	Display Frame 7
287.7874 	EXP 	Display Frame 8
287.8208 	EXP 	Display Frame 9
287.8541 	EXP 	Display Frame 0
287.8874 	EXP 	Display Frame 1
287.9208 	EXP 	Display Frame 2
287.9541 	EXP 	Display Frame 3
287.9874 	EXP 	Display Frame 4
288.0208 	EXP 	Display Frame 5
288.0541 	EXP 	Display Frame 6
288.0874 	EXP 	Display Frame 7
288.1208 	EXP 	Display Frame 8
288.1541 	EXP 	Display Frame 9
288.1875 	EXP 	Display Frame 0
288.2208 	EXP 	Display Frame 1
288.2541 	EXP 	Display Frame 2
288.2874 	EXP 	Display Frame 3
288.3208 	EXP 	Display Frame 4
288.3541 	EXP 	Display Frame 5
288.3874 	EXP 	Display Frame 6
288.4208 	EXP 	Display Frame 7
288.4541 	EXP 	Display Frame 8
288.4874 	EXP 	Display Frame 9
288.5208 	EXP 	Display Frame 0
288.5541 	EXP 	Display Frame 1
288.5874 	EXP 	Display Frame 2
288.6207 	EXP 	Display Frame 3
288.6541 	EXP 	Display Frame 4
288.6874 	EXP 	Display Frame 5
288.7208 	EXP 	Display Frame 6
288.7541 	EXP 	Display Frame 7
288.7874 	EXP 	Display Frame 8
288.8208 	EXP 	Display Frame 9
288.8541 	EXP 	Display Frame 0
288.8874 	EXP 	Display Frame 1
288.9208 	EXP 	Display Frame 2
288.9541 	EXP 	Display Frame 3
288.9874 	EXP 	Display Frame 4
289.0208 	EXP 	Display Frame 5
289.0541 	EXP 	Display Frame 6
289.0875 	EXP 	Display Frame 7
289.1208 	EXP 	Display Frame 8
289.1541 	EXP 	Display Frame 9
289.1874 	EXP 	Display Frame 0
289.2208 	EXP 	Display Frame 1
289.2541 	EXP 	Display Frame 2
289.2874 	EXP 	Display Frame 3
289.3208 	EXP 	Display Frame 4
289.3541 	EXP 	Display Frame 5
289.3874 	EXP 	Display Frame 6
289.4208 	EXP 	Display Frame 7
289.4541 	EXP 	Display Frame 8
289.4875 	EXP 	Display Frame 9
289.5208 	EXP 	Display Frame 0
289.5541 	EXP 	Display Frame 1
289.5874 	EXP 	Display Frame 2
289.6208 	EXP 	Display Frame 3
289.6541 	EXP 	Display Frame 4
289.6874 	EXP 	Display Frame 5
289.7208 	EXP 	Display Frame 6
289.7541 	EXP 	Display Frame 7
289.7874 	EXP 	Display Frame 8
289.8208 	EXP 	Display Frame 9
289.8541 	EXP 	Display Frame 0
289.8874 	EXP 	Display Frame 1
289.9208 	EXP 	Display Frame 2
289.9541 	EXP 	Display Frame 3
289.9874 	EXP 	Display Frame 4
290.0208 	EXP 	Display Frame 5
290.0541 	EXP 	Display Frame 6
290.0875 	EXP 	Display Frame 7
290.1208 	EXP 	Display Frame 8
290.1541 	EXP 	Display Frame 9
290.1874 	EXP 	Display Frame 0
290.2208 	EXP 	Display Frame 1
290.2541 	EXP 	Display Frame 2
290.2874 	EXP 	Display Frame 3
290.3208 	EXP 	Display Frame 4
290.3541 	EXP 	Display Frame 5
290.3875 	EXP 	Display Frame 6
290.4208 	EXP 	Display Frame 7
290.4541 	EXP 	Display Frame 8
290.4875 	EXP 	Display Frame 9
290.5208 	EXP 	Display Frame 0
290.5541 	EXP 	Display Frame 1
290.5874 	EXP 	Display Frame 2
290.6208 	EXP 	Display Frame 3
290.6542 	DATA 	Keypress: equal
290.6552 	EXP 	Display Frame 4
290.6875 	EXP 	Display Frame 5
290.7208 	EXP 	Display Frame 6
290.7541 	EXP 	Display Frame 7
290.7874 	EXP 	Display Frame 8
290.8208 	EXP 	Display Frame 9
290.8541 	EXP 	Display Frame 0
290.8874 	EXP 	Display Frame 1
290.9208 	EXP 	Display Frame 2
290.9541 	EXP 	Display Frame 3
290.9874 	EXP 	Display Frame 4
291.0208 	EXP 	Display Frame 5
291.0541 	EXP 	Display Frame 6
291.0874 	EXP 	Display Frame 7
291.1208 	EXP 	Display Frame 8
291.1541 	EXP 	Display Frame 9
291.1875 	EXP 	Display Frame 0
291.2208 	EXP 	Display Frame 1
291.2541 	EXP 	Display Frame 2
291.2875 	EXP 	Display Frame 3
291.3211 	EXP 	Display Frame 4
291.3541 	EXP 	Display Frame 5
291.3875 	EXP 	Display Frame 6
291.4208 	EXP 	Display Frame 7
291.4541 	EXP 	Display Frame 8
291.4875 	EXP 	Display Frame 9
291.5208 	EXP 	Display Frame 0
291.5541 	EXP 	Display Frame 1
291.5874 	EXP 	Display Frame 2
291.6208 	EXP 	Display Frame 3
291.6541 	EXP 	Display Frame 4
291.6874 	EXP 	Display Frame 5
291.7210 	EXP 	Display Frame 6
291.7541 	EXP 	Display Frame 7
291.7875 	EXP 	Display Frame 8
291.8208 	EXP 	Display Frame 9
291.8541 	EXP 	Display Frame 0
291.8874 	EXP 	Display Frame 1
291.9208 	EXP 	Display Frame 2
291.9541 	EXP 	Display Frame 3
291.9874 	EXP 	Display Frame 4
292.0208 	EXP 	Display Frame 5
292.0541 	EXP 	Display Frame 6
292.0875 	EXP 	Display Frame 7
292.1208 	EXP 	Display Frame 8
292.1541 	EXP 	Display Frame 9
292.1874 	EXP 	Display Frame 0
292.2208 	EXP 	Display Frame 1
292.2541 	EXP 	Display Frame 2
292.2874 	EXP 	Display Frame 3
292.3208 	EXP 	Display Frame 4
292.3541 	EXP 	Display Frame 5
292.3874 	EXP 	Display Frame 6
292.4208 	EXP 	Display Frame 7
292.4541 	EXP 	Display Frame 8
292.4874 	EXP 	Display Frame 9
292.5208 	EXP 	Display Frame 0
292.5541 	EXP 	Display Frame 1
292.5874 	EXP 	Display Frame 2
292.6208 	EXP 	Display Frame 3
292.6541 	EXP 	Display Frame 4
292.6875 	EXP 	Display Frame 5
292.7208 	EXP 	Display Frame 6
292.7541 	EXP 	Display Frame 7
292.7874 	EXP 	Display Frame 8
292.8208 	EXP 	Display Frame 9
292.8541 	EXP 	Display Frame 0
292.8874 	EXP 	Display Frame 1
292.9208 	EXP 	Display Frame 2
292.9541 	EXP 	Display Frame 3
292.9875 	EXP 	Display Frame 4
293.0208 	EXP 	Display Frame 5
293.0541 	EXP 	Display Frame 6
293.0874 	EXP 	Display Frame 7
293.1208 	EXP 	Display Frame 8
293.1541 	EXP 	Display Frame 9
293.1875 	EXP 	Display Frame 0
293.2208 	EXP 	Display Frame 1
293.2541 	EXP 	Display Frame 2
293.2875 	EXP 	Display Frame 3
293.3208 	EXP 	Display Frame 4
293.3541 	EXP 	Display Frame 5
293.3874 	EXP 	Display Frame 6
293.4208 	EXP 	Display Frame 7
293.4541 	EXP 	Display Frame 8
293.4874 	EXP 	Display Frame 9
293.5208 	EXP 	Display Frame 0
293.5541 	EXP 	Display Frame 1
293.5874 	EXP 	Display Frame 2
293.6208 	EXP 	Display Frame 3
293.6541 	EXP 	Display Frame 4
293.6875 	EXP 	Display Frame 5
293.7208 	EXP 	Display Frame 6
293.7541 	EXP 	Display Frame 7
293.7874 	EXP 	Display Frame 8
293.8208 	EXP 	Display Frame 9
293.8541 	EXP 	Display Frame 0
293.8874 	EXP 	Display Frame 1
293.9208 	EXP 	Display Frame 2
293.9541 	EXP 	Display Frame 3
293.9875 	EXP 	Display Frame 4
294.0208 	EXP 	Display Frame 5
294.0541 	EXP 	Display Frame 6
294.0874 	EXP 	Display Frame 7
294.1208 	EXP 	Display Frame 8
294.1541 	EXP 	Display Frame 9
294.1875 	EXP 	Display Frame 0
294.2208 	EXP 	Display Frame 1
294.2541 	EXP 	Display Frame 2
294.2875 	EXP 	Display Frame 3
294.3208 	EXP 	Display Frame 4
294.3541 	EXP 	Display Frame 5
294.3874 	EXP 	Display Frame 6
294.4208 	EXP 	Display Frame 7
294.4541 	EXP 	Display Frame 8
294.4874 	EXP 	Display Frame 9
294.5208 	EXP 	Display Frame 0
294.5541 	EXP 	Display Frame 1
294.5884 	EXP 	Display Frame 2
294.6208 	EXP 	Display Frame 3
294.6541 	EXP 	Display Frame 4
294.6874 	EXP 	Display Frame 5
294.7208 	EXP 	Display Frame 6
294.7541 	EXP 	Display Frame 7
294.7874 	EXP 	Display Frame 8
294.8208 	EXP 	Display Frame 9
294.8541 	EXP 	Display Frame 0
294.8874 	EXP 	Display Frame 1
294.9207 	EXP 	Display Frame 2
294.9541 	EXP 	Display Frame 3
294.9874 	EXP 	Display Frame 4
295.0207 	EXP 	Display Frame 5
295.0541 	EXP 	Display Frame 6
295.0874 	EXP 	Display Frame 7
295.1208 	EXP 	Display Frame 8
295.1541 	EXP 	Display Frame 9
295.1875 	EXP 	Display Frame 0
295.2208 	EXP 	Display Frame 1
295.2541 	EXP 	Display Frame 2
295.2874 	EXP 	Display Frame 3
295.3208 	EXP 	Display Frame 4
295.3541 	EXP 	Display Frame 5
295.3875 	EXP 	Display Frame 6
295.4208 	EXP 	Display Frame 7
295.4541 	EXP 	Display Frame 8
295.4874 	EXP 	Display Frame 9
295.5208 	EXP 	Display Frame 0
295.5541 	EXP 	Display Frame 1
295.5874 	EXP 	Display Frame 2
295.6208 	EXP 	Display Frame 3
295.6541 	EXP 	Display Frame 4
295.6875 	EXP 	Display Frame 5
295.7208 	EXP 	Display Frame 6
295.7541 	EXP 	Display Frame 7
295.7874 	EXP 	Display Frame 8
295.8208 	EXP 	Display Frame 9
295.8216 	DATA 	Keypress: equal
295.8541 	EXP 	Display Frame 0
295.8874 	EXP 	Display Frame 1
295.9208 	EXP 	Display Frame 2
295.9541 	EXP 	Display Frame 3
295.9874 	EXP 	Display Frame 4
296.0208 	EXP 	Display Frame 5
296.0541 	EXP 	Display Frame 6
296.0874 	EXP 	Display Frame 7
296.1208 	EXP 	Display Frame 8
296.1541 	EXP 	Display Frame 9
296.1874 	EXP 	Display Frame 0
296.2208 	EXP 	Display Frame 1
296.2541 	EXP 	Display Frame 2
296.2874 	EXP 	Display Frame 3
296.3208 	EXP 	Display Frame 4
296.3542 	EXP 	Display Frame 5
296.3874 	EXP 	Display Frame 6
296.4208 	EXP 	Display Frame 7
296.4541 	EXP 	Display Frame 8
296.4874 	EXP 	Display Frame 9
296.5208 	EXP 	Display Frame 0
296.5541 	EXP 	Display Frame 1
296.5874 	EXP 	Display Frame 2
296.6209 	EXP 	Display Frame 3
296.6542 	EXP 	Display Frame 4
296.6874 	EXP 	Display Frame 5
296.7208 	EXP 	Display Frame 6
296.7541 	EXP 	Display Frame 7
296.7875 	EXP 	Display Frame 8
296.8208 	EXP 	Display Frame 9
296.8541 	EXP 	Display Frame 0
296.8874 	EXP 	Display Frame 1
296.9208 	EXP 	Display Frame 2
296.9541 	EXP 	Display Frame 3
296.9874 	EXP 	Display Frame 4
297.0208 	EXP 	Display Frame 5
297.0541 	EXP 	Display Frame 6
297.0874 	EXP 	Display Frame 7
297.1208 	EXP 	Display Frame 8
297.1541 	EXP 	Display Frame 9
297.1875 	EXP 	Display Frame 0
297.2208 	EXP 	Display Frame 1
297.2541 	EXP 	Display Frame 2
297.2874 	EXP 	Display Frame 3
297.3208 	EXP 	Display Frame 4
297.3541 	EXP 	Display Frame 5
297.3875 	EXP 	Display Frame 6
297.4208 	EXP 	Display Frame 7
297.4541 	EXP 	Display Frame 8
297.4875 	EXP 	Display Frame 9
297.5208 	EXP 	Display Frame 0
297.5541 	EXP 	Display Frame 1
297.5874 	EXP 	Display Frame 2
297.6208 	EXP 	Display Frame 3
297.6541 	EXP 	Display Frame 4
297.6875 	EXP 	Display Frame 5
297.7208 	EXP 	Display Frame 6
297.7541 	EXP 	Display Frame 7
297.7874 	EXP 	Display Frame 8
297.8208 	EXP 	Display Frame 9
297.8541 	EXP 	Display Frame 0
297.8874 	EXP 	Display Frame 1
297.9208 	EXP 	Display Frame 2
297.9541 	EXP 	Display Frame 3
297.9874 	EXP 	Display Frame 4
298.0208 	EXP 	Display Frame 5
298.0543 	EXP 	Display Frame 6
298.0875 	EXP 	Display Frame 7
298.1208 	EXP 	Display Frame 8
298.1541 	EXP 	Display Frame 9
298.1875 	EXP 	Display Frame 0
298.2208 	EXP 	Display Frame 1
298.2541 	EXP 	Display Frame 2
298.2874 	EXP 	Display Frame 3
298.3208 	EXP 	Display Frame 4
298.3555 	EXP 	Display Frame 5
298.3875 	EXP 	Display Frame 6
298.4208 	EXP 	Display Frame 7
298.4541 	EXP 	Display Frame 8
298.4875 	EXP 	Display Frame 9
298.5208 	EXP 	Display Frame 0
298.5541 	EXP 	Display Frame 1
298.5874 	EXP 	Display Frame 2
298.6208 	EXP 	Display Frame 3
298.6541 	EXP 	Display Frame 4
298.6875 	EXP 	Display Frame 5
298.7208 	EXP 	Display Frame 6
298.7541 	EXP 	Display Frame 7
298.7874 	EXP 	Display Frame 8
298.8208 	EXP 	Display Frame 9
298.8541 	EXP 	Display Frame 0
298.8874 	EXP 	Display Frame 1
298.9208 	EXP 	Display Frame 2
298.9541 	EXP 	Display Frame 3
298.9874 	EXP 	Display Frame 4
299.0208 	EXP 	Display Frame 5
299.0541 	EXP 	Display Frame 6
299.0874 	EXP 	Display Frame 7
299.1208 	EXP 	Display Frame 8
299.1541 	EXP 	Display Frame 9
299.1874 	EXP 	Display Frame 0
299.2208 	EXP 	Display Frame 1
299.2541 	EXP 	Display Frame 2
299.2874 	EXP 	Display Frame 3
299.3208 	EXP 	Display Frame 4
299.3541 	EXP 	Display Frame 5
299.3875 	EXP 	Display Frame 6
299.4208 	EXP 	Display Frame 7
299.4541 	EXP 	Display Frame 8
299.4874 	EXP 	Display Frame 9
299.5208 	EXP 	Display Frame 0
299.5541 	EXP 	Display Frame 1
299.5875 	EXP 	Display Frame 2
299.6208 	EXP 	Display Frame 3
299.6541 	EXP 	Display Frame 4
299.6874 	EXP 	Display Frame 5
299.7208 	EXP 	Display Frame 6
299.7541 	EXP 	Display Frame 7
299.7874 	EXP 	Display Frame 8
299.8208 	EXP 	Display Frame 9
299.8541 	EXP 	Display Frame 0
299.8874 	EXP 	Display Frame 1
299.9208 	EXP 	Display Frame 2
299.9541 	EXP 	Display Frame 3
299.9874 	EXP 	Display Frame 4
300.0208 	EXP 	Display Frame 5
300.0541 	EXP 	Display Frame 6
300.0874 	EXP 	Display Frame 7
300.1208 	EXP 	Display Frame 8
300.1541 	EXP 	Display Frame 9
300.1874 	EXP 	Display Frame 0
300.2208 	EXP 	Display Frame 1
300.2541 	EXP 	Display Frame 2
300.2874 	EXP 	Display Frame 3
300.3208 	EXP 	Display Frame 4
300.3541 	EXP 	Display Frame 5
300.3875 	EXP 	Display Frame 6
300.4208 	EXP 	Display Frame 7
300.4541 	EXP 	Display Frame 8
300.4874 	EXP 	Display Frame 9
300.5208 	EXP 	Display Frame 0
300.5541 	EXP 	Display Frame 1
300.5874 	EXP 	Display Frame 2
300.6208 	EXP 	Display Frame 3
300.6541 	EXP 	Display Frame 4
300.6874 	EXP 	Display Frame 5
300.7208 	EXP 	Display Frame 6
300.7541 	EXP 	Display Frame 7
300.7875 	EXP 	Display Frame 8
300.8207 	EXP 	Display Frame 9
300.8542 	EXP 	Display Frame 0
300.8874 	EXP 	Display Frame 1
300.9208 	EXP 	Display Frame 2
300.9541 	EXP 	Display Frame 3
300.9874 	EXP 	Display Frame 4
301.0208 	DATA 	Keypress: equal
301.0219 	EXP 	Display Frame 5
301.0317 	EXP 	Display Fixation
306.2102 	DATA 	Keypress: equal
311.4024 	DATA 	Keypress: equal
316.5954 	DATA 	Keypress: equal
321.7895 	DATA 	Keypress: equal
326.9825 	DATA 	Keypress: equal
332.1765 	DATA 	Keypress: equal
332.2110 	EXP 	Display Frame 1
332.2442 	EXP 	Display Frame 2
332.2776 	EXP 	Display Frame 3
332.3108 	EXP 	Display Frame 4
332.3442 	EXP 	Display Frame 5
332.3775 	EXP 	Display Frame 6
332.4108 	EXP 	Display Frame 7
332.4442 	EXP 	Display Frame 8
332.4775 	EXP 	Display Frame 9
332.5108 	EXP 	Display Frame 0
332.5442 	EXP 	Display Frame 1
332.5775 	EXP 	Display Frame 2
332.6108 	EXP 	Display Frame 3
332.6442 	EXP 	Display Frame 4
332.6775 	EXP 	Display Frame 5
332.7108 	EXP 	Display Frame 6
332.7441 	EXP 	Display Frame 7
332.7775 	EXP 	Display Frame 8
332.8108 	EXP 	Display Frame 9
332.8441 	EXP 	Display Frame 0
332.8775 	EXP 	Display Frame 1
332.9108 	EXP 	Display Frame 2
332.9441 	EXP 	Display Frame 3
332.9775 	EXP 	Display Frame 4
333.0108 	EXP 	Display Frame 5
333.0441 	EXP 	Display Frame 6
333.0775 	EXP 	Display Frame 7
333.1108 	EXP 	Display Frame 8
333.1441 	EXP 	Display Frame 9
333.1775 	EXP 	Display Frame 0
333.2107 	EXP 	Display Frame 1
333.2442 	EXP 	Display Frame 2
333.2775 	EXP 	Display Frame 3
333.3108 	EXP 	Display Frame 4
333.3441 	EXP 	Display Frame 5
333.3775 	EXP 	Display Frame 6
333.4108 	EXP 	Display Frame 7
333.4441 	EXP 	Display Frame 8
333.4774 	EXP 	Display Frame 9
333.5108 	EXP 	Display Frame 0
333.5442 	EXP 	Display Frame 1
333.5775 	EXP 	Display Frame 2
333.6108 	EXP 	Display Frame 3
333.6441 	EXP 	Display Frame 4
333.6774 	EXP 	Display Frame 5
333.7108 	EXP 	Display Frame 6
333.7441 	EXP 	Display Frame 7
333.7775 	EXP 	Display Frame 8
333.8108 	EXP 	Display Frame 9
333.8441 	EXP 	Display Frame 0
333.8774 	EXP 	Display Frame 1
333.9109 	EXP 	Display Frame 2
333.9441 	EXP 	Display Frame 3
333.9774 	EXP 	Display Frame 4
334.0108 	EXP 	Display Frame 5
334.0441 	EXP 	Display Frame 6
334.0774 	EXP 	Display Frame 7
334.1108 	EXP 	Display Frame 8
334.1441 	EXP 	Display Frame 9
334.1774 	EXP 	Display Frame 0
334.2107 	EXP 	Display Frame 1
334.2441 	EXP 	Display Frame 2
334.2774 	EXP 	Display Frame 3
334.3108 	EXP 	Display Frame 4
334.3441 	EXP 	Display Frame 5
334.3775 	EXP 	Display Frame 6
334.4108 	EXP 	Display Frame 7
334.4442 	EXP 	Display Frame 8
334.4775 	EXP 	Display Frame 9
334.5108 	EXP 	Display Frame 0
334.5441 	EXP 	Display Frame 1
334.5775 	EXP 	Display Frame 2
334.6108 	EXP 	Display Frame 3
334.6441 	EXP 	Display Frame 4
334.6775 	EXP 	Display Frame 5
334.7108 	EXP 	Display Frame 6
334.7441 	EXP 	Display Frame 7
334.7774 	EXP 	Display Frame 8
334.8108 	EXP 	Display Frame 9
334.8441 	EXP 	Display Frame 0
334.8775 	EXP 	Display Frame 1
334.9108 	EXP 	Display Frame 2
334.9441 	EXP 	Display Frame 3
334.9775 	EXP 	Display Frame 4
335.0108 	EXP 	Display Frame 5
335.0441 	EXP 	Display Frame 6
335.0775 	EXP 	Display Frame 7
335.1108 	EXP 	Display Frame 8
335.1441 	EXP 	Display Frame 9
335.1775 	EXP 	Display Frame 0
335.2107 	EXP 	Display Frame 1
335.2441 	EXP 	Display Frame 2
335.2775 	EXP 	Display Frame 3
335.3108 	EXP 	Display Frame 4
335.3441 	EXP 	Display Frame 5
335.3775 	EXP 	Display Frame 6
335.4108 	EXP 	Display Frame 7
335.4441 	EXP 	Display Frame 8
335.4775 	EXP 	Display Frame 9
335.5108 	EXP 	Display Frame 0
335.5441 	EXP 	Display Frame 1
335.5777 	EXP 	Display Frame 2
335.6111 	EXP 	Display Frame 3
335.6443 	EXP 	Display Frame 4
335.6775 	EXP 	Display Frame 5
335.7108 	EXP 	Display Frame 6
335.7441 	EXP 	Display Frame 7
335.7774 	EXP 	Display Frame 8
335.8108 	EXP 	Display Frame 9
335.8441 	EXP 	Display Frame 0
335.8775 	EXP 	Display Frame 1
335.9108 	EXP 	Display Frame 2
335.9441 	EXP 	Display Frame 3
335.9775 	EXP 	Display Frame 4
336.0108 	EXP 	Display Frame 5
336.0441 	EXP 	Display Frame 6
336.0775 	EXP 	Display Frame 7
336.1108 	EXP 	Display Frame 8
336.1443 	EXP 	Display Frame 9
336.1775 	EXP 	Display Frame 0
336.2107 	EXP 	Display Frame 1
336.2441 	EXP 	Display Frame 2
336.2774 	EXP 	Display Frame 3
336.3108 	EXP 	Display Frame 4
336.3441 	EXP 	Display Frame 5
336.3775 	EXP 	Display Frame 6
336.4108 	EXP 	Display Frame 7
336.4441 	EXP 	Display Frame 8
336.4775 	EXP 	Display Frame 9
336.5108 	EXP 	Display Frame 0
336.5441 	EXP 	Display Frame 1
336.5781 	EXP 	Display Frame 2
336.6108 	EXP 	Display Frame 3
336.6442 	EXP 	Display Frame 4
336.6775 	EXP 	Display Frame 5
336.7108 	EXP 	Display Frame 6
336.7441 	EXP 	Display Frame 7
336.7775 	EXP 	Display Frame 8
336.8108 	EXP 	Display Frame 9
336.8441 	EXP 	Display Frame 0
336.8774 	EXP 	Display Frame 1
336.9108 	EXP 	Display Frame 2
336.9441 	EXP 	Display Frame 3
336.9775 	EXP 	Display Frame 4
337.0108 	EXP 	Display Frame 5
337.0441 	EXP 	Display Frame 6
337.0775 	EXP 	Display Frame 7
337.1108 	EXP 	Display Frame 8
337.1441 	EXP 	Display Frame 9
337.1775 	EXP 	Display Frame 0
337.2107 	EXP 	Display Frame 1
337.2441 	EXP 	Display Frame 2
337.2774 	EXP 	Display Frame 3
337.3108 	EXP 	Display Frame 4
337.3441 	EXP 	Display Frame 5
337.3776 	DATA 	Keypress: equal
337.3786 	EXP 	Display Frame 6
337.4108 	EXP 	Display Frame 7
337.4441 	EXP 	Display Frame 8
337.4775 	EXP 	Display Frame 9
337.5108 	EXP 	Display Frame 0
337.5441 	EXP 	Display Frame 1
337.5775 	EXP 	Display Frame 2
337.6108 	EXP 	Display Frame 3
337.6441 	EXP 	Display Frame 4
337.6775 	EXP 	Display Frame 5
337.7108 	EXP 	Display Frame 6
337.7441 	EXP 	Display Frame 7
337.7775 	EXP 	Display Frame 8
337.8108 	EXP 	Display Frame 9
337.8441 	EXP 	Display Frame 0
337.8775 	EXP 	Display Frame 1
337.9108 	EXP 	Display Frame 2
337.9441 	EXP 	Display Frame 3
337.9790 	EXP 	Display Frame 4
338.0108 	EXP 	Display Frame 5
338.0441 	EXP 	Display Frame 6
338.0775 	EXP 	Display Frame 7
338.1108 	EXP 	Display Frame 8
338.1441 	EXP 	Display Frame 9
338.1775 	EXP 	Display Frame 0
338.2108 	EXP 	Display Frame 1
338.2441 	EXP 	Display Frame 2
338.2775 	EXP 	Display Frame 3
338.3108 	EXP 	Display Frame 4
338.3441 	EXP 	Display Frame 5
338.3775 	EXP 	Display Frame 6
338.4108 	EXP 	Display Frame 7
338.4441 	EXP 	Display Frame 8
338.4781 	EXP 	Display Frame 9
338.5108 	EXP 	Display Frame 0
338.5441 	EXP 	Display Frame 1
338.5775 	EXP 	Display Frame 2
338.6108 	EXP 	Display Frame 3
338.6441 	EXP 	Display Frame 4
338.6775 	EXP 	Display Frame 5
338.7108 	EXP 	Display Frame 6
338.7441 	EXP 	Display Frame 7
338.7775 	EXP 	Display Frame 8
338.8108 	EXP 	Display Frame 9
338.8441 	EXP 	Display Frame 0
338.8775 	EXP 	Display Frame 1
338.9108 	EXP 	Display Frame 2
338.9441 	EXP 	Display Frame 3
338.9775 	EXP 	Display Frame 4
339.0108 	EXP 	Display Frame 5
339.0441 	EXP 	Display Frame 6
339.0774 	EXP 	Display Frame 7
339.1108 	EXP 	Display Frame 8
339.1441 	EXP 	Display Frame 9
339.1774 	EXP 	Display Frame 0
339.2107 	EXP 	Display Frame 1
339.2443 	EXP 	Display Frame 2
339.2775 	EXP 	Display Frame 3
339.3108 	EXP 	Display Frame 4
339.3441 	EXP 	Display Frame 5
339.3774 	EXP 	Display Frame 6
339.4108 	EXP 	Display Frame 7
339.4441 	EXP 	Display Frame 8
339.4774 	EXP 	Display Frame 9
339.5108 	EXP 	Display Frame 0
339.5441 	EXP 	Display Frame 1
339.5775 	EXP 	Display Frame 2
339.6108 	EXP 	Display Frame 3
339.6441 	EXP 	Display Frame 4
339.6774 	EXP 	Display Frame 5
339.7108 	EXP 	Display Frame 6
339.7441 	EXP 	Display Frame 7
339.7775 	EXP 	Display Frame 8
339.8108 	EXP 	Display Frame 9
339.8441 	EXP 	Display Frame 0
339.8774 	EXP 	Display Frame 1
339.9108 	EXP 	Display Frame 2
339.9441 	EXP 	Display Frame 3
339.9774 	EXP 	Display Frame 4
340.0108 	EXP 	Display Frame 5
340.0441 	EXP 	Display Frame 6
340.0774 	EXP 	Display Frame 7
340.1108 	EXP 	Display Frame 8
340.1441 	EXP 	Display Frame 9
340.1775 	EXP 	Display Frame 0
340.2107 	EXP 	Display Frame 1
340.2441 	EXP 	Display Frame 2
340.2774 	EXP 	Display Frame 3
340.3108 	EXP 	Display Frame 4
340.3441 	EXP 	Display Frame 5
340.3774 	EXP 	Display Frame 6
340.4108 	EXP 	Display Frame 7
340.4441 	EXP 	Display Frame 8
340.4775 	EXP 	Display Frame 9
340.5108 	EXP 	Display Frame 0
340.5441 	EXP 	Display Frame 1
340.5774 	EXP 	Display Frame 2
340.6108 	EXP 	Display Frame 3
340.6441 	EXP 	Display Frame 4
340.6774 	EXP 	Display Frame 5
340.7108 	EXP 	Display Frame 6
340.7441 	EXP 	Display Frame 7
340.7775 	EXP 	Display Frame 8
340.8108 	EXP 	Display Frame 9
340.8441 	EXP 	Display Frame 0
340.8774 	EXP 	Display Frame 1
340.9108 	EXP 	Display Frame 2
340.9441 	EXP 	Display Frame 3
340.9774 	EXP 	Display Frame 4
341.0108 	EXP 	Display Frame 5
341.0441 	EXP 	Display Frame 6
341.0775 	EXP 	Display Frame 7
341.1108 	EXP 	Display Frame 8
341.1455 	EXP 	Display Frame 9
341.1775 	EXP 	Display Frame 0
341.2107 	EXP 	Display Frame 1
341.2441 	EXP 	Display Frame 2
341.2775 	EXP 	Display Frame 3
341.3108 	EXP 	Display Frame 4
341.3441 	EXP 	Display Frame 5
341.3775 	EXP 	Display Frame 6
341.4108 	EXP 	Display Frame 7
341.4441 	EXP 	Display Frame 8
341.4774 	EXP 	Display Frame 9
341.5108 	EXP 	Display Frame 0
341.5441 	EXP 	Display Frame 1
341.5775 	EXP 	Display Frame 2
341.6108 	EXP 	Display Frame 3
341.6441 	EXP 	Display Frame 4
341.6774 	EXP 	Display Frame 5
341.7108 	EXP 	Display Frame 6
341.7441 	EXP 	Display Frame 7
341.7774 	EXP 	Display Frame 8
341.8108 	EXP 	Display Frame 9
341.8441 	EXP 	Display Frame 0
341.8775 	EXP 	Display Frame 1
341.9108 	EXP 	Display Frame 2
341.9442 	EXP 	Display Frame 3
341.9775 	EXP 	Display Frame 4
342.0108 	EXP 	Display Frame 5
342.0441 	EXP 	Display Frame 6
342.0774 	EXP 	Display Frame 7
342.1108 	EXP 	Display Frame 8
342.1441 	EXP 	Display Frame 9
342.1775 	EXP 	Display Frame 0
342.2108 	EXP 	Display Frame 1
342.2441 	EXP 	Display Frame 2
342.2775 	EXP 	Display Frame 3
342.3108 	EXP 	Display Frame 4
342.3441 	EXP 	Display Frame 5
342.3774 	EXP 	Display Frame 6
342.4108 	EXP 	Display Frame 7
342.4441 	EXP 	Display Frame 8
342.4777 	EXP 	Display Frame 9
342.5108 	EXP 	Display Frame 0
342.5441 	EXP 	Display Frame 1
342.5776 	DATA 	Keypress: equal
342.5786 	EXP 	Display Frame 2
342.6115 	EXP 	Display Frame 3
342.6441 	EXP 	Display Frame 4
342.6774 	EXP 	Display Frame 5
342.7108 	EXP 	Display Frame 6
342.7441 	EXP 	Display Frame 7
342.7774 	EXP 	Display Frame 8
342.8108 	EXP 	Display Frame 9
342.8441 	EXP 	Display Frame 0
342.8775 	EXP 	Display Frame 1
342.9108 	EXP 	Display Frame 2
342.9441 	EXP 	Display Frame 3
342.9774 	EXP 	Display Frame 4
343.0108 	EXP 	Display Frame 5
343.0441 	EXP 	Display Frame 6
343.0775 	EXP 	Display Frame 7
343.1108 	EXP 	Display Frame 8
343.1441 	EXP 	Display Frame 9
343.1775 	EXP 	Display Frame 0
343.2108 	EXP 	Display Frame 1
343.2441 	EXP 	Display Frame 2
343.2775 	EXP 	Display Frame 3
343.3108 	EXP 	Display Frame 4
343.3441 	EXP 	Display Frame 5
343.3775 	EXP 	Display Frame 6
343.4108 	EXP 	Display Frame 7
343.4441 	EXP 	Display Frame 8
343.4775 	EXP 	Display Frame 9
343.5108 	EXP 	Display Frame 0
343.5441 	EXP 	Display Frame 1
343.5774 	EXP 	Display Frame 2
343.6108 	EXP 	Display Frame 3
343.6441 	EXP 	Display Frame 4
343.6775 	EXP 	Display Frame 5
343.7108 	EXP 	Display Frame 6
343.7441 	EXP 	Display Frame 7
343.7775 	EXP 	Display Frame 8
343.8108 	EXP 	Display Frame 9
343.8441 	EXP 	Display Frame 0
343.8774 	EXP 	Display Frame 1
343.9108 	EXP 	Display Frame 2
343.9441 	EXP 	Display Frame 3
343.9775 	EXP 	Display Frame 4
344.0108 	EXP 	Display Frame 5
344.0441 	EXP 	Display Frame 6
344.0775 	EXP 	Display Frame 7
344.1108 	EXP 	Display Frame 8
344.1441 	EXP 	Display Frame 9
344.1775 	EXP 	Display Frame 0
344.2107 	EXP 	Display Frame 1
344.2441 	EXP 	Display Frame 2
344.2774 	EXP 	Display Frame 3
344.3108 	EXP 	Display Frame 4
344.3441 	EXP 	Display Frame 5
344.3775 	EXP 	Display Frame 6
344.4108 	EXP 	Display Frame 7
344.4441 	EXP 	Display Frame 8
344.4774 	EXP 	Display Frame 9
344.5108 	EXP 	Display Frame 0
344.5441 	EXP 	Display Frame 1
344.5776 	EXP 	Display Frame 2
344.6108 	EXP 	Display Frame 3
344.6441 	EXP 	Display Frame 4
344.6775 	EXP 	Display Frame 5
344.7221 	EXP 	Display Frame 6
344.7442 	EXP 	Display Frame 7
344.7774 	EXP 	Display Frame 8
344.8108 	EXP 	Display Frame 9
344.8441 	EXP 	Display Frame 0
344.8775 	EXP 	Display Frame 1
344.9108 	EXP 	Display Frame 2
344.9441 	EXP 	Display Frame 3
344.9775 	EXP 	Display Frame 4
345.0108 	EXP 	Display Frame 5
345.0441 	EXP 	Display Frame 6
345.0775 	EXP 	Display Frame 7
345.1108 	EXP 	Display Frame 8
345.1441 	EXP 	Display Frame 9
345.1775 	EXP 	Display Frame 0
345.2107 	EXP 	Display Frame 1
345.2441 	EXP 	Display Frame 2
345.2775 	EXP 	Display Frame 3
345.3108 	EXP 	Display Frame 4
345.3441 	EXP 	Display Frame 5
345.3774 	EXP 	Display Frame 6
345.4120 	EXP 	Display Frame 7
345.4441 	EXP 	Display Frame 8
345.4774 	EXP 	Display Frame 9
345.5108 	EXP 	Display Frame 0
345.5441 	EXP 	Display Frame 1
345.5774 	EXP 	Display Frame 2
345.6108 	EXP 	Display Frame 3
345.6441 	EXP 	Display Frame 4
345.6775 	EXP 	Display Frame 5
345.7108 	EXP 	Display Frame 6
345.7441 	EXP 	Display Frame 7
345.7774 	EXP 	Display Frame 8
345.8108 	EXP 	Display Frame 9
345.8441 	EXP 	Display Frame 0
345.8775 	EXP 	Display Frame 1
345.9108 	EXP 	Display Frame 2
345.9442 	EXP 	Display Frame 3
345.9775 	EXP 	Display Frame 4
346.0108 	EXP 	Display Frame 5
346.0441 	EXP 	Display Frame 6
346.0774 	EXP 	Display Frame 7
346.1108 	EXP 	Display Frame 8
346.1441 	EXP 	Display Frame 9
346.1775 	EXP 	Display Frame 0
346.2107 	EXP 	Display Frame 1
346.2441 	EXP 	Display Frame 2
346.2775 	EXP 	Display Frame 3
346.3108 	EXP 	Display Frame 4
346.3441 	EXP 	Display Frame 5
346.3774 	EXP 	Display Frame 6
346.4108 	EXP 	Display Frame 7
346.4441 	EXP 	Display Frame 8
346.4775 	EXP 	Display Frame 9
346.5108 	EXP 	Display Frame 0
346.5441 	EXP 	Display Frame 1
346.5775 	EXP 	Display Frame 2
346.6108 	EXP 	Display Frame 3
346.6441 	EXP 	Display Frame 4
346.6774 	EXP 	Display Frame 5
346.7108 	EXP 	Display Frame 6
346.7441 	EXP 	Display Frame 7
346.7775 	EXP 	Display Frame 8
346.8108 	EXP 	Display Frame 9
346.8441 	EXP 	Display Frame 0
346.8775 	EXP 	Display Frame 1
346.9108 	EXP 	Display Frame 2
346.9441 	EXP 	Display Frame 3
346.9774 	EXP 	Display Frame 4
347.0108 	EXP 	Display Frame 5
347.0441 	EXP 	Display Frame 6
347.0774 	EXP 	Display Frame 7
347.1108 	EXP 	Display Frame 8
347.1441 	EXP 	Display Frame 9
347.1775 	EXP 	Display Frame 0
347.2107 	EXP 	Display Frame 1
347.2441 	EXP 	Display Frame 2
347.2774 	EXP 	Display Frame 3
347.3108 	EXP 	Display Frame 4
347.3441 	EXP 	Display Frame 5
347.3775 	EXP 	Display Frame 6
347.4108 	EXP 	Display Frame 7
347.4441 	EXP 	Display Frame 8
347.4775 	EXP 	Display Frame 9
347.5108 	EXP 	Display Frame 0
347.5441 	EXP 	Display Frame 1
347.5774 	EXP 	Display Frame 2
347.6109 	EXP 	Display Frame 3
347.6441 	EXP 	Display Frame 4
347.6775 	EXP 	Display Frame 5
347.7108 	EXP 	Display Frame 6
347.7441 	EXP 	Display Frame 7
347.7775 	DATA 	Keypress: equal
347.7785 	EXP 	Display Frame 8
347.8108 	EXP 	Display Frame 9
347.8441 	EXP 	Display Frame 0
347.8774 	EXP 	Display Frame 1
347.9108 	EXP 	Display Frame 2
347.9441 	EXP 	Display Frame 3
347.9775 	EXP 	Display Frame 4
348.0108 	EXP 	Display Frame 5
348.0441 	EXP 	Display Frame 6
348.0775 	EXP 	Display Frame 7
348.1108 	EXP 	Display Frame 8
348.1441 	EXP 	Display Frame 9
348.1775 	EXP 	Display Frame 0
348.2107 	EXP 	Display Frame 1
348.2441 	EXP 	Display Frame 2
348.2775 	EXP 	Display Frame 3
348.3108 	EXP 	Display Frame 4
348.3441 	EXP 	Display Frame 5
348.3774 	EXP 	Display Frame 6
348.4108 	EXP 	Display Frame 7
348.4441 	EXP 	Display Frame 8
348.4774 	EXP 	Display Frame 9
348.5108 	EXP 	Display Frame 0
348.5441 	EXP 	Display Frame 1
348.5774 	EXP 	Display Frame 2
348.6108 	EXP 	Display Frame 3
348.6441 	EXP 	Display Frame 4
348.6775 	EXP 	Display Frame 5
348.7108 	EXP 	Display Frame 6
348.7441 	EXP 	Display Frame 7
348.7774 	EXP 	Display Frame 8
348.8110 	EXP 	Display Frame 9
348.8442 	EXP 	Display Frame 0
348.8775 	EXP 	Display Frame 1
348.9108 	EXP 	Display Frame 2
348.9441 	EXP 	Display Frame 3
348.9775 	EXP 	Display Frame 4
349.0108 	EXP 	Display Frame 5
349.0442 	EXP 	Display Frame 6
349.0774 	EXP 	Display Frame 7
349.1108 	EXP 	Display Frame 8
349.1441 	EXP 	Display Frame 9
349.1775 	EXP 	Display Frame 0
349.2107 	EXP 	Display Frame 1
349.2441 	EXP 	Display Frame 2
349.2775 	EXP 	Display Frame 3
349.3108 	EXP 	Display Frame 4
349.3442 	EXP 	Display Frame 5
349.3774 	EXP 	Display Frame 6
349.4108 	EXP 	Display Frame 7
349.4442 	EXP 	Display Frame 8
349.4774 	EXP 	Display Frame 9
349.5108 	EXP 	Display Frame 0
349.5441 	EXP 	Display Frame 1
349.5775 	EXP 	Display Frame 2
349.6108 	EXP 	Display Frame 3
349.6441 	EXP 	Display Frame 4
349.6774 	EXP 	Display Frame 5
349.7108 	EXP 	Display Frame 6
349.7441 	EXP 	Display Frame 7
349.7774 	EXP 	Display Frame 8
349.8108 	EXP 	Display Frame 9
349.8441 	EXP 	Display Frame 0
349.8774 	EXP 	Display Frame 1
349.9109 	EXP 	Display Frame 2
349.9442 	EXP 	Display Frame 3
349.9775 	EXP 	Display Frame 4
350.0108 	EXP 	Display Frame 5
350.0441 	EXP 	Display Frame 6
350.0775 	EXP 	Display Frame 7
350.1108 	EXP 	Display Frame 8
350.1441 	EXP 	Display Frame 9
350.1775 	EXP 	Display Frame 0
350.2107 	EXP 	Display Frame 1
350.2441 	EXP 	Display Frame 2
350.2775 	EXP 	Display Frame 3
350.3108 	EXP 	Display Frame 4
350.3441 	EXP 	Display Frame 5
350.3775 	EXP 	Display Frame 6
350.4108 	EXP 	Display Frame 7
350.4441 	EXP 	Display Frame 8
350.4775 	EXP 	Display Frame 9
350.5108 	EXP 	Display Frame 0
350.5441 	EXP 	Display Frame 1
350.5775 	EXP 	Display Frame 2
350.6108 	EXP 	Display Frame 3
350.6441 	EXP 	Display Frame 4
350.6774 	EXP 	Display Frame 5
350.7108 	EXP 	Display Frame 6
350.7441 	EXP 	Display Frame 7
350.7775 	EXP 	Display Frame 8
350.8108 	EXP 	Display Frame 9
350.8441 	EXP 	Display Frame 0
350.8775 	EXP 	Display Frame 1
350.9108 	EXP 	Display Frame 2
350.9441 	EXP 	Display Frame 3
350.9775 	EXP 	Display Frame 4
351.0108 	EXP 	Display Frame 5
351.0441 	EXP 	Display Frame 6
351.0775 	EXP 	Display Frame 7
351.1108 	EXP 	Display Frame 8
351.1441 	EXP 	Display Frame 9
351.1775 	EXP 	Display Frame 0
351.2107 	EXP 	Display Frame 1
351.2441 	EXP 	Display Frame 2
351.2774 	EXP 	Display Frame 3
351.3108 	EXP 	Display Frame 4
351.3441 	EXP 	Display Frame 5
351.3775 	EXP 	Display Frame 6
351.4108 	EXP 	Display Frame 7
351.4441 	EXP 	Display Frame 8
351.4774 	EXP 	Display Frame 9
351.5108 	EXP 	Display Frame 0
351.5441 	EXP 	Display Frame 1
351.5774 	EXP 	Display Frame 2
351.6108 	EXP 	Display Frame 3
351.6441 	EXP 	Display Frame 4
351.6775 	EXP 	Display Frame 5
351.7108 	EXP 	Display Frame 6
351.7441 	EXP 	Display Frame 7
351.7774 	EXP 	Display Frame 8
351.8108 	EXP 	Display Frame 9
351.8441 	EXP 	Display Frame 0
351.8775 	EXP 	Display Frame 1
351.9108 	EXP 	Display Frame 2
351.9441 	EXP 	Display Frame 3
351.9775 	EXP 	Display Frame 4
352.0108 	EXP 	Display Frame 5
352.0441 	EXP 	Display Frame 6
352.0774 	EXP 	Display Frame 7
352.1108 	EXP 	Display Frame 8
352.1441 	EXP 	Display Frame 9
352.1775 	EXP 	Display Frame 0
352.2107 	EXP 	Display Frame 1
352.2441 	EXP 	Display Frame 2
352.2775 	EXP 	Display Frame 3
352.3108 	EXP 	Display Frame 4
352.3441 	EXP 	Display Frame 5
352.3774 	EXP 	Display Frame 6
352.4108 	EXP 	Display Frame 7
352.4441 	EXP 	Display Frame 8
352.4775 	EXP 	Display Frame 9
352.5108 	EXP 	Display Frame 0
352.5441 	EXP 	Display Frame 1
352.5774 	EXP 	Display Frame 2
352.6108 	EXP 	Display Frame 3
352.6441 	EXP 	Display Frame 4
352.6775 	EXP 	Display Frame 5
352.7108 	EXP 	Display Frame 6
352.7441 	EXP 	Display Frame 7
352.7775 	EXP 	Display Frame 8
352.8109 	EXP 	Display Frame 9
352.8441 	EXP 	Display Frame 0
352.8775 	EXP 	Display Frame 1
352.9108 	EXP 	Display Frame 2
352.9441 	EXP 	Display Frame 3
352.9776 	DATA 	Keypress: equal
352.9786 	EXP 	Display Frame 4
353.0108 	EXP 	Display Frame 5
353.0441 	EXP 	Display Frame 6
353.0774 	EXP 	Display Frame 7
353.1108 	EXP 	Display Frame 8
353.1441 	EXP 	Display Frame 9
353.1774 	EXP 	Display Frame 0
353.2107 	EXP 	Display Frame 1
353.2441 	EXP 	Display Frame 2
353.2775 	EXP 	Display Frame 3
353.3108 	EXP 	Display Frame 4
353.3441 	EXP 	Display Frame 5
353.3774 	EXP 	Display Frame 6
353.4108 	EXP 	Display Frame 7
353.4441 	EXP 	Display Frame 8
353.4775 	EXP 	Display Frame 9
353.5108 	EXP 	Display Frame 0
353.5441 	EXP 	Display Frame 1
353.5775 	EXP 	Display Frame 2
353.6108 	EXP 	Display Frame 3
353.6441 	EXP 	Display Frame 4
353.6774 	EXP 	Display Frame 5
353.7108 	EXP 	Display Frame 6
353.7441 	EXP 	Display Frame 7
353.7775 	EXP 	Display Frame 8
353.8108 	EXP 	Display Frame 9
353.8441 	EXP 	Display Frame 0
353.8775 	EXP 	Display Frame 1
353.9108 	EXP 	Display Frame 2
353.9442 	EXP 	Display Frame 3
353.9775 	EXP 	Display Frame 4
354.0108 	EXP 	Display Frame 5
354.0441 	EXP 	Display Frame 6
354.0774 	EXP 	Display Frame 7
354.1108 	EXP 	Display Frame 8
354.1441 	EXP 	Display Frame 9
354.1774 	EXP 	Display Frame 0
354.2107 	EXP 	Display Frame 1
354.2441 	EXP 	Display Frame 2
354.2774 	EXP 	Display Frame 3
354.3108 	EXP 	Display Frame 4
354.3442 	EXP 	Display Frame 5
354.3774 	EXP 	Display Frame 6
354.4108 	EXP 	Display Frame 7
354.4441 	EXP 	Display Frame 8
354.4775 	EXP 	Display Frame 9
354.5108 	EXP 	Display Frame 0
354.5441 	EXP 	Display Frame 1
354.5774 	EXP 	Display Frame 2
354.6108 	EXP 	Display Frame 3
354.6441 	EXP 	Display Frame 4
354.6780 	EXP 	Display Frame 5
354.7108 	EXP 	Display Frame 6
354.7441 	EXP 	Display Frame 7
354.7775 	EXP 	Display Frame 8
354.8108 	EXP 	Display Frame 9
354.8441 	EXP 	Display Frame 0
354.8774 	EXP 	Display Frame 1
354.9108 	EXP 	Display Frame 2
354.9441 	EXP 	Display Frame 3
354.9774 	EXP 	Display Frame 4
355.0108 	EXP 	Display Frame 5
355.0441 	EXP 	Display Frame 6
355.0775 	EXP 	Display Frame 7
355.1108 	EXP 	Display Frame 8
355.1441 	EXP 	Display Frame 9
355.1777 	EXP 	Display Frame 0
355.2108 	EXP 	Display Frame 1
355.2444 	EXP 	Display Frame 2
355.2775 	EXP 	Display Frame 3
355.3108 	EXP 	Display Frame 4
355.3441 	EXP 	Display Frame 5
355.3775 	EXP 	Display Frame 6
355.4109 	EXP 	Display Frame 7
355.4441 	EXP 	Display Frame 8
355.4775 	EXP 	Display Frame 9
355.5108 	EXP 	Display Frame 0
355.5441 	EXP 	Display Frame 1
355.5774 	EXP 	Display Frame 2
355.6108 	EXP 	Display Frame 3
355.6441 	EXP 	Display Frame 4
355.6775 	EXP 	Display Frame 5
355.7108 	EXP 	Display Frame 6
355.7441 	EXP 	Display Frame 7
355.7775 	EXP 	Display Frame 8
355.8108 	EXP 	Display Frame 9
355.8442 	EXP 	Display Frame 0
355.8774 	EXP 	Display Frame 1
355.9108 	EXP 	Display Frame 2
355.9441 	EXP 	Display Frame 3
355.9775 	EXP 	Display Frame 4
356.0108 	EXP 	Display Frame 5
356.0441 	EXP 	Display Frame 6
356.0775 	EXP 	Display Frame 7
356.1108 	EXP 	Display Frame 8
356.1441 	EXP 	Display Frame 9
356.1775 	EXP 	Display Frame 0
356.2107 	EXP 	Display Frame 1
356.2441 	EXP 	Display Frame 2
356.2775 	EXP 	Display Frame 3
356.3108 	EXP 	Display Frame 4
356.3441 	EXP 	Display Frame 5
356.3775 	EXP 	Display Frame 6
356.4108 	EXP 	Display Frame 7
356.4441 	EXP 	Display Frame 8
356.4775 	EXP 	Display Frame 9
356.5108 	EXP 	Display Frame 0
356.5441 	EXP 	Display Frame 1
356.5775 	EXP 	Display Frame 2
356.6108 	EXP 	Display Frame 3
356.6441 	EXP 	Display Frame 4
356.6774 	EXP 	Display Frame 5
356.7108 	EXP 	Display Frame 6
356.7441 	EXP 	Display Frame 7
356.7775 	EXP 	Display Frame 8
356.8108 	EXP 	Display Frame 9
356.8441 	EXP 	Display Frame 0
356.8775 	EXP 	Display Frame 1
356.9108 	EXP 	Display Frame 2
356.9441 	EXP 	Display Frame 3
356.9774 	EXP 	Display Frame 4
357.0108 	EXP 	Display Frame 5
357.0441 	EXP 	Display Frame 6
357.0775 	EXP 	Display Frame 7
357.1108 	EXP 	Display Frame 8
357.1441 	EXP 	Display Frame 9
357.1775 	EXP 	Display Frame 0
357.2107 	EXP 	Display Frame 1
357.2441 	EXP 	Display Frame 2
357.2775 	EXP 	Display Frame 3
357.3108 	EXP 	Display Frame 4
357.3441 	EXP 	Display Frame 5
357.3774 	EXP 	Display Frame 6
357.4108 	EXP 	Display Frame 7
357.4441 	EXP 	Display Frame 8
357.4775 	EXP 	Display Frame 9
357.5108 	EXP 	Display Frame 0
357.5441 	EXP 	Display Frame 1
357.5774 	EXP 	Display Frame 2
357.6108 	EXP 	Display Frame 3
357.6441 	EXP 	Display Frame 4
357.6774 	EXP 	Display Frame 5
357.7108 	EXP 	Display Frame 6
357.7441 	EXP 	Display Frame 7
357.7775 	EXP 	Display Frame 8
357.8108 	EXP 	Display Frame 9
357.8441 	EXP 	Display Frame 0
357.8774 	EXP 	Display Frame 1
357.9108 	EXP 	Display Frame 2
357.9441 	EXP 	Display Frame 3
357.9774 	EXP 	Display Frame 4
358.0108 	EXP 	Display Frame 5
358.0441 	EXP 	Display Frame 6
358.0774 	EXP 	Display Frame 7
358.1108 	EXP 	Display Frame 8
358.1442 	EXP 	Display Frame 9
358.1450 	DATA 	Keypress: equal
358.1774 	EXP 	Display Frame 0
358.2107 	EXP 	Display Frame 1
358.2441 	EXP 	Display Frame 2
358.2774 	EXP 	Display Frame 3
358.3108 	EXP 	Display Frame 4
358.3441 	EXP 	Display Frame 5
358.3775 	EXP 	Display Frame 6
358.4108 	EXP 	Display Frame 7
358.4441 	EXP 	Display Frame 8
358.4775 	EXP 	Display Frame 9
358.5108 	EXP 	Display Frame 0
358.5441 	EXP 	Display Frame 1
358.5774 	EXP 	Display Frame 2
358.6108 	EXP 	Display Frame 3
358.6441 	EXP 	Display Frame 4
358.6775 	EXP 	Display Frame 5
358.7108 	EXP 	Display Frame 6
358.7441 	EXP 	Display Frame 7
358.7775 	EXP 	Display Frame 8
358.8108 	EXP 	Display Frame 9
358.8441 	EXP 	Display Frame 0
358.8774 	EXP 	Display Frame 1
358.9108 	EXP 	Display Frame 2
358.9441 	EXP 	Display Frame 3
358.9775 	EXP 	Display Frame 4
359.0108 	EXP 	Display Frame 5
359.0441 	EXP 	Display Frame 6
359.0775 	EXP 	Display Frame 7
359.1108 	EXP 	Display Frame 8
359.1441 	EXP 	Display Frame 9
359.1774 	EXP 	Display Frame 0
359.2107 	EXP 	Display Frame 1
359.2441 	EXP 	Display Frame 2
359.2775 	EXP 	Display Frame 3
359.3108 	EXP 	Display Frame 4
359.3441 	EXP 	Display Frame 5
359.3774 	EXP 	Display Frame 6
359.4108 	EXP 	Display Frame 7
359.4441 	EXP 	Display Frame 8
359.4775 	EXP 	Display Frame 9
359.5108 	EXP 	Display Frame 0
359.5441 	EXP 	Display Frame 1
359.5775 	EXP 	Display Frame 2
359.6108 	EXP 	Display Frame 3
359.6441 	EXP 	Display Frame 4
359.6775 	EXP 	Display Frame 5
359.7108 	EXP 	Display Frame 6
359.7441 	EXP 	Display Frame 7
359.7774 	EXP 	Display Frame 8
359.8108 	EXP 	Display Frame 9
359.8441 	EXP 	Display Frame 0
359.8775 	EXP 	Display Frame 1
359.9108 	EXP 	Display Frame 2
359.9441 	EXP 	Display Frame 3
359.9775 	EXP 	Display Frame 4
360.0108 	EXP 	Display Frame 5
360.0441 	EXP 	Display Frame 6
360.0774 	EXP 	Display Frame 7
360.1108 	EXP 	Display Frame 8
360.1441 	EXP 	Display Frame 9
360.1774 	EXP 	Display Frame 0
360.2107 	EXP 	Display Frame 1
360.2441 	EXP 	Display Frame 2
360.2775 	EXP 	Display Frame 3
360.3108 	EXP 	Display Frame 4
360.3441 	EXP 	Display Frame 5
360.3774 	EXP 	Display Frame 6
360.4108 	EXP 	Display Frame 7
360.4441 	EXP 	Display Frame 8
360.4775 	EXP 	Display Frame 9
360.5108 	EXP 	Display Frame 0
360.5441 	EXP 	Display Frame 1
360.5776 	EXP 	Display Frame 2
360.6108 	EXP 	Display Frame 3
360.6441 	EXP 	Display Frame 4
360.6775 	EXP 	Display Frame 5
360.7108 	EXP 	Display Frame 6
360.7441 	EXP 	Display Frame 7
360.7775 	EXP 	Display Frame 8
360.8108 	EXP 	Display Frame 9
360.8441 	EXP 	Display Frame 0
360.8774 	EXP 	Display Frame 1
360.9108 	EXP 	Display Frame 2
360.9441 	EXP 	Display Frame 3
360.9775 	EXP 	Display Frame 4
361.0108 	EXP 	Display Frame 5
361.0441 	EXP 	Display Frame 6
361.0774 	EXP 	Display Frame 7
361.1108 	EXP 	Display Frame 8
361.1441 	EXP 	Display Frame 9
361.1775 	EXP 	Display Frame 0
361.2107 	EXP 	Display Frame 1
361.2441 	EXP 	Display Frame 2
361.2775 	EXP 	Display Frame 3
361.3108 	EXP 	Display Frame 4
361.3441 	EXP 	Display Frame 5
361.3774 	EXP 	Display Frame 6
361.4108 	EXP 	Display Frame 7
361.4441 	EXP 	Display Frame 8
361.4774 	EXP 	Display Frame 9
361.5110 	EXP 	Display Frame 0
361.5441 	EXP 	Display Frame 1
361.5775 	EXP 	Display Frame 2
361.6108 	EXP 	Display Frame 3
361.6441 	EXP 	Display Frame 4
361.6775 	EXP 	Display Frame 5
361.7108 	EXP 	Display Frame 6
361.7441 	EXP 	Display Frame 7
361.7775 	EXP 	Display Frame 8
361.8108 	EXP 	Display Frame 9
361.8442 	EXP 	Display Frame 0
361.8775 	EXP 	Display Frame 1
361.9108 	EXP 	Display Frame 2
361.9441 	EXP 	Display Frame 3
361.9775 	EXP 	Display Frame 4
362.0108 	EXP 	Display Frame 5
362.0441 	EXP 	Display Frame 6
362.0775 	EXP 	Display Frame 7
362.1108 	EXP 	Display Frame 8
362.1441 	EXP 	Display Frame 9
362.1775 	EXP 	Display Frame 0
362.2107 	EXP 	Display Frame 1
362.2441 	EXP 	Display Frame 2
362.2774 	EXP 	Display Frame 3
362.3108 	EXP 	Display Frame 4
362.3441 	EXP 	Display Frame 5
362.3775 	EXP 	Display Frame 6
362.4108 	EXP 	Display Frame 7
362.4441 	EXP 	Display Frame 8
362.4775 	EXP 	Display Frame 9
362.5108 	EXP 	Display Frame 0
362.5441 	EXP 	Display Frame 1
362.5775 	EXP 	Display Frame 2
362.6108 	EXP 	Display Frame 3
362.6441 	EXP 	Display Frame 4
362.6774 	EXP 	Display Frame 5
362.7108 	EXP 	Display Frame 6
362.7441 	EXP 	Display Frame 7
362.7775 	EXP 	Display Frame 8
362.8108 	EXP 	Display Frame 9
362.8441 	EXP 	Display Frame 0
362.8774 	EXP 	Display Frame 1
362.9108 	EXP 	Display Frame 2
362.9442 	EXP 	Display Frame 3
362.9775 	EXP 	Display Frame 4
363.0108 	EXP 	Display Frame 5
363.0441 	EXP 	Display Frame 6
363.0775 	EXP 	Display Frame 7
363.1108 	EXP 	Display Frame 8
363.1441 	EXP 	Display Frame 9
363.1775 	EXP 	Display Frame 0
363.2107 	EXP 	Display Frame 1
363.2441 	EXP 	Display Frame 2
363.2775 	EXP 	Display Frame 3
363.3108 	EXP 	Display Frame 4
363.3442 	DATA 	Keypress: equal
363.3453 	EXP 	Display Frame 5
363.3488 	EXP 	Display Fixation
368.5318 	DATA 	Keypress: equal
373.7251 	DATA 	Keypress: equal
378.9188 	DATA 	Keypress: equal
384.1135 	DATA 	Keypress: equal
389.3056 	DATA 	Keypress: equal
394.5000 	DATA 	Keypress: equal
394.5344 	EXP 	Display Frame 1
394.5676 	EXP 	Display Frame 2
394.6009 	EXP 	Display Frame 3
394.6343 	EXP 	Display Frame 4
394.6676 	EXP 	Display Frame 5
394.7010 	EXP 	Display Frame 6
394.7343 	EXP 	Display Frame 7
394.7676 	EXP 	Display Frame 8
394.8009 	EXP 	Display Frame 9
394.8343 	EXP 	Display Frame 0
394.8676 	EXP 	Display Frame 1
394.9009 	EXP 	Display Frame 2
394.9343 	EXP 	Display Frame 3
394.9676 	EXP 	Display Frame 4
395.0009 	EXP 	Display Frame 5
395.0342 	EXP 	Display Frame 6
395.0676 	EXP 	Display Frame 7
395.1009 	EXP 	Display Frame 8
395.1342 	EXP 	Display Frame 9
395.1676 	EXP 	Display Frame 0
395.2009 	EXP 	Display Frame 1
395.2343 	EXP 	Display Frame 2
395.2675 	EXP 	Display Frame 3
395.3009 	EXP 	Display Frame 4
395.3343 	EXP 	Display Frame 5
395.3676 	EXP 	Display Frame 6
395.4009 	EXP 	Display Frame 7
395.4342 	EXP 	Display Frame 8
395.4676 	EXP 	Display Frame 9
395.5009 	EXP 	Display Frame 0
395.5342 	EXP 	Display Frame 1
395.5677 	EXP 	Display Frame 2
395.6012 	EXP 	Display Frame 3
395.6345 	EXP 	Display Frame 4
395.6678 	EXP 	Display Frame 5
395.7009 	EXP 	Display Frame 6
395.7343 	EXP 	Display Frame 7
395.7676 	EXP 	Display Frame 8
395.8009 	EXP 	Display Frame 9
395.8343 	EXP 	Display Frame 0
395.8676 	EXP 	Display Frame 1
395.9009 	EXP 	Display Frame 2
395.9342 	EXP 	Display Frame 3
395.9676 	EXP 	Display Frame 4
396.0009 	EXP 	Display Frame 5
396.0342 	EXP 	Display Frame 6
396.0676 	EXP 	Display Frame 7
396.1009 	EXP 	Display Frame 8
396.1342 	EXP 	Display Frame 9
396.1676 	EXP 	Display Frame 0
396.2009 	EXP 	Display Frame 1
396.2343 	EXP 	Display Frame 2
396.2675 	EXP 	Display Frame 3
396.3009 	EXP 	Display Frame 4
396.3342 	EXP 	Display Frame 5
396.3676 	EXP 	Display Frame 6
396.4009 	EXP 	Display Frame 7
396.4342 	EXP 	Display Frame 8
396.4676 	EXP 	Display Frame 9
396.5009 	EXP 	Display Frame 0
396.5342 	EXP 	Display Frame 1
396.5676 	EXP 	Display Frame 2
396.6009 	EXP 	Display Frame 3
396.6342 	EXP 	Display Frame 4
396.6676 	EXP 	Display Frame 5
396.7009 	EXP 	Display Frame 6
396.7342 	EXP 	Display Frame 7
396.7676 	EXP 	Display Frame 8
396.8009 	EXP 	Display Frame 9
396.8342 	EXP 	Display Frame 0
396.8675 	EXP 	Display Frame 1
396.9009 	EXP 	Display Frame 2
396.9342 	EXP 	Display Frame 3
396.9676 	EXP 	Display Frame 4
397.0009 	EXP 	Display Frame 5
397.0342 	EXP 	Display Frame 6
397.0676 	EXP 	Display Frame 7
397.1009 	EXP 	Display Frame 8
397.1342 	EXP 	Display Frame 9
397.1676 	EXP 	Display Frame 0
397.2009 	EXP 	Display Frame 1
397.2342 	EXP 	Display Frame 2
397.2675 	EXP 	Display Frame 3
397.3009 	EXP 	Display Frame 4
397.3342 	EXP 	Display Frame 5
397.3676 	EXP 	Display Frame 6
397.4009 	EXP 	Display Frame 7
397.4342 	EXP 	Display Frame 8
397.4675 	EXP 	Display Frame 9
397.5009 	EXP 	Display Frame 0
397.5342 	EXP 	Display Frame 1
397.5676 	EXP 	Display Frame 2
397.6009 	EXP 	Display Frame 3
397.6342 	EXP 	Display Frame 4
397.6675 	EXP 	Display Frame 5
397.7009 	EXP 	Display Frame 6
397.7342 	EXP 	Display Frame 7
397.7676 	EXP 	Display Frame 8
397.8009 	EXP 	Display Frame 9
397.8342 	EXP 	Display Frame 0
397.8677 	EXP 	Display Frame 1
397.9041 	EXP 	Display Frame 2
397.9342 	EXP 	Display Frame 3
397.9676 	EXP 	Display Frame 4
398.0009 	EXP 	Display Frame 5
398.0342 	EXP 	Display Frame 6
398.0676 	EXP 	Display Frame 7
398.1009 	EXP 	Display Frame 8
398.1342 	EXP 	Display Frame 9
398.1675 	EXP 	Display Frame 0
398.2009 	EXP 	Display Frame 1
398.2342 	EXP 	Display Frame 2
398.2676 	EXP 	Display Frame 3
398.3009 	EXP 	Display Frame 4
398.3342 	EXP 	Display Frame 5
398.3676 	EXP 	Display Frame 6
398.4009 	EXP 	Display Frame 7
398.4342 	EXP 	Display Frame 8
398.4675 	EXP 	Display Frame 9
398.5009 	EXP 	Display Frame 0
398.5342 	EXP 	Display Frame 1
398.5676 	EXP 	Display Frame 2
398.6009 	EXP 	Display Frame 3
398.6342 	EXP 	Display Frame 4
398.6675 	EXP 	Display Frame 5
398.7009 	EXP 	Display Frame 6
398.7342 	EXP 	Display Frame 7
398.7676 	EXP 	Display Frame 8
398.8009 	EXP 	Display Frame 9
398.8342 	EXP 	Display Frame 0
398.8676 	EXP 	Display Frame 1
398.9009 	EXP 	Display Frame 2
398.9342 	EXP 	Display Frame 3
398.9676 	EXP 	Display Frame 4
399.0009 	EXP 	Display Frame 5
399.0345 	EXP 	Display Frame 6
399.0676 	EXP 	Display Frame 7
399.1009 	EXP 	Display Frame 8
399.1342 	EXP 	Display Frame 9
399.1676 	EXP 	Display Frame 0
399.2009 	EXP 	Display Frame 1
399.2342 	EXP 	Display Frame 2
399.2676 	EXP 	Display Frame 3
399.3009 	EXP 	Display Frame 4
399.3343 	EXP 	Display Frame 5
399.3676 	EXP 	Display Frame 6
399.4009 	EXP 	Display Frame 7
399.4342 	EXP 	Display Frame 8
399.4676 	EXP 	Display Frame 9
399.5009 	EXP 	Display Frame 0
399.5342 	EXP 	Display Frame 1
399.5676 	EXP 	Display Frame 2
399.6009 	EXP 	Display Frame 3
399.6342 	EXP 	Display Frame 4
399.6675 	EXP 	Display Frame 5
399.7010 	DATA 	Keypress: equal
399.7020 	EXP 	Display Frame 6
399.7342 	EXP 	Display Frame 7
399.7676 	EXP 	Display Frame 8
399.8009 	EXP 	Display Frame 9
399.8342 	EXP 	Display Frame 0
399.8676 	EXP 	Display Frame 1
399.9009 	EXP 	Display Frame 2
399.9342 	EXP 	Display Frame 3
399.9676 	EXP 	Display Frame 4
400.0009 	EXP 	Display Frame 5
400.0342 	EXP 	Display Frame 6
400.0676 	EXP 	Display Frame 7
400.1009 	EXP 	Display Frame 8
400.1343 	EXP 	Display Frame 9
400.1676 	EXP 	Display Frame 0
400.2009 	EXP 	Display Frame 1
400.2342 	EXP 	Display Frame 2
400.2675 	EXP 	Display Frame 3
400.3009 	EXP 	Display Frame 4
400.3342 	EXP 	Display Frame 5
400.3676 	EXP 	Display Frame 6
400.4009 	EXP 	Display Frame 7
400.4342 	EXP 	Display Frame 8
400.4675 	EXP 	Display Frame 9
400.5009 	EXP 	Display Frame 0
400.5342 	EXP 	Display Frame 1
400.5676 	EXP 	Display Frame 2
400.6009 	EXP 	Display Frame 3
400.6342 	EXP 	Display Frame 4
400.6676 	EXP 	Display Frame 5
400.7009 	EXP 	Display Frame 6
400.7342 	EXP 	Display Frame 7
400.7676 	EXP 	Display Frame 8
400.8009 	EXP 	Display Frame 9
400.8342 	EXP 	Display Frame 0
400.8676 	EXP 	Display Frame 1
400.9009 	EXP 	Display Frame 2
400.9342 	EXP 	Display Frame 3
400.9676 	EXP 	Display Frame 4
401.0009 	EXP 	Display Frame 5
401.0343 	EXP 	Display Frame 6
401.0676 	EXP 	Display Frame 7
401.1009 	EXP 	Display Frame 8
401.1342 	EXP 	Display Frame 9
401.1675 	EXP 	Display Frame 0
401.2009 	EXP 	Display Frame 1
401.2342 	EXP 	Display Frame 2
401.2676 	EXP 	Display Frame 3
401.3009 	EXP 	Display Frame 4
401.3342 	EXP 	Display Frame 5
401.3676 	EXP 	Display Frame 6
401.4009 	EXP 	Display Frame 7
401.4342 	EXP 	Display Frame 8
401.4675 	EXP 	Display Frame 9
401.5009 	EXP 	Display Frame 0
401.5342 	EXP 	Display Frame 1
401.5676 	EXP 	Display Frame 2
401.6009 	EXP 	Display Frame 3
401.6342 	EXP 	Display Frame 4
401.6676 	EXP 	Display Frame 5
401.7009 	EXP 	Display Frame 6
401.7342 	EXP 	Display Frame 7
401.7676 	EXP 	Display Frame 8
401.8009 	EXP 	Display Frame 9
401.8342 	EXP 	Display Frame 0
401.8676 	EXP 	Display Frame 1
401.9009 	EXP 	Display Frame 2
401.9342 	EXP 	Display Frame 3
401.9676 	EXP 	Display Frame 4
402.0009 	EXP 	Display Frame 5
402.0342 	EXP 	Display Frame 6
402.0675 	EXP 	Display Frame 7
402.1009 	EXP 	Display Frame 8
402.1342 	EXP 	Display Frame 9
402.1676 	EXP 	Display Frame 0
402.2009 	EXP 	Display Frame 1
402.2342 	EXP 	Display Frame 2
402.2675 	EXP 	Display Frame 3
402.3009 	EXP 	Display Frame 4
402.3342 	EXP 	Display Frame 5
402.3676 	EXP 	Display Frame 6
402.4009 	EXP 	Display Frame 7
402.4342 	EXP 	Display Frame 8
402.4676 	EXP 	Display Frame 9
402.5009 	EXP 	Display Frame 0
402.5342 	EXP 	Display Frame 1
402.5676 	EXP 	Display Frame 2
402.6009 	EXP 	Display Frame 3
402.6342 	EXP 	Display Frame 4
402.6676 	EXP 	Display Frame 5
402.7009 	EXP 	Display Frame 6
402.7342 	EXP 	Display Frame 7
402.7676 	EXP 	Display Frame 8
402.8009 	EXP 	Display Frame 9
402.8342 	EXP 	Display Frame 0
402.8676 	EXP 	Display Frame 1
402.9009 	EXP 	Display Frame 2
402.9343 	EXP 	Display Frame 3
402.9676 	EXP 	Display Frame 4
403.0009 	EXP 	Display Frame 5
403.0342 	EXP 	Display Frame 6
403.0676 	EXP 	Display Frame 7
403.1009 	EXP 	Display Frame 8
403.1342 	EXP 	Display Frame 9
403.1676 	EXP 	Display Frame 0
403.2010 	EXP 	Display Frame 1
403.2370 	EXP 	Display Frame 2
403.2676 	EXP 	Display Frame 3
403.3009 	EXP 	Display Frame 4
403.3342 	EXP 	Display Frame 5
403.3676 	EXP 	Display Frame 6
403.4009 	EXP 	Display Frame 7
403.4342 	EXP 	Display Frame 8
403.4676 	EXP 	Display Frame 9
403.5009 	EXP 	Display Frame 0
403.5342 	EXP 	Display Frame 1
403.5675 	EXP 	Display Frame 2
403.6009 	EXP 	Display Frame 3
403.6342 	EXP 	Display Frame 4
403.6676 	EXP 	Display Frame 5
403.7009 	EXP 	Display Frame 6
403.7342 	EXP 	Display Frame 7
403.7676 	EXP 	Display Frame 8
403.8009 	EXP 	Display Frame 9
403.8342 	EXP 	Display Frame 0
403.8676 	EXP 	Display Frame 1
403.9009 	EXP 	Display Frame 2
403.9342 	EXP 	Display Frame 3
403.9676 	EXP 	Display Frame 4
404.0009 	EXP 	Display Frame 5
404.0342 	EXP 	Display Frame 6
404.0676 	EXP 	Display Frame 7
404.1009 	EXP 	Display Frame 8
404.1342 	EXP 	Display Frame 9
404.1676 	EXP 	Display Frame 0
404.2009 	EXP 	Display Frame 1
404.2342 	EXP 	Display Frame 2
404.2676 	EXP 	Display Frame 3
404.3009 	EXP 	Display Frame 4
404.3342 	EXP 	Display Frame 5
404.3676 	EXP 	Display Frame 6
404.4009 	EXP 	Display Frame 7
404.4342 	EXP 	Display Frame 8
404.4676 	EXP 	Display Frame 9
404.5009 	EXP 	Display Frame 0
404.5342 	EXP 	Display Frame 1
404.5676 	EXP 	Display Frame 2
404.6009 	EXP 	Display Frame 3
404.6342 	EXP 	Display Frame 4
404.6676 	EXP 	Display Frame 5
404.7009 	EXP 	Display Frame 6
404.7344 	EXP 	Display Frame 7
404.7676 	EXP 	Display Frame 8
404.8009 	EXP 	Display Frame 9
404.8343 	EXP 	Display Frame 0
404.8676 	EXP 	Display Frame 1
404.9010 	DATA 	Keypress: equal
404.9020 	EXP 	Display Frame 2
404.9342 	EXP 	Display Frame 3
404.9676 	EXP 	Display Frame 4
405.0009 	EXP 	Display Frame 5
405.0343 	EXP 	Display Frame 6
405.0676 	EXP 	Display Frame 7
405.1009 	EXP 	Display Frame 8
405.1342 	EXP 	Display Frame 9
405.1676 	EXP 	Display Frame 0
405.2009 	EXP 	Display Frame 1
405.2342 	EXP 	Display Frame 2
405.2676 	EXP 	Display Frame 3
405.3009 	EXP 	Display Frame 4
405.3343 	EXP 	Display Frame 5
405.3678 	EXP 	Display Frame 6
405.4009 	EXP 	Display Frame 7
405.4342 	EXP 	Display Frame 8
405.4676 	EXP 	Display Frame 9
405.5009 	EXP 	Display Frame 0
405.5342 	EXP 	Display Frame 1
405.5676 	EXP 	Display Frame 2
405.6009 	EXP 	Display Frame 3
405.6342 	EXP 	Display Frame 4
405.6676 	EXP 	Display Frame 5
405.7009 	EXP 	Display Frame 6
405.7342 	EXP 	Display Frame 7
405.7676 	EXP 	Display Frame 8
405.8009 	EXP 	Display Frame 9
405.8342 	EXP 	Display Frame 0
405.8676 	EXP 	Display Frame 1
405.9009 	EXP 	Display Frame 2
405.9342 	EXP 	Display Frame 3
405.9675 	EXP 	Display Frame 4
406.0009 	EXP 	Display Frame 5
406.0342 	EXP 	Display Frame 6
406.0676 	EXP 	Display Frame 7
406.1009 	EXP 	Display Frame 8
406.1342 	EXP 	Display Frame 9
406.1676 	EXP 	Display Frame 0
406.2009 	EXP 	Display Frame 1
406.2343 	EXP 	Display Frame 2
406.2676 	EXP 	Display Frame 3
406.3009 	EXP 	Display Frame 4
406.3342 	EXP 	Display Frame 5
406.3676 	EXP 	Display Frame 6
406.4009 	EXP 	Display Frame 7
406.4342 	EXP 	Display Frame 8
406.4676 	EXP 	Display Frame 9
406.5009 	EXP 	Display Frame 0
406.5342 	EXP 	Display Frame 1
406.5676 	EXP 	Display Frame 2
406.6009 	EXP 	Display Frame 3
406.6342 	EXP 	Display Frame 4
406.6676 	EXP 	Display Frame 5
406.7009 	EXP 	Display Frame 6
406.7342 	EXP 	Display Frame 7
406.7676 	EXP 	Display Frame 8
406.8009 	EXP 	Display Frame 9
406.8342 	EXP 	Display Frame 0
406.8675 	EXP 	Display Frame 1
406.9009 	EXP 	Display Frame 2
406.9342 	EXP 	Display Frame 3
406.9676 	EXP 	Display Frame 4
407.0011 	EXP 	Display Frame 5
407.0343 	EXP 	Display Frame 6
407.0676 	EXP 	Display Frame 7
407.1009 	EXP 	Display Frame 8
407.1343 	EXP 	Display Frame 9
407.1676 	EXP 	Display Frame 0
407.2009 	EXP 	Display Frame 1
407.2342 	EXP 	Display Frame 2
407.2676 	EXP 	Display Frame 3
407.3009 	EXP 	Display Frame 4
407.3342 	EXP 	Display Frame 5
407.3675 	EXP 	Display Frame 6
407.4009 	EXP 	Display Frame 7
407.4342 	EXP 	Display Frame 8
407.4675 	EXP 	Display Frame 9
407.5009 	EXP 	Display Frame 0
407.5342 	EXP 	Display Frame 1
407.5676 	EXP 	Display Frame 2
407.6009 	EXP 	Display Frame 3
407.6342 	EXP 	Display Frame 4
407.6676 	EXP 	Display Frame 5
407.7009 	EXP 	Display Frame 6
407.7342 	EXP 	Display Frame 7
407.7675 	EXP 	Display Frame 8
407.8009 	EXP 	Display Frame 9
407.8342 	EXP 	Display Frame 0
407.8676 	EXP 	Display Frame 1
407.9009 	EXP 	Display Frame 2
407.9342 	EXP 	Display Frame 3
407.9676 	EXP 	Display Frame 4
408.0009 	EXP 	Display Frame 5
408.0342 	EXP 	Display Frame 6
408.0676 	EXP 	Display Frame 7
408.1009 	EXP 	Display Frame 8
408.1342 	EXP 	Display Frame 9
408.1676 	EXP 	Display Frame 0
408.2009 	EXP 	Display Frame 1
408.2342 	EXP 	Display Frame 2
408.2675 	EXP 	Display Frame 3
408.3009 	EXP 	Display Frame 4
408.3342 	EXP 	Display Frame 5
408.3676 	EXP 	Display Frame 6
408.4009 	EXP 	Display Frame 7
408.4342 	EXP 	Display Frame 8
408.4676 	EXP 	Display Frame 9
408.5009 	EXP 	Display Frame 0
408.5345 	EXP 	Display Frame 1
408.5702 	EXP 	Display Frame 2
408.6009 	EXP 	Display Frame 3
408.6343 	EXP 	Display Frame 4
408.6675 	EXP 	Display Frame 5
408.7009 	EXP 	Display Frame 6
408.7342 	EXP 	Display Frame 7
408.7676 	EXP 	Display Frame 8
408.8012 	EXP 	Display Frame 9
408.8346 	EXP 	Display Frame 0
408.8679 	EXP 	Display Frame 1
408.9011 	EXP 	Display Frame 2
408.9346 	EXP 	Display Frame 3
408.9678 	EXP 	Display Frame 4
409.0016 	EXP 	Display Frame 5
409.0345 	EXP 	Display Frame 6
409.0679 	EXP 	Display Frame 7
409.1012 	EXP 	Display Frame 8
409.1345 	EXP 	Display Frame 9
409.1679 	EXP 	Display Frame 0
409.2012 	EXP 	Display Frame 1
409.2346 	EXP 	Display Frame 2
409.2678 	EXP 	Display Frame 3
409.3014 	EXP 	Display Frame 4
409.3346 	EXP 	Display Frame 5
409.3678 	EXP 	Display Frame 6
409.4013 	EXP 	Display Frame 7
409.4343 	EXP 	Display Frame 8
409.4676 	EXP 	Display Frame 9
409.5009 	EXP 	Display Frame 0
409.5342 	EXP 	Display Frame 1
409.5676 	EXP 	Display Frame 2
409.6009 	EXP 	Display Frame 3
409.6342 	EXP 	Display Frame 4
409.6676 	EXP 	Display Frame 5
409.7009 	EXP 	Display Frame 6
409.7342 	EXP 	Display Frame 7
409.7676 	EXP 	Display Frame 8
409.8009 	EXP 	Display Frame 9
409.8343 	EXP 	Display Frame 0
409.8676 	EXP 	Display Frame 1
409.9009 	EXP 	Display Frame 2
409.9343 	EXP 	Display Frame 3
409.9676 	EXP 	Display Frame 4
410.0009 	EXP 	Display Frame 5
410.0342 	EXP 	Display Frame 6
410.0676 	EXP 	Display Frame 7
410.1010 	DATA 	Keypress: equal
410.1020 	EXP 	Display Frame 8
410.1343 	EXP 	Display Frame 9
410.1676 	EXP 	Display Frame 0
410.2009 	EXP 	Display Frame 1
410.2343 	EXP 	Display Frame 2
410.2676 	EXP 	Display Frame 3
410.3009 	EXP 	Display Frame 4
410.3342 	EXP 	Display Frame 5
410.3676 	EXP 	Display Frame 6
410.4009 	EXP 	Display Frame 7
410.4342 	EXP 	Display Frame 8
410.4676 	EXP 	Display Frame 9
410.5009 	EXP 	Display Frame 0
410.5342 	EXP 	Display Frame 1
410.5676 	EXP 	Display Frame 2
410.6009 	EXP 	Display Frame 3
410.6342 	EXP 	Display Frame 4
410.6676 	EXP 	Display Frame 5
410.7009 	EXP 	Display Frame 6
410.7343 	EXP 	Display Frame 7
410.7676 	EXP 	Display Frame 8
410.8009 	EXP 	Display Frame 9
410.8342 	EXP 	Display Frame 0
410.8676 	EXP 	Display Frame 1
410.9009 	EXP 	Display Frame 2
410.9342 	EXP 	Display Frame 3
410.9676 	EXP 	Display Frame 4
411.0009 	EXP 	Display Frame 5
411.0342 	EXP 	Display Frame 6
411.0676 	EXP 	Display Frame 7
411.1009 	EXP 	Display Frame 8
411.1342 	EXP 	Display Frame 9
411.1676 	EXP 	Display Frame 0
411.2009 	EXP 	Display Frame 1
411.2342 	EXP 	Display Frame 2
411.2676 	EXP 	Display Frame 3
411.3009 	EXP 	Display Frame 4
411.3342 	EXP 	Display Frame 5
411.3676 	EXP 	Display Frame 6
411.4009 	EXP 	Display Frame 7
411.4342 	EXP 	Display Frame 8
411.4676 	EXP 	Display Frame 9
411.5009 	EXP 	Display Frame 0
411.5342 	EXP 	Display Frame 1
411.5676 	EXP 	Display Frame 2
411.6009 	EXP 	Display Frame 3
411.6342 	EXP 	Display Frame 4
411.6676 	EXP 	Display Frame 5
411.7009 	EXP 	Display Frame 6
411.7342 	EXP 	Display Frame 7
411.7676 	EXP 	Display Frame 8
411.8009 	EXP 	Display Frame 9
411.8342 	EXP 	Display Frame 0
411.8676 	EXP 	Display Frame 1
411.9009 	EXP 	Display Frame 2
411.9342 	EXP 	Display Frame 3
411.9676 	EXP 	Display Frame 4
412.0009 	EXP 	Display Frame 5
412.0342 	EXP 	Display Frame 6
412.0676 	EXP 	Display Frame 7
412.1009 	EXP 	Display Frame 8
412.1342 	EXP 	Display Frame 9
412.1676 	EXP 	Display Frame 0
412.2009 	EXP 	Display Frame 1
412.2342 	EXP 	Display Frame 2
412.2676 	EXP 	Display Frame 3
412.3009 	EXP 	Display Frame 4
412.3342 	EXP 	Display Frame 5
412.3676 	EXP 	Display Frame 6
412.4009 	EXP 	Display Frame 7
412.4342 	EXP 	Display Frame 8
412.4676 	EXP 	Display Frame 9
412.5009 	EXP 	Display Frame 0
412.5342 	EXP 	Display Frame 1
412.5676 	EXP 	Display Frame 2
412.6009 	EXP 	Display Frame 3
412.6342 	EXP 	Display Frame 4
412.6676 	EXP 	Display Frame 5
412.7009 	EXP 	Display Frame 6
412.7343 	EXP 	Display Frame 7
412.7676 	EXP 	Display Frame 8
412.8009 	EXP 	Display Frame 9
412.8342 	EXP 	Display Frame 0
412.8676 	EXP 	Display Frame 1
412.9009 	EXP 	Display Frame 2
412.9342 	EXP 	Display Frame 3
412.9676 	EXP 	Display Frame 4
413.0009 	EXP 	Display Frame 5
413.0342 	EXP 	Display Frame 6
413.0676 	EXP 	Display Frame 7
413.1009 	EXP 	Display Frame 8
413.1342 	EXP 	Display Frame 9
413.1676 	EXP 	Display Frame 0
413.2009 	EXP 	Display Frame 1
413.2342 	EXP 	Display Frame 2
413.2676 	EXP 	Display Frame 3
413.3009 	EXP 	Display Frame 4
413.3343 	EXP 	Display Frame 5
413.3676 	EXP 	Display Frame 6
413.4009 	EXP 	Display Frame 7
413.4342 	EXP 	Display Frame 8
413.4676 	EXP 	Display Frame 9
413.5009 	EXP 	Display Frame 0
413.5342 	EXP 	Display Frame 1
413.5676 	EXP 	Display Frame 2
413.6009 	EXP 	Display Frame 3
413.6342 	EXP 	Display Frame 4
413.6676 	EXP 	Display Frame 5
413.7009 	EXP 	Display Frame 6
413.7342 	EXP 	Display Frame 7
413.7675 	EXP 	Display Frame 8
413.8009 	EXP 	Display Frame 9
413.8342 	EXP 	Display Frame 0
413.8677 	EXP 	Display Frame 1
413.9037 	EXP 	Display Frame 2
413.9342 	EXP 	Display Frame 3
413.9676 	EXP 	Display Frame 4
414.0009 	EXP 	Display Frame 5
414.0342 	EXP 	Display Frame 6
414.0676 	EXP 	Display Frame 7
414.1009 	EXP 	Display Frame 8
414.1342 	EXP 	Display Frame 9
414.1676 	EXP 	Display Frame 0
414.2009 	EXP 	Display Frame 1
414.2342 	EXP 	Display Frame 2
414.2676 	EXP 	Display Frame 3
414.3009 	EXP 	Display Frame 4
414.3342 	EXP 	Display Frame 5
414.3676 	EXP 	Display Frame 6
414.4009 	EXP 	Display Frame 7
414.4353 	EXP 	Display Frame 8
414.4676 	EXP 	Display Frame 9
414.5009 	EXP 	Display Frame 0
414.5342 	EXP 	Display Frame 1
414.5676 	EXP 	Display Frame 2
414.6009 	EXP 	Display Frame 3
414.6342 	EXP 	Display Frame 4
414.6676 	EXP 	Display Frame 5
414.7009 	EXP 	Display Frame 6
414.7342 	EXP 	Display Frame 7
414.7676 	EXP 	Display Frame 8
414.8009 	EXP 	Display Frame 9
414.8342 	EXP 	Display Frame 0
414.8676 	EXP 	Display Frame 1
414.9009 	EXP 	Display Frame 2
414.9342 	EXP 	Display Frame 3
414.9676 	EXP 	Display Frame 4
415.0009 	EXP 	Display Frame 5
415.0342 	EXP 	Display Frame 6
415.0676 	EXP 	Display Frame 7
415.1009 	EXP 	Display Frame 8
415.1343 	EXP 	Display Frame 9
415.1676 	EXP 	Display Frame 0
415.2009 	EXP 	Display Frame 1
415.2342 	EXP 	Display Frame 2
415.2675 	EXP 	Display Frame 3
415.3010 	DATA 	Keypress: equal
415.3021 	EXP 	Display Frame 4
415.3342 	EXP 	Display Frame 5
415.3676 	EXP 	Display Frame 6
415.4009 	EXP 	Display Frame 7
415.4342 	EXP 	Display Frame 8
415.4676 	EXP 	Display Frame 9
415.5009 	EXP 	Display Frame 0
415.5342 	EXP 	Display Frame 1
415.5676 	EXP 	Display Frame 2
415.6009 	EXP 	Display Frame 3
415.6342 	EXP 	Display Frame 4
415.6675 	EXP 	Display Frame 5
415.7009 	EXP 	Display Frame 6
415.7345 	EXP 	Display Frame 7
415.7676 	EXP 	Display Frame 8
415.8009 	EXP 	Display Frame 9
415.8343 	EXP 	Display Frame 0
415.8676 	EXP 	Display Frame 1
415.9009 	EXP 	Display Frame 2
415.9342 	EXP 	Display Frame 3
415.9676 	EXP 	Display Frame 4
416.0009 	EXP 	Display Frame 5
416.0342 	EXP 	Display Frame 6
416.0676 	EXP 	Display Frame 7
416.1009 	EXP 	Display Frame 8
416.1342 	EXP 	Display Frame 9
416.1676 	EXP 	Display Frame 0
416.2009 	EXP 	Display Frame 1
416.2342 	EXP 	Display Frame 2
416.2676 	EXP 	Display Frame 3
416.3009 	EXP 	Display Frame 4
416.3342 	EXP 	Display Frame 5
416.3676 	EXP 	Display Frame 6
416.4009 	EXP 	Display Frame 7
416.4342 	EXP 	Display Frame 8
416.4676 	EXP 	Display Frame 9
416.5009 	EXP 	Display Frame 0
416.5342 	EXP 	Display Frame 1
416.5676 	EXP 	Display Frame 2
416.6009 	EXP 	Display Frame 3
416.6342 	EXP 	Display Frame 4
416.6676 	EXP 	Display Frame 5
416.7009 	EXP 	Display Frame 6
416.7342 	EXP 	Display Frame 7
416.7676 	EXP 	Display Frame 8
416.8009 	EXP 	Display Frame 9
416.8342 	EXP 	Display Frame 0
416.8675 	EXP 	Display Frame 1
416.9009 	EXP 	Display Frame 2
416.9342 	EXP 	Display Frame 3
416.9676 	EXP 	Display Frame 4
417.0009 	EXP 	Display Frame 5
417.0343 	EXP 	Display Frame 6
417.0676 	EXP 	Display Frame 7
417.1009 	EXP 	Display Frame 8
417.1342 	EXP 	Display Frame 9
417.1676 	EXP 	Display Frame 0
417.2009 	EXP 	Display Frame 1
417.2342 	EXP 	Display Frame 2
417.2675 	EXP 	Display Frame 3
417.3009 	EXP 	Display Frame 4
417.3342 	EXP 	Display Frame 5
417.3675 	EXP 	Display Frame 6
417.4009 	EXP 	Display Frame 7
417.4342 	EXP 	Display Frame 8
417.4676 	EXP 	Display Frame 9
417.5009 	EXP 	Display Frame 0
417.5342 	EXP 	Display Frame 1
417.5675 	EXP 	Display Frame 2
417.6009 	EXP 	Display Frame 3
417.6342 	EXP 	Display Frame 4
417.6675 	EXP 	Display Frame 5
417.7009 	EXP 	Display Frame 6
417.7342 	EXP 	Display Frame 7
417.7676 	EXP 	Display Frame 8
417.8009 	EXP 	Display Frame 9
417.8342 	EXP 	Display Frame 0
417.8676 	EXP 	Display Frame 1
417.9009 	EXP 	Display Frame 2
417.9342 	EXP 	Display Frame 3
417.9675 	EXP 	Display Frame 4
418.0009 	EXP 	Display Frame 5
418.0342 	EXP 	Display Frame 6
418.0676 	EXP 	Display Frame 7
418.1009 	EXP 	Display Frame 8
418.1342 	EXP 	Display Frame 9
418.1675 	EXP 	Display Frame 0
418.2009 	EXP 	Display Frame 1
418.2342 	EXP 	Display Frame 2
418.2675 	EXP 	Display Frame 3
418.3009 	EXP 	Display Frame 4
418.3342 	EXP 	Display Frame 5
418.3676 	EXP 	Display Frame 6
418.4009 	EXP 	Display Frame 7
418.4342 	EXP 	Display Frame 8
418.4675 	EXP 	Display Frame 9
418.5019 	EXP 	Display Frame 0
418.5342 	EXP 	Display Frame 1
418.5676 	EXP 	Display Frame 2
418.6009 	EXP 	Display Frame 3
418.6342 	EXP 	Display Frame 4
418.6676 	EXP 	Display Frame 5
418.7009 	EXP 	Display Frame 6
418.7342 	EXP 	Display Frame 7
418.7675 	EXP 	Display Frame 8
418.8009 	EXP 	Display Frame 9
418.8342 	EXP 	Display Frame 0
418.8675 	EXP 	Display Frame 1
418.9009 	EXP 	Display Frame 2
418.9342 	EXP 	Display Frame 3
418.9676 	EXP 	Display Frame 4
419.0009 	EXP 	Display Frame 5
419.0342 	EXP 	Display Frame 6
419.0676 	EXP 	Display Frame 7
419.1009 	EXP 	Display Frame 8
419.1342 	EXP 	Display Frame 9
419.1676 	EXP 	Display Frame 0
419.2011 	EXP 	Display Frame 1
419.2373 	EXP 	Display Frame 2
419.2676 	EXP 	Display Frame 3
419.3009 	EXP 	Display Frame 4
419.3342 	EXP 	Display Frame 5
419.3676 	EXP 	Display Frame 6
419.4009 	EXP 	Display Frame 7
419.4343 	EXP 	Display Frame 8
419.4676 	EXP 	Display Frame 9
419.5009 	EXP 	Display Frame 0
419.5342 	EXP 	Display Frame 1
419.5676 	EXP 	Display Frame 2
419.6009 	EXP 	Display Frame 3
419.6342 	EXP 	Display Frame 4
419.6675 	EXP 	Display Frame 5
419.7009 	EXP 	Display Frame 6
419.7343 	EXP 	Display Frame 7
419.7676 	EXP 	Display Frame 8
419.8009 	EXP 	Display Frame 9
419.8342 	EXP 	Display Frame 0
419.8676 	EXP 	Display Frame 1
419.9009 	EXP 	Display Frame 2
419.9342 	EXP 	Display Frame 3
419.9675 	EXP 	Display Frame 4
420.0009 	EXP 	Display Frame 5
420.0342 	EXP 	Display Frame 6
420.0691 	EXP 	Display Frame 7
420.1009 	EXP 	Display Frame 8
420.1342 	EXP 	Display Frame 9
420.1676 	EXP 	Display Frame 0
420.2009 	EXP 	Display Frame 1
420.2342 	EXP 	Display Frame 2
420.2675 	EXP 	Display Frame 3
420.3009 	EXP 	Display Frame 4
420.3343 	EXP 	Display Frame 5
420.3676 	EXP 	Display Frame 6
420.4009 	EXP 	Display Frame 7
420.4342 	EXP 	Display Frame 8
420.4676 	EXP 	Display Frame 9
420.4684 	DATA 	Keypress: equal
420.5009 	EXP 	Display Frame 0
420.5342 	EXP 	Display Frame 1
420.5676 	EXP 	Display Frame 2
420.6009 	EXP 	Display Frame 3
420.6342 	EXP 	Display Frame 4
420.6676 	EXP 	Display Frame 5
420.7009 	EXP 	Display Frame 6
420.7342 	EXP 	Display Frame 7
420.7676 	EXP 	Display Frame 8
420.8009 	EXP 	Display Frame 9
420.8342 	EXP 	Display Frame 0
420.8676 	EXP 	Display Frame 1
420.9009 	EXP 	Display Frame 2
420.9342 	EXP 	Display Frame 3
420.9676 	EXP 	Display Frame 4
421.0009 	EXP 	Display Frame 5
421.0342 	EXP 	Display Frame 6
421.0676 	EXP 	Display Frame 7
421.1009 	EXP 	Display Frame 8
421.1342 	EXP 	Display Frame 9
421.1676 	EXP 	Display Frame 0
421.2009 	EXP 	Display Frame 1
421.2342 	EXP 	Display Frame 2
421.2676 	EXP 	Display Frame 3
421.3009 	EXP 	Display Frame 4
421.3342 	EXP 	Display Frame 5
421.3676 	EXP 	Display Frame 6
421.4009 	EXP 	Display Frame 7
421.4342 	EXP 	Display Frame 8
421.4676 	EXP 	Display Frame 9
421.5009 	EXP 	Display Frame 0
421.5342 	EXP 	Display Frame 1
421.5676 	EXP 	Display Frame 2
421.6009 	EXP 	Display Frame 3
421.6342 	EXP 	Display Frame 4
421.6676 	EXP 	Display Frame 5
421.7009 	EXP 	Display Frame 6
421.7342 	EXP 	Display Frame 7
421.7676 	EXP 	Display Frame 8
421.8009 	EXP 	Display Frame 9
421.8342 	EXP 	Display Frame 0
421.8676 	EXP 	Display Frame 1
421.9009 	EXP 	Display Frame 2
421.9342 	EXP 	Display Frame 3
421.9676 	EXP 	Display Frame 4
422.0009 	EXP 	Display Frame 5
422.0342 	EXP 	Display Frame 6
422.0676 	EXP 	Display Frame 7
422.1011 	EXP 	Display Frame 8
422.1343 	EXP 	Display Frame 9
422.1676 	EXP 	Display Frame 0
422.2010 	EXP 	Display Frame 1
422.2342 	EXP 	Display Frame 2
422.2676 	EXP 	Display Frame 3
422.3010 	EXP 	Display Frame 4
422.3342 	EXP 	Display Frame 5
422.3676 	EXP 	Display Frame 6
422.4009 	EXP 	Display Frame 7
422.4342 	EXP 	Display Frame 8
422.4675 	EXP 	Display Frame 9
422.5009 	EXP 	Display Frame 0
422.5342 	EXP 	Display Frame 1
422.5676 	EXP 	Display Frame 2
422.6009 	EXP 	Display Frame 3
422.6342 	EXP 	Display Frame 4
422.6676 	EXP 	Display Frame 5
422.7009 	EXP 	Display Frame 6
422.7343 	EXP 	Display Frame 7
422.7675 	EXP 	Display Frame 8
422.8009 	EXP 	Display Frame 9
422.8342 	EXP 	Display Frame 0
422.8676 	EXP 	Display Frame 1
422.9009 	EXP 	Display Frame 2
422.9342 	EXP 	Display Frame 3
422.9676 	EXP 	Display Frame 4
423.0009 	EXP 	Display Frame 5
423.0343 	EXP 	Display Frame 6
423.0676 	EXP 	Display Frame 7
423.1009 	EXP 	Display Frame 8
423.1342 	EXP 	Display Frame 9
423.1675 	EXP 	Display Frame 0
423.2009 	EXP 	Display Frame 1
423.2342 	EXP 	Display Frame 2
423.2676 	EXP 	Display Frame 3
423.3009 	EXP 	Display Frame 4
423.3342 	EXP 	Display Frame 5
423.3676 	EXP 	Display Frame 6
423.4009 	EXP 	Display Frame 7
423.4343 	EXP 	Display Frame 8
423.4675 	EXP 	Display Frame 9
423.5009 	EXP 	Display Frame 0
423.5342 	EXP 	Display Frame 1
423.5676 	EXP 	Display Frame 2
423.6009 	EXP 	Display Frame 3
423.6343 	EXP 	Display Frame 4
423.6676 	EXP 	Display Frame 5
423.7009 	EXP 	Display Frame 6
423.7342 	EXP 	Display Frame 7
423.7676 	EXP 	Display Frame 8
423.8009 	EXP 	Display Frame 9
423.8342 	EXP 	Display Frame 0
423.8676 	EXP 	Display Frame 1
423.9009 	EXP 	Display Frame 2
423.9342 	EXP 	Display Frame 3
423.9676 	EXP 	Display Frame 4
424.0009 	EXP 	Display Frame 5
424.0342 	EXP 	Display Frame 6
424.0675 	EXP 	Display Frame 7
424.1009 	EXP 	Display Frame 8
424.1342 	EXP 	Display Frame 9
424.1676 	EXP 	Display Frame 0
424.2009 	EXP 	Display Frame 1
424.2343 	EXP 	Display Frame 2
424.2676 	EXP 	Display Frame 3
424.3009 	EXP 	Display Frame 4
424.3342 	EXP 	Display Frame 5
424.3675 	EXP 	Display Frame 6
424.4009 	EXP 	Display Frame 7
424.4342 	EXP 	Display Frame 8
424.4676 	EXP 	Display Frame 9
424.5009 	EXP 	Display Frame 0
424.5343 	EXP 	Display Frame 1
424.5705 	EXP 	Display Frame 2
424.6009 	EXP 	Display Frame 3
424.6342 	EXP 	Display Frame 4
424.6676 	EXP 	Display Frame 5
424.7009 	EXP 	Display Frame 6
424.7343 	EXP 	Display Frame 7
424.7676 	EXP 	Display Frame 8
424.8009 	EXP 	Display Frame 9
424.8342 	EXP 	Display Frame 0
424.8676 	EXP 	Display Frame 1
424.9009 	EXP 	Display Frame 2
424.9342 	EXP 	Display Frame 3
424.9676 	EXP 	Display Frame 4
425.0009 	EXP 	Display Frame 5
425.0342 	EXP 	Display Frame 6
425.0676 	EXP 	Display Frame 7
425.1009 	EXP 	Display Frame 8
425.1342 	EXP 	Display Frame 9
425.1676 	EXP 	Display Frame 0
425.2009 	EXP 	Display Frame 1
425.2343 	EXP 	Display Frame 2
425.2676 	EXP 	Display Frame 3
425.3009 	EXP 	Display Frame 4
425.3342 	EXP 	Display Frame 5
425.3676 	EXP 	Display Frame 6
425.4009 	EXP 	Display Frame 7
425.4342 	EXP 	Display Frame 8
425.4676 	EXP 	Display Frame 9
425.5009 	EXP 	Display Frame 0
425.5342 	EXP 	Display Frame 1
425.5676 	EXP 	Display Frame 2
425.6009 	EXP 	Display Frame 3
425.6342 	EXP 	Display Frame 4
425.6677 	DATA 	Keypress: equal
425.6688 	EXP 	Display Frame 5
425.6825 	EXP 	Display Fixation
430.8552 	DATA 	Keypress: equal
436.0482 	DATA 	Keypress: equal
441.2423 	DATA 	Keypress: equal
446.4352 	DATA 	Keypress: equal
451.6293 	DATA 	Keypress: equal
456.8225 	DATA 	Keypress: equal
456.8569 	EXP 	Display Frame 1
456.8902 	EXP 	Display Frame 2
456.9234 	EXP 	Display Frame 3
456.9568 	EXP 	Display Frame 4
456.9901 	EXP 	Display Frame 5
457.0234 	EXP 	Display Frame 6
457.0568 	EXP 	Display Frame 7
457.0901 	EXP 	Display Frame 8
457.1234 	EXP 	Display Frame 9
457.1568 	EXP 	Display Frame 0
457.1901 	EXP 	Display Frame 1
457.2234 	EXP 	Display Frame 2
457.2567 	EXP 	Display Frame 3
457.2901 	EXP 	Display Frame 4
457.3234 	EXP 	Display Frame 5
457.3567 	EXP 	Display Frame 6
457.3901 	EXP 	Display Frame 7
457.4234 	EXP 	Display Frame 8
457.4568 	EXP 	Display Frame 9
457.4901 	EXP 	Display Frame 0
457.5243 	EXP 	Display Frame 1
457.5567 	EXP 	Display Frame 2
457.5901 	EXP 	Display Frame 3
457.6234 	EXP 	Display Frame 4
457.6567 	EXP 	Display Frame 5
457.6901 	EXP 	Display Frame 6
457.7234 	EXP 	Display Frame 7
457.7567 	EXP 	Display Frame 8
457.7901 	EXP 	Display Frame 9
457.8234 	EXP 	Display Frame 0
457.8567 	EXP 	Display Frame 1
457.8901 	EXP 	Display Frame 2
457.9234 	EXP 	Display Frame 3
457.9567 	EXP 	Display Frame 4
457.9901 	EXP 	Display Frame 5
458.0234 	EXP 	Display Frame 6
458.0568 	EXP 	Display Frame 7
458.0900 	EXP 	Display Frame 8
458.1234 	EXP 	Display Frame 9
458.1567 	EXP 	Display Frame 0
458.1901 	EXP 	Display Frame 1
458.2234 	EXP 	Display Frame 2
458.2567 	EXP 	Display Frame 3
458.2901 	EXP 	Display Frame 4
458.3234 	EXP 	Display Frame 5
458.3567 	EXP 	Display Frame 6
458.3901 	EXP 	Display Frame 7
458.4234 	EXP 	Display Frame 8
458.4567 	EXP 	Display Frame 9
458.4901 	EXP 	Display Frame 0
458.5234 	EXP 	Display Frame 1
458.5567 	EXP 	Display Frame 2
458.5915 	EXP 	Display Frame 3
458.6234 	EXP 	Display Frame 4
458.6567 	EXP 	Display Frame 5
458.6901 	EXP 	Display Frame 6
458.7234 	EXP 	Display Frame 7
458.7567 	EXP 	Display Frame 8
458.7901 	EXP 	Display Frame 9
458.8234 	EXP 	Display Frame 0
458.8567 	EXP 	Display Frame 1
458.8901 	EXP 	Display Frame 2
458.9234 	EXP 	Display Frame 3
458.9567 	EXP 	Display Frame 4
458.9900 	EXP 	Display Frame 5
459.0234 	EXP 	Display Frame 6
459.0567 	EXP 	Display Frame 7
459.0900 	EXP 	Display Frame 8
459.1234 	EXP 	Display Frame 9
459.1567 	EXP 	Display Frame 0
459.1901 	EXP 	Display Frame 1
459.2234 	EXP 	Display Frame 2
459.2567 	EXP 	Display Frame 3
459.2901 	EXP 	Display Frame 4
459.3234 	EXP 	Display Frame 5
459.3567 	EXP 	Display Frame 6
459.3900 	EXP 	Display Frame 7
459.4234 	EXP 	Display Frame 8
459.4567 	EXP 	Display Frame 9
459.4901 	EXP 	Display Frame 0
459.5234 	EXP 	Display Frame 1
459.5567 	EXP 	Display Frame 2
459.5900 	EXP 	Display Frame 3
459.6234 	EXP 	Display Frame 4
459.6581 	EXP 	Display Frame 5
459.6900 	EXP 	Display Frame 6
459.7234 	EXP 	Display Frame 7
459.7567 	EXP 	Display Frame 8
459.7901 	EXP 	Display Frame 9
459.8234 	EXP 	Display Frame 0
459.8567 	EXP 	Display Frame 1
459.8901 	EXP 	Display Frame 2
459.9234 	EXP 	Display Frame 3
459.9567 	EXP 	Display Frame 4
459.9900 	EXP 	Display Frame 5
460.0234 	EXP 	Display Frame 6
460.0567 	EXP 	Display Frame 7
460.0901 	EXP 	Display Frame 8
460.1234 	EXP 	Display Frame 9
460.1570 	EXP 	Display Frame 0
460.1901 	EXP 	Display Frame 1
460.2234 	EXP 	Display Frame 2
460.2568 	EXP 	Display Frame 3
460.2901 	EXP 	Display Frame 4
460.3234 	EXP 	Display Frame 5
460.3567 	EXP 	Display Frame 6
460.3901 	EXP 	Display Frame 7
460.4234 	EXP 	Display Frame 8
460.4568 	EXP 	Display Frame 9
460.4901 	EXP 	Display Frame 0
460.5234 	EXP 	Display Frame 1
460.5567 	EXP 	Display Frame 2
460.5901 	EXP 	Display Frame 3
460.6234 	EXP 	Display Frame 4
460.6567 	EXP 	Display Frame 5
460.6900 	EXP 	Display Frame 6
460.7247 	EXP 	Display Frame 7
460.7567 	EXP 	Display Frame 8
460.7901 	EXP 	Display Frame 9
460.8234 	EXP 	Display Frame 0
460.8567 	EXP 	Display Frame 1
460.8900 	EXP 	Display Frame 2
460.9234 	EXP 	Display Frame 3
460.9567 	EXP 	Display Frame 4
460.9901 	EXP 	Display Frame 5
461.0234 	EXP 	Display Frame 6
461.0567 	EXP 	Display Frame 7
461.0901 	EXP 	Display Frame 8
461.1234 	EXP 	Display Frame 9
461.1567 	EXP 	Display Frame 0
461.1900 	EXP 	Display Frame 1
461.2234 	EXP 	Display Frame 2
461.2567 	EXP 	Display Frame 3
461.2901 	EXP 	Display Frame 4
461.3234 	EXP 	Display Frame 5
461.3567 	EXP 	Display Frame 6
461.3901 	EXP 	Display Frame 7
461.4234 	EXP 	Display Frame 8
461.4567 	EXP 	Display Frame 9
461.4901 	EXP 	Display Frame 0
461.5234 	EXP 	Display Frame 1
461.5567 	EXP 	Display Frame 2
461.5901 	EXP 	Display Frame 3
461.6234 	EXP 	Display Frame 4
461.6567 	EXP 	Display Frame 5
461.6901 	EXP 	Display Frame 6
461.7234 	EXP 	Display Frame 7
461.7567 	EXP 	Display Frame 8
461.7916 	EXP 	Display Frame 9
461.8234 	EXP 	Display Frame 0
461.8569 	EXP 	Display Frame 1
461.8901 	EXP 	Display Frame 2
461.9234 	EXP 	Display Frame 3
461.9567 	EXP 	Display Frame 4
461.9901 	EXP 	Display Frame 5
462.0235 	DATA 	Keypress: equal
462.0245 	EXP 	Display Frame 6
462.0567 	EXP 	Display Frame 7
462.0901 	EXP 	Display Frame 8
462.1234 	EXP 	Display Frame 9
462.1567 	EXP 	Display Frame 0
462.1901 	EXP 	Display Frame 1
462.2234 	EXP 	Display Frame 2
462.2567 	EXP 	Display Frame 3
462.2901 	EXP 	Display Frame 4
462.3234 	EXP 	Display Frame 5
462.3567 	EXP 	Display Frame 6
462.3900 	EXP 	Display Frame 7
462.4234 	EXP 	Display Frame 8
462.4567 	EXP 	Display Frame 9
462.4901 	EXP 	Display Frame 0
462.5234 	EXP 	Display Frame 1
462.5567 	EXP 	Display Frame 2
462.5900 	EXP 	Display Frame 3
462.6234 	EXP 	Display Frame 4
462.6567 	EXP 	Display Frame 5
462.6901 	EXP 	Display Frame 6
462.7234 	EXP 	Display Frame 7
462.7567 	EXP 	Display Frame 8
462.7901 	EXP 	Display Frame 9
462.8234 	EXP 	Display Frame 0
462.8584 	EXP 	Display Frame 1
462.8900 	EXP 	Display Frame 2
462.9234 	EXP 	Display Frame 3
462.9567 	EXP 	Display Frame 4
462.9901 	EXP 	Display Frame 5
463.0234 	EXP 	Display Frame 6
463.0567 	EXP 	Display Frame 7
463.0901 	EXP 	Display Frame 8
463.1234 	EXP 	Display Frame 9
463.1567 	EXP 	Display Frame 0
463.1900 	EXP 	Display Frame 1
463.2234 	EXP 	Display Frame 2
463.2567 	EXP 	Display Frame 3
463.2901 	EXP 	Display Frame 4
463.3234 	EXP 	Display Frame 5
463.3567 	EXP 	Display Frame 6
463.3900 	EXP 	Display Frame 7
463.4234 	EXP 	Display Frame 8
463.4567 	EXP 	Display Frame 9
463.4901 	EXP 	Display Frame 0
463.5234 	EXP 	Display Frame 1
463.5567 	EXP 	Display Frame 2
463.5901 	EXP 	Display Frame 3
463.6234 	EXP 	Display Frame 4
463.6567 	EXP 	Display Frame 5
463.6901 	EXP 	Display Frame 6
463.7234 	EXP 	Display Frame 7
463.7567 	EXP 	Display Frame 8
463.7901 	EXP 	Display Frame 9
463.8234 	EXP 	Display Frame 0
463.8567 	EXP 	Display Frame 1
463.8900 	EXP 	Display Frame 2
463.9234 	EXP 	Display Frame 3
463.9567 	EXP 	Display Frame 4
463.9901 	EXP 	Display Frame 5
464.0234 	EXP 	Display Frame 6
464.0567 	EXP 	Display Frame 7
464.0901 	EXP 	Display Frame 8
464.1234 	EXP 	Display Frame 9
464.1567 	EXP 	Display Frame 0
464.1900 	EXP 	Display Frame 1
464.2234 	EXP 	Display Frame 2
464.2567 	EXP 	Display Frame 3
464.2900 	EXP 	Display Frame 4
464.3234 	EXP 	Display Frame 5
464.3567 	EXP 	Display Frame 6
464.3901 	EXP 	Display Frame 7
464.4234 	EXP 	Display Frame 8
464.4567 	EXP 	Display Frame 9
464.4901 	EXP 	Display Frame 0
464.5234 	EXP 	Display Frame 1
464.5567 	EXP 	Display Frame 2
464.5901 	EXP 	Display Frame 3
464.6234 	EXP 	Display Frame 4
464.6567 	EXP 	Display Frame 5
464.6901 	EXP 	Display Frame 6
464.7237 	EXP 	Display Frame 7
464.7568 	EXP 	Display Frame 8
464.7901 	EXP 	Display Frame 9
464.8234 	EXP 	Display Frame 0
464.8567 	EXP 	Display Frame 1
464.8901 	EXP 	Display Frame 2
464.9234 	EXP 	Display Frame 3
464.9567 	EXP 	Display Frame 4
464.9901 	EXP 	Display Frame 5
465.0234 	EXP 	Display Frame 6
465.0568 	EXP 	Display Frame 7
465.0900 	EXP 	Display Frame 8
465.1234 	EXP 	Display Frame 9
465.1567 	EXP 	Display Frame 0
465.1901 	EXP 	Display Frame 1
465.2234 	EXP 	Display Frame 2
465.2567 	EXP 	Display Frame 3
465.2900 	EXP 	Display Frame 4
465.3234 	EXP 	Display Frame 5
465.3567 	EXP 	Display Frame 6
465.3900 	EXP 	Display Frame 7
465.4234 	EXP 	Display Frame 8
465.4567 	EXP 	Display Frame 9
465.4901 	EXP 	Display Frame 0
465.5234 	EXP 	Display Frame 1
465.5567 	EXP 	Display Frame 2
465.5901 	EXP 	Display Frame 3
465.6234 	EXP 	Display Frame 4
465.6568 	EXP 	Display Frame 5
465.6900 	EXP 	Display Frame 6
465.7234 	EXP 	Display Frame 7
465.7567 	EXP 	Display Frame 8
465.7900 	EXP 	Display Frame 9
465.8234 	EXP 	Display Frame 0
465.8567 	EXP 	Display Frame 1
465.8901 	EXP 	Display Frame 2
465.9234 	EXP 	Display Frame 3
465.9567 	EXP 	Display Frame 4
465.9901 	EXP 	Display Frame 5
466.0234 	EXP 	Display Frame 6
466.0566 	EXP 	Display Frame 7
466.0901 	EXP 	Display Frame 8
466.1234 	EXP 	Display Frame 9
466.1567 	EXP 	Display Frame 0
466.1901 	EXP 	Display Frame 1
466.2234 	EXP 	Display Frame 2
466.2567 	EXP 	Display Frame 3
466.2900 	EXP 	Display Frame 4
466.3234 	EXP 	Display Frame 5
466.3567 	EXP 	Display Frame 6
466.3900 	EXP 	Display Frame 7
466.4234 	EXP 	Display Frame 8
466.4567 	EXP 	Display Frame 9
466.4901 	EXP 	Display Frame 0
466.5236 	EXP 	Display Frame 1
466.5567 	EXP 	Display Frame 2
466.5901 	EXP 	Display Frame 3
466.6234 	EXP 	Display Frame 4
466.6568 	EXP 	Display Frame 5
466.6901 	EXP 	Display Frame 6
466.7234 	EXP 	Display Frame 7
466.7567 	EXP 	Display Frame 8
466.7901 	EXP 	Display Frame 9
466.8234 	EXP 	Display Frame 0
466.8567 	EXP 	Display Frame 1
466.8901 	EXP 	Display Frame 2
466.9234 	EXP 	Display Frame 3
466.9567 	EXP 	Display Frame 4
466.9901 	EXP 	Display Frame 5
467.0236 	EXP 	Display Frame 6
467.0570 	EXP 	Display Frame 7
467.0902 	EXP 	Display Frame 8
467.1234 	EXP 	Display Frame 9
467.1569 	EXP 	Display Frame 0
467.1903 	EXP 	Display Frame 1
467.2236 	DATA 	Keypress: equal
467.2246 	EXP 	Display Frame 2
467.2567 	EXP 	Display Frame 3
467.2901 	EXP 	Display Frame 4
467.3234 	EXP 	Display Frame 5
467.3567 	EXP 	Display Frame 6
467.3901 	EXP 	Display Frame 7
467.4234 	EXP 	Display Frame 8
467.4567 	EXP 	Display Frame 9
467.4900 	EXP 	Display Frame 0
467.5234 	EXP 	Display Frame 1
467.5567 	EXP 	Display Frame 2
467.5901 	EXP 	Display Frame 3
467.6234 	EXP 	Display Frame 4
467.6567 	EXP 	Display Frame 5
467.6901 	EXP 	Display Frame 6
467.7234 	EXP 	Display Frame 7
467.7567 	EXP 	Display Frame 8
467.7900 	EXP 	Display Frame 9
467.8234 	EXP 	Display Frame 0
467.8567 	EXP 	Display Frame 1
467.8901 	EXP 	Display Frame 2
467.9234 	EXP 	Display Frame 3
467.9567 	EXP 	Display Frame 4
467.9901 	EXP 	Display Frame 5
468.0234 	EXP 	Display Frame 6
468.0567 	EXP 	Display Frame 7
468.0900 	EXP 	Display Frame 8
468.1234 	EXP 	Display Frame 9
468.1567 	EXP 	Display Frame 0
468.1900 	EXP 	Display Frame 1
468.2234 	EXP 	Display Frame 2
468.2567 	EXP 	Display Frame 3
468.2901 	EXP 	Display Frame 4
468.3234 	EXP 	Display Frame 5
468.3567 	EXP 	Display Frame 6
468.3900 	EXP 	Display Frame 7
468.4234 	EXP 	Display Frame 8
468.4567 	EXP 	Display Frame 9
468.4900 	EXP 	Display Frame 0
468.5235 	EXP 	Display Frame 1
468.5567 	EXP 	Display Frame 2
468.5901 	EXP 	Display Frame 3
468.6234 	EXP 	Display Frame 4
468.6567 	EXP 	Display Frame 5
468.6901 	EXP 	Display Frame 6
468.7234 	EXP 	Display Frame 7
468.7567 	EXP 	Display Frame 8
468.7900 	EXP 	Display Frame 9
468.8234 	EXP 	Display Frame 0
468.8567 	EXP 	Display Frame 1
468.8901 	EXP 	Display Frame 2
468.9234 	EXP 	Display Frame 3
468.9567 	EXP 	Display Frame 4
468.9901 	EXP 	Display Frame 5
469.0234 	EXP 	Display Frame 6
469.0570 	EXP 	Display Frame 7
469.0903 	EXP 	Display Frame 8
469.1237 	EXP 	Display Frame 9
469.1567 	EXP 	Display Frame 0
469.1901 	EXP 	Display Frame 1
469.2234 	EXP 	Display Frame 2
469.2567 	EXP 	Display Frame 3
469.2901 	EXP 	Display Frame 4
469.3234 	EXP 	Display Frame 5
469.3567 	EXP 	Display Frame 6
469.3901 	EXP 	Display Frame 7
469.4234 	EXP 	Display Frame 8
469.4567 	EXP 	Display Frame 9
469.4901 	EXP 	Display Frame 0
469.5234 	EXP 	Display Frame 1
469.5567 	EXP 	Display Frame 2
469.5902 	EXP 	Display Frame 3
469.6234 	EXP 	Display Frame 4
469.6567 	EXP 	Display Frame 5
469.6901 	EXP 	Display Frame 6
469.7234 	EXP 	Display Frame 7
469.7567 	EXP 	Display Frame 8
469.7900 	EXP 	Display Frame 9
469.8234 	EXP 	Display Frame 0
469.8567 	EXP 	Display Frame 1
469.8900 	EXP 	Display Frame 2
469.9234 	EXP 	Display Frame 3
469.9567 	EXP 	Display Frame 4
469.9902 	EXP 	Display Frame 5
470.0236 	EXP 	Display Frame 6
470.0569 	EXP 	Display Frame 7
470.0902 	EXP 	Display Frame 8
470.1236 	EXP 	Display Frame 9
470.1569 	EXP 	Display Frame 0
470.1901 	EXP 	Display Frame 1
470.2235 	EXP 	Display Frame 2
470.2567 	EXP 	Display Frame 3
470.2902 	EXP 	Display Frame 4
470.3234 	EXP 	Display Frame 5
470.3570 	EXP 	Display Frame 6
470.3901 	EXP 	Display Frame 7
470.4234 	EXP 	Display Frame 8
470.4567 	EXP 	Display Frame 9
470.4901 	EXP 	Display Frame 0
470.5234 	EXP 	Display Frame 1
470.5567 	EXP 	Display Frame 2
470.5902 	EXP 	Display Frame 3
470.6236 	EXP 	Display Frame 4
470.6570 	EXP 	Display Frame 5
470.6902 	EXP 	Display Frame 6
470.7237 	EXP 	Display Frame 7
470.7569 	EXP 	Display Frame 8
470.7902 	EXP 	Display Frame 9
470.8234 	EXP 	Display Frame 0
470.8567 	EXP 	Display Frame 1
470.8901 	EXP 	Display Frame 2
470.9234 	EXP 	Display Frame 3
470.9567 	EXP 	Display Frame 4
470.9900 	EXP 	Display Frame 5
471.0234 	EXP 	Display Frame 6
471.0567 	EXP 	Display Frame 7
471.0901 	EXP 	Display Frame 8
471.1234 	EXP 	Display Frame 9
471.1567 	EXP 	Display Frame 0
471.1901 	EXP 	Display Frame 1
471.2234 	EXP 	Display Frame 2
471.2567 	EXP 	Display Frame 3
471.2900 	EXP 	Display Frame 4
471.3234 	EXP 	Display Frame 5
471.3567 	EXP 	Display Frame 6
471.3901 	EXP 	Display Frame 7
471.4234 	EXP 	Display Frame 8
471.4567 	EXP 	Display Frame 9
471.4901 	EXP 	Display Frame 0
471.5234 	EXP 	Display Frame 1
471.5567 	EXP 	Display Frame 2
471.5901 	EXP 	Display Frame 3
471.6234 	EXP 	Display Frame 4
471.6567 	EXP 	Display Frame 5
471.6901 	EXP 	Display Frame 6
471.7234 	EXP 	Display Frame 7
471.7567 	EXP 	Display Frame 8
471.7901 	EXP 	Display Frame 9
471.8234 	EXP 	Display Frame 0
471.8567 	EXP 	Display Frame 1
471.8900 	EXP 	Display Frame 2
471.9234 	EXP 	Display Frame 3
471.9567 	EXP 	Display Frame 4
471.9900 	EXP 	Display Frame 5
472.0234 	EXP 	Display Frame 6
472.0567 	EXP 	Display Frame 7
472.0901 	EXP 	Display Frame 8
472.1234 	EXP 	Display Frame 9
472.1567 	EXP 	Display Frame 0
472.1901 	EXP 	Display Frame 1
472.2234 	EXP 	Display Frame 2
472.2567 	EXP 	Display Frame 3
472.2903 	EXP 	Display Frame 4
472.3234 	EXP 	Display Frame 5
472.3567 	EXP 	Display Frame 6
472.3901 	EXP 	Display Frame 7
472.4235 	DATA 	Keypress: equal
472.4246 	EXP 	Display Frame 8
472.4567 	EXP 	Display Frame 9
472.4902 	EXP 	Display Frame 0
472.5236 	EXP 	Display Frame 1
472.5567 	EXP 	Display Frame 2
472.5901 	EXP 	Display Frame 3
472.6234 	EXP 	Display Frame 4
472.6567 	EXP 	Display Frame 5
472.6901 	EXP 	Display Frame 6
472.7234 	EXP 	Display Frame 7
472.7567 	EXP 	Display Frame 8
472.7901 	EXP 	Display Frame 9
472.8234 	EXP 	Display Frame 0
472.8567 	EXP 	Display Frame 1
472.8900 	EXP 	Display Frame 2
472.9234 	EXP 	Display Frame 3
472.9568 	EXP 	Display Frame 4
472.9901 	EXP 	Display Frame 5
473.0234 	EXP 	Display Frame 6
473.0567 	EXP 	Display Frame 7
473.0901 	EXP 	Display Frame 8
473.1234 	EXP 	Display Frame 9
473.1568 	EXP 	Display Frame 0
473.1901 	EXP 	Display Frame 1
473.2234 	EXP 	Display Frame 2
473.2567 	EXP 	Display Frame 3
473.2901 	EXP 	Display Frame 4
473.3234 	EXP 	Display Frame 5
473.3567 	EXP 	Display Frame 6
473.3901 	EXP 	Display Frame 7
473.4234 	EXP 	Display Frame 8
473.4567 	EXP 	Display Frame 9
473.4901 	EXP 	Display Frame 0
473.5234 	EXP 	Display Frame 1
473.5567 	EXP 	Display Frame 2
473.5901 	EXP 	Display Frame 3
473.6234 	EXP 	Display Frame 4
473.6567 	EXP 	Display Frame 5
473.6900 	EXP 	Display Frame 6
473.7234 	EXP 	Display Frame 7
473.7567 	EXP 	Display Frame 8
473.7901 	EXP 	Display Frame 9
473.8234 	EXP 	Display Frame 0
473.8567 	EXP 	Display Frame 1
473.8901 	EXP 	Display Frame 2
473.9234 	EXP 	Display Frame 3
473.9568 	EXP 	Display Frame 4
473.9900 	EXP 	Display Frame 5
474.0234 	EXP 	Display Frame 6
474.0567 	EXP 	Display Frame 7
474.0901 	EXP 	Display Frame 8
474.1234 	EXP 	Display Frame 9
474.1567 	EXP 	Display Frame 0
474.1901 	EXP 	Display Frame 1
474.2234 	EXP 	Display Frame 2
474.2567 	EXP 	Display Frame 3
474.2901 	EXP 	Display Frame 4
474.3234 	EXP 	Display Frame 5
474.3567 	EXP 	Display Frame 6
474.3900 	EXP 	Display Frame 7
474.4234 	EXP 	Display Frame 8
474.4567 	EXP 	Display Frame 9
474.4901 	EXP 	Display Frame 0
474.5234 	EXP 	Display Frame 1
474.5567 	EXP 	Display Frame 2
474.5905 	EXP 	Display Frame 3
474.6234 	EXP 	Display Frame 4
474.6568 	EXP 	Display Frame 5
474.6900 	EXP 	Display Frame 6
474.7234 	EXP 	Display Frame 7
474.7567 	EXP 	Display Frame 8
474.7901 	EXP 	Display Frame 9
474.8234 	EXP 	Display Frame 0
474.8567 	EXP 	Display Frame 1
474.8901 	EXP 	Display Frame 2
474.9234 	EXP 	Display Frame 3
474.9567 	EXP 	Display Frame 4
474.9900 	EXP 	Display Frame 5
475.0234 	EXP 	Display Frame 6
475.0567 	EXP 	Display Frame 7
475.0901 	EXP 	Display Frame 8
475.1234 	EXP 	Display Frame 9
475.1567 	EXP 	Display Frame 0
475.1901 	EXP 	Display Frame 1
475.2234 	EXP 	Display Frame 2
475.2567 	EXP 	Display Frame 3
475.2901 	EXP 	Display Frame 4
475.3234 	EXP 	Display Frame 5
475.3567 	EXP 	Display Frame 6
475.3900 	EXP 	Display Frame 7
475.4234 	EXP 	Display Frame 8
475.4567 	EXP 	Display Frame 9
475.4901 	EXP 	Display Frame 0
475.5234 	EXP 	Display Frame 1
475.5567 	EXP 	Display Frame 2
475.5901 	EXP 	Display Frame 3
475.6234 	EXP 	Display Frame 4
475.6567 	EXP 	Display Frame 5
475.6900 	EXP 	Display Frame 6
475.7234 	EXP 	Display Frame 7
475.7567 	EXP 	Display Frame 8
475.7901 	EXP 	Display Frame 9
475.8234 	EXP 	Display Frame 0
475.8567 	EXP 	Display Frame 1
475.8900 	EXP 	Display Frame 2
475.9234 	EXP 	Display Frame 3
475.9567 	EXP 	Display Frame 4
475.9900 	EXP 	Display Frame 5
476.0234 	EXP 	Display Frame 6
476.0567 	EXP 	Display Frame 7
476.0901 	EXP 	Display Frame 8
476.1234 	EXP 	Display Frame 9
476.1567 	EXP 	Display Frame 0
476.1900 	EXP 	Display Frame 1
476.2234 	EXP 	Display Frame 2
476.2567 	EXP 	Display Frame 3
476.2900 	EXP 	Display Frame 4
476.3234 	EXP 	Display Frame 5
476.3567 	EXP 	Display Frame 6
476.3901 	EXP 	Display Frame 7
476.4234 	EXP 	Display Frame 8
476.4567 	EXP 	Display Frame 9
476.4901 	EXP 	Display Frame 0
476.5234 	EXP 	Display Frame 1
476.5567 	EXP 	Display Frame 2
476.5901 	EXP 	Display Frame 3
476.6234 	EXP 	Display Frame 4
476.6567 	EXP 	Display Frame 5
476.6901 	EXP 	Display Frame 6
476.7234 	EXP 	Display Frame 7
476.7567 	EXP 	Display Frame 8
476.7901 	EXP 	Display Frame 9
476.8234 	EXP 	Display Frame 0
476.8567 	EXP 	Display Frame 1
476.8901 	EXP 	Display Frame 2
476.9234 	EXP 	Display Frame 3
476.9567 	EXP 	Display Frame 4
476.9901 	EXP 	Display Frame 5
477.0234 	EXP 	Display Frame 6
477.0567 	EXP 	Display Frame 7
477.0901 	EXP 	Display Frame 8
477.1234 	EXP 	Display Frame 9
477.1567 	EXP 	Display Frame 0
477.1900 	EXP 	Display Frame 1
477.2234 	EXP 	Display Frame 2
477.2567 	EXP 	Display Frame 3
477.2901 	EXP 	Display Frame 4
477.3234 	EXP 	Display Frame 5
477.3567 	EXP 	Display Frame 6
477.3901 	EXP 	Display Frame 7
477.4234 	EXP 	Display Frame 8
477.4568 	EXP 	Display Frame 9
477.4901 	EXP 	Display Frame 0
477.5234 	EXP 	Display Frame 1
477.5566 	EXP 	Display Frame 2
477.5901 	EXP 	Display Frame 3
477.6236 	DATA 	Keypress: equal
477.6246 	EXP 	Display Frame 4
477.6567 	EXP 	Display Frame 5
477.6900 	EXP 	Display Frame 6
477.7234 	EXP 	Display Frame 7
477.7567 	EXP 	Display Frame 8
477.7901 	EXP 	Display Frame 9
477.8235 	EXP 	Display Frame 0
477.8568 	EXP 	Display Frame 1
477.8901 	EXP 	Display Frame 2
477.9234 	EXP 	Display Frame 3
477.9567 	EXP 	Display Frame 4
477.9901 	EXP 	Display Frame 5
478.0234 	EXP 	Display Frame 6
478.0567 	EXP 	Display Frame 7
478.0900 	EXP 	Display Frame 8
478.1234 	EXP 	Display Frame 9
478.1567 	EXP 	Display Frame 0
478.1901 	EXP 	Display Frame 1
478.2234 	EXP 	Display Frame 2
478.2567 	EXP 	Display Frame 3
478.2901 	EXP 	Display Frame 4
478.3234 	EXP 	Display Frame 5
478.3567 	EXP 	Display Frame 6
478.3901 	EXP 	Display Frame 7
478.4234 	EXP 	Display Frame 8
478.4567 	EXP 	Display Frame 9
478.4901 	EXP 	Display Frame 0
478.5234 	EXP 	Display Frame 1
478.5567 	EXP 	Display Frame 2
478.5901 	EXP 	Display Frame 3
478.6236 	EXP 	Display Frame 4
478.6568 	EXP 	Display Frame 5
478.6901 	EXP 	Display Frame 6
478.7234 	EXP 	Display Frame 7
478.7567 	EXP 	Display Frame 8
478.7901 	EXP 	Display Frame 9
478.8234 	EXP 	Display Frame 0
478.8567 	EXP 	Display Frame 1
478.8901 	EXP 	Display Frame 2
478.9234 	EXP 	Display Frame 3
478.9567 	EXP 	Display Frame 4
478.9900 	EXP 	Display Frame 5
479.0234 	EXP 	Display Frame 6
479.0567 	EXP 	Display Frame 7
479.0901 	EXP 	Display Frame 8
479.1234 	EXP 	Display Frame 9
479.1567 	EXP 	Display Frame 0
479.1901 	EXP 	Display Frame 1
479.2234 	EXP 	Display Frame 2
479.2567 	EXP 	Display Frame 3
479.2900 	EXP 	Display Frame 4
479.3234 	EXP 	Display Frame 5
479.3567 	EXP 	Display Frame 6
479.3900 	EXP 	Display Frame 7
479.4234 	EXP 	Display Frame 8
479.4567 	EXP 	Display Frame 9
479.4901 	EXP 	Display Frame 0
479.5234 	EXP 	Display Frame 1
479.5567 	EXP 	Display Frame 2
479.5900 	EXP 	Display Frame 3
479.6234 	EXP 	Display Frame 4
479.6567 	EXP 	Display Frame 5
479.6901 	EXP 	Display Frame 6
479.7234 	EXP 	Display Frame 7
479.7567 	EXP 	Display Frame 8
479.7901 	EXP 	Display Frame 9
479.8234 	EXP 	Display Frame 0
479.8567 	EXP 	Display Frame 1
479.8900 	EXP 	Display Frame 2
479.9234 	EXP 	Display Frame 3
479.9567 	EXP 	Display Frame 4
479.9901 	EXP 	Display Frame 5
480.0234 	EXP 	Display Frame 6
480.0567 	EXP 	Display Frame 7
480.0901 	EXP 	Display Frame 8
480.1234 	EXP 	Display Frame 9
480.1567 	EXP 	Display Frame 0
480.1900 	EXP 	Display Frame 1
480.2234 	EXP 	Display Frame 2
480.2567 	EXP 	Display Frame 3
480.2901 	EXP 	Display Frame 4
480.3234 	EXP 	Display Frame 5
480.3567 	EXP 	Display Frame 6
480.3901 	EXP 	Display Frame 7
480.4234 	EXP 	Display Frame 8
480.4567 	EXP 	Display Frame 9
480.4901 	EXP 	Display Frame 0
480.5234 	EXP 	Display Frame 1
480.5567 	EXP 	Display Frame 2
480.5900 	EXP 	Display Frame 3
480.6234 	EXP 	Display Frame 4
480.6567 	EXP 	Display Frame 5
480.6901 	EXP 	Display Frame 6
480.7234 	EXP 	Display Frame 7
480.7567 	EXP 	Display Frame 8
480.7901 	EXP 	Display Frame 9
480.8234 	EXP 	Display Frame 0
480.8567 	EXP 	Display Frame 1
480.8900 	EXP 	Display Frame 2
480.9234 	EXP 	Display Frame 3
480.9567 	EXP 	Display Frame 4
480.9901 	EXP 	Display Frame 5
481.0234 	EXP 	Display Frame 6
481.0567 	EXP 	Display Frame 7
481.0901 	EXP 	Display Frame 8
481.1234 	EXP 	Display Frame 9
481.1567 	EXP 	Display Frame 0
481.1900 	EXP 	Display Frame 1
481.2234 	EXP 	Display Frame 2
481.2567 	EXP 	Display Frame 3
481.2901 	EXP 	Display Frame 4
481.3234 	EXP 	Display Frame 5
481.3567 	EXP 	Display Frame 6
481.3901 	EXP 	Display Frame 7
481.4234 	EXP 	Display Frame 8
481.4567 	EXP 	Display Frame 9
481.4901 	EXP 	Display Frame 0
481.5234 	EXP 	Display Frame 1
481.5566 	EXP 	Display Frame 2
481.5901 	EXP 	Display Frame 3
481.6234 	EXP 	Display Frame 4
481.6567 	EXP 	Display Frame 5
481.6900 	EXP 	Display Frame 6
481.7234 	EXP 	Display Frame 7
481.7567 	EXP 	Display Frame 8
481.7900 	EXP 	Display Frame 9
481.8234 	EXP 	Display Frame 0
481.8567 	EXP 	Display Frame 1
481.8901 	EXP 	Display Frame 2
481.9234 	EXP 	Display Frame 3
481.9567 	EXP 	Display Frame 4
481.9901 	EXP 	Display Frame 5
482.0234 	EXP 	Display Frame 6
482.0567 	EXP 	Display Frame 7
482.0901 	EXP 	Display Frame 8
482.1234 	EXP 	Display Frame 9
482.1567 	EXP 	Display Frame 0
482.1901 	EXP 	Display Frame 1
482.2234 	EXP 	Display Frame 2
482.2567 	EXP 	Display Frame 3
482.2901 	EXP 	Display Frame 4
482.3234 	EXP 	Display Frame 5
482.3567 	EXP 	Display Frame 6
482.3900 	EXP 	Display Frame 7
482.4234 	EXP 	Display Frame 8
482.4567 	EXP 	Display Frame 9
482.4949 	EXP 	Display Frame 0
482.5234 	EXP 	Display Frame 1
482.5567 	EXP 	Display Frame 2
482.5901 	EXP 	Display Frame 3
482.6234 	EXP 	Display Frame 4
482.6569 	EXP 	Display Frame 5
482.6912 	EXP 	Display Frame 6
482.7234 	EXP 	Display Frame 7
482.7567 	EXP 	Display Frame 8
482.7902 	DATA 	Keypress: equal
482.7911 	EXP 	Display Frame 9
482.8234 	EXP 	Display Frame 0
482.8567 	EXP 	Display Frame 1
482.8901 	EXP 	Display Frame 2
482.9234 	EXP 	Display Frame 3
482.9568 	EXP 	Display Frame 4
482.9901 	EXP 	Display Frame 5
483.0234 	EXP 	Display Frame 6
483.0568 	EXP 	Display Frame 7
483.0903 	EXP 	Display Frame 8
483.1236 	EXP 	Display Frame 9
483.1570 	EXP 	Display Frame 0
483.1902 	EXP 	Display Frame 1
483.2234 	EXP 	Display Frame 2
483.2568 	EXP 	Display Frame 3
483.2901 	EXP 	Display Frame 4
483.3234 	EXP 	Display Frame 5
483.3567 	EXP 	Display Frame 6
483.3901 	EXP 	Display Frame 7
483.4234 	EXP 	Display Frame 8
483.4567 	EXP 	Display Frame 9
483.4901 	EXP 	Display Frame 0
483.5234 	EXP 	Display Frame 1
483.5567 	EXP 	Display Frame 2
483.5901 	EXP 	Display Frame 3
483.6234 	EXP 	Display Frame 4
483.6567 	EXP 	Display Frame 5
483.6900 	EXP 	Display Frame 6
483.7234 	EXP 	Display Frame 7
483.7567 	EXP 	Display Frame 8
483.7901 	EXP 	Display Frame 9
483.8234 	EXP 	Display Frame 0
483.8567 	EXP 	Display Frame 1
483.8900 	EXP 	Display Frame 2
483.9234 	EXP 	Display Frame 3
483.9567 	EXP 	Display Frame 4
483.9901 	EXP 	Display Frame 5
484.0234 	EXP 	Display Frame 6
484.0567 	EXP 	Display Frame 7
484.0901 	EXP 	Display Frame 8
484.1234 	EXP 	Display Frame 9
484.1568 	EXP 	Display Frame 0
484.1909 	EXP 	Display Frame 1
484.2234 	EXP 	Display Frame 2
484.2567 	EXP 	Display Frame 3
484.2901 	EXP 	Display Frame 4
484.3234 	EXP 	Display Frame 5
484.3567 	EXP 	Display Frame 6
484.3901 	EXP 	Display Frame 7
484.4234 	EXP 	Display Frame 8
484.4567 	EXP 	Display Frame 9
484.4900 	EXP 	Display Frame 0
484.5234 	EXP 	Display Frame 1
484.5567 	EXP 	Display Frame 2
484.5900 	EXP 	Display Frame 3
484.6234 	EXP 	Display Frame 4
484.6567 	EXP 	Display Frame 5
484.6900 	EXP 	Display Frame 6
484.7234 	EXP 	Display Frame 7
484.7568 	EXP 	Display Frame 8
484.7901 	EXP 	Display Frame 9
484.8234 	EXP 	Display Frame 0
484.8567 	EXP 	Display Frame 1
484.8900 	EXP 	Display Frame 2
484.9234 	EXP 	Display Frame 3
484.9569 	EXP 	Display Frame 4
484.9901 	EXP 	Display Frame 5
485.0234 	EXP 	Display Frame 6
485.0567 	EXP 	Display Frame 7
485.0901 	EXP 	Display Frame 8
485.1237 	EXP 	Display Frame 9
485.1569 	EXP 	Display Frame 0
485.1902 	EXP 	Display Frame 1
485.2234 	EXP 	Display Frame 2
485.2568 	EXP 	Display Frame 3
485.2901 	EXP 	Display Frame 4
485.3234 	EXP 	Display Frame 5
485.3567 	EXP 	Display Frame 6
485.3901 	EXP 	Display Frame 7
485.4234 	EXP 	Display Frame 8
485.4567 	EXP 	Display Frame 9
485.4900 	EXP 	Display Frame 0
485.5234 	EXP 	Display Frame 1
485.5567 	EXP 	Display Frame 2
485.5901 	EXP 	Display Frame 3
485.6234 	EXP 	Display Frame 4
485.6567 	EXP 	Display Frame 5
485.6901 	EXP 	Display Frame 6
485.7234 	EXP 	Display Frame 7
485.7568 	EXP 	Display Frame 8
485.7900 	EXP 	Display Frame 9
485.8234 	EXP 	Display Frame 0
485.8567 	EXP 	Display Frame 1
485.8901 	EXP 	Display Frame 2
485.9234 	EXP 	Display Frame 3
485.9567 	EXP 	Display Frame 4
485.9901 	EXP 	Display Frame 5
486.0234 	EXP 	Display Frame 6
486.0567 	EXP 	Display Frame 7
486.0900 	EXP 	Display Frame 8
486.1234 	EXP 	Display Frame 9
486.1567 	EXP 	Display Frame 0
486.1901 	EXP 	Display Frame 1
486.2234 	EXP 	Display Frame 2
486.2568 	EXP 	Display Frame 3
486.2900 	EXP 	Display Frame 4
486.3234 	EXP 	Display Frame 5
486.3568 	EXP 	Display Frame 6
486.3900 	EXP 	Display Frame 7
486.4234 	EXP 	Display Frame 8
486.4567 	EXP 	Display Frame 9
486.4901 	EXP 	Display Frame 0
486.5234 	EXP 	Display Frame 1
486.5567 	EXP 	Display Frame 2
486.5901 	EXP 	Display Frame 3
486.6234 	EXP 	Display Frame 4
486.6567 	EXP 	Display Frame 5
486.6900 	EXP 	Display Frame 6
486.7234 	EXP 	Display Frame 7
486.7567 	EXP 	Display Frame 8
486.7901 	EXP 	Display Frame 9
486.8234 	EXP 	Display Frame 0
486.8567 	EXP 	Display Frame 1
486.8901 	EXP 	Display Frame 2
486.9234 	EXP 	Display Frame 3
486.9568 	EXP 	Display Frame 4
486.9900 	EXP 	Display Frame 5
487.0234 	EXP 	Display Frame 6
487.0567 	EXP 	Display Frame 7
487.0901 	EXP 	Display Frame 8
487.1234 	EXP 	Display Frame 9
487.1567 	EXP 	Display Frame 0
487.1901 	EXP 	Display Frame 1
487.2234 	EXP 	Display Frame 2
487.2567 	EXP 	Display Frame 3
487.2901 	EXP 	Display Frame 4
487.3234 	EXP 	Display Frame 5
487.3567 	EXP 	Display Frame 6
487.3900 	EXP 	Display Frame 7
487.4234 	EXP 	Display Frame 8
487.4567 	EXP 	Display Frame 9
487.4901 	EXP 	Display Frame 0
487.5234 	EXP 	Display Frame 1
487.5567 	EXP 	Display Frame 2
487.5900 	EXP 	Display Frame 3
487.6234 	EXP 	Display Frame 4
487.6567 	EXP 	Display Frame 5
487.6900 	EXP 	Display Frame 6
487.7234 	EXP 	Display Frame 7
487.7567 	EXP 	Display Frame 8
487.7901 	EXP 	Display Frame 9
487.8248 	EXP 	Display Frame 0
487.8568 	EXP 	Display Frame 1
487.8900 	EXP 	Display Frame 2
487.9234 	EXP 	Display Frame 3
487.9568 	EXP 	Display Frame 4
487.9902 	DATA 	Keypress: equal
487.9912 	EXP 	Display Frame 5
487.9996 	EXP 	Display Fixation
493.1778 	DATA 	Keypress: equal
498.3716 	DATA 	Keypress: equal
503.5651 	DATA 	Keypress: equal
508.7587 	DATA 	Keypress: equal
513.9528 	DATA 	Keypress: equal
519.1459 	DATA 	Keypress: equal
519.1804 	EXP 	Display Frame 1
519.2136 	EXP 	Display Frame 2
519.2469 	EXP 	Display Frame 3
519.2803 	EXP 	Display Frame 4
519.3136 	EXP 	Display Frame 5
519.3469 	EXP 	Display Frame 6
519.3803 	EXP 	Display Frame 7
519.4136 	EXP 	Display Frame 8
519.4469 	EXP 	Display Frame 9
519.4803 	EXP 	Display Frame 0
519.5136 	EXP 	Display Frame 1
519.5469 	EXP 	Display Frame 2
519.5803 	EXP 	Display Frame 3
519.6136 	EXP 	Display Frame 4
519.6469 	EXP 	Display Frame 5
519.6802 	EXP 	Display Frame 6
519.7136 	EXP 	Display Frame 7
519.7469 	EXP 	Display Frame 8
519.7802 	EXP 	Display Frame 9
519.8136 	EXP 	Display Frame 0
519.8469 	EXP 	Display Frame 1
519.8802 	EXP 	Display Frame 2
519.9136 	EXP 	Display Frame 3
519.9468 	EXP 	Display Frame 4
519.9802 	EXP 	Display Frame 5
520.0136 	EXP 	Display Frame 6
520.0469 	EXP 	Display Frame 7
520.0802 	EXP 	Display Frame 8
520.1136 	EXP 	Display Frame 9
520.1469 	EXP 	Display Frame 0
520.1802 	EXP 	Display Frame 1
520.2136 	EXP 	Display Frame 2
520.2469 	EXP 	Display Frame 3
520.2802 	EXP 	Display Frame 4
520.3136 	EXP 	Display Frame 5
520.3469 	EXP 	Display Frame 6
520.3802 	EXP 	Display Frame 7
520.4136 	EXP 	Display Frame 8
520.4469 	EXP 	Display Frame 9
520.4802 	EXP 	Display Frame 0
520.5136 	EXP 	Display Frame 1
520.5469 	EXP 	Display Frame 2
520.5803 	EXP 	Display Frame 3
520.6135 	EXP 	Display Frame 4
520.6469 	EXP 	Display Frame 5
520.6802 	EXP 	Display Frame 6
520.7136 	EXP 	Display Frame 7
520.7469 	EXP 	Display Frame 8
520.7802 	EXP 	Display Frame 9
520.8135 	EXP 	Display Frame 0
520.8469 	EXP 	Display Frame 1
520.8802 	EXP 	Display Frame 2
520.9136 	EXP 	Display Frame 3
520.9469 	EXP 	Display Frame 4
520.9802 	EXP 	Display Frame 5
521.0136 	EXP 	Display Frame 6
521.0469 	EXP 	Display Frame 7
521.0802 	EXP 	Display Frame 8
521.1135 	EXP 	Display Frame 9
521.1469 	EXP 	Display Frame 0
521.1802 	EXP 	Display Frame 1
521.2136 	EXP 	Display Frame 2
521.2469 	EXP 	Display Frame 3
521.2802 	EXP 	Display Frame 4
521.3136 	EXP 	Display Frame 5
521.3469 	EXP 	Display Frame 6
521.3802 	EXP 	Display Frame 7
521.4135 	EXP 	Display Frame 8
521.4469 	EXP 	Display Frame 9
521.4802 	EXP 	Display Frame 0
521.5135 	EXP 	Display Frame 1
521.5469 	EXP 	Display Frame 2
521.5802 	EXP 	Display Frame 3
521.6136 	EXP 	Display Frame 4
521.6469 	EXP 	Display Frame 5
521.6802 	EXP 	Display Frame 6
521.7135 	EXP 	Display Frame 7
521.7469 	EXP 	Display Frame 8
521.7802 	EXP 	Display Frame 9
521.8135 	EXP 	Display Frame 0
521.8469 	EXP 	Display Frame 1
521.8802 	EXP 	Display Frame 2
521.9136 	EXP 	Display Frame 3
521.9469 	EXP 	Display Frame 4
521.9802 	EXP 	Display Frame 5
522.0136 	EXP 	Display Frame 6
522.0469 	EXP 	Display Frame 7
522.0802 	EXP 	Display Frame 8
522.1135 	EXP 	Display Frame 9
522.1470 	EXP 	Display Frame 0
522.1802 	EXP 	Display Frame 1
522.2136 	EXP 	Display Frame 2
522.2469 	EXP 	Display Frame 3
522.2805 	EXP 	Display Frame 4
522.3137 	EXP 	Display Frame 5
522.3469 	EXP 	Display Frame 6
522.3802 	EXP 	Display Frame 7
522.4135 	EXP 	Display Frame 8
522.4469 	EXP 	Display Frame 9
522.4802 	EXP 	Display Frame 0
522.5136 	EXP 	Display Frame 1
522.5469 	EXP 	Display Frame 2
522.5802 	EXP 	Display Frame 3
522.6136 	EXP 	Display Frame 4
522.6469 	EXP 	Display Frame 5
522.6802 	EXP 	Display Frame 6
522.7136 	EXP 	Display Frame 7
522.7469 	EXP 	Display Frame 8
522.7802 	EXP 	Display Frame 9
522.8136 	EXP 	Display Frame 0
522.8469 	EXP 	Display Frame 1
522.8802 	EXP 	Display Frame 2
522.9136 	EXP 	Display Frame 3
522.9469 	EXP 	Display Frame 4
522.9803 	EXP 	Display Frame 5
523.0135 	EXP 	Display Frame 6
523.0471 	EXP 	Display Frame 7
523.0803 	EXP 	Display Frame 8
523.1136 	EXP 	Display Frame 9
523.1469 	EXP 	Display Frame 0
523.1802 	EXP 	Display Frame 1
523.2136 	EXP 	Display Frame 2
523.2469 	EXP 	Display Frame 3
523.2802 	EXP 	Display Frame 4
523.3136 	EXP 	Display Frame 5
523.3469 	EXP 	Display Frame 6
523.3802 	EXP 	Display Frame 7
523.4136 	EXP 	Display Frame 8
523.4469 	EXP 	Display Frame 9
523.4802 	EXP 	Display Frame 0
523.5135 	EXP 	Display Frame 1
523.5469 	EXP 	Display Frame 2
523.5825 	EXP 	Display Frame 3
523.6135 	EXP 	Display Frame 4
523.6469 	EXP 	Display Frame 5
523.6802 	EXP 	Display Frame 6
523.7135 	EXP 	Display Frame 7
523.7469 	EXP 	Display Frame 8
523.7802 	EXP 	Display Frame 9
523.8136 	EXP 	Display Frame 0
523.8469 	EXP 	Display Frame 1
523.8802 	EXP 	Display Frame 2
523.9135 	EXP 	Display Frame 3
523.9469 	EXP 	Display Frame 4
523.9802 	EXP 	Display Frame 5
524.0135 	EXP 	Display Frame 6
524.0469 	EXP 	Display Frame 7
524.0802 	EXP 	Display Frame 8
524.1136 	EXP 	Display Frame 9
524.1469 	EXP 	Display Frame 0
524.1803 	EXP 	Display Frame 1
524.2135 	EXP 	Display Frame 2
524.2469 	EXP 	Display Frame 3
524.2802 	EXP 	Display Frame 4
524.3136 	EXP 	Display Frame 5
524.3470 	DATA 	Keypress: equal
524.3481 	EXP 	Display Frame 6
524.3802 	EXP 	Display Frame 7
524.4135 	EXP 	Display Frame 8
524.4469 	EXP 	Display Frame 9
524.4802 	EXP 	Display Frame 0
524.5135 	EXP 	Display Frame 1
524.5469 	EXP 	Display Frame 2
524.5802 	EXP 	Display Frame 3
524.6135 	EXP 	Display Frame 4
524.6469 	EXP 	Display Frame 5
524.6810 	EXP 	Display Frame 6
524.7136 	EXP 	Display Frame 7
524.7469 	EXP 	Display Frame 8
524.7803 	EXP 	Display Frame 9
524.8135 	EXP 	Display Frame 0
524.8469 	EXP 	Display Frame 1
524.8802 	EXP 	Display Frame 2
524.9136 	EXP 	Display Frame 3
524.9469 	EXP 	Display Frame 4
524.9802 	EXP 	Display Frame 5
525.0136 	EXP 	Display Frame 6
525.0469 	EXP 	Display Frame 7
525.0802 	EXP 	Display Frame 8
525.1136 	EXP 	Display Frame 9
525.1469 	EXP 	Display Frame 0
525.1802 	EXP 	Display Frame 1
525.2136 	EXP 	Display Frame 2
525.2469 	EXP 	Display Frame 3
525.2802 	EXP 	Display Frame 4
525.3136 	EXP 	Display Frame 5
525.3469 	EXP 	Display Frame 6
525.3803 	EXP 	Display Frame 7
525.4135 	EXP 	Display Frame 8
525.4469 	EXP 	Display Frame 9
525.4802 	EXP 	Display Frame 0
525.5136 	EXP 	Display Frame 1
525.5469 	EXP 	Display Frame 2
525.5802 	EXP 	Display Frame 3
525.6136 	EXP 	Display Frame 4
525.6469 	EXP 	Display Frame 5
525.6802 	EXP 	Display Frame 6
525.7134 	EXP 	Display Frame 7
525.7470 	EXP 	Display Frame 8
525.7803 	EXP 	Display Frame 9
525.8135 	EXP 	Display Frame 0
525.8469 	EXP 	Display Frame 1
525.8802 	EXP 	Display Frame 2
525.9135 	EXP 	Display Frame 3
525.9469 	EXP 	Display Frame 4
525.9802 	EXP 	Display Frame 5
526.0135 	EXP 	Display Frame 6
526.0469 	EXP 	Display Frame 7
526.0802 	EXP 	Display Frame 8
526.1135 	EXP 	Display Frame 9
526.1469 	EXP 	Display Frame 0
526.1802 	EXP 	Display Frame 1
526.2135 	EXP 	Display Frame 2
526.2469 	EXP 	Display Frame 3
526.2802 	EXP 	Display Frame 4
526.3136 	EXP 	Display Frame 5
526.3469 	EXP 	Display Frame 6
526.3802 	EXP 	Display Frame 7
526.4136 	EXP 	Display Frame 8
526.4469 	EXP 	Display Frame 9
526.4802 	EXP 	Display Frame 0
526.5136 	EXP 	Display Frame 1
526.5469 	EXP 	Display Frame 2
526.5802 	EXP 	Display Frame 3
526.6135 	EXP 	Display Frame 4
526.6469 	EXP 	Display Frame 5
526.6802 	EXP 	Display Frame 6
526.7135 	EXP 	Display Frame 7
526.7469 	EXP 	Display Frame 8
526.7814 	EXP 	Display Frame 9
526.8136 	EXP 	Display Frame 0
526.8469 	EXP 	Display Frame 1
526.8802 	EXP 	Display Frame 2
526.9135 	EXP 	Display Frame 3
526.9469 	EXP 	Display Frame 4
526.9802 	EXP 	Display Frame 5
527.0135 	EXP 	Display Frame 6
527.0469 	EXP 	Display Frame 7
527.0802 	EXP 	Display Frame 8
527.1136 	EXP 	Display Frame 9
527.1469 	EXP 	Display Frame 0
527.1802 	EXP 	Display Frame 1
527.2135 	EXP 	Display Frame 2
527.2469 	EXP 	Display Frame 3
527.2802 	EXP 	Display Frame 4
527.3135 	EXP 	Display Frame 5
527.3469 	EXP 	Display Frame 6
527.3802 	EXP 	Display Frame 7
527.4136 	EXP 	Display Frame 8
527.4469 	EXP 	Display Frame 9
527.4802 	EXP 	Display Frame 0
527.5135 	EXP 	Display Frame 1
527.5469 	EXP 	Display Frame 2
527.5802 	EXP 	Display Frame 3
527.6135 	EXP 	Display Frame 4
527.6469 	EXP 	Display Frame 5
527.6802 	EXP 	Display Frame 6
527.7136 	EXP 	Display Frame 7
527.7469 	EXP 	Display Frame 8
527.7802 	EXP 	Display Frame 9
527.8136 	EXP 	Display Frame 0
527.8469 	EXP 	Display Frame 1
527.8802 	EXP 	Display Frame 2
527.9135 	EXP 	Display Frame 3
527.9469 	EXP 	Display Frame 4
527.9802 	EXP 	Display Frame 5
528.0136 	EXP 	Display Frame 6
528.0469 	EXP 	Display Frame 7
528.0802 	EXP 	Display Frame 8
528.1136 	EXP 	Display Frame 9
528.1469 	EXP 	Display Frame 0
528.1802 	EXP 	Display Frame 1
528.2135 	EXP 	Display Frame 2
528.2469 	EXP 	Display Frame 3
528.2802 	EXP 	Display Frame 4
528.3136 	EXP 	Display Frame 5
528.3469 	EXP 	Display Frame 6
528.3802 	EXP 	Display Frame 7
528.4136 	EXP 	Display Frame 8
528.4469 	EXP 	Display Frame 9
528.4802 	EXP 	Display Frame 0
528.5135 	EXP 	Display Frame 1
528.5469 	EXP 	Display Frame 2
528.5802 	EXP 	Display Frame 3
528.6136 	EXP 	Display Frame 4
528.6469 	EXP 	Display Frame 5
528.6803 	EXP 	Display Frame 6
528.7135 	EXP 	Display Frame 7
528.7469 	EXP 	Display Frame 8
528.7802 	EXP 	Display Frame 9
528.8135 	EXP 	Display Frame 0
528.8469 	EXP 	Display Frame 1
528.8802 	EXP 	Display Frame 2
528.9136 	EXP 	Display Frame 3
528.9469 	EXP 	Display Frame 4
528.9802 	EXP 	Display Frame 5
529.0135 	EXP 	Display Frame 6
529.0469 	EXP 	Display Frame 7
529.0802 	EXP 	Display Frame 8
529.1135 	EXP 	Display Frame 9
529.1469 	EXP 	Display Frame 0
529.1802 	EXP 	Display Frame 1
529.2135 	EXP 	Display Frame 2
529.2469 	EXP 	Display Frame 3
529.2802 	EXP 	Display Frame 4
529.3136 	EXP 	Display Frame 5
529.3469 	EXP 	Display Frame 6
529.3805 	EXP 	Display Frame 7
529.4136 	EXP 	Display Frame 8
529.4469 	EXP 	Display Frame 9
529.4802 	EXP 	Display Frame 0
529.5136 	EXP 	Display Frame 1
529.5470 	DATA 	Keypress: equal
529.5481 	EXP 	Display Frame 2
529.5802 	EXP 	Display Frame 3
529.6136 	EXP 	Display Frame 4
529.6469 	EXP 	Display Frame 5
529.6802 	EXP 	Display Frame 6
529.7135 	EXP 	Display Frame 7
529.7469 	EXP 	Display Frame 8
529.7802 	EXP 	Display Frame 9
529.8135 	EXP 	Display Frame 0
529.8469 	EXP 	Display Frame 1
529.8802 	EXP 	Display Frame 2
529.9136 	EXP 	Display Frame 3
529.9469 	EXP 	Display Frame 4
529.9802 	EXP 	Display Frame 5
530.0135 	EXP 	Display Frame 6
530.0469 	EXP 	Display Frame 7
530.0802 	EXP 	Display Frame 8
530.1135 	EXP 	Display Frame 9
530.1469 	EXP 	Display Frame 0
530.1802 	EXP 	Display Frame 1
530.2135 	EXP 	Display Frame 2
530.2469 	EXP 	Display Frame 3
530.2802 	EXP 	Display Frame 4
530.3136 	EXP 	Display Frame 5
530.3469 	EXP 	Display Frame 6
530.3802 	EXP 	Display Frame 7
530.4135 	EXP 	Display Frame 8
530.4469 	EXP 	Display Frame 9
530.4802 	EXP 	Display Frame 0
530.5135 	EXP 	Display Frame 1
530.5469 	EXP 	Display Frame 2
530.5802 	EXP 	Display Frame 3
530.6136 	EXP 	Display Frame 4
530.6469 	EXP 	Display Frame 5
530.6802 	EXP 	Display Frame 6
530.7136 	EXP 	Display Frame 7
530.7469 	EXP 	Display Frame 8
530.7802 	EXP 	Display Frame 9
530.8135 	EXP 	Display Frame 0
530.8469 	EXP 	Display Frame 1
530.8802 	EXP 	Display Frame 2
530.9136 	EXP 	Display Frame 3
530.9469 	EXP 	Display Frame 4
530.9802 	EXP 	Display Frame 5
531.0135 	EXP 	Display Frame 6
531.0469 	EXP 	Display Frame 7
531.0803 	EXP 	Display Frame 8
531.1136 	EXP 	Display Frame 9
531.1469 	EXP 	Display Frame 0
531.1802 	EXP 	Display Frame 1
531.2136 	EXP 	Display Frame 2
531.2469 	EXP 	Display Frame 3
531.2802 	EXP 	Display Frame 4
531.3136 	EXP 	Display Frame 5
531.3469 	EXP 	Display Frame 6
531.3802 	EXP 	Display Frame 7
531.4136 	EXP 	Display Frame 8
531.4469 	EXP 	Display Frame 9
531.4802 	EXP 	Display Frame 0
531.5135 	EXP 	Display Frame 1
531.5469 	EXP 	Display Frame 2
531.5802 	EXP 	Display Frame 3
531.6136 	EXP 	Display Frame 4
531.6470 	EXP 	Display Frame 5
531.6802 	EXP 	Display Frame 6
531.7136 	EXP 	Display Frame 7
531.7469 	EXP 	Display Frame 8
531.7802 	EXP 	Display Frame 9
531.8136 	EXP 	Display Frame 0
531.8469 	EXP 	Display Frame 1
531.8802 	EXP 	Display Frame 2
531.9135 	EXP 	Display Frame 3
531.9469 	EXP 	Display Frame 4
531.9802 	EXP 	Display Frame 5
532.0136 	EXP 	Display Frame 6
532.0469 	EXP 	Display Frame 7
532.0802 	EXP 	Display Frame 8
532.1136 	EXP 	Display Frame 9
532.1469 	EXP 	Display Frame 0
532.1802 	EXP 	Display Frame 1
532.2135 	EXP 	Display Frame 2
532.2469 	EXP 	Display Frame 3
532.2802 	EXP 	Display Frame 4
532.3135 	EXP 	Display Frame 5
532.3469 	EXP 	Display Frame 6
532.3802 	EXP 	Display Frame 7
532.4136 	EXP 	Display Frame 8
532.4469 	EXP 	Display Frame 9
532.4802 	EXP 	Display Frame 0
532.5136 	EXP 	Display Frame 1
532.5469 	EXP 	Display Frame 2
532.5802 	EXP 	Display Frame 3
532.6135 	EXP 	Display Frame 4
532.6469 	EXP 	Display Frame 5
532.6802 	EXP 	Display Frame 6
532.7136 	EXP 	Display Frame 7
532.7469 	EXP 	Display Frame 8
532.7802 	EXP 	Display Frame 9
532.8136 	EXP 	Display Frame 0
532.8469 	EXP 	Display Frame 1
532.8802 	EXP 	Display Frame 2
532.9135 	EXP 	Display Frame 3
532.9469 	EXP 	Display Frame 4
532.9802 	EXP 	Display Frame 5
533.0135 	EXP 	Display Frame 6
533.0469 	EXP 	Display Frame 7
533.0802 	EXP 	Display Frame 8
533.1135 	EXP 	Display Frame 9
533.1469 	EXP 	Display Frame 0
533.1802 	EXP 	Display Frame 1
533.2136 	EXP 	Display Frame 2
533.2469 	EXP 	Display Frame 3
533.2802 	EXP 	Display Frame 4
533.3136 	EXP 	Display Frame 5
533.3469 	EXP 	Display Frame 6
533.3802 	EXP 	Display Frame 7
533.4136 	EXP 	Display Frame 8
533.4469 	EXP 	Display Frame 9
533.4802 	EXP 	Display Frame 0
533.5135 	EXP 	Display Frame 1
533.5469 	EXP 	Display Frame 2
533.5802 	EXP 	Display Frame 3
533.6135 	EXP 	Display Frame 4
533.6469 	EXP 	Display Frame 5
533.6802 	EXP 	Display Frame 6
533.7136 	EXP 	Display Frame 7
533.7469 	EXP 	Display Frame 8
533.7802 	EXP 	Display Frame 9
533.8136 	EXP 	Display Frame 0
533.8469 	EXP 	Display Frame 1
533.8802 	EXP 	Display Frame 2
533.9136 	EXP 	Display Frame 3
533.9469 	EXP 	Display Frame 4
533.9802 	EXP 	Display Frame 5
534.0135 	EXP 	Display Frame 6
534.0469 	EXP 	Display Frame 7
534.0802 	EXP 	Display Frame 8
534.1135 	EXP 	Display Frame 9
534.1469 	EXP 	Display Frame 0
534.1802 	EXP 	Display Frame 1
534.2136 	EXP 	Display Frame 2
534.2469 	EXP 	Display Frame 3
534.2802 	EXP 	Display Frame 4
534.3135 	EXP 	Display Frame 5
534.3469 	EXP 	Display Frame 6
534.3802 	EXP 	Display Frame 7
534.4135 	EXP 	Display Frame 8
534.4469 	EXP 	Display Frame 9
534.4802 	EXP 	Display Frame 0
534.5136 	EXP 	Display Frame 1
534.5469 	EXP 	Display Frame 2
534.5803 	EXP 	Display Frame 3
534.6136 	EXP 	Display Frame 4
534.6479 	EXP 	Display Frame 5
534.6802 	EXP 	Display Frame 6
534.7135 	EXP 	Display Frame 7
534.7470 	DATA 	Keypress: equal
534.7482 	EXP 	Display Frame 8
534.7802 	EXP 	Display Frame 9
534.8136 	EXP 	Display Frame 0
534.8469 	EXP 	Display Frame 1
534.8802 	EXP 	Display Frame 2
534.9136 	EXP 	Display Frame 3
534.9469 	EXP 	Display Frame 4
534.9802 	EXP 	Display Frame 5
535.0135 	EXP 	Display Frame 6
535.0469 	EXP 	Display Frame 7
535.0802 	EXP 	Display Frame 8
535.1136 	EXP 	Display Frame 9
535.1469 	EXP 	Display Frame 0
535.1802 	EXP 	Display Frame 1
535.2135 	EXP 	Display Frame 2
535.2469 	EXP 	Display Frame 3
535.2802 	EXP 	Display Frame 4
535.3135 	EXP 	Display Frame 5
535.3469 	EXP 	Display Frame 6
535.3802 	EXP 	Display Frame 7
535.4136 	EXP 	Display Frame 8
535.4469 	EXP 	Display Frame 9
535.4802 	EXP 	Display Frame 0
535.5136 	EXP 	Display Frame 1
535.5469 	EXP 	Display Frame 2
535.5802 	EXP 	Display Frame 3
535.6135 	EXP 	Display Frame 4
535.6469 	EXP 	Display Frame 5
535.6802 	EXP 	Display Frame 6
535.7136 	EXP 	Display Frame 7
535.7471 	EXP 	Display Frame 8
535.7802 	EXP 	Display Frame 9
535.8136 	EXP 	Display Frame 0
535.8469 	EXP 	Display Frame 1
535.8803 	EXP 	Display Frame 2
535.9136 	EXP 	Display Frame 3
535.9469 	EXP 	Display Frame 4
535.9802 	EXP 	Display Frame 5
536.0136 	EXP 	Display Frame 6
536.0469 	EXP 	Display Frame 7
536.0803 	EXP 	Display Frame 8
536.1135 	EXP 	Display Frame 9
536.1469 	EXP 	Display Frame 0
536.1802 	EXP 	Display Frame 1
536.2135 	EXP 	Display Frame 2
536.2469 	EXP 	Display Frame 3
536.2802 	EXP 	Display Frame 4
536.3136 	EXP 	Display Frame 5
536.3469 	EXP 	Display Frame 6
536.3802 	EXP 	Display Frame 7
536.4136 	EXP 	Display Frame 8
536.4469 	EXP 	Display Frame 9
536.4802 	EXP 	Display Frame 0
536.5135 	EXP 	Display Frame 1
536.5469 	EXP 	Display Frame 2
536.5802 	EXP 	Display Frame 3
536.6136 	EXP 	Display Frame 4
536.6469 	EXP 	Display Frame 5
536.6802 	EXP 	Display Frame 6
536.7136 	EXP 	Display Frame 7
536.7469 	EXP 	Display Frame 8
536.7802 	EXP 	Display Frame 9
536.8135 	EXP 	Display Frame 0
536.8469 	EXP 	Display Frame 1
536.8802 	EXP 	Display Frame 2
536.9136 	EXP 	Display Frame 3
536.9469 	EXP 	Display Frame 4
536.9802 	EXP 	Display Frame 5
537.0136 	EXP 	Display Frame 6
537.0469 	EXP 	Display Frame 7
537.0802 	EXP 	Display Frame 8
537.1135 	EXP 	Display Frame 9
537.1469 	EXP 	Display Frame 0
537.1802 	EXP 	Display Frame 1
537.2135 	EXP 	Display Frame 2
537.2469 	EXP 	Display Frame 3
537.2802 	EXP 	Display Frame 4
537.3136 	EXP 	Display Frame 5
537.3469 	EXP 	Display Frame 6
537.3802 	EXP 	Display Frame 7
537.4136 	EXP 	Display Frame 8
537.4469 	EXP 	Display Frame 9
537.4802 	EXP 	Display Frame 0
537.5135 	EXP 	Display Frame 1
537.5469 	EXP 	Display Frame 2
537.5802 	EXP 	Display Frame 3
537.6136 	EXP 	Display Frame 4
537.6469 	EXP 	Display Frame 5
537.6802 	EXP 	Display Frame 6
537.7136 	EXP 	Display Frame 7
537.7469 	EXP 	Display Frame 8
537.7803 	EXP 	Display Frame 9
537.8135 	EXP 	Display Frame 0
537.8469 	EXP 	Display Frame 1
537.8802 	EXP 	Display Frame 2
537.9135 	EXP 	Display Frame 3
537.9469 	EXP 	Display Frame 4
537.9802 	EXP 	Display Frame 5
538.0135 	EXP 	Display Frame 6
538.0469 	EXP 	Display Frame 7
538.0802 	EXP 	Display Frame 8
538.1135 	EXP 	Display Frame 9
538.1469 	EXP 	Display Frame 0
538.1802 	EXP 	Display Frame 1
538.2136 	EXP 	Display Frame 2
538.2469 	EXP 	Display Frame 3
538.2802 	EXP 	Display Frame 4
538.3135 	EXP 	Display Frame 5
538.3469 	EXP 	Display Frame 6
538.3802 	EXP 	Display Frame 7
538.4135 	EXP 	Display Frame 8
538.4469 	EXP 	Display Frame 9
538.4802 	EXP 	Display Frame 0
538.5135 	EXP 	Display Frame 1
538.5469 	EXP 	Display Frame 2
538.5802 	EXP 	Display Frame 3
538.6135 	EXP 	Display Frame 4
538.6469 	EXP 	Display Frame 5
538.6802 	EXP 	Display Frame 6
538.7135 	EXP 	Display Frame 7
538.7469 	EXP 	Display Frame 8
538.7802 	EXP 	Display Frame 9
538.8135 	EXP 	Display Frame 0
538.8469 	EXP 	Display Frame 1
538.8802 	EXP 	Display Frame 2
538.9135 	EXP 	Display Frame 3
538.9469 	EXP 	Display Frame 4
538.9802 	EXP 	Display Frame 5
539.0135 	EXP 	Display Frame 6
539.0469 	EXP 	Display Frame 7
539.0802 	EXP 	Display Frame 8
539.1136 	EXP 	Display Frame 9
539.1469 	EXP 	Display Frame 0
539.1802 	EXP 	Display Frame 1
539.2136 	EXP 	Display Frame 2
539.2469 	EXP 	Display Frame 3
539.2802 	EXP 	Display Frame 4
539.3135 	EXP 	Display Frame 5
539.3469 	EXP 	Display Frame 6
539.3802 	EXP 	Display Frame 7
539.4136 	EXP 	Display Frame 8
539.4469 	EXP 	Display Frame 9
539.4802 	EXP 	Display Frame 0
539.5136 	EXP 	Display Frame 1
539.5469 	EXP 	Display Frame 2
539.5802 	EXP 	Display Frame 3
539.6136 	EXP 	Display Frame 4
539.6469 	EXP 	Display Frame 5
539.6802 	EXP 	Display Frame 6
539.7136 	EXP 	Display Frame 7
539.7469 	EXP 	Display Frame 8
539.7803 	EXP 	Display Frame 9
539.8136 	EXP 	Display Frame 0
539.8469 	EXP 	Display Frame 1
539.8802 	EXP 	Display Frame 2
539.9136 	EXP 	Display Frame 3
539.9471 	DATA 	Keypress: equal
539.9483 	EXP 	Display Frame 4
539.9802 	EXP 	Display Frame 5
540.0135 	EXP 	Display Frame 6
540.0469 	EXP 	Display Frame 7
540.0802 	EXP 	Display Frame 8
540.1136 	EXP 	Display Frame 9
540.1469 	EXP 	Display Frame 0
540.1802 	EXP 	Display Frame 1
540.2136 	EXP 	Display Frame 2
540.2469 	EXP 	Display Frame 3
540.2802 	EXP 	Display Frame 4
540.3136 	EXP 	Display Frame 5
540.3469 	EXP 	Display Frame 6
540.3802 	EXP 	Display Frame 7
540.4136 	EXP 	Display Frame 8
540.4469 	EXP 	Display Frame 9
540.4802 	EXP 	Display Frame 0
540.5135 	EXP 	Display Frame 1
540.5469 	EXP 	Display Frame 2
540.5802 	EXP 	Display Frame 3
540.6136 	EXP 	Display Frame 4
540.6469 	EXP 	Display Frame 5
540.6802 	EXP 	Display Frame 6
540.7136 	EXP 	Display Frame 7
540.7469 	EXP 	Display Frame 8
540.7802 	EXP 	Display Frame 9
540.8136 	EXP 	Display Frame 0
540.8469 	EXP 	Display Frame 1
540.8802 	EXP 	Display Frame 2
540.9135 	EXP 	Display Frame 3
540.9469 	EXP 	Display Frame 4
540.9802 	EXP 	Display Frame 5
541.0136 	EXP 	Display Frame 6
541.0469 	EXP 	Display Frame 7
541.0802 	EXP 	Display Frame 8
541.1136 	EXP 	Display Frame 9
541.1469 	EXP 	Display Frame 0
541.1802 	EXP 	Display Frame 1
541.2135 	EXP 	Display Frame 2
541.2469 	EXP 	Display Frame 3
541.2802 	EXP 	Display Frame 4
541.3136 	EXP 	Display Frame 5
541.3469 	EXP 	Display Frame 6
541.3802 	EXP 	Display Frame 7
541.4136 	EXP 	Display Frame 8
541.4469 	EXP 	Display Frame 9
541.4802 	EXP 	Display Frame 0
541.5135 	EXP 	Display Frame 1
541.5469 	EXP 	Display Frame 2
541.5802 	EXP 	Display Frame 3
541.6136 	EXP 	Display Frame 4
541.6469 	EXP 	Display Frame 5
541.6802 	EXP 	Display Frame 6
541.7136 	EXP 	Display Frame 7
541.7470 	EXP 	Display Frame 8
541.7804 	EXP 	Display Frame 9
541.8135 	EXP 	Display Frame 0
541.8469 	EXP 	Display Frame 1
541.8802 	EXP 	Display Frame 2
541.9136 	EXP 	Display Frame 3
541.9469 	EXP 	Display Frame 4
541.9802 	EXP 	Display Frame 5
542.0135 	EXP 	Display Frame 6
542.0469 	EXP 	Display Frame 7
542.0804 	EXP 	Display Frame 8
542.1136 	EXP 	Display Frame 9
542.1471 	EXP 	Display Frame 0
542.1802 	EXP 	Display Frame 1
542.2136 	EXP 	Display Frame 2
542.2469 	EXP 	Display Frame 3
542.2802 	EXP 	Display Frame 4
542.3136 	EXP 	Display Frame 5
542.3470 	EXP 	Display Frame 6
542.3802 	EXP 	Display Frame 7
542.4135 	EXP 	Display Frame 8
542.4469 	EXP 	Display Frame 9
542.4802 	EXP 	Display Frame 0
542.5135 	EXP 	Display Frame 1
542.5469 	EXP 	Display Frame 2
542.5802 	EXP 	Display Frame 3
542.6135 	EXP 	Display Frame 4
542.6469 	EXP 	Display Frame 5
542.6802 	EXP 	Display Frame 6
542.7135 	EXP 	Display Frame 7
542.7469 	EXP 	Display Frame 8
542.7802 	EXP 	Display Frame 9
542.8135 	EXP 	Display Frame 0
542.8469 	EXP 	Display Frame 1
542.8802 	EXP 	Display Frame 2
542.9135 	EXP 	Display Frame 3
542.9469 	EXP 	Display Frame 4
542.9802 	EXP 	Display Frame 5
543.0135 	EXP 	Display Frame 6
543.0470 	EXP 	Display Frame 7
543.0802 	EXP 	Display Frame 8
543.1136 	EXP 	Display Frame 9
543.1469 	EXP 	Display Frame 0
543.1802 	EXP 	Display Frame 1
543.2135 	EXP 	Display Frame 2
543.2469 	EXP 	Display Frame 3
543.2802 	EXP 	Display Frame 4
543.3135 	EXP 	Display Frame 5
543.3469 	EXP 	Display Frame 6
543.3802 	EXP 	Display Frame 7
543.4135 	EXP 	Display Frame 8
543.4469 	EXP 	Display Frame 9
543.4802 	EXP 	Display Frame 0
543.5136 	EXP 	Display Frame 1
543.5469 	EXP 	Display Frame 2
543.5802 	EXP 	Display Frame 3
543.6135 	EXP 	Display Frame 4
543.6469 	EXP 	Display Frame 5
543.6802 	EXP 	Display Frame 6
543.7135 	EXP 	Display Frame 7
543.7469 	EXP 	Display Frame 8
543.7802 	EXP 	Display Frame 9
543.8136 	EXP 	Display Frame 0
543.8469 	EXP 	Display Frame 1
543.8802 	EXP 	Display Frame 2
543.9136 	EXP 	Display Frame 3
543.9469 	EXP 	Display Frame 4
543.9802 	EXP 	Display Frame 5
544.0136 	EXP 	Display Frame 6
544.0469 	EXP 	Display Frame 7
544.0802 	EXP 	Display Frame 8
544.1136 	EXP 	Display Frame 9
544.1469 	EXP 	Display Frame 0
544.1802 	EXP 	Display Frame 1
544.2135 	EXP 	Display Frame 2
544.2469 	EXP 	Display Frame 3
544.2802 	EXP 	Display Frame 4
544.3135 	EXP 	Display Frame 5
544.3469 	EXP 	Display Frame 6
544.3802 	EXP 	Display Frame 7
544.4135 	EXP 	Display Frame 8
544.4469 	EXP 	Display Frame 9
544.4802 	EXP 	Display Frame 0
544.5135 	EXP 	Display Frame 1
544.5469 	EXP 	Display Frame 2
544.5802 	EXP 	Display Frame 3
544.6136 	EXP 	Display Frame 4
544.6469 	EXP 	Display Frame 5
544.6802 	EXP 	Display Frame 6
544.7136 	EXP 	Display Frame 7
544.7469 	EXP 	Display Frame 8
544.7802 	EXP 	Display Frame 9
544.8136 	EXP 	Display Frame 0
544.8469 	EXP 	Display Frame 1
544.8802 	EXP 	Display Frame 2
544.9136 	EXP 	Display Frame 3
544.9469 	EXP 	Display Frame 4
544.9802 	EXP 	Display Frame 5
545.0136 	EXP 	Display Frame 6
545.0469 	EXP 	Display Frame 7
545.0802 	EXP 	Display Frame 8
545.1135 	EXP 	Display Frame 9
545.1143 	DATA 	Keypress: equal
545.1469 	EXP 	Display Frame 0
545.1802 	EXP 	Display Frame 1
545.2136 	EXP 	Display Frame 2
545.2469 	EXP 	Display Frame 3
545.2802 	EXP 	Display Frame 4
545.3135 	EXP 	Display Frame 5
545.3469 	EXP 	Display Frame 6
545.3802 	EXP 	Display Frame 7
545.4135 	EXP 	Display Frame 8
545.4469 	EXP 	Display Frame 9
545.4802 	EXP 	Display Frame 0
545.5135 	EXP 	Display Frame 1
545.5469 	EXP 	Display Frame 2
545.5802 	EXP 	Display Frame 3
545.6136 	EXP 	Display Frame 4
545.6469 	EXP 	Display Frame 5
545.6802 	EXP 	Display Frame 6
545.7136 	EXP 	Display Frame 7
545.7469 	EXP 	Display Frame 8
545.7802 	EXP 	Display Frame 9
545.8136 	EXP 	Display Frame 0
545.8469 	EXP 	Display Frame 1
545.8802 	EXP 	Display Frame 2
545.9136 	EXP 	Display Frame 3
545.9469 	EXP 	Display Frame 4
545.9802 	EXP 	Display Frame 5
546.0135 	EXP 	Display Frame 6
546.0469 	EXP 	Display Frame 7
546.0802 	EXP 	Display Frame 8
546.1136 	EXP 	Display Frame 9
546.1469 	EXP 	Display Frame 0
546.1802 	EXP 	Display Frame 1
546.2136 	EXP 	Display Frame 2
546.2469 	EXP 	Display Frame 3
546.2802 	EXP 	Display Frame 4
546.3135 	EXP 	Display Frame 5
546.3469 	EXP 	Display Frame 6
546.3802 	EXP 	Display Frame 7
546.4135 	EXP 	Display Frame 8
546.4469 	EXP 	Display Frame 9
546.4802 	EXP 	Display Frame 0
546.5136 	EXP 	Display Frame 1
546.5468 	EXP 	Display Frame 2
546.5802 	EXP 	Display Frame 3
546.6136 	EXP 	Display Frame 4
546.6469 	EXP 	Display Frame 5
546.6802 	EXP 	Display Frame 6
546.7135 	EXP 	Display Frame 7
546.7469 	EXP 	Display Frame 8
546.7802 	EXP 	Display Frame 9
546.8135 	EXP 	Display Frame 0
546.8469 	EXP 	Display Frame 1
546.8802 	EXP 	Display Frame 2
546.9135 	EXP 	Display Frame 3
546.9468 	EXP 	Display Frame 4
546.9802 	EXP 	Display Frame 5
547.0135 	EXP 	Display Frame 6
547.0469 	EXP 	Display Frame 7
547.0803 	EXP 	Display Frame 8
547.1136 	EXP 	Display Frame 9
547.1469 	EXP 	Display Frame 0
547.1802 	EXP 	Display Frame 1
547.2135 	EXP 	Display Frame 2
547.2469 	EXP 	Display Frame 3
547.2802 	EXP 	Display Frame 4
547.3135 	EXP 	Display Frame 5
547.3469 	EXP 	Display Frame 6
547.3802 	EXP 	Display Frame 7
547.4136 	EXP 	Display Frame 8
547.4469 	EXP 	Display Frame 9
547.4802 	EXP 	Display Frame 0
547.5136 	EXP 	Display Frame 1
547.5469 	EXP 	Display Frame 2
547.5802 	EXP 	Display Frame 3
547.6135 	EXP 	Display Frame 4
547.6469 	EXP 	Display Frame 5
547.6802 	EXP 	Display Frame 6
547.7135 	EXP 	Display Frame 7
547.7469 	EXP 	Display Frame 8
547.7802 	EXP 	Display Frame 9
547.8135 	EXP 	Display Frame 0
547.8469 	EXP 	Display Frame 1
547.8802 	EXP 	Display Frame 2
547.9135 	EXP 	Display Frame 3
547.9469 	EXP 	Display Frame 4
547.9802 	EXP 	Display Frame 5
548.0135 	EXP 	Display Frame 6
548.0469 	EXP 	Display Frame 7
548.0803 	EXP 	Display Frame 8
548.1136 	EXP 	Display Frame 9
548.1469 	EXP 	Display Frame 0
548.1802 	EXP 	Display Frame 1
548.2135 	EXP 	Display Frame 2
548.2469 	EXP 	Display Frame 3
548.2802 	EXP 	Display Frame 4
548.3136 	EXP 	Display Frame 5
548.3469 	EXP 	Display Frame 6
548.3802 	EXP 	Display Frame 7
548.4138 	EXP 	Display Frame 8
548.4469 	EXP 	Display Frame 9
548.4802 	EXP 	Display Frame 0
548.5135 	EXP 	Display Frame 1
548.5469 	EXP 	Display Frame 2
548.5802 	EXP 	Display Frame 3
548.6136 	EXP 	Display Frame 4
548.6469 	EXP 	Display Frame 5
548.6802 	EXP 	Display Frame 6
548.7136 	EXP 	Display Frame 7
548.7469 	EXP 	Display Frame 8
548.7802 	EXP 	Display Frame 9
548.8135 	EXP 	Display Frame 0
548.8469 	EXP 	Display Frame 1
548.8802 	EXP 	Display Frame 2
548.9136 	EXP 	Display Frame 3
548.9469 	EXP 	Display Frame 4
548.9802 	EXP 	Display Frame 5
549.0136 	EXP 	Display Frame 6
549.0469 	EXP 	Display Frame 7
549.0802 	EXP 	Display Frame 8
549.1135 	EXP 	Display Frame 9
549.1469 	EXP 	Display Frame 0
549.1835 	EXP 	Display Frame 1
549.2135 	EXP 	Display Frame 2
549.2469 	EXP 	Display Frame 3
549.2802 	EXP 	Display Frame 4
549.3135 	EXP 	Display Frame 5
549.3469 	EXP 	Display Frame 6
549.3802 	EXP 	Display Frame 7
549.4136 	EXP 	Display Frame 8
549.4469 	EXP 	Display Frame 9
549.4802 	EXP 	Display Frame 0
549.5136 	EXP 	Display Frame 1
549.5469 	EXP 	Display Frame 2
549.5802 	EXP 	Display Frame 3
549.6136 	EXP 	Display Frame 4
549.6469 	EXP 	Display Frame 5
549.6802 	EXP 	Display Frame 6
549.7136 	EXP 	Display Frame 7
549.7469 	EXP 	Display Frame 8
549.7802 	EXP 	Display Frame 9
549.8136 	EXP 	Display Frame 0
549.8469 	EXP 	Display Frame 1
549.8802 	EXP 	Display Frame 2
549.9135 	EXP 	Display Frame 3
549.9469 	EXP 	Display Frame 4
549.9802 	EXP 	Display Frame 5
550.0136 	EXP 	Display Frame 6
550.0469 	EXP 	Display Frame 7
550.0802 	EXP 	Display Frame 8
550.1135 	EXP 	Display Frame 9
550.1469 	EXP 	Display Frame 0
550.1802 	EXP 	Display Frame 1
550.2135 	EXP 	Display Frame 2
550.2469 	EXP 	Display Frame 3
550.2802 	EXP 	Display Frame 4
550.3137 	DATA 	Keypress: equal
550.3147 	EXP 	Display Frame 5
550.3166 	EXP 	Display Fixation
555.5011 	DATA 	Keypress: equal
560.6951 	DATA 	Keypress: equal
565.8870 	DATA 	Keypress: equal
571.0820 	DATA 	Keypress: equal
576.2753 	DATA 	Keypress: equal
581.4692 	DATA 	Keypress: equal
581.5037 	EXP 	Display Frame 1
581.5369 	EXP 	Display Frame 2
581.5702 	EXP 	Display Frame 3
581.6036 	EXP 	Display Frame 4
581.6369 	EXP 	Display Frame 5
581.6702 	EXP 	Display Frame 6
581.7035 	EXP 	Display Frame 7
581.7369 	EXP 	Display Frame 8
581.7702 	EXP 	Display Frame 9
581.8035 	EXP 	Display Frame 0
581.8369 	EXP 	Display Frame 1
581.8701 	EXP 	Display Frame 2
581.9035 	EXP 	Display Frame 3
581.9368 	EXP 	Display Frame 4
581.9702 	EXP 	Display Frame 5
582.0035 	EXP 	Display Frame 6
582.0368 	EXP 	Display Frame 7
582.0702 	EXP 	Display Frame 8
582.1035 	EXP 	Display Frame 9
582.1369 	EXP 	Display Frame 0
582.1702 	EXP 	Display Frame 1
582.2035 	EXP 	Display Frame 2
582.2368 	EXP 	Display Frame 3
582.2701 	EXP 	Display Frame 4
582.3035 	EXP 	Display Frame 5
582.3368 	EXP 	Display Frame 6
582.3702 	EXP 	Display Frame 7
582.4035 	EXP 	Display Frame 8
582.4368 	EXP 	Display Frame 9
582.4701 	EXP 	Display Frame 0
582.5034 	EXP 	Display Frame 1
582.5368 	EXP 	Display Frame 2
582.5702 	EXP 	Display Frame 3
582.6035 	EXP 	Display Frame 4
582.6368 	EXP 	Display Frame 5
582.6701 	EXP 	Display Frame 6
582.7035 	EXP 	Display Frame 7
582.7369 	EXP 	Display Frame 8
582.7701 	EXP 	Display Frame 9
582.8035 	EXP 	Display Frame 0
582.8368 	EXP 	Display Frame 1
582.8702 	EXP 	Display Frame 2
582.9035 	EXP 	Display Frame 3
582.9368 	EXP 	Display Frame 4
582.9701 	EXP 	Display Frame 5
583.0035 	EXP 	Display Frame 6
583.0368 	EXP 	Display Frame 7
583.0701 	EXP 	Display Frame 8
583.1035 	EXP 	Display Frame 9
583.1368 	EXP 	Display Frame 0
583.1701 	EXP 	Display Frame 1
583.2035 	EXP 	Display Frame 2
583.2368 	EXP 	Display Frame 3
583.2701 	EXP 	Display Frame 4
583.3035 	EXP 	Display Frame 5
583.3369 	EXP 	Display Frame 6
583.3701 	EXP 	Display Frame 7
583.4035 	EXP 	Display Frame 8
583.4368 	EXP 	Display Frame 9
583.4701 	EXP 	Display Frame 0
583.5034 	EXP 	Display Frame 1
583.5368 	EXP 	Display Frame 2
583.5701 	EXP 	Display Frame 3
583.6035 	EXP 	Display Frame 4
583.6368 	EXP 	Display Frame 5
583.6701 	EXP 	Display Frame 6
583.7035 	EXP 	Display Frame 7
583.7368 	EXP 	Display Frame 8
583.7701 	EXP 	Display Frame 9
583.8035 	EXP 	Display Frame 0
583.8368 	EXP 	Display Frame 1
583.8702 	EXP 	Display Frame 2
583.9035 	EXP 	Display Frame 3
583.9368 	EXP 	Display Frame 4
583.9701 	EXP 	Display Frame 5
584.0035 	EXP 	Display Frame 6
584.0368 	EXP 	Display Frame 7
584.0702 	EXP 	Display Frame 8
584.1035 	EXP 	Display Frame 9
584.1368 	EXP 	Display Frame 0
584.1701 	EXP 	Display Frame 1
584.2035 	EXP 	Display Frame 2
584.2368 	EXP 	Display Frame 3
584.2701 	EXP 	Display Frame 4
584.3035 	EXP 	Display Frame 5
584.3368 	EXP 	Display Frame 6
584.3702 	EXP 	Display Frame 7
584.4036 	EXP 	Display Frame 8
584.4368 	EXP 	Display Frame 9
584.4701 	EXP 	Display Frame 0
584.5034 	EXP 	Display Frame 1
584.5368 	EXP 	Display Frame 2
584.5701 	EXP 	Display Frame 3
584.6035 	EXP 	Display Frame 4
584.6368 	EXP 	Display Frame 5
584.6701 	EXP 	Display Frame 6
584.7035 	EXP 	Display Frame 7
584.7370 	EXP 	Display Frame 8
584.7702 	EXP 	Display Frame 9
584.8035 	EXP 	Display Frame 0
584.8368 	EXP 	Display Frame 1
584.8701 	EXP 	Display Frame 2
584.9035 	EXP 	Display Frame 3
584.9368 	EXP 	Display Frame 4
584.9702 	EXP 	Display Frame 5
585.0035 	EXP 	Display Frame 6
585.0368 	EXP 	Display Frame 7
585.0701 	EXP 	Display Frame 8
585.1035 	EXP 	Display Frame 9
585.1368 	EXP 	Display Frame 0
585.1701 	EXP 	Display Frame 1
585.2035 	EXP 	Display Frame 2
585.2368 	EXP 	Display Frame 3
585.2701 	EXP 	Display Frame 4
585.3035 	EXP 	Display Frame 5
585.3368 	EXP 	Display Frame 6
585.3701 	EXP 	Display Frame 7
585.4035 	EXP 	Display Frame 8
585.4368 	EXP 	Display Frame 9
585.4701 	EXP 	Display Frame 0
585.5034 	EXP 	Display Frame 1
585.5368 	EXP 	Display Frame 2
585.5701 	EXP 	Display Frame 3
585.6035 	EXP 	Display Frame 4
585.6368 	EXP 	Display Frame 5
585.6701 	EXP 	Display Frame 6
585.7035 	EXP 	Display Frame 7
585.7368 	EXP 	Display Frame 8
585.7701 	EXP 	Display Frame 9
585.8035 	EXP 	Display Frame 0
585.8368 	EXP 	Display Frame 1
585.8702 	EXP 	Display Frame 2
585.9035 	EXP 	Display Frame 3
585.9368 	EXP 	Display Frame 4
585.9701 	EXP 	Display Frame 5
586.0035 	EXP 	Display Frame 6
586.0368 	EXP 	Display Frame 7
586.0701 	EXP 	Display Frame 8
586.1035 	EXP 	Display Frame 9
586.1368 	EXP 	Display Frame 0
586.1702 	EXP 	Display Frame 1
586.2035 	EXP 	Display Frame 2
586.2368 	EXP 	Display Frame 3
586.2702 	EXP 	Display Frame 4
586.3035 	EXP 	Display Frame 5
586.3368 	EXP 	Display Frame 6
586.3701 	EXP 	Display Frame 7
586.4035 	EXP 	Display Frame 8
586.4368 	EXP 	Display Frame 9
586.4701 	EXP 	Display Frame 0
586.5036 	EXP 	Display Frame 1
586.5368 	EXP 	Display Frame 2
586.5702 	EXP 	Display Frame 3
586.6035 	EXP 	Display Frame 4
586.6368 	EXP 	Display Frame 5
586.6703 	DATA 	Keypress: equal
586.6713 	EXP 	Display Frame 6
586.7035 	EXP 	Display Frame 7
586.7368 	EXP 	Display Frame 8
586.7702 	EXP 	Display Frame 9
586.8035 	EXP 	Display Frame 0
586.8368 	EXP 	Display Frame 1
586.8702 	EXP 	Display Frame 2
586.9035 	EXP 	Display Frame 3
586.9368 	EXP 	Display Frame 4
586.9701 	EXP 	Display Frame 5
587.0035 	EXP 	Display Frame 6
587.0368 	EXP 	Display Frame 7
587.0701 	EXP 	Display Frame 8
587.1035 	EXP 	Display Frame 9
587.1368 	EXP 	Display Frame 0
587.1701 	EXP 	Display Frame 1
587.2035 	EXP 	Display Frame 2
587.2368 	EXP 	Display Frame 3
587.2701 	EXP 	Display Frame 4
587.3035 	EXP 	Display Frame 5
587.3368 	EXP 	Display Frame 6
587.3701 	EXP 	Display Frame 7
587.4035 	EXP 	Display Frame 8
587.4368 	EXP 	Display Frame 9
587.4702 	EXP 	Display Frame 0
587.5034 	EXP 	Display Frame 1
587.5368 	EXP 	Display Frame 2
587.5701 	EXP 	Display Frame 3
587.6035 	EXP 	Display Frame 4
587.6368 	EXP 	Display Frame 5
587.6701 	EXP 	Display Frame 6
587.7035 	EXP 	Display Frame 7
587.7368 	EXP 	Display Frame 8
587.7701 	EXP 	Display Frame 9
587.8035 	EXP 	Display Frame 0
587.8368 	EXP 	Display Frame 1
587.8702 	EXP 	Display Frame 2
587.9035 	EXP 	Display Frame 3
587.9368 	EXP 	Display Frame 4
587.9701 	EXP 	Display Frame 5
588.0035 	EXP 	Display Frame 6
588.0368 	EXP 	Display Frame 7
588.0702 	EXP 	Display Frame 8
588.1035 	EXP 	Display Frame 9
588.1368 	EXP 	Display Frame 0
588.1701 	EXP 	Display Frame 1
588.2035 	EXP 	Display Frame 2
588.2368 	EXP 	Display Frame 3
588.2701 	EXP 	Display Frame 4
588.3035 	EXP 	Display Frame 5
588.3368 	EXP 	Display Frame 6
588.3702 	EXP 	Display Frame 7
588.4034 	EXP 	Display Frame 8
588.4368 	EXP 	Display Frame 9
588.4701 	EXP 	Display Frame 0
588.5034 	EXP 	Display Frame 1
588.5368 	EXP 	Display Frame 2
588.5701 	EXP 	Display Frame 3
588.6035 	EXP 	Display Frame 4
588.6368 	EXP 	Display Frame 5
588.6702 	EXP 	Display Frame 6
588.7035 	EXP 	Display Frame 7
588.7368 	EXP 	Display Frame 8
588.7701 	EXP 	Display Frame 9
588.8035 	EXP 	Display Frame 0
588.8368 	EXP 	Display Frame 1
588.8702 	EXP 	Display Frame 2
588.9035 	EXP 	Display Frame 3
588.9368 	EXP 	Display Frame 4
588.9702 	EXP 	Display Frame 5
589.0035 	EXP 	Display Frame 6
589.0368 	EXP 	Display Frame 7
589.0701 	EXP 	Display Frame 8
589.1035 	EXP 	Display Frame 9
589.1368 	EXP 	Display Frame 0
589.1701 	EXP 	Display Frame 1
589.2035 	EXP 	Display Frame 2
589.2368 	EXP 	Display Frame 3
589.2702 	EXP 	Display Frame 4
589.3035 	EXP 	Display Frame 5
589.3368 	EXP 	Display Frame 6
589.3701 	EXP 	Display Frame 7
589.4035 	EXP 	Display Frame 8
589.4368 	EXP 	Display Frame 9
589.4701 	EXP 	Display Frame 0
589.5034 	EXP 	Display Frame 1
589.5368 	EXP 	Display Frame 2
589.5701 	EXP 	Display Frame 3
589.6035 	EXP 	Display Frame 4
589.6368 	EXP 	Display Frame 5
589.6701 	EXP 	Display Frame 6
589.7035 	EXP 	Display Frame 7
589.7373 	EXP 	Display Frame 8
589.7702 	EXP 	Display Frame 9
589.8035 	EXP 	Display Frame 0
589.8368 	EXP 	Display Frame 1
589.8702 	EXP 	Display Frame 2
589.9035 	EXP 	Display Frame 3
589.9368 	EXP 	Display Frame 4
589.9701 	EXP 	Display Frame 5
590.0035 	EXP 	Display Frame 6
590.0368 	EXP 	Display Frame 7
590.0701 	EXP 	Display Frame 8
590.1035 	EXP 	Display Frame 9
590.1368 	EXP 	Display Frame 0
590.1702 	EXP 	Display Frame 1
590.2035 	EXP 	Display Frame 2
590.2368 	EXP 	Display Frame 3
590.2701 	EXP 	Display Frame 4
590.3035 	EXP 	Display Frame 5
590.3368 	EXP 	Display Frame 6
590.3701 	EXP 	Display Frame 7
590.4035 	EXP 	Display Frame 8
590.4368 	EXP 	Display Frame 9
590.4701 	EXP 	Display Frame 0
590.5034 	EXP 	Display Frame 1
590.5368 	EXP 	Display Frame 2
590.5702 	EXP 	Display Frame 3
590.6035 	EXP 	Display Frame 4
590.6368 	EXP 	Display Frame 5
590.6701 	EXP 	Display Frame 6
590.7035 	EXP 	Display Frame 7
590.7368 	EXP 	Display Frame 8
590.7702 	EXP 	Display Frame 9
590.8035 	EXP 	Display Frame 0
590.8368 	EXP 	Display Frame 1
590.8701 	EXP 	Display Frame 2
590.9035 	EXP 	Display Frame 3
590.9368 	EXP 	Display Frame 4
590.9701 	EXP 	Display Frame 5
591.0035 	EXP 	Display Frame 6
591.0368 	EXP 	Display Frame 7
591.0702 	EXP 	Display Frame 8
591.1035 	EXP 	Display Frame 9
591.1368 	EXP 	Display Frame 0
591.1701 	EXP 	Display Frame 1
591.2035 	EXP 	Display Frame 2
591.2368 	EXP 	Display Frame 3
591.2701 	EXP 	Display Frame 4
591.3035 	EXP 	Display Frame 5
591.3368 	EXP 	Display Frame 6
591.3702 	EXP 	Display Frame 7
591.4035 	EXP 	Display Frame 8
591.4368 	EXP 	Display Frame 9
591.4702 	EXP 	Display Frame 0
591.5034 	EXP 	Display Frame 1
591.5368 	EXP 	Display Frame 2
591.5701 	EXP 	Display Frame 3
591.6035 	EXP 	Display Frame 4
591.6368 	EXP 	Display Frame 5
591.6702 	EXP 	Display Frame 6
591.7035 	EXP 	Display Frame 7
591.7368 	EXP 	Display Frame 8
591.7702 	EXP 	Display Frame 9
591.8035 	EXP 	Display Frame 0
591.8368 	EXP 	Display Frame 1
591.8702 	DATA 	Keypress: equal
591.8712 	EXP 	Display Frame 2
591.9035 	EXP 	Display Frame 3
591.9368 	EXP 	Display Frame 4
591.9702 	EXP 	Display Frame 5
592.0035 	EXP 	Display Frame 6
592.0368 	EXP 	Display Frame 7
592.0702 	EXP 	Display Frame 8
592.1035 	EXP 	Display Frame 9
592.1368 	EXP 	Display Frame 0
592.1701 	EXP 	Display Frame 1
592.2035 	EXP 	Display Frame 2
592.2368 	EXP 	Display Frame 3
592.2702 	EXP 	Display Frame 4
592.3035 	EXP 	Display Frame 5
592.3368 	EXP 	Display Frame 6
592.3701 	EXP 	Display Frame 7
592.4035 	EXP 	Display Frame 8
592.4368 	EXP 	Display Frame 9
592.4701 	EXP 	Display Frame 0
592.5034 	EXP 	Display Frame 1
592.5368 	EXP 	Display Frame 2
592.5701 	EXP 	Display Frame 3
592.6035 	EXP 	Display Frame 4
592.6368 	EXP 	Display Frame 5
592.6701 	EXP 	Display Frame 6
592.7035 	EXP 	Display Frame 7
592.7369 	EXP 	Display Frame 8
592.7701 	EXP 	Display Frame 9
592.8034 	EXP 	Display Frame 0
592.8368 	EXP 	Display Frame 1
592.8704 	EXP 	Display Frame 2
592.9035 	EXP 	Display Frame 3
592.9368 	EXP 	Display Frame 4
592.9702 	EXP 	Display Frame 5
593.0035 	EXP 	Display Frame 6
593.0368 	EXP 	Display Frame 7
593.0701 	EXP 	Display Frame 8
593.1035 	EXP 	Display Frame 9
593.1368 	EXP 	Display Frame 0
593.1702 	EXP 	Display Frame 1
593.2035 	EXP 	Display Frame 2
593.2368 	EXP 	Display Frame 3
593.2702 	EXP 	Display Frame 4
593.3035 	EXP 	Display Frame 5
593.3368 	EXP 	Display Frame 6
593.3701 	EXP 	Display Frame 7
593.4035 	EXP 	Display Frame 8
593.4368 	EXP 	Display Frame 9
593.4702 	EXP 	Display Frame 0
593.5035 	EXP 	Display Frame 1
593.5368 	EXP 	Display Frame 2
593.5702 	EXP 	Display Frame 3
593.6035 	EXP 	Display Frame 4
593.6368 	EXP 	Display Frame 5
593.6701 	EXP 	Display Frame 6
593.7035 	EXP 	Display Frame 7
593.7368 	EXP 	Display Frame 8
593.7701 	EXP 	Display Frame 9
593.8035 	EXP 	Display Frame 0
593.8368 	EXP 	Display Frame 1
593.8701 	EXP 	Display Frame 2
593.9035 	EXP 	Display Frame 3
593.9368 	EXP 	Display Frame 4
593.9701 	EXP 	Display Frame 5
594.0035 	EXP 	Display Frame 6
594.0368 	EXP 	Display Frame 7
594.0702 	EXP 	Display Frame 8
594.1035 	EXP 	Display Frame 9
594.1368 	EXP 	Display Frame 0
594.1701 	EXP 	Display Frame 1
594.2035 	EXP 	Display Frame 2
594.2368 	EXP 	Display Frame 3
594.2702 	EXP 	Display Frame 4
594.3035 	EXP 	Display Frame 5
594.3368 	EXP 	Display Frame 6
594.3702 	EXP 	Display Frame 7
594.4035 	EXP 	Display Frame 8
594.4368 	EXP 	Display Frame 9
594.4701 	EXP 	Display Frame 0
594.5034 	EXP 	Display Frame 1
594.5368 	EXP 	Display Frame 2
594.5701 	EXP 	Display Frame 3
594.6035 	EXP 	Display Frame 4
594.6368 	EXP 	Display Frame 5
594.6702 	EXP 	Display Frame 6
594.7035 	EXP 	Display Frame 7
594.7368 	EXP 	Display Frame 8
594.7701 	EXP 	Display Frame 9
594.8035 	EXP 	Display Frame 0
594.8368 	EXP 	Display Frame 1
594.8702 	EXP 	Display Frame 2
594.9034 	EXP 	Display Frame 3
594.9368 	EXP 	Display Frame 4
594.9702 	EXP 	Display Frame 5
595.0035 	EXP 	Display Frame 6
595.0370 	EXP 	Display Frame 7
595.0705 	EXP 	Display Frame 8
595.1035 	EXP 	Display Frame 9
595.1368 	EXP 	Display Frame 0
595.1702 	EXP 	Display Frame 1
595.2035 	EXP 	Display Frame 2
595.2368 	EXP 	Display Frame 3
595.2702 	EXP 	Display Frame 4
595.3034 	EXP 	Display Frame 5
595.3368 	EXP 	Display Frame 6
595.3701 	EXP 	Display Frame 7
595.4035 	EXP 	Display Frame 8
595.4368 	EXP 	Display Frame 9
595.4702 	EXP 	Display Frame 0
595.5034 	EXP 	Display Frame 1
595.5368 	EXP 	Display Frame 2
595.5701 	EXP 	Display Frame 3
595.6035 	EXP 	Display Frame 4
595.6368 	EXP 	Display Frame 5
595.6701 	EXP 	Display Frame 6
595.7035 	EXP 	Display Frame 7
595.7368 	EXP 	Display Frame 8
595.7701 	EXP 	Display Frame 9
595.8035 	EXP 	Display Frame 0
595.8368 	EXP 	Display Frame 1
595.8702 	EXP 	Display Frame 2
595.9035 	EXP 	Display Frame 3
595.9368 	EXP 	Display Frame 4
595.9701 	EXP 	Display Frame 5
596.0035 	EXP 	Display Frame 6
596.0368 	EXP 	Display Frame 7
596.0701 	EXP 	Display Frame 8
596.1035 	EXP 	Display Frame 9
596.1368 	EXP 	Display Frame 0
596.1701 	EXP 	Display Frame 1
596.2035 	EXP 	Display Frame 2
596.2368 	EXP 	Display Frame 3
596.2701 	EXP 	Display Frame 4
596.3035 	EXP 	Display Frame 5
596.3368 	EXP 	Display Frame 6
596.3701 	EXP 	Display Frame 7
596.4035 	EXP 	Display Frame 8
596.4368 	EXP 	Display Frame 9
596.4701 	EXP 	Display Frame 0
596.5034 	EXP 	Display Frame 1
596.5368 	EXP 	Display Frame 2
596.5701 	EXP 	Display Frame 3
596.6035 	EXP 	Display Frame 4
596.6368 	EXP 	Display Frame 5
596.6701 	EXP 	Display Frame 6
596.7035 	EXP 	Display Frame 7
596.7368 	EXP 	Display Frame 8
596.7701 	EXP 	Display Frame 9
596.8035 	EXP 	Display Frame 0
596.8368 	EXP 	Display Frame 1
596.8701 	EXP 	Display Frame 2
596.9036 	EXP 	Display Frame 3
596.9368 	EXP 	Display Frame 4
596.9701 	EXP 	Display Frame 5
597.0035 	EXP 	Display Frame 6
597.0368 	EXP 	Display Frame 7
597.0703 	DATA 	Keypress: equal
597.0714 	EXP 	Display Frame 8
597.1035 	EXP 	Display Frame 9
597.1368 	EXP 	Display Frame 0
597.1702 	EXP 	Display Frame 1
597.2035 	EXP 	Display Frame 2
597.2368 	EXP 	Display Frame 3
597.2701 	EXP 	Display Frame 4
597.3035 	EXP 	Display Frame 5
597.3368 	EXP 	Display Frame 6
597.3701 	EXP 	Display Frame 7
597.4035 	EXP 	Display Frame 8
597.4368 	EXP 	Display Frame 9
597.4702 	EXP 	Display Frame 0
597.5034 	EXP 	Display Frame 1
597.5368 	EXP 	Display Frame 2
597.5701 	EXP 	Display Frame 3
597.6035 	EXP 	Display Frame 4
597.6368 	EXP 	Display Frame 5
597.6701 	EXP 	Display Frame 6
597.7035 	EXP 	Display Frame 7
597.7368 	EXP 	Display Frame 8
597.7701 	EXP 	Display Frame 9
597.8035 	EXP 	Display Frame 0
597.8368 	EXP 	Display Frame 1
597.8701 	EXP 	Display Frame 2
597.9035 	EXP 	Display Frame 3
597.9368 	EXP 	Display Frame 4
597.9702 	EXP 	Display Frame 5
598.0035 	EXP 	Display Frame 6
598.0368 	EXP 	Display Frame 7
598.0702 	EXP 	Display Frame 8
598.1035 	EXP 	Display Frame 9
598.1368 	EXP 	Display Frame 0
598.1701 	EXP 	Display Frame 1
598.2066 	EXP 	Display Frame 2
598.2368 	EXP 	Display Frame 3
598.2702 	EXP 	Display Frame 4
598.3035 	EXP 	Display Frame 5
598.3368 	EXP 	Display Frame 6
598.3701 	EXP 	Display Frame 7
598.4035 	EXP 	Display Frame 8
598.4368 	EXP 	Display Frame 9
598.4701 	EXP 	Display Frame 0
598.5035 	EXP 	Display Frame 1
598.5368 	EXP 	Display Frame 2
598.5702 	EXP 	Display Frame 3
598.6035 	EXP 	Display Frame 4
598.6368 	EXP 	Display Frame 5
598.6701 	EXP 	Display Frame 6
598.7035 	EXP 	Display Frame 7
598.7368 	EXP 	Display Frame 8
598.7701 	EXP 	Display Frame 9
598.8035 	EXP 	Display Frame 0
598.8368 	EXP 	Display Frame 1
598.8702 	EXP 	Display Frame 2
598.9035 	EXP 	Display Frame 3
598.9368 	EXP 	Display Frame 4
598.9701 	EXP 	Display Frame 5
599.0034 	EXP 	Display Frame 6
599.0368 	EXP 	Display Frame 7
599.0701 	EXP 	Display Frame 8
599.1035 	EXP 	Display Frame 9
599.1368 	EXP 	Display Frame 0
599.1702 	EXP 	Display Frame 1
599.2037 	EXP 	Display Frame 2
599.2368 	EXP 	Display Frame 3
599.2702 	EXP 	Display Frame 4
599.3035 	EXP 	Display Frame 5
599.3368 	EXP 	Display Frame 6
599.3701 	EXP 	Display Frame 7
599.4035 	EXP 	Display Frame 8
599.4368 	EXP 	Display Frame 9
599.4702 	EXP 	Display Frame 0
599.5035 	EXP 	Display Frame 1
599.5368 	EXP 	Display Frame 2
599.5702 	EXP 	Display Frame 3
599.6034 	EXP 	Display Frame 4
599.6368 	EXP 	Display Frame 5
599.6701 	EXP 	Display Frame 6
599.7035 	EXP 	Display Frame 7
599.7368 	EXP 	Display Frame 8
599.7702 	EXP 	Display Frame 9
599.8035 	EXP 	Display Frame 0
599.8368 	EXP 	Display Frame 1
599.8702 	EXP 	Display Frame 2
599.9035 	EXP 	Display Frame 3
599.9368 	EXP 	Display Frame 4
599.9701 	EXP 	Display Frame 5
600.0035 	EXP 	Display Frame 6
600.0368 	EXP 	Display Frame 7
600.0702 	EXP 	Display Frame 8
600.1035 	EXP 	Display Frame 9
600.1368 	EXP 	Display Frame 0
600.1701 	EXP 	Display Frame 1
600.2035 	EXP 	Display Frame 2
600.2368 	EXP 	Display Frame 3
600.2701 	EXP 	Display Frame 4
600.3035 	EXP 	Display Frame 5
600.3368 	EXP 	Display Frame 6
600.3702 	EXP 	Display Frame 7
600.4041 	EXP 	Display Frame 8
600.4368 	EXP 	Display Frame 9
600.4701 	EXP 	Display Frame 0
600.5035 	EXP 	Display Frame 1
600.5368 	EXP 	Display Frame 2
600.5701 	EXP 	Display Frame 3
600.6035 	EXP 	Display Frame 4
600.6368 	EXP 	Display Frame 5
600.6701 	EXP 	Display Frame 6
600.7035 	EXP 	Display Frame 7
600.7368 	EXP 	Display Frame 8
600.7702 	EXP 	Display Frame 9
600.8035 	EXP 	Display Frame 0
600.8368 	EXP 	Display Frame 1
600.8701 	EXP 	Display Frame 2
600.9035 	EXP 	Display Frame 3
600.9368 	EXP 	Display Frame 4
600.9701 	EXP 	Display Frame 5
601.0035 	EXP 	Display Frame 6
601.0368 	EXP 	Display Frame 7
601.0701 	EXP 	Display Frame 8
601.1035 	EXP 	Display Frame 9
601.1368 	EXP 	Display Frame 0
601.1701 	EXP 	Display Frame 1
601.2035 	EXP 	Display Frame 2
601.2368 	EXP 	Display Frame 3
601.2702 	EXP 	Display Frame 4
601.3035 	EXP 	Display Frame 5
601.3368 	EXP 	Display Frame 6
601.3702 	EXP 	Display Frame 7
601.4035 	EXP 	Display Frame 8
601.4368 	EXP 	Display Frame 9
601.4701 	EXP 	Display Frame 0
601.5034 	EXP 	Display Frame 1
601.5368 	EXP 	Display Frame 2
601.5701 	EXP 	Display Frame 3
601.6035 	EXP 	Display Frame 4
601.6368 	EXP 	Display Frame 5
601.6702 	EXP 	Display Frame 6
601.7035 	EXP 	Display Frame 7
601.7368 	EXP 	Display Frame 8
601.7702 	EXP 	Display Frame 9
601.8035 	EXP 	Display Frame 0
601.8368 	EXP 	Display Frame 1
601.8701 	EXP 	Display Frame 2
601.9035 	EXP 	Display Frame 3
601.9368 	EXP 	Display Frame 4
601.9701 	EXP 	Display Frame 5
602.0035 	EXP 	Display Frame 6
602.0368 	EXP 	Display Frame 7
602.0701 	EXP 	Display Frame 8
602.1035 	EXP 	Display Frame 9
602.1368 	EXP 	Display Frame 0
602.1702 	EXP 	Display Frame 1
602.2035 	EXP 	Display Frame 2
602.2368 	EXP 	Display Frame 3
602.2703 	DATA 	Keypress: equal
602.2713 	EXP 	Display Frame 4
602.3035 	EXP 	Display Frame 5
602.3368 	EXP 	Display Frame 6
602.3701 	EXP 	Display Frame 7
602.4035 	EXP 	Display Frame 8
602.4368 	EXP 	Display Frame 9
602.4702 	EXP 	Display Frame 0
602.5034 	EXP 	Display Frame 1
602.5368 	EXP 	Display Frame 2
602.5701 	EXP 	Display Frame 3
602.6035 	EXP 	Display Frame 4
602.6368 	EXP 	Display Frame 5
602.6701 	EXP 	Display Frame 6
602.7035 	EXP 	Display Frame 7
602.7368 	EXP 	Display Frame 8
602.7701 	EXP 	Display Frame 9
602.8035 	EXP 	Display Frame 0
602.8368 	EXP 	Display Frame 1
602.8701 	EXP 	Display Frame 2
602.9035 	EXP 	Display Frame 3
602.9368 	EXP 	Display Frame 4
602.9702 	EXP 	Display Frame 5
603.0035 	EXP 	Display Frame 6
603.0368 	EXP 	Display Frame 7
603.0702 	EXP 	Display Frame 8
603.1035 	EXP 	Display Frame 9
603.1368 	EXP 	Display Frame 0
603.1702 	EXP 	Display Frame 1
603.2035 	EXP 	Display Frame 2
603.2369 	EXP 	Display Frame 3
603.2702 	EXP 	Display Frame 4
603.3035 	EXP 	Display Frame 5
603.3368 	EXP 	Display Frame 6
603.3702 	EXP 	Display Frame 7
603.4035 	EXP 	Display Frame 8
603.4368 	EXP 	Display Frame 9
603.4702 	EXP 	Display Frame 0
603.5034 	EXP 	Display Frame 1
603.5369 	EXP 	Display Frame 2
603.5701 	EXP 	Display Frame 3
603.6035 	EXP 	Display Frame 4
603.6368 	EXP 	Display Frame 5
603.6701 	EXP 	Display Frame 6
603.7035 	EXP 	Display Frame 7
603.7368 	EXP 	Display Frame 8
603.7702 	EXP 	Display Frame 9
603.8035 	EXP 	Display Frame 0
603.8368 	EXP 	Display Frame 1
603.8702 	EXP 	Display Frame 2
603.9035 	EXP 	Display Frame 3
603.9368 	EXP 	Display Frame 4
603.9701 	EXP 	Display Frame 5
604.0035 	EXP 	Display Frame 6
604.0368 	EXP 	Display Frame 7
604.0702 	EXP 	Display Frame 8
604.1035 	EXP 	Display Frame 9
604.1368 	EXP 	Display Frame 0
604.1701 	EXP 	Display Frame 1
604.2035 	EXP 	Display Frame 2
604.2368 	EXP 	Display Frame 3
604.2701 	EXP 	Display Frame 4
604.3035 	EXP 	Display Frame 5
604.3368 	EXP 	Display Frame 6
604.3702 	EXP 	Display Frame 7
604.4035 	EXP 	Display Frame 8
604.4368 	EXP 	Display Frame 9
604.4701 	EXP 	Display Frame 0
604.5034 	EXP 	Display Frame 1
604.5368 	EXP 	Display Frame 2
604.5701 	EXP 	Display Frame 3
604.6035 	EXP 	Display Frame 4
604.6368 	EXP 	Display Frame 5
604.6701 	EXP 	Display Frame 6
604.7035 	EXP 	Display Frame 7
604.7368 	EXP 	Display Frame 8
604.7702 	EXP 	Display Frame 9
604.8035 	EXP 	Display Frame 0
604.8368 	EXP 	Display Frame 1
604.8701 	EXP 	Display Frame 2
604.9035 	EXP 	Display Frame 3
604.9368 	EXP 	Display Frame 4
604.9702 	EXP 	Display Frame 5
605.0035 	EXP 	Display Frame 6
605.0368 	EXP 	Display Frame 7
605.0701 	EXP 	Display Frame 8
605.1035 	EXP 	Display Frame 9
605.1368 	EXP 	Display Frame 0
605.1701 	EXP 	Display Frame 1
605.2035 	EXP 	Display Frame 2
605.2368 	EXP 	Display Frame 3
605.2702 	EXP 	Display Frame 4
605.3035 	EXP 	Display Frame 5
605.3368 	EXP 	Display Frame 6
605.3701 	EXP 	Display Frame 7
605.4035 	EXP 	Display Frame 8
605.4368 	EXP 	Display Frame 9
605.4701 	EXP 	Display Frame 0
605.5034 	EXP 	Display Frame 1
605.5370 	EXP 	Display Frame 2
605.5702 	EXP 	Display Frame 3
605.6035 	EXP 	Display Frame 4
605.6368 	EXP 	Display Frame 5
605.6702 	EXP 	Display Frame 6
605.7036 	EXP 	Display Frame 7
605.7373 	EXP 	Display Frame 8
605.7702 	EXP 	Display Frame 9
605.8035 	EXP 	Display Frame 0
605.8368 	EXP 	Display Frame 1
605.8702 	EXP 	Display Frame 2
605.9035 	EXP 	Display Frame 3
605.9368 	EXP 	Display Frame 4
605.9701 	EXP 	Display Frame 5
606.0035 	EXP 	Display Frame 6
606.0368 	EXP 	Display Frame 7
606.0701 	EXP 	Display Frame 8
606.1035 	EXP 	Display Frame 9
606.1368 	EXP 	Display Frame 0
606.1701 	EXP 	Display Frame 1
606.2035 	EXP 	Display Frame 2
606.2368 	EXP 	Display Frame 3
606.2701 	EXP 	Display Frame 4
606.3035 	EXP 	Display Frame 5
606.3368 	EXP 	Display Frame 6
606.3701 	EXP 	Display Frame 7
606.4035 	EXP 	Display Frame 8
606.4368 	EXP 	Display Frame 9
606.4701 	EXP 	Display Frame 0
606.5034 	EXP 	Display Frame 1
606.5368 	EXP 	Display Frame 2
606.5701 	EXP 	Display Frame 3
606.6035 	EXP 	Display Frame 4
606.6368 	EXP 	Display Frame 5
606.6702 	EXP 	Display Frame 6
606.7035 	EXP 	Display Frame 7
606.7368 	EXP 	Display Frame 8
606.7702 	EXP 	Display Frame 9
606.8035 	EXP 	Display Frame 0
606.8368 	EXP 	Display Frame 1
606.8701 	EXP 	Display Frame 2
606.9116 	EXP 	Display Frame 3
606.9368 	EXP 	Display Frame 4
606.9702 	EXP 	Display Frame 5
607.0035 	EXP 	Display Frame 6
607.0369 	EXP 	Display Frame 7
607.0702 	EXP 	Display Frame 8
607.1035 	EXP 	Display Frame 9
607.1368 	EXP 	Display Frame 0
607.1705 	EXP 	Display Frame 1
607.2035 	EXP 	Display Frame 2
607.2368 	EXP 	Display Frame 3
607.2702 	EXP 	Display Frame 4
607.3035 	EXP 	Display Frame 5
607.3368 	EXP 	Display Frame 6
607.3702 	EXP 	Display Frame 7
607.4036 	EXP 	Display Frame 8
607.4369 	EXP 	Display Frame 9
607.4378 	DATA 	Keypress: equal
607.4702 	EXP 	Display Frame 0
607.5034 	EXP 	Display Frame 1
607.5368 	EXP 	Display Frame 2
607.5701 	EXP 	Display Frame 3
607.6035 	EXP 	Display Frame 4
607.6369 	EXP 	Display Frame 5
607.6702 	EXP 	Display Frame 6
607.7035 	EXP 	Display Frame 7
607.7368 	EXP 	Display Frame 8
607.7702 	EXP 	Display Frame 9
607.8035 	EXP 	Display Frame 0
607.8368 	EXP 	Display Frame 1
607.8702 	EXP 	Display Frame 2
607.9035 	EXP 	Display Frame 3
607.9368 	EXP 	Display Frame 4
607.9702 	EXP 	Display Frame 5
608.0035 	EXP 	Display Frame 6
608.0368 	EXP 	Display Frame 7
608.0702 	EXP 	Display Frame 8
608.1035 	EXP 	Display Frame 9
608.1368 	EXP 	Display Frame 0
608.1702 	EXP 	Display Frame 1
608.2035 	EXP 	Display Frame 2
608.2368 	EXP 	Display Frame 3
608.2702 	EXP 	Display Frame 4
608.3035 	EXP 	Display Frame 5
608.3368 	EXP 	Display Frame 6
608.3701 	EXP 	Display Frame 7
608.4035 	EXP 	Display Frame 8
608.4368 	EXP 	Display Frame 9
608.4701 	EXP 	Display Frame 0
608.5034 	EXP 	Display Frame 1
608.5368 	EXP 	Display Frame 2
608.5703 	EXP 	Display Frame 3
608.6037 	EXP 	Display Frame 4
608.6369 	EXP 	Display Frame 5
608.6702 	EXP 	Display Frame 6
608.7035 	EXP 	Display Frame 7
608.7370 	EXP 	Display Frame 8
608.7703 	EXP 	Display Frame 9
608.8035 	EXP 	Display Frame 0
608.8368 	EXP 	Display Frame 1
608.8702 	EXP 	Display Frame 2
608.9035 	EXP 	Display Frame 3
608.9368 	EXP 	Display Frame 4
608.9702 	EXP 	Display Frame 5
609.0037 	EXP 	Display Frame 6
609.0368 	EXP 	Display Frame 7
609.0701 	EXP 	Display Frame 8
609.1035 	EXP 	Display Frame 9
609.1368 	EXP 	Display Frame 0
609.1701 	EXP 	Display Frame 1
609.2035 	EXP 	Display Frame 2
609.2368 	EXP 	Display Frame 3
609.2702 	EXP 	Display Frame 4
609.3035 	EXP 	Display Frame 5
609.3368 	EXP 	Display Frame 6
609.3701 	EXP 	Display Frame 7
609.4037 	EXP 	Display Frame 8
609.4368 	EXP 	Display Frame 9
609.4701 	EXP 	Display Frame 0
609.5035 	EXP 	Display Frame 1
609.5368 	EXP 	Display Frame 2
609.5702 	EXP 	Display Frame 3
609.6035 	EXP 	Display Frame 4
609.6368 	EXP 	Display Frame 5
609.6701 	EXP 	Display Frame 6
609.7035 	EXP 	Display Frame 7
609.7368 	EXP 	Display Frame 8
609.7701 	EXP 	Display Frame 9
609.8035 	EXP 	Display Frame 0
609.8368 	EXP 	Display Frame 1
609.8701 	EXP 	Display Frame 2
609.9035 	EXP 	Display Frame 3
609.9369 	EXP 	Display Frame 4
609.9702 	EXP 	Display Frame 5
610.0035 	EXP 	Display Frame 6
610.0368 	EXP 	Display Frame 7
610.0701 	EXP 	Display Frame 8
610.1035 	EXP 	Display Frame 9
610.1368 	EXP 	Display Frame 0
610.1701 	EXP 	Display Frame 1
610.2035 	EXP 	Display Frame 2
610.2368 	EXP 	Display Frame 3
610.2702 	EXP 	Display Frame 4
610.3035 	EXP 	Display Frame 5
610.3368 	EXP 	Display Frame 6
610.3702 	EXP 	Display Frame 7
610.4035 	EXP 	Display Frame 8
610.4368 	EXP 	Display Frame 9
610.4703 	EXP 	Display Frame 0
610.5036 	EXP 	Display Frame 1
610.5371 	EXP 	Display Frame 2
610.5701 	EXP 	Display Frame 3
610.6035 	EXP 	Display Frame 4
610.6368 	EXP 	Display Frame 5
610.6701 	EXP 	Display Frame 6
610.7035 	EXP 	Display Frame 7
610.7369 	EXP 	Display Frame 8
610.7703 	EXP 	Display Frame 9
610.8035 	EXP 	Display Frame 0
610.8369 	EXP 	Display Frame 1
610.8701 	EXP 	Display Frame 2
610.9035 	EXP 	Display Frame 3
610.9368 	EXP 	Display Frame 4
610.9702 	EXP 	Display Frame 5
611.0080 	EXP 	Display Frame 6
611.0369 	EXP 	Display Frame 7
611.0715 	EXP 	Display Frame 8
611.1035 	EXP 	Display Frame 9
611.1368 	EXP 	Display Frame 0
611.1701 	EXP 	Display Frame 1
611.2035 	EXP 	Display Frame 2
611.2369 	EXP 	Display Frame 3
611.2702 	EXP 	Display Frame 4
611.3037 	EXP 	Display Frame 5
611.3368 	EXP 	Display Frame 6
611.3703 	EXP 	Display Frame 7
611.4035 	EXP 	Display Frame 8
611.4368 	EXP 	Display Frame 9
611.4702 	EXP 	Display Frame 0
611.5034 	EXP 	Display Frame 1
611.5369 	EXP 	Display Frame 2
611.5702 	EXP 	Display Frame 3
611.6034 	EXP 	Display Frame 4
611.6368 	EXP 	Display Frame 5
611.6702 	EXP 	Display Frame 6
611.7035 	EXP 	Display Frame 7
611.7368 	EXP 	Display Frame 8
611.7701 	EXP 	Display Frame 9
611.8035 	EXP 	Display Frame 0
611.8368 	EXP 	Display Frame 1
611.8702 	EXP 	Display Frame 2
611.9035 	EXP 	Display Frame 3
611.9368 	EXP 	Display Frame 4
611.9701 	EXP 	Display Frame 5
612.0035 	EXP 	Display Frame 6
612.0368 	EXP 	Display Frame 7
612.0701 	EXP 	Display Frame 8
612.1035 	EXP 	Display Frame 9
612.1368 	EXP 	Display Frame 0
612.1701 	EXP 	Display Frame 1
612.2035 	EXP 	Display Frame 2
612.2368 	EXP 	Display Frame 3
612.2701 	EXP 	Display Frame 4
612.3035 	EXP 	Display Frame 5
612.3368 	EXP 	Display Frame 6
612.3701 	EXP 	Display Frame 7
612.4035 	EXP 	Display Frame 8
612.4368 	EXP 	Display Frame 9
612.4703 	EXP 	Display Frame 0
612.5037 	EXP 	Display Frame 1
612.5370 	EXP 	Display Frame 2
612.5702 	EXP 	Display Frame 3
612.6035 	EXP 	Display Frame 4
612.6369 	DATA 	Keypress: equal
612.6380 	EXP 	Display Frame 5
612.6504 	EXP 	Display Fixation
617.8245 	DATA 	Keypress: equal
623.0174 	DATA 	Keypress: equal
628.2116 	DATA 	Keypress: equal
633.4045 	DATA 	Keypress: equal
638.5985 	DATA 	Keypress: equal
643.7925 	DATA 	Keypress: equal
643.8270 	EXP 	Display Frame 1
643.8602 	EXP 	Display Frame 2
643.8935 	EXP 	Display Frame 3
643.9268 	EXP 	Display Frame 4
643.9602 	EXP 	Display Frame 5
643.9935 	EXP 	Display Frame 6
644.0269 	EXP 	Display Frame 7
644.0602 	EXP 	Display Frame 8
644.0935 	EXP 	Display Frame 9
644.1268 	EXP 	Display Frame 0
644.1601 	EXP 	Display Frame 1
644.1935 	EXP 	Display Frame 2
644.2268 	EXP 	Display Frame 3
644.2601 	EXP 	Display Frame 4
644.2935 	EXP 	Display Frame 5
644.3268 	EXP 	Display Frame 6
644.3601 	EXP 	Display Frame 7
644.3935 	EXP 	Display Frame 8
644.4268 	EXP 	Display Frame 9
644.4602 	EXP 	Display Frame 0
644.4935 	EXP 	Display Frame 1
644.5268 	EXP 	Display Frame 2
644.5602 	EXP 	Display Frame 3
644.5935 	EXP 	Display Frame 4
644.6268 	EXP 	Display Frame 5
644.6601 	EXP 	Display Frame 6
644.6935 	EXP 	Display Frame 7
644.7351 	EXP 	Display Frame 8
644.7602 	EXP 	Display Frame 9
644.7935 	EXP 	Display Frame 0
644.8268 	EXP 	Display Frame 1
644.8602 	EXP 	Display Frame 2
644.8935 	EXP 	Display Frame 3
644.9268 	EXP 	Display Frame 4
644.9601 	EXP 	Display Frame 5
644.9935 	EXP 	Display Frame 6
645.0268 	EXP 	Display Frame 7
645.0601 	EXP 	Display Frame 8
645.0935 	EXP 	Display Frame 9
645.1268 	EXP 	Display Frame 0
645.1602 	EXP 	Display Frame 1
645.1935 	EXP 	Display Frame 2
645.2268 	EXP 	Display Frame 3
645.2601 	EXP 	Display Frame 4
645.2935 	EXP 	Display Frame 5
645.3268 	EXP 	Display Frame 6
645.3601 	EXP 	Display Frame 7
645.3935 	EXP 	Display Frame 8
645.4268 	EXP 	Display Frame 9
645.4602 	EXP 	Display Frame 0
645.4935 	EXP 	Display Frame 1
645.5268 	EXP 	Display Frame 2
645.5601 	EXP 	Display Frame 3
645.5935 	EXP 	Display Frame 4
645.6268 	EXP 	Display Frame 5
645.6602 	EXP 	Display Frame 6
645.6935 	EXP 	Display Frame 7
645.7268 	EXP 	Display Frame 8
645.7602 	EXP 	Display Frame 9
645.7935 	EXP 	Display Frame 0
645.8268 	EXP 	Display Frame 1
645.8601 	EXP 	Display Frame 2
645.8935 	EXP 	Display Frame 3
645.9268 	EXP 	Display Frame 4
645.9601 	EXP 	Display Frame 5
645.9935 	EXP 	Display Frame 6
646.0268 	EXP 	Display Frame 7
646.0601 	EXP 	Display Frame 8
646.0934 	EXP 	Display Frame 9
646.1268 	EXP 	Display Frame 0
646.1602 	EXP 	Display Frame 1
646.1935 	EXP 	Display Frame 2
646.2268 	EXP 	Display Frame 3
646.2601 	EXP 	Display Frame 4
646.2935 	EXP 	Display Frame 5
646.3268 	EXP 	Display Frame 6
646.3601 	EXP 	Display Frame 7
646.3935 	EXP 	Display Frame 8
646.4268 	EXP 	Display Frame 9
646.4601 	EXP 	Display Frame 0
646.4935 	EXP 	Display Frame 1
646.5268 	EXP 	Display Frame 2
646.5601 	EXP 	Display Frame 3
646.5934 	EXP 	Display Frame 4
646.6268 	EXP 	Display Frame 5
646.6601 	EXP 	Display Frame 6
646.6935 	EXP 	Display Frame 7
646.7268 	EXP 	Display Frame 8
646.7601 	EXP 	Display Frame 9
646.7935 	EXP 	Display Frame 0
646.8268 	EXP 	Display Frame 1
646.8602 	EXP 	Display Frame 2
646.8935 	EXP 	Display Frame 3
646.9268 	EXP 	Display Frame 4
646.9601 	EXP 	Display Frame 5
646.9935 	EXP 	Display Frame 6
647.0268 	EXP 	Display Frame 7
647.0601 	EXP 	Display Frame 8
647.0935 	EXP 	Display Frame 9
647.1268 	EXP 	Display Frame 0
647.1601 	EXP 	Display Frame 1
647.1934 	EXP 	Display Frame 2
647.2268 	EXP 	Display Frame 3
647.2601 	EXP 	Display Frame 4
647.2935 	EXP 	Display Frame 5
647.3268 	EXP 	Display Frame 6
647.3601 	EXP 	Display Frame 7
647.3934 	EXP 	Display Frame 8
647.4268 	EXP 	Display Frame 9
647.4601 	EXP 	Display Frame 0
647.4934 	EXP 	Display Frame 1
647.5268 	EXP 	Display Frame 2
647.5601 	EXP 	Display Frame 3
647.5934 	EXP 	Display Frame 4
647.6268 	EXP 	Display Frame 5
647.6601 	EXP 	Display Frame 6
647.6935 	EXP 	Display Frame 7
647.7268 	EXP 	Display Frame 8
647.7601 	EXP 	Display Frame 9
647.7934 	EXP 	Display Frame 0
647.8268 	EXP 	Display Frame 1
647.8602 	EXP 	Display Frame 2
647.8934 	EXP 	Display Frame 3
647.9268 	EXP 	Display Frame 4
647.9601 	EXP 	Display Frame 5
647.9935 	EXP 	Display Frame 6
648.0268 	EXP 	Display Frame 7
648.0601 	EXP 	Display Frame 8
648.0935 	EXP 	Display Frame 9
648.1268 	EXP 	Display Frame 0
648.1601 	EXP 	Display Frame 1
648.1934 	EXP 	Display Frame 2
648.2268 	EXP 	Display Frame 3
648.2601 	EXP 	Display Frame 4
648.2934 	EXP 	Display Frame 5
648.3269 	EXP 	Display Frame 6
648.3602 	EXP 	Display Frame 7
648.3935 	EXP 	Display Frame 8
648.4268 	EXP 	Display Frame 9
648.4601 	EXP 	Display Frame 0
648.4935 	EXP 	Display Frame 1
648.5268 	EXP 	Display Frame 2
648.5601 	EXP 	Display Frame 3
648.5934 	EXP 	Display Frame 4
648.6268 	EXP 	Display Frame 5
648.6601 	EXP 	Display Frame 6
648.6935 	EXP 	Display Frame 7
648.7268 	EXP 	Display Frame 8
648.7602 	EXP 	Display Frame 9
648.7935 	EXP 	Display Frame 0
648.8271 	EXP 	Display Frame 1
648.8602 	EXP 	Display Frame 2
648.8935 	EXP 	Display Frame 3
648.9268 	EXP 	Display Frame 4
648.9601 	EXP 	Display Frame 5
648.9936 	DATA 	Keypress: equal
648.9946 	EXP 	Display Frame 6
649.0268 	EXP 	Display Frame 7
649.0602 	EXP 	Display Frame 8
649.0935 	EXP 	Display Frame 9
649.1268 	EXP 	Display Frame 0
649.1601 	EXP 	Display Frame 1
649.1935 	EXP 	Display Frame 2
649.2268 	EXP 	Display Frame 3
649.2601 	EXP 	Display Frame 4
649.2935 	EXP 	Display Frame 5
649.3268 	EXP 	Display Frame 6
649.3601 	EXP 	Display Frame 7
649.3934 	EXP 	Display Frame 8
649.4268 	EXP 	Display Frame 9
649.4601 	EXP 	Display Frame 0
649.4935 	EXP 	Display Frame 1
649.5268 	EXP 	Display Frame 2
649.5601 	EXP 	Display Frame 3
649.5935 	EXP 	Display Frame 4
649.6268 	EXP 	Display Frame 5
649.6601 	EXP 	Display Frame 6
649.6935 	EXP 	Display Frame 7
649.7268 	EXP 	Display Frame 8
649.7601 	EXP 	Display Frame 9
649.7935 	EXP 	Display Frame 0
649.8268 	EXP 	Display Frame 1
649.8601 	EXP 	Display Frame 2
649.8935 	EXP 	Display Frame 3
649.9268 	EXP 	Display Frame 4
649.9601 	EXP 	Display Frame 5
649.9934 	EXP 	Display Frame 6
650.0268 	EXP 	Display Frame 7
650.0601 	EXP 	Display Frame 8
650.0935 	EXP 	Display Frame 9
650.1268 	EXP 	Display Frame 0
650.1601 	EXP 	Display Frame 1
650.1935 	EXP 	Display Frame 2
650.2268 	EXP 	Display Frame 3
650.2601 	EXP 	Display Frame 4
650.2935 	EXP 	Display Frame 5
650.3268 	EXP 	Display Frame 6
650.3601 	EXP 	Display Frame 7
650.3935 	EXP 	Display Frame 8
650.4268 	EXP 	Display Frame 9
650.4601 	EXP 	Display Frame 0
650.4935 	EXP 	Display Frame 1
650.5268 	EXP 	Display Frame 2
650.5601 	EXP 	Display Frame 3
650.5935 	EXP 	Display Frame 4
650.6268 	EXP 	Display Frame 5
650.6601 	EXP 	Display Frame 6
650.6935 	EXP 	Display Frame 7
650.7268 	EXP 	Display Frame 8
650.7601 	EXP 	Display Frame 9
650.7935 	EXP 	Display Frame 0
650.8268 	EXP 	Display Frame 1
650.8601 	EXP 	Display Frame 2
650.8935 	EXP 	Display Frame 3
650.9268 	EXP 	Display Frame 4
650.9602 	EXP 	Display Frame 5
650.9935 	EXP 	Display Frame 6
651.0268 	EXP 	Display Frame 7
651.0601 	EXP 	Display Frame 8
651.0935 	EXP 	Display Frame 9
651.1268 	EXP 	Display Frame 0
651.1602 	EXP 	Display Frame 1
651.1934 	EXP 	Display Frame 2
651.2268 	EXP 	Display Frame 3
651.2601 	EXP 	Display Frame 4
651.2935 	EXP 	Display Frame 5
651.3268 	EXP 	Display Frame 6
651.3601 	EXP 	Display Frame 7
651.3935 	EXP 	Display Frame 8
651.4268 	EXP 	Display Frame 9
651.4601 	EXP 	Display Frame 0
651.4935 	EXP 	Display Frame 1
651.5268 	EXP 	Display Frame 2
651.5602 	EXP 	Display Frame 3
651.5935 	EXP 	Display Frame 4
651.6268 	EXP 	Display Frame 5
651.6601 	EXP 	Display Frame 6
651.6935 	EXP 	Display Frame 7
651.7268 	EXP 	Display Frame 8
651.7601 	EXP 	Display Frame 9
651.7935 	EXP 	Display Frame 0
651.8268 	EXP 	Display Frame 1
651.8601 	EXP 	Display Frame 2
651.8935 	EXP 	Display Frame 3
651.9268 	EXP 	Display Frame 4
651.9601 	EXP 	Display Frame 5
651.9935 	EXP 	Display Frame 6
652.0268 	EXP 	Display Frame 7
652.0601 	EXP 	Display Frame 8
652.0935 	EXP 	Display Frame 9
652.1268 	EXP 	Display Frame 0
652.1602 	EXP 	Display Frame 1
652.1935 	EXP 	Display Frame 2
652.2268 	EXP 	Display Frame 3
652.2601 	EXP 	Display Frame 4
652.2935 	EXP 	Display Frame 5
652.3268 	EXP 	Display Frame 6
652.3601 	EXP 	Display Frame 7
652.3935 	EXP 	Display Frame 8
652.4268 	EXP 	Display Frame 9
652.4602 	EXP 	Display Frame 0
652.4935 	EXP 	Display Frame 1
652.5268 	EXP 	Display Frame 2
652.5601 	EXP 	Display Frame 3
652.5935 	EXP 	Display Frame 4
652.6268 	EXP 	Display Frame 5
652.6601 	EXP 	Display Frame 6
652.6935 	EXP 	Display Frame 7
652.7268 	EXP 	Display Frame 8
652.7601 	EXP 	Display Frame 9
652.7935 	EXP 	Display Frame 0
652.8268 	EXP 	Display Frame 1
652.8601 	EXP 	Display Frame 2
652.8935 	EXP 	Display Frame 3
652.9268 	EXP 	Display Frame 4
652.9601 	EXP 	Display Frame 5
652.9935 	EXP 	Display Frame 6
653.0268 	EXP 	Display Frame 7
653.0602 	EXP 	Display Frame 8
653.0935 	EXP 	Display Frame 9
653.1268 	EXP 	Display Frame 0
653.1601 	EXP 	Display Frame 1
653.1935 	EXP 	Display Frame 2
653.2268 	EXP 	Display Frame 3
653.2601 	EXP 	Display Frame 4
653.2935 	EXP 	Display Frame 5
653.3268 	EXP 	Display Frame 6
653.3602 	EXP 	Display Frame 7
653.3935 	EXP 	Display Frame 8
653.4268 	EXP 	Display Frame 9
653.4601 	EXP 	Display Frame 0
653.4935 	EXP 	Display Frame 1
653.5268 	EXP 	Display Frame 2
653.5601 	EXP 	Display Frame 3
653.5935 	EXP 	Display Frame 4
653.6268 	EXP 	Display Frame 5
653.6603 	EXP 	Display Frame 6
653.6935 	EXP 	Display Frame 7
653.7268 	EXP 	Display Frame 8
653.7601 	EXP 	Display Frame 9
653.7934 	EXP 	Display Frame 0
653.8269 	EXP 	Display Frame 1
653.8601 	EXP 	Display Frame 2
653.8935 	EXP 	Display Frame 3
653.9268 	EXP 	Display Frame 4
653.9602 	EXP 	Display Frame 5
653.9934 	EXP 	Display Frame 6
654.0269 	EXP 	Display Frame 7
654.0601 	EXP 	Display Frame 8
654.0935 	EXP 	Display Frame 9
654.1268 	EXP 	Display Frame 0
654.1601 	EXP 	Display Frame 1
654.1936 	DATA 	Keypress: equal
654.1946 	EXP 	Display Frame 2
654.2268 	EXP 	Display Frame 3
654.2602 	EXP 	Display Frame 4
654.2935 	EXP 	Display Frame 5
654.3268 	EXP 	Display Frame 6
654.3601 	EXP 	Display Frame 7
654.3935 	EXP 	Display Frame 8
654.4268 	EXP 	Display Frame 9
654.4601 	EXP 	Display Frame 0
654.4935 	EXP 	Display Frame 1
654.5268 	EXP 	Display Frame 2
654.5601 	EXP 	Display Frame 3
654.5935 	EXP 	Display Frame 4
654.6268 	EXP 	Display Frame 5
654.6601 	EXP 	Display Frame 6
654.6934 	EXP 	Display Frame 7
654.7268 	EXP 	Display Frame 8
654.7601 	EXP 	Display Frame 9
654.7935 	EXP 	Display Frame 0
654.8268 	EXP 	Display Frame 1
654.8602 	EXP 	Display Frame 2
654.8935 	EXP 	Display Frame 3
654.9268 	EXP 	Display Frame 4
654.9601 	EXP 	Display Frame 5
654.9935 	EXP 	Display Frame 6
655.0268 	EXP 	Display Frame 7
655.0601 	EXP 	Display Frame 8
655.0935 	EXP 	Display Frame 9
655.1268 	EXP 	Display Frame 0
655.1604 	EXP 	Display Frame 1
655.1935 	EXP 	Display Frame 2
655.2268 	EXP 	Display Frame 3
655.2601 	EXP 	Display Frame 4
655.2935 	EXP 	Display Frame 5
655.3268 	EXP 	Display Frame 6
655.3601 	EXP 	Display Frame 7
655.3935 	EXP 	Display Frame 8
655.4268 	EXP 	Display Frame 9
655.4602 	EXP 	Display Frame 0
655.4935 	EXP 	Display Frame 1
655.5268 	EXP 	Display Frame 2
655.5601 	EXP 	Display Frame 3
655.5935 	EXP 	Display Frame 4
655.6268 	EXP 	Display Frame 5
655.6601 	EXP 	Display Frame 6
655.6935 	EXP 	Display Frame 7
655.7268 	EXP 	Display Frame 8
655.7602 	EXP 	Display Frame 9
655.7935 	EXP 	Display Frame 0
655.8268 	EXP 	Display Frame 1
655.8601 	EXP 	Display Frame 2
655.8935 	EXP 	Display Frame 3
655.9268 	EXP 	Display Frame 4
655.9601 	EXP 	Display Frame 5
655.9935 	EXP 	Display Frame 6
656.0268 	EXP 	Display Frame 7
656.0601 	EXP 	Display Frame 8
656.0934 	EXP 	Display Frame 9
656.1268 	EXP 	Display Frame 0
656.1601 	EXP 	Display Frame 1
656.1934 	EXP 	Display Frame 2
656.2268 	EXP 	Display Frame 3
656.2601 	EXP 	Display Frame 4
656.2935 	EXP 	Display Frame 5
656.3268 	EXP 	Display Frame 6
656.3601 	EXP 	Display Frame 7
656.3935 	EXP 	Display Frame 8
656.4268 	EXP 	Display Frame 9
656.4601 	EXP 	Display Frame 0
656.4935 	EXP 	Display Frame 1
656.5268 	EXP 	Display Frame 2
656.5601 	EXP 	Display Frame 3
656.5935 	EXP 	Display Frame 4
656.6268 	EXP 	Display Frame 5
656.6602 	EXP 	Display Frame 6
656.6934 	EXP 	Display Frame 7
656.7268 	EXP 	Display Frame 8
656.7601 	EXP 	Display Frame 9
656.7935 	EXP 	Display Frame 0
656.8268 	EXP 	Display Frame 1
656.8601 	EXP 	Display Frame 2
656.8935 	EXP 	Display Frame 3
656.9268 	EXP 	Display Frame 4
656.9601 	EXP 	Display Frame 5
656.9935 	EXP 	Display Frame 6
657.0268 	EXP 	Display Frame 7
657.0601 	EXP 	Display Frame 8
657.0935 	EXP 	Display Frame 9
657.1268 	EXP 	Display Frame 0
657.1601 	EXP 	Display Frame 1
657.1935 	EXP 	Display Frame 2
657.2268 	EXP 	Display Frame 3
657.2601 	EXP 	Display Frame 4
657.2935 	EXP 	Display Frame 5
657.3268 	EXP 	Display Frame 6
657.3601 	EXP 	Display Frame 7
657.3935 	EXP 	Display Frame 8
657.4268 	EXP 	Display Frame 9
657.4601 	EXP 	Display Frame 0
657.4935 	EXP 	Display Frame 1
657.5268 	EXP 	Display Frame 2
657.5601 	EXP 	Display Frame 3
657.5935 	EXP 	Display Frame 4
657.6268 	EXP 	Display Frame 5
657.6601 	EXP 	Display Frame 6
657.6935 	EXP 	Display Frame 7
657.7268 	EXP 	Display Frame 8
657.7601 	EXP 	Display Frame 9
657.7935 	EXP 	Display Frame 0
657.8268 	EXP 	Display Frame 1
657.8601 	EXP 	Display Frame 2
657.8935 	EXP 	Display Frame 3
657.9268 	EXP 	Display Frame 4
657.9601 	EXP 	Display Frame 5
657.9935 	EXP 	Display Frame 6
658.0268 	EXP 	Display Frame 7
658.0601 	EXP 	Display Frame 8
658.0935 	EXP 	Display Frame 9
658.1268 	EXP 	Display Frame 0
658.1601 	EXP 	Display Frame 1
658.1934 	EXP 	Display Frame 2
658.2268 	EXP 	Display Frame 3
658.2601 	EXP 	Display Frame 4
658.2935 	EXP 	Display Frame 5
658.3268 	EXP 	Display Frame 6
658.3601 	EXP 	Display Frame 7
658.3935 	EXP 	Display Frame 8
658.4268 	EXP 	Display Frame 9
658.4601 	EXP 	Display Frame 0
658.4934 	EXP 	Display Frame 1
658.5268 	EXP 	Display Frame 2
658.5601 	EXP 	Display Frame 3
658.5935 	EXP 	Display Frame 4
658.6268 	EXP 	Display Frame 5
658.6601 	EXP 	Display Frame 6
658.6935 	EXP 	Display Frame 7
658.7268 	EXP 	Display Frame 8
658.7601 	EXP 	Display Frame 9
658.7935 	EXP 	Display Frame 0
658.8268 	EXP 	Display Frame 1
658.8601 	EXP 	Display Frame 2
658.8935 	EXP 	Display Frame 3
658.9268 	EXP 	Display Frame 4
658.9601 	EXP 	Display Frame 5
658.9936 	EXP 	Display Frame 6
659.0268 	EXP 	Display Frame 7
659.0601 	EXP 	Display Frame 8
659.0935 	EXP 	Display Frame 9
659.1268 	EXP 	Display Frame 0
659.1601 	EXP 	Display Frame 1
659.1935 	EXP 	Display Frame 2
659.2268 	EXP 	Display Frame 3
659.2602 	EXP 	Display Frame 4
659.2935 	EXP 	Display Frame 5
659.3268 	EXP 	Display Frame 6
659.3601 	EXP 	Display Frame 7
659.3936 	DATA 	Keypress: equal
659.3947 	EXP 	Display Frame 8
659.4268 	EXP 	Display Frame 9
659.4601 	EXP 	Display Frame 0
659.4935 	EXP 	Display Frame 1
659.5268 	EXP 	Display Frame 2
659.5601 	EXP 	Display Frame 3
659.5935 	EXP 	Display Frame 4
659.6268 	EXP 	Display Frame 5
659.6601 	EXP 	Display Frame 6
659.6934 	EXP 	Display Frame 7
659.7268 	EXP 	Display Frame 8
659.7601 	EXP 	Display Frame 9
659.7935 	EXP 	Display Frame 0
659.8268 	EXP 	Display Frame 1
659.8601 	EXP 	Display Frame 2
659.8935 	EXP 	Display Frame 3
659.9268 	EXP 	Display Frame 4
659.9601 	EXP 	Display Frame 5
659.9934 	EXP 	Display Frame 6
660.0268 	EXP 	Display Frame 7
660.0601 	EXP 	Display Frame 8
660.0935 	EXP 	Display Frame 9
660.1268 	EXP 	Display Frame 0
660.1601 	EXP 	Display Frame 1
660.1934 	EXP 	Display Frame 2
660.2268 	EXP 	Display Frame 3
660.2602 	EXP 	Display Frame 4
660.2935 	EXP 	Display Frame 5
660.3268 	EXP 	Display Frame 6
660.3601 	EXP 	Display Frame 7
660.3935 	EXP 	Display Frame 8
660.4268 	EXP 	Display Frame 9
660.4601 	EXP 	Display Frame 0
660.4934 	EXP 	Display Frame 1
660.5268 	EXP 	Display Frame 2
660.5601 	EXP 	Display Frame 3
660.5934 	EXP 	Display Frame 4
660.6268 	EXP 	Display Frame 5
660.6601 	EXP 	Display Frame 6
660.6935 	EXP 	Display Frame 7
660.7268 	EXP 	Display Frame 8
660.7601 	EXP 	Display Frame 9
660.7935 	EXP 	Display Frame 0
660.8268 	EXP 	Display Frame 1
660.8601 	EXP 	Display Frame 2
660.8934 	EXP 	Display Frame 3
660.9268 	EXP 	Display Frame 4
660.9601 	EXP 	Display Frame 5
660.9935 	EXP 	Display Frame 6
661.0268 	EXP 	Display Frame 7
661.0602 	EXP 	Display Frame 8
661.0935 	EXP 	Display Frame 9
661.1268 	EXP 	Display Frame 0
661.1601 	EXP 	Display Frame 1
661.1934 	EXP 	Display Frame 2
661.2268 	EXP 	Display Frame 3
661.2601 	EXP 	Display Frame 4
661.2935 	EXP 	Display Frame 5
661.3268 	EXP 	Display Frame 6
661.3601 	EXP 	Display Frame 7
661.3935 	EXP 	Display Frame 8
661.4268 	EXP 	Display Frame 9
661.4601 	EXP 	Display Frame 0
661.4937 	EXP 	Display Frame 1
661.5268 	EXP 	Display Frame 2
661.5602 	EXP 	Display Frame 3
661.5935 	EXP 	Display Frame 4
661.6268 	EXP 	Display Frame 5
661.6601 	EXP 	Display Frame 6
661.6935 	EXP 	Display Frame 7
661.7268 	EXP 	Display Frame 8
661.7601 	EXP 	Display Frame 9
661.7935 	EXP 	Display Frame 0
661.8268 	EXP 	Display Frame 1
661.8601 	EXP 	Display Frame 2
661.8935 	EXP 	Display Frame 3
661.9268 	EXP 	Display Frame 4
661.9601 	EXP 	Display Frame 5
661.9935 	EXP 	Display Frame 6
662.0268 	EXP 	Display Frame 7
662.0602 	EXP 	Display Frame 8
662.0935 	EXP 	Display Frame 9
662.1268 	EXP 	Display Frame 0
662.1601 	EXP 	Display Frame 1
662.1935 	EXP 	Display Frame 2
662.2268 	EXP 	Display Frame 3
662.2601 	EXP 	Display Frame 4
662.2934 	EXP 	Display Frame 5
662.3268 	EXP 	Display Frame 6
662.3602 	EXP 	Display Frame 7
662.3935 	EXP 	Display Frame 8
662.4268 	EXP 	Display Frame 9
662.4601 	EXP 	Display Frame 0
662.4935 	EXP 	Display Frame 1
662.5268 	EXP 	Display Frame 2
662.5601 	EXP 	Display Frame 3
662.5935 	EXP 	Display Frame 4
662.6268 	EXP 	Display Frame 5
662.6602 	EXP 	Display Frame 6
662.6935 	EXP 	Display Frame 7
662.7268 	EXP 	Display Frame 8
662.7601 	EXP 	Display Frame 9
662.7935 	EXP 	Display Frame 0
662.8268 	EXP 	Display Frame 1
662.8601 	EXP 	Display Frame 2
662.8935 	EXP 	Display Frame 3
662.9268 	EXP 	Display Frame 4
662.9601 	EXP 	Display Frame 5
662.9935 	EXP 	Display Frame 6
663.0268 	EXP 	Display Frame 7
663.0601 	EXP 	Display Frame 8
663.0935 	EXP 	Display Frame 9
663.1268 	EXP 	Display Frame 0
663.1601 	EXP 	Display Frame 1
663.1935 	EXP 	Display Frame 2
663.2268 	EXP 	Display Frame 3
663.2601 	EXP 	Display Frame 4
663.2934 	EXP 	Display Frame 5
663.3268 	EXP 	Display Frame 6
663.3601 	EXP 	Display Frame 7
663.3935 	EXP 	Display Frame 8
663.4268 	EXP 	Display Frame 9
663.4601 	EXP 	Display Frame 0
663.4935 	EXP 	Display Frame 1
663.5268 	EXP 	Display Frame 2
663.5601 	EXP 	Display Frame 3
663.5934 	EXP 	Display Frame 4
663.6268 	EXP 	Display Frame 5
663.6601 	EXP 	Display Frame 6
663.6935 	EXP 	Display Frame 7
663.7268 	EXP 	Display Frame 8
663.7601 	EXP 	Display Frame 9
663.7935 	EXP 	Display Frame 0
663.8268 	EXP 	Display Frame 1
663.8602 	EXP 	Display Frame 2
663.8935 	EXP 	Display Frame 3
663.9268 	EXP 	Display Frame 4
663.9601 	EXP 	Display Frame 5
663.9935 	EXP 	Display Frame 6
664.0268 	EXP 	Display Frame 7
664.0601 	EXP 	Display Frame 8
664.0935 	EXP 	Display Frame 9
664.1268 	EXP 	Display Frame 0
664.1601 	EXP 	Display Frame 1
664.1934 	EXP 	Display Frame 2
664.2268 	EXP 	Display Frame 3
664.2601 	EXP 	Display Frame 4
664.2935 	EXP 	Display Frame 5
664.3270 	EXP 	Display Frame 6
664.3601 	EXP 	Display Frame 7
664.3935 	EXP 	Display Frame 8
664.4269 	EXP 	Display Frame 9
664.4601 	EXP 	Display Frame 0
664.4935 	EXP 	Display Frame 1
664.5268 	EXP 	Display Frame 2
664.5601 	EXP 	Display Frame 3
664.5936 	DATA 	Keypress: equal
664.5946 	EXP 	Display Frame 4
664.6268 	EXP 	Display Frame 5
664.6601 	EXP 	Display Frame 6
664.6935 	EXP 	Display Frame 7
664.7268 	EXP 	Display Frame 8
664.7601 	EXP 	Display Frame 9
664.7935 	EXP 	Display Frame 0
664.8268 	EXP 	Display Frame 1
664.8601 	EXP 	Display Frame 2
664.8934 	EXP 	Display Frame 3
664.9268 	EXP 	Display Frame 4
664.9601 	EXP 	Display Frame 5
664.9935 	EXP 	Display Frame 6
665.0268 	EXP 	Display Frame 7
665.0601 	EXP 	Display Frame 8
665.0935 	EXP 	Display Frame 9
665.1268 	EXP 	Display Frame 0
665.1601 	EXP 	Display Frame 1
665.1935 	EXP 	Display Frame 2
665.2268 	EXP 	Display Frame 3
665.2601 	EXP 	Display Frame 4
665.2935 	EXP 	Display Frame 5
665.3268 	EXP 	Display Frame 6
665.3601 	EXP 	Display Frame 7
665.3935 	EXP 	Display Frame 8
665.4268 	EXP 	Display Frame 9
665.4601 	EXP 	Display Frame 0
665.4935 	EXP 	Display Frame 1
665.5268 	EXP 	Display Frame 2
665.5601 	EXP 	Display Frame 3
665.5936 	EXP 	Display Frame 4
665.6268 	EXP 	Display Frame 5
665.6601 	EXP 	Display Frame 6
665.6935 	EXP 	Display Frame 7
665.7268 	EXP 	Display Frame 8
665.7601 	EXP 	Display Frame 9
665.7935 	EXP 	Display Frame 0
665.8268 	EXP 	Display Frame 1
665.8601 	EXP 	Display Frame 2
665.8935 	EXP 	Display Frame 3
665.9268 	EXP 	Display Frame 4
665.9602 	EXP 	Display Frame 5
665.9935 	EXP 	Display Frame 6
666.0268 	EXP 	Display Frame 7
666.0601 	EXP 	Display Frame 8
666.0935 	EXP 	Display Frame 9
666.1268 	EXP 	Display Frame 0
666.1601 	EXP 	Display Frame 1
666.1935 	EXP 	Display Frame 2
666.2268 	EXP 	Display Frame 3
666.2601 	EXP 	Display Frame 4
666.2935 	EXP 	Display Frame 5
666.3268 	EXP 	Display Frame 6
666.3601 	EXP 	Display Frame 7
666.3935 	EXP 	Display Frame 8
666.4268 	EXP 	Display Frame 9
666.4601 	EXP 	Display Frame 0
666.4935 	EXP 	Display Frame 1
666.5273 	EXP 	Display Frame 2
666.5602 	EXP 	Display Frame 3
666.5935 	EXP 	Display Frame 4
666.6268 	EXP 	Display Frame 5
666.6601 	EXP 	Display Frame 6
666.6935 	EXP 	Display Frame 7
666.7268 	EXP 	Display Frame 8
666.7601 	EXP 	Display Frame 9
666.7935 	EXP 	Display Frame 0
666.8268 	EXP 	Display Frame 1
666.8602 	EXP 	Display Frame 2
666.8935 	EXP 	Display Frame 3
666.9268 	EXP 	Display Frame 4
666.9601 	EXP 	Display Frame 5
666.9935 	EXP 	Display Frame 6
667.0268 	EXP 	Display Frame 7
667.0601 	EXP 	Display Frame 8
667.0935 	EXP 	Display Frame 9
667.1268 	EXP 	Display Frame 0
667.1602 	EXP 	Display Frame 1
667.1935 	EXP 	Display Frame 2
667.2268 	EXP 	Display Frame 3
667.2601 	EXP 	Display Frame 4
667.2935 	EXP 	Display Frame 5
667.3268 	EXP 	Display Frame 6
667.3601 	EXP 	Display Frame 7
667.3935 	EXP 	Display Frame 8
667.4268 	EXP 	Display Frame 9
667.4601 	EXP 	Display Frame 0
667.4935 	EXP 	Display Frame 1
667.5268 	EXP 	Display Frame 2
667.5601 	EXP 	Display Frame 3
667.5936 	EXP 	Display Frame 4
667.6270 	EXP 	Display Frame 5
667.6601 	EXP 	Display Frame 6
667.6935 	EXP 	Display Frame 7
667.7268 	EXP 	Display Frame 8
667.7601 	EXP 	Display Frame 9
667.7935 	EXP 	Display Frame 0
667.8270 	EXP 	Display Frame 1
667.8602 	EXP 	Display Frame 2
667.8935 	EXP 	Display Frame 3
667.9269 	EXP 	Display Frame 4
667.9602 	EXP 	Display Frame 5
667.9935 	EXP 	Display Frame 6
668.0268 	EXP 	Display Frame 7
668.0601 	EXP 	Display Frame 8
668.0935 	EXP 	Display Frame 9
668.1268 	EXP 	Display Frame 0
668.1601 	EXP 	Display Frame 1
668.1935 	EXP 	Display Frame 2
668.2268 	EXP 	Display Frame 3
668.2601 	EXP 	Display Frame 4
668.2935 	EXP 	Display Frame 5
668.3268 	EXP 	Display Frame 6
668.3602 	EXP 	Display Frame 7
668.3935 	EXP 	Display Frame 8
668.4268 	EXP 	Display Frame 9
668.4601 	EXP 	Display Frame 0
668.4935 	EXP 	Display Frame 1
668.5268 	EXP 	Display Frame 2
668.5601 	EXP 	Display Frame 3
668.5934 	EXP 	Display Frame 4
668.6268 	EXP 	Display Frame 5
668.6602 	EXP 	Display Frame 6
668.6935 	EXP 	Display Frame 7
668.7268 	EXP 	Display Frame 8
668.7601 	EXP 	Display Frame 9
668.7935 	EXP 	Display Frame 0
668.8268 	EXP 	Display Frame 1
668.8601 	EXP 	Display Frame 2
668.8935 	EXP 	Display Frame 3
668.9268 	EXP 	Display Frame 4
668.9601 	EXP 	Display Frame 5
668.9934 	EXP 	Display Frame 6
669.0268 	EXP 	Display Frame 7
669.0601 	EXP 	Display Frame 8
669.0935 	EXP 	Display Frame 9
669.1268 	EXP 	Display Frame 0
669.1602 	EXP 	Display Frame 1
669.1935 	EXP 	Display Frame 2
669.2268 	EXP 	Display Frame 3
669.2602 	EXP 	Display Frame 4
669.2934 	EXP 	Display Frame 5
669.3268 	EXP 	Display Frame 6
669.3601 	EXP 	Display Frame 7
669.3935 	EXP 	Display Frame 8
669.4268 	EXP 	Display Frame 9
669.4601 	EXP 	Display Frame 0
669.4935 	EXP 	Display Frame 1
669.5277 	EXP 	Display Frame 2
669.5601 	EXP 	Display Frame 3
669.5934 	EXP 	Display Frame 4
669.6269 	EXP 	Display Frame 5
669.6603 	EXP 	Display Frame 6
669.6935 	EXP 	Display Frame 7
669.7268 	EXP 	Display Frame 8
669.7603 	DATA 	Keypress: equal
669.7613 	EXP 	Display Frame 9
669.7935 	EXP 	Display Frame 0
669.8268 	EXP 	Display Frame 1
669.8601 	EXP 	Display Frame 2
669.8935 	EXP 	Display Frame 3
669.9268 	EXP 	Display Frame 4
669.9601 	EXP 	Display Frame 5
669.9935 	EXP 	Display Frame 6
670.0268 	EXP 	Display Frame 7
670.0601 	EXP 	Display Frame 8
670.0935 	EXP 	Display Frame 9
670.1268 	EXP 	Display Frame 0
670.1602 	EXP 	Display Frame 1
670.1934 	EXP 	Display Frame 2
670.2268 	EXP 	Display Frame 3
670.2601 	EXP 	Display Frame 4
670.2934 	EXP 	Display Frame 5
670.3268 	EXP 	Display Frame 6
670.3601 	EXP 	Display Frame 7
670.3935 	EXP 	Display Frame 8
670.4268 	EXP 	Display Frame 9
670.4601 	EXP 	Display Frame 0
670.4935 	EXP 	Display Frame 1
670.5268 	EXP 	Display Frame 2
670.5602 	EXP 	Display Frame 3
670.5936 	EXP 	Display Frame 4
670.6270 	EXP 	Display Frame 5
670.6601 	EXP 	Display Frame 6
670.6935 	EXP 	Display Frame 7
670.7268 	EXP 	Display Frame 8
670.7619 	EXP 	Display Frame 9
670.7934 	EXP 	Display Frame 0
670.8268 	EXP 	Display Frame 1
670.8602 	EXP 	Display Frame 2
670.8934 	EXP 	Display Frame 3
670.9268 	EXP 	Display Frame 4
670.9601 	EXP 	Display Frame 5
670.9935 	EXP 	Display Frame 6
671.0268 	EXP 	Display Frame 7
671.0602 	EXP 	Display Frame 8
671.0935 	EXP 	Display Frame 9
671.1268 	EXP 	Display Frame 0
671.1601 	EXP 	Display Frame 1
671.1935 	EXP 	Display Frame 2
671.2268 	EXP 	Display Frame 3
671.2601 	EXP 	Display Frame 4
671.2935 	EXP 	Display Frame 5
671.3268 	EXP 	Display Frame 6
671.3601 	EXP 	Display Frame 7
671.3935 	EXP 	Display Frame 8
671.4268 	EXP 	Display Frame 9
671.4601 	EXP 	Display Frame 0
671.4935 	EXP 	Display Frame 1
671.5268 	EXP 	Display Frame 2
671.5601 	EXP 	Display Frame 3
671.5935 	EXP 	Display Frame 4
671.6268 	EXP 	Display Frame 5
671.6601 	EXP 	Display Frame 6
671.6935 	EXP 	Display Frame 7
671.7268 	EXP 	Display Frame 8
671.7601 	EXP 	Display Frame 9
671.7935 	EXP 	Display Frame 0
671.8268 	EXP 	Display Frame 1
671.8601 	EXP 	Display Frame 2
671.8935 	EXP 	Display Frame 3
671.9268 	EXP 	Display Frame 4
671.9601 	EXP 	Display Frame 5
671.9935 	EXP 	Display Frame 6
672.0268 	EXP 	Display Frame 7
672.0601 	EXP 	Display Frame 8
672.0935 	EXP 	Display Frame 9
672.1268 	EXP 	Display Frame 0
672.1601 	EXP 	Display Frame 1
672.1935 	EXP 	Display Frame 2
672.2268 	EXP 	Display Frame 3
672.2601 	EXP 	Display Frame 4
672.2935 	EXP 	Display Frame 5
672.3268 	EXP 	Display Frame 6
672.3602 	EXP 	Display Frame 7
672.3935 	EXP 	Display Frame 8
672.4268 	EXP 	Display Frame 9
672.4601 	EXP 	Display Frame 0
672.4935 	EXP 	Display Frame 1
672.5268 	EXP 	Display Frame 2
672.5601 	EXP 	Display Frame 3
672.5934 	EXP 	Display Frame 4
672.6268 	EXP 	Display Frame 5
672.6601 	EXP 	Display Frame 6
672.6935 	EXP 	Display Frame 7
672.7268 	EXP 	Display Frame 8
672.7601 	EXP 	Display Frame 9
672.7935 	EXP 	Display Frame 0
672.8268 	EXP 	Display Frame 1
672.8601 	EXP 	Display Frame 2
672.8946 	EXP 	Display Frame 3
672.9268 	EXP 	Display Frame 4
672.9601 	EXP 	Display Frame 5
672.9935 	EXP 	Display Frame 6
673.0268 	EXP 	Display Frame 7
673.0670 	EXP 	Display Frame 8
673.0935 	EXP 	Display Frame 9
673.1268 	EXP 	Display Frame 0
673.1601 	EXP 	Display Frame 1
673.1935 	EXP 	Display Frame 2
673.2268 	EXP 	Display Frame 3
673.2602 	EXP 	Display Frame 4
673.2935 	EXP 	Display Frame 5
673.3268 	EXP 	Display Frame 6
673.3601 	EXP 	Display Frame 7
673.3935 	EXP 	Display Frame 8
673.4268 	EXP 	Display Frame 9
673.4601 	EXP 	Display Frame 0
673.4935 	EXP 	Display Frame 1
673.5268 	EXP 	Display Frame 2
673.5602 	EXP 	Display Frame 3
673.5934 	EXP 	Display Frame 4
673.6268 	EXP 	Display Frame 5
673.6601 	EXP 	Display Frame 6
673.6934 	EXP 	Display Frame 7
673.7268 	EXP 	Display Frame 8
673.7601 	EXP 	Display Frame 9
673.7935 	EXP 	Display Frame 0
673.8268 	EXP 	Display Frame 1
673.8601 	EXP 	Display Frame 2
673.8935 	EXP 	Display Frame 3
673.9268 	EXP 	Display Frame 4
673.9601 	EXP 	Display Frame 5
673.9934 	EXP 	Display Frame 6
674.0268 	EXP 	Display Frame 7
674.0601 	EXP 	Display Frame 8
674.0935 	EXP 	Display Frame 9
674.1268 	EXP 	Display Frame 0
674.1601 	EXP 	Display Frame 1
674.1937 	EXP 	Display Frame 2
674.2268 	EXP 	Display Frame 3
674.2602 	EXP 	Display Frame 4
674.2935 	EXP 	Display Frame 5
674.3268 	EXP 	Display Frame 6
674.3601 	EXP 	Display Frame 7
674.3935 	EXP 	Display Frame 8
674.4268 	EXP 	Display Frame 9
674.4601 	EXP 	Display Frame 0
674.4935 	EXP 	Display Frame 1
674.5268 	EXP 	Display Frame 2
674.5602 	EXP 	Display Frame 3
674.5935 	EXP 	Display Frame 4
674.6268 	EXP 	Display Frame 5
674.6601 	EXP 	Display Frame 6
674.6935 	EXP 	Display Frame 7
674.7268 	EXP 	Display Frame 8
674.7601 	EXP 	Display Frame 9
674.7935 	EXP 	Display Frame 0
674.8268 	EXP 	Display Frame 1
674.8602 	EXP 	Display Frame 2
674.8935 	EXP 	Display Frame 3
674.9268 	EXP 	Display Frame 4
674.9603 	DATA 	Keypress: equal
674.9613 	EXP 	Display Frame 5
674.9674 	EXP 	Display Fixation
680.1468 	DATA 	Keypress: equal
685.3408 	DATA 	Keypress: equal
690.5349 	DATA 	Keypress: equal
695.7286 	DATA 	Keypress: equal
700.9219 	DATA 	Keypress: equal
706.1149 	DATA 	Keypress: equal
706.1493 	EXP 	Display Frame 1
706.1826 	EXP 	Display Frame 2
706.2159 	EXP 	Display Frame 3
706.2492 	EXP 	Display Frame 4
706.2826 	EXP 	Display Frame 5
706.3159 	EXP 	Display Frame 6
706.3492 	EXP 	Display Frame 7
706.3826 	EXP 	Display Frame 8
706.4159 	EXP 	Display Frame 9
706.4492 	EXP 	Display Frame 0
706.4826 	EXP 	Display Frame 1
706.5159 	EXP 	Display Frame 2
706.5492 	EXP 	Display Frame 3
706.5825 	EXP 	Display Frame 4
706.6159 	EXP 	Display Frame 5
706.6492 	EXP 	Display Frame 6
706.6875 	EXP 	Display Frame 7
706.7158 	EXP 	Display Frame 8
706.7492 	EXP 	Display Frame 9
706.7825 	EXP 	Display Frame 0
706.8158 	EXP 	Display Frame 1
706.8492 	EXP 	Display Frame 2
706.8825 	EXP 	Display Frame 3
706.9159 	EXP 	Display Frame 4
706.9491 	EXP 	Display Frame 5
706.9825 	EXP 	Display Frame 6
707.0159 	EXP 	Display Frame 7
707.0492 	EXP 	Display Frame 8
707.0825 	EXP 	Display Frame 9
707.1158 	EXP 	Display Frame 0
707.1492 	EXP 	Display Frame 1
707.1825 	EXP 	Display Frame 2
707.2158 	EXP 	Display Frame 3
707.2492 	EXP 	Display Frame 4
707.2825 	EXP 	Display Frame 5
707.3159 	EXP 	Display Frame 6
707.3492 	EXP 	Display Frame 7
707.3825 	EXP 	Display Frame 8
707.4158 	EXP 	Display Frame 9
707.4492 	EXP 	Display Frame 0
707.4825 	EXP 	Display Frame 1
707.5159 	EXP 	Display Frame 2
707.5492 	EXP 	Display Frame 3
707.5825 	EXP 	Display Frame 4
707.6158 	EXP 	Display Frame 5
707.6492 	EXP 	Display Frame 6
707.6825 	EXP 	Display Frame 7
707.7158 	EXP 	Display Frame 8
707.7492 	EXP 	Display Frame 9
707.7825 	EXP 	Display Frame 0
707.8158 	EXP 	Display Frame 1
707.8492 	EXP 	Display Frame 2
707.8825 	EXP 	Display Frame 3
707.9158 	EXP 	Display Frame 4
707.9492 	EXP 	Display Frame 5
707.9825 	EXP 	Display Frame 6
708.0158 	EXP 	Display Frame 7
708.0492 	EXP 	Display Frame 8
708.0825 	EXP 	Display Frame 9
708.1158 	EXP 	Display Frame 0
708.1491 	EXP 	Display Frame 1
708.1825 	EXP 	Display Frame 2
708.2158 	EXP 	Display Frame 3
708.2492 	EXP 	Display Frame 4
708.2825 	EXP 	Display Frame 5
708.3158 	EXP 	Display Frame 6
708.3492 	EXP 	Display Frame 7
708.3825 	EXP 	Display Frame 8
708.4158 	EXP 	Display Frame 9
708.4492 	EXP 	Display Frame 0
708.4825 	EXP 	Display Frame 1
708.5158 	EXP 	Display Frame 2
708.5492 	EXP 	Display Frame 3
708.5825 	EXP 	Display Frame 4
708.6158 	EXP 	Display Frame 5
708.6492 	EXP 	Display Frame 6
708.6825 	EXP 	Display Frame 7
708.7158 	EXP 	Display Frame 8
708.7492 	EXP 	Display Frame 9
708.7825 	EXP 	Display Frame 0
708.8159 	EXP 	Display Frame 1
708.8492 	EXP 	Display Frame 2
708.8825 	EXP 	Display Frame 3
708.9158 	EXP 	Display Frame 4
708.9492 	EXP 	Display Frame 5
708.9825 	EXP 	Display Frame 6
709.0158 	EXP 	Display Frame 7
709.0492 	EXP 	Display Frame 8
709.0825 	EXP 	Display Frame 9
709.1158 	EXP 	Display Frame 0
709.1492 	EXP 	Display Frame 1
709.1825 	EXP 	Display Frame 2
709.2158 	EXP 	Display Frame 3
709.2492 	EXP 	Display Frame 4
709.2825 	EXP 	Display Frame 5
709.3159 	EXP 	Display Frame 6
709.3492 	EXP 	Display Frame 7
709.3825 	EXP 	Display Frame 8
709.4158 	EXP 	Display Frame 9
709.4491 	EXP 	Display Frame 0
709.4825 	EXP 	Display Frame 1
709.5158 	EXP 	Display Frame 2
709.5492 	EXP 	Display Frame 3
709.5825 	EXP 	Display Frame 4
709.6158 	EXP 	Display Frame 5
709.6492 	EXP 	Display Frame 6
709.6825 	EXP 	Display Frame 7
709.7159 	EXP 	Display Frame 8
709.7491 	EXP 	Display Frame 9
709.7825 	EXP 	Display Frame 0
709.8158 	EXP 	Display Frame 1
709.8492 	EXP 	Display Frame 2
709.8825 	EXP 	Display Frame 3
709.9158 	EXP 	Display Frame 4
709.9492 	EXP 	Display Frame 5
709.9825 	EXP 	Display Frame 6
710.0158 	EXP 	Display Frame 7
710.0492 	EXP 	Display Frame 8
710.0825 	EXP 	Display Frame 9
710.1158 	EXP 	Display Frame 0
710.1492 	EXP 	Display Frame 1
710.1825 	EXP 	Display Frame 2
710.2158 	EXP 	Display Frame 3
710.2492 	EXP 	Display Frame 4
710.2825 	EXP 	Display Frame 5
710.3158 	EXP 	Display Frame 6
710.3492 	EXP 	Display Frame 7
710.3825 	EXP 	Display Frame 8
710.4158 	EXP 	Display Frame 9
710.4492 	EXP 	Display Frame 0
710.4825 	EXP 	Display Frame 1
710.5158 	EXP 	Display Frame 2
710.5492 	EXP 	Display Frame 3
710.5825 	EXP 	Display Frame 4
710.6158 	EXP 	Display Frame 5
710.6492 	EXP 	Display Frame 6
710.6825 	EXP 	Display Frame 7
710.7158 	EXP 	Display Frame 8
710.7491 	EXP 	Display Frame 9
710.7825 	EXP 	Display Frame 0
710.8158 	EXP 	Display Frame 1
710.8492 	EXP 	Display Frame 2
710.8825 	EXP 	Display Frame 3
710.9158 	EXP 	Display Frame 4
710.9492 	EXP 	Display Frame 5
710.9825 	EXP 	Display Frame 6
711.0158 	EXP 	Display Frame 7
711.0492 	EXP 	Display Frame 8
711.0825 	EXP 	Display Frame 9
711.1158 	EXP 	Display Frame 0
711.1492 	EXP 	Display Frame 1
711.1825 	EXP 	Display Frame 2
711.2159 	EXP 	Display Frame 3
711.2492 	EXP 	Display Frame 4
711.2825 	EXP 	Display Frame 5
711.3160 	DATA 	Keypress: equal
711.3172 	EXP 	Display Frame 6
711.3492 	EXP 	Display Frame 7
711.3825 	EXP 	Display Frame 8
711.4158 	EXP 	Display Frame 9
711.4491 	EXP 	Display Frame 0
711.4825 	EXP 	Display Frame 1
711.5158 	EXP 	Display Frame 2
711.5492 	EXP 	Display Frame 3
711.5825 	EXP 	Display Frame 4
711.6158 	EXP 	Display Frame 5
711.6491 	EXP 	Display Frame 6
711.6825 	EXP 	Display Frame 7
711.7158 	EXP 	Display Frame 8
711.7492 	EXP 	Display Frame 9
711.7825 	EXP 	Display Frame 0
711.8158 	EXP 	Display Frame 1
711.8492 	EXP 	Display Frame 2
711.8825 	EXP 	Display Frame 3
711.9158 	EXP 	Display Frame 4
711.9492 	EXP 	Display Frame 5
711.9825 	EXP 	Display Frame 6
712.0159 	EXP 	Display Frame 7
712.0492 	EXP 	Display Frame 8
712.0825 	EXP 	Display Frame 9
712.1158 	EXP 	Display Frame 0
712.1492 	EXP 	Display Frame 1
712.1825 	EXP 	Display Frame 2
712.2158 	EXP 	Display Frame 3
712.2495 	EXP 	Display Frame 4
712.2826 	EXP 	Display Frame 5
712.3159 	EXP 	Display Frame 6
712.3492 	EXP 	Display Frame 7
712.3825 	EXP 	Display Frame 8
712.4159 	EXP 	Display Frame 9
712.4492 	EXP 	Display Frame 0
712.4825 	EXP 	Display Frame 1
712.5158 	EXP 	Display Frame 2
712.5492 	EXP 	Display Frame 3
712.5825 	EXP 	Display Frame 4
712.6158 	EXP 	Display Frame 5
712.6492 	EXP 	Display Frame 6
712.6825 	EXP 	Display Frame 7
712.7158 	EXP 	Display Frame 8
712.7492 	EXP 	Display Frame 9
712.7825 	EXP 	Display Frame 0
712.8158 	EXP 	Display Frame 1
712.8492 	EXP 	Display Frame 2
712.8825 	EXP 	Display Frame 3
712.9159 	EXP 	Display Frame 4
712.9492 	EXP 	Display Frame 5
712.9825 	EXP 	Display Frame 6
713.0159 	EXP 	Display Frame 7
713.0492 	EXP 	Display Frame 8
713.0825 	EXP 	Display Frame 9
713.1158 	EXP 	Display Frame 0
713.1492 	EXP 	Display Frame 1
713.1825 	EXP 	Display Frame 2
713.2158 	EXP 	Display Frame 3
713.2491 	EXP 	Display Frame 4
713.2825 	EXP 	Display Frame 5
713.3158 	EXP 	Display Frame 6
713.3492 	EXP 	Display Frame 7
713.3825 	EXP 	Display Frame 8
713.4158 	EXP 	Display Frame 9
713.4492 	EXP 	Display Frame 0
713.4825 	EXP 	Display Frame 1
713.5158 	EXP 	Display Frame 2
713.5492 	EXP 	Display Frame 3
713.5825 	EXP 	Display Frame 4
713.6158 	EXP 	Display Frame 5
713.6492 	EXP 	Display Frame 6
713.6825 	EXP 	Display Frame 7
713.7158 	EXP 	Display Frame 8
713.7492 	EXP 	Display Frame 9
713.7825 	EXP 	Display Frame 0
713.8158 	EXP 	Display Frame 1
713.8492 	EXP 	Display Frame 2
713.8825 	EXP 	Display Frame 3
713.9158 	EXP 	Display Frame 4
713.9491 	EXP 	Display Frame 5
713.9825 	EXP 	Display Frame 6
714.0158 	EXP 	Display Frame 7
714.0492 	EXP 	Display Frame 8
714.0825 	EXP 	Display Frame 9
714.1158 	EXP 	Display Frame 0
714.1491 	EXP 	Display Frame 1
714.1825 	EXP 	Display Frame 2
714.2159 	EXP 	Display Frame 3
714.2491 	EXP 	Display Frame 4
714.2825 	EXP 	Display Frame 5
714.3158 	EXP 	Display Frame 6
714.3492 	EXP 	Display Frame 7
714.3825 	EXP 	Display Frame 8
714.4158 	EXP 	Display Frame 9
714.4492 	EXP 	Display Frame 0
714.4825 	EXP 	Display Frame 1
714.5158 	EXP 	Display Frame 2
714.5492 	EXP 	Display Frame 3
714.5825 	EXP 	Display Frame 4
714.6158 	EXP 	Display Frame 5
714.6492 	EXP 	Display Frame 6
714.6825 	EXP 	Display Frame 7
714.7159 	EXP 	Display Frame 8
714.7492 	EXP 	Display Frame 9
714.7825 	EXP 	Display Frame 0
714.8159 	EXP 	Display Frame 1
714.8492 	EXP 	Display Frame 2
714.8825 	EXP 	Display Frame 3
714.9158 	EXP 	Display Frame 4
714.9492 	EXP 	Display Frame 5
714.9825 	EXP 	Display Frame 6
715.0158 	EXP 	Display Frame 7
715.0491 	EXP 	Display Frame 8
715.0825 	EXP 	Display Frame 9
715.1158 	EXP 	Display Frame 0
715.1492 	EXP 	Display Frame 1
715.1825 	EXP 	Display Frame 2
715.2158 	EXP 	Display Frame 3
715.2492 	EXP 	Display Frame 4
715.2825 	EXP 	Display Frame 5
715.3158 	EXP 	Display Frame 6
715.3492 	EXP 	Display Frame 7
715.3825 	EXP 	Display Frame 8
715.4158 	EXP 	Display Frame 9
715.4492 	EXP 	Display Frame 0
715.4825 	EXP 	Display Frame 1
715.5158 	EXP 	Display Frame 2
715.5492 	EXP 	Display Frame 3
715.5825 	EXP 	Display Frame 4
715.6158 	EXP 	Display Frame 5
715.6492 	EXP 	Display Frame 6
715.6825 	EXP 	Display Frame 7
715.7159 	EXP 	Display Frame 8
715.7492 	EXP 	Display Frame 9
715.7825 	EXP 	Display Frame 0
715.8158 	EXP 	Display Frame 1
715.8492 	EXP 	Display Frame 2
715.8825 	EXP 	Display Frame 3
715.9158 	EXP 	Display Frame 4
715.9492 	EXP 	Display Frame 5
715.9825 	EXP 	Display Frame 6
716.0158 	EXP 	Display Frame 7
716.0491 	EXP 	Display Frame 8
716.0825 	EXP 	Display Frame 9
716.1158 	EXP 	Display Frame 0
716.1492 	EXP 	Display Frame 1
716.1825 	EXP 	Display Frame 2
716.2158 	EXP 	Display Frame 3
716.2492 	EXP 	Display Frame 4
716.2825 	EXP 	Display Frame 5
716.3158 	EXP 	Display Frame 6
716.3492 	EXP 	Display Frame 7
716.3825 	EXP 	Display Frame 8
716.4158 	EXP 	Display Frame 9
716.4492 	EXP 	Display Frame 0
716.4825 	EXP 	Display Frame 1
716.5159 	DATA 	Keypress: equal
716.5170 	EXP 	Display Frame 2
716.5492 	EXP 	Display Frame 3
716.5825 	EXP 	Display Frame 4
716.6158 	EXP 	Display Frame 5
716.6492 	EXP 	Display Frame 6
716.6825 	EXP 	Display Frame 7
716.7158 	EXP 	Display Frame 8
716.7492 	EXP 	Display Frame 9
716.7825 	EXP 	Display Frame 0
716.8158 	EXP 	Display Frame 1
716.8492 	EXP 	Display Frame 2
716.8825 	EXP 	Display Frame 3
716.9158 	EXP 	Display Frame 4
716.9491 	EXP 	Display Frame 5
716.9825 	EXP 	Display Frame 6
717.0158 	EXP 	Display Frame 7
717.0492 	EXP 	Display Frame 8
717.0825 	EXP 	Display Frame 9
717.1158 	EXP 	Display Frame 0
717.1492 	EXP 	Display Frame 1
717.1825 	EXP 	Display Frame 2
717.2158 	EXP 	Display Frame 3
717.2492 	EXP 	Display Frame 4
717.2825 	EXP 	Display Frame 5
717.3158 	EXP 	Display Frame 6
717.3492 	EXP 	Display Frame 7
717.3825 	EXP 	Display Frame 8
717.4158 	EXP 	Display Frame 9
717.4492 	EXP 	Display Frame 0
717.4825 	EXP 	Display Frame 1
717.5159 	EXP 	Display Frame 2
717.5492 	EXP 	Display Frame 3
717.5826 	EXP 	Display Frame 4
717.6158 	EXP 	Display Frame 5
717.6492 	EXP 	Display Frame 6
717.6825 	EXP 	Display Frame 7
717.7158 	EXP 	Display Frame 8
717.7492 	EXP 	Display Frame 9
717.7825 	EXP 	Display Frame 0
717.8158 	EXP 	Display Frame 1
717.8492 	EXP 	Display Frame 2
717.8825 	EXP 	Display Frame 3
717.9158 	EXP 	Display Frame 4
717.9492 	EXP 	Display Frame 5
717.9825 	EXP 	Display Frame 6
718.0159 	EXP 	Display Frame 7
718.0492 	EXP 	Display Frame 8
718.0825 	EXP 	Display Frame 9
718.1158 	EXP 	Display Frame 0
718.1492 	EXP 	Display Frame 1
718.1825 	EXP 	Display Frame 2
718.2158 	EXP 	Display Frame 3
718.2492 	EXP 	Display Frame 4
718.2825 	EXP 	Display Frame 5
718.3158 	EXP 	Display Frame 6
718.3492 	EXP 	Display Frame 7
718.3825 	EXP 	Display Frame 8
718.4158 	EXP 	Display Frame 9
718.4492 	EXP 	Display Frame 0
718.4825 	EXP 	Display Frame 1
718.5158 	EXP 	Display Frame 2
718.5492 	EXP 	Display Frame 3
718.5825 	EXP 	Display Frame 4
718.6161 	EXP 	Display Frame 5
718.6492 	EXP 	Display Frame 6
718.6825 	EXP 	Display Frame 7
718.7158 	EXP 	Display Frame 8
718.7492 	EXP 	Display Frame 9
718.7825 	EXP 	Display Frame 0
718.8158 	EXP 	Display Frame 1
718.8492 	EXP 	Display Frame 2
718.8825 	EXP 	Display Frame 3
718.9159 	EXP 	Display Frame 4
718.9492 	EXP 	Display Frame 5
718.9825 	EXP 	Display Frame 6
719.0159 	EXP 	Display Frame 7
719.0492 	EXP 	Display Frame 8
719.0825 	EXP 	Display Frame 9
719.1158 	EXP 	Display Frame 0
719.1492 	EXP 	Display Frame 1
719.1825 	EXP 	Display Frame 2
719.2158 	EXP 	Display Frame 3
719.2492 	EXP 	Display Frame 4
719.2825 	EXP 	Display Frame 5
719.3158 	EXP 	Display Frame 6
719.3492 	EXP 	Display Frame 7
719.3825 	EXP 	Display Frame 8
719.4158 	EXP 	Display Frame 9
719.4492 	EXP 	Display Frame 0
719.4825 	EXP 	Display Frame 1
719.5158 	EXP 	Display Frame 2
719.5492 	EXP 	Display Frame 3
719.5825 	EXP 	Display Frame 4
719.6158 	EXP 	Display Frame 5
719.6492 	EXP 	Display Frame 6
719.6825 	EXP 	Display Frame 7
719.7158 	EXP 	Display Frame 8
719.7492 	EXP 	Display Frame 9
719.7825 	EXP 	Display Frame 0
719.8159 	EXP 	Display Frame 1
719.8492 	EXP 	Display Frame 2
719.8825 	EXP 	Display Frame 3
719.9159 	EXP 	Display Frame 4
719.9492 	EXP 	Display Frame 5
719.9825 	EXP 	Display Frame 6
720.0158 	EXP 	Display Frame 7
720.0492 	EXP 	Display Frame 8
720.0825 	EXP 	Display Frame 9
720.1158 	EXP 	Display Frame 0
720.1491 	EXP 	Display Frame 1
720.1825 	EXP 	Display Frame 2
720.2158 	EXP 	Display Frame 3
720.2492 	EXP 	Display Frame 4
720.2825 	EXP 	Display Frame 5
720.3158 	EXP 	Display Frame 6
720.3492 	EXP 	Display Frame 7
720.3825 	EXP 	Display Frame 8
720.4158 	EXP 	Display Frame 9
720.4492 	EXP 	Display Frame 0
720.4825 	EXP 	Display Frame 1
720.5158 	EXP 	Display Frame 2
720.5491 	EXP 	Display Frame 3
720.5825 	EXP 	Display Frame 4
720.6158 	EXP 	Display Frame 5
720.6492 	EXP 	Display Frame 6
720.6825 	EXP 	Display Frame 7
720.7158 	EXP 	Display Frame 8
720.7492 	EXP 	Display Frame 9
720.7826 	EXP 	Display Frame 0
720.8159 	EXP 	Display Frame 1
720.8491 	EXP 	Display Frame 2
720.8825 	EXP 	Display Frame 3
720.9158 	EXP 	Display Frame 4
720.9492 	EXP 	Display Frame 5
720.9825 	EXP 	Display Frame 6
721.0158 	EXP 	Display Frame 7
721.0492 	EXP 	Display Frame 8
721.0825 	EXP 	Display Frame 9
721.1158 	EXP 	Display Frame 0
721.1491 	EXP 	Display Frame 1
721.1825 	EXP 	Display Frame 2
721.2158 	EXP 	Display Frame 3
721.2492 	EXP 	Display Frame 4
721.2825 	EXP 	Display Frame 5
721.3158 	EXP 	Display Frame 6
721.3492 	EXP 	Display Frame 7
721.3825 	EXP 	Display Frame 8
721.4158 	EXP 	Display Frame 9
721.4492 	EXP 	Display Frame 0
721.4825 	EXP 	Display Frame 1
721.5158 	EXP 	Display Frame 2
721.5492 	EXP 	Display Frame 3
721.5825 	EXP 	Display Frame 4
721.6158 	EXP 	Display Frame 5
721.6492 	EXP 	Display Frame 6
721.6825 	EXP 	Display Frame 7
721.7160 	DATA 	Keypress: equal
721.7172 	EXP 	Display Frame 8
721.7492 	EXP 	Display Frame 9
721.7825 	EXP 	Display Frame 0
721.8158 	EXP 	Display Frame 1
721.8492 	EXP 	Display Frame 2
721.8825 	EXP 	Display Frame 3
721.9158 	EXP 	Display Frame 4
721.9492 	EXP 	Display Frame 5
721.9825 	EXP 	Display Frame 6
722.0158 	EXP 	Display Frame 7
722.0492 	EXP 	Display Frame 8
722.0825 	EXP 	Display Frame 9
722.1158 	EXP 	Display Frame 0
722.1492 	EXP 	Display Frame 1
722.1825 	EXP 	Display Frame 2
722.2158 	EXP 	Display Frame 3
722.2492 	EXP 	Display Frame 4
722.2825 	EXP 	Display Frame 5
722.3158 	EXP 	Display Frame 6
722.3492 	EXP 	Display Frame 7
722.3825 	EXP 	Display Frame 8
722.4158 	EXP 	Display Frame 9
722.4491 	EXP 	Display Frame 0
722.4825 	EXP 	Display Frame 1
722.5158 	EXP 	Display Frame 2
722.5492 	EXP 	Display Frame 3
722.5825 	EXP 	Display Frame 4
722.6158 	EXP 	Display Frame 5
722.6492 	EXP 	Display Frame 6
722.6825 	EXP 	Display Frame 7
722.7158 	EXP 	Display Frame 8
722.7491 	EXP 	Display Frame 9
722.7825 	EXP 	Display Frame 0
722.8158 	EXP 	Display Frame 1
722.8492 	EXP 	Display Frame 2
722.8825 	EXP 	Display Frame 3
722.9159 	EXP 	Display Frame 4
722.9492 	EXP 	Display Frame 5
722.9825 	EXP 	Display Frame 6
723.0158 	EXP 	Display Frame 7
723.0492 	EXP 	Display Frame 8
723.0825 	EXP 	Display Frame 9
723.1158 	EXP 	Display Frame 0
723.1492 	EXP 	Display Frame 1
723.1825 	EXP 	Display Frame 2
723.2158 	EXP 	Display Frame 3
723.2492 	EXP 	Display Frame 4
723.2825 	EXP 	Display Frame 5
723.3158 	EXP 	Display Frame 6
723.3492 	EXP 	Display Frame 7
723.3825 	EXP 	Display Frame 8
723.4158 	EXP 	Display Frame 9
723.4492 	EXP 	Display Frame 0
723.4825 	EXP 	Display Frame 1
723.5158 	EXP 	Display Frame 2
723.5492 	EXP 	Display Frame 3
723.5825 	EXP 	Display Frame 4
723.6158 	EXP 	Display Frame 5
723.6491 	EXP 	Display Frame 6
723.6825 	EXP 	Display Frame 7
723.7158 	EXP 	Display Frame 8
723.7492 	EXP 	Display Frame 9
723.7825 	EXP 	Display Frame 0
723.8158 	EXP 	Display Frame 1
723.8492 	EXP 	Display Frame 2
723.8825 	EXP 	Display Frame 3
723.9158 	EXP 	Display Frame 4
723.9492 	EXP 	Display Frame 5
723.9825 	EXP 	Display Frame 6
724.0159 	EXP 	Display Frame 7
724.0492 	EXP 	Display Frame 8
724.0825 	EXP 	Display Frame 9
724.1158 	EXP 	Display Frame 0
724.1492 	EXP 	Display Frame 1
724.1825 	EXP 	Display Frame 2
724.2158 	EXP 	Display Frame 3
724.2492 	EXP 	Display Frame 4
724.2825 	EXP 	Display Frame 5
724.3158 	EXP 	Display Frame 6
724.3492 	EXP 	Display Frame 7
724.3825 	EXP 	Display Frame 8
724.4158 	EXP 	Display Frame 9
724.4492 	EXP 	Display Frame 0
724.4825 	EXP 	Display Frame 1
724.5159 	EXP 	Display Frame 2
724.5492 	EXP 	Display Frame 3
724.5825 	EXP 	Display Frame 4
724.6158 	EXP 	Display Frame 5
724.6492 	EXP 	Display Frame 6
724.6825 	EXP 	Display Frame 7
724.7158 	EXP 	Display Frame 8
724.7491 	EXP 	Display Frame 9
724.7825 	EXP 	Display Frame 0
724.8158 	EXP 	Display Frame 1
724.8492 	EXP 	Display Frame 2
724.8825 	EXP 	Display Frame 3
724.9159 	EXP 	Display Frame 4
724.9493 	EXP 	Display Frame 5
724.9825 	EXP 	Display Frame 6
725.0158 	EXP 	Display Frame 7
725.0492 	EXP 	Display Frame 8
725.0826 	EXP 	Display Frame 9
725.1158 	EXP 	Display Frame 0
725.1492 	EXP 	Display Frame 1
725.1825 	EXP 	Display Frame 2
725.2158 	EXP 	Display Frame 3
725.2492 	EXP 	Display Frame 4
725.2826 	EXP 	Display Frame 5
725.3158 	EXP 	Display Frame 6
725.3492 	EXP 	Display Frame 7
725.3825 	EXP 	Display Frame 8
725.4158 	EXP 	Display Frame 9
725.4492 	EXP 	Display Frame 0
725.4825 	EXP 	Display Frame 1
725.5158 	EXP 	Display Frame 2
725.5492 	EXP 	Display Frame 3
725.5826 	EXP 	Display Frame 4
725.6158 	EXP 	Display Frame 5
725.6492 	EXP 	Display Frame 6
725.6825 	EXP 	Display Frame 7
725.7158 	EXP 	Display Frame 8
725.7491 	EXP 	Display Frame 9
725.7825 	EXP 	Display Frame 0
725.8158 	EXP 	Display Frame 1
725.8492 	EXP 	Display Frame 2
725.8825 	EXP 	Display Frame 3
725.9158 	EXP 	Display Frame 4
725.9492 	EXP 	Display Frame 5
725.9825 	EXP 	Display Frame 6
726.0158 	EXP 	Display Frame 7
726.0492 	EXP 	Display Frame 8
726.0825 	EXP 	Display Frame 9
726.1158 	EXP 	Display Frame 0
726.1492 	EXP 	Display Frame 1
726.1825 	EXP 	Display Frame 2
726.2158 	EXP 	Display Frame 3
726.2492 	EXP 	Display Frame 4
726.2825 	EXP 	Display Frame 5
726.3159 	EXP 	Display Frame 6
726.3492 	EXP 	Display Frame 7
726.3825 	EXP 	Display Frame 8
726.4158 	EXP 	Display Frame 9
726.4492 	EXP 	Display Frame 0
726.4825 	EXP 	Display Frame 1
726.5158 	EXP 	Display Frame 2
726.5492 	EXP 	Display Frame 3
726.5825 	EXP 	Display Frame 4
726.6158 	EXP 	Display Frame 5
726.6492 	EXP 	Display Frame 6
726.6825 	EXP 	Display Frame 7
726.7159 	EXP 	Display Frame 8
726.7492 	EXP 	Display Frame 9
726.7825 	EXP 	Display Frame 0
726.8158 	EXP 	Display Frame 1
726.8492 	EXP 	Display Frame 2
726.8825 	EXP 	Display Frame 3
726.9159 	DATA 	Keypress: equal
726.9170 	EXP 	Display Frame 4
726.9492 	EXP 	Display Frame 5
726.9825 	EXP 	Display Frame 6
727.0159 	EXP 	Display Frame 7
727.0492 	EXP 	Display Frame 8
727.0825 	EXP 	Display Frame 9
727.1158 	EXP 	Display Frame 0
727.1492 	EXP 	Display Frame 1
727.1825 	EXP 	Display Frame 2
727.2158 	EXP 	Display Frame 3
727.2492 	EXP 	Display Frame 4
727.2825 	EXP 	Display Frame 5
727.3159 	EXP 	Display Frame 6
727.3492 	EXP 	Display Frame 7
727.3825 	EXP 	Display Frame 8
727.4158 	EXP 	Display Frame 9
727.4492 	EXP 	Display Frame 0
727.4825 	EXP 	Display Frame 1
727.5158 	EXP 	Display Frame 2
727.5492 	EXP 	Display Frame 3
727.5825 	EXP 	Display Frame 4
727.6158 	EXP 	Display Frame 5
727.6492 	EXP 	Display Frame 6
727.6825 	EXP 	Display Frame 7
727.7158 	EXP 	Display Frame 8
727.7492 	EXP 	Display Frame 9
727.7825 	EXP 	Display Frame 0
727.8158 	EXP 	Display Frame 1
727.8492 	EXP 	Display Frame 2
727.8825 	EXP 	Display Frame 3
727.9158 	EXP 	Display Frame 4
727.9492 	EXP 	Display Frame 5
727.9825 	EXP 	Display Frame 6
728.0158 	EXP 	Display Frame 7
728.0492 	EXP 	Display Frame 8
728.0825 	EXP 	Display Frame 9
728.1158 	EXP 	Display Frame 0
728.1492 	EXP 	Display Frame 1
728.1825 	EXP 	Display Frame 2
728.2158 	EXP 	Display Frame 3
728.2492 	EXP 	Display Frame 4
728.2825 	EXP 	Display Frame 5
728.3158 	EXP 	Display Frame 6
728.3492 	EXP 	Display Frame 7
728.3825 	EXP 	Display Frame 8
728.4158 	EXP 	Display Frame 9
728.4492 	EXP 	Display Frame 0
728.4826 	EXP 	Display Frame 1
728.5159 	EXP 	Display Frame 2
728.5493 	EXP 	Display Frame 3
728.5826 	EXP 	Display Frame 4
728.6159 	EXP 	Display Frame 5
728.6492 	EXP 	Display Frame 6
728.6825 	EXP 	Display Frame 7
728.7159 	EXP 	Display Frame 8
728.7492 	EXP 	Display Frame 9
728.7825 	EXP 	Display Frame 0
728.8158 	EXP 	Display Frame 1
728.8492 	EXP 	Display Frame 2
728.8825 	EXP 	Display Frame 3
728.9158 	EXP 	Display Frame 4
728.9492 	EXP 	Display Frame 5
728.9825 	EXP 	Display Frame 6
729.0158 	EXP 	Display Frame 7
729.0492 	EXP 	Display Frame 8
729.0825 	EXP 	Display Frame 9
729.1158 	EXP 	Display Frame 0
729.1491 	EXP 	Display Frame 1
729.1825 	EXP 	Display Frame 2
729.2158 	EXP 	Display Frame 3
729.2492 	EXP 	Display Frame 4
729.2825 	EXP 	Display Frame 5
729.3158 	EXP 	Display Frame 6
729.3492 	EXP 	Display Frame 7
729.3825 	EXP 	Display Frame 8
729.4158 	EXP 	Display Frame 9
729.4492 	EXP 	Display Frame 0
729.4825 	EXP 	Display Frame 1
729.5158 	EXP 	Display Frame 2
729.5492 	EXP 	Display Frame 3
729.5825 	EXP 	Display Frame 4
729.6158 	EXP 	Display Frame 5
729.6492 	EXP 	Display Frame 6
729.6825 	EXP 	Display Frame 7
729.7158 	EXP 	Display Frame 8
729.7492 	EXP 	Display Frame 9
729.7825 	EXP 	Display Frame 0
729.8158 	EXP 	Display Frame 1
729.8492 	EXP 	Display Frame 2
729.8825 	EXP 	Display Frame 3
729.9158 	EXP 	Display Frame 4
729.9492 	EXP 	Display Frame 5
729.9825 	EXP 	Display Frame 6
730.0158 	EXP 	Display Frame 7
730.0492 	EXP 	Display Frame 8
730.0825 	EXP 	Display Frame 9
730.1158 	EXP 	Display Frame 0
730.1492 	EXP 	Display Frame 1
730.1825 	EXP 	Display Frame 2
730.2158 	EXP 	Display Frame 3
730.2492 	EXP 	Display Frame 4
730.2825 	EXP 	Display Frame 5
730.3158 	EXP 	Display Frame 6
730.3492 	EXP 	Display Frame 7
730.3825 	EXP 	Display Frame 8
730.4158 	EXP 	Display Frame 9
730.4492 	EXP 	Display Frame 0
730.4825 	EXP 	Display Frame 1
730.5158 	EXP 	Display Frame 2
730.5492 	EXP 	Display Frame 3
730.5825 	EXP 	Display Frame 4
730.6158 	EXP 	Display Frame 5
730.6492 	EXP 	Display Frame 6
730.6826 	EXP 	Display Frame 7
730.7161 	EXP 	Display Frame 8
730.7492 	EXP 	Display Frame 9
730.7825 	EXP 	Display Frame 0
730.8158 	EXP 	Display Frame 1
730.8492 	EXP 	Display Frame 2
730.8825 	EXP 	Display Frame 3
730.9159 	EXP 	Display Frame 4
730.9492 	EXP 	Display Frame 5
730.9825 	EXP 	Display Frame 6
731.0159 	EXP 	Display Frame 7
731.0492 	EXP 	Display Frame 8
731.0825 	EXP 	Display Frame 9
731.1158 	EXP 	Display Frame 0
731.1492 	EXP 	Display Frame 1
731.1825 	EXP 	Display Frame 2
731.2159 	EXP 	Display Frame 3
731.2491 	EXP 	Display Frame 4
731.2825 	EXP 	Display Frame 5
731.3158 	EXP 	Display Frame 6
731.3492 	EXP 	Display Frame 7
731.3825 	EXP 	Display Frame 8
731.4158 	EXP 	Display Frame 9
731.4492 	EXP 	Display Frame 0
731.4825 	EXP 	Display Frame 1
731.5158 	EXP 	Display Frame 2
731.5492 	EXP 	Display Frame 3
731.5825 	EXP 	Display Frame 4
731.6158 	EXP 	Display Frame 5
731.6492 	EXP 	Display Frame 6
731.6825 	EXP 	Display Frame 7
731.7158 	EXP 	Display Frame 8
731.7492 	EXP 	Display Frame 9
731.7825 	EXP 	Display Frame 0
731.8158 	EXP 	Display Frame 1
731.8491 	EXP 	Display Frame 2
731.8825 	EXP 	Display Frame 3
731.9158 	EXP 	Display Frame 4
731.9492 	EXP 	Display Frame 5
731.9825 	EXP 	Display Frame 6
732.0158 	EXP 	Display Frame 7
732.0492 	EXP 	Display Frame 8
732.0826 	EXP 	Display Frame 9
732.0834 	DATA 	Keypress: equal
732.1159 	EXP 	Display Frame 0
732.1492 	EXP 	Display Frame 1
732.1825 	EXP 	Display Frame 2
732.2158 	EXP 	Display Frame 3
732.2492 	EXP 	Display Frame 4
732.2825 	EXP 	Display Frame 5
732.3158 	EXP 	Display Frame 6
732.3492 	EXP 	Display Frame 7
732.3825 	EXP 	Display Frame 8
732.4158 	EXP 	Display Frame 9
732.4492 	EXP 	Display Frame 0
732.4825 	EXP 	Display Frame 1
732.5158 	EXP 	Display Frame 2
732.5492 	EXP 	Display Frame 3
732.5825 	EXP 	Display Frame 4
732.6158 	EXP 	Display Frame 5
732.6492 	EXP 	Display Frame 6
732.6825 	EXP 	Display Frame 7
732.7159 	EXP 	Display Frame 8
732.7492 	EXP 	Display Frame 9
732.7825 	EXP 	Display Frame 0
732.8158 	EXP 	Display Frame 1
732.8491 	EXP 	Display Frame 2
732.8825 	EXP 	Display Frame 3
732.9158 	EXP 	Display Frame 4
732.9492 	EXP 	Display Frame 5
732.9825 	EXP 	Display Frame 6
733.0159 	EXP 	Display Frame 7
733.0492 	EXP 	Display Frame 8
733.0825 	EXP 	Display Frame 9
733.1158 	EXP 	Display Frame 0
733.1492 	EXP 	Display Frame 1
733.1825 	EXP 	Display Frame 2
733.2158 	EXP 	Display Frame 3
733.2492 	EXP 	Display Frame 4
733.2825 	EXP 	Display Frame 5
733.3158 	EXP 	Display Frame 6
733.3492 	EXP 	Display Frame 7
733.3825 	EXP 	Display Frame 8
733.4158 	EXP 	Display Frame 9
733.4491 	EXP 	Display Frame 0
733.4825 	EXP 	Display Frame 1
733.5158 	EXP 	Display Frame 2
733.5492 	EXP 	Display Frame 3
733.5826 	EXP 	Display Frame 4
733.6158 	EXP 	Display Frame 5
733.6492 	EXP 	Display Frame 6
733.6825 	EXP 	Display Frame 7
733.7158 	EXP 	Display Frame 8
733.7492 	EXP 	Display Frame 9
733.7825 	EXP 	Display Frame 0
733.8158 	EXP 	Display Frame 1
733.8492 	EXP 	Display Frame 2
733.8825 	EXP 	Display Frame 3
733.9158 	EXP 	Display Frame 4
733.9492 	EXP 	Display Frame 5
733.9825 	EXP 	Display Frame 6
734.0158 	EXP 	Display Frame 7
734.0492 	EXP 	Display Frame 8
734.0825 	EXP 	Display Frame 9
734.1158 	EXP 	Display Frame 0
734.1492 	EXP 	Display Frame 1
734.1825 	EXP 	Display Frame 2
734.2158 	EXP 	Display Frame 3
734.2492 	EXP 	Display Frame 4
734.2825 	EXP 	Display Frame 5
734.3159 	EXP 	Display Frame 6
734.3492 	EXP 	Display Frame 7
734.3825 	EXP 	Display Frame 8
734.4158 	EXP 	Display Frame 9
734.4492 	EXP 	Display Frame 0
734.4825 	EXP 	Display Frame 1
734.5158 	EXP 	Display Frame 2
734.5492 	EXP 	Display Frame 3
734.5825 	EXP 	Display Frame 4
734.6158 	EXP 	Display Frame 5
734.6492 	EXP 	Display Frame 6
734.6825 	EXP 	Display Frame 7
734.7158 	EXP 	Display Frame 8
734.7492 	EXP 	Display Frame 9
734.7825 	EXP 	Display Frame 0
734.8158 	EXP 	Display Frame 1
734.8492 	EXP 	Display Frame 2
734.8825 	EXP 	Display Frame 3
734.9158 	EXP 	Display Frame 4
734.9492 	EXP 	Display Frame 5
734.9825 	EXP 	Display Frame 6
735.0158 	EXP 	Display Frame 7
735.0492 	EXP 	Display Frame 8
735.0825 	EXP 	Display Frame 9
735.1158 	EXP 	Display Frame 0
735.1492 	EXP 	Display Frame 1
735.1825 	EXP 	Display Frame 2
735.2158 	EXP 	Display Frame 3
735.2492 	EXP 	Display Frame 4
735.2825 	EXP 	Display Frame 5
735.3158 	EXP 	Display Frame 6
735.3492 	EXP 	Display Frame 7
735.3825 	EXP 	Display Frame 8
735.4158 	EXP 	Display Frame 9
735.4492 	EXP 	Display Frame 0
735.4831 	EXP 	Display Frame 1
735.5158 	EXP 	Display Frame 2
735.5491 	EXP 	Display Frame 3
735.5825 	EXP 	Display Frame 4
735.6158 	EXP 	Display Frame 5
735.6492 	EXP 	Display Frame 6
735.6825 	EXP 	Display Frame 7
735.7158 	EXP 	Display Frame 8
735.7492 	EXP 	Display Frame 9
735.7825 	EXP 	Display Frame 0
735.8158 	EXP 	Display Frame 1
735.8492 	EXP 	Display Frame 2
735.8825 	EXP 	Display Frame 3
735.9158 	EXP 	Display Frame 4
735.9491 	EXP 	Display Frame 5
735.9825 	EXP 	Display Frame 6
736.0158 	EXP 	Display Frame 7
736.0492 	EXP 	Display Frame 8
736.0825 	EXP 	Display Frame 9
736.1158 	EXP 	Display Frame 0
736.1492 	EXP 	Display Frame 1
736.1825 	EXP 	Display Frame 2
736.2158 	EXP 	Display Frame 3
736.2492 	EXP 	Display Frame 4
736.2825 	EXP 	Display Frame 5
736.3158 	EXP 	Display Frame 6
736.3492 	EXP 	Display Frame 7
736.3825 	EXP 	Display Frame 8
736.4158 	EXP 	Display Frame 9
736.4491 	EXP 	Display Frame 0
736.4825 	EXP 	Display Frame 1
736.5158 	EXP 	Display Frame 2
736.5492 	EXP 	Display Frame 3
736.5825 	EXP 	Display Frame 4
736.6158 	EXP 	Display Frame 5
736.6492 	EXP 	Display Frame 6
736.6825 	EXP 	Display Frame 7
736.7158 	EXP 	Display Frame 8
736.7492 	EXP 	Display Frame 9
736.7825 	EXP 	Display Frame 0
736.8158 	EXP 	Display Frame 1
736.8492 	EXP 	Display Frame 2
736.8825 	EXP 	Display Frame 3
736.9158 	EXP 	Display Frame 4
736.9492 	EXP 	Display Frame 5
736.9825 	EXP 	Display Frame 6
737.0158 	EXP 	Display Frame 7
737.0492 	EXP 	Display Frame 8
737.0827 	EXP 	Display Frame 9
737.1159 	EXP 	Display Frame 0
737.1492 	EXP 	Display Frame 1
737.1825 	EXP 	Display Frame 2
737.2159 	EXP 	Display Frame 3
737.2492 	EXP 	Display Frame 4
737.2826 	DATA 	Keypress: equal
737.2838 	EXP 	Display Frame 5
737.2885 	EXP 	Display Fixation
742.4703 	DATA 	Keypress: equal
747.6643 	DATA 	Keypress: equal
752.8572 	DATA 	Keypress: equal
758.0542 	DATA 	Keypress: equal
763.2445 	DATA 	Keypress: equal
768.4383 	DATA 	Keypress: equal
768.4727 	EXP 	Display Frame 1
768.5059 	EXP 	Display Frame 2
768.5392 	EXP 	Display Frame 3
768.5726 	EXP 	Display Frame 4
768.6059 	EXP 	Display Frame 5
768.6392 	EXP 	Display Frame 6
768.6726 	EXP 	Display Frame 7
768.7059 	EXP 	Display Frame 8
768.7393 	EXP 	Display Frame 9
768.7726 	EXP 	Display Frame 0
768.8060 	EXP 	Display Frame 1
768.8392 	EXP 	Display Frame 2
768.8726 	EXP 	Display Frame 3
768.9059 	EXP 	Display Frame 4
768.9392 	EXP 	Display Frame 5
768.9726 	EXP 	Display Frame 6
769.0059 	EXP 	Display Frame 7
769.0392 	EXP 	Display Frame 8
769.0726 	EXP 	Display Frame 9
769.1059 	EXP 	Display Frame 0
769.1392 	EXP 	Display Frame 1
769.1726 	EXP 	Display Frame 2
769.2059 	EXP 	Display Frame 3
769.2392 	EXP 	Display Frame 4
769.2725 	EXP 	Display Frame 5
769.3059 	EXP 	Display Frame 6
769.3392 	EXP 	Display Frame 7
769.3726 	EXP 	Display Frame 8
769.4059 	EXP 	Display Frame 9
769.4392 	EXP 	Display Frame 0
769.4725 	EXP 	Display Frame 1
769.5059 	EXP 	Display Frame 2
769.5392 	EXP 	Display Frame 3
769.5725 	EXP 	Display Frame 4
769.6059 	EXP 	Display Frame 5
769.6392 	EXP 	Display Frame 6
769.6725 	EXP 	Display Frame 7
769.7059 	EXP 	Display Frame 8
769.7392 	EXP 	Display Frame 9
769.7725 	EXP 	Display Frame 0
769.8059 	EXP 	Display Frame 1
769.8392 	EXP 	Display Frame 2
769.8726 	EXP 	Display Frame 3
769.9059 	EXP 	Display Frame 4
769.9392 	EXP 	Display Frame 5
769.9726 	EXP 	Display Frame 6
770.0059 	EXP 	Display Frame 7
770.0392 	EXP 	Display Frame 8
770.0725 	EXP 	Display Frame 9
770.1059 	EXP 	Display Frame 0
770.1392 	EXP 	Display Frame 1
770.1725 	EXP 	Display Frame 2
770.2059 	EXP 	Display Frame 3
770.2392 	EXP 	Display Frame 4
770.2725 	EXP 	Display Frame 5
770.3059 	EXP 	Display Frame 6
770.3392 	EXP 	Display Frame 7
770.3725 	EXP 	Display Frame 8
770.4059 	EXP 	Display Frame 9
770.4392 	EXP 	Display Frame 0
770.4725 	EXP 	Display Frame 1
770.5058 	EXP 	Display Frame 2
770.5392 	EXP 	Display Frame 3
770.5725 	EXP 	Display Frame 4
770.6059 	EXP 	Display Frame 5
770.6392 	EXP 	Display Frame 6
770.6725 	EXP 	Display Frame 7
770.7059 	EXP 	Display Frame 8
770.7392 	EXP 	Display Frame 9
770.7725 	EXP 	Display Frame 0
770.8058 	EXP 	Display Frame 1
770.8392 	EXP 	Display Frame 2
770.8726 	EXP 	Display Frame 3
770.9060 	EXP 	Display Frame 4
770.9392 	EXP 	Display Frame 5
770.9725 	EXP 	Display Frame 6
771.0059 	EXP 	Display Frame 7
771.0392 	EXP 	Display Frame 8
771.0725 	EXP 	Display Frame 9
771.1058 	EXP 	Display Frame 0
771.1392 	EXP 	Display Frame 1
771.1725 	EXP 	Display Frame 2
771.2058 	EXP 	Display Frame 3
771.2392 	EXP 	Display Frame 4
771.2725 	EXP 	Display Frame 5
771.3059 	EXP 	Display Frame 6
771.3392 	EXP 	Display Frame 7
771.3725 	EXP 	Display Frame 8
771.4059 	EXP 	Display Frame 9
771.4392 	EXP 	Display Frame 0
771.4725 	EXP 	Display Frame 1
771.5059 	EXP 	Display Frame 2
771.5392 	EXP 	Display Frame 3
771.5725 	EXP 	Display Frame 4
771.6058 	EXP 	Display Frame 5
771.6392 	EXP 	Display Frame 6
771.6726 	EXP 	Display Frame 7
771.7059 	EXP 	Display Frame 8
771.7392 	EXP 	Display Frame 9
771.7726 	EXP 	Display Frame 0
771.8058 	EXP 	Display Frame 1
771.8392 	EXP 	Display Frame 2
771.8725 	EXP 	Display Frame 3
771.9058 	EXP 	Display Frame 4
771.9392 	EXP 	Display Frame 5
771.9725 	EXP 	Display Frame 6
772.0059 	EXP 	Display Frame 7
772.0392 	EXP 	Display Frame 8
772.0726 	EXP 	Display Frame 9
772.1059 	EXP 	Display Frame 0
772.1392 	EXP 	Display Frame 1
772.1725 	EXP 	Display Frame 2
772.2059 	EXP 	Display Frame 3
772.2392 	EXP 	Display Frame 4
772.2725 	EXP 	Display Frame 5
772.3059 	EXP 	Display Frame 6
772.3392 	EXP 	Display Frame 7
772.3726 	EXP 	Display Frame 8
772.4059 	EXP 	Display Frame 9
772.4392 	EXP 	Display Frame 0
772.4725 	EXP 	Display Frame 1
772.5058 	EXP 	Display Frame 2
772.5392 	EXP 	Display Frame 3
772.5725 	EXP 	Display Frame 4
772.6059 	EXP 	Display Frame 5
772.6392 	EXP 	Display Frame 6
772.6726 	EXP 	Display Frame 7
772.7059 	EXP 	Display Frame 8
772.7392 	EXP 	Display Frame 9
772.7725 	EXP 	Display Frame 0
772.8058 	EXP 	Display Frame 1
772.8392 	EXP 	Display Frame 2
772.8725 	EXP 	Display Frame 3
772.9059 	EXP 	Display Frame 4
772.9392 	EXP 	Display Frame 5
772.9725 	EXP 	Display Frame 6
773.0059 	EXP 	Display Frame 7
773.0392 	EXP 	Display Frame 8
773.0725 	EXP 	Display Frame 9
773.1059 	EXP 	Display Frame 0
773.1392 	EXP 	Display Frame 1
773.1725 	EXP 	Display Frame 2
773.2059 	EXP 	Display Frame 3
773.2392 	EXP 	Display Frame 4
773.2725 	EXP 	Display Frame 5
773.3058 	EXP 	Display Frame 6
773.3392 	EXP 	Display Frame 7
773.3725 	EXP 	Display Frame 8
773.4059 	EXP 	Display Frame 9
773.4392 	EXP 	Display Frame 0
773.4725 	EXP 	Display Frame 1
773.5059 	EXP 	Display Frame 2
773.5392 	EXP 	Display Frame 3
773.5725 	EXP 	Display Frame 4
773.6058 	EXP 	Display Frame 5
773.6393 	DATA 	Keypress: equal
773.6404 	EXP 	Display Frame 6
773.6725 	EXP 	Display Frame 7
773.7058 	EXP 	Display Frame 8
773.7392 	EXP 	Display Frame 9
773.7725 	EXP 	Display Frame 0
773.8059 	EXP 	Display Frame 1
773.8392 	EXP 	Display Frame 2
773.8725 	EXP 	Display Frame 3
773.9058 	EXP 	Display Frame 4
773.9392 	EXP 	Display Frame 5
773.9725 	EXP 	Display Frame 6
774.0058 	EXP 	Display Frame 7
774.0392 	EXP 	Display Frame 8
774.0725 	EXP 	Display Frame 9
774.1059 	EXP 	Display Frame 0
774.1392 	EXP 	Display Frame 1
774.1725 	EXP 	Display Frame 2
774.2059 	EXP 	Display Frame 3
774.2392 	EXP 	Display Frame 4
774.2725 	EXP 	Display Frame 5
774.3059 	EXP 	Display Frame 6
774.3392 	EXP 	Display Frame 7
774.3726 	EXP 	Display Frame 8
774.4059 	EXP 	Display Frame 9
774.4392 	EXP 	Display Frame 0
774.4725 	EXP 	Display Frame 1
774.5059 	EXP 	Display Frame 2
774.5392 	EXP 	Display Frame 3
774.5728 	EXP 	Display Frame 4
774.6059 	EXP 	Display Frame 5
774.6392 	EXP 	Display Frame 6
774.6725 	EXP 	Display Frame 7
774.7059 	EXP 	Display Frame 8
774.7392 	EXP 	Display Frame 9
774.7726 	EXP 	Display Frame 0
774.8058 	EXP 	Display Frame 1
774.8392 	EXP 	Display Frame 2
774.8726 	EXP 	Display Frame 3
774.9059 	EXP 	Display Frame 4
774.9392 	EXP 	Display Frame 5
774.9725 	EXP 	Display Frame 6
775.0058 	EXP 	Display Frame 7
775.0392 	EXP 	Display Frame 8
775.0725 	EXP 	Display Frame 9
775.1059 	EXP 	Display Frame 0
775.1392 	EXP 	Display Frame 1
775.1725 	EXP 	Display Frame 2
775.2058 	EXP 	Display Frame 3
775.2392 	EXP 	Display Frame 4
775.2725 	EXP 	Display Frame 5
775.3059 	EXP 	Display Frame 6
775.3392 	EXP 	Display Frame 7
775.3726 	EXP 	Display Frame 8
775.4058 	EXP 	Display Frame 9
775.4392 	EXP 	Display Frame 0
775.4725 	EXP 	Display Frame 1
775.5059 	EXP 	Display Frame 2
775.5392 	EXP 	Display Frame 3
775.5725 	EXP 	Display Frame 4
775.6058 	EXP 	Display Frame 5
775.6392 	EXP 	Display Frame 6
775.6725 	EXP 	Display Frame 7
775.7059 	EXP 	Display Frame 8
775.7392 	EXP 	Display Frame 9
775.7725 	EXP 	Display Frame 0
775.8058 	EXP 	Display Frame 1
775.8392 	EXP 	Display Frame 2
775.8725 	EXP 	Display Frame 3
775.9059 	EXP 	Display Frame 4
775.9392 	EXP 	Display Frame 5
775.9725 	EXP 	Display Frame 6
776.0059 	EXP 	Display Frame 7
776.0392 	EXP 	Display Frame 8
776.0725 	EXP 	Display Frame 9
776.1058 	EXP 	Display Frame 0
776.1392 	EXP 	Display Frame 1
776.1725 	EXP 	Display Frame 2
776.2059 	EXP 	Display Frame 3
776.2394 	EXP 	Display Frame 4
776.2725 	EXP 	Display Frame 5
776.3059 	EXP 	Display Frame 6
776.3392 	EXP 	Display Frame 7
776.3725 	EXP 	Display Frame 8
776.4059 	EXP 	Display Frame 9
776.4392 	EXP 	Display Frame 0
776.4725 	EXP 	Display Frame 1
776.5059 	EXP 	Display Frame 2
776.5392 	EXP 	Display Frame 3
776.5725 	EXP 	Display Frame 4
776.6059 	EXP 	Display Frame 5
776.6392 	EXP 	Display Frame 6
776.6725 	EXP 	Display Frame 7
776.7058 	EXP 	Display Frame 8
776.7392 	EXP 	Display Frame 9
776.7725 	EXP 	Display Frame 0
776.8059 	EXP 	Display Frame 1
776.8392 	EXP 	Display Frame 2
776.8726 	EXP 	Display Frame 3
776.9059 	EXP 	Display Frame 4
776.9392 	EXP 	Display Frame 5
776.9725 	EXP 	Display Frame 6
777.0058 	EXP 	Display Frame 7
777.0392 	EXP 	Display Frame 8
777.0725 	EXP 	Display Frame 9
777.1059 	EXP 	Display Frame 0
777.1392 	EXP 	Display Frame 1
777.1725 	EXP 	Display Frame 2
777.2059 	EXP 	Display Frame 3
777.2392 	EXP 	Display Frame 4
777.2725 	EXP 	Display Frame 5
777.3058 	EXP 	Display Frame 6
777.3392 	EXP 	Display Frame 7
777.3725 	EXP 	Display Frame 8
777.4059 	EXP 	Display Frame 9
777.4392 	EXP 	Display Frame 0
777.4725 	EXP 	Display Frame 1
777.5059 	EXP 	Display Frame 2
777.5392 	EXP 	Display Frame 3
777.5725 	EXP 	Display Frame 4
777.6058 	EXP 	Display Frame 5
777.6392 	EXP 	Display Frame 6
777.6725 	EXP 	Display Frame 7
777.7059 	EXP 	Display Frame 8
777.7392 	EXP 	Display Frame 9
777.7725 	EXP 	Display Frame 0
777.8059 	EXP 	Display Frame 1
777.8392 	EXP 	Display Frame 2
777.8726 	EXP 	Display Frame 3
777.9058 	EXP 	Display Frame 4
777.9392 	EXP 	Display Frame 5
777.9725 	EXP 	Display Frame 6
778.0059 	EXP 	Display Frame 7
778.0392 	EXP 	Display Frame 8
778.0725 	EXP 	Display Frame 9
778.1059 	EXP 	Display Frame 0
778.1392 	EXP 	Display Frame 1
778.1725 	EXP 	Display Frame 2
778.2059 	EXP 	Display Frame 3
778.2392 	EXP 	Display Frame 4
778.2725 	EXP 	Display Frame 5
778.3058 	EXP 	Display Frame 6
778.3392 	EXP 	Display Frame 7
778.3725 	EXP 	Display Frame 8
778.4059 	EXP 	Display Frame 9
778.4392 	EXP 	Display Frame 0
778.4725 	EXP 	Display Frame 1
778.5058 	EXP 	Display Frame 2
778.5392 	EXP 	Display Frame 3
778.5726 	EXP 	Display Frame 4
778.6058 	EXP 	Display Frame 5
778.6392 	EXP 	Display Frame 6
778.6726 	EXP 	Display Frame 7
778.7059 	EXP 	Display Frame 8
778.7392 	EXP 	Display Frame 9
778.7726 	EXP 	Display Frame 0
778.8058 	EXP 	Display Frame 1
778.8393 	DATA 	Keypress: equal
778.8404 	EXP 	Display Frame 2
778.8726 	EXP 	Display Frame 3
778.9058 	EXP 	Display Frame 4
778.9392 	EXP 	Display Frame 5
778.9725 	EXP 	Display Frame 6
779.0059 	EXP 	Display Frame 7
779.0392 	EXP 	Display Frame 8
779.0725 	EXP 	Display Frame 9
779.1059 	EXP 	Display Frame 0
779.1392 	EXP 	Display Frame 1
779.1725 	EXP 	Display Frame 2
779.2058 	EXP 	Display Frame 3
779.2392 	EXP 	Display Frame 4
779.2725 	EXP 	Display Frame 5
779.3059 	EXP 	Display Frame 6
779.3392 	EXP 	Display Frame 7
779.3725 	EXP 	Display Frame 8
779.4059 	EXP 	Display Frame 9
779.4392 	EXP 	Display Frame 0
779.4725 	EXP 	Display Frame 1
779.5059 	EXP 	Display Frame 2
779.5392 	EXP 	Display Frame 3
779.5725 	EXP 	Display Frame 4
779.6059 	EXP 	Display Frame 5
779.6392 	EXP 	Display Frame 6
779.6726 	EXP 	Display Frame 7
779.7059 	EXP 	Display Frame 8
779.7392 	EXP 	Display Frame 9
779.7725 	EXP 	Display Frame 0
779.8058 	EXP 	Display Frame 1
779.8392 	EXP 	Display Frame 2
779.8725 	EXP 	Display Frame 3
779.9059 	EXP 	Display Frame 4
779.9392 	EXP 	Display Frame 5
779.9725 	EXP 	Display Frame 6
780.0058 	EXP 	Display Frame 7
780.0392 	EXP 	Display Frame 8
780.0725 	EXP 	Display Frame 9
780.1058 	EXP 	Display Frame 0
780.1392 	EXP 	Display Frame 1
780.1725 	EXP 	Display Frame 2
780.2059 	EXP 	Display Frame 3
780.2392 	EXP 	Display Frame 4
780.2725 	EXP 	Display Frame 5
780.3059 	EXP 	Display Frame 6
780.3392 	EXP 	Display Frame 7
780.3725 	EXP 	Display Frame 8
780.4059 	EXP 	Display Frame 9
780.4392 	EXP 	Display Frame 0
780.4725 	EXP 	Display Frame 1
780.5059 	EXP 	Display Frame 2
780.5392 	EXP 	Display Frame 3
780.5725 	EXP 	Display Frame 4
780.6059 	EXP 	Display Frame 5
780.6392 	EXP 	Display Frame 6
780.6725 	EXP 	Display Frame 7
780.7059 	EXP 	Display Frame 8
780.7392 	EXP 	Display Frame 9
780.7725 	EXP 	Display Frame 0
780.8058 	EXP 	Display Frame 1
780.8392 	EXP 	Display Frame 2
780.8725 	EXP 	Display Frame 3
780.9061 	EXP 	Display Frame 4
780.9392 	EXP 	Display Frame 5
780.9726 	EXP 	Display Frame 6
781.0059 	EXP 	Display Frame 7
781.0392 	EXP 	Display Frame 8
781.0725 	EXP 	Display Frame 9
781.1058 	EXP 	Display Frame 0
781.1392 	EXP 	Display Frame 1
781.1725 	EXP 	Display Frame 2
781.2059 	EXP 	Display Frame 3
781.2392 	EXP 	Display Frame 4
781.2725 	EXP 	Display Frame 5
781.3058 	EXP 	Display Frame 6
781.3392 	EXP 	Display Frame 7
781.3725 	EXP 	Display Frame 8
781.4059 	EXP 	Display Frame 9
781.4392 	EXP 	Display Frame 0
781.4725 	EXP 	Display Frame 1
781.5058 	EXP 	Display Frame 2
781.5392 	EXP 	Display Frame 3
781.5727 	EXP 	Display Frame 4
781.6058 	EXP 	Display Frame 5
781.6392 	EXP 	Display Frame 6
781.6725 	EXP 	Display Frame 7
781.7059 	EXP 	Display Frame 8
781.7392 	EXP 	Display Frame 9
781.7725 	EXP 	Display Frame 0
781.8059 	EXP 	Display Frame 1
781.8392 	EXP 	Display Frame 2
781.8725 	EXP 	Display Frame 3
781.9058 	EXP 	Display Frame 4
781.9392 	EXP 	Display Frame 5
781.9725 	EXP 	Display Frame 6
782.0058 	EXP 	Display Frame 7
782.0392 	EXP 	Display Frame 8
782.0725 	EXP 	Display Frame 9
782.1059 	EXP 	Display Frame 0
782.1392 	EXP 	Display Frame 1
782.1725 	EXP 	Display Frame 2
782.2059 	EXP 	Display Frame 3
782.2392 	EXP 	Display Frame 4
782.2725 	EXP 	Display Frame 5
782.3058 	EXP 	Display Frame 6
782.3392 	EXP 	Display Frame 7
782.3725 	EXP 	Display Frame 8
782.4059 	EXP 	Display Frame 9
782.4392 	EXP 	Display Frame 0
782.4725 	EXP 	Display Frame 1
782.5059 	EXP 	Display Frame 2
782.5392 	EXP 	Display Frame 3
782.5725 	EXP 	Display Frame 4
782.6058 	EXP 	Display Frame 5
782.6392 	EXP 	Display Frame 6
782.6725 	EXP 	Display Frame 7
782.7059 	EXP 	Display Frame 8
782.7392 	EXP 	Display Frame 9
782.7725 	EXP 	Display Frame 0
782.8059 	EXP 	Display Frame 1
782.8392 	EXP 	Display Frame 2
782.8725 	EXP 	Display Frame 3
782.9059 	EXP 	Display Frame 4
782.9392 	EXP 	Display Frame 5
782.9725 	EXP 	Display Frame 6
783.0059 	EXP 	Display Frame 7
783.0392 	EXP 	Display Frame 8
783.0725 	EXP 	Display Frame 9
783.1058 	EXP 	Display Frame 0
783.1392 	EXP 	Display Frame 1
783.1726 	EXP 	Display Frame 2
783.2058 	EXP 	Display Frame 3
783.2392 	EXP 	Display Frame 4
783.2725 	EXP 	Display Frame 5
783.3059 	EXP 	Display Frame 6
783.3392 	EXP 	Display Frame 7
783.3725 	EXP 	Display Frame 8
783.4059 	EXP 	Display Frame 9
783.4392 	EXP 	Display Frame 0
783.4724 	EXP 	Display Frame 1
783.5059 	EXP 	Display Frame 2
783.5392 	EXP 	Display Frame 3
783.5725 	EXP 	Display Frame 4
783.6058 	EXP 	Display Frame 5
783.6392 	EXP 	Display Frame 6
783.6725 	EXP 	Display Frame 7
783.7059 	EXP 	Display Frame 8
783.7392 	EXP 	Display Frame 9
783.7725 	EXP 	Display Frame 0
783.8059 	EXP 	Display Frame 1
783.8392 	EXP 	Display Frame 2
783.8726 	EXP 	Display Frame 3
783.9059 	EXP 	Display Frame 4
783.9392 	EXP 	Display Frame 5
783.9725 	EXP 	Display Frame 6
784.0059 	EXP 	Display Frame 7
784.0393 	DATA 	Keypress: equal
784.0403 	EXP 	Display Frame 8
784.0725 	EXP 	Display Frame 9
784.1059 	EXP 	Display Frame 0
784.1392 	EXP 	Display Frame 1
784.1725 	EXP 	Display Frame 2
784.2058 	EXP 	Display Frame 3
784.2392 	EXP 	Display Frame 4
784.2725 	EXP 	Display Frame 5
784.3059 	EXP 	Display Frame 6
784.3392 	EXP 	Display Frame 7
784.3725 	EXP 	Display Frame 8
784.4059 	EXP 	Display Frame 9
784.4392 	EXP 	Display Frame 0
784.4725 	EXP 	Display Frame 1
784.5058 	EXP 	Display Frame 2
784.5392 	EXP 	Display Frame 3
784.5725 	EXP 	Display Frame 4
784.6059 	EXP 	Display Frame 5
784.6392 	EXP 	Display Frame 6
784.6725 	EXP 	Display Frame 7
784.7059 	EXP 	Display Frame 8
784.7392 	EXP 	Display Frame 9
784.7725 	EXP 	Display Frame 0
784.8058 	EXP 	Display Frame 1
784.8392 	EXP 	Display Frame 2
784.8725 	EXP 	Display Frame 3
784.9059 	EXP 	Display Frame 4
784.9392 	EXP 	Display Frame 5
784.9725 	EXP 	Display Frame 6
785.0059 	EXP 	Display Frame 7
785.0392 	EXP 	Display Frame 8
785.0726 	EXP 	Display Frame 9
785.1059 	EXP 	Display Frame 0
785.1392 	EXP 	Display Frame 1
785.1725 	EXP 	Display Frame 2
785.2059 	EXP 	Display Frame 3
785.2392 	EXP 	Display Frame 4
785.2725 	EXP 	Display Frame 5
785.3059 	EXP 	Display Frame 6
785.3392 	EXP 	Display Frame 7
785.3725 	EXP 	Display Frame 8
785.4058 	EXP 	Display Frame 9
785.4392 	EXP 	Display Frame 0
785.4725 	EXP 	Display Frame 1
785.5058 	EXP 	Display Frame 2
785.5392 	EXP 	Display Frame 3
785.5725 	EXP 	Display Frame 4
785.6059 	EXP 	Display Frame 5
785.6392 	EXP 	Display Frame 6
785.6725 	EXP 	Display Frame 7
785.7059 	EXP 	Display Frame 8
785.7392 	EXP 	Display Frame 9
785.7725 	EXP 	Display Frame 0
785.8059 	EXP 	Display Frame 1
785.8392 	EXP 	Display Frame 2
785.8725 	EXP 	Display Frame 3
785.9059 	EXP 	Display Frame 4
785.9392 	EXP 	Display Frame 5
785.9725 	EXP 	Display Frame 6
786.0059 	EXP 	Display Frame 7
786.0392 	EXP 	Display Frame 8
786.0726 	EXP 	Display Frame 9
786.1059 	EXP 	Display Frame 0
786.1392 	EXP 	Display Frame 1
786.1725 	EXP 	Display Frame 2
786.2059 	EXP 	Display Frame 3
786.2392 	EXP 	Display Frame 4
786.2725 	EXP 	Display Frame 5
786.3059 	EXP 	Display Frame 6
786.3392 	EXP 	Display Frame 7
786.3726 	EXP 	Display Frame 8
786.4059 	EXP 	Display Frame 9
786.4392 	EXP 	Display Frame 0
786.4725 	EXP 	Display Frame 1
786.5059 	EXP 	Display Frame 2
786.5392 	EXP 	Display Frame 3
786.5725 	EXP 	Display Frame 4
786.6059 	EXP 	Display Frame 5
786.6392 	EXP 	Display Frame 6
786.6725 	EXP 	Display Frame 7
786.7059 	EXP 	Display Frame 8
786.7392 	EXP 	Display Frame 9
786.7726 	EXP 	Display Frame 0
786.8058 	EXP 	Display Frame 1
786.8392 	EXP 	Display Frame 2
786.8725 	EXP 	Display Frame 3
786.9061 	EXP 	Display Frame 4
786.9392 	EXP 	Display Frame 5
786.9725 	EXP 	Display Frame 6
787.0058 	EXP 	Display Frame 7
787.0392 	EXP 	Display Frame 8
787.0725 	EXP 	Display Frame 9
787.1058 	EXP 	Display Frame 0
787.1392 	EXP 	Display Frame 1
787.1725 	EXP 	Display Frame 2
787.2059 	EXP 	Display Frame 3
787.2392 	EXP 	Display Frame 4
787.2727 	EXP 	Display Frame 5
787.3059 	EXP 	Display Frame 6
787.3392 	EXP 	Display Frame 7
787.3725 	EXP 	Display Frame 8
787.4059 	EXP 	Display Frame 9
787.4392 	EXP 	Display Frame 0
787.4725 	EXP 	Display Frame 1
787.5058 	EXP 	Display Frame 2
787.5392 	EXP 	Display Frame 3
787.5726 	EXP 	Display Frame 4
787.6059 	EXP 	Display Frame 5
787.6392 	EXP 	Display Frame 6
787.6725 	EXP 	Display Frame 7
787.7059 	EXP 	Display Frame 8
787.7392 	EXP 	Display Frame 9
787.7725 	EXP 	Display Frame 0
787.8059 	EXP 	Display Frame 1
787.8392 	EXP 	Display Frame 2
787.8725 	EXP 	Display Frame 3
787.9058 	EXP 	Display Frame 4
787.9392 	EXP 	Display Frame 5
787.9725 	EXP 	Display Frame 6
788.0059 	EXP 	Display Frame 7
788.0392 	EXP 	Display Frame 8
788.0725 	EXP 	Display Frame 9
788.1059 	EXP 	Display Frame 0
788.1392 	EXP 	Display Frame 1
788.1725 	EXP 	Display Frame 2
788.2059 	EXP 	Display Frame 3
788.2392 	EXP 	Display Frame 4
788.2725 	EXP 	Display Frame 5
788.3059 	EXP 	Display Frame 6
788.3392 	EXP 	Display Frame 7
788.3725 	EXP 	Display Frame 8
788.4059 	EXP 	Display Frame 9
788.4392 	EXP 	Display Frame 0
788.4725 	EXP 	Display Frame 1
788.5059 	EXP 	Display Frame 2
788.5392 	EXP 	Display Frame 3
788.5725 	EXP 	Display Frame 4
788.6059 	EXP 	Display Frame 5
788.6392 	EXP 	Display Frame 6
788.6725 	EXP 	Display Frame 7
788.7059 	EXP 	Display Frame 8
788.7392 	EXP 	Display Frame 9
788.7725 	EXP 	Display Frame 0
788.8059 	EXP 	Display Frame 1
788.8392 	EXP 	Display Frame 2
788.8725 	EXP 	Display Frame 3
788.9059 	EXP 	Display Frame 4
788.9392 	EXP 	Display Frame 5
788.9725 	EXP 	Display Frame 6
789.0059 	EXP 	Display Frame 7
789.0392 	EXP 	Display Frame 8
789.0726 	EXP 	Display Frame 9
789.1058 	EXP 	Display Frame 0
789.1392 	EXP 	Display Frame 1
789.1725 	EXP 	Display Frame 2
789.2059 	EXP 	Display Frame 3
789.2393 	DATA 	Keypress: equal
789.2403 	EXP 	Display Frame 4
789.2725 	EXP 	Display Frame 5
789.3059 	EXP 	Display Frame 6
789.3392 	EXP 	Display Frame 7
789.3726 	EXP 	Display Frame 8
789.4058 	EXP 	Display Frame 9
789.4392 	EXP 	Display Frame 0
789.4725 	EXP 	Display Frame 1
789.5059 	EXP 	Display Frame 2
789.5392 	EXP 	Display Frame 3
789.5726 	EXP 	Display Frame 4
789.6059 	EXP 	Display Frame 5
789.6392 	EXP 	Display Frame 6
789.6725 	EXP 	Display Frame 7
789.7059 	EXP 	Display Frame 8
789.7392 	EXP 	Display Frame 9
789.7726 	EXP 	Display Frame 0
789.8059 	EXP 	Display Frame 1
789.8392 	EXP 	Display Frame 2
789.8725 	EXP 	Display Frame 3
789.9059 	EXP 	Display Frame 4
789.9392 	EXP 	Display Frame 5
789.9725 	EXP 	Display Frame 6
790.0059 	EXP 	Display Frame 7
790.0392 	EXP 	Display Frame 8
790.0725 	EXP 	Display Frame 9
790.1059 	EXP 	Display Frame 0
790.1392 	EXP 	Display Frame 1
790.1725 	EXP 	Display Frame 2
790.2058 	EXP 	Display Frame 3
790.2392 	EXP 	Display Frame 4
790.2725 	EXP 	Display Frame 5
790.3058 	EXP 	Display Frame 6
790.3392 	EXP 	Display Frame 7
790.3725 	EXP 	Display Frame 8
790.4059 	EXP 	Display Frame 9
790.4392 	EXP 	Display Frame 0
790.4725 	EXP 	Display Frame 1
790.5059 	EXP 	Display Frame 2
790.5392 	EXP 	Display Frame 3
790.5726 	EXP 	Display Frame 4
790.6058 	EXP 	Display Frame 5
790.6392 	EXP 	Display Frame 6
790.6725 	EXP 	Display Frame 7
790.7058 	EXP 	Display Frame 8
790.7392 	EXP 	Display Frame 9
790.7726 	EXP 	Display Frame 0
790.8062 	EXP 	Display Frame 1
790.8392 	EXP 	Display Frame 2
790.8726 	EXP 	Display Frame 3
790.9059 	EXP 	Display Frame 4
790.9392 	EXP 	Display Frame 5
790.9725 	EXP 	Display Frame 6
791.0059 	EXP 	Display Frame 7
791.0392 	EXP 	Display Frame 8
791.0725 	EXP 	Display Frame 9
791.1059 	EXP 	Display Frame 0
791.1392 	EXP 	Display Frame 1
791.1725 	EXP 	Display Frame 2
791.2058 	EXP 	Display Frame 3
791.2392 	EXP 	Display Frame 4
791.2725 	EXP 	Display Frame 5
791.3058 	EXP 	Display Frame 6
791.3392 	EXP 	Display Frame 7
791.3725 	EXP 	Display Frame 8
791.4059 	EXP 	Display Frame 9
791.4392 	EXP 	Display Frame 0
791.4725 	EXP 	Display Frame 1
791.5058 	EXP 	Display Frame 2
791.5392 	EXP 	Display Frame 3
791.5725 	EXP 	Display Frame 4
791.6059 	EXP 	Display Frame 5
791.6392 	EXP 	Display Frame 6
791.6725 	EXP 	Display Frame 7
791.7059 	EXP 	Display Frame 8
791.7392 	EXP 	Display Frame 9
791.7725 	EXP 	Display Frame 0
791.8058 	EXP 	Display Frame 1
791.8392 	EXP 	Display Frame 2
791.8726 	EXP 	Display Frame 3
791.9059 	EXP 	Display Frame 4
791.9392 	EXP 	Display Frame 5
791.9725 	EXP 	Display Frame 6
792.0058 	EXP 	Display Frame 7
792.0392 	EXP 	Display Frame 8
792.0725 	EXP 	Display Frame 9
792.1058 	EXP 	Display Frame 0
792.1392 	EXP 	Display Frame 1
792.1725 	EXP 	Display Frame 2
792.2059 	EXP 	Display Frame 3
792.2393 	EXP 	Display Frame 4
792.2725 	EXP 	Display Frame 5
792.3059 	EXP 	Display Frame 6
792.3392 	EXP 	Display Frame 7
792.3725 	EXP 	Display Frame 8
792.4059 	EXP 	Display Frame 9
792.4392 	EXP 	Display Frame 0
792.4725 	EXP 	Display Frame 1
792.5058 	EXP 	Display Frame 2
792.5392 	EXP 	Display Frame 3
792.5725 	EXP 	Display Frame 4
792.6059 	EXP 	Display Frame 5
792.6392 	EXP 	Display Frame 6
792.6725 	EXP 	Display Frame 7
792.7059 	EXP 	Display Frame 8
792.7392 	EXP 	Display Frame 9
792.7725 	EXP 	Display Frame 0
792.8059 	EXP 	Display Frame 1
792.8392 	EXP 	Display Frame 2
792.8725 	EXP 	Display Frame 3
792.9059 	EXP 	Display Frame 4
792.9392 	EXP 	Display Frame 5
792.9725 	EXP 	Display Frame 6
793.0059 	EXP 	Display Frame 7
793.0395 	EXP 	Display Frame 8
793.0726 	EXP 	Display Frame 9
793.1059 	EXP 	Display Frame 0
793.1392 	EXP 	Display Frame 1
793.1725 	EXP 	Display Frame 2
793.2059 	EXP 	Display Frame 3
793.2392 	EXP 	Display Frame 4
793.2725 	EXP 	Display Frame 5
793.3059 	EXP 	Display Frame 6
793.3392 	EXP 	Display Frame 7
793.3725 	EXP 	Display Frame 8
793.4058 	EXP 	Display Frame 9
793.4392 	EXP 	Display Frame 0
793.4725 	EXP 	Display Frame 1
793.5059 	EXP 	Display Frame 2
793.5392 	EXP 	Display Frame 3
793.5725 	EXP 	Display Frame 4
793.6058 	EXP 	Display Frame 5
793.6392 	EXP 	Display Frame 6
793.6725 	EXP 	Display Frame 7
793.7059 	EXP 	Display Frame 8
793.7392 	EXP 	Display Frame 9
793.7725 	EXP 	Display Frame 0
793.8059 	EXP 	Display Frame 1
793.8392 	EXP 	Display Frame 2
793.8725 	EXP 	Display Frame 3
793.9058 	EXP 	Display Frame 4
793.9392 	EXP 	Display Frame 5
793.9725 	EXP 	Display Frame 6
794.0059 	EXP 	Display Frame 7
794.0392 	EXP 	Display Frame 8
794.0725 	EXP 	Display Frame 9
794.1059 	EXP 	Display Frame 0
794.1392 	EXP 	Display Frame 1
794.1726 	EXP 	Display Frame 2
794.2059 	EXP 	Display Frame 3
794.2392 	EXP 	Display Frame 4
794.2726 	EXP 	Display Frame 5
794.3058 	EXP 	Display Frame 6
794.3392 	EXP 	Display Frame 7
794.3725 	EXP 	Display Frame 8
794.4060 	EXP 	Display Frame 9
794.4068 	DATA 	Keypress: equal
794.4392 	EXP 	Display Frame 0
794.4725 	EXP 	Display Frame 1
794.5059 	EXP 	Display Frame 2
794.5392 	EXP 	Display Frame 3
794.5725 	EXP 	Display Frame 4
794.6058 	EXP 	Display Frame 5
794.6392 	EXP 	Display Frame 6
794.6725 	EXP 	Display Frame 7
794.7059 	EXP 	Display Frame 8
794.7392 	EXP 	Display Frame 9
794.7725 	EXP 	Display Frame 0
794.8059 	EXP 	Display Frame 1
794.8393 	EXP 	Display Frame 2
794.8726 	EXP 	Display Frame 3
794.9058 	EXP 	Display Frame 4
794.9392 	EXP 	Display Frame 5
794.9725 	EXP 	Display Frame 6
795.0059 	EXP 	Display Frame 7
795.0392 	EXP 	Display Frame 8
795.0726 	EXP 	Display Frame 9
795.1059 	EXP 	Display Frame 0
795.1392 	EXP 	Display Frame 1
795.1725 	EXP 	Display Frame 2
795.2058 	EXP 	Display Frame 3
795.2392 	EXP 	Display Frame 4
795.2725 	EXP 	Display Frame 5
795.3059 	EXP 	Display Frame 6
795.3392 	EXP 	Display Frame 7
795.3726 	EXP 	Display Frame 8
795.4059 	EXP 	Display Frame 9
795.4392 	EXP 	Display Frame 0
795.4725 	EXP 	Display Frame 1
795.5058 	EXP 	Display Frame 2
795.5392 	EXP 	Display Frame 3
795.5725 	EXP 	Display Frame 4
795.6059 	EXP 	Display Frame 5
795.6392 	EXP 	Display Frame 6
795.6725 	EXP 	Display Frame 7
795.7059 	EXP 	Display Frame 8
795.7392 	EXP 	Display Frame 9
795.7725 	EXP 	Display Frame 0
795.8058 	EXP 	Display Frame 1
795.8392 	EXP 	Display Frame 2
795.8725 	EXP 	Display Frame 3
795.9059 	EXP 	Display Frame 4
795.9392 	EXP 	Display Frame 5
795.9725 	EXP 	Display Frame 6
796.0059 	EXP 	Display Frame 7
796.0392 	EXP 	Display Frame 8
796.0726 	EXP 	Display Frame 9
796.1058 	EXP 	Display Frame 0
796.1392 	EXP 	Display Frame 1
796.1725 	EXP 	Display Frame 2
796.2059 	EXP 	Display Frame 3
796.2392 	EXP 	Display Frame 4
796.2725 	EXP 	Display Frame 5
796.3059 	EXP 	Display Frame 6
796.3392 	EXP 	Display Frame 7
796.3725 	EXP 	Display Frame 8
796.4058 	EXP 	Display Frame 9
796.4392 	EXP 	Display Frame 0
796.4725 	EXP 	Display Frame 1
796.5058 	EXP 	Display Frame 2
796.5392 	EXP 	Display Frame 3
796.5725 	EXP 	Display Frame 4
796.6059 	EXP 	Display Frame 5
796.6392 	EXP 	Display Frame 6
796.6725 	EXP 	Display Frame 7
796.7059 	EXP 	Display Frame 8
796.7392 	EXP 	Display Frame 9
796.7725 	EXP 	Display Frame 0
796.8058 	EXP 	Display Frame 1
796.8392 	EXP 	Display Frame 2
796.8725 	EXP 	Display Frame 3
796.9059 	EXP 	Display Frame 4
796.9392 	EXP 	Display Frame 5
796.9725 	EXP 	Display Frame 6
797.0059 	EXP 	Display Frame 7
797.0395 	EXP 	Display Frame 8
797.0729 	EXP 	Display Frame 9
797.1060 	EXP 	Display Frame 0
797.1392 	EXP 	Display Frame 1
797.1726 	EXP 	Display Frame 2
797.2059 	EXP 	Display Frame 3
797.2392 	EXP 	Display Frame 4
797.2725 	EXP 	Display Frame 5
797.3058 	EXP 	Display Frame 6
797.3392 	EXP 	Display Frame 7
797.3726 	EXP 	Display Frame 8
797.4058 	EXP 	Display Frame 9
797.4392 	EXP 	Display Frame 0
797.4725 	EXP 	Display Frame 1
797.5059 	EXP 	Display Frame 2
797.5392 	EXP 	Display Frame 3
797.5728 	EXP 	Display Frame 4
797.6058 	EXP 	Display Frame 5
797.6392 	EXP 	Display Frame 6
797.6725 	EXP 	Display Frame 7
797.7059 	EXP 	Display Frame 8
797.7392 	EXP 	Display Frame 9
797.7725 	EXP 	Display Frame 0
797.8059 	EXP 	Display Frame 1
797.8392 	EXP 	Display Frame 2
797.8725 	EXP 	Display Frame 3
797.9058 	EXP 	Display Frame 4
797.9392 	EXP 	Display Frame 5
797.9725 	EXP 	Display Frame 6
798.0058 	EXP 	Display Frame 7
798.0392 	EXP 	Display Frame 8
798.0725 	EXP 	Display Frame 9
798.1059 	EXP 	Display Frame 0
798.1392 	EXP 	Display Frame 1
798.1726 	EXP 	Display Frame 2
798.2059 	EXP 	Display Frame 3
798.2392 	EXP 	Display Frame 4
798.2725 	EXP 	Display Frame 5
798.3058 	EXP 	Display Frame 6
798.3392 	EXP 	Display Frame 7
798.3725 	EXP 	Display Frame 8
798.4058 	EXP 	Display Frame 9
798.4392 	EXP 	Display Frame 0
798.4725 	EXP 	Display Frame 1
798.5059 	EXP 	Display Frame 2
798.5392 	EXP 	Display Frame 3
798.5725 	EXP 	Display Frame 4
798.6058 	EXP 	Display Frame 5
798.6392 	EXP 	Display Frame 6
798.6725 	EXP 	Display Frame 7
798.7059 	EXP 	Display Frame 8
798.7392 	EXP 	Display Frame 9
798.7725 	EXP 	Display Frame 0
798.8060 	EXP 	Display Frame 1
798.8392 	EXP 	Display Frame 2
798.8726 	EXP 	Display Frame 3
798.9059 	EXP 	Display Frame 4
798.9392 	EXP 	Display Frame 5
798.9725 	EXP 	Display Frame 6
799.0059 	EXP 	Display Frame 7
799.0392 	EXP 	Display Frame 8
799.0728 	EXP 	Display Frame 9
799.1061 	EXP 	Display Frame 0
799.1394 	EXP 	Display Frame 1
799.1728 	EXP 	Display Frame 2
799.2059 	EXP 	Display Frame 3
799.2392 	EXP 	Display Frame 4
799.2725 	EXP 	Display Frame 5
799.3059 	EXP 	Display Frame 6
799.3392 	EXP 	Display Frame 7
799.3725 	EXP 	Display Frame 8
799.4061 	EXP 	Display Frame 9
799.4393 	EXP 	Display Frame 0
799.4725 	EXP 	Display Frame 1
799.5059 	EXP 	Display Frame 2
799.5393 	EXP 	Display Frame 3
799.5728 	EXP 	Display Frame 4
799.6059 	EXP 	Display Frame 5
799.6392 	EXP 	Display Frame 6
799.6726 	EXP 	Display Frame 7
799.7059 	EXP 	Display Frame 8
799.7392 	EXP 	Display Frame 9
799.7725 	EXP 	Display Frame 0
799.8059 	EXP 	Display Frame 1
799.8392 	EXP 	Display Frame 2
799.8725 	EXP 	Display Frame 3
799.9059 	EXP 	Display Frame 4
799.9392 	EXP 	Display Frame 5
799.9725 	EXP 	Display Frame 6
800.0059 	EXP 	Display Frame 7
800.0392 	EXP 	Display Frame 8
800.0725 	EXP 	Display Frame 9
800.1058 	EXP 	Display Frame 0
800.1392 	EXP 	Display Frame 1
800.1725 	EXP 	Display Frame 2
800.2059 	EXP 	Display Frame 3
800.2392 	EXP 	Display Frame 4
800.2725 	EXP 	Display Frame 5
800.3059 	EXP 	Display Frame 6
800.3392 	EXP 	Display Frame 7
800.3726 	EXP 	Display Frame 8
800.4059 	EXP 	Display Frame 9
800.4392 	EXP 	Display Frame 0
800.4725 	EXP 	Display Frame 1
800.5059 	EXP 	Display Frame 2
800.5392 	EXP 	Display Frame 3
800.5725 	EXP 	Display Frame 4
800.6059 	EXP 	Display Frame 5
800.6392 	EXP 	Display Frame 6
800.6725 	EXP 	Display Frame 7
800.7059 	EXP 	Display Frame 8
800.7392 	EXP 	Display Frame 9
800.7725 	EXP 	Display Frame 0
800.8059 	EXP 	Display Frame 1
800.8392 	EXP 	Display Frame 2
800.8725 	EXP 	Display Frame 3
800.9059 	EXP 	Display Frame 4
800.9392 	EXP 	Display Frame 5
800.9725 	EXP 	Display Frame 6
801.0058 	EXP 	Display Frame 7
801.0392 	EXP 	Display Frame 8
801.0725 	EXP 	Display Frame 9
801.1059 	EXP 	Display Frame 0
801.1392 	EXP 	Display Frame 1
801.1725 	EXP 	Display Frame 2
801.2059 	EXP 	Display Frame 3
801.2392 	EXP 	Display Frame 4
801.2725 	EXP 	Display Frame 5
801.3058 	EXP 	Display Frame 6
801.3392 	EXP 	Display Frame 7
801.3725 	EXP 	Display Frame 8
801.4059 	EXP 	Display Frame 9
801.4392 	EXP 	Display Frame 0
801.4725 	EXP 	Display Frame 1
801.5058 	EXP 	Display Frame 2
801.5392 	EXP 	Display Frame 3
801.5725 	EXP 	Display Frame 4
801.6058 	EXP 	Display Frame 5
801.6392 	EXP 	Display Frame 6
801.6725 	EXP 	Display Frame 7
801.7059 	EXP 	Display Frame 8
801.7392 	EXP 	Display Frame 9
801.7725 	EXP 	Display Frame 0
801.8058 	EXP 	Display Frame 1
801.8392 	EXP 	Display Frame 2
801.8725 	EXP 	Display Frame 3
801.9058 	EXP 	Display Frame 4
801.9392 	EXP 	Display Frame 5
801.9725 	EXP 	Display Frame 6
802.0059 	EXP 	Display Frame 7
802.0392 	EXP 	Display Frame 8
802.0726 	EXP 	Display Frame 9
802.1059 	EXP 	Display Frame 0
802.1392 	EXP 	Display Frame 1
802.1726 	EXP 	Display Frame 2
802.2059 	EXP 	Display Frame 3
802.2392 	EXP 	Display Frame 4
802.2725 	EXP 	Display Frame 5
802.3059 	EXP 	Display Frame 6
802.3392 	EXP 	Display Frame 7
802.3725 	EXP 	Display Frame 8
802.4058 	EXP 	Display Frame 9
802.4392 	EXP 	Display Frame 0
802.4725 	EXP 	Display Frame 1
802.5058 	EXP 	Display Frame 2
802.5392 	EXP 	Display Frame 3
802.5725 	EXP 	Display Frame 4
802.6059 	EXP 	Display Frame 5
802.6392 	EXP 	Display Frame 6
802.6725 	EXP 	Display Frame 7
802.7059 	EXP 	Display Frame 8
802.7394 	EXP 	Display Frame 9
802.7728 	EXP 	Display Frame 0
802.8059 	EXP 	Display Frame 1
802.8394 	EXP 	Display Frame 2
802.8725 	EXP 	Display Frame 3
802.9061 	EXP 	Display Frame 4
802.9393 	EXP 	Display Frame 5
802.9725 	EXP 	Display Frame 6
803.0059 	EXP 	Display Frame 7
803.0394 	EXP 	Display Frame 8
803.0726 	EXP 	Display Frame 9
803.1059 	EXP 	Display Frame 0
803.1392 	EXP 	Display Frame 1
803.1726 	EXP 	Display Frame 2
803.2059 	EXP 	Display Frame 3
803.2394 	EXP 	Display Frame 4
803.2726 	EXP 	Display Frame 5
803.3059 	EXP 	Display Frame 6
803.3392 	EXP 	Display Frame 7
803.3726 	EXP 	Display Frame 8
803.4059 	EXP 	Display Frame 9
803.4392 	EXP 	Display Frame 0
803.4725 	EXP 	Display Frame 1
803.5059 	EXP 	Display Frame 2
803.5392 	EXP 	Display Frame 3
803.5725 	EXP 	Display Frame 4
803.6058 	EXP 	Display Frame 5
803.6392 	EXP 	Display Frame 6
803.6725 	EXP 	Display Frame 7
803.7058 	EXP 	Display Frame 8
803.7392 	EXP 	Display Frame 9
803.7725 	EXP 	Display Frame 0
803.8059 	EXP 	Display Frame 1
803.8392 	EXP 	Display Frame 2
803.8725 	EXP 	Display Frame 3
803.9058 	EXP 	Display Frame 4
803.9392 	EXP 	Display Frame 5
803.9725 	EXP 	Display Frame 6
804.0058 	EXP 	Display Frame 7
804.0392 	EXP 	Display Frame 8
804.0725 	EXP 	Display Frame 9
804.1059 	EXP 	Display Frame 0
804.1392 	EXP 	Display Frame 1
804.1726 	EXP 	Display Frame 2
804.2059 	EXP 	Display Frame 3
804.2392 	EXP 	Display Frame 4
804.2725 	EXP 	Display Frame 5
804.3059 	EXP 	Display Frame 6
804.3392 	EXP 	Display Frame 7
804.3725 	EXP 	Display Frame 8
804.4059 	EXP 	Display Frame 9
804.4392 	EXP 	Display Frame 0
804.4725 	EXP 	Display Frame 1
804.5059 	EXP 	Display Frame 2
804.5392 	EXP 	Display Frame 3
804.5728 	EXP 	Display Frame 4
804.6059 	EXP 	Display Frame 5
804.6392 	EXP 	Display Frame 6
804.6725 	EXP 	Display Frame 7
804.7059 	EXP 	Display Frame 8
804.7392 	EXP 	Display Frame 9
804.7725 	EXP 	Display Frame 0
804.8059 	EXP 	Display Frame 1
804.8392 	EXP 	Display Frame 2
804.8725 	EXP 	Display Frame 3
804.9059 	EXP 	Display Frame 4
804.9392 	EXP 	Display Frame 5
804.9725 	EXP 	Display Frame 6
805.0059 	EXP 	Display Frame 7
805.0392 	EXP 	Display Frame 8
805.0726 	EXP 	Display Frame 9
805.1059 	EXP 	Display Frame 0
805.1392 	EXP 	Display Frame 1
805.1725 	EXP 	Display Frame 2
805.2058 	EXP 	Display Frame 3
805.2392 	EXP 	Display Frame 4
805.2725 	EXP 	Display Frame 5
805.3059 	EXP 	Display Frame 6
805.3392 	EXP 	Display Frame 7
805.3725 	EXP 	Display Frame 8
805.4059 	EXP 	Display Frame 9
805.4392 	EXP 	Display Frame 0
805.4725 	EXP 	Display Frame 1
805.5058 	EXP 	Display Frame 2
805.5392 	EXP 	Display Frame 3
805.5725 	EXP 	Display Frame 4
805.6059 	EXP 	Display Frame 5
805.6392 	EXP 	Display Frame 6
805.6725 	EXP 	Display Frame 7
805.7059 	EXP 	Display Frame 8
805.7392 	EXP 	Display Frame 9
805.7725 	EXP 	Display Frame 0
805.8058 	EXP 	Display Frame 1
805.8392 	EXP 	Display Frame 2
805.8725 	EXP 	Display Frame 3
805.9058 	EXP 	Display Frame 4
805.9392 	EXP 	Display Frame 5
805.9725 	EXP 	Display Frame 6
806.0059 	EXP 	Display Frame 7
806.0392 	EXP 	Display Frame 8
806.0726 	EXP 	Display Frame 9
806.1058 	EXP 	Display Frame 0
806.1392 	EXP 	Display Frame 1
806.1726 	EXP 	Display Frame 2
806.2059 	EXP 	Display Frame 3
806.2392 	EXP 	Display Frame 4
806.2725 	EXP 	Display Frame 5
806.3059 	EXP 	Display Frame 6
806.3392 	EXP 	Display Frame 7
806.3725 	EXP 	Display Frame 8
806.4059 	EXP 	Display Frame 9
806.4392 	EXP 	Display Frame 0
806.4725 	EXP 	Display Frame 1
806.5059 	EXP 	Display Frame 2
806.5392 	EXP 	Display Frame 3
806.5725 	EXP 	Display Frame 4
806.6059 	EXP 	Display Frame 5
806.6392 	EXP 	Display Frame 6
806.6726 	EXP 	Display Frame 7
806.7059 	EXP 	Display Frame 8
806.7392 	EXP 	Display Frame 9
806.7725 	EXP 	Display Frame 0
806.8058 	EXP 	Display Frame 1
806.8392 	EXP 	Display Frame 2
806.8725 	EXP 	Display Frame 3
806.9059 	EXP 	Display Frame 4
806.9392 	EXP 	Display Frame 5
806.9725 	EXP 	Display Frame 6
807.0059 	EXP 	Display Frame 7
807.0392 	EXP 	Display Frame 8
807.0725 	EXP 	Display Frame 9
807.1058 	EXP 	Display Frame 0
807.1392 	EXP 	Display Frame 1
807.1725 	EXP 	Display Frame 2
807.2059 	EXP 	Display Frame 3
807.2392 	EXP 	Display Frame 4
807.2725 	EXP 	Display Frame 5
807.3059 	EXP 	Display Frame 6
807.3392 	EXP 	Display Frame 7
807.3726 	EXP 	Display Frame 8
807.4058 	EXP 	Display Frame 9
807.4392 	EXP 	Display Frame 0
807.4725 	EXP 	Display Frame 1
807.5059 	EXP 	Display Frame 2
807.5392 	EXP 	Display Frame 3
807.5725 	EXP 	Display Frame 4
807.6059 	EXP 	Display Frame 5
807.6392 	EXP 	Display Frame 6
807.6726 	EXP 	Display Frame 7
807.7059 	EXP 	Display Frame 8
807.7392 	EXP 	Display Frame 9
807.7725 	EXP 	Display Frame 0
807.8059 	EXP 	Display Frame 1
807.8392 	EXP 	Display Frame 2
807.8725 	EXP 	Display Frame 3
807.9059 	EXP 	Display Frame 4
807.9392 	EXP 	Display Frame 5
807.9726 	EXP 	Display Frame 6
808.0058 	EXP 	Display Frame 7
808.0417 	EXP 	Display Frame 8
808.0726 	EXP 	Display Frame 9
808.1059 	EXP 	Display Frame 0
808.1392 	EXP 	Display Frame 1
808.1725 	EXP 	Display Frame 2
808.2059 	EXP 	Display Frame 3
808.2393 	EXP 	Display Frame 4
808.2726 	EXP 	Display Frame 5
808.3058 	EXP 	Display Frame 6
808.3392 	EXP 	Display Frame 7
808.3725 	EXP 	Display Frame 8
808.4059 	EXP 	Display Frame 9
808.4392 	EXP 	Display Frame 0
808.4725 	EXP 	Display Frame 1
808.5059 	EXP 	Display Frame 2
808.5392 	EXP 	Display Frame 3
808.5725 	EXP 	Display Frame 4
808.6059 	EXP 	Display Frame 5
808.6392 	EXP 	Display Frame 6
808.6725 	EXP 	Display Frame 7
808.7059 	EXP 	Display Frame 8
808.7392 	EXP 	Display Frame 9
808.7725 	EXP 	Display Frame 0
808.8059 	EXP 	Display Frame 1
808.8392 	EXP 	Display Frame 2
808.8725 	EXP 	Display Frame 3
808.9059 	EXP 	Display Frame 4
808.9392 	EXP 	Display Frame 5
808.9725 	EXP 	Display Frame 6
809.0059 	EXP 	Display Frame 7
809.0392 	EXP 	Display Frame 8
809.0725 	EXP 	Display Frame 9
809.1059 	EXP 	Display Frame 0
809.1392 	EXP 	Display Frame 1
809.1725 	EXP 	Display Frame 2
809.2058 	EXP 	Display Frame 3
809.2392 	EXP 	Display Frame 4
809.2725 	EXP 	Display Frame 5
809.3059 	EXP 	Display Frame 6
809.3392 	EXP 	Display Frame 7
809.3725 	EXP 	Display Frame 8
809.4059 	EXP 	Display Frame 9
809.4392 	EXP 	Display Frame 0
809.4725 	EXP 	Display Frame 1
809.5058 	EXP 	Display Frame 2
809.5392 	EXP 	Display Frame 3
809.5725 	EXP 	Display Frame 4
809.6059 	EXP 	Display Frame 5
809.6392 	EXP 	Display Frame 6
809.6725 	EXP 	Display Frame 7
809.7059 	EXP 	Display Frame 8
809.7392 	EXP 	Display Frame 9
809.7725 	EXP 	Display Frame 0
809.8058 	EXP 	Display Frame 1
809.8392 	EXP 	Display Frame 2
809.8725 	EXP 	Display Frame 3
809.9059 	EXP 	Display Frame 4
809.9392 	EXP 	Display Frame 5
809.9725 	EXP 	Display Frame 6
810.0059 	EXP 	Display Frame 7
810.0392 	EXP 	Display Frame 8
810.0725 	EXP 	Display Frame 9
810.1058 	EXP 	Display Frame 0
810.1392 	EXP 	Display Frame 1
810.1725 	EXP 	Display Frame 2
810.2059 	EXP 	Display Frame 3
810.2392 	EXP 	Display Frame 4
810.2725 	EXP 	Display Frame 5
810.3058 	EXP 	Display Frame 6
810.3392 	EXP 	Display Frame 7
810.3725 	EXP 	Display Frame 8
810.4059 	EXP 	Display Frame 9
810.4392 	EXP 	Display Frame 0
810.4725 	EXP 	Display Frame 1
810.5059 	EXP 	Display Frame 2
810.5392 	EXP 	Display Frame 3
810.5725 	EXP 	Display Frame 4
810.6059 	EXP 	Display Frame 5
810.6392 	EXP 	Display Frame 6
810.6725 	EXP 	Display Frame 7
810.7059 	EXP 	Display Frame 8
810.7392 	EXP 	Display Frame 9
810.7725 	EXP 	Display Frame 0
810.8059 	EXP 	Display Frame 1
810.8393 	EXP 	Display Frame 2
810.8725 	EXP 	Display Frame 3
810.9061 	EXP 	Display Frame 4
810.9392 	EXP 	Display Frame 5
810.9725 	EXP 	Display Frame 6
811.0059 	EXP 	Display Frame 7
811.0392 	EXP 	Display Frame 8
811.0725 	EXP 	Display Frame 9
811.1059 	EXP 	Display Frame 0
811.1392 	EXP 	Display Frame 1
811.1726 	EXP 	Display Frame 2
811.2058 	EXP 	Display Frame 3
811.2393 	EXP 	Display Frame 4
811.2726 	EXP 	Display Frame 5
811.3061 	EXP 	Display Frame 6
811.3392 	EXP 	Display Frame 7
811.3725 	EXP 	Display Frame 8
811.4059 	EXP 	Display Frame 9
811.4392 	EXP 	Display Frame 0
811.4725 	EXP 	Display Frame 1
811.5059 	EXP 	Display Frame 2
811.5392 	EXP 	Display Frame 3
811.5725 	EXP 	Display Frame 4
811.6059 	EXP 	Display Frame 5
811.6392 	EXP 	Display Frame 6
811.6725 	EXP 	Display Frame 7
811.7059 	EXP 	Display Frame 8
811.7392 	EXP 	Display Frame 9
811.7725 	EXP 	Display Frame 0
811.8059 	EXP 	Display Frame 1
811.8392 	EXP 	Display Frame 2
811.8726 	EXP 	Display Frame 3
811.9058 	EXP 	Display Frame 4
811.9392 	EXP 	Display Frame 5
811.9725 	EXP 	Display Frame 6
812.0059 	EXP 	Display Frame 7
812.0392 	EXP 	Display Frame 8
812.0725 	EXP 	Display Frame 9
812.1058 	EXP 	Display Frame 0
812.1392 	EXP 	Display Frame 1
812.1725 	EXP 	Display Frame 2
812.2058 	EXP 	Display Frame 3
812.2392 	EXP 	Display Frame 4
812.2725 	EXP 	Display Frame 5
812.3059 	EXP 	Display Frame 6
812.3392 	EXP 	Display Frame 7
812.3726 	EXP 	Display Frame 8
812.4059 	EXP 	Display Frame 9
812.4392 	EXP 	Display Frame 0
812.4725 	EXP 	Display Frame 1
812.5059 	EXP 	Display Frame 2
812.5392 	EXP 	Display Frame 3
812.5725 	EXP 	Display Frame 4
812.6059 	EXP 	Display Frame 5
812.6392 	EXP 	Display Frame 6
812.6725 	EXP 	Display Frame 7
812.7059 	EXP 	Display Frame 8
812.7392 	EXP 	Display Frame 9
812.7725 	EXP 	Display Frame 0
812.8058 	EXP 	Display Frame 1
812.8392 	EXP 	Display Frame 2
812.8725 	EXP 	Display Frame 3
812.9059 	EXP 	Display Frame 4
812.9392 	EXP 	Display Frame 5
812.9725 	EXP 	Display Frame 6
813.0059 	EXP 	Display Frame 7
813.0392 	EXP 	Display Frame 8
813.0727 	EXP 	Display Frame 9
813.1061 	EXP 	Display Frame 0
813.1395 	EXP 	Display Frame 1
813.1726 	EXP 	Display Frame 2
813.2059 	EXP 	Display Frame 3
813.2392 	EXP 	Display Frame 4
813.2725 	EXP 	Display Frame 5
813.3059 	EXP 	Display Frame 6
813.3392 	EXP 	Display Frame 7
813.3726 	EXP 	Display Frame 8
813.4059 	EXP 	Display Frame 9
813.4392 	EXP 	Display Frame 0
813.4725 	EXP 	Display Frame 1
813.5059 	EXP 	Display Frame 2
813.5392 	EXP 	Display Frame 3
813.5726 	EXP 	Display Frame 4
813.6059 	EXP 	Display Frame 5
813.6392 	EXP 	Display Frame 6
813.6725 	EXP 	Display Frame 7
813.7059 	EXP 	Display Frame 8
813.7392 	EXP 	Display Frame 9
813.7725 	EXP 	Display Frame 0
813.8058 	EXP 	Display Frame 1
813.8392 	EXP 	Display Frame 2
813.8725 	EXP 	Display Frame 3
813.9059 	EXP 	Display Frame 4
813.9392 	EXP 	Display Frame 5
813.9725 	EXP 	Display Frame 6
814.0058 	EXP 	Display Frame 7
814.0392 	EXP 	Display Frame 8
814.0725 	EXP 	Display Frame 9
814.1058 	EXP 	Display Frame 0
814.1392 	EXP 	Display Frame 1
814.1725 	EXP 	Display Frame 2
814.2059 	EXP 	Display Frame 3
814.2392 	EXP 	Display Frame 4
814.2726 	EXP 	Display Frame 5
814.3058 	EXP 	Display Frame 6
814.3392 	EXP 	Display Frame 7
814.3725 	EXP 	Display Frame 8
814.4058 	EXP 	Display Frame 9
814.4392 	EXP 	Display Frame 0
814.4725 	EXP 	Display Frame 1
814.5059 	EXP 	Display Frame 2
814.5393 	DATA 	Keypress: equal
814.5402 	EXP 	Display Frame 3
814.5518 	EXP 	Display Fixation
814.8548 	DATA 	Keypress: equal
814.9976 	DATA 	Keypress: equal
815.1458 	DATA 	Keypress: equal
997.1037 	DATA 	Keypress: q
997.1138 	EXP 	topMsg: height = 0.1
997.1138 	EXP 	topMsg: height = 0.1
997.1138 	EXP 	topMsg: text = "Thank you very much! \n\nThat's it with the tapping"
997.1138 	EXP 	bottomMsg: height = 0.1
997.1138 	EXP 	bottomMsg: height = 0.1
997.1138 	EXP 	bottomMsg: text = "Please relax for the ramaining time \n\n Press 'q' or 'escape' to end the session."
997.1138 	EXP 	Display TheEnd
998.2465 	DATA 	Keypress: q
998.3584 	EXP 	win: mouseVisible = True
