1.0638 	WARNING 	We strongly recommend you activate the PTB sound engine in PsychoPy prefs as the preferred audio engine. Its timing is vastly superior. Your prefs are currently set to use ['sounddevice', 'PTB', 'pyo', 'pygame'] (in that order).
174.0297 	INFO 	---START PARAMETERS---
174.0298 	INFO 	filename: TappingWithTrTiming_Movie_d3.py-1tt============ =====-365-Dec_22_1757
174.0298 	INFO 	subject: 1tt============ =====
174.0298 	INFO 	session: 365
174.0298 	INFO 	date: Dec_22_1757
174.0298 	INFO 	block2Dur_TRs: 6
174.0298 	INFO 	blockDur_TRs: 6
174.0299 	INFO 	condition: TapFast
174.0299 	INFO 	fixCrossPos: [0, 0]
174.0299 	INFO 	fixCrossSize: 100
174.0299 	INFO 	fullScreen: True
174.0299 	INFO 	movieFolder: images/
174.0299 	INFO 	movieFolder2: images/
174.0299 	INFO 	movieSize: (1600, 1000)
174.0299 	INFO 	nBlocks: 68
174.0299 	INFO 	promptDir: Text/
174.0299 	INFO 	restDur_TRs: 6
174.0299 	INFO 	screenColor: (119, 119, 119)
174.0299 	INFO 	screenToShow: 1
174.0299 	INFO 	skipPrompts: False
174.0299 	INFO 	tStartup_TRs: 0
174.0299 	INFO 	textHeight: 40
174.0299 	INFO 	triggerKey: equal
174.0299 	INFO 	---END PARAMETERS---
174.8512 	INFO 	Loaded monitor calibration from ['2022_03_25 08:03']
175.9844 	WARNING 	Couldn't measure a consistent frame rate!
  - Is your graphics card set to sync to vertical blank?
  - Are you running other processes on your computer?

175.9850 	EXP 	Created win = Window(allowGUI=False, allowStencil=False, autoLog=True, backendConf=UNKNOWN, bitsMode=UNKNOWN, blendMode='avg', bpc=(8, 8, 8), color=array([119, 119, 119]), colorSpace='rgb255', depthBits=8, fullscr=<method-wrapper '__getattribute__' of attributeSetter object at 0x7fb519946490>, gamma=None, gammaErrorPolicy='raise', lms=UNKNOWN, monitor=<psychopy.monitors.calibTools.Monitor object at 0x7fb4d80d8d60>, multiSample=False, name='win', numSamples=2, pos=[0.0, 0.0], screen=1, size=array([1920, 1080]), stencilBits=0, stereo=False, units='deg', useFBO=False, useRetina=False, viewOri=0.0, viewPos=None, viewScale=None, waitBlanking=True, winType='pyglet')
175.9852 	EXP 	win: mouseVisible = True
175.9897 	EXP 	Created fixCross = ShapeStim(__class__=<class 'psychopy.visual.shape.ShapeStim'>, anchor=('center', 'center'), autoDraw=False, autoLog=True, closeShape=False, color=method-wrapper(...), colorSpace='rgb', contrast=None, depth=0, fillColor=array([0, 0, 0]), fillColorSpace='rgb', fillRGB=array([0, 0, 0]), interpolate=True, lineColor=array([-1., -1., -1.]), lineColorSpace='rgb', lineRGB=array([-1., -1., -1.]), lineWidth=3.0, name='fixCross', opacity=0.5, ori=0.0, pos=array([0., 0.]), size=array([1., 1.]), units='pix', vertices=ndarray(...), win=Window(...), windingRule=None)
175.9902 	WARNING 	TextStim.alignHoriz is deprecated. Use alignText and anchorHoriz attributes instead
176.0136 	EXP 	Created topMsg = TextStim(__class__=<class 'psychopy.visual.text.TextStim'>, alignHoriz='center', alignText='center', alignVert=method-wrapper(...), anchorHoriz='center', anchorVert='center', antialias=True, autoLog=True, bold=False, color=array([-1., -1., -1.]), colorSpace='rgb', contrast=1.0, depth=0, flipHoriz=False, flipVert=False, font='', fontFiles=[], height=0.1, italic=False, languageStyle='LTR', name='topMsg', opacity=1.0, ori=0.0, pos=array([0. , 0.5]), rgb=UNKNOWN, text='aaa', units='norm', win=Window(...), wrapWidth=1.5)
176.0137 	WARNING 	TextStim.alignHoriz is deprecated. Use alignText and anchorHoriz attributes instead
176.0158 	EXP 	Created bottomMsg = TextStim(__class__=<class 'psychopy.visual.text.TextStim'>, alignHoriz='center', alignText='center', alignVert=method-wrapper(...), anchorHoriz='center', anchorVert='center', antialias=True, autoLog=True, bold=False, color=array([-1., -1., -1.]), colorSpace='rgb', contrast=1.0, depth=0, flipHoriz=False, flipVert=False, font='', fontFiles=[], height=0.1, italic=False, languageStyle='LTR', name='bottomMsg', opacity=1.0, ori=0.0, pos=array([ 0. , -0.5]), rgb=UNKNOWN, text='bbb', units='norm', win=Window(...), wrapWidth=1.5)
176.0882 	EXP 	Created Movie Frame 0 = ImageStim(__class__=<class 'psychopy.visual.image.ImageStim'>, anchor=('center', 'center'), autoLog=True, color=array([1., 1., 1.]), colorSpace='rgb', contrast=1.0, depth=0, flipHoriz=False, flipVert=False, image='images/right_0.png', interpolate=False, mask=None, maskParams=None, name='Movie Frame 0', opacity=1, ori=0.0, pos=array([0., 0.]), size=array([1600., 1000.]), texRes=128, units='pix', win=Window(...))
176.1532 	EXP 	Created Movie Frame 1 = ImageStim(__class__=<class 'psychopy.visual.image.ImageStim'>, anchor=('center', 'center'), autoLog=True, color=array([1., 1., 1.]), colorSpace='rgb', contrast=1.0, depth=0, flipHoriz=False, flipVert=False, image='images/right_1.png', interpolate=False, mask=None, maskParams=None, name='Movie Frame 1', opacity=1, ori=0.0, pos=array([0., 0.]), size=array([1600., 1000.]), texRes=128, units='pix', win=Window(...))
176.2134 	EXP 	Created Movie Frame 2 = ImageStim(__class__=<class 'psychopy.visual.image.ImageStim'>, anchor=('center', 'center'), autoLog=True, color=array([1., 1., 1.]), colorSpace='rgb', contrast=1.0, depth=0, flipHoriz=False, flipVert=False, image='images/right_2.png', interpolate=False, mask=None, maskParams=None, name='Movie Frame 2', opacity=1, ori=0.0, pos=array([0., 0.]), size=array([1600., 1000.]), texRes=128, units='pix', win=Window(...))
176.2720 	EXP 	Created Movie Frame 3 = ImageStim(__class__=<class 'psychopy.visual.image.ImageStim'>, anchor=('center', 'center'), autoLog=True, color=array([1., 1., 1.]), colorSpace='rgb', contrast=1.0, depth=0, flipHoriz=False, flipVert=False, image='images/right_3.png', interpolate=False, mask=None, maskParams=None, name='Movie Frame 3', opacity=1, ori=0.0, pos=array([0., 0.]), size=array([1600., 1000.]), texRes=128, units='pix', win=Window(...))
176.3333 	EXP 	Created Movie Frame 4 = ImageStim(__class__=<class 'psychopy.visual.image.ImageStim'>, anchor=('center', 'center'), autoLog=True, color=array([1., 1., 1.]), colorSpace='rgb', contrast=1.0, depth=0, flipHoriz=False, flipVert=False, image='images/right_4.png', interpolate=False, mask=None, maskParams=None, name='Movie Frame 4', opacity=1, ori=0.0, pos=array([0., 0.]), size=array([1600., 1000.]), texRes=128, units='pix', win=Window(...))
176.3921 	EXP 	Created Movie Frame 5 = ImageStim(__class__=<class 'psychopy.visual.image.ImageStim'>, anchor=('center', 'center'), autoLog=True, color=array([1., 1., 1.]), colorSpace='rgb', contrast=1.0, depth=0, flipHoriz=False, flipVert=False, image='images/right_5.png', interpolate=False, mask=None, maskParams=None, name='Movie Frame 5', opacity=1, ori=0.0, pos=array([0., 0.]), size=array([1600., 1000.]), texRes=128, units='pix', win=Window(...))
176.4529 	EXP 	Created Movie Frame 6 = ImageStim(__class__=<class 'psychopy.visual.image.ImageStim'>, anchor=('center', 'center'), autoLog=True, color=array([1., 1., 1.]), colorSpace='rgb', contrast=1.0, depth=0, flipHoriz=False, flipVert=False, image='images/right_6.png', interpolate=False, mask=None, maskParams=None, name='Movie Frame 6', opacity=1, ori=0.0, pos=array([0., 0.]), size=array([1600., 1000.]), texRes=128, units='pix', win=Window(...))
176.5109 	EXP 	Created Movie Frame 7 = ImageStim(__class__=<class 'psychopy.visual.image.ImageStim'>, anchor=('center', 'center'), autoLog=True, color=array([1., 1., 1.]), colorSpace='rgb', contrast=1.0, depth=0, flipHoriz=False, flipVert=False, image='images/right_7.png', interpolate=False, mask=None, maskParams=None, name='Movie Frame 7', opacity=1, ori=0.0, pos=array([0., 0.]), size=array([1600., 1000.]), texRes=128, units='pix', win=Window(...))
176.5712 	EXP 	Created Movie Frame 8 = ImageStim(__class__=<class 'psychopy.visual.image.ImageStim'>, anchor=('center', 'center'), autoLog=True, color=array([1., 1., 1.]), colorSpace='rgb', contrast=1.0, depth=0, flipHoriz=False, flipVert=False, image='images/right_8.png', interpolate=False, mask=None, maskParams=None, name='Movie Frame 8', opacity=1, ori=0.0, pos=array([0., 0.]), size=array([1600., 1000.]), texRes=128, units='pix', win=Window(...))
176.6324 	EXP 	Created Movie Frame 9 = ImageStim(__class__=<class 'psychopy.visual.image.ImageStim'>, anchor=('center', 'center'), autoLog=True, color=array([1., 1., 1.]), colorSpace='rgb', contrast=1.0, depth=0, flipHoriz=False, flipVert=False, image='images/right_9.png', interpolate=False, mask=None, maskParams=None, name='Movie Frame 9', opacity=1, ori=0.0, pos=array([0., 0.]), size=array([1600., 1000.]), texRes=128, units='pix', win=Window(...))
176.6909 	EXP 	Created Movie Frame 0 = ImageStim(__class__=<class 'psychopy.visual.image.ImageStim'>, anchor=('center', 'center'), autoLog=True, color=array([1., 1., 1.]), colorSpace='rgb', contrast=1.0, depth=0, flipHoriz=False, flipVert=False, image='images/right_0.png', interpolate=False, mask=None, maskParams=None, name='Movie Frame 0', opacity=1, ori=0.0, pos=array([0., 0.]), size=array([1600., 1000.]), texRes=128, units='pix', win=Window(...))
176.7562 	EXP 	Created Movie Frame 1 = ImageStim(__class__=<class 'psychopy.visual.image.ImageStim'>, anchor=('center', 'center'), autoLog=True, color=array([1., 1., 1.]), colorSpace='rgb', contrast=1.0, depth=0, flipHoriz=False, flipVert=False, image='images/right_1.png', interpolate=False, mask=None, maskParams=None, name='Movie Frame 1', opacity=1, ori=0.0, pos=array([0., 0.]), size=array([1600., 1000.]), texRes=128, units='pix', win=Window(...))
176.8167 	EXP 	Created Movie Frame 2 = ImageStim(__class__=<class 'psychopy.visual.image.ImageStim'>, anchor=('center', 'center'), autoLog=True, color=array([1., 1., 1.]), colorSpace='rgb', contrast=1.0, depth=0, flipHoriz=False, flipVert=False, image='images/right_2.png', interpolate=False, mask=None, maskParams=None, name='Movie Frame 2', opacity=1, ori=0.0, pos=array([0., 0.]), size=array([1600., 1000.]), texRes=128, units='pix', win=Window(...))
176.8739 	EXP 	Created Movie Frame 3 = ImageStim(__class__=<class 'psychopy.visual.image.ImageStim'>, anchor=('center', 'center'), autoLog=True, color=array([1., 1., 1.]), colorSpace='rgb', contrast=1.0, depth=0, flipHoriz=False, flipVert=False, image='images/right_3.png', interpolate=False, mask=None, maskParams=None, name='Movie Frame 3', opacity=1, ori=0.0, pos=array([0., 0.]), size=array([1600., 1000.]), texRes=128, units='pix', win=Window(...))
176.9341 	EXP 	Created Movie Frame 4 = ImageStim(__class__=<class 'psychopy.visual.image.ImageStim'>, anchor=('center', 'center'), autoLog=True, color=array([1., 1., 1.]), colorSpace='rgb', contrast=1.0, depth=0, flipHoriz=False, flipVert=False, image='images/right_4.png', interpolate=False, mask=None, maskParams=None, name='Movie Frame 4', opacity=1, ori=0.0, pos=array([0., 0.]), size=array([1600., 1000.]), texRes=128, units='pix', win=Window(...))
176.9934 	EXP 	Created Movie Frame 5 = ImageStim(__class__=<class 'psychopy.visual.image.ImageStim'>, anchor=('center', 'center'), autoLog=True, color=array([1., 1., 1.]), colorSpace='rgb', contrast=1.0, depth=0, flipHoriz=False, flipVert=False, image='images/right_5.png', interpolate=False, mask=None, maskParams=None, name='Movie Frame 5', opacity=1, ori=0.0, pos=array([0., 0.]), size=array([1600., 1000.]), texRes=128, units='pix', win=Window(...))
177.0552 	EXP 	Created Movie Frame 6 = ImageStim(__class__=<class 'psychopy.visual.image.ImageStim'>, anchor=('center', 'center'), autoLog=True, color=array([1., 1., 1.]), colorSpace='rgb', contrast=1.0, depth=0, flipHoriz=False, flipVert=False, image='images/right_6.png', interpolate=False, mask=None, maskParams=None, name='Movie Frame 6', opacity=1, ori=0.0, pos=array([0., 0.]), size=array([1600., 1000.]), texRes=128, units='pix', win=Window(...))
177.1151 	EXP 	Created Movie Frame 7 = ImageStim(__class__=<class 'psychopy.visual.image.ImageStim'>, anchor=('center', 'center'), autoLog=True, color=array([1., 1., 1.]), colorSpace='rgb', contrast=1.0, depth=0, flipHoriz=False, flipVert=False, image='images/right_7.png', interpolate=False, mask=None, maskParams=None, name='Movie Frame 7', opacity=1, ori=0.0, pos=array([0., 0.]), size=array([1600., 1000.]), texRes=128, units='pix', win=Window(...))
177.1775 	EXP 	Created Movie Frame 8 = ImageStim(__class__=<class 'psychopy.visual.image.ImageStim'>, anchor=('center', 'center'), autoLog=True, color=array([1., 1., 1.]), colorSpace='rgb', contrast=1.0, depth=0, flipHoriz=False, flipVert=False, image='images/right_8.png', interpolate=False, mask=None, maskParams=None, name='Movie Frame 8', opacity=1, ori=0.0, pos=array([0., 0.]), size=array([1600., 1000.]), texRes=128, units='pix', win=Window(...))
177.2387 	EXP 	Created Movie Frame 9 = ImageStim(__class__=<class 'psychopy.visual.image.ImageStim'>, anchor=('center', 'center'), autoLog=True, color=array([1., 1., 1.]), colorSpace='rgb', contrast=1.0, depth=0, flipHoriz=False, flipVert=False, image='images/right_9.png', interpolate=False, mask=None, maskParams=None, name='Movie Frame 9', opacity=1, ori=0.0, pos=array([0., 0.]), size=array([1600., 1000.]), texRes=128, units='pix', win=Window(...))
177.2448 	EXP 	Created unnamed TextStim = TextStim(__class__=<class 'psychopy.visual.text.TextStim'>, alignHoriz=method-wrapper(...), alignText='center', alignVert=method-wrapper(...), anchorHoriz='center', anchorVert='center', antialias=True, autoLog=True, bold=False, color=array([-1., -1., -1.]), colorSpace='rgb', contrast=1.0, depth=0, flipHoriz=False, flipVert=False, font='', fontFiles=[], height=40.0, italic=False, languageStyle='LTR', name='unnamed TextStim', opacity=1.0, ori=0.0, pos=array([  0., 580.]), rgb=UNKNOWN, text='Tap along with the video.', units='pix', win=Window(...), wrapWidth=1600)
177.2588 	WARNING 	t of last frame was 1274.55ms (=1/0)
177.2588 	EXP 	topMsg: height = 0.1
177.2588 	EXP 	topMsg: height = 0.1
177.2588 	EXP 	topMsg: text = 'You will see a movie of a finger tapping. When it is on the screen, try to use the hand indicated to tap your fingers at the same times as the movie does. When the fixation cross appears, relax and stare at the cross.'
177.2588 	EXP 	bottomMsg: height = 0.1
177.2588 	EXP 	bottomMsg: height = 0.1
177.2588 	EXP 	bottomMsg: text = 'The experiment will begin shortly'
177.2588 	EXP 	Display Instructions1
179.0227 	DATA 	Keypress: space
179.0293 	WARNING 	t of last frame was 1770.45ms (=1/0)
179.0293 	EXP 	topMsg: height = 0.1
179.0293 	EXP 	topMsg: height = 0.1
179.0293 	EXP 	topMsg: text = "Please don't move..."
179.0293 	EXP 	bottomMsg: height = 0.1
179.0293 	EXP 	bottomMsg: height = 0.1
179.0293 	EXP 	bottomMsg: text = ''
179.0293 	EXP 	PleaseDontMove
201.5979 	DATA 	Keypress: equal
201.6030 	WARNING 	t of last frame was 22573.71ms (=1/0)
201.6030 	EXP 	Display Fixation
201.6033 	EXP 	---START EXPERIMENT---
201.6043 	EXP 	Display Fixation
206.7933 	DATA 	Keypress: equal
211.9847 	DATA 	Keypress: equal
217.1778 	DATA 	Keypress: equal
222.3708 	DATA 	Keypress: equal
227.5659 	DATA 	Keypress: equal
232.7589 	DATA 	Keypress: equal
232.7629 	WARNING 	t of last frame was 31158.65ms (=1/0)
232.7935 	WARNING 	Multiple dropped frames have occurred - I'll stop bothering you about them!
232.7934 	EXP 	Display Frame 1
232.8267 	EXP 	Display Frame 2
232.8599 	EXP 	Display Frame 3
232.8932 	EXP 	Display Frame 4
232.9266 	EXP 	Display Frame 5
232.9599 	EXP 	Display Frame 6
232.9932 	EXP 	Display Frame 7
233.0266 	EXP 	Display Frame 8
233.0599 	EXP 	Display Frame 9
233.0932 	EXP 	Display Frame 0
233.1266 	EXP 	Display Frame 1
233.1598 	EXP 	Display Frame 2
233.1932 	EXP 	Display Frame 3
233.2265 	EXP 	Display Frame 4
233.2599 	EXP 	Display Frame 5
233.2932 	EXP 	Display Frame 6
233.3266 	EXP 	Display Frame 7
233.3599 	EXP 	Display Frame 8
233.3932 	EXP 	Display Frame 9
233.4266 	EXP 	Display Frame 0
233.4598 	EXP 	Display Frame 1
233.4932 	EXP 	Display Frame 2
233.5266 	EXP 	Display Frame 3
233.5599 	EXP 	Display Frame 4
233.5932 	EXP 	Display Frame 5
233.6266 	EXP 	Display Frame 6
233.6599 	EXP 	Display Frame 7
233.6932 	EXP 	Display Frame 8
233.7265 	EXP 	Display Frame 9
233.7599 	EXP 	Display Frame 0
233.7932 	EXP 	Display Frame 1
233.8266 	EXP 	Display Frame 2
233.8599 	EXP 	Display Frame 3
233.8932 	EXP 	Display Frame 4
233.9266 	EXP 	Display Frame 5
233.9599 	EXP 	Display Frame 6
233.9933 	EXP 	Display Frame 7
234.0266 	EXP 	Display Frame 8
234.0599 	EXP 	Display Frame 9
234.0932 	EXP 	Display Frame 0
234.1265 	EXP 	Display Frame 1
234.1599 	EXP 	Display Frame 2
234.1932 	EXP 	Display Frame 3
234.2266 	EXP 	Display Frame 4
234.2599 	EXP 	Display Frame 5
234.2932 	EXP 	Display Frame 6
234.3265 	EXP 	Display Frame 7
234.3599 	EXP 	Display Frame 8
234.3932 	EXP 	Display Frame 9
234.4265 	EXP 	Display Frame 0
234.4599 	EXP 	Display Frame 1
234.4932 	EXP 	Display Frame 2
234.5266 	EXP 	Display Frame 3
234.5599 	EXP 	Display Frame 4
234.5932 	EXP 	Display Frame 5
234.6265 	EXP 	Display Frame 6
234.6599 	EXP 	Display Frame 7
234.6932 	EXP 	Display Frame 8
234.7265 	EXP 	Display Frame 9
234.7599 	EXP 	Display Frame 0
234.7931 	EXP 	Display Frame 1
234.8266 	EXP 	Display Frame 2
234.8599 	EXP 	Display Frame 3
234.8932 	EXP 	Display Frame 4
234.9265 	EXP 	Display Frame 5
234.9599 	EXP 	Display Frame 6
234.9932 	EXP 	Display Frame 7
235.0265 	EXP 	Display Frame 8
235.0599 	EXP 	Display Frame 9
235.0932 	EXP 	Display Frame 0
235.1265 	EXP 	Display Frame 1
235.1599 	EXP 	Display Frame 2
235.1932 	EXP 	Display Frame 3
235.2265 	EXP 	Display Frame 4
235.2599 	EXP 	Display Frame 5
235.2932 	EXP 	Display Frame 6
235.3265 	EXP 	Display Frame 7
235.3599 	EXP 	Display Frame 8
235.3932 	EXP 	Display Frame 9
235.4266 	EXP 	Display Frame 0
235.4599 	EXP 	Display Frame 1
235.4932 	EXP 	Display Frame 2
235.5266 	EXP 	Display Frame 3
235.5599 	EXP 	Display Frame 4
235.5932 	EXP 	Display Frame 5
235.6265 	EXP 	Display Frame 6
235.6599 	EXP 	Display Frame 7
235.6932 	EXP 	Display Frame 8
235.7266 	EXP 	Display Frame 9
235.7599 	EXP 	Display Frame 0
235.7931 	EXP 	Display Frame 1
235.8266 	EXP 	Display Frame 2
235.8599 	EXP 	Display Frame 3
235.8932 	EXP 	Display Frame 4
235.9265 	EXP 	Display Frame 5
235.9599 	EXP 	Display Frame 6
235.9932 	EXP 	Display Frame 7
236.0265 	EXP 	Display Frame 8
236.0601 	EXP 	Display Frame 9
236.0932 	EXP 	Display Frame 0
236.1266 	EXP 	Display Frame 1
236.1599 	EXP 	Display Frame 2
236.1932 	EXP 	Display Frame 3
236.2281 	EXP 	Display Frame 4
236.2599 	EXP 	Display Frame 5
236.2932 	EXP 	Display Frame 6
236.3266 	EXP 	Display Frame 7
236.3599 	EXP 	Display Frame 8
236.3932 	EXP 	Display Frame 9
236.4265 	EXP 	Display Frame 0
236.4599 	EXP 	Display Frame 1
236.4932 	EXP 	Display Frame 2
236.5265 	EXP 	Display Frame 3
236.5599 	EXP 	Display Frame 4
236.5932 	EXP 	Display Frame 5
236.6265 	EXP 	Display Frame 6
236.6599 	EXP 	Display Frame 7
236.6932 	EXP 	Display Frame 8
236.7265 	EXP 	Display Frame 9
236.7599 	EXP 	Display Frame 0
236.7931 	EXP 	Display Frame 1
236.8266 	EXP 	Display Frame 2
236.8599 	EXP 	Display Frame 3
236.8932 	EXP 	Display Frame 4
236.9265 	EXP 	Display Frame 5
236.9599 	EXP 	Display Frame 6
236.9932 	EXP 	Display Frame 7
237.0265 	EXP 	Display Frame 8
237.0599 	EXP 	Display Frame 9
237.0932 	EXP 	Display Frame 0
237.1265 	EXP 	Display Frame 1
237.1599 	EXP 	Display Frame 2
237.1932 	EXP 	Display Frame 3
237.2265 	EXP 	Display Frame 4
237.2599 	EXP 	Display Frame 5
237.2932 	EXP 	Display Frame 6
237.3265 	EXP 	Display Frame 7
237.3599 	EXP 	Display Frame 8
237.3932 	EXP 	Display Frame 9
237.4266 	EXP 	Display Frame 0
237.4599 	EXP 	Display Frame 1
237.4932 	EXP 	Display Frame 2
237.5265 	EXP 	Display Frame 3
237.5599 	EXP 	Display Frame 4
237.5932 	EXP 	Display Frame 5
237.6265 	EXP 	Display Frame 6
237.6599 	EXP 	Display Frame 7
237.6932 	EXP 	Display Frame 8
237.7265 	EXP 	Display Frame 9
237.7599 	EXP 	Display Frame 0
237.7932 	EXP 	Display Frame 1
237.8266 	EXP 	Display Frame 2
237.8599 	EXP 	Display Frame 3
237.8932 	EXP 	Display Frame 4
237.9265 	EXP 	Display Frame 5
237.9600 	DATA 	Keypress: equal
237.9611 	EXP 	Display Frame 6
237.9932 	EXP 	Display Frame 7
238.0265 	EXP 	Display Frame 8
238.0599 	EXP 	Display Frame 9
238.0932 	EXP 	Display Frame 0
238.1265 	EXP 	Display Frame 1
238.1599 	EXP 	Display Frame 2
238.1932 	EXP 	Display Frame 3
238.2265 	EXP 	Display Frame 4
238.2599 	EXP 	Display Frame 5
238.2932 	EXP 	Display Frame 6
238.3266 	EXP 	Display Frame 7
238.3599 	EXP 	Display Frame 8
238.3932 	EXP 	Display Frame 9
238.4266 	EXP 	Display Frame 0
238.4599 	EXP 	Display Frame 1
238.4932 	EXP 	Display Frame 2
238.5265 	EXP 	Display Frame 3
238.5603 	EXP 	Display Frame 4
238.5932 	EXP 	Display Frame 5
238.6266 	EXP 	Display Frame 6
238.6599 	EXP 	Display Frame 7
238.6932 	EXP 	Display Frame 8
238.7265 	EXP 	Display Frame 9
238.7599 	EXP 	Display Frame 0
238.7931 	EXP 	Display Frame 1
238.8265 	EXP 	Display Frame 2
238.8599 	EXP 	Display Frame 3
238.8932 	EXP 	Display Frame 4
238.9266 	EXP 	Display Frame 5
238.9599 	EXP 	Display Frame 6
238.9932 	EXP 	Display Frame 7
239.0265 	EXP 	Display Frame 8
239.0599 	EXP 	Display Frame 9
239.0933 	EXP 	Display Frame 0
239.1265 	EXP 	Display Frame 1
239.1599 	EXP 	Display Frame 2
239.1932 	EXP 	Display Frame 3
239.2266 	EXP 	Display Frame 4
239.2599 	EXP 	Display Frame 5
239.2932 	EXP 	Display Frame 6
239.3267 	EXP 	Display Frame 7
239.3599 	EXP 	Display Frame 8
239.3932 	EXP 	Display Frame 9
239.4265 	EXP 	Display Frame 0
239.4599 	EXP 	Display Frame 1
239.4932 	EXP 	Display Frame 2
239.5265 	EXP 	Display Frame 3
239.5598 	EXP 	Display Frame 4
239.5932 	EXP 	Display Frame 5
239.6265 	EXP 	Display Frame 6
239.6598 	EXP 	Display Frame 7
239.6932 	EXP 	Display Frame 8
239.7265 	EXP 	Display Frame 9
239.7599 	EXP 	Display Frame 0
239.7931 	EXP 	Display Frame 1
239.8266 	EXP 	Display Frame 2
239.8599 	EXP 	Display Frame 3
239.8932 	EXP 	Display Frame 4
239.9265 	EXP 	Display Frame 5
239.9599 	EXP 	Display Frame 6
239.9932 	EXP 	Display Frame 7
240.0265 	EXP 	Display Frame 8
240.0599 	EXP 	Display Frame 9
240.0932 	EXP 	Display Frame 0
240.1265 	EXP 	Display Frame 1
240.1598 	EXP 	Display Frame 2
240.1932 	EXP 	Display Frame 3
240.2265 	EXP 	Display Frame 4
240.2599 	EXP 	Display Frame 5
240.2932 	EXP 	Display Frame 6
240.3265 	EXP 	Display Frame 7
240.3599 	EXP 	Display Frame 8
240.3932 	EXP 	Display Frame 9
240.4265 	EXP 	Display Frame 0
240.4599 	EXP 	Display Frame 1
240.4932 	EXP 	Display Frame 2
240.5265 	EXP 	Display Frame 3
240.5599 	EXP 	Display Frame 4
240.5932 	EXP 	Display Frame 5
240.6266 	EXP 	Display Frame 6
240.6599 	EXP 	Display Frame 7
240.6932 	EXP 	Display Frame 8
240.7266 	EXP 	Display Frame 9
240.7599 	EXP 	Display Frame 0
240.7932 	EXP 	Display Frame 1
240.8265 	EXP 	Display Frame 2
240.8599 	EXP 	Display Frame 3
240.8932 	EXP 	Display Frame 4
240.9266 	EXP 	Display Frame 5
240.9599 	EXP 	Display Frame 6
240.9932 	EXP 	Display Frame 7
241.0266 	EXP 	Display Frame 8
241.0599 	EXP 	Display Frame 9
241.0932 	EXP 	Display Frame 0
241.1265 	EXP 	Display Frame 1
241.1599 	EXP 	Display Frame 2
241.1932 	EXP 	Display Frame 3
241.2266 	EXP 	Display Frame 4
241.2599 	EXP 	Display Frame 5
241.2932 	EXP 	Display Frame 6
241.3265 	EXP 	Display Frame 7
241.3599 	EXP 	Display Frame 8
241.3932 	EXP 	Display Frame 9
241.4265 	EXP 	Display Frame 0
241.4599 	EXP 	Display Frame 1
241.4932 	EXP 	Display Frame 2
241.5266 	EXP 	Display Frame 3
241.5599 	EXP 	Display Frame 4
241.5932 	EXP 	Display Frame 5
241.6265 	EXP 	Display Frame 6
241.6599 	EXP 	Display Frame 7
241.6932 	EXP 	Display Frame 8
241.7266 	EXP 	Display Frame 9
241.7599 	EXP 	Display Frame 0
241.7931 	EXP 	Display Frame 1
241.8268 	EXP 	Display Frame 2
241.8599 	EXP 	Display Frame 3
241.8933 	EXP 	Display Frame 4
241.9266 	EXP 	Display Frame 5
241.9599 	EXP 	Display Frame 6
241.9932 	EXP 	Display Frame 7
242.0266 	EXP 	Display Frame 8
242.0599 	EXP 	Display Frame 9
242.0932 	EXP 	Display Frame 0
242.1265 	EXP 	Display Frame 1
242.1599 	EXP 	Display Frame 2
242.1932 	EXP 	Display Frame 3
242.2266 	EXP 	Display Frame 4
242.2599 	EXP 	Display Frame 5
242.2932 	EXP 	Display Frame 6
242.3265 	EXP 	Display Frame 7
242.3599 	EXP 	Display Frame 8
242.3932 	EXP 	Display Frame 9
242.4266 	EXP 	Display Frame 0
242.4599 	EXP 	Display Frame 1
242.4932 	EXP 	Display Frame 2
242.5265 	EXP 	Display Frame 3
242.5599 	EXP 	Display Frame 4
242.5932 	EXP 	Display Frame 5
242.6265 	EXP 	Display Frame 6
242.6599 	EXP 	Display Frame 7
242.6932 	EXP 	Display Frame 8
242.7266 	EXP 	Display Frame 9
242.7599 	EXP 	Display Frame 0
242.7931 	EXP 	Display Frame 1
242.8265 	EXP 	Display Frame 2
242.8599 	EXP 	Display Frame 3
242.8932 	EXP 	Display Frame 4
242.9265 	EXP 	Display Frame 5
242.9599 	EXP 	Display Frame 6
242.9932 	EXP 	Display Frame 7
243.0266 	EXP 	Display Frame 8
243.0599 	EXP 	Display Frame 9
243.0932 	EXP 	Display Frame 0
243.1265 	EXP 	Display Frame 1
243.1600 	DATA 	Keypress: equal
243.1610 	EXP 	Display Frame 2
243.1932 	EXP 	Display Frame 3
243.2265 	EXP 	Display Frame 4
243.2599 	EXP 	Display Frame 5
243.2932 	EXP 	Display Frame 6
243.3266 	EXP 	Display Frame 7
243.3599 	EXP 	Display Frame 8
243.3932 	EXP 	Display Frame 9
243.4266 	EXP 	Display Frame 0
243.4599 	EXP 	Display Frame 1
243.4932 	EXP 	Display Frame 2
243.5266 	EXP 	Display Frame 3
243.5599 	EXP 	Display Frame 4
243.5932 	EXP 	Display Frame 5
243.6265 	EXP 	Display Frame 6
243.6598 	EXP 	Display Frame 7
243.6932 	EXP 	Display Frame 8
243.7265 	EXP 	Display Frame 9
243.7599 	EXP 	Display Frame 0
243.7931 	EXP 	Display Frame 1
243.8265 	EXP 	Display Frame 2
243.8599 	EXP 	Display Frame 3
243.8932 	EXP 	Display Frame 4
243.9265 	EXP 	Display Frame 5
243.9599 	EXP 	Display Frame 6
243.9932 	EXP 	Display Frame 7
244.0266 	EXP 	Display Frame 8
244.0599 	EXP 	Display Frame 9
244.0932 	EXP 	Display Frame 0
244.1265 	EXP 	Display Frame 1
244.1599 	EXP 	Display Frame 2
244.1932 	EXP 	Display Frame 3
244.2266 	EXP 	Display Frame 4
244.2599 	EXP 	Display Frame 5
244.2932 	EXP 	Display Frame 6
244.3265 	EXP 	Display Frame 7
244.3599 	EXP 	Display Frame 8
244.3932 	EXP 	Display Frame 9
244.4265 	EXP 	Display Frame 0
244.4599 	EXP 	Display Frame 1
244.4932 	EXP 	Display Frame 2
244.5266 	EXP 	Display Frame 3
244.5599 	EXP 	Display Frame 4
244.5932 	EXP 	Display Frame 5
244.6265 	EXP 	Display Frame 6
244.6599 	EXP 	Display Frame 7
244.6933 	EXP 	Display Frame 8
244.7265 	EXP 	Display Frame 9
244.7599 	EXP 	Display Frame 0
244.7932 	EXP 	Display Frame 1
244.8265 	EXP 	Display Frame 2
244.8599 	EXP 	Display Frame 3
244.8932 	EXP 	Display Frame 4
244.9265 	EXP 	Display Frame 5
244.9599 	EXP 	Display Frame 6
244.9932 	EXP 	Display Frame 7
245.0266 	EXP 	Display Frame 8
245.0599 	EXP 	Display Frame 9
245.0932 	EXP 	Display Frame 0
245.1265 	EXP 	Display Frame 1
245.1599 	EXP 	Display Frame 2
245.1932 	EXP 	Display Frame 3
245.2266 	EXP 	Display Frame 4
245.2599 	EXP 	Display Frame 5
245.2932 	EXP 	Display Frame 6
245.3265 	EXP 	Display Frame 7
245.3599 	EXP 	Display Frame 8
245.3932 	EXP 	Display Frame 9
245.4265 	EXP 	Display Frame 0
245.4599 	EXP 	Display Frame 1
245.4932 	EXP 	Display Frame 2
245.5265 	EXP 	Display Frame 3
245.5599 	EXP 	Display Frame 4
245.5932 	EXP 	Display Frame 5
245.6265 	EXP 	Display Frame 6
245.6599 	EXP 	Display Frame 7
245.6932 	EXP 	Display Frame 8
245.7266 	EXP 	Display Frame 9
245.7599 	EXP 	Display Frame 0
245.7931 	EXP 	Display Frame 1
245.8265 	EXP 	Display Frame 2
245.8599 	EXP 	Display Frame 3
245.8932 	EXP 	Display Frame 4
245.9265 	EXP 	Display Frame 5
245.9599 	EXP 	Display Frame 6
245.9932 	EXP 	Display Frame 7
246.0266 	EXP 	Display Frame 8
246.0599 	EXP 	Display Frame 9
246.0932 	EXP 	Display Frame 0
246.1265 	EXP 	Display Frame 1
246.1599 	EXP 	Display Frame 2
246.1932 	EXP 	Display Frame 3
246.2265 	EXP 	Display Frame 4
246.2599 	EXP 	Display Frame 5
246.2932 	EXP 	Display Frame 6
246.3265 	EXP 	Display Frame 7
246.3599 	EXP 	Display Frame 8
246.3932 	EXP 	Display Frame 9
246.4266 	EXP 	Display Frame 0
246.4599 	EXP 	Display Frame 1
246.4932 	EXP 	Display Frame 2
246.5265 	EXP 	Display Frame 3
246.5599 	EXP 	Display Frame 4
246.5932 	EXP 	Display Frame 5
246.6265 	EXP 	Display Frame 6
246.6599 	EXP 	Display Frame 7
246.6932 	EXP 	Display Frame 8
246.7265 	EXP 	Display Frame 9
246.7599 	EXP 	Display Frame 0
246.7931 	EXP 	Display Frame 1
246.8266 	EXP 	Display Frame 2
246.8599 	EXP 	Display Frame 3
246.8932 	EXP 	Display Frame 4
246.9266 	EXP 	Display Frame 5
246.9599 	EXP 	Display Frame 6
246.9932 	EXP 	Display Frame 7
247.0265 	EXP 	Display Frame 8
247.0599 	EXP 	Display Frame 9
247.0932 	EXP 	Display Frame 0
247.1266 	EXP 	Display Frame 1
247.1599 	EXP 	Display Frame 2
247.1932 	EXP 	Display Frame 3
247.2265 	EXP 	Display Frame 4
247.2599 	EXP 	Display Frame 5
247.2932 	EXP 	Display Frame 6
247.3265 	EXP 	Display Frame 7
247.3599 	EXP 	Display Frame 8
247.3932 	EXP 	Display Frame 9
247.4266 	EXP 	Display Frame 0
247.4599 	EXP 	Display Frame 1
247.4932 	EXP 	Display Frame 2
247.5266 	EXP 	Display Frame 3
247.5599 	EXP 	Display Frame 4
247.5934 	EXP 	Display Frame 5
247.6266 	EXP 	Display Frame 6
247.6599 	EXP 	Display Frame 7
247.6932 	EXP 	Display Frame 8
247.7266 	EXP 	Display Frame 9
247.7599 	EXP 	Display Frame 0
247.7932 	EXP 	Display Frame 1
247.8265 	EXP 	Display Frame 2
247.8599 	EXP 	Display Frame 3
247.8932 	EXP 	Display Frame 4
247.9266 	EXP 	Display Frame 5
247.9599 	EXP 	Display Frame 6
247.9932 	EXP 	Display Frame 7
248.0266 	EXP 	Display Frame 8
248.0599 	EXP 	Display Frame 9
248.0932 	EXP 	Display Frame 0
248.1266 	EXP 	Display Frame 1
248.1599 	EXP 	Display Frame 2
248.1932 	EXP 	Display Frame 3
248.2266 	EXP 	Display Frame 4
248.2599 	EXP 	Display Frame 5
248.2932 	EXP 	Display Frame 6
248.3266 	EXP 	Display Frame 7
248.3599 	DATA 	Keypress: equal
248.3610 	EXP 	Display Frame 8
248.3931 	EXP 	Display Frame 9
248.4266 	EXP 	Display Frame 0
248.4598 	EXP 	Display Frame 1
248.4932 	EXP 	Display Frame 2
248.5265 	EXP 	Display Frame 3
248.5599 	EXP 	Display Frame 4
248.5932 	EXP 	Display Frame 5
248.6265 	EXP 	Display Frame 6
248.6599 	EXP 	Display Frame 7
248.6932 	EXP 	Display Frame 8
248.7265 	EXP 	Display Frame 9
248.7599 	EXP 	Display Frame 0
248.7932 	EXP 	Display Frame 1
248.8265 	EXP 	Display Frame 2
248.8599 	EXP 	Display Frame 3
248.8932 	EXP 	Display Frame 4
248.9265 	EXP 	Display Frame 5
248.9599 	EXP 	Display Frame 6
248.9932 	EXP 	Display Frame 7
249.0265 	EXP 	Display Frame 8
249.0599 	EXP 	Display Frame 9
249.0932 	EXP 	Display Frame 0
249.1265 	EXP 	Display Frame 1
249.1599 	EXP 	Display Frame 2
249.1932 	EXP 	Display Frame 3
249.2265 	EXP 	Display Frame 4
249.2599 	EXP 	Display Frame 5
249.2932 	EXP 	Display Frame 6
249.3265 	EXP 	Display Frame 7
249.3599 	EXP 	Display Frame 8
249.3932 	EXP 	Display Frame 9
249.4265 	EXP 	Display Frame 0
249.4599 	EXP 	Display Frame 1
249.4932 	EXP 	Display Frame 2
249.5266 	EXP 	Display Frame 3
249.5599 	EXP 	Display Frame 4
249.5932 	EXP 	Display Frame 5
249.6265 	EXP 	Display Frame 6
249.6599 	EXP 	Display Frame 7
249.6932 	EXP 	Display Frame 8
249.7265 	EXP 	Display Frame 9
249.7599 	EXP 	Display Frame 0
249.7931 	EXP 	Display Frame 1
249.8265 	EXP 	Display Frame 2
249.8599 	EXP 	Display Frame 3
249.8932 	EXP 	Display Frame 4
249.9265 	EXP 	Display Frame 5
249.9599 	EXP 	Display Frame 6
249.9933 	EXP 	Display Frame 7
250.0266 	EXP 	Display Frame 8
250.0599 	EXP 	Display Frame 9
250.0932 	EXP 	Display Frame 0
250.1265 	EXP 	Display Frame 1
250.1599 	EXP 	Display Frame 2
250.1932 	EXP 	Display Frame 3
250.2265 	EXP 	Display Frame 4
250.2599 	EXP 	Display Frame 5
250.2932 	EXP 	Display Frame 6
250.3265 	EXP 	Display Frame 7
250.3599 	EXP 	Display Frame 8
250.3932 	EXP 	Display Frame 9
250.4266 	EXP 	Display Frame 0
250.4599 	EXP 	Display Frame 1
250.4932 	EXP 	Display Frame 2
250.5265 	EXP 	Display Frame 3
250.5599 	EXP 	Display Frame 4
250.5932 	EXP 	Display Frame 5
250.6281 	EXP 	Display Frame 6
250.6599 	EXP 	Display Frame 7
250.6932 	EXP 	Display Frame 8
250.7266 	EXP 	Display Frame 9
250.7599 	EXP 	Display Frame 0
250.7932 	EXP 	Display Frame 1
250.8265 	EXP 	Display Frame 2
250.8599 	EXP 	Display Frame 3
250.8932 	EXP 	Display Frame 4
250.9265 	EXP 	Display Frame 5
250.9599 	EXP 	Display Frame 6
250.9932 	EXP 	Display Frame 7
251.0265 	EXP 	Display Frame 8
251.0599 	EXP 	Display Frame 9
251.0932 	EXP 	Display Frame 0
251.1265 	EXP 	Display Frame 1
251.1599 	EXP 	Display Frame 2
251.1932 	EXP 	Display Frame 3
251.2266 	EXP 	Display Frame 4
251.2599 	EXP 	Display Frame 5
251.2932 	EXP 	Display Frame 6
251.3266 	EXP 	Display Frame 7
251.3599 	EXP 	Display Frame 8
251.3932 	EXP 	Display Frame 9
251.4265 	EXP 	Display Frame 0
251.4599 	EXP 	Display Frame 1
251.4932 	EXP 	Display Frame 2
251.5265 	EXP 	Display Frame 3
251.5599 	EXP 	Display Frame 4
251.5932 	EXP 	Display Frame 5
251.6266 	EXP 	Display Frame 6
251.6599 	EXP 	Display Frame 7
251.6932 	EXP 	Display Frame 8
251.7265 	EXP 	Display Frame 9
251.7599 	EXP 	Display Frame 0
251.7931 	EXP 	Display Frame 1
251.8265 	EXP 	Display Frame 2
251.8599 	EXP 	Display Frame 3
251.8932 	EXP 	Display Frame 4
251.9265 	EXP 	Display Frame 5
251.9599 	EXP 	Display Frame 6
251.9932 	EXP 	Display Frame 7
252.0265 	EXP 	Display Frame 8
252.0599 	EXP 	Display Frame 9
252.0932 	EXP 	Display Frame 0
252.1265 	EXP 	Display Frame 1
252.1598 	EXP 	Display Frame 2
252.1932 	EXP 	Display Frame 3
252.2266 	EXP 	Display Frame 4
252.2599 	EXP 	Display Frame 5
252.2932 	EXP 	Display Frame 6
252.3265 	EXP 	Display Frame 7
252.3599 	EXP 	Display Frame 8
252.3932 	EXP 	Display Frame 9
252.4265 	EXP 	Display Frame 0
252.4598 	EXP 	Display Frame 1
252.4932 	EXP 	Display Frame 2
252.5266 	EXP 	Display Frame 3
252.5599 	EXP 	Display Frame 4
252.5932 	EXP 	Display Frame 5
252.6265 	EXP 	Display Frame 6
252.6599 	EXP 	Display Frame 7
252.6932 	EXP 	Display Frame 8
252.7266 	EXP 	Display Frame 9
252.7599 	EXP 	Display Frame 0
252.7932 	EXP 	Display Frame 1
252.8266 	EXP 	Display Frame 2
252.8599 	EXP 	Display Frame 3
252.8932 	EXP 	Display Frame 4
252.9265 	EXP 	Display Frame 5
252.9599 	EXP 	Display Frame 6
252.9932 	EXP 	Display Frame 7
253.0266 	EXP 	Display Frame 8
253.0599 	EXP 	Display Frame 9
253.0932 	EXP 	Display Frame 0
253.1265 	EXP 	Display Frame 1
253.1599 	EXP 	Display Frame 2
253.1932 	EXP 	Display Frame 3
253.2266 	EXP 	Display Frame 4
253.2599 	EXP 	Display Frame 5
253.2932 	EXP 	Display Frame 6
253.3266 	EXP 	Display Frame 7
253.3601 	EXP 	Display Frame 8
253.3933 	EXP 	Display Frame 9
253.4266 	EXP 	Display Frame 0
253.4599 	EXP 	Display Frame 1
253.4932 	EXP 	Display Frame 2
253.5265 	EXP 	Display Frame 3
253.5600 	DATA 	Keypress: equal
253.5610 	EXP 	Display Frame 4
253.5933 	EXP 	Display Frame 5
253.6266 	EXP 	Display Frame 6
253.6599 	EXP 	Display Frame 7
253.6932 	EXP 	Display Frame 8
253.7265 	EXP 	Display Frame 9
253.7599 	EXP 	Display Frame 0
253.7932 	EXP 	Display Frame 1
253.8265 	EXP 	Display Frame 2
253.8599 	EXP 	Display Frame 3
253.8932 	EXP 	Display Frame 4
253.9266 	EXP 	Display Frame 5
253.9599 	EXP 	Display Frame 6
253.9932 	EXP 	Display Frame 7
254.0266 	EXP 	Display Frame 8
254.0599 	EXP 	Display Frame 9
254.0932 	EXP 	Display Frame 0
254.1265 	EXP 	Display Frame 1
254.1599 	EXP 	Display Frame 2
254.1932 	EXP 	Display Frame 3
254.2265 	EXP 	Display Frame 4
254.2599 	EXP 	Display Frame 5
254.2932 	EXP 	Display Frame 6
254.3265 	EXP 	Display Frame 7
254.3599 	EXP 	Display Frame 8
254.3932 	EXP 	Display Frame 9
254.4265 	EXP 	Display Frame 0
254.4599 	EXP 	Display Frame 1
254.4932 	EXP 	Display Frame 2
254.5265 	EXP 	Display Frame 3
254.5599 	EXP 	Display Frame 4
254.5932 	EXP 	Display Frame 5
254.6265 	EXP 	Display Frame 6
254.6599 	EXP 	Display Frame 7
254.6932 	EXP 	Display Frame 8
254.7265 	EXP 	Display Frame 9
254.7599 	EXP 	Display Frame 0
254.7931 	EXP 	Display Frame 1
254.8266 	EXP 	Display Frame 2
254.8599 	EXP 	Display Frame 3
254.8932 	EXP 	Display Frame 4
254.9265 	EXP 	Display Frame 5
254.9599 	EXP 	Display Frame 6
254.9932 	EXP 	Display Frame 7
255.0265 	EXP 	Display Frame 8
255.0599 	EXP 	Display Frame 9
255.0932 	EXP 	Display Frame 0
255.1265 	EXP 	Display Frame 1
255.1599 	EXP 	Display Frame 2
255.1932 	EXP 	Display Frame 3
255.2265 	EXP 	Display Frame 4
255.2599 	EXP 	Display Frame 5
255.2932 	EXP 	Display Frame 6
255.3266 	EXP 	Display Frame 7
255.3599 	EXP 	Display Frame 8
255.3932 	EXP 	Display Frame 9
255.4266 	EXP 	Display Frame 0
255.4599 	EXP 	Display Frame 1
255.4932 	EXP 	Display Frame 2
255.5265 	EXP 	Display Frame 3
255.5599 	EXP 	Display Frame 4
255.5932 	EXP 	Display Frame 5
255.6265 	EXP 	Display Frame 6
255.6599 	EXP 	Display Frame 7
255.6932 	EXP 	Display Frame 8
255.7266 	EXP 	Display Frame 9
255.7599 	EXP 	Display Frame 0
255.7931 	EXP 	Display Frame 1
255.8265 	EXP 	Display Frame 2
255.8599 	EXP 	Display Frame 3
255.8932 	EXP 	Display Frame 4
255.9265 	EXP 	Display Frame 5
255.9599 	EXP 	Display Frame 6
255.9932 	EXP 	Display Frame 7
256.0266 	EXP 	Display Frame 8
256.0599 	EXP 	Display Frame 9
256.0932 	EXP 	Display Frame 0
256.1265 	EXP 	Display Frame 1
256.1599 	EXP 	Display Frame 2
256.1932 	EXP 	Display Frame 3
256.2265 	EXP 	Display Frame 4
256.2599 	EXP 	Display Frame 5
256.2932 	EXP 	Display Frame 6
256.3266 	EXP 	Display Frame 7
256.3599 	EXP 	Display Frame 8
256.3932 	EXP 	Display Frame 9
256.4265 	EXP 	Display Frame 0
256.4599 	EXP 	Display Frame 1
256.4932 	EXP 	Display Frame 2
256.5266 	EXP 	Display Frame 3
256.5599 	EXP 	Display Frame 4
256.5932 	EXP 	Display Frame 5
256.6265 	EXP 	Display Frame 6
256.6599 	EXP 	Display Frame 7
256.6932 	EXP 	Display Frame 8
256.7265 	EXP 	Display Frame 9
256.7599 	EXP 	Display Frame 0
256.7931 	EXP 	Display Frame 1
256.8266 	EXP 	Display Frame 2
256.8599 	EXP 	Display Frame 3
256.8932 	EXP 	Display Frame 4
256.9265 	EXP 	Display Frame 5
256.9599 	EXP 	Display Frame 6
256.9932 	EXP 	Display Frame 7
257.0266 	EXP 	Display Frame 8
257.0599 	EXP 	Display Frame 9
257.0932 	EXP 	Display Frame 0
257.1265 	EXP 	Display Frame 1
257.1599 	EXP 	Display Frame 2
257.1932 	EXP 	Display Frame 3
257.2265 	EXP 	Display Frame 4
257.2599 	EXP 	Display Frame 5
257.2932 	EXP 	Display Frame 6
257.3266 	EXP 	Display Frame 7
257.3599 	EXP 	Display Frame 8
257.3932 	EXP 	Display Frame 9
257.4265 	EXP 	Display Frame 0
257.4599 	EXP 	Display Frame 1
257.4932 	EXP 	Display Frame 2
257.5266 	EXP 	Display Frame 3
257.5599 	EXP 	Display Frame 4
257.5932 	EXP 	Display Frame 5
257.6265 	EXP 	Display Frame 6
257.6599 	EXP 	Display Frame 7
257.6932 	EXP 	Display Frame 8
257.7266 	EXP 	Display Frame 9
257.7598 	EXP 	Display Frame 0
257.7932 	EXP 	Display Frame 1
257.8266 	EXP 	Display Frame 2
257.8599 	EXP 	Display Frame 3
257.8932 	EXP 	Display Frame 4
257.9265 	EXP 	Display Frame 5
257.9598 	EXP 	Display Frame 6
257.9932 	EXP 	Display Frame 7
258.0266 	EXP 	Display Frame 8
258.0599 	EXP 	Display Frame 9
258.0932 	EXP 	Display Frame 0
258.1265 	EXP 	Display Frame 1
258.1599 	EXP 	Display Frame 2
258.1932 	EXP 	Display Frame 3
258.2266 	EXP 	Display Frame 4
258.2598 	EXP 	Display Frame 5
258.2932 	EXP 	Display Frame 6
258.3266 	EXP 	Display Frame 7
258.3599 	EXP 	Display Frame 8
258.3932 	EXP 	Display Frame 9
258.4265 	EXP 	Display Frame 0
258.4599 	EXP 	Display Frame 1
258.4932 	EXP 	Display Frame 2
258.5265 	EXP 	Display Frame 3
258.5599 	EXP 	Display Frame 4
258.5932 	EXP 	Display Frame 5
258.6265 	EXP 	Display Frame 6
258.6599 	EXP 	Display Frame 7
258.6932 	EXP 	Display Frame 8
258.7265 	EXP 	Display Frame 9
258.7273 	DATA 	Keypress: equal
258.7599 	EXP 	Display Frame 0
258.7931 	EXP 	Display Frame 1
258.8266 	EXP 	Display Frame 2
258.8599 	EXP 	Display Frame 3
258.8932 	EXP 	Display Frame 4
258.9266 	EXP 	Display Frame 5
258.9599 	EXP 	Display Frame 6
258.9932 	EXP 	Display Frame 7
259.0265 	EXP 	Display Frame 8
259.0599 	EXP 	Display Frame 9
259.0932 	EXP 	Display Frame 0
259.1265 	EXP 	Display Frame 1
259.1599 	EXP 	Display Frame 2
259.1932 	EXP 	Display Frame 3
259.2266 	EXP 	Display Frame 4
259.2599 	EXP 	Display Frame 5
259.2932 	EXP 	Display Frame 6
259.3265 	EXP 	Display Frame 7
259.3599 	EXP 	Display Frame 8
259.3932 	EXP 	Display Frame 9
259.4265 	EXP 	Display Frame 0
259.4599 	EXP 	Display Frame 1
259.4932 	EXP 	Display Frame 2
259.5265 	EXP 	Display Frame 3
259.5599 	EXP 	Display Frame 4
259.5932 	EXP 	Display Frame 5
259.6265 	EXP 	Display Frame 6
259.6599 	EXP 	Display Frame 7
259.6934 	EXP 	Display Frame 8
259.7266 	EXP 	Display Frame 9
259.7599 	EXP 	Display Frame 0
259.7932 	EXP 	Display Frame 1
259.8266 	EXP 	Display Frame 2
259.8599 	EXP 	Display Frame 3
259.8932 	EXP 	Display Frame 4
259.9265 	EXP 	Display Frame 5
259.9599 	EXP 	Display Frame 6
259.9932 	EXP 	Display Frame 7
260.0266 	EXP 	Display Frame 8
260.0599 	EXP 	Display Frame 9
260.0932 	EXP 	Display Frame 0
260.1265 	EXP 	Display Frame 1
260.1599 	EXP 	Display Frame 2
260.1932 	EXP 	Display Frame 3
260.2265 	EXP 	Display Frame 4
260.2599 	EXP 	Display Frame 5
260.2932 	EXP 	Display Frame 6
260.3265 	EXP 	Display Frame 7
260.3599 	EXP 	Display Frame 8
260.3932 	EXP 	Display Frame 9
260.4265 	EXP 	Display Frame 0
260.4599 	EXP 	Display Frame 1
260.4932 	EXP 	Display Frame 2
260.5265 	EXP 	Display Frame 3
260.5599 	EXP 	Display Frame 4
260.5932 	EXP 	Display Frame 5
260.6265 	EXP 	Display Frame 6
260.6600 	EXP 	Display Frame 7
260.6933 	EXP 	Display Frame 8
260.7265 	EXP 	Display Frame 9
260.7599 	EXP 	Display Frame 0
260.7931 	EXP 	Display Frame 1
260.8265 	EXP 	Display Frame 2
260.8599 	EXP 	Display Frame 3
260.8932 	EXP 	Display Frame 4
260.9265 	EXP 	Display Frame 5
260.9599 	EXP 	Display Frame 6
260.9932 	EXP 	Display Frame 7
261.0266 	EXP 	Display Frame 8
261.0599 	EXP 	Display Frame 9
261.0932 	EXP 	Display Frame 0
261.1265 	EXP 	Display Frame 1
261.1599 	EXP 	Display Frame 2
261.1932 	EXP 	Display Frame 3
261.2265 	EXP 	Display Frame 4
261.2599 	EXP 	Display Frame 5
261.2932 	EXP 	Display Frame 6
261.3266 	EXP 	Display Frame 7
261.3599 	EXP 	Display Frame 8
261.3932 	EXP 	Display Frame 9
261.4265 	EXP 	Display Frame 0
261.4599 	EXP 	Display Frame 1
261.4932 	EXP 	Display Frame 2
261.5265 	EXP 	Display Frame 3
261.5599 	EXP 	Display Frame 4
261.5932 	EXP 	Display Frame 5
261.6265 	EXP 	Display Frame 6
261.6599 	EXP 	Display Frame 7
261.6936 	EXP 	Display Frame 8
261.7265 	EXP 	Display Frame 9
261.7599 	EXP 	Display Frame 0
261.7931 	EXP 	Display Frame 1
261.8266 	EXP 	Display Frame 2
261.8599 	EXP 	Display Frame 3
261.8932 	EXP 	Display Frame 4
261.9265 	EXP 	Display Frame 5
261.9599 	EXP 	Display Frame 6
261.9932 	EXP 	Display Frame 7
262.0266 	EXP 	Display Frame 8
262.0599 	EXP 	Display Frame 9
262.0932 	EXP 	Display Frame 0
262.1265 	EXP 	Display Frame 1
262.1599 	EXP 	Display Frame 2
262.1932 	EXP 	Display Frame 3
262.2266 	EXP 	Display Frame 4
262.2599 	EXP 	Display Frame 5
262.2932 	EXP 	Display Frame 6
262.3266 	EXP 	Display Frame 7
262.3599 	EXP 	Display Frame 8
262.3932 	EXP 	Display Frame 9
262.4265 	EXP 	Display Frame 0
262.4599 	EXP 	Display Frame 1
262.4932 	EXP 	Display Frame 2
262.5266 	EXP 	Display Frame 3
262.5599 	EXP 	Display Frame 4
262.5932 	EXP 	Display Frame 5
262.6265 	EXP 	Display Frame 6
262.6599 	EXP 	Display Frame 7
262.6932 	EXP 	Display Frame 8
262.7265 	EXP 	Display Frame 9
262.7599 	EXP 	Display Frame 0
262.7931 	EXP 	Display Frame 1
262.8266 	EXP 	Display Frame 2
262.8599 	EXP 	Display Frame 3
262.8932 	EXP 	Display Frame 4
262.9265 	EXP 	Display Frame 5
262.9599 	EXP 	Display Frame 6
262.9932 	EXP 	Display Frame 7
263.0266 	EXP 	Display Frame 8
263.0599 	EXP 	Display Frame 9
263.0932 	EXP 	Display Frame 0
263.1265 	EXP 	Display Frame 1
263.1599 	EXP 	Display Frame 2
263.1932 	EXP 	Display Frame 3
263.2265 	EXP 	Display Frame 4
263.2599 	EXP 	Display Frame 5
263.2932 	EXP 	Display Frame 6
263.3265 	EXP 	Display Frame 7
263.3599 	EXP 	Display Frame 8
263.3932 	EXP 	Display Frame 9
263.4266 	EXP 	Display Frame 0
263.4599 	EXP 	Display Frame 1
263.4932 	EXP 	Display Frame 2
263.5265 	EXP 	Display Frame 3
263.5599 	EXP 	Display Frame 4
263.5932 	EXP 	Display Frame 5
263.6265 	EXP 	Display Frame 6
263.6599 	EXP 	Display Frame 7
263.6932 	EXP 	Display Frame 8
263.7266 	EXP 	Display Frame 9
263.7599 	EXP 	Display Frame 0
263.7931 	EXP 	Display Frame 1
263.8265 	EXP 	Display Frame 2
263.8599 	EXP 	Display Frame 3
263.8932 	EXP 	Display Frame 4
263.9267 	DATA 	Keypress: equal
263.9277 	EXP 	Display Frame 5
263.9348 	EXP 	Display Fixation
269.1142 	DATA 	Keypress: equal
274.3089 	DATA 	Keypress: equal
279.5013 	DATA 	Keypress: equal
284.6951 	DATA 	Keypress: equal
289.8895 	DATA 	Keypress: equal
295.0822 	DATA 	Keypress: equal
295.1167 	EXP 	Display Frame 1
295.1499 	EXP 	Display Frame 2
295.1832 	EXP 	Display Frame 3
295.2220 	EXP 	Display Frame 4
295.2498 	EXP 	Display Frame 5
295.2832 	EXP 	Display Frame 6
295.3166 	EXP 	Display Frame 7
295.3499 	EXP 	Display Frame 8
295.3832 	EXP 	Display Frame 9
295.4165 	EXP 	Display Frame 0
295.4499 	EXP 	Display Frame 1
295.4832 	EXP 	Display Frame 2
295.5165 	EXP 	Display Frame 3
295.5499 	EXP 	Display Frame 4
295.5832 	EXP 	Display Frame 5
295.6165 	EXP 	Display Frame 6
295.6498 	EXP 	Display Frame 7
295.6832 	EXP 	Display Frame 8
295.7165 	EXP 	Display Frame 9
295.7499 	EXP 	Display Frame 0
295.7832 	EXP 	Display Frame 1
295.8165 	EXP 	Display Frame 2
295.8499 	EXP 	Display Frame 3
295.8832 	EXP 	Display Frame 4
295.9165 	EXP 	Display Frame 5
295.9499 	EXP 	Display Frame 6
295.9832 	EXP 	Display Frame 7
296.0165 	EXP 	Display Frame 8
296.0499 	EXP 	Display Frame 9
296.0832 	EXP 	Display Frame 0
296.1165 	EXP 	Display Frame 1
296.1498 	EXP 	Display Frame 2
296.1832 	EXP 	Display Frame 3
296.2165 	EXP 	Display Frame 4
296.2498 	EXP 	Display Frame 5
296.2840 	EXP 	Display Frame 6
296.3165 	EXP 	Display Frame 7
296.3499 	EXP 	Display Frame 8
296.3832 	EXP 	Display Frame 9
296.4165 	EXP 	Display Frame 0
296.4499 	EXP 	Display Frame 1
296.4832 	EXP 	Display Frame 2
296.5165 	EXP 	Display Frame 3
296.5498 	EXP 	Display Frame 4
296.5832 	EXP 	Display Frame 5
296.6165 	EXP 	Display Frame 6
296.6498 	EXP 	Display Frame 7
296.6915 	EXP 	Display Frame 8
296.7165 	EXP 	Display Frame 9
296.7498 	EXP 	Display Frame 0
296.7832 	EXP 	Display Frame 1
296.8165 	EXP 	Display Frame 2
296.8498 	EXP 	Display Frame 3
296.8832 	EXP 	Display Frame 4
296.9165 	EXP 	Display Frame 5
296.9499 	EXP 	Display Frame 6
296.9832 	EXP 	Display Frame 7
297.0165 	EXP 	Display Frame 8
297.0498 	EXP 	Display Frame 9
297.0832 	EXP 	Display Frame 0
297.1165 	EXP 	Display Frame 1
297.1498 	EXP 	Display Frame 2
297.1832 	EXP 	Display Frame 3
297.2165 	EXP 	Display Frame 4
297.2498 	EXP 	Display Frame 5
297.2832 	EXP 	Display Frame 6
297.3165 	EXP 	Display Frame 7
297.3499 	EXP 	Display Frame 8
297.3832 	EXP 	Display Frame 9
297.4165 	EXP 	Display Frame 0
297.4499 	EXP 	Display Frame 1
297.4832 	EXP 	Display Frame 2
297.5165 	EXP 	Display Frame 3
297.5498 	EXP 	Display Frame 4
297.5832 	EXP 	Display Frame 5
297.6165 	EXP 	Display Frame 6
297.6498 	EXP 	Display Frame 7
297.6832 	EXP 	Display Frame 8
297.7165 	EXP 	Display Frame 9
297.7499 	EXP 	Display Frame 0
297.7834 	EXP 	Display Frame 1
297.8165 	EXP 	Display Frame 2
297.8498 	EXP 	Display Frame 3
297.8833 	EXP 	Display Frame 4
297.9168 	EXP 	Display Frame 5
297.9498 	EXP 	Display Frame 6
297.9832 	EXP 	Display Frame 7
298.0165 	EXP 	Display Frame 8
298.0498 	EXP 	Display Frame 9
298.0839 	EXP 	Display Frame 0
298.1165 	EXP 	Display Frame 1
298.1499 	EXP 	Display Frame 2
298.1832 	EXP 	Display Frame 3
298.2165 	EXP 	Display Frame 4
298.2498 	EXP 	Display Frame 5
298.2832 	EXP 	Display Frame 6
298.3165 	EXP 	Display Frame 7
298.3498 	EXP 	Display Frame 8
298.3832 	EXP 	Display Frame 9
298.4181 	EXP 	Display Frame 0
298.4498 	EXP 	Display Frame 1
298.4832 	EXP 	Display Frame 2
298.5165 	EXP 	Display Frame 3
298.5498 	EXP 	Display Frame 4
298.5832 	EXP 	Display Frame 5
298.6165 	EXP 	Display Frame 6
298.6499 	EXP 	Display Frame 7
298.6832 	EXP 	Display Frame 8
298.7165 	EXP 	Display Frame 9
298.7499 	EXP 	Display Frame 0
298.7832 	EXP 	Display Frame 1
298.8165 	EXP 	Display Frame 2
298.8498 	EXP 	Display Frame 3
298.8832 	EXP 	Display Frame 4
298.9165 	EXP 	Display Frame 5
298.9498 	EXP 	Display Frame 6
298.9832 	EXP 	Display Frame 7
299.0165 	EXP 	Display Frame 8
299.0499 	EXP 	Display Frame 9
299.0832 	EXP 	Display Frame 0
299.1165 	EXP 	Display Frame 1
299.1498 	EXP 	Display Frame 2
299.1832 	EXP 	Display Frame 3
299.2165 	EXP 	Display Frame 4
299.2498 	EXP 	Display Frame 5
299.2832 	EXP 	Display Frame 6
299.3165 	EXP 	Display Frame 7
299.3498 	EXP 	Display Frame 8
299.3832 	EXP 	Display Frame 9
299.4165 	EXP 	Display Frame 0
299.4498 	EXP 	Display Frame 1
299.4842 	EXP 	Display Frame 2
299.5165 	EXP 	Display Frame 3
299.5499 	EXP 	Display Frame 4
299.5832 	EXP 	Display Frame 5
299.6165 	EXP 	Display Frame 6
299.6499 	EXP 	Display Frame 7
299.6831 	EXP 	Display Frame 8
299.7165 	EXP 	Display Frame 9
299.7499 	EXP 	Display Frame 0
299.7832 	EXP 	Display Frame 1
299.8165 	EXP 	Display Frame 2
299.8498 	EXP 	Display Frame 3
299.8832 	EXP 	Display Frame 4
299.9165 	EXP 	Display Frame 5
299.9499 	EXP 	Display Frame 6
299.9831 	EXP 	Display Frame 7
300.0165 	EXP 	Display Frame 8
300.0498 	EXP 	Display Frame 9
300.0832 	EXP 	Display Frame 0
300.1165 	EXP 	Display Frame 1
300.1499 	EXP 	Display Frame 2
300.1832 	EXP 	Display Frame 3
300.2172 	EXP 	Display Frame 4
300.2499 	EXP 	Display Frame 5
300.2833 	DATA 	Keypress: equal
300.2844 	EXP 	Display Frame 6
300.3165 	EXP 	Display Frame 7
300.3498 	EXP 	Display Frame 8
300.3832 	EXP 	Display Frame 9
300.4165 	EXP 	Display Frame 0
300.4498 	EXP 	Display Frame 1
300.4832 	EXP 	Display Frame 2
300.5165 	EXP 	Display Frame 3
300.5506 	EXP 	Display Frame 4
300.5832 	EXP 	Display Frame 5
300.6165 	EXP 	Display Frame 6
300.6498 	EXP 	Display Frame 7
300.6831 	EXP 	Display Frame 8
300.7165 	EXP 	Display Frame 9
300.7499 	EXP 	Display Frame 0
300.7832 	EXP 	Display Frame 1
300.8165 	EXP 	Display Frame 2
300.8498 	EXP 	Display Frame 3
300.8832 	EXP 	Display Frame 4
300.9165 	EXP 	Display Frame 5
300.9498 	EXP 	Display Frame 6
300.9832 	EXP 	Display Frame 7
301.0165 	EXP 	Display Frame 8
301.0498 	EXP 	Display Frame 9
301.0832 	EXP 	Display Frame 0
301.1165 	EXP 	Display Frame 1
301.1499 	EXP 	Display Frame 2
301.1832 	EXP 	Display Frame 3
301.2165 	EXP 	Display Frame 4
301.2498 	EXP 	Display Frame 5
301.2832 	EXP 	Display Frame 6
301.3165 	EXP 	Display Frame 7
301.3498 	EXP 	Display Frame 8
301.3832 	EXP 	Display Frame 9
301.4165 	EXP 	Display Frame 0
301.4498 	EXP 	Display Frame 1
301.4832 	EXP 	Display Frame 2
301.5165 	EXP 	Display Frame 3
301.5498 	EXP 	Display Frame 4
301.5832 	EXP 	Display Frame 5
301.6176 	EXP 	Display Frame 6
301.6498 	EXP 	Display Frame 7
301.6832 	EXP 	Display Frame 8
301.7165 	EXP 	Display Frame 9
301.7498 	EXP 	Display Frame 0
301.7832 	EXP 	Display Frame 1
301.8165 	EXP 	Display Frame 2
301.8498 	EXP 	Display Frame 3
301.8832 	EXP 	Display Frame 4
301.9165 	EXP 	Display Frame 5
301.9499 	EXP 	Display Frame 6
301.9832 	EXP 	Display Frame 7
302.0165 	EXP 	Display Frame 8
302.0498 	EXP 	Display Frame 9
302.0832 	EXP 	Display Frame 0
302.1165 	EXP 	Display Frame 1
302.1498 	EXP 	Display Frame 2
302.1832 	EXP 	Display Frame 3
302.2165 	EXP 	Display Frame 4
302.2498 	EXP 	Display Frame 5
302.2832 	EXP 	Display Frame 6
302.3165 	EXP 	Display Frame 7
302.3498 	EXP 	Display Frame 8
302.3832 	EXP 	Display Frame 9
302.4165 	EXP 	Display Frame 0
302.4498 	EXP 	Display Frame 1
302.4832 	EXP 	Display Frame 2
302.5165 	EXP 	Display Frame 3
302.5499 	EXP 	Display Frame 4
302.5832 	EXP 	Display Frame 5
302.6165 	EXP 	Display Frame 6
302.6498 	EXP 	Display Frame 7
302.6840 	EXP 	Display Frame 8
302.7165 	EXP 	Display Frame 9
302.7499 	EXP 	Display Frame 0
302.7832 	EXP 	Display Frame 1
302.8165 	EXP 	Display Frame 2
302.8498 	EXP 	Display Frame 3
302.8832 	EXP 	Display Frame 4
302.9165 	EXP 	Display Frame 5
302.9499 	EXP 	Display Frame 6
302.9832 	EXP 	Display Frame 7
303.0165 	EXP 	Display Frame 8
303.0498 	EXP 	Display Frame 9
303.0832 	EXP 	Display Frame 0
303.1165 	EXP 	Display Frame 1
303.1499 	EXP 	Display Frame 2
303.1831 	EXP 	Display Frame 3
303.2165 	EXP 	Display Frame 4
303.2500 	EXP 	Display Frame 5
303.2832 	EXP 	Display Frame 6
303.3165 	EXP 	Display Frame 7
303.3498 	EXP 	Display Frame 8
303.3832 	EXP 	Display Frame 9
303.4165 	EXP 	Display Frame 0
303.4499 	EXP 	Display Frame 1
303.4832 	EXP 	Display Frame 2
303.5165 	EXP 	Display Frame 3
303.5499 	EXP 	Display Frame 4
303.5832 	EXP 	Display Frame 5
303.6165 	EXP 	Display Frame 6
303.6498 	EXP 	Display Frame 7
303.6832 	EXP 	Display Frame 8
303.7165 	EXP 	Display Frame 9
303.7506 	EXP 	Display Frame 0
303.7832 	EXP 	Display Frame 1
303.8165 	EXP 	Display Frame 2
303.8498 	EXP 	Display Frame 3
303.8832 	EXP 	Display Frame 4
303.9165 	EXP 	Display Frame 5
303.9498 	EXP 	Display Frame 6
303.9832 	EXP 	Display Frame 7
304.0165 	EXP 	Display Frame 8
304.0498 	EXP 	Display Frame 9
304.0832 	EXP 	Display Frame 0
304.1167 	EXP 	Display Frame 1
304.1499 	EXP 	Display Frame 2
304.1832 	EXP 	Display Frame 3
304.2165 	EXP 	Display Frame 4
304.2498 	EXP 	Display Frame 5
304.2832 	EXP 	Display Frame 6
304.3165 	EXP 	Display Frame 7
304.3498 	EXP 	Display Frame 8
304.3832 	EXP 	Display Frame 9
304.4165 	EXP 	Display Frame 0
304.4498 	EXP 	Display Frame 1
304.4832 	EXP 	Display Frame 2
304.5165 	EXP 	Display Frame 3
304.5498 	EXP 	Display Frame 4
304.5832 	EXP 	Display Frame 5
304.6165 	EXP 	Display Frame 6
304.6499 	EXP 	Display Frame 7
304.6832 	EXP 	Display Frame 8
304.7165 	EXP 	Display Frame 9
304.7498 	EXP 	Display Frame 0
304.7832 	EXP 	Display Frame 1
304.8176 	EXP 	Display Frame 2
304.8498 	EXP 	Display Frame 3
304.8832 	EXP 	Display Frame 4
304.9165 	EXP 	Display Frame 5
304.9499 	EXP 	Display Frame 6
304.9832 	EXP 	Display Frame 7
305.0165 	EXP 	Display Frame 8
305.0498 	EXP 	Display Frame 9
305.0832 	EXP 	Display Frame 0
305.1165 	EXP 	Display Frame 1
305.1498 	EXP 	Display Frame 2
305.1832 	EXP 	Display Frame 3
305.2165 	EXP 	Display Frame 4
305.2499 	EXP 	Display Frame 5
305.2832 	EXP 	Display Frame 6
305.3166 	EXP 	Display Frame 7
305.3498 	EXP 	Display Frame 8
305.3832 	EXP 	Display Frame 9
305.4165 	EXP 	Display Frame 0
305.4498 	EXP 	Display Frame 1
305.4833 	DATA 	Keypress: equal
305.4843 	EXP 	Display Frame 2
305.5165 	EXP 	Display Frame 3
305.5498 	EXP 	Display Frame 4
305.5832 	EXP 	Display Frame 5
305.6165 	EXP 	Display Frame 6
305.6498 	EXP 	Display Frame 7
305.6832 	EXP 	Display Frame 8
305.7165 	EXP 	Display Frame 9
305.7498 	EXP 	Display Frame 0
305.7832 	EXP 	Display Frame 1
305.8165 	EXP 	Display Frame 2
305.8498 	EXP 	Display Frame 3
305.8842 	EXP 	Display Frame 4
305.9165 	EXP 	Display Frame 5
305.9498 	EXP 	Display Frame 6
305.9832 	EXP 	Display Frame 7
306.0165 	EXP 	Display Frame 8
306.0499 	EXP 	Display Frame 9
306.0832 	EXP 	Display Frame 0
306.1165 	EXP 	Display Frame 1
306.1499 	EXP 	Display Frame 2
306.1832 	EXP 	Display Frame 3
306.2165 	EXP 	Display Frame 4
306.2498 	EXP 	Display Frame 5
306.2832 	EXP 	Display Frame 6
306.3165 	EXP 	Display Frame 7
306.3498 	EXP 	Display Frame 8
306.3832 	EXP 	Display Frame 9
306.4165 	EXP 	Display Frame 0
306.4516 	EXP 	Display Frame 1
306.4831 	EXP 	Display Frame 2
306.5165 	EXP 	Display Frame 3
306.5498 	EXP 	Display Frame 4
306.5832 	EXP 	Display Frame 5
306.6165 	EXP 	Display Frame 6
306.6499 	EXP 	Display Frame 7
306.6832 	EXP 	Display Frame 8
306.7165 	EXP 	Display Frame 9
306.7498 	EXP 	Display Frame 0
306.7832 	EXP 	Display Frame 1
306.8165 	EXP 	Display Frame 2
306.8499 	EXP 	Display Frame 3
306.8832 	EXP 	Display Frame 4
306.9165 	EXP 	Display Frame 5
306.9509 	EXP 	Display Frame 6
306.9832 	EXP 	Display Frame 7
307.0165 	EXP 	Display Frame 8
307.0498 	EXP 	Display Frame 9
307.0832 	EXP 	Display Frame 0
307.1165 	EXP 	Display Frame 1
307.1498 	EXP 	Display Frame 2
307.1832 	EXP 	Display Frame 3
307.2165 	EXP 	Display Frame 4
307.2498 	EXP 	Display Frame 5
307.2832 	EXP 	Display Frame 6
307.3165 	EXP 	Display Frame 7
307.3498 	EXP 	Display Frame 8
307.3832 	EXP 	Display Frame 9
307.4165 	EXP 	Display Frame 0
307.4498 	EXP 	Display Frame 1
307.4832 	EXP 	Display Frame 2
307.5165 	EXP 	Display Frame 3
307.5498 	EXP 	Display Frame 4
307.5832 	EXP 	Display Frame 5
307.6165 	EXP 	Display Frame 6
307.6498 	EXP 	Display Frame 7
307.6832 	EXP 	Display Frame 8
307.7165 	EXP 	Display Frame 9
307.7499 	EXP 	Display Frame 0
307.7831 	EXP 	Display Frame 1
307.8165 	EXP 	Display Frame 2
307.8498 	EXP 	Display Frame 3
307.8832 	EXP 	Display Frame 4
307.9165 	EXP 	Display Frame 5
307.9499 	EXP 	Display Frame 6
307.9831 	EXP 	Display Frame 7
308.0175 	EXP 	Display Frame 8
308.0498 	EXP 	Display Frame 9
308.0832 	EXP 	Display Frame 0
308.1165 	EXP 	Display Frame 1
308.1499 	EXP 	Display Frame 2
308.1832 	EXP 	Display Frame 3
308.2165 	EXP 	Display Frame 4
308.2499 	EXP 	Display Frame 5
308.2832 	EXP 	Display Frame 6
308.3165 	EXP 	Display Frame 7
308.3498 	EXP 	Display Frame 8
308.3832 	EXP 	Display Frame 9
308.4165 	EXP 	Display Frame 0
308.4499 	EXP 	Display Frame 1
308.4832 	EXP 	Display Frame 2
308.5165 	EXP 	Display Frame 3
308.5499 	EXP 	Display Frame 4
308.5833 	EXP 	Display Frame 5
308.6165 	EXP 	Display Frame 6
308.6498 	EXP 	Display Frame 7
308.6832 	EXP 	Display Frame 8
308.7165 	EXP 	Display Frame 9
308.7499 	EXP 	Display Frame 0
308.7832 	EXP 	Display Frame 1
308.8165 	EXP 	Display Frame 2
308.8498 	EXP 	Display Frame 3
308.8832 	EXP 	Display Frame 4
308.9165 	EXP 	Display Frame 5
308.9499 	EXP 	Display Frame 6
308.9832 	EXP 	Display Frame 7
309.0165 	EXP 	Display Frame 8
309.0498 	EXP 	Display Frame 9
309.0841 	EXP 	Display Frame 0
309.1165 	EXP 	Display Frame 1
309.1498 	EXP 	Display Frame 2
309.1832 	EXP 	Display Frame 3
309.2165 	EXP 	Display Frame 4
309.2498 	EXP 	Display Frame 5
309.2832 	EXP 	Display Frame 6
309.3165 	EXP 	Display Frame 7
309.3499 	EXP 	Display Frame 8
309.3832 	EXP 	Display Frame 9
309.4165 	EXP 	Display Frame 0
309.4498 	EXP 	Display Frame 1
309.4832 	EXP 	Display Frame 2
309.5165 	EXP 	Display Frame 3
309.5499 	EXP 	Display Frame 4
309.5832 	EXP 	Display Frame 5
309.6165 	EXP 	Display Frame 6
309.6499 	EXP 	Display Frame 7
309.6832 	EXP 	Display Frame 8
309.7165 	EXP 	Display Frame 9
309.7499 	EXP 	Display Frame 0
309.7832 	EXP 	Display Frame 1
309.8165 	EXP 	Display Frame 2
309.8499 	EXP 	Display Frame 3
309.8832 	EXP 	Display Frame 4
309.9165 	EXP 	Display Frame 5
309.9499 	EXP 	Display Frame 6
309.9831 	EXP 	Display Frame 7
310.0165 	EXP 	Display Frame 8
310.0498 	EXP 	Display Frame 9
310.0832 	EXP 	Display Frame 0
310.1165 	EXP 	Display Frame 1
310.1505 	EXP 	Display Frame 2
310.1832 	EXP 	Display Frame 3
310.2165 	EXP 	Display Frame 4
310.2499 	EXP 	Display Frame 5
310.2832 	EXP 	Display Frame 6
310.3165 	EXP 	Display Frame 7
310.3498 	EXP 	Display Frame 8
310.3832 	EXP 	Display Frame 9
310.4165 	EXP 	Display Frame 0
310.4498 	EXP 	Display Frame 1
310.4835 	EXP 	Display Frame 2
310.5166 	EXP 	Display Frame 3
310.5499 	EXP 	Display Frame 4
310.5832 	EXP 	Display Frame 5
310.6166 	EXP 	Display Frame 6
310.6498 	EXP 	Display Frame 7
310.6833 	DATA 	Keypress: equal
310.6844 	EXP 	Display Frame 8
310.7165 	EXP 	Display Frame 9
310.7498 	EXP 	Display Frame 0
310.7832 	EXP 	Display Frame 1
310.8165 	EXP 	Display Frame 2
310.8498 	EXP 	Display Frame 3
310.8832 	EXP 	Display Frame 4
310.9165 	EXP 	Display Frame 5
310.9499 	EXP 	Display Frame 6
310.9832 	EXP 	Display Frame 7
311.0165 	EXP 	Display Frame 8
311.0498 	EXP 	Display Frame 9
311.0832 	EXP 	Display Frame 0
311.1165 	EXP 	Display Frame 1
311.1499 	EXP 	Display Frame 2
311.1832 	EXP 	Display Frame 3
311.2174 	EXP 	Display Frame 4
311.2498 	EXP 	Display Frame 5
311.2832 	EXP 	Display Frame 6
311.3165 	EXP 	Display Frame 7
311.3498 	EXP 	Display Frame 8
311.3832 	EXP 	Display Frame 9
311.4165 	EXP 	Display Frame 0
311.4499 	EXP 	Display Frame 1
311.4832 	EXP 	Display Frame 2
311.5165 	EXP 	Display Frame 3
311.5498 	EXP 	Display Frame 4
311.5832 	EXP 	Display Frame 5
311.6165 	EXP 	Display Frame 6
311.6498 	EXP 	Display Frame 7
311.6832 	EXP 	Display Frame 8
311.7165 	EXP 	Display Frame 9
311.7498 	EXP 	Display Frame 0
311.7832 	EXP 	Display Frame 1
311.8165 	EXP 	Display Frame 2
311.8498 	EXP 	Display Frame 3
311.8832 	EXP 	Display Frame 4
311.9165 	EXP 	Display Frame 5
311.9498 	EXP 	Display Frame 6
311.9832 	EXP 	Display Frame 7
312.0165 	EXP 	Display Frame 8
312.0498 	EXP 	Display Frame 9
312.0832 	EXP 	Display Frame 0
312.1165 	EXP 	Display Frame 1
312.1498 	EXP 	Display Frame 2
312.1832 	EXP 	Display Frame 3
312.2165 	EXP 	Display Frame 4
312.2498 	EXP 	Display Frame 5
312.2840 	EXP 	Display Frame 6
312.3165 	EXP 	Display Frame 7
312.3498 	EXP 	Display Frame 8
312.3832 	EXP 	Display Frame 9
312.4165 	EXP 	Display Frame 0
312.4498 	EXP 	Display Frame 1
312.4832 	EXP 	Display Frame 2
312.5165 	EXP 	Display Frame 3
312.5498 	EXP 	Display Frame 4
312.5832 	EXP 	Display Frame 5
312.6165 	EXP 	Display Frame 6
312.6499 	EXP 	Display Frame 7
312.6832 	EXP 	Display Frame 8
312.7165 	EXP 	Display Frame 9
312.7498 	EXP 	Display Frame 0
312.7832 	EXP 	Display Frame 1
312.8165 	EXP 	Display Frame 2
312.8499 	EXP 	Display Frame 3
312.8832 	EXP 	Display Frame 4
312.9165 	EXP 	Display Frame 5
312.9499 	EXP 	Display Frame 6
312.9832 	EXP 	Display Frame 7
313.0165 	EXP 	Display Frame 8
313.0498 	EXP 	Display Frame 9
313.0832 	EXP 	Display Frame 0
313.1165 	EXP 	Display Frame 1
313.1499 	EXP 	Display Frame 2
313.1832 	EXP 	Display Frame 3
313.2165 	EXP 	Display Frame 4
313.2499 	EXP 	Display Frame 5
313.2832 	EXP 	Display Frame 6
313.3165 	EXP 	Display Frame 7
313.3506 	EXP 	Display Frame 8
313.3832 	EXP 	Display Frame 9
313.4165 	EXP 	Display Frame 0
313.4498 	EXP 	Display Frame 1
313.4832 	EXP 	Display Frame 2
313.5165 	EXP 	Display Frame 3
313.5498 	EXP 	Display Frame 4
313.5831 	EXP 	Display Frame 5
313.6165 	EXP 	Display Frame 6
313.6498 	EXP 	Display Frame 7
313.6832 	EXP 	Display Frame 8
313.7165 	EXP 	Display Frame 9
313.7499 	EXP 	Display Frame 0
313.7832 	EXP 	Display Frame 1
313.8165 	EXP 	Display Frame 2
313.8498 	EXP 	Display Frame 3
313.8832 	EXP 	Display Frame 4
313.9167 	EXP 	Display Frame 5
313.9498 	EXP 	Display Frame 6
313.9832 	EXP 	Display Frame 7
314.0165 	EXP 	Display Frame 8
314.0498 	EXP 	Display Frame 9
314.0832 	EXP 	Display Frame 0
314.1165 	EXP 	Display Frame 1
314.1499 	EXP 	Display Frame 2
314.1832 	EXP 	Display Frame 3
314.2165 	EXP 	Display Frame 4
314.2498 	EXP 	Display Frame 5
314.2832 	EXP 	Display Frame 6
314.3165 	EXP 	Display Frame 7
314.3498 	EXP 	Display Frame 8
314.3832 	EXP 	Display Frame 9
314.4174 	EXP 	Display Frame 0
314.4499 	EXP 	Display Frame 1
314.4832 	EXP 	Display Frame 2
314.5165 	EXP 	Display Frame 3
314.5498 	EXP 	Display Frame 4
314.5832 	EXP 	Display Frame 5
314.6165 	EXP 	Display Frame 6
314.6499 	EXP 	Display Frame 7
314.6832 	EXP 	Display Frame 8
314.7165 	EXP 	Display Frame 9
314.7499 	EXP 	Display Frame 0
314.7832 	EXP 	Display Frame 1
314.8165 	EXP 	Display Frame 2
314.8498 	EXP 	Display Frame 3
314.8832 	EXP 	Display Frame 4
314.9165 	EXP 	Display Frame 5
314.9499 	EXP 	Display Frame 6
314.9832 	EXP 	Display Frame 7
315.0165 	EXP 	Display Frame 8
315.0498 	EXP 	Display Frame 9
315.0832 	EXP 	Display Frame 0
315.1165 	EXP 	Display Frame 1
315.1498 	EXP 	Display Frame 2
315.1832 	EXP 	Display Frame 3
315.2165 	EXP 	Display Frame 4
315.2498 	EXP 	Display Frame 5
315.2832 	EXP 	Display Frame 6
315.3165 	EXP 	Display Frame 7
315.3498 	EXP 	Display Frame 8
315.3832 	EXP 	Display Frame 9
315.4165 	EXP 	Display Frame 0
315.4498 	EXP 	Display Frame 1
315.4839 	EXP 	Display Frame 2
315.5165 	EXP 	Display Frame 3
315.5498 	EXP 	Display Frame 4
315.5832 	EXP 	Display Frame 5
315.6165 	EXP 	Display Frame 6
315.6498 	EXP 	Display Frame 7
315.6832 	EXP 	Display Frame 8
315.7166 	EXP 	Display Frame 9
315.7499 	EXP 	Display Frame 0
315.7832 	EXP 	Display Frame 1
315.8165 	EXP 	Display Frame 2
315.8498 	EXP 	Display Frame 3
315.8833 	DATA 	Keypress: equal
315.8844 	EXP 	Display Frame 4
315.9165 	EXP 	Display Frame 5
315.9498 	EXP 	Display Frame 6
315.9832 	EXP 	Display Frame 7
316.0165 	EXP 	Display Frame 8
316.0498 	EXP 	Display Frame 9
316.0832 	EXP 	Display Frame 0
316.1165 	EXP 	Display Frame 1
316.1499 	EXP 	Display Frame 2
316.1831 	EXP 	Display Frame 3
316.2165 	EXP 	Display Frame 4
316.2498 	EXP 	Display Frame 5
316.2832 	EXP 	Display Frame 6
316.3165 	EXP 	Display Frame 7
316.3498 	EXP 	Display Frame 8
316.3831 	EXP 	Display Frame 9
316.4165 	EXP 	Display Frame 0
316.4498 	EXP 	Display Frame 1
316.4832 	EXP 	Display Frame 2
316.5165 	EXP 	Display Frame 3
316.5510 	EXP 	Display Frame 4
316.5832 	EXP 	Display Frame 5
316.6165 	EXP 	Display Frame 6
316.6499 	EXP 	Display Frame 7
316.6831 	EXP 	Display Frame 8
316.7165 	EXP 	Display Frame 9
316.7498 	EXP 	Display Frame 0
316.7832 	EXP 	Display Frame 1
316.8167 	EXP 	Display Frame 2
316.8499 	EXP 	Display Frame 3
316.8832 	EXP 	Display Frame 4
316.9165 	EXP 	Display Frame 5
316.9498 	EXP 	Display Frame 6
316.9832 	EXP 	Display Frame 7
317.0165 	EXP 	Display Frame 8
317.0499 	EXP 	Display Frame 9
317.0832 	EXP 	Display Frame 0
317.1165 	EXP 	Display Frame 1
317.1499 	EXP 	Display Frame 2
317.1832 	EXP 	Display Frame 3
317.2165 	EXP 	Display Frame 4
317.2498 	EXP 	Display Frame 5
317.2832 	EXP 	Display Frame 6
317.3165 	EXP 	Display Frame 7
317.3499 	EXP 	Display Frame 8
317.3832 	EXP 	Display Frame 9
317.4165 	EXP 	Display Frame 0
317.4499 	EXP 	Display Frame 1
317.4832 	EXP 	Display Frame 2
317.5165 	EXP 	Display Frame 3
317.5498 	EXP 	Display Frame 4
317.5832 	EXP 	Display Frame 5
317.6175 	EXP 	Display Frame 6
317.6498 	EXP 	Display Frame 7
317.6832 	EXP 	Display Frame 8
317.7165 	EXP 	Display Frame 9
317.7499 	EXP 	Display Frame 0
317.7831 	EXP 	Display Frame 1
317.8165 	EXP 	Display Frame 2
317.8498 	EXP 	Display Frame 3
317.8832 	EXP 	Display Frame 4
317.9165 	EXP 	Display Frame 5
317.9498 	EXP 	Display Frame 6
317.9832 	EXP 	Display Frame 7
318.0165 	EXP 	Display Frame 8
318.0498 	EXP 	Display Frame 9
318.0832 	EXP 	Display Frame 0
318.1165 	EXP 	Display Frame 1
318.1499 	EXP 	Display Frame 2
318.1832 	EXP 	Display Frame 3
318.2165 	EXP 	Display Frame 4
318.2498 	EXP 	Display Frame 5
318.2832 	EXP 	Display Frame 6
318.3165 	EXP 	Display Frame 7
318.3499 	EXP 	Display Frame 8
318.3832 	EXP 	Display Frame 9
318.4165 	EXP 	Display Frame 0
318.4498 	EXP 	Display Frame 1
318.4832 	EXP 	Display Frame 2
318.5165 	EXP 	Display Frame 3
318.5499 	EXP 	Display Frame 4
318.5832 	EXP 	Display Frame 5
318.6165 	EXP 	Display Frame 6
318.6499 	EXP 	Display Frame 7
318.6842 	EXP 	Display Frame 8
318.7165 	EXP 	Display Frame 9
318.7498 	EXP 	Display Frame 0
318.7832 	EXP 	Display Frame 1
318.8165 	EXP 	Display Frame 2
318.8498 	EXP 	Display Frame 3
318.8832 	EXP 	Display Frame 4
318.9165 	EXP 	Display Frame 5
318.9498 	EXP 	Display Frame 6
318.9832 	EXP 	Display Frame 7
319.0165 	EXP 	Display Frame 8
319.0498 	EXP 	Display Frame 9
319.0832 	EXP 	Display Frame 0
319.1165 	EXP 	Display Frame 1
319.1499 	EXP 	Display Frame 2
319.1832 	EXP 	Display Frame 3
319.2166 	EXP 	Display Frame 4
319.2499 	EXP 	Display Frame 5
319.2832 	EXP 	Display Frame 6
319.3165 	EXP 	Display Frame 7
319.3498 	EXP 	Display Frame 8
319.3832 	EXP 	Display Frame 9
319.4165 	EXP 	Display Frame 0
319.4499 	EXP 	Display Frame 1
319.4832 	EXP 	Display Frame 2
319.5165 	EXP 	Display Frame 3
319.5498 	EXP 	Display Frame 4
319.5832 	EXP 	Display Frame 5
319.6166 	EXP 	Display Frame 6
319.6499 	EXP 	Display Frame 7
319.6833 	EXP 	Display Frame 8
319.7165 	EXP 	Display Frame 9
319.7508 	EXP 	Display Frame 0
319.7832 	EXP 	Display Frame 1
319.8165 	EXP 	Display Frame 2
319.8498 	EXP 	Display Frame 3
319.8832 	EXP 	Display Frame 4
319.9165 	EXP 	Display Frame 5
319.9499 	EXP 	Display Frame 6
319.9832 	EXP 	Display Frame 7
320.0165 	EXP 	Display Frame 8
320.0498 	EXP 	Display Frame 9
320.0832 	EXP 	Display Frame 0
320.1165 	EXP 	Display Frame 1
320.1498 	EXP 	Display Frame 2
320.1832 	EXP 	Display Frame 3
320.2165 	EXP 	Display Frame 4
320.2498 	EXP 	Display Frame 5
320.2832 	EXP 	Display Frame 6
320.3165 	EXP 	Display Frame 7
320.3498 	EXP 	Display Frame 8
320.3832 	EXP 	Display Frame 9
320.4165 	EXP 	Display Frame 0
320.4498 	EXP 	Display Frame 1
320.4832 	EXP 	Display Frame 2
320.5165 	EXP 	Display Frame 3
320.5498 	EXP 	Display Frame 4
320.5831 	EXP 	Display Frame 5
320.6165 	EXP 	Display Frame 6
320.6498 	EXP 	Display Frame 7
320.6832 	EXP 	Display Frame 8
320.7165 	EXP 	Display Frame 9
320.7498 	EXP 	Display Frame 0
320.7832 	EXP 	Display Frame 1
320.8175 	EXP 	Display Frame 2
320.8498 	EXP 	Display Frame 3
320.8832 	EXP 	Display Frame 4
320.9165 	EXP 	Display Frame 5
320.9499 	EXP 	Display Frame 6
320.9832 	EXP 	Display Frame 7
321.0165 	EXP 	Display Frame 8
321.0498 	EXP 	Display Frame 9
321.0506 	DATA 	Keypress: equal
321.0832 	EXP 	Display Frame 0
321.1165 	EXP 	Display Frame 1
321.1498 	EXP 	Display Frame 2
321.1832 	EXP 	Display Frame 3
321.2165 	EXP 	Display Frame 4
321.2499 	EXP 	Display Frame 5
321.2832 	EXP 	Display Frame 6
321.3165 	EXP 	Display Frame 7
321.3498 	EXP 	Display Frame 8
321.3832 	EXP 	Display Frame 9
321.4165 	EXP 	Display Frame 0
321.4499 	EXP 	Display Frame 1
321.4832 	EXP 	Display Frame 2
321.5165 	EXP 	Display Frame 3
321.5499 	EXP 	Display Frame 4
321.5832 	EXP 	Display Frame 5
321.6165 	EXP 	Display Frame 6
321.6498 	EXP 	Display Frame 7
321.6832 	EXP 	Display Frame 8
321.7165 	EXP 	Display Frame 9
321.7499 	EXP 	Display Frame 0
321.7832 	EXP 	Display Frame 1
321.8165 	EXP 	Display Frame 2
321.8498 	EXP 	Display Frame 3
321.8842 	EXP 	Display Frame 4
321.9165 	EXP 	Display Frame 5
321.9498 	EXP 	Display Frame 6
321.9832 	EXP 	Display Frame 7
322.0165 	EXP 	Display Frame 8
322.0498 	EXP 	Display Frame 9
322.0832 	EXP 	Display Frame 0
322.1165 	EXP 	Display Frame 1
322.1498 	EXP 	Display Frame 2
322.1832 	EXP 	Display Frame 3
322.2165 	EXP 	Display Frame 4
322.2498 	EXP 	Display Frame 5
322.2832 	EXP 	Display Frame 6
322.3165 	EXP 	Display Frame 7
322.3499 	EXP 	Display Frame 8
322.3832 	EXP 	Display Frame 9
322.4165 	EXP 	Display Frame 0
322.4499 	EXP 	Display Frame 1
322.4832 	EXP 	Display Frame 2
322.5165 	EXP 	Display Frame 3
322.5498 	EXP 	Display Frame 4
322.5832 	EXP 	Display Frame 5
322.6165 	EXP 	Display Frame 6
322.6498 	EXP 	Display Frame 7
322.6831 	EXP 	Display Frame 8
322.7165 	EXP 	Display Frame 9
322.7498 	EXP 	Display Frame 0
322.7832 	EXP 	Display Frame 1
322.8165 	EXP 	Display Frame 2
322.8498 	EXP 	Display Frame 3
322.8831 	EXP 	Display Frame 4
322.9165 	EXP 	Display Frame 5
322.9507 	EXP 	Display Frame 6
322.9832 	EXP 	Display Frame 7
323.0165 	EXP 	Display Frame 8
323.0498 	EXP 	Display Frame 9
323.0832 	EXP 	Display Frame 0
323.1165 	EXP 	Display Frame 1
323.1501 	EXP 	Display Frame 2
323.1832 	EXP 	Display Frame 3
323.2165 	EXP 	Display Frame 4
323.2498 	EXP 	Display Frame 5
323.2832 	EXP 	Display Frame 6
323.3165 	EXP 	Display Frame 7
323.3498 	EXP 	Display Frame 8
323.3832 	EXP 	Display Frame 9
323.4165 	EXP 	Display Frame 0
323.4498 	EXP 	Display Frame 1
323.4832 	EXP 	Display Frame 2
323.5165 	EXP 	Display Frame 3
323.5498 	EXP 	Display Frame 4
323.5832 	EXP 	Display Frame 5
323.6166 	EXP 	Display Frame 6
323.6498 	EXP 	Display Frame 7
323.6832 	EXP 	Display Frame 8
323.7165 	EXP 	Display Frame 9
323.7499 	EXP 	Display Frame 0
323.7832 	EXP 	Display Frame 1
323.8165 	EXP 	Display Frame 2
323.8498 	EXP 	Display Frame 3
323.8832 	EXP 	Display Frame 4
323.9165 	EXP 	Display Frame 5
323.9498 	EXP 	Display Frame 6
323.9832 	EXP 	Display Frame 7
324.0174 	EXP 	Display Frame 8
324.0498 	EXP 	Display Frame 9
324.0832 	EXP 	Display Frame 0
324.1165 	EXP 	Display Frame 1
324.1498 	EXP 	Display Frame 2
324.1832 	EXP 	Display Frame 3
324.2165 	EXP 	Display Frame 4
324.2502 	EXP 	Display Frame 5
324.2834 	EXP 	Display Frame 6
324.3167 	EXP 	Display Frame 7
324.3498 	EXP 	Display Frame 8
324.3832 	EXP 	Display Frame 9
324.4165 	EXP 	Display Frame 0
324.4498 	EXP 	Display Frame 1
324.4832 	EXP 	Display Frame 2
324.5165 	EXP 	Display Frame 3
324.5499 	EXP 	Display Frame 4
324.5833 	EXP 	Display Frame 5
324.6165 	EXP 	Display Frame 6
324.6498 	EXP 	Display Frame 7
324.6832 	EXP 	Display Frame 8
324.7165 	EXP 	Display Frame 9
324.7498 	EXP 	Display Frame 0
324.7832 	EXP 	Display Frame 1
324.8165 	EXP 	Display Frame 2
324.8498 	EXP 	Display Frame 3
324.8832 	EXP 	Display Frame 4
324.9165 	EXP 	Display Frame 5
324.9498 	EXP 	Display Frame 6
324.9832 	EXP 	Display Frame 7
325.0165 	EXP 	Display Frame 8
325.0498 	EXP 	Display Frame 9
325.0841 	EXP 	Display Frame 0
325.1165 	EXP 	Display Frame 1
325.1498 	EXP 	Display Frame 2
325.1832 	EXP 	Display Frame 3
325.2165 	EXP 	Display Frame 4
325.2498 	EXP 	Display Frame 5
325.2832 	EXP 	Display Frame 6
325.3165 	EXP 	Display Frame 7
325.3498 	EXP 	Display Frame 8
325.3832 	EXP 	Display Frame 9
325.4165 	EXP 	Display Frame 0
325.4498 	EXP 	Display Frame 1
325.4832 	EXP 	Display Frame 2
325.5165 	EXP 	Display Frame 3
325.5498 	EXP 	Display Frame 4
325.5832 	EXP 	Display Frame 5
325.6165 	EXP 	Display Frame 6
325.6498 	EXP 	Display Frame 7
325.6832 	EXP 	Display Frame 8
325.7165 	EXP 	Display Frame 9
325.7499 	EXP 	Display Frame 0
325.7832 	EXP 	Display Frame 1
325.8165 	EXP 	Display Frame 2
325.8498 	EXP 	Display Frame 3
325.8832 	EXP 	Display Frame 4
325.9165 	EXP 	Display Frame 5
325.9499 	EXP 	Display Frame 6
325.9832 	EXP 	Display Frame 7
326.0165 	EXP 	Display Frame 8
326.0499 	EXP 	Display Frame 9
326.0832 	EXP 	Display Frame 0
326.1165 	EXP 	Display Frame 1
326.1499 	EXP 	Display Frame 2
326.1832 	EXP 	Display Frame 3
326.2165 	EXP 	Display Frame 4
326.2500 	DATA 	Keypress: equal
326.2511 	EXP 	Display Frame 5
326.2565 	EXP 	Display Fixation
331.4375 	DATA 	Keypress: equal
336.6304 	DATA 	Keypress: equal
341.8245 	DATA 	Keypress: equal
347.0187 	DATA 	Keypress: equal
352.2121 	DATA 	Keypress: equal
357.4056 	DATA 	Keypress: equal
357.4401 	EXP 	Display Frame 1
357.4733 	EXP 	Display Frame 2
357.5067 	EXP 	Display Frame 3
357.5399 	EXP 	Display Frame 4
357.5734 	EXP 	Display Frame 5
357.6067 	EXP 	Display Frame 6
357.6400 	EXP 	Display Frame 7
357.6733 	EXP 	Display Frame 8
357.7067 	EXP 	Display Frame 9
357.7400 	EXP 	Display Frame 0
357.7733 	EXP 	Display Frame 1
357.8066 	EXP 	Display Frame 2
357.8400 	EXP 	Display Frame 3
357.8733 	EXP 	Display Frame 4
357.9066 	EXP 	Display Frame 5
357.9400 	EXP 	Display Frame 6
357.9733 	EXP 	Display Frame 7
358.0066 	EXP 	Display Frame 8
358.0400 	EXP 	Display Frame 9
358.0733 	EXP 	Display Frame 0
358.1067 	EXP 	Display Frame 1
358.1399 	EXP 	Display Frame 2
358.1733 	EXP 	Display Frame 3
358.2066 	EXP 	Display Frame 4
358.2400 	EXP 	Display Frame 5
358.2733 	EXP 	Display Frame 6
358.3066 	EXP 	Display Frame 7
358.3400 	EXP 	Display Frame 8
358.3733 	EXP 	Display Frame 9
358.4067 	EXP 	Display Frame 0
358.4400 	EXP 	Display Frame 1
358.4733 	EXP 	Display Frame 2
358.5066 	EXP 	Display Frame 3
358.5399 	EXP 	Display Frame 4
358.5733 	EXP 	Display Frame 5
358.6066 	EXP 	Display Frame 6
358.6399 	EXP 	Display Frame 7
358.6733 	EXP 	Display Frame 8
358.7066 	EXP 	Display Frame 9
358.7400 	EXP 	Display Frame 0
358.7733 	EXP 	Display Frame 1
358.8066 	EXP 	Display Frame 2
358.8399 	EXP 	Display Frame 3
358.8733 	EXP 	Display Frame 4
358.9066 	EXP 	Display Frame 5
358.9399 	EXP 	Display Frame 6
358.9733 	EXP 	Display Frame 7
359.0066 	EXP 	Display Frame 8
359.0399 	EXP 	Display Frame 9
359.0733 	EXP 	Display Frame 0
359.1066 	EXP 	Display Frame 1
359.1399 	EXP 	Display Frame 2
359.1733 	EXP 	Display Frame 3
359.2066 	EXP 	Display Frame 4
359.2400 	EXP 	Display Frame 5
359.2733 	EXP 	Display Frame 6
359.3066 	EXP 	Display Frame 7
359.3399 	EXP 	Display Frame 8
359.3733 	EXP 	Display Frame 9
359.4066 	EXP 	Display Frame 0
359.4400 	EXP 	Display Frame 1
359.4733 	EXP 	Display Frame 2
359.5066 	EXP 	Display Frame 3
359.5399 	EXP 	Display Frame 4
359.5733 	EXP 	Display Frame 5
359.6066 	EXP 	Display Frame 6
359.6400 	EXP 	Display Frame 7
359.6733 	EXP 	Display Frame 8
359.7066 	EXP 	Display Frame 9
359.7399 	EXP 	Display Frame 0
359.7733 	EXP 	Display Frame 1
359.8066 	EXP 	Display Frame 2
359.8399 	EXP 	Display Frame 3
359.8733 	EXP 	Display Frame 4
359.9066 	EXP 	Display Frame 5
359.9399 	EXP 	Display Frame 6
359.9733 	EXP 	Display Frame 7
360.0066 	EXP 	Display Frame 8
360.0399 	EXP 	Display Frame 9
360.0735 	EXP 	Display Frame 0
360.1067 	EXP 	Display Frame 1
360.1400 	EXP 	Display Frame 2
360.1733 	EXP 	Display Frame 3
360.2066 	EXP 	Display Frame 4
360.2399 	EXP 	Display Frame 5
360.2733 	EXP 	Display Frame 6
360.3066 	EXP 	Display Frame 7
360.3400 	EXP 	Display Frame 8
360.3733 	EXP 	Display Frame 9
360.4066 	EXP 	Display Frame 0
360.4399 	EXP 	Display Frame 1
360.4733 	EXP 	Display Frame 2
360.5066 	EXP 	Display Frame 3
360.5399 	EXP 	Display Frame 4
360.5733 	EXP 	Display Frame 5
360.6066 	EXP 	Display Frame 6
360.6400 	EXP 	Display Frame 7
360.6732 	EXP 	Display Frame 8
360.7066 	EXP 	Display Frame 9
360.7399 	EXP 	Display Frame 0
360.7733 	EXP 	Display Frame 1
360.8066 	EXP 	Display Frame 2
360.8399 	EXP 	Display Frame 3
360.8733 	EXP 	Display Frame 4
360.9066 	EXP 	Display Frame 5
360.9399 	EXP 	Display Frame 6
360.9733 	EXP 	Display Frame 7
361.0066 	EXP 	Display Frame 8
361.0399 	EXP 	Display Frame 9
361.0733 	EXP 	Display Frame 0
361.1066 	EXP 	Display Frame 1
361.1400 	EXP 	Display Frame 2
361.1733 	EXP 	Display Frame 3
361.2066 	EXP 	Display Frame 4
361.2400 	EXP 	Display Frame 5
361.2733 	EXP 	Display Frame 6
361.3066 	EXP 	Display Frame 7
361.3399 	EXP 	Display Frame 8
361.3733 	EXP 	Display Frame 9
361.4066 	EXP 	Display Frame 0
361.4399 	EXP 	Display Frame 1
361.4733 	EXP 	Display Frame 2
361.5066 	EXP 	Display Frame 3
361.5400 	EXP 	Display Frame 4
361.5733 	EXP 	Display Frame 5
361.6066 	EXP 	Display Frame 6
361.6399 	EXP 	Display Frame 7
361.6732 	EXP 	Display Frame 8
361.7066 	EXP 	Display Frame 9
361.7399 	EXP 	Display Frame 0
361.7733 	EXP 	Display Frame 1
361.8068 	EXP 	Display Frame 2
361.8400 	EXP 	Display Frame 3
361.8733 	EXP 	Display Frame 4
361.9066 	EXP 	Display Frame 5
361.9400 	EXP 	Display Frame 6
361.9733 	EXP 	Display Frame 7
362.0066 	EXP 	Display Frame 8
362.0399 	EXP 	Display Frame 9
362.0733 	EXP 	Display Frame 0
362.1066 	EXP 	Display Frame 1
362.1399 	EXP 	Display Frame 2
362.1732 	EXP 	Display Frame 3
362.2066 	EXP 	Display Frame 4
362.2400 	EXP 	Display Frame 5
362.2733 	EXP 	Display Frame 6
362.3066 	EXP 	Display Frame 7
362.3399 	EXP 	Display Frame 8
362.3733 	EXP 	Display Frame 9
362.4066 	EXP 	Display Frame 0
362.4399 	EXP 	Display Frame 1
362.4733 	EXP 	Display Frame 2
362.5066 	EXP 	Display Frame 3
362.5399 	EXP 	Display Frame 4
362.5733 	EXP 	Display Frame 5
362.6067 	DATA 	Keypress: equal
362.6078 	EXP 	Display Frame 6
362.6399 	EXP 	Display Frame 7
362.6733 	EXP 	Display Frame 8
362.7066 	EXP 	Display Frame 9
362.7399 	EXP 	Display Frame 0
362.7733 	EXP 	Display Frame 1
362.8066 	EXP 	Display Frame 2
362.8399 	EXP 	Display Frame 3
362.8732 	EXP 	Display Frame 4
362.9066 	EXP 	Display Frame 5
362.9399 	EXP 	Display Frame 6
362.9733 	EXP 	Display Frame 7
363.0066 	EXP 	Display Frame 8
363.0399 	EXP 	Display Frame 9
363.0733 	EXP 	Display Frame 0
363.1066 	EXP 	Display Frame 1
363.1400 	EXP 	Display Frame 2
363.1733 	EXP 	Display Frame 3
363.2066 	EXP 	Display Frame 4
363.2399 	EXP 	Display Frame 5
363.2733 	EXP 	Display Frame 6
363.3066 	EXP 	Display Frame 7
363.3399 	EXP 	Display Frame 8
363.3733 	EXP 	Display Frame 9
363.4066 	EXP 	Display Frame 0
363.4400 	EXP 	Display Frame 1
363.4733 	EXP 	Display Frame 2
363.5066 	EXP 	Display Frame 3
363.5399 	EXP 	Display Frame 4
363.5733 	EXP 	Display Frame 5
363.6066 	EXP 	Display Frame 6
363.6399 	EXP 	Display Frame 7
363.6732 	EXP 	Display Frame 8
363.7066 	EXP 	Display Frame 9
363.7399 	EXP 	Display Frame 0
363.7733 	EXP 	Display Frame 1
363.8066 	EXP 	Display Frame 2
363.8400 	EXP 	Display Frame 3
363.8733 	EXP 	Display Frame 4
363.9066 	EXP 	Display Frame 5
363.9399 	EXP 	Display Frame 6
363.9733 	EXP 	Display Frame 7
364.0066 	EXP 	Display Frame 8
364.0400 	EXP 	Display Frame 9
364.0733 	EXP 	Display Frame 0
364.1066 	EXP 	Display Frame 1
364.1399 	EXP 	Display Frame 2
364.1733 	EXP 	Display Frame 3
364.2066 	EXP 	Display Frame 4
364.2400 	EXP 	Display Frame 5
364.2733 	EXP 	Display Frame 6
364.3066 	EXP 	Display Frame 7
364.3399 	EXP 	Display Frame 8
364.3732 	EXP 	Display Frame 9
364.4066 	EXP 	Display Frame 0
364.4399 	EXP 	Display Frame 1
364.4733 	EXP 	Display Frame 2
364.5066 	EXP 	Display Frame 3
364.5399 	EXP 	Display Frame 4
364.5733 	EXP 	Display Frame 5
364.6066 	EXP 	Display Frame 6
364.6399 	EXP 	Display Frame 7
364.6733 	EXP 	Display Frame 8
364.7066 	EXP 	Display Frame 9
364.7399 	EXP 	Display Frame 0
364.7733 	EXP 	Display Frame 1
364.8066 	EXP 	Display Frame 2
364.8399 	EXP 	Display Frame 3
364.8733 	EXP 	Display Frame 4
364.9066 	EXP 	Display Frame 5
364.9400 	EXP 	Display Frame 6
364.9733 	EXP 	Display Frame 7
365.0066 	EXP 	Display Frame 8
365.0399 	EXP 	Display Frame 9
365.0733 	EXP 	Display Frame 0
365.1066 	EXP 	Display Frame 1
365.1399 	EXP 	Display Frame 2
365.1733 	EXP 	Display Frame 3
365.2066 	EXP 	Display Frame 4
365.2400 	EXP 	Display Frame 5
365.2733 	EXP 	Display Frame 6
365.3066 	EXP 	Display Frame 7
365.3399 	EXP 	Display Frame 8
365.3733 	EXP 	Display Frame 9
365.4066 	EXP 	Display Frame 0
365.4399 	EXP 	Display Frame 1
365.4733 	EXP 	Display Frame 2
365.5066 	EXP 	Display Frame 3
365.5399 	EXP 	Display Frame 4
365.5733 	EXP 	Display Frame 5
365.6066 	EXP 	Display Frame 6
365.6399 	EXP 	Display Frame 7
365.6733 	EXP 	Display Frame 8
365.7066 	EXP 	Display Frame 9
365.7399 	EXP 	Display Frame 0
365.7733 	EXP 	Display Frame 1
365.8066 	EXP 	Display Frame 2
365.8399 	EXP 	Display Frame 3
365.8732 	EXP 	Display Frame 4
365.9066 	EXP 	Display Frame 5
365.9399 	EXP 	Display Frame 6
365.9733 	EXP 	Display Frame 7
366.0066 	EXP 	Display Frame 8
366.0399 	EXP 	Display Frame 9
366.0733 	EXP 	Display Frame 0
366.1066 	EXP 	Display Frame 1
366.1399 	EXP 	Display Frame 2
366.1733 	EXP 	Display Frame 3
366.2066 	EXP 	Display Frame 4
366.2399 	EXP 	Display Frame 5
366.2733 	EXP 	Display Frame 6
366.3066 	EXP 	Display Frame 7
366.3399 	EXP 	Display Frame 8
366.3733 	EXP 	Display Frame 9
366.4068 	EXP 	Display Frame 0
366.4400 	EXP 	Display Frame 1
366.4733 	EXP 	Display Frame 2
366.5066 	EXP 	Display Frame 3
366.5399 	EXP 	Display Frame 4
366.5733 	EXP 	Display Frame 5
366.6066 	EXP 	Display Frame 6
366.6400 	EXP 	Display Frame 7
366.6733 	EXP 	Display Frame 8
366.7066 	EXP 	Display Frame 9
366.7400 	EXP 	Display Frame 0
366.7733 	EXP 	Display Frame 1
366.8066 	EXP 	Display Frame 2
366.8399 	EXP 	Display Frame 3
366.8733 	EXP 	Display Frame 4
366.9066 	EXP 	Display Frame 5
366.9400 	EXP 	Display Frame 6
366.9733 	EXP 	Display Frame 7
367.0066 	EXP 	Display Frame 8
367.0399 	EXP 	Display Frame 9
367.0733 	EXP 	Display Frame 0
367.1066 	EXP 	Display Frame 1
367.1400 	EXP 	Display Frame 2
367.1734 	EXP 	Display Frame 3
367.2066 	EXP 	Display Frame 4
367.2399 	EXP 	Display Frame 5
367.2733 	EXP 	Display Frame 6
367.3067 	EXP 	Display Frame 7
367.3400 	EXP 	Display Frame 8
367.3733 	EXP 	Display Frame 9
367.4066 	EXP 	Display Frame 0
367.4400 	EXP 	Display Frame 1
367.4733 	EXP 	Display Frame 2
367.5066 	EXP 	Display Frame 3
367.5399 	EXP 	Display Frame 4
367.5733 	EXP 	Display Frame 5
367.6066 	EXP 	Display Frame 6
367.6400 	EXP 	Display Frame 7
367.6732 	EXP 	Display Frame 8
367.7066 	EXP 	Display Frame 9
367.7399 	EXP 	Display Frame 0
367.7733 	EXP 	Display Frame 1
367.8067 	DATA 	Keypress: equal
367.8078 	EXP 	Display Frame 2
367.8399 	EXP 	Display Frame 3
367.8732 	EXP 	Display Frame 4
367.9066 	EXP 	Display Frame 5
367.9400 	EXP 	Display Frame 6
367.9733 	EXP 	Display Frame 7
368.0066 	EXP 	Display Frame 8
368.0399 	EXP 	Display Frame 9
368.0733 	EXP 	Display Frame 0
368.1066 	EXP 	Display Frame 1
368.1399 	EXP 	Display Frame 2
368.1732 	EXP 	Display Frame 3
368.2066 	EXP 	Display Frame 4
368.2399 	EXP 	Display Frame 5
368.2733 	EXP 	Display Frame 6
368.3066 	EXP 	Display Frame 7
368.3400 	EXP 	Display Frame 8
368.3732 	EXP 	Display Frame 9
368.4066 	EXP 	Display Frame 0
368.4400 	EXP 	Display Frame 1
368.4733 	EXP 	Display Frame 2
368.5066 	EXP 	Display Frame 3
368.5399 	EXP 	Display Frame 4
368.5733 	EXP 	Display Frame 5
368.6066 	EXP 	Display Frame 6
368.6400 	EXP 	Display Frame 7
368.6732 	EXP 	Display Frame 8
368.7066 	EXP 	Display Frame 9
368.7399 	EXP 	Display Frame 0
368.7733 	EXP 	Display Frame 1
368.8066 	EXP 	Display Frame 2
368.8400 	EXP 	Display Frame 3
368.8733 	EXP 	Display Frame 4
368.9066 	EXP 	Display Frame 5
368.9400 	EXP 	Display Frame 6
368.9733 	EXP 	Display Frame 7
369.0066 	EXP 	Display Frame 8
369.0399 	EXP 	Display Frame 9
369.0733 	EXP 	Display Frame 0
369.1066 	EXP 	Display Frame 1
369.1400 	EXP 	Display Frame 2
369.1732 	EXP 	Display Frame 3
369.2066 	EXP 	Display Frame 4
369.2400 	EXP 	Display Frame 5
369.2733 	EXP 	Display Frame 6
369.3066 	EXP 	Display Frame 7
369.3399 	EXP 	Display Frame 8
369.3733 	EXP 	Display Frame 9
369.4066 	EXP 	Display Frame 0
369.4400 	EXP 	Display Frame 1
369.4733 	EXP 	Display Frame 2
369.5066 	EXP 	Display Frame 3
369.5399 	EXP 	Display Frame 4
369.5733 	EXP 	Display Frame 5
369.6066 	EXP 	Display Frame 6
369.6399 	EXP 	Display Frame 7
369.6733 	EXP 	Display Frame 8
369.7066 	EXP 	Display Frame 9
369.7399 	EXP 	Display Frame 0
369.7733 	EXP 	Display Frame 1
369.8066 	EXP 	Display Frame 2
369.8400 	EXP 	Display Frame 3
369.8733 	EXP 	Display Frame 4
369.9066 	EXP 	Display Frame 5
369.9399 	EXP 	Display Frame 6
369.9733 	EXP 	Display Frame 7
370.0066 	EXP 	Display Frame 8
370.0399 	EXP 	Display Frame 9
370.0733 	EXP 	Display Frame 0
370.1066 	EXP 	Display Frame 1
370.1400 	EXP 	Display Frame 2
370.1733 	EXP 	Display Frame 3
370.2066 	EXP 	Display Frame 4
370.2399 	EXP 	Display Frame 5
370.2733 	EXP 	Display Frame 6
370.3066 	EXP 	Display Frame 7
370.3399 	EXP 	Display Frame 8
370.3732 	EXP 	Display Frame 9
370.4066 	EXP 	Display Frame 0
370.4399 	EXP 	Display Frame 1
370.4733 	EXP 	Display Frame 2
370.5066 	EXP 	Display Frame 3
370.5399 	EXP 	Display Frame 4
370.5733 	EXP 	Display Frame 5
370.6066 	EXP 	Display Frame 6
370.6400 	EXP 	Display Frame 7
370.6732 	EXP 	Display Frame 8
370.7066 	EXP 	Display Frame 9
370.7399 	EXP 	Display Frame 0
370.7733 	EXP 	Display Frame 1
370.8066 	EXP 	Display Frame 2
370.8399 	EXP 	Display Frame 3
370.8733 	EXP 	Display Frame 4
370.9066 	EXP 	Display Frame 5
370.9400 	EXP 	Display Frame 6
370.9733 	EXP 	Display Frame 7
371.0066 	EXP 	Display Frame 8
371.0399 	EXP 	Display Frame 9
371.0733 	EXP 	Display Frame 0
371.1066 	EXP 	Display Frame 1
371.1400 	EXP 	Display Frame 2
371.1733 	EXP 	Display Frame 3
371.2066 	EXP 	Display Frame 4
371.2400 	EXP 	Display Frame 5
371.2733 	EXP 	Display Frame 6
371.3066 	EXP 	Display Frame 7
371.3399 	EXP 	Display Frame 8
371.3733 	EXP 	Display Frame 9
371.4066 	EXP 	Display Frame 0
371.4400 	EXP 	Display Frame 1
371.4732 	EXP 	Display Frame 2
371.5066 	EXP 	Display Frame 3
371.5399 	EXP 	Display Frame 4
371.5733 	EXP 	Display Frame 5
371.6066 	EXP 	Display Frame 6
371.6399 	EXP 	Display Frame 7
371.6733 	EXP 	Display Frame 8
371.7066 	EXP 	Display Frame 9
371.7399 	EXP 	Display Frame 0
371.7733 	EXP 	Display Frame 1
371.8066 	EXP 	Display Frame 2
371.8399 	EXP 	Display Frame 3
371.8732 	EXP 	Display Frame 4
371.9066 	EXP 	Display Frame 5
371.9400 	EXP 	Display Frame 6
371.9733 	EXP 	Display Frame 7
372.0066 	EXP 	Display Frame 8
372.0400 	EXP 	Display Frame 9
372.0733 	EXP 	Display Frame 0
372.1066 	EXP 	Display Frame 1
372.1399 	EXP 	Display Frame 2
372.1732 	EXP 	Display Frame 3
372.2066 	EXP 	Display Frame 4
372.2399 	EXP 	Display Frame 5
372.2733 	EXP 	Display Frame 6
372.3066 	EXP 	Display Frame 7
372.3399 	EXP 	Display Frame 8
372.3733 	EXP 	Display Frame 9
372.4066 	EXP 	Display Frame 0
372.4400 	EXP 	Display Frame 1
372.4733 	EXP 	Display Frame 2
372.5068 	EXP 	Display Frame 3
372.5399 	EXP 	Display Frame 4
372.5733 	EXP 	Display Frame 5
372.6066 	EXP 	Display Frame 6
372.6400 	EXP 	Display Frame 7
372.6732 	EXP 	Display Frame 8
372.7066 	EXP 	Display Frame 9
372.7399 	EXP 	Display Frame 0
372.7736 	EXP 	Display Frame 1
372.8066 	EXP 	Display Frame 2
372.8400 	EXP 	Display Frame 3
372.8734 	EXP 	Display Frame 4
372.9066 	EXP 	Display Frame 5
372.9400 	EXP 	Display Frame 6
372.9733 	EXP 	Display Frame 7
373.0067 	DATA 	Keypress: equal
373.0077 	EXP 	Display Frame 8
373.0399 	EXP 	Display Frame 9
373.0733 	EXP 	Display Frame 0
373.1066 	EXP 	Display Frame 1
373.1400 	EXP 	Display Frame 2
373.1733 	EXP 	Display Frame 3
373.2066 	EXP 	Display Frame 4
373.2399 	EXP 	Display Frame 5
373.2733 	EXP 	Display Frame 6
373.3066 	EXP 	Display Frame 7
373.3399 	EXP 	Display Frame 8
373.3733 	EXP 	Display Frame 9
373.4066 	EXP 	Display Frame 0
373.4399 	EXP 	Display Frame 1
373.4733 	EXP 	Display Frame 2
373.5066 	EXP 	Display Frame 3
373.5399 	EXP 	Display Frame 4
373.5733 	EXP 	Display Frame 5
373.6066 	EXP 	Display Frame 6
373.6399 	EXP 	Display Frame 7
373.6733 	EXP 	Display Frame 8
373.7066 	EXP 	Display Frame 9
373.7400 	EXP 	Display Frame 0
373.7733 	EXP 	Display Frame 1
373.8066 	EXP 	Display Frame 2
373.8399 	EXP 	Display Frame 3
373.8732 	EXP 	Display Frame 4
373.9066 	EXP 	Display Frame 5
373.9399 	EXP 	Display Frame 6
373.9733 	EXP 	Display Frame 7
374.0066 	EXP 	Display Frame 8
374.0399 	EXP 	Display Frame 9
374.0732 	EXP 	Display Frame 0
374.1066 	EXP 	Display Frame 1
374.1399 	EXP 	Display Frame 2
374.1733 	EXP 	Display Frame 3
374.2066 	EXP 	Display Frame 4
374.2400 	EXP 	Display Frame 5
374.2733 	EXP 	Display Frame 6
374.3066 	EXP 	Display Frame 7
374.3399 	EXP 	Display Frame 8
374.3733 	EXP 	Display Frame 9
374.4066 	EXP 	Display Frame 0
374.4399 	EXP 	Display Frame 1
374.4733 	EXP 	Display Frame 2
374.5066 	EXP 	Display Frame 3
374.5410 	EXP 	Display Frame 4
374.5733 	EXP 	Display Frame 5
374.6066 	EXP 	Display Frame 6
374.6399 	EXP 	Display Frame 7
374.6733 	EXP 	Display Frame 8
374.7066 	EXP 	Display Frame 9
374.7399 	EXP 	Display Frame 0
374.7733 	EXP 	Display Frame 1
374.8066 	EXP 	Display Frame 2
374.8399 	EXP 	Display Frame 3
374.8733 	EXP 	Display Frame 4
374.9066 	EXP 	Display Frame 5
374.9400 	EXP 	Display Frame 6
374.9733 	EXP 	Display Frame 7
375.0066 	EXP 	Display Frame 8
375.0399 	EXP 	Display Frame 9
375.0733 	EXP 	Display Frame 0
375.1066 	EXP 	Display Frame 1
375.1399 	EXP 	Display Frame 2
375.1733 	EXP 	Display Frame 3
375.2066 	EXP 	Display Frame 4
375.2400 	EXP 	Display Frame 5
375.2733 	EXP 	Display Frame 6
375.3066 	EXP 	Display Frame 7
375.3399 	EXP 	Display Frame 8
375.3733 	EXP 	Display Frame 9
375.4066 	EXP 	Display Frame 0
375.4399 	EXP 	Display Frame 1
375.4733 	EXP 	Display Frame 2
375.5066 	EXP 	Display Frame 3
375.5399 	EXP 	Display Frame 4
375.5733 	EXP 	Display Frame 5
375.6066 	EXP 	Display Frame 6
375.6399 	EXP 	Display Frame 7
375.6733 	EXP 	Display Frame 8
375.7066 	EXP 	Display Frame 9
375.7399 	EXP 	Display Frame 0
375.7733 	EXP 	Display Frame 1
375.8066 	EXP 	Display Frame 2
375.8399 	EXP 	Display Frame 3
375.8733 	EXP 	Display Frame 4
375.9066 	EXP 	Display Frame 5
375.9399 	EXP 	Display Frame 6
375.9733 	EXP 	Display Frame 7
376.0066 	EXP 	Display Frame 8
376.0399 	EXP 	Display Frame 9
376.0732 	EXP 	Display Frame 0
376.1066 	EXP 	Display Frame 1
376.1399 	EXP 	Display Frame 2
376.1787 	EXP 	Display Frame 3
376.2066 	EXP 	Display Frame 4
376.2399 	EXP 	Display Frame 5
376.2733 	EXP 	Display Frame 6
376.3066 	EXP 	Display Frame 7
376.3399 	EXP 	Display Frame 8
376.3733 	EXP 	Display Frame 9
376.4066 	EXP 	Display Frame 0
376.4405 	EXP 	Display Frame 1
376.4733 	EXP 	Display Frame 2
376.5066 	EXP 	Display Frame 3
376.5399 	EXP 	Display Frame 4
376.5733 	EXP 	Display Frame 5
376.6066 	EXP 	Display Frame 6
376.6400 	EXP 	Display Frame 7
376.6732 	EXP 	Display Frame 8
376.7066 	EXP 	Display Frame 9
376.7399 	EXP 	Display Frame 0
376.7733 	EXP 	Display Frame 1
376.8066 	EXP 	Display Frame 2
376.8399 	EXP 	Display Frame 3
376.8733 	EXP 	Display Frame 4
376.9066 	EXP 	Display Frame 5
376.9400 	EXP 	Display Frame 6
376.9732 	EXP 	Display Frame 7
377.0066 	EXP 	Display Frame 8
377.0399 	EXP 	Display Frame 9
377.0733 	EXP 	Display Frame 0
377.1066 	EXP 	Display Frame 1
377.1399 	EXP 	Display Frame 2
377.1733 	EXP 	Display Frame 3
377.2066 	EXP 	Display Frame 4
377.2400 	EXP 	Display Frame 5
377.2733 	EXP 	Display Frame 6
377.3066 	EXP 	Display Frame 7
377.3399 	EXP 	Display Frame 8
377.3733 	EXP 	Display Frame 9
377.4066 	EXP 	Display Frame 0
377.4399 	EXP 	Display Frame 1
377.4733 	EXP 	Display Frame 2
377.5066 	EXP 	Display Frame 3
377.5399 	EXP 	Display Frame 4
377.5733 	EXP 	Display Frame 5
377.6066 	EXP 	Display Frame 6
377.6399 	EXP 	Display Frame 7
377.6733 	EXP 	Display Frame 8
377.7066 	EXP 	Display Frame 9
377.7399 	EXP 	Display Frame 0
377.7733 	EXP 	Display Frame 1
377.8066 	EXP 	Display Frame 2
377.8400 	EXP 	Display Frame 3
377.8733 	EXP 	Display Frame 4
377.9066 	EXP 	Display Frame 5
377.9399 	EXP 	Display Frame 6
377.9733 	EXP 	Display Frame 7
378.0066 	EXP 	Display Frame 8
378.0400 	EXP 	Display Frame 9
378.0733 	EXP 	Display Frame 0
378.1066 	EXP 	Display Frame 1
378.1399 	EXP 	Display Frame 2
378.1732 	EXP 	Display Frame 3
378.2066 	DATA 	Keypress: equal
378.2077 	EXP 	Display Frame 4
378.2399 	EXP 	Display Frame 5
378.2733 	EXP 	Display Frame 6
378.3066 	EXP 	Display Frame 7
378.3400 	EXP 	Display Frame 8
378.3733 	EXP 	Display Frame 9
378.4066 	EXP 	Display Frame 0
378.4400 	EXP 	Display Frame 1
378.4733 	EXP 	Display Frame 2
378.5066 	EXP 	Display Frame 3
378.5399 	EXP 	Display Frame 4
378.5733 	EXP 	Display Frame 5
378.6066 	EXP 	Display Frame 6
378.6399 	EXP 	Display Frame 7
378.6733 	EXP 	Display Frame 8
378.7066 	EXP 	Display Frame 9
378.7400 	EXP 	Display Frame 0
378.7733 	EXP 	Display Frame 1
378.8066 	EXP 	Display Frame 2
378.8399 	EXP 	Display Frame 3
378.8733 	EXP 	Display Frame 4
378.9066 	EXP 	Display Frame 5
378.9400 	EXP 	Display Frame 6
378.9733 	EXP 	Display Frame 7
379.0066 	EXP 	Display Frame 8
379.0399 	EXP 	Display Frame 9
379.0733 	EXP 	Display Frame 0
379.1068 	EXP 	Display Frame 1
379.1400 	EXP 	Display Frame 2
379.1733 	EXP 	Display Frame 3
379.2066 	EXP 	Display Frame 4
379.2400 	EXP 	Display Frame 5
379.2733 	EXP 	Display Frame 6
379.3066 	EXP 	Display Frame 7
379.3399 	EXP 	Display Frame 8
379.3733 	EXP 	Display Frame 9
379.4066 	EXP 	Display Frame 0
379.4399 	EXP 	Display Frame 1
379.4733 	EXP 	Display Frame 2
379.5066 	EXP 	Display Frame 3
379.5399 	EXP 	Display Frame 4
379.5733 	EXP 	Display Frame 5
379.6066 	EXP 	Display Frame 6
379.6400 	EXP 	Display Frame 7
379.6733 	EXP 	Display Frame 8
379.7066 	EXP 	Display Frame 9
379.7399 	EXP 	Display Frame 0
379.7733 	EXP 	Display Frame 1
379.8066 	EXP 	Display Frame 2
379.8400 	EXP 	Display Frame 3
379.8733 	EXP 	Display Frame 4
379.9066 	EXP 	Display Frame 5
379.9399 	EXP 	Display Frame 6
379.9732 	EXP 	Display Frame 7
380.0066 	EXP 	Display Frame 8
380.0399 	EXP 	Display Frame 9
380.0733 	EXP 	Display Frame 0
380.1066 	EXP 	Display Frame 1
380.1400 	EXP 	Display Frame 2
380.1733 	EXP 	Display Frame 3
380.2066 	EXP 	Display Frame 4
380.2399 	EXP 	Display Frame 5
380.2732 	EXP 	Display Frame 6
380.3066 	EXP 	Display Frame 7
380.3399 	EXP 	Display Frame 8
380.3733 	EXP 	Display Frame 9
380.4066 	EXP 	Display Frame 0
380.4400 	EXP 	Display Frame 1
380.4732 	EXP 	Display Frame 2
380.5066 	EXP 	Display Frame 3
380.5399 	EXP 	Display Frame 4
380.5733 	EXP 	Display Frame 5
380.6066 	EXP 	Display Frame 6
380.6399 	EXP 	Display Frame 7
380.6733 	EXP 	Display Frame 8
380.7066 	EXP 	Display Frame 9
380.7400 	EXP 	Display Frame 0
380.7733 	EXP 	Display Frame 1
380.8066 	EXP 	Display Frame 2
380.8399 	EXP 	Display Frame 3
380.8733 	EXP 	Display Frame 4
380.9066 	EXP 	Display Frame 5
380.9399 	EXP 	Display Frame 6
380.9733 	EXP 	Display Frame 7
381.0066 	EXP 	Display Frame 8
381.0400 	EXP 	Display Frame 9
381.0733 	EXP 	Display Frame 0
381.1066 	EXP 	Display Frame 1
381.1399 	EXP 	Display Frame 2
381.1733 	EXP 	Display Frame 3
381.2066 	EXP 	Display Frame 4
381.2399 	EXP 	Display Frame 5
381.2733 	EXP 	Display Frame 6
381.3066 	EXP 	Display Frame 7
381.3399 	EXP 	Display Frame 8
381.3733 	EXP 	Display Frame 9
381.4068 	EXP 	Display Frame 0
381.4400 	EXP 	Display Frame 1
381.4733 	EXP 	Display Frame 2
381.5066 	EXP 	Display Frame 3
381.5399 	EXP 	Display Frame 4
381.5733 	EXP 	Display Frame 5
381.6066 	EXP 	Display Frame 6
381.6400 	EXP 	Display Frame 7
381.6732 	EXP 	Display Frame 8
381.7066 	EXP 	Display Frame 9
381.7399 	EXP 	Display Frame 0
381.7733 	EXP 	Display Frame 1
381.8066 	EXP 	Display Frame 2
381.8399 	EXP 	Display Frame 3
381.8733 	EXP 	Display Frame 4
381.9066 	EXP 	Display Frame 5
381.9400 	EXP 	Display Frame 6
381.9734 	EXP 	Display Frame 7
382.0068 	EXP 	Display Frame 8
382.0400 	EXP 	Display Frame 9
382.0733 	EXP 	Display Frame 0
382.1066 	EXP 	Display Frame 1
382.1400 	EXP 	Display Frame 2
382.1733 	EXP 	Display Frame 3
382.2066 	EXP 	Display Frame 4
382.2400 	EXP 	Display Frame 5
382.2733 	EXP 	Display Frame 6
382.3066 	EXP 	Display Frame 7
382.3399 	EXP 	Display Frame 8
382.3733 	EXP 	Display Frame 9
382.4066 	EXP 	Display Frame 0
382.4399 	EXP 	Display Frame 1
382.4733 	EXP 	Display Frame 2
382.5066 	EXP 	Display Frame 3
382.5399 	EXP 	Display Frame 4
382.5733 	EXP 	Display Frame 5
382.6066 	EXP 	Display Frame 6
382.6400 	EXP 	Display Frame 7
382.6732 	EXP 	Display Frame 8
382.7066 	EXP 	Display Frame 9
382.7399 	EXP 	Display Frame 0
382.7733 	EXP 	Display Frame 1
382.8066 	EXP 	Display Frame 2
382.8399 	EXP 	Display Frame 3
382.8733 	EXP 	Display Frame 4
382.9066 	EXP 	Display Frame 5
382.9399 	EXP 	Display Frame 6
382.9733 	EXP 	Display Frame 7
383.0066 	EXP 	Display Frame 8
383.0399 	EXP 	Display Frame 9
383.0733 	EXP 	Display Frame 0
383.1066 	EXP 	Display Frame 1
383.1400 	EXP 	Display Frame 2
383.1734 	EXP 	Display Frame 3
383.2066 	EXP 	Display Frame 4
383.2400 	EXP 	Display Frame 5
383.2733 	EXP 	Display Frame 6
383.3066 	EXP 	Display Frame 7
383.3400 	EXP 	Display Frame 8
383.3733 	EXP 	Display Frame 9
383.3741 	DATA 	Keypress: equal
383.4066 	EXP 	Display Frame 0
383.4400 	EXP 	Display Frame 1
383.4733 	EXP 	Display Frame 2
383.5066 	EXP 	Display Frame 3
383.5399 	EXP 	Display Frame 4
383.5733 	EXP 	Display Frame 5
383.6066 	EXP 	Display Frame 6
383.6399 	EXP 	Display Frame 7
383.6733 	EXP 	Display Frame 8
383.7066 	EXP 	Display Frame 9
383.7399 	EXP 	Display Frame 0
383.7733 	EXP 	Display Frame 1
383.8066 	EXP 	Display Frame 2
383.8400 	EXP 	Display Frame 3
383.8733 	EXP 	Display Frame 4
383.9066 	EXP 	Display Frame 5
383.9400 	EXP 	Display Frame 6
383.9732 	EXP 	Display Frame 7
384.0066 	EXP 	Display Frame 8
384.0399 	EXP 	Display Frame 9
384.0733 	EXP 	Display Frame 0
384.1066 	EXP 	Display Frame 1
384.1400 	EXP 	Display Frame 2
384.1732 	EXP 	Display Frame 3
384.2066 	EXP 	Display Frame 4
384.2400 	EXP 	Display Frame 5
384.2732 	EXP 	Display Frame 6
384.3066 	EXP 	Display Frame 7
384.3400 	EXP 	Display Frame 8
384.3733 	EXP 	Display Frame 9
384.4066 	EXP 	Display Frame 0
384.4399 	EXP 	Display Frame 1
384.4733 	EXP 	Display Frame 2
384.5066 	EXP 	Display Frame 3
384.5399 	EXP 	Display Frame 4
384.5733 	EXP 	Display Frame 5
384.6066 	EXP 	Display Frame 6
384.6399 	EXP 	Display Frame 7
384.6733 	EXP 	Display Frame 8
384.7066 	EXP 	Display Frame 9
384.7400 	EXP 	Display Frame 0
384.7733 	EXP 	Display Frame 1
384.8066 	EXP 	Display Frame 2
384.8399 	EXP 	Display Frame 3
384.8733 	EXP 	Display Frame 4
384.9066 	EXP 	Display Frame 5
384.9399 	EXP 	Display Frame 6
384.9733 	EXP 	Display Frame 7
385.0066 	EXP 	Display Frame 8
385.0400 	EXP 	Display Frame 9
385.0733 	EXP 	Display Frame 0
385.1066 	EXP 	Display Frame 1
385.1399 	EXP 	Display Frame 2
385.1732 	EXP 	Display Frame 3
385.2066 	EXP 	Display Frame 4
385.2399 	EXP 	Display Frame 5
385.2733 	EXP 	Display Frame 6
385.3066 	EXP 	Display Frame 7
385.3399 	EXP 	Display Frame 8
385.3733 	EXP 	Display Frame 9
385.4066 	EXP 	Display Frame 0
385.4400 	EXP 	Display Frame 1
385.4735 	EXP 	Display Frame 2
385.5066 	EXP 	Display Frame 3
385.5400 	EXP 	Display Frame 4
385.5733 	EXP 	Display Frame 5
385.6066 	EXP 	Display Frame 6
385.6400 	EXP 	Display Frame 7
385.6733 	EXP 	Display Frame 8
385.7066 	EXP 	Display Frame 9
385.7399 	EXP 	Display Frame 0
385.7733 	EXP 	Display Frame 1
385.8066 	EXP 	Display Frame 2
385.8399 	EXP 	Display Frame 3
385.8733 	EXP 	Display Frame 4
385.9066 	EXP 	Display Frame 5
385.9399 	EXP 	Display Frame 6
385.9733 	EXP 	Display Frame 7
386.0066 	EXP 	Display Frame 8
386.0400 	EXP 	Display Frame 9
386.0733 	EXP 	Display Frame 0
386.1066 	EXP 	Display Frame 1
386.1399 	EXP 	Display Frame 2
386.1733 	EXP 	Display Frame 3
386.2066 	EXP 	Display Frame 4
386.2400 	EXP 	Display Frame 5
386.2733 	EXP 	Display Frame 6
386.3066 	EXP 	Display Frame 7
386.3399 	EXP 	Display Frame 8
386.3733 	EXP 	Display Frame 9
386.4066 	EXP 	Display Frame 0
386.4399 	EXP 	Display Frame 1
386.4733 	EXP 	Display Frame 2
386.5066 	EXP 	Display Frame 3
386.5399 	EXP 	Display Frame 4
386.5733 	EXP 	Display Frame 5
386.6066 	EXP 	Display Frame 6
386.6400 	EXP 	Display Frame 7
386.6733 	EXP 	Display Frame 8
386.7066 	EXP 	Display Frame 9
386.7399 	EXP 	Display Frame 0
386.7733 	EXP 	Display Frame 1
386.8066 	EXP 	Display Frame 2
386.8399 	EXP 	Display Frame 3
386.8733 	EXP 	Display Frame 4
386.9066 	EXP 	Display Frame 5
386.9400 	EXP 	Display Frame 6
386.9732 	EXP 	Display Frame 7
387.0066 	EXP 	Display Frame 8
387.0399 	EXP 	Display Frame 9
387.0733 	EXP 	Display Frame 0
387.1066 	EXP 	Display Frame 1
387.1399 	EXP 	Display Frame 2
387.1733 	EXP 	Display Frame 3
387.2066 	EXP 	Display Frame 4
387.2400 	EXP 	Display Frame 5
387.2733 	EXP 	Display Frame 6
387.3066 	EXP 	Display Frame 7
387.3399 	EXP 	Display Frame 8
387.3733 	EXP 	Display Frame 9
387.4066 	EXP 	Display Frame 0
387.4400 	EXP 	Display Frame 1
387.4732 	EXP 	Display Frame 2
387.5066 	EXP 	Display Frame 3
387.5399 	EXP 	Display Frame 4
387.5733 	EXP 	Display Frame 5
387.6066 	EXP 	Display Frame 6
387.6399 	EXP 	Display Frame 7
387.6733 	EXP 	Display Frame 8
387.7066 	EXP 	Display Frame 9
387.7399 	EXP 	Display Frame 0
387.7733 	EXP 	Display Frame 1
387.8066 	EXP 	Display Frame 2
387.8399 	EXP 	Display Frame 3
387.8733 	EXP 	Display Frame 4
387.9066 	EXP 	Display Frame 5
387.9399 	EXP 	Display Frame 6
387.9733 	EXP 	Display Frame 7
388.0066 	EXP 	Display Frame 8
388.0400 	EXP 	Display Frame 9
388.0733 	EXP 	Display Frame 0
388.1066 	EXP 	Display Frame 1
388.1399 	EXP 	Display Frame 2
388.1732 	EXP 	Display Frame 3
388.2066 	EXP 	Display Frame 4
388.2399 	EXP 	Display Frame 5
388.2733 	EXP 	Display Frame 6
388.3066 	EXP 	Display Frame 7
388.3400 	EXP 	Display Frame 8
388.3733 	EXP 	Display Frame 9
388.4067 	EXP 	Display Frame 0
388.4400 	EXP 	Display Frame 1
388.4733 	EXP 	Display Frame 2
388.5067 	EXP 	Display Frame 3
388.5399 	EXP 	Display Frame 4
388.5734 	DATA 	Keypress: equal
388.5745 	EXP 	Display Frame 5
388.5855 	EXP 	Display Fixation
393.7603 	DATA 	Keypress: equal
398.9539 	DATA 	Keypress: equal
404.1478 	DATA 	Keypress: equal
409.3409 	DATA 	Keypress: equal
414.5349 	DATA 	Keypress: equal
419.7281 	DATA 	Keypress: equal
419.7625 	EXP 	Display Frame 1
419.7957 	EXP 	Display Frame 2
419.8291 	EXP 	Display Frame 3
419.8624 	EXP 	Display Frame 4
419.8956 	EXP 	Display Frame 5
419.9290 	EXP 	Display Frame 6
419.9624 	EXP 	Display Frame 7
419.9956 	EXP 	Display Frame 8
420.0290 	EXP 	Display Frame 9
420.0624 	EXP 	Display Frame 0
420.0957 	EXP 	Display Frame 1
420.1290 	EXP 	Display Frame 2
420.1624 	EXP 	Display Frame 3
420.1957 	EXP 	Display Frame 4
420.2290 	EXP 	Display Frame 5
420.2624 	EXP 	Display Frame 6
420.2957 	EXP 	Display Frame 7
420.3290 	EXP 	Display Frame 8
420.3623 	EXP 	Display Frame 9
420.3957 	EXP 	Display Frame 0
420.4290 	EXP 	Display Frame 1
420.4626 	EXP 	Display Frame 2
420.4957 	EXP 	Display Frame 3
420.5290 	EXP 	Display Frame 4
420.5623 	EXP 	Display Frame 5
420.5957 	EXP 	Display Frame 6
420.6290 	EXP 	Display Frame 7
420.6624 	EXP 	Display Frame 8
420.6957 	EXP 	Display Frame 9
420.7290 	EXP 	Display Frame 0
420.7623 	EXP 	Display Frame 1
420.7957 	EXP 	Display Frame 2
420.8290 	EXP 	Display Frame 3
420.8623 	EXP 	Display Frame 4
420.8957 	EXP 	Display Frame 5
420.9290 	EXP 	Display Frame 6
420.9624 	EXP 	Display Frame 7
420.9957 	EXP 	Display Frame 8
421.0290 	EXP 	Display Frame 9
421.0623 	EXP 	Display Frame 0
421.0957 	EXP 	Display Frame 1
421.1290 	EXP 	Display Frame 2
421.1623 	EXP 	Display Frame 3
421.1957 	EXP 	Display Frame 4
421.2290 	EXP 	Display Frame 5
421.2624 	EXP 	Display Frame 6
421.2957 	EXP 	Display Frame 7
421.3290 	EXP 	Display Frame 8
421.3623 	EXP 	Display Frame 9
421.3957 	EXP 	Display Frame 0
421.4290 	EXP 	Display Frame 1
421.4623 	EXP 	Display Frame 2
421.4957 	EXP 	Display Frame 3
421.5290 	EXP 	Display Frame 4
421.5623 	EXP 	Display Frame 5
421.5957 	EXP 	Display Frame 6
421.6290 	EXP 	Display Frame 7
421.6623 	EXP 	Display Frame 8
421.6957 	EXP 	Display Frame 9
421.7290 	EXP 	Display Frame 0
421.7623 	EXP 	Display Frame 1
421.7957 	EXP 	Display Frame 2
421.8290 	EXP 	Display Frame 3
421.8623 	EXP 	Display Frame 4
421.8957 	EXP 	Display Frame 5
421.9290 	EXP 	Display Frame 6
421.9623 	EXP 	Display Frame 7
421.9957 	EXP 	Display Frame 8
422.0290 	EXP 	Display Frame 9
422.0623 	EXP 	Display Frame 0
422.0957 	EXP 	Display Frame 1
422.1290 	EXP 	Display Frame 2
422.1623 	EXP 	Display Frame 3
422.1957 	EXP 	Display Frame 4
422.2290 	EXP 	Display Frame 5
422.2623 	EXP 	Display Frame 6
422.2957 	EXP 	Display Frame 7
422.3290 	EXP 	Display Frame 8
422.3623 	EXP 	Display Frame 9
422.3957 	EXP 	Display Frame 0
422.4290 	EXP 	Display Frame 1
422.4623 	EXP 	Display Frame 2
422.4957 	EXP 	Display Frame 3
422.5290 	EXP 	Display Frame 4
422.5623 	EXP 	Display Frame 5
422.5957 	EXP 	Display Frame 6
422.6290 	EXP 	Display Frame 7
422.6623 	EXP 	Display Frame 8
422.6957 	EXP 	Display Frame 9
422.7290 	EXP 	Display Frame 0
422.7623 	EXP 	Display Frame 1
422.7957 	EXP 	Display Frame 2
422.8290 	EXP 	Display Frame 3
422.8623 	EXP 	Display Frame 4
422.8957 	EXP 	Display Frame 5
422.9290 	EXP 	Display Frame 6
422.9624 	EXP 	Display Frame 7
422.9957 	EXP 	Display Frame 8
423.0290 	EXP 	Display Frame 9
423.0623 	EXP 	Display Frame 0
423.0957 	EXP 	Display Frame 1
423.1290 	EXP 	Display Frame 2
423.1623 	EXP 	Display Frame 3
423.1957 	EXP 	Display Frame 4
423.2290 	EXP 	Display Frame 5
423.2623 	EXP 	Display Frame 6
423.2957 	EXP 	Display Frame 7
423.3290 	EXP 	Display Frame 8
423.3623 	EXP 	Display Frame 9
423.3957 	EXP 	Display Frame 0
423.4290 	EXP 	Display Frame 1
423.4624 	EXP 	Display Frame 2
423.4957 	EXP 	Display Frame 3
423.5292 	EXP 	Display Frame 4
423.5623 	EXP 	Display Frame 5
423.5957 	EXP 	Display Frame 6
423.6290 	EXP 	Display Frame 7
423.6624 	EXP 	Display Frame 8
423.6957 	EXP 	Display Frame 9
423.7290 	EXP 	Display Frame 0
423.7623 	EXP 	Display Frame 1
423.7957 	EXP 	Display Frame 2
423.8291 	EXP 	Display Frame 3
423.8623 	EXP 	Display Frame 4
423.8957 	EXP 	Display Frame 5
423.9290 	EXP 	Display Frame 6
423.9624 	EXP 	Display Frame 7
423.9957 	EXP 	Display Frame 8
424.0290 	EXP 	Display Frame 9
424.0623 	EXP 	Display Frame 0
424.0957 	EXP 	Display Frame 1
424.1290 	EXP 	Display Frame 2
424.1623 	EXP 	Display Frame 3
424.1956 	EXP 	Display Frame 4
424.2290 	EXP 	Display Frame 5
424.2624 	EXP 	Display Frame 6
424.2957 	EXP 	Display Frame 7
424.3290 	EXP 	Display Frame 8
424.3623 	EXP 	Display Frame 9
424.3957 	EXP 	Display Frame 0
424.4290 	EXP 	Display Frame 1
424.4624 	EXP 	Display Frame 2
424.4957 	EXP 	Display Frame 3
424.5290 	EXP 	Display Frame 4
424.5623 	EXP 	Display Frame 5
424.5957 	EXP 	Display Frame 6
424.6290 	EXP 	Display Frame 7
424.6623 	EXP 	Display Frame 8
424.6957 	EXP 	Display Frame 9
424.7290 	EXP 	Display Frame 0
424.7623 	EXP 	Display Frame 1
424.7957 	EXP 	Display Frame 2
424.8290 	EXP 	Display Frame 3
424.8623 	EXP 	Display Frame 4
424.8957 	EXP 	Display Frame 5
424.9291 	DATA 	Keypress: equal
424.9302 	EXP 	Display Frame 6
424.9623 	EXP 	Display Frame 7
424.9957 	EXP 	Display Frame 8
425.0290 	EXP 	Display Frame 9
425.0623 	EXP 	Display Frame 0
425.0957 	EXP 	Display Frame 1
425.1290 	EXP 	Display Frame 2
425.1623 	EXP 	Display Frame 3
425.1957 	EXP 	Display Frame 4
425.2290 	EXP 	Display Frame 5
425.2623 	EXP 	Display Frame 6
425.2957 	EXP 	Display Frame 7
425.3290 	EXP 	Display Frame 8
425.3624 	EXP 	Display Frame 9
425.3957 	EXP 	Display Frame 0
425.4290 	EXP 	Display Frame 1
425.4623 	EXP 	Display Frame 2
425.4957 	EXP 	Display Frame 3
425.5290 	EXP 	Display Frame 4
425.5623 	EXP 	Display Frame 5
425.5957 	EXP 	Display Frame 6
425.6290 	EXP 	Display Frame 7
425.6624 	EXP 	Display Frame 8
425.6957 	EXP 	Display Frame 9
425.7290 	EXP 	Display Frame 0
425.7624 	EXP 	Display Frame 1
425.7958 	EXP 	Display Frame 2
425.8290 	EXP 	Display Frame 3
425.8624 	EXP 	Display Frame 4
425.8957 	EXP 	Display Frame 5
425.9290 	EXP 	Display Frame 6
425.9624 	EXP 	Display Frame 7
425.9957 	EXP 	Display Frame 8
426.0290 	EXP 	Display Frame 9
426.0623 	EXP 	Display Frame 0
426.0957 	EXP 	Display Frame 1
426.1290 	EXP 	Display Frame 2
426.1623 	EXP 	Display Frame 3
426.1957 	EXP 	Display Frame 4
426.2290 	EXP 	Display Frame 5
426.2624 	EXP 	Display Frame 6
426.2956 	EXP 	Display Frame 7
426.3290 	EXP 	Display Frame 8
426.3623 	EXP 	Display Frame 9
426.3957 	EXP 	Display Frame 0
426.4290 	EXP 	Display Frame 1
426.4624 	EXP 	Display Frame 2
426.4957 	EXP 	Display Frame 3
426.5290 	EXP 	Display Frame 4
426.5623 	EXP 	Display Frame 5
426.5957 	EXP 	Display Frame 6
426.6290 	EXP 	Display Frame 7
426.6623 	EXP 	Display Frame 8
426.6957 	EXP 	Display Frame 9
426.7290 	EXP 	Display Frame 0
426.7623 	EXP 	Display Frame 1
426.7957 	EXP 	Display Frame 2
426.8290 	EXP 	Display Frame 3
426.8624 	EXP 	Display Frame 4
426.8957 	EXP 	Display Frame 5
426.9290 	EXP 	Display Frame 6
426.9623 	EXP 	Display Frame 7
426.9957 	EXP 	Display Frame 8
427.0290 	EXP 	Display Frame 9
427.0623 	EXP 	Display Frame 0
427.0957 	EXP 	Display Frame 1
427.1290 	EXP 	Display Frame 2
427.1623 	EXP 	Display Frame 3
427.1957 	EXP 	Display Frame 4
427.2290 	EXP 	Display Frame 5
427.2623 	EXP 	Display Frame 6
427.2957 	EXP 	Display Frame 7
427.3290 	EXP 	Display Frame 8
427.3623 	EXP 	Display Frame 9
427.3957 	EXP 	Display Frame 0
427.4290 	EXP 	Display Frame 1
427.4624 	EXP 	Display Frame 2
427.4957 	EXP 	Display Frame 3
427.5290 	EXP 	Display Frame 4
427.5623 	EXP 	Display Frame 5
427.5957 	EXP 	Display Frame 6
427.6290 	EXP 	Display Frame 7
427.6624 	EXP 	Display Frame 8
427.6957 	EXP 	Display Frame 9
427.7290 	EXP 	Display Frame 0
427.7623 	EXP 	Display Frame 1
427.7957 	EXP 	Display Frame 2
427.8290 	EXP 	Display Frame 3
427.8623 	EXP 	Display Frame 4
427.8957 	EXP 	Display Frame 5
427.9290 	EXP 	Display Frame 6
427.9623 	EXP 	Display Frame 7
427.9957 	EXP 	Display Frame 8
428.0290 	EXP 	Display Frame 9
428.0624 	EXP 	Display Frame 0
428.0957 	EXP 	Display Frame 1
428.1290 	EXP 	Display Frame 2
428.1623 	EXP 	Display Frame 3
428.1957 	EXP 	Display Frame 4
428.2290 	EXP 	Display Frame 5
428.2623 	EXP 	Display Frame 6
428.2957 	EXP 	Display Frame 7
428.3290 	EXP 	Display Frame 8
428.3624 	EXP 	Display Frame 9
428.3956 	EXP 	Display Frame 0
428.4290 	EXP 	Display Frame 1
428.4624 	EXP 	Display Frame 2
428.4957 	EXP 	Display Frame 3
428.5290 	EXP 	Display Frame 4
428.5624 	EXP 	Display Frame 5
428.5957 	EXP 	Display Frame 6
428.6290 	EXP 	Display Frame 7
428.6623 	EXP 	Display Frame 8
428.6956 	EXP 	Display Frame 9
428.7290 	EXP 	Display Frame 0
428.7623 	EXP 	Display Frame 1
428.7957 	EXP 	Display Frame 2
428.8290 	EXP 	Display Frame 3
428.8623 	EXP 	Display Frame 4
428.8957 	EXP 	Display Frame 5
428.9290 	EXP 	Display Frame 6
428.9624 	EXP 	Display Frame 7
428.9957 	EXP 	Display Frame 8
429.0290 	EXP 	Display Frame 9
429.0623 	EXP 	Display Frame 0
429.0957 	EXP 	Display Frame 1
429.1290 	EXP 	Display Frame 2
429.1623 	EXP 	Display Frame 3
429.1957 	EXP 	Display Frame 4
429.2290 	EXP 	Display Frame 5
429.2624 	EXP 	Display Frame 6
429.2957 	EXP 	Display Frame 7
429.3290 	EXP 	Display Frame 8
429.3623 	EXP 	Display Frame 9
429.3957 	EXP 	Display Frame 0
429.4290 	EXP 	Display Frame 1
429.4623 	EXP 	Display Frame 2
429.4956 	EXP 	Display Frame 3
429.5290 	EXP 	Display Frame 4
429.5623 	EXP 	Display Frame 5
429.5957 	EXP 	Display Frame 6
429.6290 	EXP 	Display Frame 7
429.6624 	EXP 	Display Frame 8
429.6957 	EXP 	Display Frame 9
429.7290 	EXP 	Display Frame 0
429.7623 	EXP 	Display Frame 1
429.7957 	EXP 	Display Frame 2
429.8290 	EXP 	Display Frame 3
429.8624 	EXP 	Display Frame 4
429.8959 	EXP 	Display Frame 5
429.9290 	EXP 	Display Frame 6
429.9624 	EXP 	Display Frame 7
429.9957 	EXP 	Display Frame 8
430.0290 	EXP 	Display Frame 9
430.0624 	EXP 	Display Frame 0
430.0957 	EXP 	Display Frame 1
430.1291 	DATA 	Keypress: equal
430.1301 	EXP 	Display Frame 2
430.1623 	EXP 	Display Frame 3
430.1957 	EXP 	Display Frame 4
430.2290 	EXP 	Display Frame 5
430.2624 	EXP 	Display Frame 6
430.2957 	EXP 	Display Frame 7
430.3290 	EXP 	Display Frame 8
430.3623 	EXP 	Display Frame 9
430.3957 	EXP 	Display Frame 0
430.4290 	EXP 	Display Frame 1
430.4623 	EXP 	Display Frame 2
430.4957 	EXP 	Display Frame 3
430.5290 	EXP 	Display Frame 4
430.5624 	EXP 	Display Frame 5
430.5957 	EXP 	Display Frame 6
430.6290 	EXP 	Display Frame 7
430.6623 	EXP 	Display Frame 8
430.6957 	EXP 	Display Frame 9
430.7290 	EXP 	Display Frame 0
430.7623 	EXP 	Display Frame 1
430.7957 	EXP 	Display Frame 2
430.8290 	EXP 	Display Frame 3
430.8623 	EXP 	Display Frame 4
430.8957 	EXP 	Display Frame 5
430.9290 	EXP 	Display Frame 6
430.9623 	EXP 	Display Frame 7
430.9957 	EXP 	Display Frame 8
431.0290 	EXP 	Display Frame 9
431.0623 	EXP 	Display Frame 0
431.0957 	EXP 	Display Frame 1
431.1291 	EXP 	Display Frame 2
431.1623 	EXP 	Display Frame 3
431.1957 	EXP 	Display Frame 4
431.2290 	EXP 	Display Frame 5
431.2624 	EXP 	Display Frame 6
431.2957 	EXP 	Display Frame 7
431.3290 	EXP 	Display Frame 8
431.3623 	EXP 	Display Frame 9
431.3956 	EXP 	Display Frame 0
431.4290 	EXP 	Display Frame 1
431.4623 	EXP 	Display Frame 2
431.4957 	EXP 	Display Frame 3
431.5290 	EXP 	Display Frame 4
431.5624 	EXP 	Display Frame 5
431.5957 	EXP 	Display Frame 6
431.6290 	EXP 	Display Frame 7
431.6624 	EXP 	Display Frame 8
431.6957 	EXP 	Display Frame 9
431.7290 	EXP 	Display Frame 0
431.7623 	EXP 	Display Frame 1
431.7957 	EXP 	Display Frame 2
431.8290 	EXP 	Display Frame 3
431.8623 	EXP 	Display Frame 4
431.8957 	EXP 	Display Frame 5
431.9290 	EXP 	Display Frame 6
431.9624 	EXP 	Display Frame 7
431.9957 	EXP 	Display Frame 8
432.0290 	EXP 	Display Frame 9
432.0623 	EXP 	Display Frame 0
432.0957 	EXP 	Display Frame 1
432.1290 	EXP 	Display Frame 2
432.1624 	EXP 	Display Frame 3
432.1957 	EXP 	Display Frame 4
432.2290 	EXP 	Display Frame 5
432.2623 	EXP 	Display Frame 6
432.2957 	EXP 	Display Frame 7
432.3290 	EXP 	Display Frame 8
432.3623 	EXP 	Display Frame 9
432.3957 	EXP 	Display Frame 0
432.4290 	EXP 	Display Frame 1
432.4624 	EXP 	Display Frame 2
432.4957 	EXP 	Display Frame 3
432.5290 	EXP 	Display Frame 4
432.5623 	EXP 	Display Frame 5
432.5957 	EXP 	Display Frame 6
432.6290 	EXP 	Display Frame 7
432.6623 	EXP 	Display Frame 8
432.6957 	EXP 	Display Frame 9
432.7290 	EXP 	Display Frame 0
432.7623 	EXP 	Display Frame 1
432.7957 	EXP 	Display Frame 2
432.8290 	EXP 	Display Frame 3
432.8624 	EXP 	Display Frame 4
432.8956 	EXP 	Display Frame 5
432.9290 	EXP 	Display Frame 6
432.9623 	EXP 	Display Frame 7
432.9957 	EXP 	Display Frame 8
433.0290 	EXP 	Display Frame 9
433.0623 	EXP 	Display Frame 0
433.0957 	EXP 	Display Frame 1
433.1290 	EXP 	Display Frame 2
433.1623 	EXP 	Display Frame 3
433.1957 	EXP 	Display Frame 4
433.2290 	EXP 	Display Frame 5
433.2623 	EXP 	Display Frame 6
433.2957 	EXP 	Display Frame 7
433.3290 	EXP 	Display Frame 8
433.3624 	EXP 	Display Frame 9
433.3956 	EXP 	Display Frame 0
433.4290 	EXP 	Display Frame 1
433.4623 	EXP 	Display Frame 2
433.4957 	EXP 	Display Frame 3
433.5290 	EXP 	Display Frame 4
433.5623 	EXP 	Display Frame 5
433.5957 	EXP 	Display Frame 6
433.6290 	EXP 	Display Frame 7
433.6624 	EXP 	Display Frame 8
433.6956 	EXP 	Display Frame 9
433.7290 	EXP 	Display Frame 0
433.7623 	EXP 	Display Frame 1
433.7957 	EXP 	Display Frame 2
433.8290 	EXP 	Display Frame 3
433.8623 	EXP 	Display Frame 4
433.8957 	EXP 	Display Frame 5
433.9290 	EXP 	Display Frame 6
433.9624 	EXP 	Display Frame 7
433.9956 	EXP 	Display Frame 8
434.0290 	EXP 	Display Frame 9
434.0623 	EXP 	Display Frame 0
434.0956 	EXP 	Display Frame 1
434.1290 	EXP 	Display Frame 2
434.1623 	EXP 	Display Frame 3
434.1957 	EXP 	Display Frame 4
434.2290 	EXP 	Display Frame 5
434.2624 	EXP 	Display Frame 6
434.2957 	EXP 	Display Frame 7
434.3290 	EXP 	Display Frame 8
434.3623 	EXP 	Display Frame 9
434.3957 	EXP 	Display Frame 0
434.4290 	EXP 	Display Frame 1
434.4623 	EXP 	Display Frame 2
434.4957 	EXP 	Display Frame 3
434.5290 	EXP 	Display Frame 4
434.5624 	EXP 	Display Frame 5
434.5957 	EXP 	Display Frame 6
434.6290 	EXP 	Display Frame 7
434.6623 	EXP 	Display Frame 8
434.6957 	EXP 	Display Frame 9
434.7290 	EXP 	Display Frame 0
434.7623 	EXP 	Display Frame 1
434.7957 	EXP 	Display Frame 2
434.8290 	EXP 	Display Frame 3
434.8623 	EXP 	Display Frame 4
434.8957 	EXP 	Display Frame 5
434.9290 	EXP 	Display Frame 6
434.9623 	EXP 	Display Frame 7
434.9957 	EXP 	Display Frame 8
435.0290 	EXP 	Display Frame 9
435.0623 	EXP 	Display Frame 0
435.0957 	EXP 	Display Frame 1
435.1290 	EXP 	Display Frame 2
435.1624 	EXP 	Display Frame 3
435.1957 	EXP 	Display Frame 4
435.2290 	EXP 	Display Frame 5
435.2623 	EXP 	Display Frame 6
435.2957 	EXP 	Display Frame 7
435.3291 	DATA 	Keypress: equal
435.3301 	EXP 	Display Frame 8
435.3623 	EXP 	Display Frame 9
435.3957 	EXP 	Display Frame 0
435.4290 	EXP 	Display Frame 1
435.4623 	EXP 	Display Frame 2
435.4957 	EXP 	Display Frame 3
435.5290 	EXP 	Display Frame 4
435.5624 	EXP 	Display Frame 5
435.5957 	EXP 	Display Frame 6
435.6290 	EXP 	Display Frame 7
435.6623 	EXP 	Display Frame 8
435.6957 	EXP 	Display Frame 9
435.7290 	EXP 	Display Frame 0
435.7623 	EXP 	Display Frame 1
435.7957 	EXP 	Display Frame 2
435.8290 	EXP 	Display Frame 3
435.8623 	EXP 	Display Frame 4
435.8957 	EXP 	Display Frame 5
435.9290 	EXP 	Display Frame 6
435.9623 	EXP 	Display Frame 7
435.9957 	EXP 	Display Frame 8
436.0290 	EXP 	Display Frame 9
436.0623 	EXP 	Display Frame 0
436.0957 	EXP 	Display Frame 1
436.1290 	EXP 	Display Frame 2
436.1623 	EXP 	Display Frame 3
436.1957 	EXP 	Display Frame 4
436.2292 	EXP 	Display Frame 5
436.2623 	EXP 	Display Frame 6
436.2957 	EXP 	Display Frame 7
436.3290 	EXP 	Display Frame 8
436.3624 	EXP 	Display Frame 9
436.3957 	EXP 	Display Frame 0
436.4292 	EXP 	Display Frame 1
436.4624 	EXP 	Display Frame 2
436.4957 	EXP 	Display Frame 3
436.5291 	EXP 	Display Frame 4
436.5623 	EXP 	Display Frame 5
436.5957 	EXP 	Display Frame 6
436.6290 	EXP 	Display Frame 7
436.6623 	EXP 	Display Frame 8
436.6957 	EXP 	Display Frame 9
436.7290 	EXP 	Display Frame 0
436.7623 	EXP 	Display Frame 1
436.7957 	EXP 	Display Frame 2
436.8290 	EXP 	Display Frame 3
436.8623 	EXP 	Display Frame 4
436.8957 	EXP 	Display Frame 5
436.9290 	EXP 	Display Frame 6
436.9624 	EXP 	Display Frame 7
436.9957 	EXP 	Display Frame 8
437.0290 	EXP 	Display Frame 9
437.0623 	EXP 	Display Frame 0
437.0957 	EXP 	Display Frame 1
437.1290 	EXP 	Display Frame 2
437.1624 	EXP 	Display Frame 3
437.1957 	EXP 	Display Frame 4
437.2290 	EXP 	Display Frame 5
437.2623 	EXP 	Display Frame 6
437.2957 	EXP 	Display Frame 7
437.3290 	EXP 	Display Frame 8
437.3623 	EXP 	Display Frame 9
437.3957 	EXP 	Display Frame 0
437.4290 	EXP 	Display Frame 1
437.4623 	EXP 	Display Frame 2
437.4957 	EXP 	Display Frame 3
437.5290 	EXP 	Display Frame 4
437.5623 	EXP 	Display Frame 5
437.5957 	EXP 	Display Frame 6
437.6290 	EXP 	Display Frame 7
437.6623 	EXP 	Display Frame 8
437.6957 	EXP 	Display Frame 9
437.7290 	EXP 	Display Frame 0
437.7623 	EXP 	Display Frame 1
437.7957 	EXP 	Display Frame 2
437.8290 	EXP 	Display Frame 3
437.8624 	EXP 	Display Frame 4
437.8956 	EXP 	Display Frame 5
437.9290 	EXP 	Display Frame 6
437.9623 	EXP 	Display Frame 7
437.9957 	EXP 	Display Frame 8
438.0290 	EXP 	Display Frame 9
438.0624 	EXP 	Display Frame 0
438.0957 	EXP 	Display Frame 1
438.1290 	EXP 	Display Frame 2
438.1623 	EXP 	Display Frame 3
438.1957 	EXP 	Display Frame 4
438.2290 	EXP 	Display Frame 5
438.2623 	EXP 	Display Frame 6
438.2957 	EXP 	Display Frame 7
438.3290 	EXP 	Display Frame 8
438.3624 	EXP 	Display Frame 9
438.3957 	EXP 	Display Frame 0
438.4290 	EXP 	Display Frame 1
438.4623 	EXP 	Display Frame 2
438.4957 	EXP 	Display Frame 3
438.5290 	EXP 	Display Frame 4
438.5623 	EXP 	Display Frame 5
438.5957 	EXP 	Display Frame 6
438.6290 	EXP 	Display Frame 7
438.6624 	EXP 	Display Frame 8
438.6957 	EXP 	Display Frame 9
438.7290 	EXP 	Display Frame 0
438.7623 	EXP 	Display Frame 1
438.7957 	EXP 	Display Frame 2
438.8290 	EXP 	Display Frame 3
438.8624 	EXP 	Display Frame 4
438.8957 	EXP 	Display Frame 5
438.9290 	EXP 	Display Frame 6
438.9623 	EXP 	Display Frame 7
438.9957 	EXP 	Display Frame 8
439.0290 	EXP 	Display Frame 9
439.0623 	EXP 	Display Frame 0
439.0957 	EXP 	Display Frame 1
439.1290 	EXP 	Display Frame 2
439.1623 	EXP 	Display Frame 3
439.1957 	EXP 	Display Frame 4
439.2290 	EXP 	Display Frame 5
439.2623 	EXP 	Display Frame 6
439.2957 	EXP 	Display Frame 7
439.3290 	EXP 	Display Frame 8
439.3623 	EXP 	Display Frame 9
439.3957 	EXP 	Display Frame 0
439.4290 	EXP 	Display Frame 1
439.4624 	EXP 	Display Frame 2
439.4957 	EXP 	Display Frame 3
439.5290 	EXP 	Display Frame 4
439.5623 	EXP 	Display Frame 5
439.5957 	EXP 	Display Frame 6
439.6290 	EXP 	Display Frame 7
439.6623 	EXP 	Display Frame 8
439.6957 	EXP 	Display Frame 9
439.7290 	EXP 	Display Frame 0
439.7623 	EXP 	Display Frame 1
439.7957 	EXP 	Display Frame 2
439.8290 	EXP 	Display Frame 3
439.8624 	EXP 	Display Frame 4
439.8957 	EXP 	Display Frame 5
439.9290 	EXP 	Display Frame 6
439.9623 	EXP 	Display Frame 7
439.9957 	EXP 	Display Frame 8
440.0290 	EXP 	Display Frame 9
440.0623 	EXP 	Display Frame 0
440.0957 	EXP 	Display Frame 1
440.1290 	EXP 	Display Frame 2
440.1623 	EXP 	Display Frame 3
440.1957 	EXP 	Display Frame 4
440.2290 	EXP 	Display Frame 5
440.2623 	EXP 	Display Frame 6
440.2957 	EXP 	Display Frame 7
440.3290 	EXP 	Display Frame 8
440.3624 	EXP 	Display Frame 9
440.3957 	EXP 	Display Frame 0
440.4290 	EXP 	Display Frame 1
440.4623 	EXP 	Display Frame 2
440.4957 	EXP 	Display Frame 3
440.5292 	DATA 	Keypress: equal
440.5303 	EXP 	Display Frame 4
440.5624 	EXP 	Display Frame 5
440.5957 	EXP 	Display Frame 6
440.6290 	EXP 	Display Frame 7
440.6623 	EXP 	Display Frame 8
440.6957 	EXP 	Display Frame 9
440.7290 	EXP 	Display Frame 0
440.7623 	EXP 	Display Frame 1
440.7956 	EXP 	Display Frame 2
440.8290 	EXP 	Display Frame 3
440.8623 	EXP 	Display Frame 4
440.8957 	EXP 	Display Frame 5
440.9290 	EXP 	Display Frame 6
440.9623 	EXP 	Display Frame 7
440.9957 	EXP 	Display Frame 8
441.0290 	EXP 	Display Frame 9
441.0624 	EXP 	Display Frame 0
441.0957 	EXP 	Display Frame 1
441.1290 	EXP 	Display Frame 2
441.1623 	EXP 	Display Frame 3
441.1957 	EXP 	Display Frame 4
441.2290 	EXP 	Display Frame 5
441.2623 	EXP 	Display Frame 6
441.2957 	EXP 	Display Frame 7
441.3290 	EXP 	Display Frame 8
441.3623 	EXP 	Display Frame 9
441.3957 	EXP 	Display Frame 0
441.4290 	EXP 	Display Frame 1
441.4623 	EXP 	Display Frame 2
441.4957 	EXP 	Display Frame 3
441.5290 	EXP 	Display Frame 4
441.5623 	EXP 	Display Frame 5
441.5957 	EXP 	Display Frame 6
441.6290 	EXP 	Display Frame 7
441.6624 	EXP 	Display Frame 8
441.6957 	EXP 	Display Frame 9
441.7290 	EXP 	Display Frame 0
441.7624 	EXP 	Display Frame 1
441.7957 	EXP 	Display Frame 2
441.8290 	EXP 	Display Frame 3
441.8624 	EXP 	Display Frame 4
441.8957 	EXP 	Display Frame 5
441.9290 	EXP 	Display Frame 6
441.9624 	EXP 	Display Frame 7
441.9957 	EXP 	Display Frame 8
442.0290 	EXP 	Display Frame 9
442.0623 	EXP 	Display Frame 0
442.0957 	EXP 	Display Frame 1
442.1290 	EXP 	Display Frame 2
442.1623 	EXP 	Display Frame 3
442.1957 	EXP 	Display Frame 4
442.2290 	EXP 	Display Frame 5
442.2623 	EXP 	Display Frame 6
442.2957 	EXP 	Display Frame 7
442.3290 	EXP 	Display Frame 8
442.3623 	EXP 	Display Frame 9
442.3957 	EXP 	Display Frame 0
442.4290 	EXP 	Display Frame 1
442.4624 	EXP 	Display Frame 2
442.4957 	EXP 	Display Frame 3
442.5290 	EXP 	Display Frame 4
442.5625 	EXP 	Display Frame 5
442.5957 	EXP 	Display Frame 6
442.6290 	EXP 	Display Frame 7
442.6624 	EXP 	Display Frame 8
442.6958 	EXP 	Display Frame 9
442.7290 	EXP 	Display Frame 0
442.7623 	EXP 	Display Frame 1
442.7957 	EXP 	Display Frame 2
442.8290 	EXP 	Display Frame 3
442.8624 	EXP 	Display Frame 4
442.8957 	EXP 	Display Frame 5
442.9290 	EXP 	Display Frame 6
442.9624 	EXP 	Display Frame 7
442.9957 	EXP 	Display Frame 8
443.0290 	EXP 	Display Frame 9
443.0623 	EXP 	Display Frame 0
443.0957 	EXP 	Display Frame 1
443.1290 	EXP 	Display Frame 2
443.1624 	EXP 	Display Frame 3
443.1957 	EXP 	Display Frame 4
443.2290 	EXP 	Display Frame 5
443.2623 	EXP 	Display Frame 6
443.2957 	EXP 	Display Frame 7
443.3290 	EXP 	Display Frame 8
443.3624 	EXP 	Display Frame 9
443.3957 	EXP 	Display Frame 0
443.4290 	EXP 	Display Frame 1
443.4624 	EXP 	Display Frame 2
443.4957 	EXP 	Display Frame 3
443.5290 	EXP 	Display Frame 4
443.5623 	EXP 	Display Frame 5
443.5957 	EXP 	Display Frame 6
443.6290 	EXP 	Display Frame 7
443.6623 	EXP 	Display Frame 8
443.6957 	EXP 	Display Frame 9
443.7290 	EXP 	Display Frame 0
443.7623 	EXP 	Display Frame 1
443.7956 	EXP 	Display Frame 2
443.8290 	EXP 	Display Frame 3
443.8623 	EXP 	Display Frame 4
443.8957 	EXP 	Display Frame 5
443.9290 	EXP 	Display Frame 6
443.9623 	EXP 	Display Frame 7
443.9957 	EXP 	Display Frame 8
444.0290 	EXP 	Display Frame 9
444.0623 	EXP 	Display Frame 0
444.0956 	EXP 	Display Frame 1
444.1290 	EXP 	Display Frame 2
444.1624 	EXP 	Display Frame 3
444.1957 	EXP 	Display Frame 4
444.2290 	EXP 	Display Frame 5
444.2623 	EXP 	Display Frame 6
444.2957 	EXP 	Display Frame 7
444.3290 	EXP 	Display Frame 8
444.3623 	EXP 	Display Frame 9
444.3957 	EXP 	Display Frame 0
444.4290 	EXP 	Display Frame 1
444.4623 	EXP 	Display Frame 2
444.4957 	EXP 	Display Frame 3
444.5290 	EXP 	Display Frame 4
444.5623 	EXP 	Display Frame 5
444.5956 	EXP 	Display Frame 6
444.6290 	EXP 	Display Frame 7
444.6623 	EXP 	Display Frame 8
444.6957 	EXP 	Display Frame 9
444.7290 	EXP 	Display Frame 0
444.7623 	EXP 	Display Frame 1
444.7957 	EXP 	Display Frame 2
444.8290 	EXP 	Display Frame 3
444.8623 	EXP 	Display Frame 4
444.8957 	EXP 	Display Frame 5
444.9290 	EXP 	Display Frame 6
444.9623 	EXP 	Display Frame 7
444.9957 	EXP 	Display Frame 8
445.0290 	EXP 	Display Frame 9
445.0624 	EXP 	Display Frame 0
445.0957 	EXP 	Display Frame 1
445.1290 	EXP 	Display Frame 2
445.1624 	EXP 	Display Frame 3
445.1957 	EXP 	Display Frame 4
445.2290 	EXP 	Display Frame 5
445.2623 	EXP 	Display Frame 6
445.2957 	EXP 	Display Frame 7
445.3290 	EXP 	Display Frame 8
445.3624 	EXP 	Display Frame 9
445.3957 	EXP 	Display Frame 0
445.4290 	EXP 	Display Frame 1
445.4623 	EXP 	Display Frame 2
445.4957 	EXP 	Display Frame 3
445.5290 	EXP 	Display Frame 4
445.5623 	EXP 	Display Frame 5
445.5956 	EXP 	Display Frame 6
445.6290 	EXP 	Display Frame 7
445.6623 	EXP 	Display Frame 8
445.6956 	EXP 	Display Frame 9
445.6964 	DATA 	Keypress: equal
445.7290 	EXP 	Display Frame 0
445.7623 	EXP 	Display Frame 1
445.7957 	EXP 	Display Frame 2
445.8290 	EXP 	Display Frame 3
445.8623 	EXP 	Display Frame 4
445.8957 	EXP 	Display Frame 5
445.9290 	EXP 	Display Frame 6
445.9624 	EXP 	Display Frame 7
445.9957 	EXP 	Display Frame 8
446.0290 	EXP 	Display Frame 9
446.0624 	EXP 	Display Frame 0
446.0956 	EXP 	Display Frame 1
446.1290 	EXP 	Display Frame 2
446.1623 	EXP 	Display Frame 3
446.1957 	EXP 	Display Frame 4
446.2290 	EXP 	Display Frame 5
446.2623 	EXP 	Display Frame 6
446.2957 	EXP 	Display Frame 7
446.3290 	EXP 	Display Frame 8
446.3624 	EXP 	Display Frame 9
446.3957 	EXP 	Display Frame 0
446.4290 	EXP 	Display Frame 1
446.4623 	EXP 	Display Frame 2
446.4957 	EXP 	Display Frame 3
446.5290 	EXP 	Display Frame 4
446.5623 	EXP 	Display Frame 5
446.5957 	EXP 	Display Frame 6
446.6290 	EXP 	Display Frame 7
446.6623 	EXP 	Display Frame 8
446.6957 	EXP 	Display Frame 9
446.7290 	EXP 	Display Frame 0
446.7623 	EXP 	Display Frame 1
446.8010 	EXP 	Display Frame 2
446.8290 	EXP 	Display Frame 3
446.8624 	EXP 	Display Frame 4
446.8957 	EXP 	Display Frame 5
446.9290 	EXP 	Display Frame 6
446.9623 	EXP 	Display Frame 7
446.9957 	EXP 	Display Frame 8
447.0290 	EXP 	Display Frame 9
447.0623 	EXP 	Display Frame 0
447.0957 	EXP 	Display Frame 1
447.1291 	EXP 	Display Frame 2
447.1624 	EXP 	Display Frame 3
447.1957 	EXP 	Display Frame 4
447.2290 	EXP 	Display Frame 5
447.2624 	EXP 	Display Frame 6
447.2957 	EXP 	Display Frame 7
447.3290 	EXP 	Display Frame 8
447.3624 	EXP 	Display Frame 9
447.3957 	EXP 	Display Frame 0
447.4290 	EXP 	Display Frame 1
447.4624 	EXP 	Display Frame 2
447.4957 	EXP 	Display Frame 3
447.5290 	EXP 	Display Frame 4
447.5623 	EXP 	Display Frame 5
447.5957 	EXP 	Display Frame 6
447.6290 	EXP 	Display Frame 7
447.6623 	EXP 	Display Frame 8
447.6957 	EXP 	Display Frame 9
447.7290 	EXP 	Display Frame 0
447.7623 	EXP 	Display Frame 1
447.7957 	EXP 	Display Frame 2
447.8290 	EXP 	Display Frame 3
447.8623 	EXP 	Display Frame 4
447.8957 	EXP 	Display Frame 5
447.9290 	EXP 	Display Frame 6
447.9623 	EXP 	Display Frame 7
447.9957 	EXP 	Display Frame 8
448.0290 	EXP 	Display Frame 9
448.0623 	EXP 	Display Frame 0
448.0957 	EXP 	Display Frame 1
448.1290 	EXP 	Display Frame 2
448.1623 	EXP 	Display Frame 3
448.1957 	EXP 	Display Frame 4
448.2290 	EXP 	Display Frame 5
448.2623 	EXP 	Display Frame 6
448.2957 	EXP 	Display Frame 7
448.3290 	EXP 	Display Frame 8
448.3624 	EXP 	Display Frame 9
448.3957 	EXP 	Display Frame 0
448.4290 	EXP 	Display Frame 1
448.4623 	EXP 	Display Frame 2
448.4956 	EXP 	Display Frame 3
448.5290 	EXP 	Display Frame 4
448.5623 	EXP 	Display Frame 5
448.5957 	EXP 	Display Frame 6
448.6290 	EXP 	Display Frame 7
448.6623 	EXP 	Display Frame 8
448.6956 	EXP 	Display Frame 9
448.7290 	EXP 	Display Frame 0
448.7623 	EXP 	Display Frame 1
448.7957 	EXP 	Display Frame 2
448.8290 	EXP 	Display Frame 3
448.8623 	EXP 	Display Frame 4
448.8957 	EXP 	Display Frame 5
448.9293 	EXP 	Display Frame 6
448.9624 	EXP 	Display Frame 7
448.9957 	EXP 	Display Frame 8
449.0290 	EXP 	Display Frame 9
449.0624 	EXP 	Display Frame 0
449.0957 	EXP 	Display Frame 1
449.1290 	EXP 	Display Frame 2
449.1623 	EXP 	Display Frame 3
449.1957 	EXP 	Display Frame 4
449.2290 	EXP 	Display Frame 5
449.2624 	EXP 	Display Frame 6
449.2957 	EXP 	Display Frame 7
449.3290 	EXP 	Display Frame 8
449.3623 	EXP 	Display Frame 9
449.3957 	EXP 	Display Frame 0
449.4290 	EXP 	Display Frame 1
449.4623 	EXP 	Display Frame 2
449.4957 	EXP 	Display Frame 3
449.5290 	EXP 	Display Frame 4
449.5624 	EXP 	Display Frame 5
449.5957 	EXP 	Display Frame 6
449.6290 	EXP 	Display Frame 7
449.6623 	EXP 	Display Frame 8
449.6957 	EXP 	Display Frame 9
449.7290 	EXP 	Display Frame 0
449.7623 	EXP 	Display Frame 1
449.7957 	EXP 	Display Frame 2
449.8290 	EXP 	Display Frame 3
449.8623 	EXP 	Display Frame 4
449.8957 	EXP 	Display Frame 5
449.9290 	EXP 	Display Frame 6
449.9623 	EXP 	Display Frame 7
449.9956 	EXP 	Display Frame 8
450.0290 	EXP 	Display Frame 9
450.0623 	EXP 	Display Frame 0
450.0957 	EXP 	Display Frame 1
450.1290 	EXP 	Display Frame 2
450.1623 	EXP 	Display Frame 3
450.1957 	EXP 	Display Frame 4
450.2290 	EXP 	Display Frame 5
450.2624 	EXP 	Display Frame 6
450.2957 	EXP 	Display Frame 7
450.3290 	EXP 	Display Frame 8
450.3623 	EXP 	Display Frame 9
450.3957 	EXP 	Display Frame 0
450.4290 	EXP 	Display Frame 1
450.4623 	EXP 	Display Frame 2
450.4957 	EXP 	Display Frame 3
450.5290 	EXP 	Display Frame 4
450.5623 	EXP 	Display Frame 5
450.5957 	EXP 	Display Frame 6
450.6290 	EXP 	Display Frame 7
450.6623 	EXP 	Display Frame 8
450.6957 	EXP 	Display Frame 9
450.7291 	EXP 	Display Frame 0
450.7623 	EXP 	Display Frame 1
450.7957 	EXP 	Display Frame 2
450.8290 	EXP 	Display Frame 3
450.8623 	EXP 	Display Frame 4
450.8958 	DATA 	Keypress: equal
450.8968 	EXP 	Display Frame 5
450.9026 	EXP 	Display Fixation
456.0832 	DATA 	Keypress: equal
461.2773 	DATA 	Keypress: equal
466.4703 	DATA 	Keypress: equal
471.6644 	DATA 	Keypress: equal
476.8584 	DATA 	Keypress: equal
482.0515 	DATA 	Keypress: equal
482.0859 	EXP 	Display Frame 1
482.1191 	EXP 	Display Frame 2
482.1524 	EXP 	Display Frame 3
482.1858 	EXP 	Display Frame 4
482.2191 	EXP 	Display Frame 5
482.2525 	EXP 	Display Frame 6
482.2858 	EXP 	Display Frame 7
482.3191 	EXP 	Display Frame 8
482.3524 	EXP 	Display Frame 9
482.3858 	EXP 	Display Frame 0
482.4191 	EXP 	Display Frame 1
482.4524 	EXP 	Display Frame 2
482.4857 	EXP 	Display Frame 3
482.5191 	EXP 	Display Frame 4
482.5524 	EXP 	Display Frame 5
482.5857 	EXP 	Display Frame 6
482.6191 	EXP 	Display Frame 7
482.6524 	EXP 	Display Frame 8
482.6857 	EXP 	Display Frame 9
482.7191 	EXP 	Display Frame 0
482.7524 	EXP 	Display Frame 1
482.7857 	EXP 	Display Frame 2
482.8191 	EXP 	Display Frame 3
482.8524 	EXP 	Display Frame 4
482.8857 	EXP 	Display Frame 5
482.9191 	EXP 	Display Frame 6
482.9524 	EXP 	Display Frame 7
482.9857 	EXP 	Display Frame 8
483.0191 	EXP 	Display Frame 9
483.0524 	EXP 	Display Frame 0
483.0857 	EXP 	Display Frame 1
483.1191 	EXP 	Display Frame 2
483.1524 	EXP 	Display Frame 3
483.1857 	EXP 	Display Frame 4
483.2191 	EXP 	Display Frame 5
483.2524 	EXP 	Display Frame 6
483.2857 	EXP 	Display Frame 7
483.3191 	EXP 	Display Frame 8
483.3524 	EXP 	Display Frame 9
483.3857 	EXP 	Display Frame 0
483.4191 	EXP 	Display Frame 1
483.4524 	EXP 	Display Frame 2
483.4857 	EXP 	Display Frame 3
483.5191 	EXP 	Display Frame 4
483.5524 	EXP 	Display Frame 5
483.5858 	EXP 	Display Frame 6
483.6191 	EXP 	Display Frame 7
483.6524 	EXP 	Display Frame 8
483.6857 	EXP 	Display Frame 9
483.7191 	EXP 	Display Frame 0
483.7524 	EXP 	Display Frame 1
483.7857 	EXP 	Display Frame 2
483.8190 	EXP 	Display Frame 3
483.8524 	EXP 	Display Frame 4
483.8857 	EXP 	Display Frame 5
483.9191 	EXP 	Display Frame 6
483.9524 	EXP 	Display Frame 7
483.9857 	EXP 	Display Frame 8
484.0191 	EXP 	Display Frame 9
484.0524 	EXP 	Display Frame 0
484.0857 	EXP 	Display Frame 1
484.1191 	EXP 	Display Frame 2
484.1524 	EXP 	Display Frame 3
484.1857 	EXP 	Display Frame 4
484.2190 	EXP 	Display Frame 5
484.2524 	EXP 	Display Frame 6
484.2857 	EXP 	Display Frame 7
484.3191 	EXP 	Display Frame 8
484.3524 	EXP 	Display Frame 9
484.3857 	EXP 	Display Frame 0
484.4192 	EXP 	Display Frame 1
484.4524 	EXP 	Display Frame 2
484.4858 	EXP 	Display Frame 3
484.5191 	EXP 	Display Frame 4
484.5524 	EXP 	Display Frame 5
484.5857 	EXP 	Display Frame 6
484.6191 	EXP 	Display Frame 7
484.6524 	EXP 	Display Frame 8
484.6857 	EXP 	Display Frame 9
484.7191 	EXP 	Display Frame 0
484.7524 	EXP 	Display Frame 1
484.7858 	EXP 	Display Frame 2
484.8191 	EXP 	Display Frame 3
484.8524 	EXP 	Display Frame 4
484.8857 	EXP 	Display Frame 5
484.9191 	EXP 	Display Frame 6
484.9524 	EXP 	Display Frame 7
484.9857 	EXP 	Display Frame 8
485.0191 	EXP 	Display Frame 9
485.0524 	EXP 	Display Frame 0
485.0857 	EXP 	Display Frame 1
485.1191 	EXP 	Display Frame 2
485.1524 	EXP 	Display Frame 3
485.1857 	EXP 	Display Frame 4
485.2190 	EXP 	Display Frame 5
485.2524 	EXP 	Display Frame 6
485.2857 	EXP 	Display Frame 7
485.3191 	EXP 	Display Frame 8
485.3524 	EXP 	Display Frame 9
485.3857 	EXP 	Display Frame 0
485.4191 	EXP 	Display Frame 1
485.4524 	EXP 	Display Frame 2
485.4858 	EXP 	Display Frame 3
485.5191 	EXP 	Display Frame 4
485.5524 	EXP 	Display Frame 5
485.5857 	EXP 	Display Frame 6
485.6191 	EXP 	Display Frame 7
485.6524 	EXP 	Display Frame 8
485.6858 	EXP 	Display Frame 9
485.7190 	EXP 	Display Frame 0
485.7524 	EXP 	Display Frame 1
485.7858 	EXP 	Display Frame 2
485.8191 	EXP 	Display Frame 3
485.8524 	EXP 	Display Frame 4
485.8857 	EXP 	Display Frame 5
485.9191 	EXP 	Display Frame 6
485.9524 	EXP 	Display Frame 7
485.9857 	EXP 	Display Frame 8
486.0191 	EXP 	Display Frame 9
486.0524 	EXP 	Display Frame 0
486.0857 	EXP 	Display Frame 1
486.1191 	EXP 	Display Frame 2
486.1524 	EXP 	Display Frame 3
486.1857 	EXP 	Display Frame 4
486.2191 	EXP 	Display Frame 5
486.2524 	EXP 	Display Frame 6
486.2858 	EXP 	Display Frame 7
486.3190 	EXP 	Display Frame 8
486.3524 	EXP 	Display Frame 9
486.3858 	EXP 	Display Frame 0
486.4191 	EXP 	Display Frame 1
486.4524 	EXP 	Display Frame 2
486.4857 	EXP 	Display Frame 3
486.5191 	EXP 	Display Frame 4
486.5524 	EXP 	Display Frame 5
486.5858 	EXP 	Display Frame 6
486.6191 	EXP 	Display Frame 7
486.6524 	EXP 	Display Frame 8
486.6857 	EXP 	Display Frame 9
486.7190 	EXP 	Display Frame 0
486.7524 	EXP 	Display Frame 1
486.7857 	EXP 	Display Frame 2
486.8191 	EXP 	Display Frame 3
486.8524 	EXP 	Display Frame 4
486.8857 	EXP 	Display Frame 5
486.9191 	EXP 	Display Frame 6
486.9524 	EXP 	Display Frame 7
486.9859 	EXP 	Display Frame 8
487.0191 	EXP 	Display Frame 9
487.0525 	EXP 	Display Frame 0
487.0857 	EXP 	Display Frame 1
487.1191 	EXP 	Display Frame 2
487.1524 	EXP 	Display Frame 3
487.1857 	EXP 	Display Frame 4
487.2191 	EXP 	Display Frame 5
487.2526 	DATA 	Keypress: equal
487.2537 	EXP 	Display Frame 6
487.2857 	EXP 	Display Frame 7
487.3191 	EXP 	Display Frame 8
487.3524 	EXP 	Display Frame 9
487.3857 	EXP 	Display Frame 0
487.4191 	EXP 	Display Frame 1
487.4524 	EXP 	Display Frame 2
487.4858 	EXP 	Display Frame 3
487.5191 	EXP 	Display Frame 4
487.5524 	EXP 	Display Frame 5
487.5857 	EXP 	Display Frame 6
487.6191 	EXP 	Display Frame 7
487.6524 	EXP 	Display Frame 8
487.6857 	EXP 	Display Frame 9
487.7191 	EXP 	Display Frame 0
487.7524 	EXP 	Display Frame 1
487.7858 	EXP 	Display Frame 2
487.8191 	EXP 	Display Frame 3
487.8524 	EXP 	Display Frame 4
487.8860 	EXP 	Display Frame 5
487.9194 	EXP 	Display Frame 6
487.9528 	EXP 	Display Frame 7
487.9860 	EXP 	Display Frame 8
488.0194 	EXP 	Display Frame 9
488.0527 	EXP 	Display Frame 0
488.0860 	EXP 	Display Frame 1
488.1194 	EXP 	Display Frame 2
488.1527 	EXP 	Display Frame 3
488.1860 	EXP 	Display Frame 4
488.2194 	EXP 	Display Frame 5
488.2528 	EXP 	Display Frame 6
488.2860 	EXP 	Display Frame 7
488.3193 	EXP 	Display Frame 8
488.3527 	EXP 	Display Frame 9
488.3861 	EXP 	Display Frame 0
488.4195 	EXP 	Display Frame 1
488.4527 	EXP 	Display Frame 2
488.4860 	EXP 	Display Frame 3
488.5193 	EXP 	Display Frame 4
488.5524 	EXP 	Display Frame 5
488.5857 	EXP 	Display Frame 6
488.6191 	EXP 	Display Frame 7
488.6524 	EXP 	Display Frame 8
488.6858 	EXP 	Display Frame 9
488.7191 	EXP 	Display Frame 0
488.7524 	EXP 	Display Frame 1
488.7857 	EXP 	Display Frame 2
488.8191 	EXP 	Display Frame 3
488.8524 	EXP 	Display Frame 4
488.8858 	EXP 	Display Frame 5
488.9191 	EXP 	Display Frame 6
488.9524 	EXP 	Display Frame 7
488.9857 	EXP 	Display Frame 8
489.0191 	EXP 	Display Frame 9
489.0524 	EXP 	Display Frame 0
489.0857 	EXP 	Display Frame 1
489.1191 	EXP 	Display Frame 2
489.1524 	EXP 	Display Frame 3
489.1858 	EXP 	Display Frame 4
489.2191 	EXP 	Display Frame 5
489.2524 	EXP 	Display Frame 6
489.2860 	EXP 	Display Frame 7
489.3191 	EXP 	Display Frame 8
489.3524 	EXP 	Display Frame 9
489.3858 	EXP 	Display Frame 0
489.4191 	EXP 	Display Frame 1
489.4524 	EXP 	Display Frame 2
489.4858 	EXP 	Display Frame 3
489.5191 	EXP 	Display Frame 4
489.5524 	EXP 	Display Frame 5
489.5858 	EXP 	Display Frame 6
489.6191 	EXP 	Display Frame 7
489.6524 	EXP 	Display Frame 8
489.6857 	EXP 	Display Frame 9
489.7191 	EXP 	Display Frame 0
489.7526 	EXP 	Display Frame 1
489.7857 	EXP 	Display Frame 2
489.8191 	EXP 	Display Frame 3
489.8524 	EXP 	Display Frame 4
489.8857 	EXP 	Display Frame 5
489.9191 	EXP 	Display Frame 6
489.9524 	EXP 	Display Frame 7
489.9857 	EXP 	Display Frame 8
490.0190 	EXP 	Display Frame 9
490.0524 	EXP 	Display Frame 0
490.0857 	EXP 	Display Frame 1
490.1191 	EXP 	Display Frame 2
490.1524 	EXP 	Display Frame 3
490.1857 	EXP 	Display Frame 4
490.2190 	EXP 	Display Frame 5
490.2524 	EXP 	Display Frame 6
490.2857 	EXP 	Display Frame 7
490.3191 	EXP 	Display Frame 8
490.3524 	EXP 	Display Frame 9
490.3857 	EXP 	Display Frame 0
490.4191 	EXP 	Display Frame 1
490.4524 	EXP 	Display Frame 2
490.4857 	EXP 	Display Frame 3
490.5191 	EXP 	Display Frame 4
490.5524 	EXP 	Display Frame 5
490.5857 	EXP 	Display Frame 6
490.6191 	EXP 	Display Frame 7
490.6524 	EXP 	Display Frame 8
490.6857 	EXP 	Display Frame 9
490.7190 	EXP 	Display Frame 0
490.7524 	EXP 	Display Frame 1
490.7858 	EXP 	Display Frame 2
490.8190 	EXP 	Display Frame 3
490.8524 	EXP 	Display Frame 4
490.8858 	EXP 	Display Frame 5
490.9191 	EXP 	Display Frame 6
490.9524 	EXP 	Display Frame 7
490.9857 	EXP 	Display Frame 8
491.0190 	EXP 	Display Frame 9
491.0524 	EXP 	Display Frame 0
491.0857 	EXP 	Display Frame 1
491.1191 	EXP 	Display Frame 2
491.1524 	EXP 	Display Frame 3
491.1857 	EXP 	Display Frame 4
491.2191 	EXP 	Display Frame 5
491.2524 	EXP 	Display Frame 6
491.2858 	EXP 	Display Frame 7
491.3190 	EXP 	Display Frame 8
491.3524 	EXP 	Display Frame 9
491.3857 	EXP 	Display Frame 0
491.4191 	EXP 	Display Frame 1
491.4524 	EXP 	Display Frame 2
491.4857 	EXP 	Display Frame 3
491.5191 	EXP 	Display Frame 4
491.5524 	EXP 	Display Frame 5
491.5858 	EXP 	Display Frame 6
491.6191 	EXP 	Display Frame 7
491.6524 	EXP 	Display Frame 8
491.6857 	EXP 	Display Frame 9
491.7190 	EXP 	Display Frame 0
491.7524 	EXP 	Display Frame 1
491.7858 	EXP 	Display Frame 2
491.8191 	EXP 	Display Frame 3
491.8524 	EXP 	Display Frame 4
491.8857 	EXP 	Display Frame 5
491.9191 	EXP 	Display Frame 6
491.9524 	EXP 	Display Frame 7
491.9857 	EXP 	Display Frame 8
492.0191 	EXP 	Display Frame 9
492.0524 	EXP 	Display Frame 0
492.0857 	EXP 	Display Frame 1
492.1190 	EXP 	Display Frame 2
492.1524 	EXP 	Display Frame 3
492.1858 	EXP 	Display Frame 4
492.2191 	EXP 	Display Frame 5
492.2524 	EXP 	Display Frame 6
492.2858 	EXP 	Display Frame 7
492.3191 	EXP 	Display Frame 8
492.3524 	EXP 	Display Frame 9
492.3857 	EXP 	Display Frame 0
492.4191 	EXP 	Display Frame 1
492.4525 	DATA 	Keypress: equal
492.4536 	EXP 	Display Frame 2
492.4857 	EXP 	Display Frame 3
492.5191 	EXP 	Display Frame 4
492.5524 	EXP 	Display Frame 5
492.5857 	EXP 	Display Frame 6
492.6191 	EXP 	Display Frame 7
492.6524 	EXP 	Display Frame 8
492.6858 	EXP 	Display Frame 9
492.7191 	EXP 	Display Frame 0
492.7524 	EXP 	Display Frame 1
492.7857 	EXP 	Display Frame 2
492.8191 	EXP 	Display Frame 3
492.8524 	EXP 	Display Frame 4
492.8857 	EXP 	Display Frame 5
492.9191 	EXP 	Display Frame 6
492.9524 	EXP 	Display Frame 7
492.9857 	EXP 	Display Frame 8
493.0191 	EXP 	Display Frame 9
493.0524 	EXP 	Display Frame 0
493.0857 	EXP 	Display Frame 1
493.1191 	EXP 	Display Frame 2
493.1524 	EXP 	Display Frame 3
493.1857 	EXP 	Display Frame 4
493.2191 	EXP 	Display Frame 5
493.2524 	EXP 	Display Frame 6
493.2858 	EXP 	Display Frame 7
493.3191 	EXP 	Display Frame 8
493.3524 	EXP 	Display Frame 9
493.3857 	EXP 	Display Frame 0
493.4191 	EXP 	Display Frame 1
493.4524 	EXP 	Display Frame 2
493.4857 	EXP 	Display Frame 3
493.5191 	EXP 	Display Frame 4
493.5524 	EXP 	Display Frame 5
493.5857 	EXP 	Display Frame 6
493.6191 	EXP 	Display Frame 7
493.6524 	EXP 	Display Frame 8
493.6857 	EXP 	Display Frame 9
493.7191 	EXP 	Display Frame 0
493.7524 	EXP 	Display Frame 1
493.7857 	EXP 	Display Frame 2
493.8190 	EXP 	Display Frame 3
493.8524 	EXP 	Display Frame 4
493.8858 	EXP 	Display Frame 5
493.9191 	EXP 	Display Frame 6
493.9524 	EXP 	Display Frame 7
493.9858 	EXP 	Display Frame 8
494.0191 	EXP 	Display Frame 9
494.0524 	EXP 	Display Frame 0
494.0857 	EXP 	Display Frame 1
494.1191 	EXP 	Display Frame 2
494.1524 	EXP 	Display Frame 3
494.1857 	EXP 	Display Frame 4
494.2191 	EXP 	Display Frame 5
494.2524 	EXP 	Display Frame 6
494.2857 	EXP 	Display Frame 7
494.3190 	EXP 	Display Frame 8
494.3524 	EXP 	Display Frame 9
494.3857 	EXP 	Display Frame 0
494.4191 	EXP 	Display Frame 1
494.4524 	EXP 	Display Frame 2
494.4857 	EXP 	Display Frame 3
494.5191 	EXP 	Display Frame 4
494.5524 	EXP 	Display Frame 5
494.5857 	EXP 	Display Frame 6
494.6190 	EXP 	Display Frame 7
494.6524 	EXP 	Display Frame 8
494.6857 	EXP 	Display Frame 9
494.7191 	EXP 	Display Frame 0
494.7524 	EXP 	Display Frame 1
494.7858 	EXP 	Display Frame 2
494.8191 	EXP 	Display Frame 3
494.8524 	EXP 	Display Frame 4
494.8857 	EXP 	Display Frame 5
494.9190 	EXP 	Display Frame 6
494.9524 	EXP 	Display Frame 7
494.9857 	EXP 	Display Frame 8
495.0191 	EXP 	Display Frame 9
495.0524 	EXP 	Display Frame 0
495.0858 	EXP 	Display Frame 1
495.1191 	EXP 	Display Frame 2
495.1524 	EXP 	Display Frame 3
495.1857 	EXP 	Display Frame 4
495.2191 	EXP 	Display Frame 5
495.2524 	EXP 	Display Frame 6
495.2857 	EXP 	Display Frame 7
495.3191 	EXP 	Display Frame 8
495.3524 	EXP 	Display Frame 9
495.3857 	EXP 	Display Frame 0
495.4190 	EXP 	Display Frame 1
495.4524 	EXP 	Display Frame 2
495.4857 	EXP 	Display Frame 3
495.5191 	EXP 	Display Frame 4
495.5524 	EXP 	Display Frame 5
495.5857 	EXP 	Display Frame 6
495.6191 	EXP 	Display Frame 7
495.6526 	EXP 	Display Frame 8
495.6858 	EXP 	Display Frame 9
495.7191 	EXP 	Display Frame 0
495.7524 	EXP 	Display Frame 1
495.7858 	EXP 	Display Frame 2
495.8191 	EXP 	Display Frame 3
495.8524 	EXP 	Display Frame 4
495.8858 	EXP 	Display Frame 5
495.9191 	EXP 	Display Frame 6
495.9525 	EXP 	Display Frame 7
495.9857 	EXP 	Display Frame 8
496.0191 	EXP 	Display Frame 9
496.0524 	EXP 	Display Frame 0
496.0857 	EXP 	Display Frame 1
496.1191 	EXP 	Display Frame 2
496.1524 	EXP 	Display Frame 3
496.1857 	EXP 	Display Frame 4
496.2191 	EXP 	Display Frame 5
496.2524 	EXP 	Display Frame 6
496.2857 	EXP 	Display Frame 7
496.3191 	EXP 	Display Frame 8
496.3524 	EXP 	Display Frame 9
496.3857 	EXP 	Display Frame 0
496.4191 	EXP 	Display Frame 1
496.4524 	EXP 	Display Frame 2
496.4857 	EXP 	Display Frame 3
496.5191 	EXP 	Display Frame 4
496.5524 	EXP 	Display Frame 5
496.5858 	EXP 	Display Frame 6
496.6191 	EXP 	Display Frame 7
496.6524 	EXP 	Display Frame 8
496.6857 	EXP 	Display Frame 9
496.7191 	EXP 	Display Frame 0
496.7524 	EXP 	Display Frame 1
496.7857 	EXP 	Display Frame 2
496.8191 	EXP 	Display Frame 3
496.8600 	EXP 	Display Frame 4
496.8858 	EXP 	Display Frame 5
496.9191 	EXP 	Display Frame 6
496.9524 	EXP 	Display Frame 7
496.9857 	EXP 	Display Frame 8
497.0191 	EXP 	Display Frame 9
497.0524 	EXP 	Display Frame 0
497.0858 	EXP 	Display Frame 1
497.1191 	EXP 	Display Frame 2
497.1524 	EXP 	Display Frame 3
497.1857 	EXP 	Display Frame 4
497.2190 	EXP 	Display Frame 5
497.2524 	EXP 	Display Frame 6
497.2857 	EXP 	Display Frame 7
497.3191 	EXP 	Display Frame 8
497.3524 	EXP 	Display Frame 9
497.3857 	EXP 	Display Frame 0
497.4190 	EXP 	Display Frame 1
497.4524 	EXP 	Display Frame 2
497.4858 	EXP 	Display Frame 3
497.5190 	EXP 	Display Frame 4
497.5524 	EXP 	Display Frame 5
497.5857 	EXP 	Display Frame 6
497.6191 	EXP 	Display Frame 7
497.6525 	DATA 	Keypress: equal
497.6536 	EXP 	Display Frame 8
497.6857 	EXP 	Display Frame 9
497.7190 	EXP 	Display Frame 0
497.7524 	EXP 	Display Frame 1
497.7858 	EXP 	Display Frame 2
497.8191 	EXP 	Display Frame 3
497.8524 	EXP 	Display Frame 4
497.8857 	EXP 	Display Frame 5
497.9191 	EXP 	Display Frame 6
497.9524 	EXP 	Display Frame 7
497.9857 	EXP 	Display Frame 8
498.0190 	EXP 	Display Frame 9
498.0524 	EXP 	Display Frame 0
498.0857 	EXP 	Display Frame 1
498.1191 	EXP 	Display Frame 2
498.1524 	EXP 	Display Frame 3
498.1857 	EXP 	Display Frame 4
498.2191 	EXP 	Display Frame 5
498.2524 	EXP 	Display Frame 6
498.2857 	EXP 	Display Frame 7
498.3191 	EXP 	Display Frame 8
498.3524 	EXP 	Display Frame 9
498.3857 	EXP 	Display Frame 0
498.4191 	EXP 	Display Frame 1
498.4524 	EXP 	Display Frame 2
498.4857 	EXP 	Display Frame 3
498.5191 	EXP 	Display Frame 4
498.5524 	EXP 	Display Frame 5
498.5857 	EXP 	Display Frame 6
498.6190 	EXP 	Display Frame 7
498.6524 	EXP 	Display Frame 8
498.6857 	EXP 	Display Frame 9
498.7191 	EXP 	Display Frame 0
498.7524 	EXP 	Display Frame 1
498.7857 	EXP 	Display Frame 2
498.8191 	EXP 	Display Frame 3
498.8524 	EXP 	Display Frame 4
498.8857 	EXP 	Display Frame 5
498.9191 	EXP 	Display Frame 6
498.9524 	EXP 	Display Frame 7
498.9857 	EXP 	Display Frame 8
499.0191 	EXP 	Display Frame 9
499.0524 	EXP 	Display Frame 0
499.0857 	EXP 	Display Frame 1
499.1191 	EXP 	Display Frame 2
499.1524 	EXP 	Display Frame 3
499.1857 	EXP 	Display Frame 4
499.2191 	EXP 	Display Frame 5
499.2524 	EXP 	Display Frame 6
499.2857 	EXP 	Display Frame 7
499.3191 	EXP 	Display Frame 8
499.3524 	EXP 	Display Frame 9
499.3857 	EXP 	Display Frame 0
499.4191 	EXP 	Display Frame 1
499.4524 	EXP 	Display Frame 2
499.4857 	EXP 	Display Frame 3
499.5191 	EXP 	Display Frame 4
499.5524 	EXP 	Display Frame 5
499.5857 	EXP 	Display Frame 6
499.6191 	EXP 	Display Frame 7
499.6524 	EXP 	Display Frame 8
499.6857 	EXP 	Display Frame 9
499.7191 	EXP 	Display Frame 0
499.7524 	EXP 	Display Frame 1
499.7858 	EXP 	Display Frame 2
499.8191 	EXP 	Display Frame 3
499.8524 	EXP 	Display Frame 4
499.8857 	EXP 	Display Frame 5
499.9191 	EXP 	Display Frame 6
499.9524 	EXP 	Display Frame 7
499.9857 	EXP 	Display Frame 8
500.0191 	EXP 	Display Frame 9
500.0524 	EXP 	Display Frame 0
500.0858 	EXP 	Display Frame 1
500.1191 	EXP 	Display Frame 2
500.1524 	EXP 	Display Frame 3
500.1858 	EXP 	Display Frame 4
500.2191 	EXP 	Display Frame 5
500.2524 	EXP 	Display Frame 6
500.2857 	EXP 	Display Frame 7
500.3191 	EXP 	Display Frame 8
500.3524 	EXP 	Display Frame 9
500.3858 	EXP 	Display Frame 0
500.4192 	EXP 	Display Frame 1
500.4525 	EXP 	Display Frame 2
500.4857 	EXP 	Display Frame 3
500.5191 	EXP 	Display Frame 4
500.5524 	EXP 	Display Frame 5
500.5857 	EXP 	Display Frame 6
500.6191 	EXP 	Display Frame 7
500.6524 	EXP 	Display Frame 8
500.6857 	EXP 	Display Frame 9
500.7191 	EXP 	Display Frame 0
500.7524 	EXP 	Display Frame 1
500.7857 	EXP 	Display Frame 2
500.8191 	EXP 	Display Frame 3
500.8524 	EXP 	Display Frame 4
500.8858 	EXP 	Display Frame 5
500.9191 	EXP 	Display Frame 6
500.9524 	EXP 	Display Frame 7
500.9857 	EXP 	Display Frame 8
501.0191 	EXP 	Display Frame 9
501.0524 	EXP 	Display Frame 0
501.0857 	EXP 	Display Frame 1
501.1191 	EXP 	Display Frame 2
501.1524 	EXP 	Display Frame 3
501.1857 	EXP 	Display Frame 4
501.2191 	EXP 	Display Frame 5
501.2524 	EXP 	Display Frame 6
501.2857 	EXP 	Display Frame 7
501.3191 	EXP 	Display Frame 8
501.3524 	EXP 	Display Frame 9
501.3857 	EXP 	Display Frame 0
501.4191 	EXP 	Display Frame 1
501.4524 	EXP 	Display Frame 2
501.4857 	EXP 	Display Frame 3
501.5191 	EXP 	Display Frame 4
501.5524 	EXP 	Display Frame 5
501.5858 	EXP 	Display Frame 6
501.6191 	EXP 	Display Frame 7
501.6524 	EXP 	Display Frame 8
501.6857 	EXP 	Display Frame 9
501.7191 	EXP 	Display Frame 0
501.7524 	EXP 	Display Frame 1
501.7857 	EXP 	Display Frame 2
501.8191 	EXP 	Display Frame 3
501.8524 	EXP 	Display Frame 4
501.8858 	EXP 	Display Frame 5
501.9191 	EXP 	Display Frame 6
501.9524 	EXP 	Display Frame 7
501.9860 	EXP 	Display Frame 8
502.0191 	EXP 	Display Frame 9
502.0524 	EXP 	Display Frame 0
502.0857 	EXP 	Display Frame 1
502.1191 	EXP 	Display Frame 2
502.1524 	EXP 	Display Frame 3
502.1857 	EXP 	Display Frame 4
502.2191 	EXP 	Display Frame 5
502.2524 	EXP 	Display Frame 6
502.2858 	EXP 	Display Frame 7
502.3191 	EXP 	Display Frame 8
502.3524 	EXP 	Display Frame 9
502.3858 	EXP 	Display Frame 0
502.4191 	EXP 	Display Frame 1
502.4524 	EXP 	Display Frame 2
502.4857 	EXP 	Display Frame 3
502.5191 	EXP 	Display Frame 4
502.5524 	EXP 	Display Frame 5
502.5857 	EXP 	Display Frame 6
502.6191 	EXP 	Display Frame 7
502.6524 	EXP 	Display Frame 8
502.6858 	EXP 	Display Frame 9
502.7191 	EXP 	Display Frame 0
502.7524 	EXP 	Display Frame 1
502.7857 	EXP 	Display Frame 2
502.8191 	EXP 	Display Frame 3
502.8525 	DATA 	Keypress: equal
502.8535 	EXP 	Display Frame 4
502.8858 	EXP 	Display Frame 5
502.9191 	EXP 	Display Frame 6
502.9524 	EXP 	Display Frame 7
502.9858 	EXP 	Display Frame 8
503.0191 	EXP 	Display Frame 9
503.0524 	EXP 	Display Frame 0
503.0857 	EXP 	Display Frame 1
503.1191 	EXP 	Display Frame 2
503.1524 	EXP 	Display Frame 3
503.1857 	EXP 	Display Frame 4
503.2191 	EXP 	Display Frame 5
503.2524 	EXP 	Display Frame 6
503.2857 	EXP 	Display Frame 7
503.3190 	EXP 	Display Frame 8
503.3524 	EXP 	Display Frame 9
503.3858 	EXP 	Display Frame 0
503.4191 	EXP 	Display Frame 1
503.4524 	EXP 	Display Frame 2
503.4857 	EXP 	Display Frame 3
503.5191 	EXP 	Display Frame 4
503.5524 	EXP 	Display Frame 5
503.5857 	EXP 	Display Frame 6
503.6191 	EXP 	Display Frame 7
503.6524 	EXP 	Display Frame 8
503.6857 	EXP 	Display Frame 9
503.7191 	EXP 	Display Frame 0
503.7524 	EXP 	Display Frame 1
503.7858 	EXP 	Display Frame 2
503.8191 	EXP 	Display Frame 3
503.8524 	EXP 	Display Frame 4
503.8857 	EXP 	Display Frame 5
503.9191 	EXP 	Display Frame 6
503.9524 	EXP 	Display Frame 7
503.9857 	EXP 	Display Frame 8
504.0191 	EXP 	Display Frame 9
504.0524 	EXP 	Display Frame 0
504.0858 	EXP 	Display Frame 1
504.1190 	EXP 	Display Frame 2
504.1524 	EXP 	Display Frame 3
504.1857 	EXP 	Display Frame 4
504.2191 	EXP 	Display Frame 5
504.2524 	EXP 	Display Frame 6
504.2857 	EXP 	Display Frame 7
504.3191 	EXP 	Display Frame 8
504.3524 	EXP 	Display Frame 9
504.3858 	EXP 	Display Frame 0
504.4191 	EXP 	Display Frame 1
504.4524 	EXP 	Display Frame 2
504.4857 	EXP 	Display Frame 3
504.5191 	EXP 	Display Frame 4
504.5524 	EXP 	Display Frame 5
504.5857 	EXP 	Display Frame 6
504.6191 	EXP 	Display Frame 7
504.6524 	EXP 	Display Frame 8
504.6857 	EXP 	Display Frame 9
504.7190 	EXP 	Display Frame 0
504.7524 	EXP 	Display Frame 1
504.7857 	EXP 	Display Frame 2
504.8191 	EXP 	Display Frame 3
504.8524 	EXP 	Display Frame 4
504.8857 	EXP 	Display Frame 5
504.9191 	EXP 	Display Frame 6
504.9524 	EXP 	Display Frame 7
504.9857 	EXP 	Display Frame 8
505.0191 	EXP 	Display Frame 9
505.0524 	EXP 	Display Frame 0
505.0857 	EXP 	Display Frame 1
505.1191 	EXP 	Display Frame 2
505.1525 	EXP 	Display Frame 3
505.1858 	EXP 	Display Frame 4
505.2191 	EXP 	Display Frame 5
505.2524 	EXP 	Display Frame 6
505.2858 	EXP 	Display Frame 7
505.3191 	EXP 	Display Frame 8
505.3524 	EXP 	Display Frame 9
505.3857 	EXP 	Display Frame 0
505.4191 	EXP 	Display Frame 1
505.4524 	EXP 	Display Frame 2
505.4857 	EXP 	Display Frame 3
505.5191 	EXP 	Display Frame 4
505.5524 	EXP 	Display Frame 5
505.5857 	EXP 	Display Frame 6
505.6191 	EXP 	Display Frame 7
505.6524 	EXP 	Display Frame 8
505.6857 	EXP 	Display Frame 9
505.7191 	EXP 	Display Frame 0
505.7526 	EXP 	Display Frame 1
505.7858 	EXP 	Display Frame 2
505.8191 	EXP 	Display Frame 3
505.8524 	EXP 	Display Frame 4
505.8858 	EXP 	Display Frame 5
505.9191 	EXP 	Display Frame 6
505.9524 	EXP 	Display Frame 7
505.9857 	EXP 	Display Frame 8
506.0191 	EXP 	Display Frame 9
506.0524 	EXP 	Display Frame 0
506.0858 	EXP 	Display Frame 1
506.1191 	EXP 	Display Frame 2
506.1535 	EXP 	Display Frame 3
506.1857 	EXP 	Display Frame 4
506.2191 	EXP 	Display Frame 5
506.2524 	EXP 	Display Frame 6
506.2857 	EXP 	Display Frame 7
506.3191 	EXP 	Display Frame 8
506.3524 	EXP 	Display Frame 9
506.3857 	EXP 	Display Frame 0
506.4191 	EXP 	Display Frame 1
506.4524 	EXP 	Display Frame 2
506.4857 	EXP 	Display Frame 3
506.5191 	EXP 	Display Frame 4
506.5524 	EXP 	Display Frame 5
506.5857 	EXP 	Display Frame 6
506.6191 	EXP 	Display Frame 7
506.6524 	EXP 	Display Frame 8
506.6858 	EXP 	Display Frame 9
506.7191 	EXP 	Display Frame 0
506.7524 	EXP 	Display Frame 1
506.7857 	EXP 	Display Frame 2
506.8191 	EXP 	Display Frame 3
506.8525 	EXP 	Display Frame 4
506.8857 	EXP 	Display Frame 5
506.9191 	EXP 	Display Frame 6
506.9524 	EXP 	Display Frame 7
506.9858 	EXP 	Display Frame 8
507.0191 	EXP 	Display Frame 9
507.0524 	EXP 	Display Frame 0
507.0857 	EXP 	Display Frame 1
507.1191 	EXP 	Display Frame 2
507.1524 	EXP 	Display Frame 3
507.1857 	EXP 	Display Frame 4
507.2191 	EXP 	Display Frame 5
507.2524 	EXP 	Display Frame 6
507.2857 	EXP 	Display Frame 7
507.3191 	EXP 	Display Frame 8
507.3524 	EXP 	Display Frame 9
507.3858 	EXP 	Display Frame 0
507.4191 	EXP 	Display Frame 1
507.4524 	EXP 	Display Frame 2
507.4857 	EXP 	Display Frame 3
507.5191 	EXP 	Display Frame 4
507.5524 	EXP 	Display Frame 5
507.5858 	EXP 	Display Frame 6
507.6191 	EXP 	Display Frame 7
507.6524 	EXP 	Display Frame 8
507.6857 	EXP 	Display Frame 9
507.7191 	EXP 	Display Frame 0
507.7524 	EXP 	Display Frame 1
507.7858 	EXP 	Display Frame 2
507.8191 	EXP 	Display Frame 3
507.8524 	EXP 	Display Frame 4
507.8858 	EXP 	Display Frame 5
507.9191 	EXP 	Display Frame 6
507.9524 	EXP 	Display Frame 7
507.9857 	EXP 	Display Frame 8
508.0191 	EXP 	Display Frame 9
508.0199 	DATA 	Keypress: equal
508.0524 	EXP 	Display Frame 0
508.0857 	EXP 	Display Frame 1
508.1191 	EXP 	Display Frame 2
508.1524 	EXP 	Display Frame 3
508.1858 	EXP 	Display Frame 4
508.2191 	EXP 	Display Frame 5
508.2524 	EXP 	Display Frame 6
508.2857 	EXP 	Display Frame 7
508.3193 	EXP 	Display Frame 8
508.3524 	EXP 	Display Frame 9
508.3858 	EXP 	Display Frame 0
508.4191 	EXP 	Display Frame 1
508.4524 	EXP 	Display Frame 2
508.4858 	EXP 	Display Frame 3
508.5191 	EXP 	Display Frame 4
508.5524 	EXP 	Display Frame 5
508.5857 	EXP 	Display Frame 6
508.6191 	EXP 	Display Frame 7
508.6524 	EXP 	Display Frame 8
508.6858 	EXP 	Display Frame 9
508.7191 	EXP 	Display Frame 0
508.7524 	EXP 	Display Frame 1
508.7857 	EXP 	Display Frame 2
508.8191 	EXP 	Display Frame 3
508.8524 	EXP 	Display Frame 4
508.8857 	EXP 	Display Frame 5
508.9191 	EXP 	Display Frame 6
508.9524 	EXP 	Display Frame 7
508.9857 	EXP 	Display Frame 8
509.0191 	EXP 	Display Frame 9
509.0524 	EXP 	Display Frame 0
509.0857 	EXP 	Display Frame 1
509.1191 	EXP 	Display Frame 2
509.1524 	EXP 	Display Frame 3
509.1857 	EXP 	Display Frame 4
509.2191 	EXP 	Display Frame 5
509.2524 	EXP 	Display Frame 6
509.2858 	EXP 	Display Frame 7
509.3191 	EXP 	Display Frame 8
509.3524 	EXP 	Display Frame 9
509.3858 	EXP 	Display Frame 0
509.4191 	EXP 	Display Frame 1
509.4524 	EXP 	Display Frame 2
509.4858 	EXP 	Display Frame 3
509.5191 	EXP 	Display Frame 4
509.5524 	EXP 	Display Frame 5
509.5857 	EXP 	Display Frame 6
509.6191 	EXP 	Display Frame 7
509.6524 	EXP 	Display Frame 8
509.6858 	EXP 	Display Frame 9
509.7191 	EXP 	Display Frame 0
509.7524 	EXP 	Display Frame 1
509.7857 	EXP 	Display Frame 2
509.8190 	EXP 	Display Frame 3
509.8524 	EXP 	Display Frame 4
509.8857 	EXP 	Display Frame 5
509.9191 	EXP 	Display Frame 6
509.9524 	EXP 	Display Frame 7
509.9858 	EXP 	Display Frame 8
510.0191 	EXP 	Display Frame 9
510.0524 	EXP 	Display Frame 0
510.0857 	EXP 	Display Frame 1
510.1191 	EXP 	Display Frame 2
510.1524 	EXP 	Display Frame 3
510.1858 	EXP 	Display Frame 4
510.2191 	EXP 	Display Frame 5
510.2524 	EXP 	Display Frame 6
510.2858 	EXP 	Display Frame 7
510.3191 	EXP 	Display Frame 8
510.3524 	EXP 	Display Frame 9
510.3857 	EXP 	Display Frame 0
510.4191 	EXP 	Display Frame 1
510.4524 	EXP 	Display Frame 2
510.4857 	EXP 	Display Frame 3
510.5191 	EXP 	Display Frame 4
510.5524 	EXP 	Display Frame 5
510.5858 	EXP 	Display Frame 6
510.6191 	EXP 	Display Frame 7
510.6524 	EXP 	Display Frame 8
510.6857 	EXP 	Display Frame 9
510.7191 	EXP 	Display Frame 0
510.7524 	EXP 	Display Frame 1
510.7857 	EXP 	Display Frame 2
510.8191 	EXP 	Display Frame 3
510.8524 	EXP 	Display Frame 4
510.8858 	EXP 	Display Frame 5
510.9191 	EXP 	Display Frame 6
510.9524 	EXP 	Display Frame 7
510.9858 	EXP 	Display Frame 8
511.0191 	EXP 	Display Frame 9
511.0524 	EXP 	Display Frame 0
511.0859 	EXP 	Display Frame 1
511.1191 	EXP 	Display Frame 2
511.1524 	EXP 	Display Frame 3
511.1858 	EXP 	Display Frame 4
511.2191 	EXP 	Display Frame 5
511.2524 	EXP 	Display Frame 6
511.2857 	EXP 	Display Frame 7
511.3191 	EXP 	Display Frame 8
511.3524 	EXP 	Display Frame 9
511.3858 	EXP 	Display Frame 0
511.4191 	EXP 	Display Frame 1
511.4524 	EXP 	Display Frame 2
511.4857 	EXP 	Display Frame 3
511.5191 	EXP 	Display Frame 4
511.5524 	EXP 	Display Frame 5
511.5858 	EXP 	Display Frame 6
511.6191 	EXP 	Display Frame 7
511.6524 	EXP 	Display Frame 8
511.6857 	EXP 	Display Frame 9
511.7191 	EXP 	Display Frame 0
511.7524 	EXP 	Display Frame 1
511.7857 	EXP 	Display Frame 2
511.8191 	EXP 	Display Frame 3
511.8524 	EXP 	Display Frame 4
511.8858 	EXP 	Display Frame 5
511.9191 	EXP 	Display Frame 6
511.9524 	EXP 	Display Frame 7
511.9857 	EXP 	Display Frame 8
512.0191 	EXP 	Display Frame 9
512.0524 	EXP 	Display Frame 0
512.0858 	EXP 	Display Frame 1
512.1191 	EXP 	Display Frame 2
512.1524 	EXP 	Display Frame 3
512.1858 	EXP 	Display Frame 4
512.2190 	EXP 	Display Frame 5
512.2524 	EXP 	Display Frame 6
512.2857 	EXP 	Display Frame 7
512.3191 	EXP 	Display Frame 8
512.3524 	EXP 	Display Frame 9
512.3858 	EXP 	Display Frame 0
512.4191 	EXP 	Display Frame 1
512.4524 	EXP 	Display Frame 2
512.4857 	EXP 	Display Frame 3
512.5191 	EXP 	Display Frame 4
512.5524 	EXP 	Display Frame 5
512.5857 	EXP 	Display Frame 6
512.6191 	EXP 	Display Frame 7
512.6524 	EXP 	Display Frame 8
512.6858 	EXP 	Display Frame 9
512.7191 	EXP 	Display Frame 0
512.7524 	EXP 	Display Frame 1
512.7857 	EXP 	Display Frame 2
512.8191 	EXP 	Display Frame 3
512.8524 	EXP 	Display Frame 4
512.8858 	EXP 	Display Frame 5
512.9191 	EXP 	Display Frame 6
512.9524 	EXP 	Display Frame 7
512.9857 	EXP 	Display Frame 8
513.0191 	EXP 	Display Frame 9
513.0524 	EXP 	Display Frame 0
513.0857 	EXP 	Display Frame 1
513.1191 	EXP 	Display Frame 2
513.1524 	EXP 	Display Frame 3
513.1858 	EXP 	Display Frame 4
513.2192 	DATA 	Keypress: equal
513.2202 	EXP 	Display Frame 5
513.2422 	EXP 	Display Fixation
518.4071 	DATA 	Keypress: equal
523.6006 	DATA 	Keypress: equal
528.7938 	DATA 	Keypress: equal
533.9878 	DATA 	Keypress: equal
539.1810 	DATA 	Keypress: equal
544.3763 	DATA 	Keypress: equal
544.4109 	EXP 	Display Frame 1
544.4442 	EXP 	Display Frame 2
544.4775 	EXP 	Display Frame 3
544.5109 	EXP 	Display Frame 4
544.5442 	EXP 	Display Frame 5
544.5775 	EXP 	Display Frame 6
544.6108 	EXP 	Display Frame 7
544.6442 	EXP 	Display Frame 8
544.6775 	EXP 	Display Frame 9
544.7108 	EXP 	Display Frame 0
544.7441 	EXP 	Display Frame 1
544.7775 	EXP 	Display Frame 2
544.8108 	EXP 	Display Frame 3
544.8441 	EXP 	Display Frame 4
544.8775 	EXP 	Display Frame 5
544.9108 	EXP 	Display Frame 6
544.9442 	EXP 	Display Frame 7
544.9775 	EXP 	Display Frame 8
545.0108 	EXP 	Display Frame 9
545.0441 	EXP 	Display Frame 0
545.0775 	EXP 	Display Frame 1
545.1108 	EXP 	Display Frame 2
545.1441 	EXP 	Display Frame 3
545.1775 	EXP 	Display Frame 4
545.2108 	EXP 	Display Frame 5
545.2441 	EXP 	Display Frame 6
545.2775 	EXP 	Display Frame 7
545.3108 	EXP 	Display Frame 8
545.3441 	EXP 	Display Frame 9
545.3775 	EXP 	Display Frame 0
545.4107 	EXP 	Display Frame 1
545.4441 	EXP 	Display Frame 2
545.4775 	EXP 	Display Frame 3
545.5108 	EXP 	Display Frame 4
545.5441 	EXP 	Display Frame 5
545.5775 	EXP 	Display Frame 6
545.6108 	EXP 	Display Frame 7
545.6441 	EXP 	Display Frame 8
545.6775 	EXP 	Display Frame 9
545.7108 	EXP 	Display Frame 0
545.7441 	EXP 	Display Frame 1
545.7775 	EXP 	Display Frame 2
545.8108 	EXP 	Display Frame 3
545.8441 	EXP 	Display Frame 4
545.8774 	EXP 	Display Frame 5
545.9108 	EXP 	Display Frame 6
545.9441 	EXP 	Display Frame 7
545.9775 	EXP 	Display Frame 8
546.0108 	EXP 	Display Frame 9
546.0441 	EXP 	Display Frame 0
546.0775 	EXP 	Display Frame 1
546.1108 	EXP 	Display Frame 2
546.1442 	EXP 	Display Frame 3
546.1775 	EXP 	Display Frame 4
546.2108 	EXP 	Display Frame 5
546.2441 	EXP 	Display Frame 6
546.2775 	EXP 	Display Frame 7
546.3108 	EXP 	Display Frame 8
546.3441 	EXP 	Display Frame 9
546.3775 	EXP 	Display Frame 0
546.4109 	EXP 	Display Frame 1
546.4442 	EXP 	Display Frame 2
546.4775 	EXP 	Display Frame 3
546.5108 	EXP 	Display Frame 4
546.5441 	EXP 	Display Frame 5
546.5775 	EXP 	Display Frame 6
546.6108 	EXP 	Display Frame 7
546.6441 	EXP 	Display Frame 8
546.6775 	EXP 	Display Frame 9
546.7108 	EXP 	Display Frame 0
546.7442 	EXP 	Display Frame 1
546.7775 	EXP 	Display Frame 2
546.8108 	EXP 	Display Frame 3
546.8441 	EXP 	Display Frame 4
546.8831 	EXP 	Display Frame 5
546.9108 	EXP 	Display Frame 6
546.9441 	EXP 	Display Frame 7
546.9775 	EXP 	Display Frame 8
547.0108 	EXP 	Display Frame 9
547.0441 	EXP 	Display Frame 0
547.0774 	EXP 	Display Frame 1
547.1108 	EXP 	Display Frame 2
547.1441 	EXP 	Display Frame 3
547.1775 	EXP 	Display Frame 4
547.2108 	EXP 	Display Frame 5
547.2442 	EXP 	Display Frame 6
547.2775 	EXP 	Display Frame 7
547.3108 	EXP 	Display Frame 8
547.3441 	EXP 	Display Frame 9
547.3774 	EXP 	Display Frame 0
547.4107 	EXP 	Display Frame 1
547.4441 	EXP 	Display Frame 2
547.4775 	EXP 	Display Frame 3
547.5108 	EXP 	Display Frame 4
547.5441 	EXP 	Display Frame 5
547.5775 	EXP 	Display Frame 6
547.6108 	EXP 	Display Frame 7
547.6441 	EXP 	Display Frame 8
547.6774 	EXP 	Display Frame 9
547.7108 	EXP 	Display Frame 0
547.7441 	EXP 	Display Frame 1
547.7775 	EXP 	Display Frame 2
547.8108 	EXP 	Display Frame 3
547.8441 	EXP 	Display Frame 4
547.8775 	EXP 	Display Frame 5
547.9108 	EXP 	Display Frame 6
547.9441 	EXP 	Display Frame 7
547.9775 	EXP 	Display Frame 8
548.0108 	EXP 	Display Frame 9
548.0441 	EXP 	Display Frame 0
548.0775 	EXP 	Display Frame 1
548.1108 	EXP 	Display Frame 2
548.1441 	EXP 	Display Frame 3
548.1775 	EXP 	Display Frame 4
548.2108 	EXP 	Display Frame 5
548.2441 	EXP 	Display Frame 6
548.2775 	EXP 	Display Frame 7
548.3108 	EXP 	Display Frame 8
548.3443 	EXP 	Display Frame 9
548.3775 	EXP 	Display Frame 0
548.4107 	EXP 	Display Frame 1
548.4441 	EXP 	Display Frame 2
548.4775 	EXP 	Display Frame 3
548.5108 	EXP 	Display Frame 4
548.5441 	EXP 	Display Frame 5
548.5774 	EXP 	Display Frame 6
548.6108 	EXP 	Display Frame 7
548.6441 	EXP 	Display Frame 8
548.6775 	EXP 	Display Frame 9
548.7108 	EXP 	Display Frame 0
548.7441 	EXP 	Display Frame 1
548.7775 	EXP 	Display Frame 2
548.8108 	EXP 	Display Frame 3
548.8441 	EXP 	Display Frame 4
548.8774 	EXP 	Display Frame 5
548.9108 	EXP 	Display Frame 6
548.9441 	EXP 	Display Frame 7
548.9775 	EXP 	Display Frame 8
549.0108 	EXP 	Display Frame 9
549.0441 	EXP 	Display Frame 0
549.0774 	EXP 	Display Frame 1
549.1108 	EXP 	Display Frame 2
549.1441 	EXP 	Display Frame 3
549.1775 	EXP 	Display Frame 4
549.2108 	EXP 	Display Frame 5
549.2441 	EXP 	Display Frame 6
549.2774 	EXP 	Display Frame 7
549.3108 	EXP 	Display Frame 8
549.3442 	EXP 	Display Frame 9
549.3775 	EXP 	Display Frame 0
549.4107 	EXP 	Display Frame 1
549.4441 	EXP 	Display Frame 2
549.4775 	EXP 	Display Frame 3
549.5108 	EXP 	Display Frame 4
549.5441 	EXP 	Display Frame 5
549.5776 	DATA 	Keypress: equal
549.5786 	EXP 	Display Frame 6
549.6108 	EXP 	Display Frame 7
549.6442 	EXP 	Display Frame 8
549.6775 	EXP 	Display Frame 9
549.7108 	EXP 	Display Frame 0
549.7441 	EXP 	Display Frame 1
549.7775 	EXP 	Display Frame 2
549.8108 	EXP 	Display Frame 3
549.8441 	EXP 	Display Frame 4
549.8775 	EXP 	Display Frame 5
549.9108 	EXP 	Display Frame 6
549.9441 	EXP 	Display Frame 7
549.9775 	EXP 	Display Frame 8
550.0108 	EXP 	Display Frame 9
550.0441 	EXP 	Display Frame 0
550.0775 	EXP 	Display Frame 1
550.1108 	EXP 	Display Frame 2
550.1441 	EXP 	Display Frame 3
550.1775 	EXP 	Display Frame 4
550.2108 	EXP 	Display Frame 5
550.2441 	EXP 	Display Frame 6
550.2775 	EXP 	Display Frame 7
550.3108 	EXP 	Display Frame 8
550.3441 	EXP 	Display Frame 9
550.3775 	EXP 	Display Frame 0
550.4107 	EXP 	Display Frame 1
550.4441 	EXP 	Display Frame 2
550.4775 	EXP 	Display Frame 3
550.5108 	EXP 	Display Frame 4
550.5441 	EXP 	Display Frame 5
550.5775 	EXP 	Display Frame 6
550.6108 	EXP 	Display Frame 7
550.6441 	EXP 	Display Frame 8
550.6775 	EXP 	Display Frame 9
550.7108 	EXP 	Display Frame 0
550.7441 	EXP 	Display Frame 1
550.7775 	EXP 	Display Frame 2
550.8108 	EXP 	Display Frame 3
550.8441 	EXP 	Display Frame 4
550.8774 	EXP 	Display Frame 5
550.9108 	EXP 	Display Frame 6
550.9441 	EXP 	Display Frame 7
550.9775 	EXP 	Display Frame 8
551.0108 	EXP 	Display Frame 9
551.0441 	EXP 	Display Frame 0
551.0774 	EXP 	Display Frame 1
551.1108 	EXP 	Display Frame 2
551.1441 	EXP 	Display Frame 3
551.1775 	EXP 	Display Frame 4
551.2108 	EXP 	Display Frame 5
551.2441 	EXP 	Display Frame 6
551.2775 	EXP 	Display Frame 7
551.3108 	EXP 	Display Frame 8
551.3441 	EXP 	Display Frame 9
551.3775 	EXP 	Display Frame 0
551.4108 	EXP 	Display Frame 1
551.4441 	EXP 	Display Frame 2
551.4775 	EXP 	Display Frame 3
551.5108 	EXP 	Display Frame 4
551.5441 	EXP 	Display Frame 5
551.5775 	EXP 	Display Frame 6
551.6108 	EXP 	Display Frame 7
551.6441 	EXP 	Display Frame 8
551.6775 	EXP 	Display Frame 9
551.7108 	EXP 	Display Frame 0
551.7441 	EXP 	Display Frame 1
551.7775 	EXP 	Display Frame 2
551.8108 	EXP 	Display Frame 3
551.8441 	EXP 	Display Frame 4
551.8775 	EXP 	Display Frame 5
551.9108 	EXP 	Display Frame 6
551.9441 	EXP 	Display Frame 7
551.9774 	EXP 	Display Frame 8
552.0108 	EXP 	Display Frame 9
552.0441 	EXP 	Display Frame 0
552.0775 	EXP 	Display Frame 1
552.1108 	EXP 	Display Frame 2
552.1441 	EXP 	Display Frame 3
552.1775 	EXP 	Display Frame 4
552.2108 	EXP 	Display Frame 5
552.2441 	EXP 	Display Frame 6
552.2775 	EXP 	Display Frame 7
552.3108 	EXP 	Display Frame 8
552.3441 	EXP 	Display Frame 9
552.3775 	EXP 	Display Frame 0
552.4107 	EXP 	Display Frame 1
552.4441 	EXP 	Display Frame 2
552.4775 	EXP 	Display Frame 3
552.5108 	EXP 	Display Frame 4
552.5441 	EXP 	Display Frame 5
552.5775 	EXP 	Display Frame 6
552.6108 	EXP 	Display Frame 7
552.6441 	EXP 	Display Frame 8
552.6775 	EXP 	Display Frame 9
552.7108 	EXP 	Display Frame 0
552.7443 	EXP 	Display Frame 1
552.7775 	EXP 	Display Frame 2
552.8108 	EXP 	Display Frame 3
552.8442 	EXP 	Display Frame 4
552.8775 	EXP 	Display Frame 5
552.9108 	EXP 	Display Frame 6
552.9441 	EXP 	Display Frame 7
552.9775 	EXP 	Display Frame 8
553.0108 	EXP 	Display Frame 9
553.0441 	EXP 	Display Frame 0
553.0775 	EXP 	Display Frame 1
553.1108 	EXP 	Display Frame 2
553.1441 	EXP 	Display Frame 3
553.1775 	EXP 	Display Frame 4
553.2108 	EXP 	Display Frame 5
553.2441 	EXP 	Display Frame 6
553.2775 	EXP 	Display Frame 7
553.3108 	EXP 	Display Frame 8
553.3441 	EXP 	Display Frame 9
553.3775 	EXP 	Display Frame 0
553.4107 	EXP 	Display Frame 1
553.4441 	EXP 	Display Frame 2
553.4775 	EXP 	Display Frame 3
553.5108 	EXP 	Display Frame 4
553.5441 	EXP 	Display Frame 5
553.5774 	EXP 	Display Frame 6
553.6108 	EXP 	Display Frame 7
553.6441 	EXP 	Display Frame 8
553.6776 	EXP 	Display Frame 9
553.7108 	EXP 	Display Frame 0
553.7441 	EXP 	Display Frame 1
553.7774 	EXP 	Display Frame 2
553.8108 	EXP 	Display Frame 3
553.8441 	EXP 	Display Frame 4
553.8775 	EXP 	Display Frame 5
553.9108 	EXP 	Display Frame 6
553.9441 	EXP 	Display Frame 7
553.9775 	EXP 	Display Frame 8
554.0108 	EXP 	Display Frame 9
554.0441 	EXP 	Display Frame 0
554.0774 	EXP 	Display Frame 1
554.1108 	EXP 	Display Frame 2
554.1441 	EXP 	Display Frame 3
554.1775 	EXP 	Display Frame 4
554.2108 	EXP 	Display Frame 5
554.2441 	EXP 	Display Frame 6
554.2775 	EXP 	Display Frame 7
554.3108 	EXP 	Display Frame 8
554.3441 	EXP 	Display Frame 9
554.3774 	EXP 	Display Frame 0
554.4107 	EXP 	Display Frame 1
554.4441 	EXP 	Display Frame 2
554.4774 	EXP 	Display Frame 3
554.5108 	EXP 	Display Frame 4
554.5441 	EXP 	Display Frame 5
554.5775 	EXP 	Display Frame 6
554.6108 	EXP 	Display Frame 7
554.6441 	EXP 	Display Frame 8
554.6774 	EXP 	Display Frame 9
554.7108 	EXP 	Display Frame 0
554.7441 	EXP 	Display Frame 1
554.7776 	DATA 	Keypress: equal
554.7786 	EXP 	Display Frame 2
554.8108 	EXP 	Display Frame 3
554.8441 	EXP 	Display Frame 4
554.8775 	EXP 	Display Frame 5
554.9108 	EXP 	Display Frame 6
554.9441 	EXP 	Display Frame 7
554.9774 	EXP 	Display Frame 8
555.0108 	EXP 	Display Frame 9
555.0441 	EXP 	Display Frame 0
555.0775 	EXP 	Display Frame 1
555.1108 	EXP 	Display Frame 2
555.1441 	EXP 	Display Frame 3
555.1775 	EXP 	Display Frame 4
555.2108 	EXP 	Display Frame 5
555.2442 	EXP 	Display Frame 6
555.2775 	EXP 	Display Frame 7
555.3108 	EXP 	Display Frame 8
555.3441 	EXP 	Display Frame 9
555.3775 	EXP 	Display Frame 0
555.4107 	EXP 	Display Frame 1
555.4442 	EXP 	Display Frame 2
555.4775 	EXP 	Display Frame 3
555.5108 	EXP 	Display Frame 4
555.5441 	EXP 	Display Frame 5
555.5775 	EXP 	Display Frame 6
555.6108 	EXP 	Display Frame 7
555.6441 	EXP 	Display Frame 8
555.6775 	EXP 	Display Frame 9
555.7108 	EXP 	Display Frame 0
555.7442 	EXP 	Display Frame 1
555.7775 	EXP 	Display Frame 2
555.8108 	EXP 	Display Frame 3
555.8441 	EXP 	Display Frame 4
555.8775 	EXP 	Display Frame 5
555.9108 	EXP 	Display Frame 6
555.9441 	EXP 	Display Frame 7
555.9775 	EXP 	Display Frame 8
556.0108 	EXP 	Display Frame 9
556.0441 	EXP 	Display Frame 0
556.0775 	EXP 	Display Frame 1
556.1108 	EXP 	Display Frame 2
556.1441 	EXP 	Display Frame 3
556.1842 	EXP 	Display Frame 4
556.2108 	EXP 	Display Frame 5
556.2441 	EXP 	Display Frame 6
556.2775 	EXP 	Display Frame 7
556.3108 	EXP 	Display Frame 8
556.3442 	EXP 	Display Frame 9
556.3774 	EXP 	Display Frame 0
556.4107 	EXP 	Display Frame 1
556.4442 	EXP 	Display Frame 2
556.4775 	EXP 	Display Frame 3
556.5108 	EXP 	Display Frame 4
556.5441 	EXP 	Display Frame 5
556.5775 	EXP 	Display Frame 6
556.6108 	EXP 	Display Frame 7
556.6441 	EXP 	Display Frame 8
556.6774 	EXP 	Display Frame 9
556.7108 	EXP 	Display Frame 0
556.7441 	EXP 	Display Frame 1
556.7775 	EXP 	Display Frame 2
556.8108 	EXP 	Display Frame 3
556.8441 	EXP 	Display Frame 4
556.8775 	EXP 	Display Frame 5
556.9108 	EXP 	Display Frame 6
556.9442 	EXP 	Display Frame 7
556.9775 	EXP 	Display Frame 8
557.0108 	EXP 	Display Frame 9
557.0441 	EXP 	Display Frame 0
557.0775 	EXP 	Display Frame 1
557.1108 	EXP 	Display Frame 2
557.1441 	EXP 	Display Frame 3
557.1775 	EXP 	Display Frame 4
557.2108 	EXP 	Display Frame 5
557.2441 	EXP 	Display Frame 6
557.2774 	EXP 	Display Frame 7
557.3108 	EXP 	Display Frame 8
557.3441 	EXP 	Display Frame 9
557.3775 	EXP 	Display Frame 0
557.4107 	EXP 	Display Frame 1
557.4452 	EXP 	Display Frame 2
557.4775 	EXP 	Display Frame 3
557.5108 	EXP 	Display Frame 4
557.5441 	EXP 	Display Frame 5
557.5774 	EXP 	Display Frame 6
557.6108 	EXP 	Display Frame 7
557.6441 	EXP 	Display Frame 8
557.6775 	EXP 	Display Frame 9
557.7108 	EXP 	Display Frame 0
557.7442 	EXP 	Display Frame 1
557.7775 	EXP 	Display Frame 2
557.8108 	EXP 	Display Frame 3
557.8441 	EXP 	Display Frame 4
557.8774 	EXP 	Display Frame 5
557.9108 	EXP 	Display Frame 6
557.9441 	EXP 	Display Frame 7
557.9775 	EXP 	Display Frame 8
558.0108 	EXP 	Display Frame 9
558.0441 	EXP 	Display Frame 0
558.0775 	EXP 	Display Frame 1
558.1108 	EXP 	Display Frame 2
558.1441 	EXP 	Display Frame 3
558.1775 	EXP 	Display Frame 4
558.2108 	EXP 	Display Frame 5
558.2441 	EXP 	Display Frame 6
558.2775 	EXP 	Display Frame 7
558.3108 	EXP 	Display Frame 8
558.3442 	EXP 	Display Frame 9
558.3775 	EXP 	Display Frame 0
558.4107 	EXP 	Display Frame 1
558.4441 	EXP 	Display Frame 2
558.4774 	EXP 	Display Frame 3
558.5108 	EXP 	Display Frame 4
558.5441 	EXP 	Display Frame 5
558.5775 	EXP 	Display Frame 6
558.6108 	EXP 	Display Frame 7
558.6441 	EXP 	Display Frame 8
558.6775 	EXP 	Display Frame 9
558.7108 	EXP 	Display Frame 0
558.7441 	EXP 	Display Frame 1
558.7775 	EXP 	Display Frame 2
558.8108 	EXP 	Display Frame 3
558.8441 	EXP 	Display Frame 4
558.8775 	EXP 	Display Frame 5
558.9108 	EXP 	Display Frame 6
558.9441 	EXP 	Display Frame 7
558.9774 	EXP 	Display Frame 8
559.0110 	EXP 	Display Frame 9
559.0441 	EXP 	Display Frame 0
559.0775 	EXP 	Display Frame 1
559.1111 	EXP 	Display Frame 2
559.1441 	EXP 	Display Frame 3
559.1775 	EXP 	Display Frame 4
559.2108 	EXP 	Display Frame 5
559.2442 	EXP 	Display Frame 6
559.2775 	EXP 	Display Frame 7
559.3108 	EXP 	Display Frame 8
559.3441 	EXP 	Display Frame 9
559.3774 	EXP 	Display Frame 0
559.4108 	EXP 	Display Frame 1
559.4441 	EXP 	Display Frame 2
559.4774 	EXP 	Display Frame 3
559.5108 	EXP 	Display Frame 4
559.5442 	EXP 	Display Frame 5
559.5774 	EXP 	Display Frame 6
559.6108 	EXP 	Display Frame 7
559.6442 	EXP 	Display Frame 8
559.6775 	EXP 	Display Frame 9
559.7108 	EXP 	Display Frame 0
559.7441 	EXP 	Display Frame 1
559.7775 	EXP 	Display Frame 2
559.8108 	EXP 	Display Frame 3
559.8441 	EXP 	Display Frame 4
559.8775 	EXP 	Display Frame 5
559.9108 	EXP 	Display Frame 6
559.9441 	EXP 	Display Frame 7
559.9775 	DATA 	Keypress: equal
559.9786 	EXP 	Display Frame 8
560.0108 	EXP 	Display Frame 9
560.0441 	EXP 	Display Frame 0
560.0775 	EXP 	Display Frame 1
560.1108 	EXP 	Display Frame 2
560.1441 	EXP 	Display Frame 3
560.1775 	EXP 	Display Frame 4
560.2108 	EXP 	Display Frame 5
560.2441 	EXP 	Display Frame 6
560.2774 	EXP 	Display Frame 7
560.3108 	EXP 	Display Frame 8
560.3441 	EXP 	Display Frame 9
560.3775 	EXP 	Display Frame 0
560.4107 	EXP 	Display Frame 1
560.4442 	EXP 	Display Frame 2
560.4775 	EXP 	Display Frame 3
560.5108 	EXP 	Display Frame 4
560.5441 	EXP 	Display Frame 5
560.5774 	EXP 	Display Frame 6
560.6108 	EXP 	Display Frame 7
560.6441 	EXP 	Display Frame 8
560.6775 	EXP 	Display Frame 9
560.7108 	EXP 	Display Frame 0
560.7441 	EXP 	Display Frame 1
560.7775 	EXP 	Display Frame 2
560.8108 	EXP 	Display Frame 3
560.8441 	EXP 	Display Frame 4
560.8775 	EXP 	Display Frame 5
560.9108 	EXP 	Display Frame 6
560.9441 	EXP 	Display Frame 7
560.9775 	EXP 	Display Frame 8
561.0108 	EXP 	Display Frame 9
561.0441 	EXP 	Display Frame 0
561.0775 	EXP 	Display Frame 1
561.1108 	EXP 	Display Frame 2
561.1441 	EXP 	Display Frame 3
561.1774 	EXP 	Display Frame 4
561.2108 	EXP 	Display Frame 5
561.2441 	EXP 	Display Frame 6
561.2775 	EXP 	Display Frame 7
561.3108 	EXP 	Display Frame 8
561.3441 	EXP 	Display Frame 9
561.3774 	EXP 	Display Frame 0
561.4107 	EXP 	Display Frame 1
561.4442 	EXP 	Display Frame 2
561.4775 	EXP 	Display Frame 3
561.5108 	EXP 	Display Frame 4
561.5441 	EXP 	Display Frame 5
561.5774 	EXP 	Display Frame 6
561.6108 	EXP 	Display Frame 7
561.6442 	EXP 	Display Frame 8
561.6774 	EXP 	Display Frame 9
561.7108 	EXP 	Display Frame 0
561.7441 	EXP 	Display Frame 1
561.7775 	EXP 	Display Frame 2
561.8108 	EXP 	Display Frame 3
561.8442 	EXP 	Display Frame 4
561.8775 	EXP 	Display Frame 5
561.9108 	EXP 	Display Frame 6
561.9441 	EXP 	Display Frame 7
561.9775 	EXP 	Display Frame 8
562.0108 	EXP 	Display Frame 9
562.0441 	EXP 	Display Frame 0
562.0775 	EXP 	Display Frame 1
562.1108 	EXP 	Display Frame 2
562.1441 	EXP 	Display Frame 3
562.1775 	EXP 	Display Frame 4
562.2108 	EXP 	Display Frame 5
562.2441 	EXP 	Display Frame 6
562.2775 	EXP 	Display Frame 7
562.3108 	EXP 	Display Frame 8
562.3441 	EXP 	Display Frame 9
562.3775 	EXP 	Display Frame 0
562.4107 	EXP 	Display Frame 1
562.4442 	EXP 	Display Frame 2
562.4775 	EXP 	Display Frame 3
562.5108 	EXP 	Display Frame 4
562.5441 	EXP 	Display Frame 5
562.5775 	EXP 	Display Frame 6
562.6108 	EXP 	Display Frame 7
562.6442 	EXP 	Display Frame 8
562.6775 	EXP 	Display Frame 9
562.7108 	EXP 	Display Frame 0
562.7441 	EXP 	Display Frame 1
562.7775 	EXP 	Display Frame 2
562.8108 	EXP 	Display Frame 3
562.8441 	EXP 	Display Frame 4
562.8774 	EXP 	Display Frame 5
562.9108 	EXP 	Display Frame 6
562.9441 	EXP 	Display Frame 7
562.9775 	EXP 	Display Frame 8
563.0108 	EXP 	Display Frame 9
563.0441 	EXP 	Display Frame 0
563.0775 	EXP 	Display Frame 1
563.1108 	EXP 	Display Frame 2
563.1442 	EXP 	Display Frame 3
563.1775 	EXP 	Display Frame 4
563.2108 	EXP 	Display Frame 5
563.2441 	EXP 	Display Frame 6
563.2775 	EXP 	Display Frame 7
563.3108 	EXP 	Display Frame 8
563.3441 	EXP 	Display Frame 9
563.3774 	EXP 	Display Frame 0
563.4107 	EXP 	Display Frame 1
563.4441 	EXP 	Display Frame 2
563.4774 	EXP 	Display Frame 3
563.5108 	EXP 	Display Frame 4
563.5441 	EXP 	Display Frame 5
563.5775 	EXP 	Display Frame 6
563.6108 	EXP 	Display Frame 7
563.6441 	EXP 	Display Frame 8
563.6775 	EXP 	Display Frame 9
563.7108 	EXP 	Display Frame 0
563.7441 	EXP 	Display Frame 1
563.7775 	EXP 	Display Frame 2
563.8108 	EXP 	Display Frame 3
563.8441 	EXP 	Display Frame 4
563.8775 	EXP 	Display Frame 5
563.9108 	EXP 	Display Frame 6
563.9441 	EXP 	Display Frame 7
563.9775 	EXP 	Display Frame 8
564.0108 	EXP 	Display Frame 9
564.0441 	EXP 	Display Frame 0
564.0775 	EXP 	Display Frame 1
564.1108 	EXP 	Display Frame 2
564.1441 	EXP 	Display Frame 3
564.1775 	EXP 	Display Frame 4
564.2108 	EXP 	Display Frame 5
564.2441 	EXP 	Display Frame 6
564.2774 	EXP 	Display Frame 7
564.3108 	EXP 	Display Frame 8
564.3443 	EXP 	Display Frame 9
564.3774 	EXP 	Display Frame 0
564.4108 	EXP 	Display Frame 1
564.4441 	EXP 	Display Frame 2
564.4775 	EXP 	Display Frame 3
564.5108 	EXP 	Display Frame 4
564.5441 	EXP 	Display Frame 5
564.5774 	EXP 	Display Frame 6
564.6108 	EXP 	Display Frame 7
564.6441 	EXP 	Display Frame 8
564.6775 	EXP 	Display Frame 9
564.7108 	EXP 	Display Frame 0
564.7442 	EXP 	Display Frame 1
564.7775 	EXP 	Display Frame 2
564.8108 	EXP 	Display Frame 3
564.8442 	EXP 	Display Frame 4
564.8774 	EXP 	Display Frame 5
564.9108 	EXP 	Display Frame 6
564.9441 	EXP 	Display Frame 7
564.9775 	EXP 	Display Frame 8
565.0109 	EXP 	Display Frame 9
565.0441 	EXP 	Display Frame 0
565.0774 	EXP 	Display Frame 1
565.1108 	EXP 	Display Frame 2
565.1441 	EXP 	Display Frame 3
565.1775 	DATA 	Keypress: equal
565.1786 	EXP 	Display Frame 4
565.2108 	EXP 	Display Frame 5
565.2441 	EXP 	Display Frame 6
565.2775 	EXP 	Display Frame 7
565.3108 	EXP 	Display Frame 8
565.3441 	EXP 	Display Frame 9
565.3775 	EXP 	Display Frame 0
565.4108 	EXP 	Display Frame 1
565.4443 	EXP 	Display Frame 2
565.4775 	EXP 	Display Frame 3
565.5108 	EXP 	Display Frame 4
565.5441 	EXP 	Display Frame 5
565.5775 	EXP 	Display Frame 6
565.6108 	EXP 	Display Frame 7
565.6442 	EXP 	Display Frame 8
565.6775 	EXP 	Display Frame 9
565.7108 	EXP 	Display Frame 0
565.7441 	EXP 	Display Frame 1
565.7775 	EXP 	Display Frame 2
565.8108 	EXP 	Display Frame 3
565.8441 	EXP 	Display Frame 4
565.8775 	EXP 	Display Frame 5
565.9108 	EXP 	Display Frame 6
565.9441 	EXP 	Display Frame 7
565.9775 	EXP 	Display Frame 8
566.0108 	EXP 	Display Frame 9
566.0441 	EXP 	Display Frame 0
566.0775 	EXP 	Display Frame 1
566.1108 	EXP 	Display Frame 2
566.1441 	EXP 	Display Frame 3
566.1775 	EXP 	Display Frame 4
566.2108 	EXP 	Display Frame 5
566.2441 	EXP 	Display Frame 6
566.2775 	EXP 	Display Frame 7
566.3108 	EXP 	Display Frame 8
566.3441 	EXP 	Display Frame 9
566.3775 	EXP 	Display Frame 0
566.4107 	EXP 	Display Frame 1
566.4441 	EXP 	Display Frame 2
566.4775 	EXP 	Display Frame 3
566.5108 	EXP 	Display Frame 4
566.5441 	EXP 	Display Frame 5
566.5775 	EXP 	Display Frame 6
566.6108 	EXP 	Display Frame 7
566.6442 	EXP 	Display Frame 8
566.6775 	EXP 	Display Frame 9
566.7108 	EXP 	Display Frame 0
566.7441 	EXP 	Display Frame 1
566.7775 	EXP 	Display Frame 2
566.8108 	EXP 	Display Frame 3
566.8441 	EXP 	Display Frame 4
566.8775 	EXP 	Display Frame 5
566.9108 	EXP 	Display Frame 6
566.9441 	EXP 	Display Frame 7
566.9774 	EXP 	Display Frame 8
567.0108 	EXP 	Display Frame 9
567.0441 	EXP 	Display Frame 0
567.0774 	EXP 	Display Frame 1
567.1108 	EXP 	Display Frame 2
567.1441 	EXP 	Display Frame 3
567.1775 	EXP 	Display Frame 4
567.2108 	EXP 	Display Frame 5
567.2441 	EXP 	Display Frame 6
567.2775 	EXP 	Display Frame 7
567.3108 	EXP 	Display Frame 8
567.3441 	EXP 	Display Frame 9
567.3775 	EXP 	Display Frame 0
567.4107 	EXP 	Display Frame 1
567.4441 	EXP 	Display Frame 2
567.4775 	EXP 	Display Frame 3
567.5121 	EXP 	Display Frame 4
567.5441 	EXP 	Display Frame 5
567.5775 	EXP 	Display Frame 6
567.6108 	EXP 	Display Frame 7
567.6442 	EXP 	Display Frame 8
567.6775 	EXP 	Display Frame 9
567.7108 	EXP 	Display Frame 0
567.7441 	EXP 	Display Frame 1
567.7775 	EXP 	Display Frame 2
567.8108 	EXP 	Display Frame 3
567.8442 	EXP 	Display Frame 4
567.8775 	EXP 	Display Frame 5
567.9108 	EXP 	Display Frame 6
567.9442 	EXP 	Display Frame 7
567.9775 	EXP 	Display Frame 8
568.0108 	EXP 	Display Frame 9
568.0441 	EXP 	Display Frame 0
568.0775 	EXP 	Display Frame 1
568.1108 	EXP 	Display Frame 2
568.1441 	EXP 	Display Frame 3
568.1775 	EXP 	Display Frame 4
568.2108 	EXP 	Display Frame 5
568.2441 	EXP 	Display Frame 6
568.2774 	EXP 	Display Frame 7
568.3108 	EXP 	Display Frame 8
568.3441 	EXP 	Display Frame 9
568.3774 	EXP 	Display Frame 0
568.4107 	EXP 	Display Frame 1
568.4442 	EXP 	Display Frame 2
568.4775 	EXP 	Display Frame 3
568.5108 	EXP 	Display Frame 4
568.5441 	EXP 	Display Frame 5
568.5774 	EXP 	Display Frame 6
568.6108 	EXP 	Display Frame 7
568.6441 	EXP 	Display Frame 8
568.6774 	EXP 	Display Frame 9
568.7108 	EXP 	Display Frame 0
568.7441 	EXP 	Display Frame 1
568.7775 	EXP 	Display Frame 2
568.8108 	EXP 	Display Frame 3
568.8441 	EXP 	Display Frame 4
568.8774 	EXP 	Display Frame 5
568.9108 	EXP 	Display Frame 6
568.9441 	EXP 	Display Frame 7
568.9775 	EXP 	Display Frame 8
569.0108 	EXP 	Display Frame 9
569.0441 	EXP 	Display Frame 0
569.0775 	EXP 	Display Frame 1
569.1108 	EXP 	Display Frame 2
569.1441 	EXP 	Display Frame 3
569.1775 	EXP 	Display Frame 4
569.2108 	EXP 	Display Frame 5
569.2441 	EXP 	Display Frame 6
569.2775 	EXP 	Display Frame 7
569.3108 	EXP 	Display Frame 8
569.3441 	EXP 	Display Frame 9
569.3775 	EXP 	Display Frame 0
569.4107 	EXP 	Display Frame 1
569.4442 	EXP 	Display Frame 2
569.4774 	EXP 	Display Frame 3
569.5108 	EXP 	Display Frame 4
569.5441 	EXP 	Display Frame 5
569.5775 	EXP 	Display Frame 6
569.6108 	EXP 	Display Frame 7
569.6441 	EXP 	Display Frame 8
569.6776 	EXP 	Display Frame 9
569.7108 	EXP 	Display Frame 0
569.7441 	EXP 	Display Frame 1
569.7775 	EXP 	Display Frame 2
569.8108 	EXP 	Display Frame 3
569.8441 	EXP 	Display Frame 4
569.8775 	EXP 	Display Frame 5
569.9108 	EXP 	Display Frame 6
569.9441 	EXP 	Display Frame 7
569.9775 	EXP 	Display Frame 8
570.0108 	EXP 	Display Frame 9
570.0441 	EXP 	Display Frame 0
570.0774 	EXP 	Display Frame 1
570.1108 	EXP 	Display Frame 2
570.1441 	EXP 	Display Frame 3
570.1775 	EXP 	Display Frame 4
570.2109 	EXP 	Display Frame 5
570.2441 	EXP 	Display Frame 6
570.2775 	EXP 	Display Frame 7
570.3108 	EXP 	Display Frame 8
570.3443 	DATA 	Keypress: equal
570.3453 	EXP 	Display Frame 9
570.3774 	EXP 	Display Frame 0
570.4107 	EXP 	Display Frame 1
570.4441 	EXP 	Display Frame 2
570.4775 	EXP 	Display Frame 3
570.5108 	EXP 	Display Frame 4
570.5441 	EXP 	Display Frame 5
570.5775 	EXP 	Display Frame 6
570.6108 	EXP 	Display Frame 7
570.6441 	EXP 	Display Frame 8
570.6775 	EXP 	Display Frame 9
570.7108 	EXP 	Display Frame 0
570.7441 	EXP 	Display Frame 1
570.7775 	EXP 	Display Frame 2
570.8108 	EXP 	Display Frame 3
570.8441 	EXP 	Display Frame 4
570.8775 	EXP 	Display Frame 5
570.9108 	EXP 	Display Frame 6
570.9441 	EXP 	Display Frame 7
570.9775 	EXP 	Display Frame 8
571.0108 	EXP 	Display Frame 9
571.0441 	EXP 	Display Frame 0
571.0775 	EXP 	Display Frame 1
571.1108 	EXP 	Display Frame 2
571.1441 	EXP 	Display Frame 3
571.1774 	EXP 	Display Frame 4
571.2108 	EXP 	Display Frame 5
571.2441 	EXP 	Display Frame 6
571.2774 	EXP 	Display Frame 7
571.3108 	EXP 	Display Frame 8
571.3441 	EXP 	Display Frame 9
571.3775 	EXP 	Display Frame 0
571.4107 	EXP 	Display Frame 1
571.4442 	EXP 	Display Frame 2
571.4774 	EXP 	Display Frame 3
571.5109 	EXP 	Display Frame 4
571.5441 	EXP 	Display Frame 5
571.5775 	EXP 	Display Frame 6
571.6108 	EXP 	Display Frame 7
571.6441 	EXP 	Display Frame 8
571.6775 	EXP 	Display Frame 9
571.7108 	EXP 	Display Frame 0
571.7441 	EXP 	Display Frame 1
571.7775 	EXP 	Display Frame 2
571.8112 	EXP 	Display Frame 3
571.8442 	EXP 	Display Frame 4
571.8775 	EXP 	Display Frame 5
571.9108 	EXP 	Display Frame 6
571.9441 	EXP 	Display Frame 7
571.9775 	EXP 	Display Frame 8
572.0108 	EXP 	Display Frame 9
572.0442 	EXP 	Display Frame 0
572.0775 	EXP 	Display Frame 1
572.1109 	EXP 	Display Frame 2
572.1441 	EXP 	Display Frame 3
572.1775 	EXP 	Display Frame 4
572.2108 	EXP 	Display Frame 5
572.2441 	EXP 	Display Frame 6
572.2775 	EXP 	Display Frame 7
572.3108 	EXP 	Display Frame 8
572.3441 	EXP 	Display Frame 9
572.3775 	EXP 	Display Frame 0
572.4108 	EXP 	Display Frame 1
572.4441 	EXP 	Display Frame 2
572.4775 	EXP 	Display Frame 3
572.5108 	EXP 	Display Frame 4
572.5441 	EXP 	Display Frame 5
572.5775 	EXP 	Display Frame 6
572.6108 	EXP 	Display Frame 7
572.6441 	EXP 	Display Frame 8
572.6775 	EXP 	Display Frame 9
572.7108 	EXP 	Display Frame 0
572.7441 	EXP 	Display Frame 1
572.7775 	EXP 	Display Frame 2
572.8108 	EXP 	Display Frame 3
572.8441 	EXP 	Display Frame 4
572.8775 	EXP 	Display Frame 5
572.9108 	EXP 	Display Frame 6
572.9441 	EXP 	Display Frame 7
572.9774 	EXP 	Display Frame 8
573.0108 	EXP 	Display Frame 9
573.0441 	EXP 	Display Frame 0
573.0774 	EXP 	Display Frame 1
573.1108 	EXP 	Display Frame 2
573.1441 	EXP 	Display Frame 3
573.1775 	EXP 	Display Frame 4
573.2108 	EXP 	Display Frame 5
573.2441 	EXP 	Display Frame 6
573.2774 	EXP 	Display Frame 7
573.3108 	EXP 	Display Frame 8
573.3441 	EXP 	Display Frame 9
573.3775 	EXP 	Display Frame 0
573.4107 	EXP 	Display Frame 1
573.4441 	EXP 	Display Frame 2
573.4775 	EXP 	Display Frame 3
573.5108 	EXP 	Display Frame 4
573.5441 	EXP 	Display Frame 5
573.5775 	EXP 	Display Frame 6
573.6108 	EXP 	Display Frame 7
573.6441 	EXP 	Display Frame 8
573.6775 	EXP 	Display Frame 9
573.7108 	EXP 	Display Frame 0
573.7441 	EXP 	Display Frame 1
573.7775 	EXP 	Display Frame 2
573.8108 	EXP 	Display Frame 3
573.8442 	EXP 	Display Frame 4
573.8775 	EXP 	Display Frame 5
573.9108 	EXP 	Display Frame 6
573.9441 	EXP 	Display Frame 7
573.9775 	EXP 	Display Frame 8
574.0108 	EXP 	Display Frame 9
574.0441 	EXP 	Display Frame 0
574.0775 	EXP 	Display Frame 1
574.1108 	EXP 	Display Frame 2
574.1441 	EXP 	Display Frame 3
574.1775 	EXP 	Display Frame 4
574.2108 	EXP 	Display Frame 5
574.2443 	EXP 	Display Frame 6
574.2776 	EXP 	Display Frame 7
574.3108 	EXP 	Display Frame 8
574.3441 	EXP 	Display Frame 9
574.3775 	EXP 	Display Frame 0
574.4108 	EXP 	Display Frame 1
574.4441 	EXP 	Display Frame 2
574.4774 	EXP 	Display Frame 3
574.5108 	EXP 	Display Frame 4
574.5441 	EXP 	Display Frame 5
574.5775 	EXP 	Display Frame 6
574.6108 	EXP 	Display Frame 7
574.6441 	EXP 	Display Frame 8
574.6775 	EXP 	Display Frame 9
574.7108 	EXP 	Display Frame 0
574.7441 	EXP 	Display Frame 1
574.7775 	EXP 	Display Frame 2
574.8109 	EXP 	Display Frame 3
574.8442 	EXP 	Display Frame 4
574.8776 	EXP 	Display Frame 5
574.9109 	EXP 	Display Frame 6
574.9442 	EXP 	Display Frame 7
574.9775 	EXP 	Display Frame 8
575.0110 	EXP 	Display Frame 9
575.0442 	EXP 	Display Frame 0
575.0775 	EXP 	Display Frame 1
575.1108 	EXP 	Display Frame 2
575.1441 	EXP 	Display Frame 3
575.1775 	EXP 	Display Frame 4
575.2108 	EXP 	Display Frame 5
575.2441 	EXP 	Display Frame 6
575.2775 	EXP 	Display Frame 7
575.3108 	EXP 	Display Frame 8
575.3441 	EXP 	Display Frame 9
575.3775 	EXP 	Display Frame 0
575.4107 	EXP 	Display Frame 1
575.4441 	EXP 	Display Frame 2
575.4775 	EXP 	Display Frame 3
575.5108 	EXP 	Display Frame 4
575.5443 	DATA 	Keypress: equal
575.5453 	EXP 	Display Frame 5
575.5533 	EXP 	Display Fixation
580.7299 	DATA 	Keypress: equal
585.9230 	DATA 	Keypress: equal
591.1171 	DATA 	Keypress: equal
596.3092 	DATA 	Keypress: equal
601.5041 	DATA 	Keypress: equal
606.6982 	DATA 	Keypress: equal
606.7326 	EXP 	Display Frame 1
606.7659 	EXP 	Display Frame 2
606.7992 	EXP 	Display Frame 3
606.8325 	EXP 	Display Frame 4
606.8658 	EXP 	Display Frame 5
606.8991 	EXP 	Display Frame 6
606.9325 	EXP 	Display Frame 7
606.9659 	EXP 	Display Frame 8
606.9992 	EXP 	Display Frame 9
607.0325 	EXP 	Display Frame 0
607.0658 	EXP 	Display Frame 1
607.0991 	EXP 	Display Frame 2
607.1324 	EXP 	Display Frame 3
607.1658 	EXP 	Display Frame 4
607.1991 	EXP 	Display Frame 5
607.2325 	EXP 	Display Frame 6
607.2658 	EXP 	Display Frame 7
607.2991 	EXP 	Display Frame 8
607.3325 	EXP 	Display Frame 9
607.3658 	EXP 	Display Frame 0
607.3991 	EXP 	Display Frame 1
607.4325 	EXP 	Display Frame 2
607.4658 	EXP 	Display Frame 3
607.4991 	EXP 	Display Frame 4
607.5325 	EXP 	Display Frame 5
607.5658 	EXP 	Display Frame 6
607.5991 	EXP 	Display Frame 7
607.6325 	EXP 	Display Frame 8
607.6658 	EXP 	Display Frame 9
607.6991 	EXP 	Display Frame 0
607.7324 	EXP 	Display Frame 1
607.7658 	EXP 	Display Frame 2
607.7991 	EXP 	Display Frame 3
607.8325 	EXP 	Display Frame 4
607.8658 	EXP 	Display Frame 5
607.8991 	EXP 	Display Frame 6
607.9324 	EXP 	Display Frame 7
607.9658 	EXP 	Display Frame 8
607.9991 	EXP 	Display Frame 9
608.0325 	EXP 	Display Frame 0
608.0658 	EXP 	Display Frame 1
608.0991 	EXP 	Display Frame 2
608.1325 	EXP 	Display Frame 3
608.1658 	EXP 	Display Frame 4
608.1991 	EXP 	Display Frame 5
608.2325 	EXP 	Display Frame 6
608.2658 	EXP 	Display Frame 7
608.2991 	EXP 	Display Frame 8
608.3324 	EXP 	Display Frame 9
608.3658 	EXP 	Display Frame 0
608.3991 	EXP 	Display Frame 1
608.4325 	EXP 	Display Frame 2
608.4658 	EXP 	Display Frame 3
608.4991 	EXP 	Display Frame 4
608.5324 	EXP 	Display Frame 5
608.5658 	EXP 	Display Frame 6
608.5991 	EXP 	Display Frame 7
608.6325 	EXP 	Display Frame 8
608.6658 	EXP 	Display Frame 9
608.6991 	EXP 	Display Frame 0
608.7324 	EXP 	Display Frame 1
608.7658 	EXP 	Display Frame 2
608.7991 	EXP 	Display Frame 3
608.8325 	EXP 	Display Frame 4
608.8658 	EXP 	Display Frame 5
608.8991 	EXP 	Display Frame 6
608.9325 	EXP 	Display Frame 7
608.9658 	EXP 	Display Frame 8
608.9991 	EXP 	Display Frame 9
609.0324 	EXP 	Display Frame 0
609.0658 	EXP 	Display Frame 1
609.0991 	EXP 	Display Frame 2
609.1324 	EXP 	Display Frame 3
609.1658 	EXP 	Display Frame 4
609.1991 	EXP 	Display Frame 5
609.2325 	EXP 	Display Frame 6
609.2658 	EXP 	Display Frame 7
609.2993 	EXP 	Display Frame 8
609.3331 	EXP 	Display Frame 9
609.3658 	EXP 	Display Frame 0
609.3991 	EXP 	Display Frame 1
609.4325 	EXP 	Display Frame 2
609.4658 	EXP 	Display Frame 3
609.4991 	EXP 	Display Frame 4
609.5325 	EXP 	Display Frame 5
609.5658 	EXP 	Display Frame 6
609.5991 	EXP 	Display Frame 7
609.6324 	EXP 	Display Frame 8
609.6658 	EXP 	Display Frame 9
609.6991 	EXP 	Display Frame 0
609.7324 	EXP 	Display Frame 1
609.7658 	EXP 	Display Frame 2
609.7991 	EXP 	Display Frame 3
609.8325 	EXP 	Display Frame 4
609.8658 	EXP 	Display Frame 5
609.8991 	EXP 	Display Frame 6
609.9325 	EXP 	Display Frame 7
609.9658 	EXP 	Display Frame 8
609.9991 	EXP 	Display Frame 9
610.0325 	EXP 	Display Frame 0
610.0658 	EXP 	Display Frame 1
610.0991 	EXP 	Display Frame 2
610.1325 	EXP 	Display Frame 3
610.1658 	EXP 	Display Frame 4
610.1991 	EXP 	Display Frame 5
610.2324 	EXP 	Display Frame 6
610.2658 	EXP 	Display Frame 7
610.2991 	EXP 	Display Frame 8
610.3325 	EXP 	Display Frame 9
610.3658 	EXP 	Display Frame 0
610.3991 	EXP 	Display Frame 1
610.4325 	EXP 	Display Frame 2
610.4658 	EXP 	Display Frame 3
610.4991 	EXP 	Display Frame 4
610.5324 	EXP 	Display Frame 5
610.5658 	EXP 	Display Frame 6
610.5991 	EXP 	Display Frame 7
610.6325 	EXP 	Display Frame 8
610.6658 	EXP 	Display Frame 9
610.6991 	EXP 	Display Frame 0
610.7324 	EXP 	Display Frame 1
610.7658 	EXP 	Display Frame 2
610.7991 	EXP 	Display Frame 3
610.8324 	EXP 	Display Frame 4
610.8658 	EXP 	Display Frame 5
610.8991 	EXP 	Display Frame 6
610.9325 	EXP 	Display Frame 7
610.9658 	EXP 	Display Frame 8
610.9991 	EXP 	Display Frame 9
611.0325 	EXP 	Display Frame 0
611.0658 	EXP 	Display Frame 1
611.0991 	EXP 	Display Frame 2
611.1324 	EXP 	Display Frame 3
611.1658 	EXP 	Display Frame 4
611.1991 	EXP 	Display Frame 5
611.2325 	EXP 	Display Frame 6
611.2658 	EXP 	Display Frame 7
611.2991 	EXP 	Display Frame 8
611.3325 	EXP 	Display Frame 9
611.3658 	EXP 	Display Frame 0
611.3991 	EXP 	Display Frame 1
611.4324 	EXP 	Display Frame 2
611.4658 	EXP 	Display Frame 3
611.4991 	EXP 	Display Frame 4
611.5324 	EXP 	Display Frame 5
611.5658 	EXP 	Display Frame 6
611.5991 	EXP 	Display Frame 7
611.6324 	EXP 	Display Frame 8
611.6657 	EXP 	Display Frame 9
611.6991 	EXP 	Display Frame 0
611.7324 	EXP 	Display Frame 1
611.7658 	EXP 	Display Frame 2
611.7991 	EXP 	Display Frame 3
611.8324 	EXP 	Display Frame 4
611.8658 	EXP 	Display Frame 5
611.8992 	DATA 	Keypress: equal
611.9003 	EXP 	Display Frame 6
611.9325 	EXP 	Display Frame 7
611.9658 	EXP 	Display Frame 8
611.9991 	EXP 	Display Frame 9
612.0324 	EXP 	Display Frame 0
612.0658 	EXP 	Display Frame 1
612.0991 	EXP 	Display Frame 2
612.1325 	EXP 	Display Frame 3
612.1658 	EXP 	Display Frame 4
612.1991 	EXP 	Display Frame 5
612.2325 	EXP 	Display Frame 6
612.2658 	EXP 	Display Frame 7
612.2992 	EXP 	Display Frame 8
612.3325 	EXP 	Display Frame 9
612.3658 	EXP 	Display Frame 0
612.3991 	EXP 	Display Frame 1
612.4325 	EXP 	Display Frame 2
612.4658 	EXP 	Display Frame 3
612.4991 	EXP 	Display Frame 4
612.5325 	EXP 	Display Frame 5
612.5658 	EXP 	Display Frame 6
612.5991 	EXP 	Display Frame 7
612.6324 	EXP 	Display Frame 8
612.6658 	EXP 	Display Frame 9
612.6991 	EXP 	Display Frame 0
612.7324 	EXP 	Display Frame 1
612.7658 	EXP 	Display Frame 2
612.7991 	EXP 	Display Frame 3
612.8325 	EXP 	Display Frame 4
612.8658 	EXP 	Display Frame 5
612.8992 	EXP 	Display Frame 6
612.9324 	EXP 	Display Frame 7
612.9658 	EXP 	Display Frame 8
612.9991 	EXP 	Display Frame 9
613.0324 	EXP 	Display Frame 0
613.0658 	EXP 	Display Frame 1
613.0991 	EXP 	Display Frame 2
613.1324 	EXP 	Display Frame 3
613.1658 	EXP 	Display Frame 4
613.1991 	EXP 	Display Frame 5
613.2325 	EXP 	Display Frame 6
613.2658 	EXP 	Display Frame 7
613.2991 	EXP 	Display Frame 8
613.3324 	EXP 	Display Frame 9
613.3658 	EXP 	Display Frame 0
613.3991 	EXP 	Display Frame 1
613.4325 	EXP 	Display Frame 2
613.4658 	EXP 	Display Frame 3
613.4991 	EXP 	Display Frame 4
613.5325 	EXP 	Display Frame 5
613.5658 	EXP 	Display Frame 6
613.5991 	EXP 	Display Frame 7
613.6324 	EXP 	Display Frame 8
613.6658 	EXP 	Display Frame 9
613.6991 	EXP 	Display Frame 0
613.7324 	EXP 	Display Frame 1
613.7658 	EXP 	Display Frame 2
613.7991 	EXP 	Display Frame 3
613.8325 	EXP 	Display Frame 4
613.8658 	EXP 	Display Frame 5
613.8991 	EXP 	Display Frame 6
613.9324 	EXP 	Display Frame 7
613.9658 	EXP 	Display Frame 8
613.9991 	EXP 	Display Frame 9
614.0324 	EXP 	Display Frame 0
614.0658 	EXP 	Display Frame 1
614.0991 	EXP 	Display Frame 2
614.1325 	EXP 	Display Frame 3
614.1658 	EXP 	Display Frame 4
614.1991 	EXP 	Display Frame 5
614.2324 	EXP 	Display Frame 6
614.2658 	EXP 	Display Frame 7
614.2991 	EXP 	Display Frame 8
614.3324 	EXP 	Display Frame 9
614.3658 	EXP 	Display Frame 0
614.3992 	EXP 	Display Frame 1
614.4324 	EXP 	Display Frame 2
614.4658 	EXP 	Display Frame 3
614.4991 	EXP 	Display Frame 4
614.5324 	EXP 	Display Frame 5
614.5658 	EXP 	Display Frame 6
614.5991 	EXP 	Display Frame 7
614.6325 	EXP 	Display Frame 8
614.6658 	EXP 	Display Frame 9
614.6991 	EXP 	Display Frame 0
614.7324 	EXP 	Display Frame 1
614.7658 	EXP 	Display Frame 2
614.7991 	EXP 	Display Frame 3
614.8324 	EXP 	Display Frame 4
614.8658 	EXP 	Display Frame 5
614.8991 	EXP 	Display Frame 6
614.9325 	EXP 	Display Frame 7
614.9658 	EXP 	Display Frame 8
614.9991 	EXP 	Display Frame 9
615.0324 	EXP 	Display Frame 0
615.0658 	EXP 	Display Frame 1
615.0991 	EXP 	Display Frame 2
615.1325 	EXP 	Display Frame 3
615.1658 	EXP 	Display Frame 4
615.1991 	EXP 	Display Frame 5
615.2325 	EXP 	Display Frame 6
615.2658 	EXP 	Display Frame 7
615.2991 	EXP 	Display Frame 8
615.3324 	EXP 	Display Frame 9
615.3658 	EXP 	Display Frame 0
615.3991 	EXP 	Display Frame 1
615.4325 	EXP 	Display Frame 2
615.4658 	EXP 	Display Frame 3
615.4991 	EXP 	Display Frame 4
615.5325 	EXP 	Display Frame 5
615.5658 	EXP 	Display Frame 6
615.5991 	EXP 	Display Frame 7
615.6326 	EXP 	Display Frame 8
615.6658 	EXP 	Display Frame 9
615.6991 	EXP 	Display Frame 0
615.7325 	EXP 	Display Frame 1
615.7658 	EXP 	Display Frame 2
615.7991 	EXP 	Display Frame 3
615.8325 	EXP 	Display Frame 4
615.8658 	EXP 	Display Frame 5
615.8991 	EXP 	Display Frame 6
615.9324 	EXP 	Display Frame 7
615.9658 	EXP 	Display Frame 8
615.9991 	EXP 	Display Frame 9
616.0324 	EXP 	Display Frame 0
616.0658 	EXP 	Display Frame 1
616.0991 	EXP 	Display Frame 2
616.1325 	EXP 	Display Frame 3
616.1658 	EXP 	Display Frame 4
616.1991 	EXP 	Display Frame 5
616.2324 	EXP 	Display Frame 6
616.2658 	EXP 	Display Frame 7
616.2991 	EXP 	Display Frame 8
616.3325 	EXP 	Display Frame 9
616.3658 	EXP 	Display Frame 0
616.3991 	EXP 	Display Frame 1
616.4324 	EXP 	Display Frame 2
616.4658 	EXP 	Display Frame 3
616.4998 	EXP 	Display Frame 4
616.5324 	EXP 	Display Frame 5
616.5658 	EXP 	Display Frame 6
616.5991 	EXP 	Display Frame 7
616.6325 	EXP 	Display Frame 8
616.6658 	EXP 	Display Frame 9
616.6991 	EXP 	Display Frame 0
616.7324 	EXP 	Display Frame 1
616.7658 	EXP 	Display Frame 2
616.7991 	EXP 	Display Frame 3
616.8325 	EXP 	Display Frame 4
616.8658 	EXP 	Display Frame 5
616.8991 	EXP 	Display Frame 6
616.9325 	EXP 	Display Frame 7
616.9658 	EXP 	Display Frame 8
616.9991 	EXP 	Display Frame 9
617.0325 	EXP 	Display Frame 0
617.0658 	EXP 	Display Frame 1
617.0992 	DATA 	Keypress: equal
617.1003 	EXP 	Display Frame 2
617.1324 	EXP 	Display Frame 3
617.1658 	EXP 	Display Frame 4
617.1991 	EXP 	Display Frame 5
617.2325 	EXP 	Display Frame 6
617.2658 	EXP 	Display Frame 7
617.2991 	EXP 	Display Frame 8
617.3324 	EXP 	Display Frame 9
617.3658 	EXP 	Display Frame 0
617.3991 	EXP 	Display Frame 1
617.4324 	EXP 	Display Frame 2
617.4658 	EXP 	Display Frame 3
617.4991 	EXP 	Display Frame 4
617.5325 	EXP 	Display Frame 5
617.5658 	EXP 	Display Frame 6
617.5991 	EXP 	Display Frame 7
617.6325 	EXP 	Display Frame 8
617.6659 	EXP 	Display Frame 9
617.6992 	EXP 	Display Frame 0
617.7324 	EXP 	Display Frame 1
617.7658 	EXP 	Display Frame 2
617.7991 	EXP 	Display Frame 3
617.8325 	EXP 	Display Frame 4
617.8658 	EXP 	Display Frame 5
617.8991 	EXP 	Display Frame 6
617.9324 	EXP 	Display Frame 7
617.9658 	EXP 	Display Frame 8
617.9992 	EXP 	Display Frame 9
618.0325 	EXP 	Display Frame 0
618.0658 	EXP 	Display Frame 1
618.0991 	EXP 	Display Frame 2
618.1324 	EXP 	Display Frame 3
618.1658 	EXP 	Display Frame 4
618.1991 	EXP 	Display Frame 5
618.2325 	EXP 	Display Frame 6
618.2657 	EXP 	Display Frame 7
618.2991 	EXP 	Display Frame 8
618.3325 	EXP 	Display Frame 9
618.3658 	EXP 	Display Frame 0
618.3991 	EXP 	Display Frame 1
618.4325 	EXP 	Display Frame 2
618.4658 	EXP 	Display Frame 3
618.4991 	EXP 	Display Frame 4
618.5325 	EXP 	Display Frame 5
618.5658 	EXP 	Display Frame 6
618.5991 	EXP 	Display Frame 7
618.6324 	EXP 	Display Frame 8
618.6658 	EXP 	Display Frame 9
618.6991 	EXP 	Display Frame 0
618.7324 	EXP 	Display Frame 1
618.7658 	EXP 	Display Frame 2
618.7991 	EXP 	Display Frame 3
618.8325 	EXP 	Display Frame 4
618.8658 	EXP 	Display Frame 5
618.8991 	EXP 	Display Frame 6
618.9325 	EXP 	Display Frame 7
618.9658 	EXP 	Display Frame 8
618.9991 	EXP 	Display Frame 9
619.0325 	EXP 	Display Frame 0
619.0658 	EXP 	Display Frame 1
619.0991 	EXP 	Display Frame 2
619.1324 	EXP 	Display Frame 3
619.1658 	EXP 	Display Frame 4
619.1991 	EXP 	Display Frame 5
619.2325 	EXP 	Display Frame 6
619.2658 	EXP 	Display Frame 7
619.2991 	EXP 	Display Frame 8
619.3325 	EXP 	Display Frame 9
619.3658 	EXP 	Display Frame 0
619.3991 	EXP 	Display Frame 1
619.4324 	EXP 	Display Frame 2
619.4658 	EXP 	Display Frame 3
619.4991 	EXP 	Display Frame 4
619.5324 	EXP 	Display Frame 5
619.5658 	EXP 	Display Frame 6
619.5991 	EXP 	Display Frame 7
619.6325 	EXP 	Display Frame 8
619.6658 	EXP 	Display Frame 9
619.6991 	EXP 	Display Frame 0
619.7324 	EXP 	Display Frame 1
619.7658 	EXP 	Display Frame 2
619.7991 	EXP 	Display Frame 3
619.8324 	EXP 	Display Frame 4
619.8658 	EXP 	Display Frame 5
619.8991 	EXP 	Display Frame 6
619.9324 	EXP 	Display Frame 7
619.9658 	EXP 	Display Frame 8
619.9991 	EXP 	Display Frame 9
620.0324 	EXP 	Display Frame 0
620.0658 	EXP 	Display Frame 1
620.0991 	EXP 	Display Frame 2
620.1325 	EXP 	Display Frame 3
620.1658 	EXP 	Display Frame 4
620.1991 	EXP 	Display Frame 5
620.2325 	EXP 	Display Frame 6
620.2658 	EXP 	Display Frame 7
620.2991 	EXP 	Display Frame 8
620.3325 	EXP 	Display Frame 9
620.3658 	EXP 	Display Frame 0
620.3991 	EXP 	Display Frame 1
620.4324 	EXP 	Display Frame 2
620.4658 	EXP 	Display Frame 3
620.4991 	EXP 	Display Frame 4
620.5325 	EXP 	Display Frame 5
620.5658 	EXP 	Display Frame 6
620.5991 	EXP 	Display Frame 7
620.6325 	EXP 	Display Frame 8
620.6658 	EXP 	Display Frame 9
620.6991 	EXP 	Display Frame 0
620.7324 	EXP 	Display Frame 1
620.7658 	EXP 	Display Frame 2
620.7991 	EXP 	Display Frame 3
620.8324 	EXP 	Display Frame 4
620.8658 	EXP 	Display Frame 5
620.8991 	EXP 	Display Frame 6
620.9324 	EXP 	Display Frame 7
620.9658 	EXP 	Display Frame 8
620.9991 	EXP 	Display Frame 9
621.0325 	EXP 	Display Frame 0
621.0658 	EXP 	Display Frame 1
621.0991 	EXP 	Display Frame 2
621.1325 	EXP 	Display Frame 3
621.1658 	EXP 	Display Frame 4
621.1991 	EXP 	Display Frame 5
621.2324 	EXP 	Display Frame 6
621.2658 	EXP 	Display Frame 7
621.2991 	EXP 	Display Frame 8
621.3325 	EXP 	Display Frame 9
621.3658 	EXP 	Display Frame 0
621.3991 	EXP 	Display Frame 1
621.4324 	EXP 	Display Frame 2
621.4658 	EXP 	Display Frame 3
621.4991 	EXP 	Display Frame 4
621.5325 	EXP 	Display Frame 5
621.5658 	EXP 	Display Frame 6
621.5991 	EXP 	Display Frame 7
621.6325 	EXP 	Display Frame 8
621.6658 	EXP 	Display Frame 9
621.6991 	EXP 	Display Frame 0
621.7324 	EXP 	Display Frame 1
621.7658 	EXP 	Display Frame 2
621.7991 	EXP 	Display Frame 3
621.8325 	EXP 	Display Frame 4
621.8658 	EXP 	Display Frame 5
621.8991 	EXP 	Display Frame 6
621.9325 	EXP 	Display Frame 7
621.9662 	EXP 	Display Frame 8
621.9994 	EXP 	Display Frame 9
622.0325 	EXP 	Display Frame 0
622.0658 	EXP 	Display Frame 1
622.0991 	EXP 	Display Frame 2
622.1325 	EXP 	Display Frame 3
622.1658 	EXP 	Display Frame 4
622.1991 	EXP 	Display Frame 5
622.2325 	EXP 	Display Frame 6
622.2658 	EXP 	Display Frame 7
622.2992 	DATA 	Keypress: equal
622.3003 	EXP 	Display Frame 8
622.3324 	EXP 	Display Frame 9
622.3658 	EXP 	Display Frame 0
622.3991 	EXP 	Display Frame 1
622.4325 	EXP 	Display Frame 2
622.4658 	EXP 	Display Frame 3
622.4991 	EXP 	Display Frame 4
622.5325 	EXP 	Display Frame 5
622.5658 	EXP 	Display Frame 6
622.5991 	EXP 	Display Frame 7
622.6325 	EXP 	Display Frame 8
622.6658 	EXP 	Display Frame 9
622.6991 	EXP 	Display Frame 0
622.7324 	EXP 	Display Frame 1
622.7658 	EXP 	Display Frame 2
622.7991 	EXP 	Display Frame 3
622.8325 	EXP 	Display Frame 4
622.8658 	EXP 	Display Frame 5
622.8991 	EXP 	Display Frame 6
622.9324 	EXP 	Display Frame 7
622.9659 	EXP 	Display Frame 8
622.9991 	EXP 	Display Frame 9
623.0325 	EXP 	Display Frame 0
623.0658 	EXP 	Display Frame 1
623.0991 	EXP 	Display Frame 2
623.1325 	EXP 	Display Frame 3
623.1658 	EXP 	Display Frame 4
623.1991 	EXP 	Display Frame 5
623.2324 	EXP 	Display Frame 6
623.2658 	EXP 	Display Frame 7
623.2991 	EXP 	Display Frame 8
623.3325 	EXP 	Display Frame 9
623.3658 	EXP 	Display Frame 0
623.3991 	EXP 	Display Frame 1
623.4324 	EXP 	Display Frame 2
623.4658 	EXP 	Display Frame 3
623.4991 	EXP 	Display Frame 4
623.5325 	EXP 	Display Frame 5
623.5658 	EXP 	Display Frame 6
623.5991 	EXP 	Display Frame 7
623.6325 	EXP 	Display Frame 8
623.6658 	EXP 	Display Frame 9
623.6991 	EXP 	Display Frame 0
623.7324 	EXP 	Display Frame 1
623.7658 	EXP 	Display Frame 2
623.7991 	EXP 	Display Frame 3
623.8326 	EXP 	Display Frame 4
623.8658 	EXP 	Display Frame 5
623.8991 	EXP 	Display Frame 6
623.9325 	EXP 	Display Frame 7
623.9658 	EXP 	Display Frame 8
623.9991 	EXP 	Display Frame 9
624.0325 	EXP 	Display Frame 0
624.0657 	EXP 	Display Frame 1
624.0991 	EXP 	Display Frame 2
624.1325 	EXP 	Display Frame 3
624.1658 	EXP 	Display Frame 4
624.1991 	EXP 	Display Frame 5
624.2326 	EXP 	Display Frame 6
624.2660 	EXP 	Display Frame 7
624.2993 	EXP 	Display Frame 8
624.3326 	EXP 	Display Frame 9
624.3658 	EXP 	Display Frame 0
624.3991 	EXP 	Display Frame 1
624.4324 	EXP 	Display Frame 2
624.4658 	EXP 	Display Frame 3
624.4991 	EXP 	Display Frame 4
624.5325 	EXP 	Display Frame 5
624.5658 	EXP 	Display Frame 6
624.5991 	EXP 	Display Frame 7
624.6324 	EXP 	Display Frame 8
624.6658 	EXP 	Display Frame 9
624.6991 	EXP 	Display Frame 0
624.7324 	EXP 	Display Frame 1
624.7658 	EXP 	Display Frame 2
624.7991 	EXP 	Display Frame 3
624.8325 	EXP 	Display Frame 4
624.8658 	EXP 	Display Frame 5
624.8992 	EXP 	Display Frame 6
624.9325 	EXP 	Display Frame 7
624.9658 	EXP 	Display Frame 8
624.9991 	EXP 	Display Frame 9
625.0325 	EXP 	Display Frame 0
625.0658 	EXP 	Display Frame 1
625.0991 	EXP 	Display Frame 2
625.1325 	EXP 	Display Frame 3
625.1658 	EXP 	Display Frame 4
625.1991 	EXP 	Display Frame 5
625.2324 	EXP 	Display Frame 6
625.2658 	EXP 	Display Frame 7
625.2991 	EXP 	Display Frame 8
625.3325 	EXP 	Display Frame 9
625.3658 	EXP 	Display Frame 0
625.3992 	EXP 	Display Frame 1
625.4325 	EXP 	Display Frame 2
625.4658 	EXP 	Display Frame 3
625.4991 	EXP 	Display Frame 4
625.5325 	EXP 	Display Frame 5
625.5658 	EXP 	Display Frame 6
625.5991 	EXP 	Display Frame 7
625.6325 	EXP 	Display Frame 8
625.6658 	EXP 	Display Frame 9
625.6992 	EXP 	Display Frame 0
625.7324 	EXP 	Display Frame 1
625.7658 	EXP 	Display Frame 2
625.7991 	EXP 	Display Frame 3
625.8324 	EXP 	Display Frame 4
625.8658 	EXP 	Display Frame 5
625.8991 	EXP 	Display Frame 6
625.9325 	EXP 	Display Frame 7
625.9658 	EXP 	Display Frame 8
625.9991 	EXP 	Display Frame 9
626.0325 	EXP 	Display Frame 0
626.0658 	EXP 	Display Frame 1
626.0991 	EXP 	Display Frame 2
626.1324 	EXP 	Display Frame 3
626.1658 	EXP 	Display Frame 4
626.1991 	EXP 	Display Frame 5
626.2325 	EXP 	Display Frame 6
626.2658 	EXP 	Display Frame 7
626.2993 	EXP 	Display Frame 8
626.3327 	EXP 	Display Frame 9
626.3660 	EXP 	Display Frame 0
626.3991 	EXP 	Display Frame 1
626.4325 	EXP 	Display Frame 2
626.4658 	EXP 	Display Frame 3
626.4991 	EXP 	Display Frame 4
626.5325 	EXP 	Display Frame 5
626.5658 	EXP 	Display Frame 6
626.5991 	EXP 	Display Frame 7
626.6325 	EXP 	Display Frame 8
626.6658 	EXP 	Display Frame 9
626.6991 	EXP 	Display Frame 0
626.7324 	EXP 	Display Frame 1
626.7658 	EXP 	Display Frame 2
626.7991 	EXP 	Display Frame 3
626.8325 	EXP 	Display Frame 4
626.8658 	EXP 	Display Frame 5
626.8991 	EXP 	Display Frame 6
626.9325 	EXP 	Display Frame 7
626.9658 	EXP 	Display Frame 8
626.9991 	EXP 	Display Frame 9
627.0325 	EXP 	Display Frame 0
627.0658 	EXP 	Display Frame 1
627.0992 	EXP 	Display Frame 2
627.1324 	EXP 	Display Frame 3
627.1658 	EXP 	Display Frame 4
627.1991 	EXP 	Display Frame 5
627.2324 	EXP 	Display Frame 6
627.2658 	EXP 	Display Frame 7
627.2991 	EXP 	Display Frame 8
627.3325 	EXP 	Display Frame 9
627.3658 	EXP 	Display Frame 0
627.3991 	EXP 	Display Frame 1
627.4324 	EXP 	Display Frame 2
627.4658 	EXP 	Display Frame 3
627.4992 	DATA 	Keypress: equal
627.5002 	EXP 	Display Frame 4
627.5325 	EXP 	Display Frame 5
627.5658 	EXP 	Display Frame 6
627.5991 	EXP 	Display Frame 7
627.6325 	EXP 	Display Frame 8
627.6658 	EXP 	Display Frame 9
627.6991 	EXP 	Display Frame 0
627.7324 	EXP 	Display Frame 1
627.7661 	EXP 	Display Frame 2
627.7991 	EXP 	Display Frame 3
627.8324 	EXP 	Display Frame 4
627.8658 	EXP 	Display Frame 5
627.8991 	EXP 	Display Frame 6
627.9325 	EXP 	Display Frame 7
627.9658 	EXP 	Display Frame 8
627.9991 	EXP 	Display Frame 9
628.0325 	EXP 	Display Frame 0
628.0658 	EXP 	Display Frame 1
628.0991 	EXP 	Display Frame 2
628.1324 	EXP 	Display Frame 3
628.1658 	EXP 	Display Frame 4
628.1991 	EXP 	Display Frame 5
628.2325 	EXP 	Display Frame 6
628.2658 	EXP 	Display Frame 7
628.2992 	EXP 	Display Frame 8
628.3325 	EXP 	Display Frame 9
628.3658 	EXP 	Display Frame 0
628.3991 	EXP 	Display Frame 1
628.4324 	EXP 	Display Frame 2
628.4658 	EXP 	Display Frame 3
628.4991 	EXP 	Display Frame 4
628.5325 	EXP 	Display Frame 5
628.5658 	EXP 	Display Frame 6
628.5991 	EXP 	Display Frame 7
628.6324 	EXP 	Display Frame 8
628.6658 	EXP 	Display Frame 9
628.6991 	EXP 	Display Frame 0
628.7324 	EXP 	Display Frame 1
628.7658 	EXP 	Display Frame 2
628.7991 	EXP 	Display Frame 3
628.8325 	EXP 	Display Frame 4
628.8658 	EXP 	Display Frame 5
628.8991 	EXP 	Display Frame 6
628.9324 	EXP 	Display Frame 7
628.9658 	EXP 	Display Frame 8
628.9991 	EXP 	Display Frame 9
629.0324 	EXP 	Display Frame 0
629.0658 	EXP 	Display Frame 1
629.0991 	EXP 	Display Frame 2
629.1325 	EXP 	Display Frame 3
629.1658 	EXP 	Display Frame 4
629.1991 	EXP 	Display Frame 5
629.2324 	EXP 	Display Frame 6
629.2658 	EXP 	Display Frame 7
629.2991 	EXP 	Display Frame 8
629.3324 	EXP 	Display Frame 9
629.3658 	EXP 	Display Frame 0
629.3991 	EXP 	Display Frame 1
629.4325 	EXP 	Display Frame 2
629.4658 	EXP 	Display Frame 3
629.4991 	EXP 	Display Frame 4
629.5325 	EXP 	Display Frame 5
629.5658 	EXP 	Display Frame 6
629.5991 	EXP 	Display Frame 7
629.6324 	EXP 	Display Frame 8
629.6658 	EXP 	Display Frame 9
629.6991 	EXP 	Display Frame 0
629.7324 	EXP 	Display Frame 1
629.7658 	EXP 	Display Frame 2
629.7991 	EXP 	Display Frame 3
629.8324 	EXP 	Display Frame 4
629.8658 	EXP 	Display Frame 5
629.8991 	EXP 	Display Frame 6
629.9325 	EXP 	Display Frame 7
629.9658 	EXP 	Display Frame 8
629.9991 	EXP 	Display Frame 9
630.0325 	EXP 	Display Frame 0
630.0658 	EXP 	Display Frame 1
630.0991 	EXP 	Display Frame 2
630.1324 	EXP 	Display Frame 3
630.1658 	EXP 	Display Frame 4
630.1991 	EXP 	Display Frame 5
630.2324 	EXP 	Display Frame 6
630.2658 	EXP 	Display Frame 7
630.2991 	EXP 	Display Frame 8
630.3325 	EXP 	Display Frame 9
630.3658 	EXP 	Display Frame 0
630.3991 	EXP 	Display Frame 1
630.4325 	EXP 	Display Frame 2
630.4658 	EXP 	Display Frame 3
630.4991 	EXP 	Display Frame 4
630.5325 	EXP 	Display Frame 5
630.5658 	EXP 	Display Frame 6
630.5991 	EXP 	Display Frame 7
630.6324 	EXP 	Display Frame 8
630.6658 	EXP 	Display Frame 9
630.6991 	EXP 	Display Frame 0
630.7324 	EXP 	Display Frame 1
630.7658 	EXP 	Display Frame 2
630.7991 	EXP 	Display Frame 3
630.8324 	EXP 	Display Frame 4
630.8658 	EXP 	Display Frame 5
630.8991 	EXP 	Display Frame 6
630.9325 	EXP 	Display Frame 7
630.9658 	EXP 	Display Frame 8
630.9991 	EXP 	Display Frame 9
631.0324 	EXP 	Display Frame 0
631.0658 	EXP 	Display Frame 1
631.0991 	EXP 	Display Frame 2
631.1324 	EXP 	Display Frame 3
631.1658 	EXP 	Display Frame 4
631.1991 	EXP 	Display Frame 5
631.2325 	EXP 	Display Frame 6
631.2658 	EXP 	Display Frame 7
631.2991 	EXP 	Display Frame 8
631.3324 	EXP 	Display Frame 9
631.3658 	EXP 	Display Frame 0
631.3991 	EXP 	Display Frame 1
631.4324 	EXP 	Display Frame 2
631.4658 	EXP 	Display Frame 3
631.4991 	EXP 	Display Frame 4
631.5325 	EXP 	Display Frame 5
631.5658 	EXP 	Display Frame 6
631.5991 	EXP 	Display Frame 7
631.6325 	EXP 	Display Frame 8
631.6658 	EXP 	Display Frame 9
631.6991 	EXP 	Display Frame 0
631.7324 	EXP 	Display Frame 1
631.7658 	EXP 	Display Frame 2
631.7991 	EXP 	Display Frame 3
631.8325 	EXP 	Display Frame 4
631.8658 	EXP 	Display Frame 5
631.8991 	EXP 	Display Frame 6
631.9324 	EXP 	Display Frame 7
631.9658 	EXP 	Display Frame 8
631.9991 	EXP 	Display Frame 9
632.0324 	EXP 	Display Frame 0
632.0658 	EXP 	Display Frame 1
632.0991 	EXP 	Display Frame 2
632.1325 	EXP 	Display Frame 3
632.1658 	EXP 	Display Frame 4
632.1991 	EXP 	Display Frame 5
632.2325 	EXP 	Display Frame 6
632.2658 	EXP 	Display Frame 7
632.2991 	EXP 	Display Frame 8
632.3324 	EXP 	Display Frame 9
632.3658 	EXP 	Display Frame 0
632.3991 	EXP 	Display Frame 1
632.4325 	EXP 	Display Frame 2
632.4657 	EXP 	Display Frame 3
632.4991 	EXP 	Display Frame 4
632.5325 	EXP 	Display Frame 5
632.5658 	EXP 	Display Frame 6
632.5991 	EXP 	Display Frame 7
632.6324 	EXP 	Display Frame 8
632.6659 	DATA 	Keypress: equal
632.6668 	EXP 	Display Frame 9
632.6991 	EXP 	Display Frame 0
632.7324 	EXP 	Display Frame 1
632.7658 	EXP 	Display Frame 2
632.7991 	EXP 	Display Frame 3
632.8324 	EXP 	Display Frame 4
632.8658 	EXP 	Display Frame 5
632.8991 	EXP 	Display Frame 6
632.9324 	EXP 	Display Frame 7
632.9658 	EXP 	Display Frame 8
632.9991 	EXP 	Display Frame 9
633.0325 	EXP 	Display Frame 0
633.0658 	EXP 	Display Frame 1
633.0992 	EXP 	Display Frame 2
633.1325 	EXP 	Display Frame 3
633.1658 	EXP 	Display Frame 4
633.1991 	EXP 	Display Frame 5
633.2325 	EXP 	Display Frame 6
633.2658 	EXP 	Display Frame 7
633.2991 	EXP 	Display Frame 8
633.3325 	EXP 	Display Frame 9
633.3658 	EXP 	Display Frame 0
633.3991 	EXP 	Display Frame 1
633.4325 	EXP 	Display Frame 2
633.4658 	EXP 	Display Frame 3
633.4991 	EXP 	Display Frame 4
633.5324 	EXP 	Display Frame 5
633.5658 	EXP 	Display Frame 6
633.5991 	EXP 	Display Frame 7
633.6326 	EXP 	Display Frame 8
633.6657 	EXP 	Display Frame 9
633.6991 	EXP 	Display Frame 0
633.7336 	EXP 	Display Frame 1
633.7658 	EXP 	Display Frame 2
633.7991 	EXP 	Display Frame 3
633.8324 	EXP 	Display Frame 4
633.8658 	EXP 	Display Frame 5
633.8991 	EXP 	Display Frame 6
633.9325 	EXP 	Display Frame 7
633.9658 	EXP 	Display Frame 8
633.9991 	EXP 	Display Frame 9
634.0325 	EXP 	Display Frame 0
634.0658 	EXP 	Display Frame 1
634.0994 	EXP 	Display Frame 2
634.1324 	EXP 	Display Frame 3
634.1658 	EXP 	Display Frame 4
634.1991 	EXP 	Display Frame 5
634.2325 	EXP 	Display Frame 6
634.2658 	EXP 	Display Frame 7
634.2991 	EXP 	Display Frame 8
634.3324 	EXP 	Display Frame 9
634.3658 	EXP 	Display Frame 0
634.3991 	EXP 	Display Frame 1
634.4324 	EXP 	Display Frame 2
634.4658 	EXP 	Display Frame 3
634.4991 	EXP 	Display Frame 4
634.5325 	EXP 	Display Frame 5
634.5658 	EXP 	Display Frame 6
634.5991 	EXP 	Display Frame 7
634.6324 	EXP 	Display Frame 8
634.6658 	EXP 	Display Frame 9
634.6991 	EXP 	Display Frame 0
634.7324 	EXP 	Display Frame 1
634.7658 	EXP 	Display Frame 2
634.7991 	EXP 	Display Frame 3
634.8324 	EXP 	Display Frame 4
634.8658 	EXP 	Display Frame 5
634.8991 	EXP 	Display Frame 6
634.9325 	EXP 	Display Frame 7
634.9658 	EXP 	Display Frame 8
634.9991 	EXP 	Display Frame 9
635.0325 	EXP 	Display Frame 0
635.0658 	EXP 	Display Frame 1
635.0991 	EXP 	Display Frame 2
635.1324 	EXP 	Display Frame 3
635.1658 	EXP 	Display Frame 4
635.1991 	EXP 	Display Frame 5
635.2325 	EXP 	Display Frame 6
635.2658 	EXP 	Display Frame 7
635.2991 	EXP 	Display Frame 8
635.3324 	EXP 	Display Frame 9
635.3658 	EXP 	Display Frame 0
635.3991 	EXP 	Display Frame 1
635.4325 	EXP 	Display Frame 2
635.4658 	EXP 	Display Frame 3
635.4991 	EXP 	Display Frame 4
635.5325 	EXP 	Display Frame 5
635.5658 	EXP 	Display Frame 6
635.5991 	EXP 	Display Frame 7
635.6324 	EXP 	Display Frame 8
635.6658 	EXP 	Display Frame 9
635.6991 	EXP 	Display Frame 0
635.7324 	EXP 	Display Frame 1
635.7658 	EXP 	Display Frame 2
635.7991 	EXP 	Display Frame 3
635.8325 	EXP 	Display Frame 4
635.8658 	EXP 	Display Frame 5
635.8991 	EXP 	Display Frame 6
635.9325 	EXP 	Display Frame 7
635.9658 	EXP 	Display Frame 8
635.9991 	EXP 	Display Frame 9
636.0325 	EXP 	Display Frame 0
636.0658 	EXP 	Display Frame 1
636.0991 	EXP 	Display Frame 2
636.1324 	EXP 	Display Frame 3
636.1658 	EXP 	Display Frame 4
636.1991 	EXP 	Display Frame 5
636.2325 	EXP 	Display Frame 6
636.2658 	EXP 	Display Frame 7
636.2991 	EXP 	Display Frame 8
636.3324 	EXP 	Display Frame 9
636.3658 	EXP 	Display Frame 0
636.3991 	EXP 	Display Frame 1
636.4325 	EXP 	Display Frame 2
636.4658 	EXP 	Display Frame 3
636.4991 	EXP 	Display Frame 4
636.5325 	EXP 	Display Frame 5
636.5658 	EXP 	Display Frame 6
636.5991 	EXP 	Display Frame 7
636.6325 	EXP 	Display Frame 8
636.6658 	EXP 	Display Frame 9
636.6991 	EXP 	Display Frame 0
636.7324 	EXP 	Display Frame 1
636.7658 	EXP 	Display Frame 2
636.7991 	EXP 	Display Frame 3
636.8325 	EXP 	Display Frame 4
636.8658 	EXP 	Display Frame 5
636.8992 	EXP 	Display Frame 6
636.9325 	EXP 	Display Frame 7
636.9658 	EXP 	Display Frame 8
636.9991 	EXP 	Display Frame 9
637.0325 	EXP 	Display Frame 0
637.0658 	EXP 	Display Frame 1
637.0991 	EXP 	Display Frame 2
637.1324 	EXP 	Display Frame 3
637.1658 	EXP 	Display Frame 4
637.1991 	EXP 	Display Frame 5
637.2325 	EXP 	Display Frame 6
637.2658 	EXP 	Display Frame 7
637.2991 	EXP 	Display Frame 8
637.3324 	EXP 	Display Frame 9
637.3658 	EXP 	Display Frame 0
637.3991 	EXP 	Display Frame 1
637.4325 	EXP 	Display Frame 2
637.4658 	EXP 	Display Frame 3
637.4991 	EXP 	Display Frame 4
637.5325 	EXP 	Display Frame 5
637.5658 	EXP 	Display Frame 6
637.5991 	EXP 	Display Frame 7
637.6325 	EXP 	Display Frame 8
637.6658 	EXP 	Display Frame 9
637.6992 	EXP 	Display Frame 0
637.7324 	EXP 	Display Frame 1
637.7658 	EXP 	Display Frame 2
637.7991 	EXP 	Display Frame 3
637.8324 	EXP 	Display Frame 4
637.8659 	DATA 	Keypress: equal
637.8669 	EXP 	Display Frame 5
637.8703 	EXP 	Display Fixation
643.0534 	DATA 	Keypress: equal
648.2464 	DATA 	Keypress: equal
653.4405 	DATA 	Keypress: equal
658.6334 	DATA 	Keypress: equal
663.8276 	DATA 	Keypress: equal
669.0205 	DATA 	Keypress: equal
669.0549 	EXP 	Display Frame 1
669.0882 	EXP 	Display Frame 2
669.1215 	EXP 	Display Frame 3
669.1548 	EXP 	Display Frame 4
669.1881 	EXP 	Display Frame 5
669.2215 	EXP 	Display Frame 6
669.2548 	EXP 	Display Frame 7
669.2881 	EXP 	Display Frame 8
669.3215 	EXP 	Display Frame 9
669.3548 	EXP 	Display Frame 0
669.3881 	EXP 	Display Frame 1
669.4214 	EXP 	Display Frame 2
669.4548 	EXP 	Display Frame 3
669.4881 	EXP 	Display Frame 4
669.5215 	EXP 	Display Frame 5
669.5548 	EXP 	Display Frame 6
669.5881 	EXP 	Display Frame 7
669.6215 	EXP 	Display Frame 8
669.6548 	EXP 	Display Frame 9
669.6881 	EXP 	Display Frame 0
669.7215 	EXP 	Display Frame 1
669.7548 	EXP 	Display Frame 2
669.7881 	EXP 	Display Frame 3
669.8214 	EXP 	Display Frame 4
669.8548 	EXP 	Display Frame 5
669.8881 	EXP 	Display Frame 6
669.9214 	EXP 	Display Frame 7
669.9548 	EXP 	Display Frame 8
669.9881 	EXP 	Display Frame 9
670.0215 	EXP 	Display Frame 0
670.0547 	EXP 	Display Frame 1
670.0881 	EXP 	Display Frame 2
670.1215 	EXP 	Display Frame 3
670.1548 	EXP 	Display Frame 4
670.1881 	EXP 	Display Frame 5
670.2215 	EXP 	Display Frame 6
670.2548 	EXP 	Display Frame 7
670.2881 	EXP 	Display Frame 8
670.3214 	EXP 	Display Frame 9
670.3548 	EXP 	Display Frame 0
670.3881 	EXP 	Display Frame 1
670.4215 	EXP 	Display Frame 2
670.4548 	EXP 	Display Frame 3
670.4881 	EXP 	Display Frame 4
670.5214 	EXP 	Display Frame 5
670.5548 	EXP 	Display Frame 6
670.5881 	EXP 	Display Frame 7
670.6215 	EXP 	Display Frame 8
670.6548 	EXP 	Display Frame 9
670.6881 	EXP 	Display Frame 0
670.7215 	EXP 	Display Frame 1
670.7548 	EXP 	Display Frame 2
670.7881 	EXP 	Display Frame 3
670.8214 	EXP 	Display Frame 4
670.8548 	EXP 	Display Frame 5
670.8881 	EXP 	Display Frame 6
670.9215 	EXP 	Display Frame 7
670.9583 	EXP 	Display Frame 8
670.9881 	EXP 	Display Frame 9
671.0215 	EXP 	Display Frame 0
671.0547 	EXP 	Display Frame 1
671.0881 	EXP 	Display Frame 2
671.1215 	EXP 	Display Frame 3
671.1548 	EXP 	Display Frame 4
671.1881 	EXP 	Display Frame 5
671.2214 	EXP 	Display Frame 6
671.2548 	EXP 	Display Frame 7
671.2881 	EXP 	Display Frame 8
671.3215 	EXP 	Display Frame 9
671.3548 	EXP 	Display Frame 0
671.3881 	EXP 	Display Frame 1
671.4215 	EXP 	Display Frame 2
671.4548 	EXP 	Display Frame 3
671.4881 	EXP 	Display Frame 4
671.5214 	EXP 	Display Frame 5
671.5548 	EXP 	Display Frame 6
671.5881 	EXP 	Display Frame 7
671.6214 	EXP 	Display Frame 8
671.6548 	EXP 	Display Frame 9
671.6881 	EXP 	Display Frame 0
671.7215 	EXP 	Display Frame 1
671.7548 	EXP 	Display Frame 2
671.7881 	EXP 	Display Frame 3
671.8214 	EXP 	Display Frame 4
671.8548 	EXP 	Display Frame 5
671.8881 	EXP 	Display Frame 6
671.9215 	EXP 	Display Frame 7
671.9548 	EXP 	Display Frame 8
671.9881 	EXP 	Display Frame 9
672.0215 	EXP 	Display Frame 0
672.0547 	EXP 	Display Frame 1
672.0881 	EXP 	Display Frame 2
672.1214 	EXP 	Display Frame 3
672.1548 	EXP 	Display Frame 4
672.1886 	EXP 	Display Frame 5
672.2215 	EXP 	Display Frame 6
672.2548 	EXP 	Display Frame 7
672.2881 	EXP 	Display Frame 8
672.3215 	EXP 	Display Frame 9
672.3548 	EXP 	Display Frame 0
672.3881 	EXP 	Display Frame 1
672.4215 	EXP 	Display Frame 2
672.4548 	EXP 	Display Frame 3
672.4881 	EXP 	Display Frame 4
672.5215 	EXP 	Display Frame 5
672.5548 	EXP 	Display Frame 6
672.5881 	EXP 	Display Frame 7
672.6214 	EXP 	Display Frame 8
672.6548 	EXP 	Display Frame 9
672.6881 	EXP 	Display Frame 0
672.7215 	EXP 	Display Frame 1
672.7548 	EXP 	Display Frame 2
672.7881 	EXP 	Display Frame 3
672.8215 	EXP 	Display Frame 4
672.8548 	EXP 	Display Frame 5
672.8881 	EXP 	Display Frame 6
672.9214 	EXP 	Display Frame 7
672.9548 	EXP 	Display Frame 8
672.9881 	EXP 	Display Frame 9
673.0215 	EXP 	Display Frame 0
673.0547 	EXP 	Display Frame 1
673.0881 	EXP 	Display Frame 2
673.1215 	EXP 	Display Frame 3
673.1548 	EXP 	Display Frame 4
673.1881 	EXP 	Display Frame 5
673.2215 	EXP 	Display Frame 6
673.2548 	EXP 	Display Frame 7
673.2881 	EXP 	Display Frame 8
673.3214 	EXP 	Display Frame 9
673.3548 	EXP 	Display Frame 0
673.3881 	EXP 	Display Frame 1
673.4215 	EXP 	Display Frame 2
673.4548 	EXP 	Display Frame 3
673.4881 	EXP 	Display Frame 4
673.5214 	EXP 	Display Frame 5
673.5548 	EXP 	Display Frame 6
673.5881 	EXP 	Display Frame 7
673.6214 	EXP 	Display Frame 8
673.6548 	EXP 	Display Frame 9
673.6881 	EXP 	Display Frame 0
673.7215 	EXP 	Display Frame 1
673.7548 	EXP 	Display Frame 2
673.7881 	EXP 	Display Frame 3
673.8214 	EXP 	Display Frame 4
673.8548 	EXP 	Display Frame 5
673.8881 	EXP 	Display Frame 6
673.9214 	EXP 	Display Frame 7
673.9548 	EXP 	Display Frame 8
673.9881 	EXP 	Display Frame 9
674.0215 	EXP 	Display Frame 0
674.0546 	EXP 	Display Frame 1
674.0881 	EXP 	Display Frame 2
674.1214 	EXP 	Display Frame 3
674.1548 	EXP 	Display Frame 4
674.1881 	EXP 	Display Frame 5
674.2215 	DATA 	Keypress: equal
674.2226 	EXP 	Display Frame 6
674.2548 	EXP 	Display Frame 7
674.2881 	EXP 	Display Frame 8
674.3215 	EXP 	Display Frame 9
674.3548 	EXP 	Display Frame 0
674.3881 	EXP 	Display Frame 1
674.4215 	EXP 	Display Frame 2
674.4548 	EXP 	Display Frame 3
674.4881 	EXP 	Display Frame 4
674.5214 	EXP 	Display Frame 5
674.5548 	EXP 	Display Frame 6
674.5881 	EXP 	Display Frame 7
674.6215 	EXP 	Display Frame 8
674.6548 	EXP 	Display Frame 9
674.6881 	EXP 	Display Frame 0
674.7215 	EXP 	Display Frame 1
674.7548 	EXP 	Display Frame 2
674.7881 	EXP 	Display Frame 3
674.8214 	EXP 	Display Frame 4
674.8548 	EXP 	Display Frame 5
674.8881 	EXP 	Display Frame 6
674.9214 	EXP 	Display Frame 7
674.9548 	EXP 	Display Frame 8
674.9881 	EXP 	Display Frame 9
675.0215 	EXP 	Display Frame 0
675.0547 	EXP 	Display Frame 1
675.0881 	EXP 	Display Frame 2
675.1214 	EXP 	Display Frame 3
675.1548 	EXP 	Display Frame 4
675.1881 	EXP 	Display Frame 5
675.2215 	EXP 	Display Frame 6
675.2548 	EXP 	Display Frame 7
675.2881 	EXP 	Display Frame 8
675.3215 	EXP 	Display Frame 9
675.3548 	EXP 	Display Frame 0
675.3881 	EXP 	Display Frame 1
675.4215 	EXP 	Display Frame 2
675.4548 	EXP 	Display Frame 3
675.4881 	EXP 	Display Frame 4
675.5215 	EXP 	Display Frame 5
675.5548 	EXP 	Display Frame 6
675.5881 	EXP 	Display Frame 7
675.6214 	EXP 	Display Frame 8
675.6548 	EXP 	Display Frame 9
675.6881 	EXP 	Display Frame 0
675.7214 	EXP 	Display Frame 1
675.7548 	EXP 	Display Frame 2
675.7881 	EXP 	Display Frame 3
675.8214 	EXP 	Display Frame 4
675.8548 	EXP 	Display Frame 5
675.8881 	EXP 	Display Frame 6
675.9214 	EXP 	Display Frame 7
675.9548 	EXP 	Display Frame 8
675.9881 	EXP 	Display Frame 9
676.0215 	EXP 	Display Frame 0
676.0547 	EXP 	Display Frame 1
676.0881 	EXP 	Display Frame 2
676.1214 	EXP 	Display Frame 3
676.1547 	EXP 	Display Frame 4
676.1881 	EXP 	Display Frame 5
676.2214 	EXP 	Display Frame 6
676.2548 	EXP 	Display Frame 7
676.2907 	EXP 	Display Frame 8
676.3214 	EXP 	Display Frame 9
676.3548 	EXP 	Display Frame 0
676.3881 	EXP 	Display Frame 1
676.4215 	EXP 	Display Frame 2
676.4548 	EXP 	Display Frame 3
676.4881 	EXP 	Display Frame 4
676.5215 	EXP 	Display Frame 5
676.5548 	EXP 	Display Frame 6
676.5881 	EXP 	Display Frame 7
676.6214 	EXP 	Display Frame 8
676.6548 	EXP 	Display Frame 9
676.6881 	EXP 	Display Frame 0
676.7215 	EXP 	Display Frame 1
676.7548 	EXP 	Display Frame 2
676.7881 	EXP 	Display Frame 3
676.8215 	EXP 	Display Frame 4
676.8548 	EXP 	Display Frame 5
676.8881 	EXP 	Display Frame 6
676.9214 	EXP 	Display Frame 7
676.9548 	EXP 	Display Frame 8
676.9881 	EXP 	Display Frame 9
677.0215 	EXP 	Display Frame 0
677.0547 	EXP 	Display Frame 1
677.0881 	EXP 	Display Frame 2
677.1214 	EXP 	Display Frame 3
677.1548 	EXP 	Display Frame 4
677.1881 	EXP 	Display Frame 5
677.2214 	EXP 	Display Frame 6
677.2548 	EXP 	Display Frame 7
677.2881 	EXP 	Display Frame 8
677.3215 	EXP 	Display Frame 9
677.3548 	EXP 	Display Frame 0
677.3881 	EXP 	Display Frame 1
677.4214 	EXP 	Display Frame 2
677.4548 	EXP 	Display Frame 3
677.4881 	EXP 	Display Frame 4
677.5214 	EXP 	Display Frame 5
677.5548 	EXP 	Display Frame 6
677.5881 	EXP 	Display Frame 7
677.6214 	EXP 	Display Frame 8
677.6548 	EXP 	Display Frame 9
677.6881 	EXP 	Display Frame 0
677.7214 	EXP 	Display Frame 1
677.7547 	EXP 	Display Frame 2
677.7881 	EXP 	Display Frame 3
677.8214 	EXP 	Display Frame 4
677.8548 	EXP 	Display Frame 5
677.8881 	EXP 	Display Frame 6
677.9215 	EXP 	Display Frame 7
677.9548 	EXP 	Display Frame 8
677.9881 	EXP 	Display Frame 9
678.0215 	EXP 	Display Frame 0
678.0547 	EXP 	Display Frame 1
678.0881 	EXP 	Display Frame 2
678.1215 	EXP 	Display Frame 3
678.1548 	EXP 	Display Frame 4
678.1881 	EXP 	Display Frame 5
678.2215 	EXP 	Display Frame 6
678.2548 	EXP 	Display Frame 7
678.2881 	EXP 	Display Frame 8
678.3215 	EXP 	Display Frame 9
678.3548 	EXP 	Display Frame 0
678.3881 	EXP 	Display Frame 1
678.4214 	EXP 	Display Frame 2
678.4548 	EXP 	Display Frame 3
678.4881 	EXP 	Display Frame 4
678.5217 	EXP 	Display Frame 5
678.5548 	EXP 	Display Frame 6
678.5882 	EXP 	Display Frame 7
678.6214 	EXP 	Display Frame 8
678.6548 	EXP 	Display Frame 9
678.6882 	EXP 	Display Frame 0
678.7214 	EXP 	Display Frame 1
678.7548 	EXP 	Display Frame 2
678.7881 	EXP 	Display Frame 3
678.8215 	EXP 	Display Frame 4
678.8548 	EXP 	Display Frame 5
678.8881 	EXP 	Display Frame 6
678.9214 	EXP 	Display Frame 7
678.9548 	EXP 	Display Frame 8
678.9881 	EXP 	Display Frame 9
679.0215 	EXP 	Display Frame 0
679.0547 	EXP 	Display Frame 1
679.0881 	EXP 	Display Frame 2
679.1215 	EXP 	Display Frame 3
679.1548 	EXP 	Display Frame 4
679.1881 	EXP 	Display Frame 5
679.2214 	EXP 	Display Frame 6
679.2548 	EXP 	Display Frame 7
679.2881 	EXP 	Display Frame 8
679.3214 	EXP 	Display Frame 9
679.3548 	EXP 	Display Frame 0
679.3881 	EXP 	Display Frame 1
679.4216 	DATA 	Keypress: equal
679.4226 	EXP 	Display Frame 2
679.4548 	EXP 	Display Frame 3
679.4882 	EXP 	Display Frame 4
679.5215 	EXP 	Display Frame 5
679.5548 	EXP 	Display Frame 6
679.5881 	EXP 	Display Frame 7
679.6214 	EXP 	Display Frame 8
679.6548 	EXP 	Display Frame 9
679.6881 	EXP 	Display Frame 0
679.7214 	EXP 	Display Frame 1
679.7548 	EXP 	Display Frame 2
679.7881 	EXP 	Display Frame 3
679.8215 	EXP 	Display Frame 4
679.8548 	EXP 	Display Frame 5
679.8881 	EXP 	Display Frame 6
679.9215 	EXP 	Display Frame 7
679.9548 	EXP 	Display Frame 8
679.9881 	EXP 	Display Frame 9
680.0215 	EXP 	Display Frame 0
680.0547 	EXP 	Display Frame 1
680.0881 	EXP 	Display Frame 2
680.1215 	EXP 	Display Frame 3
680.1548 	EXP 	Display Frame 4
680.1881 	EXP 	Display Frame 5
680.2215 	EXP 	Display Frame 6
680.2548 	EXP 	Display Frame 7
680.2881 	EXP 	Display Frame 8
680.3215 	EXP 	Display Frame 9
680.3548 	EXP 	Display Frame 0
680.3881 	EXP 	Display Frame 1
680.4214 	EXP 	Display Frame 2
680.4548 	EXP 	Display Frame 3
680.4896 	EXP 	Display Frame 4
680.5215 	EXP 	Display Frame 5
680.5548 	EXP 	Display Frame 6
680.5881 	EXP 	Display Frame 7
680.6215 	EXP 	Display Frame 8
680.6548 	EXP 	Display Frame 9
680.6881 	EXP 	Display Frame 0
680.7214 	EXP 	Display Frame 1
680.7548 	EXP 	Display Frame 2
680.7881 	EXP 	Display Frame 3
680.8215 	EXP 	Display Frame 4
680.8548 	EXP 	Display Frame 5
680.8881 	EXP 	Display Frame 6
680.9215 	EXP 	Display Frame 7
680.9548 	EXP 	Display Frame 8
680.9881 	EXP 	Display Frame 9
681.0214 	EXP 	Display Frame 0
681.0547 	EXP 	Display Frame 1
681.0881 	EXP 	Display Frame 2
681.1215 	EXP 	Display Frame 3
681.1550 	EXP 	Display Frame 4
681.1881 	EXP 	Display Frame 5
681.2214 	EXP 	Display Frame 6
681.2548 	EXP 	Display Frame 7
681.2881 	EXP 	Display Frame 8
681.3215 	EXP 	Display Frame 9
681.3548 	EXP 	Display Frame 0
681.3881 	EXP 	Display Frame 1
681.4214 	EXP 	Display Frame 2
681.4548 	EXP 	Display Frame 3
681.4882 	EXP 	Display Frame 4
681.5215 	EXP 	Display Frame 5
681.5548 	EXP 	Display Frame 6
681.5882 	EXP 	Display Frame 7
681.6255 	EXP 	Display Frame 8
681.6548 	EXP 	Display Frame 9
681.6881 	EXP 	Display Frame 0
681.7215 	EXP 	Display Frame 1
681.7548 	EXP 	Display Frame 2
681.7881 	EXP 	Display Frame 3
681.8215 	EXP 	Display Frame 4
681.8548 	EXP 	Display Frame 5
681.8881 	EXP 	Display Frame 6
681.9214 	EXP 	Display Frame 7
681.9548 	EXP 	Display Frame 8
681.9881 	EXP 	Display Frame 9
682.0215 	EXP 	Display Frame 0
682.0547 	EXP 	Display Frame 1
682.0881 	EXP 	Display Frame 2
682.1215 	EXP 	Display Frame 3
682.1548 	EXP 	Display Frame 4
682.1881 	EXP 	Display Frame 5
682.2215 	EXP 	Display Frame 6
682.2548 	EXP 	Display Frame 7
682.2881 	EXP 	Display Frame 8
682.3215 	EXP 	Display Frame 9
682.3548 	EXP 	Display Frame 0
682.3881 	EXP 	Display Frame 1
682.4215 	EXP 	Display Frame 2
682.4548 	EXP 	Display Frame 3
682.4881 	EXP 	Display Frame 4
682.5214 	EXP 	Display Frame 5
682.5548 	EXP 	Display Frame 6
682.5881 	EXP 	Display Frame 7
682.6215 	EXP 	Display Frame 8
682.6548 	EXP 	Display Frame 9
682.6881 	EXP 	Display Frame 0
682.7215 	EXP 	Display Frame 1
682.7548 	EXP 	Display Frame 2
682.7881 	EXP 	Display Frame 3
682.8214 	EXP 	Display Frame 4
682.8548 	EXP 	Display Frame 5
682.8881 	EXP 	Display Frame 6
682.9215 	EXP 	Display Frame 7
682.9548 	EXP 	Display Frame 8
682.9881 	EXP 	Display Frame 9
683.0215 	EXP 	Display Frame 0
683.0547 	EXP 	Display Frame 1
683.0881 	EXP 	Display Frame 2
683.1214 	EXP 	Display Frame 3
683.1548 	EXP 	Display Frame 4
683.1881 	EXP 	Display Frame 5
683.2215 	EXP 	Display Frame 6
683.2548 	EXP 	Display Frame 7
683.2881 	EXP 	Display Frame 8
683.3215 	EXP 	Display Frame 9
683.3548 	EXP 	Display Frame 0
683.3881 	EXP 	Display Frame 1
683.4214 	EXP 	Display Frame 2
683.4548 	EXP 	Display Frame 3
683.4881 	EXP 	Display Frame 4
683.5215 	EXP 	Display Frame 5
683.5548 	EXP 	Display Frame 6
683.5881 	EXP 	Display Frame 7
683.6214 	EXP 	Display Frame 8
683.6548 	EXP 	Display Frame 9
683.6881 	EXP 	Display Frame 0
683.7214 	EXP 	Display Frame 1
683.7548 	EXP 	Display Frame 2
683.7881 	EXP 	Display Frame 3
683.8215 	EXP 	Display Frame 4
683.8548 	EXP 	Display Frame 5
683.8881 	EXP 	Display Frame 6
683.9214 	EXP 	Display Frame 7
683.9548 	EXP 	Display Frame 8
683.9882 	EXP 	Display Frame 9
684.0215 	EXP 	Display Frame 0
684.0547 	EXP 	Display Frame 1
684.0881 	EXP 	Display Frame 2
684.1214 	EXP 	Display Frame 3
684.1548 	EXP 	Display Frame 4
684.1881 	EXP 	Display Frame 5
684.2214 	EXP 	Display Frame 6
684.2548 	EXP 	Display Frame 7
684.2881 	EXP 	Display Frame 8
684.3215 	EXP 	Display Frame 9
684.3548 	EXP 	Display Frame 0
684.3881 	EXP 	Display Frame 1
684.4214 	EXP 	Display Frame 2
684.4548 	EXP 	Display Frame 3
684.4881 	EXP 	Display Frame 4
684.5214 	EXP 	Display Frame 5
684.5548 	EXP 	Display Frame 6
684.5881 	EXP 	Display Frame 7
684.6216 	DATA 	Keypress: equal
684.6226 	EXP 	Display Frame 8
684.6548 	EXP 	Display Frame 9
684.6881 	EXP 	Display Frame 0
684.7215 	EXP 	Display Frame 1
684.7548 	EXP 	Display Frame 2
684.7881 	EXP 	Display Frame 3
684.8214 	EXP 	Display Frame 4
684.8549 	EXP 	Display Frame 5
684.8881 	EXP 	Display Frame 6
684.9215 	EXP 	Display Frame 7
684.9548 	EXP 	Display Frame 8
684.9881 	EXP 	Display Frame 9
685.0215 	EXP 	Display Frame 0
685.0547 	EXP 	Display Frame 1
685.0881 	EXP 	Display Frame 2
685.1215 	EXP 	Display Frame 3
685.1548 	EXP 	Display Frame 4
685.1881 	EXP 	Display Frame 5
685.2214 	EXP 	Display Frame 6
685.2548 	EXP 	Display Frame 7
685.2881 	EXP 	Display Frame 8
685.3215 	EXP 	Display Frame 9
685.3548 	EXP 	Display Frame 0
685.3881 	EXP 	Display Frame 1
685.4215 	EXP 	Display Frame 2
685.4548 	EXP 	Display Frame 3
685.4881 	EXP 	Display Frame 4
685.5214 	EXP 	Display Frame 5
685.5548 	EXP 	Display Frame 6
685.5881 	EXP 	Display Frame 7
685.6215 	EXP 	Display Frame 8
685.6548 	EXP 	Display Frame 9
685.6881 	EXP 	Display Frame 0
685.7215 	EXP 	Display Frame 1
685.7548 	EXP 	Display Frame 2
685.7881 	EXP 	Display Frame 3
685.8214 	EXP 	Display Frame 4
685.8548 	EXP 	Display Frame 5
685.8881 	EXP 	Display Frame 6
685.9214 	EXP 	Display Frame 7
685.9548 	EXP 	Display Frame 8
685.9881 	EXP 	Display Frame 9
686.0215 	EXP 	Display Frame 0
686.0547 	EXP 	Display Frame 1
686.0881 	EXP 	Display Frame 2
686.1214 	EXP 	Display Frame 3
686.1548 	EXP 	Display Frame 4
686.1881 	EXP 	Display Frame 5
686.2214 	EXP 	Display Frame 6
686.2548 	EXP 	Display Frame 7
686.2881 	EXP 	Display Frame 8
686.3215 	EXP 	Display Frame 9
686.3548 	EXP 	Display Frame 0
686.3881 	EXP 	Display Frame 1
686.4214 	EXP 	Display Frame 2
686.4548 	EXP 	Display Frame 3
686.4881 	EXP 	Display Frame 4
686.5214 	EXP 	Display Frame 5
686.5548 	EXP 	Display Frame 6
686.5881 	EXP 	Display Frame 7
686.6215 	EXP 	Display Frame 8
686.6548 	EXP 	Display Frame 9
686.6881 	EXP 	Display Frame 0
686.7215 	EXP 	Display Frame 1
686.7548 	EXP 	Display Frame 2
686.7881 	EXP 	Display Frame 3
686.8214 	EXP 	Display Frame 4
686.8548 	EXP 	Display Frame 5
686.8881 	EXP 	Display Frame 6
686.9215 	EXP 	Display Frame 7
686.9588 	EXP 	Display Frame 8
686.9882 	EXP 	Display Frame 9
687.0214 	EXP 	Display Frame 0
687.0547 	EXP 	Display Frame 1
687.0881 	EXP 	Display Frame 2
687.1214 	EXP 	Display Frame 3
687.1548 	EXP 	Display Frame 4
687.1887 	EXP 	Display Frame 5
687.2215 	EXP 	Display Frame 6
687.2548 	EXP 	Display Frame 7
687.2881 	EXP 	Display Frame 8
687.3214 	EXP 	Display Frame 9
687.3548 	EXP 	Display Frame 0
687.3881 	EXP 	Display Frame 1
687.4214 	EXP 	Display Frame 2
687.4548 	EXP 	Display Frame 3
687.4881 	EXP 	Display Frame 4
687.5215 	EXP 	Display Frame 5
687.5548 	EXP 	Display Frame 6
687.5881 	EXP 	Display Frame 7
687.6214 	EXP 	Display Frame 8
687.6548 	EXP 	Display Frame 9
687.6882 	EXP 	Display Frame 0
687.7214 	EXP 	Display Frame 1
687.7548 	EXP 	Display Frame 2
687.7881 	EXP 	Display Frame 3
687.8215 	EXP 	Display Frame 4
687.8548 	EXP 	Display Frame 5
687.8881 	EXP 	Display Frame 6
687.9214 	EXP 	Display Frame 7
687.9548 	EXP 	Display Frame 8
687.9881 	EXP 	Display Frame 9
688.0214 	EXP 	Display Frame 0
688.0547 	EXP 	Display Frame 1
688.0881 	EXP 	Display Frame 2
688.1214 	EXP 	Display Frame 3
688.1548 	EXP 	Display Frame 4
688.1881 	EXP 	Display Frame 5
688.2214 	EXP 	Display Frame 6
688.2548 	EXP 	Display Frame 7
688.2881 	EXP 	Display Frame 8
688.3215 	EXP 	Display Frame 9
688.3548 	EXP 	Display Frame 0
688.3881 	EXP 	Display Frame 1
688.4215 	EXP 	Display Frame 2
688.4548 	EXP 	Display Frame 3
688.4881 	EXP 	Display Frame 4
688.5215 	EXP 	Display Frame 5
688.5548 	EXP 	Display Frame 6
688.5881 	EXP 	Display Frame 7
688.6215 	EXP 	Display Frame 8
688.6548 	EXP 	Display Frame 9
688.6881 	EXP 	Display Frame 0
688.7215 	EXP 	Display Frame 1
688.7548 	EXP 	Display Frame 2
688.7881 	EXP 	Display Frame 3
688.8214 	EXP 	Display Frame 4
688.8548 	EXP 	Display Frame 5
688.8881 	EXP 	Display Frame 6
688.9214 	EXP 	Display Frame 7
688.9548 	EXP 	Display Frame 8
688.9881 	EXP 	Display Frame 9
689.0215 	EXP 	Display Frame 0
689.0547 	EXP 	Display Frame 1
689.0881 	EXP 	Display Frame 2
689.1214 	EXP 	Display Frame 3
689.1548 	EXP 	Display Frame 4
689.1881 	EXP 	Display Frame 5
689.2214 	EXP 	Display Frame 6
689.2548 	EXP 	Display Frame 7
689.2881 	EXP 	Display Frame 8
689.3215 	EXP 	Display Frame 9
689.3548 	EXP 	Display Frame 0
689.3881 	EXP 	Display Frame 1
689.4215 	EXP 	Display Frame 2
689.4548 	EXP 	Display Frame 3
689.4881 	EXP 	Display Frame 4
689.5214 	EXP 	Display Frame 5
689.5548 	EXP 	Display Frame 6
689.5881 	EXP 	Display Frame 7
689.6215 	EXP 	Display Frame 8
689.6548 	EXP 	Display Frame 9
689.6881 	EXP 	Display Frame 0
689.7214 	EXP 	Display Frame 1
689.7548 	EXP 	Display Frame 2
689.7881 	EXP 	Display Frame 3
689.8216 	DATA 	Keypress: equal
689.8227 	EXP 	Display Frame 4
689.8548 	EXP 	Display Frame 5
689.8881 	EXP 	Display Frame 6
689.9214 	EXP 	Display Frame 7
689.9548 	EXP 	Display Frame 8
689.9881 	EXP 	Display Frame 9
690.0215 	EXP 	Display Frame 0
690.0547 	EXP 	Display Frame 1
690.0881 	EXP 	Display Frame 2
690.1214 	EXP 	Display Frame 3
690.1548 	EXP 	Display Frame 4
690.1881 	EXP 	Display Frame 5
690.2215 	EXP 	Display Frame 6
690.2548 	EXP 	Display Frame 7
690.2881 	EXP 	Display Frame 8
690.3215 	EXP 	Display Frame 9
690.3548 	EXP 	Display Frame 0
690.3881 	EXP 	Display Frame 1
690.4214 	EXP 	Display Frame 2
690.4548 	EXP 	Display Frame 3
690.4881 	EXP 	Display Frame 4
690.5215 	EXP 	Display Frame 5
690.5548 	EXP 	Display Frame 6
690.5881 	EXP 	Display Frame 7
690.6215 	EXP 	Display Frame 8
690.6548 	EXP 	Display Frame 9
690.6881 	EXP 	Display Frame 0
690.7214 	EXP 	Display Frame 1
690.7548 	EXP 	Display Frame 2
690.7881 	EXP 	Display Frame 3
690.8214 	EXP 	Display Frame 4
690.8548 	EXP 	Display Frame 5
690.8881 	EXP 	Display Frame 6
690.9214 	EXP 	Display Frame 7
690.9548 	EXP 	Display Frame 8
690.9881 	EXP 	Display Frame 9
691.0214 	EXP 	Display Frame 0
691.0547 	EXP 	Display Frame 1
691.0881 	EXP 	Display Frame 2
691.1214 	EXP 	Display Frame 3
691.1548 	EXP 	Display Frame 4
691.1881 	EXP 	Display Frame 5
691.2217 	EXP 	Display Frame 6
691.2548 	EXP 	Display Frame 7
691.2881 	EXP 	Display Frame 8
691.3215 	EXP 	Display Frame 9
691.3548 	EXP 	Display Frame 0
691.3881 	EXP 	Display Frame 1
691.4215 	EXP 	Display Frame 2
691.4548 	EXP 	Display Frame 3
691.4881 	EXP 	Display Frame 4
691.5215 	EXP 	Display Frame 5
691.5548 	EXP 	Display Frame 6
691.5881 	EXP 	Display Frame 7
691.6214 	EXP 	Display Frame 8
691.6548 	EXP 	Display Frame 9
691.6882 	EXP 	Display Frame 0
691.7214 	EXP 	Display Frame 1
691.7548 	EXP 	Display Frame 2
691.7881 	EXP 	Display Frame 3
691.8215 	EXP 	Display Frame 4
691.8548 	EXP 	Display Frame 5
691.8881 	EXP 	Display Frame 6
691.9214 	EXP 	Display Frame 7
691.9548 	EXP 	Display Frame 8
691.9881 	EXP 	Display Frame 9
692.0215 	EXP 	Display Frame 0
692.0547 	EXP 	Display Frame 1
692.0881 	EXP 	Display Frame 2
692.1214 	EXP 	Display Frame 3
692.1548 	EXP 	Display Frame 4
692.1881 	EXP 	Display Frame 5
692.2214 	EXP 	Display Frame 6
692.2549 	EXP 	Display Frame 7
692.2926 	EXP 	Display Frame 8
692.3215 	EXP 	Display Frame 9
692.3548 	EXP 	Display Frame 0
692.3881 	EXP 	Display Frame 1
692.4214 	EXP 	Display Frame 2
692.4548 	EXP 	Display Frame 3
692.4881 	EXP 	Display Frame 4
692.5215 	EXP 	Display Frame 5
692.5548 	EXP 	Display Frame 6
692.5881 	EXP 	Display Frame 7
692.6215 	EXP 	Display Frame 8
692.6548 	EXP 	Display Frame 9
692.6881 	EXP 	Display Frame 0
692.7214 	EXP 	Display Frame 1
692.7548 	EXP 	Display Frame 2
692.7881 	EXP 	Display Frame 3
692.8215 	EXP 	Display Frame 4
692.8548 	EXP 	Display Frame 5
692.8881 	EXP 	Display Frame 6
692.9214 	EXP 	Display Frame 7
692.9548 	EXP 	Display Frame 8
692.9881 	EXP 	Display Frame 9
693.0215 	EXP 	Display Frame 0
693.0547 	EXP 	Display Frame 1
693.0881 	EXP 	Display Frame 2
693.1214 	EXP 	Display Frame 3
693.1548 	EXP 	Display Frame 4
693.1881 	EXP 	Display Frame 5
693.2214 	EXP 	Display Frame 6
693.2548 	EXP 	Display Frame 7
693.2881 	EXP 	Display Frame 8
693.3215 	EXP 	Display Frame 9
693.3548 	EXP 	Display Frame 0
693.3881 	EXP 	Display Frame 1
693.4215 	EXP 	Display Frame 2
693.4548 	EXP 	Display Frame 3
693.4881 	EXP 	Display Frame 4
693.5215 	EXP 	Display Frame 5
693.5548 	EXP 	Display Frame 6
693.5881 	EXP 	Display Frame 7
693.6214 	EXP 	Display Frame 8
693.6548 	EXP 	Display Frame 9
693.6881 	EXP 	Display Frame 0
693.7214 	EXP 	Display Frame 1
693.7548 	EXP 	Display Frame 2
693.7881 	EXP 	Display Frame 3
693.8215 	EXP 	Display Frame 4
693.8548 	EXP 	Display Frame 5
693.8881 	EXP 	Display Frame 6
693.9214 	EXP 	Display Frame 7
693.9548 	EXP 	Display Frame 8
693.9881 	EXP 	Display Frame 9
694.0215 	EXP 	Display Frame 0
694.0547 	EXP 	Display Frame 1
694.0881 	EXP 	Display Frame 2
694.1215 	EXP 	Display Frame 3
694.1548 	EXP 	Display Frame 4
694.1881 	EXP 	Display Frame 5
694.2220 	EXP 	Display Frame 6
694.2548 	EXP 	Display Frame 7
694.2881 	EXP 	Display Frame 8
694.3215 	EXP 	Display Frame 9
694.3548 	EXP 	Display Frame 0
694.3881 	EXP 	Display Frame 1
694.4215 	EXP 	Display Frame 2
694.4548 	EXP 	Display Frame 3
694.4881 	EXP 	Display Frame 4
694.5215 	EXP 	Display Frame 5
694.5548 	EXP 	Display Frame 6
694.5881 	EXP 	Display Frame 7
694.6215 	EXP 	Display Frame 8
694.6548 	EXP 	Display Frame 9
694.6881 	EXP 	Display Frame 0
694.7215 	EXP 	Display Frame 1
694.7548 	EXP 	Display Frame 2
694.7881 	EXP 	Display Frame 3
694.8214 	EXP 	Display Frame 4
694.8548 	EXP 	Display Frame 5
694.8881 	EXP 	Display Frame 6
694.9215 	EXP 	Display Frame 7
694.9548 	EXP 	Display Frame 8
694.9882 	EXP 	Display Frame 9
694.9889 	DATA 	Keypress: equal
695.0215 	EXP 	Display Frame 0
695.0547 	EXP 	Display Frame 1
695.0881 	EXP 	Display Frame 2
695.1214 	EXP 	Display Frame 3
695.1548 	EXP 	Display Frame 4
695.1881 	EXP 	Display Frame 5
695.2215 	EXP 	Display Frame 6
695.2548 	EXP 	Display Frame 7
695.2881 	EXP 	Display Frame 8
695.3215 	EXP 	Display Frame 9
695.3548 	EXP 	Display Frame 0
695.3881 	EXP 	Display Frame 1
695.4214 	EXP 	Display Frame 2
695.4548 	EXP 	Display Frame 3
695.4881 	EXP 	Display Frame 4
695.5215 	EXP 	Display Frame 5
695.5548 	EXP 	Display Frame 6
695.5881 	EXP 	Display Frame 7
695.6215 	EXP 	Display Frame 8
695.6548 	EXP 	Display Frame 9
695.6881 	EXP 	Display Frame 0
695.7215 	EXP 	Display Frame 1
695.7548 	EXP 	Display Frame 2
695.7881 	EXP 	Display Frame 3
695.8215 	EXP 	Display Frame 4
695.8548 	EXP 	Display Frame 5
695.8881 	EXP 	Display Frame 6
695.9215 	EXP 	Display Frame 7
695.9548 	EXP 	Display Frame 8
695.9882 	EXP 	Display Frame 9
696.0215 	EXP 	Display Frame 0
696.0547 	EXP 	Display Frame 1
696.0881 	EXP 	Display Frame 2
696.1214 	EXP 	Display Frame 3
696.1548 	EXP 	Display Frame 4
696.1881 	EXP 	Display Frame 5
696.2215 	EXP 	Display Frame 6
696.2548 	EXP 	Display Frame 7
696.2881 	EXP 	Display Frame 8
696.3214 	EXP 	Display Frame 9
696.3548 	EXP 	Display Frame 0
696.3881 	EXP 	Display Frame 1
696.4214 	EXP 	Display Frame 2
696.4548 	EXP 	Display Frame 3
696.4881 	EXP 	Display Frame 4
696.5214 	EXP 	Display Frame 5
696.5548 	EXP 	Display Frame 6
696.5881 	EXP 	Display Frame 7
696.6214 	EXP 	Display Frame 8
696.6548 	EXP 	Display Frame 9
696.6882 	EXP 	Display Frame 0
696.7215 	EXP 	Display Frame 1
696.7548 	EXP 	Display Frame 2
696.7881 	EXP 	Display Frame 3
696.8215 	EXP 	Display Frame 4
696.8548 	EXP 	Display Frame 5
696.8881 	EXP 	Display Frame 6
696.9214 	EXP 	Display Frame 7
696.9548 	EXP 	Display Frame 8
696.9979 	EXP 	Display Frame 9
697.0214 	EXP 	Display Frame 0
697.0547 	EXP 	Display Frame 1
697.0881 	EXP 	Display Frame 2
697.1215 	EXP 	Display Frame 3
697.1548 	EXP 	Display Frame 4
697.1881 	EXP 	Display Frame 5
697.2215 	EXP 	Display Frame 6
697.2548 	EXP 	Display Frame 7
697.2881 	EXP 	Display Frame 8
697.3214 	EXP 	Display Frame 9
697.3548 	EXP 	Display Frame 0
697.3881 	EXP 	Display Frame 1
697.4215 	EXP 	Display Frame 2
697.4548 	EXP 	Display Frame 3
697.4881 	EXP 	Display Frame 4
697.5214 	EXP 	Display Frame 5
697.5549 	EXP 	Display Frame 6
697.5882 	EXP 	Display Frame 7
697.6261 	EXP 	Display Frame 8
697.6548 	EXP 	Display Frame 9
697.6882 	EXP 	Display Frame 0
697.7215 	EXP 	Display Frame 1
697.7548 	EXP 	Display Frame 2
697.7881 	EXP 	Display Frame 3
697.8214 	EXP 	Display Frame 4
697.8548 	EXP 	Display Frame 5
697.8881 	EXP 	Display Frame 6
697.9215 	EXP 	Display Frame 7
697.9548 	EXP 	Display Frame 8
697.9881 	EXP 	Display Frame 9
698.0214 	EXP 	Display Frame 0
698.0547 	EXP 	Display Frame 1
698.0881 	EXP 	Display Frame 2
698.1214 	EXP 	Display Frame 3
698.1548 	EXP 	Display Frame 4
698.1881 	EXP 	Display Frame 5
698.2215 	EXP 	Display Frame 6
698.2548 	EXP 	Display Frame 7
698.2881 	EXP 	Display Frame 8
698.3214 	EXP 	Display Frame 9
698.3548 	EXP 	Display Frame 0
698.3881 	EXP 	Display Frame 1
698.4215 	EXP 	Display Frame 2
698.4548 	EXP 	Display Frame 3
698.4881 	EXP 	Display Frame 4
698.5215 	EXP 	Display Frame 5
698.5548 	EXP 	Display Frame 6
698.5881 	EXP 	Display Frame 7
698.6214 	EXP 	Display Frame 8
698.6548 	EXP 	Display Frame 9
698.6881 	EXP 	Display Frame 0
698.7214 	EXP 	Display Frame 1
698.7548 	EXP 	Display Frame 2
698.7881 	EXP 	Display Frame 3
698.8214 	EXP 	Display Frame 4
698.8548 	EXP 	Display Frame 5
698.8881 	EXP 	Display Frame 6
698.9214 	EXP 	Display Frame 7
698.9548 	EXP 	Display Frame 8
698.9881 	EXP 	Display Frame 9
699.0214 	EXP 	Display Frame 0
699.0547 	EXP 	Display Frame 1
699.0881 	EXP 	Display Frame 2
699.1215 	EXP 	Display Frame 3
699.1547 	EXP 	Display Frame 4
699.1881 	EXP 	Display Frame 5
699.2215 	EXP 	Display Frame 6
699.2548 	EXP 	Display Frame 7
699.2881 	EXP 	Display Frame 8
699.3214 	EXP 	Display Frame 9
699.3548 	EXP 	Display Frame 0
699.3881 	EXP 	Display Frame 1
699.4214 	EXP 	Display Frame 2
699.4548 	EXP 	Display Frame 3
699.4881 	EXP 	Display Frame 4
699.5214 	EXP 	Display Frame 5
699.5548 	EXP 	Display Frame 6
699.5881 	EXP 	Display Frame 7
699.6215 	EXP 	Display Frame 8
699.6548 	EXP 	Display Frame 9
699.6881 	EXP 	Display Frame 0
699.7214 	EXP 	Display Frame 1
699.7548 	EXP 	Display Frame 2
699.7881 	EXP 	Display Frame 3
699.8214 	EXP 	Display Frame 4
699.8548 	EXP 	Display Frame 5
699.8881 	EXP 	Display Frame 6
699.9215 	EXP 	Display Frame 7
699.9548 	EXP 	Display Frame 8
699.9881 	EXP 	Display Frame 9
700.0215 	EXP 	Display Frame 0
700.0547 	EXP 	Display Frame 1
700.0881 	EXP 	Display Frame 2
700.1215 	EXP 	Display Frame 3
700.1548 	EXP 	Display Frame 4
700.1882 	DATA 	Keypress: equal
700.1893 	EXP 	Display Frame 5
700.2041 	EXP 	Display Fixation
705.3757 	DATA 	Keypress: equal
710.5698 	DATA 	Keypress: equal
715.7629 	DATA 	Keypress: equal
720.9568 	DATA 	Keypress: equal
726.1508 	DATA 	Keypress: equal
731.3439 	DATA 	Keypress: equal
731.3783 	EXP 	Display Frame 1
731.4116 	EXP 	Display Frame 2
731.4449 	EXP 	Display Frame 3
731.4782 	EXP 	Display Frame 4
731.5116 	EXP 	Display Frame 5
731.5450 	EXP 	Display Frame 6
731.5782 	EXP 	Display Frame 7
731.6116 	EXP 	Display Frame 8
731.6449 	EXP 	Display Frame 9
731.6782 	EXP 	Display Frame 0
731.7116 	EXP 	Display Frame 1
731.7449 	EXP 	Display Frame 2
731.7782 	EXP 	Display Frame 3
731.8115 	EXP 	Display Frame 4
731.8449 	EXP 	Display Frame 5
731.8782 	EXP 	Display Frame 6
731.9116 	EXP 	Display Frame 7
731.9449 	EXP 	Display Frame 8
731.9782 	EXP 	Display Frame 9
732.0116 	EXP 	Display Frame 0
732.0449 	EXP 	Display Frame 1
732.0782 	EXP 	Display Frame 2
732.1117 	EXP 	Display Frame 3
732.1449 	EXP 	Display Frame 4
732.1783 	EXP 	Display Frame 5
732.2116 	EXP 	Display Frame 6
732.2449 	EXP 	Display Frame 7
732.2782 	EXP 	Display Frame 8
732.3116 	EXP 	Display Frame 9
732.3449 	EXP 	Display Frame 0
732.3782 	EXP 	Display Frame 1
732.4116 	EXP 	Display Frame 2
732.4449 	EXP 	Display Frame 3
732.4782 	EXP 	Display Frame 4
732.5115 	EXP 	Display Frame 5
732.5449 	EXP 	Display Frame 6
732.5783 	EXP 	Display Frame 7
732.6116 	EXP 	Display Frame 8
732.6449 	EXP 	Display Frame 9
732.6782 	EXP 	Display Frame 0
732.7116 	EXP 	Display Frame 1
732.7449 	EXP 	Display Frame 2
732.7782 	EXP 	Display Frame 3
732.8115 	EXP 	Display Frame 4
732.8449 	EXP 	Display Frame 5
732.8782 	EXP 	Display Frame 6
732.9115 	EXP 	Display Frame 7
732.9449 	EXP 	Display Frame 8
732.9782 	EXP 	Display Frame 9
733.0116 	EXP 	Display Frame 0
733.0449 	EXP 	Display Frame 1
733.0782 	EXP 	Display Frame 2
733.1116 	EXP 	Display Frame 3
733.1449 	EXP 	Display Frame 4
733.1782 	EXP 	Display Frame 5
733.2116 	EXP 	Display Frame 6
733.2449 	EXP 	Display Frame 7
733.2782 	EXP 	Display Frame 8
733.3116 	EXP 	Display Frame 9
733.3449 	EXP 	Display Frame 0
733.3782 	EXP 	Display Frame 1
733.4116 	EXP 	Display Frame 2
733.4449 	EXP 	Display Frame 3
733.4782 	EXP 	Display Frame 4
733.5115 	EXP 	Display Frame 5
733.5449 	EXP 	Display Frame 6
733.5782 	EXP 	Display Frame 7
733.6116 	EXP 	Display Frame 8
733.6449 	EXP 	Display Frame 9
733.6782 	EXP 	Display Frame 0
733.7116 	EXP 	Display Frame 1
733.7449 	EXP 	Display Frame 2
733.7782 	EXP 	Display Frame 3
733.8116 	EXP 	Display Frame 4
733.8449 	EXP 	Display Frame 5
733.8782 	EXP 	Display Frame 6
733.9116 	EXP 	Display Frame 7
733.9449 	EXP 	Display Frame 8
733.9782 	EXP 	Display Frame 9
734.0115 	EXP 	Display Frame 0
734.0449 	EXP 	Display Frame 1
734.0782 	EXP 	Display Frame 2
734.1116 	EXP 	Display Frame 3
734.1449 	EXP 	Display Frame 4
734.1782 	EXP 	Display Frame 5
734.2116 	EXP 	Display Frame 6
734.2449 	EXP 	Display Frame 7
734.2782 	EXP 	Display Frame 8
734.3115 	EXP 	Display Frame 9
734.3449 	EXP 	Display Frame 0
734.3781 	EXP 	Display Frame 1
734.4116 	EXP 	Display Frame 2
734.4449 	EXP 	Display Frame 3
734.4782 	EXP 	Display Frame 4
734.5116 	EXP 	Display Frame 5
734.5449 	EXP 	Display Frame 6
734.5782 	EXP 	Display Frame 7
734.6115 	EXP 	Display Frame 8
734.6449 	EXP 	Display Frame 9
734.6782 	EXP 	Display Frame 0
734.7116 	EXP 	Display Frame 1
734.7449 	EXP 	Display Frame 2
734.7782 	EXP 	Display Frame 3
734.8116 	EXP 	Display Frame 4
734.8449 	EXP 	Display Frame 5
734.8782 	EXP 	Display Frame 6
734.9117 	EXP 	Display Frame 7
734.9449 	EXP 	Display Frame 8
734.9782 	EXP 	Display Frame 9
735.0115 	EXP 	Display Frame 0
735.0451 	EXP 	Display Frame 1
735.0782 	EXP 	Display Frame 2
735.1116 	EXP 	Display Frame 3
735.1449 	EXP 	Display Frame 4
735.1782 	EXP 	Display Frame 5
735.2116 	EXP 	Display Frame 6
735.2449 	EXP 	Display Frame 7
735.2783 	EXP 	Display Frame 8
735.3115 	EXP 	Display Frame 9
735.3449 	EXP 	Display Frame 0
735.3782 	EXP 	Display Frame 1
735.4116 	EXP 	Display Frame 2
735.4449 	EXP 	Display Frame 3
735.4782 	EXP 	Display Frame 4
735.5115 	EXP 	Display Frame 5
735.5449 	EXP 	Display Frame 6
735.5782 	EXP 	Display Frame 7
735.6115 	EXP 	Display Frame 8
735.6449 	EXP 	Display Frame 9
735.6782 	EXP 	Display Frame 0
735.7116 	EXP 	Display Frame 1
735.7449 	EXP 	Display Frame 2
735.7782 	EXP 	Display Frame 3
735.8115 	EXP 	Display Frame 4
735.8449 	EXP 	Display Frame 5
735.8782 	EXP 	Display Frame 6
735.9116 	EXP 	Display Frame 7
735.9449 	EXP 	Display Frame 8
735.9782 	EXP 	Display Frame 9
736.0116 	EXP 	Display Frame 0
736.0449 	EXP 	Display Frame 1
736.0782 	EXP 	Display Frame 2
736.1116 	EXP 	Display Frame 3
736.1449 	EXP 	Display Frame 4
736.1831 	EXP 	Display Frame 5
736.2115 	EXP 	Display Frame 6
736.2449 	EXP 	Display Frame 7
736.2782 	EXP 	Display Frame 8
736.3115 	EXP 	Display Frame 9
736.3449 	EXP 	Display Frame 0
736.3782 	EXP 	Display Frame 1
736.4115 	EXP 	Display Frame 2
736.4449 	EXP 	Display Frame 3
736.4782 	EXP 	Display Frame 4
736.5115 	EXP 	Display Frame 5
736.5450 	DATA 	Keypress: equal
736.5461 	EXP 	Display Frame 6
736.5782 	EXP 	Display Frame 7
736.6116 	EXP 	Display Frame 8
736.6449 	EXP 	Display Frame 9
736.6782 	EXP 	Display Frame 0
736.7130 	EXP 	Display Frame 1
736.7449 	EXP 	Display Frame 2
736.7782 	EXP 	Display Frame 3
736.8115 	EXP 	Display Frame 4
736.8449 	EXP 	Display Frame 5
736.8782 	EXP 	Display Frame 6
736.9116 	EXP 	Display Frame 7
736.9449 	EXP 	Display Frame 8
736.9782 	EXP 	Display Frame 9
737.0115 	EXP 	Display Frame 0
737.0449 	EXP 	Display Frame 1
737.0782 	EXP 	Display Frame 2
737.1116 	EXP 	Display Frame 3
737.1449 	EXP 	Display Frame 4
737.1782 	EXP 	Display Frame 5
737.2116 	EXP 	Display Frame 6
737.2449 	EXP 	Display Frame 7
737.2782 	EXP 	Display Frame 8
737.3115 	EXP 	Display Frame 9
737.3449 	EXP 	Display Frame 0
737.3782 	EXP 	Display Frame 1
737.4116 	EXP 	Display Frame 2
737.4449 	EXP 	Display Frame 3
737.4782 	EXP 	Display Frame 4
737.5115 	EXP 	Display Frame 5
737.5449 	EXP 	Display Frame 6
737.5782 	EXP 	Display Frame 7
737.6115 	EXP 	Display Frame 8
737.6449 	EXP 	Display Frame 9
737.6782 	EXP 	Display Frame 0
737.7116 	EXP 	Display Frame 1
737.7449 	EXP 	Display Frame 2
737.7782 	EXP 	Display Frame 3
737.8115 	EXP 	Display Frame 4
737.8449 	EXP 	Display Frame 5
737.8782 	EXP 	Display Frame 6
737.9115 	EXP 	Display Frame 7
737.9449 	EXP 	Display Frame 8
737.9782 	EXP 	Display Frame 9
738.0115 	EXP 	Display Frame 0
738.0449 	EXP 	Display Frame 1
738.0782 	EXP 	Display Frame 2
738.1116 	EXP 	Display Frame 3
738.1449 	EXP 	Display Frame 4
738.1782 	EXP 	Display Frame 5
738.2116 	EXP 	Display Frame 6
738.2449 	EXP 	Display Frame 7
738.2782 	EXP 	Display Frame 8
738.3116 	EXP 	Display Frame 9
738.3449 	EXP 	Display Frame 0
738.3782 	EXP 	Display Frame 1
738.4115 	EXP 	Display Frame 2
738.4449 	EXP 	Display Frame 3
738.4782 	EXP 	Display Frame 4
738.5115 	EXP 	Display Frame 5
738.5449 	EXP 	Display Frame 6
738.5782 	EXP 	Display Frame 7
738.6116 	EXP 	Display Frame 8
738.6449 	EXP 	Display Frame 9
738.6782 	EXP 	Display Frame 0
738.7116 	EXP 	Display Frame 1
738.7449 	EXP 	Display Frame 2
738.7782 	EXP 	Display Frame 3
738.8115 	EXP 	Display Frame 4
738.8449 	EXP 	Display Frame 5
738.8782 	EXP 	Display Frame 6
738.9116 	EXP 	Display Frame 7
738.9449 	EXP 	Display Frame 8
738.9782 	EXP 	Display Frame 9
739.0115 	EXP 	Display Frame 0
739.0449 	EXP 	Display Frame 1
739.0782 	EXP 	Display Frame 2
739.1116 	EXP 	Display Frame 3
739.1449 	EXP 	Display Frame 4
739.1782 	EXP 	Display Frame 5
739.2116 	EXP 	Display Frame 6
739.2449 	EXP 	Display Frame 7
739.2782 	EXP 	Display Frame 8
739.3115 	EXP 	Display Frame 9
739.3449 	EXP 	Display Frame 0
739.3781 	EXP 	Display Frame 1
739.4116 	EXP 	Display Frame 2
739.4449 	EXP 	Display Frame 3
739.4782 	EXP 	Display Frame 4
739.5115 	EXP 	Display Frame 5
739.5449 	EXP 	Display Frame 6
739.5782 	EXP 	Display Frame 7
739.6116 	EXP 	Display Frame 8
739.6449 	EXP 	Display Frame 9
739.6782 	EXP 	Display Frame 0
739.7116 	EXP 	Display Frame 1
739.7449 	EXP 	Display Frame 2
739.7782 	EXP 	Display Frame 3
739.8115 	EXP 	Display Frame 4
739.8449 	EXP 	Display Frame 5
739.8782 	EXP 	Display Frame 6
739.9116 	EXP 	Display Frame 7
739.9449 	EXP 	Display Frame 8
739.9782 	EXP 	Display Frame 9
740.0116 	EXP 	Display Frame 0
740.0449 	EXP 	Display Frame 1
740.0782 	EXP 	Display Frame 2
740.1116 	EXP 	Display Frame 3
740.1449 	EXP 	Display Frame 4
740.1782 	EXP 	Display Frame 5
740.2116 	EXP 	Display Frame 6
740.2450 	EXP 	Display Frame 7
740.2782 	EXP 	Display Frame 8
740.3116 	EXP 	Display Frame 9
740.3449 	EXP 	Display Frame 0
740.3782 	EXP 	Display Frame 1
740.4116 	EXP 	Display Frame 2
740.4449 	EXP 	Display Frame 3
740.4782 	EXP 	Display Frame 4
740.5116 	EXP 	Display Frame 5
740.5449 	EXP 	Display Frame 6
740.5782 	EXP 	Display Frame 7
740.6116 	EXP 	Display Frame 8
740.6449 	EXP 	Display Frame 9
740.6782 	EXP 	Display Frame 0
740.7116 	EXP 	Display Frame 1
740.7449 	EXP 	Display Frame 2
740.7782 	EXP 	Display Frame 3
740.8116 	EXP 	Display Frame 4
740.8450 	EXP 	Display Frame 5
740.8783 	EXP 	Display Frame 6
740.9116 	EXP 	Display Frame 7
740.9449 	EXP 	Display Frame 8
740.9782 	EXP 	Display Frame 9
741.0116 	EXP 	Display Frame 0
741.0449 	EXP 	Display Frame 1
741.0783 	EXP 	Display Frame 2
741.1115 	EXP 	Display Frame 3
741.1449 	EXP 	Display Frame 4
741.1782 	EXP 	Display Frame 5
741.2116 	EXP 	Display Frame 6
741.2449 	EXP 	Display Frame 7
741.2782 	EXP 	Display Frame 8
741.3115 	EXP 	Display Frame 9
741.3449 	EXP 	Display Frame 0
741.3782 	EXP 	Display Frame 1
741.4115 	EXP 	Display Frame 2
741.4449 	EXP 	Display Frame 3
741.4782 	EXP 	Display Frame 4
741.5116 	EXP 	Display Frame 5
741.5449 	EXP 	Display Frame 6
741.5783 	EXP 	Display Frame 7
741.6115 	EXP 	Display Frame 8
741.6449 	EXP 	Display Frame 9
741.6782 	EXP 	Display Frame 0
741.7116 	EXP 	Display Frame 1
741.7450 	DATA 	Keypress: equal
741.7460 	EXP 	Display Frame 2
741.7782 	EXP 	Display Frame 3
741.8116 	EXP 	Display Frame 4
741.8449 	EXP 	Display Frame 5
741.8782 	EXP 	Display Frame 6
741.9116 	EXP 	Display Frame 7
741.9449 	EXP 	Display Frame 8
741.9782 	EXP 	Display Frame 9
742.0115 	EXP 	Display Frame 0
742.0449 	EXP 	Display Frame 1
742.0782 	EXP 	Display Frame 2
742.1116 	EXP 	Display Frame 3
742.1449 	EXP 	Display Frame 4
742.1782 	EXP 	Display Frame 5
742.2115 	EXP 	Display Frame 6
742.2449 	EXP 	Display Frame 7
742.2782 	EXP 	Display Frame 8
742.3115 	EXP 	Display Frame 9
742.3449 	EXP 	Display Frame 0
742.3782 	EXP 	Display Frame 1
742.4116 	EXP 	Display Frame 2
742.4449 	EXP 	Display Frame 3
742.4782 	EXP 	Display Frame 4
742.5115 	EXP 	Display Frame 5
742.5449 	EXP 	Display Frame 6
742.5782 	EXP 	Display Frame 7
742.6116 	EXP 	Display Frame 8
742.6449 	EXP 	Display Frame 9
742.6782 	EXP 	Display Frame 0
742.7116 	EXP 	Display Frame 1
742.7449 	EXP 	Display Frame 2
742.7782 	EXP 	Display Frame 3
742.8115 	EXP 	Display Frame 4
742.8449 	EXP 	Display Frame 5
742.8782 	EXP 	Display Frame 6
742.9115 	EXP 	Display Frame 7
742.9449 	EXP 	Display Frame 8
742.9782 	EXP 	Display Frame 9
743.0115 	EXP 	Display Frame 0
743.0449 	EXP 	Display Frame 1
743.0782 	EXP 	Display Frame 2
743.1116 	EXP 	Display Frame 3
743.1449 	EXP 	Display Frame 4
743.1782 	EXP 	Display Frame 5
743.2116 	EXP 	Display Frame 6
743.2449 	EXP 	Display Frame 7
743.2782 	EXP 	Display Frame 8
743.3115 	EXP 	Display Frame 9
743.3449 	EXP 	Display Frame 0
743.3782 	EXP 	Display Frame 1
743.4115 	EXP 	Display Frame 2
743.4449 	EXP 	Display Frame 3
743.4782 	EXP 	Display Frame 4
743.5116 	EXP 	Display Frame 5
743.5449 	EXP 	Display Frame 6
743.5782 	EXP 	Display Frame 7
743.6115 	EXP 	Display Frame 8
743.6449 	EXP 	Display Frame 9
743.6782 	EXP 	Display Frame 0
743.7116 	EXP 	Display Frame 1
743.7449 	EXP 	Display Frame 2
743.7782 	EXP 	Display Frame 3
743.8116 	EXP 	Display Frame 4
743.8449 	EXP 	Display Frame 5
743.8782 	EXP 	Display Frame 6
743.9115 	EXP 	Display Frame 7
743.9449 	EXP 	Display Frame 8
743.9782 	EXP 	Display Frame 9
744.0115 	EXP 	Display Frame 0
744.0449 	EXP 	Display Frame 1
744.0782 	EXP 	Display Frame 2
744.1116 	EXP 	Display Frame 3
744.1449 	EXP 	Display Frame 4
744.1782 	EXP 	Display Frame 5
744.2115 	EXP 	Display Frame 6
744.2449 	EXP 	Display Frame 7
744.2782 	EXP 	Display Frame 8
744.3115 	EXP 	Display Frame 9
744.3449 	EXP 	Display Frame 0
744.3781 	EXP 	Display Frame 1
744.4116 	EXP 	Display Frame 2
744.4449 	EXP 	Display Frame 3
744.4782 	EXP 	Display Frame 4
744.5116 	EXP 	Display Frame 5
744.5449 	EXP 	Display Frame 6
744.5782 	EXP 	Display Frame 7
744.6116 	EXP 	Display Frame 8
744.6449 	EXP 	Display Frame 9
744.6782 	EXP 	Display Frame 0
744.7116 	EXP 	Display Frame 1
744.7449 	EXP 	Display Frame 2
744.7782 	EXP 	Display Frame 3
744.8116 	EXP 	Display Frame 4
744.8449 	EXP 	Display Frame 5
744.8782 	EXP 	Display Frame 6
744.9116 	EXP 	Display Frame 7
744.9449 	EXP 	Display Frame 8
744.9782 	EXP 	Display Frame 9
745.0116 	EXP 	Display Frame 0
745.0449 	EXP 	Display Frame 1
745.0782 	EXP 	Display Frame 2
745.1115 	EXP 	Display Frame 3
745.1449 	EXP 	Display Frame 4
745.1782 	EXP 	Display Frame 5
745.2116 	EXP 	Display Frame 6
745.2449 	EXP 	Display Frame 7
745.2782 	EXP 	Display Frame 8
745.3116 	EXP 	Display Frame 9
745.3449 	EXP 	Display Frame 0
745.3781 	EXP 	Display Frame 1
745.4116 	EXP 	Display Frame 2
745.4449 	EXP 	Display Frame 3
745.4782 	EXP 	Display Frame 4
745.5116 	EXP 	Display Frame 5
745.5449 	EXP 	Display Frame 6
745.5783 	EXP 	Display Frame 7
745.6116 	EXP 	Display Frame 8
745.6449 	EXP 	Display Frame 9
745.6782 	EXP 	Display Frame 0
745.7115 	EXP 	Display Frame 1
745.7449 	EXP 	Display Frame 2
745.7782 	EXP 	Display Frame 3
745.8115 	EXP 	Display Frame 4
745.8449 	EXP 	Display Frame 5
745.8782 	EXP 	Display Frame 6
745.9116 	EXP 	Display Frame 7
745.9449 	EXP 	Display Frame 8
745.9782 	EXP 	Display Frame 9
746.0116 	EXP 	Display Frame 0
746.0449 	EXP 	Display Frame 1
746.0782 	EXP 	Display Frame 2
746.1116 	EXP 	Display Frame 3
746.1449 	EXP 	Display Frame 4
746.1782 	EXP 	Display Frame 5
746.2116 	EXP 	Display Frame 6
746.2449 	EXP 	Display Frame 7
746.2782 	EXP 	Display Frame 8
746.3116 	EXP 	Display Frame 9
746.3449 	EXP 	Display Frame 0
746.3782 	EXP 	Display Frame 1
746.4116 	EXP 	Display Frame 2
746.4449 	EXP 	Display Frame 3
746.4782 	EXP 	Display Frame 4
746.5116 	EXP 	Display Frame 5
746.5449 	EXP 	Display Frame 6
746.5782 	EXP 	Display Frame 7
746.6116 	EXP 	Display Frame 8
746.6449 	EXP 	Display Frame 9
746.6782 	EXP 	Display Frame 0
746.7115 	EXP 	Display Frame 1
746.7449 	EXP 	Display Frame 2
746.7782 	EXP 	Display Frame 3
746.8115 	EXP 	Display Frame 4
746.8449 	EXP 	Display Frame 5
746.8782 	EXP 	Display Frame 6
746.9115 	EXP 	Display Frame 7
746.9450 	DATA 	Keypress: equal
746.9461 	EXP 	Display Frame 8
746.9782 	EXP 	Display Frame 9
747.0115 	EXP 	Display Frame 0
747.0449 	EXP 	Display Frame 1
747.0782 	EXP 	Display Frame 2
747.1115 	EXP 	Display Frame 3
747.1449 	EXP 	Display Frame 4
747.1784 	EXP 	Display Frame 5
747.2116 	EXP 	Display Frame 6
747.2449 	EXP 	Display Frame 7
747.2782 	EXP 	Display Frame 8
747.3115 	EXP 	Display Frame 9
747.3449 	EXP 	Display Frame 0
747.3782 	EXP 	Display Frame 1
747.4116 	EXP 	Display Frame 2
747.4449 	EXP 	Display Frame 3
747.4782 	EXP 	Display Frame 4
747.5116 	EXP 	Display Frame 5
747.5449 	EXP 	Display Frame 6
747.5782 	EXP 	Display Frame 7
747.6116 	EXP 	Display Frame 8
747.6449 	EXP 	Display Frame 9
747.6782 	EXP 	Display Frame 0
747.7116 	EXP 	Display Frame 1
747.7449 	EXP 	Display Frame 2
747.7782 	EXP 	Display Frame 3
747.8116 	EXP 	Display Frame 4
747.8449 	EXP 	Display Frame 5
747.8782 	EXP 	Display Frame 6
747.9115 	EXP 	Display Frame 7
747.9449 	EXP 	Display Frame 8
747.9782 	EXP 	Display Frame 9
748.0116 	EXP 	Display Frame 0
748.0449 	EXP 	Display Frame 1
748.0782 	EXP 	Display Frame 2
748.1115 	EXP 	Display Frame 3
748.1449 	EXP 	Display Frame 4
748.1784 	EXP 	Display Frame 5
748.2118 	EXP 	Display Frame 6
748.2451 	EXP 	Display Frame 7
748.2784 	EXP 	Display Frame 8
748.3118 	EXP 	Display Frame 9
748.3449 	EXP 	Display Frame 0
748.3782 	EXP 	Display Frame 1
748.4115 	EXP 	Display Frame 2
748.4449 	EXP 	Display Frame 3
748.4782 	EXP 	Display Frame 4
748.5116 	EXP 	Display Frame 5
748.5449 	EXP 	Display Frame 6
748.5782 	EXP 	Display Frame 7
748.6116 	EXP 	Display Frame 8
748.6449 	EXP 	Display Frame 9
748.6782 	EXP 	Display Frame 0
748.7115 	EXP 	Display Frame 1
748.7449 	EXP 	Display Frame 2
748.7782 	EXP 	Display Frame 3
748.8116 	EXP 	Display Frame 4
748.8449 	EXP 	Display Frame 5
748.8782 	EXP 	Display Frame 6
748.9115 	EXP 	Display Frame 7
748.9449 	EXP 	Display Frame 8
748.9782 	EXP 	Display Frame 9
749.0115 	EXP 	Display Frame 0
749.0449 	EXP 	Display Frame 1
749.0782 	EXP 	Display Frame 2
749.1115 	EXP 	Display Frame 3
749.1449 	EXP 	Display Frame 4
749.1782 	EXP 	Display Frame 5
749.2116 	EXP 	Display Frame 6
749.2448 	EXP 	Display Frame 7
749.2782 	EXP 	Display Frame 8
749.3115 	EXP 	Display Frame 9
749.3449 	EXP 	Display Frame 0
749.3782 	EXP 	Display Frame 1
749.4116 	EXP 	Display Frame 2
749.4449 	EXP 	Display Frame 3
749.4782 	EXP 	Display Frame 4
749.5115 	EXP 	Display Frame 5
749.5452 	EXP 	Display Frame 6
749.5782 	EXP 	Display Frame 7
749.6115 	EXP 	Display Frame 8
749.6449 	EXP 	Display Frame 9
749.6782 	EXP 	Display Frame 0
749.7115 	EXP 	Display Frame 1
749.7449 	EXP 	Display Frame 2
749.7782 	EXP 	Display Frame 3
749.8116 	EXP 	Display Frame 4
749.8449 	EXP 	Display Frame 5
749.8782 	EXP 	Display Frame 6
749.9115 	EXP 	Display Frame 7
749.9449 	EXP 	Display Frame 8
749.9782 	EXP 	Display Frame 9
750.0116 	EXP 	Display Frame 0
750.0449 	EXP 	Display Frame 1
750.0782 	EXP 	Display Frame 2
750.1115 	EXP 	Display Frame 3
750.1449 	EXP 	Display Frame 4
750.1782 	EXP 	Display Frame 5
750.2115 	EXP 	Display Frame 6
750.2449 	EXP 	Display Frame 7
750.2782 	EXP 	Display Frame 8
750.3116 	EXP 	Display Frame 9
750.3449 	EXP 	Display Frame 0
750.3782 	EXP 	Display Frame 1
750.4115 	EXP 	Display Frame 2
750.4449 	EXP 	Display Frame 3
750.4782 	EXP 	Display Frame 4
750.5116 	EXP 	Display Frame 5
750.5449 	EXP 	Display Frame 6
750.5782 	EXP 	Display Frame 7
750.6115 	EXP 	Display Frame 8
750.6449 	EXP 	Display Frame 9
750.6782 	EXP 	Display Frame 0
750.7116 	EXP 	Display Frame 1
750.7449 	EXP 	Display Frame 2
750.7782 	EXP 	Display Frame 3
750.8116 	EXP 	Display Frame 4
750.8449 	EXP 	Display Frame 5
750.8782 	EXP 	Display Frame 6
750.9117 	EXP 	Display Frame 7
750.9449 	EXP 	Display Frame 8
750.9782 	EXP 	Display Frame 9
751.0116 	EXP 	Display Frame 0
751.0449 	EXP 	Display Frame 1
751.0782 	EXP 	Display Frame 2
751.1116 	EXP 	Display Frame 3
751.1449 	EXP 	Display Frame 4
751.1782 	EXP 	Display Frame 5
751.2116 	EXP 	Display Frame 6
751.2449 	EXP 	Display Frame 7
751.2782 	EXP 	Display Frame 8
751.3116 	EXP 	Display Frame 9
751.3449 	EXP 	Display Frame 0
751.3782 	EXP 	Display Frame 1
751.4115 	EXP 	Display Frame 2
751.4449 	EXP 	Display Frame 3
751.4782 	EXP 	Display Frame 4
751.5116 	EXP 	Display Frame 5
751.5449 	EXP 	Display Frame 6
751.5782 	EXP 	Display Frame 7
751.6116 	EXP 	Display Frame 8
751.6449 	EXP 	Display Frame 9
751.6782 	EXP 	Display Frame 0
751.7115 	EXP 	Display Frame 1
751.7449 	EXP 	Display Frame 2
751.7782 	EXP 	Display Frame 3
751.8116 	EXP 	Display Frame 4
751.8449 	EXP 	Display Frame 5
751.8782 	EXP 	Display Frame 6
751.9115 	EXP 	Display Frame 7
751.9449 	EXP 	Display Frame 8
751.9783 	EXP 	Display Frame 9
752.0116 	EXP 	Display Frame 0
752.0449 	EXP 	Display Frame 1
752.0782 	EXP 	Display Frame 2
752.1115 	EXP 	Display Frame 3
752.1450 	DATA 	Keypress: equal
752.1460 	EXP 	Display Frame 4
752.1782 	EXP 	Display Frame 5
752.2116 	EXP 	Display Frame 6
752.2449 	EXP 	Display Frame 7
752.2782 	EXP 	Display Frame 8
752.3115 	EXP 	Display Frame 9
752.3449 	EXP 	Display Frame 0
752.3781 	EXP 	Display Frame 1
752.4115 	EXP 	Display Frame 2
752.4449 	EXP 	Display Frame 3
752.4782 	EXP 	Display Frame 4
752.5116 	EXP 	Display Frame 5
752.5449 	EXP 	Display Frame 6
752.5782 	EXP 	Display Frame 7
752.6115 	EXP 	Display Frame 8
752.6449 	EXP 	Display Frame 9
752.6782 	EXP 	Display Frame 0
752.7115 	EXP 	Display Frame 1
752.7449 	EXP 	Display Frame 2
752.7782 	EXP 	Display Frame 3
752.8116 	EXP 	Display Frame 4
752.8449 	EXP 	Display Frame 5
752.8782 	EXP 	Display Frame 6
752.9115 	EXP 	Display Frame 7
752.9451 	EXP 	Display Frame 8
752.9782 	EXP 	Display Frame 9
753.0116 	EXP 	Display Frame 0
753.0449 	EXP 	Display Frame 1
753.0782 	EXP 	Display Frame 2
753.1116 	EXP 	Display Frame 3
753.1449 	EXP 	Display Frame 4
753.1782 	EXP 	Display Frame 5
753.2116 	EXP 	Display Frame 6
753.2449 	EXP 	Display Frame 7
753.2782 	EXP 	Display Frame 8
753.3116 	EXP 	Display Frame 9
753.3449 	EXP 	Display Frame 0
753.3782 	EXP 	Display Frame 1
753.4115 	EXP 	Display Frame 2
753.4449 	EXP 	Display Frame 3
753.4783 	EXP 	Display Frame 4
753.5116 	EXP 	Display Frame 5
753.5449 	EXP 	Display Frame 6
753.5782 	EXP 	Display Frame 7
753.6116 	EXP 	Display Frame 8
753.6449 	EXP 	Display Frame 9
753.6782 	EXP 	Display Frame 0
753.7116 	EXP 	Display Frame 1
753.7449 	EXP 	Display Frame 2
753.7782 	EXP 	Display Frame 3
753.8116 	EXP 	Display Frame 4
753.8449 	EXP 	Display Frame 5
753.8782 	EXP 	Display Frame 6
753.9116 	EXP 	Display Frame 7
753.9449 	EXP 	Display Frame 8
753.9782 	EXP 	Display Frame 9
754.0116 	EXP 	Display Frame 0
754.0449 	EXP 	Display Frame 1
754.0782 	EXP 	Display Frame 2
754.1115 	EXP 	Display Frame 3
754.1449 	EXP 	Display Frame 4
754.1782 	EXP 	Display Frame 5
754.2116 	EXP 	Display Frame 6
754.2449 	EXP 	Display Frame 7
754.2782 	EXP 	Display Frame 8
754.3116 	EXP 	Display Frame 9
754.3449 	EXP 	Display Frame 0
754.3782 	EXP 	Display Frame 1
754.4115 	EXP 	Display Frame 2
754.4449 	EXP 	Display Frame 3
754.4782 	EXP 	Display Frame 4
754.5115 	EXP 	Display Frame 5
754.5449 	EXP 	Display Frame 6
754.5782 	EXP 	Display Frame 7
754.6116 	EXP 	Display Frame 8
754.6449 	EXP 	Display Frame 9
754.6782 	EXP 	Display Frame 0
754.7115 	EXP 	Display Frame 1
754.7449 	EXP 	Display Frame 2
754.7782 	EXP 	Display Frame 3
754.8116 	EXP 	Display Frame 4
754.8449 	EXP 	Display Frame 5
754.8782 	EXP 	Display Frame 6
754.9116 	EXP 	Display Frame 7
754.9449 	EXP 	Display Frame 8
754.9782 	EXP 	Display Frame 9
755.0115 	EXP 	Display Frame 0
755.0449 	EXP 	Display Frame 1
755.0782 	EXP 	Display Frame 2
755.1116 	EXP 	Display Frame 3
755.1449 	EXP 	Display Frame 4
755.1782 	EXP 	Display Frame 5
755.2116 	EXP 	Display Frame 6
755.2449 	EXP 	Display Frame 7
755.2782 	EXP 	Display Frame 8
755.3115 	EXP 	Display Frame 9
755.3449 	EXP 	Display Frame 0
755.3782 	EXP 	Display Frame 1
755.4116 	EXP 	Display Frame 2
755.4449 	EXP 	Display Frame 3
755.4782 	EXP 	Display Frame 4
755.5115 	EXP 	Display Frame 5
755.5449 	EXP 	Display Frame 6
755.5782 	EXP 	Display Frame 7
755.6115 	EXP 	Display Frame 8
755.6449 	EXP 	Display Frame 9
755.6782 	EXP 	Display Frame 0
755.7115 	EXP 	Display Frame 1
755.7449 	EXP 	Display Frame 2
755.7782 	EXP 	Display Frame 3
755.8116 	EXP 	Display Frame 4
755.8449 	EXP 	Display Frame 5
755.8782 	EXP 	Display Frame 6
755.9115 	EXP 	Display Frame 7
755.9449 	EXP 	Display Frame 8
755.9782 	EXP 	Display Frame 9
756.0116 	EXP 	Display Frame 0
756.0449 	EXP 	Display Frame 1
756.0782 	EXP 	Display Frame 2
756.1115 	EXP 	Display Frame 3
756.1449 	EXP 	Display Frame 4
756.1782 	EXP 	Display Frame 5
756.2115 	EXP 	Display Frame 6
756.2450 	EXP 	Display Frame 7
756.2782 	EXP 	Display Frame 8
756.3116 	EXP 	Display Frame 9
756.3449 	EXP 	Display Frame 0
756.3782 	EXP 	Display Frame 1
756.4115 	EXP 	Display Frame 2
756.4449 	EXP 	Display Frame 3
756.4782 	EXP 	Display Frame 4
756.5115 	EXP 	Display Frame 5
756.5449 	EXP 	Display Frame 6
756.5782 	EXP 	Display Frame 7
756.6116 	EXP 	Display Frame 8
756.6449 	EXP 	Display Frame 9
756.6782 	EXP 	Display Frame 0
756.7116 	EXP 	Display Frame 1
756.7449 	EXP 	Display Frame 2
756.7782 	EXP 	Display Frame 3
756.8115 	EXP 	Display Frame 4
756.8449 	EXP 	Display Frame 5
756.8782 	EXP 	Display Frame 6
756.9116 	EXP 	Display Frame 7
756.9449 	EXP 	Display Frame 8
756.9782 	EXP 	Display Frame 9
757.0116 	EXP 	Display Frame 0
757.0449 	EXP 	Display Frame 1
757.0782 	EXP 	Display Frame 2
757.1115 	EXP 	Display Frame 3
757.1449 	EXP 	Display Frame 4
757.1783 	EXP 	Display Frame 5
757.2116 	EXP 	Display Frame 6
757.2449 	EXP 	Display Frame 7
757.2782 	EXP 	Display Frame 8
757.3116 	EXP 	Display Frame 9
757.3123 	DATA 	Keypress: equal
757.3449 	EXP 	Display Frame 0
757.3782 	EXP 	Display Frame 1
757.4115 	EXP 	Display Frame 2
757.4449 	EXP 	Display Frame 3
757.4782 	EXP 	Display Frame 4
757.5116 	EXP 	Display Frame 5
757.5449 	EXP 	Display Frame 6
757.5782 	EXP 	Display Frame 7
757.6115 	EXP 	Display Frame 8
757.6449 	EXP 	Display Frame 9
757.6782 	EXP 	Display Frame 0
757.7115 	EXP 	Display Frame 1
757.7449 	EXP 	Display Frame 2
757.7782 	EXP 	Display Frame 3
757.8116 	EXP 	Display Frame 4
757.8449 	EXP 	Display Frame 5
757.8785 	EXP 	Display Frame 6
757.9117 	EXP 	Display Frame 7
757.9449 	EXP 	Display Frame 8
757.9783 	EXP 	Display Frame 9
758.0116 	EXP 	Display Frame 0
758.0449 	EXP 	Display Frame 1
758.0782 	EXP 	Display Frame 2
758.1116 	EXP 	Display Frame 3
758.1449 	EXP 	Display Frame 4
758.1782 	EXP 	Display Frame 5
758.2116 	EXP 	Display Frame 6
758.2449 	EXP 	Display Frame 7
758.2782 	EXP 	Display Frame 8
758.3115 	EXP 	Display Frame 9
758.3449 	EXP 	Display Frame 0
758.3782 	EXP 	Display Frame 1
758.4116 	EXP 	Display Frame 2
758.4449 	EXP 	Display Frame 3
758.4782 	EXP 	Display Frame 4
758.5115 	EXP 	Display Frame 5
758.5449 	EXP 	Display Frame 6
758.5782 	EXP 	Display Frame 7
758.6115 	EXP 	Display Frame 8
758.6449 	EXP 	Display Frame 9
758.6782 	EXP 	Display Frame 0
758.7118 	EXP 	Display Frame 1
758.7449 	EXP 	Display Frame 2
758.7782 	EXP 	Display Frame 3
758.8116 	EXP 	Display Frame 4
758.8449 	EXP 	Display Frame 5
758.8782 	EXP 	Display Frame 6
758.9115 	EXP 	Display Frame 7
758.9449 	EXP 	Display Frame 8
758.9782 	EXP 	Display Frame 9
759.0116 	EXP 	Display Frame 0
759.0449 	EXP 	Display Frame 1
759.0782 	EXP 	Display Frame 2
759.1116 	EXP 	Display Frame 3
759.1449 	EXP 	Display Frame 4
759.1782 	EXP 	Display Frame 5
759.2115 	EXP 	Display Frame 6
759.2449 	EXP 	Display Frame 7
759.2782 	EXP 	Display Frame 8
759.3116 	EXP 	Display Frame 9
759.3449 	EXP 	Display Frame 0
759.3782 	EXP 	Display Frame 1
759.4115 	EXP 	Display Frame 2
759.4449 	EXP 	Display Frame 3
759.4782 	EXP 	Display Frame 4
759.5115 	EXP 	Display Frame 5
759.5449 	EXP 	Display Frame 6
759.5782 	EXP 	Display Frame 7
759.6116 	EXP 	Display Frame 8
759.6449 	EXP 	Display Frame 9
759.6783 	EXP 	Display Frame 0
759.7115 	EXP 	Display Frame 1
759.7449 	EXP 	Display Frame 2
759.7782 	EXP 	Display Frame 3
759.8115 	EXP 	Display Frame 4
759.8449 	EXP 	Display Frame 5
759.8782 	EXP 	Display Frame 6
759.9116 	EXP 	Display Frame 7
759.9449 	EXP 	Display Frame 8
759.9782 	EXP 	Display Frame 9
760.0115 	EXP 	Display Frame 0
760.0449 	EXP 	Display Frame 1
760.0782 	EXP 	Display Frame 2
760.1115 	EXP 	Display Frame 3
760.1449 	EXP 	Display Frame 4
760.1782 	EXP 	Display Frame 5
760.2116 	EXP 	Display Frame 6
760.2449 	EXP 	Display Frame 7
760.2782 	EXP 	Display Frame 8
760.3115 	EXP 	Display Frame 9
760.3449 	EXP 	Display Frame 0
760.3782 	EXP 	Display Frame 1
760.4115 	EXP 	Display Frame 2
760.4449 	EXP 	Display Frame 3
760.4782 	EXP 	Display Frame 4
760.5116 	EXP 	Display Frame 5
760.5449 	EXP 	Display Frame 6
760.5782 	EXP 	Display Frame 7
760.6115 	EXP 	Display Frame 8
760.6449 	EXP 	Display Frame 9
760.6782 	EXP 	Display Frame 0
760.7115 	EXP 	Display Frame 1
760.7449 	EXP 	Display Frame 2
760.7782 	EXP 	Display Frame 3
760.8116 	EXP 	Display Frame 4
760.8449 	EXP 	Display Frame 5
760.8782 	EXP 	Display Frame 6
760.9115 	EXP 	Display Frame 7
760.9449 	EXP 	Display Frame 8
760.9782 	EXP 	Display Frame 9
761.0115 	EXP 	Display Frame 0
761.0449 	EXP 	Display Frame 1
761.0782 	EXP 	Display Frame 2
761.1116 	EXP 	Display Frame 3
761.1449 	EXP 	Display Frame 4
761.1782 	EXP 	Display Frame 5
761.2115 	EXP 	Display Frame 6
761.2449 	EXP 	Display Frame 7
761.2782 	EXP 	Display Frame 8
761.3115 	EXP 	Display Frame 9
761.3449 	EXP 	Display Frame 0
761.3782 	EXP 	Display Frame 1
761.4116 	EXP 	Display Frame 2
761.4449 	EXP 	Display Frame 3
761.4782 	EXP 	Display Frame 4
761.5116 	EXP 	Display Frame 5
761.5449 	EXP 	Display Frame 6
761.5783 	EXP 	Display Frame 7
761.6116 	EXP 	Display Frame 8
761.6449 	EXP 	Display Frame 9
761.6782 	EXP 	Display Frame 0
761.7116 	EXP 	Display Frame 1
761.7449 	EXP 	Display Frame 2
761.7782 	EXP 	Display Frame 3
761.8116 	EXP 	Display Frame 4
761.8449 	EXP 	Display Frame 5
761.8782 	EXP 	Display Frame 6
761.9115 	EXP 	Display Frame 7
761.9449 	EXP 	Display Frame 8
761.9782 	EXP 	Display Frame 9
762.0116 	EXP 	Display Frame 0
762.0449 	EXP 	Display Frame 1
762.0782 	EXP 	Display Frame 2
762.1116 	EXP 	Display Frame 3
762.1449 	EXP 	Display Frame 4
762.1783 	EXP 	Display Frame 5
762.2116 	EXP 	Display Frame 6
762.2449 	EXP 	Display Frame 7
762.2784 	EXP 	Display Frame 8
762.3117 	EXP 	Display Frame 9
762.3449 	EXP 	Display Frame 0
762.3782 	EXP 	Display Frame 1
762.4116 	EXP 	Display Frame 2
762.4449 	EXP 	Display Frame 3
762.4782 	EXP 	Display Frame 4
762.5116 	DATA 	Keypress: equal
762.5126 	EXP 	Display Frame 5
762.5211 	EXP 	Display Fixation
767.6991 	DATA 	Keypress: equal
772.8932 	DATA 	Keypress: equal
778.0871 	DATA 	Keypress: equal
783.2801 	DATA 	Keypress: equal
788.4733 	DATA 	Keypress: equal
793.6673 	DATA 	Keypress: equal
793.7018 	EXP 	Display Frame 1
793.7350 	EXP 	Display Frame 2
793.7683 	EXP 	Display Frame 3
793.8016 	EXP 	Display Frame 4
793.8350 	EXP 	Display Frame 5
793.8683 	EXP 	Display Frame 6
793.9017 	EXP 	Display Frame 7
793.9350 	EXP 	Display Frame 8
793.9683 	EXP 	Display Frame 9
794.0016 	EXP 	Display Frame 0
794.0349 	EXP 	Display Frame 1
794.0683 	EXP 	Display Frame 2
794.1016 	EXP 	Display Frame 3
794.1349 	EXP 	Display Frame 4
794.1682 	EXP 	Display Frame 5
794.2016 	EXP 	Display Frame 6
794.2350 	EXP 	Display Frame 7
794.2683 	EXP 	Display Frame 8
794.3016 	EXP 	Display Frame 9
794.3350 	EXP 	Display Frame 0
794.3682 	EXP 	Display Frame 1
794.4016 	EXP 	Display Frame 2
794.4349 	EXP 	Display Frame 3
794.4683 	EXP 	Display Frame 4
794.5016 	EXP 	Display Frame 5
794.5350 	EXP 	Display Frame 6
794.5683 	EXP 	Display Frame 7
794.6016 	EXP 	Display Frame 8
794.6349 	EXP 	Display Frame 9
794.6683 	EXP 	Display Frame 0
794.7016 	EXP 	Display Frame 1
794.7349 	EXP 	Display Frame 2
794.7683 	EXP 	Display Frame 3
794.8016 	EXP 	Display Frame 4
794.8349 	EXP 	Display Frame 5
794.8682 	EXP 	Display Frame 6
794.9016 	EXP 	Display Frame 7
794.9349 	EXP 	Display Frame 8
794.9682 	EXP 	Display Frame 9
795.0016 	EXP 	Display Frame 0
795.0349 	EXP 	Display Frame 1
795.0683 	EXP 	Display Frame 2
795.1016 	EXP 	Display Frame 3
795.1349 	EXP 	Display Frame 4
795.1682 	EXP 	Display Frame 5
795.2016 	EXP 	Display Frame 6
795.2349 	EXP 	Display Frame 7
795.2682 	EXP 	Display Frame 8
795.3016 	EXP 	Display Frame 9
795.3349 	EXP 	Display Frame 0
795.3682 	EXP 	Display Frame 1
795.4016 	EXP 	Display Frame 2
795.4349 	EXP 	Display Frame 3
795.4682 	EXP 	Display Frame 4
795.5016 	EXP 	Display Frame 5
795.5349 	EXP 	Display Frame 6
795.5682 	EXP 	Display Frame 7
795.6016 	EXP 	Display Frame 8
795.6349 	EXP 	Display Frame 9
795.6683 	EXP 	Display Frame 0
795.7016 	EXP 	Display Frame 1
795.7349 	EXP 	Display Frame 2
795.7682 	EXP 	Display Frame 3
795.8016 	EXP 	Display Frame 4
795.8349 	EXP 	Display Frame 5
795.8683 	EXP 	Display Frame 6
795.9016 	EXP 	Display Frame 7
795.9349 	EXP 	Display Frame 8
795.9683 	EXP 	Display Frame 9
796.0016 	EXP 	Display Frame 0
796.0349 	EXP 	Display Frame 1
796.0682 	EXP 	Display Frame 2
796.1016 	EXP 	Display Frame 3
796.1349 	EXP 	Display Frame 4
796.1682 	EXP 	Display Frame 5
796.2018 	EXP 	Display Frame 6
796.2349 	EXP 	Display Frame 7
796.2683 	EXP 	Display Frame 8
796.3016 	EXP 	Display Frame 9
796.3349 	EXP 	Display Frame 0
796.3682 	EXP 	Display Frame 1
796.4016 	EXP 	Display Frame 2
796.4349 	EXP 	Display Frame 3
796.4683 	EXP 	Display Frame 4
796.5016 	EXP 	Display Frame 5
796.5349 	EXP 	Display Frame 6
796.5682 	EXP 	Display Frame 7
796.6016 	EXP 	Display Frame 8
796.6349 	EXP 	Display Frame 9
796.6683 	EXP 	Display Frame 0
796.7016 	EXP 	Display Frame 1
796.7349 	EXP 	Display Frame 2
796.7682 	EXP 	Display Frame 3
796.8016 	EXP 	Display Frame 4
796.8349 	EXP 	Display Frame 5
796.8682 	EXP 	Display Frame 6
796.9016 	EXP 	Display Frame 7
796.9349 	EXP 	Display Frame 8
796.9682 	EXP 	Display Frame 9
797.0016 	EXP 	Display Frame 0
797.0349 	EXP 	Display Frame 1
797.0682 	EXP 	Display Frame 2
797.1016 	EXP 	Display Frame 3
797.1349 	EXP 	Display Frame 4
797.1682 	EXP 	Display Frame 5
797.2016 	EXP 	Display Frame 6
797.2350 	EXP 	Display Frame 7
797.2682 	EXP 	Display Frame 8
797.3016 	EXP 	Display Frame 9
797.3349 	EXP 	Display Frame 0
797.3682 	EXP 	Display Frame 1
797.4016 	EXP 	Display Frame 2
797.4349 	EXP 	Display Frame 3
797.4682 	EXP 	Display Frame 4
797.5016 	EXP 	Display Frame 5
797.5349 	EXP 	Display Frame 6
797.5682 	EXP 	Display Frame 7
797.6016 	EXP 	Display Frame 8
797.6349 	EXP 	Display Frame 9
797.6682 	EXP 	Display Frame 0
797.7016 	EXP 	Display Frame 1
797.7349 	EXP 	Display Frame 2
797.7683 	EXP 	Display Frame 3
797.8016 	EXP 	Display Frame 4
797.8349 	EXP 	Display Frame 5
797.8683 	EXP 	Display Frame 6
797.9016 	EXP 	Display Frame 7
797.9349 	EXP 	Display Frame 8
797.9682 	EXP 	Display Frame 9
798.0015 	EXP 	Display Frame 0
798.0349 	EXP 	Display Frame 1
798.0682 	EXP 	Display Frame 2
798.1016 	EXP 	Display Frame 3
798.1349 	EXP 	Display Frame 4
798.1682 	EXP 	Display Frame 5
798.2016 	EXP 	Display Frame 6
798.2349 	EXP 	Display Frame 7
798.2683 	EXP 	Display Frame 8
798.3016 	EXP 	Display Frame 9
798.3349 	EXP 	Display Frame 0
798.3682 	EXP 	Display Frame 1
798.4016 	EXP 	Display Frame 2
798.4349 	EXP 	Display Frame 3
798.4682 	EXP 	Display Frame 4
798.5016 	EXP 	Display Frame 5
798.5349 	EXP 	Display Frame 6
798.5682 	EXP 	Display Frame 7
798.6016 	EXP 	Display Frame 8
798.6349 	EXP 	Display Frame 9
798.6683 	EXP 	Display Frame 0
798.7016 	EXP 	Display Frame 1
798.7349 	EXP 	Display Frame 2
798.7682 	EXP 	Display Frame 3
798.8016 	EXP 	Display Frame 4
798.8349 	EXP 	Display Frame 5
798.8684 	DATA 	Keypress: equal
798.8695 	EXP 	Display Frame 6
798.9018 	EXP 	Display Frame 7
798.9349 	EXP 	Display Frame 8
798.9683 	EXP 	Display Frame 9
799.0016 	EXP 	Display Frame 0
799.0349 	EXP 	Display Frame 1
799.0683 	EXP 	Display Frame 2
799.1016 	EXP 	Display Frame 3
799.1349 	EXP 	Display Frame 4
799.1682 	EXP 	Display Frame 5
799.2016 	EXP 	Display Frame 6
799.2349 	EXP 	Display Frame 7
799.2683 	EXP 	Display Frame 8
799.3016 	EXP 	Display Frame 9
799.3349 	EXP 	Display Frame 0
799.3682 	EXP 	Display Frame 1
799.4016 	EXP 	Display Frame 2
799.4349 	EXP 	Display Frame 3
799.4683 	EXP 	Display Frame 4
799.5016 	EXP 	Display Frame 5
799.5349 	EXP 	Display Frame 6
799.5683 	EXP 	Display Frame 7
799.6016 	EXP 	Display Frame 8
799.6349 	EXP 	Display Frame 9
799.6683 	EXP 	Display Frame 0
799.7016 	EXP 	Display Frame 1
799.7350 	EXP 	Display Frame 2
799.7682 	EXP 	Display Frame 3
799.8016 	EXP 	Display Frame 4
799.8349 	EXP 	Display Frame 5
799.8683 	EXP 	Display Frame 6
799.9016 	EXP 	Display Frame 7
799.9349 	EXP 	Display Frame 8
799.9682 	EXP 	Display Frame 9
800.0016 	EXP 	Display Frame 0
800.0349 	EXP 	Display Frame 1
800.0682 	EXP 	Display Frame 2
800.1016 	EXP 	Display Frame 3
800.1349 	EXP 	Display Frame 4
800.1682 	EXP 	Display Frame 5
800.2016 	EXP 	Display Frame 6
800.2350 	EXP 	Display Frame 7
800.2683 	EXP 	Display Frame 8
800.3016 	EXP 	Display Frame 9
800.3349 	EXP 	Display Frame 0
800.3683 	EXP 	Display Frame 1
800.4016 	EXP 	Display Frame 2
800.4349 	EXP 	Display Frame 3
800.4683 	EXP 	Display Frame 4
800.5016 	EXP 	Display Frame 5
800.5349 	EXP 	Display Frame 6
800.5682 	EXP 	Display Frame 7
800.6016 	EXP 	Display Frame 8
800.6349 	EXP 	Display Frame 9
800.6682 	EXP 	Display Frame 0
800.7016 	EXP 	Display Frame 1
800.7349 	EXP 	Display Frame 2
800.7682 	EXP 	Display Frame 3
800.8015 	EXP 	Display Frame 4
800.8349 	EXP 	Display Frame 5
800.8683 	EXP 	Display Frame 6
800.9016 	EXP 	Display Frame 7
800.9349 	EXP 	Display Frame 8
800.9682 	EXP 	Display Frame 9
801.0016 	EXP 	Display Frame 0
801.0349 	EXP 	Display Frame 1
801.0682 	EXP 	Display Frame 2
801.1016 	EXP 	Display Frame 3
801.1349 	EXP 	Display Frame 4
801.1682 	EXP 	Display Frame 5
801.2016 	EXP 	Display Frame 6
801.2349 	EXP 	Display Frame 7
801.2683 	EXP 	Display Frame 8
801.3016 	EXP 	Display Frame 9
801.3349 	EXP 	Display Frame 0
801.3683 	EXP 	Display Frame 1
801.4016 	EXP 	Display Frame 2
801.4349 	EXP 	Display Frame 3
801.4682 	EXP 	Display Frame 4
801.5016 	EXP 	Display Frame 5
801.5349 	EXP 	Display Frame 6
801.5682 	EXP 	Display Frame 7
801.6016 	EXP 	Display Frame 8
801.6349 	EXP 	Display Frame 9
801.6682 	EXP 	Display Frame 0
801.7016 	EXP 	Display Frame 1
801.7349 	EXP 	Display Frame 2
801.7683 	EXP 	Display Frame 3
801.8016 	EXP 	Display Frame 4
801.8349 	EXP 	Display Frame 5
801.8683 	EXP 	Display Frame 6
801.9016 	EXP 	Display Frame 7
801.9349 	EXP 	Display Frame 8
801.9684 	EXP 	Display Frame 9
802.0016 	EXP 	Display Frame 0
802.0349 	EXP 	Display Frame 1
802.0683 	EXP 	Display Frame 2
802.1016 	EXP 	Display Frame 3
802.1349 	EXP 	Display Frame 4
802.1683 	EXP 	Display Frame 5
802.2016 	EXP 	Display Frame 6
802.2350 	EXP 	Display Frame 7
802.2683 	EXP 	Display Frame 8
802.3016 	EXP 	Display Frame 9
802.3349 	EXP 	Display Frame 0
802.3683 	EXP 	Display Frame 1
802.4016 	EXP 	Display Frame 2
802.4349 	EXP 	Display Frame 3
802.4683 	EXP 	Display Frame 4
802.5016 	EXP 	Display Frame 5
802.5349 	EXP 	Display Frame 6
802.5682 	EXP 	Display Frame 7
802.6016 	EXP 	Display Frame 8
802.6349 	EXP 	Display Frame 9
802.6683 	EXP 	Display Frame 0
802.7016 	EXP 	Display Frame 1
802.7349 	EXP 	Display Frame 2
802.7683 	EXP 	Display Frame 3
802.8016 	EXP 	Display Frame 4
802.8349 	EXP 	Display Frame 5
802.8682 	EXP 	Display Frame 6
802.9016 	EXP 	Display Frame 7
802.9349 	EXP 	Display Frame 8
802.9682 	EXP 	Display Frame 9
803.0016 	EXP 	Display Frame 0
803.0349 	EXP 	Display Frame 1
803.0683 	EXP 	Display Frame 2
803.1016 	EXP 	Display Frame 3
803.1349 	EXP 	Display Frame 4
803.1682 	EXP 	Display Frame 5
803.2016 	EXP 	Display Frame 6
803.2349 	EXP 	Display Frame 7
803.2682 	EXP 	Display Frame 8
803.3016 	EXP 	Display Frame 9
803.3349 	EXP 	Display Frame 0
803.3683 	EXP 	Display Frame 1
803.4016 	EXP 	Display Frame 2
803.4349 	EXP 	Display Frame 3
803.4682 	EXP 	Display Frame 4
803.5016 	EXP 	Display Frame 5
803.5349 	EXP 	Display Frame 6
803.5682 	EXP 	Display Frame 7
803.6016 	EXP 	Display Frame 8
803.6349 	EXP 	Display Frame 9
803.6682 	EXP 	Display Frame 0
803.7016 	EXP 	Display Frame 1
803.7349 	EXP 	Display Frame 2
803.7683 	EXP 	Display Frame 3
803.8016 	EXP 	Display Frame 4
803.8349 	EXP 	Display Frame 5
803.8683 	EXP 	Display Frame 6
803.9017 	EXP 	Display Frame 7
803.9349 	EXP 	Display Frame 8
803.9683 	EXP 	Display Frame 9
804.0016 	EXP 	Display Frame 0
804.0349 	EXP 	Display Frame 1
804.0683 	DATA 	Keypress: equal
804.0694 	EXP 	Display Frame 2
804.1016 	EXP 	Display Frame 3
804.1349 	EXP 	Display Frame 4
804.1682 	EXP 	Display Frame 5
804.2016 	EXP 	Display Frame 6
804.2350 	EXP 	Display Frame 7
804.2682 	EXP 	Display Frame 8
804.3016 	EXP 	Display Frame 9
804.3349 	EXP 	Display Frame 0
804.3682 	EXP 	Display Frame 1
804.4016 	EXP 	Display Frame 2
804.4349 	EXP 	Display Frame 3
804.4682 	EXP 	Display Frame 4
804.5016 	EXP 	Display Frame 5
804.5349 	EXP 	Display Frame 6
804.5683 	EXP 	Display Frame 7
804.6016 	EXP 	Display Frame 8
804.6349 	EXP 	Display Frame 9
804.6682 	EXP 	Display Frame 0
804.7016 	EXP 	Display Frame 1
804.7350 	EXP 	Display Frame 2
804.7683 	EXP 	Display Frame 3
804.8016 	EXP 	Display Frame 4
804.8349 	EXP 	Display Frame 5
804.8683 	EXP 	Display Frame 6
804.9016 	EXP 	Display Frame 7
804.9349 	EXP 	Display Frame 8
804.9682 	EXP 	Display Frame 9
805.0016 	EXP 	Display Frame 0
805.0349 	EXP 	Display Frame 1
805.0682 	EXP 	Display Frame 2
805.1016 	EXP 	Display Frame 3
805.1349 	EXP 	Display Frame 4
805.1683 	EXP 	Display Frame 5
805.2016 	EXP 	Display Frame 6
805.2349 	EXP 	Display Frame 7
805.2682 	EXP 	Display Frame 8
805.3016 	EXP 	Display Frame 9
805.3349 	EXP 	Display Frame 0
805.3682 	EXP 	Display Frame 1
805.4016 	EXP 	Display Frame 2
805.4349 	EXP 	Display Frame 3
805.4683 	EXP 	Display Frame 4
805.5016 	EXP 	Display Frame 5
805.5350 	EXP 	Display Frame 6
805.5683 	EXP 	Display Frame 7
805.6016 	EXP 	Display Frame 8
805.6349 	EXP 	Display Frame 9
805.6683 	EXP 	Display Frame 0
805.7016 	EXP 	Display Frame 1
805.7349 	EXP 	Display Frame 2
805.7683 	EXP 	Display Frame 3
805.8016 	EXP 	Display Frame 4
805.8349 	EXP 	Display Frame 5
805.8682 	EXP 	Display Frame 6
805.9016 	EXP 	Display Frame 7
805.9349 	EXP 	Display Frame 8
805.9682 	EXP 	Display Frame 9
806.0016 	EXP 	Display Frame 0
806.0349 	EXP 	Display Frame 1
806.0683 	EXP 	Display Frame 2
806.1016 	EXP 	Display Frame 3
806.1349 	EXP 	Display Frame 4
806.1682 	EXP 	Display Frame 5
806.2016 	EXP 	Display Frame 6
806.2349 	EXP 	Display Frame 7
806.2682 	EXP 	Display Frame 8
806.3016 	EXP 	Display Frame 9
806.3349 	EXP 	Display Frame 0
806.3683 	EXP 	Display Frame 1
806.4016 	EXP 	Display Frame 2
806.4349 	EXP 	Display Frame 3
806.4682 	EXP 	Display Frame 4
806.5016 	EXP 	Display Frame 5
806.5349 	EXP 	Display Frame 6
806.5682 	EXP 	Display Frame 7
806.6016 	EXP 	Display Frame 8
806.6349 	EXP 	Display Frame 9
806.6683 	EXP 	Display Frame 0
806.7016 	EXP 	Display Frame 1
806.7349 	EXP 	Display Frame 2
806.7682 	EXP 	Display Frame 3
806.8016 	EXP 	Display Frame 4
806.8349 	EXP 	Display Frame 5
806.8682 	EXP 	Display Frame 6
806.9016 	EXP 	Display Frame 7
806.9349 	EXP 	Display Frame 8
806.9682 	EXP 	Display Frame 9
807.0016 	EXP 	Display Frame 0
807.0349 	EXP 	Display Frame 1
807.0682 	EXP 	Display Frame 2
807.1016 	EXP 	Display Frame 3
807.1349 	EXP 	Display Frame 4
807.1682 	EXP 	Display Frame 5
807.2016 	EXP 	Display Frame 6
807.2349 	EXP 	Display Frame 7
807.2683 	EXP 	Display Frame 8
807.3016 	EXP 	Display Frame 9
807.3349 	EXP 	Display Frame 0
807.3683 	EXP 	Display Frame 1
807.4016 	EXP 	Display Frame 2
807.4349 	EXP 	Display Frame 3
807.4682 	EXP 	Display Frame 4
807.5016 	EXP 	Display Frame 5
807.5349 	EXP 	Display Frame 6
807.5683 	EXP 	Display Frame 7
807.6016 	EXP 	Display Frame 8
807.6349 	EXP 	Display Frame 9
807.6682 	EXP 	Display Frame 0
807.7016 	EXP 	Display Frame 1
807.7349 	EXP 	Display Frame 2
807.7682 	EXP 	Display Frame 3
807.8016 	EXP 	Display Frame 4
807.8349 	EXP 	Display Frame 5
807.8683 	EXP 	Display Frame 6
807.9016 	EXP 	Display Frame 7
807.9349 	EXP 	Display Frame 8
807.9682 	EXP 	Display Frame 9
808.0016 	EXP 	Display Frame 0
808.0349 	EXP 	Display Frame 1
808.0682 	EXP 	Display Frame 2
808.1016 	EXP 	Display Frame 3
808.1349 	EXP 	Display Frame 4
808.1683 	EXP 	Display Frame 5
808.2016 	EXP 	Display Frame 6
808.2349 	EXP 	Display Frame 7
808.2683 	EXP 	Display Frame 8
808.3018 	EXP 	Display Frame 9
808.3350 	EXP 	Display Frame 0
808.3683 	EXP 	Display Frame 1
808.4016 	EXP 	Display Frame 2
808.4349 	EXP 	Display Frame 3
808.4683 	EXP 	Display Frame 4
808.5016 	EXP 	Display Frame 5
808.5349 	EXP 	Display Frame 6
808.5683 	EXP 	Display Frame 7
808.6016 	EXP 	Display Frame 8
808.6349 	EXP 	Display Frame 9
808.6682 	EXP 	Display Frame 0
808.7016 	EXP 	Display Frame 1
808.7349 	EXP 	Display Frame 2
808.7683 	EXP 	Display Frame 3
808.8016 	EXP 	Display Frame 4
808.8349 	EXP 	Display Frame 5
808.8683 	EXP 	Display Frame 6
808.9016 	EXP 	Display Frame 7
808.9349 	EXP 	Display Frame 8
808.9682 	EXP 	Display Frame 9
809.0016 	EXP 	Display Frame 0
809.0349 	EXP 	Display Frame 1
809.0682 	EXP 	Display Frame 2
809.1016 	EXP 	Display Frame 3
809.1349 	EXP 	Display Frame 4
809.1683 	EXP 	Display Frame 5
809.2016 	EXP 	Display Frame 6
809.2349 	EXP 	Display Frame 7
809.2684 	DATA 	Keypress: equal
809.2695 	EXP 	Display Frame 8
809.3016 	EXP 	Display Frame 9
809.3349 	EXP 	Display Frame 0
809.3682 	EXP 	Display Frame 1
809.4016 	EXP 	Display Frame 2
809.4349 	EXP 	Display Frame 3
809.4683 	EXP 	Display Frame 4
809.5015 	EXP 	Display Frame 5
809.5349 	EXP 	Display Frame 6
809.5684 	EXP 	Display Frame 7
809.6016 	EXP 	Display Frame 8
809.6349 	EXP 	Display Frame 9
809.6682 	EXP 	Display Frame 0
809.7016 	EXP 	Display Frame 1
809.7349 	EXP 	Display Frame 2
809.7683 	EXP 	Display Frame 3
809.8016 	EXP 	Display Frame 4
809.8349 	EXP 	Display Frame 5
809.8682 	EXP 	Display Frame 6
809.9016 	EXP 	Display Frame 7
809.9349 	EXP 	Display Frame 8
809.9682 	EXP 	Display Frame 9
810.0016 	EXP 	Display Frame 0
810.0349 	EXP 	Display Frame 1
810.0683 	EXP 	Display Frame 2
810.1016 	EXP 	Display Frame 3
810.1349 	EXP 	Display Frame 4
810.1683 	EXP 	Display Frame 5
810.2016 	EXP 	Display Frame 6
810.2350 	EXP 	Display Frame 7
810.2683 	EXP 	Display Frame 8
810.3016 	EXP 	Display Frame 9
810.3349 	EXP 	Display Frame 0
810.3683 	EXP 	Display Frame 1
810.4016 	EXP 	Display Frame 2
810.4349 	EXP 	Display Frame 3
810.4682 	EXP 	Display Frame 4
810.5016 	EXP 	Display Frame 5
810.5349 	EXP 	Display Frame 6
810.5682 	EXP 	Display Frame 7
810.6016 	EXP 	Display Frame 8
810.6349 	EXP 	Display Frame 9
810.6682 	EXP 	Display Frame 0
810.7016 	EXP 	Display Frame 1
810.7349 	EXP 	Display Frame 2
810.7682 	EXP 	Display Frame 3
810.8016 	EXP 	Display Frame 4
810.8349 	EXP 	Display Frame 5
810.8682 	EXP 	Display Frame 6
810.9016 	EXP 	Display Frame 7
810.9349 	EXP 	Display Frame 8
810.9683 	EXP 	Display Frame 9
811.0016 	EXP 	Display Frame 0
811.0349 	EXP 	Display Frame 1
811.0683 	EXP 	Display Frame 2
811.1016 	EXP 	Display Frame 3
811.1349 	EXP 	Display Frame 4
811.1682 	EXP 	Display Frame 5
811.2016 	EXP 	Display Frame 6
811.2349 	EXP 	Display Frame 7
811.2682 	EXP 	Display Frame 8
811.3016 	EXP 	Display Frame 9
811.3349 	EXP 	Display Frame 0
811.3682 	EXP 	Display Frame 1
811.4016 	EXP 	Display Frame 2
811.4349 	EXP 	Display Frame 3
811.4682 	EXP 	Display Frame 4
811.5016 	EXP 	Display Frame 5
811.5349 	EXP 	Display Frame 6
811.5682 	EXP 	Display Frame 7
811.6016 	EXP 	Display Frame 8
811.6349 	EXP 	Display Frame 9
811.6682 	EXP 	Display Frame 0
811.7016 	EXP 	Display Frame 1
811.7350 	EXP 	Display Frame 2
811.7682 	EXP 	Display Frame 3
811.8016 	EXP 	Display Frame 4
811.8349 	EXP 	Display Frame 5
811.8683 	EXP 	Display Frame 6
811.9016 	EXP 	Display Frame 7
811.9349 	EXP 	Display Frame 8
811.9683 	EXP 	Display Frame 9
812.0016 	EXP 	Display Frame 0
812.0349 	EXP 	Display Frame 1
812.0683 	EXP 	Display Frame 2
812.1016 	EXP 	Display Frame 3
812.1349 	EXP 	Display Frame 4
812.1682 	EXP 	Display Frame 5
812.2016 	EXP 	Display Frame 6
812.2349 	EXP 	Display Frame 7
812.2682 	EXP 	Display Frame 8
812.3016 	EXP 	Display Frame 9
812.3349 	EXP 	Display Frame 0
812.3682 	EXP 	Display Frame 1
812.4016 	EXP 	Display Frame 2
812.4349 	EXP 	Display Frame 3
812.4682 	EXP 	Display Frame 4
812.5016 	EXP 	Display Frame 5
812.5349 	EXP 	Display Frame 6
812.5682 	EXP 	Display Frame 7
812.6016 	EXP 	Display Frame 8
812.6349 	EXP 	Display Frame 9
812.6682 	EXP 	Display Frame 0
812.7016 	EXP 	Display Frame 1
812.7349 	EXP 	Display Frame 2
812.7683 	EXP 	Display Frame 3
812.8016 	EXP 	Display Frame 4
812.8349 	EXP 	Display Frame 5
812.8683 	EXP 	Display Frame 6
812.9016 	EXP 	Display Frame 7
812.9349 	EXP 	Display Frame 8
812.9683 	EXP 	Display Frame 9
813.0016 	EXP 	Display Frame 0
813.0349 	EXP 	Display Frame 1
813.0682 	EXP 	Display Frame 2
813.1016 	EXP 	Display Frame 3
813.1349 	EXP 	Display Frame 4
813.1682 	EXP 	Display Frame 5
813.2016 	EXP 	Display Frame 6
813.2349 	EXP 	Display Frame 7
813.2683 	EXP 	Display Frame 8
813.3016 	EXP 	Display Frame 9
813.3349 	EXP 	Display Frame 0
813.3682 	EXP 	Display Frame 1
813.4016 	EXP 	Display Frame 2
813.4349 	EXP 	Display Frame 3
813.4682 	EXP 	Display Frame 4
813.5016 	EXP 	Display Frame 5
813.5349 	EXP 	Display Frame 6
813.5683 	EXP 	Display Frame 7
813.6016 	EXP 	Display Frame 8
813.6349 	EXP 	Display Frame 9
813.6682 	EXP 	Display Frame 0
813.7016 	EXP 	Display Frame 1
813.7349 	EXP 	Display Frame 2
813.7683 	EXP 	Display Frame 3
813.8016 	EXP 	Display Frame 4
813.8349 	EXP 	Display Frame 5
813.8683 	EXP 	Display Frame 6
813.9016 	EXP 	Display Frame 7
813.9349 	EXP 	Display Frame 8
813.9682 	EXP 	Display Frame 9
814.0016 	EXP 	Display Frame 0
814.0349 	EXP 	Display Frame 1
814.0685 	EXP 	Display Frame 2
814.1016 	EXP 	Display Frame 3
814.1350 	EXP 	Display Frame 4
814.1682 	EXP 	Display Frame 5
814.2016 	EXP 	Display Frame 6
814.2349 	EXP 	Display Frame 7
814.2682 	EXP 	Display Frame 8
814.3016 	EXP 	Display Frame 9
814.3349 	EXP 	Display Frame 0
814.3682 	EXP 	Display Frame 1
814.4016 	EXP 	Display Frame 2
814.4349 	EXP 	Display Frame 3
814.4683 	DATA 	Keypress: equal
814.4693 	EXP 	Display Frame 4
814.5016 	EXP 	Display Frame 5
814.5349 	EXP 	Display Frame 6
814.5682 	EXP 	Display Frame 7
814.6016 	EXP 	Display Frame 8
814.6349 	EXP 	Display Frame 9
814.6682 	EXP 	Display Frame 0
814.7016 	EXP 	Display Frame 1
814.7349 	EXP 	Display Frame 2
814.7682 	EXP 	Display Frame 3
814.8016 	EXP 	Display Frame 4
814.8349 	EXP 	Display Frame 5
814.8682 	EXP 	Display Frame 6
814.9017 	EXP 	Display Frame 7
814.9349 	EXP 	Display Frame 8
814.9682 	EXP 	Display Frame 9
815.0016 	EXP 	Display Frame 0
815.0349 	EXP 	Display Frame 1
815.0682 	EXP 	Display Frame 2
815.1016 	EXP 	Display Frame 3
815.1350 	EXP 	Display Frame 4
815.1682 	EXP 	Display Frame 5
815.2016 	EXP 	Display Frame 6
815.2349 	EXP 	Display Frame 7
815.2682 	EXP 	Display Frame 8
815.3016 	EXP 	Display Frame 9
815.3349 	EXP 	Display Frame 0
815.3682 	EXP 	Display Frame 1
815.4016 	EXP 	Display Frame 2
815.4350 	EXP 	Display Frame 3
815.4682 	EXP 	Display Frame 4
815.5016 	EXP 	Display Frame 5
815.5349 	EXP 	Display Frame 6
815.5683 	EXP 	Display Frame 7
815.6016 	EXP 	Display Frame 8
815.6349 	EXP 	Display Frame 9
815.6682 	EXP 	Display Frame 0
815.7016 	EXP 	Display Frame 1
815.7349 	EXP 	Display Frame 2
815.7682 	EXP 	Display Frame 3
815.8016 	EXP 	Display Frame 4
815.8349 	EXP 	Display Frame 5
815.8682 	EXP 	Display Frame 6
815.9016 	EXP 	Display Frame 7
815.9349 	EXP 	Display Frame 8
815.9682 	EXP 	Display Frame 9
816.0016 	EXP 	Display Frame 0
816.0349 	EXP 	Display Frame 1
816.0682 	EXP 	Display Frame 2
816.1016 	EXP 	Display Frame 3
816.1349 	EXP 	Display Frame 4
816.1682 	EXP 	Display Frame 5
816.2016 	EXP 	Display Frame 6
816.2349 	EXP 	Display Frame 7
816.2682 	EXP 	Display Frame 8
816.3025 	EXP 	Display Frame 9
816.3349 	EXP 	Display Frame 0
816.3682 	EXP 	Display Frame 1
816.4016 	EXP 	Display Frame 2
816.4349 	EXP 	Display Frame 3
816.4682 	EXP 	Display Frame 4
816.5016 	EXP 	Display Frame 5
816.5349 	EXP 	Display Frame 6
816.5682 	EXP 	Display Frame 7
816.6016 	EXP 	Display Frame 8
816.6349 	EXP 	Display Frame 9
816.6682 	EXP 	Display Frame 0
816.7016 	EXP 	Display Frame 1
816.7350 	EXP 	Display Frame 2
816.7682 	EXP 	Display Frame 3
816.8016 	EXP 	Display Frame 4
816.8349 	EXP 	Display Frame 5
816.8683 	EXP 	Display Frame 6
816.9016 	EXP 	Display Frame 7
816.9349 	EXP 	Display Frame 8
816.9682 	EXP 	Display Frame 9
817.0016 	EXP 	Display Frame 0
817.0349 	EXP 	Display Frame 1
817.0683 	EXP 	Display Frame 2
817.1016 	EXP 	Display Frame 3
817.1349 	EXP 	Display Frame 4
817.1682 	EXP 	Display Frame 5
817.2016 	EXP 	Display Frame 6
817.2349 	EXP 	Display Frame 7
817.2682 	EXP 	Display Frame 8
817.3016 	EXP 	Display Frame 9
817.3349 	EXP 	Display Frame 0
817.3683 	EXP 	Display Frame 1
817.4016 	EXP 	Display Frame 2
817.4349 	EXP 	Display Frame 3
817.4683 	EXP 	Display Frame 4
817.5016 	EXP 	Display Frame 5
817.5349 	EXP 	Display Frame 6
817.5683 	EXP 	Display Frame 7
817.6016 	EXP 	Display Frame 8
817.6349 	EXP 	Display Frame 9
817.6683 	EXP 	Display Frame 0
817.7016 	EXP 	Display Frame 1
817.7349 	EXP 	Display Frame 2
817.7683 	EXP 	Display Frame 3
817.8017 	EXP 	Display Frame 4
817.8351 	EXP 	Display Frame 5
817.8683 	EXP 	Display Frame 6
817.9016 	EXP 	Display Frame 7
817.9349 	EXP 	Display Frame 8
817.9683 	EXP 	Display Frame 9
818.0016 	EXP 	Display Frame 0
818.0350 	EXP 	Display Frame 1
818.0683 	EXP 	Display Frame 2
818.1016 	EXP 	Display Frame 3
818.1349 	EXP 	Display Frame 4
818.1682 	EXP 	Display Frame 5
818.2016 	EXP 	Display Frame 6
818.2349 	EXP 	Display Frame 7
818.2683 	EXP 	Display Frame 8
818.3016 	EXP 	Display Frame 9
818.3349 	EXP 	Display Frame 0
818.3682 	EXP 	Display Frame 1
818.4016 	EXP 	Display Frame 2
818.4349 	EXP 	Display Frame 3
818.4682 	EXP 	Display Frame 4
818.5016 	EXP 	Display Frame 5
818.5349 	EXP 	Display Frame 6
818.5683 	EXP 	Display Frame 7
818.6016 	EXP 	Display Frame 8
818.6349 	EXP 	Display Frame 9
818.6682 	EXP 	Display Frame 0
818.7016 	EXP 	Display Frame 1
818.7350 	EXP 	Display Frame 2
818.7682 	EXP 	Display Frame 3
818.8016 	EXP 	Display Frame 4
818.8349 	EXP 	Display Frame 5
818.8683 	EXP 	Display Frame 6
818.9016 	EXP 	Display Frame 7
818.9349 	EXP 	Display Frame 8
818.9682 	EXP 	Display Frame 9
819.0016 	EXP 	Display Frame 0
819.0349 	EXP 	Display Frame 1
819.0683 	EXP 	Display Frame 2
819.1016 	EXP 	Display Frame 3
819.1349 	EXP 	Display Frame 4
819.1682 	EXP 	Display Frame 5
819.2016 	EXP 	Display Frame 6
819.2350 	EXP 	Display Frame 7
819.2683 	EXP 	Display Frame 8
819.3016 	EXP 	Display Frame 9
819.3349 	EXP 	Display Frame 0
819.3682 	EXP 	Display Frame 1
819.4016 	EXP 	Display Frame 2
819.4349 	EXP 	Display Frame 3
819.4682 	EXP 	Display Frame 4
819.5016 	EXP 	Display Frame 5
819.5349 	EXP 	Display Frame 6
819.5682 	EXP 	Display Frame 7
819.6016 	EXP 	Display Frame 8
819.6349 	EXP 	Display Frame 9
819.6358 	DATA 	Keypress: equal
819.6682 	EXP 	Display Frame 0
819.7016 	EXP 	Display Frame 1
819.7349 	EXP 	Display Frame 2
819.7682 	EXP 	Display Frame 3
819.8016 	EXP 	Display Frame 4
819.8351 	EXP 	Display Frame 5
819.8683 	EXP 	Display Frame 6
819.9016 	EXP 	Display Frame 7
819.9349 	EXP 	Display Frame 8
819.9682 	EXP 	Display Frame 9
820.0016 	EXP 	Display Frame 0
820.0349 	EXP 	Display Frame 1
820.0683 	EXP 	Display Frame 2
820.1016 	EXP 	Display Frame 3
820.1349 	EXP 	Display Frame 4
820.1682 	EXP 	Display Frame 5
820.2016 	EXP 	Display Frame 6
820.2350 	EXP 	Display Frame 7
820.2683 	EXP 	Display Frame 8
820.3016 	EXP 	Display Frame 9
820.3349 	EXP 	Display Frame 0
820.3683 	EXP 	Display Frame 1
820.4016 	EXP 	Display Frame 2
820.4349 	EXP 	Display Frame 3
820.4682 	EXP 	Display Frame 4
820.5016 	EXP 	Display Frame 5
820.5349 	EXP 	Display Frame 6
820.5683 	EXP 	Display Frame 7
820.6016 	EXP 	Display Frame 8
820.6349 	EXP 	Display Frame 9
820.6682 	EXP 	Display Frame 0
820.7016 	EXP 	Display Frame 1
820.7350 	EXP 	Display Frame 2
820.7683 	EXP 	Display Frame 3
820.8016 	EXP 	Display Frame 4
820.8349 	EXP 	Display Frame 5
820.8682 	EXP 	Display Frame 6
820.9016 	EXP 	Display Frame 7
820.9349 	EXP 	Display Frame 8
820.9698 	EXP 	Display Frame 9
821.0016 	EXP 	Display Frame 0
821.0349 	EXP 	Display Frame 1
821.0682 	EXP 	Display Frame 2
821.1016 	EXP 	Display Frame 3
821.1349 	EXP 	Display Frame 4
821.1682 	EXP 	Display Frame 5
821.2016 	EXP 	Display Frame 6
821.2349 	EXP 	Display Frame 7
821.2682 	EXP 	Display Frame 8
821.3016 	EXP 	Display Frame 9
821.3349 	EXP 	Display Frame 0
821.3683 	EXP 	Display Frame 1
821.4016 	EXP 	Display Frame 2
821.4349 	EXP 	Display Frame 3
821.4682 	EXP 	Display Frame 4
821.5016 	EXP 	Display Frame 5
821.5350 	EXP 	Display Frame 6
821.5682 	EXP 	Display Frame 7
821.6016 	EXP 	Display Frame 8
821.6349 	EXP 	Display Frame 9
821.6682 	EXP 	Display Frame 0
821.7016 	EXP 	Display Frame 1
821.7349 	EXP 	Display Frame 2
821.7683 	EXP 	Display Frame 3
821.8016 	EXP 	Display Frame 4
821.8349 	EXP 	Display Frame 5
821.8682 	EXP 	Display Frame 6
821.9016 	EXP 	Display Frame 7
821.9349 	EXP 	Display Frame 8
821.9682 	EXP 	Display Frame 9
822.0016 	EXP 	Display Frame 0
822.0349 	EXP 	Display Frame 1
822.0683 	EXP 	Display Frame 2
822.1016 	EXP 	Display Frame 3
822.1349 	EXP 	Display Frame 4
822.1682 	EXP 	Display Frame 5
822.2016 	EXP 	Display Frame 6
822.2349 	EXP 	Display Frame 7
822.2683 	EXP 	Display Frame 8
822.3016 	EXP 	Display Frame 9
822.3349 	EXP 	Display Frame 0
822.3683 	EXP 	Display Frame 1
822.4016 	EXP 	Display Frame 2
822.4349 	EXP 	Display Frame 3
822.4682 	EXP 	Display Frame 4
822.5016 	EXP 	Display Frame 5
822.5349 	EXP 	Display Frame 6
822.5683 	EXP 	Display Frame 7
822.6016 	EXP 	Display Frame 8
822.6349 	EXP 	Display Frame 9
822.6683 	EXP 	Display Frame 0
822.7016 	EXP 	Display Frame 1
822.7349 	EXP 	Display Frame 2
822.7682 	EXP 	Display Frame 3
822.8016 	EXP 	Display Frame 4
822.8349 	EXP 	Display Frame 5
822.8683 	EXP 	Display Frame 6
822.9016 	EXP 	Display Frame 7
822.9349 	EXP 	Display Frame 8
822.9682 	EXP 	Display Frame 9
823.0016 	EXP 	Display Frame 0
823.0349 	EXP 	Display Frame 1
823.0683 	EXP 	Display Frame 2
823.1016 	EXP 	Display Frame 3
823.1349 	EXP 	Display Frame 4
823.1683 	EXP 	Display Frame 5
823.2016 	EXP 	Display Frame 6
823.2349 	EXP 	Display Frame 7
823.2682 	EXP 	Display Frame 8
823.3016 	EXP 	Display Frame 9
823.3349 	EXP 	Display Frame 0
823.3683 	EXP 	Display Frame 1
823.4016 	EXP 	Display Frame 2
823.4349 	EXP 	Display Frame 3
823.4683 	EXP 	Display Frame 4
823.5016 	EXP 	Display Frame 5
823.5349 	EXP 	Display Frame 6
823.5682 	EXP 	Display Frame 7
823.6016 	EXP 	Display Frame 8
823.6349 	EXP 	Display Frame 9
823.6683 	EXP 	Display Frame 0
823.7016 	EXP 	Display Frame 1
823.7349 	EXP 	Display Frame 2
823.7683 	EXP 	Display Frame 3
823.8016 	EXP 	Display Frame 4
823.8349 	EXP 	Display Frame 5
823.8683 	EXP 	Display Frame 6
823.9016 	EXP 	Display Frame 7
823.9349 	EXP 	Display Frame 8
823.9683 	EXP 	Display Frame 9
824.0016 	EXP 	Display Frame 0
824.0349 	EXP 	Display Frame 1
824.0682 	EXP 	Display Frame 2
824.1016 	EXP 	Display Frame 3
824.1349 	EXP 	Display Frame 4
824.1683 	EXP 	Display Frame 5
824.2016 	EXP 	Display Frame 6
824.2349 	EXP 	Display Frame 7
824.2683 	EXP 	Display Frame 8
824.3016 	EXP 	Display Frame 9
824.3349 	EXP 	Display Frame 0
824.3682 	EXP 	Display Frame 1
824.4016 	EXP 	Display Frame 2
824.4349 	EXP 	Display Frame 3
824.4683 	EXP 	Display Frame 4
824.5016 	EXP 	Display Frame 5
824.5349 	EXP 	Display Frame 6
824.5682 	EXP 	Display Frame 7
824.6015 	EXP 	Display Frame 8
824.6349 	EXP 	Display Frame 9
824.6683 	EXP 	Display Frame 0
824.7016 	EXP 	Display Frame 1
824.7349 	EXP 	Display Frame 2
824.7682 	EXP 	Display Frame 3
824.8016 	EXP 	Display Frame 4
824.8350 	DATA 	Keypress: equal
824.8360 	EXP 	Display Frame 5
824.8377 	EXP 	Display Fixation
830.0226 	DATA 	Keypress: equal
835.2155 	DATA 	Keypress: equal
840.4097 	DATA 	Keypress: equal
845.6036 	DATA 	Keypress: equal
850.7966 	DATA 	Keypress: equal
855.9907 	DATA 	Keypress: equal
856.0253 	EXP 	Display Frame 1
856.0584 	EXP 	Display Frame 2
856.0918 	EXP 	Display Frame 3
856.1251 	EXP 	Display Frame 4
856.1584 	EXP 	Display Frame 5
856.1917 	EXP 	Display Frame 6
856.2251 	EXP 	Display Frame 7
856.2584 	EXP 	Display Frame 8
856.2917 	EXP 	Display Frame 9
856.3251 	EXP 	Display Frame 0
856.3584 	EXP 	Display Frame 1
856.3917 	EXP 	Display Frame 2
856.4250 	EXP 	Display Frame 3
856.4584 	EXP 	Display Frame 4
856.4917 	EXP 	Display Frame 5
856.5250 	EXP 	Display Frame 6
856.5584 	EXP 	Display Frame 7
856.5917 	EXP 	Display Frame 8
856.6251 	EXP 	Display Frame 9
856.6584 	EXP 	Display Frame 0
856.6917 	EXP 	Display Frame 1
856.7250 	EXP 	Display Frame 2
856.7584 	EXP 	Display Frame 3
856.7917 	EXP 	Display Frame 4
856.8251 	EXP 	Display Frame 5
856.8584 	EXP 	Display Frame 6
856.8917 	EXP 	Display Frame 7
856.9250 	EXP 	Display Frame 8
856.9584 	EXP 	Display Frame 9
856.9917 	EXP 	Display Frame 0
857.0250 	EXP 	Display Frame 1
857.0584 	EXP 	Display Frame 2
857.0917 	EXP 	Display Frame 3
857.1250 	EXP 	Display Frame 4
857.1583 	EXP 	Display Frame 5
857.1917 	EXP 	Display Frame 6
857.2250 	EXP 	Display Frame 7
857.2583 	EXP 	Display Frame 8
857.2917 	EXP 	Display Frame 9
857.3250 	EXP 	Display Frame 0
857.3586 	EXP 	Display Frame 1
857.3917 	EXP 	Display Frame 2
857.4250 	EXP 	Display Frame 3
857.4584 	EXP 	Display Frame 4
857.4918 	EXP 	Display Frame 5
857.5251 	EXP 	Display Frame 6
857.5584 	EXP 	Display Frame 7
857.5917 	EXP 	Display Frame 8
857.6250 	EXP 	Display Frame 9
857.6584 	EXP 	Display Frame 0
857.6917 	EXP 	Display Frame 1
857.7251 	EXP 	Display Frame 2
857.7584 	EXP 	Display Frame 3
857.7917 	EXP 	Display Frame 4
857.8250 	EXP 	Display Frame 5
857.8583 	EXP 	Display Frame 6
857.8917 	EXP 	Display Frame 7
857.9250 	EXP 	Display Frame 8
857.9584 	EXP 	Display Frame 9
857.9917 	EXP 	Display Frame 0
858.0250 	EXP 	Display Frame 1
858.0584 	EXP 	Display Frame 2
858.0917 	EXP 	Display Frame 3
858.1250 	EXP 	Display Frame 4
858.1584 	EXP 	Display Frame 5
858.1917 	EXP 	Display Frame 6
858.2250 	EXP 	Display Frame 7
858.2584 	EXP 	Display Frame 8
858.2917 	EXP 	Display Frame 9
858.3250 	EXP 	Display Frame 0
858.3584 	EXP 	Display Frame 1
858.3917 	EXP 	Display Frame 2
858.4250 	EXP 	Display Frame 3
858.4584 	EXP 	Display Frame 4
858.4917 	EXP 	Display Frame 5
858.5250 	EXP 	Display Frame 6
858.5583 	EXP 	Display Frame 7
858.5917 	EXP 	Display Frame 8
858.6250 	EXP 	Display Frame 9
858.6584 	EXP 	Display Frame 0
858.6917 	EXP 	Display Frame 1
858.7250 	EXP 	Display Frame 2
858.7584 	EXP 	Display Frame 3
858.7921 	EXP 	Display Frame 4
858.8251 	EXP 	Display Frame 5
858.8584 	EXP 	Display Frame 6
858.8917 	EXP 	Display Frame 7
858.9250 	EXP 	Display Frame 8
858.9584 	EXP 	Display Frame 9
858.9917 	EXP 	Display Frame 0
859.0250 	EXP 	Display Frame 1
859.0584 	EXP 	Display Frame 2
859.0917 	EXP 	Display Frame 3
859.1251 	EXP 	Display Frame 4
859.1584 	EXP 	Display Frame 5
859.1917 	EXP 	Display Frame 6
859.2250 	EXP 	Display Frame 7
859.2584 	EXP 	Display Frame 8
859.2917 	EXP 	Display Frame 9
859.3251 	EXP 	Display Frame 0
859.3583 	EXP 	Display Frame 1
859.3917 	EXP 	Display Frame 2
859.4250 	EXP 	Display Frame 3
859.4584 	EXP 	Display Frame 4
859.4917 	EXP 	Display Frame 5
859.5250 	EXP 	Display Frame 6
859.5583 	EXP 	Display Frame 7
859.5917 	EXP 	Display Frame 8
859.6250 	EXP 	Display Frame 9
859.6583 	EXP 	Display Frame 0
859.6917 	EXP 	Display Frame 1
859.7250 	EXP 	Display Frame 2
859.7584 	EXP 	Display Frame 3
859.7917 	EXP 	Display Frame 4
859.8251 	EXP 	Display Frame 5
859.8584 	EXP 	Display Frame 6
859.8917 	EXP 	Display Frame 7
859.9250 	EXP 	Display Frame 8
859.9584 	EXP 	Display Frame 9
859.9917 	EXP 	Display Frame 0
860.0250 	EXP 	Display Frame 1
860.0584 	EXP 	Display Frame 2
860.0917 	EXP 	Display Frame 3
860.1250 	EXP 	Display Frame 4
860.1584 	EXP 	Display Frame 5
860.1917 	EXP 	Display Frame 6
860.2250 	EXP 	Display Frame 7
860.2583 	EXP 	Display Frame 8
860.2917 	EXP 	Display Frame 9
860.3251 	EXP 	Display Frame 0
860.3583 	EXP 	Display Frame 1
860.3917 	EXP 	Display Frame 2
860.4250 	EXP 	Display Frame 3
860.4584 	EXP 	Display Frame 4
860.4917 	EXP 	Display Frame 5
860.5250 	EXP 	Display Frame 6
860.5583 	EXP 	Display Frame 7
860.5917 	EXP 	Display Frame 8
860.6250 	EXP 	Display Frame 9
860.6584 	EXP 	Display Frame 0
860.6917 	EXP 	Display Frame 1
860.7250 	EXP 	Display Frame 2
860.7584 	EXP 	Display Frame 3
860.7917 	EXP 	Display Frame 4
860.8250 	EXP 	Display Frame 5
860.8583 	EXP 	Display Frame 6
860.8917 	EXP 	Display Frame 7
860.9250 	EXP 	Display Frame 8
860.9583 	EXP 	Display Frame 9
860.9917 	EXP 	Display Frame 0
861.0250 	EXP 	Display Frame 1
861.0583 	EXP 	Display Frame 2
861.0917 	EXP 	Display Frame 3
861.1250 	EXP 	Display Frame 4
861.1583 	EXP 	Display Frame 5
861.1918 	DATA 	Keypress: equal
861.1929 	EXP 	Display Frame 6
861.2250 	EXP 	Display Frame 7
861.2584 	EXP 	Display Frame 8
861.2917 	EXP 	Display Frame 9
861.3250 	EXP 	Display Frame 0
861.3583 	EXP 	Display Frame 1
861.3917 	EXP 	Display Frame 2
861.4250 	EXP 	Display Frame 3
861.4583 	EXP 	Display Frame 4
861.4917 	EXP 	Display Frame 5
861.5250 	EXP 	Display Frame 6
861.5584 	EXP 	Display Frame 7
861.5917 	EXP 	Display Frame 8
861.6250 	EXP 	Display Frame 9
861.6584 	EXP 	Display Frame 0
861.6917 	EXP 	Display Frame 1
861.7250 	EXP 	Display Frame 2
861.7584 	EXP 	Display Frame 3
861.7917 	EXP 	Display Frame 4
861.8250 	EXP 	Display Frame 5
861.8584 	EXP 	Display Frame 6
861.8917 	EXP 	Display Frame 7
861.9250 	EXP 	Display Frame 8
861.9584 	EXP 	Display Frame 9
861.9917 	EXP 	Display Frame 0
862.0250 	EXP 	Display Frame 1
862.0583 	EXP 	Display Frame 2
862.0917 	EXP 	Display Frame 3
862.1250 	EXP 	Display Frame 4
862.1584 	EXP 	Display Frame 5
862.1917 	EXP 	Display Frame 6
862.2250 	EXP 	Display Frame 7
862.2584 	EXP 	Display Frame 8
862.2917 	EXP 	Display Frame 9
862.3250 	EXP 	Display Frame 0
862.3583 	EXP 	Display Frame 1
862.3917 	EXP 	Display Frame 2
862.4250 	EXP 	Display Frame 3
862.4584 	EXP 	Display Frame 4
862.4917 	EXP 	Display Frame 5
862.5250 	EXP 	Display Frame 6
862.5584 	EXP 	Display Frame 7
862.5917 	EXP 	Display Frame 8
862.6250 	EXP 	Display Frame 9
862.6584 	EXP 	Display Frame 0
862.6917 	EXP 	Display Frame 1
862.7250 	EXP 	Display Frame 2
862.7584 	EXP 	Display Frame 3
862.7917 	EXP 	Display Frame 4
862.8251 	EXP 	Display Frame 5
862.8589 	EXP 	Display Frame 6
862.8917 	EXP 	Display Frame 7
862.9250 	EXP 	Display Frame 8
862.9584 	EXP 	Display Frame 9
862.9918 	EXP 	Display Frame 0
863.0250 	EXP 	Display Frame 1
863.0584 	EXP 	Display Frame 2
863.0917 	EXP 	Display Frame 3
863.1253 	EXP 	Display Frame 4
863.1584 	EXP 	Display Frame 5
863.1917 	EXP 	Display Frame 6
863.2251 	EXP 	Display Frame 7
863.2584 	EXP 	Display Frame 8
863.2917 	EXP 	Display Frame 9
863.3251 	EXP 	Display Frame 0
863.3583 	EXP 	Display Frame 1
863.3917 	EXP 	Display Frame 2
863.4250 	EXP 	Display Frame 3
863.4584 	EXP 	Display Frame 4
863.4917 	EXP 	Display Frame 5
863.5250 	EXP 	Display Frame 6
863.5583 	EXP 	Display Frame 7
863.5917 	EXP 	Display Frame 8
863.6250 	EXP 	Display Frame 9
863.6584 	EXP 	Display Frame 0
863.6917 	EXP 	Display Frame 1
863.7250 	EXP 	Display Frame 2
863.7584 	EXP 	Display Frame 3
863.7917 	EXP 	Display Frame 4
863.8251 	EXP 	Display Frame 5
863.8584 	EXP 	Display Frame 6
863.8917 	EXP 	Display Frame 7
863.9250 	EXP 	Display Frame 8
863.9583 	EXP 	Display Frame 9
863.9917 	EXP 	Display Frame 0
864.0250 	EXP 	Display Frame 1
864.0584 	EXP 	Display Frame 2
864.0917 	EXP 	Display Frame 3
864.1251 	EXP 	Display Frame 4
864.1583 	EXP 	Display Frame 5
864.1917 	EXP 	Display Frame 6
864.2250 	EXP 	Display Frame 7
864.2583 	EXP 	Display Frame 8
864.2917 	EXP 	Display Frame 9
864.3250 	EXP 	Display Frame 0
864.3584 	EXP 	Display Frame 1
864.3917 	EXP 	Display Frame 2
864.4250 	EXP 	Display Frame 3
864.4583 	EXP 	Display Frame 4
864.4917 	EXP 	Display Frame 5
864.5250 	EXP 	Display Frame 6
864.5583 	EXP 	Display Frame 7
864.5917 	EXP 	Display Frame 8
864.6250 	EXP 	Display Frame 9
864.6584 	EXP 	Display Frame 0
864.6917 	EXP 	Display Frame 1
864.7250 	EXP 	Display Frame 2
864.7584 	EXP 	Display Frame 3
864.7917 	EXP 	Display Frame 4
864.8250 	EXP 	Display Frame 5
864.8583 	EXP 	Display Frame 6
864.8917 	EXP 	Display Frame 7
864.9250 	EXP 	Display Frame 8
864.9584 	EXP 	Display Frame 9
864.9917 	EXP 	Display Frame 0
865.0250 	EXP 	Display Frame 1
865.0583 	EXP 	Display Frame 2
865.0917 	EXP 	Display Frame 3
865.1251 	EXP 	Display Frame 4
865.1583 	EXP 	Display Frame 5
865.1917 	EXP 	Display Frame 6
865.2250 	EXP 	Display Frame 7
865.2584 	EXP 	Display Frame 8
865.2917 	EXP 	Display Frame 9
865.3251 	EXP 	Display Frame 0
865.3584 	EXP 	Display Frame 1
865.3917 	EXP 	Display Frame 2
865.4250 	EXP 	Display Frame 3
865.4584 	EXP 	Display Frame 4
865.4917 	EXP 	Display Frame 5
865.5250 	EXP 	Display Frame 6
865.5584 	EXP 	Display Frame 7
865.5917 	EXP 	Display Frame 8
865.6250 	EXP 	Display Frame 9
865.6583 	EXP 	Display Frame 0
865.6917 	EXP 	Display Frame 1
865.7250 	EXP 	Display Frame 2
865.7583 	EXP 	Display Frame 3
865.7917 	EXP 	Display Frame 4
865.8250 	EXP 	Display Frame 5
865.8584 	EXP 	Display Frame 6
865.8917 	EXP 	Display Frame 7
865.9250 	EXP 	Display Frame 8
865.9583 	EXP 	Display Frame 9
865.9917 	EXP 	Display Frame 0
866.0250 	EXP 	Display Frame 1
866.0583 	EXP 	Display Frame 2
866.0917 	EXP 	Display Frame 3
866.1250 	EXP 	Display Frame 4
866.1584 	EXP 	Display Frame 5
866.1917 	EXP 	Display Frame 6
866.2251 	EXP 	Display Frame 7
866.2584 	EXP 	Display Frame 8
866.2917 	EXP 	Display Frame 9
866.3250 	EXP 	Display Frame 0
866.3584 	EXP 	Display Frame 1
866.3918 	DATA 	Keypress: equal
866.3929 	EXP 	Display Frame 2
866.4250 	EXP 	Display Frame 3
866.4584 	EXP 	Display Frame 4
866.4917 	EXP 	Display Frame 5
866.5250 	EXP 	Display Frame 6
866.5583 	EXP 	Display Frame 7
866.5917 	EXP 	Display Frame 8
866.6250 	EXP 	Display Frame 9
866.6584 	EXP 	Display Frame 0
866.6917 	EXP 	Display Frame 1
866.7250 	EXP 	Display Frame 2
866.7583 	EXP 	Display Frame 3
866.7917 	EXP 	Display Frame 4
866.8251 	EXP 	Display Frame 5
866.8583 	EXP 	Display Frame 6
866.8917 	EXP 	Display Frame 7
866.9250 	EXP 	Display Frame 8
866.9584 	EXP 	Display Frame 9
866.9917 	EXP 	Display Frame 0
867.0250 	EXP 	Display Frame 1
867.0584 	EXP 	Display Frame 2
867.0917 	EXP 	Display Frame 3
867.1250 	EXP 	Display Frame 4
867.1584 	EXP 	Display Frame 5
867.1917 	EXP 	Display Frame 6
867.2250 	EXP 	Display Frame 7
867.2583 	EXP 	Display Frame 8
867.2917 	EXP 	Display Frame 9
867.3250 	EXP 	Display Frame 0
867.3584 	EXP 	Display Frame 1
867.3917 	EXP 	Display Frame 2
867.4250 	EXP 	Display Frame 3
867.4584 	EXP 	Display Frame 4
867.4917 	EXP 	Display Frame 5
867.5250 	EXP 	Display Frame 6
867.5584 	EXP 	Display Frame 7
867.5917 	EXP 	Display Frame 8
867.6250 	EXP 	Display Frame 9
867.6584 	EXP 	Display Frame 0
867.6917 	EXP 	Display Frame 1
867.7250 	EXP 	Display Frame 2
867.7584 	EXP 	Display Frame 3
867.7917 	EXP 	Display Frame 4
867.8250 	EXP 	Display Frame 5
867.8583 	EXP 	Display Frame 6
867.8917 	EXP 	Display Frame 7
867.9250 	EXP 	Display Frame 8
867.9584 	EXP 	Display Frame 9
867.9917 	EXP 	Display Frame 0
868.0250 	EXP 	Display Frame 1
868.0584 	EXP 	Display Frame 2
868.0917 	EXP 	Display Frame 3
868.1250 	EXP 	Display Frame 4
868.1584 	EXP 	Display Frame 5
868.1918 	EXP 	Display Frame 6
868.2250 	EXP 	Display Frame 7
868.2584 	EXP 	Display Frame 8
868.2917 	EXP 	Display Frame 9
868.3251 	EXP 	Display Frame 0
868.3584 	EXP 	Display Frame 1
868.3917 	EXP 	Display Frame 2
868.4250 	EXP 	Display Frame 3
868.4584 	EXP 	Display Frame 4
868.4917 	EXP 	Display Frame 5
868.5250 	EXP 	Display Frame 6
868.5584 	EXP 	Display Frame 7
868.5917 	EXP 	Display Frame 8
868.6250 	EXP 	Display Frame 9
868.6584 	EXP 	Display Frame 0
868.6917 	EXP 	Display Frame 1
868.7250 	EXP 	Display Frame 2
868.7584 	EXP 	Display Frame 3
868.7917 	EXP 	Display Frame 4
868.8250 	EXP 	Display Frame 5
868.8584 	EXP 	Display Frame 6
868.8917 	EXP 	Display Frame 7
868.9250 	EXP 	Display Frame 8
868.9583 	EXP 	Display Frame 9
868.9917 	EXP 	Display Frame 0
869.0250 	EXP 	Display Frame 1
869.0583 	EXP 	Display Frame 2
869.0917 	EXP 	Display Frame 3
869.1250 	EXP 	Display Frame 4
869.1584 	EXP 	Display Frame 5
869.1916 	EXP 	Display Frame 6
869.2250 	EXP 	Display Frame 7
869.2583 	EXP 	Display Frame 8
869.2917 	EXP 	Display Frame 9
869.3250 	EXP 	Display Frame 0
869.3583 	EXP 	Display Frame 1
869.3917 	EXP 	Display Frame 2
869.4250 	EXP 	Display Frame 3
869.4586 	EXP 	Display Frame 4
869.4917 	EXP 	Display Frame 5
869.5251 	EXP 	Display Frame 6
869.5583 	EXP 	Display Frame 7
869.5917 	EXP 	Display Frame 8
869.6251 	EXP 	Display Frame 9
869.6584 	EXP 	Display Frame 0
869.6917 	EXP 	Display Frame 1
869.7250 	EXP 	Display Frame 2
869.7584 	EXP 	Display Frame 3
869.7917 	EXP 	Display Frame 4
869.8250 	EXP 	Display Frame 5
869.8583 	EXP 	Display Frame 6
869.8917 	EXP 	Display Frame 7
869.9251 	EXP 	Display Frame 8
869.9583 	EXP 	Display Frame 9
869.9917 	EXP 	Display Frame 0
870.0250 	EXP 	Display Frame 1
870.0584 	EXP 	Display Frame 2
870.0917 	EXP 	Display Frame 3
870.1251 	EXP 	Display Frame 4
870.1583 	EXP 	Display Frame 5
870.1917 	EXP 	Display Frame 6
870.2250 	EXP 	Display Frame 7
870.2583 	EXP 	Display Frame 8
870.2917 	EXP 	Display Frame 9
870.3250 	EXP 	Display Frame 0
870.3583 	EXP 	Display Frame 1
870.3917 	EXP 	Display Frame 2
870.4250 	EXP 	Display Frame 3
870.4584 	EXP 	Display Frame 4
870.4917 	EXP 	Display Frame 5
870.5251 	EXP 	Display Frame 6
870.5583 	EXP 	Display Frame 7
870.5917 	EXP 	Display Frame 8
870.6250 	EXP 	Display Frame 9
870.6584 	EXP 	Display Frame 0
870.6917 	EXP 	Display Frame 1
870.7250 	EXP 	Display Frame 2
870.7584 	EXP 	Display Frame 3
870.7917 	EXP 	Display Frame 4
870.8250 	EXP 	Display Frame 5
870.8583 	EXP 	Display Frame 6
870.8917 	EXP 	Display Frame 7
870.9250 	EXP 	Display Frame 8
870.9584 	EXP 	Display Frame 9
870.9917 	EXP 	Display Frame 0
871.0250 	EXP 	Display Frame 1
871.0584 	EXP 	Display Frame 2
871.0917 	EXP 	Display Frame 3
871.1250 	EXP 	Display Frame 4
871.1584 	EXP 	Display Frame 5
871.1917 	EXP 	Display Frame 6
871.2250 	EXP 	Display Frame 7
871.2583 	EXP 	Display Frame 8
871.2917 	EXP 	Display Frame 9
871.3251 	EXP 	Display Frame 0
871.3583 	EXP 	Display Frame 1
871.3917 	EXP 	Display Frame 2
871.4251 	EXP 	Display Frame 3
871.4583 	EXP 	Display Frame 4
871.4917 	EXP 	Display Frame 5
871.5250 	EXP 	Display Frame 6
871.5584 	EXP 	Display Frame 7
871.5918 	DATA 	Keypress: equal
871.5929 	EXP 	Display Frame 8
871.6250 	EXP 	Display Frame 9
871.6584 	EXP 	Display Frame 0
871.6917 	EXP 	Display Frame 1
871.7250 	EXP 	Display Frame 2
871.7584 	EXP 	Display Frame 3
871.7917 	EXP 	Display Frame 4
871.8250 	EXP 	Display Frame 5
871.8584 	EXP 	Display Frame 6
871.8917 	EXP 	Display Frame 7
871.9250 	EXP 	Display Frame 8
871.9584 	EXP 	Display Frame 9
871.9917 	EXP 	Display Frame 0
872.0250 	EXP 	Display Frame 1
872.0583 	EXP 	Display Frame 2
872.0917 	EXP 	Display Frame 3
872.1250 	EXP 	Display Frame 4
872.1584 	EXP 	Display Frame 5
872.1917 	EXP 	Display Frame 6
872.2250 	EXP 	Display Frame 7
872.2584 	EXP 	Display Frame 8
872.2917 	EXP 	Display Frame 9
872.3250 	EXP 	Display Frame 0
872.3583 	EXP 	Display Frame 1
872.3917 	EXP 	Display Frame 2
872.4250 	EXP 	Display Frame 3
872.4584 	EXP 	Display Frame 4
872.4917 	EXP 	Display Frame 5
872.5250 	EXP 	Display Frame 6
872.5584 	EXP 	Display Frame 7
872.5917 	EXP 	Display Frame 8
872.6250 	EXP 	Display Frame 9
872.6584 	EXP 	Display Frame 0
872.6917 	EXP 	Display Frame 1
872.7250 	EXP 	Display Frame 2
872.7584 	EXP 	Display Frame 3
872.7917 	EXP 	Display Frame 4
872.8250 	EXP 	Display Frame 5
872.8584 	EXP 	Display Frame 6
872.8917 	EXP 	Display Frame 7
872.9250 	EXP 	Display Frame 8
872.9583 	EXP 	Display Frame 9
872.9917 	EXP 	Display Frame 0
873.0249 	EXP 	Display Frame 1
873.0583 	EXP 	Display Frame 2
873.0917 	EXP 	Display Frame 3
873.1250 	EXP 	Display Frame 4
873.1584 	EXP 	Display Frame 5
873.1917 	EXP 	Display Frame 6
873.2250 	EXP 	Display Frame 7
873.2584 	EXP 	Display Frame 8
873.2917 	EXP 	Display Frame 9
873.3250 	EXP 	Display Frame 0
873.3584 	EXP 	Display Frame 1
873.3917 	EXP 	Display Frame 2
873.4250 	EXP 	Display Frame 3
873.4584 	EXP 	Display Frame 4
873.4918 	EXP 	Display Frame 5
873.5254 	EXP 	Display Frame 6
873.5583 	EXP 	Display Frame 7
873.5917 	EXP 	Display Frame 8
873.6250 	EXP 	Display Frame 9
873.6584 	EXP 	Display Frame 0
873.6917 	EXP 	Display Frame 1
873.7250 	EXP 	Display Frame 2
873.7584 	EXP 	Display Frame 3
873.7917 	EXP 	Display Frame 4
873.8250 	EXP 	Display Frame 5
873.8583 	EXP 	Display Frame 6
873.8917 	EXP 	Display Frame 7
873.9250 	EXP 	Display Frame 8
873.9584 	EXP 	Display Frame 9
873.9917 	EXP 	Display Frame 0
874.0250 	EXP 	Display Frame 1
874.0583 	EXP 	Display Frame 2
874.0917 	EXP 	Display Frame 3
874.1251 	EXP 	Display Frame 4
874.1583 	EXP 	Display Frame 5
874.1917 	EXP 	Display Frame 6
874.2250 	EXP 	Display Frame 7
874.2584 	EXP 	Display Frame 8
874.2917 	EXP 	Display Frame 9
874.3250 	EXP 	Display Frame 0
874.3583 	EXP 	Display Frame 1
874.3917 	EXP 	Display Frame 2
874.4251 	EXP 	Display Frame 3
874.4584 	EXP 	Display Frame 4
874.4917 	EXP 	Display Frame 5
874.5250 	EXP 	Display Frame 6
874.5584 	EXP 	Display Frame 7
874.5917 	EXP 	Display Frame 8
874.6250 	EXP 	Display Frame 9
874.6584 	EXP 	Display Frame 0
874.6917 	EXP 	Display Frame 1
874.7250 	EXP 	Display Frame 2
874.7584 	EXP 	Display Frame 3
874.7917 	EXP 	Display Frame 4
874.8250 	EXP 	Display Frame 5
874.8584 	EXP 	Display Frame 6
874.8917 	EXP 	Display Frame 7
874.9250 	EXP 	Display Frame 8
874.9584 	EXP 	Display Frame 9
874.9917 	EXP 	Display Frame 0
875.0250 	EXP 	Display Frame 1
875.0583 	EXP 	Display Frame 2
875.0917 	EXP 	Display Frame 3
875.1250 	EXP 	Display Frame 4
875.1584 	EXP 	Display Frame 5
875.1917 	EXP 	Display Frame 6
875.2252 	EXP 	Display Frame 7
875.2584 	EXP 	Display Frame 8
875.2917 	EXP 	Display Frame 9
875.3251 	EXP 	Display Frame 0
875.3584 	EXP 	Display Frame 1
875.3917 	EXP 	Display Frame 2
875.4250 	EXP 	Display Frame 3
875.4584 	EXP 	Display Frame 4
875.4917 	EXP 	Display Frame 5
875.5250 	EXP 	Display Frame 6
875.5583 	EXP 	Display Frame 7
875.5917 	EXP 	Display Frame 8
875.6251 	EXP 	Display Frame 9
875.6584 	EXP 	Display Frame 0
875.6917 	EXP 	Display Frame 1
875.7250 	EXP 	Display Frame 2
875.7584 	EXP 	Display Frame 3
875.7917 	EXP 	Display Frame 4
875.8250 	EXP 	Display Frame 5
875.8584 	EXP 	Display Frame 6
875.8917 	EXP 	Display Frame 7
875.9250 	EXP 	Display Frame 8
875.9584 	EXP 	Display Frame 9
875.9917 	EXP 	Display Frame 0
876.0250 	EXP 	Display Frame 1
876.0583 	EXP 	Display Frame 2
876.0917 	EXP 	Display Frame 3
876.1250 	EXP 	Display Frame 4
876.1584 	EXP 	Display Frame 5
876.1917 	EXP 	Display Frame 6
876.2250 	EXP 	Display Frame 7
876.2584 	EXP 	Display Frame 8
876.2917 	EXP 	Display Frame 9
876.3250 	EXP 	Display Frame 0
876.3584 	EXP 	Display Frame 1
876.3917 	EXP 	Display Frame 2
876.4250 	EXP 	Display Frame 3
876.4584 	EXP 	Display Frame 4
876.4917 	EXP 	Display Frame 5
876.5250 	EXP 	Display Frame 6
876.5598 	EXP 	Display Frame 7
876.5917 	EXP 	Display Frame 8
876.6251 	EXP 	Display Frame 9
876.6584 	EXP 	Display Frame 0
876.6917 	EXP 	Display Frame 1
876.7251 	EXP 	Display Frame 2
876.7584 	EXP 	Display Frame 3
876.7918 	DATA 	Keypress: equal
876.7929 	EXP 	Display Frame 4
876.8250 	EXP 	Display Frame 5
876.8584 	EXP 	Display Frame 6
876.8917 	EXP 	Display Frame 7
876.9250 	EXP 	Display Frame 8
876.9584 	EXP 	Display Frame 9
876.9917 	EXP 	Display Frame 0
877.0250 	EXP 	Display Frame 1
877.0583 	EXP 	Display Frame 2
877.0917 	EXP 	Display Frame 3
877.1250 	EXP 	Display Frame 4
877.1584 	EXP 	Display Frame 5
877.1917 	EXP 	Display Frame 6
877.2250 	EXP 	Display Frame 7
877.2584 	EXP 	Display Frame 8
877.2917 	EXP 	Display Frame 9
877.3251 	EXP 	Display Frame 0
877.3583 	EXP 	Display Frame 1
877.3917 	EXP 	Display Frame 2
877.4250 	EXP 	Display Frame 3
877.4584 	EXP 	Display Frame 4
877.4917 	EXP 	Display Frame 5
877.5250 	EXP 	Display Frame 6
877.5584 	EXP 	Display Frame 7
877.5917 	EXP 	Display Frame 8
877.6250 	EXP 	Display Frame 9
877.6583 	EXP 	Display Frame 0
877.6917 	EXP 	Display Frame 1
877.7250 	EXP 	Display Frame 2
877.7584 	EXP 	Display Frame 3
877.7917 	EXP 	Display Frame 4
877.8251 	EXP 	Display Frame 5
877.8583 	EXP 	Display Frame 6
877.8917 	EXP 	Display Frame 7
877.9250 	EXP 	Display Frame 8
877.9584 	EXP 	Display Frame 9
877.9917 	EXP 	Display Frame 0
878.0250 	EXP 	Display Frame 1
878.0584 	EXP 	Display Frame 2
878.0917 	EXP 	Display Frame 3
878.1250 	EXP 	Display Frame 4
878.1584 	EXP 	Display Frame 5
878.1917 	EXP 	Display Frame 6
878.2250 	EXP 	Display Frame 7
878.2583 	EXP 	Display Frame 8
878.2917 	EXP 	Display Frame 9
878.3250 	EXP 	Display Frame 0
878.3584 	EXP 	Display Frame 1
878.3917 	EXP 	Display Frame 2
878.4250 	EXP 	Display Frame 3
878.4584 	EXP 	Display Frame 4
878.4917 	EXP 	Display Frame 5
878.5250 	EXP 	Display Frame 6
878.5583 	EXP 	Display Frame 7
878.5917 	EXP 	Display Frame 8
878.6250 	EXP 	Display Frame 9
878.6584 	EXP 	Display Frame 0
878.6917 	EXP 	Display Frame 1
878.7250 	EXP 	Display Frame 2
878.7584 	EXP 	Display Frame 3
878.7917 	EXP 	Display Frame 4
878.8252 	EXP 	Display Frame 5
878.8585 	EXP 	Display Frame 6
878.8917 	EXP 	Display Frame 7
878.9250 	EXP 	Display Frame 8
878.9584 	EXP 	Display Frame 9
878.9917 	EXP 	Display Frame 0
879.0250 	EXP 	Display Frame 1
879.0584 	EXP 	Display Frame 2
879.0917 	EXP 	Display Frame 3
879.1251 	EXP 	Display Frame 4
879.1583 	EXP 	Display Frame 5
879.1917 	EXP 	Display Frame 6
879.2250 	EXP 	Display Frame 7
879.2584 	EXP 	Display Frame 8
879.2917 	EXP 	Display Frame 9
879.3250 	EXP 	Display Frame 0
879.3583 	EXP 	Display Frame 1
879.3917 	EXP 	Display Frame 2
879.4251 	EXP 	Display Frame 3
879.4584 	EXP 	Display Frame 4
879.4917 	EXP 	Display Frame 5
879.5265 	EXP 	Display Frame 6
879.5584 	EXP 	Display Frame 7
879.5917 	EXP 	Display Frame 8
879.6250 	EXP 	Display Frame 9
879.6583 	EXP 	Display Frame 0
879.6917 	EXP 	Display Frame 1
879.7250 	EXP 	Display Frame 2
879.7583 	EXP 	Display Frame 3
879.7917 	EXP 	Display Frame 4
879.8250 	EXP 	Display Frame 5
879.8583 	EXP 	Display Frame 6
879.8917 	EXP 	Display Frame 7
879.9251 	EXP 	Display Frame 8
879.9584 	EXP 	Display Frame 9
879.9917 	EXP 	Display Frame 0
880.0250 	EXP 	Display Frame 1
880.0583 	EXP 	Display Frame 2
880.0917 	EXP 	Display Frame 3
880.1250 	EXP 	Display Frame 4
880.1584 	EXP 	Display Frame 5
880.1917 	EXP 	Display Frame 6
880.2250 	EXP 	Display Frame 7
880.2584 	EXP 	Display Frame 8
880.2917 	EXP 	Display Frame 9
880.3251 	EXP 	Display Frame 0
880.3583 	EXP 	Display Frame 1
880.3917 	EXP 	Display Frame 2
880.4251 	EXP 	Display Frame 3
880.4584 	EXP 	Display Frame 4
880.4917 	EXP 	Display Frame 5
880.5251 	EXP 	Display Frame 6
880.5583 	EXP 	Display Frame 7
880.5917 	EXP 	Display Frame 8
880.6250 	EXP 	Display Frame 9
880.6584 	EXP 	Display Frame 0
880.6917 	EXP 	Display Frame 1
880.7250 	EXP 	Display Frame 2
880.7584 	EXP 	Display Frame 3
880.7925 	EXP 	Display Frame 4
880.8251 	EXP 	Display Frame 5
880.8583 	EXP 	Display Frame 6
880.8917 	EXP 	Display Frame 7
880.9250 	EXP 	Display Frame 8
880.9584 	EXP 	Display Frame 9
880.9919 	EXP 	Display Frame 0
881.0250 	EXP 	Display Frame 1
881.0584 	EXP 	Display Frame 2
881.0917 	EXP 	Display Frame 3
881.1251 	EXP 	Display Frame 4
881.1584 	EXP 	Display Frame 5
881.1917 	EXP 	Display Frame 6
881.2250 	EXP 	Display Frame 7
881.2584 	EXP 	Display Frame 8
881.2917 	EXP 	Display Frame 9
881.3250 	EXP 	Display Frame 0
881.3584 	EXP 	Display Frame 1
881.3917 	EXP 	Display Frame 2
881.4250 	EXP 	Display Frame 3
881.4584 	EXP 	Display Frame 4
881.4917 	EXP 	Display Frame 5
881.5250 	EXP 	Display Frame 6
881.5583 	EXP 	Display Frame 7
881.5917 	EXP 	Display Frame 8
881.6250 	EXP 	Display Frame 9
881.6584 	EXP 	Display Frame 0
881.6917 	EXP 	Display Frame 1
881.7250 	EXP 	Display Frame 2
881.7584 	EXP 	Display Frame 3
881.7917 	EXP 	Display Frame 4
881.8251 	EXP 	Display Frame 5
881.8583 	EXP 	Display Frame 6
881.8917 	EXP 	Display Frame 7
881.9250 	EXP 	Display Frame 8
881.9584 	EXP 	Display Frame 9
881.9591 	DATA 	Keypress: equal
881.9917 	EXP 	Display Frame 0
882.0250 	EXP 	Display Frame 1
882.0584 	EXP 	Display Frame 2
882.0917 	EXP 	Display Frame 3
882.1250 	EXP 	Display Frame 4
882.1583 	EXP 	Display Frame 5
882.1917 	EXP 	Display Frame 6
882.2250 	EXP 	Display Frame 7
882.2584 	EXP 	Display Frame 8
882.3016 	EXP 	Display Frame 9
882.3250 	EXP 	Display Frame 0
882.3584 	EXP 	Display Frame 1
882.3917 	EXP 	Display Frame 2
882.4250 	EXP 	Display Frame 3
882.4584 	EXP 	Display Frame 4
882.4917 	EXP 	Display Frame 5
882.5250 	EXP 	Display Frame 6
882.5584 	EXP 	Display Frame 7
882.5917 	EXP 	Display Frame 8
882.6250 	EXP 	Display Frame 9
882.6583 	EXP 	Display Frame 0
882.6917 	EXP 	Display Frame 1
882.7250 	EXP 	Display Frame 2
882.7584 	EXP 	Display Frame 3
882.7917 	EXP 	Display Frame 4
882.8251 	EXP 	Display Frame 5
882.8584 	EXP 	Display Frame 6
882.8917 	EXP 	Display Frame 7
882.9251 	EXP 	Display Frame 8
882.9584 	EXP 	Display Frame 9
882.9917 	EXP 	Display Frame 0
883.0249 	EXP 	Display Frame 1
883.0584 	EXP 	Display Frame 2
883.0917 	EXP 	Display Frame 3
883.1250 	EXP 	Display Frame 4
883.1584 	EXP 	Display Frame 5
883.1917 	EXP 	Display Frame 6
883.2250 	EXP 	Display Frame 7
883.2584 	EXP 	Display Frame 8
883.2917 	EXP 	Display Frame 9
883.3250 	EXP 	Display Frame 0
883.3584 	EXP 	Display Frame 1
883.3917 	EXP 	Display Frame 2
883.4250 	EXP 	Display Frame 3
883.4584 	EXP 	Display Frame 4
883.4917 	EXP 	Display Frame 5
883.5250 	EXP 	Display Frame 6
883.5583 	EXP 	Display Frame 7
883.5917 	EXP 	Display Frame 8
883.6250 	EXP 	Display Frame 9
883.6583 	EXP 	Display Frame 0
883.6917 	EXP 	Display Frame 1
883.7251 	EXP 	Display Frame 2
883.7584 	EXP 	Display Frame 3
883.7917 	EXP 	Display Frame 4
883.8250 	EXP 	Display Frame 5
883.8583 	EXP 	Display Frame 6
883.8917 	EXP 	Display Frame 7
883.9250 	EXP 	Display Frame 8
883.9584 	EXP 	Display Frame 9
883.9917 	EXP 	Display Frame 0
884.0250 	EXP 	Display Frame 1
884.0583 	EXP 	Display Frame 2
884.0917 	EXP 	Display Frame 3
884.1250 	EXP 	Display Frame 4
884.1585 	EXP 	Display Frame 5
884.1919 	EXP 	Display Frame 6
884.2250 	EXP 	Display Frame 7
884.2583 	EXP 	Display Frame 8
884.2917 	EXP 	Display Frame 9
884.3250 	EXP 	Display Frame 0
884.3583 	EXP 	Display Frame 1
884.3917 	EXP 	Display Frame 2
884.4250 	EXP 	Display Frame 3
884.4584 	EXP 	Display Frame 4
884.4917 	EXP 	Display Frame 5
884.5250 	EXP 	Display Frame 6
884.5584 	EXP 	Display Frame 7
884.5917 	EXP 	Display Frame 8
884.6250 	EXP 	Display Frame 9
884.6584 	EXP 	Display Frame 0
884.6917 	EXP 	Display Frame 1
884.7250 	EXP 	Display Frame 2
884.7583 	EXP 	Display Frame 3
884.7917 	EXP 	Display Frame 4
884.8250 	EXP 	Display Frame 5
884.8584 	EXP 	Display Frame 6
884.8917 	EXP 	Display Frame 7
884.9250 	EXP 	Display Frame 8
884.9584 	EXP 	Display Frame 9
884.9917 	EXP 	Display Frame 0
885.0250 	EXP 	Display Frame 1
885.0584 	EXP 	Display Frame 2
885.0917 	EXP 	Display Frame 3
885.1250 	EXP 	Display Frame 4
885.1584 	EXP 	Display Frame 5
885.1917 	EXP 	Display Frame 6
885.2250 	EXP 	Display Frame 7
885.2583 	EXP 	Display Frame 8
885.2917 	EXP 	Display Frame 9
885.3250 	EXP 	Display Frame 0
885.3584 	EXP 	Display Frame 1
885.3917 	EXP 	Display Frame 2
885.4250 	EXP 	Display Frame 3
885.4584 	EXP 	Display Frame 4
885.4917 	EXP 	Display Frame 5
885.5250 	EXP 	Display Frame 6
885.5584 	EXP 	Display Frame 7
885.5917 	EXP 	Display Frame 8
885.6250 	EXP 	Display Frame 9
885.6584 	EXP 	Display Frame 0
885.6917 	EXP 	Display Frame 1
885.7250 	EXP 	Display Frame 2
885.7584 	EXP 	Display Frame 3
885.7917 	EXP 	Display Frame 4
885.8250 	EXP 	Display Frame 5
885.8583 	EXP 	Display Frame 6
885.8917 	EXP 	Display Frame 7
885.9250 	EXP 	Display Frame 8
885.9584 	EXP 	Display Frame 9
885.9917 	EXP 	Display Frame 0
886.0250 	EXP 	Display Frame 1
886.0584 	EXP 	Display Frame 2
886.0917 	EXP 	Display Frame 3
886.1251 	EXP 	Display Frame 4
886.1584 	EXP 	Display Frame 5
886.1917 	EXP 	Display Frame 6
886.2250 	EXP 	Display Frame 7
886.2584 	EXP 	Display Frame 8
886.2917 	EXP 	Display Frame 9
886.3250 	EXP 	Display Frame 0
886.3584 	EXP 	Display Frame 1
886.3917 	EXP 	Display Frame 2
886.4250 	EXP 	Display Frame 3
886.4584 	EXP 	Display Frame 4
886.4917 	EXP 	Display Frame 5
886.5250 	EXP 	Display Frame 6
886.5583 	EXP 	Display Frame 7
886.5917 	EXP 	Display Frame 8
886.6250 	EXP 	Display Frame 9
886.6584 	EXP 	Display Frame 0
886.6917 	EXP 	Display Frame 1
886.7250 	EXP 	Display Frame 2
886.7585 	EXP 	Display Frame 3
886.7917 	EXP 	Display Frame 4
886.8251 	EXP 	Display Frame 5
886.8584 	EXP 	Display Frame 6
886.8917 	EXP 	Display Frame 7
886.9250 	EXP 	Display Frame 8
886.9584 	EXP 	Display Frame 9
886.9918 	EXP 	Display Frame 0
887.0250 	EXP 	Display Frame 1
887.0584 	EXP 	Display Frame 2
887.0917 	EXP 	Display Frame 3
887.1250 	EXP 	Display Frame 4
887.1584 	DATA 	Keypress: equal
887.1595 	EXP 	Display Frame 5
887.1717 	EXP 	Display Fixation
892.3457 	DATA 	Keypress: equal
897.5387 	DATA 	Keypress: equal
902.7330 	DATA 	Keypress: equal
907.9260 	DATA 	Keypress: equal
913.1200 	DATA 	Keypress: equal
918.3140 	DATA 	Keypress: equal
918.3484 	EXP 	Display Frame 1
918.3817 	EXP 	Display Frame 2
918.4150 	EXP 	Display Frame 3
918.4483 	EXP 	Display Frame 4
918.4818 	EXP 	Display Frame 5
918.5149 	EXP 	Display Frame 6
918.5483 	EXP 	Display Frame 7
918.5816 	EXP 	Display Frame 8
918.6149 	EXP 	Display Frame 9
918.6483 	EXP 	Display Frame 0
918.6816 	EXP 	Display Frame 1
918.7149 	EXP 	Display Frame 2
918.7483 	EXP 	Display Frame 3
918.7816 	EXP 	Display Frame 4
918.8149 	EXP 	Display Frame 5
918.8486 	EXP 	Display Frame 6
918.8816 	EXP 	Display Frame 7
918.9152 	EXP 	Display Frame 8
918.9483 	EXP 	Display Frame 9
918.9817 	EXP 	Display Frame 0
919.0150 	EXP 	Display Frame 1
919.0482 	EXP 	Display Frame 2
919.0816 	EXP 	Display Frame 3
919.1149 	EXP 	Display Frame 4
919.1483 	EXP 	Display Frame 5
919.1815 	EXP 	Display Frame 6
919.2149 	EXP 	Display Frame 7
919.2483 	EXP 	Display Frame 8
919.2816 	EXP 	Display Frame 9
919.3149 	EXP 	Display Frame 0
919.3482 	EXP 	Display Frame 1
919.3816 	EXP 	Display Frame 2
919.4149 	EXP 	Display Frame 3
919.4482 	EXP 	Display Frame 4
919.4816 	EXP 	Display Frame 5
919.5149 	EXP 	Display Frame 6
919.5482 	EXP 	Display Frame 7
919.5816 	EXP 	Display Frame 8
919.6149 	EXP 	Display Frame 9
919.6482 	EXP 	Display Frame 0
919.6816 	EXP 	Display Frame 1
919.7149 	EXP 	Display Frame 2
919.7482 	EXP 	Display Frame 3
919.7816 	EXP 	Display Frame 4
919.8149 	EXP 	Display Frame 5
919.8482 	EXP 	Display Frame 6
919.8816 	EXP 	Display Frame 7
919.9149 	EXP 	Display Frame 8
919.9483 	EXP 	Display Frame 9
919.9816 	EXP 	Display Frame 0
920.0149 	EXP 	Display Frame 1
920.0482 	EXP 	Display Frame 2
920.0816 	EXP 	Display Frame 3
920.1149 	EXP 	Display Frame 4
920.1483 	EXP 	Display Frame 5
920.1816 	EXP 	Display Frame 6
920.2149 	EXP 	Display Frame 7
920.2483 	EXP 	Display Frame 8
920.2816 	EXP 	Display Frame 9
920.3149 	EXP 	Display Frame 0
920.3482 	EXP 	Display Frame 1
920.3815 	EXP 	Display Frame 2
920.4149 	EXP 	Display Frame 3
920.4483 	EXP 	Display Frame 4
920.4816 	EXP 	Display Frame 5
920.5149 	EXP 	Display Frame 6
920.5482 	EXP 	Display Frame 7
920.5816 	EXP 	Display Frame 8
920.6149 	EXP 	Display Frame 9
920.6482 	EXP 	Display Frame 0
920.6816 	EXP 	Display Frame 1
920.7149 	EXP 	Display Frame 2
920.7482 	EXP 	Display Frame 3
920.7816 	EXP 	Display Frame 4
920.8149 	EXP 	Display Frame 5
920.8482 	EXP 	Display Frame 6
920.8816 	EXP 	Display Frame 7
920.9149 	EXP 	Display Frame 8
920.9483 	EXP 	Display Frame 9
920.9816 	EXP 	Display Frame 0
921.0149 	EXP 	Display Frame 1
921.0482 	EXP 	Display Frame 2
921.0816 	EXP 	Display Frame 3
921.1149 	EXP 	Display Frame 4
921.1482 	EXP 	Display Frame 5
921.1816 	EXP 	Display Frame 6
921.2149 	EXP 	Display Frame 7
921.2482 	EXP 	Display Frame 8
921.2816 	EXP 	Display Frame 9
921.3149 	EXP 	Display Frame 0
921.3482 	EXP 	Display Frame 1
921.3816 	EXP 	Display Frame 2
921.4149 	EXP 	Display Frame 3
921.4483 	EXP 	Display Frame 4
921.4817 	EXP 	Display Frame 5
921.5149 	EXP 	Display Frame 6
921.5482 	EXP 	Display Frame 7
921.5816 	EXP 	Display Frame 8
921.6149 	EXP 	Display Frame 9
921.6482 	EXP 	Display Frame 0
921.6816 	EXP 	Display Frame 1
921.7149 	EXP 	Display Frame 2
921.7483 	EXP 	Display Frame 3
921.7816 	EXP 	Display Frame 4
921.8149 	EXP 	Display Frame 5
921.8482 	EXP 	Display Frame 6
921.8816 	EXP 	Display Frame 7
921.9149 	EXP 	Display Frame 8
921.9482 	EXP 	Display Frame 9
921.9816 	EXP 	Display Frame 0
922.0149 	EXP 	Display Frame 1
922.0483 	EXP 	Display Frame 2
922.0816 	EXP 	Display Frame 3
922.1149 	EXP 	Display Frame 4
922.1482 	EXP 	Display Frame 5
922.1816 	EXP 	Display Frame 6
922.2149 	EXP 	Display Frame 7
922.2482 	EXP 	Display Frame 8
922.2816 	EXP 	Display Frame 9
922.3149 	EXP 	Display Frame 0
922.3482 	EXP 	Display Frame 1
922.3816 	EXP 	Display Frame 2
922.4149 	EXP 	Display Frame 3
922.4482 	EXP 	Display Frame 4
922.4816 	EXP 	Display Frame 5
922.5150 	EXP 	Display Frame 6
922.5482 	EXP 	Display Frame 7
922.5816 	EXP 	Display Frame 8
922.6149 	EXP 	Display Frame 9
922.6482 	EXP 	Display Frame 0
922.6816 	EXP 	Display Frame 1
922.7149 	EXP 	Display Frame 2
922.7483 	EXP 	Display Frame 3
922.7816 	EXP 	Display Frame 4
922.8149 	EXP 	Display Frame 5
922.8482 	EXP 	Display Frame 6
922.8816 	EXP 	Display Frame 7
922.9149 	EXP 	Display Frame 8
922.9482 	EXP 	Display Frame 9
922.9816 	EXP 	Display Frame 0
923.0149 	EXP 	Display Frame 1
923.0483 	EXP 	Display Frame 2
923.0816 	EXP 	Display Frame 3
923.1149 	EXP 	Display Frame 4
923.1482 	EXP 	Display Frame 5
923.1816 	EXP 	Display Frame 6
923.2149 	EXP 	Display Frame 7
923.2482 	EXP 	Display Frame 8
923.2816 	EXP 	Display Frame 9
923.3149 	EXP 	Display Frame 0
923.3482 	EXP 	Display Frame 1
923.3816 	EXP 	Display Frame 2
923.4149 	EXP 	Display Frame 3
923.4482 	EXP 	Display Frame 4
923.4816 	EXP 	Display Frame 5
923.5150 	DATA 	Keypress: equal
923.5160 	EXP 	Display Frame 6
923.5483 	EXP 	Display Frame 7
923.5816 	EXP 	Display Frame 8
923.6149 	EXP 	Display Frame 9
923.6483 	EXP 	Display Frame 0
923.6816 	EXP 	Display Frame 1
923.7149 	EXP 	Display Frame 2
923.7482 	EXP 	Display Frame 3
923.7816 	EXP 	Display Frame 4
923.8149 	EXP 	Display Frame 5
923.8483 	EXP 	Display Frame 6
923.8816 	EXP 	Display Frame 7
923.9149 	EXP 	Display Frame 8
923.9482 	EXP 	Display Frame 9
923.9816 	EXP 	Display Frame 0
924.0149 	EXP 	Display Frame 1
924.0482 	EXP 	Display Frame 2
924.0816 	EXP 	Display Frame 3
924.1149 	EXP 	Display Frame 4
924.1483 	EXP 	Display Frame 5
924.1817 	EXP 	Display Frame 6
924.2149 	EXP 	Display Frame 7
924.2487 	EXP 	Display Frame 8
924.2819 	EXP 	Display Frame 9
924.3150 	EXP 	Display Frame 0
924.3483 	EXP 	Display Frame 1
924.3817 	EXP 	Display Frame 2
924.4149 	EXP 	Display Frame 3
924.4483 	EXP 	Display Frame 4
924.4816 	EXP 	Display Frame 5
924.5150 	EXP 	Display Frame 6
924.5482 	EXP 	Display Frame 7
924.5816 	EXP 	Display Frame 8
924.6149 	EXP 	Display Frame 9
924.6482 	EXP 	Display Frame 0
924.6816 	EXP 	Display Frame 1
924.7149 	EXP 	Display Frame 2
924.7483 	EXP 	Display Frame 3
924.7816 	EXP 	Display Frame 4
924.8149 	EXP 	Display Frame 5
924.8482 	EXP 	Display Frame 6
924.8816 	EXP 	Display Frame 7
924.9149 	EXP 	Display Frame 8
924.9482 	EXP 	Display Frame 9
924.9816 	EXP 	Display Frame 0
925.0149 	EXP 	Display Frame 1
925.0483 	EXP 	Display Frame 2
925.0816 	EXP 	Display Frame 3
925.1149 	EXP 	Display Frame 4
925.1483 	EXP 	Display Frame 5
925.1816 	EXP 	Display Frame 6
925.2149 	EXP 	Display Frame 7
925.2482 	EXP 	Display Frame 8
925.2816 	EXP 	Display Frame 9
925.3149 	EXP 	Display Frame 0
925.3482 	EXP 	Display Frame 1
925.3815 	EXP 	Display Frame 2
925.4149 	EXP 	Display Frame 3
925.4483 	EXP 	Display Frame 4
925.4816 	EXP 	Display Frame 5
925.5149 	EXP 	Display Frame 6
925.5483 	EXP 	Display Frame 7
925.5816 	EXP 	Display Frame 8
925.6149 	EXP 	Display Frame 9
925.6482 	EXP 	Display Frame 0
925.6816 	EXP 	Display Frame 1
925.7150 	EXP 	Display Frame 2
925.7482 	EXP 	Display Frame 3
925.7816 	EXP 	Display Frame 4
925.8149 	EXP 	Display Frame 5
925.8483 	EXP 	Display Frame 6
925.8816 	EXP 	Display Frame 7
925.9149 	EXP 	Display Frame 8
925.9482 	EXP 	Display Frame 9
925.9816 	EXP 	Display Frame 0
926.0149 	EXP 	Display Frame 1
926.0482 	EXP 	Display Frame 2
926.0816 	EXP 	Display Frame 3
926.1150 	EXP 	Display Frame 4
926.1482 	EXP 	Display Frame 5
926.1816 	EXP 	Display Frame 6
926.2149 	EXP 	Display Frame 7
926.2482 	EXP 	Display Frame 8
926.2817 	EXP 	Display Frame 9
926.3152 	EXP 	Display Frame 0
926.3487 	EXP 	Display Frame 1
926.3818 	EXP 	Display Frame 2
926.4153 	EXP 	Display Frame 3
926.4485 	EXP 	Display Frame 4
926.4818 	EXP 	Display Frame 5
926.5151 	EXP 	Display Frame 6
926.5484 	EXP 	Display Frame 7
926.5818 	EXP 	Display Frame 8
926.6149 	EXP 	Display Frame 9
926.6486 	EXP 	Display Frame 0
926.6819 	EXP 	Display Frame 1
926.7151 	EXP 	Display Frame 2
926.7485 	EXP 	Display Frame 3
926.7818 	EXP 	Display Frame 4
926.8152 	EXP 	Display Frame 5
926.8483 	EXP 	Display Frame 6
926.8816 	EXP 	Display Frame 7
926.9150 	EXP 	Display Frame 8
926.9483 	EXP 	Display Frame 9
926.9819 	EXP 	Display Frame 0
927.0151 	EXP 	Display Frame 1
927.0484 	EXP 	Display Frame 2
927.0816 	EXP 	Display Frame 3
927.1151 	EXP 	Display Frame 4
927.1485 	EXP 	Display Frame 5
927.1818 	EXP 	Display Frame 6
927.2151 	EXP 	Display Frame 7
927.2484 	EXP 	Display Frame 8
927.2817 	EXP 	Display Frame 9
927.3150 	EXP 	Display Frame 0
927.3484 	EXP 	Display Frame 1
927.3816 	EXP 	Display Frame 2
927.4150 	EXP 	Display Frame 3
927.4483 	EXP 	Display Frame 4
927.4816 	EXP 	Display Frame 5
927.5149 	EXP 	Display Frame 6
927.5483 	EXP 	Display Frame 7
927.5816 	EXP 	Display Frame 8
927.6149 	EXP 	Display Frame 9
927.6482 	EXP 	Display Frame 0
927.6816 	EXP 	Display Frame 1
927.7150 	EXP 	Display Frame 2
927.7482 	EXP 	Display Frame 3
927.7816 	EXP 	Display Frame 4
927.8149 	EXP 	Display Frame 5
927.8483 	EXP 	Display Frame 6
927.8816 	EXP 	Display Frame 7
927.9150 	EXP 	Display Frame 8
927.9483 	EXP 	Display Frame 9
927.9816 	EXP 	Display Frame 0
928.0149 	EXP 	Display Frame 1
928.0482 	EXP 	Display Frame 2
928.0816 	EXP 	Display Frame 3
928.1149 	EXP 	Display Frame 4
928.1483 	EXP 	Display Frame 5
928.1816 	EXP 	Display Frame 6
928.2150 	EXP 	Display Frame 7
928.2483 	EXP 	Display Frame 8
928.2816 	EXP 	Display Frame 9
928.3150 	EXP 	Display Frame 0
928.3482 	EXP 	Display Frame 1
928.3816 	EXP 	Display Frame 2
928.4149 	EXP 	Display Frame 3
928.4483 	EXP 	Display Frame 4
928.4816 	EXP 	Display Frame 5
928.5149 	EXP 	Display Frame 6
928.5483 	EXP 	Display Frame 7
928.5816 	EXP 	Display Frame 8
928.6149 	EXP 	Display Frame 9
928.6483 	EXP 	Display Frame 0
928.6816 	EXP 	Display Frame 1
928.7151 	DATA 	Keypress: equal
928.7161 	EXP 	Display Frame 2
928.7482 	EXP 	Display Frame 3
928.7816 	EXP 	Display Frame 4
928.8149 	EXP 	Display Frame 5
928.8482 	EXP 	Display Frame 6
928.8816 	EXP 	Display Frame 7
928.9150 	EXP 	Display Frame 8
928.9482 	EXP 	Display Frame 9
928.9816 	EXP 	Display Frame 0
929.0149 	EXP 	Display Frame 1
929.0483 	EXP 	Display Frame 2
929.0816 	EXP 	Display Frame 3
929.1149 	EXP 	Display Frame 4
929.1482 	EXP 	Display Frame 5
929.1816 	EXP 	Display Frame 6
929.2149 	EXP 	Display Frame 7
929.2483 	EXP 	Display Frame 8
929.2816 	EXP 	Display Frame 9
929.3149 	EXP 	Display Frame 0
929.3482 	EXP 	Display Frame 1
929.3816 	EXP 	Display Frame 2
929.4149 	EXP 	Display Frame 3
929.4485 	EXP 	Display Frame 4
929.4816 	EXP 	Display Frame 5
929.5150 	EXP 	Display Frame 6
929.5483 	EXP 	Display Frame 7
929.5816 	EXP 	Display Frame 8
929.6149 	EXP 	Display Frame 9
929.6482 	EXP 	Display Frame 0
929.6816 	EXP 	Display Frame 1
929.7150 	EXP 	Display Frame 2
929.7482 	EXP 	Display Frame 3
929.7816 	EXP 	Display Frame 4
929.8149 	EXP 	Display Frame 5
929.8483 	EXP 	Display Frame 6
929.8816 	EXP 	Display Frame 7
929.9149 	EXP 	Display Frame 8
929.9482 	EXP 	Display Frame 9
929.9816 	EXP 	Display Frame 0
930.0149 	EXP 	Display Frame 1
930.0482 	EXP 	Display Frame 2
930.0816 	EXP 	Display Frame 3
930.1149 	EXP 	Display Frame 4
930.1483 	EXP 	Display Frame 5
930.1816 	EXP 	Display Frame 6
930.2149 	EXP 	Display Frame 7
930.2482 	EXP 	Display Frame 8
930.2816 	EXP 	Display Frame 9
930.3149 	EXP 	Display Frame 0
930.3482 	EXP 	Display Frame 1
930.3816 	EXP 	Display Frame 2
930.4149 	EXP 	Display Frame 3
930.4483 	EXP 	Display Frame 4
930.4816 	EXP 	Display Frame 5
930.5149 	EXP 	Display Frame 6
930.5482 	EXP 	Display Frame 7
930.5816 	EXP 	Display Frame 8
930.6149 	EXP 	Display Frame 9
930.6483 	EXP 	Display Frame 0
930.6816 	EXP 	Display Frame 1
930.7149 	EXP 	Display Frame 2
930.7482 	EXP 	Display Frame 3
930.7816 	EXP 	Display Frame 4
930.8149 	EXP 	Display Frame 5
930.8482 	EXP 	Display Frame 6
930.8816 	EXP 	Display Frame 7
930.9149 	EXP 	Display Frame 8
930.9483 	EXP 	Display Frame 9
930.9816 	EXP 	Display Frame 0
931.0149 	EXP 	Display Frame 1
931.0482 	EXP 	Display Frame 2
931.0816 	EXP 	Display Frame 3
931.1150 	EXP 	Display Frame 4
931.1483 	EXP 	Display Frame 5
931.1816 	EXP 	Display Frame 6
931.2149 	EXP 	Display Frame 7
931.2483 	EXP 	Display Frame 8
931.2816 	EXP 	Display Frame 9
931.3149 	EXP 	Display Frame 0
931.3482 	EXP 	Display Frame 1
931.3816 	EXP 	Display Frame 2
931.4149 	EXP 	Display Frame 3
931.4483 	EXP 	Display Frame 4
931.4816 	EXP 	Display Frame 5
931.5149 	EXP 	Display Frame 6
931.5483 	EXP 	Display Frame 7
931.5815 	EXP 	Display Frame 8
931.6150 	EXP 	Display Frame 9
931.6482 	EXP 	Display Frame 0
931.6816 	EXP 	Display Frame 1
931.7150 	EXP 	Display Frame 2
931.7482 	EXP 	Display Frame 3
931.7816 	EXP 	Display Frame 4
931.8149 	EXP 	Display Frame 5
931.8483 	EXP 	Display Frame 6
931.8816 	EXP 	Display Frame 7
931.9149 	EXP 	Display Frame 8
931.9483 	EXP 	Display Frame 9
931.9816 	EXP 	Display Frame 0
932.0149 	EXP 	Display Frame 1
932.0482 	EXP 	Display Frame 2
932.0816 	EXP 	Display Frame 3
932.1151 	EXP 	Display Frame 4
932.1486 	EXP 	Display Frame 5
932.1816 	EXP 	Display Frame 6
932.2149 	EXP 	Display Frame 7
932.2483 	EXP 	Display Frame 8
932.2816 	EXP 	Display Frame 9
932.3149 	EXP 	Display Frame 0
932.3482 	EXP 	Display Frame 1
932.3816 	EXP 	Display Frame 2
932.4149 	EXP 	Display Frame 3
932.4483 	EXP 	Display Frame 4
932.4816 	EXP 	Display Frame 5
932.5149 	EXP 	Display Frame 6
932.5482 	EXP 	Display Frame 7
932.5816 	EXP 	Display Frame 8
932.6149 	EXP 	Display Frame 9
932.6482 	EXP 	Display Frame 0
932.6816 	EXP 	Display Frame 1
932.7149 	EXP 	Display Frame 2
932.7482 	EXP 	Display Frame 3
932.7816 	EXP 	Display Frame 4
932.8149 	EXP 	Display Frame 5
932.8482 	EXP 	Display Frame 6
932.8816 	EXP 	Display Frame 7
932.9149 	EXP 	Display Frame 8
932.9482 	EXP 	Display Frame 9
932.9816 	EXP 	Display Frame 0
933.0149 	EXP 	Display Frame 1
933.0482 	EXP 	Display Frame 2
933.0816 	EXP 	Display Frame 3
933.1149 	EXP 	Display Frame 4
933.1482 	EXP 	Display Frame 5
933.1816 	EXP 	Display Frame 6
933.2149 	EXP 	Display Frame 7
933.2483 	EXP 	Display Frame 8
933.2816 	EXP 	Display Frame 9
933.3149 	EXP 	Display Frame 0
933.3482 	EXP 	Display Frame 1
933.3816 	EXP 	Display Frame 2
933.4149 	EXP 	Display Frame 3
933.4483 	EXP 	Display Frame 4
933.4816 	EXP 	Display Frame 5
933.5149 	EXP 	Display Frame 6
933.5482 	EXP 	Display Frame 7
933.5816 	EXP 	Display Frame 8
933.6164 	EXP 	Display Frame 9
933.6482 	EXP 	Display Frame 0
933.6816 	EXP 	Display Frame 1
933.7149 	EXP 	Display Frame 2
933.7483 	EXP 	Display Frame 3
933.7816 	EXP 	Display Frame 4
933.8149 	EXP 	Display Frame 5
933.8482 	EXP 	Display Frame 6
933.8816 	EXP 	Display Frame 7
933.9150 	DATA 	Keypress: equal
933.9161 	EXP 	Display Frame 8
933.9483 	EXP 	Display Frame 9
933.9816 	EXP 	Display Frame 0
934.0149 	EXP 	Display Frame 1
934.0482 	EXP 	Display Frame 2
934.0816 	EXP 	Display Frame 3
934.1149 	EXP 	Display Frame 4
934.1482 	EXP 	Display Frame 5
934.1816 	EXP 	Display Frame 6
934.2149 	EXP 	Display Frame 7
934.2482 	EXP 	Display Frame 8
934.2816 	EXP 	Display Frame 9
934.3149 	EXP 	Display Frame 0
934.3482 	EXP 	Display Frame 1
934.3816 	EXP 	Display Frame 2
934.4149 	EXP 	Display Frame 3
934.4483 	EXP 	Display Frame 4
934.4816 	EXP 	Display Frame 5
934.5149 	EXP 	Display Frame 6
934.5482 	EXP 	Display Frame 7
934.5816 	EXP 	Display Frame 8
934.6149 	EXP 	Display Frame 9
934.6482 	EXP 	Display Frame 0
934.6816 	EXP 	Display Frame 1
934.7150 	EXP 	Display Frame 2
934.7482 	EXP 	Display Frame 3
934.7816 	EXP 	Display Frame 4
934.8149 	EXP 	Display Frame 5
934.8483 	EXP 	Display Frame 6
934.8816 	EXP 	Display Frame 7
934.9149 	EXP 	Display Frame 8
934.9483 	EXP 	Display Frame 9
934.9816 	EXP 	Display Frame 0
935.0149 	EXP 	Display Frame 1
935.0482 	EXP 	Display Frame 2
935.0816 	EXP 	Display Frame 3
935.1149 	EXP 	Display Frame 4
935.1483 	EXP 	Display Frame 5
935.1816 	EXP 	Display Frame 6
935.2151 	EXP 	Display Frame 7
935.2483 	EXP 	Display Frame 8
935.2816 	EXP 	Display Frame 9
935.3149 	EXP 	Display Frame 0
935.3483 	EXP 	Display Frame 1
935.3816 	EXP 	Display Frame 2
935.4149 	EXP 	Display Frame 3
935.4483 	EXP 	Display Frame 4
935.4816 	EXP 	Display Frame 5
935.5149 	EXP 	Display Frame 6
935.5482 	EXP 	Display Frame 7
935.5816 	EXP 	Display Frame 8
935.6149 	EXP 	Display Frame 9
935.6482 	EXP 	Display Frame 0
935.6816 	EXP 	Display Frame 1
935.7149 	EXP 	Display Frame 2
935.7483 	EXP 	Display Frame 3
935.7816 	EXP 	Display Frame 4
935.8149 	EXP 	Display Frame 5
935.8482 	EXP 	Display Frame 6
935.8816 	EXP 	Display Frame 7
935.9149 	EXP 	Display Frame 8
935.9483 	EXP 	Display Frame 9
935.9816 	EXP 	Display Frame 0
936.0149 	EXP 	Display Frame 1
936.0482 	EXP 	Display Frame 2
936.0816 	EXP 	Display Frame 3
936.1150 	EXP 	Display Frame 4
936.1482 	EXP 	Display Frame 5
936.1816 	EXP 	Display Frame 6
936.2149 	EXP 	Display Frame 7
936.2483 	EXP 	Display Frame 8
936.2816 	EXP 	Display Frame 9
936.3149 	EXP 	Display Frame 0
936.3482 	EXP 	Display Frame 1
936.3816 	EXP 	Display Frame 2
936.4149 	EXP 	Display Frame 3
936.4482 	EXP 	Display Frame 4
936.4816 	EXP 	Display Frame 5
936.5149 	EXP 	Display Frame 6
936.5482 	EXP 	Display Frame 7
936.5816 	EXP 	Display Frame 8
936.6149 	EXP 	Display Frame 9
936.6482 	EXP 	Display Frame 0
936.6816 	EXP 	Display Frame 1
936.7149 	EXP 	Display Frame 2
936.7482 	EXP 	Display Frame 3
936.7816 	EXP 	Display Frame 4
936.8149 	EXP 	Display Frame 5
936.8482 	EXP 	Display Frame 6
936.8816 	EXP 	Display Frame 7
936.9149 	EXP 	Display Frame 8
936.9483 	EXP 	Display Frame 9
936.9816 	EXP 	Display Frame 0
937.0149 	EXP 	Display Frame 1
937.0482 	EXP 	Display Frame 2
937.0816 	EXP 	Display Frame 3
937.1149 	EXP 	Display Frame 4
937.1482 	EXP 	Display Frame 5
937.1816 	EXP 	Display Frame 6
937.2149 	EXP 	Display Frame 7
937.2483 	EXP 	Display Frame 8
937.2816 	EXP 	Display Frame 9
937.3149 	EXP 	Display Frame 0
937.3482 	EXP 	Display Frame 1
937.3816 	EXP 	Display Frame 2
937.4149 	EXP 	Display Frame 3
937.4483 	EXP 	Display Frame 4
937.4817 	EXP 	Display Frame 5
937.5150 	EXP 	Display Frame 6
937.5483 	EXP 	Display Frame 7
937.5816 	EXP 	Display Frame 8
937.6149 	EXP 	Display Frame 9
937.6483 	EXP 	Display Frame 0
937.6816 	EXP 	Display Frame 1
937.7149 	EXP 	Display Frame 2
937.7482 	EXP 	Display Frame 3
937.7816 	EXP 	Display Frame 4
937.8149 	EXP 	Display Frame 5
937.8483 	EXP 	Display Frame 6
937.8816 	EXP 	Display Frame 7
937.9149 	EXP 	Display Frame 8
937.9483 	EXP 	Display Frame 9
937.9816 	EXP 	Display Frame 0
938.0149 	EXP 	Display Frame 1
938.0483 	EXP 	Display Frame 2
938.0816 	EXP 	Display Frame 3
938.1149 	EXP 	Display Frame 4
938.1483 	EXP 	Display Frame 5
938.1816 	EXP 	Display Frame 6
938.2149 	EXP 	Display Frame 7
938.2483 	EXP 	Display Frame 8
938.2816 	EXP 	Display Frame 9
938.3149 	EXP 	Display Frame 0
938.3482 	EXP 	Display Frame 1
938.3816 	EXP 	Display Frame 2
938.4149 	EXP 	Display Frame 3
938.4482 	EXP 	Display Frame 4
938.4816 	EXP 	Display Frame 5
938.5150 	EXP 	Display Frame 6
938.5482 	EXP 	Display Frame 7
938.5816 	EXP 	Display Frame 8
938.6149 	EXP 	Display Frame 9
938.6482 	EXP 	Display Frame 0
938.6816 	EXP 	Display Frame 1
938.7149 	EXP 	Display Frame 2
938.7482 	EXP 	Display Frame 3
938.7816 	EXP 	Display Frame 4
938.8149 	EXP 	Display Frame 5
938.8482 	EXP 	Display Frame 6
938.8816 	EXP 	Display Frame 7
938.9149 	EXP 	Display Frame 8
938.9483 	EXP 	Display Frame 9
938.9816 	EXP 	Display Frame 0
939.0149 	EXP 	Display Frame 1
939.0482 	EXP 	Display Frame 2
939.0816 	EXP 	Display Frame 3
939.1150 	DATA 	Keypress: equal
939.1162 	EXP 	Display Frame 4
939.1482 	EXP 	Display Frame 5
939.1816 	EXP 	Display Frame 6
939.2149 	EXP 	Display Frame 7
939.2483 	EXP 	Display Frame 8
939.2816 	EXP 	Display Frame 9
939.3149 	EXP 	Display Frame 0
939.3482 	EXP 	Display Frame 1
939.3816 	EXP 	Display Frame 2
939.4149 	EXP 	Display Frame 3
939.4482 	EXP 	Display Frame 4
939.4816 	EXP 	Display Frame 5
939.5149 	EXP 	Display Frame 6
939.5482 	EXP 	Display Frame 7
939.5816 	EXP 	Display Frame 8
939.6149 	EXP 	Display Frame 9
939.6483 	EXP 	Display Frame 0
939.6816 	EXP 	Display Frame 1
939.7149 	EXP 	Display Frame 2
939.7483 	EXP 	Display Frame 3
939.7816 	EXP 	Display Frame 4
939.8149 	EXP 	Display Frame 5
939.8482 	EXP 	Display Frame 6
939.8816 	EXP 	Display Frame 7
939.9149 	EXP 	Display Frame 8
939.9483 	EXP 	Display Frame 9
939.9816 	EXP 	Display Frame 0
940.0149 	EXP 	Display Frame 1
940.0483 	EXP 	Display Frame 2
940.0816 	EXP 	Display Frame 3
940.1149 	EXP 	Display Frame 4
940.1482 	EXP 	Display Frame 5
940.1816 	EXP 	Display Frame 6
940.2149 	EXP 	Display Frame 7
940.2482 	EXP 	Display Frame 8
940.2816 	EXP 	Display Frame 9
940.3149 	EXP 	Display Frame 0
940.3482 	EXP 	Display Frame 1
940.3816 	EXP 	Display Frame 2
940.4149 	EXP 	Display Frame 3
940.4482 	EXP 	Display Frame 4
940.4816 	EXP 	Display Frame 5
940.5149 	EXP 	Display Frame 6
940.5482 	EXP 	Display Frame 7
940.5816 	EXP 	Display Frame 8
940.6149 	EXP 	Display Frame 9
940.6482 	EXP 	Display Frame 0
940.6816 	EXP 	Display Frame 1
940.7149 	EXP 	Display Frame 2
940.7483 	EXP 	Display Frame 3
940.7816 	EXP 	Display Frame 4
940.8149 	EXP 	Display Frame 5
940.8483 	EXP 	Display Frame 6
940.8816 	EXP 	Display Frame 7
940.9149 	EXP 	Display Frame 8
940.9482 	EXP 	Display Frame 9
940.9816 	EXP 	Display Frame 0
941.0149 	EXP 	Display Frame 1
941.0483 	EXP 	Display Frame 2
941.0816 	EXP 	Display Frame 3
941.1149 	EXP 	Display Frame 4
941.1483 	EXP 	Display Frame 5
941.1816 	EXP 	Display Frame 6
941.2149 	EXP 	Display Frame 7
941.2482 	EXP 	Display Frame 8
941.2816 	EXP 	Display Frame 9
941.3149 	EXP 	Display Frame 0
941.3482 	EXP 	Display Frame 1
941.3816 	EXP 	Display Frame 2
941.4149 	EXP 	Display Frame 3
941.4483 	EXP 	Display Frame 4
941.4816 	EXP 	Display Frame 5
941.5149 	EXP 	Display Frame 6
941.5484 	EXP 	Display Frame 7
941.5816 	EXP 	Display Frame 8
941.6149 	EXP 	Display Frame 9
941.6483 	EXP 	Display Frame 0
941.6816 	EXP 	Display Frame 1
941.7150 	EXP 	Display Frame 2
941.7483 	EXP 	Display Frame 3
941.7816 	EXP 	Display Frame 4
941.8149 	EXP 	Display Frame 5
941.8483 	EXP 	Display Frame 6
941.8816 	EXP 	Display Frame 7
941.9150 	EXP 	Display Frame 8
941.9483 	EXP 	Display Frame 9
941.9816 	EXP 	Display Frame 0
942.0149 	EXP 	Display Frame 1
942.0482 	EXP 	Display Frame 2
942.0816 	EXP 	Display Frame 3
942.1150 	EXP 	Display Frame 4
942.1482 	EXP 	Display Frame 5
942.1817 	EXP 	Display Frame 6
942.2149 	EXP 	Display Frame 7
942.2484 	EXP 	Display Frame 8
942.2817 	EXP 	Display Frame 9
942.3150 	EXP 	Display Frame 0
942.3482 	EXP 	Display Frame 1
942.3816 	EXP 	Display Frame 2
942.4149 	EXP 	Display Frame 3
942.4482 	EXP 	Display Frame 4
942.4816 	EXP 	Display Frame 5
942.5149 	EXP 	Display Frame 6
942.5483 	EXP 	Display Frame 7
942.5816 	EXP 	Display Frame 8
942.6149 	EXP 	Display Frame 9
942.6482 	EXP 	Display Frame 0
942.6816 	EXP 	Display Frame 1
942.7149 	EXP 	Display Frame 2
942.7483 	EXP 	Display Frame 3
942.7818 	EXP 	Display Frame 4
942.8150 	EXP 	Display Frame 5
942.8483 	EXP 	Display Frame 6
942.8816 	EXP 	Display Frame 7
942.9150 	EXP 	Display Frame 8
942.9483 	EXP 	Display Frame 9
942.9816 	EXP 	Display Frame 0
943.0149 	EXP 	Display Frame 1
943.0482 	EXP 	Display Frame 2
943.0816 	EXP 	Display Frame 3
943.1149 	EXP 	Display Frame 4
943.1483 	EXP 	Display Frame 5
943.1816 	EXP 	Display Frame 6
943.2149 	EXP 	Display Frame 7
943.2483 	EXP 	Display Frame 8
943.2816 	EXP 	Display Frame 9
943.3149 	EXP 	Display Frame 0
943.3482 	EXP 	Display Frame 1
943.3816 	EXP 	Display Frame 2
943.4149 	EXP 	Display Frame 3
943.4483 	EXP 	Display Frame 4
943.4816 	EXP 	Display Frame 5
943.5149 	EXP 	Display Frame 6
943.5483 	EXP 	Display Frame 7
943.5816 	EXP 	Display Frame 8
943.6149 	EXP 	Display Frame 9
943.6483 	EXP 	Display Frame 0
943.6816 	EXP 	Display Frame 1
943.7149 	EXP 	Display Frame 2
943.7483 	EXP 	Display Frame 3
943.7816 	EXP 	Display Frame 4
943.8149 	EXP 	Display Frame 5
943.8482 	EXP 	Display Frame 6
943.8816 	EXP 	Display Frame 7
943.9149 	EXP 	Display Frame 8
943.9482 	EXP 	Display Frame 9
943.9816 	EXP 	Display Frame 0
944.0149 	EXP 	Display Frame 1
944.0482 	EXP 	Display Frame 2
944.0816 	EXP 	Display Frame 3
944.1149 	EXP 	Display Frame 4
944.1483 	EXP 	Display Frame 5
944.1816 	EXP 	Display Frame 6
944.2150 	EXP 	Display Frame 7
944.2482 	EXP 	Display Frame 8
944.2817 	DATA 	Keypress: equal
944.2827 	EXP 	Display Frame 9
944.3149 	EXP 	Display Frame 0
944.3482 	EXP 	Display Frame 1
944.3816 	EXP 	Display Frame 2
944.4150 	EXP 	Display Frame 3
944.4483 	EXP 	Display Frame 4
944.4816 	EXP 	Display Frame 5
944.5149 	EXP 	Display Frame 6
944.5482 	EXP 	Display Frame 7
944.5816 	EXP 	Display Frame 8
944.6149 	EXP 	Display Frame 9
944.6483 	EXP 	Display Frame 0
944.6816 	EXP 	Display Frame 1
944.7149 	EXP 	Display Frame 2
944.7483 	EXP 	Display Frame 3
944.7816 	EXP 	Display Frame 4
944.8149 	EXP 	Display Frame 5
944.8482 	EXP 	Display Frame 6
944.8816 	EXP 	Display Frame 7
944.9150 	EXP 	Display Frame 8
944.9483 	EXP 	Display Frame 9
944.9816 	EXP 	Display Frame 0
945.0149 	EXP 	Display Frame 1
945.0483 	EXP 	Display Frame 2
945.0816 	EXP 	Display Frame 3
945.1150 	EXP 	Display Frame 4
945.1482 	EXP 	Display Frame 5
945.1816 	EXP 	Display Frame 6
945.2149 	EXP 	Display Frame 7
945.2483 	EXP 	Display Frame 8
945.2816 	EXP 	Display Frame 9
945.3149 	EXP 	Display Frame 0
945.3482 	EXP 	Display Frame 1
945.3816 	EXP 	Display Frame 2
945.4149 	EXP 	Display Frame 3
945.4483 	EXP 	Display Frame 4
945.4816 	EXP 	Display Frame 5
945.5149 	EXP 	Display Frame 6
945.5482 	EXP 	Display Frame 7
945.5816 	EXP 	Display Frame 8
945.6149 	EXP 	Display Frame 9
945.6483 	EXP 	Display Frame 0
945.6816 	EXP 	Display Frame 1
945.7149 	EXP 	Display Frame 2
945.7482 	EXP 	Display Frame 3
945.7816 	EXP 	Display Frame 4
945.8149 	EXP 	Display Frame 5
945.8482 	EXP 	Display Frame 6
945.8816 	EXP 	Display Frame 7
945.9149 	EXP 	Display Frame 8
945.9483 	EXP 	Display Frame 9
945.9816 	EXP 	Display Frame 0
946.0149 	EXP 	Display Frame 1
946.0482 	EXP 	Display Frame 2
946.0816 	EXP 	Display Frame 3
946.1149 	EXP 	Display Frame 4
946.1483 	EXP 	Display Frame 5
946.1816 	EXP 	Display Frame 6
946.2149 	EXP 	Display Frame 7
946.2483 	EXP 	Display Frame 8
946.2816 	EXP 	Display Frame 9
946.3149 	EXP 	Display Frame 0
946.3482 	EXP 	Display Frame 1
946.3816 	EXP 	Display Frame 2
946.4149 	EXP 	Display Frame 3
946.4483 	EXP 	Display Frame 4
946.4816 	EXP 	Display Frame 5
946.5149 	EXP 	Display Frame 6
946.5483 	EXP 	Display Frame 7
946.5816 	EXP 	Display Frame 8
946.6149 	EXP 	Display Frame 9
946.6483 	EXP 	Display Frame 0
946.6816 	EXP 	Display Frame 1
946.7149 	EXP 	Display Frame 2
946.7482 	EXP 	Display Frame 3
946.7816 	EXP 	Display Frame 4
946.8149 	EXP 	Display Frame 5
946.8482 	EXP 	Display Frame 6
946.8816 	EXP 	Display Frame 7
946.9149 	EXP 	Display Frame 8
946.9483 	EXP 	Display Frame 9
946.9816 	EXP 	Display Frame 0
947.0149 	EXP 	Display Frame 1
947.0482 	EXP 	Display Frame 2
947.0816 	EXP 	Display Frame 3
947.1150 	EXP 	Display Frame 4
947.1483 	EXP 	Display Frame 5
947.1838 	EXP 	Display Frame 6
947.2149 	EXP 	Display Frame 7
947.2483 	EXP 	Display Frame 8
947.2816 	EXP 	Display Frame 9
947.3155 	EXP 	Display Frame 0
947.3482 	EXP 	Display Frame 1
947.3820 	EXP 	Display Frame 2
947.4149 	EXP 	Display Frame 3
947.4483 	EXP 	Display Frame 4
947.4816 	EXP 	Display Frame 5
947.5149 	EXP 	Display Frame 6
947.5483 	EXP 	Display Frame 7
947.5816 	EXP 	Display Frame 8
947.6149 	EXP 	Display Frame 9
947.6483 	EXP 	Display Frame 0
947.6816 	EXP 	Display Frame 1
947.7149 	EXP 	Display Frame 2
947.7483 	EXP 	Display Frame 3
947.7816 	EXP 	Display Frame 4
947.8149 	EXP 	Display Frame 5
947.8482 	EXP 	Display Frame 6
947.8816 	EXP 	Display Frame 7
947.9149 	EXP 	Display Frame 8
947.9483 	EXP 	Display Frame 9
947.9816 	EXP 	Display Frame 0
948.0149 	EXP 	Display Frame 1
948.0483 	EXP 	Display Frame 2
948.0816 	EXP 	Display Frame 3
948.1151 	EXP 	Display Frame 4
948.1483 	EXP 	Display Frame 5
948.1816 	EXP 	Display Frame 6
948.2149 	EXP 	Display Frame 7
948.2482 	EXP 	Display Frame 8
948.2816 	EXP 	Display Frame 9
948.3149 	EXP 	Display Frame 0
948.3482 	EXP 	Display Frame 1
948.3816 	EXP 	Display Frame 2
948.4149 	EXP 	Display Frame 3
948.4482 	EXP 	Display Frame 4
948.4816 	EXP 	Display Frame 5
948.5149 	EXP 	Display Frame 6
948.5483 	EXP 	Display Frame 7
948.5816 	EXP 	Display Frame 8
948.6149 	EXP 	Display Frame 9
948.6482 	EXP 	Display Frame 0
948.6816 	EXP 	Display Frame 1
948.7149 	EXP 	Display Frame 2
948.7483 	EXP 	Display Frame 3
948.7816 	EXP 	Display Frame 4
948.8149 	EXP 	Display Frame 5
948.8483 	EXP 	Display Frame 6
948.8816 	EXP 	Display Frame 7
948.9149 	EXP 	Display Frame 8
948.9483 	EXP 	Display Frame 9
948.9816 	EXP 	Display Frame 0
949.0149 	EXP 	Display Frame 1
949.0483 	EXP 	Display Frame 2
949.0816 	EXP 	Display Frame 3
949.1149 	EXP 	Display Frame 4
949.1483 	EXP 	Display Frame 5
949.1816 	EXP 	Display Frame 6
949.2149 	EXP 	Display Frame 7
949.2483 	EXP 	Display Frame 8
949.2816 	EXP 	Display Frame 9
949.3150 	EXP 	Display Frame 0
949.3482 	EXP 	Display Frame 1
949.3816 	EXP 	Display Frame 2
949.4149 	EXP 	Display Frame 3
949.4483 	EXP 	Display Frame 4
949.4816 	EXP 	Display Frame 5
949.5149 	EXP 	Display Frame 6
949.5483 	EXP 	Display Frame 7
949.5816 	EXP 	Display Frame 8
949.6149 	EXP 	Display Frame 9
949.6482 	EXP 	Display Frame 0
949.6816 	EXP 	Display Frame 1
949.7149 	EXP 	Display Frame 2
949.7483 	EXP 	Display Frame 3
949.7816 	EXP 	Display Frame 4
949.8149 	EXP 	Display Frame 5
949.8482 	EXP 	Display Frame 6
949.8816 	EXP 	Display Frame 7
949.9149 	EXP 	Display Frame 8
949.9482 	EXP 	Display Frame 9
949.9816 	EXP 	Display Frame 0
950.0149 	EXP 	Display Frame 1
950.0483 	EXP 	Display Frame 2
950.0816 	EXP 	Display Frame 3
950.1149 	EXP 	Display Frame 4
950.1482 	EXP 	Display Frame 5
950.1816 	EXP 	Display Frame 6
950.2149 	EXP 	Display Frame 7
950.2483 	EXP 	Display Frame 8
950.2816 	EXP 	Display Frame 9
950.3149 	EXP 	Display Frame 0
950.3482 	EXP 	Display Frame 1
950.3816 	EXP 	Display Frame 2
950.4149 	EXP 	Display Frame 3
950.4482 	EXP 	Display Frame 4
950.4816 	EXP 	Display Frame 5
950.5149 	EXP 	Display Frame 6
950.5483 	EXP 	Display Frame 7
950.5816 	EXP 	Display Frame 8
950.6149 	EXP 	Display Frame 9
950.6482 	EXP 	Display Frame 0
950.6816 	EXP 	Display Frame 1
950.7149 	EXP 	Display Frame 2
950.7483 	EXP 	Display Frame 3
950.7816 	EXP 	Display Frame 4
950.8149 	EXP 	Display Frame 5
950.8483 	EXP 	Display Frame 6
950.8816 	EXP 	Display Frame 7
950.9149 	EXP 	Display Frame 8
950.9483 	EXP 	Display Frame 9
950.9816 	EXP 	Display Frame 0
951.0149 	EXP 	Display Frame 1
951.0483 	EXP 	Display Frame 2
951.0816 	EXP 	Display Frame 3
951.1149 	EXP 	Display Frame 4
951.1483 	EXP 	Display Frame 5
951.1816 	EXP 	Display Frame 6
951.2149 	EXP 	Display Frame 7
951.2482 	EXP 	Display Frame 8
951.2816 	EXP 	Display Frame 9
951.3149 	EXP 	Display Frame 0
951.3482 	EXP 	Display Frame 1
951.3816 	EXP 	Display Frame 2
951.4149 	EXP 	Display Frame 3
951.4483 	EXP 	Display Frame 4
951.4816 	EXP 	Display Frame 5
951.5149 	EXP 	Display Frame 6
951.5483 	EXP 	Display Frame 7
951.5816 	EXP 	Display Frame 8
951.6149 	EXP 	Display Frame 9
951.6482 	EXP 	Display Frame 0
951.6816 	EXP 	Display Frame 1
951.7161 	EXP 	Display Frame 2
951.7483 	EXP 	Display Frame 3
951.7816 	EXP 	Display Frame 4
951.8149 	EXP 	Display Frame 5
951.8482 	EXP 	Display Frame 6
951.8816 	EXP 	Display Frame 7
951.9150 	EXP 	Display Frame 8
951.9482 	EXP 	Display Frame 9
951.9816 	EXP 	Display Frame 0
952.0149 	EXP 	Display Frame 1
952.0483 	EXP 	Display Frame 2
952.0816 	EXP 	Display Frame 3
952.1149 	EXP 	Display Frame 4
952.1482 	EXP 	Display Frame 5
952.1816 	EXP 	Display Frame 6
952.2149 	EXP 	Display Frame 7
952.2483 	EXP 	Display Frame 8
952.2816 	EXP 	Display Frame 9
952.3149 	EXP 	Display Frame 0
952.3482 	EXP 	Display Frame 1
952.3816 	EXP 	Display Frame 2
952.4150 	EXP 	Display Frame 3
952.4483 	EXP 	Display Frame 4
952.4816 	EXP 	Display Frame 5
952.5149 	EXP 	Display Frame 6
952.5483 	EXP 	Display Frame 7
952.5816 	EXP 	Display Frame 8
952.6149 	EXP 	Display Frame 9
952.6482 	EXP 	Display Frame 0
952.6816 	EXP 	Display Frame 1
952.7149 	EXP 	Display Frame 2
952.7482 	EXP 	Display Frame 3
952.7816 	EXP 	Display Frame 4
952.8149 	EXP 	Display Frame 5
952.8483 	EXP 	Display Frame 6
952.8816 	EXP 	Display Frame 7
952.9149 	EXP 	Display Frame 8
952.9483 	EXP 	Display Frame 9
952.9816 	EXP 	Display Frame 0
953.0149 	EXP 	Display Frame 1
953.0482 	EXP 	Display Frame 2
953.0816 	EXP 	Display Frame 3
953.1149 	EXP 	Display Frame 4
953.1482 	EXP 	Display Frame 5
953.1816 	EXP 	Display Frame 6
953.2149 	EXP 	Display Frame 7
953.2483 	EXP 	Display Frame 8
953.2816 	EXP 	Display Frame 9
953.3149 	EXP 	Display Frame 0
953.3482 	EXP 	Display Frame 1
953.3816 	EXP 	Display Frame 2
953.4149 	EXP 	Display Frame 3
953.4484 	EXP 	Display Frame 4
953.4817 	EXP 	Display Frame 5
953.5149 	EXP 	Display Frame 6
953.5483 	EXP 	Display Frame 7
953.5816 	EXP 	Display Frame 8
953.6149 	EXP 	Display Frame 9
953.6482 	EXP 	Display Frame 0
953.6818 	EXP 	Display Frame 1
953.7149 	EXP 	Display Frame 2
953.7483 	EXP 	Display Frame 3
953.7816 	EXP 	Display Frame 4
953.8150 	EXP 	Display Frame 5
953.8483 	EXP 	Display Frame 6
953.8816 	EXP 	Display Frame 7
953.9150 	EXP 	Display Frame 8
953.9483 	EXP 	Display Frame 9
953.9816 	EXP 	Display Frame 0
954.0149 	EXP 	Display Frame 1
954.0483 	EXP 	Display Frame 2
954.0816 	EXP 	Display Frame 3
954.1149 	EXP 	Display Frame 4
954.1483 	EXP 	Display Frame 5
954.1816 	EXP 	Display Frame 6
954.2149 	EXP 	Display Frame 7
954.2483 	EXP 	Display Frame 8
954.2817 	EXP 	Display Frame 9
954.3149 	EXP 	Display Frame 0
954.3482 	EXP 	Display Frame 1
954.3816 	EXP 	Display Frame 2
954.4149 	EXP 	Display Frame 3
954.4483 	EXP 	Display Frame 4
954.4816 	EXP 	Display Frame 5
954.5149 	EXP 	Display Frame 6
954.5483 	EXP 	Display Frame 7
954.5816 	EXP 	Display Frame 8
954.6149 	EXP 	Display Frame 9
954.6482 	EXP 	Display Frame 0
954.6816 	EXP 	Display Frame 1
954.7150 	EXP 	Display Frame 2
954.7482 	EXP 	Display Frame 3
954.7816 	EXP 	Display Frame 4
954.8149 	EXP 	Display Frame 5
954.8483 	EXP 	Display Frame 6
954.8816 	EXP 	Display Frame 7
954.9149 	EXP 	Display Frame 8
954.9482 	EXP 	Display Frame 9
954.9816 	EXP 	Display Frame 0
955.0149 	EXP 	Display Frame 1
955.0482 	EXP 	Display Frame 2
955.0816 	EXP 	Display Frame 3
955.1149 	EXP 	Display Frame 4
955.1483 	EXP 	Display Frame 5
955.1816 	EXP 	Display Frame 6
955.2149 	EXP 	Display Frame 7
955.2483 	EXP 	Display Frame 8
955.2816 	EXP 	Display Frame 9
955.3149 	EXP 	Display Frame 0
955.3482 	EXP 	Display Frame 1
955.3816 	EXP 	Display Frame 2
955.4149 	EXP 	Display Frame 3
955.4483 	EXP 	Display Frame 4
955.4816 	EXP 	Display Frame 5
955.5149 	EXP 	Display Frame 6
955.5483 	EXP 	Display Frame 7
955.5816 	EXP 	Display Frame 8
955.6150 	EXP 	Display Frame 9
955.6482 	EXP 	Display Frame 0
955.6816 	EXP 	Display Frame 1
955.7150 	EXP 	Display Frame 2
955.7483 	EXP 	Display Frame 3
955.7816 	EXP 	Display Frame 4
955.8149 	EXP 	Display Frame 5
955.8482 	EXP 	Display Frame 6
955.8816 	EXP 	Display Frame 7
955.9149 	EXP 	Display Frame 8
955.9482 	EXP 	Display Frame 9
955.9816 	EXP 	Display Frame 0
956.0149 	EXP 	Display Frame 1
956.0483 	EXP 	Display Frame 2
956.0816 	EXP 	Display Frame 3
956.1149 	EXP 	Display Frame 4
956.1496 	EXP 	Display Frame 5
956.1816 	EXP 	Display Frame 6
956.2149 	EXP 	Display Frame 7
956.2483 	EXP 	Display Frame 8
956.2816 	EXP 	Display Frame 9
956.3149 	EXP 	Display Frame 0
956.3482 	EXP 	Display Frame 1
956.3816 	EXP 	Display Frame 2
956.4150 	EXP 	Display Frame 3
956.4483 	EXP 	Display Frame 4
956.4816 	EXP 	Display Frame 5
956.5149 	EXP 	Display Frame 6
956.5483 	EXP 	Display Frame 7
956.5816 	EXP 	Display Frame 8
956.6149 	EXP 	Display Frame 9
956.6483 	EXP 	Display Frame 0
956.6816 	EXP 	Display Frame 1
956.7149 	EXP 	Display Frame 2
956.7483 	EXP 	Display Frame 3
956.7816 	EXP 	Display Frame 4
956.8149 	EXP 	Display Frame 5
956.8483 	EXP 	Display Frame 6
956.8816 	EXP 	Display Frame 7
956.9149 	EXP 	Display Frame 8
956.9482 	EXP 	Display Frame 9
956.9816 	EXP 	Display Frame 0
957.0149 	EXP 	Display Frame 1
957.0482 	EXP 	Display Frame 2
957.0816 	EXP 	Display Frame 3
957.1149 	EXP 	Display Frame 4
957.1483 	EXP 	Display Frame 5
957.1816 	EXP 	Display Frame 6
957.2149 	EXP 	Display Frame 7
957.2482 	EXP 	Display Frame 8
957.2816 	EXP 	Display Frame 9
957.3149 	EXP 	Display Frame 0
957.3482 	EXP 	Display Frame 1
957.3816 	EXP 	Display Frame 2
957.4149 	EXP 	Display Frame 3
957.4483 	EXP 	Display Frame 4
957.4816 	EXP 	Display Frame 5
957.5149 	EXP 	Display Frame 6
957.5482 	EXP 	Display Frame 7
957.5816 	EXP 	Display Frame 8
957.6150 	EXP 	Display Frame 9
957.6482 	EXP 	Display Frame 0
957.6816 	EXP 	Display Frame 1
957.7149 	EXP 	Display Frame 2
957.7483 	EXP 	Display Frame 3
957.7816 	EXP 	Display Frame 4
957.8149 	EXP 	Display Frame 5
957.8482 	EXP 	Display Frame 6
957.8816 	EXP 	Display Frame 7
957.9149 	EXP 	Display Frame 8
957.9483 	EXP 	Display Frame 9
957.9816 	EXP 	Display Frame 0
958.0149 	EXP 	Display Frame 1
958.0483 	EXP 	Display Frame 2
958.0816 	EXP 	Display Frame 3
958.1149 	EXP 	Display Frame 4
958.1482 	EXP 	Display Frame 5
958.1816 	EXP 	Display Frame 6
958.2149 	EXP 	Display Frame 7
958.2483 	EXP 	Display Frame 8
958.2816 	EXP 	Display Frame 9
958.3149 	EXP 	Display Frame 0
958.3482 	EXP 	Display Frame 1
958.3816 	EXP 	Display Frame 2
958.4149 	EXP 	Display Frame 3
958.4482 	EXP 	Display Frame 4
958.4816 	EXP 	Display Frame 5
958.5149 	EXP 	Display Frame 6
958.5483 	EXP 	Display Frame 7
958.5816 	EXP 	Display Frame 8
958.6149 	EXP 	Display Frame 9
958.6482 	EXP 	Display Frame 0
958.6816 	EXP 	Display Frame 1
958.7149 	EXP 	Display Frame 2
958.7483 	EXP 	Display Frame 3
958.7817 	EXP 	Display Frame 4
958.8150 	EXP 	Display Frame 5
958.8483 	EXP 	Display Frame 6
958.8816 	EXP 	Display Frame 7
958.9149 	EXP 	Display Frame 8
958.9483 	EXP 	Display Frame 9
958.9816 	EXP 	Display Frame 0
959.0149 	EXP 	Display Frame 1
959.0483 	EXP 	Display Frame 2
959.0816 	EXP 	Display Frame 3
959.1149 	EXP 	Display Frame 4
959.1482 	EXP 	Display Frame 5
959.1816 	EXP 	Display Frame 6
959.2149 	EXP 	Display Frame 7
959.2483 	EXP 	Display Frame 8
959.2816 	EXP 	Display Frame 9
959.3149 	EXP 	Display Frame 0
959.3482 	EXP 	Display Frame 1
959.3816 	EXP 	Display Frame 2
959.4149 	EXP 	Display Frame 3
959.4485 	EXP 	Display Frame 4
959.4816 	EXP 	Display Frame 5
959.5150 	EXP 	Display Frame 6
959.5483 	EXP 	Display Frame 7
959.5817 	EXP 	Display Frame 8
959.6149 	EXP 	Display Frame 9
959.6483 	EXP 	Display Frame 0
959.6816 	EXP 	Display Frame 1
959.7149 	EXP 	Display Frame 2
959.7483 	EXP 	Display Frame 3
959.7816 	EXP 	Display Frame 4
959.8150 	EXP 	Display Frame 5
959.8482 	EXP 	Display Frame 6
959.8816 	EXP 	Display Frame 7
959.9150 	EXP 	Display Frame 8
959.9483 	EXP 	Display Frame 9
959.9816 	EXP 	Display Frame 0
960.0149 	EXP 	Display Frame 1
960.0483 	EXP 	Display Frame 2
960.0816 	EXP 	Display Frame 3
960.1150 	EXP 	Display Frame 4
960.1482 	EXP 	Display Frame 5
960.1816 	EXP 	Display Frame 6
960.2149 	EXP 	Display Frame 7
960.2482 	EXP 	Display Frame 8
960.2816 	EXP 	Display Frame 9
960.3149 	EXP 	Display Frame 0
960.3482 	EXP 	Display Frame 1
960.3816 	EXP 	Display Frame 2
960.4150 	EXP 	Display Frame 3
960.4482 	EXP 	Display Frame 4
960.4816 	EXP 	Display Frame 5
960.5149 	EXP 	Display Frame 6
960.5482 	EXP 	Display Frame 7
960.5816 	EXP 	Display Frame 8
960.6149 	EXP 	Display Frame 9
960.6482 	EXP 	Display Frame 0
960.6816 	EXP 	Display Frame 1
960.7149 	EXP 	Display Frame 2
960.7483 	EXP 	Display Frame 3
960.7816 	EXP 	Display Frame 4
960.8149 	EXP 	Display Frame 5
960.8483 	EXP 	Display Frame 6
960.8816 	EXP 	Display Frame 7
960.9149 	EXP 	Display Frame 8
960.9483 	EXP 	Display Frame 9
960.9816 	EXP 	Display Frame 0
961.0149 	EXP 	Display Frame 1
961.0483 	EXP 	Display Frame 2
961.0816 	EXP 	Display Frame 3
961.1149 	EXP 	Display Frame 4
961.1483 	EXP 	Display Frame 5
961.1816 	EXP 	Display Frame 6
961.2149 	EXP 	Display Frame 7
961.2483 	EXP 	Display Frame 8
961.2816 	EXP 	Display Frame 9
961.3149 	EXP 	Display Frame 0
961.3482 	EXP 	Display Frame 1
961.3816 	EXP 	Display Frame 2
961.4149 	EXP 	Display Frame 3
961.4482 	EXP 	Display Frame 4
961.4816 	EXP 	Display Frame 5
961.5149 	EXP 	Display Frame 6
961.5483 	EXP 	Display Frame 7
961.5816 	EXP 	Display Frame 8
961.6149 	EXP 	Display Frame 9
961.6482 	EXP 	Display Frame 0
961.6816 	EXP 	Display Frame 1
961.7149 	EXP 	Display Frame 2
961.7483 	EXP 	Display Frame 3
961.7816 	EXP 	Display Frame 4
961.8149 	EXP 	Display Frame 5
961.8483 	EXP 	Display Frame 6
961.8816 	EXP 	Display Frame 7
961.9149 	EXP 	Display Frame 8
961.9483 	EXP 	Display Frame 9
961.9816 	EXP 	Display Frame 0
962.0149 	EXP 	Display Frame 1
962.0482 	EXP 	Display Frame 2
962.0816 	EXP 	Display Frame 3
962.1149 	EXP 	Display Frame 4
962.1483 	EXP 	Display Frame 5
962.1816 	EXP 	Display Frame 6
962.2149 	EXP 	Display Frame 7
962.2483 	EXP 	Display Frame 8
962.2816 	EXP 	Display Frame 9
962.3149 	EXP 	Display Frame 0
962.3482 	EXP 	Display Frame 1
962.3816 	EXP 	Display Frame 2
962.4149 	EXP 	Display Frame 3
962.4483 	EXP 	Display Frame 4
962.4816 	EXP 	Display Frame 5
962.5149 	EXP 	Display Frame 6
962.5482 	EXP 	Display Frame 7
962.5816 	EXP 	Display Frame 8
962.6149 	EXP 	Display Frame 9
962.6482 	EXP 	Display Frame 0
962.6816 	EXP 	Display Frame 1
962.7149 	EXP 	Display Frame 2
962.7483 	EXP 	Display Frame 3
962.7816 	EXP 	Display Frame 4
962.8150 	EXP 	Display Frame 5
962.8482 	EXP 	Display Frame 6
962.8816 	EXP 	Display Frame 7
962.9149 	EXP 	Display Frame 8
962.9482 	EXP 	Display Frame 9
962.9816 	EXP 	Display Frame 0
963.0149 	EXP 	Display Frame 1
963.0483 	EXP 	Display Frame 2
963.0816 	EXP 	Display Frame 3
963.1149 	EXP 	Display Frame 4
963.1482 	EXP 	Display Frame 5
963.1816 	EXP 	Display Frame 6
963.2149 	EXP 	Display Frame 7
963.2482 	EXP 	Display Frame 8
963.2816 	EXP 	Display Frame 9
963.3149 	EXP 	Display Frame 0
963.3482 	EXP 	Display Frame 1
963.3816 	EXP 	Display Frame 2
963.4149 	EXP 	Display Frame 3
963.4483 	EXP 	Display Frame 4
963.4816 	EXP 	Display Frame 5
963.5149 	EXP 	Display Frame 6
963.5483 	EXP 	Display Frame 7
963.5816 	EXP 	Display Frame 8
963.6149 	EXP 	Display Frame 9
963.6483 	EXP 	Display Frame 0
963.6816 	EXP 	Display Frame 1
963.7149 	EXP 	Display Frame 2
963.7482 	EXP 	Display Frame 3
963.7816 	EXP 	Display Frame 4
963.8149 	EXP 	Display Frame 5
963.8483 	EXP 	Display Frame 6
963.8816 	EXP 	Display Frame 7
963.9149 	EXP 	Display Frame 8
963.9483 	EXP 	Display Frame 9
963.9816 	EXP 	Display Frame 0
964.0149 	EXP 	Display Frame 1
964.0482 	EXP 	Display Frame 2
964.0816 	EXP 	Display Frame 3
964.1151 	EXP 	Display Frame 4
964.1483 	EXP 	Display Frame 5
964.1816 	EXP 	Display Frame 6
964.2149 	EXP 	Display Frame 7
964.2483 	EXP 	Display Frame 8
964.2816 	EXP 	Display Frame 9
964.3149 	EXP 	Display Frame 0
964.3482 	EXP 	Display Frame 1
964.3816 	EXP 	Display Frame 2
964.4149 	EXP 	Display Frame 3
964.4482 	EXP 	Display Frame 4
964.4816 	EXP 	Display Frame 5
964.5149 	EXP 	Display Frame 6
964.5483 	EXP 	Display Frame 7
964.5816 	EXP 	Display Frame 8
964.6149 	EXP 	Display Frame 9
964.6482 	EXP 	Display Frame 0
964.6816 	EXP 	Display Frame 1
964.7149 	EXP 	Display Frame 2
964.7483 	EXP 	Display Frame 3
964.7816 	EXP 	Display Frame 4
964.8149 	EXP 	Display Frame 5
964.8483 	EXP 	Display Frame 6
964.8816 	EXP 	Display Frame 7
964.9150 	EXP 	Display Frame 8
964.9483 	EXP 	Display Frame 9
964.9816 	EXP 	Display Frame 0
965.0149 	EXP 	Display Frame 1
965.0482 	EXP 	Display Frame 2
965.0816 	EXP 	Display Frame 3
965.1149 	EXP 	Display Frame 4
965.1483 	EXP 	Display Frame 5
965.1816 	EXP 	Display Frame 6
965.2152 	EXP 	Display Frame 7
965.2483 	EXP 	Display Frame 8
965.2816 	EXP 	Display Frame 9
965.3149 	EXP 	Display Frame 0
965.3482 	EXP 	Display Frame 1
965.3817 	EXP 	Display Frame 2
965.4149 	EXP 	Display Frame 3
965.4483 	EXP 	Display Frame 4
965.4816 	EXP 	Display Frame 5
965.5149 	EXP 	Display Frame 6
965.5483 	EXP 	Display Frame 7
965.5816 	EXP 	Display Frame 8
965.6149 	EXP 	Display Frame 9
965.6482 	EXP 	Display Frame 0
965.6816 	EXP 	Display Frame 1
965.7150 	EXP 	Display Frame 2
965.7483 	EXP 	Display Frame 3
965.7826 	EXP 	Display Frame 4
965.8149 	EXP 	Display Frame 5
965.8483 	EXP 	Display Frame 6
965.8816 	EXP 	Display Frame 7
965.9149 	EXP 	Display Frame 8
965.9483 	EXP 	Display Frame 9
965.9816 	EXP 	Display Frame 0
966.0149 	EXP 	Display Frame 1
966.0483 	EXP 	Display Frame 2
966.0816 	EXP 	Display Frame 3
966.1149 	EXP 	Display Frame 4
966.1482 	EXP 	Display Frame 5
966.1816 	EXP 	Display Frame 6
966.2149 	EXP 	Display Frame 7
966.2483 	EXP 	Display Frame 8
966.2816 	EXP 	Display Frame 9
966.3149 	EXP 	Display Frame 0
966.3482 	EXP 	Display Frame 1
966.3816 	EXP 	Display Frame 2
966.4149 	EXP 	Display Frame 3
966.4483 	EXP 	Display Frame 4
966.4816 	EXP 	Display Frame 5
966.5149 	EXP 	Display Frame 6
966.5483 	EXP 	Display Frame 7
966.5816 	EXP 	Display Frame 8
966.6149 	EXP 	Display Frame 9
966.6482 	EXP 	Display Frame 0
966.6816 	EXP 	Display Frame 1
966.7149 	EXP 	Display Frame 2
966.7482 	EXP 	Display Frame 3
966.7816 	EXP 	Display Frame 4
966.8149 	EXP 	Display Frame 5
966.8482 	EXP 	Display Frame 6
966.8818 	EXP 	Display Frame 7
966.9153 	EXP 	Display Frame 8
966.9483 	EXP 	Display Frame 9
966.9816 	EXP 	Display Frame 0
967.0149 	EXP 	Display Frame 1
967.0483 	EXP 	Display Frame 2
967.0816 	EXP 	Display Frame 3
967.1149 	EXP 	Display Frame 4
967.1483 	EXP 	Display Frame 5
967.1816 	EXP 	Display Frame 6
967.2149 	EXP 	Display Frame 7
967.2483 	EXP 	Display Frame 8
967.2816 	EXP 	Display Frame 9
967.3149 	EXP 	Display Frame 0
967.3482 	EXP 	Display Frame 1
967.3816 	EXP 	Display Frame 2
967.4150 	EXP 	Display Frame 3
967.4483 	EXP 	Display Frame 4
967.4816 	EXP 	Display Frame 5
967.5149 	EXP 	Display Frame 6
967.5483 	EXP 	Display Frame 7
967.5816 	EXP 	Display Frame 8
967.6149 	EXP 	Display Frame 9
967.6482 	EXP 	Display Frame 0
967.6816 	EXP 	Display Frame 1
967.7149 	EXP 	Display Frame 2
967.7482 	EXP 	Display Frame 3
967.7816 	EXP 	Display Frame 4
967.8149 	EXP 	Display Frame 5
967.8483 	EXP 	Display Frame 6
967.8816 	EXP 	Display Frame 7
967.9149 	EXP 	Display Frame 8
967.9483 	EXP 	Display Frame 9
967.9816 	EXP 	Display Frame 0
968.0149 	EXP 	Display Frame 1
968.0482 	EXP 	Display Frame 2
968.0816 	EXP 	Display Frame 3
968.1149 	EXP 	Display Frame 4
968.1483 	EXP 	Display Frame 5
968.1816 	EXP 	Display Frame 6
968.2150 	EXP 	Display Frame 7
968.2483 	EXP 	Display Frame 8
968.2816 	EXP 	Display Frame 9
968.3149 	EXP 	Display Frame 0
968.3482 	EXP 	Display Frame 1
968.3816 	EXP 	Display Frame 2
968.4149 	EXP 	Display Frame 3
968.4483 	EXP 	Display Frame 4
968.4816 	EXP 	Display Frame 5
968.5149 	EXP 	Display Frame 6
968.5483 	EXP 	Display Frame 7
968.5816 	EXP 	Display Frame 8
968.6149 	EXP 	Display Frame 9
968.6482 	EXP 	Display Frame 0
968.6816 	EXP 	Display Frame 1
968.7149 	EXP 	Display Frame 2
968.7483 	EXP 	Display Frame 3
968.7816 	EXP 	Display Frame 4
968.8149 	EXP 	Display Frame 5
968.8482 	EXP 	Display Frame 6
968.8816 	EXP 	Display Frame 7
968.9160 	EXP 	Display Frame 8
968.9482 	EXP 	Display Frame 9
968.9816 	EXP 	Display Frame 0
969.0149 	EXP 	Display Frame 1
969.0483 	EXP 	Display Frame 2
969.0816 	EXP 	Display Frame 3
969.1150 	EXP 	Display Frame 4
969.1482 	EXP 	Display Frame 5
969.1816 	EXP 	Display Frame 6
969.2149 	EXP 	Display Frame 7
969.2483 	EXP 	Display Frame 8
969.2816 	EXP 	Display Frame 9
969.3149 	EXP 	Display Frame 0
969.3482 	EXP 	Display Frame 1
969.3816 	EXP 	Display Frame 2
969.4149 	EXP 	Display Frame 3
969.4484 	EXP 	Display Frame 4
969.4817 	EXP 	Display Frame 5
969.5149 	EXP 	Display Frame 6
969.5482 	EXP 	Display Frame 7
969.5816 	EXP 	Display Frame 8
969.6149 	EXP 	Display Frame 9
969.6483 	EXP 	Display Frame 0
969.6816 	EXP 	Display Frame 1
969.7149 	EXP 	Display Frame 2
969.7482 	EXP 	Display Frame 3
969.7816 	EXP 	Display Frame 4
969.8149 	EXP 	Display Frame 5
969.8482 	EXP 	Display Frame 6
969.8816 	EXP 	Display Frame 7
969.9149 	EXP 	Display Frame 8
969.9483 	EXP 	Display Frame 9
969.9816 	EXP 	Display Frame 0
970.0149 	EXP 	Display Frame 1
970.0483 	EXP 	Display Frame 2
970.0816 	EXP 	Display Frame 3
970.1149 	EXP 	Display Frame 4
970.1483 	EXP 	Display Frame 5
970.1816 	EXP 	Display Frame 6
970.2149 	EXP 	Display Frame 7
970.2483 	EXP 	Display Frame 8
970.2816 	EXP 	Display Frame 9
970.3149 	EXP 	Display Frame 0
970.3482 	EXP 	Display Frame 1
970.3816 	EXP 	Display Frame 2
970.4149 	EXP 	Display Frame 3
970.4483 	EXP 	Display Frame 4
970.4816 	EXP 	Display Frame 5
970.5149 	EXP 	Display Frame 6
970.5483 	EXP 	Display Frame 7
970.5816 	EXP 	Display Frame 8
970.6149 	EXP 	Display Frame 9
970.6482 	EXP 	Display Frame 0
970.6816 	EXP 	Display Frame 1
970.7149 	EXP 	Display Frame 2
970.7483 	EXP 	Display Frame 3
970.7816 	EXP 	Display Frame 4
970.8149 	EXP 	Display Frame 5
970.8483 	EXP 	Display Frame 6
970.8816 	EXP 	Display Frame 7
970.9149 	EXP 	Display Frame 8
970.9483 	EXP 	Display Frame 9
970.9818 	EXP 	Display Frame 0
971.0149 	EXP 	Display Frame 1
971.0483 	EXP 	Display Frame 2
971.0816 	EXP 	Display Frame 3
971.1149 	EXP 	Display Frame 4
971.1483 	EXP 	Display Frame 5
971.1816 	EXP 	Display Frame 6
971.2149 	EXP 	Display Frame 7
971.2482 	EXP 	Display Frame 8
971.2816 	EXP 	Display Frame 9
971.3149 	EXP 	Display Frame 0
971.3482 	EXP 	Display Frame 1
971.3816 	EXP 	Display Frame 2
971.4149 	EXP 	Display Frame 3
971.4483 	EXP 	Display Frame 4
971.4816 	EXP 	Display Frame 5
971.5150 	EXP 	Display Frame 6
971.5483 	EXP 	Display Frame 7
971.5827 	EXP 	Display Frame 8
971.6149 	EXP 	Display Frame 9
971.6482 	EXP 	Display Frame 0
971.6816 	EXP 	Display Frame 1
971.7149 	EXP 	Display Frame 2
971.7483 	EXP 	Display Frame 3
971.7816 	EXP 	Display Frame 4
971.8149 	EXP 	Display Frame 5
971.8482 	EXP 	Display Frame 6
971.8816 	EXP 	Display Frame 7
971.9149 	EXP 	Display Frame 8
971.9483 	EXP 	Display Frame 9
971.9816 	EXP 	Display Frame 0
972.0149 	EXP 	Display Frame 1
972.0483 	EXP 	Display Frame 2
972.0816 	EXP 	Display Frame 3
972.1149 	EXP 	Display Frame 4
972.1483 	EXP 	Display Frame 5
972.1816 	EXP 	Display Frame 6
972.2149 	EXP 	Display Frame 7
972.2482 	EXP 	Display Frame 8
972.2816 	EXP 	Display Frame 9
972.3149 	EXP 	Display Frame 0
972.3482 	EXP 	Display Frame 1
972.3816 	EXP 	Display Frame 2
972.4149 	EXP 	Display Frame 3
972.4482 	EXP 	Display Frame 4
972.4816 	EXP 	Display Frame 5
972.5149 	EXP 	Display Frame 6
972.5483 	EXP 	Display Frame 7
972.5816 	EXP 	Display Frame 8
972.6149 	EXP 	Display Frame 9
972.6482 	EXP 	Display Frame 0
972.6816 	EXP 	Display Frame 1
972.7149 	EXP 	Display Frame 2
972.7483 	EXP 	Display Frame 3
972.7816 	EXP 	Display Frame 4
972.8149 	EXP 	Display Frame 5
972.8482 	EXP 	Display Frame 6
972.8816 	EXP 	Display Frame 7
972.9149 	EXP 	Display Frame 8
972.9482 	EXP 	Display Frame 9
972.9816 	EXP 	Display Frame 0
973.0149 	EXP 	Display Frame 1
973.0482 	EXP 	Display Frame 2
973.0816 	EXP 	Display Frame 3
973.1149 	EXP 	Display Frame 4
973.1483 	EXP 	Display Frame 5
973.1816 	EXP 	Display Frame 6
973.2149 	EXP 	Display Frame 7
973.2483 	EXP 	Display Frame 8
973.2816 	EXP 	Display Frame 9
973.3149 	EXP 	Display Frame 0
973.3482 	EXP 	Display Frame 1
973.3816 	EXP 	Display Frame 2
973.4150 	EXP 	Display Frame 3
973.4483 	EXP 	Display Frame 4
973.4816 	EXP 	Display Frame 5
973.5149 	EXP 	Display Frame 6
973.5483 	EXP 	Display Frame 7
973.5816 	EXP 	Display Frame 8
973.6149 	EXP 	Display Frame 9
973.6483 	EXP 	Display Frame 0
973.6816 	EXP 	Display Frame 1
973.7149 	EXP 	Display Frame 2
973.7483 	EXP 	Display Frame 3
973.7816 	EXP 	Display Frame 4
973.8149 	EXP 	Display Frame 5
973.8482 	EXP 	Display Frame 6
973.8816 	EXP 	Display Frame 7
973.9149 	EXP 	Display Frame 8
973.9483 	EXP 	Display Frame 9
973.9816 	EXP 	Display Frame 0
974.0149 	EXP 	Display Frame 1
974.0482 	EXP 	Display Frame 2
974.0816 	EXP 	Display Frame 3
974.1149 	EXP 	Display Frame 4
974.1482 	EXP 	Display Frame 5
974.1816 	EXP 	Display Frame 6
974.2149 	EXP 	Display Frame 7
974.2483 	EXP 	Display Frame 8
974.2816 	EXP 	Display Frame 9
974.3149 	EXP 	Display Frame 0
974.3482 	EXP 	Display Frame 1
974.3816 	EXP 	Display Frame 2
974.4150 	EXP 	Display Frame 3
974.4483 	EXP 	Display Frame 4
974.4816 	EXP 	Display Frame 5
974.5149 	EXP 	Display Frame 6
974.5483 	EXP 	Display Frame 7
974.5816 	EXP 	Display Frame 8
974.6149 	EXP 	Display Frame 9
974.6482 	EXP 	Display Frame 0
974.6816 	EXP 	Display Frame 1
974.7149 	EXP 	Display Frame 2
974.7482 	EXP 	Display Frame 3
974.7818 	EXP 	Display Frame 4
974.8150 	EXP 	Display Frame 5
974.8483 	EXP 	Display Frame 6
974.8816 	EXP 	Display Frame 7
974.9149 	EXP 	Display Frame 8
974.9483 	EXP 	Display Frame 9
974.9816 	EXP 	Display Frame 0
975.0149 	EXP 	Display Frame 1
975.0482 	EXP 	Display Frame 2
975.0816 	EXP 	Display Frame 3
975.1149 	EXP 	Display Frame 4
975.1483 	EXP 	Display Frame 5
975.1816 	EXP 	Display Frame 6
975.2149 	EXP 	Display Frame 7
975.2483 	EXP 	Display Frame 8
975.2816 	EXP 	Display Frame 9
975.3149 	EXP 	Display Frame 0
975.3482 	EXP 	Display Frame 1
975.3816 	EXP 	Display Frame 2
975.4149 	EXP 	Display Frame 3
975.4483 	EXP 	Display Frame 4
975.4816 	EXP 	Display Frame 5
975.5149 	EXP 	Display Frame 6
975.5482 	EXP 	Display Frame 7
975.5816 	EXP 	Display Frame 8
975.6149 	EXP 	Display Frame 9
975.6482 	EXP 	Display Frame 0
975.6816 	EXP 	Display Frame 1
975.7149 	EXP 	Display Frame 2
975.7483 	EXP 	Display Frame 3
975.7816 	EXP 	Display Frame 4
975.8149 	EXP 	Display Frame 5
975.8483 	EXP 	Display Frame 6
975.8816 	EXP 	Display Frame 7
975.9150 	EXP 	Display Frame 8
975.9482 	EXP 	Display Frame 9
975.9816 	EXP 	Display Frame 0
976.0149 	EXP 	Display Frame 1
976.0483 	EXP 	Display Frame 2
976.0816 	EXP 	Display Frame 3
976.1149 	EXP 	Display Frame 4
976.1483 	EXP 	Display Frame 5
976.1827 	EXP 	Display Frame 6
976.2150 	EXP 	Display Frame 7
976.2482 	EXP 	Display Frame 8
976.2816 	EXP 	Display Frame 9
976.3149 	EXP 	Display Frame 0
976.3482 	EXP 	Display Frame 1
976.3816 	EXP 	Display Frame 2
976.4149 	EXP 	Display Frame 3
976.4482 	EXP 	Display Frame 4
976.4816 	EXP 	Display Frame 5
976.5149 	EXP 	Display Frame 6
976.5483 	EXP 	Display Frame 7
976.5816 	EXP 	Display Frame 8
976.6149 	EXP 	Display Frame 9
976.6483 	EXP 	Display Frame 0
976.6816 	EXP 	Display Frame 1
976.7149 	EXP 	Display Frame 2
976.7483 	EXP 	Display Frame 3
976.7816 	EXP 	Display Frame 4
976.8149 	EXP 	Display Frame 5
976.8482 	EXP 	Display Frame 6
976.8816 	EXP 	Display Frame 7
976.9149 	EXP 	Display Frame 8
976.9483 	EXP 	Display Frame 9
976.9816 	EXP 	Display Frame 0
977.0149 	EXP 	Display Frame 1
977.0483 	EXP 	Display Frame 2
977.0816 	EXP 	Display Frame 3
977.1149 	EXP 	Display Frame 4
977.1482 	EXP 	Display Frame 5
977.1816 	EXP 	Display Frame 6
977.2149 	EXP 	Display Frame 7
977.2483 	EXP 	Display Frame 8
977.2816 	EXP 	Display Frame 9
977.3152 	EXP 	Display Frame 0
977.3483 	EXP 	Display Frame 1
977.3816 	EXP 	Display Frame 2
977.4149 	EXP 	Display Frame 3
977.4483 	EXP 	Display Frame 4
977.4816 	EXP 	Display Frame 5
977.5149 	EXP 	Display Frame 6
977.5483 	EXP 	Display Frame 7
977.5816 	EXP 	Display Frame 8
977.6149 	EXP 	Display Frame 9
977.6482 	EXP 	Display Frame 0
977.6816 	EXP 	Display Frame 1
977.7149 	EXP 	Display Frame 2
977.7482 	EXP 	Display Frame 3
977.7816 	EXP 	Display Frame 4
977.8149 	EXP 	Display Frame 5
977.8483 	EXP 	Display Frame 6
977.8816 	EXP 	Display Frame 7
977.9149 	EXP 	Display Frame 8
977.9483 	EXP 	Display Frame 9
977.9816 	EXP 	Display Frame 0
978.0149 	EXP 	Display Frame 1
978.0483 	EXP 	Display Frame 2
978.0816 	EXP 	Display Frame 3
978.1149 	EXP 	Display Frame 4
978.1483 	EXP 	Display Frame 5
978.1816 	EXP 	Display Frame 6
978.2149 	EXP 	Display Frame 7
978.2483 	EXP 	Display Frame 8
978.2816 	EXP 	Display Frame 9
978.3149 	EXP 	Display Frame 0
978.3482 	EXP 	Display Frame 1
978.3816 	EXP 	Display Frame 2
978.4149 	EXP 	Display Frame 3
978.4483 	EXP 	Display Frame 4
978.4816 	EXP 	Display Frame 5
978.5149 	EXP 	Display Frame 6
978.5483 	EXP 	Display Frame 7
978.5816 	EXP 	Display Frame 8
978.6149 	EXP 	Display Frame 9
978.6482 	EXP 	Display Frame 0
978.6816 	EXP 	Display Frame 1
978.7149 	EXP 	Display Frame 2
978.7483 	EXP 	Display Frame 3
978.7816 	EXP 	Display Frame 4
978.8149 	EXP 	Display Frame 5
978.8482 	EXP 	Display Frame 6
978.8816 	EXP 	Display Frame 7
978.9149 	EXP 	Display Frame 8
978.9483 	EXP 	Display Frame 9
978.9816 	EXP 	Display Frame 0
979.0149 	EXP 	Display Frame 1
979.0483 	EXP 	Display Frame 2
979.0816 	EXP 	Display Frame 3
979.1150 	EXP 	Display Frame 4
979.1482 	EXP 	Display Frame 5
979.1816 	EXP 	Display Frame 6
979.2149 	EXP 	Display Frame 7
979.2482 	EXP 	Display Frame 8
979.2816 	EXP 	Display Frame 9
979.3149 	EXP 	Display Frame 0
979.3482 	EXP 	Display Frame 1
979.3816 	EXP 	Display Frame 2
979.4149 	EXP 	Display Frame 3
979.4483 	EXP 	Display Frame 4
979.4816 	EXP 	Display Frame 5
979.5149 	EXP 	Display Frame 6
979.5482 	EXP 	Display Frame 7
979.5816 	EXP 	Display Frame 8
979.6149 	EXP 	Display Frame 9
979.6482 	EXP 	Display Frame 0
979.6816 	EXP 	Display Frame 1
979.7149 	EXP 	Display Frame 2
979.7483 	EXP 	Display Frame 3
979.7816 	EXP 	Display Frame 4
979.8149 	EXP 	Display Frame 5
979.8482 	EXP 	Display Frame 6
979.8816 	EXP 	Display Frame 7
979.9149 	EXP 	Display Frame 8
979.9483 	EXP 	Display Frame 9
979.9816 	EXP 	Display Frame 0
980.0149 	EXP 	Display Frame 1
980.0482 	EXP 	Display Frame 2
980.0816 	EXP 	Display Frame 3
980.1150 	EXP 	Display Frame 4
980.1483 	EXP 	Display Frame 5
980.1816 	EXP 	Display Frame 6
980.2149 	EXP 	Display Frame 7
980.2483 	EXP 	Display Frame 8
980.2816 	EXP 	Display Frame 9
980.3149 	EXP 	Display Frame 0
980.3482 	EXP 	Display Frame 1
980.3816 	EXP 	Display Frame 2
980.4149 	EXP 	Display Frame 3
980.4482 	EXP 	Display Frame 4
980.4816 	EXP 	Display Frame 5
980.5149 	EXP 	Display Frame 6
980.5483 	EXP 	Display Frame 7
980.5816 	EXP 	Display Frame 8
980.6149 	EXP 	Display Frame 9
980.6482 	EXP 	Display Frame 0
980.6816 	EXP 	Display Frame 1
980.7149 	EXP 	Display Frame 2
980.7483 	EXP 	Display Frame 3
980.7816 	EXP 	Display Frame 4
980.8149 	EXP 	Display Frame 5
980.8482 	EXP 	Display Frame 6
980.8816 	EXP 	Display Frame 7
980.9150 	EXP 	Display Frame 8
980.9482 	EXP 	Display Frame 9
980.9816 	EXP 	Display Frame 0
981.0149 	EXP 	Display Frame 1
981.0483 	EXP 	Display Frame 2
981.0816 	EXP 	Display Frame 3
981.1149 	EXP 	Display Frame 4
981.1483 	EXP 	Display Frame 5
981.1816 	EXP 	Display Frame 6
981.2149 	EXP 	Display Frame 7
981.2482 	EXP 	Display Frame 8
981.2816 	EXP 	Display Frame 9
981.3149 	EXP 	Display Frame 0
981.3482 	EXP 	Display Frame 1
981.3816 	EXP 	Display Frame 2
981.4150 	EXP 	Display Frame 3
981.4483 	EXP 	Display Frame 4
981.4816 	EXP 	Display Frame 5
981.5149 	EXP 	Display Frame 6
981.5483 	EXP 	Display Frame 7
981.5816 	EXP 	Display Frame 8
981.6149 	EXP 	Display Frame 9
981.6482 	EXP 	Display Frame 0
981.6816 	EXP 	Display Frame 1
981.7149 	EXP 	Display Frame 2
981.7483 	EXP 	Display Frame 3
981.7816 	EXP 	Display Frame 4
981.8149 	EXP 	Display Frame 5
981.8482 	EXP 	Display Frame 6
981.8816 	EXP 	Display Frame 7
981.9149 	EXP 	Display Frame 8
981.9483 	EXP 	Display Frame 9
981.9816 	EXP 	Display Frame 0
982.0149 	EXP 	Display Frame 1
982.0483 	EXP 	Display Frame 2
982.0816 	EXP 	Display Frame 3
982.1149 	EXP 	Display Frame 4
982.1482 	EXP 	Display Frame 5
982.1816 	EXP 	Display Frame 6
982.2149 	EXP 	Display Frame 7
982.2483 	EXP 	Display Frame 8
982.2816 	EXP 	Display Frame 9
982.3149 	EXP 	Display Frame 0
982.3482 	EXP 	Display Frame 1
982.3816 	EXP 	Display Frame 2
982.4149 	EXP 	Display Frame 3
982.4483 	EXP 	Display Frame 4
982.4816 	EXP 	Display Frame 5
982.5149 	EXP 	Display Frame 6
982.5482 	EXP 	Display Frame 7
982.5816 	EXP 	Display Frame 8
982.6149 	EXP 	Display Frame 9
982.6482 	EXP 	Display Frame 0
982.6816 	EXP 	Display Frame 1
982.7149 	EXP 	Display Frame 2
982.7483 	EXP 	Display Frame 3
982.7816 	EXP 	Display Frame 4
982.8149 	EXP 	Display Frame 5
982.8482 	EXP 	Display Frame 6
982.8816 	EXP 	Display Frame 7
982.9149 	EXP 	Display Frame 8
982.9483 	EXP 	Display Frame 9
982.9816 	EXP 	Display Frame 0
983.0149 	EXP 	Display Frame 1
983.0483 	EXP 	Display Frame 2
983.0818 	EXP 	Display Frame 3
983.1150 	EXP 	Display Frame 4
983.1483 	EXP 	Display Frame 5
983.1816 	EXP 	Display Frame 6
983.2149 	EXP 	Display Frame 7
983.2483 	EXP 	Display Frame 8
983.2816 	EXP 	Display Frame 9
983.3149 	EXP 	Display Frame 0
983.3483 	EXP 	Display Frame 1
983.3816 	EXP 	Display Frame 2
983.4150 	EXP 	Display Frame 3
983.4483 	EXP 	Display Frame 4
983.4816 	EXP 	Display Frame 5
983.5149 	EXP 	Display Frame 6
983.5483 	EXP 	Display Frame 7
983.5816 	EXP 	Display Frame 8
983.6149 	EXP 	Display Frame 9
983.6482 	EXP 	Display Frame 0
983.6816 	EXP 	Display Frame 1
983.7150 	EXP 	Display Frame 2
983.7482 	EXP 	Display Frame 3
983.7816 	EXP 	Display Frame 4
983.8149 	EXP 	Display Frame 5
983.8483 	EXP 	Display Frame 6
983.8816 	EXP 	Display Frame 7
983.9149 	EXP 	Display Frame 8
983.9483 	EXP 	Display Frame 9
983.9816 	EXP 	Display Frame 0
984.0149 	EXP 	Display Frame 1
984.0483 	EXP 	Display Frame 2
984.0816 	EXP 	Display Frame 3
984.1149 	EXP 	Display Frame 4
984.1483 	EXP 	Display Frame 5
984.1816 	EXP 	Display Frame 6
984.2149 	EXP 	Display Frame 7
984.2483 	EXP 	Display Frame 8
984.2816 	EXP 	Display Frame 9
984.3149 	EXP 	Display Frame 0
984.3482 	EXP 	Display Frame 1
984.3816 	EXP 	Display Frame 2
984.4149 	EXP 	Display Frame 3
984.4483 	EXP 	Display Frame 4
984.4816 	EXP 	Display Frame 5
984.5149 	EXP 	Display Frame 6
984.5483 	EXP 	Display Frame 7
984.5816 	EXP 	Display Frame 8
984.6149 	EXP 	Display Frame 9
984.6483 	EXP 	Display Frame 0
984.6816 	EXP 	Display Frame 1
984.7150 	EXP 	Display Frame 2
984.7482 	EXP 	Display Frame 3
984.7816 	EXP 	Display Frame 4
984.8149 	EXP 	Display Frame 5
984.8482 	EXP 	Display Frame 6
984.8816 	EXP 	Display Frame 7
984.9149 	EXP 	Display Frame 8
984.9483 	EXP 	Display Frame 9
984.9816 	EXP 	Display Frame 0
985.0149 	EXP 	Display Frame 1
985.0482 	EXP 	Display Frame 2
985.0816 	EXP 	Display Frame 3
985.1149 	EXP 	Display Frame 4
985.1482 	EXP 	Display Frame 5
985.1816 	EXP 	Display Frame 6
985.2149 	EXP 	Display Frame 7
985.2483 	EXP 	Display Frame 8
985.2816 	EXP 	Display Frame 9
985.3149 	EXP 	Display Frame 0
985.3482 	EXP 	Display Frame 1
985.3816 	EXP 	Display Frame 2
985.4149 	EXP 	Display Frame 3
985.4483 	EXP 	Display Frame 4
985.4817 	EXP 	Display Frame 5
985.5149 	EXP 	Display Frame 6
985.5483 	EXP 	Display Frame 7
985.5816 	EXP 	Display Frame 8
985.6149 	EXP 	Display Frame 9
985.6482 	EXP 	Display Frame 0
985.6816 	EXP 	Display Frame 1
985.7149 	EXP 	Display Frame 2
985.7483 	EXP 	Display Frame 3
985.7816 	EXP 	Display Frame 4
985.8149 	EXP 	Display Frame 5
985.8482 	EXP 	Display Frame 6
985.8816 	EXP 	Display Frame 7
985.9149 	EXP 	Display Frame 8
985.9483 	EXP 	Display Frame 9
985.9816 	EXP 	Display Frame 0
986.0149 	EXP 	Display Frame 1
986.0483 	EXP 	Display Frame 2
986.0816 	EXP 	Display Frame 3
986.1149 	EXP 	Display Frame 4
986.1482 	EXP 	Display Frame 5
986.1816 	EXP 	Display Frame 6
986.2149 	EXP 	Display Frame 7
986.2482 	EXP 	Display Frame 8
986.2816 	EXP 	Display Frame 9
986.3149 	EXP 	Display Frame 0
986.3482 	EXP 	Display Frame 1
986.3816 	EXP 	Display Frame 2
986.4149 	EXP 	Display Frame 3
986.4483 	EXP 	Display Frame 4
986.4816 	EXP 	Display Frame 5
986.5149 	EXP 	Display Frame 6
986.5482 	EXP 	Display Frame 7
986.5816 	EXP 	Display Frame 8
986.6149 	EXP 	Display Frame 9
986.6482 	EXP 	Display Frame 0
986.6816 	EXP 	Display Frame 1
986.7149 	EXP 	Display Frame 2
986.7482 	EXP 	Display Frame 3
986.7816 	EXP 	Display Frame 4
986.8149 	EXP 	Display Frame 5
986.8482 	EXP 	Display Frame 6
986.8816 	EXP 	Display Frame 7
986.9149 	EXP 	Display Frame 8
986.9483 	EXP 	Display Frame 9
986.9816 	EXP 	Display Frame 0
987.0149 	EXP 	Display Frame 1
987.0482 	EXP 	Display Frame 2
987.0816 	EXP 	Display Frame 3
987.1149 	EXP 	Display Frame 4
987.1483 	EXP 	Display Frame 5
987.1816 	EXP 	Display Frame 6
987.2149 	EXP 	Display Frame 7
987.2483 	EXP 	Display Frame 8
987.2816 	EXP 	Display Frame 9
987.3149 	EXP 	Display Frame 0
987.3483 	EXP 	Display Frame 1
987.3816 	EXP 	Display Frame 2
987.4149 	EXP 	Display Frame 3
987.4483 	EXP 	Display Frame 4
987.4816 	EXP 	Display Frame 5
987.5149 	EXP 	Display Frame 6
987.5483 	EXP 	Display Frame 7
987.5816 	EXP 	Display Frame 8
987.6149 	EXP 	Display Frame 9
987.6482 	EXP 	Display Frame 0
987.6816 	EXP 	Display Frame 1
987.7149 	EXP 	Display Frame 2
987.7483 	EXP 	Display Frame 3
987.7816 	EXP 	Display Frame 4
987.8149 	EXP 	Display Frame 5
987.8483 	EXP 	Display Frame 6
987.8816 	EXP 	Display Frame 7
987.9149 	EXP 	Display Frame 8
987.9483 	EXP 	Display Frame 9
987.9816 	EXP 	Display Frame 0
988.0149 	EXP 	Display Frame 1
988.0482 	EXP 	Display Frame 2
988.0816 	EXP 	Display Frame 3
988.1149 	EXP 	Display Frame 4
988.1483 	EXP 	Display Frame 5
988.1816 	EXP 	Display Frame 6
988.2149 	EXP 	Display Frame 7
988.2482 	EXP 	Display Frame 8
988.2816 	EXP 	Display Frame 9
988.3149 	EXP 	Display Frame 0
988.3483 	EXP 	Display Frame 1
988.3816 	EXP 	Display Frame 2
988.4150 	EXP 	Display Frame 3
988.4483 	EXP 	Display Frame 4
988.4816 	EXP 	Display Frame 5
988.5149 	EXP 	Display Frame 6
988.5482 	EXP 	Display Frame 7
988.5816 	EXP 	Display Frame 8
988.6149 	EXP 	Display Frame 9
988.6482 	EXP 	Display Frame 0
988.6816 	EXP 	Display Frame 1
988.7149 	EXP 	Display Frame 2
988.7482 	EXP 	Display Frame 3
988.7816 	EXP 	Display Frame 4
988.8149 	EXP 	Display Frame 5
988.8484 	EXP 	Display Frame 6
988.8816 	EXP 	Display Frame 7
988.9149 	EXP 	Display Frame 8
988.9483 	EXP 	Display Frame 9
988.9816 	EXP 	Display Frame 0
989.0149 	EXP 	Display Frame 1
989.0483 	EXP 	Display Frame 2
989.0816 	EXP 	Display Frame 3
989.1149 	EXP 	Display Frame 4
989.1483 	EXP 	Display Frame 5
989.1816 	EXP 	Display Frame 6
989.2149 	EXP 	Display Frame 7
989.2484 	EXP 	Display Frame 8
989.2817 	EXP 	Display Frame 9
989.3152 	DATA 	Keypress: q
989.3161 	EXP 	Display Frame 0
989.3252 	EXP 	topMsg: height = 0.1
989.3252 	EXP 	topMsg: height = 0.1
989.3252 	EXP 	topMsg: text = "Thank you very much! \n\nThat's it with the tapping"
989.3252 	EXP 	bottomMsg: height = 0.1
989.3252 	EXP 	bottomMsg: height = 0.1
989.3252 	EXP 	bottomMsg: text = "Please relax for the ramaining time \n\n Press 'q' or 'escape' to end the session."
989.3252 	EXP 	Display TheEnd
989.4444 	DATA 	Keypress: q
989.5607 	EXP 	win: mouseVisible = True
