0.9494 	WARNING 	We strongly recommend you activate the PTB sound engine in PsychoPy prefs as the preferred audio engine. Its timing is vastly superior. Your prefs are currently set to use ['sounddevice', 'PTB', 'pyo', 'pygame'] (in that order).
7.0308 	INFO 	---START PARAMETERS---
7.0309 	INFO 	filename: TappingWithTrTiming_Movie_d3.py-1tt============-245-Dec_29_1741
7.0309 	INFO 	subject: 1tt============
7.0309 	INFO 	session: 245
7.0309 	INFO 	date: Dec_29_1741
7.0309 	INFO 	blockDur_TRs: 6
7.0309 	INFO 	condition: TapFast
7.0309 	INFO 	fixCrossPos: [0, 0]
7.0309 	INFO 	fixCrossSize: 100
7.0309 	INFO 	fullScreen: True
7.0310 	INFO 	movieFolder: Images/
7.0310 	INFO 	movieSize: (1600, 1000)
7.0310 	INFO 	nBlocks: 68
7.0310 	INFO 	promptDir: Text/
7.0310 	INFO 	restDur_TRs: 6
7.0310 	INFO 	screenColor: (128, 128, 128)
7.0310 	INFO 	screenToShow: 1
7.0310 	INFO 	skipPrompts: False
7.0310 	INFO 	tStartup_TRs: 0
7.0310 	INFO 	textHeight: 40
7.0310 	INFO 	triggerKey: equal
7.0310 	INFO 	---END PARAMETERS---
7.8952 	INFO 	Loaded monitor calibration from ['2022_03_25 08:03']
9.0499 	WARNING 	Couldn't measure a consistent frame rate!
  - Is your graphics card set to sync to vertical blank?
  - Are you running other processes on your computer?

9.0509 	EXP 	Created win = Window(allowGUI=False, allowStencil=False, autoLog=True, backendConf=UNKNOWN, bitsMode=UNKNOWN, blendMode='avg', bpc=(8, 8, 8), color=array([128, 128, 128]), colorSpace='rgb255', depthBits=8, fullscr=<method-wrapper '__getattribute__' of attributeSetter object at 0x7f78a8a85340>, gamma=None, gammaErrorPolicy='raise', lms=UNKNOWN, monitor=<psychopy.monitors.calibTools.Monitor object at 0x7f79694f3220>, multiSample=False, name='win', numSamples=2, pos=[0.0, 0.0], screen=1, size=array([1920, 1080]), stencilBits=0, stereo=False, units='deg', useFBO=False, useRetina=False, viewOri=0.0, viewPos=None, viewScale=None, waitBlanking=True, winType='pyglet')
9.0513 	EXP 	win: mouseVisible = True
9.0581 	EXP 	Created fixCross = ShapeStim(__class__=<class 'psychopy.visual.shape.ShapeStim'>, anchor=('center', 'center'), autoDraw=False, autoLog=True, closeShape=False, color=method-wrapper(...), colorSpace='rgb', contrast=None, depth=0, fillColor=array([0, 0, 0]), fillColorSpace='rgb', fillRGB=array([0, 0, 0]), interpolate=True, lineColor=array([-1., -1., -1.]), lineColorSpace='rgb', lineRGB=array([-1., -1., -1.]), lineWidth=3.0, name='fixCross', opacity=0.5, ori=0.0, pos=array([0., 0.]), size=array([1., 1.]), units='pix', vertices=ndarray(...), win=Window(...), windingRule=None)
9.0587 	WARNING 	TextStim.alignHoriz is deprecated. Use alignText and anchorHoriz attributes instead
9.0892 	EXP 	Created topMsg = TextStim(__class__=<class 'psychopy.visual.text.TextStim'>, alignHoriz='center', alignText='center', alignVert=method-wrapper(...), anchorHoriz='center', anchorVert='center', antialias=True, autoLog=True, bold=False, color=array([-1., -1., -1.]), colorSpace='rgb', contrast=1.0, depth=0, flipHoriz=False, flipVert=False, font='', fontFiles=[], height=0.1, italic=False, languageStyle='LTR', name='topMsg', opacity=1.0, ori=0.0, pos=array([0. , 0.5]), rgb=UNKNOWN, text='aaa', units='norm', win=Window(...), wrapWidth=1.5)
9.0893 	WARNING 	TextStim.alignHoriz is deprecated. Use alignText and anchorHoriz attributes instead
9.0917 	EXP 	Created bottomMsg = TextStim(__class__=<class 'psychopy.visual.text.TextStim'>, alignHoriz='center', alignText='center', alignVert=method-wrapper(...), anchorHoriz='center', anchorVert='center', antialias=True, autoLog=True, bold=False, color=array([-1., -1., -1.]), colorSpace='rgb', contrast=1.0, depth=0, flipHoriz=False, flipVert=False, font='', fontFiles=[], height=0.1, italic=False, languageStyle='LTR', name='bottomMsg', opacity=1.0, ori=0.0, pos=array([ 0. , -0.5]), rgb=UNKNOWN, text='bbb', units='norm', win=Window(...), wrapWidth=1.5)
9.1675 	EXP 	Created Movie Frame 0 = ImageStim(__class__=<class 'psychopy.visual.image.ImageStim'>, anchor=('center', 'center'), autoLog=True, color=array([1., 1., 1.]), colorSpace='rgb', contrast=1.0, depth=0, flipHoriz=False, flipVert=False, image='Images/right_0.png', interpolate=False, mask=None, maskParams=None, name='Movie Frame 0', opacity=1, ori=0.0, pos=array([0., 0.]), size=array([1600., 1000.]), texRes=128, units='pix', win=Window(...))
9.2345 	EXP 	Created Movie Frame 1 = ImageStim(__class__=<class 'psychopy.visual.image.ImageStim'>, anchor=('center', 'center'), autoLog=True, color=array([1., 1., 1.]), colorSpace='rgb', contrast=1.0, depth=0, flipHoriz=False, flipVert=False, image='Images/right_1.png', interpolate=False, mask=None, maskParams=None, name='Movie Frame 1', opacity=1, ori=0.0, pos=array([0., 0.]), size=array([1600., 1000.]), texRes=128, units='pix', win=Window(...))
9.2935 	EXP 	Created Movie Frame 2 = ImageStim(__class__=<class 'psychopy.visual.image.ImageStim'>, anchor=('center', 'center'), autoLog=True, color=array([1., 1., 1.]), colorSpace='rgb', contrast=1.0, depth=0, flipHoriz=False, flipVert=False, image='Images/right_2.png', interpolate=False, mask=None, maskParams=None, name='Movie Frame 2', opacity=1, ori=0.0, pos=array([0., 0.]), size=array([1600., 1000.]), texRes=128, units='pix', win=Window(...))
9.3518 	EXP 	Created Movie Frame 3 = ImageStim(__class__=<class 'psychopy.visual.image.ImageStim'>, anchor=('center', 'center'), autoLog=True, color=array([1., 1., 1.]), colorSpace='rgb', contrast=1.0, depth=0, flipHoriz=False, flipVert=False, image='Images/right_3.png', interpolate=False, mask=None, maskParams=None, name='Movie Frame 3', opacity=1, ori=0.0, pos=array([0., 0.]), size=array([1600., 1000.]), texRes=128, units='pix', win=Window(...))
9.4115 	EXP 	Created Movie Frame 4 = ImageStim(__class__=<class 'psychopy.visual.image.ImageStim'>, anchor=('center', 'center'), autoLog=True, color=array([1., 1., 1.]), colorSpace='rgb', contrast=1.0, depth=0, flipHoriz=False, flipVert=False, image='Images/right_4.png', interpolate=False, mask=None, maskParams=None, name='Movie Frame 4', opacity=1, ori=0.0, pos=array([0., 0.]), size=array([1600., 1000.]), texRes=128, units='pix', win=Window(...))
9.4717 	EXP 	Created Movie Frame 5 = ImageStim(__class__=<class 'psychopy.visual.image.ImageStim'>, anchor=('center', 'center'), autoLog=True, color=array([1., 1., 1.]), colorSpace='rgb', contrast=1.0, depth=0, flipHoriz=False, flipVert=False, image='Images/right_5.png', interpolate=False, mask=None, maskParams=None, name='Movie Frame 5', opacity=1, ori=0.0, pos=array([0., 0.]), size=array([1600., 1000.]), texRes=128, units='pix', win=Window(...))
9.5315 	EXP 	Created Movie Frame 6 = ImageStim(__class__=<class 'psychopy.visual.image.ImageStim'>, anchor=('center', 'center'), autoLog=True, color=array([1., 1., 1.]), colorSpace='rgb', contrast=1.0, depth=0, flipHoriz=False, flipVert=False, image='Images/right_6.png', interpolate=False, mask=None, maskParams=None, name='Movie Frame 6', opacity=1, ori=0.0, pos=array([0., 0.]), size=array([1600., 1000.]), texRes=128, units='pix', win=Window(...))
9.5903 	EXP 	Created Movie Frame 7 = ImageStim(__class__=<class 'psychopy.visual.image.ImageStim'>, anchor=('center', 'center'), autoLog=True, color=array([1., 1., 1.]), colorSpace='rgb', contrast=1.0, depth=0, flipHoriz=False, flipVert=False, image='Images/right_7.png', interpolate=False, mask=None, maskParams=None, name='Movie Frame 7', opacity=1, ori=0.0, pos=array([0., 0.]), size=array([1600., 1000.]), texRes=128, units='pix', win=Window(...))
9.6500 	EXP 	Created Movie Frame 8 = ImageStim(__class__=<class 'psychopy.visual.image.ImageStim'>, anchor=('center', 'center'), autoLog=True, color=array([1., 1., 1.]), colorSpace='rgb', contrast=1.0, depth=0, flipHoriz=False, flipVert=False, image='Images/right_8.png', interpolate=False, mask=None, maskParams=None, name='Movie Frame 8', opacity=1, ori=0.0, pos=array([0., 0.]), size=array([1600., 1000.]), texRes=128, units='pix', win=Window(...))
9.7102 	EXP 	Created Movie Frame 9 = ImageStim(__class__=<class 'psychopy.visual.image.ImageStim'>, anchor=('center', 'center'), autoLog=True, color=array([1., 1., 1.]), colorSpace='rgb', contrast=1.0, depth=0, flipHoriz=False, flipVert=False, image='Images/right_9.png', interpolate=False, mask=None, maskParams=None, name='Movie Frame 9', opacity=1, ori=0.0, pos=array([0., 0.]), size=array([1600., 1000.]), texRes=128, units='pix', win=Window(...))
9.7174 	EXP 	Created unnamed TextStim = TextStim(__class__=<class 'psychopy.visual.text.TextStim'>, alignHoriz=method-wrapper(...), alignText='center', alignVert=method-wrapper(...), anchorHoriz='center', anchorVert='center', antialias=True, autoLog=True, bold=False, color=array([-1., -1., -1.]), colorSpace='rgb', contrast=1.0, depth=0, flipHoriz=False, flipVert=False, font='', fontFiles=[], height=40.0, italic=False, languageStyle='LTR', name='unnamed TextStim', opacity=1.0, ori=0.0, pos=array([  0., 580.]), rgb=UNKNOWN, text='Tap along with the video.', units='pix', win=Window(...), wrapWidth=1600)
9.7319 	WARNING 	t of last frame was 682.20ms (=1/1)
9.7319 	EXP 	topMsg: height = 0.1
9.7319 	EXP 	topMsg: height = 0.1
9.7319 	EXP 	topMsg: text = 'You will see a movie of a finger tapping. When it is on the screen, try to use the hand indicated to tap your fingers at the same times as the movie does. When the fixation cross appears, relax and stare at the cross.'
9.7319 	EXP 	bottomMsg: height = 0.1
9.7319 	EXP 	bottomMsg: height = 0.1
9.7319 	EXP 	bottomMsg: text = 'The experiment will begin shortly'
9.7319 	EXP 	Display Instructions1
106.1934 	DATA 	Keypress: equal
106.2080 	WARNING 	t of last frame was 96476.14ms (=1/0)
106.2080 	EXP 	topMsg: height = 0.1
106.2080 	EXP 	topMsg: height = 0.1
106.2080 	EXP 	topMsg: text = "Please don't move..."
106.2080 	EXP 	bottomMsg: height = 0.1
106.2080 	EXP 	bottomMsg: height = 0.1
106.2080 	EXP 	bottomMsg: text = ''
106.2080 	EXP 	PleaseDontMove
187.4150 	DATA 	Keypress: equal
187.4288 	WARNING 	t of last frame was 81220.78ms (=1/0)
187.4288 	EXP 	Display Fixation
187.4291 	EXP 	---START EXPERIMENT---
187.4309 	EXP 	Display Fixation
192.6060 	DATA 	Keypress: equal
197.7994 	DATA 	Keypress: equal
202.9932 	DATA 	Keypress: equal
208.1872 	DATA 	Keypress: equal
213.3803 	DATA 	Keypress: equal
218.5742 	DATA 	Keypress: equal
218.5847 	WARNING 	t of last frame was 31153.86ms (=1/0)
218.6164 	WARNING 	Multiple dropped frames have occurred - I'll stop bothering you about them!
218.6163 	EXP 	Display Frame 1
218.6425 	EXP 	Display Frame 2
218.6758 	EXP 	Display Frame 3
218.7091 	EXP 	Display Frame 4
218.7424 	EXP 	Display Frame 5
218.7757 	EXP 	Display Frame 6
218.8091 	EXP 	Display Frame 7
218.8425 	EXP 	Display Frame 8
218.8757 	EXP 	Display Frame 9
218.9091 	EXP 	Display Frame 0
218.9423 	EXP 	Display Frame 1
218.9757 	EXP 	Display Frame 2
219.0090 	EXP 	Display Frame 3
219.0423 	EXP 	Display Frame 4
219.0758 	EXP 	Display Frame 5
219.1090 	EXP 	Display Frame 6
219.1424 	EXP 	Display Frame 7
219.1756 	EXP 	Display Frame 8
219.2091 	EXP 	Display Frame 9
219.2424 	EXP 	Display Frame 0
219.2756 	EXP 	Display Frame 1
219.3089 	EXP 	Display Frame 2
219.3423 	EXP 	Display Frame 3
219.3757 	EXP 	Display Frame 4
219.4090 	EXP 	Display Frame 5
219.4423 	EXP 	Display Frame 6
219.4756 	EXP 	Display Frame 7
219.5090 	EXP 	Display Frame 8
219.5423 	EXP 	Display Frame 9
219.5756 	EXP 	Display Frame 0
219.6090 	EXP 	Display Frame 1
219.6424 	EXP 	Display Frame 2
219.6757 	EXP 	Display Frame 3
219.7090 	EXP 	Display Frame 4
219.7423 	EXP 	Display Frame 5
219.7756 	EXP 	Display Frame 6
219.8092 	EXP 	Display Frame 7
219.8423 	EXP 	Display Frame 8
219.8757 	EXP 	Display Frame 9
219.9090 	EXP 	Display Frame 0
219.9423 	EXP 	Display Frame 1
219.9757 	EXP 	Display Frame 2
220.0090 	EXP 	Display Frame 3
220.0423 	EXP 	Display Frame 4
220.0757 	EXP 	Display Frame 5
220.1091 	EXP 	Display Frame 6
220.1423 	EXP 	Display Frame 7
220.1756 	EXP 	Display Frame 8
220.2090 	EXP 	Display Frame 9
220.2424 	EXP 	Display Frame 0
220.2756 	EXP 	Display Frame 1
220.3090 	EXP 	Display Frame 2
220.3423 	EXP 	Display Frame 3
220.3757 	EXP 	Display Frame 4
220.4090 	EXP 	Display Frame 5
220.4423 	EXP 	Display Frame 6
220.4757 	EXP 	Display Frame 7
220.5090 	EXP 	Display Frame 8
220.5423 	EXP 	Display Frame 9
220.5756 	EXP 	Display Frame 0
220.6090 	EXP 	Display Frame 1
220.6423 	EXP 	Display Frame 2
220.6756 	EXP 	Display Frame 3
220.7090 	EXP 	Display Frame 4
220.7425 	EXP 	Display Frame 5
220.7756 	EXP 	Display Frame 6
220.8090 	EXP 	Display Frame 7
220.8423 	EXP 	Display Frame 8
220.8757 	EXP 	Display Frame 9
220.9090 	EXP 	Display Frame 0
220.9424 	EXP 	Display Frame 1
220.9756 	EXP 	Display Frame 2
221.0090 	EXP 	Display Frame 3
221.0423 	EXP 	Display Frame 4
221.0757 	EXP 	Display Frame 5
221.1090 	EXP 	Display Frame 6
221.1423 	EXP 	Display Frame 7
221.1757 	EXP 	Display Frame 8
221.2091 	EXP 	Display Frame 9
221.2423 	EXP 	Display Frame 0
221.2757 	EXP 	Display Frame 1
221.3090 	EXP 	Display Frame 2
221.3424 	EXP 	Display Frame 3
221.3757 	EXP 	Display Frame 4
221.4091 	EXP 	Display Frame 5
221.4423 	EXP 	Display Frame 6
221.4756 	EXP 	Display Frame 7
221.5090 	EXP 	Display Frame 8
221.5424 	EXP 	Display Frame 9
221.5756 	EXP 	Display Frame 0
221.6090 	EXP 	Display Frame 1
221.6423 	EXP 	Display Frame 2
221.6757 	EXP 	Display Frame 3
221.7090 	EXP 	Display Frame 4
221.7423 	EXP 	Display Frame 5
221.7777 	EXP 	Display Frame 6
221.8090 	EXP 	Display Frame 7
221.8423 	EXP 	Display Frame 8
221.8760 	EXP 	Display Frame 9
221.9093 	EXP 	Display Frame 0
221.9426 	EXP 	Display Frame 1
221.9759 	EXP 	Display Frame 2
222.0090 	EXP 	Display Frame 3
222.0424 	EXP 	Display Frame 4
222.0757 	EXP 	Display Frame 5
222.1090 	EXP 	Display Frame 6
222.1423 	EXP 	Display Frame 7
222.1763 	EXP 	Display Frame 8
222.2092 	EXP 	Display Frame 9
222.2424 	EXP 	Display Frame 0
222.2757 	EXP 	Display Frame 1
222.3090 	EXP 	Display Frame 2
222.3423 	EXP 	Display Frame 3
222.3757 	EXP 	Display Frame 4
222.4090 	EXP 	Display Frame 5
222.4423 	EXP 	Display Frame 6
222.4756 	EXP 	Display Frame 7
222.5090 	EXP 	Display Frame 8
222.5423 	EXP 	Display Frame 9
222.5757 	EXP 	Display Frame 0
222.6090 	EXP 	Display Frame 1
222.6423 	EXP 	Display Frame 2
222.6757 	EXP 	Display Frame 3
222.7090 	EXP 	Display Frame 4
222.7423 	EXP 	Display Frame 5
222.7756 	EXP 	Display Frame 6
222.8091 	EXP 	Display Frame 7
222.8423 	EXP 	Display Frame 8
222.8756 	EXP 	Display Frame 9
222.9091 	EXP 	Display Frame 0
222.9423 	EXP 	Display Frame 1
222.9757 	EXP 	Display Frame 2
223.0090 	EXP 	Display Frame 3
223.0423 	EXP 	Display Frame 4
223.0757 	EXP 	Display Frame 5
223.1090 	EXP 	Display Frame 6
223.1424 	EXP 	Display Frame 7
223.1757 	EXP 	Display Frame 8
223.2091 	EXP 	Display Frame 9
223.2423 	EXP 	Display Frame 0
223.2757 	EXP 	Display Frame 1
223.3090 	EXP 	Display Frame 2
223.3423 	EXP 	Display Frame 3
223.3757 	EXP 	Display Frame 4
223.4090 	EXP 	Display Frame 5
223.4423 	EXP 	Display Frame 6
223.4756 	EXP 	Display Frame 7
223.5090 	EXP 	Display Frame 8
223.5425 	EXP 	Display Frame 9
223.5756 	EXP 	Display Frame 0
223.6091 	EXP 	Display Frame 1
223.6423 	EXP 	Display Frame 2
223.6757 	EXP 	Display Frame 3
223.7090 	EXP 	Display Frame 4
223.7424 	EXP 	Display Frame 5
223.7755 	DATA 	Keypress: equal
223.7770 	EXP 	Display Frame 6
223.8091 	EXP 	Display Frame 7
223.8424 	EXP 	Display Frame 8
223.8757 	EXP 	Display Frame 9
223.9090 	EXP 	Display Frame 0
223.9427 	EXP 	Display Frame 1
223.9761 	EXP 	Display Frame 2
224.0094 	EXP 	Display Frame 3
224.0428 	EXP 	Display Frame 4
224.0760 	EXP 	Display Frame 5
224.1093 	EXP 	Display Frame 6
224.1427 	EXP 	Display Frame 7
224.1760 	EXP 	Display Frame 8
224.2094 	EXP 	Display Frame 9
224.2427 	EXP 	Display Frame 0
224.2760 	EXP 	Display Frame 1
224.3090 	EXP 	Display Frame 2
224.3427 	EXP 	Display Frame 3
224.3760 	EXP 	Display Frame 4
224.4093 	EXP 	Display Frame 5
224.4427 	EXP 	Display Frame 6
224.4760 	EXP 	Display Frame 7
224.5093 	EXP 	Display Frame 8
224.5424 	EXP 	Display Frame 9
224.5757 	EXP 	Display Frame 0
224.6090 	EXP 	Display Frame 1
224.6424 	EXP 	Display Frame 2
224.6756 	EXP 	Display Frame 3
224.7090 	EXP 	Display Frame 4
224.7424 	EXP 	Display Frame 5
224.7757 	EXP 	Display Frame 6
224.8090 	EXP 	Display Frame 7
224.8424 	EXP 	Display Frame 8
224.8757 	EXP 	Display Frame 9
224.9091 	EXP 	Display Frame 0
224.9426 	EXP 	Display Frame 1
224.9759 	EXP 	Display Frame 2
225.0093 	EXP 	Display Frame 3
225.0427 	EXP 	Display Frame 4
225.0757 	EXP 	Display Frame 5
225.1092 	EXP 	Display Frame 6
225.1426 	EXP 	Display Frame 7
225.1760 	EXP 	Display Frame 8
225.2093 	EXP 	Display Frame 9
225.2426 	EXP 	Display Frame 0
225.2760 	EXP 	Display Frame 1
225.3093 	EXP 	Display Frame 2
225.3424 	EXP 	Display Frame 3
225.3758 	EXP 	Display Frame 4
225.4090 	EXP 	Display Frame 5
225.4426 	EXP 	Display Frame 6
225.4756 	EXP 	Display Frame 7
225.5090 	EXP 	Display Frame 8
225.5423 	EXP 	Display Frame 9
225.5757 	EXP 	Display Frame 0
225.6092 	EXP 	Display Frame 1
225.6423 	EXP 	Display Frame 2
225.6757 	EXP 	Display Frame 3
225.7090 	EXP 	Display Frame 4
225.7424 	EXP 	Display Frame 5
225.7757 	EXP 	Display Frame 6
225.8090 	EXP 	Display Frame 7
225.8423 	EXP 	Display Frame 8
225.8757 	EXP 	Display Frame 9
225.9090 	EXP 	Display Frame 0
225.9423 	EXP 	Display Frame 1
225.9757 	EXP 	Display Frame 2
226.0090 	EXP 	Display Frame 3
226.0423 	EXP 	Display Frame 4
226.0757 	EXP 	Display Frame 5
226.1090 	EXP 	Display Frame 6
226.1423 	EXP 	Display Frame 7
226.1756 	EXP 	Display Frame 8
226.2090 	EXP 	Display Frame 9
226.2423 	EXP 	Display Frame 0
226.2756 	EXP 	Display Frame 1
226.3090 	EXP 	Display Frame 2
226.3423 	EXP 	Display Frame 3
226.3759 	EXP 	Display Frame 4
226.4090 	EXP 	Display Frame 5
226.4423 	EXP 	Display Frame 6
226.4757 	EXP 	Display Frame 7
226.5090 	EXP 	Display Frame 8
226.5423 	EXP 	Display Frame 9
226.5757 	EXP 	Display Frame 0
226.6090 	EXP 	Display Frame 1
226.6425 	EXP 	Display Frame 2
226.6756 	EXP 	Display Frame 3
226.7091 	EXP 	Display Frame 4
226.7423 	EXP 	Display Frame 5
226.7756 	EXP 	Display Frame 6
226.8090 	EXP 	Display Frame 7
226.8424 	EXP 	Display Frame 8
226.8757 	EXP 	Display Frame 9
226.9090 	EXP 	Display Frame 0
226.9423 	EXP 	Display Frame 1
226.9757 	EXP 	Display Frame 2
227.0091 	EXP 	Display Frame 3
227.0426 	EXP 	Display Frame 4
227.0757 	EXP 	Display Frame 5
227.1090 	EXP 	Display Frame 6
227.1423 	EXP 	Display Frame 7
227.1757 	EXP 	Display Frame 8
227.2090 	EXP 	Display Frame 9
227.2423 	EXP 	Display Frame 0
227.2757 	EXP 	Display Frame 1
227.3090 	EXP 	Display Frame 2
227.3424 	EXP 	Display Frame 3
227.3757 	EXP 	Display Frame 4
227.4090 	EXP 	Display Frame 5
227.4424 	EXP 	Display Frame 6
227.4757 	EXP 	Display Frame 7
227.5090 	EXP 	Display Frame 8
227.5424 	EXP 	Display Frame 9
227.5757 	EXP 	Display Frame 0
227.6090 	EXP 	Display Frame 1
227.6424 	EXP 	Display Frame 2
227.6759 	EXP 	Display Frame 3
227.7090 	EXP 	Display Frame 4
227.7424 	EXP 	Display Frame 5
227.7757 	EXP 	Display Frame 6
227.8103 	EXP 	Display Frame 7
227.8423 	EXP 	Display Frame 8
227.8757 	EXP 	Display Frame 9
227.9090 	EXP 	Display Frame 0
227.9424 	EXP 	Display Frame 1
227.9759 	EXP 	Display Frame 2
228.0090 	EXP 	Display Frame 3
228.0424 	EXP 	Display Frame 4
228.0757 	EXP 	Display Frame 5
228.1090 	EXP 	Display Frame 6
228.1423 	EXP 	Display Frame 7
228.1757 	EXP 	Display Frame 8
228.2090 	EXP 	Display Frame 9
228.2423 	EXP 	Display Frame 0
228.2757 	EXP 	Display Frame 1
228.3092 	EXP 	Display Frame 2
228.3423 	EXP 	Display Frame 3
228.3757 	EXP 	Display Frame 4
228.4090 	EXP 	Display Frame 5
228.4423 	EXP 	Display Frame 6
228.4757 	EXP 	Display Frame 7
228.5090 	EXP 	Display Frame 8
228.5423 	EXP 	Display Frame 9
228.5757 	EXP 	Display Frame 0
228.6090 	EXP 	Display Frame 1
228.6424 	EXP 	Display Frame 2
228.6757 	EXP 	Display Frame 3
228.7091 	EXP 	Display Frame 4
228.7424 	EXP 	Display Frame 5
228.7756 	EXP 	Display Frame 6
228.8090 	EXP 	Display Frame 7
228.8425 	EXP 	Display Frame 8
228.8757 	EXP 	Display Frame 9
228.9092 	EXP 	Display Frame 0
228.9423 	EXP 	Display Frame 1
228.9755 	DATA 	Keypress: equal
228.9769 	EXP 	Display Frame 2
229.0090 	EXP 	Display Frame 3
229.0423 	EXP 	Display Frame 4
229.0756 	EXP 	Display Frame 5
229.1090 	EXP 	Display Frame 6
229.1423 	EXP 	Display Frame 7
229.1756 	EXP 	Display Frame 8
229.2090 	EXP 	Display Frame 9
229.2423 	EXP 	Display Frame 0
229.2756 	EXP 	Display Frame 1
229.3090 	EXP 	Display Frame 2
229.3423 	EXP 	Display Frame 3
229.3757 	EXP 	Display Frame 4
229.4090 	EXP 	Display Frame 5
229.4424 	EXP 	Display Frame 6
229.4757 	EXP 	Display Frame 7
229.5090 	EXP 	Display Frame 8
229.5424 	EXP 	Display Frame 9
229.5757 	EXP 	Display Frame 0
229.6091 	EXP 	Display Frame 1
229.6423 	EXP 	Display Frame 2
229.6757 	EXP 	Display Frame 3
229.7089 	EXP 	Display Frame 4
229.7423 	EXP 	Display Frame 5
229.7757 	EXP 	Display Frame 6
229.8090 	EXP 	Display Frame 7
229.8424 	EXP 	Display Frame 8
229.8757 	EXP 	Display Frame 9
229.9090 	EXP 	Display Frame 0
229.9424 	EXP 	Display Frame 1
229.9756 	EXP 	Display Frame 2
230.0090 	EXP 	Display Frame 3
230.0423 	EXP 	Display Frame 4
230.0757 	EXP 	Display Frame 5
230.1090 	EXP 	Display Frame 6
230.1423 	EXP 	Display Frame 7
230.1757 	EXP 	Display Frame 8
230.2090 	EXP 	Display Frame 9
230.2423 	EXP 	Display Frame 0
230.2756 	EXP 	Display Frame 1
230.3090 	EXP 	Display Frame 2
230.3423 	EXP 	Display Frame 3
230.3757 	EXP 	Display Frame 4
230.4090 	EXP 	Display Frame 5
230.4423 	EXP 	Display Frame 6
230.4757 	EXP 	Display Frame 7
230.5090 	EXP 	Display Frame 8
230.5424 	EXP 	Display Frame 9
230.5757 	EXP 	Display Frame 0
230.6090 	EXP 	Display Frame 1
230.6423 	EXP 	Display Frame 2
230.6757 	EXP 	Display Frame 3
230.7090 	EXP 	Display Frame 4
230.7424 	EXP 	Display Frame 5
230.7758 	EXP 	Display Frame 6
230.8090 	EXP 	Display Frame 7
230.8424 	EXP 	Display Frame 8
230.8757 	EXP 	Display Frame 9
230.9091 	EXP 	Display Frame 0
230.9423 	EXP 	Display Frame 1
230.9757 	EXP 	Display Frame 2
231.0089 	EXP 	Display Frame 3
231.0424 	EXP 	Display Frame 4
231.0758 	EXP 	Display Frame 5
231.1090 	EXP 	Display Frame 6
231.1424 	EXP 	Display Frame 7
231.1756 	EXP 	Display Frame 8
231.2091 	EXP 	Display Frame 9
231.2425 	EXP 	Display Frame 0
231.2757 	EXP 	Display Frame 1
231.3090 	EXP 	Display Frame 2
231.3424 	EXP 	Display Frame 3
231.3758 	EXP 	Display Frame 4
231.4091 	EXP 	Display Frame 5
231.4425 	EXP 	Display Frame 6
231.4758 	EXP 	Display Frame 7
231.5094 	EXP 	Display Frame 8
231.5424 	EXP 	Display Frame 9
231.5757 	EXP 	Display Frame 0
231.6091 	EXP 	Display Frame 1
231.6424 	EXP 	Display Frame 2
231.6757 	EXP 	Display Frame 3
231.7090 	EXP 	Display Frame 4
231.7423 	EXP 	Display Frame 5
231.7757 	EXP 	Display Frame 6
231.8090 	EXP 	Display Frame 7
231.8424 	EXP 	Display Frame 8
231.8758 	EXP 	Display Frame 9
231.9091 	EXP 	Display Frame 0
231.9424 	EXP 	Display Frame 1
231.9758 	EXP 	Display Frame 2
232.0092 	EXP 	Display Frame 3
232.0424 	EXP 	Display Frame 4
232.0757 	EXP 	Display Frame 5
232.1090 	EXP 	Display Frame 6
232.1425 	EXP 	Display Frame 7
232.1757 	EXP 	Display Frame 8
232.2091 	EXP 	Display Frame 9
232.2424 	EXP 	Display Frame 0
232.2757 	EXP 	Display Frame 1
232.3091 	EXP 	Display Frame 2
232.3424 	EXP 	Display Frame 3
232.3757 	EXP 	Display Frame 4
232.4091 	EXP 	Display Frame 5
232.4424 	EXP 	Display Frame 6
232.4758 	EXP 	Display Frame 7
232.5091 	EXP 	Display Frame 8
232.5424 	EXP 	Display Frame 9
232.5757 	EXP 	Display Frame 0
232.6090 	EXP 	Display Frame 1
232.6424 	EXP 	Display Frame 2
232.6757 	EXP 	Display Frame 3
232.7091 	EXP 	Display Frame 4
232.7424 	EXP 	Display Frame 5
232.7757 	EXP 	Display Frame 6
232.8090 	EXP 	Display Frame 7
232.8424 	EXP 	Display Frame 8
232.8758 	EXP 	Display Frame 9
232.9091 	EXP 	Display Frame 0
232.9424 	EXP 	Display Frame 1
232.9757 	EXP 	Display Frame 2
233.0090 	EXP 	Display Frame 3
233.0423 	EXP 	Display Frame 4
233.0757 	EXP 	Display Frame 5
233.1090 	EXP 	Display Frame 6
233.1424 	EXP 	Display Frame 7
233.1758 	EXP 	Display Frame 8
233.2091 	EXP 	Display Frame 9
233.2425 	EXP 	Display Frame 0
233.2757 	EXP 	Display Frame 1
233.3092 	EXP 	Display Frame 2
233.3424 	EXP 	Display Frame 3
233.3760 	EXP 	Display Frame 4
233.4090 	EXP 	Display Frame 5
233.4423 	EXP 	Display Frame 6
233.4757 	EXP 	Display Frame 7
233.5091 	EXP 	Display Frame 8
233.5424 	EXP 	Display Frame 9
233.5757 	EXP 	Display Frame 0
233.6091 	EXP 	Display Frame 1
233.6424 	EXP 	Display Frame 2
233.6757 	EXP 	Display Frame 3
233.7091 	EXP 	Display Frame 4
233.7424 	EXP 	Display Frame 5
233.7757 	EXP 	Display Frame 6
233.8090 	EXP 	Display Frame 7
233.8424 	EXP 	Display Frame 8
233.8757 	EXP 	Display Frame 9
233.9090 	EXP 	Display Frame 0
233.9424 	EXP 	Display Frame 1
233.9757 	EXP 	Display Frame 2
234.0093 	EXP 	Display Frame 3
234.0424 	EXP 	Display Frame 4
234.0757 	EXP 	Display Frame 5
234.1090 	EXP 	Display Frame 6
234.1424 	EXP 	Display Frame 7
234.1755 	DATA 	Keypress: equal
234.1772 	EXP 	Display Frame 8
234.2090 	EXP 	Display Frame 9
234.2423 	EXP 	Display Frame 0
234.2756 	EXP 	Display Frame 1
234.3090 	EXP 	Display Frame 2
234.3424 	EXP 	Display Frame 3
234.3756 	EXP 	Display Frame 4
234.4091 	EXP 	Display Frame 5
234.4423 	EXP 	Display Frame 6
234.4756 	EXP 	Display Frame 7
234.5090 	EXP 	Display Frame 8
234.5423 	EXP 	Display Frame 9
234.5757 	EXP 	Display Frame 0
234.6090 	EXP 	Display Frame 1
234.6423 	EXP 	Display Frame 2
234.6756 	EXP 	Display Frame 3
234.7090 	EXP 	Display Frame 4
234.7423 	EXP 	Display Frame 5
234.7757 	EXP 	Display Frame 6
234.8090 	EXP 	Display Frame 7
234.8423 	EXP 	Display Frame 8
234.8760 	EXP 	Display Frame 9
234.9091 	EXP 	Display Frame 0
234.9423 	EXP 	Display Frame 1
234.9757 	EXP 	Display Frame 2
235.0090 	EXP 	Display Frame 3
235.0423 	EXP 	Display Frame 4
235.0756 	EXP 	Display Frame 5
235.1090 	EXP 	Display Frame 6
235.1423 	EXP 	Display Frame 7
235.1756 	EXP 	Display Frame 8
235.2090 	EXP 	Display Frame 9
235.2423 	EXP 	Display Frame 0
235.2757 	EXP 	Display Frame 1
235.3091 	EXP 	Display Frame 2
235.3423 	EXP 	Display Frame 3
235.3757 	EXP 	Display Frame 4
235.4093 	EXP 	Display Frame 5
235.4424 	EXP 	Display Frame 6
235.4757 	EXP 	Display Frame 7
235.5090 	EXP 	Display Frame 8
235.5423 	EXP 	Display Frame 9
235.5756 	EXP 	Display Frame 0
235.6090 	EXP 	Display Frame 1
235.6423 	EXP 	Display Frame 2
235.6756 	EXP 	Display Frame 3
235.7090 	EXP 	Display Frame 4
235.7423 	EXP 	Display Frame 5
235.7757 	EXP 	Display Frame 6
235.8090 	EXP 	Display Frame 7
235.8423 	EXP 	Display Frame 8
235.8757 	EXP 	Display Frame 9
235.9090 	EXP 	Display Frame 0
235.9425 	EXP 	Display Frame 1
235.9757 	EXP 	Display Frame 2
236.0091 	EXP 	Display Frame 3
236.0423 	EXP 	Display Frame 4
236.0758 	EXP 	Display Frame 5
236.1091 	EXP 	Display Frame 6
236.1423 	EXP 	Display Frame 7
236.1757 	EXP 	Display Frame 8
236.2091 	EXP 	Display Frame 9
236.2424 	EXP 	Display Frame 0
236.2757 	EXP 	Display Frame 1
236.3090 	EXP 	Display Frame 2
236.3424 	EXP 	Display Frame 3
236.3757 	EXP 	Display Frame 4
236.4090 	EXP 	Display Frame 5
236.4423 	EXP 	Display Frame 6
236.4756 	EXP 	Display Frame 7
236.5090 	EXP 	Display Frame 8
236.5424 	EXP 	Display Frame 9
236.5756 	EXP 	Display Frame 0
236.6091 	EXP 	Display Frame 1
236.6423 	EXP 	Display Frame 2
236.6757 	EXP 	Display Frame 3
236.7090 	EXP 	Display Frame 4
236.7423 	EXP 	Display Frame 5
236.7756 	EXP 	Display Frame 6
236.8090 	EXP 	Display Frame 7
236.8423 	EXP 	Display Frame 8
236.8757 	EXP 	Display Frame 9
236.9091 	EXP 	Display Frame 0
236.9423 	EXP 	Display Frame 1
236.9757 	EXP 	Display Frame 2
237.0090 	EXP 	Display Frame 3
237.0424 	EXP 	Display Frame 4
237.0757 	EXP 	Display Frame 5
237.1090 	EXP 	Display Frame 6
237.1424 	EXP 	Display Frame 7
237.1757 	EXP 	Display Frame 8
237.2091 	EXP 	Display Frame 9
237.2424 	EXP 	Display Frame 0
237.2757 	EXP 	Display Frame 1
237.3091 	EXP 	Display Frame 2
237.3424 	EXP 	Display Frame 3
237.3757 	EXP 	Display Frame 4
237.4091 	EXP 	Display Frame 5
237.4425 	EXP 	Display Frame 6
237.4757 	EXP 	Display Frame 7
237.5091 	EXP 	Display Frame 8
237.5424 	EXP 	Display Frame 9
237.5758 	EXP 	Display Frame 0
237.6090 	EXP 	Display Frame 1
237.6424 	EXP 	Display Frame 2
237.6757 	EXP 	Display Frame 3
237.7092 	EXP 	Display Frame 4
237.7424 	EXP 	Display Frame 5
237.7758 	EXP 	Display Frame 6
237.8090 	EXP 	Display Frame 7
237.8424 	EXP 	Display Frame 8
237.8757 	EXP 	Display Frame 9
237.9091 	EXP 	Display Frame 0
237.9424 	EXP 	Display Frame 1
237.9757 	EXP 	Display Frame 2
238.0090 	EXP 	Display Frame 3
238.0424 	EXP 	Display Frame 4
238.0758 	EXP 	Display Frame 5
238.1091 	EXP 	Display Frame 6
238.1424 	EXP 	Display Frame 7
238.1757 	EXP 	Display Frame 8
238.2091 	EXP 	Display Frame 9
238.2424 	EXP 	Display Frame 0
238.2757 	EXP 	Display Frame 1
238.3091 	EXP 	Display Frame 2
238.3424 	EXP 	Display Frame 3
238.3757 	EXP 	Display Frame 4
238.4091 	EXP 	Display Frame 5
238.4424 	EXP 	Display Frame 6
238.4757 	EXP 	Display Frame 7
238.5090 	EXP 	Display Frame 8
238.5425 	EXP 	Display Frame 9
238.5757 	EXP 	Display Frame 0
238.6091 	EXP 	Display Frame 1
238.6424 	EXP 	Display Frame 2
238.6758 	EXP 	Display Frame 3
238.7090 	EXP 	Display Frame 4
238.7424 	EXP 	Display Frame 5
238.7757 	EXP 	Display Frame 6
238.8090 	EXP 	Display Frame 7
238.8424 	EXP 	Display Frame 8
238.8759 	EXP 	Display Frame 9
238.9091 	EXP 	Display Frame 0
238.9424 	EXP 	Display Frame 1
238.9757 	EXP 	Display Frame 2
239.0090 	EXP 	Display Frame 3
239.0425 	EXP 	Display Frame 4
239.0757 	EXP 	Display Frame 5
239.1091 	EXP 	Display Frame 6
239.1422 	EXP 	Display Frame 7
239.1757 	EXP 	Display Frame 8
239.2091 	EXP 	Display Frame 9
239.2424 	EXP 	Display Frame 0
239.2757 	EXP 	Display Frame 1
239.3091 	EXP 	Display Frame 2
239.3424 	EXP 	Display Frame 3
239.3755 	DATA 	Keypress: equal
239.3769 	EXP 	Display Frame 4
239.4090 	EXP 	Display Frame 5
239.4425 	EXP 	Display Frame 6
239.4757 	EXP 	Display Frame 7
239.5091 	EXP 	Display Frame 8
239.5424 	EXP 	Display Frame 9
239.5758 	EXP 	Display Frame 0
239.6090 	EXP 	Display Frame 1
239.6424 	EXP 	Display Frame 2
239.6757 	EXP 	Display Frame 3
239.7091 	EXP 	Display Frame 4
239.7424 	EXP 	Display Frame 5
239.7757 	EXP 	Display Frame 6
239.8090 	EXP 	Display Frame 7
239.8425 	EXP 	Display Frame 8
239.8757 	EXP 	Display Frame 9
239.9091 	EXP 	Display Frame 0
239.9424 	EXP 	Display Frame 1
239.9757 	EXP 	Display Frame 2
240.0090 	EXP 	Display Frame 3
240.0425 	EXP 	Display Frame 4
240.0757 	EXP 	Display Frame 5
240.1090 	EXP 	Display Frame 6
240.1424 	EXP 	Display Frame 7
240.1757 	EXP 	Display Frame 8
240.2090 	EXP 	Display Frame 9
240.2424 	EXP 	Display Frame 0
240.2757 	EXP 	Display Frame 1
240.3091 	EXP 	Display Frame 2
240.3424 	EXP 	Display Frame 3
240.3757 	EXP 	Display Frame 4
240.4091 	EXP 	Display Frame 5
240.4424 	EXP 	Display Frame 6
240.4758 	EXP 	Display Frame 7
240.5091 	EXP 	Display Frame 8
240.5424 	EXP 	Display Frame 9
240.5757 	EXP 	Display Frame 0
240.6091 	EXP 	Display Frame 1
240.6424 	EXP 	Display Frame 2
240.6757 	EXP 	Display Frame 3
240.7091 	EXP 	Display Frame 4
240.7424 	EXP 	Display Frame 5
240.7757 	EXP 	Display Frame 6
240.8090 	EXP 	Display Frame 7
240.8424 	EXP 	Display Frame 8
240.8758 	EXP 	Display Frame 9
240.9091 	EXP 	Display Frame 0
240.9424 	EXP 	Display Frame 1
240.9757 	EXP 	Display Frame 2
241.0090 	EXP 	Display Frame 3
241.0424 	EXP 	Display Frame 4
241.0757 	EXP 	Display Frame 5
241.1090 	EXP 	Display Frame 6
241.1424 	EXP 	Display Frame 7
241.1760 	EXP 	Display Frame 8
241.2091 	EXP 	Display Frame 9
241.2424 	EXP 	Display Frame 0
241.2759 	EXP 	Display Frame 1
241.3093 	EXP 	Display Frame 2
241.3423 	EXP 	Display Frame 3
241.3758 	EXP 	Display Frame 4
241.4091 	EXP 	Display Frame 5
241.4426 	EXP 	Display Frame 6
241.4757 	EXP 	Display Frame 7
241.5091 	EXP 	Display Frame 8
241.5424 	EXP 	Display Frame 9
241.5758 	EXP 	Display Frame 0
241.6091 	EXP 	Display Frame 1
241.6425 	EXP 	Display Frame 2
241.6757 	EXP 	Display Frame 3
241.7091 	EXP 	Display Frame 4
241.7424 	EXP 	Display Frame 5
241.7757 	EXP 	Display Frame 6
241.8095 	EXP 	Display Frame 7
241.8424 	EXP 	Display Frame 8
241.8757 	EXP 	Display Frame 9
241.9091 	EXP 	Display Frame 0
241.9424 	EXP 	Display Frame 1
241.9758 	EXP 	Display Frame 2
242.0091 	EXP 	Display Frame 3
242.0424 	EXP 	Display Frame 4
242.0757 	EXP 	Display Frame 5
242.1090 	EXP 	Display Frame 6
242.1424 	EXP 	Display Frame 7
242.1757 	EXP 	Display Frame 8
242.2091 	EXP 	Display Frame 9
242.2425 	EXP 	Display Frame 0
242.2758 	EXP 	Display Frame 1
242.3091 	EXP 	Display Frame 2
242.3424 	EXP 	Display Frame 3
242.3757 	EXP 	Display Frame 4
242.4090 	EXP 	Display Frame 5
242.4424 	EXP 	Display Frame 6
242.4758 	EXP 	Display Frame 7
242.5090 	EXP 	Display Frame 8
242.5424 	EXP 	Display Frame 9
242.5757 	EXP 	Display Frame 0
242.6091 	EXP 	Display Frame 1
242.6424 	EXP 	Display Frame 2
242.6757 	EXP 	Display Frame 3
242.7090 	EXP 	Display Frame 4
242.7424 	EXP 	Display Frame 5
242.7757 	EXP 	Display Frame 6
242.8091 	EXP 	Display Frame 7
242.8424 	EXP 	Display Frame 8
242.8757 	EXP 	Display Frame 9
242.9090 	EXP 	Display Frame 0
242.9424 	EXP 	Display Frame 1
242.9757 	EXP 	Display Frame 2
243.0091 	EXP 	Display Frame 3
243.0424 	EXP 	Display Frame 4
243.0758 	EXP 	Display Frame 5
243.1090 	EXP 	Display Frame 6
243.1425 	EXP 	Display Frame 7
243.1757 	EXP 	Display Frame 8
243.2090 	EXP 	Display Frame 9
243.2424 	EXP 	Display Frame 0
243.2757 	EXP 	Display Frame 1
243.3091 	EXP 	Display Frame 2
243.3424 	EXP 	Display Frame 3
243.3757 	EXP 	Display Frame 4
243.4091 	EXP 	Display Frame 5
243.4424 	EXP 	Display Frame 6
243.4757 	EXP 	Display Frame 7
243.5091 	EXP 	Display Frame 8
243.5424 	EXP 	Display Frame 9
243.5757 	EXP 	Display Frame 0
243.6090 	EXP 	Display Frame 1
243.6424 	EXP 	Display Frame 2
243.6757 	EXP 	Display Frame 3
243.7091 	EXP 	Display Frame 4
243.7424 	EXP 	Display Frame 5
243.7757 	EXP 	Display Frame 6
243.8091 	EXP 	Display Frame 7
243.8425 	EXP 	Display Frame 8
243.8758 	EXP 	Display Frame 9
243.9103 	EXP 	Display Frame 0
243.9424 	EXP 	Display Frame 1
243.9758 	EXP 	Display Frame 2
244.0090 	EXP 	Display Frame 3
244.0424 	EXP 	Display Frame 4
244.0757 	EXP 	Display Frame 5
244.1091 	EXP 	Display Frame 6
244.1424 	EXP 	Display Frame 7
244.1758 	EXP 	Display Frame 8
244.2091 	EXP 	Display Frame 9
244.2424 	EXP 	Display Frame 0
244.2757 	EXP 	Display Frame 1
244.3091 	EXP 	Display Frame 2
244.3424 	EXP 	Display Frame 3
244.3758 	EXP 	Display Frame 4
244.4091 	EXP 	Display Frame 5
244.4424 	EXP 	Display Frame 6
244.4757 	EXP 	Display Frame 7
244.5091 	EXP 	Display Frame 8
244.5422 	DATA 	Keypress: equal
244.5438 	EXP 	Display Frame 9
244.5757 	EXP 	Display Frame 0
244.6090 	EXP 	Display Frame 1
244.6423 	EXP 	Display Frame 2
244.6757 	EXP 	Display Frame 3
244.7090 	EXP 	Display Frame 4
244.7423 	EXP 	Display Frame 5
244.7757 	EXP 	Display Frame 6
244.8091 	EXP 	Display Frame 7
244.8423 	EXP 	Display Frame 8
244.8756 	EXP 	Display Frame 9
244.9090 	EXP 	Display Frame 0
244.9425 	EXP 	Display Frame 1
244.9757 	EXP 	Display Frame 2
245.0091 	EXP 	Display Frame 3
245.0423 	EXP 	Display Frame 4
245.0756 	EXP 	Display Frame 5
245.1090 	EXP 	Display Frame 6
245.1423 	EXP 	Display Frame 7
245.1756 	EXP 	Display Frame 8
245.2090 	EXP 	Display Frame 9
245.2423 	EXP 	Display Frame 0
245.2756 	EXP 	Display Frame 1
245.3090 	EXP 	Display Frame 2
245.3423 	EXP 	Display Frame 3
245.3757 	EXP 	Display Frame 4
245.4090 	EXP 	Display Frame 5
245.4423 	EXP 	Display Frame 6
245.4756 	EXP 	Display Frame 7
245.5090 	EXP 	Display Frame 8
245.5423 	EXP 	Display Frame 9
245.5757 	EXP 	Display Frame 0
245.6090 	EXP 	Display Frame 1
245.6423 	EXP 	Display Frame 2
245.6757 	EXP 	Display Frame 3
245.7090 	EXP 	Display Frame 4
245.7424 	EXP 	Display Frame 5
245.7757 	EXP 	Display Frame 6
245.8090 	EXP 	Display Frame 7
245.8425 	EXP 	Display Frame 8
245.8758 	EXP 	Display Frame 9
245.9091 	EXP 	Display Frame 0
245.9424 	EXP 	Display Frame 1
245.9757 	EXP 	Display Frame 2
246.0091 	EXP 	Display Frame 3
246.0425 	EXP 	Display Frame 4
246.0757 	EXP 	Display Frame 5
246.1090 	EXP 	Display Frame 6
246.1424 	EXP 	Display Frame 7
246.1758 	EXP 	Display Frame 8
246.2091 	EXP 	Display Frame 9
246.2425 	EXP 	Display Frame 0
246.2757 	EXP 	Display Frame 1
246.3091 	EXP 	Display Frame 2
246.3424 	EXP 	Display Frame 3
246.3757 	EXP 	Display Frame 4
246.4090 	EXP 	Display Frame 5
246.4424 	EXP 	Display Frame 6
246.4758 	EXP 	Display Frame 7
246.5091 	EXP 	Display Frame 8
246.5424 	EXP 	Display Frame 9
246.5757 	EXP 	Display Frame 0
246.6092 	EXP 	Display Frame 1
246.6424 	EXP 	Display Frame 2
246.6757 	EXP 	Display Frame 3
246.7091 	EXP 	Display Frame 4
246.7424 	EXP 	Display Frame 5
246.7759 	EXP 	Display Frame 6
246.8090 	EXP 	Display Frame 7
246.8424 	EXP 	Display Frame 8
246.8757 	EXP 	Display Frame 9
246.9091 	EXP 	Display Frame 0
246.9424 	EXP 	Display Frame 1
246.9757 	EXP 	Display Frame 2
247.0091 	EXP 	Display Frame 3
247.0424 	EXP 	Display Frame 4
247.0757 	EXP 	Display Frame 5
247.1091 	EXP 	Display Frame 6
247.1425 	EXP 	Display Frame 7
247.1757 	EXP 	Display Frame 8
247.2091 	EXP 	Display Frame 9
247.2424 	EXP 	Display Frame 0
247.2757 	EXP 	Display Frame 1
247.3091 	EXP 	Display Frame 2
247.3425 	EXP 	Display Frame 3
247.3757 	EXP 	Display Frame 4
247.4092 	EXP 	Display Frame 5
247.4424 	EXP 	Display Frame 6
247.4758 	EXP 	Display Frame 7
247.5091 	EXP 	Display Frame 8
247.5425 	EXP 	Display Frame 9
247.5757 	EXP 	Display Frame 0
247.6090 	EXP 	Display Frame 1
247.6424 	EXP 	Display Frame 2
247.6757 	EXP 	Display Frame 3
247.7091 	EXP 	Display Frame 4
247.7424 	EXP 	Display Frame 5
247.7757 	EXP 	Display Frame 6
247.8090 	EXP 	Display Frame 7
247.8424 	EXP 	Display Frame 8
247.8757 	EXP 	Display Frame 9
247.9091 	EXP 	Display Frame 0
247.9436 	EXP 	Display Frame 1
247.9757 	EXP 	Display Frame 2
248.0090 	EXP 	Display Frame 3
248.0424 	EXP 	Display Frame 4
248.0757 	EXP 	Display Frame 5
248.1091 	EXP 	Display Frame 6
248.1424 	EXP 	Display Frame 7
248.1757 	EXP 	Display Frame 8
248.2091 	EXP 	Display Frame 9
248.2425 	EXP 	Display Frame 0
248.2757 	EXP 	Display Frame 1
248.3090 	EXP 	Display Frame 2
248.3424 	EXP 	Display Frame 3
248.3758 	EXP 	Display Frame 4
248.4090 	EXP 	Display Frame 5
248.4424 	EXP 	Display Frame 6
248.4757 	EXP 	Display Frame 7
248.5091 	EXP 	Display Frame 8
248.5425 	EXP 	Display Frame 9
248.5757 	EXP 	Display Frame 0
248.6090 	EXP 	Display Frame 1
248.6424 	EXP 	Display Frame 2
248.6757 	EXP 	Display Frame 3
248.7091 	EXP 	Display Frame 4
248.7425 	EXP 	Display Frame 5
248.7757 	EXP 	Display Frame 6
248.8093 	EXP 	Display Frame 7
248.8424 	EXP 	Display Frame 8
248.8758 	EXP 	Display Frame 9
248.9091 	EXP 	Display Frame 0
248.9425 	EXP 	Display Frame 1
248.9757 	EXP 	Display Frame 2
249.0090 	EXP 	Display Frame 3
249.0424 	EXP 	Display Frame 4
249.0757 	EXP 	Display Frame 5
249.1091 	EXP 	Display Frame 6
249.1425 	EXP 	Display Frame 7
249.1757 	EXP 	Display Frame 8
249.2091 	EXP 	Display Frame 9
249.2424 	EXP 	Display Frame 0
249.2758 	EXP 	Display Frame 1
249.3091 	EXP 	Display Frame 2
249.3425 	EXP 	Display Frame 3
249.3757 	EXP 	Display Frame 4
249.4092 	EXP 	Display Frame 5
249.4424 	EXP 	Display Frame 6
249.4757 	EXP 	Display Frame 7
249.5091 	EXP 	Display Frame 8
249.5425 	EXP 	Display Frame 9
249.5757 	EXP 	Display Frame 0
249.6091 	EXP 	Display Frame 1
249.6424 	EXP 	Display Frame 2
249.6757 	EXP 	Display Frame 3
249.7091 	EXP 	Display Frame 4
249.7422 	DATA 	Keypress: equal
249.7438 	EXP 	Display Frame 5
249.7506 	EXP 	Display Fixation
254.9291 	DATA 	Keypress: equal
260.1226 	DATA 	Keypress: equal
265.3164 	DATA 	Keypress: equal
270.5094 	DATA 	Keypress: equal
275.7030 	DATA 	Keypress: equal
280.8976 	DATA 	Keypress: equal
280.9342 	EXP 	Display Frame 1
280.9660 	EXP 	Display Frame 2
280.9995 	EXP 	Display Frame 3
281.0329 	EXP 	Display Frame 4
281.0663 	EXP 	Display Frame 5
281.0997 	EXP 	Display Frame 6
281.1329 	EXP 	Display Frame 7
281.1661 	EXP 	Display Frame 8
281.1995 	EXP 	Display Frame 9
281.2329 	EXP 	Display Frame 0
281.2663 	EXP 	Display Frame 1
281.2996 	EXP 	Display Frame 2
281.3329 	EXP 	Display Frame 3
281.3662 	EXP 	Display Frame 4
281.3995 	EXP 	Display Frame 5
281.4327 	EXP 	Display Frame 6
281.4663 	EXP 	Display Frame 7
281.4995 	EXP 	Display Frame 8
281.5327 	EXP 	Display Frame 9
281.5660 	EXP 	Display Frame 0
281.5995 	EXP 	Display Frame 1
281.6327 	EXP 	Display Frame 2
281.6663 	EXP 	Display Frame 3
281.6995 	EXP 	Display Frame 4
281.7327 	EXP 	Display Frame 5
281.7662 	EXP 	Display Frame 6
281.7995 	EXP 	Display Frame 7
281.8327 	EXP 	Display Frame 8
281.8663 	EXP 	Display Frame 9
281.8996 	EXP 	Display Frame 0
281.9327 	EXP 	Display Frame 1
281.9661 	EXP 	Display Frame 2
281.9995 	EXP 	Display Frame 3
282.0329 	EXP 	Display Frame 4
282.0663 	EXP 	Display Frame 5
282.0997 	EXP 	Display Frame 6
282.1327 	EXP 	Display Frame 7
282.1662 	EXP 	Display Frame 8
282.1997 	EXP 	Display Frame 9
282.2329 	EXP 	Display Frame 0
282.2662 	EXP 	Display Frame 1
282.2997 	EXP 	Display Frame 2
282.3327 	EXP 	Display Frame 3
282.3663 	EXP 	Display Frame 4
282.3995 	EXP 	Display Frame 5
282.4330 	EXP 	Display Frame 6
282.4662 	EXP 	Display Frame 7
282.4996 	EXP 	Display Frame 8
282.5326 	EXP 	Display Frame 9
282.5663 	EXP 	Display Frame 0
282.5994 	EXP 	Display Frame 1
282.6330 	EXP 	Display Frame 2
282.6663 	EXP 	Display Frame 3
282.6996 	EXP 	Display Frame 4
282.7327 	EXP 	Display Frame 5
282.7662 	EXP 	Display Frame 6
282.7995 	EXP 	Display Frame 7
282.8331 	EXP 	Display Frame 8
282.8664 	EXP 	Display Frame 9
282.8993 	EXP 	Display Frame 0
282.9328 	EXP 	Display Frame 1
282.9663 	EXP 	Display Frame 2
282.9996 	EXP 	Display Frame 3
283.0331 	EXP 	Display Frame 4
283.0663 	EXP 	Display Frame 5
283.0995 	EXP 	Display Frame 6
283.1327 	EXP 	Display Frame 7
283.1663 	EXP 	Display Frame 8
283.1996 	EXP 	Display Frame 9
283.2329 	EXP 	Display Frame 0
283.2662 	EXP 	Display Frame 1
283.2996 	EXP 	Display Frame 2
283.3329 	EXP 	Display Frame 3
283.3663 	EXP 	Display Frame 4
283.3996 	EXP 	Display Frame 5
283.4327 	EXP 	Display Frame 6
283.4662 	EXP 	Display Frame 7
283.4995 	EXP 	Display Frame 8
283.5329 	EXP 	Display Frame 9
283.5660 	EXP 	Display Frame 0
283.5996 	EXP 	Display Frame 1
283.6329 	EXP 	Display Frame 2
283.6662 	EXP 	Display Frame 3
283.6996 	EXP 	Display Frame 4
283.7327 	EXP 	Display Frame 5
283.7662 	EXP 	Display Frame 6
283.7995 	EXP 	Display Frame 7
283.8328 	EXP 	Display Frame 8
283.8663 	EXP 	Display Frame 9
283.8996 	EXP 	Display Frame 0
283.9327 	EXP 	Display Frame 1
283.9661 	EXP 	Display Frame 2
283.9996 	EXP 	Display Frame 3
284.0329 	EXP 	Display Frame 4
284.0663 	EXP 	Display Frame 5
284.0996 	EXP 	Display Frame 6
284.1330 	EXP 	Display Frame 7
284.1661 	EXP 	Display Frame 8
284.1997 	EXP 	Display Frame 9
284.2328 	EXP 	Display Frame 0
284.2662 	EXP 	Display Frame 1
284.2997 	EXP 	Display Frame 2
284.3328 	EXP 	Display Frame 3
284.3660 	EXP 	Display Frame 4
284.3994 	EXP 	Display Frame 5
284.4330 	EXP 	Display Frame 6
284.4662 	EXP 	Display Frame 7
284.4996 	EXP 	Display Frame 8
284.5329 	EXP 	Display Frame 9
284.5660 	EXP 	Display Frame 0
284.5994 	EXP 	Display Frame 1
284.6330 	EXP 	Display Frame 2
284.6663 	EXP 	Display Frame 3
284.6997 	EXP 	Display Frame 4
284.7330 	EXP 	Display Frame 5
284.7660 	EXP 	Display Frame 6
284.7996 	EXP 	Display Frame 7
284.8328 	EXP 	Display Frame 8
284.8661 	EXP 	Display Frame 9
284.8997 	EXP 	Display Frame 0
284.9327 	EXP 	Display Frame 1
284.9661 	EXP 	Display Frame 2
284.9995 	EXP 	Display Frame 3
285.0330 	EXP 	Display Frame 4
285.0662 	EXP 	Display Frame 5
285.0997 	EXP 	Display Frame 6
285.1329 	EXP 	Display Frame 7
285.1660 	EXP 	Display Frame 8
285.1995 	EXP 	Display Frame 9
285.2329 	EXP 	Display Frame 0
285.2662 	EXP 	Display Frame 1
285.2996 	EXP 	Display Frame 2
285.3330 	EXP 	Display Frame 3
285.3661 	EXP 	Display Frame 4
285.3994 	EXP 	Display Frame 5
285.4329 	EXP 	Display Frame 6
285.4663 	EXP 	Display Frame 7
285.4996 	EXP 	Display Frame 8
285.5330 	EXP 	Display Frame 9
285.5661 	EXP 	Display Frame 0
285.5997 	EXP 	Display Frame 1
285.6328 	EXP 	Display Frame 2
285.6664 	EXP 	Display Frame 3
285.6996 	EXP 	Display Frame 4
285.7329 	EXP 	Display Frame 5
285.7660 	EXP 	Display Frame 6
285.7996 	EXP 	Display Frame 7
285.8329 	EXP 	Display Frame 8
285.8663 	EXP 	Display Frame 9
285.8996 	EXP 	Display Frame 0
285.9329 	EXP 	Display Frame 1
285.9660 	EXP 	Display Frame 2
285.9994 	EXP 	Display Frame 3
286.0329 	EXP 	Display Frame 4
286.0664 	EXP 	Display Frame 5
286.0991 	DATA 	Keypress: equal
286.1007 	EXP 	Display Frame 6
286.1329 	EXP 	Display Frame 7
286.1663 	EXP 	Display Frame 8
286.1994 	EXP 	Display Frame 9
286.2329 	EXP 	Display Frame 0
286.2662 	EXP 	Display Frame 1
286.2997 	EXP 	Display Frame 2
286.3330 	EXP 	Display Frame 3
286.3663 	EXP 	Display Frame 4
286.3993 	EXP 	Display Frame 5
286.4329 	EXP 	Display Frame 6
286.4662 	EXP 	Display Frame 7
286.4998 	EXP 	Display Frame 8
286.5329 	EXP 	Display Frame 9
286.5664 	EXP 	Display Frame 0
286.5994 	EXP 	Display Frame 1
286.6329 	EXP 	Display Frame 2
286.6662 	EXP 	Display Frame 3
286.6998 	EXP 	Display Frame 4
286.7329 	EXP 	Display Frame 5
286.7662 	EXP 	Display Frame 6
286.7994 	EXP 	Display Frame 7
286.8331 	EXP 	Display Frame 8
286.8662 	EXP 	Display Frame 9
286.8997 	EXP 	Display Frame 0
286.9329 	EXP 	Display Frame 1
286.9658 	EXP 	Display Frame 2
286.9994 	EXP 	Display Frame 3
287.0330 	EXP 	Display Frame 4
287.0663 	EXP 	Display Frame 5
287.0997 	EXP 	Display Frame 6
287.1329 	EXP 	Display Frame 7
287.1664 	EXP 	Display Frame 8
287.1994 	EXP 	Display Frame 9
287.2330 	EXP 	Display Frame 0
287.2662 	EXP 	Display Frame 1
287.2997 	EXP 	Display Frame 2
287.3328 	EXP 	Display Frame 3
287.3664 	EXP 	Display Frame 4
287.3994 	EXP 	Display Frame 5
287.4330 	EXP 	Display Frame 6
287.4663 	EXP 	Display Frame 7
287.4996 	EXP 	Display Frame 8
287.5330 	EXP 	Display Frame 9
287.5664 	EXP 	Display Frame 0
287.5994 	EXP 	Display Frame 1
287.6330 	EXP 	Display Frame 2
287.6662 	EXP 	Display Frame 3
287.6996 	EXP 	Display Frame 4
287.7331 	EXP 	Display Frame 5
287.7662 	EXP 	Display Frame 6
287.7996 	EXP 	Display Frame 7
287.8328 	EXP 	Display Frame 8
287.8663 	EXP 	Display Frame 9
287.8996 	EXP 	Display Frame 0
287.9330 	EXP 	Display Frame 1
287.9662 	EXP 	Display Frame 2
287.9993 	EXP 	Display Frame 3
288.0326 	EXP 	Display Frame 4
288.0662 	EXP 	Display Frame 5
288.0996 	EXP 	Display Frame 6
288.1330 	EXP 	Display Frame 7
288.1663 	EXP 	Display Frame 8
288.1996 	EXP 	Display Frame 9
288.2327 	EXP 	Display Frame 0
288.2662 	EXP 	Display Frame 1
288.2996 	EXP 	Display Frame 2
288.3331 	EXP 	Display Frame 3
288.3663 	EXP 	Display Frame 4
288.3996 	EXP 	Display Frame 5
288.4328 	EXP 	Display Frame 6
288.4662 	EXP 	Display Frame 7
288.4996 	EXP 	Display Frame 8
288.5329 	EXP 	Display Frame 9
288.5663 	EXP 	Display Frame 0
288.5996 	EXP 	Display Frame 1
288.6330 	EXP 	Display Frame 2
288.6662 	EXP 	Display Frame 3
288.6995 	EXP 	Display Frame 4
288.7329 	EXP 	Display Frame 5
288.7663 	EXP 	Display Frame 6
288.7996 	EXP 	Display Frame 7
288.8328 	EXP 	Display Frame 8
288.8663 	EXP 	Display Frame 9
288.8997 	EXP 	Display Frame 0
288.9329 	EXP 	Display Frame 1
288.9664 	EXP 	Display Frame 2
288.9995 	EXP 	Display Frame 3
289.0328 	EXP 	Display Frame 4
289.0661 	EXP 	Display Frame 5
289.0995 	EXP 	Display Frame 6
289.1329 	EXP 	Display Frame 7
289.1663 	EXP 	Display Frame 8
289.1996 	EXP 	Display Frame 9
289.2327 	EXP 	Display Frame 0
289.2663 	EXP 	Display Frame 1
289.2995 	EXP 	Display Frame 2
289.3329 	EXP 	Display Frame 3
289.3662 	EXP 	Display Frame 4
289.3996 	EXP 	Display Frame 5
289.4328 	EXP 	Display Frame 6
289.4661 	EXP 	Display Frame 7
289.4996 	EXP 	Display Frame 8
289.5328 	EXP 	Display Frame 9
289.5662 	EXP 	Display Frame 0
289.5996 	EXP 	Display Frame 1
289.6329 	EXP 	Display Frame 2
289.6663 	EXP 	Display Frame 3
289.6993 	EXP 	Display Frame 4
289.7337 	EXP 	Display Frame 5
289.7660 	EXP 	Display Frame 6
289.7997 	EXP 	Display Frame 7
289.8327 	EXP 	Display Frame 8
289.8663 	EXP 	Display Frame 9
289.8995 	EXP 	Display Frame 0
289.9329 	EXP 	Display Frame 1
289.9662 	EXP 	Display Frame 2
289.9997 	EXP 	Display Frame 3
290.0327 	EXP 	Display Frame 4
290.0661 	EXP 	Display Frame 5
290.0996 	EXP 	Display Frame 6
290.1329 	EXP 	Display Frame 7
290.1663 	EXP 	Display Frame 8
290.1997 	EXP 	Display Frame 9
290.2330 	EXP 	Display Frame 0
290.2662 	EXP 	Display Frame 1
290.2994 	EXP 	Display Frame 2
290.3329 	EXP 	Display Frame 3
290.3663 	EXP 	Display Frame 4
290.3997 	EXP 	Display Frame 5
290.4330 	EXP 	Display Frame 6
290.4662 	EXP 	Display Frame 7
290.4996 	EXP 	Display Frame 8
290.5328 	EXP 	Display Frame 9
290.5662 	EXP 	Display Frame 0
290.5996 	EXP 	Display Frame 1
290.6329 	EXP 	Display Frame 2
290.6660 	EXP 	Display Frame 3
290.6994 	EXP 	Display Frame 4
290.7329 	EXP 	Display Frame 5
290.7663 	EXP 	Display Frame 6
290.7996 	EXP 	Display Frame 7
290.8331 	EXP 	Display Frame 8
290.8662 	EXP 	Display Frame 9
290.8997 	EXP 	Display Frame 0
290.9329 	EXP 	Display Frame 1
290.9663 	EXP 	Display Frame 2
290.9996 	EXP 	Display Frame 3
291.0329 	EXP 	Display Frame 4
291.0660 	EXP 	Display Frame 5
291.0994 	EXP 	Display Frame 6
291.1330 	EXP 	Display Frame 7
291.1663 	EXP 	Display Frame 8
291.1996 	EXP 	Display Frame 9
291.2330 	EXP 	Display Frame 0
291.2660 	EXP 	Display Frame 1
291.2991 	DATA 	Keypress: equal
291.3007 	EXP 	Display Frame 2
291.3329 	EXP 	Display Frame 3
291.3664 	EXP 	Display Frame 4
291.3996 	EXP 	Display Frame 5
291.4329 	EXP 	Display Frame 6
291.4661 	EXP 	Display Frame 7
291.4996 	EXP 	Display Frame 8
291.5328 	EXP 	Display Frame 9
291.5663 	EXP 	Display Frame 0
291.5997 	EXP 	Display Frame 1
291.6330 	EXP 	Display Frame 2
291.6660 	EXP 	Display Frame 3
291.6997 	EXP 	Display Frame 4
291.7329 	EXP 	Display Frame 5
291.7662 	EXP 	Display Frame 6
291.7996 	EXP 	Display Frame 7
291.8329 	EXP 	Display Frame 8
291.8662 	EXP 	Display Frame 9
291.8997 	EXP 	Display Frame 0
291.9329 	EXP 	Display Frame 1
291.9662 	EXP 	Display Frame 2
291.9995 	EXP 	Display Frame 3
292.0330 	EXP 	Display Frame 4
292.0661 	EXP 	Display Frame 5
292.0994 	EXP 	Display Frame 6
292.1328 	EXP 	Display Frame 7
292.1662 	EXP 	Display Frame 8
292.1996 	EXP 	Display Frame 9
292.2330 	EXP 	Display Frame 0
292.2662 	EXP 	Display Frame 1
292.2993 	EXP 	Display Frame 2
292.3330 	EXP 	Display Frame 3
292.3661 	EXP 	Display Frame 4
292.3997 	EXP 	Display Frame 5
292.4330 	EXP 	Display Frame 6
292.4664 	EXP 	Display Frame 7
292.4995 	EXP 	Display Frame 8
292.5329 	EXP 	Display Frame 9
292.5662 	EXP 	Display Frame 0
292.5997 	EXP 	Display Frame 1
292.6330 	EXP 	Display Frame 2
292.6664 	EXP 	Display Frame 3
292.6994 	EXP 	Display Frame 4
292.7330 	EXP 	Display Frame 5
292.7663 	EXP 	Display Frame 6
292.7997 	EXP 	Display Frame 7
292.8330 	EXP 	Display Frame 8
292.8663 	EXP 	Display Frame 9
292.8995 	EXP 	Display Frame 0
292.9329 	EXP 	Display Frame 1
292.9663 	EXP 	Display Frame 2
292.9996 	EXP 	Display Frame 3
293.0330 	EXP 	Display Frame 4
293.0662 	EXP 	Display Frame 5
293.0994 	EXP 	Display Frame 6
293.1330 	EXP 	Display Frame 7
293.1662 	EXP 	Display Frame 8
293.1996 	EXP 	Display Frame 9
293.2330 	EXP 	Display Frame 0
293.2662 	EXP 	Display Frame 1
293.2994 	EXP 	Display Frame 2
293.3329 	EXP 	Display Frame 3
293.3663 	EXP 	Display Frame 4
293.3996 	EXP 	Display Frame 5
293.4331 	EXP 	Display Frame 6
293.4663 	EXP 	Display Frame 7
293.4994 	EXP 	Display Frame 8
293.5329 	EXP 	Display Frame 9
293.5663 	EXP 	Display Frame 0
293.5996 	EXP 	Display Frame 1
293.6330 	EXP 	Display Frame 2
293.6663 	EXP 	Display Frame 3
293.6993 	EXP 	Display Frame 4
293.7329 	EXP 	Display Frame 5
293.7664 	EXP 	Display Frame 6
293.7997 	EXP 	Display Frame 7
293.8330 	EXP 	Display Frame 8
293.8664 	EXP 	Display Frame 9
293.8994 	EXP 	Display Frame 0
293.9329 	EXP 	Display Frame 1
293.9663 	EXP 	Display Frame 2
293.9995 	EXP 	Display Frame 3
294.0329 	EXP 	Display Frame 4
294.0662 	EXP 	Display Frame 5
294.0995 	EXP 	Display Frame 6
294.1328 	EXP 	Display Frame 7
294.1663 	EXP 	Display Frame 8
294.1996 	EXP 	Display Frame 9
294.2329 	EXP 	Display Frame 0
294.2662 	EXP 	Display Frame 1
294.2996 	EXP 	Display Frame 2
294.3329 	EXP 	Display Frame 3
294.3663 	EXP 	Display Frame 4
294.3996 	EXP 	Display Frame 5
294.4329 	EXP 	Display Frame 6
294.4663 	EXP 	Display Frame 7
294.4996 	EXP 	Display Frame 8
294.5327 	EXP 	Display Frame 9
294.5662 	EXP 	Display Frame 0
294.5995 	EXP 	Display Frame 1
294.6329 	EXP 	Display Frame 2
294.6664 	EXP 	Display Frame 3
294.6996 	EXP 	Display Frame 4
294.7327 	EXP 	Display Frame 5
294.7662 	EXP 	Display Frame 6
294.7996 	EXP 	Display Frame 7
294.8329 	EXP 	Display Frame 8
294.8663 	EXP 	Display Frame 9
294.8995 	EXP 	Display Frame 0
294.9327 	EXP 	Display Frame 1
294.9663 	EXP 	Display Frame 2
294.9997 	EXP 	Display Frame 3
295.0330 	EXP 	Display Frame 4
295.0663 	EXP 	Display Frame 5
295.0996 	EXP 	Display Frame 6
295.1327 	EXP 	Display Frame 7
295.1663 	EXP 	Display Frame 8
295.1996 	EXP 	Display Frame 9
295.2329 	EXP 	Display Frame 0
295.2662 	EXP 	Display Frame 1
295.2996 	EXP 	Display Frame 2
295.3327 	EXP 	Display Frame 3
295.3664 	EXP 	Display Frame 4
295.3996 	EXP 	Display Frame 5
295.4330 	EXP 	Display Frame 6
295.4662 	EXP 	Display Frame 7
295.4996 	EXP 	Display Frame 8
295.5327 	EXP 	Display Frame 9
295.5664 	EXP 	Display Frame 0
295.5995 	EXP 	Display Frame 1
295.6330 	EXP 	Display Frame 2
295.6662 	EXP 	Display Frame 3
295.6997 	EXP 	Display Frame 4
295.7328 	EXP 	Display Frame 5
295.7664 	EXP 	Display Frame 6
295.7996 	EXP 	Display Frame 7
295.8329 	EXP 	Display Frame 8
295.8663 	EXP 	Display Frame 9
295.8996 	EXP 	Display Frame 0
295.9328 	EXP 	Display Frame 1
295.9663 	EXP 	Display Frame 2
295.9996 	EXP 	Display Frame 3
296.0329 	EXP 	Display Frame 4
296.0663 	EXP 	Display Frame 5
296.0995 	EXP 	Display Frame 6
296.1328 	EXP 	Display Frame 7
296.1661 	EXP 	Display Frame 8
296.1996 	EXP 	Display Frame 9
296.2329 	EXP 	Display Frame 0
296.2663 	EXP 	Display Frame 1
296.2996 	EXP 	Display Frame 2
296.3329 	EXP 	Display Frame 3
296.3661 	EXP 	Display Frame 4
296.3996 	EXP 	Display Frame 5
296.4329 	EXP 	Display Frame 6
296.4663 	EXP 	Display Frame 7
296.4991 	DATA 	Keypress: equal
296.5006 	EXP 	Display Frame 8
296.5329 	EXP 	Display Frame 9
296.5661 	EXP 	Display Frame 0
296.5995 	EXP 	Display Frame 1
296.6331 	EXP 	Display Frame 2
296.6664 	EXP 	Display Frame 3
296.6996 	EXP 	Display Frame 4
296.7330 	EXP 	Display Frame 5
296.7661 	EXP 	Display Frame 6
296.7996 	EXP 	Display Frame 7
296.8330 	EXP 	Display Frame 8
296.8663 	EXP 	Display Frame 9
296.8996 	EXP 	Display Frame 0
296.9330 	EXP 	Display Frame 1
296.9660 	EXP 	Display Frame 2
296.9995 	EXP 	Display Frame 3
297.0329 	EXP 	Display Frame 4
297.0662 	EXP 	Display Frame 5
297.0996 	EXP 	Display Frame 6
297.1330 	EXP 	Display Frame 7
297.1662 	EXP 	Display Frame 8
297.1995 	EXP 	Display Frame 9
297.2330 	EXP 	Display Frame 0
297.2663 	EXP 	Display Frame 1
297.2995 	EXP 	Display Frame 2
297.3329 	EXP 	Display Frame 3
297.3660 	EXP 	Display Frame 4
297.3996 	EXP 	Display Frame 5
297.4330 	EXP 	Display Frame 6
297.4663 	EXP 	Display Frame 7
297.4996 	EXP 	Display Frame 8
297.5329 	EXP 	Display Frame 9
297.5661 	EXP 	Display Frame 0
297.5996 	EXP 	Display Frame 1
297.6330 	EXP 	Display Frame 2
297.6663 	EXP 	Display Frame 3
297.6997 	EXP 	Display Frame 4
297.7329 	EXP 	Display Frame 5
297.7660 	EXP 	Display Frame 6
297.7996 	EXP 	Display Frame 7
297.8331 	EXP 	Display Frame 8
297.8663 	EXP 	Display Frame 9
297.8997 	EXP 	Display Frame 0
297.9329 	EXP 	Display Frame 1
297.9661 	EXP 	Display Frame 2
297.9996 	EXP 	Display Frame 3
298.0329 	EXP 	Display Frame 4
298.0662 	EXP 	Display Frame 5
298.0995 	EXP 	Display Frame 6
298.1329 	EXP 	Display Frame 7
298.1663 	EXP 	Display Frame 8
298.1994 	EXP 	Display Frame 9
298.2329 	EXP 	Display Frame 0
298.2662 	EXP 	Display Frame 1
298.2996 	EXP 	Display Frame 2
298.3329 	EXP 	Display Frame 3
298.3663 	EXP 	Display Frame 4
298.3994 	EXP 	Display Frame 5
298.4330 	EXP 	Display Frame 6
298.4662 	EXP 	Display Frame 7
298.4996 	EXP 	Display Frame 8
298.5330 	EXP 	Display Frame 9
298.5662 	EXP 	Display Frame 0
298.5993 	EXP 	Display Frame 1
298.6329 	EXP 	Display Frame 2
298.6662 	EXP 	Display Frame 3
298.6995 	EXP 	Display Frame 4
298.7330 	EXP 	Display Frame 5
298.7664 	EXP 	Display Frame 6
298.7994 	EXP 	Display Frame 7
298.8330 	EXP 	Display Frame 8
298.8661 	EXP 	Display Frame 9
298.8996 	EXP 	Display Frame 0
298.9329 	EXP 	Display Frame 1
298.9663 	EXP 	Display Frame 2
298.9994 	EXP 	Display Frame 3
299.0329 	EXP 	Display Frame 4
299.0663 	EXP 	Display Frame 5
299.0996 	EXP 	Display Frame 6
299.1330 	EXP 	Display Frame 7
299.1663 	EXP 	Display Frame 8
299.1995 	EXP 	Display Frame 9
299.2329 	EXP 	Display Frame 0
299.2663 	EXP 	Display Frame 1
299.2996 	EXP 	Display Frame 2
299.3329 	EXP 	Display Frame 3
299.3663 	EXP 	Display Frame 4
299.3994 	EXP 	Display Frame 5
299.4329 	EXP 	Display Frame 6
299.4662 	EXP 	Display Frame 7
299.4996 	EXP 	Display Frame 8
299.5330 	EXP 	Display Frame 9
299.5662 	EXP 	Display Frame 0
299.5994 	EXP 	Display Frame 1
299.6331 	EXP 	Display Frame 2
299.6663 	EXP 	Display Frame 3
299.6996 	EXP 	Display Frame 4
299.7330 	EXP 	Display Frame 5
299.7663 	EXP 	Display Frame 6
299.7995 	EXP 	Display Frame 7
299.8331 	EXP 	Display Frame 8
299.8667 	EXP 	Display Frame 9
299.8994 	EXP 	Display Frame 0
299.9329 	EXP 	Display Frame 1
299.9664 	EXP 	Display Frame 2
299.9994 	EXP 	Display Frame 3
300.0330 	EXP 	Display Frame 4
300.0662 	EXP 	Display Frame 5
300.0997 	EXP 	Display Frame 6
300.1329 	EXP 	Display Frame 7
300.1664 	EXP 	Display Frame 8
300.1995 	EXP 	Display Frame 9
300.2327 	EXP 	Display Frame 0
300.2662 	EXP 	Display Frame 1
300.2997 	EXP 	Display Frame 2
300.3329 	EXP 	Display Frame 3
300.3663 	EXP 	Display Frame 4
300.3996 	EXP 	Display Frame 5
300.4327 	EXP 	Display Frame 6
300.4662 	EXP 	Display Frame 7
300.4996 	EXP 	Display Frame 8
300.5330 	EXP 	Display Frame 9
300.5662 	EXP 	Display Frame 0
300.5996 	EXP 	Display Frame 1
300.6328 	EXP 	Display Frame 2
300.6664 	EXP 	Display Frame 3
300.6996 	EXP 	Display Frame 4
300.7330 	EXP 	Display Frame 5
300.7662 	EXP 	Display Frame 6
300.7997 	EXP 	Display Frame 7
300.8327 	EXP 	Display Frame 8
300.8663 	EXP 	Display Frame 9
300.8996 	EXP 	Display Frame 0
300.9329 	EXP 	Display Frame 1
300.9663 	EXP 	Display Frame 2
300.9997 	EXP 	Display Frame 3
301.0327 	EXP 	Display Frame 4
301.0663 	EXP 	Display Frame 5
301.0996 	EXP 	Display Frame 6
301.1331 	EXP 	Display Frame 7
301.1663 	EXP 	Display Frame 8
301.1997 	EXP 	Display Frame 9
301.2327 	EXP 	Display Frame 0
301.2662 	EXP 	Display Frame 1
301.2995 	EXP 	Display Frame 2
301.3328 	EXP 	Display Frame 3
301.3663 	EXP 	Display Frame 4
301.3997 	EXP 	Display Frame 5
301.4327 	EXP 	Display Frame 6
301.4662 	EXP 	Display Frame 7
301.4995 	EXP 	Display Frame 8
301.5330 	EXP 	Display Frame 9
301.5663 	EXP 	Display Frame 0
301.5996 	EXP 	Display Frame 1
301.6328 	EXP 	Display Frame 2
301.6662 	EXP 	Display Frame 3
301.6991 	DATA 	Keypress: equal
301.7006 	EXP 	Display Frame 4
301.7327 	EXP 	Display Frame 5
301.7663 	EXP 	Display Frame 6
301.7996 	EXP 	Display Frame 7
301.8327 	EXP 	Display Frame 8
301.8662 	EXP 	Display Frame 9
301.8997 	EXP 	Display Frame 0
301.9329 	EXP 	Display Frame 1
301.9664 	EXP 	Display Frame 2
301.9996 	EXP 	Display Frame 3
302.0327 	EXP 	Display Frame 4
302.0662 	EXP 	Display Frame 5
302.0997 	EXP 	Display Frame 6
302.1329 	EXP 	Display Frame 7
302.1663 	EXP 	Display Frame 8
302.1996 	EXP 	Display Frame 9
302.2327 	EXP 	Display Frame 0
302.2661 	EXP 	Display Frame 1
302.2997 	EXP 	Display Frame 2
302.3329 	EXP 	Display Frame 3
302.3663 	EXP 	Display Frame 4
302.3996 	EXP 	Display Frame 5
302.4329 	EXP 	Display Frame 6
302.4660 	EXP 	Display Frame 7
302.4997 	EXP 	Display Frame 8
302.5330 	EXP 	Display Frame 9
302.5663 	EXP 	Display Frame 0
302.5996 	EXP 	Display Frame 1
302.6329 	EXP 	Display Frame 2
302.6661 	EXP 	Display Frame 3
302.6996 	EXP 	Display Frame 4
302.7330 	EXP 	Display Frame 5
302.7663 	EXP 	Display Frame 6
302.7996 	EXP 	Display Frame 7
302.8329 	EXP 	Display Frame 8
302.8661 	EXP 	Display Frame 9
302.8996 	EXP 	Display Frame 0
302.9330 	EXP 	Display Frame 1
302.9663 	EXP 	Display Frame 2
302.9996 	EXP 	Display Frame 3
303.0330 	EXP 	Display Frame 4
303.0660 	EXP 	Display Frame 5
303.0996 	EXP 	Display Frame 6
303.1331 	EXP 	Display Frame 7
303.1663 	EXP 	Display Frame 8
303.1997 	EXP 	Display Frame 9
303.2329 	EXP 	Display Frame 0
303.2661 	EXP 	Display Frame 1
303.2996 	EXP 	Display Frame 2
303.3330 	EXP 	Display Frame 3
303.3662 	EXP 	Display Frame 4
303.3997 	EXP 	Display Frame 5
303.4329 	EXP 	Display Frame 6
303.4661 	EXP 	Display Frame 7
303.4996 	EXP 	Display Frame 8
303.5330 	EXP 	Display Frame 9
303.5662 	EXP 	Display Frame 0
303.5997 	EXP 	Display Frame 1
303.6330 	EXP 	Display Frame 2
303.6661 	EXP 	Display Frame 3
303.6997 	EXP 	Display Frame 4
303.7329 	EXP 	Display Frame 5
303.7661 	EXP 	Display Frame 6
303.7996 	EXP 	Display Frame 7
303.8331 	EXP 	Display Frame 8
303.8661 	EXP 	Display Frame 9
303.8997 	EXP 	Display Frame 0
303.9329 	EXP 	Display Frame 1
303.9664 	EXP 	Display Frame 2
303.9995 	EXP 	Display Frame 3
304.0331 	EXP 	Display Frame 4
304.0661 	EXP 	Display Frame 5
304.0996 	EXP 	Display Frame 6
304.1329 	EXP 	Display Frame 7
304.1664 	EXP 	Display Frame 8
304.1997 	EXP 	Display Frame 9
304.2330 	EXP 	Display Frame 0
304.2662 	EXP 	Display Frame 1
304.2994 	EXP 	Display Frame 2
304.3329 	EXP 	Display Frame 3
304.3664 	EXP 	Display Frame 4
304.3996 	EXP 	Display Frame 5
304.4329 	EXP 	Display Frame 6
304.4663 	EXP 	Display Frame 7
304.4994 	EXP 	Display Frame 8
304.5329 	EXP 	Display Frame 9
304.5662 	EXP 	Display Frame 0
304.5995 	EXP 	Display Frame 1
304.6330 	EXP 	Display Frame 2
304.6662 	EXP 	Display Frame 3
304.6997 	EXP 	Display Frame 4
304.7330 	EXP 	Display Frame 5
304.7662 	EXP 	Display Frame 6
304.7996 	EXP 	Display Frame 7
304.8329 	EXP 	Display Frame 8
304.8662 	EXP 	Display Frame 9
304.8994 	EXP 	Display Frame 0
304.9330 	EXP 	Display Frame 1
304.9663 	EXP 	Display Frame 2
304.9997 	EXP 	Display Frame 3
305.0329 	EXP 	Display Frame 4
305.0664 	EXP 	Display Frame 5
305.0995 	EXP 	Display Frame 6
305.1330 	EXP 	Display Frame 7
305.1664 	EXP 	Display Frame 8
305.1996 	EXP 	Display Frame 9
305.2330 	EXP 	Display Frame 0
305.2663 	EXP 	Display Frame 1
305.2994 	EXP 	Display Frame 2
305.3330 	EXP 	Display Frame 3
305.3663 	EXP 	Display Frame 4
305.3995 	EXP 	Display Frame 5
305.4330 	EXP 	Display Frame 6
305.4663 	EXP 	Display Frame 7
305.4994 	EXP 	Display Frame 8
305.5330 	EXP 	Display Frame 9
305.5663 	EXP 	Display Frame 0
305.5996 	EXP 	Display Frame 1
305.6330 	EXP 	Display Frame 2
305.6663 	EXP 	Display Frame 3
305.6995 	EXP 	Display Frame 4
305.7329 	EXP 	Display Frame 5
305.7662 	EXP 	Display Frame 6
305.7994 	EXP 	Display Frame 7
305.8330 	EXP 	Display Frame 8
305.8663 	EXP 	Display Frame 9
305.8994 	EXP 	Display Frame 0
305.9329 	EXP 	Display Frame 1
305.9663 	EXP 	Display Frame 2
305.9996 	EXP 	Display Frame 3
306.0330 	EXP 	Display Frame 4
306.0662 	EXP 	Display Frame 5
306.0995 	EXP 	Display Frame 6
306.1330 	EXP 	Display Frame 7
306.1664 	EXP 	Display Frame 8
306.1996 	EXP 	Display Frame 9
306.2329 	EXP 	Display Frame 0
306.2661 	EXP 	Display Frame 1
306.2994 	EXP 	Display Frame 2
306.3329 	EXP 	Display Frame 3
306.3664 	EXP 	Display Frame 4
306.3996 	EXP 	Display Frame 5
306.4330 	EXP 	Display Frame 6
306.4663 	EXP 	Display Frame 7
306.4997 	EXP 	Display Frame 8
306.5328 	EXP 	Display Frame 9
306.5663 	EXP 	Display Frame 0
306.5996 	EXP 	Display Frame 1
306.6331 	EXP 	Display Frame 2
306.6663 	EXP 	Display Frame 3
306.6996 	EXP 	Display Frame 4
306.7328 	EXP 	Display Frame 5
306.7662 	EXP 	Display Frame 6
306.7996 	EXP 	Display Frame 7
306.8330 	EXP 	Display Frame 8
306.8659 	DATA 	Keypress: equal
306.8674 	EXP 	Display Frame 9
306.8996 	EXP 	Display Frame 0
306.9328 	EXP 	Display Frame 1
306.9662 	EXP 	Display Frame 2
306.9996 	EXP 	Display Frame 3
307.0329 	EXP 	Display Frame 4
307.0662 	EXP 	Display Frame 5
307.0995 	EXP 	Display Frame 6
307.1328 	EXP 	Display Frame 7
307.1663 	EXP 	Display Frame 8
307.1997 	EXP 	Display Frame 9
307.2329 	EXP 	Display Frame 0
307.2662 	EXP 	Display Frame 1
307.2996 	EXP 	Display Frame 2
307.3327 	EXP 	Display Frame 3
307.3663 	EXP 	Display Frame 4
307.3996 	EXP 	Display Frame 5
307.4328 	EXP 	Display Frame 6
307.4663 	EXP 	Display Frame 7
307.4996 	EXP 	Display Frame 8
307.5328 	EXP 	Display Frame 9
307.5662 	EXP 	Display Frame 0
307.5996 	EXP 	Display Frame 1
307.6329 	EXP 	Display Frame 2
307.6662 	EXP 	Display Frame 3
307.6996 	EXP 	Display Frame 4
307.7327 	EXP 	Display Frame 5
307.7663 	EXP 	Display Frame 6
307.7996 	EXP 	Display Frame 7
307.8329 	EXP 	Display Frame 8
307.8662 	EXP 	Display Frame 9
307.8996 	EXP 	Display Frame 0
307.9328 	EXP 	Display Frame 1
307.9664 	EXP 	Display Frame 2
307.9996 	EXP 	Display Frame 3
308.0330 	EXP 	Display Frame 4
308.0661 	EXP 	Display Frame 5
308.0996 	EXP 	Display Frame 6
308.1328 	EXP 	Display Frame 7
308.1661 	EXP 	Display Frame 8
308.1996 	EXP 	Display Frame 9
308.2330 	EXP 	Display Frame 0
308.2661 	EXP 	Display Frame 1
308.2997 	EXP 	Display Frame 2
308.3325 	EXP 	Display Frame 3
308.3661 	EXP 	Display Frame 4
308.3996 	EXP 	Display Frame 5
308.4330 	EXP 	Display Frame 6
308.4663 	EXP 	Display Frame 7
308.4997 	EXP 	Display Frame 8
308.5329 	EXP 	Display Frame 9
308.5661 	EXP 	Display Frame 0
308.5996 	EXP 	Display Frame 1
308.6330 	EXP 	Display Frame 2
308.6663 	EXP 	Display Frame 3
308.6996 	EXP 	Display Frame 4
308.7329 	EXP 	Display Frame 5
308.7661 	EXP 	Display Frame 6
308.7995 	EXP 	Display Frame 7
308.8330 	EXP 	Display Frame 8
308.8663 	EXP 	Display Frame 9
308.8995 	EXP 	Display Frame 0
308.9329 	EXP 	Display Frame 1
308.9661 	EXP 	Display Frame 2
308.9997 	EXP 	Display Frame 3
309.0329 	EXP 	Display Frame 4
309.0662 	EXP 	Display Frame 5
309.0994 	EXP 	Display Frame 6
309.1329 	EXP 	Display Frame 7
309.1661 	EXP 	Display Frame 8
309.1996 	EXP 	Display Frame 9
309.2329 	EXP 	Display Frame 0
309.2663 	EXP 	Display Frame 1
309.2996 	EXP 	Display Frame 2
309.3330 	EXP 	Display Frame 3
309.3660 	EXP 	Display Frame 4
309.3995 	EXP 	Display Frame 5
309.4329 	EXP 	Display Frame 6
309.4663 	EXP 	Display Frame 7
309.4997 	EXP 	Display Frame 8
309.5330 	EXP 	Display Frame 9
309.5662 	EXP 	Display Frame 0
309.5995 	EXP 	Display Frame 1
309.6329 	EXP 	Display Frame 2
309.6663 	EXP 	Display Frame 3
309.6996 	EXP 	Display Frame 4
309.7328 	EXP 	Display Frame 5
309.7662 	EXP 	Display Frame 6
309.7995 	EXP 	Display Frame 7
309.8329 	EXP 	Display Frame 8
309.8661 	EXP 	Display Frame 9
309.8996 	EXP 	Display Frame 0
309.9328 	EXP 	Display Frame 1
309.9663 	EXP 	Display Frame 2
309.9994 	EXP 	Display Frame 3
310.0330 	EXP 	Display Frame 4
310.0662 	EXP 	Display Frame 5
310.0995 	EXP 	Display Frame 6
310.1329 	EXP 	Display Frame 7
310.1664 	EXP 	Display Frame 8
310.1994 	EXP 	Display Frame 9
310.2329 	EXP 	Display Frame 0
310.2661 	EXP 	Display Frame 1
310.2997 	EXP 	Display Frame 2
310.3330 	EXP 	Display Frame 3
310.3664 	EXP 	Display Frame 4
310.3994 	EXP 	Display Frame 5
310.4327 	EXP 	Display Frame 6
310.4663 	EXP 	Display Frame 7
310.4997 	EXP 	Display Frame 8
310.5330 	EXP 	Display Frame 9
310.5663 	EXP 	Display Frame 0
310.5995 	EXP 	Display Frame 1
310.6330 	EXP 	Display Frame 2
310.6663 	EXP 	Display Frame 3
310.6997 	EXP 	Display Frame 4
310.7327 	EXP 	Display Frame 5
310.7663 	EXP 	Display Frame 6
310.7993 	EXP 	Display Frame 7
310.8330 	EXP 	Display Frame 8
310.8663 	EXP 	Display Frame 9
310.8994 	EXP 	Display Frame 0
310.9328 	EXP 	Display Frame 1
310.9663 	EXP 	Display Frame 2
310.9995 	EXP 	Display Frame 3
311.0329 	EXP 	Display Frame 4
311.0663 	EXP 	Display Frame 5
311.0996 	EXP 	Display Frame 6
311.1329 	EXP 	Display Frame 7
311.1664 	EXP 	Display Frame 8
311.1995 	EXP 	Display Frame 9
311.2330 	EXP 	Display Frame 0
311.2663 	EXP 	Display Frame 1
311.2995 	EXP 	Display Frame 2
311.3331 	EXP 	Display Frame 3
311.3662 	EXP 	Display Frame 4
311.3993 	EXP 	Display Frame 5
311.4329 	EXP 	Display Frame 6
311.4663 	EXP 	Display Frame 7
311.4996 	EXP 	Display Frame 8
311.5330 	EXP 	Display Frame 9
311.5661 	EXP 	Display Frame 0
311.5994 	EXP 	Display Frame 1
311.6328 	EXP 	Display Frame 2
311.6663 	EXP 	Display Frame 3
311.6996 	EXP 	Display Frame 4
311.7330 	EXP 	Display Frame 5
311.7661 	EXP 	Display Frame 6
311.7996 	EXP 	Display Frame 7
311.8329 	EXP 	Display Frame 8
311.8662 	EXP 	Display Frame 9
311.8995 	EXP 	Display Frame 0
311.9329 	EXP 	Display Frame 1
311.9663 	EXP 	Display Frame 2
311.9996 	EXP 	Display Frame 3
312.0328 	EXP 	Display Frame 4
312.0657 	DATA 	Keypress: equal
312.0674 	EXP 	Display Frame 5
312.0837 	EXP 	Display Fixation
317.2526 	DATA 	Keypress: equal
322.4457 	DATA 	Keypress: equal
327.6399 	DATA 	Keypress: equal
332.8327 	DATA 	Keypress: equal
338.0266 	DATA 	Keypress: equal
343.2197 	DATA 	Keypress: equal
343.2551 	EXP 	Display Frame 1
343.2880 	EXP 	Display Frame 2
343.3214 	EXP 	Display Frame 3
343.3547 	EXP 	Display Frame 4
343.3880 	EXP 	Display Frame 5
343.4213 	EXP 	Display Frame 6
343.4547 	EXP 	Display Frame 7
343.4880 	EXP 	Display Frame 8
343.5214 	EXP 	Display Frame 9
343.5548 	EXP 	Display Frame 0
343.5880 	EXP 	Display Frame 1
343.6213 	EXP 	Display Frame 2
343.6546 	EXP 	Display Frame 3
343.6879 	EXP 	Display Frame 4
343.7214 	EXP 	Display Frame 5
343.7546 	EXP 	Display Frame 6
343.7881 	EXP 	Display Frame 7
343.8213 	EXP 	Display Frame 8
343.8547 	EXP 	Display Frame 9
343.8880 	EXP 	Display Frame 0
343.9214 	EXP 	Display Frame 1
343.9548 	EXP 	Display Frame 2
343.9879 	EXP 	Display Frame 3
344.0213 	EXP 	Display Frame 4
344.0548 	EXP 	Display Frame 5
344.0879 	EXP 	Display Frame 6
344.1214 	EXP 	Display Frame 7
344.1547 	EXP 	Display Frame 8
344.1880 	EXP 	Display Frame 9
344.2213 	EXP 	Display Frame 0
344.2546 	EXP 	Display Frame 1
344.2881 	EXP 	Display Frame 2
344.3213 	EXP 	Display Frame 3
344.3546 	EXP 	Display Frame 4
344.3879 	EXP 	Display Frame 5
344.4213 	EXP 	Display Frame 6
344.4545 	EXP 	Display Frame 7
344.4879 	EXP 	Display Frame 8
344.5213 	EXP 	Display Frame 9
344.5547 	EXP 	Display Frame 0
344.5880 	EXP 	Display Frame 1
344.6212 	EXP 	Display Frame 2
344.6546 	EXP 	Display Frame 3
344.6879 	EXP 	Display Frame 4
344.7213 	EXP 	Display Frame 5
344.7546 	EXP 	Display Frame 6
344.7879 	EXP 	Display Frame 7
344.8214 	EXP 	Display Frame 8
344.8546 	EXP 	Display Frame 9
344.8881 	EXP 	Display Frame 0
344.9214 	EXP 	Display Frame 1
344.9547 	EXP 	Display Frame 2
344.9880 	EXP 	Display Frame 3
345.0215 	EXP 	Display Frame 4
345.0547 	EXP 	Display Frame 5
345.0880 	EXP 	Display Frame 6
345.1214 	EXP 	Display Frame 7
345.1547 	EXP 	Display Frame 8
345.1880 	EXP 	Display Frame 9
345.2214 	EXP 	Display Frame 0
345.2546 	EXP 	Display Frame 1
345.2881 	EXP 	Display Frame 2
345.3214 	EXP 	Display Frame 3
345.3548 	EXP 	Display Frame 4
345.3880 	EXP 	Display Frame 5
345.4214 	EXP 	Display Frame 6
345.4546 	EXP 	Display Frame 7
345.4881 	EXP 	Display Frame 8
345.5214 	EXP 	Display Frame 9
345.5563 	EXP 	Display Frame 0
345.5880 	EXP 	Display Frame 1
345.6214 	EXP 	Display Frame 2
345.6551 	EXP 	Display Frame 3
345.6881 	EXP 	Display Frame 4
345.7213 	EXP 	Display Frame 5
345.7547 	EXP 	Display Frame 6
345.7880 	EXP 	Display Frame 7
345.8213 	EXP 	Display Frame 8
345.8546 	EXP 	Display Frame 9
345.8880 	EXP 	Display Frame 0
345.9213 	EXP 	Display Frame 1
345.9546 	EXP 	Display Frame 2
345.9880 	EXP 	Display Frame 3
346.0225 	EXP 	Display Frame 4
346.0546 	EXP 	Display Frame 5
346.0879 	EXP 	Display Frame 6
346.1214 	EXP 	Display Frame 7
346.1546 	EXP 	Display Frame 8
346.1879 	EXP 	Display Frame 9
346.2213 	EXP 	Display Frame 0
346.2545 	EXP 	Display Frame 1
346.2879 	EXP 	Display Frame 2
346.3213 	EXP 	Display Frame 3
346.3546 	EXP 	Display Frame 4
346.3881 	EXP 	Display Frame 5
346.4215 	EXP 	Display Frame 6
346.4547 	EXP 	Display Frame 7
346.4881 	EXP 	Display Frame 8
346.5214 	EXP 	Display Frame 9
346.5546 	EXP 	Display Frame 0
346.5879 	EXP 	Display Frame 1
346.6213 	EXP 	Display Frame 2
346.6546 	EXP 	Display Frame 3
346.6880 	EXP 	Display Frame 4
346.7214 	EXP 	Display Frame 5
346.7546 	EXP 	Display Frame 6
346.7880 	EXP 	Display Frame 7
346.8213 	EXP 	Display Frame 8
346.8547 	EXP 	Display Frame 9
346.8880 	EXP 	Display Frame 0
346.9213 	EXP 	Display Frame 1
346.9547 	EXP 	Display Frame 2
346.9883 	EXP 	Display Frame 3
347.0213 	EXP 	Display Frame 4
347.0547 	EXP 	Display Frame 5
347.0880 	EXP 	Display Frame 6
347.1213 	EXP 	Display Frame 7
347.1548 	EXP 	Display Frame 8
347.1880 	EXP 	Display Frame 9
347.2214 	EXP 	Display Frame 0
347.2546 	EXP 	Display Frame 1
347.2881 	EXP 	Display Frame 2
347.3213 	EXP 	Display Frame 3
347.3548 	EXP 	Display Frame 4
347.3880 	EXP 	Display Frame 5
347.4213 	EXP 	Display Frame 6
347.4547 	EXP 	Display Frame 7
347.4880 	EXP 	Display Frame 8
347.5214 	EXP 	Display Frame 9
347.5547 	EXP 	Display Frame 0
347.5880 	EXP 	Display Frame 1
347.6214 	EXP 	Display Frame 2
347.6547 	EXP 	Display Frame 3
347.6881 	EXP 	Display Frame 4
347.7213 	EXP 	Display Frame 5
347.7547 	EXP 	Display Frame 6
347.7880 	EXP 	Display Frame 7
347.8214 	EXP 	Display Frame 8
347.8547 	EXP 	Display Frame 9
347.8880 	EXP 	Display Frame 0
347.9213 	EXP 	Display Frame 1
347.9547 	EXP 	Display Frame 2
347.9881 	EXP 	Display Frame 3
348.0213 	EXP 	Display Frame 4
348.0546 	EXP 	Display Frame 5
348.0880 	EXP 	Display Frame 6
348.1214 	EXP 	Display Frame 7
348.1546 	EXP 	Display Frame 8
348.1881 	EXP 	Display Frame 9
348.2213 	EXP 	Display Frame 0
348.2546 	EXP 	Display Frame 1
348.2880 	EXP 	Display Frame 2
348.3214 	EXP 	Display Frame 3
348.3547 	EXP 	Display Frame 4
348.3881 	EXP 	Display Frame 5
348.4211 	DATA 	Keypress: equal
348.4239 	EXP 	Display Frame 6
348.4547 	EXP 	Display Frame 7
348.4879 	EXP 	Display Frame 8
348.5216 	EXP 	Display Frame 9
348.5546 	EXP 	Display Frame 0
348.5879 	EXP 	Display Frame 1
348.6213 	EXP 	Display Frame 2
348.6548 	EXP 	Display Frame 3
348.6879 	EXP 	Display Frame 4
348.7213 	EXP 	Display Frame 5
348.7546 	EXP 	Display Frame 6
348.7879 	EXP 	Display Frame 7
348.8213 	EXP 	Display Frame 8
348.8546 	EXP 	Display Frame 9
348.8879 	EXP 	Display Frame 0
348.9213 	EXP 	Display Frame 1
348.9546 	EXP 	Display Frame 2
348.9880 	EXP 	Display Frame 3
349.0214 	EXP 	Display Frame 4
349.0546 	EXP 	Display Frame 5
349.0879 	EXP 	Display Frame 6
349.1213 	EXP 	Display Frame 7
349.1548 	EXP 	Display Frame 8
349.1879 	EXP 	Display Frame 9
349.2214 	EXP 	Display Frame 0
349.2545 	EXP 	Display Frame 1
349.2880 	EXP 	Display Frame 2
349.3213 	EXP 	Display Frame 3
349.3547 	EXP 	Display Frame 4
349.3880 	EXP 	Display Frame 5
349.4212 	EXP 	Display Frame 6
349.4546 	EXP 	Display Frame 7
349.4879 	EXP 	Display Frame 8
349.5213 	EXP 	Display Frame 9
349.5546 	EXP 	Display Frame 0
349.5879 	EXP 	Display Frame 1
349.6213 	EXP 	Display Frame 2
349.6547 	EXP 	Display Frame 3
349.6880 	EXP 	Display Frame 4
349.7213 	EXP 	Display Frame 5
349.7547 	EXP 	Display Frame 6
349.7880 	EXP 	Display Frame 7
349.8215 	EXP 	Display Frame 8
349.8547 	EXP 	Display Frame 9
349.8880 	EXP 	Display Frame 0
349.9213 	EXP 	Display Frame 1
349.9547 	EXP 	Display Frame 2
349.9880 	EXP 	Display Frame 3
350.0213 	EXP 	Display Frame 4
350.0547 	EXP 	Display Frame 5
350.0880 	EXP 	Display Frame 6
350.1213 	EXP 	Display Frame 7
350.1547 	EXP 	Display Frame 8
350.1880 	EXP 	Display Frame 9
350.2213 	EXP 	Display Frame 0
350.2546 	EXP 	Display Frame 1
350.2880 	EXP 	Display Frame 2
350.3213 	EXP 	Display Frame 3
350.3547 	EXP 	Display Frame 4
350.3880 	EXP 	Display Frame 5
350.4213 	EXP 	Display Frame 6
350.4547 	EXP 	Display Frame 7
350.4880 	EXP 	Display Frame 8
350.5215 	EXP 	Display Frame 9
350.5546 	EXP 	Display Frame 0
350.5880 	EXP 	Display Frame 1
350.6214 	EXP 	Display Frame 2
350.6547 	EXP 	Display Frame 3
350.6880 	EXP 	Display Frame 4
350.7215 	EXP 	Display Frame 5
350.7547 	EXP 	Display Frame 6
350.7880 	EXP 	Display Frame 7
350.8214 	EXP 	Display Frame 8
350.8547 	EXP 	Display Frame 9
350.8880 	EXP 	Display Frame 0
350.9213 	EXP 	Display Frame 1
350.9547 	EXP 	Display Frame 2
350.9880 	EXP 	Display Frame 3
351.0213 	EXP 	Display Frame 4
351.0547 	EXP 	Display Frame 5
351.0881 	EXP 	Display Frame 6
351.1214 	EXP 	Display Frame 7
351.1547 	EXP 	Display Frame 8
351.1880 	EXP 	Display Frame 9
351.2213 	EXP 	Display Frame 0
351.2546 	EXP 	Display Frame 1
351.2880 	EXP 	Display Frame 2
351.3214 	EXP 	Display Frame 3
351.3547 	EXP 	Display Frame 4
351.3880 	EXP 	Display Frame 5
351.4214 	EXP 	Display Frame 6
351.4547 	EXP 	Display Frame 7
351.4881 	EXP 	Display Frame 8
351.5213 	EXP 	Display Frame 9
351.5546 	EXP 	Display Frame 0
351.5880 	EXP 	Display Frame 1
351.6214 	EXP 	Display Frame 2
351.6546 	EXP 	Display Frame 3
351.6880 	EXP 	Display Frame 4
351.7213 	EXP 	Display Frame 5
351.7547 	EXP 	Display Frame 6
351.7880 	EXP 	Display Frame 7
351.8213 	EXP 	Display Frame 8
351.8547 	EXP 	Display Frame 9
351.8880 	EXP 	Display Frame 0
351.9213 	EXP 	Display Frame 1
351.9548 	EXP 	Display Frame 2
351.9880 	EXP 	Display Frame 3
352.0213 	EXP 	Display Frame 4
352.0547 	EXP 	Display Frame 5
352.0879 	EXP 	Display Frame 6
352.1213 	EXP 	Display Frame 7
352.1547 	EXP 	Display Frame 8
352.1881 	EXP 	Display Frame 9
352.2215 	EXP 	Display Frame 0
352.2546 	EXP 	Display Frame 1
352.2881 	EXP 	Display Frame 2
352.3213 	EXP 	Display Frame 3
352.3547 	EXP 	Display Frame 4
352.3880 	EXP 	Display Frame 5
352.4213 	EXP 	Display Frame 6
352.4546 	EXP 	Display Frame 7
352.4880 	EXP 	Display Frame 8
352.5214 	EXP 	Display Frame 9
352.5546 	EXP 	Display Frame 0
352.5884 	EXP 	Display Frame 1
352.6214 	EXP 	Display Frame 2
352.6547 	EXP 	Display Frame 3
352.6880 	EXP 	Display Frame 4
352.7214 	EXP 	Display Frame 5
352.7547 	EXP 	Display Frame 6
352.7881 	EXP 	Display Frame 7
352.8214 	EXP 	Display Frame 8
352.8547 	EXP 	Display Frame 9
352.8880 	EXP 	Display Frame 0
352.9215 	EXP 	Display Frame 1
352.9547 	EXP 	Display Frame 2
352.9882 	EXP 	Display Frame 3
353.0214 	EXP 	Display Frame 4
353.0548 	EXP 	Display Frame 5
353.0880 	EXP 	Display Frame 6
353.1214 	EXP 	Display Frame 7
353.1547 	EXP 	Display Frame 8
353.1880 	EXP 	Display Frame 9
353.2213 	EXP 	Display Frame 0
353.2546 	EXP 	Display Frame 1
353.2880 	EXP 	Display Frame 2
353.3214 	EXP 	Display Frame 3
353.3547 	EXP 	Display Frame 4
353.3880 	EXP 	Display Frame 5
353.4216 	EXP 	Display Frame 6
353.4549 	EXP 	Display Frame 7
353.4880 	EXP 	Display Frame 8
353.5213 	EXP 	Display Frame 9
353.5547 	EXP 	Display Frame 0
353.5880 	EXP 	Display Frame 1
353.6212 	DATA 	Keypress: equal
353.6242 	EXP 	Display Frame 2
353.6546 	EXP 	Display Frame 3
353.6881 	EXP 	Display Frame 4
353.7213 	EXP 	Display Frame 5
353.7546 	EXP 	Display Frame 6
353.7879 	EXP 	Display Frame 7
353.8214 	EXP 	Display Frame 8
353.8546 	EXP 	Display Frame 9
353.8879 	EXP 	Display Frame 0
353.9213 	EXP 	Display Frame 1
353.9547 	EXP 	Display Frame 2
353.9880 	EXP 	Display Frame 3
354.0213 	EXP 	Display Frame 4
354.0546 	EXP 	Display Frame 5
354.0879 	EXP 	Display Frame 6
354.1214 	EXP 	Display Frame 7
354.1546 	EXP 	Display Frame 8
354.1880 	EXP 	Display Frame 9
354.2213 	EXP 	Display Frame 0
354.2546 	EXP 	Display Frame 1
354.2880 	EXP 	Display Frame 2
354.3213 	EXP 	Display Frame 3
354.3546 	EXP 	Display Frame 4
354.3879 	EXP 	Display Frame 5
354.4213 	EXP 	Display Frame 6
354.4547 	EXP 	Display Frame 7
354.4879 	EXP 	Display Frame 8
354.5213 	EXP 	Display Frame 9
354.5546 	EXP 	Display Frame 0
354.5879 	EXP 	Display Frame 1
354.6213 	EXP 	Display Frame 2
354.6547 	EXP 	Display Frame 3
354.6880 	EXP 	Display Frame 4
354.7213 	EXP 	Display Frame 5
354.7547 	EXP 	Display Frame 6
354.7880 	EXP 	Display Frame 7
354.8214 	EXP 	Display Frame 8
354.8547 	EXP 	Display Frame 9
354.8880 	EXP 	Display Frame 0
354.9214 	EXP 	Display Frame 1
354.9546 	EXP 	Display Frame 2
354.9881 	EXP 	Display Frame 3
355.0214 	EXP 	Display Frame 4
355.0547 	EXP 	Display Frame 5
355.0880 	EXP 	Display Frame 6
355.1213 	EXP 	Display Frame 7
355.1547 	EXP 	Display Frame 8
355.1881 	EXP 	Display Frame 9
355.2213 	EXP 	Display Frame 0
355.2546 	EXP 	Display Frame 1
355.2880 	EXP 	Display Frame 2
355.3213 	EXP 	Display Frame 3
355.3547 	EXP 	Display Frame 4
355.3880 	EXP 	Display Frame 5
355.4214 	EXP 	Display Frame 6
355.4550 	EXP 	Display Frame 7
355.4882 	EXP 	Display Frame 8
355.5213 	EXP 	Display Frame 9
355.5547 	EXP 	Display Frame 0
355.5880 	EXP 	Display Frame 1
355.6214 	EXP 	Display Frame 2
355.6546 	EXP 	Display Frame 3
355.6879 	EXP 	Display Frame 4
355.7213 	EXP 	Display Frame 5
355.7547 	EXP 	Display Frame 6
355.7880 	EXP 	Display Frame 7
355.8215 	EXP 	Display Frame 8
355.8547 	EXP 	Display Frame 9
355.8881 	EXP 	Display Frame 0
355.9213 	EXP 	Display Frame 1
355.9546 	EXP 	Display Frame 2
355.9880 	EXP 	Display Frame 3
356.0215 	EXP 	Display Frame 4
356.0547 	EXP 	Display Frame 5
356.0881 	EXP 	Display Frame 6
356.1215 	EXP 	Display Frame 7
356.1547 	EXP 	Display Frame 8
356.1880 	EXP 	Display Frame 9
356.2213 	EXP 	Display Frame 0
356.2546 	EXP 	Display Frame 1
356.2879 	EXP 	Display Frame 2
356.3213 	EXP 	Display Frame 3
356.3546 	EXP 	Display Frame 4
356.3880 	EXP 	Display Frame 5
356.4212 	EXP 	Display Frame 6
356.4546 	EXP 	Display Frame 7
356.4880 	EXP 	Display Frame 8
356.5213 	EXP 	Display Frame 9
356.5547 	EXP 	Display Frame 0
356.5880 	EXP 	Display Frame 1
356.6213 	EXP 	Display Frame 2
356.6547 	EXP 	Display Frame 3
356.6880 	EXP 	Display Frame 4
356.7213 	EXP 	Display Frame 5
356.7547 	EXP 	Display Frame 6
356.7880 	EXP 	Display Frame 7
356.8214 	EXP 	Display Frame 8
356.8547 	EXP 	Display Frame 9
356.8880 	EXP 	Display Frame 0
356.9214 	EXP 	Display Frame 1
356.9547 	EXP 	Display Frame 2
356.9881 	EXP 	Display Frame 3
357.0213 	EXP 	Display Frame 4
357.0548 	EXP 	Display Frame 5
357.0880 	EXP 	Display Frame 6
357.1214 	EXP 	Display Frame 7
357.1547 	EXP 	Display Frame 8
357.1881 	EXP 	Display Frame 9
357.2213 	EXP 	Display Frame 0
357.2546 	EXP 	Display Frame 1
357.2881 	EXP 	Display Frame 2
357.3215 	EXP 	Display Frame 3
357.3547 	EXP 	Display Frame 4
357.3881 	EXP 	Display Frame 5
357.4213 	EXP 	Display Frame 6
357.4547 	EXP 	Display Frame 7
357.4880 	EXP 	Display Frame 8
357.5213 	EXP 	Display Frame 9
357.5547 	EXP 	Display Frame 0
357.5880 	EXP 	Display Frame 1
357.6213 	EXP 	Display Frame 2
357.6547 	EXP 	Display Frame 3
357.6880 	EXP 	Display Frame 4
357.7213 	EXP 	Display Frame 5
357.7547 	EXP 	Display Frame 6
357.7880 	EXP 	Display Frame 7
357.8215 	EXP 	Display Frame 8
357.8547 	EXP 	Display Frame 9
357.8880 	EXP 	Display Frame 0
357.9213 	EXP 	Display Frame 1
357.9547 	EXP 	Display Frame 2
357.9880 	EXP 	Display Frame 3
358.0215 	EXP 	Display Frame 4
358.0547 	EXP 	Display Frame 5
358.0880 	EXP 	Display Frame 6
358.1214 	EXP 	Display Frame 7
358.1547 	EXP 	Display Frame 8
358.1880 	EXP 	Display Frame 9
358.2214 	EXP 	Display Frame 0
358.2546 	EXP 	Display Frame 1
358.2882 	EXP 	Display Frame 2
358.3214 	EXP 	Display Frame 3
358.3548 	EXP 	Display Frame 4
358.3880 	EXP 	Display Frame 5
358.4213 	EXP 	Display Frame 6
358.4547 	EXP 	Display Frame 7
358.4881 	EXP 	Display Frame 8
358.5214 	EXP 	Display Frame 9
358.5547 	EXP 	Display Frame 0
358.5880 	EXP 	Display Frame 1
358.6213 	EXP 	Display Frame 2
358.6547 	EXP 	Display Frame 3
358.6880 	EXP 	Display Frame 4
358.7213 	EXP 	Display Frame 5
358.7547 	EXP 	Display Frame 6
358.7879 	EXP 	Display Frame 7
358.8211 	DATA 	Keypress: equal
358.8224 	EXP 	Display Frame 8
358.8547 	EXP 	Display Frame 9
358.8879 	EXP 	Display Frame 0
358.9226 	EXP 	Display Frame 1
358.9546 	EXP 	Display Frame 2
358.9881 	EXP 	Display Frame 3
359.0213 	EXP 	Display Frame 4
359.0548 	EXP 	Display Frame 5
359.0879 	EXP 	Display Frame 6
359.1214 	EXP 	Display Frame 7
359.1546 	EXP 	Display Frame 8
359.1879 	EXP 	Display Frame 9
359.2213 	EXP 	Display Frame 0
359.2546 	EXP 	Display Frame 1
359.2879 	EXP 	Display Frame 2
359.3214 	EXP 	Display Frame 3
359.3547 	EXP 	Display Frame 4
359.3880 	EXP 	Display Frame 5
359.4213 	EXP 	Display Frame 6
359.4547 	EXP 	Display Frame 7
359.4880 	EXP 	Display Frame 8
359.5216 	EXP 	Display Frame 9
359.5547 	EXP 	Display Frame 0
359.5880 	EXP 	Display Frame 1
359.6213 	EXP 	Display Frame 2
359.6546 	EXP 	Display Frame 3
359.6880 	EXP 	Display Frame 4
359.7212 	EXP 	Display Frame 5
359.7546 	EXP 	Display Frame 6
359.7879 	EXP 	Display Frame 7
359.8213 	EXP 	Display Frame 8
359.8546 	EXP 	Display Frame 9
359.8880 	EXP 	Display Frame 0
359.9213 	EXP 	Display Frame 1
359.9547 	EXP 	Display Frame 2
359.9880 	EXP 	Display Frame 3
360.0214 	EXP 	Display Frame 4
360.0547 	EXP 	Display Frame 5
360.0881 	EXP 	Display Frame 6
360.1213 	EXP 	Display Frame 7
360.1547 	EXP 	Display Frame 8
360.1879 	EXP 	Display Frame 9
360.2214 	EXP 	Display Frame 0
360.2545 	EXP 	Display Frame 1
360.2879 	EXP 	Display Frame 2
360.3213 	EXP 	Display Frame 3
360.3546 	EXP 	Display Frame 4
360.3879 	EXP 	Display Frame 5
360.4213 	EXP 	Display Frame 6
360.4546 	EXP 	Display Frame 7
360.4881 	EXP 	Display Frame 8
360.5213 	EXP 	Display Frame 9
360.5546 	EXP 	Display Frame 0
360.5879 	EXP 	Display Frame 1
360.6213 	EXP 	Display Frame 2
360.6548 	EXP 	Display Frame 3
360.6880 	EXP 	Display Frame 4
360.7214 	EXP 	Display Frame 5
360.7546 	EXP 	Display Frame 6
360.7879 	EXP 	Display Frame 7
360.8213 	EXP 	Display Frame 8
360.8546 	EXP 	Display Frame 9
360.8879 	EXP 	Display Frame 0
360.9213 	EXP 	Display Frame 1
360.9546 	EXP 	Display Frame 2
360.9881 	EXP 	Display Frame 3
361.0213 	EXP 	Display Frame 4
361.0548 	EXP 	Display Frame 5
361.0880 	EXP 	Display Frame 6
361.1213 	EXP 	Display Frame 7
361.1547 	EXP 	Display Frame 8
361.1881 	EXP 	Display Frame 9
361.2212 	EXP 	Display Frame 0
361.2546 	EXP 	Display Frame 1
361.2879 	EXP 	Display Frame 2
361.3214 	EXP 	Display Frame 3
361.3547 	EXP 	Display Frame 4
361.3889 	EXP 	Display Frame 5
361.4216 	EXP 	Display Frame 6
361.4549 	EXP 	Display Frame 7
361.4880 	EXP 	Display Frame 8
361.5213 	EXP 	Display Frame 9
361.5546 	EXP 	Display Frame 0
361.5880 	EXP 	Display Frame 1
361.6213 	EXP 	Display Frame 2
361.6546 	EXP 	Display Frame 3
361.6879 	EXP 	Display Frame 4
361.7213 	EXP 	Display Frame 5
361.7548 	EXP 	Display Frame 6
361.7880 	EXP 	Display Frame 7
361.8213 	EXP 	Display Frame 8
361.8546 	EXP 	Display Frame 9
361.8881 	EXP 	Display Frame 0
361.9213 	EXP 	Display Frame 1
361.9546 	EXP 	Display Frame 2
361.9880 	EXP 	Display Frame 3
362.0214 	EXP 	Display Frame 4
362.0547 	EXP 	Display Frame 5
362.0880 	EXP 	Display Frame 6
362.1213 	EXP 	Display Frame 7
362.1547 	EXP 	Display Frame 8
362.1879 	EXP 	Display Frame 9
362.2214 	EXP 	Display Frame 0
362.2545 	EXP 	Display Frame 1
362.2881 	EXP 	Display Frame 2
362.3213 	EXP 	Display Frame 3
362.3546 	EXP 	Display Frame 4
362.3879 	EXP 	Display Frame 5
362.4213 	EXP 	Display Frame 6
362.4546 	EXP 	Display Frame 7
362.4879 	EXP 	Display Frame 8
362.5213 	EXP 	Display Frame 9
362.5546 	EXP 	Display Frame 0
362.5879 	EXP 	Display Frame 1
362.6213 	EXP 	Display Frame 2
362.6546 	EXP 	Display Frame 3
362.6880 	EXP 	Display Frame 4
362.7212 	EXP 	Display Frame 5
362.7548 	EXP 	Display Frame 6
362.7880 	EXP 	Display Frame 7
362.8213 	EXP 	Display Frame 8
362.8547 	EXP 	Display Frame 9
362.8879 	EXP 	Display Frame 0
362.9213 	EXP 	Display Frame 1
362.9546 	EXP 	Display Frame 2
362.9879 	EXP 	Display Frame 3
363.0213 	EXP 	Display Frame 4
363.0546 	EXP 	Display Frame 5
363.0879 	EXP 	Display Frame 6
363.1214 	EXP 	Display Frame 7
363.1546 	EXP 	Display Frame 8
363.1879 	EXP 	Display Frame 9
363.2213 	EXP 	Display Frame 0
363.2545 	EXP 	Display Frame 1
363.2880 	EXP 	Display Frame 2
363.3213 	EXP 	Display Frame 3
363.3546 	EXP 	Display Frame 4
363.3879 	EXP 	Display Frame 5
363.4213 	EXP 	Display Frame 6
363.4546 	EXP 	Display Frame 7
363.4879 	EXP 	Display Frame 8
363.5212 	EXP 	Display Frame 9
363.5546 	EXP 	Display Frame 0
363.5879 	EXP 	Display Frame 1
363.6213 	EXP 	Display Frame 2
363.6547 	EXP 	Display Frame 3
363.6879 	EXP 	Display Frame 4
363.7213 	EXP 	Display Frame 5
363.7546 	EXP 	Display Frame 6
363.7879 	EXP 	Display Frame 7
363.8213 	EXP 	Display Frame 8
363.8548 	EXP 	Display Frame 9
363.8880 	EXP 	Display Frame 0
363.9213 	EXP 	Display Frame 1
363.9546 	EXP 	Display Frame 2
363.9880 	EXP 	Display Frame 3
364.0212 	DATA 	Keypress: equal
364.0243 	EXP 	Display Frame 4
364.0546 	EXP 	Display Frame 5
364.0880 	EXP 	Display Frame 6
364.1213 	EXP 	Display Frame 7
364.1546 	EXP 	Display Frame 8
364.1879 	EXP 	Display Frame 9
364.2214 	EXP 	Display Frame 0
364.2545 	EXP 	Display Frame 1
364.2879 	EXP 	Display Frame 2
364.3213 	EXP 	Display Frame 3
364.3546 	EXP 	Display Frame 4
364.3879 	EXP 	Display Frame 5
364.4214 	EXP 	Display Frame 6
364.4546 	EXP 	Display Frame 7
364.4879 	EXP 	Display Frame 8
364.5213 	EXP 	Display Frame 9
364.5546 	EXP 	Display Frame 0
364.5879 	EXP 	Display Frame 1
364.6214 	EXP 	Display Frame 2
364.6546 	EXP 	Display Frame 3
364.6881 	EXP 	Display Frame 4
364.7212 	EXP 	Display Frame 5
364.7546 	EXP 	Display Frame 6
364.7879 	EXP 	Display Frame 7
364.8213 	EXP 	Display Frame 8
364.8546 	EXP 	Display Frame 9
364.8879 	EXP 	Display Frame 0
364.9213 	EXP 	Display Frame 1
364.9546 	EXP 	Display Frame 2
364.9880 	EXP 	Display Frame 3
365.0213 	EXP 	Display Frame 4
365.0548 	EXP 	Display Frame 5
365.0879 	EXP 	Display Frame 6
365.1213 	EXP 	Display Frame 7
365.1547 	EXP 	Display Frame 8
365.1881 	EXP 	Display Frame 9
365.2214 	EXP 	Display Frame 0
365.2547 	EXP 	Display Frame 1
365.2880 	EXP 	Display Frame 2
365.3213 	EXP 	Display Frame 3
365.3547 	EXP 	Display Frame 4
365.3880 	EXP 	Display Frame 5
365.4213 	EXP 	Display Frame 6
365.4547 	EXP 	Display Frame 7
365.4880 	EXP 	Display Frame 8
365.5214 	EXP 	Display Frame 9
365.5547 	EXP 	Display Frame 0
365.5881 	EXP 	Display Frame 1
365.6213 	EXP 	Display Frame 2
365.6547 	EXP 	Display Frame 3
365.6880 	EXP 	Display Frame 4
365.7213 	EXP 	Display Frame 5
365.7547 	EXP 	Display Frame 6
365.7880 	EXP 	Display Frame 7
365.8213 	EXP 	Display Frame 8
365.8547 	EXP 	Display Frame 9
365.8880 	EXP 	Display Frame 0
365.9213 	EXP 	Display Frame 1
365.9547 	EXP 	Display Frame 2
365.9881 	EXP 	Display Frame 3
366.0214 	EXP 	Display Frame 4
366.0547 	EXP 	Display Frame 5
366.0881 	EXP 	Display Frame 6
366.1213 	EXP 	Display Frame 7
366.1547 	EXP 	Display Frame 8
366.1880 	EXP 	Display Frame 9
366.2213 	EXP 	Display Frame 0
366.2546 	EXP 	Display Frame 1
366.2881 	EXP 	Display Frame 2
366.3213 	EXP 	Display Frame 3
366.3547 	EXP 	Display Frame 4
366.3880 	EXP 	Display Frame 5
366.4218 	EXP 	Display Frame 6
366.4547 	EXP 	Display Frame 7
366.4880 	EXP 	Display Frame 8
366.5214 	EXP 	Display Frame 9
366.5547 	EXP 	Display Frame 0
366.5880 	EXP 	Display Frame 1
366.6213 	EXP 	Display Frame 2
366.6546 	EXP 	Display Frame 3
366.6880 	EXP 	Display Frame 4
366.7213 	EXP 	Display Frame 5
366.7547 	EXP 	Display Frame 6
366.7880 	EXP 	Display Frame 7
366.8214 	EXP 	Display Frame 8
366.8547 	EXP 	Display Frame 9
366.8881 	EXP 	Display Frame 0
366.9213 	EXP 	Display Frame 1
366.9548 	EXP 	Display Frame 2
366.9881 	EXP 	Display Frame 3
367.0214 	EXP 	Display Frame 4
367.0547 	EXP 	Display Frame 5
367.0880 	EXP 	Display Frame 6
367.1213 	EXP 	Display Frame 7
367.1547 	EXP 	Display Frame 8
367.1880 	EXP 	Display Frame 9
367.2213 	EXP 	Display Frame 0
367.2546 	EXP 	Display Frame 1
367.2880 	EXP 	Display Frame 2
367.3213 	EXP 	Display Frame 3
367.3546 	EXP 	Display Frame 4
367.3881 	EXP 	Display Frame 5
367.4214 	EXP 	Display Frame 6
367.4547 	EXP 	Display Frame 7
367.4881 	EXP 	Display Frame 8
367.5214 	EXP 	Display Frame 9
367.5547 	EXP 	Display Frame 0
367.5882 	EXP 	Display Frame 1
367.6214 	EXP 	Display Frame 2
367.6548 	EXP 	Display Frame 3
367.6880 	EXP 	Display Frame 4
367.7214 	EXP 	Display Frame 5
367.7547 	EXP 	Display Frame 6
367.7880 	EXP 	Display Frame 7
367.8214 	EXP 	Display Frame 8
367.8548 	EXP 	Display Frame 9
367.8880 	EXP 	Display Frame 0
367.9214 	EXP 	Display Frame 1
367.9547 	EXP 	Display Frame 2
367.9881 	EXP 	Display Frame 3
368.0213 	EXP 	Display Frame 4
368.0547 	EXP 	Display Frame 5
368.0880 	EXP 	Display Frame 6
368.1214 	EXP 	Display Frame 7
368.1547 	EXP 	Display Frame 8
368.1881 	EXP 	Display Frame 9
368.2213 	EXP 	Display Frame 0
368.2546 	EXP 	Display Frame 1
368.2880 	EXP 	Display Frame 2
368.3213 	EXP 	Display Frame 3
368.3547 	EXP 	Display Frame 4
368.3881 	EXP 	Display Frame 5
368.4214 	EXP 	Display Frame 6
368.4547 	EXP 	Display Frame 7
368.4880 	EXP 	Display Frame 8
368.5214 	EXP 	Display Frame 9
368.5548 	EXP 	Display Frame 0
368.5880 	EXP 	Display Frame 1
368.6214 	EXP 	Display Frame 2
368.6547 	EXP 	Display Frame 3
368.6880 	EXP 	Display Frame 4
368.7214 	EXP 	Display Frame 5
368.7547 	EXP 	Display Frame 6
368.7880 	EXP 	Display Frame 7
368.8215 	EXP 	Display Frame 8
368.8547 	EXP 	Display Frame 9
368.8881 	EXP 	Display Frame 0
368.9214 	EXP 	Display Frame 1
368.9547 	EXP 	Display Frame 2
368.9881 	EXP 	Display Frame 3
369.0214 	EXP 	Display Frame 4
369.0547 	EXP 	Display Frame 5
369.0881 	EXP 	Display Frame 6
369.1213 	EXP 	Display Frame 7
369.1548 	EXP 	Display Frame 8
369.1879 	DATA 	Keypress: equal
369.1894 	EXP 	Display Frame 9
369.2213 	EXP 	Display Frame 0
369.2547 	EXP 	Display Frame 1
369.2880 	EXP 	Display Frame 2
369.3214 	EXP 	Display Frame 3
369.3547 	EXP 	Display Frame 4
369.3882 	EXP 	Display Frame 5
369.4216 	EXP 	Display Frame 6
369.4547 	EXP 	Display Frame 7
369.4879 	EXP 	Display Frame 8
369.5213 	EXP 	Display Frame 9
369.5547 	EXP 	Display Frame 0
369.5880 	EXP 	Display Frame 1
369.6213 	EXP 	Display Frame 2
369.6547 	EXP 	Display Frame 3
369.6880 	EXP 	Display Frame 4
369.7214 	EXP 	Display Frame 5
369.7547 	EXP 	Display Frame 6
369.7880 	EXP 	Display Frame 7
369.8213 	EXP 	Display Frame 8
369.8547 	EXP 	Display Frame 9
369.8880 	EXP 	Display Frame 0
369.9214 	EXP 	Display Frame 1
369.9547 	EXP 	Display Frame 2
369.9881 	EXP 	Display Frame 3
370.0213 	EXP 	Display Frame 4
370.0547 	EXP 	Display Frame 5
370.0880 	EXP 	Display Frame 6
370.1214 	EXP 	Display Frame 7
370.1547 	EXP 	Display Frame 8
370.1881 	EXP 	Display Frame 9
370.2214 	EXP 	Display Frame 0
370.2546 	EXP 	Display Frame 1
370.2880 	EXP 	Display Frame 2
370.3213 	EXP 	Display Frame 3
370.3547 	EXP 	Display Frame 4
370.3880 	EXP 	Display Frame 5
370.4213 	EXP 	Display Frame 6
370.4547 	EXP 	Display Frame 7
370.4880 	EXP 	Display Frame 8
370.5213 	EXP 	Display Frame 9
370.5548 	EXP 	Display Frame 0
370.5880 	EXP 	Display Frame 1
370.6214 	EXP 	Display Frame 2
370.6547 	EXP 	Display Frame 3
370.6880 	EXP 	Display Frame 4
370.7214 	EXP 	Display Frame 5
370.7548 	EXP 	Display Frame 6
370.7880 	EXP 	Display Frame 7
370.8215 	EXP 	Display Frame 8
370.8547 	EXP 	Display Frame 9
370.8880 	EXP 	Display Frame 0
370.9214 	EXP 	Display Frame 1
370.9547 	EXP 	Display Frame 2
370.9880 	EXP 	Display Frame 3
371.0214 	EXP 	Display Frame 4
371.0547 	EXP 	Display Frame 5
371.0881 	EXP 	Display Frame 6
371.1213 	EXP 	Display Frame 7
371.1548 	EXP 	Display Frame 8
371.1880 	EXP 	Display Frame 9
371.2214 	EXP 	Display Frame 0
371.2546 	EXP 	Display Frame 1
371.2881 	EXP 	Display Frame 2
371.3214 	EXP 	Display Frame 3
371.3547 	EXP 	Display Frame 4
371.3881 	EXP 	Display Frame 5
371.4213 	EXP 	Display Frame 6
371.4547 	EXP 	Display Frame 7
371.4880 	EXP 	Display Frame 8
371.5213 	EXP 	Display Frame 9
371.5547 	EXP 	Display Frame 0
371.5881 	EXP 	Display Frame 1
371.6214 	EXP 	Display Frame 2
371.6547 	EXP 	Display Frame 3
371.6879 	EXP 	Display Frame 4
371.7213 	EXP 	Display Frame 5
371.7546 	EXP 	Display Frame 6
371.7881 	EXP 	Display Frame 7
371.8213 	EXP 	Display Frame 8
371.8549 	EXP 	Display Frame 9
371.8880 	EXP 	Display Frame 0
371.9214 	EXP 	Display Frame 1
371.9547 	EXP 	Display Frame 2
371.9880 	EXP 	Display Frame 3
372.0214 	EXP 	Display Frame 4
372.0548 	EXP 	Display Frame 5
372.0880 	EXP 	Display Frame 6
372.1214 	EXP 	Display Frame 7
372.1547 	EXP 	Display Frame 8
372.1880 	EXP 	Display Frame 9
372.2214 	EXP 	Display Frame 0
372.2546 	EXP 	Display Frame 1
372.2880 	EXP 	Display Frame 2
372.3214 	EXP 	Display Frame 3
372.3547 	EXP 	Display Frame 4
372.3881 	EXP 	Display Frame 5
372.4213 	EXP 	Display Frame 6
372.4547 	EXP 	Display Frame 7
372.4880 	EXP 	Display Frame 8
372.5214 	EXP 	Display Frame 9
372.5547 	EXP 	Display Frame 0
372.5880 	EXP 	Display Frame 1
372.6214 	EXP 	Display Frame 2
372.6547 	EXP 	Display Frame 3
372.6880 	EXP 	Display Frame 4
372.7213 	EXP 	Display Frame 5
372.7547 	EXP 	Display Frame 6
372.7881 	EXP 	Display Frame 7
372.8214 	EXP 	Display Frame 8
372.8547 	EXP 	Display Frame 9
372.8880 	EXP 	Display Frame 0
372.9214 	EXP 	Display Frame 1
372.9548 	EXP 	Display Frame 2
372.9880 	EXP 	Display Frame 3
373.0214 	EXP 	Display Frame 4
373.0547 	EXP 	Display Frame 5
373.0881 	EXP 	Display Frame 6
373.1214 	EXP 	Display Frame 7
373.1548 	EXP 	Display Frame 8
373.1880 	EXP 	Display Frame 9
373.2214 	EXP 	Display Frame 0
373.2546 	EXP 	Display Frame 1
373.2881 	EXP 	Display Frame 2
373.3214 	EXP 	Display Frame 3
373.3548 	EXP 	Display Frame 4
373.3880 	EXP 	Display Frame 5
373.4214 	EXP 	Display Frame 6
373.4547 	EXP 	Display Frame 7
373.4880 	EXP 	Display Frame 8
373.5214 	EXP 	Display Frame 9
373.5547 	EXP 	Display Frame 0
373.5881 	EXP 	Display Frame 1
373.6214 	EXP 	Display Frame 2
373.6547 	EXP 	Display Frame 3
373.6880 	EXP 	Display Frame 4
373.7215 	EXP 	Display Frame 5
373.7547 	EXP 	Display Frame 6
373.7881 	EXP 	Display Frame 7
373.8214 	EXP 	Display Frame 8
373.8547 	EXP 	Display Frame 9
373.8880 	EXP 	Display Frame 0
373.9214 	EXP 	Display Frame 1
373.9547 	EXP 	Display Frame 2
373.9881 	EXP 	Display Frame 3
374.0214 	EXP 	Display Frame 4
374.0547 	EXP 	Display Frame 5
374.0880 	EXP 	Display Frame 6
374.1214 	EXP 	Display Frame 7
374.1547 	EXP 	Display Frame 8
374.1880 	EXP 	Display Frame 9
374.2214 	EXP 	Display Frame 0
374.2546 	EXP 	Display Frame 1
374.2880 	EXP 	Display Frame 2
374.3214 	EXP 	Display Frame 3
374.3547 	EXP 	Display Frame 4
374.3879 	DATA 	Keypress: equal
374.3895 	EXP 	Display Frame 5
374.4011 	EXP 	Display Fixation
379.5748 	DATA 	Keypress: equal
384.7690 	DATA 	Keypress: equal
389.9618 	DATA 	Keypress: equal
395.1560 	DATA 	Keypress: equal
400.3496 	DATA 	Keypress: equal
405.5430 	DATA 	Keypress: equal
405.5851 	EXP 	Display Frame 1
405.6115 	EXP 	Display Frame 2
405.6447 	EXP 	Display Frame 3
405.6781 	EXP 	Display Frame 4
405.7114 	EXP 	Display Frame 5
405.7447 	EXP 	Display Frame 6
405.7780 	EXP 	Display Frame 7
405.8113 	EXP 	Display Frame 8
405.8447 	EXP 	Display Frame 9
405.8780 	EXP 	Display Frame 0
405.9114 	EXP 	Display Frame 1
405.9446 	EXP 	Display Frame 2
405.9780 	EXP 	Display Frame 3
406.0113 	EXP 	Display Frame 4
406.0446 	EXP 	Display Frame 5
406.0780 	EXP 	Display Frame 6
406.1116 	EXP 	Display Frame 7
406.1446 	EXP 	Display Frame 8
406.1779 	EXP 	Display Frame 9
406.2113 	EXP 	Display Frame 0
406.2446 	EXP 	Display Frame 1
406.2779 	EXP 	Display Frame 2
406.3113 	EXP 	Display Frame 3
406.3446 	EXP 	Display Frame 4
406.3780 	EXP 	Display Frame 5
406.4113 	EXP 	Display Frame 6
406.4446 	EXP 	Display Frame 7
406.4780 	EXP 	Display Frame 8
406.5113 	EXP 	Display Frame 9
406.5446 	EXP 	Display Frame 0
406.5780 	EXP 	Display Frame 1
406.6113 	EXP 	Display Frame 2
406.6446 	EXP 	Display Frame 3
406.6781 	EXP 	Display Frame 4
406.7113 	EXP 	Display Frame 5
406.7447 	EXP 	Display Frame 6
406.7780 	EXP 	Display Frame 7
406.8114 	EXP 	Display Frame 8
406.8446 	EXP 	Display Frame 9
406.8779 	EXP 	Display Frame 0
406.9112 	EXP 	Display Frame 1
406.9446 	EXP 	Display Frame 2
406.9779 	EXP 	Display Frame 3
407.0114 	EXP 	Display Frame 4
407.0446 	EXP 	Display Frame 5
407.0779 	EXP 	Display Frame 6
407.1114 	EXP 	Display Frame 7
407.1446 	EXP 	Display Frame 8
407.1780 	EXP 	Display Frame 9
407.2114 	EXP 	Display Frame 0
407.2446 	EXP 	Display Frame 1
407.2781 	EXP 	Display Frame 2
407.3112 	EXP 	Display Frame 3
407.3446 	EXP 	Display Frame 4
407.3779 	EXP 	Display Frame 5
407.4113 	EXP 	Display Frame 6
407.4446 	EXP 	Display Frame 7
407.4780 	EXP 	Display Frame 8
407.5113 	EXP 	Display Frame 9
407.5446 	EXP 	Display Frame 0
407.5780 	EXP 	Display Frame 1
407.6113 	EXP 	Display Frame 2
407.6446 	EXP 	Display Frame 3
407.6780 	EXP 	Display Frame 4
407.7114 	EXP 	Display Frame 5
407.7446 	EXP 	Display Frame 6
407.7779 	EXP 	Display Frame 7
407.8112 	EXP 	Display Frame 8
407.8447 	EXP 	Display Frame 9
407.8779 	EXP 	Display Frame 0
407.9113 	EXP 	Display Frame 1
407.9460 	EXP 	Display Frame 2
407.9783 	EXP 	Display Frame 3
408.0113 	EXP 	Display Frame 4
408.0447 	EXP 	Display Frame 5
408.0780 	EXP 	Display Frame 6
408.1113 	EXP 	Display Frame 7
408.1446 	EXP 	Display Frame 8
408.1781 	EXP 	Display Frame 9
408.2113 	EXP 	Display Frame 0
408.2449 	EXP 	Display Frame 1
408.2779 	EXP 	Display Frame 2
408.3113 	EXP 	Display Frame 3
408.3446 	EXP 	Display Frame 4
408.3779 	EXP 	Display Frame 5
408.4113 	EXP 	Display Frame 6
408.4446 	EXP 	Display Frame 7
408.4779 	EXP 	Display Frame 8
408.5113 	EXP 	Display Frame 9
408.5446 	EXP 	Display Frame 0
408.5780 	EXP 	Display Frame 1
408.6113 	EXP 	Display Frame 2
408.6446 	EXP 	Display Frame 3
408.6780 	EXP 	Display Frame 4
408.7113 	EXP 	Display Frame 5
408.7446 	EXP 	Display Frame 6
408.7780 	EXP 	Display Frame 7
408.8114 	EXP 	Display Frame 8
408.8446 	EXP 	Display Frame 9
408.8780 	EXP 	Display Frame 0
408.9113 	EXP 	Display Frame 1
408.9447 	EXP 	Display Frame 2
408.9780 	EXP 	Display Frame 3
409.0114 	EXP 	Display Frame 4
409.0446 	EXP 	Display Frame 5
409.0779 	EXP 	Display Frame 6
409.1113 	EXP 	Display Frame 7
409.1448 	EXP 	Display Frame 8
409.1779 	EXP 	Display Frame 9
409.2114 	EXP 	Display Frame 0
409.2446 	EXP 	Display Frame 1
409.2781 	EXP 	Display Frame 2
409.3115 	EXP 	Display Frame 3
409.3446 	EXP 	Display Frame 4
409.3780 	EXP 	Display Frame 5
409.4113 	EXP 	Display Frame 6
409.4447 	EXP 	Display Frame 7
409.4780 	EXP 	Display Frame 8
409.5114 	EXP 	Display Frame 9
409.5448 	EXP 	Display Frame 0
409.5780 	EXP 	Display Frame 1
409.6113 	EXP 	Display Frame 2
409.6447 	EXP 	Display Frame 3
409.6780 	EXP 	Display Frame 4
409.7112 	EXP 	Display Frame 5
409.7448 	EXP 	Display Frame 6
409.7780 	EXP 	Display Frame 7
409.8113 	EXP 	Display Frame 8
409.8447 	EXP 	Display Frame 9
409.8780 	EXP 	Display Frame 0
409.9113 	EXP 	Display Frame 1
409.9447 	EXP 	Display Frame 2
409.9780 	EXP 	Display Frame 3
410.0114 	EXP 	Display Frame 4
410.0447 	EXP 	Display Frame 5
410.0780 	EXP 	Display Frame 6
410.1114 	EXP 	Display Frame 7
410.1447 	EXP 	Display Frame 8
410.1780 	EXP 	Display Frame 9
410.2113 	EXP 	Display Frame 0
410.2448 	EXP 	Display Frame 1
410.2780 	EXP 	Display Frame 2
410.3114 	EXP 	Display Frame 3
410.3447 	EXP 	Display Frame 4
410.3781 	EXP 	Display Frame 5
410.4113 	EXP 	Display Frame 6
410.4448 	EXP 	Display Frame 7
410.4780 	EXP 	Display Frame 8
410.5125 	EXP 	Display Frame 9
410.5447 	EXP 	Display Frame 0
410.5779 	EXP 	Display Frame 1
410.6113 	EXP 	Display Frame 2
410.6448 	EXP 	Display Frame 3
410.6780 	EXP 	Display Frame 4
410.7114 	EXP 	Display Frame 5
410.7444 	DATA 	Keypress: equal
410.7459 	EXP 	Display Frame 6
410.7779 	EXP 	Display Frame 7
410.8113 	EXP 	Display Frame 8
410.8446 	EXP 	Display Frame 9
410.8780 	EXP 	Display Frame 0
410.9113 	EXP 	Display Frame 1
410.9447 	EXP 	Display Frame 2
410.9779 	EXP 	Display Frame 3
411.0113 	EXP 	Display Frame 4
411.0446 	EXP 	Display Frame 5
411.0779 	EXP 	Display Frame 6
411.1112 	EXP 	Display Frame 7
411.1446 	EXP 	Display Frame 8
411.1779 	EXP 	Display Frame 9
411.2112 	EXP 	Display Frame 0
411.2449 	EXP 	Display Frame 1
411.2780 	EXP 	Display Frame 2
411.3113 	EXP 	Display Frame 3
411.3446 	EXP 	Display Frame 4
411.3779 	EXP 	Display Frame 5
411.4113 	EXP 	Display Frame 6
411.4446 	EXP 	Display Frame 7
411.4780 	EXP 	Display Frame 8
411.5113 	EXP 	Display Frame 9
411.5447 	EXP 	Display Frame 0
411.5779 	EXP 	Display Frame 1
411.6115 	EXP 	Display Frame 2
411.6446 	EXP 	Display Frame 3
411.6780 	EXP 	Display Frame 4
411.7113 	EXP 	Display Frame 5
411.7447 	EXP 	Display Frame 6
411.7779 	EXP 	Display Frame 7
411.8113 	EXP 	Display Frame 8
411.8446 	EXP 	Display Frame 9
411.8780 	EXP 	Display Frame 0
411.9114 	EXP 	Display Frame 1
411.9446 	EXP 	Display Frame 2
411.9780 	EXP 	Display Frame 3
412.0114 	EXP 	Display Frame 4
412.0447 	EXP 	Display Frame 5
412.0780 	EXP 	Display Frame 6
412.1113 	EXP 	Display Frame 7
412.1446 	EXP 	Display Frame 8
412.1780 	EXP 	Display Frame 9
412.2113 	EXP 	Display Frame 0
412.2446 	EXP 	Display Frame 1
412.2779 	EXP 	Display Frame 2
412.3113 	EXP 	Display Frame 3
412.3446 	EXP 	Display Frame 4
412.3780 	EXP 	Display Frame 5
412.4112 	EXP 	Display Frame 6
412.4446 	EXP 	Display Frame 7
412.4779 	EXP 	Display Frame 8
412.5113 	EXP 	Display Frame 9
412.5446 	EXP 	Display Frame 0
412.5779 	EXP 	Display Frame 1
412.6112 	EXP 	Display Frame 2
412.6446 	EXP 	Display Frame 3
412.6779 	EXP 	Display Frame 4
412.7113 	EXP 	Display Frame 5
412.7447 	EXP 	Display Frame 6
412.7779 	EXP 	Display Frame 7
412.8112 	EXP 	Display Frame 8
412.8447 	EXP 	Display Frame 9
412.8779 	EXP 	Display Frame 0
412.9113 	EXP 	Display Frame 1
412.9446 	EXP 	Display Frame 2
412.9784 	EXP 	Display Frame 3
413.0114 	EXP 	Display Frame 4
413.0446 	EXP 	Display Frame 5
413.0779 	EXP 	Display Frame 6
413.1113 	EXP 	Display Frame 7
413.1445 	EXP 	Display Frame 8
413.1779 	EXP 	Display Frame 9
413.2113 	EXP 	Display Frame 0
413.2446 	EXP 	Display Frame 1
413.2780 	EXP 	Display Frame 2
413.3112 	EXP 	Display Frame 3
413.3446 	EXP 	Display Frame 4
413.3779 	EXP 	Display Frame 5
413.4115 	EXP 	Display Frame 6
413.4446 	EXP 	Display Frame 7
413.4779 	EXP 	Display Frame 8
413.5113 	EXP 	Display Frame 9
413.5447 	EXP 	Display Frame 0
413.5779 	EXP 	Display Frame 1
413.6113 	EXP 	Display Frame 2
413.6446 	EXP 	Display Frame 3
413.6780 	EXP 	Display Frame 4
413.7115 	EXP 	Display Frame 5
413.7446 	EXP 	Display Frame 6
413.7780 	EXP 	Display Frame 7
413.8113 	EXP 	Display Frame 8
413.8447 	EXP 	Display Frame 9
413.8780 	EXP 	Display Frame 0
413.9113 	EXP 	Display Frame 1
413.9448 	EXP 	Display Frame 2
413.9780 	EXP 	Display Frame 3
414.0113 	EXP 	Display Frame 4
414.0447 	EXP 	Display Frame 5
414.0780 	EXP 	Display Frame 6
414.1113 	EXP 	Display Frame 7
414.1446 	EXP 	Display Frame 8
414.1780 	EXP 	Display Frame 9
414.2114 	EXP 	Display Frame 0
414.2447 	EXP 	Display Frame 1
414.2780 	EXP 	Display Frame 2
414.3113 	EXP 	Display Frame 3
414.3447 	EXP 	Display Frame 4
414.3780 	EXP 	Display Frame 5
414.4113 	EXP 	Display Frame 6
414.4446 	EXP 	Display Frame 7
414.4780 	EXP 	Display Frame 8
414.5113 	EXP 	Display Frame 9
414.5447 	EXP 	Display Frame 0
414.5781 	EXP 	Display Frame 1
414.6113 	EXP 	Display Frame 2
414.6446 	EXP 	Display Frame 3
414.6780 	EXP 	Display Frame 4
414.7113 	EXP 	Display Frame 5
414.7447 	EXP 	Display Frame 6
414.7781 	EXP 	Display Frame 7
414.8113 	EXP 	Display Frame 8
414.8447 	EXP 	Display Frame 9
414.8780 	EXP 	Display Frame 0
414.9117 	EXP 	Display Frame 1
414.9447 	EXP 	Display Frame 2
414.9780 	EXP 	Display Frame 3
415.0114 	EXP 	Display Frame 4
415.0447 	EXP 	Display Frame 5
415.0780 	EXP 	Display Frame 6
415.1113 	EXP 	Display Frame 7
415.1447 	EXP 	Display Frame 8
415.1779 	EXP 	Display Frame 9
415.2114 	EXP 	Display Frame 0
415.2447 	EXP 	Display Frame 1
415.2780 	EXP 	Display Frame 2
415.3114 	EXP 	Display Frame 3
415.3447 	EXP 	Display Frame 4
415.3780 	EXP 	Display Frame 5
415.4115 	EXP 	Display Frame 6
415.4446 	EXP 	Display Frame 7
415.4781 	EXP 	Display Frame 8
415.5114 	EXP 	Display Frame 9
415.5447 	EXP 	Display Frame 0
415.5780 	EXP 	Display Frame 1
415.6114 	EXP 	Display Frame 2
415.6446 	EXP 	Display Frame 3
415.6781 	EXP 	Display Frame 4
415.7114 	EXP 	Display Frame 5
415.7447 	EXP 	Display Frame 6
415.7781 	EXP 	Display Frame 7
415.8114 	EXP 	Display Frame 8
415.8447 	EXP 	Display Frame 9
415.8780 	EXP 	Display Frame 0
415.9114 	EXP 	Display Frame 1
415.9445 	DATA 	Keypress: equal
415.9460 	EXP 	Display Frame 2
415.9780 	EXP 	Display Frame 3
416.0113 	EXP 	Display Frame 4
416.0446 	EXP 	Display Frame 5
416.0780 	EXP 	Display Frame 6
416.1113 	EXP 	Display Frame 7
416.1446 	EXP 	Display Frame 8
416.1780 	EXP 	Display Frame 9
416.2113 	EXP 	Display Frame 0
416.2446 	EXP 	Display Frame 1
416.2779 	EXP 	Display Frame 2
416.3113 	EXP 	Display Frame 3
416.3446 	EXP 	Display Frame 4
416.3780 	EXP 	Display Frame 5
416.4113 	EXP 	Display Frame 6
416.4447 	EXP 	Display Frame 7
416.4779 	EXP 	Display Frame 8
416.5114 	EXP 	Display Frame 9
416.5446 	EXP 	Display Frame 0
416.5781 	EXP 	Display Frame 1
416.6113 	EXP 	Display Frame 2
416.6446 	EXP 	Display Frame 3
416.6779 	EXP 	Display Frame 4
416.7112 	EXP 	Display Frame 5
416.7447 	EXP 	Display Frame 6
416.7779 	EXP 	Display Frame 7
416.8113 	EXP 	Display Frame 8
416.8446 	EXP 	Display Frame 9
416.8779 	EXP 	Display Frame 0
416.9113 	EXP 	Display Frame 1
416.9459 	EXP 	Display Frame 2
416.9780 	EXP 	Display Frame 3
417.0113 	EXP 	Display Frame 4
417.0446 	EXP 	Display Frame 5
417.0780 	EXP 	Display Frame 6
417.1112 	EXP 	Display Frame 7
417.1446 	EXP 	Display Frame 8
417.1780 	EXP 	Display Frame 9
417.2112 	EXP 	Display Frame 0
417.2446 	EXP 	Display Frame 1
417.2781 	EXP 	Display Frame 2
417.3112 	EXP 	Display Frame 3
417.3447 	EXP 	Display Frame 4
417.3779 	EXP 	Display Frame 5
417.4113 	EXP 	Display Frame 6
417.4447 	EXP 	Display Frame 7
417.4779 	EXP 	Display Frame 8
417.5113 	EXP 	Display Frame 9
417.5446 	EXP 	Display Frame 0
417.5780 	EXP 	Display Frame 1
417.6113 	EXP 	Display Frame 2
417.6446 	EXP 	Display Frame 3
417.6780 	EXP 	Display Frame 4
417.7113 	EXP 	Display Frame 5
417.7446 	EXP 	Display Frame 6
417.7779 	EXP 	Display Frame 7
417.8113 	EXP 	Display Frame 8
417.8446 	EXP 	Display Frame 9
417.8781 	EXP 	Display Frame 0
417.9113 	EXP 	Display Frame 1
417.9446 	EXP 	Display Frame 2
417.9779 	EXP 	Display Frame 3
418.0112 	EXP 	Display Frame 4
418.0447 	EXP 	Display Frame 5
418.0779 	EXP 	Display Frame 6
418.1113 	EXP 	Display Frame 7
418.1446 	EXP 	Display Frame 8
418.1779 	EXP 	Display Frame 9
418.2113 	EXP 	Display Frame 0
418.2446 	EXP 	Display Frame 1
418.2779 	EXP 	Display Frame 2
418.3113 	EXP 	Display Frame 3
418.3447 	EXP 	Display Frame 4
418.3779 	EXP 	Display Frame 5
418.4114 	EXP 	Display Frame 6
418.4446 	EXP 	Display Frame 7
418.4780 	EXP 	Display Frame 8
418.5113 	EXP 	Display Frame 9
418.5447 	EXP 	Display Frame 0
418.5780 	EXP 	Display Frame 1
418.6113 	EXP 	Display Frame 2
418.6447 	EXP 	Display Frame 3
418.6780 	EXP 	Display Frame 4
418.7114 	EXP 	Display Frame 5
418.7446 	EXP 	Display Frame 6
418.7781 	EXP 	Display Frame 7
418.8113 	EXP 	Display Frame 8
418.8447 	EXP 	Display Frame 9
418.8780 	EXP 	Display Frame 0
418.9113 	EXP 	Display Frame 1
418.9446 	EXP 	Display Frame 2
418.9781 	EXP 	Display Frame 3
419.0113 	EXP 	Display Frame 4
419.0447 	EXP 	Display Frame 5
419.0780 	EXP 	Display Frame 6
419.1114 	EXP 	Display Frame 7
419.1447 	EXP 	Display Frame 8
419.1780 	EXP 	Display Frame 9
419.2113 	EXP 	Display Frame 0
419.2447 	EXP 	Display Frame 1
419.2780 	EXP 	Display Frame 2
419.3113 	EXP 	Display Frame 3
419.3447 	EXP 	Display Frame 4
419.3780 	EXP 	Display Frame 5
419.4113 	EXP 	Display Frame 6
419.4447 	EXP 	Display Frame 7
419.4780 	EXP 	Display Frame 8
419.5113 	EXP 	Display Frame 9
419.5447 	EXP 	Display Frame 0
419.5780 	EXP 	Display Frame 1
419.6113 	EXP 	Display Frame 2
419.6447 	EXP 	Display Frame 3
419.6780 	EXP 	Display Frame 4
419.7114 	EXP 	Display Frame 5
419.7447 	EXP 	Display Frame 6
419.7780 	EXP 	Display Frame 7
419.8114 	EXP 	Display Frame 8
419.8447 	EXP 	Display Frame 9
419.8780 	EXP 	Display Frame 0
419.9114 	EXP 	Display Frame 1
419.9447 	EXP 	Display Frame 2
419.9780 	EXP 	Display Frame 3
420.0114 	EXP 	Display Frame 4
420.0447 	EXP 	Display Frame 5
420.0780 	EXP 	Display Frame 6
420.1113 	EXP 	Display Frame 7
420.1446 	EXP 	Display Frame 8
420.1781 	EXP 	Display Frame 9
420.2113 	EXP 	Display Frame 0
420.2447 	EXP 	Display Frame 1
420.2780 	EXP 	Display Frame 2
420.3113 	EXP 	Display Frame 3
420.3447 	EXP 	Display Frame 4
420.3780 	EXP 	Display Frame 5
420.4113 	EXP 	Display Frame 6
420.4447 	EXP 	Display Frame 7
420.4780 	EXP 	Display Frame 8
420.5113 	EXP 	Display Frame 9
420.5447 	EXP 	Display Frame 0
420.5780 	EXP 	Display Frame 1
420.6113 	EXP 	Display Frame 2
420.6447 	EXP 	Display Frame 3
420.6780 	EXP 	Display Frame 4
420.7115 	EXP 	Display Frame 5
420.7447 	EXP 	Display Frame 6
420.7779 	EXP 	Display Frame 7
420.8114 	EXP 	Display Frame 8
420.8447 	EXP 	Display Frame 9
420.8780 	EXP 	Display Frame 0
420.9114 	EXP 	Display Frame 1
420.9447 	EXP 	Display Frame 2
420.9781 	EXP 	Display Frame 3
421.0113 	EXP 	Display Frame 4
421.0448 	EXP 	Display Frame 5
421.0780 	EXP 	Display Frame 6
421.1114 	EXP 	Display Frame 7
421.1444 	DATA 	Keypress: equal
421.1458 	EXP 	Display Frame 8
421.1780 	EXP 	Display Frame 9
421.2113 	EXP 	Display Frame 0
421.2447 	EXP 	Display Frame 1
421.2780 	EXP 	Display Frame 2
421.3114 	EXP 	Display Frame 3
421.3447 	EXP 	Display Frame 4
421.3780 	EXP 	Display Frame 5
421.4114 	EXP 	Display Frame 6
421.4447 	EXP 	Display Frame 7
421.4781 	EXP 	Display Frame 8
421.5116 	EXP 	Display Frame 9
421.5446 	EXP 	Display Frame 0
421.5780 	EXP 	Display Frame 1
421.6113 	EXP 	Display Frame 2
421.6446 	EXP 	Display Frame 3
421.6780 	EXP 	Display Frame 4
421.7113 	EXP 	Display Frame 5
421.7446 	EXP 	Display Frame 6
421.7779 	EXP 	Display Frame 7
421.8114 	EXP 	Display Frame 8
421.8448 	EXP 	Display Frame 9
421.8779 	EXP 	Display Frame 0
421.9113 	EXP 	Display Frame 1
421.9447 	EXP 	Display Frame 2
421.9779 	EXP 	Display Frame 3
422.0112 	EXP 	Display Frame 4
422.0447 	EXP 	Display Frame 5
422.0780 	EXP 	Display Frame 6
422.1113 	EXP 	Display Frame 7
422.1446 	EXP 	Display Frame 8
422.1780 	EXP 	Display Frame 9
422.2114 	EXP 	Display Frame 0
422.2446 	EXP 	Display Frame 1
422.2779 	EXP 	Display Frame 2
422.3113 	EXP 	Display Frame 3
422.3446 	EXP 	Display Frame 4
422.3779 	EXP 	Display Frame 5
422.4113 	EXP 	Display Frame 6
422.4446 	EXP 	Display Frame 7
422.4779 	EXP 	Display Frame 8
422.5113 	EXP 	Display Frame 9
422.5446 	EXP 	Display Frame 0
422.5780 	EXP 	Display Frame 1
422.6113 	EXP 	Display Frame 2
422.6446 	EXP 	Display Frame 3
422.6779 	EXP 	Display Frame 4
422.7113 	EXP 	Display Frame 5
422.7446 	EXP 	Display Frame 6
422.7780 	EXP 	Display Frame 7
422.8112 	EXP 	Display Frame 8
422.8448 	EXP 	Display Frame 9
422.8779 	EXP 	Display Frame 0
422.9113 	EXP 	Display Frame 1
422.9446 	EXP 	Display Frame 2
422.9780 	EXP 	Display Frame 3
423.0113 	EXP 	Display Frame 4
423.0446 	EXP 	Display Frame 5
423.0780 	EXP 	Display Frame 6
423.1113 	EXP 	Display Frame 7
423.1446 	EXP 	Display Frame 8
423.1780 	EXP 	Display Frame 9
423.2113 	EXP 	Display Frame 0
423.2447 	EXP 	Display Frame 1
423.2779 	EXP 	Display Frame 2
423.3112 	EXP 	Display Frame 3
423.3446 	EXP 	Display Frame 4
423.3779 	EXP 	Display Frame 5
423.4113 	EXP 	Display Frame 6
423.4446 	EXP 	Display Frame 7
423.4779 	EXP 	Display Frame 8
423.5113 	EXP 	Display Frame 9
423.5446 	EXP 	Display Frame 0
423.5779 	EXP 	Display Frame 1
423.6113 	EXP 	Display Frame 2
423.6446 	EXP 	Display Frame 3
423.6779 	EXP 	Display Frame 4
423.7113 	EXP 	Display Frame 5
423.7446 	EXP 	Display Frame 6
423.7779 	EXP 	Display Frame 7
423.8114 	EXP 	Display Frame 8
423.8446 	EXP 	Display Frame 9
423.8779 	EXP 	Display Frame 0
423.9113 	EXP 	Display Frame 1
423.9446 	EXP 	Display Frame 2
423.9779 	EXP 	Display Frame 3
424.0113 	EXP 	Display Frame 4
424.0446 	EXP 	Display Frame 5
424.0780 	EXP 	Display Frame 6
424.1112 	EXP 	Display Frame 7
424.1447 	EXP 	Display Frame 8
424.1780 	EXP 	Display Frame 9
424.2113 	EXP 	Display Frame 0
424.2446 	EXP 	Display Frame 1
424.2780 	EXP 	Display Frame 2
424.3112 	EXP 	Display Frame 3
424.3446 	EXP 	Display Frame 4
424.3779 	EXP 	Display Frame 5
424.4114 	EXP 	Display Frame 6
424.4447 	EXP 	Display Frame 7
424.4780 	EXP 	Display Frame 8
424.5113 	EXP 	Display Frame 9
424.5448 	EXP 	Display Frame 0
424.5780 	EXP 	Display Frame 1
424.6114 	EXP 	Display Frame 2
424.6447 	EXP 	Display Frame 3
424.6780 	EXP 	Display Frame 4
424.7114 	EXP 	Display Frame 5
424.7446 	EXP 	Display Frame 6
424.7780 	EXP 	Display Frame 7
424.8113 	EXP 	Display Frame 8
424.8446 	EXP 	Display Frame 9
424.8780 	EXP 	Display Frame 0
424.9113 	EXP 	Display Frame 1
424.9447 	EXP 	Display Frame 2
424.9780 	EXP 	Display Frame 3
425.0114 	EXP 	Display Frame 4
425.0447 	EXP 	Display Frame 5
425.0780 	EXP 	Display Frame 6
425.1113 	EXP 	Display Frame 7
425.1446 	EXP 	Display Frame 8
425.1780 	EXP 	Display Frame 9
425.2113 	EXP 	Display Frame 0
425.2448 	EXP 	Display Frame 1
425.2780 	EXP 	Display Frame 2
425.3113 	EXP 	Display Frame 3
425.3447 	EXP 	Display Frame 4
425.3780 	EXP 	Display Frame 5
425.4113 	EXP 	Display Frame 6
425.4448 	EXP 	Display Frame 7
425.4780 	EXP 	Display Frame 8
425.5113 	EXP 	Display Frame 9
425.5447 	EXP 	Display Frame 0
425.5781 	EXP 	Display Frame 1
425.6113 	EXP 	Display Frame 2
425.6447 	EXP 	Display Frame 3
425.6780 	EXP 	Display Frame 4
425.7114 	EXP 	Display Frame 5
425.7447 	EXP 	Display Frame 6
425.7780 	EXP 	Display Frame 7
425.8113 	EXP 	Display Frame 8
425.8447 	EXP 	Display Frame 9
425.8781 	EXP 	Display Frame 0
425.9113 	EXP 	Display Frame 1
425.9447 	EXP 	Display Frame 2
425.9780 	EXP 	Display Frame 3
426.0114 	EXP 	Display Frame 4
426.0447 	EXP 	Display Frame 5
426.0780 	EXP 	Display Frame 6
426.1114 	EXP 	Display Frame 7
426.1448 	EXP 	Display Frame 8
426.1780 	EXP 	Display Frame 9
426.2114 	EXP 	Display Frame 0
426.2447 	EXP 	Display Frame 1
426.2780 	EXP 	Display Frame 2
426.3113 	EXP 	Display Frame 3
426.3445 	DATA 	Keypress: equal
426.3461 	EXP 	Display Frame 4
426.3779 	EXP 	Display Frame 5
426.4113 	EXP 	Display Frame 6
426.4446 	EXP 	Display Frame 7
426.4779 	EXP 	Display Frame 8
426.5113 	EXP 	Display Frame 9
426.5446 	EXP 	Display Frame 0
426.5780 	EXP 	Display Frame 1
426.6113 	EXP 	Display Frame 2
426.6446 	EXP 	Display Frame 3
426.6779 	EXP 	Display Frame 4
426.7113 	EXP 	Display Frame 5
426.7447 	EXP 	Display Frame 6
426.7780 	EXP 	Display Frame 7
426.8113 	EXP 	Display Frame 8
426.8446 	EXP 	Display Frame 9
426.8779 	EXP 	Display Frame 0
426.9113 	EXP 	Display Frame 1
426.9446 	EXP 	Display Frame 2
426.9780 	EXP 	Display Frame 3
427.0113 	EXP 	Display Frame 4
427.0447 	EXP 	Display Frame 5
427.0780 	EXP 	Display Frame 6
427.1114 	EXP 	Display Frame 7
427.1446 	EXP 	Display Frame 8
427.1780 	EXP 	Display Frame 9
427.2113 	EXP 	Display Frame 0
427.2446 	EXP 	Display Frame 1
427.2779 	EXP 	Display Frame 2
427.3116 	EXP 	Display Frame 3
427.3446 	EXP 	Display Frame 4
427.3779 	EXP 	Display Frame 5
427.4113 	EXP 	Display Frame 6
427.4447 	EXP 	Display Frame 7
427.4780 	EXP 	Display Frame 8
427.5114 	EXP 	Display Frame 9
427.5447 	EXP 	Display Frame 0
427.5782 	EXP 	Display Frame 1
427.6114 	EXP 	Display Frame 2
427.6446 	EXP 	Display Frame 3
427.6779 	EXP 	Display Frame 4
427.7113 	EXP 	Display Frame 5
427.7446 	EXP 	Display Frame 6
427.7779 	EXP 	Display Frame 7
427.8113 	EXP 	Display Frame 8
427.8446 	EXP 	Display Frame 9
427.8780 	EXP 	Display Frame 0
427.9113 	EXP 	Display Frame 1
427.9446 	EXP 	Display Frame 2
427.9779 	EXP 	Display Frame 3
428.0113 	EXP 	Display Frame 4
428.0446 	EXP 	Display Frame 5
428.0780 	EXP 	Display Frame 6
428.1113 	EXP 	Display Frame 7
428.1446 	EXP 	Display Frame 8
428.1779 	EXP 	Display Frame 9
428.2113 	EXP 	Display Frame 0
428.2446 	EXP 	Display Frame 1
428.2780 	EXP 	Display Frame 2
428.3112 	EXP 	Display Frame 3
428.3446 	EXP 	Display Frame 4
428.3779 	EXP 	Display Frame 5
428.4112 	EXP 	Display Frame 6
428.4446 	EXP 	Display Frame 7
428.4779 	EXP 	Display Frame 8
428.5112 	EXP 	Display Frame 9
428.5446 	EXP 	Display Frame 0
428.5779 	EXP 	Display Frame 1
428.6113 	EXP 	Display Frame 2
428.6446 	EXP 	Display Frame 3
428.6779 	EXP 	Display Frame 4
428.7113 	EXP 	Display Frame 5
428.7449 	EXP 	Display Frame 6
428.7780 	EXP 	Display Frame 7
428.8113 	EXP 	Display Frame 8
428.8446 	EXP 	Display Frame 9
428.8779 	EXP 	Display Frame 0
428.9112 	EXP 	Display Frame 1
428.9446 	EXP 	Display Frame 2
428.9781 	EXP 	Display Frame 3
429.0113 	EXP 	Display Frame 4
429.0447 	EXP 	Display Frame 5
429.0797 	EXP 	Display Frame 6
429.1114 	EXP 	Display Frame 7
429.1446 	EXP 	Display Frame 8
429.1779 	EXP 	Display Frame 9
429.2113 	EXP 	Display Frame 0
429.2447 	EXP 	Display Frame 1
429.2779 	EXP 	Display Frame 2
429.3113 	EXP 	Display Frame 3
429.3446 	EXP 	Display Frame 4
429.3780 	EXP 	Display Frame 5
429.4112 	EXP 	Display Frame 6
429.4446 	EXP 	Display Frame 7
429.4779 	EXP 	Display Frame 8
429.5112 	EXP 	Display Frame 9
429.5446 	EXP 	Display Frame 0
429.5780 	EXP 	Display Frame 1
429.6114 	EXP 	Display Frame 2
429.6446 	EXP 	Display Frame 3
429.6779 	EXP 	Display Frame 4
429.7113 	EXP 	Display Frame 5
429.7446 	EXP 	Display Frame 6
429.7779 	EXP 	Display Frame 7
429.8112 	EXP 	Display Frame 8
429.8446 	EXP 	Display Frame 9
429.8779 	EXP 	Display Frame 0
429.9113 	EXP 	Display Frame 1
429.9446 	EXP 	Display Frame 2
429.9779 	EXP 	Display Frame 3
430.0114 	EXP 	Display Frame 4
430.0446 	EXP 	Display Frame 5
430.0780 	EXP 	Display Frame 6
430.1112 	EXP 	Display Frame 7
430.1446 	EXP 	Display Frame 8
430.1779 	EXP 	Display Frame 9
430.2114 	EXP 	Display Frame 0
430.2446 	EXP 	Display Frame 1
430.2779 	EXP 	Display Frame 2
430.3112 	EXP 	Display Frame 3
430.3447 	EXP 	Display Frame 4
430.3780 	EXP 	Display Frame 5
430.4113 	EXP 	Display Frame 6
430.4445 	EXP 	Display Frame 7
430.4780 	EXP 	Display Frame 8
430.5112 	EXP 	Display Frame 9
430.5448 	EXP 	Display Frame 0
430.5780 	EXP 	Display Frame 1
430.6114 	EXP 	Display Frame 2
430.6446 	EXP 	Display Frame 3
430.6780 	EXP 	Display Frame 4
430.7113 	EXP 	Display Frame 5
430.7447 	EXP 	Display Frame 6
430.7780 	EXP 	Display Frame 7
430.8113 	EXP 	Display Frame 8
430.8447 	EXP 	Display Frame 9
430.8780 	EXP 	Display Frame 0
430.9113 	EXP 	Display Frame 1
430.9446 	EXP 	Display Frame 2
430.9780 	EXP 	Display Frame 3
431.0113 	EXP 	Display Frame 4
431.0448 	EXP 	Display Frame 5
431.0780 	EXP 	Display Frame 6
431.1114 	EXP 	Display Frame 7
431.1446 	EXP 	Display Frame 8
431.1781 	EXP 	Display Frame 9
431.2113 	EXP 	Display Frame 0
431.2447 	EXP 	Display Frame 1
431.2780 	EXP 	Display Frame 2
431.3114 	EXP 	Display Frame 3
431.3446 	EXP 	Display Frame 4
431.3780 	EXP 	Display Frame 5
431.4113 	EXP 	Display Frame 6
431.4447 	EXP 	Display Frame 7
431.4780 	EXP 	Display Frame 8
431.5111 	DATA 	Keypress: equal
431.5127 	EXP 	Display Frame 9
431.5446 	EXP 	Display Frame 0
431.5779 	EXP 	Display Frame 1
431.6112 	EXP 	Display Frame 2
431.6448 	EXP 	Display Frame 3
431.6813 	EXP 	Display Frame 4
431.7112 	EXP 	Display Frame 5
431.7446 	EXP 	Display Frame 6
431.7779 	EXP 	Display Frame 7
431.8112 	EXP 	Display Frame 8
431.8446 	EXP 	Display Frame 9
431.8779 	EXP 	Display Frame 0
431.9113 	EXP 	Display Frame 1
431.9446 	EXP 	Display Frame 2
431.9779 	EXP 	Display Frame 3
432.0113 	EXP 	Display Frame 4
432.0446 	EXP 	Display Frame 5
432.0780 	EXP 	Display Frame 6
432.1113 	EXP 	Display Frame 7
432.1446 	EXP 	Display Frame 8
432.1780 	EXP 	Display Frame 9
432.2113 	EXP 	Display Frame 0
432.2446 	EXP 	Display Frame 1
432.2779 	EXP 	Display Frame 2
432.3113 	EXP 	Display Frame 3
432.3446 	EXP 	Display Frame 4
432.3779 	EXP 	Display Frame 5
432.4113 	EXP 	Display Frame 6
432.4446 	EXP 	Display Frame 7
432.4779 	EXP 	Display Frame 8
432.5113 	EXP 	Display Frame 9
432.5447 	EXP 	Display Frame 0
432.5780 	EXP 	Display Frame 1
432.6113 	EXP 	Display Frame 2
432.6446 	EXP 	Display Frame 3
432.6779 	EXP 	Display Frame 4
432.7113 	EXP 	Display Frame 5
432.7447 	EXP 	Display Frame 6
432.7780 	EXP 	Display Frame 7
432.8114 	EXP 	Display Frame 8
432.8447 	EXP 	Display Frame 9
432.8780 	EXP 	Display Frame 0
432.9113 	EXP 	Display Frame 1
432.9447 	EXP 	Display Frame 2
432.9794 	EXP 	Display Frame 3
433.0113 	EXP 	Display Frame 4
433.0446 	EXP 	Display Frame 5
433.0779 	EXP 	Display Frame 6
433.1113 	EXP 	Display Frame 7
433.1446 	EXP 	Display Frame 8
433.1780 	EXP 	Display Frame 9
433.2113 	EXP 	Display Frame 0
433.2447 	EXP 	Display Frame 1
433.2780 	EXP 	Display Frame 2
433.3113 	EXP 	Display Frame 3
433.3447 	EXP 	Display Frame 4
433.3780 	EXP 	Display Frame 5
433.4114 	EXP 	Display Frame 6
433.4447 	EXP 	Display Frame 7
433.4779 	EXP 	Display Frame 8
433.5113 	EXP 	Display Frame 9
433.5447 	EXP 	Display Frame 0
433.5780 	EXP 	Display Frame 1
433.6113 	EXP 	Display Frame 2
433.6446 	EXP 	Display Frame 3
433.6779 	EXP 	Display Frame 4
433.7114 	EXP 	Display Frame 5
433.7446 	EXP 	Display Frame 6
433.7781 	EXP 	Display Frame 7
433.8113 	EXP 	Display Frame 8
433.8446 	EXP 	Display Frame 9
433.8779 	EXP 	Display Frame 0
433.9113 	EXP 	Display Frame 1
433.9446 	EXP 	Display Frame 2
433.9779 	EXP 	Display Frame 3
434.0113 	EXP 	Display Frame 4
434.0446 	EXP 	Display Frame 5
434.0779 	EXP 	Display Frame 6
434.1133 	EXP 	Display Frame 7
434.1446 	EXP 	Display Frame 8
434.1779 	EXP 	Display Frame 9
434.2115 	EXP 	Display Frame 0
434.2446 	EXP 	Display Frame 1
434.2780 	EXP 	Display Frame 2
434.3113 	EXP 	Display Frame 3
434.3446 	EXP 	Display Frame 4
434.3780 	EXP 	Display Frame 5
434.4113 	EXP 	Display Frame 6
434.4446 	EXP 	Display Frame 7
434.4779 	EXP 	Display Frame 8
434.5113 	EXP 	Display Frame 9
434.5446 	EXP 	Display Frame 0
434.5780 	EXP 	Display Frame 1
434.6113 	EXP 	Display Frame 2
434.6446 	EXP 	Display Frame 3
434.6779 	EXP 	Display Frame 4
434.7113 	EXP 	Display Frame 5
434.7447 	EXP 	Display Frame 6
434.7779 	EXP 	Display Frame 7
434.8114 	EXP 	Display Frame 8
434.8446 	EXP 	Display Frame 9
434.8781 	EXP 	Display Frame 0
434.9113 	EXP 	Display Frame 1
434.9447 	EXP 	Display Frame 2
434.9779 	EXP 	Display Frame 3
435.0113 	EXP 	Display Frame 4
435.0446 	EXP 	Display Frame 5
435.0779 	EXP 	Display Frame 6
435.1113 	EXP 	Display Frame 7
435.1446 	EXP 	Display Frame 8
435.1779 	EXP 	Display Frame 9
435.2114 	EXP 	Display Frame 0
435.2447 	EXP 	Display Frame 1
435.2780 	EXP 	Display Frame 2
435.3113 	EXP 	Display Frame 3
435.3447 	EXP 	Display Frame 4
435.3780 	EXP 	Display Frame 5
435.4113 	EXP 	Display Frame 6
435.4447 	EXP 	Display Frame 7
435.4780 	EXP 	Display Frame 8
435.5113 	EXP 	Display Frame 9
435.5446 	EXP 	Display Frame 0
435.5780 	EXP 	Display Frame 1
435.6113 	EXP 	Display Frame 2
435.6446 	EXP 	Display Frame 3
435.6783 	EXP 	Display Frame 4
435.7119 	EXP 	Display Frame 5
435.7446 	EXP 	Display Frame 6
435.7780 	EXP 	Display Frame 7
435.8113 	EXP 	Display Frame 8
435.8448 	EXP 	Display Frame 9
435.8780 	EXP 	Display Frame 0
435.9113 	EXP 	Display Frame 1
435.9447 	EXP 	Display Frame 2
435.9780 	EXP 	Display Frame 3
436.0113 	EXP 	Display Frame 4
436.0447 	EXP 	Display Frame 5
436.0780 	EXP 	Display Frame 6
436.1114 	EXP 	Display Frame 7
436.1447 	EXP 	Display Frame 8
436.1781 	EXP 	Display Frame 9
436.2114 	EXP 	Display Frame 0
436.2447 	EXP 	Display Frame 1
436.2780 	EXP 	Display Frame 2
436.3113 	EXP 	Display Frame 3
436.3447 	EXP 	Display Frame 4
436.3780 	EXP 	Display Frame 5
436.4113 	EXP 	Display Frame 6
436.4447 	EXP 	Display Frame 7
436.4780 	EXP 	Display Frame 8
436.5113 	EXP 	Display Frame 9
436.5458 	EXP 	Display Frame 0
436.5780 	EXP 	Display Frame 1
436.6113 	EXP 	Display Frame 2
436.6447 	EXP 	Display Frame 3
436.6780 	EXP 	Display Frame 4
436.7112 	DATA 	Keypress: equal
436.7127 	EXP 	Display Frame 5
436.7176 	EXP 	Display Fixation
441.8983 	DATA 	Keypress: equal
447.0920 	DATA 	Keypress: equal
452.2851 	DATA 	Keypress: equal
457.4791 	DATA 	Keypress: equal
462.6726 	DATA 	Keypress: equal
467.8662 	DATA 	Keypress: equal
467.9043 	EXP 	Display Frame 1
467.9346 	EXP 	Display Frame 2
467.9678 	EXP 	Display Frame 3
468.0011 	EXP 	Display Frame 4
468.0345 	EXP 	Display Frame 5
468.0678 	EXP 	Display Frame 6
468.1012 	EXP 	Display Frame 7
468.1344 	EXP 	Display Frame 8
468.1678 	EXP 	Display Frame 9
468.2011 	EXP 	Display Frame 0
468.2343 	EXP 	Display Frame 1
468.2677 	EXP 	Display Frame 2
468.3010 	EXP 	Display Frame 3
468.3344 	EXP 	Display Frame 4
468.3676 	EXP 	Display Frame 5
468.4011 	EXP 	Display Frame 6
468.4343 	EXP 	Display Frame 7
468.4678 	EXP 	Display Frame 8
468.5009 	EXP 	Display Frame 9
468.5344 	EXP 	Display Frame 0
468.5676 	EXP 	Display Frame 1
468.6031 	EXP 	Display Frame 2
468.6343 	EXP 	Display Frame 3
468.6676 	EXP 	Display Frame 4
468.7010 	EXP 	Display Frame 5
468.7343 	EXP 	Display Frame 6
468.7677 	EXP 	Display Frame 7
468.8010 	EXP 	Display Frame 8
468.8354 	EXP 	Display Frame 9
468.8676 	EXP 	Display Frame 0
468.9010 	EXP 	Display Frame 1
468.9343 	EXP 	Display Frame 2
468.9676 	EXP 	Display Frame 3
469.0010 	EXP 	Display Frame 4
469.0357 	EXP 	Display Frame 5
469.0678 	EXP 	Display Frame 6
469.1009 	EXP 	Display Frame 7
469.1343 	EXP 	Display Frame 8
469.1676 	EXP 	Display Frame 9
469.2010 	EXP 	Display Frame 0
469.2356 	EXP 	Display Frame 1
469.2676 	EXP 	Display Frame 2
469.3010 	EXP 	Display Frame 3
469.3343 	EXP 	Display Frame 4
469.3679 	EXP 	Display Frame 5
469.4010 	EXP 	Display Frame 6
469.4343 	EXP 	Display Frame 7
469.4676 	EXP 	Display Frame 8
469.5010 	EXP 	Display Frame 9
469.5344 	EXP 	Display Frame 0
469.5677 	EXP 	Display Frame 1
469.6009 	EXP 	Display Frame 2
469.6346 	EXP 	Display Frame 3
469.6677 	EXP 	Display Frame 4
469.7011 	EXP 	Display Frame 5
469.7357 	EXP 	Display Frame 6
469.7677 	EXP 	Display Frame 7
469.8011 	EXP 	Display Frame 8
469.8351 	EXP 	Display Frame 9
469.8678 	EXP 	Display Frame 0
469.9010 	EXP 	Display Frame 1
469.9343 	EXP 	Display Frame 2
469.9676 	EXP 	Display Frame 3
470.0010 	EXP 	Display Frame 4
470.0358 	EXP 	Display Frame 5
470.0676 	EXP 	Display Frame 6
470.1010 	EXP 	Display Frame 7
470.1355 	EXP 	Display Frame 8
470.1677 	EXP 	Display Frame 9
470.2010 	EXP 	Display Frame 0
470.2354 	EXP 	Display Frame 1
470.2676 	EXP 	Display Frame 2
470.3014 	EXP 	Display Frame 3
470.3343 	EXP 	Display Frame 4
470.3677 	EXP 	Display Frame 5
470.4010 	EXP 	Display Frame 6
470.4357 	EXP 	Display Frame 7
470.4676 	EXP 	Display Frame 8
470.5010 	EXP 	Display Frame 9
470.5344 	EXP 	Display Frame 0
470.5677 	EXP 	Display Frame 1
470.6010 	EXP 	Display Frame 2
470.6371 	EXP 	Display Frame 3
470.6677 	EXP 	Display Frame 4
470.7010 	EXP 	Display Frame 5
470.7344 	EXP 	Display Frame 6
470.7677 	EXP 	Display Frame 7
470.8010 	EXP 	Display Frame 8
470.8343 	EXP 	Display Frame 9
470.8678 	EXP 	Display Frame 0
470.9010 	EXP 	Display Frame 1
470.9343 	EXP 	Display Frame 2
470.9676 	EXP 	Display Frame 3
471.0010 	EXP 	Display Frame 4
471.0343 	EXP 	Display Frame 5
471.0676 	EXP 	Display Frame 6
471.1010 	EXP 	Display Frame 7
471.1373 	EXP 	Display Frame 8
471.1676 	EXP 	Display Frame 9
471.2011 	EXP 	Display Frame 0
471.2343 	EXP 	Display Frame 1
471.2676 	EXP 	Display Frame 2
471.3010 	EXP 	Display Frame 3
471.3343 	EXP 	Display Frame 4
471.3678 	EXP 	Display Frame 5
471.4010 	EXP 	Display Frame 6
471.4356 	EXP 	Display Frame 7
471.4676 	EXP 	Display Frame 8
471.5011 	EXP 	Display Frame 9
471.5343 	EXP 	Display Frame 0
471.5678 	EXP 	Display Frame 1
471.6010 	EXP 	Display Frame 2
471.6361 	EXP 	Display Frame 3
471.6677 	EXP 	Display Frame 4
471.7010 	EXP 	Display Frame 5
471.7343 	EXP 	Display Frame 6
471.7676 	EXP 	Display Frame 7
471.8010 	EXP 	Display Frame 8
471.8343 	EXP 	Display Frame 9
471.8677 	EXP 	Display Frame 0
471.9010 	EXP 	Display Frame 1
471.9343 	EXP 	Display Frame 2
471.9677 	EXP 	Display Frame 3
472.0010 	EXP 	Display Frame 4
472.0343 	EXP 	Display Frame 5
472.0677 	EXP 	Display Frame 6
472.1010 	EXP 	Display Frame 7
472.1343 	EXP 	Display Frame 8
472.1686 	EXP 	Display Frame 9
472.2010 	EXP 	Display Frame 0
472.2343 	EXP 	Display Frame 1
472.2676 	EXP 	Display Frame 2
472.3010 	EXP 	Display Frame 3
472.3343 	EXP 	Display Frame 4
472.3677 	EXP 	Display Frame 5
472.4010 	EXP 	Display Frame 6
472.4343 	EXP 	Display Frame 7
472.4677 	EXP 	Display Frame 8
472.5010 	EXP 	Display Frame 9
472.5344 	EXP 	Display Frame 0
472.5677 	EXP 	Display Frame 1
472.6011 	EXP 	Display Frame 2
472.6359 	EXP 	Display Frame 3
472.6709 	EXP 	Display Frame 4
472.7010 	EXP 	Display Frame 5
472.7343 	EXP 	Display Frame 6
472.7676 	EXP 	Display Frame 7
472.8010 	EXP 	Display Frame 8
472.8350 	EXP 	Display Frame 9
472.8677 	EXP 	Display Frame 0
472.9008 	EXP 	Display Frame 1
472.9343 	EXP 	Display Frame 2
472.9676 	EXP 	Display Frame 3
473.0010 	EXP 	Display Frame 4
473.0347 	EXP 	Display Frame 5
473.0676 	DATA 	Keypress: equal
473.0691 	EXP 	Display Frame 6
473.1010 	EXP 	Display Frame 7
473.1346 	EXP 	Display Frame 8
473.1677 	EXP 	Display Frame 9
473.2010 	EXP 	Display Frame 0
473.2343 	EXP 	Display Frame 1
473.2677 	EXP 	Display Frame 2
473.3010 	EXP 	Display Frame 3
473.3343 	EXP 	Display Frame 4
473.3705 	EXP 	Display Frame 5
473.4010 	EXP 	Display Frame 6
473.4344 	EXP 	Display Frame 7
473.4676 	EXP 	Display Frame 8
473.5010 	EXP 	Display Frame 9
473.5344 	EXP 	Display Frame 0
473.5676 	EXP 	Display Frame 1
473.6010 	EXP 	Display Frame 2
473.6352 	EXP 	Display Frame 3
473.6676 	EXP 	Display Frame 4
473.7011 	EXP 	Display Frame 5
473.7343 	EXP 	Display Frame 6
473.7677 	EXP 	Display Frame 7
473.8010 	EXP 	Display Frame 8
473.8357 	EXP 	Display Frame 9
473.8676 	EXP 	Display Frame 0
473.9010 	EXP 	Display Frame 1
473.9343 	EXP 	Display Frame 2
473.9677 	EXP 	Display Frame 3
474.0010 	EXP 	Display Frame 4
474.0356 	EXP 	Display Frame 5
474.0677 	EXP 	Display Frame 6
474.1010 	EXP 	Display Frame 7
474.1343 	EXP 	Display Frame 8
474.1676 	EXP 	Display Frame 9
474.2024 	EXP 	Display Frame 0
474.2343 	EXP 	Display Frame 1
474.2676 	EXP 	Display Frame 2
474.3010 	EXP 	Display Frame 3
474.3343 	EXP 	Display Frame 4
474.3677 	EXP 	Display Frame 5
474.4010 	EXP 	Display Frame 6
474.4354 	EXP 	Display Frame 7
474.4677 	EXP 	Display Frame 8
474.5010 	EXP 	Display Frame 9
474.5345 	EXP 	Display Frame 0
474.5677 	EXP 	Display Frame 1
474.6010 	EXP 	Display Frame 2
474.6359 	EXP 	Display Frame 3
474.6679 	EXP 	Display Frame 4
474.7041 	EXP 	Display Frame 5
474.7345 	EXP 	Display Frame 6
474.7676 	EXP 	Display Frame 7
474.8011 	EXP 	Display Frame 8
474.8343 	EXP 	Display Frame 9
474.8676 	EXP 	Display Frame 0
474.9010 	EXP 	Display Frame 1
474.9344 	EXP 	Display Frame 2
474.9677 	EXP 	Display Frame 3
475.0009 	EXP 	Display Frame 4
475.0355 	EXP 	Display Frame 5
475.0677 	EXP 	Display Frame 6
475.1010 	EXP 	Display Frame 7
475.1343 	EXP 	Display Frame 8
475.1676 	EXP 	Display Frame 9
475.2010 	EXP 	Display Frame 0
475.2343 	EXP 	Display Frame 1
475.2676 	EXP 	Display Frame 2
475.3010 	EXP 	Display Frame 3
475.3343 	EXP 	Display Frame 4
475.3677 	EXP 	Display Frame 5
475.4012 	EXP 	Display Frame 6
475.4357 	EXP 	Display Frame 7
475.4679 	EXP 	Display Frame 8
475.5012 	EXP 	Display Frame 9
475.5343 	EXP 	Display Frame 0
475.5677 	EXP 	Display Frame 1
475.6010 	EXP 	Display Frame 2
475.6343 	EXP 	Display Frame 3
475.6676 	EXP 	Display Frame 4
475.7011 	EXP 	Display Frame 5
475.7343 	EXP 	Display Frame 6
475.7676 	EXP 	Display Frame 7
475.8013 	EXP 	Display Frame 8
475.8344 	EXP 	Display Frame 9
475.8677 	EXP 	Display Frame 0
475.9010 	EXP 	Display Frame 1
475.9343 	EXP 	Display Frame 2
475.9677 	EXP 	Display Frame 3
476.0010 	EXP 	Display Frame 4
476.0346 	EXP 	Display Frame 5
476.0679 	EXP 	Display Frame 6
476.1027 	EXP 	Display Frame 7
476.1343 	EXP 	Display Frame 8
476.1679 	EXP 	Display Frame 9
476.2010 	EXP 	Display Frame 0
476.2360 	EXP 	Display Frame 1
476.2678 	EXP 	Display Frame 2
476.3010 	EXP 	Display Frame 3
476.3343 	EXP 	Display Frame 4
476.3677 	EXP 	Display Frame 5
476.4010 	EXP 	Display Frame 6
476.4360 	EXP 	Display Frame 7
476.4676 	EXP 	Display Frame 8
476.5010 	EXP 	Display Frame 9
476.5343 	EXP 	Display Frame 0
476.5677 	EXP 	Display Frame 1
476.6010 	EXP 	Display Frame 2
476.6343 	EXP 	Display Frame 3
476.6676 	EXP 	Display Frame 4
476.7010 	EXP 	Display Frame 5
476.7373 	EXP 	Display Frame 6
476.7676 	EXP 	Display Frame 7
476.8011 	EXP 	Display Frame 8
476.8344 	EXP 	Display Frame 9
476.8677 	EXP 	Display Frame 0
476.9012 	EXP 	Display Frame 1
476.9343 	EXP 	Display Frame 2
476.9676 	EXP 	Display Frame 3
477.0010 	EXP 	Display Frame 4
477.0356 	EXP 	Display Frame 5
477.0678 	EXP 	Display Frame 6
477.1010 	EXP 	Display Frame 7
477.1343 	EXP 	Display Frame 8
477.1676 	EXP 	Display Frame 9
477.2014 	EXP 	Display Frame 0
477.2356 	EXP 	Display Frame 1
477.2677 	EXP 	Display Frame 2
477.3010 	EXP 	Display Frame 3
477.3343 	EXP 	Display Frame 4
477.3677 	EXP 	Display Frame 5
477.4010 	EXP 	Display Frame 6
477.4355 	EXP 	Display Frame 7
477.4677 	EXP 	Display Frame 8
477.5009 	EXP 	Display Frame 9
477.5343 	EXP 	Display Frame 0
477.5676 	EXP 	Display Frame 1
477.6010 	EXP 	Display Frame 2
477.6343 	EXP 	Display Frame 3
477.6676 	EXP 	Display Frame 4
477.7010 	EXP 	Display Frame 5
477.7343 	EXP 	Display Frame 6
477.7693 	EXP 	Display Frame 7
477.8010 	EXP 	Display Frame 8
477.8344 	EXP 	Display Frame 9
477.8677 	EXP 	Display Frame 0
477.9009 	EXP 	Display Frame 1
477.9343 	EXP 	Display Frame 2
477.9677 	EXP 	Display Frame 3
478.0010 	EXP 	Display Frame 4
478.0344 	EXP 	Display Frame 5
478.0677 	EXP 	Display Frame 6
478.1011 	EXP 	Display Frame 7
478.1343 	EXP 	Display Frame 8
478.1676 	EXP 	Display Frame 9
478.2010 	EXP 	Display Frame 0
478.2357 	EXP 	Display Frame 1
478.2675 	DATA 	Keypress: equal
478.2690 	EXP 	Display Frame 2
478.3010 	EXP 	Display Frame 3
478.3343 	EXP 	Display Frame 4
478.3677 	EXP 	Display Frame 5
478.4010 	EXP 	Display Frame 6
478.4343 	EXP 	Display Frame 7
478.4676 	EXP 	Display Frame 8
478.5010 	EXP 	Display Frame 9
478.5343 	EXP 	Display Frame 0
478.5677 	EXP 	Display Frame 1
478.6009 	EXP 	Display Frame 2
478.6343 	EXP 	Display Frame 3
478.6676 	EXP 	Display Frame 4
478.7010 	EXP 	Display Frame 5
478.7343 	EXP 	Display Frame 6
478.7674 	EXP 	Display Frame 7
478.8010 	EXP 	Display Frame 8
478.8343 	EXP 	Display Frame 9
478.8678 	EXP 	Display Frame 0
478.9008 	EXP 	Display Frame 1
478.9343 	EXP 	Display Frame 2
478.9677 	EXP 	Display Frame 3
479.0010 	EXP 	Display Frame 4
479.0344 	EXP 	Display Frame 5
479.0677 	EXP 	Display Frame 6
479.1009 	EXP 	Display Frame 7
479.1344 	EXP 	Display Frame 8
479.1676 	EXP 	Display Frame 9
479.2011 	EXP 	Display Frame 0
479.2352 	EXP 	Display Frame 1
479.2676 	EXP 	Display Frame 2
479.3010 	EXP 	Display Frame 3
479.3344 	EXP 	Display Frame 4
479.3678 	EXP 	Display Frame 5
479.4010 	EXP 	Display Frame 6
479.4355 	EXP 	Display Frame 7
479.4677 	EXP 	Display Frame 8
479.5009 	EXP 	Display Frame 9
479.5343 	EXP 	Display Frame 0
479.5676 	EXP 	Display Frame 1
479.6010 	EXP 	Display Frame 2
479.6356 	EXP 	Display Frame 3
479.6676 	EXP 	Display Frame 4
479.7010 	EXP 	Display Frame 5
479.7344 	EXP 	Display Frame 6
479.7676 	EXP 	Display Frame 7
479.8021 	EXP 	Display Frame 8
479.8343 	EXP 	Display Frame 9
479.8677 	EXP 	Display Frame 0
479.9010 	EXP 	Display Frame 1
479.9343 	EXP 	Display Frame 2
479.9678 	EXP 	Display Frame 3
480.0010 	EXP 	Display Frame 4
480.0352 	EXP 	Display Frame 5
480.0677 	EXP 	Display Frame 6
480.1011 	EXP 	Display Frame 7
480.1344 	EXP 	Display Frame 8
480.1676 	EXP 	Display Frame 9
480.2010 	EXP 	Display Frame 0
480.2357 	EXP 	Display Frame 1
480.2678 	EXP 	Display Frame 2
480.3048 	EXP 	Display Frame 3
480.3344 	EXP 	Display Frame 4
480.3677 	EXP 	Display Frame 5
480.4010 	EXP 	Display Frame 6
480.4343 	EXP 	Display Frame 7
480.4676 	EXP 	Display Frame 8
480.5010 	EXP 	Display Frame 9
480.5343 	EXP 	Display Frame 0
480.5679 	EXP 	Display Frame 1
480.6010 	EXP 	Display Frame 2
480.6343 	EXP 	Display Frame 3
480.6676 	EXP 	Display Frame 4
480.7010 	EXP 	Display Frame 5
480.7343 	EXP 	Display Frame 6
480.7676 	EXP 	Display Frame 7
480.8008 	EXP 	Display Frame 8
480.8343 	EXP 	Display Frame 9
480.8677 	EXP 	Display Frame 0
480.9010 	EXP 	Display Frame 1
480.9343 	EXP 	Display Frame 2
480.9677 	EXP 	Display Frame 3
481.0011 	EXP 	Display Frame 4
481.0360 	EXP 	Display Frame 5
481.0677 	EXP 	Display Frame 6
481.1010 	EXP 	Display Frame 7
481.1344 	EXP 	Display Frame 8
481.1676 	EXP 	Display Frame 9
481.2011 	EXP 	Display Frame 0
481.2356 	EXP 	Display Frame 1
481.2677 	EXP 	Display Frame 2
481.3009 	EXP 	Display Frame 3
481.3344 	EXP 	Display Frame 4
481.3677 	EXP 	Display Frame 5
481.4010 	EXP 	Display Frame 6
481.4361 	EXP 	Display Frame 7
481.4676 	EXP 	Display Frame 8
481.5010 	EXP 	Display Frame 9
481.5343 	EXP 	Display Frame 0
481.5681 	EXP 	Display Frame 1
481.6010 	EXP 	Display Frame 2
481.6343 	EXP 	Display Frame 3
481.6677 	EXP 	Display Frame 4
481.7010 	EXP 	Display Frame 5
481.7343 	EXP 	Display Frame 6
481.7678 	EXP 	Display Frame 7
481.8010 	EXP 	Display Frame 8
481.8354 	EXP 	Display Frame 9
481.8676 	EXP 	Display Frame 0
481.9010 	EXP 	Display Frame 1
481.9343 	EXP 	Display Frame 2
481.9677 	EXP 	Display Frame 3
482.0010 	EXP 	Display Frame 4
482.0343 	EXP 	Display Frame 5
482.0676 	EXP 	Display Frame 6
482.1010 	EXP 	Display Frame 7
482.1343 	EXP 	Display Frame 8
482.1678 	EXP 	Display Frame 9
482.2010 	EXP 	Display Frame 0
482.2360 	EXP 	Display Frame 1
482.2676 	EXP 	Display Frame 2
482.3009 	EXP 	Display Frame 3
482.3379 	EXP 	Display Frame 4
482.3678 	EXP 	Display Frame 5
482.4010 	EXP 	Display Frame 6
482.4344 	EXP 	Display Frame 7
482.4677 	EXP 	Display Frame 8
482.5011 	EXP 	Display Frame 9
482.5343 	EXP 	Display Frame 0
482.5676 	EXP 	Display Frame 1
482.6010 	EXP 	Display Frame 2
482.6353 	EXP 	Display Frame 3
482.6677 	EXP 	Display Frame 4
482.7010 	EXP 	Display Frame 5
482.7343 	EXP 	Display Frame 6
482.7677 	EXP 	Display Frame 7
482.8009 	EXP 	Display Frame 8
482.8343 	EXP 	Display Frame 9
482.8677 	EXP 	Display Frame 0
482.9013 	EXP 	Display Frame 1
482.9343 	EXP 	Display Frame 2
482.9677 	EXP 	Display Frame 3
483.0010 	EXP 	Display Frame 4
483.0353 	EXP 	Display Frame 5
483.0676 	EXP 	Display Frame 6
483.1010 	EXP 	Display Frame 7
483.1343 	EXP 	Display Frame 8
483.1677 	EXP 	Display Frame 9
483.2010 	EXP 	Display Frame 0
483.2343 	EXP 	Display Frame 1
483.2678 	EXP 	Display Frame 2
483.3010 	EXP 	Display Frame 3
483.3343 	EXP 	Display Frame 4
483.3676 	EXP 	Display Frame 5
483.4010 	EXP 	Display Frame 6
483.4344 	EXP 	Display Frame 7
483.4674 	DATA 	Keypress: equal
483.4689 	EXP 	Display Frame 8
483.5025 	EXP 	Display Frame 9
483.5343 	EXP 	Display Frame 0
483.5676 	EXP 	Display Frame 1
483.6010 	EXP 	Display Frame 2
483.6355 	EXP 	Display Frame 3
483.6676 	EXP 	Display Frame 4
483.7010 	EXP 	Display Frame 5
483.7345 	EXP 	Display Frame 6
483.7676 	EXP 	Display Frame 7
483.8010 	EXP 	Display Frame 8
483.8343 	EXP 	Display Frame 9
483.8688 	EXP 	Display Frame 0
483.9010 	EXP 	Display Frame 1
483.9343 	EXP 	Display Frame 2
483.9677 	EXP 	Display Frame 3
484.0010 	EXP 	Display Frame 4
484.0344 	EXP 	Display Frame 5
484.0677 	EXP 	Display Frame 6
484.1010 	EXP 	Display Frame 7
484.1347 	EXP 	Display Frame 8
484.1676 	EXP 	Display Frame 9
484.2010 	EXP 	Display Frame 0
484.2358 	EXP 	Display Frame 1
484.2677 	EXP 	Display Frame 2
484.3010 	EXP 	Display Frame 3
484.3343 	EXP 	Display Frame 4
484.3692 	EXP 	Display Frame 5
484.4012 	EXP 	Display Frame 6
484.4346 	EXP 	Display Frame 7
484.4677 	EXP 	Display Frame 8
484.5012 	EXP 	Display Frame 9
484.5345 	EXP 	Display Frame 0
484.5678 	EXP 	Display Frame 1
484.6011 	EXP 	Display Frame 2
484.6360 	EXP 	Display Frame 3
484.6678 	EXP 	Display Frame 4
484.7013 	EXP 	Display Frame 5
484.7344 	EXP 	Display Frame 6
484.7678 	EXP 	Display Frame 7
484.8011 	EXP 	Display Frame 8
484.8345 	EXP 	Display Frame 9
484.8678 	EXP 	Display Frame 0
484.9008 	EXP 	Display Frame 1
484.9343 	EXP 	Display Frame 2
484.9676 	EXP 	Display Frame 3
485.0010 	EXP 	Display Frame 4
485.0355 	EXP 	Display Frame 5
485.0677 	EXP 	Display Frame 6
485.1010 	EXP 	Display Frame 7
485.1343 	EXP 	Display Frame 8
485.1677 	EXP 	Display Frame 9
485.2010 	EXP 	Display Frame 0
485.2343 	EXP 	Display Frame 1
485.2677 	EXP 	Display Frame 2
485.3010 	EXP 	Display Frame 3
485.3344 	EXP 	Display Frame 4
485.3676 	EXP 	Display Frame 5
485.4011 	EXP 	Display Frame 6
485.4359 	EXP 	Display Frame 7
485.4677 	EXP 	Display Frame 8
485.5010 	EXP 	Display Frame 9
485.5344 	EXP 	Display Frame 0
485.5677 	EXP 	Display Frame 1
485.6010 	EXP 	Display Frame 2
485.6344 	EXP 	Display Frame 3
485.6677 	EXP 	Display Frame 4
485.7010 	EXP 	Display Frame 5
485.7343 	EXP 	Display Frame 6
485.7677 	EXP 	Display Frame 7
485.8011 	EXP 	Display Frame 8
485.8343 	EXP 	Display Frame 9
485.8677 	EXP 	Display Frame 0
485.9021 	EXP 	Display Frame 1
485.9343 	EXP 	Display Frame 2
485.9677 	EXP 	Display Frame 3
486.0010 	EXP 	Display Frame 4
486.0343 	EXP 	Display Frame 5
486.0677 	EXP 	Display Frame 6
486.1010 	EXP 	Display Frame 7
486.1343 	EXP 	Display Frame 8
486.1677 	EXP 	Display Frame 9
486.2010 	EXP 	Display Frame 0
486.2354 	EXP 	Display Frame 1
486.2677 	EXP 	Display Frame 2
486.3010 	EXP 	Display Frame 3
486.3343 	EXP 	Display Frame 4
486.3677 	EXP 	Display Frame 5
486.4041 	EXP 	Display Frame 6
486.4344 	EXP 	Display Frame 7
486.4676 	EXP 	Display Frame 8
486.5010 	EXP 	Display Frame 9
486.5343 	EXP 	Display Frame 0
486.5676 	EXP 	Display Frame 1
486.6010 	EXP 	Display Frame 2
486.6356 	EXP 	Display Frame 3
486.6677 	EXP 	Display Frame 4
486.7010 	EXP 	Display Frame 5
486.7346 	EXP 	Display Frame 6
486.7694 	EXP 	Display Frame 7
486.8010 	EXP 	Display Frame 8
486.8344 	EXP 	Display Frame 9
486.8677 	EXP 	Display Frame 0
486.9010 	EXP 	Display Frame 1
486.9343 	EXP 	Display Frame 2
486.9676 	EXP 	Display Frame 3
487.0010 	EXP 	Display Frame 4
487.0343 	EXP 	Display Frame 5
487.0676 	EXP 	Display Frame 6
487.1010 	EXP 	Display Frame 7
487.1344 	EXP 	Display Frame 8
487.1676 	EXP 	Display Frame 9
487.2010 	EXP 	Display Frame 0
487.2356 	EXP 	Display Frame 1
487.2678 	EXP 	Display Frame 2
487.3010 	EXP 	Display Frame 3
487.3343 	EXP 	Display Frame 4
487.3677 	EXP 	Display Frame 5
487.4010 	EXP 	Display Frame 6
487.4355 	EXP 	Display Frame 7
487.4676 	EXP 	Display Frame 8
487.5010 	EXP 	Display Frame 9
487.5345 	EXP 	Display Frame 0
487.5676 	EXP 	Display Frame 1
487.6011 	EXP 	Display Frame 2
487.6343 	EXP 	Display Frame 3
487.6677 	EXP 	Display Frame 4
487.7010 	EXP 	Display Frame 5
487.7344 	EXP 	Display Frame 6
487.7676 	EXP 	Display Frame 7
487.8010 	EXP 	Display Frame 8
487.8343 	EXP 	Display Frame 9
487.8677 	EXP 	Display Frame 0
487.9010 	EXP 	Display Frame 1
487.9343 	EXP 	Display Frame 2
487.9677 	EXP 	Display Frame 3
488.0010 	EXP 	Display Frame 4
488.0343 	EXP 	Display Frame 5
488.0677 	EXP 	Display Frame 6
488.1010 	EXP 	Display Frame 7
488.1343 	EXP 	Display Frame 8
488.1676 	EXP 	Display Frame 9
488.2010 	EXP 	Display Frame 0
488.2357 	EXP 	Display Frame 1
488.2676 	EXP 	Display Frame 2
488.3010 	EXP 	Display Frame 3
488.3343 	EXP 	Display Frame 4
488.3678 	EXP 	Display Frame 5
488.4010 	EXP 	Display Frame 6
488.4343 	EXP 	Display Frame 7
488.4687 	EXP 	Display Frame 8
488.5010 	EXP 	Display Frame 9
488.5343 	EXP 	Display Frame 0
488.5676 	EXP 	Display Frame 1
488.6010 	EXP 	Display Frame 2
488.6345 	EXP 	Display Frame 3
488.6677 	DATA 	Keypress: equal
488.6692 	EXP 	Display Frame 4
488.7011 	EXP 	Display Frame 5
488.7343 	EXP 	Display Frame 6
488.7678 	EXP 	Display Frame 7
488.8010 	EXP 	Display Frame 8
488.8343 	EXP 	Display Frame 9
488.8677 	EXP 	Display Frame 0
488.9008 	EXP 	Display Frame 1
488.9343 	EXP 	Display Frame 2
488.9677 	EXP 	Display Frame 3
489.0010 	EXP 	Display Frame 4
489.0343 	EXP 	Display Frame 5
489.0677 	EXP 	Display Frame 6
489.1010 	EXP 	Display Frame 7
489.1343 	EXP 	Display Frame 8
489.1677 	EXP 	Display Frame 9
489.2010 	EXP 	Display Frame 0
489.2343 	EXP 	Display Frame 1
489.2676 	EXP 	Display Frame 2
489.3010 	EXP 	Display Frame 3
489.3344 	EXP 	Display Frame 4
489.3677 	EXP 	Display Frame 5
489.4010 	EXP 	Display Frame 6
489.4343 	EXP 	Display Frame 7
489.4676 	EXP 	Display Frame 8
489.5010 	EXP 	Display Frame 9
489.5344 	EXP 	Display Frame 0
489.5677 	EXP 	Display Frame 1
489.6010 	EXP 	Display Frame 2
489.6343 	EXP 	Display Frame 3
489.6678 	EXP 	Display Frame 4
489.7010 	EXP 	Display Frame 5
489.7344 	EXP 	Display Frame 6
489.7676 	EXP 	Display Frame 7
489.8011 	EXP 	Display Frame 8
489.8343 	EXP 	Display Frame 9
489.8678 	EXP 	Display Frame 0
489.9010 	EXP 	Display Frame 1
489.9343 	EXP 	Display Frame 2
489.9691 	EXP 	Display Frame 3
490.0010 	EXP 	Display Frame 4
490.0343 	EXP 	Display Frame 5
490.0678 	EXP 	Display Frame 6
490.1010 	EXP 	Display Frame 7
490.1343 	EXP 	Display Frame 8
490.1677 	EXP 	Display Frame 9
490.2010 	EXP 	Display Frame 0
490.2343 	EXP 	Display Frame 1
490.2677 	EXP 	Display Frame 2
490.3010 	EXP 	Display Frame 3
490.3343 	EXP 	Display Frame 4
490.3676 	EXP 	Display Frame 5
490.4010 	EXP 	Display Frame 6
490.4343 	EXP 	Display Frame 7
490.4677 	EXP 	Display Frame 8
490.5011 	EXP 	Display Frame 9
490.5343 	EXP 	Display Frame 0
490.5677 	EXP 	Display Frame 1
490.6010 	EXP 	Display Frame 2
490.6343 	EXP 	Display Frame 3
490.6676 	EXP 	Display Frame 4
490.7010 	EXP 	Display Frame 5
490.7344 	EXP 	Display Frame 6
490.7677 	EXP 	Display Frame 7
490.8011 	EXP 	Display Frame 8
490.8345 	EXP 	Display Frame 9
490.8677 	EXP 	Display Frame 0
490.9009 	EXP 	Display Frame 1
490.9344 	EXP 	Display Frame 2
490.9678 	EXP 	Display Frame 3
491.0010 	EXP 	Display Frame 4
491.0345 	EXP 	Display Frame 5
491.0678 	EXP 	Display Frame 6
491.1011 	EXP 	Display Frame 7
491.1344 	EXP 	Display Frame 8
491.1678 	EXP 	Display Frame 9
491.2011 	EXP 	Display Frame 0
491.2356 	EXP 	Display Frame 1
491.2677 	EXP 	Display Frame 2
491.3011 	EXP 	Display Frame 3
491.3344 	EXP 	Display Frame 4
491.3677 	EXP 	Display Frame 5
491.4011 	EXP 	Display Frame 6
491.4344 	EXP 	Display Frame 7
491.4677 	EXP 	Display Frame 8
491.5024 	EXP 	Display Frame 9
491.5344 	EXP 	Display Frame 0
491.5677 	EXP 	Display Frame 1
491.6011 	EXP 	Display Frame 2
491.6344 	EXP 	Display Frame 3
491.6693 	EXP 	Display Frame 4
491.7010 	EXP 	Display Frame 5
491.7344 	EXP 	Display Frame 6
491.7676 	EXP 	Display Frame 7
491.8011 	EXP 	Display Frame 8
491.8344 	EXP 	Display Frame 9
491.8679 	EXP 	Display Frame 0
491.9011 	EXP 	Display Frame 1
491.9347 	EXP 	Display Frame 2
491.9679 	EXP 	Display Frame 3
492.0042 	EXP 	Display Frame 4
492.0344 	EXP 	Display Frame 5
492.0679 	EXP 	Display Frame 6
492.1028 	EXP 	Display Frame 7
492.1346 	EXP 	Display Frame 8
492.1678 	EXP 	Display Frame 9
492.2011 	EXP 	Display Frame 0
492.2344 	EXP 	Display Frame 1
492.2680 	EXP 	Display Frame 2
492.3011 	EXP 	Display Frame 3
492.3345 	EXP 	Display Frame 4
492.3679 	EXP 	Display Frame 5
492.4012 	EXP 	Display Frame 6
492.4344 	EXP 	Display Frame 7
492.4679 	EXP 	Display Frame 8
492.5025 	EXP 	Display Frame 9
492.5345 	EXP 	Display Frame 0
492.5678 	EXP 	Display Frame 1
492.6012 	EXP 	Display Frame 2
492.6357 	EXP 	Display Frame 3
492.6678 	EXP 	Display Frame 4
492.7011 	EXP 	Display Frame 5
492.7345 	EXP 	Display Frame 6
492.7678 	EXP 	Display Frame 7
492.8012 	EXP 	Display Frame 8
492.8356 	EXP 	Display Frame 9
492.8679 	EXP 	Display Frame 0
492.9008 	EXP 	Display Frame 1
492.9343 	EXP 	Display Frame 2
492.9677 	EXP 	Display Frame 3
493.0010 	EXP 	Display Frame 4
493.0344 	EXP 	Display Frame 5
493.0677 	EXP 	Display Frame 6
493.1010 	EXP 	Display Frame 7
493.1343 	EXP 	Display Frame 8
493.1676 	EXP 	Display Frame 9
493.2010 	EXP 	Display Frame 0
493.2369 	EXP 	Display Frame 1
493.2677 	EXP 	Display Frame 2
493.3010 	EXP 	Display Frame 3
493.3343 	EXP 	Display Frame 4
493.3676 	EXP 	Display Frame 5
493.4010 	EXP 	Display Frame 6
493.4343 	EXP 	Display Frame 7
493.4677 	EXP 	Display Frame 8
493.5010 	EXP 	Display Frame 9
493.5343 	EXP 	Display Frame 0
493.5677 	EXP 	Display Frame 1
493.6010 	EXP 	Display Frame 2
493.6343 	EXP 	Display Frame 3
493.6678 	EXP 	Display Frame 4
493.7009 	EXP 	Display Frame 5
493.7344 	EXP 	Display Frame 6
493.7676 	EXP 	Display Frame 7
493.8010 	EXP 	Display Frame 8
493.8341 	DATA 	Keypress: equal
493.8355 	EXP 	Display Frame 9
493.8678 	EXP 	Display Frame 0
493.9008 	EXP 	Display Frame 1
493.9346 	EXP 	Display Frame 2
493.9679 	EXP 	Display Frame 3
494.0011 	EXP 	Display Frame 4
494.0344 	EXP 	Display Frame 5
494.0679 	EXP 	Display Frame 6
494.1010 	EXP 	Display Frame 7
494.1344 	EXP 	Display Frame 8
494.1676 	EXP 	Display Frame 9
494.2010 	EXP 	Display Frame 0
494.2343 	EXP 	Display Frame 1
494.2678 	EXP 	Display Frame 2
494.3010 	EXP 	Display Frame 3
494.3343 	EXP 	Display Frame 4
494.3676 	EXP 	Display Frame 5
494.4010 	EXP 	Display Frame 6
494.4343 	EXP 	Display Frame 7
494.4676 	EXP 	Display Frame 8
494.5010 	EXP 	Display Frame 9
494.5343 	EXP 	Display Frame 0
494.5677 	EXP 	Display Frame 1
494.6010 	EXP 	Display Frame 2
494.6343 	EXP 	Display Frame 3
494.6677 	EXP 	Display Frame 4
494.7010 	EXP 	Display Frame 5
494.7343 	EXP 	Display Frame 6
494.7676 	EXP 	Display Frame 7
494.8009 	EXP 	Display Frame 8
494.8344 	EXP 	Display Frame 9
494.8677 	EXP 	Display Frame 0
494.9011 	EXP 	Display Frame 1
494.9343 	EXP 	Display Frame 2
494.9677 	EXP 	Display Frame 3
495.0010 	EXP 	Display Frame 4
495.0343 	EXP 	Display Frame 5
495.0677 	EXP 	Display Frame 6
495.1010 	EXP 	Display Frame 7
495.1343 	EXP 	Display Frame 8
495.1676 	EXP 	Display Frame 9
495.2010 	EXP 	Display Frame 0
495.2343 	EXP 	Display Frame 1
495.2677 	EXP 	Display Frame 2
495.3010 	EXP 	Display Frame 3
495.3344 	EXP 	Display Frame 4
495.3676 	EXP 	Display Frame 5
495.4011 	EXP 	Display Frame 6
495.4344 	EXP 	Display Frame 7
495.4677 	EXP 	Display Frame 8
495.5010 	EXP 	Display Frame 9
495.5344 	EXP 	Display Frame 0
495.5678 	EXP 	Display Frame 1
495.6011 	EXP 	Display Frame 2
495.6344 	EXP 	Display Frame 3
495.6678 	EXP 	Display Frame 4
495.7010 	EXP 	Display Frame 5
495.7344 	EXP 	Display Frame 6
495.7677 	EXP 	Display Frame 7
495.8010 	EXP 	Display Frame 8
495.8343 	EXP 	Display Frame 9
495.8677 	EXP 	Display Frame 0
495.9008 	EXP 	Display Frame 1
495.9344 	EXP 	Display Frame 2
495.9677 	EXP 	Display Frame 3
496.0010 	EXP 	Display Frame 4
496.0344 	EXP 	Display Frame 5
496.0678 	EXP 	Display Frame 6
496.1010 	EXP 	Display Frame 7
496.1344 	EXP 	Display Frame 8
496.1677 	EXP 	Display Frame 9
496.2011 	EXP 	Display Frame 0
496.2344 	EXP 	Display Frame 1
496.2677 	EXP 	Display Frame 2
496.3011 	EXP 	Display Frame 3
496.3344 	EXP 	Display Frame 4
496.3677 	EXP 	Display Frame 5
496.4011 	EXP 	Display Frame 6
496.4358 	EXP 	Display Frame 7
496.4678 	EXP 	Display Frame 8
496.5010 	EXP 	Display Frame 9
496.5343 	EXP 	Display Frame 0
496.5677 	EXP 	Display Frame 1
496.6010 	EXP 	Display Frame 2
496.6344 	EXP 	Display Frame 3
496.6677 	EXP 	Display Frame 4
496.7010 	EXP 	Display Frame 5
496.7344 	EXP 	Display Frame 6
496.7677 	EXP 	Display Frame 7
496.8010 	EXP 	Display Frame 8
496.8344 	EXP 	Display Frame 9
496.8677 	EXP 	Display Frame 0
496.9009 	EXP 	Display Frame 1
496.9343 	EXP 	Display Frame 2
496.9677 	EXP 	Display Frame 3
497.0010 	EXP 	Display Frame 4
497.0344 	EXP 	Display Frame 5
497.0677 	EXP 	Display Frame 6
497.1024 	EXP 	Display Frame 7
497.1343 	EXP 	Display Frame 8
497.1677 	EXP 	Display Frame 9
497.2010 	EXP 	Display Frame 0
497.2344 	EXP 	Display Frame 1
497.2677 	EXP 	Display Frame 2
497.3011 	EXP 	Display Frame 3
497.3343 	EXP 	Display Frame 4
497.3676 	EXP 	Display Frame 5
497.4013 	EXP 	Display Frame 6
497.4346 	EXP 	Display Frame 7
497.4677 	EXP 	Display Frame 8
497.5010 	EXP 	Display Frame 9
497.5343 	EXP 	Display Frame 0
497.5677 	EXP 	Display Frame 1
497.6010 	EXP 	Display Frame 2
497.6343 	EXP 	Display Frame 3
497.6677 	EXP 	Display Frame 4
497.7010 	EXP 	Display Frame 5
497.7343 	EXP 	Display Frame 6
497.7677 	EXP 	Display Frame 7
497.8010 	EXP 	Display Frame 8
497.8343 	EXP 	Display Frame 9
497.8677 	EXP 	Display Frame 0
497.9009 	EXP 	Display Frame 1
497.9343 	EXP 	Display Frame 2
497.9676 	EXP 	Display Frame 3
498.0010 	EXP 	Display Frame 4
498.0343 	EXP 	Display Frame 5
498.0676 	EXP 	Display Frame 6
498.1010 	EXP 	Display Frame 7
498.1344 	EXP 	Display Frame 8
498.1676 	EXP 	Display Frame 9
498.2010 	EXP 	Display Frame 0
498.2343 	EXP 	Display Frame 1
498.2677 	EXP 	Display Frame 2
498.3010 	EXP 	Display Frame 3
498.3343 	EXP 	Display Frame 4
498.3676 	EXP 	Display Frame 5
498.4010 	EXP 	Display Frame 6
498.4343 	EXP 	Display Frame 7
498.4678 	EXP 	Display Frame 8
498.5010 	EXP 	Display Frame 9
498.5343 	EXP 	Display Frame 0
498.5677 	EXP 	Display Frame 1
498.6010 	EXP 	Display Frame 2
498.6343 	EXP 	Display Frame 3
498.6676 	EXP 	Display Frame 4
498.7010 	EXP 	Display Frame 5
498.7343 	EXP 	Display Frame 6
498.7676 	EXP 	Display Frame 7
498.8010 	EXP 	Display Frame 8
498.8343 	EXP 	Display Frame 9
498.8678 	EXP 	Display Frame 0
498.9008 	EXP 	Display Frame 1
498.9343 	EXP 	Display Frame 2
498.9677 	EXP 	Display Frame 3
499.0010 	EXP 	Display Frame 4
499.0342 	DATA 	Keypress: equal
499.0357 	EXP 	Display Frame 5
499.0515 	EXP 	Display Fixation
504.2212 	DATA 	Keypress: equal
509.4156 	DATA 	Keypress: equal
514.6085 	DATA 	Keypress: equal
519.8026 	DATA 	Keypress: equal
524.9951 	DATA 	Keypress: equal
530.1894 	DATA 	Keypress: equal
530.2247 	EXP 	Display Frame 1
530.2576 	EXP 	Display Frame 2
530.2910 	EXP 	Display Frame 3
530.3244 	EXP 	Display Frame 4
530.3576 	EXP 	Display Frame 5
530.3911 	EXP 	Display Frame 6
530.4244 	EXP 	Display Frame 7
530.4577 	EXP 	Display Frame 8
530.4911 	EXP 	Display Frame 9
530.5244 	EXP 	Display Frame 0
530.5577 	EXP 	Display Frame 1
530.5910 	EXP 	Display Frame 2
530.6243 	EXP 	Display Frame 3
530.6576 	EXP 	Display Frame 4
530.6910 	EXP 	Display Frame 5
530.7243 	EXP 	Display Frame 6
530.7576 	EXP 	Display Frame 7
530.7909 	EXP 	Display Frame 8
530.8243 	EXP 	Display Frame 9
530.8577 	EXP 	Display Frame 0
530.8911 	EXP 	Display Frame 1
530.9243 	EXP 	Display Frame 2
530.9577 	EXP 	Display Frame 3
530.9910 	EXP 	Display Frame 4
531.0244 	EXP 	Display Frame 5
531.0576 	EXP 	Display Frame 6
531.0909 	EXP 	Display Frame 7
531.1243 	EXP 	Display Frame 8
531.1576 	EXP 	Display Frame 9
531.1910 	EXP 	Display Frame 0
531.2243 	EXP 	Display Frame 1
531.2576 	EXP 	Display Frame 2
531.2910 	EXP 	Display Frame 3
531.3243 	EXP 	Display Frame 4
531.3578 	EXP 	Display Frame 5
531.3910 	EXP 	Display Frame 6
531.4244 	EXP 	Display Frame 7
531.4576 	EXP 	Display Frame 8
531.4911 	EXP 	Display Frame 9
531.5243 	EXP 	Display Frame 0
531.5577 	EXP 	Display Frame 1
531.5909 	EXP 	Display Frame 2
531.6244 	EXP 	Display Frame 3
531.6576 	EXP 	Display Frame 4
531.6909 	EXP 	Display Frame 5
531.7244 	EXP 	Display Frame 6
531.7577 	EXP 	Display Frame 7
531.7909 	EXP 	Display Frame 8
531.8243 	EXP 	Display Frame 9
531.8577 	EXP 	Display Frame 0
531.8910 	EXP 	Display Frame 1
531.9244 	EXP 	Display Frame 2
531.9577 	EXP 	Display Frame 3
531.9911 	EXP 	Display Frame 4
532.0249 	EXP 	Display Frame 5
532.0577 	EXP 	Display Frame 6
532.0910 	EXP 	Display Frame 7
532.1243 	EXP 	Display Frame 8
532.1577 	EXP 	Display Frame 9
532.1910 	EXP 	Display Frame 0
532.2242 	EXP 	Display Frame 1
532.2578 	EXP 	Display Frame 2
532.2910 	EXP 	Display Frame 3
532.3243 	EXP 	Display Frame 4
532.3576 	EXP 	Display Frame 5
532.3911 	EXP 	Display Frame 6
532.4243 	EXP 	Display Frame 7
532.4577 	EXP 	Display Frame 8
532.4910 	EXP 	Display Frame 9
532.5243 	EXP 	Display Frame 0
532.5576 	EXP 	Display Frame 1
532.5909 	EXP 	Display Frame 2
532.6243 	EXP 	Display Frame 3
532.6576 	EXP 	Display Frame 4
532.6910 	EXP 	Display Frame 5
532.7243 	EXP 	Display Frame 6
532.7576 	EXP 	Display Frame 7
532.7910 	EXP 	Display Frame 8
532.8243 	EXP 	Display Frame 9
532.8576 	EXP 	Display Frame 0
532.8910 	EXP 	Display Frame 1
532.9243 	EXP 	Display Frame 2
532.9577 	EXP 	Display Frame 3
532.9910 	EXP 	Display Frame 4
533.0243 	EXP 	Display Frame 5
533.0576 	EXP 	Display Frame 6
533.0910 	EXP 	Display Frame 7
533.1243 	EXP 	Display Frame 8
533.1577 	EXP 	Display Frame 9
533.1909 	EXP 	Display Frame 0
533.2243 	EXP 	Display Frame 1
533.2576 	EXP 	Display Frame 2
533.2911 	EXP 	Display Frame 3
533.3243 	EXP 	Display Frame 4
533.3576 	EXP 	Display Frame 5
533.3910 	EXP 	Display Frame 6
533.4244 	EXP 	Display Frame 7
533.4576 	EXP 	Display Frame 8
533.4911 	EXP 	Display Frame 9
533.5243 	EXP 	Display Frame 0
533.5578 	EXP 	Display Frame 1
533.5910 	EXP 	Display Frame 2
533.6244 	EXP 	Display Frame 3
533.6576 	EXP 	Display Frame 4
533.6910 	EXP 	Display Frame 5
533.7242 	EXP 	Display Frame 6
533.7577 	EXP 	Display Frame 7
533.7910 	EXP 	Display Frame 8
533.8243 	EXP 	Display Frame 9
533.8577 	EXP 	Display Frame 0
533.8910 	EXP 	Display Frame 1
533.9244 	EXP 	Display Frame 2
533.9577 	EXP 	Display Frame 3
533.9911 	EXP 	Display Frame 4
534.0244 	EXP 	Display Frame 5
534.0577 	EXP 	Display Frame 6
534.0910 	EXP 	Display Frame 7
534.1244 	EXP 	Display Frame 8
534.1577 	EXP 	Display Frame 9
534.1910 	EXP 	Display Frame 0
534.2243 	EXP 	Display Frame 1
534.2577 	EXP 	Display Frame 2
534.2910 	EXP 	Display Frame 3
534.3244 	EXP 	Display Frame 4
534.3577 	EXP 	Display Frame 5
534.3910 	EXP 	Display Frame 6
534.4244 	EXP 	Display Frame 7
534.4577 	EXP 	Display Frame 8
534.4910 	EXP 	Display Frame 9
534.5244 	EXP 	Display Frame 0
534.5577 	EXP 	Display Frame 1
534.5911 	EXP 	Display Frame 2
534.6243 	EXP 	Display Frame 3
534.6578 	EXP 	Display Frame 4
534.6910 	EXP 	Display Frame 5
534.7244 	EXP 	Display Frame 6
534.7577 	EXP 	Display Frame 7
534.7910 	EXP 	Display Frame 8
534.8244 	EXP 	Display Frame 9
534.8577 	EXP 	Display Frame 0
534.8910 	EXP 	Display Frame 1
534.9243 	EXP 	Display Frame 2
534.9577 	EXP 	Display Frame 3
534.9910 	EXP 	Display Frame 4
535.0244 	EXP 	Display Frame 5
535.0577 	EXP 	Display Frame 6
535.0910 	EXP 	Display Frame 7
535.1243 	EXP 	Display Frame 8
535.1578 	EXP 	Display Frame 9
535.1910 	EXP 	Display Frame 0
535.2243 	EXP 	Display Frame 1
535.2578 	EXP 	Display Frame 2
535.2910 	EXP 	Display Frame 3
535.3244 	EXP 	Display Frame 4
535.3577 	EXP 	Display Frame 5
535.3911 	DATA 	Keypress: equal
535.3929 	EXP 	Display Frame 6
535.4246 	EXP 	Display Frame 7
535.4580 	EXP 	Display Frame 8
535.4910 	EXP 	Display Frame 9
535.5243 	EXP 	Display Frame 0
535.5577 	EXP 	Display Frame 1
535.5910 	EXP 	Display Frame 2
535.6244 	EXP 	Display Frame 3
535.6576 	EXP 	Display Frame 4
535.6911 	EXP 	Display Frame 5
535.7243 	EXP 	Display Frame 6
535.7576 	EXP 	Display Frame 7
535.7910 	EXP 	Display Frame 8
535.8244 	EXP 	Display Frame 9
535.8576 	EXP 	Display Frame 0
535.8911 	EXP 	Display Frame 1
535.9243 	EXP 	Display Frame 2
535.9577 	EXP 	Display Frame 3
535.9910 	EXP 	Display Frame 4
536.0243 	EXP 	Display Frame 5
536.0577 	EXP 	Display Frame 6
536.0910 	EXP 	Display Frame 7
536.1243 	EXP 	Display Frame 8
536.1576 	EXP 	Display Frame 9
536.1910 	EXP 	Display Frame 0
536.2243 	EXP 	Display Frame 1
536.2576 	EXP 	Display Frame 2
536.2910 	EXP 	Display Frame 3
536.3243 	EXP 	Display Frame 4
536.3577 	EXP 	Display Frame 5
536.3910 	EXP 	Display Frame 6
536.4243 	EXP 	Display Frame 7
536.4576 	EXP 	Display Frame 8
536.4910 	EXP 	Display Frame 9
536.5243 	EXP 	Display Frame 0
536.5577 	EXP 	Display Frame 1
536.5909 	EXP 	Display Frame 2
536.6243 	EXP 	Display Frame 3
536.6576 	EXP 	Display Frame 4
536.6910 	EXP 	Display Frame 5
536.7243 	EXP 	Display Frame 6
536.7576 	EXP 	Display Frame 7
536.7910 	EXP 	Display Frame 8
536.8243 	EXP 	Display Frame 9
536.8577 	EXP 	Display Frame 0
536.8909 	EXP 	Display Frame 1
536.9243 	EXP 	Display Frame 2
536.9576 	EXP 	Display Frame 3
536.9910 	EXP 	Display Frame 4
537.0243 	EXP 	Display Frame 5
537.0578 	EXP 	Display Frame 6
537.0911 	EXP 	Display Frame 7
537.1243 	EXP 	Display Frame 8
537.1577 	EXP 	Display Frame 9
537.1911 	EXP 	Display Frame 0
537.2243 	EXP 	Display Frame 1
537.2577 	EXP 	Display Frame 2
537.2910 	EXP 	Display Frame 3
537.3244 	EXP 	Display Frame 4
537.3577 	EXP 	Display Frame 5
537.3910 	EXP 	Display Frame 6
537.4244 	EXP 	Display Frame 7
537.4577 	EXP 	Display Frame 8
537.4911 	EXP 	Display Frame 9
537.5244 	EXP 	Display Frame 0
537.5577 	EXP 	Display Frame 1
537.5910 	EXP 	Display Frame 2
537.6244 	EXP 	Display Frame 3
537.6577 	EXP 	Display Frame 4
537.6910 	EXP 	Display Frame 5
537.7244 	EXP 	Display Frame 6
537.7578 	EXP 	Display Frame 7
537.7910 	EXP 	Display Frame 8
537.8244 	EXP 	Display Frame 9
537.8577 	EXP 	Display Frame 0
537.8911 	EXP 	Display Frame 1
537.9244 	EXP 	Display Frame 2
537.9578 	EXP 	Display Frame 3
537.9911 	EXP 	Display Frame 4
538.0244 	EXP 	Display Frame 5
538.0577 	EXP 	Display Frame 6
538.0911 	EXP 	Display Frame 7
538.1244 	EXP 	Display Frame 8
538.1577 	EXP 	Display Frame 9
538.1910 	EXP 	Display Frame 0
538.2243 	EXP 	Display Frame 1
538.2577 	EXP 	Display Frame 2
538.2910 	EXP 	Display Frame 3
538.3244 	EXP 	Display Frame 4
538.3577 	EXP 	Display Frame 5
538.3910 	EXP 	Display Frame 6
538.4244 	EXP 	Display Frame 7
538.4577 	EXP 	Display Frame 8
538.4911 	EXP 	Display Frame 9
538.5244 	EXP 	Display Frame 0
538.5577 	EXP 	Display Frame 1
538.5910 	EXP 	Display Frame 2
538.6244 	EXP 	Display Frame 3
538.6577 	EXP 	Display Frame 4
538.6911 	EXP 	Display Frame 5
538.7244 	EXP 	Display Frame 6
538.7577 	EXP 	Display Frame 7
538.7911 	EXP 	Display Frame 8
538.8244 	EXP 	Display Frame 9
538.8577 	EXP 	Display Frame 0
538.8910 	EXP 	Display Frame 1
538.9248 	EXP 	Display Frame 2
538.9577 	EXP 	Display Frame 3
538.9911 	EXP 	Display Frame 4
539.0244 	EXP 	Display Frame 5
539.0577 	EXP 	Display Frame 6
539.0911 	EXP 	Display Frame 7
539.1244 	EXP 	Display Frame 8
539.1577 	EXP 	Display Frame 9
539.1912 	EXP 	Display Frame 0
539.2244 	EXP 	Display Frame 1
539.2577 	EXP 	Display Frame 2
539.2910 	EXP 	Display Frame 3
539.3243 	EXP 	Display Frame 4
539.3577 	EXP 	Display Frame 5
539.3910 	EXP 	Display Frame 6
539.4243 	EXP 	Display Frame 7
539.4577 	EXP 	Display Frame 8
539.4910 	EXP 	Display Frame 9
539.5244 	EXP 	Display Frame 0
539.5578 	EXP 	Display Frame 1
539.5910 	EXP 	Display Frame 2
539.6243 	EXP 	Display Frame 3
539.6577 	EXP 	Display Frame 4
539.6910 	EXP 	Display Frame 5
539.7243 	EXP 	Display Frame 6
539.7577 	EXP 	Display Frame 7
539.7910 	EXP 	Display Frame 8
539.8245 	EXP 	Display Frame 9
539.8577 	EXP 	Display Frame 0
539.8912 	EXP 	Display Frame 1
539.9244 	EXP 	Display Frame 2
539.9577 	EXP 	Display Frame 3
539.9910 	EXP 	Display Frame 4
540.0244 	EXP 	Display Frame 5
540.0576 	EXP 	Display Frame 6
540.0910 	EXP 	Display Frame 7
540.1243 	EXP 	Display Frame 8
540.1576 	EXP 	Display Frame 9
540.1912 	EXP 	Display Frame 0
540.2244 	EXP 	Display Frame 1
540.2576 	EXP 	Display Frame 2
540.2910 	EXP 	Display Frame 3
540.3243 	EXP 	Display Frame 4
540.3577 	EXP 	Display Frame 5
540.3909 	EXP 	Display Frame 6
540.4245 	EXP 	Display Frame 7
540.4576 	EXP 	Display Frame 8
540.4910 	EXP 	Display Frame 9
540.5243 	EXP 	Display Frame 0
540.5577 	EXP 	Display Frame 1
540.5909 	DATA 	Keypress: equal
540.5924 	EXP 	Display Frame 2
540.6243 	EXP 	Display Frame 3
540.6576 	EXP 	Display Frame 4
540.6910 	EXP 	Display Frame 5
540.7243 	EXP 	Display Frame 6
540.7577 	EXP 	Display Frame 7
540.7911 	EXP 	Display Frame 8
540.8243 	EXP 	Display Frame 9
540.8577 	EXP 	Display Frame 0
540.8910 	EXP 	Display Frame 1
540.9244 	EXP 	Display Frame 2
540.9576 	EXP 	Display Frame 3
540.9911 	EXP 	Display Frame 4
541.0244 	EXP 	Display Frame 5
541.0577 	EXP 	Display Frame 6
541.0910 	EXP 	Display Frame 7
541.1245 	EXP 	Display Frame 8
541.1576 	EXP 	Display Frame 9
541.1910 	EXP 	Display Frame 0
541.2242 	EXP 	Display Frame 1
541.2578 	EXP 	Display Frame 2
541.2910 	EXP 	Display Frame 3
541.3243 	EXP 	Display Frame 4
541.3577 	EXP 	Display Frame 5
541.3910 	EXP 	Display Frame 6
541.4244 	EXP 	Display Frame 7
541.4576 	EXP 	Display Frame 8
541.4910 	EXP 	Display Frame 9
541.5243 	EXP 	Display Frame 0
541.5576 	EXP 	Display Frame 1
541.5909 	EXP 	Display Frame 2
541.6244 	EXP 	Display Frame 3
541.6579 	EXP 	Display Frame 4
541.6910 	EXP 	Display Frame 5
541.7243 	EXP 	Display Frame 6
541.7576 	EXP 	Display Frame 7
541.7930 	EXP 	Display Frame 8
541.8244 	EXP 	Display Frame 9
541.8576 	EXP 	Display Frame 0
541.8910 	EXP 	Display Frame 1
541.9243 	EXP 	Display Frame 2
541.9576 	EXP 	Display Frame 3
541.9910 	EXP 	Display Frame 4
542.0243 	EXP 	Display Frame 5
542.0577 	EXP 	Display Frame 6
542.0911 	EXP 	Display Frame 7
542.1243 	EXP 	Display Frame 8
542.1576 	EXP 	Display Frame 9
542.1910 	EXP 	Display Frame 0
542.2242 	EXP 	Display Frame 1
542.2576 	EXP 	Display Frame 2
542.2911 	EXP 	Display Frame 3
542.3243 	EXP 	Display Frame 4
542.3576 	EXP 	Display Frame 5
542.3909 	EXP 	Display Frame 6
542.4243 	EXP 	Display Frame 7
542.4576 	EXP 	Display Frame 8
542.4910 	EXP 	Display Frame 9
542.5243 	EXP 	Display Frame 0
542.5577 	EXP 	Display Frame 1
542.5911 	EXP 	Display Frame 2
542.6243 	EXP 	Display Frame 3
542.6576 	EXP 	Display Frame 4
542.6910 	EXP 	Display Frame 5
542.7243 	EXP 	Display Frame 6
542.7576 	EXP 	Display Frame 7
542.7910 	EXP 	Display Frame 8
542.8244 	EXP 	Display Frame 9
542.8576 	EXP 	Display Frame 0
542.8910 	EXP 	Display Frame 1
542.9244 	EXP 	Display Frame 2
542.9576 	EXP 	Display Frame 3
542.9911 	EXP 	Display Frame 4
543.0243 	EXP 	Display Frame 5
543.0577 	EXP 	Display Frame 6
543.0910 	EXP 	Display Frame 7
543.1245 	EXP 	Display Frame 8
543.1576 	EXP 	Display Frame 9
543.1910 	EXP 	Display Frame 0
543.2243 	EXP 	Display Frame 1
543.2576 	EXP 	Display Frame 2
543.2909 	EXP 	Display Frame 3
543.3244 	EXP 	Display Frame 4
543.3577 	EXP 	Display Frame 5
543.3909 	EXP 	Display Frame 6
543.4244 	EXP 	Display Frame 7
543.4578 	EXP 	Display Frame 8
543.4910 	EXP 	Display Frame 9
543.5245 	EXP 	Display Frame 0
543.5577 	EXP 	Display Frame 1
543.5910 	EXP 	Display Frame 2
543.6245 	EXP 	Display Frame 3
543.6577 	EXP 	Display Frame 4
543.6910 	EXP 	Display Frame 5
543.7244 	EXP 	Display Frame 6
543.7577 	EXP 	Display Frame 7
543.7910 	EXP 	Display Frame 8
543.8244 	EXP 	Display Frame 9
543.8577 	EXP 	Display Frame 0
543.8911 	EXP 	Display Frame 1
543.9244 	EXP 	Display Frame 2
543.9577 	EXP 	Display Frame 3
543.9910 	EXP 	Display Frame 4
544.0244 	EXP 	Display Frame 5
544.0577 	EXP 	Display Frame 6
544.0911 	EXP 	Display Frame 7
544.1244 	EXP 	Display Frame 8
544.1577 	EXP 	Display Frame 9
544.1910 	EXP 	Display Frame 0
544.2243 	EXP 	Display Frame 1
544.2577 	EXP 	Display Frame 2
544.2911 	EXP 	Display Frame 3
544.3243 	EXP 	Display Frame 4
544.3578 	EXP 	Display Frame 5
544.3910 	EXP 	Display Frame 6
544.4243 	EXP 	Display Frame 7
544.4577 	EXP 	Display Frame 8
544.4910 	EXP 	Display Frame 9
544.5244 	EXP 	Display Frame 0
544.5578 	EXP 	Display Frame 1
544.5910 	EXP 	Display Frame 2
544.6244 	EXP 	Display Frame 3
544.6577 	EXP 	Display Frame 4
544.6911 	EXP 	Display Frame 5
544.7244 	EXP 	Display Frame 6
544.7577 	EXP 	Display Frame 7
544.7910 	EXP 	Display Frame 8
544.8245 	EXP 	Display Frame 9
544.8577 	EXP 	Display Frame 0
544.8910 	EXP 	Display Frame 1
544.9244 	EXP 	Display Frame 2
544.9577 	EXP 	Display Frame 3
544.9910 	EXP 	Display Frame 4
545.0244 	EXP 	Display Frame 5
545.0578 	EXP 	Display Frame 6
545.0910 	EXP 	Display Frame 7
545.1244 	EXP 	Display Frame 8
545.1577 	EXP 	Display Frame 9
545.1911 	EXP 	Display Frame 0
545.2243 	EXP 	Display Frame 1
545.2577 	EXP 	Display Frame 2
545.2910 	EXP 	Display Frame 3
545.3246 	EXP 	Display Frame 4
545.3577 	EXP 	Display Frame 5
545.3910 	EXP 	Display Frame 6
545.4244 	EXP 	Display Frame 7
545.4578 	EXP 	Display Frame 8
545.4911 	EXP 	Display Frame 9
545.5244 	EXP 	Display Frame 0
545.5577 	EXP 	Display Frame 1
545.5911 	EXP 	Display Frame 2
545.6244 	EXP 	Display Frame 3
545.6577 	EXP 	Display Frame 4
545.6911 	EXP 	Display Frame 5
545.7244 	EXP 	Display Frame 6
545.7577 	EXP 	Display Frame 7
545.7908 	DATA 	Keypress: equal
545.7922 	EXP 	Display Frame 8
545.8243 	EXP 	Display Frame 9
545.8580 	EXP 	Display Frame 0
545.8911 	EXP 	Display Frame 1
545.9244 	EXP 	Display Frame 2
545.9576 	EXP 	Display Frame 3
545.9910 	EXP 	Display Frame 4
546.0244 	EXP 	Display Frame 5
546.0577 	EXP 	Display Frame 6
546.0910 	EXP 	Display Frame 7
546.1243 	EXP 	Display Frame 8
546.1578 	EXP 	Display Frame 9
546.1910 	EXP 	Display Frame 0
546.2242 	EXP 	Display Frame 1
546.2577 	EXP 	Display Frame 2
546.2911 	EXP 	Display Frame 3
546.3243 	EXP 	Display Frame 4
546.3577 	EXP 	Display Frame 5
546.3910 	EXP 	Display Frame 6
546.4243 	EXP 	Display Frame 7
546.4577 	EXP 	Display Frame 8
546.4911 	EXP 	Display Frame 9
546.5243 	EXP 	Display Frame 0
546.5576 	EXP 	Display Frame 1
546.5910 	EXP 	Display Frame 2
546.6243 	EXP 	Display Frame 3
546.6576 	EXP 	Display Frame 4
546.6910 	EXP 	Display Frame 5
546.7243 	EXP 	Display Frame 6
546.7578 	EXP 	Display Frame 7
546.7910 	EXP 	Display Frame 8
546.8245 	EXP 	Display Frame 9
546.8577 	EXP 	Display Frame 0
546.8910 	EXP 	Display Frame 1
546.9243 	EXP 	Display Frame 2
546.9576 	EXP 	Display Frame 3
546.9912 	EXP 	Display Frame 4
547.0243 	EXP 	Display Frame 5
547.0577 	EXP 	Display Frame 6
547.0910 	EXP 	Display Frame 7
547.1244 	EXP 	Display Frame 8
547.1577 	EXP 	Display Frame 9
547.1911 	EXP 	Display Frame 0
547.2243 	EXP 	Display Frame 1
547.2577 	EXP 	Display Frame 2
547.2911 	EXP 	Display Frame 3
547.3244 	EXP 	Display Frame 4
547.3577 	EXP 	Display Frame 5
547.3910 	EXP 	Display Frame 6
547.4244 	EXP 	Display Frame 7
547.4576 	EXP 	Display Frame 8
547.4910 	EXP 	Display Frame 9
547.5244 	EXP 	Display Frame 0
547.5577 	EXP 	Display Frame 1
547.5911 	EXP 	Display Frame 2
547.6243 	EXP 	Display Frame 3
547.6577 	EXP 	Display Frame 4
547.6911 	EXP 	Display Frame 5
547.7245 	EXP 	Display Frame 6
547.7577 	EXP 	Display Frame 7
547.7910 	EXP 	Display Frame 8
547.8244 	EXP 	Display Frame 9
547.8577 	EXP 	Display Frame 0
547.8910 	EXP 	Display Frame 1
547.9243 	EXP 	Display Frame 2
547.9577 	EXP 	Display Frame 3
547.9910 	EXP 	Display Frame 4
548.0244 	EXP 	Display Frame 5
548.0577 	EXP 	Display Frame 6
548.0911 	EXP 	Display Frame 7
548.1244 	EXP 	Display Frame 8
548.1577 	EXP 	Display Frame 9
548.1910 	EXP 	Display Frame 0
548.2243 	EXP 	Display Frame 1
548.2577 	EXP 	Display Frame 2
548.2910 	EXP 	Display Frame 3
548.3244 	EXP 	Display Frame 4
548.3577 	EXP 	Display Frame 5
548.3910 	EXP 	Display Frame 6
548.4245 	EXP 	Display Frame 7
548.4577 	EXP 	Display Frame 8
548.4911 	EXP 	Display Frame 9
548.5244 	EXP 	Display Frame 0
548.5578 	EXP 	Display Frame 1
548.5910 	EXP 	Display Frame 2
548.6245 	EXP 	Display Frame 3
548.6577 	EXP 	Display Frame 4
548.6912 	EXP 	Display Frame 5
548.7244 	EXP 	Display Frame 6
548.7578 	EXP 	Display Frame 7
548.7910 	EXP 	Display Frame 8
548.8244 	EXP 	Display Frame 9
548.8580 	EXP 	Display Frame 0
548.8910 	EXP 	Display Frame 1
548.9244 	EXP 	Display Frame 2
548.9577 	EXP 	Display Frame 3
548.9910 	EXP 	Display Frame 4
549.0244 	EXP 	Display Frame 5
549.0577 	EXP 	Display Frame 6
549.0913 	EXP 	Display Frame 7
549.1244 	EXP 	Display Frame 8
549.1578 	EXP 	Display Frame 9
549.1910 	EXP 	Display Frame 0
549.2243 	EXP 	Display Frame 1
549.2577 	EXP 	Display Frame 2
549.2910 	EXP 	Display Frame 3
549.3245 	EXP 	Display Frame 4
549.3577 	EXP 	Display Frame 5
549.3910 	EXP 	Display Frame 6
549.4244 	EXP 	Display Frame 7
549.4578 	EXP 	Display Frame 8
549.4909 	EXP 	Display Frame 9
549.5244 	EXP 	Display Frame 0
549.5577 	EXP 	Display Frame 1
549.5910 	EXP 	Display Frame 2
549.6244 	EXP 	Display Frame 3
549.6577 	EXP 	Display Frame 4
549.6910 	EXP 	Display Frame 5
549.7244 	EXP 	Display Frame 6
549.7577 	EXP 	Display Frame 7
549.7911 	EXP 	Display Frame 8
549.8244 	EXP 	Display Frame 9
549.8577 	EXP 	Display Frame 0
549.8912 	EXP 	Display Frame 1
549.9243 	EXP 	Display Frame 2
549.9577 	EXP 	Display Frame 3
549.9910 	EXP 	Display Frame 4
550.0243 	EXP 	Display Frame 5
550.0577 	EXP 	Display Frame 6
550.0910 	EXP 	Display Frame 7
550.1243 	EXP 	Display Frame 8
550.1577 	EXP 	Display Frame 9
550.1910 	EXP 	Display Frame 0
550.2243 	EXP 	Display Frame 1
550.2577 	EXP 	Display Frame 2
550.2910 	EXP 	Display Frame 3
550.3244 	EXP 	Display Frame 4
550.3577 	EXP 	Display Frame 5
550.3910 	EXP 	Display Frame 6
550.4244 	EXP 	Display Frame 7
550.4577 	EXP 	Display Frame 8
550.4911 	EXP 	Display Frame 9
550.5244 	EXP 	Display Frame 0
550.5577 	EXP 	Display Frame 1
550.5910 	EXP 	Display Frame 2
550.6244 	EXP 	Display Frame 3
550.6577 	EXP 	Display Frame 4
550.6910 	EXP 	Display Frame 5
550.7244 	EXP 	Display Frame 6
550.7577 	EXP 	Display Frame 7
550.7909 	EXP 	Display Frame 8
550.8245 	EXP 	Display Frame 9
550.8577 	EXP 	Display Frame 0
550.8911 	EXP 	Display Frame 1
550.9243 	EXP 	Display Frame 2
550.9577 	EXP 	Display Frame 3
550.9910 	DATA 	Keypress: equal
550.9926 	EXP 	Display Frame 4
551.0242 	EXP 	Display Frame 5
551.0576 	EXP 	Display Frame 6
551.0909 	EXP 	Display Frame 7
551.1244 	EXP 	Display Frame 8
551.1576 	EXP 	Display Frame 9
551.1910 	EXP 	Display Frame 0
551.2242 	EXP 	Display Frame 1
551.2576 	EXP 	Display Frame 2
551.2909 	EXP 	Display Frame 3
551.3244 	EXP 	Display Frame 4
551.3576 	EXP 	Display Frame 5
551.3909 	EXP 	Display Frame 6
551.4243 	EXP 	Display Frame 7
551.4577 	EXP 	Display Frame 8
551.4909 	EXP 	Display Frame 9
551.5246 	EXP 	Display Frame 0
551.5576 	EXP 	Display Frame 1
551.5910 	EXP 	Display Frame 2
551.6243 	EXP 	Display Frame 3
551.6578 	EXP 	Display Frame 4
551.6909 	EXP 	Display Frame 5
551.7243 	EXP 	Display Frame 6
551.7576 	EXP 	Display Frame 7
551.7909 	EXP 	Display Frame 8
551.8243 	EXP 	Display Frame 9
551.8576 	EXP 	Display Frame 0
551.8909 	EXP 	Display Frame 1
551.9243 	EXP 	Display Frame 2
551.9576 	EXP 	Display Frame 3
551.9910 	EXP 	Display Frame 4
552.0243 	EXP 	Display Frame 5
552.0577 	EXP 	Display Frame 6
552.0910 	EXP 	Display Frame 7
552.1244 	EXP 	Display Frame 8
552.1577 	EXP 	Display Frame 9
552.1910 	EXP 	Display Frame 0
552.2243 	EXP 	Display Frame 1
552.2577 	EXP 	Display Frame 2
552.2910 	EXP 	Display Frame 3
552.3244 	EXP 	Display Frame 4
552.3577 	EXP 	Display Frame 5
552.3910 	EXP 	Display Frame 6
552.4244 	EXP 	Display Frame 7
552.4577 	EXP 	Display Frame 8
552.4911 	EXP 	Display Frame 9
552.5244 	EXP 	Display Frame 0
552.5578 	EXP 	Display Frame 1
552.5910 	EXP 	Display Frame 2
552.6244 	EXP 	Display Frame 3
552.6577 	EXP 	Display Frame 4
552.6910 	EXP 	Display Frame 5
552.7244 	EXP 	Display Frame 6
552.7578 	EXP 	Display Frame 7
552.7911 	EXP 	Display Frame 8
552.8245 	EXP 	Display Frame 9
552.8577 	EXP 	Display Frame 0
552.8910 	EXP 	Display Frame 1
552.9244 	EXP 	Display Frame 2
552.9578 	EXP 	Display Frame 3
552.9910 	EXP 	Display Frame 4
553.0244 	EXP 	Display Frame 5
553.0576 	EXP 	Display Frame 6
553.0910 	EXP 	Display Frame 7
553.1244 	EXP 	Display Frame 8
553.1577 	EXP 	Display Frame 9
553.1910 	EXP 	Display Frame 0
553.2243 	EXP 	Display Frame 1
553.2577 	EXP 	Display Frame 2
553.2910 	EXP 	Display Frame 3
553.3244 	EXP 	Display Frame 4
553.3577 	EXP 	Display Frame 5
553.3910 	EXP 	Display Frame 6
553.4244 	EXP 	Display Frame 7
553.4577 	EXP 	Display Frame 8
553.4910 	EXP 	Display Frame 9
553.5244 	EXP 	Display Frame 0
553.5576 	EXP 	Display Frame 1
553.5911 	EXP 	Display Frame 2
553.6244 	EXP 	Display Frame 3
553.6578 	EXP 	Display Frame 4
553.6910 	EXP 	Display Frame 5
553.7243 	EXP 	Display Frame 6
553.7577 	EXP 	Display Frame 7
553.7911 	EXP 	Display Frame 8
553.8244 	EXP 	Display Frame 9
553.8578 	EXP 	Display Frame 0
553.8910 	EXP 	Display Frame 1
553.9244 	EXP 	Display Frame 2
553.9577 	EXP 	Display Frame 3
553.9910 	EXP 	Display Frame 4
554.0244 	EXP 	Display Frame 5
554.0578 	EXP 	Display Frame 6
554.0910 	EXP 	Display Frame 7
554.1245 	EXP 	Display Frame 8
554.1577 	EXP 	Display Frame 9
554.1910 	EXP 	Display Frame 0
554.2243 	EXP 	Display Frame 1
554.2577 	EXP 	Display Frame 2
554.2911 	EXP 	Display Frame 3
554.3244 	EXP 	Display Frame 4
554.3577 	EXP 	Display Frame 5
554.3910 	EXP 	Display Frame 6
554.4243 	EXP 	Display Frame 7
554.4577 	EXP 	Display Frame 8
554.4910 	EXP 	Display Frame 9
554.5244 	EXP 	Display Frame 0
554.5577 	EXP 	Display Frame 1
554.5910 	EXP 	Display Frame 2
554.6244 	EXP 	Display Frame 3
554.6577 	EXP 	Display Frame 4
554.6910 	EXP 	Display Frame 5
554.7244 	EXP 	Display Frame 6
554.7577 	EXP 	Display Frame 7
554.7910 	EXP 	Display Frame 8
554.8245 	EXP 	Display Frame 9
554.8577 	EXP 	Display Frame 0
554.8911 	EXP 	Display Frame 1
554.9243 	EXP 	Display Frame 2
554.9578 	EXP 	Display Frame 3
554.9910 	EXP 	Display Frame 4
555.0244 	EXP 	Display Frame 5
555.0577 	EXP 	Display Frame 6
555.0910 	EXP 	Display Frame 7
555.1244 	EXP 	Display Frame 8
555.1578 	EXP 	Display Frame 9
555.1910 	EXP 	Display Frame 0
555.2243 	EXP 	Display Frame 1
555.2577 	EXP 	Display Frame 2
555.2910 	EXP 	Display Frame 3
555.3244 	EXP 	Display Frame 4
555.3577 	EXP 	Display Frame 5
555.3910 	EXP 	Display Frame 6
555.4244 	EXP 	Display Frame 7
555.4577 	EXP 	Display Frame 8
555.4910 	EXP 	Display Frame 9
555.5263 	EXP 	Display Frame 0
555.5577 	EXP 	Display Frame 1
555.5910 	EXP 	Display Frame 2
555.6244 	EXP 	Display Frame 3
555.6578 	EXP 	Display Frame 4
555.6910 	EXP 	Display Frame 5
555.7244 	EXP 	Display Frame 6
555.7577 	EXP 	Display Frame 7
555.7911 	EXP 	Display Frame 8
555.8244 	EXP 	Display Frame 9
555.8577 	EXP 	Display Frame 0
555.8910 	EXP 	Display Frame 1
555.9243 	EXP 	Display Frame 2
555.9577 	EXP 	Display Frame 3
555.9911 	EXP 	Display Frame 4
556.0244 	EXP 	Display Frame 5
556.0580 	EXP 	Display Frame 6
556.0910 	EXP 	Display Frame 7
556.1243 	EXP 	Display Frame 8
556.1577 	DATA 	Keypress: equal
556.1593 	EXP 	Display Frame 9
556.1911 	EXP 	Display Frame 0
556.2243 	EXP 	Display Frame 1
556.2577 	EXP 	Display Frame 2
556.2910 	EXP 	Display Frame 3
556.3243 	EXP 	Display Frame 4
556.3576 	EXP 	Display Frame 5
556.3910 	EXP 	Display Frame 6
556.4243 	EXP 	Display Frame 7
556.4577 	EXP 	Display Frame 8
556.4910 	EXP 	Display Frame 9
556.5243 	EXP 	Display Frame 0
556.5576 	EXP 	Display Frame 1
556.5909 	EXP 	Display Frame 2
556.6243 	EXP 	Display Frame 3
556.6576 	EXP 	Display Frame 4
556.6911 	EXP 	Display Frame 5
556.7243 	EXP 	Display Frame 6
556.7576 	EXP 	Display Frame 7
556.7910 	EXP 	Display Frame 8
556.8244 	EXP 	Display Frame 9
556.8576 	EXP 	Display Frame 0
556.8911 	EXP 	Display Frame 1
556.9243 	EXP 	Display Frame 2
556.9576 	EXP 	Display Frame 3
556.9910 	EXP 	Display Frame 4
557.0244 	EXP 	Display Frame 5
557.0577 	EXP 	Display Frame 6
557.0910 	EXP 	Display Frame 7
557.1243 	EXP 	Display Frame 8
557.1576 	EXP 	Display Frame 9
557.1910 	EXP 	Display Frame 0
557.2243 	EXP 	Display Frame 1
557.2577 	EXP 	Display Frame 2
557.2911 	EXP 	Display Frame 3
557.3244 	EXP 	Display Frame 4
557.3578 	EXP 	Display Frame 5
557.3910 	EXP 	Display Frame 6
557.4244 	EXP 	Display Frame 7
557.4577 	EXP 	Display Frame 8
557.4910 	EXP 	Display Frame 9
557.5244 	EXP 	Display Frame 0
557.5577 	EXP 	Display Frame 1
557.5910 	EXP 	Display Frame 2
557.6244 	EXP 	Display Frame 3
557.6578 	EXP 	Display Frame 4
557.6910 	EXP 	Display Frame 5
557.7244 	EXP 	Display Frame 6
557.7577 	EXP 	Display Frame 7
557.7911 	EXP 	Display Frame 8
557.8244 	EXP 	Display Frame 9
557.8577 	EXP 	Display Frame 0
557.8910 	EXP 	Display Frame 1
557.9244 	EXP 	Display Frame 2
557.9577 	EXP 	Display Frame 3
557.9911 	EXP 	Display Frame 4
558.0243 	EXP 	Display Frame 5
558.0577 	EXP 	Display Frame 6
558.0910 	EXP 	Display Frame 7
558.1244 	EXP 	Display Frame 8
558.1576 	EXP 	Display Frame 9
558.1910 	EXP 	Display Frame 0
558.2242 	EXP 	Display Frame 1
558.2577 	EXP 	Display Frame 2
558.2910 	EXP 	Display Frame 3
558.3243 	EXP 	Display Frame 4
558.3577 	EXP 	Display Frame 5
558.3910 	EXP 	Display Frame 6
558.4243 	EXP 	Display Frame 7
558.4576 	EXP 	Display Frame 8
558.4910 	EXP 	Display Frame 9
558.5243 	EXP 	Display Frame 0
558.5577 	EXP 	Display Frame 1
558.5910 	EXP 	Display Frame 2
558.6243 	EXP 	Display Frame 3
558.6576 	EXP 	Display Frame 4
558.6911 	EXP 	Display Frame 5
558.7243 	EXP 	Display Frame 6
558.7577 	EXP 	Display Frame 7
558.7910 	EXP 	Display Frame 8
558.8244 	EXP 	Display Frame 9
558.8577 	EXP 	Display Frame 0
558.8911 	EXP 	Display Frame 1
558.9243 	EXP 	Display Frame 2
558.9577 	EXP 	Display Frame 3
558.9910 	EXP 	Display Frame 4
559.0245 	EXP 	Display Frame 5
559.0577 	EXP 	Display Frame 6
559.0911 	EXP 	Display Frame 7
559.1244 	EXP 	Display Frame 8
559.1576 	EXP 	Display Frame 9
559.1910 	EXP 	Display Frame 0
559.2243 	EXP 	Display Frame 1
559.2577 	EXP 	Display Frame 2
559.2910 	EXP 	Display Frame 3
559.3244 	EXP 	Display Frame 4
559.3578 	EXP 	Display Frame 5
559.3910 	EXP 	Display Frame 6
559.4243 	EXP 	Display Frame 7
559.4577 	EXP 	Display Frame 8
559.4910 	EXP 	Display Frame 9
559.5244 	EXP 	Display Frame 0
559.5577 	EXP 	Display Frame 1
559.5910 	EXP 	Display Frame 2
559.6244 	EXP 	Display Frame 3
559.6577 	EXP 	Display Frame 4
559.6911 	EXP 	Display Frame 5
559.7248 	EXP 	Display Frame 6
559.7577 	EXP 	Display Frame 7
559.7911 	EXP 	Display Frame 8
559.8245 	EXP 	Display Frame 9
559.8577 	EXP 	Display Frame 0
559.8910 	EXP 	Display Frame 1
559.9244 	EXP 	Display Frame 2
559.9577 	EXP 	Display Frame 3
559.9911 	EXP 	Display Frame 4
560.0244 	EXP 	Display Frame 5
560.0577 	EXP 	Display Frame 6
560.0911 	EXP 	Display Frame 7
560.1244 	EXP 	Display Frame 8
560.1577 	EXP 	Display Frame 9
560.1911 	EXP 	Display Frame 0
560.2243 	EXP 	Display Frame 1
560.2578 	EXP 	Display Frame 2
560.2911 	EXP 	Display Frame 3
560.3244 	EXP 	Display Frame 4
560.3577 	EXP 	Display Frame 5
560.3910 	EXP 	Display Frame 6
560.4244 	EXP 	Display Frame 7
560.4578 	EXP 	Display Frame 8
560.4911 	EXP 	Display Frame 9
560.5244 	EXP 	Display Frame 0
560.5577 	EXP 	Display Frame 1
560.5911 	EXP 	Display Frame 2
560.6244 	EXP 	Display Frame 3
560.6577 	EXP 	Display Frame 4
560.6909 	EXP 	Display Frame 5
560.7244 	EXP 	Display Frame 6
560.7577 	EXP 	Display Frame 7
560.7910 	EXP 	Display Frame 8
560.8243 	EXP 	Display Frame 9
560.8577 	EXP 	Display Frame 0
560.8910 	EXP 	Display Frame 1
560.9262 	EXP 	Display Frame 2
560.9577 	EXP 	Display Frame 3
560.9910 	EXP 	Display Frame 4
561.0244 	EXP 	Display Frame 5
561.0577 	EXP 	Display Frame 6
561.0910 	EXP 	Display Frame 7
561.1244 	EXP 	Display Frame 8
561.1577 	EXP 	Display Frame 9
561.1912 	EXP 	Display Frame 0
561.2243 	EXP 	Display Frame 1
561.2577 	EXP 	Display Frame 2
561.2911 	EXP 	Display Frame 3
561.3244 	EXP 	Display Frame 4
561.3575 	DATA 	Keypress: equal
561.3590 	EXP 	Display Frame 5
561.3684 	EXP 	Display Fixation
566.5446 	DATA 	Keypress: equal
571.7387 	DATA 	Keypress: equal
576.9314 	DATA 	Keypress: equal
582.1255 	DATA 	Keypress: equal
587.3183 	DATA 	Keypress: equal
592.5125 	DATA 	Keypress: equal
592.5523 	EXP 	Display Frame 1
592.5809 	EXP 	Display Frame 2
592.6142 	EXP 	Display Frame 3
592.6476 	EXP 	Display Frame 4
592.6808 	EXP 	Display Frame 5
592.7141 	EXP 	Display Frame 6
592.7475 	EXP 	Display Frame 7
592.7810 	EXP 	Display Frame 8
592.8141 	EXP 	Display Frame 9
592.8474 	EXP 	Display Frame 0
592.8808 	EXP 	Display Frame 1
592.9140 	EXP 	Display Frame 2
592.9474 	EXP 	Display Frame 3
592.9808 	EXP 	Display Frame 4
593.0142 	EXP 	Display Frame 5
593.0474 	EXP 	Display Frame 6
593.0809 	EXP 	Display Frame 7
593.1141 	EXP 	Display Frame 8
593.1474 	EXP 	Display Frame 9
593.1807 	EXP 	Display Frame 0
593.2142 	EXP 	Display Frame 1
593.2473 	EXP 	Display Frame 2
593.2808 	EXP 	Display Frame 3
593.3142 	EXP 	Display Frame 4
593.3474 	EXP 	Display Frame 5
593.3808 	EXP 	Display Frame 6
593.4141 	EXP 	Display Frame 7
593.4474 	EXP 	Display Frame 8
593.4807 	EXP 	Display Frame 9
593.5140 	EXP 	Display Frame 0
593.5474 	EXP 	Display Frame 1
593.5807 	EXP 	Display Frame 2
593.6141 	EXP 	Display Frame 3
593.6474 	EXP 	Display Frame 4
593.6808 	EXP 	Display Frame 5
593.7141 	EXP 	Display Frame 6
593.7474 	EXP 	Display Frame 7
593.7808 	EXP 	Display Frame 8
593.8141 	EXP 	Display Frame 9
593.8474 	EXP 	Display Frame 0
593.8807 	EXP 	Display Frame 1
593.9141 	EXP 	Display Frame 2
593.9474 	EXP 	Display Frame 3
593.9807 	EXP 	Display Frame 4
594.0141 	EXP 	Display Frame 5
594.0474 	EXP 	Display Frame 6
594.0807 	EXP 	Display Frame 7
594.1142 	EXP 	Display Frame 8
594.1474 	EXP 	Display Frame 9
594.1809 	EXP 	Display Frame 0
594.2141 	EXP 	Display Frame 1
594.2475 	EXP 	Display Frame 2
594.2807 	EXP 	Display Frame 3
594.3142 	EXP 	Display Frame 4
594.3478 	EXP 	Display Frame 5
594.3808 	EXP 	Display Frame 6
594.4141 	EXP 	Display Frame 7
594.4475 	EXP 	Display Frame 8
594.4807 	EXP 	Display Frame 9
594.5140 	EXP 	Display Frame 0
594.5474 	EXP 	Display Frame 1
594.5808 	EXP 	Display Frame 2
594.6141 	EXP 	Display Frame 3
594.6474 	EXP 	Display Frame 4
594.6807 	EXP 	Display Frame 5
594.7141 	EXP 	Display Frame 6
594.7474 	EXP 	Display Frame 7
594.7807 	EXP 	Display Frame 8
594.8141 	EXP 	Display Frame 9
594.8474 	EXP 	Display Frame 0
594.8808 	EXP 	Display Frame 1
594.9141 	EXP 	Display Frame 2
594.9474 	EXP 	Display Frame 3
594.9807 	EXP 	Display Frame 4
595.0142 	EXP 	Display Frame 5
595.0474 	EXP 	Display Frame 6
595.0807 	EXP 	Display Frame 7
595.1141 	EXP 	Display Frame 8
595.1474 	EXP 	Display Frame 9
595.1808 	EXP 	Display Frame 0
595.2141 	EXP 	Display Frame 1
595.2474 	EXP 	Display Frame 2
595.2807 	EXP 	Display Frame 3
595.3141 	EXP 	Display Frame 4
595.3475 	EXP 	Display Frame 5
595.3808 	EXP 	Display Frame 6
595.4143 	EXP 	Display Frame 7
595.4477 	EXP 	Display Frame 8
595.4810 	EXP 	Display Frame 9
595.5141 	EXP 	Display Frame 0
595.5474 	EXP 	Display Frame 1
595.5807 	EXP 	Display Frame 2
595.6141 	EXP 	Display Frame 3
595.6474 	EXP 	Display Frame 4
595.6807 	EXP 	Display Frame 5
595.7140 	EXP 	Display Frame 6
595.7474 	EXP 	Display Frame 7
595.7807 	EXP 	Display Frame 8
595.8140 	EXP 	Display Frame 9
595.8474 	EXP 	Display Frame 0
595.8807 	EXP 	Display Frame 1
595.9140 	EXP 	Display Frame 2
595.9474 	EXP 	Display Frame 3
595.9807 	EXP 	Display Frame 4
596.0141 	EXP 	Display Frame 5
596.0474 	EXP 	Display Frame 6
596.0807 	EXP 	Display Frame 7
596.1142 	EXP 	Display Frame 8
596.1474 	EXP 	Display Frame 9
596.1807 	EXP 	Display Frame 0
596.2141 	EXP 	Display Frame 1
596.2475 	EXP 	Display Frame 2
596.2807 	EXP 	Display Frame 3
596.3140 	EXP 	Display Frame 4
596.3474 	EXP 	Display Frame 5
596.3807 	EXP 	Display Frame 6
596.4141 	EXP 	Display Frame 7
596.4475 	EXP 	Display Frame 8
596.4807 	EXP 	Display Frame 9
596.5141 	EXP 	Display Frame 0
596.5474 	EXP 	Display Frame 1
596.5808 	EXP 	Display Frame 2
596.6141 	EXP 	Display Frame 3
596.6474 	EXP 	Display Frame 4
596.6807 	EXP 	Display Frame 5
596.7141 	EXP 	Display Frame 6
596.7474 	EXP 	Display Frame 7
596.7807 	EXP 	Display Frame 8
596.8140 	EXP 	Display Frame 9
596.8474 	EXP 	Display Frame 0
596.8809 	EXP 	Display Frame 1
596.9141 	EXP 	Display Frame 2
596.9474 	EXP 	Display Frame 3
596.9808 	EXP 	Display Frame 4
597.0141 	EXP 	Display Frame 5
597.0474 	EXP 	Display Frame 6
597.0808 	EXP 	Display Frame 7
597.1141 	EXP 	Display Frame 8
597.1486 	EXP 	Display Frame 9
597.1807 	EXP 	Display Frame 0
597.2141 	EXP 	Display Frame 1
597.2474 	EXP 	Display Frame 2
597.2808 	EXP 	Display Frame 3
597.3140 	EXP 	Display Frame 4
597.3476 	EXP 	Display Frame 5
597.3807 	EXP 	Display Frame 6
597.4141 	EXP 	Display Frame 7
597.4474 	EXP 	Display Frame 8
597.4809 	EXP 	Display Frame 9
597.5141 	EXP 	Display Frame 0
597.5476 	EXP 	Display Frame 1
597.5807 	EXP 	Display Frame 2
597.6141 	EXP 	Display Frame 3
597.6474 	EXP 	Display Frame 4
597.6807 	EXP 	Display Frame 5
597.7138 	DATA 	Keypress: equal
597.7152 	EXP 	Display Frame 6
597.7474 	EXP 	Display Frame 7
597.7807 	EXP 	Display Frame 8
597.8140 	EXP 	Display Frame 9
597.8474 	EXP 	Display Frame 0
597.8807 	EXP 	Display Frame 1
597.9140 	EXP 	Display Frame 2
597.9474 	EXP 	Display Frame 3
597.9807 	EXP 	Display Frame 4
598.0141 	EXP 	Display Frame 5
598.0474 	EXP 	Display Frame 6
598.0807 	EXP 	Display Frame 7
598.1141 	EXP 	Display Frame 8
598.1474 	EXP 	Display Frame 9
598.1807 	EXP 	Display Frame 0
598.2141 	EXP 	Display Frame 1
598.2474 	EXP 	Display Frame 2
598.2807 	EXP 	Display Frame 3
598.3140 	EXP 	Display Frame 4
598.3474 	EXP 	Display Frame 5
598.3807 	EXP 	Display Frame 6
598.4141 	EXP 	Display Frame 7
598.4474 	EXP 	Display Frame 8
598.4808 	EXP 	Display Frame 9
598.5142 	EXP 	Display Frame 0
598.5474 	EXP 	Display Frame 1
598.5809 	EXP 	Display Frame 2
598.6141 	EXP 	Display Frame 3
598.6474 	EXP 	Display Frame 4
598.6808 	EXP 	Display Frame 5
598.7141 	EXP 	Display Frame 6
598.7475 	EXP 	Display Frame 7
598.7807 	EXP 	Display Frame 8
598.8140 	EXP 	Display Frame 9
598.8473 	EXP 	Display Frame 0
598.8807 	EXP 	Display Frame 1
598.9141 	EXP 	Display Frame 2
598.9474 	EXP 	Display Frame 3
598.9807 	EXP 	Display Frame 4
599.0141 	EXP 	Display Frame 5
599.0474 	EXP 	Display Frame 6
599.0808 	EXP 	Display Frame 7
599.1141 	EXP 	Display Frame 8
599.1475 	EXP 	Display Frame 9
599.1807 	EXP 	Display Frame 0
599.2141 	EXP 	Display Frame 1
599.2474 	EXP 	Display Frame 2
599.2808 	EXP 	Display Frame 3
599.3140 	EXP 	Display Frame 4
599.3475 	EXP 	Display Frame 5
599.3807 	EXP 	Display Frame 6
599.4142 	EXP 	Display Frame 7
599.4474 	EXP 	Display Frame 8
599.4807 	EXP 	Display Frame 9
599.5141 	EXP 	Display Frame 0
599.5475 	EXP 	Display Frame 1
599.5808 	EXP 	Display Frame 2
599.6142 	EXP 	Display Frame 3
599.6475 	EXP 	Display Frame 4
599.6809 	EXP 	Display Frame 5
599.7141 	EXP 	Display Frame 6
599.7476 	EXP 	Display Frame 7
599.7808 	EXP 	Display Frame 8
599.8141 	EXP 	Display Frame 9
599.8474 	EXP 	Display Frame 0
599.8809 	EXP 	Display Frame 1
599.9141 	EXP 	Display Frame 2
599.9476 	EXP 	Display Frame 3
599.9808 	EXP 	Display Frame 4
600.0141 	EXP 	Display Frame 5
600.0475 	EXP 	Display Frame 6
600.0809 	EXP 	Display Frame 7
600.1141 	EXP 	Display Frame 8
600.1474 	EXP 	Display Frame 9
600.1808 	EXP 	Display Frame 0
600.2141 	EXP 	Display Frame 1
600.2475 	EXP 	Display Frame 2
600.2808 	EXP 	Display Frame 3
600.3142 	EXP 	Display Frame 4
600.3474 	EXP 	Display Frame 5
600.3808 	EXP 	Display Frame 6
600.4141 	EXP 	Display Frame 7
600.4475 	EXP 	Display Frame 8
600.4808 	EXP 	Display Frame 9
600.5142 	EXP 	Display Frame 0
600.5475 	EXP 	Display Frame 1
600.5808 	EXP 	Display Frame 2
600.6142 	EXP 	Display Frame 3
600.6474 	EXP 	Display Frame 4
600.6808 	EXP 	Display Frame 5
600.7142 	EXP 	Display Frame 6
600.7475 	EXP 	Display Frame 7
600.7809 	EXP 	Display Frame 8
600.8141 	EXP 	Display Frame 9
600.8475 	EXP 	Display Frame 0
600.8808 	EXP 	Display Frame 1
600.9142 	EXP 	Display Frame 2
600.9475 	EXP 	Display Frame 3
600.9808 	EXP 	Display Frame 4
601.0141 	EXP 	Display Frame 5
601.0475 	EXP 	Display Frame 6
601.0808 	EXP 	Display Frame 7
601.1141 	EXP 	Display Frame 8
601.1474 	EXP 	Display Frame 9
601.1808 	EXP 	Display Frame 0
601.2141 	EXP 	Display Frame 1
601.2479 	EXP 	Display Frame 2
601.2808 	EXP 	Display Frame 3
601.3141 	EXP 	Display Frame 4
601.3475 	EXP 	Display Frame 5
601.3808 	EXP 	Display Frame 6
601.4141 	EXP 	Display Frame 7
601.4475 	EXP 	Display Frame 8
601.4808 	EXP 	Display Frame 9
601.5141 	EXP 	Display Frame 0
601.5475 	EXP 	Display Frame 1
601.5808 	EXP 	Display Frame 2
601.6143 	EXP 	Display Frame 3
601.6475 	EXP 	Display Frame 4
601.6808 	EXP 	Display Frame 5
601.7143 	EXP 	Display Frame 6
601.7477 	EXP 	Display Frame 7
601.7807 	EXP 	Display Frame 8
601.8141 	EXP 	Display Frame 9
601.8475 	EXP 	Display Frame 0
601.8808 	EXP 	Display Frame 1
601.9142 	EXP 	Display Frame 2
601.9475 	EXP 	Display Frame 3
601.9807 	EXP 	Display Frame 4
602.0141 	EXP 	Display Frame 5
602.0474 	EXP 	Display Frame 6
602.0807 	EXP 	Display Frame 7
602.1141 	EXP 	Display Frame 8
602.1475 	EXP 	Display Frame 9
602.1808 	EXP 	Display Frame 0
602.2142 	EXP 	Display Frame 1
602.2476 	EXP 	Display Frame 2
602.2807 	EXP 	Display Frame 3
602.3141 	EXP 	Display Frame 4
602.3474 	EXP 	Display Frame 5
602.3807 	EXP 	Display Frame 6
602.4140 	EXP 	Display Frame 7
602.4474 	EXP 	Display Frame 8
602.4808 	EXP 	Display Frame 9
602.5142 	EXP 	Display Frame 0
602.5474 	EXP 	Display Frame 1
602.5808 	EXP 	Display Frame 2
602.6141 	EXP 	Display Frame 3
602.6474 	EXP 	Display Frame 4
602.6808 	EXP 	Display Frame 5
602.7141 	EXP 	Display Frame 6
602.7476 	EXP 	Display Frame 7
602.7807 	EXP 	Display Frame 8
602.8140 	EXP 	Display Frame 9
602.8474 	EXP 	Display Frame 0
602.8808 	EXP 	Display Frame 1
602.9139 	DATA 	Keypress: equal
602.9153 	EXP 	Display Frame 2
602.9474 	EXP 	Display Frame 3
602.9807 	EXP 	Display Frame 4
603.0140 	EXP 	Display Frame 5
603.0474 	EXP 	Display Frame 6
603.0807 	EXP 	Display Frame 7
603.1141 	EXP 	Display Frame 8
603.1474 	EXP 	Display Frame 9
603.1807 	EXP 	Display Frame 0
603.2141 	EXP 	Display Frame 1
603.2474 	EXP 	Display Frame 2
603.2807 	EXP 	Display Frame 3
603.3141 	EXP 	Display Frame 4
603.3474 	EXP 	Display Frame 5
603.3807 	EXP 	Display Frame 6
603.4141 	EXP 	Display Frame 7
603.4474 	EXP 	Display Frame 8
603.4808 	EXP 	Display Frame 9
603.5141 	EXP 	Display Frame 0
603.5475 	EXP 	Display Frame 1
603.5807 	EXP 	Display Frame 2
603.6141 	EXP 	Display Frame 3
603.6474 	EXP 	Display Frame 4
603.6807 	EXP 	Display Frame 5
603.7141 	EXP 	Display Frame 6
603.7474 	EXP 	Display Frame 7
603.7807 	EXP 	Display Frame 8
603.8142 	EXP 	Display Frame 9
603.8474 	EXP 	Display Frame 0
603.8809 	EXP 	Display Frame 1
603.9140 	EXP 	Display Frame 2
603.9475 	EXP 	Display Frame 3
603.9809 	EXP 	Display Frame 4
604.0140 	EXP 	Display Frame 5
604.0474 	EXP 	Display Frame 6
604.0808 	EXP 	Display Frame 7
604.1141 	EXP 	Display Frame 8
604.1474 	EXP 	Display Frame 9
604.1807 	EXP 	Display Frame 0
604.2142 	EXP 	Display Frame 1
604.2474 	EXP 	Display Frame 2
604.2807 	EXP 	Display Frame 3
604.3141 	EXP 	Display Frame 4
604.3474 	EXP 	Display Frame 5
604.3807 	EXP 	Display Frame 6
604.4140 	EXP 	Display Frame 7
604.4474 	EXP 	Display Frame 8
604.4807 	EXP 	Display Frame 9
604.5141 	EXP 	Display Frame 0
604.5474 	EXP 	Display Frame 1
604.5807 	EXP 	Display Frame 2
604.6141 	EXP 	Display Frame 3
604.6474 	EXP 	Display Frame 4
604.6807 	EXP 	Display Frame 5
604.7141 	EXP 	Display Frame 6
604.7474 	EXP 	Display Frame 7
604.7808 	EXP 	Display Frame 8
604.8141 	EXP 	Display Frame 9
604.8474 	EXP 	Display Frame 0
604.8808 	EXP 	Display Frame 1
604.9142 	EXP 	Display Frame 2
604.9474 	EXP 	Display Frame 3
604.9808 	EXP 	Display Frame 4
605.0140 	EXP 	Display Frame 5
605.0476 	EXP 	Display Frame 6
605.0808 	EXP 	Display Frame 7
605.1140 	EXP 	Display Frame 8
605.1474 	EXP 	Display Frame 9
605.1807 	EXP 	Display Frame 0
605.2141 	EXP 	Display Frame 1
605.2474 	EXP 	Display Frame 2
605.2807 	EXP 	Display Frame 3
605.3141 	EXP 	Display Frame 4
605.3474 	EXP 	Display Frame 5
605.3807 	EXP 	Display Frame 6
605.4142 	EXP 	Display Frame 7
605.4474 	EXP 	Display Frame 8
605.4808 	EXP 	Display Frame 9
605.5141 	EXP 	Display Frame 0
605.5474 	EXP 	Display Frame 1
605.5807 	EXP 	Display Frame 2
605.6142 	EXP 	Display Frame 3
605.6474 	EXP 	Display Frame 4
605.6807 	EXP 	Display Frame 5
605.7141 	EXP 	Display Frame 6
605.7474 	EXP 	Display Frame 7
605.7807 	EXP 	Display Frame 8
605.8142 	EXP 	Display Frame 9
605.8474 	EXP 	Display Frame 0
605.8808 	EXP 	Display Frame 1
605.9142 	EXP 	Display Frame 2
605.9474 	EXP 	Display Frame 3
605.9808 	EXP 	Display Frame 4
606.0142 	EXP 	Display Frame 5
606.0475 	EXP 	Display Frame 6
606.0808 	EXP 	Display Frame 7
606.1141 	EXP 	Display Frame 8
606.1476 	EXP 	Display Frame 9
606.1818 	EXP 	Display Frame 0
606.2142 	EXP 	Display Frame 1
606.2475 	EXP 	Display Frame 2
606.2809 	EXP 	Display Frame 3
606.3141 	EXP 	Display Frame 4
606.3475 	EXP 	Display Frame 5
606.3808 	EXP 	Display Frame 6
606.4141 	EXP 	Display Frame 7
606.4475 	EXP 	Display Frame 8
606.4807 	EXP 	Display Frame 9
606.5142 	EXP 	Display Frame 0
606.5475 	EXP 	Display Frame 1
606.5808 	EXP 	Display Frame 2
606.6143 	EXP 	Display Frame 3
606.6475 	EXP 	Display Frame 4
606.6808 	EXP 	Display Frame 5
606.7141 	EXP 	Display Frame 6
606.7475 	EXP 	Display Frame 7
606.7808 	EXP 	Display Frame 8
606.8141 	EXP 	Display Frame 9
606.8476 	EXP 	Display Frame 0
606.8808 	EXP 	Display Frame 1
606.9141 	EXP 	Display Frame 2
606.9474 	EXP 	Display Frame 3
606.9808 	EXP 	Display Frame 4
607.0141 	EXP 	Display Frame 5
607.0475 	EXP 	Display Frame 6
607.0808 	EXP 	Display Frame 7
607.1141 	EXP 	Display Frame 8
607.1474 	EXP 	Display Frame 9
607.1808 	EXP 	Display Frame 0
607.2142 	EXP 	Display Frame 1
607.2475 	EXP 	Display Frame 2
607.2808 	EXP 	Display Frame 3
607.3142 	EXP 	Display Frame 4
607.3475 	EXP 	Display Frame 5
607.3809 	EXP 	Display Frame 6
607.4141 	EXP 	Display Frame 7
607.4475 	EXP 	Display Frame 8
607.4808 	EXP 	Display Frame 9
607.5141 	EXP 	Display Frame 0
607.5475 	EXP 	Display Frame 1
607.5808 	EXP 	Display Frame 2
607.6141 	EXP 	Display Frame 3
607.6475 	EXP 	Display Frame 4
607.6808 	EXP 	Display Frame 5
607.7141 	EXP 	Display Frame 6
607.7475 	EXP 	Display Frame 7
607.7808 	EXP 	Display Frame 8
607.8141 	EXP 	Display Frame 9
607.8475 	EXP 	Display Frame 0
607.8808 	EXP 	Display Frame 1
607.9141 	EXP 	Display Frame 2
607.9476 	EXP 	Display Frame 3
607.9808 	EXP 	Display Frame 4
608.0141 	EXP 	Display Frame 5
608.0475 	EXP 	Display Frame 6
608.0808 	EXP 	Display Frame 7
608.1139 	DATA 	Keypress: equal
608.1155 	EXP 	Display Frame 8
608.1475 	EXP 	Display Frame 9
608.1811 	EXP 	Display Frame 0
608.2142 	EXP 	Display Frame 1
608.2474 	EXP 	Display Frame 2
608.2809 	EXP 	Display Frame 3
608.3141 	EXP 	Display Frame 4
608.3474 	EXP 	Display Frame 5
608.3807 	EXP 	Display Frame 6
608.4141 	EXP 	Display Frame 7
608.4474 	EXP 	Display Frame 8
608.4807 	EXP 	Display Frame 9
608.5141 	EXP 	Display Frame 0
608.5474 	EXP 	Display Frame 1
608.5807 	EXP 	Display Frame 2
608.6141 	EXP 	Display Frame 3
608.6474 	EXP 	Display Frame 4
608.6807 	EXP 	Display Frame 5
608.7142 	EXP 	Display Frame 6
608.7474 	EXP 	Display Frame 7
608.7808 	EXP 	Display Frame 8
608.8141 	EXP 	Display Frame 9
608.8474 	EXP 	Display Frame 0
608.8807 	EXP 	Display Frame 1
608.9142 	EXP 	Display Frame 2
608.9474 	EXP 	Display Frame 3
608.9807 	EXP 	Display Frame 4
609.0140 	EXP 	Display Frame 5
609.0474 	EXP 	Display Frame 6
609.0807 	EXP 	Display Frame 7
609.1141 	EXP 	Display Frame 8
609.1474 	EXP 	Display Frame 9
609.1810 	EXP 	Display Frame 0
609.2141 	EXP 	Display Frame 1
609.2475 	EXP 	Display Frame 2
609.2807 	EXP 	Display Frame 3
609.3141 	EXP 	Display Frame 4
609.3474 	EXP 	Display Frame 5
609.3807 	EXP 	Display Frame 6
609.4141 	EXP 	Display Frame 7
609.4474 	EXP 	Display Frame 8
609.4808 	EXP 	Display Frame 9
609.5140 	EXP 	Display Frame 0
609.5474 	EXP 	Display Frame 1
609.5807 	EXP 	Display Frame 2
609.6141 	EXP 	Display Frame 3
609.6474 	EXP 	Display Frame 4
609.6807 	EXP 	Display Frame 5
609.7140 	EXP 	Display Frame 6
609.7474 	EXP 	Display Frame 7
609.7807 	EXP 	Display Frame 8
609.8142 	EXP 	Display Frame 9
609.8474 	EXP 	Display Frame 0
609.8807 	EXP 	Display Frame 1
609.9140 	EXP 	Display Frame 2
609.9475 	EXP 	Display Frame 3
609.9807 	EXP 	Display Frame 4
610.0140 	EXP 	Display Frame 5
610.0473 	EXP 	Display Frame 6
610.0807 	EXP 	Display Frame 7
610.1141 	EXP 	Display Frame 8
610.1474 	EXP 	Display Frame 9
610.1807 	EXP 	Display Frame 0
610.2142 	EXP 	Display Frame 1
610.2474 	EXP 	Display Frame 2
610.2807 	EXP 	Display Frame 3
610.3140 	EXP 	Display Frame 4
610.3474 	EXP 	Display Frame 5
610.3807 	EXP 	Display Frame 6
610.4140 	EXP 	Display Frame 7
610.4475 	EXP 	Display Frame 8
610.4807 	EXP 	Display Frame 9
610.5140 	EXP 	Display Frame 0
610.5474 	EXP 	Display Frame 1
610.5808 	EXP 	Display Frame 2
610.6141 	EXP 	Display Frame 3
610.6474 	EXP 	Display Frame 4
610.6808 	EXP 	Display Frame 5
610.7141 	EXP 	Display Frame 6
610.7474 	EXP 	Display Frame 7
610.7809 	EXP 	Display Frame 8
610.8142 	EXP 	Display Frame 9
610.8475 	EXP 	Display Frame 0
610.8808 	EXP 	Display Frame 1
610.9142 	EXP 	Display Frame 2
610.9475 	EXP 	Display Frame 3
610.9808 	EXP 	Display Frame 4
611.0141 	EXP 	Display Frame 5
611.0475 	EXP 	Display Frame 6
611.0808 	EXP 	Display Frame 7
611.1141 	EXP 	Display Frame 8
611.1475 	EXP 	Display Frame 9
611.1808 	EXP 	Display Frame 0
611.2141 	EXP 	Display Frame 1
611.2475 	EXP 	Display Frame 2
611.2808 	EXP 	Display Frame 3
611.3142 	EXP 	Display Frame 4
611.3474 	EXP 	Display Frame 5
611.3808 	EXP 	Display Frame 6
611.4141 	EXP 	Display Frame 7
611.4475 	EXP 	Display Frame 8
611.4808 	EXP 	Display Frame 9
611.5141 	EXP 	Display Frame 0
611.5474 	EXP 	Display Frame 1
611.5809 	EXP 	Display Frame 2
611.6142 	EXP 	Display Frame 3
611.6476 	EXP 	Display Frame 4
611.6807 	EXP 	Display Frame 5
611.7141 	EXP 	Display Frame 6
611.7475 	EXP 	Display Frame 7
611.7808 	EXP 	Display Frame 8
611.8141 	EXP 	Display Frame 9
611.8475 	EXP 	Display Frame 0
611.8808 	EXP 	Display Frame 1
611.9142 	EXP 	Display Frame 2
611.9475 	EXP 	Display Frame 3
611.9807 	EXP 	Display Frame 4
612.0141 	EXP 	Display Frame 5
612.0474 	EXP 	Display Frame 6
612.0807 	EXP 	Display Frame 7
612.1141 	EXP 	Display Frame 8
612.1474 	EXP 	Display Frame 9
612.1808 	EXP 	Display Frame 0
612.2140 	EXP 	Display Frame 1
612.2474 	EXP 	Display Frame 2
612.2808 	EXP 	Display Frame 3
612.3141 	EXP 	Display Frame 4
612.3475 	EXP 	Display Frame 5
612.3807 	EXP 	Display Frame 6
612.4141 	EXP 	Display Frame 7
612.4474 	EXP 	Display Frame 8
612.4808 	EXP 	Display Frame 9
612.5141 	EXP 	Display Frame 0
612.5474 	EXP 	Display Frame 1
612.5807 	EXP 	Display Frame 2
612.6141 	EXP 	Display Frame 3
612.6475 	EXP 	Display Frame 4
612.6808 	EXP 	Display Frame 5
612.7141 	EXP 	Display Frame 6
612.7474 	EXP 	Display Frame 7
612.7807 	EXP 	Display Frame 8
612.8141 	EXP 	Display Frame 9
612.8474 	EXP 	Display Frame 0
612.8807 	EXP 	Display Frame 1
612.9141 	EXP 	Display Frame 2
612.9474 	EXP 	Display Frame 3
612.9808 	EXP 	Display Frame 4
613.0141 	EXP 	Display Frame 5
613.0476 	EXP 	Display Frame 6
613.0808 	EXP 	Display Frame 7
613.1142 	EXP 	Display Frame 8
613.1476 	EXP 	Display Frame 9
613.1809 	EXP 	Display Frame 0
613.2141 	EXP 	Display Frame 1
613.2487 	EXP 	Display Frame 2
613.2808 	EXP 	Display Frame 3
613.3141 	DATA 	Keypress: equal
613.3158 	EXP 	Display Frame 4
613.3474 	EXP 	Display Frame 5
613.3808 	EXP 	Display Frame 6
613.4141 	EXP 	Display Frame 7
613.4475 	EXP 	Display Frame 8
613.4807 	EXP 	Display Frame 9
613.5142 	EXP 	Display Frame 0
613.5474 	EXP 	Display Frame 1
613.5807 	EXP 	Display Frame 2
613.6141 	EXP 	Display Frame 3
613.6475 	EXP 	Display Frame 4
613.6807 	EXP 	Display Frame 5
613.7140 	EXP 	Display Frame 6
613.7474 	EXP 	Display Frame 7
613.7807 	EXP 	Display Frame 8
613.8141 	EXP 	Display Frame 9
613.8474 	EXP 	Display Frame 0
613.8807 	EXP 	Display Frame 1
613.9141 	EXP 	Display Frame 2
613.9474 	EXP 	Display Frame 3
613.9807 	EXP 	Display Frame 4
614.0141 	EXP 	Display Frame 5
614.0474 	EXP 	Display Frame 6
614.0808 	EXP 	Display Frame 7
614.1140 	EXP 	Display Frame 8
614.1475 	EXP 	Display Frame 9
614.1808 	EXP 	Display Frame 0
614.2141 	EXP 	Display Frame 1
614.2474 	EXP 	Display Frame 2
614.2808 	EXP 	Display Frame 3
614.3140 	EXP 	Display Frame 4
614.3474 	EXP 	Display Frame 5
614.3807 	EXP 	Display Frame 6
614.4140 	EXP 	Display Frame 7
614.4474 	EXP 	Display Frame 8
614.4808 	EXP 	Display Frame 9
614.5140 	EXP 	Display Frame 0
614.5475 	EXP 	Display Frame 1
614.5807 	EXP 	Display Frame 2
614.6142 	EXP 	Display Frame 3
614.6476 	EXP 	Display Frame 4
614.6807 	EXP 	Display Frame 5
614.7140 	EXP 	Display Frame 6
614.7475 	EXP 	Display Frame 7
614.7807 	EXP 	Display Frame 8
614.8142 	EXP 	Display Frame 9
614.8474 	EXP 	Display Frame 0
614.8807 	EXP 	Display Frame 1
614.9142 	EXP 	Display Frame 2
614.9474 	EXP 	Display Frame 3
614.9807 	EXP 	Display Frame 4
615.0141 	EXP 	Display Frame 5
615.0474 	EXP 	Display Frame 6
615.0807 	EXP 	Display Frame 7
615.1142 	EXP 	Display Frame 8
615.1474 	EXP 	Display Frame 9
615.1808 	EXP 	Display Frame 0
615.2141 	EXP 	Display Frame 1
615.2475 	EXP 	Display Frame 2
615.2808 	EXP 	Display Frame 3
615.3141 	EXP 	Display Frame 4
615.3475 	EXP 	Display Frame 5
615.3807 	EXP 	Display Frame 6
615.4141 	EXP 	Display Frame 7
615.4475 	EXP 	Display Frame 8
615.4808 	EXP 	Display Frame 9
615.5141 	EXP 	Display Frame 0
615.5475 	EXP 	Display Frame 1
615.5808 	EXP 	Display Frame 2
615.6141 	EXP 	Display Frame 3
615.6475 	EXP 	Display Frame 4
615.6808 	EXP 	Display Frame 5
615.7142 	EXP 	Display Frame 6
615.7475 	EXP 	Display Frame 7
615.7809 	EXP 	Display Frame 8
615.8141 	EXP 	Display Frame 9
615.8476 	EXP 	Display Frame 0
615.8808 	EXP 	Display Frame 1
615.9141 	EXP 	Display Frame 2
615.9475 	EXP 	Display Frame 3
615.9808 	EXP 	Display Frame 4
616.0142 	EXP 	Display Frame 5
616.0475 	EXP 	Display Frame 6
616.0808 	EXP 	Display Frame 7
616.1141 	EXP 	Display Frame 8
616.1474 	EXP 	Display Frame 9
616.1808 	EXP 	Display Frame 0
616.2141 	EXP 	Display Frame 1
616.2475 	EXP 	Display Frame 2
616.2808 	EXP 	Display Frame 3
616.3141 	EXP 	Display Frame 4
616.3475 	EXP 	Display Frame 5
616.3808 	EXP 	Display Frame 6
616.4141 	EXP 	Display Frame 7
616.4474 	EXP 	Display Frame 8
616.4809 	EXP 	Display Frame 9
616.5141 	EXP 	Display Frame 0
616.5475 	EXP 	Display Frame 1
616.5808 	EXP 	Display Frame 2
616.6141 	EXP 	Display Frame 3
616.6474 	EXP 	Display Frame 4
616.6809 	EXP 	Display Frame 5
616.7141 	EXP 	Display Frame 6
616.7476 	EXP 	Display Frame 7
616.7808 	EXP 	Display Frame 8
616.8142 	EXP 	Display Frame 9
616.8475 	EXP 	Display Frame 0
616.8809 	EXP 	Display Frame 1
616.9141 	EXP 	Display Frame 2
616.9475 	EXP 	Display Frame 3
616.9808 	EXP 	Display Frame 4
617.0142 	EXP 	Display Frame 5
617.0475 	EXP 	Display Frame 6
617.0809 	EXP 	Display Frame 7
617.1142 	EXP 	Display Frame 8
617.1474 	EXP 	Display Frame 9
617.1808 	EXP 	Display Frame 0
617.2141 	EXP 	Display Frame 1
617.2474 	EXP 	Display Frame 2
617.2808 	EXP 	Display Frame 3
617.3141 	EXP 	Display Frame 4
617.3475 	EXP 	Display Frame 5
617.3808 	EXP 	Display Frame 6
617.4141 	EXP 	Display Frame 7
617.4475 	EXP 	Display Frame 8
617.4808 	EXP 	Display Frame 9
617.5142 	EXP 	Display Frame 0
617.5474 	EXP 	Display Frame 1
617.5808 	EXP 	Display Frame 2
617.6141 	EXP 	Display Frame 3
617.6475 	EXP 	Display Frame 4
617.6809 	EXP 	Display Frame 5
617.7141 	EXP 	Display Frame 6
617.7474 	EXP 	Display Frame 7
617.7810 	EXP 	Display Frame 8
617.8141 	EXP 	Display Frame 9
617.8476 	EXP 	Display Frame 0
617.8808 	EXP 	Display Frame 1
617.9141 	EXP 	Display Frame 2
617.9475 	EXP 	Display Frame 3
617.9808 	EXP 	Display Frame 4
618.0142 	EXP 	Display Frame 5
618.0475 	EXP 	Display Frame 6
618.0808 	EXP 	Display Frame 7
618.1141 	EXP 	Display Frame 8
618.1474 	EXP 	Display Frame 9
618.1807 	EXP 	Display Frame 0
618.2141 	EXP 	Display Frame 1
618.2474 	EXP 	Display Frame 2
618.2808 	EXP 	Display Frame 3
618.3142 	EXP 	Display Frame 4
618.3475 	EXP 	Display Frame 5
618.3808 	EXP 	Display Frame 6
618.4141 	EXP 	Display Frame 7
618.4475 	EXP 	Display Frame 8
618.4808 	EXP 	Display Frame 9
618.4815 	DATA 	Keypress: equal
618.5141 	EXP 	Display Frame 0
618.5475 	EXP 	Display Frame 1
618.5808 	EXP 	Display Frame 2
618.6141 	EXP 	Display Frame 3
618.6475 	EXP 	Display Frame 4
618.6809 	EXP 	Display Frame 5
618.7142 	EXP 	Display Frame 6
618.7474 	EXP 	Display Frame 7
618.7808 	EXP 	Display Frame 8
618.8142 	EXP 	Display Frame 9
618.8474 	EXP 	Display Frame 0
618.8808 	EXP 	Display Frame 1
618.9141 	EXP 	Display Frame 2
618.9476 	EXP 	Display Frame 3
618.9808 	EXP 	Display Frame 4
619.0141 	EXP 	Display Frame 5
619.0475 	EXP 	Display Frame 6
619.0809 	EXP 	Display Frame 7
619.1141 	EXP 	Display Frame 8
619.1475 	EXP 	Display Frame 9
619.1808 	EXP 	Display Frame 0
619.2141 	EXP 	Display Frame 1
619.2475 	EXP 	Display Frame 2
619.2808 	EXP 	Display Frame 3
619.3141 	EXP 	Display Frame 4
619.3474 	EXP 	Display Frame 5
619.3808 	EXP 	Display Frame 6
619.4141 	EXP 	Display Frame 7
619.4475 	EXP 	Display Frame 8
619.4808 	EXP 	Display Frame 9
619.5142 	EXP 	Display Frame 0
619.5475 	EXP 	Display Frame 1
619.5808 	EXP 	Display Frame 2
619.6141 	EXP 	Display Frame 3
619.6475 	EXP 	Display Frame 4
619.6808 	EXP 	Display Frame 5
619.7141 	EXP 	Display Frame 6
619.7474 	EXP 	Display Frame 7
619.7808 	EXP 	Display Frame 8
619.8141 	EXP 	Display Frame 9
619.8475 	EXP 	Display Frame 0
619.8808 	EXP 	Display Frame 1
619.9141 	EXP 	Display Frame 2
619.9474 	EXP 	Display Frame 3
619.9808 	EXP 	Display Frame 4
620.0141 	EXP 	Display Frame 5
620.0475 	EXP 	Display Frame 6
620.0810 	EXP 	Display Frame 7
620.1141 	EXP 	Display Frame 8
620.1474 	EXP 	Display Frame 9
620.1808 	EXP 	Display Frame 0
620.2140 	EXP 	Display Frame 1
620.2474 	EXP 	Display Frame 2
620.2819 	EXP 	Display Frame 3
620.3141 	EXP 	Display Frame 4
620.3474 	EXP 	Display Frame 5
620.3808 	EXP 	Display Frame 6
620.4141 	EXP 	Display Frame 7
620.4474 	EXP 	Display Frame 8
620.4808 	EXP 	Display Frame 9
620.5141 	EXP 	Display Frame 0
620.5474 	EXP 	Display Frame 1
620.5808 	EXP 	Display Frame 2
620.6141 	EXP 	Display Frame 3
620.6475 	EXP 	Display Frame 4
620.6808 	EXP 	Display Frame 5
620.7141 	EXP 	Display Frame 6
620.7474 	EXP 	Display Frame 7
620.7808 	EXP 	Display Frame 8
620.8142 	EXP 	Display Frame 9
620.8475 	EXP 	Display Frame 0
620.8808 	EXP 	Display Frame 1
620.9141 	EXP 	Display Frame 2
620.9475 	EXP 	Display Frame 3
620.9808 	EXP 	Display Frame 4
621.0142 	EXP 	Display Frame 5
621.0475 	EXP 	Display Frame 6
621.0809 	EXP 	Display Frame 7
621.1142 	EXP 	Display Frame 8
621.1475 	EXP 	Display Frame 9
621.1808 	EXP 	Display Frame 0
621.2141 	EXP 	Display Frame 1
621.2475 	EXP 	Display Frame 2
621.2809 	EXP 	Display Frame 3
621.3141 	EXP 	Display Frame 4
621.3475 	EXP 	Display Frame 5
621.3810 	EXP 	Display Frame 6
621.4141 	EXP 	Display Frame 7
621.4476 	EXP 	Display Frame 8
621.4808 	EXP 	Display Frame 9
621.5141 	EXP 	Display Frame 0
621.5474 	EXP 	Display Frame 1
621.5808 	EXP 	Display Frame 2
621.6141 	EXP 	Display Frame 3
621.6475 	EXP 	Display Frame 4
621.6808 	EXP 	Display Frame 5
621.7141 	EXP 	Display Frame 6
621.7474 	EXP 	Display Frame 7
621.7808 	EXP 	Display Frame 8
621.8141 	EXP 	Display Frame 9
621.8475 	EXP 	Display Frame 0
621.8808 	EXP 	Display Frame 1
621.9142 	EXP 	Display Frame 2
621.9475 	EXP 	Display Frame 3
621.9809 	EXP 	Display Frame 4
622.0143 	EXP 	Display Frame 5
622.0475 	EXP 	Display Frame 6
622.0808 	EXP 	Display Frame 7
622.1141 	EXP 	Display Frame 8
622.1475 	EXP 	Display Frame 9
622.1809 	EXP 	Display Frame 0
622.2141 	EXP 	Display Frame 1
622.2474 	EXP 	Display Frame 2
622.2808 	EXP 	Display Frame 3
622.3142 	EXP 	Display Frame 4
622.3475 	EXP 	Display Frame 5
622.3809 	EXP 	Display Frame 6
622.4141 	EXP 	Display Frame 7
622.4474 	EXP 	Display Frame 8
622.4808 	EXP 	Display Frame 9
622.5141 	EXP 	Display Frame 0
622.5474 	EXP 	Display Frame 1
622.5808 	EXP 	Display Frame 2
622.6142 	EXP 	Display Frame 3
622.6475 	EXP 	Display Frame 4
622.6808 	EXP 	Display Frame 5
622.7141 	EXP 	Display Frame 6
622.7475 	EXP 	Display Frame 7
622.7808 	EXP 	Display Frame 8
622.8141 	EXP 	Display Frame 9
622.8475 	EXP 	Display Frame 0
622.8808 	EXP 	Display Frame 1
622.9141 	EXP 	Display Frame 2
622.9475 	EXP 	Display Frame 3
622.9811 	EXP 	Display Frame 4
623.0142 	EXP 	Display Frame 5
623.0475 	EXP 	Display Frame 6
623.0808 	EXP 	Display Frame 7
623.1141 	EXP 	Display Frame 8
623.1475 	EXP 	Display Frame 9
623.1808 	EXP 	Display Frame 0
623.2142 	EXP 	Display Frame 1
623.2474 	EXP 	Display Frame 2
623.2809 	EXP 	Display Frame 3
623.3142 	EXP 	Display Frame 4
623.3475 	EXP 	Display Frame 5
623.3809 	EXP 	Display Frame 6
623.4141 	EXP 	Display Frame 7
623.4475 	EXP 	Display Frame 8
623.4809 	EXP 	Display Frame 9
623.5142 	EXP 	Display Frame 0
623.5475 	EXP 	Display Frame 1
623.5808 	EXP 	Display Frame 2
623.6141 	EXP 	Display Frame 3
623.6475 	EXP 	Display Frame 4
623.6806 	DATA 	Keypress: equal
623.6821 	EXP 	Display Frame 5
623.6852 	EXP 	Display Fixation
628.8676 	DATA 	Keypress: equal
634.0605 	DATA 	Keypress: equal
639.2547 	DATA 	Keypress: equal
644.4477 	DATA 	Keypress: equal
649.6416 	DATA 	Keypress: equal
654.8356 	DATA 	Keypress: equal
654.8710 	EXP 	Display Frame 1
654.9041 	EXP 	Display Frame 2
654.9372 	EXP 	Display Frame 3
654.9708 	EXP 	Display Frame 4
655.0040 	EXP 	Display Frame 5
655.0372 	EXP 	Display Frame 6
655.0706 	EXP 	Display Frame 7
655.1041 	EXP 	Display Frame 8
655.1372 	EXP 	Display Frame 9
655.1707 	EXP 	Display Frame 0
655.2040 	EXP 	Display Frame 1
655.2372 	EXP 	Display Frame 2
655.2706 	EXP 	Display Frame 3
655.3038 	EXP 	Display Frame 4
655.3373 	EXP 	Display Frame 5
655.3705 	EXP 	Display Frame 6
655.4041 	EXP 	Display Frame 7
655.4372 	EXP 	Display Frame 8
655.4706 	EXP 	Display Frame 9
655.5039 	EXP 	Display Frame 0
655.5372 	EXP 	Display Frame 1
655.5705 	EXP 	Display Frame 2
655.6039 	EXP 	Display Frame 3
655.6372 	EXP 	Display Frame 4
655.6705 	EXP 	Display Frame 5
655.7039 	EXP 	Display Frame 6
655.7374 	EXP 	Display Frame 7
655.7705 	EXP 	Display Frame 8
655.8038 	EXP 	Display Frame 9
655.8373 	EXP 	Display Frame 0
655.8705 	EXP 	Display Frame 1
655.9039 	EXP 	Display Frame 2
655.9372 	EXP 	Display Frame 3
655.9706 	EXP 	Display Frame 4
656.0039 	EXP 	Display Frame 5
656.0373 	EXP 	Display Frame 6
656.0705 	EXP 	Display Frame 7
656.1039 	EXP 	Display Frame 8
656.1372 	EXP 	Display Frame 9
656.1707 	EXP 	Display Frame 0
656.2039 	EXP 	Display Frame 1
656.2372 	EXP 	Display Frame 2
656.2705 	EXP 	Display Frame 3
656.3038 	EXP 	Display Frame 4
656.3377 	EXP 	Display Frame 5
656.3706 	EXP 	Display Frame 6
656.4038 	EXP 	Display Frame 7
656.4373 	EXP 	Display Frame 8
656.4705 	EXP 	Display Frame 9
656.5051 	EXP 	Display Frame 0
656.5372 	EXP 	Display Frame 1
656.5708 	EXP 	Display Frame 2
656.6038 	EXP 	Display Frame 3
656.6376 	EXP 	Display Frame 4
656.6705 	EXP 	Display Frame 5
656.7039 	EXP 	Display Frame 6
656.7372 	EXP 	Display Frame 7
656.7706 	EXP 	Display Frame 8
656.8039 	EXP 	Display Frame 9
656.8371 	EXP 	Display Frame 0
656.8705 	EXP 	Display Frame 1
656.9039 	EXP 	Display Frame 2
656.9372 	EXP 	Display Frame 3
656.9705 	EXP 	Display Frame 4
657.0038 	EXP 	Display Frame 5
657.0372 	EXP 	Display Frame 6
657.0706 	EXP 	Display Frame 7
657.1039 	EXP 	Display Frame 8
657.1373 	EXP 	Display Frame 9
657.1705 	EXP 	Display Frame 0
657.2039 	EXP 	Display Frame 1
657.2372 	EXP 	Display Frame 2
657.2705 	EXP 	Display Frame 3
657.3039 	EXP 	Display Frame 4
657.3373 	EXP 	Display Frame 5
657.3705 	EXP 	Display Frame 6
657.4041 	EXP 	Display Frame 7
657.4372 	EXP 	Display Frame 8
657.4705 	EXP 	Display Frame 9
657.5039 	EXP 	Display Frame 0
657.5373 	EXP 	Display Frame 1
657.5706 	EXP 	Display Frame 2
657.6038 	EXP 	Display Frame 3
657.6372 	EXP 	Display Frame 4
657.6706 	EXP 	Display Frame 5
657.7039 	EXP 	Display Frame 6
657.7373 	EXP 	Display Frame 7
657.7705 	EXP 	Display Frame 8
657.8039 	EXP 	Display Frame 9
657.8372 	EXP 	Display Frame 0
657.8704 	EXP 	Display Frame 1
657.9039 	EXP 	Display Frame 2
657.9372 	EXP 	Display Frame 3
657.9705 	EXP 	Display Frame 4
658.0039 	EXP 	Display Frame 5
658.0372 	EXP 	Display Frame 6
658.0705 	EXP 	Display Frame 7
658.1039 	EXP 	Display Frame 8
658.1372 	EXP 	Display Frame 9
658.1706 	EXP 	Display Frame 0
658.2039 	EXP 	Display Frame 1
658.2373 	EXP 	Display Frame 2
658.2706 	EXP 	Display Frame 3
658.3038 	EXP 	Display Frame 4
658.3372 	EXP 	Display Frame 5
658.3708 	EXP 	Display Frame 6
658.4039 	EXP 	Display Frame 7
658.4372 	EXP 	Display Frame 8
658.4705 	EXP 	Display Frame 9
658.5040 	EXP 	Display Frame 0
658.5384 	EXP 	Display Frame 1
658.5707 	EXP 	Display Frame 2
658.6039 	EXP 	Display Frame 3
658.6374 	EXP 	Display Frame 4
658.6705 	EXP 	Display Frame 5
658.7040 	EXP 	Display Frame 6
658.7372 	EXP 	Display Frame 7
658.7706 	EXP 	Display Frame 8
658.8038 	EXP 	Display Frame 9
658.8372 	EXP 	Display Frame 0
658.8704 	EXP 	Display Frame 1
658.9038 	EXP 	Display Frame 2
658.9372 	EXP 	Display Frame 3
658.9705 	EXP 	Display Frame 4
659.0038 	EXP 	Display Frame 5
659.0373 	EXP 	Display Frame 6
659.0705 	EXP 	Display Frame 7
659.1039 	EXP 	Display Frame 8
659.1372 	EXP 	Display Frame 9
659.1705 	EXP 	Display Frame 0
659.2039 	EXP 	Display Frame 1
659.2373 	EXP 	Display Frame 2
659.2705 	EXP 	Display Frame 3
659.3039 	EXP 	Display Frame 4
659.3372 	EXP 	Display Frame 5
659.3705 	EXP 	Display Frame 6
659.4040 	EXP 	Display Frame 7
659.4372 	EXP 	Display Frame 8
659.4706 	EXP 	Display Frame 9
659.5039 	EXP 	Display Frame 0
659.5373 	EXP 	Display Frame 1
659.5706 	EXP 	Display Frame 2
659.6039 	EXP 	Display Frame 3
659.6373 	EXP 	Display Frame 4
659.6706 	EXP 	Display Frame 5
659.7039 	EXP 	Display Frame 6
659.7374 	EXP 	Display Frame 7
659.7706 	EXP 	Display Frame 8
659.8039 	EXP 	Display Frame 9
659.8373 	EXP 	Display Frame 0
659.8705 	EXP 	Display Frame 1
659.9039 	EXP 	Display Frame 2
659.9373 	EXP 	Display Frame 3
659.9706 	EXP 	Display Frame 4
660.0039 	EXP 	Display Frame 5
660.0371 	DATA 	Keypress: equal
660.0397 	EXP 	Display Frame 6
660.0705 	EXP 	Display Frame 7
660.1039 	EXP 	Display Frame 8
660.1372 	EXP 	Display Frame 9
660.1705 	EXP 	Display Frame 0
660.2039 	EXP 	Display Frame 1
660.2372 	EXP 	Display Frame 2
660.2705 	EXP 	Display Frame 3
660.3040 	EXP 	Display Frame 4
660.3372 	EXP 	Display Frame 5
660.3705 	EXP 	Display Frame 6
660.4041 	EXP 	Display Frame 7
660.4372 	EXP 	Display Frame 8
660.4705 	EXP 	Display Frame 9
660.5040 	EXP 	Display Frame 0
660.5372 	EXP 	Display Frame 1
660.5706 	EXP 	Display Frame 2
660.6039 	EXP 	Display Frame 3
660.6372 	EXP 	Display Frame 4
660.6706 	EXP 	Display Frame 5
660.7040 	EXP 	Display Frame 6
660.7372 	EXP 	Display Frame 7
660.7705 	EXP 	Display Frame 8
660.8039 	EXP 	Display Frame 9
660.8373 	EXP 	Display Frame 0
660.8705 	EXP 	Display Frame 1
660.9039 	EXP 	Display Frame 2
660.9372 	EXP 	Display Frame 3
660.9705 	EXP 	Display Frame 4
661.0038 	EXP 	Display Frame 5
661.0372 	EXP 	Display Frame 6
661.0705 	EXP 	Display Frame 7
661.1038 	EXP 	Display Frame 8
661.1373 	EXP 	Display Frame 9
661.1706 	EXP 	Display Frame 0
661.2040 	EXP 	Display Frame 1
661.2372 	EXP 	Display Frame 2
661.2706 	EXP 	Display Frame 3
661.3039 	EXP 	Display Frame 4
661.3372 	EXP 	Display Frame 5
661.3706 	EXP 	Display Frame 6
661.4039 	EXP 	Display Frame 7
661.4373 	EXP 	Display Frame 8
661.4706 	EXP 	Display Frame 9
661.5039 	EXP 	Display Frame 0
661.5373 	EXP 	Display Frame 1
661.5706 	EXP 	Display Frame 2
661.6040 	EXP 	Display Frame 3
661.6373 	EXP 	Display Frame 4
661.6707 	EXP 	Display Frame 5
661.7039 	EXP 	Display Frame 6
661.7383 	EXP 	Display Frame 7
661.7705 	EXP 	Display Frame 8
661.8040 	EXP 	Display Frame 9
661.8372 	EXP 	Display Frame 0
661.8705 	EXP 	Display Frame 1
661.9038 	EXP 	Display Frame 2
661.9384 	EXP 	Display Frame 3
661.9705 	EXP 	Display Frame 4
662.0039 	EXP 	Display Frame 5
662.0372 	EXP 	Display Frame 6
662.0707 	EXP 	Display Frame 7
662.1039 	EXP 	Display Frame 8
662.1372 	EXP 	Display Frame 9
662.1706 	EXP 	Display Frame 0
662.2038 	EXP 	Display Frame 1
662.2372 	EXP 	Display Frame 2
662.2705 	EXP 	Display Frame 3
662.3038 	EXP 	Display Frame 4
662.3372 	EXP 	Display Frame 5
662.3705 	EXP 	Display Frame 6
662.4039 	EXP 	Display Frame 7
662.4373 	EXP 	Display Frame 8
662.4705 	EXP 	Display Frame 9
662.5039 	EXP 	Display Frame 0
662.5372 	EXP 	Display Frame 1
662.5705 	EXP 	Display Frame 2
662.6039 	EXP 	Display Frame 3
662.6372 	EXP 	Display Frame 4
662.6705 	EXP 	Display Frame 5
662.7039 	EXP 	Display Frame 6
662.7375 	EXP 	Display Frame 7
662.7705 	EXP 	Display Frame 8
662.8038 	EXP 	Display Frame 9
662.8372 	EXP 	Display Frame 0
662.8704 	EXP 	Display Frame 1
662.9042 	EXP 	Display Frame 2
662.9372 	EXP 	Display Frame 3
662.9707 	EXP 	Display Frame 4
663.0039 	EXP 	Display Frame 5
663.0372 	EXP 	Display Frame 6
663.0705 	EXP 	Display Frame 7
663.1039 	EXP 	Display Frame 8
663.1372 	EXP 	Display Frame 9
663.1705 	EXP 	Display Frame 0
663.2039 	EXP 	Display Frame 1
663.2372 	EXP 	Display Frame 2
663.2706 	EXP 	Display Frame 3
663.3038 	EXP 	Display Frame 4
663.3372 	EXP 	Display Frame 5
663.3706 	EXP 	Display Frame 6
663.4038 	EXP 	Display Frame 7
663.4372 	EXP 	Display Frame 8
663.4706 	EXP 	Display Frame 9
663.5038 	EXP 	Display Frame 0
663.5390 	EXP 	Display Frame 1
663.5708 	EXP 	Display Frame 2
663.6039 	EXP 	Display Frame 3
663.6372 	EXP 	Display Frame 4
663.6705 	EXP 	Display Frame 5
663.7039 	EXP 	Display Frame 6
663.7372 	EXP 	Display Frame 7
663.7705 	EXP 	Display Frame 8
663.8039 	EXP 	Display Frame 9
663.8372 	EXP 	Display Frame 0
663.8705 	EXP 	Display Frame 1
663.9039 	EXP 	Display Frame 2
663.9373 	EXP 	Display Frame 3
663.9718 	EXP 	Display Frame 4
664.0040 	EXP 	Display Frame 5
664.0373 	EXP 	Display Frame 6
664.0706 	EXP 	Display Frame 7
664.1039 	EXP 	Display Frame 8
664.1372 	EXP 	Display Frame 9
664.1706 	EXP 	Display Frame 0
664.2039 	EXP 	Display Frame 1
664.2372 	EXP 	Display Frame 2
664.2706 	EXP 	Display Frame 3
664.3039 	EXP 	Display Frame 4
664.3372 	EXP 	Display Frame 5
664.3707 	EXP 	Display Frame 6
664.4039 	EXP 	Display Frame 7
664.4372 	EXP 	Display Frame 8
664.4703 	EXP 	Display Frame 9
664.5040 	EXP 	Display Frame 0
664.5372 	EXP 	Display Frame 1
664.5705 	EXP 	Display Frame 2
664.6039 	EXP 	Display Frame 3
664.6373 	EXP 	Display Frame 4
664.6706 	EXP 	Display Frame 5
664.7039 	EXP 	Display Frame 6
664.7373 	EXP 	Display Frame 7
664.7706 	EXP 	Display Frame 8
664.8039 	EXP 	Display Frame 9
664.8372 	EXP 	Display Frame 0
664.8707 	EXP 	Display Frame 1
664.9039 	EXP 	Display Frame 2
664.9372 	EXP 	Display Frame 3
664.9706 	EXP 	Display Frame 4
665.0039 	EXP 	Display Frame 5
665.0373 	EXP 	Display Frame 6
665.0706 	EXP 	Display Frame 7
665.1039 	EXP 	Display Frame 8
665.1372 	EXP 	Display Frame 9
665.1705 	EXP 	Display Frame 0
665.2038 	EXP 	Display Frame 1
665.2371 	DATA 	Keypress: equal
665.2386 	EXP 	Display Frame 2
665.2705 	EXP 	Display Frame 3
665.3039 	EXP 	Display Frame 4
665.3372 	EXP 	Display Frame 5
665.3705 	EXP 	Display Frame 6
665.4042 	EXP 	Display Frame 7
665.4376 	EXP 	Display Frame 8
665.4708 	EXP 	Display Frame 9
665.5040 	EXP 	Display Frame 0
665.5372 	EXP 	Display Frame 1
665.5706 	EXP 	Display Frame 2
665.6039 	EXP 	Display Frame 3
665.6372 	EXP 	Display Frame 4
665.6705 	EXP 	Display Frame 5
665.7039 	EXP 	Display Frame 6
665.7373 	EXP 	Display Frame 7
665.7705 	EXP 	Display Frame 8
665.8038 	EXP 	Display Frame 9
665.8372 	EXP 	Display Frame 0
665.8705 	EXP 	Display Frame 1
665.9039 	EXP 	Display Frame 2
665.9373 	EXP 	Display Frame 3
665.9705 	EXP 	Display Frame 4
666.0050 	EXP 	Display Frame 5
666.0372 	EXP 	Display Frame 6
666.0706 	EXP 	Display Frame 7
666.1039 	EXP 	Display Frame 8
666.1373 	EXP 	Display Frame 9
666.1705 	EXP 	Display Frame 0
666.2038 	EXP 	Display Frame 1
666.2372 	EXP 	Display Frame 2
666.2706 	EXP 	Display Frame 3
666.3039 	EXP 	Display Frame 4
666.3372 	EXP 	Display Frame 5
666.3705 	EXP 	Display Frame 6
666.4039 	EXP 	Display Frame 7
666.4372 	EXP 	Display Frame 8
666.4705 	EXP 	Display Frame 9
666.5038 	EXP 	Display Frame 0
666.5372 	EXP 	Display Frame 1
666.5706 	EXP 	Display Frame 2
666.6039 	EXP 	Display Frame 3
666.6372 	EXP 	Display Frame 4
666.6705 	EXP 	Display Frame 5
666.7039 	EXP 	Display Frame 6
666.7372 	EXP 	Display Frame 7
666.7706 	EXP 	Display Frame 8
666.8038 	EXP 	Display Frame 9
666.8372 	EXP 	Display Frame 0
666.8705 	EXP 	Display Frame 1
666.9039 	EXP 	Display Frame 2
666.9372 	EXP 	Display Frame 3
666.9705 	EXP 	Display Frame 4
667.0038 	EXP 	Display Frame 5
667.0373 	EXP 	Display Frame 6
667.0706 	EXP 	Display Frame 7
667.1040 	EXP 	Display Frame 8
667.1372 	EXP 	Display Frame 9
667.1706 	EXP 	Display Frame 0
667.2039 	EXP 	Display Frame 1
667.2373 	EXP 	Display Frame 2
667.2706 	EXP 	Display Frame 3
667.3039 	EXP 	Display Frame 4
667.3372 	EXP 	Display Frame 5
667.3706 	EXP 	Display Frame 6
667.4039 	EXP 	Display Frame 7
667.4373 	EXP 	Display Frame 8
667.4705 	EXP 	Display Frame 9
667.5038 	EXP 	Display Frame 0
667.5372 	EXP 	Display Frame 1
667.5705 	EXP 	Display Frame 2
667.6039 	EXP 	Display Frame 3
667.6371 	EXP 	Display Frame 4
667.6705 	EXP 	Display Frame 5
667.7039 	EXP 	Display Frame 6
667.7372 	EXP 	Display Frame 7
667.7706 	EXP 	Display Frame 8
667.8039 	EXP 	Display Frame 9
667.8372 	EXP 	Display Frame 0
667.8706 	EXP 	Display Frame 1
667.9039 	EXP 	Display Frame 2
667.9373 	EXP 	Display Frame 3
667.9705 	EXP 	Display Frame 4
668.0038 	EXP 	Display Frame 5
668.0383 	EXP 	Display Frame 6
668.0707 	EXP 	Display Frame 7
668.1039 	EXP 	Display Frame 8
668.1373 	EXP 	Display Frame 9
668.1705 	EXP 	Display Frame 0
668.2038 	EXP 	Display Frame 1
668.2372 	EXP 	Display Frame 2
668.2707 	EXP 	Display Frame 3
668.3038 	EXP 	Display Frame 4
668.3372 	EXP 	Display Frame 5
668.3706 	EXP 	Display Frame 6
668.4040 	EXP 	Display Frame 7
668.4373 	EXP 	Display Frame 8
668.4705 	EXP 	Display Frame 9
668.5039 	EXP 	Display Frame 0
668.5373 	EXP 	Display Frame 1
668.5705 	EXP 	Display Frame 2
668.6051 	EXP 	Display Frame 3
668.6372 	EXP 	Display Frame 4
668.6705 	EXP 	Display Frame 5
668.7039 	EXP 	Display Frame 6
668.7372 	EXP 	Display Frame 7
668.7705 	EXP 	Display Frame 8
668.8039 	EXP 	Display Frame 9
668.8372 	EXP 	Display Frame 0
668.8705 	EXP 	Display Frame 1
668.9039 	EXP 	Display Frame 2
668.9372 	EXP 	Display Frame 3
668.9706 	EXP 	Display Frame 4
669.0039 	EXP 	Display Frame 5
669.0372 	EXP 	Display Frame 6
669.0705 	EXP 	Display Frame 7
669.1039 	EXP 	Display Frame 8
669.1372 	EXP 	Display Frame 9
669.1706 	EXP 	Display Frame 0
669.2039 	EXP 	Display Frame 1
669.2373 	EXP 	Display Frame 2
669.2705 	EXP 	Display Frame 3
669.3040 	EXP 	Display Frame 4
669.3372 	EXP 	Display Frame 5
669.3706 	EXP 	Display Frame 6
669.4039 	EXP 	Display Frame 7
669.4374 	EXP 	Display Frame 8
669.4705 	EXP 	Display Frame 9
669.5040 	EXP 	Display Frame 0
669.5371 	EXP 	Display Frame 1
669.5706 	EXP 	Display Frame 2
669.6038 	EXP 	Display Frame 3
669.6372 	EXP 	Display Frame 4
669.6706 	EXP 	Display Frame 5
669.7039 	EXP 	Display Frame 6
669.7372 	EXP 	Display Frame 7
669.7705 	EXP 	Display Frame 8
669.8039 	EXP 	Display Frame 9
669.8372 	EXP 	Display Frame 0
669.8704 	EXP 	Display Frame 1
669.9038 	EXP 	Display Frame 2
669.9372 	EXP 	Display Frame 3
669.9705 	EXP 	Display Frame 4
670.0039 	EXP 	Display Frame 5
670.0372 	EXP 	Display Frame 6
670.0704 	EXP 	Display Frame 7
670.1038 	EXP 	Display Frame 8
670.1372 	EXP 	Display Frame 9
670.1705 	EXP 	Display Frame 0
670.2038 	EXP 	Display Frame 1
670.2372 	EXP 	Display Frame 2
670.2706 	EXP 	Display Frame 3
670.3039 	EXP 	Display Frame 4
670.3372 	EXP 	Display Frame 5
670.3706 	EXP 	Display Frame 6
670.4040 	EXP 	Display Frame 7
670.4370 	DATA 	Keypress: equal
670.4386 	EXP 	Display Frame 8
670.4706 	EXP 	Display Frame 9
670.5039 	EXP 	Display Frame 0
670.5372 	EXP 	Display Frame 1
670.5705 	EXP 	Display Frame 2
670.6039 	EXP 	Display Frame 3
670.6372 	EXP 	Display Frame 4
670.6705 	EXP 	Display Frame 5
670.7038 	EXP 	Display Frame 6
670.7372 	EXP 	Display Frame 7
670.7705 	EXP 	Display Frame 8
670.8038 	EXP 	Display Frame 9
670.8372 	EXP 	Display Frame 0
670.8705 	EXP 	Display Frame 1
670.9039 	EXP 	Display Frame 2
670.9372 	EXP 	Display Frame 3
670.9706 	EXP 	Display Frame 4
671.0038 	EXP 	Display Frame 5
671.0372 	EXP 	Display Frame 6
671.0705 	EXP 	Display Frame 7
671.1039 	EXP 	Display Frame 8
671.1372 	EXP 	Display Frame 9
671.1705 	EXP 	Display Frame 0
671.2038 	EXP 	Display Frame 1
671.2372 	EXP 	Display Frame 2
671.2705 	EXP 	Display Frame 3
671.3038 	EXP 	Display Frame 4
671.3372 	EXP 	Display Frame 5
671.3705 	EXP 	Display Frame 6
671.4038 	EXP 	Display Frame 7
671.4372 	EXP 	Display Frame 8
671.4705 	EXP 	Display Frame 9
671.5038 	EXP 	Display Frame 0
671.5372 	EXP 	Display Frame 1
671.5705 	EXP 	Display Frame 2
671.6049 	EXP 	Display Frame 3
671.6372 	EXP 	Display Frame 4
671.6774 	EXP 	Display Frame 5
671.7038 	EXP 	Display Frame 6
671.7372 	EXP 	Display Frame 7
671.7706 	EXP 	Display Frame 8
671.8039 	EXP 	Display Frame 9
671.8372 	EXP 	Display Frame 0
671.8706 	EXP 	Display Frame 1
671.9038 	EXP 	Display Frame 2
671.9371 	EXP 	Display Frame 3
671.9705 	EXP 	Display Frame 4
672.0039 	EXP 	Display Frame 5
672.0372 	EXP 	Display Frame 6
672.0705 	EXP 	Display Frame 7
672.1039 	EXP 	Display Frame 8
672.1372 	EXP 	Display Frame 9
672.1705 	EXP 	Display Frame 0
672.2039 	EXP 	Display Frame 1
672.2372 	EXP 	Display Frame 2
672.2705 	EXP 	Display Frame 3
672.3038 	EXP 	Display Frame 4
672.3372 	EXP 	Display Frame 5
672.3705 	EXP 	Display Frame 6
672.4039 	EXP 	Display Frame 7
672.4372 	EXP 	Display Frame 8
672.4705 	EXP 	Display Frame 9
672.5039 	EXP 	Display Frame 0
672.5372 	EXP 	Display Frame 1
672.5705 	EXP 	Display Frame 2
672.6040 	EXP 	Display Frame 3
672.6372 	EXP 	Display Frame 4
672.6705 	EXP 	Display Frame 5
672.7038 	EXP 	Display Frame 6
672.7372 	EXP 	Display Frame 7
672.7706 	EXP 	Display Frame 8
672.8040 	EXP 	Display Frame 9
672.8373 	EXP 	Display Frame 0
672.8705 	EXP 	Display Frame 1
672.9039 	EXP 	Display Frame 2
672.9372 	EXP 	Display Frame 3
672.9706 	EXP 	Display Frame 4
673.0039 	EXP 	Display Frame 5
673.0372 	EXP 	Display Frame 6
673.0706 	EXP 	Display Frame 7
673.1039 	EXP 	Display Frame 8
673.1373 	EXP 	Display Frame 9
673.1706 	EXP 	Display Frame 0
673.2039 	EXP 	Display Frame 1
673.2373 	EXP 	Display Frame 2
673.2706 	EXP 	Display Frame 3
673.3039 	EXP 	Display Frame 4
673.3372 	EXP 	Display Frame 5
673.3706 	EXP 	Display Frame 6
673.4040 	EXP 	Display Frame 7
673.4372 	EXP 	Display Frame 8
673.4706 	EXP 	Display Frame 9
673.5040 	EXP 	Display Frame 0
673.5373 	EXP 	Display Frame 1
673.5706 	EXP 	Display Frame 2
673.6039 	EXP 	Display Frame 3
673.6377 	EXP 	Display Frame 4
673.6706 	EXP 	Display Frame 5
673.7042 	EXP 	Display Frame 6
673.7373 	EXP 	Display Frame 7
673.7707 	EXP 	Display Frame 8
673.8039 	EXP 	Display Frame 9
673.8373 	EXP 	Display Frame 0
673.8705 	EXP 	Display Frame 1
673.9040 	EXP 	Display Frame 2
673.9373 	EXP 	Display Frame 3
673.9706 	EXP 	Display Frame 4
674.0039 	EXP 	Display Frame 5
674.0373 	EXP 	Display Frame 6
674.0707 	EXP 	Display Frame 7
674.1039 	EXP 	Display Frame 8
674.1373 	EXP 	Display Frame 9
674.1706 	EXP 	Display Frame 0
674.2039 	EXP 	Display Frame 1
674.2372 	EXP 	Display Frame 2
674.2706 	EXP 	Display Frame 3
674.3039 	EXP 	Display Frame 4
674.3373 	EXP 	Display Frame 5
674.3706 	EXP 	Display Frame 6
674.4040 	EXP 	Display Frame 7
674.4373 	EXP 	Display Frame 8
674.4705 	EXP 	Display Frame 9
674.5039 	EXP 	Display Frame 0
674.5373 	EXP 	Display Frame 1
674.5706 	EXP 	Display Frame 2
674.6039 	EXP 	Display Frame 3
674.6373 	EXP 	Display Frame 4
674.6706 	EXP 	Display Frame 5
674.7040 	EXP 	Display Frame 6
674.7374 	EXP 	Display Frame 7
674.7706 	EXP 	Display Frame 8
674.8040 	EXP 	Display Frame 9
674.8373 	EXP 	Display Frame 0
674.8706 	EXP 	Display Frame 1
674.9039 	EXP 	Display Frame 2
674.9372 	EXP 	Display Frame 3
674.9706 	EXP 	Display Frame 4
675.0040 	EXP 	Display Frame 5
675.0372 	EXP 	Display Frame 6
675.0706 	EXP 	Display Frame 7
675.1039 	EXP 	Display Frame 8
675.1372 	EXP 	Display Frame 9
675.1706 	EXP 	Display Frame 0
675.2039 	EXP 	Display Frame 1
675.2373 	EXP 	Display Frame 2
675.2706 	EXP 	Display Frame 3
675.3040 	EXP 	Display Frame 4
675.3373 	EXP 	Display Frame 5
675.3706 	EXP 	Display Frame 6
675.4039 	EXP 	Display Frame 7
675.4373 	EXP 	Display Frame 8
675.4706 	EXP 	Display Frame 9
675.5039 	EXP 	Display Frame 0
675.5373 	EXP 	Display Frame 1
675.5706 	EXP 	Display Frame 2
675.6039 	EXP 	Display Frame 3
675.6371 	DATA 	Keypress: equal
675.6386 	EXP 	Display Frame 4
675.6706 	EXP 	Display Frame 5
675.7039 	EXP 	Display Frame 6
675.7372 	EXP 	Display Frame 7
675.7707 	EXP 	Display Frame 8
675.8039 	EXP 	Display Frame 9
675.8374 	EXP 	Display Frame 0
675.8705 	EXP 	Display Frame 1
675.9040 	EXP 	Display Frame 2
675.9372 	EXP 	Display Frame 3
675.9708 	EXP 	Display Frame 4
676.0039 	EXP 	Display Frame 5
676.0373 	EXP 	Display Frame 6
676.0706 	EXP 	Display Frame 7
676.1039 	EXP 	Display Frame 8
676.1373 	EXP 	Display Frame 9
676.1707 	EXP 	Display Frame 0
676.2039 	EXP 	Display Frame 1
676.2373 	EXP 	Display Frame 2
676.2708 	EXP 	Display Frame 3
676.3039 	EXP 	Display Frame 4
676.3373 	EXP 	Display Frame 5
676.3706 	EXP 	Display Frame 6
676.4039 	EXP 	Display Frame 7
676.4372 	EXP 	Display Frame 8
676.4707 	EXP 	Display Frame 9
676.5039 	EXP 	Display Frame 0
676.5373 	EXP 	Display Frame 1
676.5706 	EXP 	Display Frame 2
676.6039 	EXP 	Display Frame 3
676.6373 	EXP 	Display Frame 4
676.6706 	EXP 	Display Frame 5
676.7040 	EXP 	Display Frame 6
676.7373 	EXP 	Display Frame 7
676.7706 	EXP 	Display Frame 8
676.8040 	EXP 	Display Frame 9
676.8373 	EXP 	Display Frame 0
676.8705 	EXP 	Display Frame 1
676.9039 	EXP 	Display Frame 2
676.9373 	EXP 	Display Frame 3
676.9706 	EXP 	Display Frame 4
677.0040 	EXP 	Display Frame 5
677.0373 	EXP 	Display Frame 6
677.0707 	EXP 	Display Frame 7
677.1040 	EXP 	Display Frame 8
677.1373 	EXP 	Display Frame 9
677.1706 	EXP 	Display Frame 0
677.2040 	EXP 	Display Frame 1
677.2374 	EXP 	Display Frame 2
677.2706 	EXP 	Display Frame 3
677.3039 	EXP 	Display Frame 4
677.3373 	EXP 	Display Frame 5
677.3706 	EXP 	Display Frame 6
677.4043 	EXP 	Display Frame 7
677.4373 	EXP 	Display Frame 8
677.4706 	EXP 	Display Frame 9
677.5039 	EXP 	Display Frame 0
677.5373 	EXP 	Display Frame 1
677.5706 	EXP 	Display Frame 2
677.6039 	EXP 	Display Frame 3
677.6385 	EXP 	Display Frame 4
677.6706 	EXP 	Display Frame 5
677.7052 	EXP 	Display Frame 6
677.7373 	EXP 	Display Frame 7
677.7706 	EXP 	Display Frame 8
677.8039 	EXP 	Display Frame 9
677.8373 	EXP 	Display Frame 0
677.8706 	EXP 	Display Frame 1
677.9040 	EXP 	Display Frame 2
677.9372 	EXP 	Display Frame 3
677.9706 	EXP 	Display Frame 4
678.0039 	EXP 	Display Frame 5
678.0373 	EXP 	Display Frame 6
678.0706 	EXP 	Display Frame 7
678.1039 	EXP 	Display Frame 8
678.1373 	EXP 	Display Frame 9
678.1706 	EXP 	Display Frame 0
678.2039 	EXP 	Display Frame 1
678.2374 	EXP 	Display Frame 2
678.2706 	EXP 	Display Frame 3
678.3039 	EXP 	Display Frame 4
678.3372 	EXP 	Display Frame 5
678.3706 	EXP 	Display Frame 6
678.4039 	EXP 	Display Frame 7
678.4372 	EXP 	Display Frame 8
678.4706 	EXP 	Display Frame 9
678.5039 	EXP 	Display Frame 0
678.5372 	EXP 	Display Frame 1
678.5706 	EXP 	Display Frame 2
678.6039 	EXP 	Display Frame 3
678.6372 	EXP 	Display Frame 4
678.6706 	EXP 	Display Frame 5
678.7039 	EXP 	Display Frame 6
678.7375 	EXP 	Display Frame 7
678.7705 	EXP 	Display Frame 8
678.8040 	EXP 	Display Frame 9
678.8373 	EXP 	Display Frame 0
678.8706 	EXP 	Display Frame 1
678.9039 	EXP 	Display Frame 2
678.9372 	EXP 	Display Frame 3
678.9706 	EXP 	Display Frame 4
679.0040 	EXP 	Display Frame 5
679.0373 	EXP 	Display Frame 6
679.0707 	EXP 	Display Frame 7
679.1039 	EXP 	Display Frame 8
679.1373 	EXP 	Display Frame 9
679.1706 	EXP 	Display Frame 0
679.2039 	EXP 	Display Frame 1
679.2375 	EXP 	Display Frame 2
679.2706 	EXP 	Display Frame 3
679.3039 	EXP 	Display Frame 4
679.3374 	EXP 	Display Frame 5
679.3706 	EXP 	Display Frame 6
679.4039 	EXP 	Display Frame 7
679.4373 	EXP 	Display Frame 8
679.4706 	EXP 	Display Frame 9
679.5039 	EXP 	Display Frame 0
679.5373 	EXP 	Display Frame 1
679.5706 	EXP 	Display Frame 2
679.6039 	EXP 	Display Frame 3
679.6373 	EXP 	Display Frame 4
679.6706 	EXP 	Display Frame 5
679.7040 	EXP 	Display Frame 6
679.7384 	EXP 	Display Frame 7
679.7707 	EXP 	Display Frame 8
679.8040 	EXP 	Display Frame 9
679.8373 	EXP 	Display Frame 0
679.8706 	EXP 	Display Frame 1
679.9040 	EXP 	Display Frame 2
679.9372 	EXP 	Display Frame 3
679.9706 	EXP 	Display Frame 4
680.0039 	EXP 	Display Frame 5
680.0374 	EXP 	Display Frame 6
680.0706 	EXP 	Display Frame 7
680.1040 	EXP 	Display Frame 8
680.1373 	EXP 	Display Frame 9
680.1708 	EXP 	Display Frame 0
680.2039 	EXP 	Display Frame 1
680.2373 	EXP 	Display Frame 2
680.2706 	EXP 	Display Frame 3
680.3039 	EXP 	Display Frame 4
680.3373 	EXP 	Display Frame 5
680.3707 	EXP 	Display Frame 6
680.4040 	EXP 	Display Frame 7
680.4372 	EXP 	Display Frame 8
680.4706 	EXP 	Display Frame 9
680.5039 	EXP 	Display Frame 0
680.5373 	EXP 	Display Frame 1
680.5706 	EXP 	Display Frame 2
680.6039 	EXP 	Display Frame 3
680.6373 	EXP 	Display Frame 4
680.6706 	EXP 	Display Frame 5
680.7040 	EXP 	Display Frame 6
680.7373 	EXP 	Display Frame 7
680.7706 	EXP 	Display Frame 8
680.8038 	DATA 	Keypress: equal
680.8054 	EXP 	Display Frame 9
680.8372 	EXP 	Display Frame 0
680.8705 	EXP 	Display Frame 1
680.9039 	EXP 	Display Frame 2
680.9373 	EXP 	Display Frame 3
680.9705 	EXP 	Display Frame 4
681.0039 	EXP 	Display Frame 5
681.0373 	EXP 	Display Frame 6
681.0707 	EXP 	Display Frame 7
681.1039 	EXP 	Display Frame 8
681.1373 	EXP 	Display Frame 9
681.1706 	EXP 	Display Frame 0
681.2041 	EXP 	Display Frame 1
681.2374 	EXP 	Display Frame 2
681.2707 	EXP 	Display Frame 3
681.3039 	EXP 	Display Frame 4
681.3372 	EXP 	Display Frame 5
681.3706 	EXP 	Display Frame 6
681.4039 	EXP 	Display Frame 7
681.4373 	EXP 	Display Frame 8
681.4706 	EXP 	Display Frame 9
681.5040 	EXP 	Display Frame 0
681.5374 	EXP 	Display Frame 1
681.5706 	EXP 	Display Frame 2
681.6039 	EXP 	Display Frame 3
681.6374 	EXP 	Display Frame 4
681.6706 	EXP 	Display Frame 5
681.7040 	EXP 	Display Frame 6
681.7373 	EXP 	Display Frame 7
681.7718 	EXP 	Display Frame 8
681.8039 	EXP 	Display Frame 9
681.8373 	EXP 	Display Frame 0
681.8705 	EXP 	Display Frame 1
681.9040 	EXP 	Display Frame 2
681.9372 	EXP 	Display Frame 3
681.9706 	EXP 	Display Frame 4
682.0039 	EXP 	Display Frame 5
682.0373 	EXP 	Display Frame 6
682.0706 	EXP 	Display Frame 7
682.1039 	EXP 	Display Frame 8
682.1373 	EXP 	Display Frame 9
682.1707 	EXP 	Display Frame 0
682.2040 	EXP 	Display Frame 1
682.2373 	EXP 	Display Frame 2
682.2706 	EXP 	Display Frame 3
682.3039 	EXP 	Display Frame 4
682.3373 	EXP 	Display Frame 5
682.3707 	EXP 	Display Frame 6
682.4039 	EXP 	Display Frame 7
682.4373 	EXP 	Display Frame 8
682.4706 	EXP 	Display Frame 9
682.5040 	EXP 	Display Frame 0
682.5373 	EXP 	Display Frame 1
682.5706 	EXP 	Display Frame 2
682.6038 	EXP 	Display Frame 3
682.6373 	EXP 	Display Frame 4
682.6706 	EXP 	Display Frame 5
682.7039 	EXP 	Display Frame 6
682.7373 	EXP 	Display Frame 7
682.7705 	EXP 	Display Frame 8
682.8039 	EXP 	Display Frame 9
682.8373 	EXP 	Display Frame 0
682.8706 	EXP 	Display Frame 1
682.9039 	EXP 	Display Frame 2
682.9373 	EXP 	Display Frame 3
682.9706 	EXP 	Display Frame 4
683.0039 	EXP 	Display Frame 5
683.0373 	EXP 	Display Frame 6
683.0707 	EXP 	Display Frame 7
683.1039 	EXP 	Display Frame 8
683.1372 	EXP 	Display Frame 9
683.1706 	EXP 	Display Frame 0
683.2040 	EXP 	Display Frame 1
683.2372 	EXP 	Display Frame 2
683.2706 	EXP 	Display Frame 3
683.3039 	EXP 	Display Frame 4
683.3373 	EXP 	Display Frame 5
683.3706 	EXP 	Display Frame 6
683.4040 	EXP 	Display Frame 7
683.4373 	EXP 	Display Frame 8
683.4706 	EXP 	Display Frame 9
683.5040 	EXP 	Display Frame 0
683.5372 	EXP 	Display Frame 1
683.5706 	EXP 	Display Frame 2
683.6039 	EXP 	Display Frame 3
683.6373 	EXP 	Display Frame 4
683.6706 	EXP 	Display Frame 5
683.7039 	EXP 	Display Frame 6
683.7373 	EXP 	Display Frame 7
683.7706 	EXP 	Display Frame 8
683.8038 	EXP 	Display Frame 9
683.8373 	EXP 	Display Frame 0
683.8705 	EXP 	Display Frame 1
683.9040 	EXP 	Display Frame 2
683.9373 	EXP 	Display Frame 3
683.9706 	EXP 	Display Frame 4
684.0039 	EXP 	Display Frame 5
684.0373 	EXP 	Display Frame 6
684.0706 	EXP 	Display Frame 7
684.1039 	EXP 	Display Frame 8
684.1373 	EXP 	Display Frame 9
684.1706 	EXP 	Display Frame 0
684.2040 	EXP 	Display Frame 1
684.2373 	EXP 	Display Frame 2
684.2706 	EXP 	Display Frame 3
684.3039 	EXP 	Display Frame 4
684.3376 	EXP 	Display Frame 5
684.3706 	EXP 	Display Frame 6
684.4039 	EXP 	Display Frame 7
684.4373 	EXP 	Display Frame 8
684.4706 	EXP 	Display Frame 9
684.5040 	EXP 	Display Frame 0
684.5373 	EXP 	Display Frame 1
684.5707 	EXP 	Display Frame 2
684.6039 	EXP 	Display Frame 3
684.6374 	EXP 	Display Frame 4
684.6706 	EXP 	Display Frame 5
684.7039 	EXP 	Display Frame 6
684.7373 	EXP 	Display Frame 7
684.7706 	EXP 	Display Frame 8
684.8039 	EXP 	Display Frame 9
684.8373 	EXP 	Display Frame 0
684.8705 	EXP 	Display Frame 1
684.9039 	EXP 	Display Frame 2
684.9373 	EXP 	Display Frame 3
684.9706 	EXP 	Display Frame 4
685.0039 	EXP 	Display Frame 5
685.0373 	EXP 	Display Frame 6
685.0706 	EXP 	Display Frame 7
685.1039 	EXP 	Display Frame 8
685.1373 	EXP 	Display Frame 9
685.1705 	EXP 	Display Frame 0
685.2040 	EXP 	Display Frame 1
685.2372 	EXP 	Display Frame 2
685.2707 	EXP 	Display Frame 3
685.3039 	EXP 	Display Frame 4
685.3386 	EXP 	Display Frame 5
685.3706 	EXP 	Display Frame 6
685.4039 	EXP 	Display Frame 7
685.4373 	EXP 	Display Frame 8
685.4706 	EXP 	Display Frame 9
685.5039 	EXP 	Display Frame 0
685.5373 	EXP 	Display Frame 1
685.5706 	EXP 	Display Frame 2
685.6040 	EXP 	Display Frame 3
685.6373 	EXP 	Display Frame 4
685.6707 	EXP 	Display Frame 5
685.7052 	EXP 	Display Frame 6
685.7374 	EXP 	Display Frame 7
685.7706 	EXP 	Display Frame 8
685.8040 	EXP 	Display Frame 9
685.8373 	EXP 	Display Frame 0
685.8705 	EXP 	Display Frame 1
685.9039 	EXP 	Display Frame 2
685.9373 	EXP 	Display Frame 3
685.9706 	EXP 	Display Frame 4
686.0036 	DATA 	Keypress: equal
686.0050 	EXP 	Display Frame 5
686.0188 	EXP 	Display Fixation
691.1907 	DATA 	Keypress: equal
696.3841 	DATA 	Keypress: equal
701.5783 	DATA 	Keypress: equal
706.7710 	DATA 	Keypress: equal
711.9650 	DATA 	Keypress: equal
717.1579 	DATA 	Keypress: equal
717.1932 	EXP 	Display Frame 1
717.2261 	EXP 	Display Frame 2
717.2594 	EXP 	Display Frame 3
717.2928 	EXP 	Display Frame 4
717.3261 	EXP 	Display Frame 5
717.3594 	EXP 	Display Frame 6
717.3927 	EXP 	Display Frame 7
717.4261 	EXP 	Display Frame 8
717.4595 	EXP 	Display Frame 9
717.4928 	EXP 	Display Frame 0
717.5260 	EXP 	Display Frame 1
717.5593 	EXP 	Display Frame 2
717.5927 	EXP 	Display Frame 3
717.6260 	EXP 	Display Frame 4
717.6594 	EXP 	Display Frame 5
717.6927 	EXP 	Display Frame 6
717.7260 	EXP 	Display Frame 7
717.7593 	EXP 	Display Frame 8
717.7927 	EXP 	Display Frame 9
717.8261 	EXP 	Display Frame 0
717.8594 	EXP 	Display Frame 1
717.8926 	EXP 	Display Frame 2
717.9260 	EXP 	Display Frame 3
717.9594 	EXP 	Display Frame 4
717.9927 	EXP 	Display Frame 5
718.0260 	EXP 	Display Frame 6
718.0593 	EXP 	Display Frame 7
718.0927 	EXP 	Display Frame 8
718.1260 	EXP 	Display Frame 9
718.1593 	EXP 	Display Frame 0
718.1926 	EXP 	Display Frame 1
718.2260 	EXP 	Display Frame 2
718.2593 	EXP 	Display Frame 3
718.2927 	EXP 	Display Frame 4
718.3260 	EXP 	Display Frame 5
718.3593 	EXP 	Display Frame 6
718.3926 	EXP 	Display Frame 7
718.4260 	EXP 	Display Frame 8
718.4593 	EXP 	Display Frame 9
718.4927 	EXP 	Display Frame 0
718.5260 	EXP 	Display Frame 1
718.5594 	EXP 	Display Frame 2
718.5927 	EXP 	Display Frame 3
718.6261 	EXP 	Display Frame 4
718.6596 	EXP 	Display Frame 5
718.6927 	EXP 	Display Frame 6
718.7260 	EXP 	Display Frame 7
718.7594 	EXP 	Display Frame 8
718.7927 	EXP 	Display Frame 9
718.8261 	EXP 	Display Frame 0
718.8594 	EXP 	Display Frame 1
718.8927 	EXP 	Display Frame 2
718.9261 	EXP 	Display Frame 3
718.9599 	EXP 	Display Frame 4
718.9927 	EXP 	Display Frame 5
719.0261 	EXP 	Display Frame 6
719.0594 	EXP 	Display Frame 7
719.0927 	EXP 	Display Frame 8
719.1261 	EXP 	Display Frame 9
719.1593 	EXP 	Display Frame 0
719.1928 	EXP 	Display Frame 1
719.2260 	EXP 	Display Frame 2
719.2593 	EXP 	Display Frame 3
719.2927 	EXP 	Display Frame 4
719.3260 	EXP 	Display Frame 5
719.3593 	EXP 	Display Frame 6
719.3927 	EXP 	Display Frame 7
719.4260 	EXP 	Display Frame 8
719.4593 	EXP 	Display Frame 9
719.4927 	EXP 	Display Frame 0
719.5260 	EXP 	Display Frame 1
719.5593 	EXP 	Display Frame 2
719.5926 	EXP 	Display Frame 3
719.6260 	EXP 	Display Frame 4
719.6593 	EXP 	Display Frame 5
719.6928 	EXP 	Display Frame 6
719.7260 	EXP 	Display Frame 7
719.7594 	EXP 	Display Frame 8
719.7927 	EXP 	Display Frame 9
719.8261 	EXP 	Display Frame 0
719.8593 	EXP 	Display Frame 1
719.8927 	EXP 	Display Frame 2
719.9261 	EXP 	Display Frame 3
719.9593 	EXP 	Display Frame 4
719.9927 	EXP 	Display Frame 5
720.0261 	EXP 	Display Frame 6
720.0593 	EXP 	Display Frame 7
720.0927 	EXP 	Display Frame 8
720.1260 	EXP 	Display Frame 9
720.1594 	EXP 	Display Frame 0
720.1926 	EXP 	Display Frame 1
720.2260 	EXP 	Display Frame 2
720.2595 	EXP 	Display Frame 3
720.2927 	EXP 	Display Frame 4
720.3260 	EXP 	Display Frame 5
720.3593 	EXP 	Display Frame 6
720.3927 	EXP 	Display Frame 7
720.4260 	EXP 	Display Frame 8
720.4593 	EXP 	Display Frame 9
720.4926 	EXP 	Display Frame 0
720.5260 	EXP 	Display Frame 1
720.5596 	EXP 	Display Frame 2
720.5927 	EXP 	Display Frame 3
720.6260 	EXP 	Display Frame 4
720.6593 	EXP 	Display Frame 5
720.6927 	EXP 	Display Frame 6
720.7260 	EXP 	Display Frame 7
720.7593 	EXP 	Display Frame 8
720.7927 	EXP 	Display Frame 9
720.8260 	EXP 	Display Frame 0
720.8595 	EXP 	Display Frame 1
720.8927 	EXP 	Display Frame 2
720.9260 	EXP 	Display Frame 3
720.9593 	EXP 	Display Frame 4
720.9928 	EXP 	Display Frame 5
721.0260 	EXP 	Display Frame 6
721.0594 	EXP 	Display Frame 7
721.0927 	EXP 	Display Frame 8
721.1261 	EXP 	Display Frame 9
721.1593 	EXP 	Display Frame 0
721.1927 	EXP 	Display Frame 1
721.2260 	EXP 	Display Frame 2
721.2594 	EXP 	Display Frame 3
721.2929 	EXP 	Display Frame 4
721.3260 	EXP 	Display Frame 5
721.3594 	EXP 	Display Frame 6
721.3928 	EXP 	Display Frame 7
721.4260 	EXP 	Display Frame 8
721.4593 	EXP 	Display Frame 9
721.4927 	EXP 	Display Frame 0
721.5260 	EXP 	Display Frame 1
721.5595 	EXP 	Display Frame 2
721.5926 	EXP 	Display Frame 3
721.6260 	EXP 	Display Frame 4
721.6594 	EXP 	Display Frame 5
721.6927 	EXP 	Display Frame 6
721.7260 	EXP 	Display Frame 7
721.7594 	EXP 	Display Frame 8
721.7926 	EXP 	Display Frame 9
721.8261 	EXP 	Display Frame 0
721.8594 	EXP 	Display Frame 1
721.8929 	EXP 	Display Frame 2
721.9260 	EXP 	Display Frame 3
721.9593 	EXP 	Display Frame 4
721.9927 	EXP 	Display Frame 5
722.0261 	EXP 	Display Frame 6
722.0593 	EXP 	Display Frame 7
722.0926 	EXP 	Display Frame 8
722.1260 	EXP 	Display Frame 9
722.1593 	EXP 	Display Frame 0
722.1926 	EXP 	Display Frame 1
722.2260 	EXP 	Display Frame 2
722.2593 	EXP 	Display Frame 3
722.2929 	EXP 	Display Frame 4
722.3260 	EXP 	Display Frame 5
722.3591 	DATA 	Keypress: equal
722.3605 	EXP 	Display Frame 6
722.3927 	EXP 	Display Frame 7
722.4260 	EXP 	Display Frame 8
722.4593 	EXP 	Display Frame 9
722.4927 	EXP 	Display Frame 0
722.5260 	EXP 	Display Frame 1
722.5593 	EXP 	Display Frame 2
722.5927 	EXP 	Display Frame 3
722.6260 	EXP 	Display Frame 4
722.6593 	EXP 	Display Frame 5
722.6927 	EXP 	Display Frame 6
722.7260 	EXP 	Display Frame 7
722.7594 	EXP 	Display Frame 8
722.7927 	EXP 	Display Frame 9
722.8260 	EXP 	Display Frame 0
722.8593 	EXP 	Display Frame 1
722.8926 	EXP 	Display Frame 2
722.9260 	EXP 	Display Frame 3
722.9593 	EXP 	Display Frame 4
722.9927 	EXP 	Display Frame 5
723.0260 	EXP 	Display Frame 6
723.0593 	EXP 	Display Frame 7
723.0927 	EXP 	Display Frame 8
723.1261 	EXP 	Display Frame 9
723.1593 	EXP 	Display Frame 0
723.1926 	EXP 	Display Frame 1
723.2260 	EXP 	Display Frame 2
723.2594 	EXP 	Display Frame 3
723.2927 	EXP 	Display Frame 4
723.3262 	EXP 	Display Frame 5
723.3594 	EXP 	Display Frame 6
723.3928 	EXP 	Display Frame 7
723.4260 	EXP 	Display Frame 8
723.4593 	EXP 	Display Frame 9
723.4926 	EXP 	Display Frame 0
723.5260 	EXP 	Display Frame 1
723.5593 	EXP 	Display Frame 2
723.5927 	EXP 	Display Frame 3
723.6260 	EXP 	Display Frame 4
723.6593 	EXP 	Display Frame 5
723.6927 	EXP 	Display Frame 6
723.7260 	EXP 	Display Frame 7
723.7593 	EXP 	Display Frame 8
723.7927 	EXP 	Display Frame 9
723.8260 	EXP 	Display Frame 0
723.8594 	EXP 	Display Frame 1
723.8927 	EXP 	Display Frame 2
723.9260 	EXP 	Display Frame 3
723.9594 	EXP 	Display Frame 4
723.9927 	EXP 	Display Frame 5
724.0261 	EXP 	Display Frame 6
724.0594 	EXP 	Display Frame 7
724.0928 	EXP 	Display Frame 8
724.1261 	EXP 	Display Frame 9
724.1594 	EXP 	Display Frame 0
724.1927 	EXP 	Display Frame 1
724.2261 	EXP 	Display Frame 2
724.2594 	EXP 	Display Frame 3
724.2927 	EXP 	Display Frame 4
724.3261 	EXP 	Display Frame 5
724.3594 	EXP 	Display Frame 6
724.3927 	EXP 	Display Frame 7
724.4260 	EXP 	Display Frame 8
724.4594 	EXP 	Display Frame 9
724.4927 	EXP 	Display Frame 0
724.5261 	EXP 	Display Frame 1
724.5595 	EXP 	Display Frame 2
724.5927 	EXP 	Display Frame 3
724.6262 	EXP 	Display Frame 4
724.6594 	EXP 	Display Frame 5
724.6928 	EXP 	Display Frame 6
724.7260 	EXP 	Display Frame 7
724.7594 	EXP 	Display Frame 8
724.7927 	EXP 	Display Frame 9
724.8261 	EXP 	Display Frame 0
724.8594 	EXP 	Display Frame 1
724.8927 	EXP 	Display Frame 2
724.9261 	EXP 	Display Frame 3
724.9594 	EXP 	Display Frame 4
724.9927 	EXP 	Display Frame 5
725.0261 	EXP 	Display Frame 6
725.0594 	EXP 	Display Frame 7
725.0928 	EXP 	Display Frame 8
725.1261 	EXP 	Display Frame 9
725.1594 	EXP 	Display Frame 0
725.1927 	EXP 	Display Frame 1
725.2260 	EXP 	Display Frame 2
725.2594 	EXP 	Display Frame 3
725.2927 	EXP 	Display Frame 4
725.3261 	EXP 	Display Frame 5
725.3594 	EXP 	Display Frame 6
725.3927 	EXP 	Display Frame 7
725.4261 	EXP 	Display Frame 8
725.4595 	EXP 	Display Frame 9
725.4927 	EXP 	Display Frame 0
725.5259 	EXP 	Display Frame 1
725.5594 	EXP 	Display Frame 2
725.5927 	EXP 	Display Frame 3
725.6261 	EXP 	Display Frame 4
725.6594 	EXP 	Display Frame 5
725.6928 	EXP 	Display Frame 6
725.7260 	EXP 	Display Frame 7
725.7594 	EXP 	Display Frame 8
725.7928 	EXP 	Display Frame 9
725.8261 	EXP 	Display Frame 0
725.8597 	EXP 	Display Frame 1
725.8928 	EXP 	Display Frame 2
725.9261 	EXP 	Display Frame 3
725.9594 	EXP 	Display Frame 4
725.9927 	EXP 	Display Frame 5
726.0260 	EXP 	Display Frame 6
726.0594 	EXP 	Display Frame 7
726.0927 	EXP 	Display Frame 8
726.1261 	EXP 	Display Frame 9
726.1594 	EXP 	Display Frame 0
726.1927 	EXP 	Display Frame 1
726.2260 	EXP 	Display Frame 2
726.2594 	EXP 	Display Frame 3
726.2928 	EXP 	Display Frame 4
726.3261 	EXP 	Display Frame 5
726.3594 	EXP 	Display Frame 6
726.3927 	EXP 	Display Frame 7
726.4260 	EXP 	Display Frame 8
726.4594 	EXP 	Display Frame 9
726.4927 	EXP 	Display Frame 0
726.5260 	EXP 	Display Frame 1
726.5595 	EXP 	Display Frame 2
726.5927 	EXP 	Display Frame 3
726.6262 	EXP 	Display Frame 4
726.6594 	EXP 	Display Frame 5
726.6930 	EXP 	Display Frame 6
726.7261 	EXP 	Display Frame 7
726.7593 	EXP 	Display Frame 8
726.7927 	EXP 	Display Frame 9
726.8262 	EXP 	Display Frame 0
726.8594 	EXP 	Display Frame 1
726.8927 	EXP 	Display Frame 2
726.9276 	EXP 	Display Frame 3
726.9593 	EXP 	Display Frame 4
726.9927 	EXP 	Display Frame 5
727.0260 	EXP 	Display Frame 6
727.0593 	EXP 	Display Frame 7
727.0927 	EXP 	Display Frame 8
727.1260 	EXP 	Display Frame 9
727.1594 	EXP 	Display Frame 0
727.1926 	EXP 	Display Frame 1
727.2261 	EXP 	Display Frame 2
727.2594 	EXP 	Display Frame 3
727.2927 	EXP 	Display Frame 4
727.3260 	EXP 	Display Frame 5
727.3593 	EXP 	Display Frame 6
727.3928 	EXP 	Display Frame 7
727.4260 	EXP 	Display Frame 8
727.4594 	EXP 	Display Frame 9
727.4927 	EXP 	Display Frame 0
727.5261 	EXP 	Display Frame 1
727.5594 	DATA 	Keypress: equal
727.5610 	EXP 	Display Frame 2
727.5927 	EXP 	Display Frame 3
727.6260 	EXP 	Display Frame 4
727.6594 	EXP 	Display Frame 5
727.6927 	EXP 	Display Frame 6
727.7260 	EXP 	Display Frame 7
727.7594 	EXP 	Display Frame 8
727.7927 	EXP 	Display Frame 9
727.8260 	EXP 	Display Frame 0
727.8593 	EXP 	Display Frame 1
727.8928 	EXP 	Display Frame 2
727.9260 	EXP 	Display Frame 3
727.9593 	EXP 	Display Frame 4
727.9927 	EXP 	Display Frame 5
728.0260 	EXP 	Display Frame 6
728.0593 	EXP 	Display Frame 7
728.0927 	EXP 	Display Frame 8
728.1260 	EXP 	Display Frame 9
728.1594 	EXP 	Display Frame 0
728.1927 	EXP 	Display Frame 1
728.2261 	EXP 	Display Frame 2
728.2594 	EXP 	Display Frame 3
728.2927 	EXP 	Display Frame 4
728.3261 	EXP 	Display Frame 5
728.3594 	EXP 	Display Frame 6
728.3928 	EXP 	Display Frame 7
728.4261 	EXP 	Display Frame 8
728.4594 	EXP 	Display Frame 9
728.4927 	EXP 	Display Frame 0
728.5261 	EXP 	Display Frame 1
728.5594 	EXP 	Display Frame 2
728.5927 	EXP 	Display Frame 3
728.6262 	EXP 	Display Frame 4
728.6594 	EXP 	Display Frame 5
728.6927 	EXP 	Display Frame 6
728.7261 	EXP 	Display Frame 7
728.7594 	EXP 	Display Frame 8
728.7927 	EXP 	Display Frame 9
728.8261 	EXP 	Display Frame 0
728.8594 	EXP 	Display Frame 1
728.8928 	EXP 	Display Frame 2
728.9260 	EXP 	Display Frame 3
728.9594 	EXP 	Display Frame 4
728.9927 	EXP 	Display Frame 5
729.0261 	EXP 	Display Frame 6
729.0594 	EXP 	Display Frame 7
729.0926 	EXP 	Display Frame 8
729.1261 	EXP 	Display Frame 9
729.1594 	EXP 	Display Frame 0
729.1927 	EXP 	Display Frame 1
729.2260 	EXP 	Display Frame 2
729.2594 	EXP 	Display Frame 3
729.2927 	EXP 	Display Frame 4
729.3261 	EXP 	Display Frame 5
729.3594 	EXP 	Display Frame 6
729.3927 	EXP 	Display Frame 7
729.4261 	EXP 	Display Frame 8
729.4595 	EXP 	Display Frame 9
729.4927 	EXP 	Display Frame 0
729.5260 	EXP 	Display Frame 1
729.5594 	EXP 	Display Frame 2
729.5927 	EXP 	Display Frame 3
729.6261 	EXP 	Display Frame 4
729.6595 	EXP 	Display Frame 5
729.6927 	EXP 	Display Frame 6
729.7261 	EXP 	Display Frame 7
729.7594 	EXP 	Display Frame 8
729.7927 	EXP 	Display Frame 9
729.8260 	EXP 	Display Frame 0
729.8595 	EXP 	Display Frame 1
729.8927 	EXP 	Display Frame 2
729.9260 	EXP 	Display Frame 3
729.9594 	EXP 	Display Frame 4
729.9927 	EXP 	Display Frame 5
730.0261 	EXP 	Display Frame 6
730.0594 	EXP 	Display Frame 7
730.0927 	EXP 	Display Frame 8
730.1260 	EXP 	Display Frame 9
730.1595 	EXP 	Display Frame 0
730.1926 	EXP 	Display Frame 1
730.2262 	EXP 	Display Frame 2
730.2595 	EXP 	Display Frame 3
730.2928 	EXP 	Display Frame 4
730.3261 	EXP 	Display Frame 5
730.3595 	EXP 	Display Frame 6
730.3927 	EXP 	Display Frame 7
730.4260 	EXP 	Display Frame 8
730.4594 	EXP 	Display Frame 9
730.4927 	EXP 	Display Frame 0
730.5260 	EXP 	Display Frame 1
730.5595 	EXP 	Display Frame 2
730.5927 	EXP 	Display Frame 3
730.6261 	EXP 	Display Frame 4
730.6594 	EXP 	Display Frame 5
730.6927 	EXP 	Display Frame 6
730.7261 	EXP 	Display Frame 7
730.7593 	EXP 	Display Frame 8
730.7927 	EXP 	Display Frame 9
730.8261 	EXP 	Display Frame 0
730.8594 	EXP 	Display Frame 1
730.8927 	EXP 	Display Frame 2
730.9260 	EXP 	Display Frame 3
730.9594 	EXP 	Display Frame 4
730.9927 	EXP 	Display Frame 5
731.0260 	EXP 	Display Frame 6
731.0594 	EXP 	Display Frame 7
731.0927 	EXP 	Display Frame 8
731.1261 	EXP 	Display Frame 9
731.1594 	EXP 	Display Frame 0
731.1926 	EXP 	Display Frame 1
731.2260 	EXP 	Display Frame 2
731.2594 	EXP 	Display Frame 3
731.2927 	EXP 	Display Frame 4
731.3261 	EXP 	Display Frame 5
731.3594 	EXP 	Display Frame 6
731.3927 	EXP 	Display Frame 7
731.4261 	EXP 	Display Frame 8
731.4594 	EXP 	Display Frame 9
731.4927 	EXP 	Display Frame 0
731.5261 	EXP 	Display Frame 1
731.5594 	EXP 	Display Frame 2
731.5928 	EXP 	Display Frame 3
731.6262 	EXP 	Display Frame 4
731.6595 	EXP 	Display Frame 5
731.6927 	EXP 	Display Frame 6
731.7261 	EXP 	Display Frame 7
731.7594 	EXP 	Display Frame 8
731.7928 	EXP 	Display Frame 9
731.8261 	EXP 	Display Frame 0
731.8595 	EXP 	Display Frame 1
731.8927 	EXP 	Display Frame 2
731.9260 	EXP 	Display Frame 3
731.9594 	EXP 	Display Frame 4
731.9927 	EXP 	Display Frame 5
732.0260 	EXP 	Display Frame 6
732.0596 	EXP 	Display Frame 7
732.0927 	EXP 	Display Frame 8
732.1260 	EXP 	Display Frame 9
732.1594 	EXP 	Display Frame 0
732.1927 	EXP 	Display Frame 1
732.2260 	EXP 	Display Frame 2
732.2594 	EXP 	Display Frame 3
732.2927 	EXP 	Display Frame 4
732.3261 	EXP 	Display Frame 5
732.3594 	EXP 	Display Frame 6
732.3927 	EXP 	Display Frame 7
732.4260 	EXP 	Display Frame 8
732.4594 	EXP 	Display Frame 9
732.4927 	EXP 	Display Frame 0
732.5260 	EXP 	Display Frame 1
732.5595 	EXP 	Display Frame 2
732.5928 	EXP 	Display Frame 3
732.6260 	EXP 	Display Frame 4
732.6595 	EXP 	Display Frame 5
732.6927 	EXP 	Display Frame 6
732.7260 	EXP 	Display Frame 7
732.7591 	DATA 	Keypress: equal
732.7605 	EXP 	Display Frame 8
732.7928 	EXP 	Display Frame 9
732.8261 	EXP 	Display Frame 0
732.8594 	EXP 	Display Frame 1
732.8927 	EXP 	Display Frame 2
732.9260 	EXP 	Display Frame 3
732.9594 	EXP 	Display Frame 4
732.9927 	EXP 	Display Frame 5
733.0260 	EXP 	Display Frame 6
733.0594 	EXP 	Display Frame 7
733.0928 	EXP 	Display Frame 8
733.1260 	EXP 	Display Frame 9
733.1593 	EXP 	Display Frame 0
733.1927 	EXP 	Display Frame 1
733.2260 	EXP 	Display Frame 2
733.2594 	EXP 	Display Frame 3
733.2927 	EXP 	Display Frame 4
733.3262 	EXP 	Display Frame 5
733.3594 	EXP 	Display Frame 6
733.3927 	EXP 	Display Frame 7
733.4260 	EXP 	Display Frame 8
733.4594 	EXP 	Display Frame 9
733.4927 	EXP 	Display Frame 0
733.5261 	EXP 	Display Frame 1
733.5594 	EXP 	Display Frame 2
733.5928 	EXP 	Display Frame 3
733.6261 	EXP 	Display Frame 4
733.6595 	EXP 	Display Frame 5
733.6927 	EXP 	Display Frame 6
733.7260 	EXP 	Display Frame 7
733.7594 	EXP 	Display Frame 8
733.7928 	EXP 	Display Frame 9
733.8261 	EXP 	Display Frame 0
733.8594 	EXP 	Display Frame 1
733.8927 	EXP 	Display Frame 2
733.9260 	EXP 	Display Frame 3
733.9594 	EXP 	Display Frame 4
733.9928 	EXP 	Display Frame 5
734.0261 	EXP 	Display Frame 6
734.0595 	EXP 	Display Frame 7
734.0927 	EXP 	Display Frame 8
734.1261 	EXP 	Display Frame 9
734.1594 	EXP 	Display Frame 0
734.1927 	EXP 	Display Frame 1
734.2262 	EXP 	Display Frame 2
734.2595 	EXP 	Display Frame 3
734.2927 	EXP 	Display Frame 4
734.3260 	EXP 	Display Frame 5
734.3594 	EXP 	Display Frame 6
734.3927 	EXP 	Display Frame 7
734.4260 	EXP 	Display Frame 8
734.4594 	EXP 	Display Frame 9
734.4927 	EXP 	Display Frame 0
734.5260 	EXP 	Display Frame 1
734.5594 	EXP 	Display Frame 2
734.5927 	EXP 	Display Frame 3
734.6260 	EXP 	Display Frame 4
734.6594 	EXP 	Display Frame 5
734.6928 	EXP 	Display Frame 6
734.7261 	EXP 	Display Frame 7
734.7594 	EXP 	Display Frame 8
734.7927 	EXP 	Display Frame 9
734.8261 	EXP 	Display Frame 0
734.8595 	EXP 	Display Frame 1
734.8928 	EXP 	Display Frame 2
734.9261 	EXP 	Display Frame 3
734.9595 	EXP 	Display Frame 4
734.9928 	EXP 	Display Frame 5
735.0261 	EXP 	Display Frame 6
735.0594 	EXP 	Display Frame 7
735.0928 	EXP 	Display Frame 8
735.1261 	EXP 	Display Frame 9
735.1594 	EXP 	Display Frame 0
735.1926 	EXP 	Display Frame 1
735.2261 	EXP 	Display Frame 2
735.2594 	EXP 	Display Frame 3
735.2928 	EXP 	Display Frame 4
735.3260 	EXP 	Display Frame 5
735.3594 	EXP 	Display Frame 6
735.3927 	EXP 	Display Frame 7
735.4261 	EXP 	Display Frame 8
735.4594 	EXP 	Display Frame 9
735.4927 	EXP 	Display Frame 0
735.5261 	EXP 	Display Frame 1
735.5594 	EXP 	Display Frame 2
735.5927 	EXP 	Display Frame 3
735.6261 	EXP 	Display Frame 4
735.6594 	EXP 	Display Frame 5
735.6927 	EXP 	Display Frame 6
735.7261 	EXP 	Display Frame 7
735.7594 	EXP 	Display Frame 8
735.7928 	EXP 	Display Frame 9
735.8261 	EXP 	Display Frame 0
735.8595 	EXP 	Display Frame 1
735.8927 	EXP 	Display Frame 2
735.9261 	EXP 	Display Frame 3
735.9594 	EXP 	Display Frame 4
735.9927 	EXP 	Display Frame 5
736.0261 	EXP 	Display Frame 6
736.0594 	EXP 	Display Frame 7
736.0927 	EXP 	Display Frame 8
736.1261 	EXP 	Display Frame 9
736.1594 	EXP 	Display Frame 0
736.1926 	EXP 	Display Frame 1
736.2262 	EXP 	Display Frame 2
736.2596 	EXP 	Display Frame 3
736.2927 	EXP 	Display Frame 4
736.3261 	EXP 	Display Frame 5
736.3594 	EXP 	Display Frame 6
736.3928 	EXP 	Display Frame 7
736.4260 	EXP 	Display Frame 8
736.4594 	EXP 	Display Frame 9
736.4928 	EXP 	Display Frame 0
736.5261 	EXP 	Display Frame 1
736.5594 	EXP 	Display Frame 2
736.5927 	EXP 	Display Frame 3
736.6261 	EXP 	Display Frame 4
736.6594 	EXP 	Display Frame 5
736.6927 	EXP 	Display Frame 6
736.7260 	EXP 	Display Frame 7
736.7594 	EXP 	Display Frame 8
736.7927 	EXP 	Display Frame 9
736.8260 	EXP 	Display Frame 0
736.8594 	EXP 	Display Frame 1
736.8928 	EXP 	Display Frame 2
736.9263 	EXP 	Display Frame 3
736.9594 	EXP 	Display Frame 4
736.9939 	EXP 	Display Frame 5
737.0261 	EXP 	Display Frame 6
737.0594 	EXP 	Display Frame 7
737.0927 	EXP 	Display Frame 8
737.1261 	EXP 	Display Frame 9
737.1595 	EXP 	Display Frame 0
737.1926 	EXP 	Display Frame 1
737.2261 	EXP 	Display Frame 2
737.2594 	EXP 	Display Frame 3
737.2928 	EXP 	Display Frame 4
737.3261 	EXP 	Display Frame 5
737.3594 	EXP 	Display Frame 6
737.3927 	EXP 	Display Frame 7
737.4260 	EXP 	Display Frame 8
737.4594 	EXP 	Display Frame 9
737.4929 	EXP 	Display Frame 0
737.5261 	EXP 	Display Frame 1
737.5594 	EXP 	Display Frame 2
737.5927 	EXP 	Display Frame 3
737.6261 	EXP 	Display Frame 4
737.6594 	EXP 	Display Frame 5
737.6928 	EXP 	Display Frame 6
737.7260 	EXP 	Display Frame 7
737.7594 	EXP 	Display Frame 8
737.7928 	EXP 	Display Frame 9
737.8261 	EXP 	Display Frame 0
737.8594 	EXP 	Display Frame 1
737.8927 	EXP 	Display Frame 2
737.9261 	EXP 	Display Frame 3
737.9592 	DATA 	Keypress: equal
737.9607 	EXP 	Display Frame 4
737.9928 	EXP 	Display Frame 5
738.0272 	EXP 	Display Frame 6
738.0593 	EXP 	Display Frame 7
738.0927 	EXP 	Display Frame 8
738.1261 	EXP 	Display Frame 9
738.1593 	EXP 	Display Frame 0
738.1926 	EXP 	Display Frame 1
738.2260 	EXP 	Display Frame 2
738.2595 	EXP 	Display Frame 3
738.2926 	EXP 	Display Frame 4
738.3262 	EXP 	Display Frame 5
738.3593 	EXP 	Display Frame 6
738.3926 	EXP 	Display Frame 7
738.4260 	EXP 	Display Frame 8
738.4593 	EXP 	Display Frame 9
738.4926 	EXP 	Display Frame 0
738.5260 	EXP 	Display Frame 1
738.5593 	EXP 	Display Frame 2
738.5927 	EXP 	Display Frame 3
738.6260 	EXP 	Display Frame 4
738.6594 	EXP 	Display Frame 5
738.6927 	EXP 	Display Frame 6
738.7260 	EXP 	Display Frame 7
738.7593 	EXP 	Display Frame 8
738.7927 	EXP 	Display Frame 9
738.8260 	EXP 	Display Frame 0
738.8594 	EXP 	Display Frame 1
738.8927 	EXP 	Display Frame 2
738.9261 	EXP 	Display Frame 3
738.9594 	EXP 	Display Frame 4
738.9927 	EXP 	Display Frame 5
739.0261 	EXP 	Display Frame 6
739.0594 	EXP 	Display Frame 7
739.0927 	EXP 	Display Frame 8
739.1261 	EXP 	Display Frame 9
739.1596 	EXP 	Display Frame 0
739.1927 	EXP 	Display Frame 1
739.2260 	EXP 	Display Frame 2
739.2594 	EXP 	Display Frame 3
739.2927 	EXP 	Display Frame 4
739.3261 	EXP 	Display Frame 5
739.3595 	EXP 	Display Frame 6
739.3927 	EXP 	Display Frame 7
739.4261 	EXP 	Display Frame 8
739.4594 	EXP 	Display Frame 9
739.4927 	EXP 	Display Frame 0
739.5261 	EXP 	Display Frame 1
739.5594 	EXP 	Display Frame 2
739.5928 	EXP 	Display Frame 3
739.6261 	EXP 	Display Frame 4
739.6594 	EXP 	Display Frame 5
739.6927 	EXP 	Display Frame 6
739.7265 	EXP 	Display Frame 7
739.7594 	EXP 	Display Frame 8
739.7928 	EXP 	Display Frame 9
739.8262 	EXP 	Display Frame 0
739.8594 	EXP 	Display Frame 1
739.8927 	EXP 	Display Frame 2
739.9261 	EXP 	Display Frame 3
739.9594 	EXP 	Display Frame 4
739.9928 	EXP 	Display Frame 5
740.0261 	EXP 	Display Frame 6
740.0594 	EXP 	Display Frame 7
740.0927 	EXP 	Display Frame 8
740.1260 	EXP 	Display Frame 9
740.1594 	EXP 	Display Frame 0
740.1927 	EXP 	Display Frame 1
740.2260 	EXP 	Display Frame 2
740.2594 	EXP 	Display Frame 3
740.2928 	EXP 	Display Frame 4
740.3261 	EXP 	Display Frame 5
740.3594 	EXP 	Display Frame 6
740.3927 	EXP 	Display Frame 7
740.4261 	EXP 	Display Frame 8
740.4594 	EXP 	Display Frame 9
740.4928 	EXP 	Display Frame 0
740.5261 	EXP 	Display Frame 1
740.5594 	EXP 	Display Frame 2
740.5927 	EXP 	Display Frame 3
740.6261 	EXP 	Display Frame 4
740.6595 	EXP 	Display Frame 5
740.6928 	EXP 	Display Frame 6
740.7261 	EXP 	Display Frame 7
740.7594 	EXP 	Display Frame 8
740.7927 	EXP 	Display Frame 9
740.8261 	EXP 	Display Frame 0
740.8594 	EXP 	Display Frame 1
740.8927 	EXP 	Display Frame 2
740.9261 	EXP 	Display Frame 3
740.9594 	EXP 	Display Frame 4
740.9928 	EXP 	Display Frame 5
741.0261 	EXP 	Display Frame 6
741.0594 	EXP 	Display Frame 7
741.0927 	EXP 	Display Frame 8
741.1261 	EXP 	Display Frame 9
741.1594 	EXP 	Display Frame 0
741.1927 	EXP 	Display Frame 1
741.2262 	EXP 	Display Frame 2
741.2594 	EXP 	Display Frame 3
741.2928 	EXP 	Display Frame 4
741.3261 	EXP 	Display Frame 5
741.3595 	EXP 	Display Frame 6
741.3928 	EXP 	Display Frame 7
741.4261 	EXP 	Display Frame 8
741.4594 	EXP 	Display Frame 9
741.4929 	EXP 	Display Frame 0
741.5260 	EXP 	Display Frame 1
741.5595 	EXP 	Display Frame 2
741.5927 	EXP 	Display Frame 3
741.6261 	EXP 	Display Frame 4
741.6594 	EXP 	Display Frame 5
741.6927 	EXP 	Display Frame 6
741.7260 	EXP 	Display Frame 7
741.7595 	EXP 	Display Frame 8
741.7927 	EXP 	Display Frame 9
741.8261 	EXP 	Display Frame 0
741.8594 	EXP 	Display Frame 1
741.8927 	EXP 	Display Frame 2
741.9261 	EXP 	Display Frame 3
741.9594 	EXP 	Display Frame 4
741.9927 	EXP 	Display Frame 5
742.0262 	EXP 	Display Frame 6
742.0594 	EXP 	Display Frame 7
742.0927 	EXP 	Display Frame 8
742.1261 	EXP 	Display Frame 9
742.1594 	EXP 	Display Frame 0
742.1927 	EXP 	Display Frame 1
742.2261 	EXP 	Display Frame 2
742.2595 	EXP 	Display Frame 3
742.2927 	EXP 	Display Frame 4
742.3263 	EXP 	Display Frame 5
742.3594 	EXP 	Display Frame 6
742.3928 	EXP 	Display Frame 7
742.4260 	EXP 	Display Frame 8
742.4595 	EXP 	Display Frame 9
742.4928 	EXP 	Display Frame 0
742.5261 	EXP 	Display Frame 1
742.5594 	EXP 	Display Frame 2
742.5928 	EXP 	Display Frame 3
742.6261 	EXP 	Display Frame 4
742.6594 	EXP 	Display Frame 5
742.6927 	EXP 	Display Frame 6
742.7263 	EXP 	Display Frame 7
742.7593 	EXP 	Display Frame 8
742.7927 	EXP 	Display Frame 9
742.8261 	EXP 	Display Frame 0
742.8595 	EXP 	Display Frame 1
742.8927 	EXP 	Display Frame 2
742.9261 	EXP 	Display Frame 3
742.9594 	EXP 	Display Frame 4
742.9928 	EXP 	Display Frame 5
743.0261 	EXP 	Display Frame 6
743.0594 	EXP 	Display Frame 7
743.0927 	EXP 	Display Frame 8
743.1261 	EXP 	Display Frame 9
743.1270 	DATA 	Keypress: equal
743.1594 	EXP 	Display Frame 0
743.1927 	EXP 	Display Frame 1
743.2261 	EXP 	Display Frame 2
743.2594 	EXP 	Display Frame 3
743.2927 	EXP 	Display Frame 4
743.3261 	EXP 	Display Frame 5
743.3594 	EXP 	Display Frame 6
743.3927 	EXP 	Display Frame 7
743.4261 	EXP 	Display Frame 8
743.4594 	EXP 	Display Frame 9
743.4928 	EXP 	Display Frame 0
743.5261 	EXP 	Display Frame 1
743.5594 	EXP 	Display Frame 2
743.5927 	EXP 	Display Frame 3
743.6261 	EXP 	Display Frame 4
743.6595 	EXP 	Display Frame 5
743.6928 	EXP 	Display Frame 6
743.7261 	EXP 	Display Frame 7
743.7595 	EXP 	Display Frame 8
743.7927 	EXP 	Display Frame 9
743.8261 	EXP 	Display Frame 0
743.8594 	EXP 	Display Frame 1
743.8927 	EXP 	Display Frame 2
743.9260 	EXP 	Display Frame 3
743.9595 	EXP 	Display Frame 4
743.9927 	EXP 	Display Frame 5
744.0260 	EXP 	Display Frame 6
744.0594 	EXP 	Display Frame 7
744.0928 	EXP 	Display Frame 8
744.1261 	EXP 	Display Frame 9
744.1595 	EXP 	Display Frame 0
744.1927 	EXP 	Display Frame 1
744.2260 	EXP 	Display Frame 2
744.2594 	EXP 	Display Frame 3
744.2928 	EXP 	Display Frame 4
744.3260 	EXP 	Display Frame 5
744.3594 	EXP 	Display Frame 6
744.3927 	EXP 	Display Frame 7
744.4261 	EXP 	Display Frame 8
744.4594 	EXP 	Display Frame 9
744.4927 	EXP 	Display Frame 0
744.5262 	EXP 	Display Frame 1
744.5594 	EXP 	Display Frame 2
744.5928 	EXP 	Display Frame 3
744.6260 	EXP 	Display Frame 4
744.6594 	EXP 	Display Frame 5
744.6928 	EXP 	Display Frame 6
744.7261 	EXP 	Display Frame 7
744.7594 	EXP 	Display Frame 8
744.7928 	EXP 	Display Frame 9
744.8260 	EXP 	Display Frame 0
744.8594 	EXP 	Display Frame 1
744.8927 	EXP 	Display Frame 2
744.9261 	EXP 	Display Frame 3
744.9594 	EXP 	Display Frame 4
744.9928 	EXP 	Display Frame 5
745.0260 	EXP 	Display Frame 6
745.0594 	EXP 	Display Frame 7
745.0927 	EXP 	Display Frame 8
745.1261 	EXP 	Display Frame 9
745.1594 	EXP 	Display Frame 0
745.1926 	EXP 	Display Frame 1
745.2260 	EXP 	Display Frame 2
745.2594 	EXP 	Display Frame 3
745.2928 	EXP 	Display Frame 4
745.3261 	EXP 	Display Frame 5
745.3594 	EXP 	Display Frame 6
745.3927 	EXP 	Display Frame 7
745.4261 	EXP 	Display Frame 8
745.4594 	EXP 	Display Frame 9
745.4927 	EXP 	Display Frame 0
745.5261 	EXP 	Display Frame 1
745.5594 	EXP 	Display Frame 2
745.5927 	EXP 	Display Frame 3
745.6261 	EXP 	Display Frame 4
745.6594 	EXP 	Display Frame 5
745.6928 	EXP 	Display Frame 6
745.7260 	EXP 	Display Frame 7
745.7594 	EXP 	Display Frame 8
745.7927 	EXP 	Display Frame 9
745.8262 	EXP 	Display Frame 0
745.8594 	EXP 	Display Frame 1
745.8928 	EXP 	Display Frame 2
745.9261 	EXP 	Display Frame 3
745.9596 	EXP 	Display Frame 4
745.9927 	EXP 	Display Frame 5
746.0262 	EXP 	Display Frame 6
746.0594 	EXP 	Display Frame 7
746.0927 	EXP 	Display Frame 8
746.1261 	EXP 	Display Frame 9
746.1594 	EXP 	Display Frame 0
746.1927 	EXP 	Display Frame 1
746.2260 	EXP 	Display Frame 2
746.2595 	EXP 	Display Frame 3
746.2927 	EXP 	Display Frame 4
746.3260 	EXP 	Display Frame 5
746.3594 	EXP 	Display Frame 6
746.3927 	EXP 	Display Frame 7
746.4261 	EXP 	Display Frame 8
746.4594 	EXP 	Display Frame 9
746.4927 	EXP 	Display Frame 0
746.5261 	EXP 	Display Frame 1
746.5594 	EXP 	Display Frame 2
746.5927 	EXP 	Display Frame 3
746.6262 	EXP 	Display Frame 4
746.6596 	EXP 	Display Frame 5
746.6927 	EXP 	Display Frame 6
746.7261 	EXP 	Display Frame 7
746.7594 	EXP 	Display Frame 8
746.7927 	EXP 	Display Frame 9
746.8261 	EXP 	Display Frame 0
746.8595 	EXP 	Display Frame 1
746.8929 	EXP 	Display Frame 2
746.9262 	EXP 	Display Frame 3
746.9594 	EXP 	Display Frame 4
746.9928 	EXP 	Display Frame 5
747.0261 	EXP 	Display Frame 6
747.0615 	EXP 	Display Frame 7
747.0928 	EXP 	Display Frame 8
747.1261 	EXP 	Display Frame 9
747.1594 	EXP 	Display Frame 0
747.1926 	EXP 	Display Frame 1
747.2261 	EXP 	Display Frame 2
747.2594 	EXP 	Display Frame 3
747.2927 	EXP 	Display Frame 4
747.3261 	EXP 	Display Frame 5
747.3594 	EXP 	Display Frame 6
747.3927 	EXP 	Display Frame 7
747.4261 	EXP 	Display Frame 8
747.4594 	EXP 	Display Frame 9
747.4927 	EXP 	Display Frame 0
747.5261 	EXP 	Display Frame 1
747.5594 	EXP 	Display Frame 2
747.5928 	EXP 	Display Frame 3
747.6261 	EXP 	Display Frame 4
747.6594 	EXP 	Display Frame 5
747.6928 	EXP 	Display Frame 6
747.7261 	EXP 	Display Frame 7
747.7595 	EXP 	Display Frame 8
747.7927 	EXP 	Display Frame 9
747.8261 	EXP 	Display Frame 0
747.8594 	EXP 	Display Frame 1
747.8927 	EXP 	Display Frame 2
747.9261 	EXP 	Display Frame 3
747.9595 	EXP 	Display Frame 4
747.9927 	EXP 	Display Frame 5
748.0261 	EXP 	Display Frame 6
748.0597 	EXP 	Display Frame 7
748.0926 	EXP 	Display Frame 8
748.1261 	EXP 	Display Frame 9
748.1595 	EXP 	Display Frame 0
748.1926 	EXP 	Display Frame 1
748.2261 	EXP 	Display Frame 2
748.2594 	EXP 	Display Frame 3
748.2927 	EXP 	Display Frame 4
748.3261 	DATA 	Keypress: equal
748.3276 	EXP 	Display Frame 5
748.3357 	EXP 	Display Fixation
753.5131 	DATA 	Keypress: equal
758.7073 	DATA 	Keypress: equal
763.9011 	DATA 	Keypress: equal
769.0942 	DATA 	Keypress: equal
774.2880 	DATA 	Keypress: equal
779.4811 	DATA 	Keypress: equal
779.5200 	EXP 	Display Frame 1
779.5495 	EXP 	Display Frame 2
779.5829 	EXP 	Display Frame 3
779.6160 	EXP 	Display Frame 4
779.6494 	EXP 	Display Frame 5
779.6827 	EXP 	Display Frame 6
779.7161 	EXP 	Display Frame 7
779.7494 	EXP 	Display Frame 8
779.7827 	EXP 	Display Frame 9
779.8161 	EXP 	Display Frame 0
779.8493 	EXP 	Display Frame 1
779.8826 	EXP 	Display Frame 2
779.9160 	EXP 	Display Frame 3
779.9493 	EXP 	Display Frame 4
779.9826 	EXP 	Display Frame 5
780.0159 	EXP 	Display Frame 6
780.0494 	EXP 	Display Frame 7
780.0826 	EXP 	Display Frame 8
780.1160 	EXP 	Display Frame 9
780.1493 	EXP 	Display Frame 0
780.1827 	EXP 	Display Frame 1
780.2159 	EXP 	Display Frame 2
780.2493 	EXP 	Display Frame 3
780.2826 	EXP 	Display Frame 4
780.3161 	EXP 	Display Frame 5
780.3493 	EXP 	Display Frame 6
780.3827 	EXP 	Display Frame 7
780.4160 	EXP 	Display Frame 8
780.4493 	EXP 	Display Frame 9
780.4826 	EXP 	Display Frame 0
780.5160 	EXP 	Display Frame 1
780.5510 	EXP 	Display Frame 2
780.5826 	EXP 	Display Frame 3
780.6160 	EXP 	Display Frame 4
780.6494 	EXP 	Display Frame 5
780.6827 	EXP 	Display Frame 6
780.7160 	EXP 	Display Frame 7
780.7493 	EXP 	Display Frame 8
780.7827 	EXP 	Display Frame 9
780.8159 	EXP 	Display Frame 0
780.8493 	EXP 	Display Frame 1
780.8827 	EXP 	Display Frame 2
780.9160 	EXP 	Display Frame 3
780.9493 	EXP 	Display Frame 4
780.9849 	EXP 	Display Frame 5
781.0159 	EXP 	Display Frame 6
781.0493 	EXP 	Display Frame 7
781.0826 	EXP 	Display Frame 8
781.1160 	EXP 	Display Frame 9
781.1493 	EXP 	Display Frame 0
781.1826 	EXP 	Display Frame 1
781.2159 	EXP 	Display Frame 2
781.2497 	EXP 	Display Frame 3
781.2826 	EXP 	Display Frame 4
781.3160 	EXP 	Display Frame 5
781.3493 	EXP 	Display Frame 6
781.3826 	EXP 	Display Frame 7
781.4160 	EXP 	Display Frame 8
781.4493 	EXP 	Display Frame 9
781.4827 	EXP 	Display Frame 0
781.5160 	EXP 	Display Frame 1
781.5494 	EXP 	Display Frame 2
781.5826 	EXP 	Display Frame 3
781.6181 	EXP 	Display Frame 4
781.6493 	EXP 	Display Frame 5
781.6826 	EXP 	Display Frame 6
781.7160 	EXP 	Display Frame 7
781.7493 	EXP 	Display Frame 8
781.7826 	EXP 	Display Frame 9
781.8160 	EXP 	Display Frame 0
781.8492 	EXP 	Display Frame 1
781.8826 	EXP 	Display Frame 2
781.9160 	EXP 	Display Frame 3
781.9496 	EXP 	Display Frame 4
781.9826 	EXP 	Display Frame 5
782.0159 	EXP 	Display Frame 6
782.0493 	EXP 	Display Frame 7
782.0826 	EXP 	Display Frame 8
782.1160 	EXP 	Display Frame 9
782.1493 	EXP 	Display Frame 0
782.1826 	EXP 	Display Frame 1
782.2160 	EXP 	Display Frame 2
782.2493 	EXP 	Display Frame 3
782.2841 	EXP 	Display Frame 4
782.3160 	EXP 	Display Frame 5
782.3493 	EXP 	Display Frame 6
782.3827 	EXP 	Display Frame 7
782.4160 	EXP 	Display Frame 8
782.4494 	EXP 	Display Frame 9
782.4826 	EXP 	Display Frame 0
782.5160 	EXP 	Display Frame 1
782.5493 	EXP 	Display Frame 2
782.5826 	EXP 	Display Frame 3
782.6160 	EXP 	Display Frame 4
782.6495 	EXP 	Display Frame 5
782.6847 	EXP 	Display Frame 6
782.7160 	EXP 	Display Frame 7
782.7493 	EXP 	Display Frame 8
782.7826 	EXP 	Display Frame 9
782.8160 	EXP 	Display Frame 0
782.8493 	EXP 	Display Frame 1
782.8826 	EXP 	Display Frame 2
782.9159 	EXP 	Display Frame 3
782.9493 	EXP 	Display Frame 4
782.9826 	EXP 	Display Frame 5
783.0160 	EXP 	Display Frame 6
783.0493 	EXP 	Display Frame 7
783.0826 	EXP 	Display Frame 8
783.1159 	EXP 	Display Frame 9
783.1493 	EXP 	Display Frame 0
783.1826 	EXP 	Display Frame 1
783.2160 	EXP 	Display Frame 2
783.2493 	EXP 	Display Frame 3
783.2828 	EXP 	Display Frame 4
783.3160 	EXP 	Display Frame 5
783.3493 	EXP 	Display Frame 6
783.3826 	EXP 	Display Frame 7
783.4160 	EXP 	Display Frame 8
783.4493 	EXP 	Display Frame 9
783.4828 	EXP 	Display Frame 0
783.5159 	EXP 	Display Frame 1
783.5494 	EXP 	Display Frame 2
783.5827 	EXP 	Display Frame 3
783.6159 	EXP 	Display Frame 4
783.6493 	EXP 	Display Frame 5
783.6826 	EXP 	Display Frame 6
783.7160 	EXP 	Display Frame 7
783.7513 	EXP 	Display Frame 8
783.7826 	EXP 	Display Frame 9
783.8160 	EXP 	Display Frame 0
783.8493 	EXP 	Display Frame 1
783.8826 	EXP 	Display Frame 2
783.9159 	EXP 	Display Frame 3
783.9494 	EXP 	Display Frame 4
783.9826 	EXP 	Display Frame 5
784.0159 	EXP 	Display Frame 6
784.0493 	EXP 	Display Frame 7
784.0826 	EXP 	Display Frame 8
784.1160 	EXP 	Display Frame 9
784.1493 	EXP 	Display Frame 0
784.1826 	EXP 	Display Frame 1
784.2160 	EXP 	Display Frame 2
784.2493 	EXP 	Display Frame 3
784.2826 	EXP 	Display Frame 4
784.3160 	EXP 	Display Frame 5
784.3493 	EXP 	Display Frame 6
784.3827 	EXP 	Display Frame 7
784.4160 	EXP 	Display Frame 8
784.4494 	EXP 	Display Frame 9
784.4826 	EXP 	Display Frame 0
784.5160 	EXP 	Display Frame 1
784.5493 	EXP 	Display Frame 2
784.5827 	EXP 	Display Frame 3
784.6160 	EXP 	Display Frame 4
784.6494 	EXP 	Display Frame 5
784.6825 	DATA 	Keypress: equal
784.6840 	EXP 	Display Frame 6
784.7162 	EXP 	Display Frame 7
784.7493 	EXP 	Display Frame 8
784.7829 	EXP 	Display Frame 9
784.8182 	EXP 	Display Frame 0
784.8493 	EXP 	Display Frame 1
784.8826 	EXP 	Display Frame 2
784.9161 	EXP 	Display Frame 3
784.9493 	EXP 	Display Frame 4
784.9826 	EXP 	Display Frame 5
785.0160 	EXP 	Display Frame 6
785.0516 	EXP 	Display Frame 7
785.0828 	EXP 	Display Frame 8
785.1159 	EXP 	Display Frame 9
785.1510 	EXP 	Display Frame 0
785.1826 	EXP 	Display Frame 1
785.2160 	EXP 	Display Frame 2
785.2493 	EXP 	Display Frame 3
785.2826 	EXP 	Display Frame 4
785.3159 	EXP 	Display Frame 5
785.3493 	EXP 	Display Frame 6
785.3827 	EXP 	Display Frame 7
785.4160 	EXP 	Display Frame 8
785.4493 	EXP 	Display Frame 9
785.4827 	EXP 	Display Frame 0
785.5160 	EXP 	Display Frame 1
785.5493 	EXP 	Display Frame 2
785.5826 	EXP 	Display Frame 3
785.6161 	EXP 	Display Frame 4
785.6493 	EXP 	Display Frame 5
785.6826 	EXP 	Display Frame 6
785.7159 	EXP 	Display Frame 7
785.7494 	EXP 	Display Frame 8
785.7826 	EXP 	Display Frame 9
785.8159 	EXP 	Display Frame 0
785.8493 	EXP 	Display Frame 1
785.8848 	EXP 	Display Frame 2
785.9159 	EXP 	Display Frame 3
785.9494 	EXP 	Display Frame 4
785.9826 	EXP 	Display Frame 5
786.0160 	EXP 	Display Frame 6
786.0493 	EXP 	Display Frame 7
786.0826 	EXP 	Display Frame 8
786.1160 	EXP 	Display Frame 9
786.1493 	EXP 	Display Frame 0
786.1826 	EXP 	Display Frame 1
786.2159 	EXP 	Display Frame 2
786.2493 	EXP 	Display Frame 3
786.2826 	EXP 	Display Frame 4
786.3160 	EXP 	Display Frame 5
786.3493 	EXP 	Display Frame 6
786.3826 	EXP 	Display Frame 7
786.4160 	EXP 	Display Frame 8
786.4493 	EXP 	Display Frame 9
786.4826 	EXP 	Display Frame 0
786.5160 	EXP 	Display Frame 1
786.5493 	EXP 	Display Frame 2
786.5826 	EXP 	Display Frame 3
786.6160 	EXP 	Display Frame 4
786.6493 	EXP 	Display Frame 5
786.6826 	EXP 	Display Frame 6
786.7160 	EXP 	Display Frame 7
786.7493 	EXP 	Display Frame 8
786.7827 	EXP 	Display Frame 9
786.8160 	EXP 	Display Frame 0
786.8492 	EXP 	Display Frame 1
786.8827 	EXP 	Display Frame 2
786.9161 	EXP 	Display Frame 3
786.9515 	EXP 	Display Frame 4
786.9827 	EXP 	Display Frame 5
787.0159 	EXP 	Display Frame 6
787.0493 	EXP 	Display Frame 7
787.0843 	EXP 	Display Frame 8
787.1160 	EXP 	Display Frame 9
787.1493 	EXP 	Display Frame 0
787.1826 	EXP 	Display Frame 1
787.2160 	EXP 	Display Frame 2
787.2494 	EXP 	Display Frame 3
787.2826 	EXP 	Display Frame 4
787.3160 	EXP 	Display Frame 5
787.3493 	EXP 	Display Frame 6
787.3826 	EXP 	Display Frame 7
787.4160 	EXP 	Display Frame 8
787.4493 	EXP 	Display Frame 9
787.4827 	EXP 	Display Frame 0
787.5160 	EXP 	Display Frame 1
787.5493 	EXP 	Display Frame 2
787.5826 	EXP 	Display Frame 3
787.6159 	EXP 	Display Frame 4
787.6493 	EXP 	Display Frame 5
787.6826 	EXP 	Display Frame 6
787.7160 	EXP 	Display Frame 7
787.7493 	EXP 	Display Frame 8
787.7826 	EXP 	Display Frame 9
787.8162 	EXP 	Display Frame 0
787.8493 	EXP 	Display Frame 1
787.8826 	EXP 	Display Frame 2
787.9160 	EXP 	Display Frame 3
787.9494 	EXP 	Display Frame 4
787.9827 	EXP 	Display Frame 5
788.0177 	EXP 	Display Frame 6
788.0494 	EXP 	Display Frame 7
788.0827 	EXP 	Display Frame 8
788.1159 	EXP 	Display Frame 9
788.1494 	EXP 	Display Frame 0
788.1831 	EXP 	Display Frame 1
788.2160 	EXP 	Display Frame 2
788.2494 	EXP 	Display Frame 3
788.2827 	EXP 	Display Frame 4
788.3160 	EXP 	Display Frame 5
788.3494 	EXP 	Display Frame 6
788.3827 	EXP 	Display Frame 7
788.4160 	EXP 	Display Frame 8
788.4494 	EXP 	Display Frame 9
788.4826 	EXP 	Display Frame 0
788.5160 	EXP 	Display Frame 1
788.5494 	EXP 	Display Frame 2
788.5827 	EXP 	Display Frame 3
788.6182 	EXP 	Display Frame 4
788.6493 	EXP 	Display Frame 5
788.6826 	EXP 	Display Frame 6
788.7160 	EXP 	Display Frame 7
788.7493 	EXP 	Display Frame 8
788.7827 	EXP 	Display Frame 9
788.8160 	EXP 	Display Frame 0
788.8493 	EXP 	Display Frame 1
788.8826 	EXP 	Display Frame 2
788.9162 	EXP 	Display Frame 3
788.9493 	EXP 	Display Frame 4
788.9826 	EXP 	Display Frame 5
789.0159 	EXP 	Display Frame 6
789.0493 	EXP 	Display Frame 7
789.0848 	EXP 	Display Frame 8
789.1160 	EXP 	Display Frame 9
789.1493 	EXP 	Display Frame 0
789.1826 	EXP 	Display Frame 1
789.2160 	EXP 	Display Frame 2
789.2494 	EXP 	Display Frame 3
789.2826 	EXP 	Display Frame 4
789.3159 	EXP 	Display Frame 5
789.3493 	EXP 	Display Frame 6
789.3827 	EXP 	Display Frame 7
789.4160 	EXP 	Display Frame 8
789.4493 	EXP 	Display Frame 9
789.4826 	EXP 	Display Frame 0
789.5159 	EXP 	Display Frame 1
789.5493 	EXP 	Display Frame 2
789.5826 	EXP 	Display Frame 3
789.6159 	EXP 	Display Frame 4
789.6493 	EXP 	Display Frame 5
789.6826 	EXP 	Display Frame 6
789.7160 	EXP 	Display Frame 7
789.7493 	EXP 	Display Frame 8
789.7826 	EXP 	Display Frame 9
789.8161 	EXP 	Display Frame 0
789.8493 	EXP 	Display Frame 1
789.8826 	DATA 	Keypress: equal
789.8840 	EXP 	Display Frame 2
789.9162 	EXP 	Display Frame 3
789.9495 	EXP 	Display Frame 4
789.9826 	EXP 	Display Frame 5
790.0162 	EXP 	Display Frame 6
790.0493 	EXP 	Display Frame 7
790.0827 	EXP 	Display Frame 8
790.1159 	EXP 	Display Frame 9
790.1511 	EXP 	Display Frame 0
790.1826 	EXP 	Display Frame 1
790.2160 	EXP 	Display Frame 2
790.2493 	EXP 	Display Frame 3
790.2826 	EXP 	Display Frame 4
790.3161 	EXP 	Display Frame 5
790.3493 	EXP 	Display Frame 6
790.3826 	EXP 	Display Frame 7
790.4159 	EXP 	Display Frame 8
790.4494 	EXP 	Display Frame 9
790.4826 	EXP 	Display Frame 0
790.5159 	EXP 	Display Frame 1
790.5493 	EXP 	Display Frame 2
790.5826 	EXP 	Display Frame 3
790.6160 	EXP 	Display Frame 4
790.6511 	EXP 	Display Frame 5
790.6826 	EXP 	Display Frame 6
790.7161 	EXP 	Display Frame 7
790.7493 	EXP 	Display Frame 8
790.7826 	EXP 	Display Frame 9
790.8160 	EXP 	Display Frame 0
790.8494 	EXP 	Display Frame 1
790.8826 	EXP 	Display Frame 2
790.9160 	EXP 	Display Frame 3
790.9493 	EXP 	Display Frame 4
790.9827 	EXP 	Display Frame 5
791.0159 	EXP 	Display Frame 6
791.0494 	EXP 	Display Frame 7
791.0826 	EXP 	Display Frame 8
791.1159 	EXP 	Display Frame 9
791.1493 	EXP 	Display Frame 0
791.1827 	EXP 	Display Frame 1
791.2177 	EXP 	Display Frame 2
791.2493 	EXP 	Display Frame 3
791.2826 	EXP 	Display Frame 4
791.3160 	EXP 	Display Frame 5
791.3493 	EXP 	Display Frame 6
791.3826 	EXP 	Display Frame 7
791.4161 	EXP 	Display Frame 8
791.4493 	EXP 	Display Frame 9
791.4826 	EXP 	Display Frame 0
791.5159 	EXP 	Display Frame 1
791.5493 	EXP 	Display Frame 2
791.5826 	EXP 	Display Frame 3
791.6159 	EXP 	Display Frame 4
791.6493 	EXP 	Display Frame 5
791.6825 	EXP 	Display Frame 6
791.7159 	EXP 	Display Frame 7
791.7492 	EXP 	Display Frame 8
791.7826 	EXP 	Display Frame 9
791.8160 	EXP 	Display Frame 0
791.8492 	EXP 	Display Frame 1
791.8828 	EXP 	Display Frame 2
791.9162 	EXP 	Display Frame 3
791.9496 	EXP 	Display Frame 4
791.9826 	EXP 	Display Frame 5
792.0160 	EXP 	Display Frame 6
792.0493 	EXP 	Display Frame 7
792.0827 	EXP 	Display Frame 8
792.1160 	EXP 	Display Frame 9
792.1493 	EXP 	Display Frame 0
792.1826 	EXP 	Display Frame 1
792.2160 	EXP 	Display Frame 2
792.2493 	EXP 	Display Frame 3
792.2848 	EXP 	Display Frame 4
792.3159 	EXP 	Display Frame 5
792.3493 	EXP 	Display Frame 6
792.3826 	EXP 	Display Frame 7
792.4159 	EXP 	Display Frame 8
792.4493 	EXP 	Display Frame 9
792.4827 	EXP 	Display Frame 0
792.5159 	EXP 	Display Frame 1
792.5493 	EXP 	Display Frame 2
792.5826 	EXP 	Display Frame 3
792.6159 	EXP 	Display Frame 4
792.6493 	EXP 	Display Frame 5
792.6829 	EXP 	Display Frame 6
792.7159 	EXP 	Display Frame 7
792.7494 	EXP 	Display Frame 8
792.7827 	EXP 	Display Frame 9
792.8160 	EXP 	Display Frame 0
792.8493 	EXP 	Display Frame 1
792.8828 	EXP 	Display Frame 2
792.9161 	EXP 	Display Frame 3
792.9493 	EXP 	Display Frame 4
792.9826 	EXP 	Display Frame 5
793.0159 	EXP 	Display Frame 6
793.0494 	EXP 	Display Frame 7
793.0828 	EXP 	Display Frame 8
793.1160 	EXP 	Display Frame 9
793.1493 	EXP 	Display Frame 0
793.1826 	EXP 	Display Frame 1
793.2159 	EXP 	Display Frame 2
793.2494 	EXP 	Display Frame 3
793.2826 	EXP 	Display Frame 4
793.3159 	EXP 	Display Frame 5
793.3493 	EXP 	Display Frame 6
793.3826 	EXP 	Display Frame 7
793.4159 	EXP 	Display Frame 8
793.4493 	EXP 	Display Frame 9
793.4828 	EXP 	Display Frame 0
793.5160 	EXP 	Display Frame 1
793.5493 	EXP 	Display Frame 2
793.5826 	EXP 	Display Frame 3
793.6161 	EXP 	Display Frame 4
793.6493 	EXP 	Display Frame 5
793.6826 	EXP 	Display Frame 6
793.7160 	EXP 	Display Frame 7
793.7493 	EXP 	Display Frame 8
793.7827 	EXP 	Display Frame 9
793.8160 	EXP 	Display Frame 0
793.8493 	EXP 	Display Frame 1
793.8827 	EXP 	Display Frame 2
793.9160 	EXP 	Display Frame 3
793.9496 	EXP 	Display Frame 4
793.9830 	EXP 	Display Frame 5
794.0160 	EXP 	Display Frame 6
794.0493 	EXP 	Display Frame 7
794.0830 	EXP 	Display Frame 8
794.1163 	EXP 	Display Frame 9
794.1496 	EXP 	Display Frame 0
794.1830 	EXP 	Display Frame 1
794.2161 	EXP 	Display Frame 2
794.2495 	EXP 	Display Frame 3
794.2829 	EXP 	Display Frame 4
794.3162 	EXP 	Display Frame 5
794.3493 	EXP 	Display Frame 6
794.3829 	EXP 	Display Frame 7
794.4161 	EXP 	Display Frame 8
794.4496 	EXP 	Display Frame 9
794.4829 	EXP 	Display Frame 0
794.5163 	EXP 	Display Frame 1
794.5497 	EXP 	Display Frame 2
794.5826 	EXP 	Display Frame 3
794.6161 	EXP 	Display Frame 4
794.6493 	EXP 	Display Frame 5
794.6826 	EXP 	Display Frame 6
794.7179 	EXP 	Display Frame 7
794.7494 	EXP 	Display Frame 8
794.7827 	EXP 	Display Frame 9
794.8160 	EXP 	Display Frame 0
794.8493 	EXP 	Display Frame 1
794.8826 	EXP 	Display Frame 2
794.9160 	EXP 	Display Frame 3
794.9493 	EXP 	Display Frame 4
794.9827 	EXP 	Display Frame 5
795.0162 	EXP 	Display Frame 6
795.0494 	EXP 	Display Frame 7
795.0826 	DATA 	Keypress: equal
795.0840 	EXP 	Display Frame 8
795.1160 	EXP 	Display Frame 9
795.1493 	EXP 	Display Frame 0
795.1827 	EXP 	Display Frame 1
795.2162 	EXP 	Display Frame 2
795.2495 	EXP 	Display Frame 3
795.2829 	EXP 	Display Frame 4
795.3162 	EXP 	Display Frame 5
795.3495 	EXP 	Display Frame 6
795.3828 	EXP 	Display Frame 7
795.4159 	EXP 	Display Frame 8
795.4496 	EXP 	Display Frame 9
795.4829 	EXP 	Display Frame 0
795.5163 	EXP 	Display Frame 1
795.5494 	EXP 	Display Frame 2
795.5827 	EXP 	Display Frame 3
795.6160 	EXP 	Display Frame 4
795.6494 	EXP 	Display Frame 5
795.6829 	EXP 	Display Frame 6
795.7161 	EXP 	Display Frame 7
795.7493 	EXP 	Display Frame 8
795.7828 	EXP 	Display Frame 9
795.8160 	EXP 	Display Frame 0
795.8493 	EXP 	Display Frame 1
795.8827 	EXP 	Display Frame 2
795.9159 	EXP 	Display Frame 3
795.9493 	EXP 	Display Frame 4
795.9826 	EXP 	Display Frame 5
796.0159 	EXP 	Display Frame 6
796.0494 	EXP 	Display Frame 7
796.0828 	EXP 	Display Frame 8
796.1160 	EXP 	Display Frame 9
796.1493 	EXP 	Display Frame 0
796.1826 	EXP 	Display Frame 1
796.2159 	EXP 	Display Frame 2
796.2492 	EXP 	Display Frame 3
796.2826 	EXP 	Display Frame 4
796.3160 	EXP 	Display Frame 5
796.3494 	EXP 	Display Frame 6
796.3827 	EXP 	Display Frame 7
796.4161 	EXP 	Display Frame 8
796.4493 	EXP 	Display Frame 9
796.4826 	EXP 	Display Frame 0
796.5160 	EXP 	Display Frame 1
796.5494 	EXP 	Display Frame 2
796.5827 	EXP 	Display Frame 3
796.6159 	EXP 	Display Frame 4
796.6493 	EXP 	Display Frame 5
796.6826 	EXP 	Display Frame 6
796.7160 	EXP 	Display Frame 7
796.7496 	EXP 	Display Frame 8
796.7826 	EXP 	Display Frame 9
796.8159 	EXP 	Display Frame 0
796.8493 	EXP 	Display Frame 1
796.8826 	EXP 	Display Frame 2
796.9161 	EXP 	Display Frame 3
796.9493 	EXP 	Display Frame 4
796.9826 	EXP 	Display Frame 5
797.0160 	EXP 	Display Frame 6
797.0493 	EXP 	Display Frame 7
797.0827 	EXP 	Display Frame 8
797.1160 	EXP 	Display Frame 9
797.1493 	EXP 	Display Frame 0
797.1826 	EXP 	Display Frame 1
797.2160 	EXP 	Display Frame 2
797.2493 	EXP 	Display Frame 3
797.2826 	EXP 	Display Frame 4
797.3160 	EXP 	Display Frame 5
797.3493 	EXP 	Display Frame 6
797.3826 	EXP 	Display Frame 7
797.4159 	EXP 	Display Frame 8
797.4494 	EXP 	Display Frame 9
797.4826 	EXP 	Display Frame 0
797.5161 	EXP 	Display Frame 1
797.5493 	EXP 	Display Frame 2
797.5827 	EXP 	Display Frame 3
797.6159 	EXP 	Display Frame 4
797.6494 	EXP 	Display Frame 5
797.6826 	EXP 	Display Frame 6
797.7159 	EXP 	Display Frame 7
797.7494 	EXP 	Display Frame 8
797.7827 	EXP 	Display Frame 9
797.8159 	EXP 	Display Frame 0
797.8494 	EXP 	Display Frame 1
797.8826 	EXP 	Display Frame 2
797.9161 	EXP 	Display Frame 3
797.9493 	EXP 	Display Frame 4
797.9828 	EXP 	Display Frame 5
798.0160 	EXP 	Display Frame 6
798.0494 	EXP 	Display Frame 7
798.0827 	EXP 	Display Frame 8
798.1161 	EXP 	Display Frame 9
798.1494 	EXP 	Display Frame 0
798.1828 	EXP 	Display Frame 1
798.2161 	EXP 	Display Frame 2
798.2493 	EXP 	Display Frame 3
798.2827 	EXP 	Display Frame 4
798.3161 	EXP 	Display Frame 5
798.3494 	EXP 	Display Frame 6
798.3827 	EXP 	Display Frame 7
798.4162 	EXP 	Display Frame 8
798.4494 	EXP 	Display Frame 9
798.4827 	EXP 	Display Frame 0
798.5160 	EXP 	Display Frame 1
798.5494 	EXP 	Display Frame 2
798.5827 	EXP 	Display Frame 3
798.6160 	EXP 	Display Frame 4
798.6494 	EXP 	Display Frame 5
798.6827 	EXP 	Display Frame 6
798.7160 	EXP 	Display Frame 7
798.7493 	EXP 	Display Frame 8
798.7827 	EXP 	Display Frame 9
798.8162 	EXP 	Display Frame 0
798.8494 	EXP 	Display Frame 1
798.8828 	EXP 	Display Frame 2
798.9160 	EXP 	Display Frame 3
798.9495 	EXP 	Display Frame 4
798.9827 	EXP 	Display Frame 5
799.0161 	EXP 	Display Frame 6
799.0493 	EXP 	Display Frame 7
799.0827 	EXP 	Display Frame 8
799.1160 	EXP 	Display Frame 9
799.1495 	EXP 	Display Frame 0
799.1827 	EXP 	Display Frame 1
799.2160 	EXP 	Display Frame 2
799.2494 	EXP 	Display Frame 3
799.2827 	EXP 	Display Frame 4
799.3161 	EXP 	Display Frame 5
799.3494 	EXP 	Display Frame 6
799.3838 	EXP 	Display Frame 7
799.4160 	EXP 	Display Frame 8
799.4494 	EXP 	Display Frame 9
799.4827 	EXP 	Display Frame 0
799.5160 	EXP 	Display Frame 1
799.5494 	EXP 	Display Frame 2
799.5827 	EXP 	Display Frame 3
799.6160 	EXP 	Display Frame 4
799.6494 	EXP 	Display Frame 5
799.6827 	EXP 	Display Frame 6
799.7161 	EXP 	Display Frame 7
799.7494 	EXP 	Display Frame 8
799.7827 	EXP 	Display Frame 9
799.8160 	EXP 	Display Frame 0
799.8494 	EXP 	Display Frame 1
799.8827 	EXP 	Display Frame 2
799.9160 	EXP 	Display Frame 3
799.9494 	EXP 	Display Frame 4
799.9827 	EXP 	Display Frame 5
800.0160 	EXP 	Display Frame 6
800.0494 	EXP 	Display Frame 7
800.0827 	EXP 	Display Frame 8
800.1161 	EXP 	Display Frame 9
800.1494 	EXP 	Display Frame 0
800.1827 	EXP 	Display Frame 1
800.2160 	EXP 	Display Frame 2
800.2494 	EXP 	Display Frame 3
800.2824 	DATA 	Keypress: equal
800.2839 	EXP 	Display Frame 4
800.3181 	EXP 	Display Frame 5
800.3493 	EXP 	Display Frame 6
800.3826 	EXP 	Display Frame 7
800.4160 	EXP 	Display Frame 8
800.4493 	EXP 	Display Frame 9
800.4826 	EXP 	Display Frame 0
800.5160 	EXP 	Display Frame 1
800.5493 	EXP 	Display Frame 2
800.5826 	EXP 	Display Frame 3
800.6161 	EXP 	Display Frame 4
800.6493 	EXP 	Display Frame 5
800.6826 	EXP 	Display Frame 6
800.7160 	EXP 	Display Frame 7
800.7494 	EXP 	Display Frame 8
800.7827 	EXP 	Display Frame 9
800.8161 	EXP 	Display Frame 0
800.8494 	EXP 	Display Frame 1
800.8831 	EXP 	Display Frame 2
800.9160 	EXP 	Display Frame 3
800.9494 	EXP 	Display Frame 4
800.9827 	EXP 	Display Frame 5
801.0160 	EXP 	Display Frame 6
801.0493 	EXP 	Display Frame 7
801.0827 	EXP 	Display Frame 8
801.1160 	EXP 	Display Frame 9
801.1493 	EXP 	Display Frame 0
801.1827 	EXP 	Display Frame 1
801.2159 	EXP 	Display Frame 2
801.2493 	EXP 	Display Frame 3
801.2829 	EXP 	Display Frame 4
801.3159 	EXP 	Display Frame 5
801.3493 	EXP 	Display Frame 6
801.3830 	EXP 	Display Frame 7
801.4160 	EXP 	Display Frame 8
801.4493 	EXP 	Display Frame 9
801.4827 	EXP 	Display Frame 0
801.5160 	EXP 	Display Frame 1
801.5493 	EXP 	Display Frame 2
801.5827 	EXP 	Display Frame 3
801.6159 	EXP 	Display Frame 4
801.6494 	EXP 	Display Frame 5
801.6828 	EXP 	Display Frame 6
801.7161 	EXP 	Display Frame 7
801.7493 	EXP 	Display Frame 8
801.7828 	EXP 	Display Frame 9
801.8159 	EXP 	Display Frame 0
801.8492 	EXP 	Display Frame 1
801.8826 	EXP 	Display Frame 2
801.9161 	EXP 	Display Frame 3
801.9493 	EXP 	Display Frame 4
801.9828 	EXP 	Display Frame 5
802.0161 	EXP 	Display Frame 6
802.0493 	EXP 	Display Frame 7
802.0826 	EXP 	Display Frame 8
802.1160 	EXP 	Display Frame 9
802.1493 	EXP 	Display Frame 0
802.1828 	EXP 	Display Frame 1
802.2160 	EXP 	Display Frame 2
802.2493 	EXP 	Display Frame 3
802.2826 	EXP 	Display Frame 4
802.3160 	EXP 	Display Frame 5
802.3515 	EXP 	Display Frame 6
802.3827 	EXP 	Display Frame 7
802.4160 	EXP 	Display Frame 8
802.4493 	EXP 	Display Frame 9
802.4827 	EXP 	Display Frame 0
802.5160 	EXP 	Display Frame 1
802.5493 	EXP 	Display Frame 2
802.5826 	EXP 	Display Frame 3
802.6161 	EXP 	Display Frame 4
802.6493 	EXP 	Display Frame 5
802.6826 	EXP 	Display Frame 6
802.7159 	EXP 	Display Frame 7
802.7494 	EXP 	Display Frame 8
802.7827 	EXP 	Display Frame 9
802.8160 	EXP 	Display Frame 0
802.8493 	EXP 	Display Frame 1
802.8827 	EXP 	Display Frame 2
802.9159 	EXP 	Display Frame 3
802.9494 	EXP 	Display Frame 4
802.9826 	EXP 	Display Frame 5
803.0161 	EXP 	Display Frame 6
803.0493 	EXP 	Display Frame 7
803.0826 	EXP 	Display Frame 8
803.1160 	EXP 	Display Frame 9
803.1493 	EXP 	Display Frame 0
803.1826 	EXP 	Display Frame 1
803.2159 	EXP 	Display Frame 2
803.2493 	EXP 	Display Frame 3
803.2826 	EXP 	Display Frame 4
803.3160 	EXP 	Display Frame 5
803.3493 	EXP 	Display Frame 6
803.3826 	EXP 	Display Frame 7
803.4159 	EXP 	Display Frame 8
803.4493 	EXP 	Display Frame 9
803.4826 	EXP 	Display Frame 0
803.5160 	EXP 	Display Frame 1
803.5493 	EXP 	Display Frame 2
803.5826 	EXP 	Display Frame 3
803.6160 	EXP 	Display Frame 4
803.6493 	EXP 	Display Frame 5
803.6826 	EXP 	Display Frame 6
803.7160 	EXP 	Display Frame 7
803.7493 	EXP 	Display Frame 8
803.7826 	EXP 	Display Frame 9
803.8160 	EXP 	Display Frame 0
803.8494 	EXP 	Display Frame 1
803.8827 	EXP 	Display Frame 2
803.9160 	EXP 	Display Frame 3
803.9493 	EXP 	Display Frame 4
803.9827 	EXP 	Display Frame 5
804.0159 	EXP 	Display Frame 6
804.0493 	EXP 	Display Frame 7
804.0826 	EXP 	Display Frame 8
804.1161 	EXP 	Display Frame 9
804.1493 	EXP 	Display Frame 0
804.1828 	EXP 	Display Frame 1
804.2159 	EXP 	Display Frame 2
804.2493 	EXP 	Display Frame 3
804.2826 	EXP 	Display Frame 4
804.3160 	EXP 	Display Frame 5
804.3493 	EXP 	Display Frame 6
804.3825 	EXP 	Display Frame 7
804.4179 	EXP 	Display Frame 8
804.4493 	EXP 	Display Frame 9
804.4826 	EXP 	Display Frame 0
804.5160 	EXP 	Display Frame 1
804.5493 	EXP 	Display Frame 2
804.5826 	EXP 	Display Frame 3
804.6160 	EXP 	Display Frame 4
804.6493 	EXP 	Display Frame 5
804.6826 	EXP 	Display Frame 6
804.7159 	EXP 	Display Frame 7
804.7494 	EXP 	Display Frame 8
804.7826 	EXP 	Display Frame 9
804.8160 	EXP 	Display Frame 0
804.8493 	EXP 	Display Frame 1
804.8826 	EXP 	Display Frame 2
804.9160 	EXP 	Display Frame 3
804.9494 	EXP 	Display Frame 4
804.9829 	EXP 	Display Frame 5
805.0160 	EXP 	Display Frame 6
805.0493 	EXP 	Display Frame 7
805.0827 	EXP 	Display Frame 8
805.1161 	EXP 	Display Frame 9
805.1495 	EXP 	Display Frame 0
805.1827 	EXP 	Display Frame 1
805.2161 	EXP 	Display Frame 2
805.2493 	EXP 	Display Frame 3
805.2827 	EXP 	Display Frame 4
805.3160 	EXP 	Display Frame 5
805.3495 	EXP 	Display Frame 6
805.3826 	EXP 	Display Frame 7
805.4160 	EXP 	Display Frame 8
805.4494 	EXP 	Display Frame 9
805.4503 	DATA 	Keypress: equal
805.4826 	EXP 	Display Frame 0
805.5160 	EXP 	Display Frame 1
805.5492 	EXP 	Display Frame 2
805.5826 	EXP 	Display Frame 3
805.6159 	EXP 	Display Frame 4
805.6493 	EXP 	Display Frame 5
805.6827 	EXP 	Display Frame 6
805.7160 	EXP 	Display Frame 7
805.7493 	EXP 	Display Frame 8
805.7827 	EXP 	Display Frame 9
805.8160 	EXP 	Display Frame 0
805.8493 	EXP 	Display Frame 1
805.8826 	EXP 	Display Frame 2
805.9159 	EXP 	Display Frame 3
805.9493 	EXP 	Display Frame 4
805.9828 	EXP 	Display Frame 5
806.0159 	EXP 	Display Frame 6
806.0493 	EXP 	Display Frame 7
806.0826 	EXP 	Display Frame 8
806.1160 	EXP 	Display Frame 9
806.1493 	EXP 	Display Frame 0
806.1827 	EXP 	Display Frame 1
806.2159 	EXP 	Display Frame 2
806.2494 	EXP 	Display Frame 3
806.2828 	EXP 	Display Frame 4
806.3160 	EXP 	Display Frame 5
806.3493 	EXP 	Display Frame 6
806.3826 	EXP 	Display Frame 7
806.4158 	EXP 	Display Frame 8
806.4494 	EXP 	Display Frame 9
806.4826 	EXP 	Display Frame 0
806.5160 	EXP 	Display Frame 1
806.5493 	EXP 	Display Frame 2
806.5826 	EXP 	Display Frame 3
806.6159 	EXP 	Display Frame 4
806.6493 	EXP 	Display Frame 5
806.6826 	EXP 	Display Frame 6
806.7161 	EXP 	Display Frame 7
806.7493 	EXP 	Display Frame 8
806.7826 	EXP 	Display Frame 9
806.8160 	EXP 	Display Frame 0
806.8493 	EXP 	Display Frame 1
806.8826 	EXP 	Display Frame 2
806.9159 	EXP 	Display Frame 3
806.9493 	EXP 	Display Frame 4
806.9827 	EXP 	Display Frame 5
807.0160 	EXP 	Display Frame 6
807.0493 	EXP 	Display Frame 7
807.0827 	EXP 	Display Frame 8
807.1160 	EXP 	Display Frame 9
807.1494 	EXP 	Display Frame 0
807.1827 	EXP 	Display Frame 1
807.2161 	EXP 	Display Frame 2
807.2494 	EXP 	Display Frame 3
807.2827 	EXP 	Display Frame 4
807.3161 	EXP 	Display Frame 5
807.3494 	EXP 	Display Frame 6
807.3827 	EXP 	Display Frame 7
807.4160 	EXP 	Display Frame 8
807.4493 	EXP 	Display Frame 9
807.4827 	EXP 	Display Frame 0
807.5160 	EXP 	Display Frame 1
807.5494 	EXP 	Display Frame 2
807.5827 	EXP 	Display Frame 3
807.6161 	EXP 	Display Frame 4
807.6494 	EXP 	Display Frame 5
807.6827 	EXP 	Display Frame 6
807.7160 	EXP 	Display Frame 7
807.7494 	EXP 	Display Frame 8
807.7827 	EXP 	Display Frame 9
807.8163 	EXP 	Display Frame 0
807.8494 	EXP 	Display Frame 1
807.8827 	EXP 	Display Frame 2
807.9161 	EXP 	Display Frame 3
807.9493 	EXP 	Display Frame 4
807.9827 	EXP 	Display Frame 5
808.0160 	EXP 	Display Frame 6
808.0494 	EXP 	Display Frame 7
808.0827 	EXP 	Display Frame 8
808.1160 	EXP 	Display Frame 9
808.1494 	EXP 	Display Frame 0
808.1827 	EXP 	Display Frame 1
808.2160 	EXP 	Display Frame 2
808.2494 	EXP 	Display Frame 3
808.2827 	EXP 	Display Frame 4
808.3161 	EXP 	Display Frame 5
808.3494 	EXP 	Display Frame 6
808.3828 	EXP 	Display Frame 7
808.4160 	EXP 	Display Frame 8
808.4494 	EXP 	Display Frame 9
808.4827 	EXP 	Display Frame 0
808.5162 	EXP 	Display Frame 1
808.5494 	EXP 	Display Frame 2
808.5828 	EXP 	Display Frame 3
808.6160 	EXP 	Display Frame 4
808.6493 	EXP 	Display Frame 5
808.6827 	EXP 	Display Frame 6
808.7160 	EXP 	Display Frame 7
808.7494 	EXP 	Display Frame 8
808.7827 	EXP 	Display Frame 9
808.8161 	EXP 	Display Frame 0
808.8494 	EXP 	Display Frame 1
808.8827 	EXP 	Display Frame 2
808.9160 	EXP 	Display Frame 3
808.9494 	EXP 	Display Frame 4
808.9827 	EXP 	Display Frame 5
809.0160 	EXP 	Display Frame 6
809.0494 	EXP 	Display Frame 7
809.0827 	EXP 	Display Frame 8
809.1160 	EXP 	Display Frame 9
809.1494 	EXP 	Display Frame 0
809.1827 	EXP 	Display Frame 1
809.2161 	EXP 	Display Frame 2
809.2494 	EXP 	Display Frame 3
809.2827 	EXP 	Display Frame 4
809.3160 	EXP 	Display Frame 5
809.3495 	EXP 	Display Frame 6
809.3827 	EXP 	Display Frame 7
809.4162 	EXP 	Display Frame 8
809.4494 	EXP 	Display Frame 9
809.4826 	EXP 	Display Frame 0
809.5160 	EXP 	Display Frame 1
809.5495 	EXP 	Display Frame 2
809.5827 	EXP 	Display Frame 3
809.6161 	EXP 	Display Frame 4
809.6494 	EXP 	Display Frame 5
809.6827 	EXP 	Display Frame 6
809.7160 	EXP 	Display Frame 7
809.7494 	EXP 	Display Frame 8
809.7827 	EXP 	Display Frame 9
809.8160 	EXP 	Display Frame 0
809.8494 	EXP 	Display Frame 1
809.8827 	EXP 	Display Frame 2
809.9162 	EXP 	Display Frame 3
809.9494 	EXP 	Display Frame 4
809.9851 	EXP 	Display Frame 5
810.0160 	EXP 	Display Frame 6
810.0493 	EXP 	Display Frame 7
810.0827 	EXP 	Display Frame 8
810.1160 	EXP 	Display Frame 9
810.1494 	EXP 	Display Frame 0
810.1827 	EXP 	Display Frame 1
810.2160 	EXP 	Display Frame 2
810.2494 	EXP 	Display Frame 3
810.2827 	EXP 	Display Frame 4
810.3161 	EXP 	Display Frame 5
810.3494 	EXP 	Display Frame 6
810.3827 	EXP 	Display Frame 7
810.4160 	EXP 	Display Frame 8
810.4495 	EXP 	Display Frame 9
810.4827 	EXP 	Display Frame 0
810.5161 	EXP 	Display Frame 1
810.5494 	EXP 	Display Frame 2
810.5828 	EXP 	Display Frame 3
810.6160 	EXP 	Display Frame 4
810.6492 	DATA 	Keypress: equal
810.6508 	EXP 	Display Frame 5
810.6689 	EXP 	Display Fixation
815.8365 	DATA 	Keypress: equal
821.0301 	DATA 	Keypress: equal
826.2235 	DATA 	Keypress: equal
831.4172 	DATA 	Keypress: equal
836.6115 	DATA 	Keypress: equal
841.8044 	DATA 	Keypress: equal
841.8399 	EXP 	Display Frame 1
841.8727 	EXP 	Display Frame 2
841.9060 	EXP 	Display Frame 3
841.9395 	EXP 	Display Frame 4
841.9727 	EXP 	Display Frame 5
842.0062 	EXP 	Display Frame 6
842.0397 	EXP 	Display Frame 7
842.0728 	EXP 	Display Frame 8
842.1061 	EXP 	Display Frame 9
842.1395 	EXP 	Display Frame 0
842.1727 	EXP 	Display Frame 1
842.2060 	EXP 	Display Frame 2
842.2394 	EXP 	Display Frame 3
842.2727 	EXP 	Display Frame 4
842.3060 	EXP 	Display Frame 5
842.3393 	EXP 	Display Frame 6
842.3727 	EXP 	Display Frame 7
842.4060 	EXP 	Display Frame 8
842.4393 	EXP 	Display Frame 9
842.4727 	EXP 	Display Frame 0
842.5060 	EXP 	Display Frame 1
842.5393 	EXP 	Display Frame 2
842.5727 	EXP 	Display Frame 3
842.6060 	EXP 	Display Frame 4
842.6394 	EXP 	Display Frame 5
842.6726 	EXP 	Display Frame 6
842.7059 	EXP 	Display Frame 7
842.7393 	EXP 	Display Frame 8
842.7726 	EXP 	Display Frame 9
842.8059 	EXP 	Display Frame 0
842.8392 	EXP 	Display Frame 1
842.8726 	EXP 	Display Frame 2
842.9059 	EXP 	Display Frame 3
842.9394 	EXP 	Display Frame 4
842.9726 	EXP 	Display Frame 5
843.0060 	EXP 	Display Frame 6
843.0393 	EXP 	Display Frame 7
843.0730 	EXP 	Display Frame 8
843.1062 	EXP 	Display Frame 9
843.1393 	EXP 	Display Frame 0
843.1727 	EXP 	Display Frame 1
843.2059 	EXP 	Display Frame 2
843.2393 	EXP 	Display Frame 3
843.2727 	EXP 	Display Frame 4
843.3059 	EXP 	Display Frame 5
843.3393 	EXP 	Display Frame 6
843.3726 	EXP 	Display Frame 7
843.4060 	EXP 	Display Frame 8
843.4393 	EXP 	Display Frame 9
843.4727 	EXP 	Display Frame 0
843.5059 	EXP 	Display Frame 1
843.5392 	EXP 	Display Frame 2
843.5726 	EXP 	Display Frame 3
843.6061 	EXP 	Display Frame 4
843.6393 	EXP 	Display Frame 5
843.6741 	EXP 	Display Frame 6
843.7059 	EXP 	Display Frame 7
843.7394 	EXP 	Display Frame 8
843.7726 	EXP 	Display Frame 9
843.8060 	EXP 	Display Frame 0
843.8392 	EXP 	Display Frame 1
843.8726 	EXP 	Display Frame 2
843.9060 	EXP 	Display Frame 3
843.9393 	EXP 	Display Frame 4
843.9726 	EXP 	Display Frame 5
844.0059 	EXP 	Display Frame 6
844.0393 	EXP 	Display Frame 7
844.0728 	EXP 	Display Frame 8
844.1060 	EXP 	Display Frame 9
844.1393 	EXP 	Display Frame 0
844.1727 	EXP 	Display Frame 1
844.2059 	EXP 	Display Frame 2
844.2394 	EXP 	Display Frame 3
844.2726 	EXP 	Display Frame 4
844.3059 	EXP 	Display Frame 5
844.3393 	EXP 	Display Frame 6
844.3727 	EXP 	Display Frame 7
844.4060 	EXP 	Display Frame 8
844.4394 	EXP 	Display Frame 9
844.4726 	EXP 	Display Frame 0
844.5060 	EXP 	Display Frame 1
844.5393 	EXP 	Display Frame 2
844.5726 	EXP 	Display Frame 3
844.6060 	EXP 	Display Frame 4
844.6393 	EXP 	Display Frame 5
844.6726 	EXP 	Display Frame 6
844.7060 	EXP 	Display Frame 7
844.7393 	EXP 	Display Frame 8
844.7726 	EXP 	Display Frame 9
844.8059 	EXP 	Display Frame 0
844.8394 	EXP 	Display Frame 1
844.8726 	EXP 	Display Frame 2
844.9059 	EXP 	Display Frame 3
844.9393 	EXP 	Display Frame 4
844.9726 	EXP 	Display Frame 5
845.0059 	EXP 	Display Frame 6
845.0393 	EXP 	Display Frame 7
845.0726 	EXP 	Display Frame 8
845.1060 	EXP 	Display Frame 9
845.1393 	EXP 	Display Frame 0
845.1726 	EXP 	Display Frame 1
845.2060 	EXP 	Display Frame 2
845.2392 	EXP 	Display Frame 3
845.2728 	EXP 	Display Frame 4
845.3059 	EXP 	Display Frame 5
845.3393 	EXP 	Display Frame 6
845.3726 	EXP 	Display Frame 7
845.4059 	EXP 	Display Frame 8
845.4393 	EXP 	Display Frame 9
845.4728 	EXP 	Display Frame 0
845.5059 	EXP 	Display Frame 1
845.5393 	EXP 	Display Frame 2
845.5726 	EXP 	Display Frame 3
845.6061 	EXP 	Display Frame 4
845.6393 	EXP 	Display Frame 5
845.6744 	EXP 	Display Frame 6
845.7059 	EXP 	Display Frame 7
845.7394 	EXP 	Display Frame 8
845.7727 	EXP 	Display Frame 9
845.8059 	EXP 	Display Frame 0
845.8392 	EXP 	Display Frame 1
845.8726 	EXP 	Display Frame 2
845.9059 	EXP 	Display Frame 3
845.9393 	EXP 	Display Frame 4
845.9726 	EXP 	Display Frame 5
846.0059 	EXP 	Display Frame 6
846.0393 	EXP 	Display Frame 7
846.0726 	EXP 	Display Frame 8
846.1059 	EXP 	Display Frame 9
846.1393 	EXP 	Display Frame 0
846.1726 	EXP 	Display Frame 1
846.2059 	EXP 	Display Frame 2
846.2393 	EXP 	Display Frame 3
846.2726 	EXP 	Display Frame 4
846.3061 	EXP 	Display Frame 5
846.3393 	EXP 	Display Frame 6
846.3726 	EXP 	Display Frame 7
846.4059 	EXP 	Display Frame 8
846.4394 	EXP 	Display Frame 9
846.4731 	EXP 	Display Frame 0
846.5060 	EXP 	Display Frame 1
846.5394 	EXP 	Display Frame 2
846.5727 	EXP 	Display Frame 3
846.6060 	EXP 	Display Frame 4
846.6393 	EXP 	Display Frame 5
846.6726 	EXP 	Display Frame 6
846.7059 	EXP 	Display Frame 7
846.7393 	EXP 	Display Frame 8
846.7727 	EXP 	Display Frame 9
846.8061 	EXP 	Display Frame 0
846.8394 	EXP 	Display Frame 1
846.8726 	EXP 	Display Frame 2
846.9060 	EXP 	Display Frame 3
846.9393 	EXP 	Display Frame 4
846.9727 	EXP 	Display Frame 5
847.0058 	DATA 	Keypress: equal
847.0074 	EXP 	Display Frame 6
847.0393 	EXP 	Display Frame 7
847.0726 	EXP 	Display Frame 8
847.1059 	EXP 	Display Frame 9
847.1393 	EXP 	Display Frame 0
847.1726 	EXP 	Display Frame 1
847.2060 	EXP 	Display Frame 2
847.2393 	EXP 	Display Frame 3
847.2726 	EXP 	Display Frame 4
847.3059 	EXP 	Display Frame 5
847.3392 	EXP 	Display Frame 6
847.3726 	EXP 	Display Frame 7
847.4060 	EXP 	Display Frame 8
847.4393 	EXP 	Display Frame 9
847.4727 	EXP 	Display Frame 0
847.5059 	EXP 	Display Frame 1
847.5394 	EXP 	Display Frame 2
847.5726 	EXP 	Display Frame 3
847.6060 	EXP 	Display Frame 4
847.6393 	EXP 	Display Frame 5
847.6726 	EXP 	Display Frame 6
847.7060 	EXP 	Display Frame 7
847.7394 	EXP 	Display Frame 8
847.7727 	EXP 	Display Frame 9
847.8060 	EXP 	Display Frame 0
847.8392 	EXP 	Display Frame 1
847.8727 	EXP 	Display Frame 2
847.9060 	EXP 	Display Frame 3
847.9394 	EXP 	Display Frame 4
847.9726 	EXP 	Display Frame 5
848.0059 	EXP 	Display Frame 6
848.0394 	EXP 	Display Frame 7
848.0726 	EXP 	Display Frame 8
848.1060 	EXP 	Display Frame 9
848.1396 	EXP 	Display Frame 0
848.1727 	EXP 	Display Frame 1
848.2060 	EXP 	Display Frame 2
848.2393 	EXP 	Display Frame 3
848.2727 	EXP 	Display Frame 4
848.3060 	EXP 	Display Frame 5
848.3393 	EXP 	Display Frame 6
848.3727 	EXP 	Display Frame 7
848.4060 	EXP 	Display Frame 8
848.4393 	EXP 	Display Frame 9
848.4727 	EXP 	Display Frame 0
848.5060 	EXP 	Display Frame 1
848.5393 	EXP 	Display Frame 2
848.5727 	EXP 	Display Frame 3
848.6060 	EXP 	Display Frame 4
848.6394 	EXP 	Display Frame 5
848.6727 	EXP 	Display Frame 6
848.7061 	EXP 	Display Frame 7
848.7393 	EXP 	Display Frame 8
848.7727 	EXP 	Display Frame 9
848.8060 	EXP 	Display Frame 0
848.8393 	EXP 	Display Frame 1
848.8727 	EXP 	Display Frame 2
848.9060 	EXP 	Display Frame 3
848.9394 	EXP 	Display Frame 4
848.9727 	EXP 	Display Frame 5
849.0060 	EXP 	Display Frame 6
849.0394 	EXP 	Display Frame 7
849.0727 	EXP 	Display Frame 8
849.1060 	EXP 	Display Frame 9
849.1396 	EXP 	Display Frame 0
849.1727 	EXP 	Display Frame 1
849.2060 	EXP 	Display Frame 2
849.2394 	EXP 	Display Frame 3
849.2727 	EXP 	Display Frame 4
849.3060 	EXP 	Display Frame 5
849.3393 	EXP 	Display Frame 6
849.3729 	EXP 	Display Frame 7
849.4060 	EXP 	Display Frame 8
849.4393 	EXP 	Display Frame 9
849.4727 	EXP 	Display Frame 0
849.5060 	EXP 	Display Frame 1
849.5394 	EXP 	Display Frame 2
849.5727 	EXP 	Display Frame 3
849.6060 	EXP 	Display Frame 4
849.6393 	EXP 	Display Frame 5
849.6727 	EXP 	Display Frame 6
849.7060 	EXP 	Display Frame 7
849.7393 	EXP 	Display Frame 8
849.7727 	EXP 	Display Frame 9
849.8060 	EXP 	Display Frame 0
849.8393 	EXP 	Display Frame 1
849.8727 	EXP 	Display Frame 2
849.9060 	EXP 	Display Frame 3
849.9394 	EXP 	Display Frame 4
849.9727 	EXP 	Display Frame 5
850.0061 	EXP 	Display Frame 6
850.0393 	EXP 	Display Frame 7
850.0727 	EXP 	Display Frame 8
850.1060 	EXP 	Display Frame 9
850.1393 	EXP 	Display Frame 0
850.1725 	EXP 	Display Frame 1
850.2061 	EXP 	Display Frame 2
850.2393 	EXP 	Display Frame 3
850.2727 	EXP 	Display Frame 4
850.3060 	EXP 	Display Frame 5
850.3393 	EXP 	Display Frame 6
850.3727 	EXP 	Display Frame 7
850.4060 	EXP 	Display Frame 8
850.4393 	EXP 	Display Frame 9
850.4727 	EXP 	Display Frame 0
850.5060 	EXP 	Display Frame 1
850.5393 	EXP 	Display Frame 2
850.5727 	EXP 	Display Frame 3
850.6060 	EXP 	Display Frame 4
850.6393 	EXP 	Display Frame 5
850.6727 	EXP 	Display Frame 6
850.7061 	EXP 	Display Frame 7
850.7393 	EXP 	Display Frame 8
850.7727 	EXP 	Display Frame 9
850.8060 	EXP 	Display Frame 0
850.8393 	EXP 	Display Frame 1
850.8727 	EXP 	Display Frame 2
850.9060 	EXP 	Display Frame 3
850.9393 	EXP 	Display Frame 4
850.9727 	EXP 	Display Frame 5
851.0060 	EXP 	Display Frame 6
851.0394 	EXP 	Display Frame 7
851.0727 	EXP 	Display Frame 8
851.1061 	EXP 	Display Frame 9
851.1393 	EXP 	Display Frame 0
851.1726 	EXP 	Display Frame 1
851.2064 	EXP 	Display Frame 2
851.2394 	EXP 	Display Frame 3
851.2727 	EXP 	Display Frame 4
851.3060 	EXP 	Display Frame 5
851.3393 	EXP 	Display Frame 6
851.3726 	EXP 	Display Frame 7
851.4060 	EXP 	Display Frame 8
851.4393 	EXP 	Display Frame 9
851.4727 	EXP 	Display Frame 0
851.5060 	EXP 	Display Frame 1
851.5393 	EXP 	Display Frame 2
851.5727 	EXP 	Display Frame 3
851.6060 	EXP 	Display Frame 4
851.6393 	EXP 	Display Frame 5
851.6743 	EXP 	Display Frame 6
851.7076 	EXP 	Display Frame 7
851.7394 	EXP 	Display Frame 8
851.7726 	EXP 	Display Frame 9
851.8060 	EXP 	Display Frame 0
851.8392 	EXP 	Display Frame 1
851.8726 	EXP 	Display Frame 2
851.9059 	EXP 	Display Frame 3
851.9393 	EXP 	Display Frame 4
851.9727 	EXP 	Display Frame 5
852.0060 	EXP 	Display Frame 6
852.0393 	EXP 	Display Frame 7
852.0727 	EXP 	Display Frame 8
852.1059 	EXP 	Display Frame 9
852.1392 	EXP 	Display Frame 0
852.1729 	EXP 	Display Frame 1
852.2059 	DATA 	Keypress: equal
852.2074 	EXP 	Display Frame 2
852.2395 	EXP 	Display Frame 3
852.2727 	EXP 	Display Frame 4
852.3060 	EXP 	Display Frame 5
852.3393 	EXP 	Display Frame 6
852.3726 	EXP 	Display Frame 7
852.4059 	EXP 	Display Frame 8
852.4393 	EXP 	Display Frame 9
852.4726 	EXP 	Display Frame 0
852.5059 	EXP 	Display Frame 1
852.5393 	EXP 	Display Frame 2
852.5726 	EXP 	Display Frame 3
852.6060 	EXP 	Display Frame 4
852.6393 	EXP 	Display Frame 5
852.6726 	EXP 	Display Frame 6
852.7060 	EXP 	Display Frame 7
852.7393 	EXP 	Display Frame 8
852.7727 	EXP 	Display Frame 9
852.8059 	EXP 	Display Frame 0
852.8392 	EXP 	Display Frame 1
852.8726 	EXP 	Display Frame 2
852.9059 	EXP 	Display Frame 3
852.9393 	EXP 	Display Frame 4
852.9726 	EXP 	Display Frame 5
853.0059 	EXP 	Display Frame 6
853.0394 	EXP 	Display Frame 7
853.0726 	EXP 	Display Frame 8
853.1061 	EXP 	Display Frame 9
853.1393 	EXP 	Display Frame 0
853.1726 	EXP 	Display Frame 1
853.2060 	EXP 	Display Frame 2
853.2393 	EXP 	Display Frame 3
853.2727 	EXP 	Display Frame 4
853.3061 	EXP 	Display Frame 5
853.3394 	EXP 	Display Frame 6
853.3731 	EXP 	Display Frame 7
853.4060 	EXP 	Display Frame 8
853.4393 	EXP 	Display Frame 9
853.4726 	EXP 	Display Frame 0
853.5059 	EXP 	Display Frame 1
853.5393 	EXP 	Display Frame 2
853.5726 	EXP 	Display Frame 3
853.6059 	EXP 	Display Frame 4
853.6393 	EXP 	Display Frame 5
853.6726 	EXP 	Display Frame 6
853.7059 	EXP 	Display Frame 7
853.7393 	EXP 	Display Frame 8
853.7726 	EXP 	Display Frame 9
853.8060 	EXP 	Display Frame 0
853.8392 	EXP 	Display Frame 1
853.8726 	EXP 	Display Frame 2
853.9060 	EXP 	Display Frame 3
853.9393 	EXP 	Display Frame 4
853.9726 	EXP 	Display Frame 5
854.0059 	EXP 	Display Frame 6
854.0393 	EXP 	Display Frame 7
854.0726 	EXP 	Display Frame 8
854.1059 	EXP 	Display Frame 9
854.1393 	EXP 	Display Frame 0
854.1726 	EXP 	Display Frame 1
854.2061 	EXP 	Display Frame 2
854.2393 	EXP 	Display Frame 3
854.2726 	EXP 	Display Frame 4
854.3059 	EXP 	Display Frame 5
854.3393 	EXP 	Display Frame 6
854.3726 	EXP 	Display Frame 7
854.4060 	EXP 	Display Frame 8
854.4393 	EXP 	Display Frame 9
854.4726 	EXP 	Display Frame 0
854.5059 	EXP 	Display Frame 1
854.5393 	EXP 	Display Frame 2
854.5726 	EXP 	Display Frame 3
854.6060 	EXP 	Display Frame 4
854.6394 	EXP 	Display Frame 5
854.6726 	EXP 	Display Frame 6
854.7062 	EXP 	Display Frame 7
854.7393 	EXP 	Display Frame 8
854.7728 	EXP 	Display Frame 9
854.8059 	EXP 	Display Frame 0
854.8392 	EXP 	Display Frame 1
854.8726 	EXP 	Display Frame 2
854.9060 	EXP 	Display Frame 3
854.9393 	EXP 	Display Frame 4
854.9726 	EXP 	Display Frame 5
855.0059 	EXP 	Display Frame 6
855.0393 	EXP 	Display Frame 7
855.0726 	EXP 	Display Frame 8
855.1059 	EXP 	Display Frame 9
855.1393 	EXP 	Display Frame 0
855.1728 	EXP 	Display Frame 1
855.2059 	EXP 	Display Frame 2
855.2394 	EXP 	Display Frame 3
855.2726 	EXP 	Display Frame 4
855.3061 	EXP 	Display Frame 5
855.3392 	EXP 	Display Frame 6
855.3728 	EXP 	Display Frame 7
855.4060 	EXP 	Display Frame 8
855.4393 	EXP 	Display Frame 9
855.4726 	EXP 	Display Frame 0
855.5059 	EXP 	Display Frame 1
855.5393 	EXP 	Display Frame 2
855.5726 	EXP 	Display Frame 3
855.6061 	EXP 	Display Frame 4
855.6393 	EXP 	Display Frame 5
855.6726 	EXP 	Display Frame 6
855.7060 	EXP 	Display Frame 7
855.7393 	EXP 	Display Frame 8
855.7725 	EXP 	Display Frame 9
855.8060 	EXP 	Display Frame 0
855.8392 	EXP 	Display Frame 1
855.8727 	EXP 	Display Frame 2
855.9060 	EXP 	Display Frame 3
855.9393 	EXP 	Display Frame 4
855.9726 	EXP 	Display Frame 5
856.0059 	EXP 	Display Frame 6
856.0392 	EXP 	Display Frame 7
856.0726 	EXP 	Display Frame 8
856.1059 	EXP 	Display Frame 9
856.1393 	EXP 	Display Frame 0
856.1726 	EXP 	Display Frame 1
856.2061 	EXP 	Display Frame 2
856.2393 	EXP 	Display Frame 3
856.2726 	EXP 	Display Frame 4
856.3059 	EXP 	Display Frame 5
856.3394 	EXP 	Display Frame 6
856.3726 	EXP 	Display Frame 7
856.4060 	EXP 	Display Frame 8
856.4395 	EXP 	Display Frame 9
856.4727 	EXP 	Display Frame 0
856.5060 	EXP 	Display Frame 1
856.5394 	EXP 	Display Frame 2
856.5726 	EXP 	Display Frame 3
856.6060 	EXP 	Display Frame 4
856.6393 	EXP 	Display Frame 5
856.6726 	EXP 	Display Frame 6
856.7060 	EXP 	Display Frame 7
856.7392 	EXP 	Display Frame 8
856.7726 	EXP 	Display Frame 9
856.8060 	EXP 	Display Frame 0
856.8392 	EXP 	Display Frame 1
856.8726 	EXP 	Display Frame 2
856.9060 	EXP 	Display Frame 3
856.9393 	EXP 	Display Frame 4
856.9727 	EXP 	Display Frame 5
857.0059 	EXP 	Display Frame 6
857.0392 	EXP 	Display Frame 7
857.0726 	EXP 	Display Frame 8
857.1060 	EXP 	Display Frame 9
857.1393 	EXP 	Display Frame 0
857.1727 	EXP 	Display Frame 1
857.2059 	EXP 	Display Frame 2
857.2393 	EXP 	Display Frame 3
857.2746 	EXP 	Display Frame 4
857.3061 	EXP 	Display Frame 5
857.3393 	EXP 	Display Frame 6
857.3727 	EXP 	Display Frame 7
857.4058 	DATA 	Keypress: equal
857.4073 	EXP 	Display Frame 8
857.4394 	EXP 	Display Frame 9
857.4726 	EXP 	Display Frame 0
857.5059 	EXP 	Display Frame 1
857.5393 	EXP 	Display Frame 2
857.5726 	EXP 	Display Frame 3
857.6059 	EXP 	Display Frame 4
857.6393 	EXP 	Display Frame 5
857.6728 	EXP 	Display Frame 6
857.7059 	EXP 	Display Frame 7
857.7393 	EXP 	Display Frame 8
857.7726 	EXP 	Display Frame 9
857.8059 	EXP 	Display Frame 0
857.8392 	EXP 	Display Frame 1
857.8726 	EXP 	Display Frame 2
857.9060 	EXP 	Display Frame 3
857.9393 	EXP 	Display Frame 4
857.9726 	EXP 	Display Frame 5
858.0059 	EXP 	Display Frame 6
858.0393 	EXP 	Display Frame 7
858.0727 	EXP 	Display Frame 8
858.1060 	EXP 	Display Frame 9
858.1393 	EXP 	Display Frame 0
858.1727 	EXP 	Display Frame 1
858.2060 	EXP 	Display Frame 2
858.2393 	EXP 	Display Frame 3
858.2727 	EXP 	Display Frame 4
858.3059 	EXP 	Display Frame 5
858.3394 	EXP 	Display Frame 6
858.3726 	EXP 	Display Frame 7
858.4059 	EXP 	Display Frame 8
858.4393 	EXP 	Display Frame 9
858.4727 	EXP 	Display Frame 0
858.5059 	EXP 	Display Frame 1
858.5394 	EXP 	Display Frame 2
858.5726 	EXP 	Display Frame 3
858.6060 	EXP 	Display Frame 4
858.6393 	EXP 	Display Frame 5
858.6726 	EXP 	Display Frame 6
858.7060 	EXP 	Display Frame 7
858.7394 	EXP 	Display Frame 8
858.7727 	EXP 	Display Frame 9
858.8060 	EXP 	Display Frame 0
858.8393 	EXP 	Display Frame 1
858.8727 	EXP 	Display Frame 2
858.9060 	EXP 	Display Frame 3
858.9393 	EXP 	Display Frame 4
858.9727 	EXP 	Display Frame 5
859.0060 	EXP 	Display Frame 6
859.0393 	EXP 	Display Frame 7
859.0727 	EXP 	Display Frame 8
859.1060 	EXP 	Display Frame 9
859.1393 	EXP 	Display Frame 0
859.1727 	EXP 	Display Frame 1
859.2060 	EXP 	Display Frame 2
859.2393 	EXP 	Display Frame 3
859.2727 	EXP 	Display Frame 4
859.3061 	EXP 	Display Frame 5
859.3393 	EXP 	Display Frame 6
859.3727 	EXP 	Display Frame 7
859.4060 	EXP 	Display Frame 8
859.4395 	EXP 	Display Frame 9
859.4727 	EXP 	Display Frame 0
859.5060 	EXP 	Display Frame 1
859.5394 	EXP 	Display Frame 2
859.5728 	EXP 	Display Frame 3
859.6060 	EXP 	Display Frame 4
859.6394 	EXP 	Display Frame 5
859.6727 	EXP 	Display Frame 6
859.7061 	EXP 	Display Frame 7
859.7394 	EXP 	Display Frame 8
859.7727 	EXP 	Display Frame 9
859.8060 	EXP 	Display Frame 0
859.8392 	EXP 	Display Frame 1
859.8727 	EXP 	Display Frame 2
859.9061 	EXP 	Display Frame 3
859.9393 	EXP 	Display Frame 4
859.9727 	EXP 	Display Frame 5
860.0060 	EXP 	Display Frame 6
860.0396 	EXP 	Display Frame 7
860.0726 	EXP 	Display Frame 8
860.1061 	EXP 	Display Frame 9
860.1393 	EXP 	Display Frame 0
860.1727 	EXP 	Display Frame 1
860.2060 	EXP 	Display Frame 2
860.2394 	EXP 	Display Frame 3
860.2727 	EXP 	Display Frame 4
860.3061 	EXP 	Display Frame 5
860.3394 	EXP 	Display Frame 6
860.3727 	EXP 	Display Frame 7
860.4061 	EXP 	Display Frame 8
860.4393 	EXP 	Display Frame 9
860.4727 	EXP 	Display Frame 0
860.5060 	EXP 	Display Frame 1
860.5394 	EXP 	Display Frame 2
860.5727 	EXP 	Display Frame 3
860.6061 	EXP 	Display Frame 4
860.6394 	EXP 	Display Frame 5
860.6728 	EXP 	Display Frame 6
860.7060 	EXP 	Display Frame 7
860.7394 	EXP 	Display Frame 8
860.7727 	EXP 	Display Frame 9
860.8060 	EXP 	Display Frame 0
860.8393 	EXP 	Display Frame 1
860.8728 	EXP 	Display Frame 2
860.9060 	EXP 	Display Frame 3
860.9394 	EXP 	Display Frame 4
860.9727 	EXP 	Display Frame 5
861.0060 	EXP 	Display Frame 6
861.0393 	EXP 	Display Frame 7
861.0727 	EXP 	Display Frame 8
861.1060 	EXP 	Display Frame 9
861.1393 	EXP 	Display Frame 0
861.1727 	EXP 	Display Frame 1
861.2060 	EXP 	Display Frame 2
861.2394 	EXP 	Display Frame 3
861.2727 	EXP 	Display Frame 4
861.3060 	EXP 	Display Frame 5
861.3394 	EXP 	Display Frame 6
861.3726 	EXP 	Display Frame 7
861.4060 	EXP 	Display Frame 8
861.4393 	EXP 	Display Frame 9
861.4727 	EXP 	Display Frame 0
861.5060 	EXP 	Display Frame 1
861.5393 	EXP 	Display Frame 2
861.5728 	EXP 	Display Frame 3
861.6060 	EXP 	Display Frame 4
861.6394 	EXP 	Display Frame 5
861.6726 	EXP 	Display Frame 6
861.7061 	EXP 	Display Frame 7
861.7393 	EXP 	Display Frame 8
861.7727 	EXP 	Display Frame 9
861.8060 	EXP 	Display Frame 0
861.8393 	EXP 	Display Frame 1
861.8727 	EXP 	Display Frame 2
861.9061 	EXP 	Display Frame 3
861.9393 	EXP 	Display Frame 4
861.9728 	EXP 	Display Frame 5
862.0060 	EXP 	Display Frame 6
862.0393 	EXP 	Display Frame 7
862.0727 	EXP 	Display Frame 8
862.1061 	EXP 	Display Frame 9
862.1394 	EXP 	Display Frame 0
862.1727 	EXP 	Display Frame 1
862.2060 	EXP 	Display Frame 2
862.2393 	EXP 	Display Frame 3
862.2727 	EXP 	Display Frame 4
862.3060 	EXP 	Display Frame 5
862.3393 	EXP 	Display Frame 6
862.3727 	EXP 	Display Frame 7
862.4060 	EXP 	Display Frame 8
862.4395 	EXP 	Display Frame 9
862.4727 	EXP 	Display Frame 0
862.5060 	EXP 	Display Frame 1
862.5393 	EXP 	Display Frame 2
862.5727 	EXP 	Display Frame 3
862.6058 	DATA 	Keypress: equal
862.6074 	EXP 	Display Frame 4
862.6397 	EXP 	Display Frame 5
862.6728 	EXP 	Display Frame 6
862.7060 	EXP 	Display Frame 7
862.7394 	EXP 	Display Frame 8
862.7727 	EXP 	Display Frame 9
862.8061 	EXP 	Display Frame 0
862.8393 	EXP 	Display Frame 1
862.8728 	EXP 	Display Frame 2
862.9060 	EXP 	Display Frame 3
862.9394 	EXP 	Display Frame 4
862.9727 	EXP 	Display Frame 5
863.0060 	EXP 	Display Frame 6
863.0393 	EXP 	Display Frame 7
863.0727 	EXP 	Display Frame 8
863.1060 	EXP 	Display Frame 9
863.1394 	EXP 	Display Frame 0
863.1726 	EXP 	Display Frame 1
863.2061 	EXP 	Display Frame 2
863.2393 	EXP 	Display Frame 3
863.2726 	EXP 	Display Frame 4
863.3060 	EXP 	Display Frame 5
863.3393 	EXP 	Display Frame 6
863.3727 	EXP 	Display Frame 7
863.4060 	EXP 	Display Frame 8
863.4395 	EXP 	Display Frame 9
863.4727 	EXP 	Display Frame 0
863.5060 	EXP 	Display Frame 1
863.5394 	EXP 	Display Frame 2
863.5727 	EXP 	Display Frame 3
863.6060 	EXP 	Display Frame 4
863.6394 	EXP 	Display Frame 5
863.6727 	EXP 	Display Frame 6
863.7061 	EXP 	Display Frame 7
863.7394 	EXP 	Display Frame 8
863.7727 	EXP 	Display Frame 9
863.8060 	EXP 	Display Frame 0
863.8393 	EXP 	Display Frame 1
863.8727 	EXP 	Display Frame 2
863.9060 	EXP 	Display Frame 3
863.9393 	EXP 	Display Frame 4
863.9727 	EXP 	Display Frame 5
864.0060 	EXP 	Display Frame 6
864.0393 	EXP 	Display Frame 7
864.0727 	EXP 	Display Frame 8
864.1061 	EXP 	Display Frame 9
864.1393 	EXP 	Display Frame 0
864.1727 	EXP 	Display Frame 1
864.2060 	EXP 	Display Frame 2
864.2393 	EXP 	Display Frame 3
864.2728 	EXP 	Display Frame 4
864.3060 	EXP 	Display Frame 5
864.3393 	EXP 	Display Frame 6
864.3727 	EXP 	Display Frame 7
864.4060 	EXP 	Display Frame 8
864.4393 	EXP 	Display Frame 9
864.4726 	EXP 	Display Frame 0
864.5060 	EXP 	Display Frame 1
864.5394 	EXP 	Display Frame 2
864.5727 	EXP 	Display Frame 3
864.6060 	EXP 	Display Frame 4
864.6393 	EXP 	Display Frame 5
864.6727 	EXP 	Display Frame 6
864.7060 	EXP 	Display Frame 7
864.7394 	EXP 	Display Frame 8
864.7727 	EXP 	Display Frame 9
864.8075 	EXP 	Display Frame 0
864.8393 	EXP 	Display Frame 1
864.8727 	EXP 	Display Frame 2
864.9060 	EXP 	Display Frame 3
864.9394 	EXP 	Display Frame 4
864.9727 	EXP 	Display Frame 5
865.0060 	EXP 	Display Frame 6
865.0393 	EXP 	Display Frame 7
865.0728 	EXP 	Display Frame 8
865.1060 	EXP 	Display Frame 9
865.1394 	EXP 	Display Frame 0
865.1727 	EXP 	Display Frame 1
865.2060 	EXP 	Display Frame 2
865.2394 	EXP 	Display Frame 3
865.2727 	EXP 	Display Frame 4
865.3060 	EXP 	Display Frame 5
865.3393 	EXP 	Display Frame 6
865.3730 	EXP 	Display Frame 7
865.4060 	EXP 	Display Frame 8
865.4394 	EXP 	Display Frame 9
865.4727 	EXP 	Display Frame 0
865.5060 	EXP 	Display Frame 1
865.5393 	EXP 	Display Frame 2
865.5727 	EXP 	Display Frame 3
865.6060 	EXP 	Display Frame 4
865.6393 	EXP 	Display Frame 5
865.6727 	EXP 	Display Frame 6
865.7060 	EXP 	Display Frame 7
865.7393 	EXP 	Display Frame 8
865.7727 	EXP 	Display Frame 9
865.8060 	EXP 	Display Frame 0
865.8393 	EXP 	Display Frame 1
865.8727 	EXP 	Display Frame 2
865.9060 	EXP 	Display Frame 3
865.9393 	EXP 	Display Frame 4
865.9729 	EXP 	Display Frame 5
866.0060 	EXP 	Display Frame 6
866.0394 	EXP 	Display Frame 7
866.0727 	EXP 	Display Frame 8
866.1061 	EXP 	Display Frame 9
866.1394 	EXP 	Display Frame 0
866.1727 	EXP 	Display Frame 1
866.2060 	EXP 	Display Frame 2
866.2393 	EXP 	Display Frame 3
866.2727 	EXP 	Display Frame 4
866.3060 	EXP 	Display Frame 5
866.3394 	EXP 	Display Frame 6
866.3728 	EXP 	Display Frame 7
866.4060 	EXP 	Display Frame 8
866.4393 	EXP 	Display Frame 9
866.4727 	EXP 	Display Frame 0
866.5060 	EXP 	Display Frame 1
866.5393 	EXP 	Display Frame 2
866.5727 	EXP 	Display Frame 3
866.6060 	EXP 	Display Frame 4
866.6393 	EXP 	Display Frame 5
866.6727 	EXP 	Display Frame 6
866.7060 	EXP 	Display Frame 7
866.7393 	EXP 	Display Frame 8
866.7727 	EXP 	Display Frame 9
866.8060 	EXP 	Display Frame 0
866.8393 	EXP 	Display Frame 1
866.8727 	EXP 	Display Frame 2
866.9060 	EXP 	Display Frame 3
866.9395 	EXP 	Display Frame 4
866.9726 	EXP 	Display Frame 5
867.0061 	EXP 	Display Frame 6
867.0393 	EXP 	Display Frame 7
867.0727 	EXP 	Display Frame 8
867.1060 	EXP 	Display Frame 9
867.1395 	EXP 	Display Frame 0
867.1727 	EXP 	Display Frame 1
867.2061 	EXP 	Display Frame 2
867.2395 	EXP 	Display Frame 3
867.2727 	EXP 	Display Frame 4
867.3060 	EXP 	Display Frame 5
867.3393 	EXP 	Display Frame 6
867.3727 	EXP 	Display Frame 7
867.4060 	EXP 	Display Frame 8
867.4393 	EXP 	Display Frame 9
867.4726 	EXP 	Display Frame 0
867.5060 	EXP 	Display Frame 1
867.5393 	EXP 	Display Frame 2
867.5731 	EXP 	Display Frame 3
867.6060 	EXP 	Display Frame 4
867.6394 	EXP 	Display Frame 5
867.6727 	EXP 	Display Frame 6
867.7060 	EXP 	Display Frame 7
867.7393 	EXP 	Display Frame 8
867.7727 	EXP 	Display Frame 9
867.7736 	DATA 	Keypress: equal
867.8059 	EXP 	Display Frame 0
867.8392 	EXP 	Display Frame 1
867.8726 	EXP 	Display Frame 2
867.9060 	EXP 	Display Frame 3
867.9393 	EXP 	Display Frame 4
867.9727 	EXP 	Display Frame 5
868.0059 	EXP 	Display Frame 6
868.0394 	EXP 	Display Frame 7
868.0726 	EXP 	Display Frame 8
868.1061 	EXP 	Display Frame 9
868.1392 	EXP 	Display Frame 0
868.1728 	EXP 	Display Frame 1
868.2059 	EXP 	Display Frame 2
868.2393 	EXP 	Display Frame 3
868.2726 	EXP 	Display Frame 4
868.3059 	EXP 	Display Frame 5
868.3393 	EXP 	Display Frame 6
868.3726 	EXP 	Display Frame 7
868.4059 	EXP 	Display Frame 8
868.4393 	EXP 	Display Frame 9
868.4726 	EXP 	Display Frame 0
868.5061 	EXP 	Display Frame 1
868.5394 	EXP 	Display Frame 2
868.5726 	EXP 	Display Frame 3
868.6060 	EXP 	Display Frame 4
868.6392 	EXP 	Display Frame 5
868.6726 	EXP 	Display Frame 6
868.7059 	EXP 	Display Frame 7
868.7393 	EXP 	Display Frame 8
868.7726 	EXP 	Display Frame 9
868.8059 	EXP 	Display Frame 0
868.8392 	EXP 	Display Frame 1
868.8727 	EXP 	Display Frame 2
868.9060 	EXP 	Display Frame 3
868.9394 	EXP 	Display Frame 4
868.9726 	EXP 	Display Frame 5
869.0059 	EXP 	Display Frame 6
869.0393 	EXP 	Display Frame 7
869.0727 	EXP 	Display Frame 8
869.1060 	EXP 	Display Frame 9
869.1395 	EXP 	Display Frame 0
869.1726 	EXP 	Display Frame 1
869.2059 	EXP 	Display Frame 2
869.2393 	EXP 	Display Frame 3
869.2726 	EXP 	Display Frame 4
869.3059 	EXP 	Display Frame 5
869.3393 	EXP 	Display Frame 6
869.3726 	EXP 	Display Frame 7
869.4060 	EXP 	Display Frame 8
869.4393 	EXP 	Display Frame 9
869.4726 	EXP 	Display Frame 0
869.5060 	EXP 	Display Frame 1
869.5393 	EXP 	Display Frame 2
869.5726 	EXP 	Display Frame 3
869.6060 	EXP 	Display Frame 4
869.6393 	EXP 	Display Frame 5
869.6726 	EXP 	Display Frame 6
869.7060 	EXP 	Display Frame 7
869.7394 	EXP 	Display Frame 8
869.7727 	EXP 	Display Frame 9
869.8060 	EXP 	Display Frame 0
869.8393 	EXP 	Display Frame 1
869.8727 	EXP 	Display Frame 2
869.9060 	EXP 	Display Frame 3
869.9393 	EXP 	Display Frame 4
869.9727 	EXP 	Display Frame 5
870.0060 	EXP 	Display Frame 6
870.0394 	EXP 	Display Frame 7
870.0728 	EXP 	Display Frame 8
870.1060 	EXP 	Display Frame 9
870.1393 	EXP 	Display Frame 0
870.1727 	EXP 	Display Frame 1
870.2060 	EXP 	Display Frame 2
870.2394 	EXP 	Display Frame 3
870.2727 	EXP 	Display Frame 4
870.3060 	EXP 	Display Frame 5
870.3393 	EXP 	Display Frame 6
870.3728 	EXP 	Display Frame 7
870.4060 	EXP 	Display Frame 8
870.4394 	EXP 	Display Frame 9
870.4727 	EXP 	Display Frame 0
870.5060 	EXP 	Display Frame 1
870.5394 	EXP 	Display Frame 2
870.5727 	EXP 	Display Frame 3
870.6060 	EXP 	Display Frame 4
870.6393 	EXP 	Display Frame 5
870.6727 	EXP 	Display Frame 6
870.7062 	EXP 	Display Frame 7
870.7393 	EXP 	Display Frame 8
870.7727 	EXP 	Display Frame 9
870.8060 	EXP 	Display Frame 0
870.8392 	EXP 	Display Frame 1
870.8727 	EXP 	Display Frame 2
870.9060 	EXP 	Display Frame 3
870.9393 	EXP 	Display Frame 4
870.9726 	EXP 	Display Frame 5
871.0059 	EXP 	Display Frame 6
871.0393 	EXP 	Display Frame 7
871.0727 	EXP 	Display Frame 8
871.1060 	EXP 	Display Frame 9
871.1393 	EXP 	Display Frame 0
871.1727 	EXP 	Display Frame 1
871.2061 	EXP 	Display Frame 2
871.2394 	EXP 	Display Frame 3
871.2727 	EXP 	Display Frame 4
871.3060 	EXP 	Display Frame 5
871.3394 	EXP 	Display Frame 6
871.3727 	EXP 	Display Frame 7
871.4061 	EXP 	Display Frame 8
871.4393 	EXP 	Display Frame 9
871.4729 	EXP 	Display Frame 0
871.5060 	EXP 	Display Frame 1
871.5393 	EXP 	Display Frame 2
871.5727 	EXP 	Display Frame 3
871.6061 	EXP 	Display Frame 4
871.6393 	EXP 	Display Frame 5
871.6727 	EXP 	Display Frame 6
871.7060 	EXP 	Display Frame 7
871.7393 	EXP 	Display Frame 8
871.7727 	EXP 	Display Frame 9
871.8060 	EXP 	Display Frame 0
871.8393 	EXP 	Display Frame 1
871.8727 	EXP 	Display Frame 2
871.9060 	EXP 	Display Frame 3
871.9393 	EXP 	Display Frame 4
871.9727 	EXP 	Display Frame 5
872.0060 	EXP 	Display Frame 6
872.0393 	EXP 	Display Frame 7
872.0727 	EXP 	Display Frame 8
872.1060 	EXP 	Display Frame 9
872.1393 	EXP 	Display Frame 0
872.1727 	EXP 	Display Frame 1
872.2060 	EXP 	Display Frame 2
872.2394 	EXP 	Display Frame 3
872.2727 	EXP 	Display Frame 4
872.3061 	EXP 	Display Frame 5
872.3394 	EXP 	Display Frame 6
872.3727 	EXP 	Display Frame 7
872.4060 	EXP 	Display Frame 8
872.4394 	EXP 	Display Frame 9
872.4727 	EXP 	Display Frame 0
872.5060 	EXP 	Display Frame 1
872.5393 	EXP 	Display Frame 2
872.5726 	EXP 	Display Frame 3
872.6060 	EXP 	Display Frame 4
872.6393 	EXP 	Display Frame 5
872.6727 	EXP 	Display Frame 6
872.7060 	EXP 	Display Frame 7
872.7394 	EXP 	Display Frame 8
872.7727 	EXP 	Display Frame 9
872.8061 	EXP 	Display Frame 0
872.8412 	EXP 	Display Frame 1
872.8726 	EXP 	Display Frame 2
872.9060 	EXP 	Display Frame 3
872.9393 	EXP 	Display Frame 4
872.9724 	DATA 	Keypress: equal
872.9738 	EXP 	Display Frame 5
872.9860 	EXP 	Display Fixation
878.1597 	DATA 	Keypress: equal
883.3539 	DATA 	Keypress: equal
888.5466 	DATA 	Keypress: equal
893.7406 	DATA 	Keypress: equal
898.9348 	DATA 	Keypress: equal
904.1278 	DATA 	Keypress: equal
904.1740 	EXP 	Display Frame 1
904.1962 	EXP 	Display Frame 2
904.2295 	EXP 	Display Frame 3
904.2628 	EXP 	Display Frame 4
904.2961 	EXP 	Display Frame 5
904.3295 	EXP 	Display Frame 6
904.3628 	EXP 	Display Frame 7
904.3961 	EXP 	Display Frame 8
904.4295 	EXP 	Display Frame 9
904.4628 	EXP 	Display Frame 0
904.4961 	EXP 	Display Frame 1
904.5294 	EXP 	Display Frame 2
904.5627 	EXP 	Display Frame 3
904.5960 	EXP 	Display Frame 4
904.6292 	EXP 	Display Frame 5
904.6627 	EXP 	Display Frame 6
904.6961 	EXP 	Display Frame 7
904.7294 	EXP 	Display Frame 8
904.7628 	EXP 	Display Frame 9
904.7960 	EXP 	Display Frame 0
904.8294 	EXP 	Display Frame 1
904.8627 	EXP 	Display Frame 2
904.8960 	EXP 	Display Frame 3
904.9293 	EXP 	Display Frame 4
904.9628 	EXP 	Display Frame 5
904.9960 	EXP 	Display Frame 6
905.0294 	EXP 	Display Frame 7
905.0627 	EXP 	Display Frame 8
905.0960 	EXP 	Display Frame 9
905.1293 	EXP 	Display Frame 0
905.1628 	EXP 	Display Frame 1
905.1960 	EXP 	Display Frame 2
905.2294 	EXP 	Display Frame 3
905.2627 	EXP 	Display Frame 4
905.2960 	EXP 	Display Frame 5
905.3294 	EXP 	Display Frame 6
905.3627 	EXP 	Display Frame 7
905.3960 	EXP 	Display Frame 8
905.4293 	EXP 	Display Frame 9
905.4627 	EXP 	Display Frame 0
905.4960 	EXP 	Display Frame 1
905.5294 	EXP 	Display Frame 2
905.5627 	EXP 	Display Frame 3
905.5960 	EXP 	Display Frame 4
905.6293 	EXP 	Display Frame 5
905.6627 	EXP 	Display Frame 6
905.6960 	EXP 	Display Frame 7
905.7294 	EXP 	Display Frame 8
905.7627 	EXP 	Display Frame 9
905.7961 	EXP 	Display Frame 0
905.8294 	EXP 	Display Frame 1
905.8627 	EXP 	Display Frame 2
905.8960 	EXP 	Display Frame 3
905.9293 	EXP 	Display Frame 4
905.9627 	EXP 	Display Frame 5
905.9960 	EXP 	Display Frame 6
906.0293 	EXP 	Display Frame 7
906.0628 	EXP 	Display Frame 8
906.0961 	EXP 	Display Frame 9
906.1295 	EXP 	Display Frame 0
906.1626 	EXP 	Display Frame 1
906.1963 	EXP 	Display Frame 2
906.2293 	EXP 	Display Frame 3
906.2628 	EXP 	Display Frame 4
906.2960 	EXP 	Display Frame 5
906.3295 	EXP 	Display Frame 6
906.3627 	EXP 	Display Frame 7
906.3960 	EXP 	Display Frame 8
906.4293 	EXP 	Display Frame 9
906.4627 	EXP 	Display Frame 0
906.4961 	EXP 	Display Frame 1
906.5294 	EXP 	Display Frame 2
906.5628 	EXP 	Display Frame 3
906.5960 	EXP 	Display Frame 4
906.6294 	EXP 	Display Frame 5
906.6628 	EXP 	Display Frame 6
906.6961 	EXP 	Display Frame 7
906.7294 	EXP 	Display Frame 8
906.7627 	EXP 	Display Frame 9
906.7960 	EXP 	Display Frame 0
906.8295 	EXP 	Display Frame 1
906.8627 	EXP 	Display Frame 2
906.8961 	EXP 	Display Frame 3
906.9294 	EXP 	Display Frame 4
906.9627 	EXP 	Display Frame 5
906.9961 	EXP 	Display Frame 6
907.0294 	EXP 	Display Frame 7
907.0627 	EXP 	Display Frame 8
907.0961 	EXP 	Display Frame 9
907.1294 	EXP 	Display Frame 0
907.1627 	EXP 	Display Frame 1
907.1961 	EXP 	Display Frame 2
907.2296 	EXP 	Display Frame 3
907.2628 	EXP 	Display Frame 4
907.2960 	EXP 	Display Frame 5
907.3295 	EXP 	Display Frame 6
907.3629 	EXP 	Display Frame 7
907.3960 	EXP 	Display Frame 8
907.4295 	EXP 	Display Frame 9
907.4627 	EXP 	Display Frame 0
907.4961 	EXP 	Display Frame 1
907.5294 	EXP 	Display Frame 2
907.5627 	EXP 	Display Frame 3
907.5961 	EXP 	Display Frame 4
907.6294 	EXP 	Display Frame 5
907.6627 	EXP 	Display Frame 6
907.6961 	EXP 	Display Frame 7
907.7294 	EXP 	Display Frame 8
907.7627 	EXP 	Display Frame 9
907.7961 	EXP 	Display Frame 0
907.8294 	EXP 	Display Frame 1
907.8627 	EXP 	Display Frame 2
907.8961 	EXP 	Display Frame 3
907.9294 	EXP 	Display Frame 4
907.9627 	EXP 	Display Frame 5
907.9962 	EXP 	Display Frame 6
908.0297 	EXP 	Display Frame 7
908.0627 	EXP 	Display Frame 8
908.0961 	EXP 	Display Frame 9
908.1294 	EXP 	Display Frame 0
908.1627 	EXP 	Display Frame 1
908.1960 	EXP 	Display Frame 2
908.2294 	EXP 	Display Frame 3
908.2627 	EXP 	Display Frame 4
908.2961 	EXP 	Display Frame 5
908.3295 	EXP 	Display Frame 6
908.3628 	EXP 	Display Frame 7
908.3962 	EXP 	Display Frame 8
908.4294 	EXP 	Display Frame 9
908.4627 	EXP 	Display Frame 0
908.4961 	EXP 	Display Frame 1
908.5295 	EXP 	Display Frame 2
908.5628 	EXP 	Display Frame 3
908.5961 	EXP 	Display Frame 4
908.6294 	EXP 	Display Frame 5
908.6627 	EXP 	Display Frame 6
908.6961 	EXP 	Display Frame 7
908.7295 	EXP 	Display Frame 8
908.7634 	EXP 	Display Frame 9
908.7962 	EXP 	Display Frame 0
908.8294 	EXP 	Display Frame 1
908.8629 	EXP 	Display Frame 2
908.8961 	EXP 	Display Frame 3
908.9294 	EXP 	Display Frame 4
908.9628 	EXP 	Display Frame 5
908.9961 	EXP 	Display Frame 6
909.0294 	EXP 	Display Frame 7
909.0627 	EXP 	Display Frame 8
909.0961 	EXP 	Display Frame 9
909.1294 	EXP 	Display Frame 0
909.1627 	EXP 	Display Frame 1
909.1960 	EXP 	Display Frame 2
909.2294 	EXP 	Display Frame 3
909.2627 	EXP 	Display Frame 4
909.2961 	EXP 	Display Frame 5
909.3293 	DATA 	Keypress: equal
909.3307 	EXP 	Display Frame 6
909.3628 	EXP 	Display Frame 7
909.3960 	EXP 	Display Frame 8
909.4293 	EXP 	Display Frame 9
909.4627 	EXP 	Display Frame 0
909.4960 	EXP 	Display Frame 1
909.5293 	EXP 	Display Frame 2
909.5627 	EXP 	Display Frame 3
909.5960 	EXP 	Display Frame 4
909.6294 	EXP 	Display Frame 5
909.6627 	EXP 	Display Frame 6
909.6960 	EXP 	Display Frame 7
909.7294 	EXP 	Display Frame 8
909.7627 	EXP 	Display Frame 9
909.7960 	EXP 	Display Frame 0
909.8294 	EXP 	Display Frame 1
909.8627 	EXP 	Display Frame 2
909.8960 	EXP 	Display Frame 3
909.9294 	EXP 	Display Frame 4
909.9627 	EXP 	Display Frame 5
909.9960 	EXP 	Display Frame 6
910.0294 	EXP 	Display Frame 7
910.0627 	EXP 	Display Frame 8
910.0960 	EXP 	Display Frame 9
910.1293 	EXP 	Display Frame 0
910.1627 	EXP 	Display Frame 1
910.1960 	EXP 	Display Frame 2
910.2293 	EXP 	Display Frame 3
910.2627 	EXP 	Display Frame 4
910.2960 	EXP 	Display Frame 5
910.3293 	EXP 	Display Frame 6
910.3627 	EXP 	Display Frame 7
910.3960 	EXP 	Display Frame 8
910.4293 	EXP 	Display Frame 9
910.4627 	EXP 	Display Frame 0
910.4961 	EXP 	Display Frame 1
910.5294 	EXP 	Display Frame 2
910.5627 	EXP 	Display Frame 3
910.5960 	EXP 	Display Frame 4
910.6294 	EXP 	Display Frame 5
910.6627 	EXP 	Display Frame 6
910.6960 	EXP 	Display Frame 7
910.7293 	EXP 	Display Frame 8
910.7627 	EXP 	Display Frame 9
910.7960 	EXP 	Display Frame 0
910.8293 	EXP 	Display Frame 1
910.8627 	EXP 	Display Frame 2
910.8960 	EXP 	Display Frame 3
910.9294 	EXP 	Display Frame 4
910.9627 	EXP 	Display Frame 5
910.9960 	EXP 	Display Frame 6
911.0294 	EXP 	Display Frame 7
911.0627 	EXP 	Display Frame 8
911.0961 	EXP 	Display Frame 9
911.1294 	EXP 	Display Frame 0
911.1627 	EXP 	Display Frame 1
911.1960 	EXP 	Display Frame 2
911.2294 	EXP 	Display Frame 3
911.2627 	EXP 	Display Frame 4
911.2960 	EXP 	Display Frame 5
911.3294 	EXP 	Display Frame 6
911.3628 	EXP 	Display Frame 7
911.3960 	EXP 	Display Frame 8
911.4294 	EXP 	Display Frame 9
911.4626 	EXP 	Display Frame 0
911.4961 	EXP 	Display Frame 1
911.5293 	EXP 	Display Frame 2
911.5626 	EXP 	Display Frame 3
911.5960 	EXP 	Display Frame 4
911.6293 	EXP 	Display Frame 5
911.6628 	EXP 	Display Frame 6
911.6960 	EXP 	Display Frame 7
911.7308 	EXP 	Display Frame 8
911.7627 	EXP 	Display Frame 9
911.7960 	EXP 	Display Frame 0
911.8293 	EXP 	Display Frame 1
911.8627 	EXP 	Display Frame 2
911.8960 	EXP 	Display Frame 3
911.9294 	EXP 	Display Frame 4
911.9627 	EXP 	Display Frame 5
911.9962 	EXP 	Display Frame 6
912.0294 	EXP 	Display Frame 7
912.0627 	EXP 	Display Frame 8
912.0960 	EXP 	Display Frame 9
912.1294 	EXP 	Display Frame 0
912.1627 	EXP 	Display Frame 1
912.1961 	EXP 	Display Frame 2
912.2294 	EXP 	Display Frame 3
912.2639 	EXP 	Display Frame 4
912.2960 	EXP 	Display Frame 5
912.3294 	EXP 	Display Frame 6
912.3626 	EXP 	Display Frame 7
912.3961 	EXP 	Display Frame 8
912.4293 	EXP 	Display Frame 9
912.4627 	EXP 	Display Frame 0
912.4960 	EXP 	Display Frame 1
912.5295 	EXP 	Display Frame 2
912.5627 	EXP 	Display Frame 3
912.5960 	EXP 	Display Frame 4
912.6293 	EXP 	Display Frame 5
912.6627 	EXP 	Display Frame 6
912.6961 	EXP 	Display Frame 7
912.7293 	EXP 	Display Frame 8
912.7627 	EXP 	Display Frame 9
912.7960 	EXP 	Display Frame 0
912.8294 	EXP 	Display Frame 1
912.8627 	EXP 	Display Frame 2
912.8960 	EXP 	Display Frame 3
912.9294 	EXP 	Display Frame 4
912.9627 	EXP 	Display Frame 5
912.9961 	EXP 	Display Frame 6
913.0294 	EXP 	Display Frame 7
913.0627 	EXP 	Display Frame 8
913.0961 	EXP 	Display Frame 9
913.1294 	EXP 	Display Frame 0
913.1628 	EXP 	Display Frame 1
913.1961 	EXP 	Display Frame 2
913.2294 	EXP 	Display Frame 3
913.2627 	EXP 	Display Frame 4
913.2961 	EXP 	Display Frame 5
913.3294 	EXP 	Display Frame 6
913.3629 	EXP 	Display Frame 7
913.3960 	EXP 	Display Frame 8
913.4294 	EXP 	Display Frame 9
913.4627 	EXP 	Display Frame 0
913.4962 	EXP 	Display Frame 1
913.5294 	EXP 	Display Frame 2
913.5627 	EXP 	Display Frame 3
913.5960 	EXP 	Display Frame 4
913.6294 	EXP 	Display Frame 5
913.6627 	EXP 	Display Frame 6
913.6961 	EXP 	Display Frame 7
913.7294 	EXP 	Display Frame 8
913.7627 	EXP 	Display Frame 9
913.7960 	EXP 	Display Frame 0
913.8295 	EXP 	Display Frame 1
913.8627 	EXP 	Display Frame 2
913.8961 	EXP 	Display Frame 3
913.9294 	EXP 	Display Frame 4
913.9627 	EXP 	Display Frame 5
913.9961 	EXP 	Display Frame 6
914.0294 	EXP 	Display Frame 7
914.0627 	EXP 	Display Frame 8
914.0960 	EXP 	Display Frame 9
914.1294 	EXP 	Display Frame 0
914.1627 	EXP 	Display Frame 1
914.1961 	EXP 	Display Frame 2
914.2294 	EXP 	Display Frame 3
914.2628 	EXP 	Display Frame 4
914.2971 	EXP 	Display Frame 5
914.3295 	EXP 	Display Frame 6
914.3628 	EXP 	Display Frame 7
914.3961 	EXP 	Display Frame 8
914.4294 	EXP 	Display Frame 9
914.4627 	EXP 	Display Frame 0
914.4961 	EXP 	Display Frame 1
914.5291 	DATA 	Keypress: equal
914.5306 	EXP 	Display Frame 2
914.5627 	EXP 	Display Frame 3
914.5960 	EXP 	Display Frame 4
914.6294 	EXP 	Display Frame 5
914.6626 	EXP 	Display Frame 6
914.6960 	EXP 	Display Frame 7
914.7293 	EXP 	Display Frame 8
914.7627 	EXP 	Display Frame 9
914.7960 	EXP 	Display Frame 0
914.8294 	EXP 	Display Frame 1
914.8628 	EXP 	Display Frame 2
914.8960 	EXP 	Display Frame 3
914.9294 	EXP 	Display Frame 4
914.9627 	EXP 	Display Frame 5
914.9960 	EXP 	Display Frame 6
915.0294 	EXP 	Display Frame 7
915.0627 	EXP 	Display Frame 8
915.0962 	EXP 	Display Frame 9
915.1293 	EXP 	Display Frame 0
915.1627 	EXP 	Display Frame 1
915.1960 	EXP 	Display Frame 2
915.2294 	EXP 	Display Frame 3
915.2627 	EXP 	Display Frame 4
915.2961 	EXP 	Display Frame 5
915.3293 	EXP 	Display Frame 6
915.3627 	EXP 	Display Frame 7
915.3960 	EXP 	Display Frame 8
915.4293 	EXP 	Display Frame 9
915.4626 	EXP 	Display Frame 0
915.4960 	EXP 	Display Frame 1
915.5294 	EXP 	Display Frame 2
915.5629 	EXP 	Display Frame 3
915.5960 	EXP 	Display Frame 4
915.6294 	EXP 	Display Frame 5
915.6627 	EXP 	Display Frame 6
915.6962 	EXP 	Display Frame 7
915.7294 	EXP 	Display Frame 8
915.7627 	EXP 	Display Frame 9
915.7960 	EXP 	Display Frame 0
915.8301 	EXP 	Display Frame 1
915.8627 	EXP 	Display Frame 2
915.8961 	EXP 	Display Frame 3
915.9294 	EXP 	Display Frame 4
915.9627 	EXP 	Display Frame 5
915.9961 	EXP 	Display Frame 6
916.0295 	EXP 	Display Frame 7
916.0627 	EXP 	Display Frame 8
916.0961 	EXP 	Display Frame 9
916.1293 	EXP 	Display Frame 0
916.1627 	EXP 	Display Frame 1
916.1960 	EXP 	Display Frame 2
916.2295 	EXP 	Display Frame 3
916.2627 	EXP 	Display Frame 4
916.2967 	EXP 	Display Frame 5
916.3293 	EXP 	Display Frame 6
916.3630 	EXP 	Display Frame 7
916.3960 	EXP 	Display Frame 8
916.4293 	EXP 	Display Frame 9
916.4627 	EXP 	Display Frame 0
916.4960 	EXP 	Display Frame 1
916.5293 	EXP 	Display Frame 2
916.5627 	EXP 	Display Frame 3
916.5960 	EXP 	Display Frame 4
916.6294 	EXP 	Display Frame 5
916.6628 	EXP 	Display Frame 6
916.6960 	EXP 	Display Frame 7
916.7293 	EXP 	Display Frame 8
916.7627 	EXP 	Display Frame 9
916.7960 	EXP 	Display Frame 0
916.8293 	EXP 	Display Frame 1
916.8629 	EXP 	Display Frame 2
916.8960 	EXP 	Display Frame 3
916.9293 	EXP 	Display Frame 4
916.9628 	EXP 	Display Frame 5
916.9960 	EXP 	Display Frame 6
917.0294 	EXP 	Display Frame 7
917.0628 	EXP 	Display Frame 8
917.0960 	EXP 	Display Frame 9
917.1293 	EXP 	Display Frame 0
917.1627 	EXP 	Display Frame 1
917.1960 	EXP 	Display Frame 2
917.2294 	EXP 	Display Frame 3
917.2627 	EXP 	Display Frame 4
917.2960 	EXP 	Display Frame 5
917.3293 	EXP 	Display Frame 6
917.3627 	EXP 	Display Frame 7
917.3960 	EXP 	Display Frame 8
917.4293 	EXP 	Display Frame 9
917.4627 	EXP 	Display Frame 0
917.4962 	EXP 	Display Frame 1
917.5294 	EXP 	Display Frame 2
917.5628 	EXP 	Display Frame 3
917.5961 	EXP 	Display Frame 4
917.6295 	EXP 	Display Frame 5
917.6628 	EXP 	Display Frame 6
917.6961 	EXP 	Display Frame 7
917.7294 	EXP 	Display Frame 8
917.7628 	EXP 	Display Frame 9
917.7961 	EXP 	Display Frame 0
917.8294 	EXP 	Display Frame 1
917.8627 	EXP 	Display Frame 2
917.8961 	EXP 	Display Frame 3
917.9294 	EXP 	Display Frame 4
917.9628 	EXP 	Display Frame 5
917.9961 	EXP 	Display Frame 6
918.0295 	EXP 	Display Frame 7
918.0628 	EXP 	Display Frame 8
918.0961 	EXP 	Display Frame 9
918.1294 	EXP 	Display Frame 0
918.1628 	EXP 	Display Frame 1
918.1961 	EXP 	Display Frame 2
918.2295 	EXP 	Display Frame 3
918.2627 	EXP 	Display Frame 4
918.2961 	EXP 	Display Frame 5
918.3294 	EXP 	Display Frame 6
918.3629 	EXP 	Display Frame 7
918.3961 	EXP 	Display Frame 8
918.4294 	EXP 	Display Frame 9
918.4627 	EXP 	Display Frame 0
918.4961 	EXP 	Display Frame 1
918.5294 	EXP 	Display Frame 2
918.5627 	EXP 	Display Frame 3
918.5961 	EXP 	Display Frame 4
918.6294 	EXP 	Display Frame 5
918.6628 	EXP 	Display Frame 6
918.6964 	EXP 	Display Frame 7
918.7294 	EXP 	Display Frame 8
918.7627 	EXP 	Display Frame 9
918.7961 	EXP 	Display Frame 0
918.8294 	EXP 	Display Frame 1
918.8627 	EXP 	Display Frame 2
918.8961 	EXP 	Display Frame 3
918.9294 	EXP 	Display Frame 4
918.9627 	EXP 	Display Frame 5
918.9962 	EXP 	Display Frame 6
919.0294 	EXP 	Display Frame 7
919.0629 	EXP 	Display Frame 8
919.0960 	EXP 	Display Frame 9
919.1306 	EXP 	Display Frame 0
919.1628 	EXP 	Display Frame 1
919.1962 	EXP 	Display Frame 2
919.2294 	EXP 	Display Frame 3
919.2628 	EXP 	Display Frame 4
919.2960 	EXP 	Display Frame 5
919.3295 	EXP 	Display Frame 6
919.3627 	EXP 	Display Frame 7
919.3961 	EXP 	Display Frame 8
919.4294 	EXP 	Display Frame 9
919.4628 	EXP 	Display Frame 0
919.4961 	EXP 	Display Frame 1
919.5294 	EXP 	Display Frame 2
919.5628 	EXP 	Display Frame 3
919.5961 	EXP 	Display Frame 4
919.6294 	EXP 	Display Frame 5
919.6628 	EXP 	Display Frame 6
919.6961 	EXP 	Display Frame 7
919.7293 	DATA 	Keypress: equal
919.7308 	EXP 	Display Frame 8
919.7627 	EXP 	Display Frame 9
919.7960 	EXP 	Display Frame 0
919.8295 	EXP 	Display Frame 1
919.8627 	EXP 	Display Frame 2
919.8970 	EXP 	Display Frame 3
919.9293 	EXP 	Display Frame 4
919.9628 	EXP 	Display Frame 5
919.9960 	EXP 	Display Frame 6
920.0294 	EXP 	Display Frame 7
920.0627 	EXP 	Display Frame 8
920.0961 	EXP 	Display Frame 9
920.1295 	EXP 	Display Frame 0
920.1628 	EXP 	Display Frame 1
920.1960 	EXP 	Display Frame 2
920.2295 	EXP 	Display Frame 3
920.2627 	EXP 	Display Frame 4
920.2960 	EXP 	Display Frame 5
920.3294 	EXP 	Display Frame 6
920.3628 	EXP 	Display Frame 7
920.3960 	EXP 	Display Frame 8
920.4294 	EXP 	Display Frame 9
920.4627 	EXP 	Display Frame 0
920.4961 	EXP 	Display Frame 1
920.5295 	EXP 	Display Frame 2
920.5628 	EXP 	Display Frame 3
920.5961 	EXP 	Display Frame 4
920.6294 	EXP 	Display Frame 5
920.6628 	EXP 	Display Frame 6
920.6961 	EXP 	Display Frame 7
920.7294 	EXP 	Display Frame 8
920.7627 	EXP 	Display Frame 9
920.7961 	EXP 	Display Frame 0
920.8294 	EXP 	Display Frame 1
920.8628 	EXP 	Display Frame 2
920.8961 	EXP 	Display Frame 3
920.9294 	EXP 	Display Frame 4
920.9627 	EXP 	Display Frame 5
920.9962 	EXP 	Display Frame 6
921.0294 	EXP 	Display Frame 7
921.0628 	EXP 	Display Frame 8
921.0961 	EXP 	Display Frame 9
921.1294 	EXP 	Display Frame 0
921.1628 	EXP 	Display Frame 1
921.1961 	EXP 	Display Frame 2
921.2294 	EXP 	Display Frame 3
921.2628 	EXP 	Display Frame 4
921.2961 	EXP 	Display Frame 5
921.3295 	EXP 	Display Frame 6
921.3628 	EXP 	Display Frame 7
921.3961 	EXP 	Display Frame 8
921.4293 	EXP 	Display Frame 9
921.4628 	EXP 	Display Frame 0
921.4961 	EXP 	Display Frame 1
921.5294 	EXP 	Display Frame 2
921.5628 	EXP 	Display Frame 3
921.5960 	EXP 	Display Frame 4
921.6294 	EXP 	Display Frame 5
921.6628 	EXP 	Display Frame 6
921.6961 	EXP 	Display Frame 7
921.7294 	EXP 	Display Frame 8
921.7627 	EXP 	Display Frame 9
921.7961 	EXP 	Display Frame 0
921.8294 	EXP 	Display Frame 1
921.8628 	EXP 	Display Frame 2
921.8961 	EXP 	Display Frame 3
921.9305 	EXP 	Display Frame 4
921.9627 	EXP 	Display Frame 5
921.9961 	EXP 	Display Frame 6
922.0295 	EXP 	Display Frame 7
922.0628 	EXP 	Display Frame 8
922.0961 	EXP 	Display Frame 9
922.1294 	EXP 	Display Frame 0
922.1628 	EXP 	Display Frame 1
922.1961 	EXP 	Display Frame 2
922.2295 	EXP 	Display Frame 3
922.2627 	EXP 	Display Frame 4
922.2961 	EXP 	Display Frame 5
922.3295 	EXP 	Display Frame 6
922.3628 	EXP 	Display Frame 7
922.3961 	EXP 	Display Frame 8
922.4294 	EXP 	Display Frame 9
922.4628 	EXP 	Display Frame 0
922.4961 	EXP 	Display Frame 1
922.5294 	EXP 	Display Frame 2
922.5629 	EXP 	Display Frame 3
922.5961 	EXP 	Display Frame 4
922.6298 	EXP 	Display Frame 5
922.6628 	EXP 	Display Frame 6
922.6961 	EXP 	Display Frame 7
922.7295 	EXP 	Display Frame 8
922.7628 	EXP 	Display Frame 9
922.7961 	EXP 	Display Frame 0
922.8294 	EXP 	Display Frame 1
922.8628 	EXP 	Display Frame 2
922.8961 	EXP 	Display Frame 3
922.9294 	EXP 	Display Frame 4
922.9627 	EXP 	Display Frame 5
922.9962 	EXP 	Display Frame 6
923.0294 	EXP 	Display Frame 7
923.0628 	EXP 	Display Frame 8
923.0961 	EXP 	Display Frame 9
923.1295 	EXP 	Display Frame 0
923.1627 	EXP 	Display Frame 1
923.1961 	EXP 	Display Frame 2
923.2294 	EXP 	Display Frame 3
923.2627 	EXP 	Display Frame 4
923.2960 	EXP 	Display Frame 5
923.3295 	EXP 	Display Frame 6
923.3627 	EXP 	Display Frame 7
923.3962 	EXP 	Display Frame 8
923.4294 	EXP 	Display Frame 9
923.4627 	EXP 	Display Frame 0
923.4961 	EXP 	Display Frame 1
923.5294 	EXP 	Display Frame 2
923.5628 	EXP 	Display Frame 3
923.5961 	EXP 	Display Frame 4
923.6294 	EXP 	Display Frame 5
923.6627 	EXP 	Display Frame 6
923.6962 	EXP 	Display Frame 7
923.7294 	EXP 	Display Frame 8
923.7627 	EXP 	Display Frame 9
923.7961 	EXP 	Display Frame 0
923.8294 	EXP 	Display Frame 1
923.8627 	EXP 	Display Frame 2
923.8961 	EXP 	Display Frame 3
923.9294 	EXP 	Display Frame 4
923.9626 	EXP 	Display Frame 5
923.9961 	EXP 	Display Frame 6
924.0297 	EXP 	Display Frame 7
924.0627 	EXP 	Display Frame 8
924.0960 	EXP 	Display Frame 9
924.1294 	EXP 	Display Frame 0
924.1628 	EXP 	Display Frame 1
924.1961 	EXP 	Display Frame 2
924.2294 	EXP 	Display Frame 3
924.2627 	EXP 	Display Frame 4
924.2961 	EXP 	Display Frame 5
924.3294 	EXP 	Display Frame 6
924.3628 	EXP 	Display Frame 7
924.3961 	EXP 	Display Frame 8
924.4295 	EXP 	Display Frame 9
924.4627 	EXP 	Display Frame 0
924.4962 	EXP 	Display Frame 1
924.5294 	EXP 	Display Frame 2
924.5629 	EXP 	Display Frame 3
924.5961 	EXP 	Display Frame 4
924.6295 	EXP 	Display Frame 5
924.6628 	EXP 	Display Frame 6
924.6962 	EXP 	Display Frame 7
924.7295 	EXP 	Display Frame 8
924.7628 	EXP 	Display Frame 9
924.7961 	EXP 	Display Frame 0
924.8294 	EXP 	Display Frame 1
924.8627 	EXP 	Display Frame 2
924.8969 	EXP 	Display Frame 3
924.9294 	DATA 	Keypress: equal
924.9310 	EXP 	Display Frame 4
924.9626 	EXP 	Display Frame 5
924.9960 	EXP 	Display Frame 6
925.0294 	EXP 	Display Frame 7
925.0627 	EXP 	Display Frame 8
925.0960 	EXP 	Display Frame 9
925.1295 	EXP 	Display Frame 0
925.1629 	EXP 	Display Frame 1
925.1961 	EXP 	Display Frame 2
925.2294 	EXP 	Display Frame 3
925.2627 	EXP 	Display Frame 4
925.2961 	EXP 	Display Frame 5
925.3294 	EXP 	Display Frame 6
925.3627 	EXP 	Display Frame 7
925.3961 	EXP 	Display Frame 8
925.4294 	EXP 	Display Frame 9
925.4628 	EXP 	Display Frame 0
925.4971 	EXP 	Display Frame 1
925.5293 	EXP 	Display Frame 2
925.5627 	EXP 	Display Frame 3
925.5960 	EXP 	Display Frame 4
925.6294 	EXP 	Display Frame 5
925.6627 	EXP 	Display Frame 6
925.6960 	EXP 	Display Frame 7
925.7295 	EXP 	Display Frame 8
925.7627 	EXP 	Display Frame 9
925.7960 	EXP 	Display Frame 0
925.8294 	EXP 	Display Frame 1
925.8627 	EXP 	Display Frame 2
925.8960 	EXP 	Display Frame 3
925.9294 	EXP 	Display Frame 4
925.9628 	EXP 	Display Frame 5
925.9963 	EXP 	Display Frame 6
926.0295 	EXP 	Display Frame 7
926.0628 	EXP 	Display Frame 8
926.0961 	EXP 	Display Frame 9
926.1294 	EXP 	Display Frame 0
926.1627 	EXP 	Display Frame 1
926.1961 	EXP 	Display Frame 2
926.2295 	EXP 	Display Frame 3
926.2628 	EXP 	Display Frame 4
926.2961 	EXP 	Display Frame 5
926.3294 	EXP 	Display Frame 6
926.3627 	EXP 	Display Frame 7
926.3961 	EXP 	Display Frame 8
926.4295 	EXP 	Display Frame 9
926.4627 	EXP 	Display Frame 0
926.4961 	EXP 	Display Frame 1
926.5294 	EXP 	Display Frame 2
926.5628 	EXP 	Display Frame 3
926.5961 	EXP 	Display Frame 4
926.6294 	EXP 	Display Frame 5
926.6628 	EXP 	Display Frame 6
926.6961 	EXP 	Display Frame 7
926.7294 	EXP 	Display Frame 8
926.7627 	EXP 	Display Frame 9
926.7961 	EXP 	Display Frame 0
926.8295 	EXP 	Display Frame 1
926.8628 	EXP 	Display Frame 2
926.8961 	EXP 	Display Frame 3
926.9294 	EXP 	Display Frame 4
926.9628 	EXP 	Display Frame 5
926.9961 	EXP 	Display Frame 6
927.0294 	EXP 	Display Frame 7
927.0628 	EXP 	Display Frame 8
927.0961 	EXP 	Display Frame 9
927.1294 	EXP 	Display Frame 0
927.1627 	EXP 	Display Frame 1
927.1961 	EXP 	Display Frame 2
927.2294 	EXP 	Display Frame 3
927.2628 	EXP 	Display Frame 4
927.2961 	EXP 	Display Frame 5
927.3294 	EXP 	Display Frame 6
927.3628 	EXP 	Display Frame 7
927.3961 	EXP 	Display Frame 8
927.4294 	EXP 	Display Frame 9
927.4628 	EXP 	Display Frame 0
927.4961 	EXP 	Display Frame 1
927.5310 	EXP 	Display Frame 2
927.5627 	EXP 	Display Frame 3
927.5962 	EXP 	Display Frame 4
927.6294 	EXP 	Display Frame 5
927.6628 	EXP 	Display Frame 6
927.6961 	EXP 	Display Frame 7
927.7294 	EXP 	Display Frame 8
927.7627 	EXP 	Display Frame 9
927.7961 	EXP 	Display Frame 0
927.8294 	EXP 	Display Frame 1
927.8627 	EXP 	Display Frame 2
927.8962 	EXP 	Display Frame 3
927.9294 	EXP 	Display Frame 4
927.9627 	EXP 	Display Frame 5
927.9961 	EXP 	Display Frame 6
928.0294 	EXP 	Display Frame 7
928.0627 	EXP 	Display Frame 8
928.0961 	EXP 	Display Frame 9
928.1294 	EXP 	Display Frame 0
928.1627 	EXP 	Display Frame 1
928.1961 	EXP 	Display Frame 2
928.2294 	EXP 	Display Frame 3
928.2627 	EXP 	Display Frame 4
928.2961 	EXP 	Display Frame 5
928.3294 	EXP 	Display Frame 6
928.3627 	EXP 	Display Frame 7
928.3961 	EXP 	Display Frame 8
928.4294 	EXP 	Display Frame 9
928.4627 	EXP 	Display Frame 0
928.4962 	EXP 	Display Frame 1
928.5294 	EXP 	Display Frame 2
928.5629 	EXP 	Display Frame 3
928.5960 	EXP 	Display Frame 4
928.6294 	EXP 	Display Frame 5
928.6627 	EXP 	Display Frame 6
928.6961 	EXP 	Display Frame 7
928.7294 	EXP 	Display Frame 8
928.7627 	EXP 	Display Frame 9
928.7961 	EXP 	Display Frame 0
928.8295 	EXP 	Display Frame 1
928.8628 	EXP 	Display Frame 2
928.8961 	EXP 	Display Frame 3
928.9294 	EXP 	Display Frame 4
928.9627 	EXP 	Display Frame 5
928.9961 	EXP 	Display Frame 6
929.0294 	EXP 	Display Frame 7
929.0627 	EXP 	Display Frame 8
929.0960 	EXP 	Display Frame 9
929.1294 	EXP 	Display Frame 0
929.1627 	EXP 	Display Frame 1
929.1961 	EXP 	Display Frame 2
929.2295 	EXP 	Display Frame 3
929.2627 	EXP 	Display Frame 4
929.2960 	EXP 	Display Frame 5
929.3295 	EXP 	Display Frame 6
929.3628 	EXP 	Display Frame 7
929.3960 	EXP 	Display Frame 8
929.4294 	EXP 	Display Frame 9
929.4628 	EXP 	Display Frame 0
929.4961 	EXP 	Display Frame 1
929.5295 	EXP 	Display Frame 2
929.5635 	EXP 	Display Frame 3
929.5961 	EXP 	Display Frame 4
929.6294 	EXP 	Display Frame 5
929.6628 	EXP 	Display Frame 6
929.6961 	EXP 	Display Frame 7
929.7295 	EXP 	Display Frame 8
929.7628 	EXP 	Display Frame 9
929.7961 	EXP 	Display Frame 0
929.8294 	EXP 	Display Frame 1
929.8628 	EXP 	Display Frame 2
929.8961 	EXP 	Display Frame 3
929.9294 	EXP 	Display Frame 4
929.9628 	EXP 	Display Frame 5
929.9962 	EXP 	Display Frame 6
930.0295 	EXP 	Display Frame 7
930.0627 	EXP 	Display Frame 8
930.0958 	DATA 	Keypress: equal
930.0973 	EXP 	Display Frame 9
930.1294 	EXP 	Display Frame 0
930.1627 	EXP 	Display Frame 1
930.1961 	EXP 	Display Frame 2
930.2294 	EXP 	Display Frame 3
930.2627 	EXP 	Display Frame 4
930.2960 	EXP 	Display Frame 5
930.3294 	EXP 	Display Frame 6
930.3627 	EXP 	Display Frame 7
930.3961 	EXP 	Display Frame 8
930.4293 	EXP 	Display Frame 9
930.4627 	EXP 	Display Frame 0
930.4961 	EXP 	Display Frame 1
930.5294 	EXP 	Display Frame 2
930.5628 	EXP 	Display Frame 3
930.5961 	EXP 	Display Frame 4
930.6295 	EXP 	Display Frame 5
930.6628 	EXP 	Display Frame 6
930.6961 	EXP 	Display Frame 7
930.7294 	EXP 	Display Frame 8
930.7628 	EXP 	Display Frame 9
930.7961 	EXP 	Display Frame 0
930.8295 	EXP 	Display Frame 1
930.8628 	EXP 	Display Frame 2
930.8961 	EXP 	Display Frame 3
930.9294 	EXP 	Display Frame 4
930.9628 	EXP 	Display Frame 5
930.9961 	EXP 	Display Frame 6
931.0295 	EXP 	Display Frame 7
931.0627 	EXP 	Display Frame 8
931.0960 	EXP 	Display Frame 9
931.1295 	EXP 	Display Frame 0
931.1628 	EXP 	Display Frame 1
931.1963 	EXP 	Display Frame 2
931.2294 	EXP 	Display Frame 3
931.2627 	EXP 	Display Frame 4
931.2961 	EXP 	Display Frame 5
931.3294 	EXP 	Display Frame 6
931.3628 	EXP 	Display Frame 7
931.3961 	EXP 	Display Frame 8
931.4294 	EXP 	Display Frame 9
931.4627 	EXP 	Display Frame 0
931.4961 	EXP 	Display Frame 1
931.5295 	EXP 	Display Frame 2
931.5628 	EXP 	Display Frame 3
931.5972 	EXP 	Display Frame 4
931.6294 	EXP 	Display Frame 5
931.6628 	EXP 	Display Frame 6
931.6961 	EXP 	Display Frame 7
931.7294 	EXP 	Display Frame 8
931.7627 	EXP 	Display Frame 9
931.7961 	EXP 	Display Frame 0
931.8294 	EXP 	Display Frame 1
931.8628 	EXP 	Display Frame 2
931.8961 	EXP 	Display Frame 3
931.9294 	EXP 	Display Frame 4
931.9628 	EXP 	Display Frame 5
931.9961 	EXP 	Display Frame 6
932.0294 	EXP 	Display Frame 7
932.0628 	EXP 	Display Frame 8
932.0960 	EXP 	Display Frame 9
932.1294 	EXP 	Display Frame 0
932.1628 	EXP 	Display Frame 1
932.1961 	EXP 	Display Frame 2
932.2295 	EXP 	Display Frame 3
932.2628 	EXP 	Display Frame 4
932.2961 	EXP 	Display Frame 5
932.3294 	EXP 	Display Frame 6
932.3628 	EXP 	Display Frame 7
932.3961 	EXP 	Display Frame 8
932.4301 	EXP 	Display Frame 9
932.4627 	EXP 	Display Frame 0
932.4961 	EXP 	Display Frame 1
932.5294 	EXP 	Display Frame 2
932.5628 	EXP 	Display Frame 3
932.5960 	EXP 	Display Frame 4
932.6294 	EXP 	Display Frame 5
932.6627 	EXP 	Display Frame 6
932.6962 	EXP 	Display Frame 7
932.7294 	EXP 	Display Frame 8
932.7627 	EXP 	Display Frame 9
932.7961 	EXP 	Display Frame 0
932.8295 	EXP 	Display Frame 1
932.8628 	EXP 	Display Frame 2
932.8961 	EXP 	Display Frame 3
932.9294 	EXP 	Display Frame 4
932.9628 	EXP 	Display Frame 5
932.9961 	EXP 	Display Frame 6
933.0294 	EXP 	Display Frame 7
933.0628 	EXP 	Display Frame 8
933.0960 	EXP 	Display Frame 9
933.1294 	EXP 	Display Frame 0
933.1629 	EXP 	Display Frame 1
933.1961 	EXP 	Display Frame 2
933.2294 	EXP 	Display Frame 3
933.2627 	EXP 	Display Frame 4
933.2961 	EXP 	Display Frame 5
933.3294 	EXP 	Display Frame 6
933.3627 	EXP 	Display Frame 7
933.3961 	EXP 	Display Frame 8
933.4294 	EXP 	Display Frame 9
933.4627 	EXP 	Display Frame 0
933.4961 	EXP 	Display Frame 1
933.5294 	EXP 	Display Frame 2
933.5628 	EXP 	Display Frame 3
933.5961 	EXP 	Display Frame 4
933.6301 	EXP 	Display Frame 5
933.6628 	EXP 	Display Frame 6
933.6961 	EXP 	Display Frame 7
933.7295 	EXP 	Display Frame 8
933.7627 	EXP 	Display Frame 9
933.7961 	EXP 	Display Frame 0
933.8295 	EXP 	Display Frame 1
933.8628 	EXP 	Display Frame 2
933.8961 	EXP 	Display Frame 3
933.9294 	EXP 	Display Frame 4
933.9627 	EXP 	Display Frame 5
933.9962 	EXP 	Display Frame 6
934.0294 	EXP 	Display Frame 7
934.0629 	EXP 	Display Frame 8
934.0961 	EXP 	Display Frame 9
934.1294 	EXP 	Display Frame 0
934.1628 	EXP 	Display Frame 1
934.1961 	EXP 	Display Frame 2
934.2294 	EXP 	Display Frame 3
934.2628 	EXP 	Display Frame 4
934.2961 	EXP 	Display Frame 5
934.3295 	EXP 	Display Frame 6
934.3628 	EXP 	Display Frame 7
934.3961 	EXP 	Display Frame 8
934.4294 	EXP 	Display Frame 9
934.4628 	EXP 	Display Frame 0
934.4961 	EXP 	Display Frame 1
934.5294 	EXP 	Display Frame 2
934.5627 	EXP 	Display Frame 3
934.5961 	EXP 	Display Frame 4
934.6294 	EXP 	Display Frame 5
934.6627 	EXP 	Display Frame 6
934.6962 	EXP 	Display Frame 7
934.7294 	EXP 	Display Frame 8
934.7627 	EXP 	Display Frame 9
934.7961 	EXP 	Display Frame 0
934.8294 	EXP 	Display Frame 1
934.8628 	EXP 	Display Frame 2
934.8962 	EXP 	Display Frame 3
934.9294 	EXP 	Display Frame 4
934.9628 	EXP 	Display Frame 5
934.9962 	EXP 	Display Frame 6
935.0295 	EXP 	Display Frame 7
935.0627 	EXP 	Display Frame 8
935.0962 	EXP 	Display Frame 9
935.1295 	EXP 	Display Frame 0
935.1640 	EXP 	Display Frame 1
935.1961 	EXP 	Display Frame 2
935.2295 	EXP 	Display Frame 3
935.2628 	EXP 	Display Frame 4
935.2961 	EXP 	Display Frame 5
935.3294 	EXP 	Display Frame 6
935.3628 	EXP 	Display Frame 7
935.3961 	EXP 	Display Frame 8
935.4294 	EXP 	Display Frame 9
935.4627 	EXP 	Display Frame 0
935.4961 	EXP 	Display Frame 1
935.5294 	EXP 	Display Frame 2
935.5628 	EXP 	Display Frame 3
935.5961 	EXP 	Display Frame 4
935.6294 	EXP 	Display Frame 5
935.6627 	EXP 	Display Frame 6
935.6961 	EXP 	Display Frame 7
935.7295 	EXP 	Display Frame 8
935.7629 	EXP 	Display Frame 9
935.7960 	EXP 	Display Frame 0
935.8295 	EXP 	Display Frame 1
935.8629 	EXP 	Display Frame 2
935.8961 	EXP 	Display Frame 3
935.9294 	EXP 	Display Frame 4
935.9627 	EXP 	Display Frame 5
935.9961 	EXP 	Display Frame 6
936.0294 	EXP 	Display Frame 7
936.0628 	EXP 	Display Frame 8
936.0961 	EXP 	Display Frame 9
936.1295 	EXP 	Display Frame 0
936.1627 	EXP 	Display Frame 1
936.1961 	EXP 	Display Frame 2
936.2300 	EXP 	Display Frame 3
936.2628 	EXP 	Display Frame 4
936.2961 	EXP 	Display Frame 5
936.3294 	EXP 	Display Frame 6
936.3628 	EXP 	Display Frame 7
936.3962 	EXP 	Display Frame 8
936.4294 	EXP 	Display Frame 9
936.4631 	EXP 	Display Frame 0
936.4961 	EXP 	Display Frame 1
936.5294 	EXP 	Display Frame 2
936.5628 	EXP 	Display Frame 3
936.5961 	EXP 	Display Frame 4
936.6294 	EXP 	Display Frame 5
936.6627 	EXP 	Display Frame 6
936.6961 	EXP 	Display Frame 7
936.7294 	EXP 	Display Frame 8
936.7628 	EXP 	Display Frame 9
936.7961 	EXP 	Display Frame 0
936.8294 	EXP 	Display Frame 1
936.8628 	EXP 	Display Frame 2
936.8960 	EXP 	Display Frame 3
936.9294 	EXP 	Display Frame 4
936.9628 	EXP 	Display Frame 5
936.9961 	EXP 	Display Frame 6
937.0295 	EXP 	Display Frame 7
937.0627 	EXP 	Display Frame 8
937.0961 	EXP 	Display Frame 9
937.1294 	EXP 	Display Frame 0
937.1627 	EXP 	Display Frame 1
937.1978 	EXP 	Display Frame 2
937.2295 	EXP 	Display Frame 3
937.2627 	EXP 	Display Frame 4
937.2961 	EXP 	Display Frame 5
937.3294 	EXP 	Display Frame 6
937.3628 	EXP 	Display Frame 7
937.3961 	EXP 	Display Frame 8
937.4294 	EXP 	Display Frame 9
937.4628 	EXP 	Display Frame 0
937.4962 	EXP 	Display Frame 1
937.5295 	EXP 	Display Frame 2
937.5628 	EXP 	Display Frame 3
937.5961 	EXP 	Display Frame 4
937.6294 	EXP 	Display Frame 5
937.6627 	EXP 	Display Frame 6
937.6961 	EXP 	Display Frame 7
937.7295 	EXP 	Display Frame 8
937.7627 	EXP 	Display Frame 9
937.7961 	EXP 	Display Frame 0
937.8294 	EXP 	Display Frame 1
937.8628 	EXP 	Display Frame 2
937.8961 	EXP 	Display Frame 3
937.9294 	EXP 	Display Frame 4
937.9627 	EXP 	Display Frame 5
937.9961 	EXP 	Display Frame 6
938.0294 	EXP 	Display Frame 7
938.0629 	EXP 	Display Frame 8
938.0961 	EXP 	Display Frame 9
938.1294 	EXP 	Display Frame 0
938.1628 	EXP 	Display Frame 1
938.1962 	EXP 	Display Frame 2
938.2295 	EXP 	Display Frame 3
938.2628 	EXP 	Display Frame 4
938.2961 	EXP 	Display Frame 5
938.3295 	EXP 	Display Frame 6
938.3628 	EXP 	Display Frame 7
938.3962 	EXP 	Display Frame 8
938.4294 	EXP 	Display Frame 9
938.4628 	EXP 	Display Frame 0
938.4961 	EXP 	Display Frame 1
938.5295 	EXP 	Display Frame 2
938.5628 	EXP 	Display Frame 3
938.5961 	EXP 	Display Frame 4
938.6294 	EXP 	Display Frame 5
938.6627 	EXP 	Display Frame 6
938.6961 	EXP 	Display Frame 7
938.7295 	EXP 	Display Frame 8
938.7627 	EXP 	Display Frame 9
938.7961 	EXP 	Display Frame 0
938.8294 	EXP 	Display Frame 1
938.8627 	EXP 	Display Frame 2
938.8961 	EXP 	Display Frame 3
938.9294 	EXP 	Display Frame 4
938.9628 	EXP 	Display Frame 5
938.9961 	EXP 	Display Frame 6
939.0294 	EXP 	Display Frame 7
939.0628 	EXP 	Display Frame 8
939.0961 	EXP 	Display Frame 9
939.1294 	EXP 	Display Frame 0
939.1628 	EXP 	Display Frame 1
939.1961 	EXP 	Display Frame 2
939.2322 	EXP 	Display Frame 3
939.2628 	EXP 	Display Frame 4
939.2961 	EXP 	Display Frame 5
939.3294 	EXP 	Display Frame 6
939.3629 	EXP 	Display Frame 7
939.3961 	EXP 	Display Frame 8
939.4294 	EXP 	Display Frame 9
939.4627 	EXP 	Display Frame 0
939.4961 	EXP 	Display Frame 1
939.5294 	EXP 	Display Frame 2
939.5627 	EXP 	Display Frame 3
939.5961 	EXP 	Display Frame 4
939.6294 	EXP 	Display Frame 5
939.6627 	EXP 	Display Frame 6
939.6961 	EXP 	Display Frame 7
939.7294 	EXP 	Display Frame 8
939.7627 	EXP 	Display Frame 9
939.7961 	EXP 	Display Frame 0
939.8294 	EXP 	Display Frame 1
939.8628 	EXP 	Display Frame 2
939.8961 	EXP 	Display Frame 3
939.9294 	EXP 	Display Frame 4
939.9627 	EXP 	Display Frame 5
939.9961 	EXP 	Display Frame 6
940.0297 	EXP 	Display Frame 7
940.0627 	EXP 	Display Frame 8
940.0961 	EXP 	Display Frame 9
940.1294 	EXP 	Display Frame 0
940.1627 	EXP 	Display Frame 1
940.1961 	EXP 	Display Frame 2
940.2294 	EXP 	Display Frame 3
940.2636 	EXP 	Display Frame 4
940.2960 	EXP 	Display Frame 5
940.3294 	EXP 	Display Frame 6
940.3628 	EXP 	Display Frame 7
940.3960 	EXP 	Display Frame 8
940.4294 	EXP 	Display Frame 9
940.4627 	EXP 	Display Frame 0
940.4961 	EXP 	Display Frame 1
940.5294 	EXP 	Display Frame 2
940.5628 	EXP 	Display Frame 3
940.5961 	EXP 	Display Frame 4
940.6294 	EXP 	Display Frame 5
940.6628 	EXP 	Display Frame 6
940.6961 	EXP 	Display Frame 7
940.7294 	EXP 	Display Frame 8
940.7628 	EXP 	Display Frame 9
940.7961 	EXP 	Display Frame 0
940.8294 	EXP 	Display Frame 1
940.8627 	EXP 	Display Frame 2
940.8961 	EXP 	Display Frame 3
940.9294 	EXP 	Display Frame 4
940.9628 	EXP 	Display Frame 5
940.9961 	EXP 	Display Frame 6
941.0294 	EXP 	Display Frame 7
941.0627 	EXP 	Display Frame 8
941.0962 	EXP 	Display Frame 9
941.1294 	EXP 	Display Frame 0
941.1628 	EXP 	Display Frame 1
941.1961 	EXP 	Display Frame 2
941.2294 	EXP 	Display Frame 3
941.2641 	EXP 	Display Frame 4
941.2961 	EXP 	Display Frame 5
941.3294 	EXP 	Display Frame 6
941.3628 	EXP 	Display Frame 7
941.3961 	EXP 	Display Frame 8
941.4294 	EXP 	Display Frame 9
941.4627 	EXP 	Display Frame 0
941.4961 	EXP 	Display Frame 1
941.5295 	EXP 	Display Frame 2
941.5628 	EXP 	Display Frame 3
941.5961 	EXP 	Display Frame 4
941.6295 	EXP 	Display Frame 5
941.6628 	EXP 	Display Frame 6
941.6961 	EXP 	Display Frame 7
941.7294 	EXP 	Display Frame 8
941.7627 	EXP 	Display Frame 9
941.7961 	EXP 	Display Frame 0
941.8295 	EXP 	Display Frame 1
941.8628 	EXP 	Display Frame 2
941.8961 	EXP 	Display Frame 3
941.9294 	EXP 	Display Frame 4
941.9627 	EXP 	Display Frame 5
941.9961 	EXP 	Display Frame 6
942.0295 	EXP 	Display Frame 7
942.0627 	EXP 	Display Frame 8
942.0960 	EXP 	Display Frame 9
942.1294 	EXP 	Display Frame 0
942.1627 	EXP 	Display Frame 1
942.1962 	EXP 	Display Frame 2
942.2294 	EXP 	Display Frame 3
942.2627 	EXP 	Display Frame 4
942.2961 	EXP 	Display Frame 5
942.3294 	EXP 	Display Frame 6
942.3627 	EXP 	Display Frame 7
942.3962 	EXP 	Display Frame 8
942.4294 	EXP 	Display Frame 9
942.4627 	EXP 	Display Frame 0
942.4961 	EXP 	Display Frame 1
942.5295 	EXP 	Display Frame 2
942.5628 	EXP 	Display Frame 3
942.5961 	EXP 	Display Frame 4
942.6294 	EXP 	Display Frame 5
942.6628 	EXP 	Display Frame 6
942.6961 	EXP 	Display Frame 7
942.7295 	EXP 	Display Frame 8
942.7627 	EXP 	Display Frame 9
942.7961 	EXP 	Display Frame 0
942.8294 	EXP 	Display Frame 1
942.8627 	EXP 	Display Frame 2
942.8961 	EXP 	Display Frame 3
942.9294 	EXP 	Display Frame 4
942.9628 	EXP 	Display Frame 5
942.9961 	EXP 	Display Frame 6
943.0296 	EXP 	Display Frame 7
943.0627 	EXP 	Display Frame 8
943.0961 	EXP 	Display Frame 9
943.1294 	EXP 	Display Frame 0
943.1628 	EXP 	Display Frame 1
943.1961 	EXP 	Display Frame 2
943.2295 	EXP 	Display Frame 3
943.2628 	EXP 	Display Frame 4
943.2974 	EXP 	Display Frame 5
943.3294 	EXP 	Display Frame 6
943.3628 	EXP 	Display Frame 7
943.3962 	EXP 	Display Frame 8
943.4294 	EXP 	Display Frame 9
943.4627 	EXP 	Display Frame 0
943.4961 	EXP 	Display Frame 1
943.5294 	EXP 	Display Frame 2
943.5628 	EXP 	Display Frame 3
943.5961 	EXP 	Display Frame 4
943.6295 	EXP 	Display Frame 5
943.6628 	EXP 	Display Frame 6
943.6961 	EXP 	Display Frame 7
943.7294 	EXP 	Display Frame 8
943.7628 	EXP 	Display Frame 9
943.7961 	EXP 	Display Frame 0
943.8295 	EXP 	Display Frame 1
943.8628 	EXP 	Display Frame 2
943.8961 	EXP 	Display Frame 3
943.9294 	EXP 	Display Frame 4
943.9628 	EXP 	Display Frame 5
943.9961 	EXP 	Display Frame 6
944.0295 	EXP 	Display Frame 7
944.0627 	EXP 	Display Frame 8
944.0961 	EXP 	Display Frame 9
944.1294 	EXP 	Display Frame 0
944.1627 	EXP 	Display Frame 1
944.1961 	EXP 	Display Frame 2
944.2294 	EXP 	Display Frame 3
944.2634 	EXP 	Display Frame 4
944.2961 	EXP 	Display Frame 5
944.3295 	EXP 	Display Frame 6
944.3628 	EXP 	Display Frame 7
944.3961 	EXP 	Display Frame 8
944.4294 	EXP 	Display Frame 9
944.4628 	EXP 	Display Frame 0
944.4961 	EXP 	Display Frame 1
944.5294 	EXP 	Display Frame 2
944.5628 	EXP 	Display Frame 3
944.5961 	EXP 	Display Frame 4
944.6294 	EXP 	Display Frame 5
944.6628 	EXP 	Display Frame 6
944.6961 	EXP 	Display Frame 7
944.7295 	EXP 	Display Frame 8
944.7627 	EXP 	Display Frame 9
944.7961 	EXP 	Display Frame 0
944.8294 	EXP 	Display Frame 1
944.8629 	EXP 	Display Frame 2
944.8961 	EXP 	Display Frame 3
944.9294 	EXP 	Display Frame 4
944.9628 	EXP 	Display Frame 5
944.9962 	EXP 	Display Frame 6
945.0294 	EXP 	Display Frame 7
945.0628 	EXP 	Display Frame 8
945.0961 	EXP 	Display Frame 9
945.1294 	EXP 	Display Frame 0
945.1628 	EXP 	Display Frame 1
945.1961 	EXP 	Display Frame 2
945.2294 	EXP 	Display Frame 3
945.2627 	EXP 	Display Frame 4
945.2960 	EXP 	Display Frame 5
945.3300 	EXP 	Display Frame 6
945.3631 	EXP 	Display Frame 7
945.3960 	EXP 	Display Frame 8
945.4294 	EXP 	Display Frame 9
945.4627 	EXP 	Display Frame 0
945.4961 	EXP 	Display Frame 1
945.5294 	EXP 	Display Frame 2
945.5628 	EXP 	Display Frame 3
945.5961 	EXP 	Display Frame 4
945.6295 	EXP 	Display Frame 5
945.6627 	EXP 	Display Frame 6
945.6961 	EXP 	Display Frame 7
945.7294 	EXP 	Display Frame 8
945.7627 	EXP 	Display Frame 9
945.7961 	EXP 	Display Frame 0
945.8294 	EXP 	Display Frame 1
945.8628 	EXP 	Display Frame 2
945.8961 	EXP 	Display Frame 3
945.9294 	EXP 	Display Frame 4
945.9628 	EXP 	Display Frame 5
945.9961 	EXP 	Display Frame 6
946.0294 	EXP 	Display Frame 7
946.0627 	EXP 	Display Frame 8
946.0960 	EXP 	Display Frame 9
946.1294 	EXP 	Display Frame 0
946.1628 	EXP 	Display Frame 1
946.1961 	EXP 	Display Frame 2
946.2294 	EXP 	Display Frame 3
946.2627 	EXP 	Display Frame 4
946.2961 	EXP 	Display Frame 5
946.3294 	EXP 	Display Frame 6
946.3628 	EXP 	Display Frame 7
946.3961 	EXP 	Display Frame 8
946.4294 	EXP 	Display Frame 9
946.4628 	EXP 	Display Frame 0
946.4961 	EXP 	Display Frame 1
946.5294 	EXP 	Display Frame 2
946.5628 	EXP 	Display Frame 3
946.5961 	EXP 	Display Frame 4
946.6294 	EXP 	Display Frame 5
946.6628 	EXP 	Display Frame 6
946.6961 	EXP 	Display Frame 7
946.7295 	EXP 	Display Frame 8
946.7627 	EXP 	Display Frame 9
946.7961 	EXP 	Display Frame 0
946.8294 	EXP 	Display Frame 1
946.8643 	EXP 	Display Frame 2
946.8961 	EXP 	Display Frame 3
946.9295 	EXP 	Display Frame 4
946.9628 	EXP 	Display Frame 5
946.9962 	EXP 	Display Frame 6
947.0294 	EXP 	Display Frame 7
947.0628 	EXP 	Display Frame 8
947.0961 	EXP 	Display Frame 9
947.1295 	EXP 	Display Frame 0
947.1628 	EXP 	Display Frame 1
947.1961 	EXP 	Display Frame 2
947.2295 	EXP 	Display Frame 3
947.2627 	EXP 	Display Frame 4
947.2960 	EXP 	Display Frame 5
947.3294 	EXP 	Display Frame 6
947.3629 	EXP 	Display Frame 7
947.3961 	EXP 	Display Frame 8
947.4294 	EXP 	Display Frame 9
947.4628 	EXP 	Display Frame 0
947.4961 	EXP 	Display Frame 1
947.5294 	EXP 	Display Frame 2
947.5628 	EXP 	Display Frame 3
947.5961 	EXP 	Display Frame 4
947.6296 	EXP 	Display Frame 5
947.6627 	EXP 	Display Frame 6
947.6962 	EXP 	Display Frame 7
947.7295 	EXP 	Display Frame 8
947.7627 	EXP 	Display Frame 9
947.7960 	EXP 	Display Frame 0
947.8295 	EXP 	Display Frame 1
947.8627 	EXP 	Display Frame 2
947.8963 	EXP 	Display Frame 3
947.9294 	EXP 	Display Frame 4
947.9628 	EXP 	Display Frame 5
947.9961 	EXP 	Display Frame 6
948.0296 	EXP 	Display Frame 7
948.0628 	EXP 	Display Frame 8
948.0961 	EXP 	Display Frame 9
948.1294 	EXP 	Display Frame 0
948.1629 	EXP 	Display Frame 1
948.1961 	EXP 	Display Frame 2
948.2294 	EXP 	Display Frame 3
948.2627 	EXP 	Display Frame 4
948.2962 	EXP 	Display Frame 5
948.3294 	EXP 	Display Frame 6
948.3627 	EXP 	Display Frame 7
948.3961 	EXP 	Display Frame 8
948.4294 	EXP 	Display Frame 9
948.4628 	EXP 	Display Frame 0
948.4961 	EXP 	Display Frame 1
948.5294 	EXP 	Display Frame 2
948.5628 	EXP 	Display Frame 3
948.5961 	EXP 	Display Frame 4
948.6294 	EXP 	Display Frame 5
948.6628 	EXP 	Display Frame 6
948.6961 	EXP 	Display Frame 7
948.7296 	EXP 	Display Frame 8
948.7630 	EXP 	Display Frame 9
948.7962 	EXP 	Display Frame 0
948.8294 	EXP 	Display Frame 1
948.8628 	EXP 	Display Frame 2
948.8970 	EXP 	Display Frame 3
948.9295 	EXP 	Display Frame 4
948.9627 	EXP 	Display Frame 5
948.9961 	EXP 	Display Frame 6
949.0294 	EXP 	Display Frame 7
949.0628 	EXP 	Display Frame 8
949.0961 	EXP 	Display Frame 9
949.1294 	EXP 	Display Frame 0
949.1628 	EXP 	Display Frame 1
949.1961 	EXP 	Display Frame 2
949.2295 	EXP 	Display Frame 3
949.2627 	EXP 	Display Frame 4
949.2961 	EXP 	Display Frame 5
949.3294 	EXP 	Display Frame 6
949.3628 	EXP 	Display Frame 7
949.3961 	EXP 	Display Frame 8
949.4294 	EXP 	Display Frame 9
949.4627 	EXP 	Display Frame 0
949.4961 	EXP 	Display Frame 1
949.5294 	EXP 	Display Frame 2
949.5628 	EXP 	Display Frame 3
949.5961 	EXP 	Display Frame 4
949.6295 	EXP 	Display Frame 5
949.6628 	EXP 	Display Frame 6
949.6961 	EXP 	Display Frame 7
949.7294 	EXP 	Display Frame 8
949.7628 	EXP 	Display Frame 9
949.7961 	EXP 	Display Frame 0
949.8296 	EXP 	Display Frame 1
949.8628 	EXP 	Display Frame 2
949.8961 	EXP 	Display Frame 3
949.9294 	EXP 	Display Frame 4
949.9628 	EXP 	Display Frame 5
949.9961 	EXP 	Display Frame 6
950.0295 	EXP 	Display Frame 7
950.0627 	EXP 	Display Frame 8
950.0961 	EXP 	Display Frame 9
950.1295 	EXP 	Display Frame 0
950.1629 	EXP 	Display Frame 1
950.1961 	EXP 	Display Frame 2
950.2294 	EXP 	Display Frame 3
950.2627 	EXP 	Display Frame 4
950.2961 	EXP 	Display Frame 5
950.3298 	EXP 	Display Frame 6
950.3628 	EXP 	Display Frame 7
950.3961 	EXP 	Display Frame 8
950.4293 	EXP 	Display Frame 9
950.4627 	EXP 	Display Frame 0
950.4961 	EXP 	Display Frame 1
950.5294 	EXP 	Display Frame 2
950.5628 	EXP 	Display Frame 3
950.5961 	EXP 	Display Frame 4
950.6294 	EXP 	Display Frame 5
950.6629 	EXP 	Display Frame 6
950.6964 	EXP 	Display Frame 7
950.7293 	EXP 	Display Frame 8
950.7628 	EXP 	Display Frame 9
950.7961 	EXP 	Display Frame 0
950.8294 	EXP 	Display Frame 1
950.8628 	EXP 	Display Frame 2
950.8961 	EXP 	Display Frame 3
950.9292 	EXP 	Display Frame 4
950.9628 	EXP 	Display Frame 5
950.9961 	EXP 	Display Frame 6
951.0294 	EXP 	Display Frame 7
951.0628 	EXP 	Display Frame 8
951.0961 	EXP 	Display Frame 9
951.1294 	EXP 	Display Frame 0
951.1628 	EXP 	Display Frame 1
951.1962 	EXP 	Display Frame 2
951.2295 	EXP 	Display Frame 3
951.2627 	EXP 	Display Frame 4
951.2961 	EXP 	Display Frame 5
951.3294 	EXP 	Display Frame 6
951.3627 	EXP 	Display Frame 7
951.3961 	EXP 	Display Frame 8
951.4294 	EXP 	Display Frame 9
951.4627 	EXP 	Display Frame 0
951.4962 	EXP 	Display Frame 1
951.5294 	EXP 	Display Frame 2
951.5627 	EXP 	Display Frame 3
951.5961 	EXP 	Display Frame 4
951.6294 	EXP 	Display Frame 5
951.6627 	EXP 	Display Frame 6
951.6961 	EXP 	Display Frame 7
951.7295 	EXP 	Display Frame 8
951.7627 	EXP 	Display Frame 9
951.7961 	EXP 	Display Frame 0
951.8294 	EXP 	Display Frame 1
951.8628 	EXP 	Display Frame 2
951.8961 	EXP 	Display Frame 3
951.9294 	EXP 	Display Frame 4
951.9627 	EXP 	Display Frame 5
951.9961 	EXP 	Display Frame 6
952.0294 	EXP 	Display Frame 7
952.0628 	EXP 	Display Frame 8
952.0961 	EXP 	Display Frame 9
952.1294 	EXP 	Display Frame 0
952.1628 	EXP 	Display Frame 1
952.1961 	EXP 	Display Frame 2
952.2295 	EXP 	Display Frame 3
952.2628 	EXP 	Display Frame 4
952.2960 	EXP 	Display Frame 5
952.3294 	EXP 	Display Frame 6
952.3628 	EXP 	Display Frame 7
952.3961 	EXP 	Display Frame 8
952.4294 	EXP 	Display Frame 9
952.4627 	EXP 	Display Frame 0
952.4961 	EXP 	Display Frame 1
952.5294 	EXP 	Display Frame 2
952.5628 	EXP 	Display Frame 3
952.5961 	EXP 	Display Frame 4
952.6294 	EXP 	Display Frame 5
952.6628 	EXP 	Display Frame 6
952.6961 	EXP 	Display Frame 7
952.7294 	EXP 	Display Frame 8
952.7627 	EXP 	Display Frame 9
952.7961 	EXP 	Display Frame 0
952.8294 	EXP 	Display Frame 1
952.8628 	EXP 	Display Frame 2
952.8961 	EXP 	Display Frame 3
952.9295 	EXP 	Display Frame 4
952.9628 	EXP 	Display Frame 5
952.9962 	EXP 	Display Frame 6
953.0294 	EXP 	Display Frame 7
953.0627 	EXP 	Display Frame 8
953.0961 	EXP 	Display Frame 9
953.1295 	EXP 	Display Frame 0
953.1628 	EXP 	Display Frame 1
953.1961 	EXP 	Display Frame 2
953.2295 	EXP 	Display Frame 3
953.2628 	EXP 	Display Frame 4
953.2961 	EXP 	Display Frame 5
953.3294 	EXP 	Display Frame 6
953.3628 	EXP 	Display Frame 7
953.3962 	EXP 	Display Frame 8
953.4294 	EXP 	Display Frame 9
953.4627 	EXP 	Display Frame 0
953.4960 	EXP 	Display Frame 1
953.5295 	EXP 	Display Frame 2
953.5628 	EXP 	Display Frame 3
953.5960 	EXP 	Display Frame 4
953.6294 	EXP 	Display Frame 5
953.6628 	EXP 	Display Frame 6
953.6961 	EXP 	Display Frame 7
953.7294 	EXP 	Display Frame 8
953.7627 	EXP 	Display Frame 9
953.7961 	EXP 	Display Frame 0
953.8294 	EXP 	Display Frame 1
953.8628 	EXP 	Display Frame 2
953.8961 	EXP 	Display Frame 3
953.9294 	EXP 	Display Frame 4
953.9627 	EXP 	Display Frame 5
953.9961 	EXP 	Display Frame 6
954.0294 	EXP 	Display Frame 7
954.0628 	EXP 	Display Frame 8
954.0961 	EXP 	Display Frame 9
954.1294 	EXP 	Display Frame 0
954.1628 	EXP 	Display Frame 1
954.1961 	EXP 	Display Frame 2
954.2295 	EXP 	Display Frame 3
954.2627 	EXP 	Display Frame 4
954.2961 	EXP 	Display Frame 5
954.3294 	EXP 	Display Frame 6
954.3628 	EXP 	Display Frame 7
954.3961 	EXP 	Display Frame 8
954.4294 	EXP 	Display Frame 9
954.4627 	EXP 	Display Frame 0
954.4968 	EXP 	Display Frame 1
954.5295 	EXP 	Display Frame 2
954.5628 	EXP 	Display Frame 3
954.5960 	EXP 	Display Frame 4
954.6295 	EXP 	Display Frame 5
954.6628 	EXP 	Display Frame 6
954.6962 	EXP 	Display Frame 7
954.7294 	EXP 	Display Frame 8
954.7627 	EXP 	Display Frame 9
954.7961 	EXP 	Display Frame 0
954.8294 	EXP 	Display Frame 1
954.8628 	EXP 	Display Frame 2
954.8961 	EXP 	Display Frame 3
954.9294 	EXP 	Display Frame 4
954.9627 	EXP 	Display Frame 5
954.9963 	EXP 	Display Frame 6
955.0294 	EXP 	Display Frame 7
955.0628 	EXP 	Display Frame 8
955.0961 	EXP 	Display Frame 9
955.1295 	EXP 	Display Frame 0
955.1628 	EXP 	Display Frame 1
955.1961 	EXP 	Display Frame 2
955.2294 	EXP 	Display Frame 3
955.2627 	EXP 	Display Frame 4
955.2961 	EXP 	Display Frame 5
955.3295 	EXP 	Display Frame 6
955.3628 	EXP 	Display Frame 7
955.3963 	EXP 	Display Frame 8
955.4296 	EXP 	Display Frame 9
955.4630 	EXP 	Display Frame 0
955.4961 	EXP 	Display Frame 1
955.5295 	EXP 	Display Frame 2
955.5628 	EXP 	Display Frame 3
955.5961 	EXP 	Display Frame 4
955.6295 	EXP 	Display Frame 5
955.6628 	EXP 	Display Frame 6
955.6960 	EXP 	Display Frame 7
955.7294 	EXP 	Display Frame 8
955.7627 	EXP 	Display Frame 9
955.7960 	EXP 	Display Frame 0
955.8294 	EXP 	Display Frame 1
955.8627 	EXP 	Display Frame 2
955.8960 	EXP 	Display Frame 3
955.9293 	EXP 	Display Frame 4
955.9626 	EXP 	Display Frame 5
955.9960 	EXP 	Display Frame 6
956.0296 	EXP 	Display Frame 7
956.0627 	EXP 	Display Frame 8
956.0961 	EXP 	Display Frame 9
956.1294 	EXP 	Display Frame 0
956.1627 	EXP 	Display Frame 1
956.1961 	EXP 	Display Frame 2
956.2295 	EXP 	Display Frame 3
956.2627 	EXP 	Display Frame 4
956.2960 	EXP 	Display Frame 5
956.3293 	EXP 	Display Frame 6
956.3628 	EXP 	Display Frame 7
956.3960 	EXP 	Display Frame 8
956.4294 	EXP 	Display Frame 9
956.4627 	EXP 	Display Frame 0
956.4960 	EXP 	Display Frame 1
956.5300 	EXP 	Display Frame 2
956.5627 	EXP 	Display Frame 3
956.5960 	EXP 	Display Frame 4
956.6293 	EXP 	Display Frame 5
956.6627 	EXP 	Display Frame 6
956.6960 	EXP 	Display Frame 7
956.7294 	EXP 	Display Frame 8
956.7627 	EXP 	Display Frame 9
956.7960 	EXP 	Display Frame 0
956.8294 	EXP 	Display Frame 1
956.8628 	EXP 	Display Frame 2
956.8960 	EXP 	Display Frame 3
956.9294 	EXP 	Display Frame 4
956.9627 	EXP 	Display Frame 5
956.9961 	EXP 	Display Frame 6
957.0293 	EXP 	Display Frame 7
957.0627 	EXP 	Display Frame 8
957.0960 	EXP 	Display Frame 9
957.1294 	EXP 	Display Frame 0
957.1627 	EXP 	Display Frame 1
957.1961 	EXP 	Display Frame 2
957.2294 	EXP 	Display Frame 3
957.2629 	EXP 	Display Frame 4
957.2961 	EXP 	Display Frame 5
957.3295 	EXP 	Display Frame 6
957.3627 	EXP 	Display Frame 7
957.3960 	EXP 	Display Frame 8
957.4294 	EXP 	Display Frame 9
957.4626 	EXP 	Display Frame 0
957.4960 	EXP 	Display Frame 1
957.5293 	EXP 	Display Frame 2
957.5627 	EXP 	Display Frame 3
957.5960 	EXP 	Display Frame 4
957.6293 	EXP 	Display Frame 5
957.6628 	EXP 	Display Frame 6
957.6960 	EXP 	Display Frame 7
957.7293 	EXP 	Display Frame 8
957.7627 	EXP 	Display Frame 9
957.7960 	EXP 	Display Frame 0
957.8294 	EXP 	Display Frame 1
957.8627 	EXP 	Display Frame 2
957.8960 	EXP 	Display Frame 3
957.9294 	EXP 	Display Frame 4
957.9627 	EXP 	Display Frame 5
957.9960 	EXP 	Display Frame 6
958.0294 	EXP 	Display Frame 7
958.0627 	EXP 	Display Frame 8
958.0960 	EXP 	Display Frame 9
958.1293 	EXP 	Display Frame 0
958.1627 	EXP 	Display Frame 1
958.1960 	EXP 	Display Frame 2
958.2294 	EXP 	Display Frame 3
958.2627 	EXP 	Display Frame 4
958.2961 	EXP 	Display Frame 5
958.3294 	EXP 	Display Frame 6
958.3628 	EXP 	Display Frame 7
958.3960 	EXP 	Display Frame 8
958.4293 	EXP 	Display Frame 9
958.4626 	EXP 	Display Frame 0
958.4961 	EXP 	Display Frame 1
958.5293 	EXP 	Display Frame 2
958.5642 	EXP 	Display Frame 3
958.5960 	EXP 	Display Frame 4
958.6293 	EXP 	Display Frame 5
958.6627 	EXP 	Display Frame 6
958.6960 	EXP 	Display Frame 7
958.7294 	EXP 	Display Frame 8
958.7653 	DATA 	Keypress: equal
958.7666 	EXP 	Display Frame 9
958.7697 	EXP 	Display Fixation
959.8049 	DATA 	Keypress: equal
969.4417 	DATA 	Mouse: Left button down, pos=(1682,1056)
969.5796 	DATA 	Mouse:  Left button up, pos=(1681,1056)
970.2232 	DATA 	Keypress: q
970.2412 	EXP 	topMsg: height = 0.1
970.2412 	EXP 	topMsg: height = 0.1
970.2412 	EXP 	topMsg: text = "Thank you very much! \n\nThat's it with the tapping"
970.2412 	EXP 	bottomMsg: height = 0.1
970.2412 	EXP 	bottomMsg: height = 0.1
970.2412 	EXP 	bottomMsg: text = "Please relax for the ramaining time \n\n Press 'q' or 'escape' to end the session."
970.2412 	EXP 	Display TheEnd
970.4080 	DATA 	Keypress: q
970.5316 	EXP 	win: mouseVisible = True
