1.0640 	WARNING 	We strongly recommend you activate the PTB sound engine in PsychoPy prefs as the preferred audio engine. Its timing is vastly superior. Your prefs are currently set to use ['sounddevice', 'PTB', 'pyo', 'pygame'] (in that order).
18.3675 	INFO 	---START PARAMETERS---
18.3675 	INFO 	filename: TappingWithTrTiming_Movie_d3.py-1tt============ =====-371-Jan_02_1736
18.3675 	INFO 	subject: 1tt============ =====
18.3675 	INFO 	session: 371
18.3675 	INFO 	date: Jan_02_1736
18.3675 	INFO 	block2Dur_TRs: 6
18.3675 	INFO 	blockDur_TRs: 6
18.3675 	INFO 	condition: TapFast
18.3676 	INFO 	fixCrossPos: [0, 0]
18.3676 	INFO 	fixCrossSize: 100
18.3676 	INFO 	fullScreen: True
18.3676 	INFO 	movieFolder: images/
18.3676 	INFO 	movieFolder2: images/
18.3676 	INFO 	movieSize: (1600, 1000)
18.3676 	INFO 	nBlocks: 68
18.3676 	INFO 	promptDir: Text/
18.3676 	INFO 	restDur_TRs: 6
18.3676 	INFO 	screenColor: (119, 119, 119)
18.3676 	INFO 	screenToShow: 1
18.3676 	INFO 	skipPrompts: False
18.3676 	INFO 	tStartup_TRs: 0
18.3676 	INFO 	textHeight: 40
18.3676 	INFO 	triggerKey: equal
18.3676 	INFO 	---END PARAMETERS---
19.2020 	INFO 	Loaded monitor calibration from ['2022_03_25 08:03']
20.3159 	WARNING 	Couldn't measure a consistent frame rate!
  - Is your graphics card set to sync to vertical blank?
  - Are you running other processes on your computer?

20.3166 	EXP 	Created win = Window(allowGUI=False, allowStencil=False, autoLog=True, backendConf=UNKNOWN, bitsMode=UNKNOWN, blendMode='avg', bpc=(8, 8, 8), color=array([119, 119, 119]), colorSpace='rgb255', depthBits=8, fullscr=<method-wrapper '__getattribute__' of attributeSetter object at 0x7f7a21976730>, gamma=None, gammaErrorPolicy='raise', lms=UNKNOWN, monitor=<psychopy.monitors.calibTools.Monitor object at 0x7f79d809fd30>, multiSample=False, name='win', numSamples=2, pos=[0.0, 0.0], screen=1, size=array([1920, 1080]), stencilBits=0, stereo=False, units='deg', useFBO=False, useRetina=False, viewOri=0.0, viewPos=None, viewScale=None, waitBlanking=True, winType='pyglet')
20.3168 	EXP 	win: mouseVisible = True
20.3223 	EXP 	Created fixCross = ShapeStim(__class__=<class 'psychopy.visual.shape.ShapeStim'>, anchor=('center', 'center'), autoDraw=False, autoLog=True, closeShape=False, color=method-wrapper(...), colorSpace='rgb', contrast=None, depth=0, fillColor=array([0, 0, 0]), fillColorSpace='rgb', fillRGB=array([0, 0, 0]), interpolate=True, lineColor=array([-1., -1., -1.]), lineColorSpace='rgb', lineRGB=array([-1., -1., -1.]), lineWidth=3.0, name='fixCross', opacity=0.5, ori=0.0, pos=array([0., 0.]), size=array([1., 1.]), units='pix', vertices=ndarray(...), win=Window(...), windingRule=None)
20.3228 	WARNING 	TextStim.alignHoriz is deprecated. Use alignText and anchorHoriz attributes instead
20.3476 	EXP 	Created topMsg = TextStim(__class__=<class 'psychopy.visual.text.TextStim'>, alignHoriz='center', alignText='center', alignVert=method-wrapper(...), anchorHoriz='center', anchorVert='center', antialias=True, autoLog=True, bold=False, color=array([-1., -1., -1.]), colorSpace='rgb', contrast=1.0, depth=0, flipHoriz=False, flipVert=False, font='', fontFiles=[], height=0.1, italic=False, languageStyle='LTR', name='topMsg', opacity=1.0, ori=0.0, pos=array([0. , 0.5]), rgb=UNKNOWN, text='aaa', units='norm', win=Window(...), wrapWidth=1.5)
20.3477 	WARNING 	TextStim.alignHoriz is deprecated. Use alignText and anchorHoriz attributes instead
20.3500 	EXP 	Created bottomMsg = TextStim(__class__=<class 'psychopy.visual.text.TextStim'>, alignHoriz='center', alignText='center', alignVert=method-wrapper(...), anchorHoriz='center', anchorVert='center', antialias=True, autoLog=True, bold=False, color=array([-1., -1., -1.]), colorSpace='rgb', contrast=1.0, depth=0, flipHoriz=False, flipVert=False, font='', fontFiles=[], height=0.1, italic=False, languageStyle='LTR', name='bottomMsg', opacity=1.0, ori=0.0, pos=array([ 0. , -0.5]), rgb=UNKNOWN, text='bbb', units='norm', win=Window(...), wrapWidth=1.5)
20.4291 	EXP 	Created Movie Frame 0 = ImageStim(__class__=<class 'psychopy.visual.image.ImageStim'>, anchor=('center', 'center'), autoLog=True, color=array([1., 1., 1.]), colorSpace='rgb', contrast=1.0, depth=0, flipHoriz=False, flipVert=False, image='images/right_0.png', interpolate=False, mask=None, maskParams=None, name='Movie Frame 0', opacity=1, ori=0.0, pos=array([0., 0.]), size=array([1600., 1000.]), texRes=128, units='pix', win=Window(...))
20.4960 	EXP 	Created Movie Frame 1 = ImageStim(__class__=<class 'psychopy.visual.image.ImageStim'>, anchor=('center', 'center'), autoLog=True, color=array([1., 1., 1.]), colorSpace='rgb', contrast=1.0, depth=0, flipHoriz=False, flipVert=False, image='images/right_1.png', interpolate=False, mask=None, maskParams=None, name='Movie Frame 1', opacity=1, ori=0.0, pos=array([0., 0.]), size=array([1600., 1000.]), texRes=128, units='pix', win=Window(...))
20.5571 	EXP 	Created Movie Frame 2 = ImageStim(__class__=<class 'psychopy.visual.image.ImageStim'>, anchor=('center', 'center'), autoLog=True, color=array([1., 1., 1.]), colorSpace='rgb', contrast=1.0, depth=0, flipHoriz=False, flipVert=False, image='images/right_2.png', interpolate=False, mask=None, maskParams=None, name='Movie Frame 2', opacity=1, ori=0.0, pos=array([0., 0.]), size=array([1600., 1000.]), texRes=128, units='pix', win=Window(...))
20.6161 	EXP 	Created Movie Frame 3 = ImageStim(__class__=<class 'psychopy.visual.image.ImageStim'>, anchor=('center', 'center'), autoLog=True, color=array([1., 1., 1.]), colorSpace='rgb', contrast=1.0, depth=0, flipHoriz=False, flipVert=False, image='images/right_3.png', interpolate=False, mask=None, maskParams=None, name='Movie Frame 3', opacity=1, ori=0.0, pos=array([0., 0.]), size=array([1600., 1000.]), texRes=128, units='pix', win=Window(...))
20.6773 	EXP 	Created Movie Frame 4 = ImageStim(__class__=<class 'psychopy.visual.image.ImageStim'>, anchor=('center', 'center'), autoLog=True, color=array([1., 1., 1.]), colorSpace='rgb', contrast=1.0, depth=0, flipHoriz=False, flipVert=False, image='images/right_4.png', interpolate=False, mask=None, maskParams=None, name='Movie Frame 4', opacity=1, ori=0.0, pos=array([0., 0.]), size=array([1600., 1000.]), texRes=128, units='pix', win=Window(...))
20.7379 	EXP 	Created Movie Frame 5 = ImageStim(__class__=<class 'psychopy.visual.image.ImageStim'>, anchor=('center', 'center'), autoLog=True, color=array([1., 1., 1.]), colorSpace='rgb', contrast=1.0, depth=0, flipHoriz=False, flipVert=False, image='images/right_5.png', interpolate=False, mask=None, maskParams=None, name='Movie Frame 5', opacity=1, ori=0.0, pos=array([0., 0.]), size=array([1600., 1000.]), texRes=128, units='pix', win=Window(...))
20.7998 	EXP 	Created Movie Frame 6 = ImageStim(__class__=<class 'psychopy.visual.image.ImageStim'>, anchor=('center', 'center'), autoLog=True, color=array([1., 1., 1.]), colorSpace='rgb', contrast=1.0, depth=0, flipHoriz=False, flipVert=False, image='images/right_6.png', interpolate=False, mask=None, maskParams=None, name='Movie Frame 6', opacity=1, ori=0.0, pos=array([0., 0.]), size=array([1600., 1000.]), texRes=128, units='pix', win=Window(...))
20.8591 	EXP 	Created Movie Frame 7 = ImageStim(__class__=<class 'psychopy.visual.image.ImageStim'>, anchor=('center', 'center'), autoLog=True, color=array([1., 1., 1.]), colorSpace='rgb', contrast=1.0, depth=0, flipHoriz=False, flipVert=False, image='images/right_7.png', interpolate=False, mask=None, maskParams=None, name='Movie Frame 7', opacity=1, ori=0.0, pos=array([0., 0.]), size=array([1600., 1000.]), texRes=128, units='pix', win=Window(...))
20.9202 	EXP 	Created Movie Frame 8 = ImageStim(__class__=<class 'psychopy.visual.image.ImageStim'>, anchor=('center', 'center'), autoLog=True, color=array([1., 1., 1.]), colorSpace='rgb', contrast=1.0, depth=0, flipHoriz=False, flipVert=False, image='images/right_8.png', interpolate=False, mask=None, maskParams=None, name='Movie Frame 8', opacity=1, ori=0.0, pos=array([0., 0.]), size=array([1600., 1000.]), texRes=128, units='pix', win=Window(...))
20.9822 	EXP 	Created Movie Frame 9 = ImageStim(__class__=<class 'psychopy.visual.image.ImageStim'>, anchor=('center', 'center'), autoLog=True, color=array([1., 1., 1.]), colorSpace='rgb', contrast=1.0, depth=0, flipHoriz=False, flipVert=False, image='images/right_9.png', interpolate=False, mask=None, maskParams=None, name='Movie Frame 9', opacity=1, ori=0.0, pos=array([0., 0.]), size=array([1600., 1000.]), texRes=128, units='pix', win=Window(...))
21.0432 	EXP 	Created Movie Frame 0 = ImageStim(__class__=<class 'psychopy.visual.image.ImageStim'>, anchor=('center', 'center'), autoLog=True, color=array([1., 1., 1.]), colorSpace='rgb', contrast=1.0, depth=0, flipHoriz=False, flipVert=False, image='images/right_0.png', interpolate=False, mask=None, maskParams=None, name='Movie Frame 0', opacity=1, ori=0.0, pos=array([0., 0.]), size=array([1600., 1000.]), texRes=128, units='pix', win=Window(...))
21.1106 	EXP 	Created Movie Frame 1 = ImageStim(__class__=<class 'psychopy.visual.image.ImageStim'>, anchor=('center', 'center'), autoLog=True, color=array([1., 1., 1.]), colorSpace='rgb', contrast=1.0, depth=0, flipHoriz=False, flipVert=False, image='images/right_1.png', interpolate=False, mask=None, maskParams=None, name='Movie Frame 1', opacity=1, ori=0.0, pos=array([0., 0.]), size=array([1600., 1000.]), texRes=128, units='pix', win=Window(...))
21.1709 	EXP 	Created Movie Frame 2 = ImageStim(__class__=<class 'psychopy.visual.image.ImageStim'>, anchor=('center', 'center'), autoLog=True, color=array([1., 1., 1.]), colorSpace='rgb', contrast=1.0, depth=0, flipHoriz=False, flipVert=False, image='images/right_2.png', interpolate=False, mask=None, maskParams=None, name='Movie Frame 2', opacity=1, ori=0.0, pos=array([0., 0.]), size=array([1600., 1000.]), texRes=128, units='pix', win=Window(...))
21.2297 	EXP 	Created Movie Frame 3 = ImageStim(__class__=<class 'psychopy.visual.image.ImageStim'>, anchor=('center', 'center'), autoLog=True, color=array([1., 1., 1.]), colorSpace='rgb', contrast=1.0, depth=0, flipHoriz=False, flipVert=False, image='images/right_3.png', interpolate=False, mask=None, maskParams=None, name='Movie Frame 3', opacity=1, ori=0.0, pos=array([0., 0.]), size=array([1600., 1000.]), texRes=128, units='pix', win=Window(...))
21.2898 	EXP 	Created Movie Frame 4 = ImageStim(__class__=<class 'psychopy.visual.image.ImageStim'>, anchor=('center', 'center'), autoLog=True, color=array([1., 1., 1.]), colorSpace='rgb', contrast=1.0, depth=0, flipHoriz=False, flipVert=False, image='images/right_4.png', interpolate=False, mask=None, maskParams=None, name='Movie Frame 4', opacity=1, ori=0.0, pos=array([0., 0.]), size=array([1600., 1000.]), texRes=128, units='pix', win=Window(...))
21.3501 	EXP 	Created Movie Frame 5 = ImageStim(__class__=<class 'psychopy.visual.image.ImageStim'>, anchor=('center', 'center'), autoLog=True, color=array([1., 1., 1.]), colorSpace='rgb', contrast=1.0, depth=0, flipHoriz=False, flipVert=False, image='images/right_5.png', interpolate=False, mask=None, maskParams=None, name='Movie Frame 5', opacity=1, ori=0.0, pos=array([0., 0.]), size=array([1600., 1000.]), texRes=128, units='pix', win=Window(...))
21.4126 	EXP 	Created Movie Frame 6 = ImageStim(__class__=<class 'psychopy.visual.image.ImageStim'>, anchor=('center', 'center'), autoLog=True, color=array([1., 1., 1.]), colorSpace='rgb', contrast=1.0, depth=0, flipHoriz=False, flipVert=False, image='images/right_6.png', interpolate=False, mask=None, maskParams=None, name='Movie Frame 6', opacity=1, ori=0.0, pos=array([0., 0.]), size=array([1600., 1000.]), texRes=128, units='pix', win=Window(...))
21.4720 	EXP 	Created Movie Frame 7 = ImageStim(__class__=<class 'psychopy.visual.image.ImageStim'>, anchor=('center', 'center'), autoLog=True, color=array([1., 1., 1.]), colorSpace='rgb', contrast=1.0, depth=0, flipHoriz=False, flipVert=False, image='images/right_7.png', interpolate=False, mask=None, maskParams=None, name='Movie Frame 7', opacity=1, ori=0.0, pos=array([0., 0.]), size=array([1600., 1000.]), texRes=128, units='pix', win=Window(...))
21.5320 	EXP 	Created Movie Frame 8 = ImageStim(__class__=<class 'psychopy.visual.image.ImageStim'>, anchor=('center', 'center'), autoLog=True, color=array([1., 1., 1.]), colorSpace='rgb', contrast=1.0, depth=0, flipHoriz=False, flipVert=False, image='images/right_8.png', interpolate=False, mask=None, maskParams=None, name='Movie Frame 8', opacity=1, ori=0.0, pos=array([0., 0.]), size=array([1600., 1000.]), texRes=128, units='pix', win=Window(...))
21.5922 	EXP 	Created Movie Frame 9 = ImageStim(__class__=<class 'psychopy.visual.image.ImageStim'>, anchor=('center', 'center'), autoLog=True, color=array([1., 1., 1.]), colorSpace='rgb', contrast=1.0, depth=0, flipHoriz=False, flipVert=False, image='images/right_9.png', interpolate=False, mask=None, maskParams=None, name='Movie Frame 9', opacity=1, ori=0.0, pos=array([0., 0.]), size=array([1600., 1000.]), texRes=128, units='pix', win=Window(...))
21.5981 	EXP 	Created unnamed TextStim = TextStim(__class__=<class 'psychopy.visual.text.TextStim'>, alignHoriz=method-wrapper(...), alignText='center', alignVert=method-wrapper(...), anchorHoriz='center', anchorVert='center', antialias=True, autoLog=True, bold=False, color=array([-1., -1., -1.]), colorSpace='rgb', contrast=1.0, depth=0, flipHoriz=False, flipVert=False, font='', fontFiles=[], height=40.0, italic=False, languageStyle='LTR', name='unnamed TextStim', opacity=1.0, ori=0.0, pos=array([  0., 580.]), rgb=UNKNOWN, text='Tap along with the video.', units='pix', win=Window(...), wrapWidth=1600)
21.6133 	WARNING 	t of last frame was 1297.51ms (=1/0)
21.6133 	EXP 	topMsg: height = 0.1
21.6133 	EXP 	topMsg: height = 0.1
21.6133 	EXP 	topMsg: text = 'You will see a movie of a finger tapping. When it is on the screen, try to BOTH hands to tap your fingers at the same times as the movie does. When the fixation cross appears, relax and stare at the cross.'
21.6133 	EXP 	bottomMsg: height = 0.1
21.6133 	EXP 	bottomMsg: height = 0.1
21.6133 	EXP 	bottomMsg: text = 'The experiment will begin shortly'
21.6133 	EXP 	Display Instructions1
110.0452 	DATA 	Keypress: equal
110.0525 	WARNING 	t of last frame was 88439.19ms (=1/0)
110.0525 	EXP 	topMsg: height = 0.1
110.0525 	EXP 	topMsg: height = 0.1
110.0525 	EXP 	topMsg: text = "Please don't move..."
110.0525 	EXP 	bottomMsg: height = 0.1
110.0525 	EXP 	bottomMsg: height = 0.1
110.0525 	EXP 	bottomMsg: text = ''
110.0525 	EXP 	PleaseDontMove
148.3109 	DATA 	Keypress: equal
148.3162 	WARNING 	t of last frame was 38263.63ms (=1/0)
148.3162 	EXP 	Display Fixation
148.3164 	EXP 	---START EXPERIMENT---
148.3173 	EXP 	Display Fixation
153.5024 	DATA 	Keypress: equal
158.6953 	DATA 	Keypress: equal
163.8892 	DATA 	Keypress: equal
169.0823 	DATA 	Keypress: equal
174.2763 	DATA 	Keypress: equal
179.4694 	DATA 	Keypress: equal
179.4734 	WARNING 	t of last frame was 31156.14ms (=1/0)
179.5040 	WARNING 	Multiple dropped frames have occurred - I'll stop bothering you about them!
179.5040 	EXP 	Display Frame 1
179.5371 	EXP 	Display Frame 2
179.5704 	EXP 	Display Frame 3
179.6038 	EXP 	Display Frame 4
179.6371 	EXP 	Display Frame 5
179.6704 	EXP 	Display Frame 6
179.7037 	EXP 	Display Frame 7
179.7371 	EXP 	Display Frame 8
179.7705 	EXP 	Display Frame 9
179.8038 	EXP 	Display Frame 0
179.8371 	EXP 	Display Frame 1
179.8704 	EXP 	Display Frame 2
179.9038 	EXP 	Display Frame 3
179.9370 	EXP 	Display Frame 4
179.9704 	EXP 	Display Frame 5
180.0037 	EXP 	Display Frame 6
180.0371 	EXP 	Display Frame 7
180.0705 	EXP 	Display Frame 8
180.1037 	EXP 	Display Frame 9
180.1371 	EXP 	Display Frame 0
180.1703 	EXP 	Display Frame 1
180.2037 	EXP 	Display Frame 2
180.2371 	EXP 	Display Frame 3
180.2704 	EXP 	Display Frame 4
180.3037 	EXP 	Display Frame 5
180.3371 	EXP 	Display Frame 6
180.3704 	EXP 	Display Frame 7
180.4037 	EXP 	Display Frame 8
180.4371 	EXP 	Display Frame 9
180.4704 	EXP 	Display Frame 0
180.5037 	EXP 	Display Frame 1
180.5371 	EXP 	Display Frame 2
180.5704 	EXP 	Display Frame 3
180.6037 	EXP 	Display Frame 4
180.6371 	EXP 	Display Frame 5
180.6704 	EXP 	Display Frame 6
180.7037 	EXP 	Display Frame 7
180.7371 	EXP 	Display Frame 8
180.7704 	EXP 	Display Frame 9
180.8037 	EXP 	Display Frame 0
180.8370 	EXP 	Display Frame 1
180.8704 	EXP 	Display Frame 2
180.9037 	EXP 	Display Frame 3
180.9371 	EXP 	Display Frame 4
180.9704 	EXP 	Display Frame 5
181.0037 	EXP 	Display Frame 6
181.0371 	EXP 	Display Frame 7
181.0704 	EXP 	Display Frame 8
181.1037 	EXP 	Display Frame 9
181.1370 	EXP 	Display Frame 0
181.1703 	EXP 	Display Frame 1
181.2037 	EXP 	Display Frame 2
181.2371 	EXP 	Display Frame 3
181.2704 	EXP 	Display Frame 4
181.3039 	EXP 	Display Frame 5
181.3371 	EXP 	Display Frame 6
181.3704 	EXP 	Display Frame 7
181.4037 	EXP 	Display Frame 8
181.4371 	EXP 	Display Frame 9
181.4704 	EXP 	Display Frame 0
181.5038 	EXP 	Display Frame 1
181.5371 	EXP 	Display Frame 2
181.5704 	EXP 	Display Frame 3
181.6037 	EXP 	Display Frame 4
181.6371 	EXP 	Display Frame 5
181.6704 	EXP 	Display Frame 6
181.7037 	EXP 	Display Frame 7
181.7370 	EXP 	Display Frame 8
181.7704 	EXP 	Display Frame 9
181.8037 	EXP 	Display Frame 0
181.8370 	EXP 	Display Frame 1
181.8704 	EXP 	Display Frame 2
181.9037 	EXP 	Display Frame 3
181.9371 	EXP 	Display Frame 4
181.9704 	EXP 	Display Frame 5
182.0037 	EXP 	Display Frame 6
182.0370 	EXP 	Display Frame 7
182.0704 	EXP 	Display Frame 8
182.1037 	EXP 	Display Frame 9
182.1370 	EXP 	Display Frame 0
182.1703 	EXP 	Display Frame 1
182.2037 	EXP 	Display Frame 2
182.2371 	EXP 	Display Frame 3
182.2704 	EXP 	Display Frame 4
182.3037 	EXP 	Display Frame 5
182.3370 	EXP 	Display Frame 6
182.3704 	EXP 	Display Frame 7
182.4037 	EXP 	Display Frame 8
182.4370 	EXP 	Display Frame 9
182.4704 	EXP 	Display Frame 0
182.5037 	EXP 	Display Frame 1
182.5371 	EXP 	Display Frame 2
182.5704 	EXP 	Display Frame 3
182.6037 	EXP 	Display Frame 4
182.6370 	EXP 	Display Frame 5
182.6703 	EXP 	Display Frame 6
182.7037 	EXP 	Display Frame 7
182.7370 	EXP 	Display Frame 8
182.7704 	EXP 	Display Frame 9
182.8037 	EXP 	Display Frame 0
182.8371 	EXP 	Display Frame 1
182.8704 	EXP 	Display Frame 2
182.9037 	EXP 	Display Frame 3
182.9370 	EXP 	Display Frame 4
182.9703 	EXP 	Display Frame 5
183.0037 	EXP 	Display Frame 6
183.0370 	EXP 	Display Frame 7
183.0704 	EXP 	Display Frame 8
183.1037 	EXP 	Display Frame 9
183.1370 	EXP 	Display Frame 0
183.1703 	EXP 	Display Frame 1
183.2037 	EXP 	Display Frame 2
183.2371 	EXP 	Display Frame 3
183.2704 	EXP 	Display Frame 4
183.3037 	EXP 	Display Frame 5
183.3382 	EXP 	Display Frame 6
183.3704 	EXP 	Display Frame 7
183.4037 	EXP 	Display Frame 8
183.4371 	EXP 	Display Frame 9
183.4704 	EXP 	Display Frame 0
183.5037 	EXP 	Display Frame 1
183.5370 	EXP 	Display Frame 2
183.5704 	EXP 	Display Frame 3
183.6039 	EXP 	Display Frame 4
183.6370 	EXP 	Display Frame 5
183.6703 	EXP 	Display Frame 6
183.7037 	EXP 	Display Frame 7
183.7370 	EXP 	Display Frame 8
183.7704 	EXP 	Display Frame 9
183.8037 	EXP 	Display Frame 0
183.8371 	EXP 	Display Frame 1
183.8704 	EXP 	Display Frame 2
183.9037 	EXP 	Display Frame 3
183.9370 	EXP 	Display Frame 4
183.9704 	EXP 	Display Frame 5
184.0037 	EXP 	Display Frame 6
184.0370 	EXP 	Display Frame 7
184.0704 	EXP 	Display Frame 8
184.1037 	EXP 	Display Frame 9
184.1371 	EXP 	Display Frame 0
184.1703 	EXP 	Display Frame 1
184.2037 	EXP 	Display Frame 2
184.2370 	EXP 	Display Frame 3
184.2704 	EXP 	Display Frame 4
184.3037 	EXP 	Display Frame 5
184.3371 	EXP 	Display Frame 6
184.3704 	EXP 	Display Frame 7
184.4048 	EXP 	Display Frame 8
184.4371 	EXP 	Display Frame 9
184.4707 	EXP 	Display Frame 0
184.5037 	EXP 	Display Frame 1
184.5370 	EXP 	Display Frame 2
184.5704 	EXP 	Display Frame 3
184.6037 	EXP 	Display Frame 4
184.6370 	EXP 	Display Frame 5
184.6705 	DATA 	Keypress: equal
184.6716 	EXP 	Display Frame 6
184.7037 	EXP 	Display Frame 7
184.7371 	EXP 	Display Frame 8
184.7704 	EXP 	Display Frame 9
184.8037 	EXP 	Display Frame 0
184.8370 	EXP 	Display Frame 1
184.8704 	EXP 	Display Frame 2
184.9037 	EXP 	Display Frame 3
184.9370 	EXP 	Display Frame 4
184.9704 	EXP 	Display Frame 5
185.0037 	EXP 	Display Frame 6
185.0371 	EXP 	Display Frame 7
185.0704 	EXP 	Display Frame 8
185.1037 	EXP 	Display Frame 9
185.1371 	EXP 	Display Frame 0
185.1703 	EXP 	Display Frame 1
185.2037 	EXP 	Display Frame 2
185.2370 	EXP 	Display Frame 3
185.2704 	EXP 	Display Frame 4
185.3037 	EXP 	Display Frame 5
185.3371 	EXP 	Display Frame 6
185.3704 	EXP 	Display Frame 7
185.4037 	EXP 	Display Frame 8
185.4371 	EXP 	Display Frame 9
185.4714 	EXP 	Display Frame 0
185.5037 	EXP 	Display Frame 1
185.5370 	EXP 	Display Frame 2
185.5704 	EXP 	Display Frame 3
185.6037 	EXP 	Display Frame 4
185.6370 	EXP 	Display Frame 5
185.6704 	EXP 	Display Frame 6
185.7037 	EXP 	Display Frame 7
185.7370 	EXP 	Display Frame 8
185.7704 	EXP 	Display Frame 9
185.8037 	EXP 	Display Frame 0
185.8371 	EXP 	Display Frame 1
185.8704 	EXP 	Display Frame 2
185.9037 	EXP 	Display Frame 3
185.9370 	EXP 	Display Frame 4
185.9704 	EXP 	Display Frame 5
186.0037 	EXP 	Display Frame 6
186.0370 	EXP 	Display Frame 7
186.0703 	EXP 	Display Frame 8
186.1037 	EXP 	Display Frame 9
186.1370 	EXP 	Display Frame 0
186.1703 	EXP 	Display Frame 1
186.2037 	EXP 	Display Frame 2
186.2370 	EXP 	Display Frame 3
186.2704 	EXP 	Display Frame 4
186.3037 	EXP 	Display Frame 5
186.3371 	EXP 	Display Frame 6
186.3704 	EXP 	Display Frame 7
186.4037 	EXP 	Display Frame 8
186.4370 	EXP 	Display Frame 9
186.4704 	EXP 	Display Frame 0
186.5037 	EXP 	Display Frame 1
186.5383 	EXP 	Display Frame 2
186.5704 	EXP 	Display Frame 3
186.6037 	EXP 	Display Frame 4
186.6370 	EXP 	Display Frame 5
186.6704 	EXP 	Display Frame 6
186.7037 	EXP 	Display Frame 7
186.7371 	EXP 	Display Frame 8
186.7704 	EXP 	Display Frame 9
186.8037 	EXP 	Display Frame 0
186.8371 	EXP 	Display Frame 1
186.8704 	EXP 	Display Frame 2
186.9037 	EXP 	Display Frame 3
186.9371 	EXP 	Display Frame 4
186.9704 	EXP 	Display Frame 5
187.0037 	EXP 	Display Frame 6
187.0371 	EXP 	Display Frame 7
187.0703 	EXP 	Display Frame 8
187.1037 	EXP 	Display Frame 9
187.1370 	EXP 	Display Frame 0
187.1703 	EXP 	Display Frame 1
187.2037 	EXP 	Display Frame 2
187.2370 	EXP 	Display Frame 3
187.2704 	EXP 	Display Frame 4
187.3037 	EXP 	Display Frame 5
187.3371 	EXP 	Display Frame 6
187.3704 	EXP 	Display Frame 7
187.4037 	EXP 	Display Frame 8
187.4370 	EXP 	Display Frame 9
187.4704 	EXP 	Display Frame 0
187.5037 	EXP 	Display Frame 1
187.5370 	EXP 	Display Frame 2
187.5704 	EXP 	Display Frame 3
187.6047 	EXP 	Display Frame 4
187.6372 	EXP 	Display Frame 5
187.6704 	EXP 	Display Frame 6
187.7038 	EXP 	Display Frame 7
187.7371 	EXP 	Display Frame 8
187.7704 	EXP 	Display Frame 9
187.8038 	EXP 	Display Frame 0
187.8371 	EXP 	Display Frame 1
187.8704 	EXP 	Display Frame 2
187.9037 	EXP 	Display Frame 3
187.9371 	EXP 	Display Frame 4
187.9704 	EXP 	Display Frame 5
188.0037 	EXP 	Display Frame 6
188.0371 	EXP 	Display Frame 7
188.0704 	EXP 	Display Frame 8
188.1037 	EXP 	Display Frame 9
188.1370 	EXP 	Display Frame 0
188.1703 	EXP 	Display Frame 1
188.2037 	EXP 	Display Frame 2
188.2370 	EXP 	Display Frame 3
188.2704 	EXP 	Display Frame 4
188.3037 	EXP 	Display Frame 5
188.3371 	EXP 	Display Frame 6
188.3704 	EXP 	Display Frame 7
188.4037 	EXP 	Display Frame 8
188.4370 	EXP 	Display Frame 9
188.4704 	EXP 	Display Frame 0
188.5037 	EXP 	Display Frame 1
188.5370 	EXP 	Display Frame 2
188.5704 	EXP 	Display Frame 3
188.6037 	EXP 	Display Frame 4
188.6370 	EXP 	Display Frame 5
188.6713 	EXP 	Display Frame 6
188.7037 	EXP 	Display Frame 7
188.7370 	EXP 	Display Frame 8
188.7704 	EXP 	Display Frame 9
188.8037 	EXP 	Display Frame 0
188.8371 	EXP 	Display Frame 1
188.8704 	EXP 	Display Frame 2
188.9037 	EXP 	Display Frame 3
188.9371 	EXP 	Display Frame 4
188.9705 	EXP 	Display Frame 5
189.0038 	EXP 	Display Frame 6
189.0372 	EXP 	Display Frame 7
189.0704 	EXP 	Display Frame 8
189.1038 	EXP 	Display Frame 9
189.1371 	EXP 	Display Frame 0
189.1705 	EXP 	Display Frame 1
189.2038 	EXP 	Display Frame 2
189.2371 	EXP 	Display Frame 3
189.2704 	EXP 	Display Frame 4
189.3037 	EXP 	Display Frame 5
189.3371 	EXP 	Display Frame 6
189.3704 	EXP 	Display Frame 7
189.4037 	EXP 	Display Frame 8
189.4371 	EXP 	Display Frame 9
189.4704 	EXP 	Display Frame 0
189.5038 	EXP 	Display Frame 1
189.5371 	EXP 	Display Frame 2
189.5704 	EXP 	Display Frame 3
189.6038 	EXP 	Display Frame 4
189.6371 	EXP 	Display Frame 5
189.6705 	EXP 	Display Frame 6
189.7038 	EXP 	Display Frame 7
189.7376 	EXP 	Display Frame 8
189.7705 	EXP 	Display Frame 9
189.8040 	EXP 	Display Frame 0
189.8371 	EXP 	Display Frame 1
189.8706 	DATA 	Keypress: equal
189.8717 	EXP 	Display Frame 2
189.9038 	EXP 	Display Frame 3
189.9371 	EXP 	Display Frame 4
189.9705 	EXP 	Display Frame 5
190.0039 	EXP 	Display Frame 6
190.0371 	EXP 	Display Frame 7
190.0704 	EXP 	Display Frame 8
190.1037 	EXP 	Display Frame 9
190.1371 	EXP 	Display Frame 0
190.1703 	EXP 	Display Frame 1
190.2038 	EXP 	Display Frame 2
190.2371 	EXP 	Display Frame 3
190.2704 	EXP 	Display Frame 4
190.3037 	EXP 	Display Frame 5
190.3370 	EXP 	Display Frame 6
190.3704 	EXP 	Display Frame 7
190.4037 	EXP 	Display Frame 8
190.4370 	EXP 	Display Frame 9
190.4704 	EXP 	Display Frame 0
190.5037 	EXP 	Display Frame 1
190.5371 	EXP 	Display Frame 2
190.5704 	EXP 	Display Frame 3
190.6037 	EXP 	Display Frame 4
190.6370 	EXP 	Display Frame 5
190.6704 	EXP 	Display Frame 6
190.7037 	EXP 	Display Frame 7
190.7370 	EXP 	Display Frame 8
190.7704 	EXP 	Display Frame 9
190.8049 	EXP 	Display Frame 0
190.8371 	EXP 	Display Frame 1
190.8704 	EXP 	Display Frame 2
190.9037 	EXP 	Display Frame 3
190.9371 	EXP 	Display Frame 4
190.9704 	EXP 	Display Frame 5
191.0037 	EXP 	Display Frame 6
191.0370 	EXP 	Display Frame 7
191.0705 	EXP 	Display Frame 8
191.1037 	EXP 	Display Frame 9
191.1370 	EXP 	Display Frame 0
191.1703 	EXP 	Display Frame 1
191.2037 	EXP 	Display Frame 2
191.2371 	EXP 	Display Frame 3
191.2704 	EXP 	Display Frame 4
191.3037 	EXP 	Display Frame 5
191.3371 	EXP 	Display Frame 6
191.3704 	EXP 	Display Frame 7
191.4037 	EXP 	Display Frame 8
191.4370 	EXP 	Display Frame 9
191.4704 	EXP 	Display Frame 0
191.5037 	EXP 	Display Frame 1
191.5370 	EXP 	Display Frame 2
191.5704 	EXP 	Display Frame 3
191.6037 	EXP 	Display Frame 4
191.6371 	EXP 	Display Frame 5
191.6704 	EXP 	Display Frame 6
191.7037 	EXP 	Display Frame 7
191.7370 	EXP 	Display Frame 8
191.7704 	EXP 	Display Frame 9
191.8037 	EXP 	Display Frame 0
191.8371 	EXP 	Display Frame 1
191.8712 	EXP 	Display Frame 2
191.9037 	EXP 	Display Frame 3
191.9371 	EXP 	Display Frame 4
191.9704 	EXP 	Display Frame 5
192.0037 	EXP 	Display Frame 6
192.0370 	EXP 	Display Frame 7
192.0704 	EXP 	Display Frame 8
192.1037 	EXP 	Display Frame 9
192.1371 	EXP 	Display Frame 0
192.1703 	EXP 	Display Frame 1
192.2037 	EXP 	Display Frame 2
192.2373 	EXP 	Display Frame 3
192.2704 	EXP 	Display Frame 4
192.3037 	EXP 	Display Frame 5
192.3371 	EXP 	Display Frame 6
192.3704 	EXP 	Display Frame 7
192.4037 	EXP 	Display Frame 8
192.4371 	EXP 	Display Frame 9
192.4704 	EXP 	Display Frame 0
192.5037 	EXP 	Display Frame 1
192.5371 	EXP 	Display Frame 2
192.5704 	EXP 	Display Frame 3
192.6037 	EXP 	Display Frame 4
192.6370 	EXP 	Display Frame 5
192.6704 	EXP 	Display Frame 6
192.7037 	EXP 	Display Frame 7
192.7370 	EXP 	Display Frame 8
192.7704 	EXP 	Display Frame 9
192.8037 	EXP 	Display Frame 0
192.8371 	EXP 	Display Frame 1
192.8704 	EXP 	Display Frame 2
192.9037 	EXP 	Display Frame 3
192.9381 	EXP 	Display Frame 4
192.9704 	EXP 	Display Frame 5
193.0037 	EXP 	Display Frame 6
193.0370 	EXP 	Display Frame 7
193.0704 	EXP 	Display Frame 8
193.1037 	EXP 	Display Frame 9
193.1371 	EXP 	Display Frame 0
193.1703 	EXP 	Display Frame 1
193.2037 	EXP 	Display Frame 2
193.2371 	EXP 	Display Frame 3
193.2704 	EXP 	Display Frame 4
193.3037 	EXP 	Display Frame 5
193.3371 	EXP 	Display Frame 6
193.3704 	EXP 	Display Frame 7
193.4037 	EXP 	Display Frame 8
193.4371 	EXP 	Display Frame 9
193.4704 	EXP 	Display Frame 0
193.5037 	EXP 	Display Frame 1
193.5371 	EXP 	Display Frame 2
193.5704 	EXP 	Display Frame 3
193.6037 	EXP 	Display Frame 4
193.6370 	EXP 	Display Frame 5
193.6704 	EXP 	Display Frame 6
193.7037 	EXP 	Display Frame 7
193.7370 	EXP 	Display Frame 8
193.7704 	EXP 	Display Frame 9
193.8037 	EXP 	Display Frame 0
193.8370 	EXP 	Display Frame 1
193.8704 	EXP 	Display Frame 2
193.9037 	EXP 	Display Frame 3
193.9371 	EXP 	Display Frame 4
193.9704 	EXP 	Display Frame 5
194.0050 	EXP 	Display Frame 6
194.0370 	EXP 	Display Frame 7
194.0704 	EXP 	Display Frame 8
194.1037 	EXP 	Display Frame 9
194.1371 	EXP 	Display Frame 0
194.1703 	EXP 	Display Frame 1
194.2037 	EXP 	Display Frame 2
194.2370 	EXP 	Display Frame 3
194.2704 	EXP 	Display Frame 4
194.3037 	EXP 	Display Frame 5
194.3371 	EXP 	Display Frame 6
194.3704 	EXP 	Display Frame 7
194.4037 	EXP 	Display Frame 8
194.4371 	EXP 	Display Frame 9
194.4704 	EXP 	Display Frame 0
194.5037 	EXP 	Display Frame 1
194.5370 	EXP 	Display Frame 2
194.5704 	EXP 	Display Frame 3
194.6037 	EXP 	Display Frame 4
194.6370 	EXP 	Display Frame 5
194.6704 	EXP 	Display Frame 6
194.7037 	EXP 	Display Frame 7
194.7370 	EXP 	Display Frame 8
194.7704 	EXP 	Display Frame 9
194.8037 	EXP 	Display Frame 0
194.8370 	EXP 	Display Frame 1
194.8704 	EXP 	Display Frame 2
194.9037 	EXP 	Display Frame 3
194.9371 	EXP 	Display Frame 4
194.9704 	EXP 	Display Frame 5
195.0037 	EXP 	Display Frame 6
195.0370 	EXP 	Display Frame 7
195.0705 	DATA 	Keypress: equal
195.0715 	EXP 	Display Frame 8
195.1038 	EXP 	Display Frame 9
195.1376 	EXP 	Display Frame 0
195.1703 	EXP 	Display Frame 1
195.2037 	EXP 	Display Frame 2
195.2370 	EXP 	Display Frame 3
195.2704 	EXP 	Display Frame 4
195.3037 	EXP 	Display Frame 5
195.3371 	EXP 	Display Frame 6
195.3704 	EXP 	Display Frame 7
195.4037 	EXP 	Display Frame 8
195.4370 	EXP 	Display Frame 9
195.4704 	EXP 	Display Frame 0
195.5037 	EXP 	Display Frame 1
195.5370 	EXP 	Display Frame 2
195.5703 	EXP 	Display Frame 3
195.6037 	EXP 	Display Frame 4
195.6370 	EXP 	Display Frame 5
195.6704 	EXP 	Display Frame 6
195.7037 	EXP 	Display Frame 7
195.7371 	EXP 	Display Frame 8
195.7704 	EXP 	Display Frame 9
195.8037 	EXP 	Display Frame 0
195.8370 	EXP 	Display Frame 1
195.8704 	EXP 	Display Frame 2
195.9037 	EXP 	Display Frame 3
195.9371 	EXP 	Display Frame 4
195.9704 	EXP 	Display Frame 5
196.0037 	EXP 	Display Frame 6
196.0370 	EXP 	Display Frame 7
196.0704 	EXP 	Display Frame 8
196.1037 	EXP 	Display Frame 9
196.1379 	EXP 	Display Frame 0
196.1703 	EXP 	Display Frame 1
196.2037 	EXP 	Display Frame 2
196.2371 	EXP 	Display Frame 3
196.2704 	EXP 	Display Frame 4
196.3037 	EXP 	Display Frame 5
196.3370 	EXP 	Display Frame 6
196.3704 	EXP 	Display Frame 7
196.4037 	EXP 	Display Frame 8
196.4370 	EXP 	Display Frame 9
196.4704 	EXP 	Display Frame 0
196.5037 	EXP 	Display Frame 1
196.5371 	EXP 	Display Frame 2
196.5704 	EXP 	Display Frame 3
196.6037 	EXP 	Display Frame 4
196.6370 	EXP 	Display Frame 5
196.6704 	EXP 	Display Frame 6
196.7037 	EXP 	Display Frame 7
196.7370 	EXP 	Display Frame 8
196.7704 	EXP 	Display Frame 9
196.8037 	EXP 	Display Frame 0
196.8371 	EXP 	Display Frame 1
196.8704 	EXP 	Display Frame 2
196.9037 	EXP 	Display Frame 3
196.9371 	EXP 	Display Frame 4
196.9704 	EXP 	Display Frame 5
197.0037 	EXP 	Display Frame 6
197.0370 	EXP 	Display Frame 7
197.0704 	EXP 	Display Frame 8
197.1037 	EXP 	Display Frame 9
197.1371 	EXP 	Display Frame 0
197.1703 	EXP 	Display Frame 1
197.2050 	EXP 	Display Frame 2
197.2371 	EXP 	Display Frame 3
197.2704 	EXP 	Display Frame 4
197.3037 	EXP 	Display Frame 5
197.3370 	EXP 	Display Frame 6
197.3704 	EXP 	Display Frame 7
197.4037 	EXP 	Display Frame 8
197.4370 	EXP 	Display Frame 9
197.4704 	EXP 	Display Frame 0
197.5037 	EXP 	Display Frame 1
197.5370 	EXP 	Display Frame 2
197.5704 	EXP 	Display Frame 3
197.6037 	EXP 	Display Frame 4
197.6370 	EXP 	Display Frame 5
197.6704 	EXP 	Display Frame 6
197.7037 	EXP 	Display Frame 7
197.7371 	EXP 	Display Frame 8
197.7704 	EXP 	Display Frame 9
197.8037 	EXP 	Display Frame 0
197.8370 	EXP 	Display Frame 1
197.8704 	EXP 	Display Frame 2
197.9037 	EXP 	Display Frame 3
197.9370 	EXP 	Display Frame 4
197.9704 	EXP 	Display Frame 5
198.0037 	EXP 	Display Frame 6
198.0371 	EXP 	Display Frame 7
198.0704 	EXP 	Display Frame 8
198.1037 	EXP 	Display Frame 9
198.1371 	EXP 	Display Frame 0
198.1703 	EXP 	Display Frame 1
198.2037 	EXP 	Display Frame 2
198.2370 	EXP 	Display Frame 3
198.2715 	EXP 	Display Frame 4
198.3037 	EXP 	Display Frame 5
198.3371 	EXP 	Display Frame 6
198.3704 	EXP 	Display Frame 7
198.4037 	EXP 	Display Frame 8
198.4370 	EXP 	Display Frame 9
198.4704 	EXP 	Display Frame 0
198.5037 	EXP 	Display Frame 1
198.5370 	EXP 	Display Frame 2
198.5704 	EXP 	Display Frame 3
198.6039 	EXP 	Display Frame 4
198.6371 	EXP 	Display Frame 5
198.6704 	EXP 	Display Frame 6
198.7038 	EXP 	Display Frame 7
198.7371 	EXP 	Display Frame 8
198.7704 	EXP 	Display Frame 9
198.8045 	EXP 	Display Frame 0
198.8374 	EXP 	Display Frame 1
198.8704 	EXP 	Display Frame 2
198.9037 	EXP 	Display Frame 3
198.9371 	EXP 	Display Frame 4
198.9704 	EXP 	Display Frame 5
199.0037 	EXP 	Display Frame 6
199.0370 	EXP 	Display Frame 7
199.0704 	EXP 	Display Frame 8
199.1037 	EXP 	Display Frame 9
199.1370 	EXP 	Display Frame 0
199.1704 	EXP 	Display Frame 1
199.2037 	EXP 	Display Frame 2
199.2370 	EXP 	Display Frame 3
199.2704 	EXP 	Display Frame 4
199.3037 	EXP 	Display Frame 5
199.3381 	EXP 	Display Frame 6
199.3704 	EXP 	Display Frame 7
199.4037 	EXP 	Display Frame 8
199.4370 	EXP 	Display Frame 9
199.4704 	EXP 	Display Frame 0
199.5037 	EXP 	Display Frame 1
199.5370 	EXP 	Display Frame 2
199.5704 	EXP 	Display Frame 3
199.6037 	EXP 	Display Frame 4
199.6371 	EXP 	Display Frame 5
199.6704 	EXP 	Display Frame 6
199.7037 	EXP 	Display Frame 7
199.7370 	EXP 	Display Frame 8
199.7704 	EXP 	Display Frame 9
199.8037 	EXP 	Display Frame 0
199.8370 	EXP 	Display Frame 1
199.8704 	EXP 	Display Frame 2
199.9037 	EXP 	Display Frame 3
199.9371 	EXP 	Display Frame 4
199.9704 	EXP 	Display Frame 5
200.0037 	EXP 	Display Frame 6
200.0370 	EXP 	Display Frame 7
200.0704 	EXP 	Display Frame 8
200.1037 	EXP 	Display Frame 9
200.1371 	EXP 	Display Frame 0
200.1703 	EXP 	Display Frame 1
200.2037 	EXP 	Display Frame 2
200.2371 	EXP 	Display Frame 3
200.2705 	DATA 	Keypress: equal
200.2716 	EXP 	Display Frame 4
200.3037 	EXP 	Display Frame 5
200.3370 	EXP 	Display Frame 6
200.3704 	EXP 	Display Frame 7
200.4045 	EXP 	Display Frame 8
200.4371 	EXP 	Display Frame 9
200.4711 	EXP 	Display Frame 0
200.5037 	EXP 	Display Frame 1
200.5370 	EXP 	Display Frame 2
200.5704 	EXP 	Display Frame 3
200.6037 	EXP 	Display Frame 4
200.6370 	EXP 	Display Frame 5
200.6704 	EXP 	Display Frame 6
200.7037 	EXP 	Display Frame 7
200.7370 	EXP 	Display Frame 8
200.7704 	EXP 	Display Frame 9
200.8037 	EXP 	Display Frame 0
200.8370 	EXP 	Display Frame 1
200.8704 	EXP 	Display Frame 2
200.9037 	EXP 	Display Frame 3
200.9370 	EXP 	Display Frame 4
200.9704 	EXP 	Display Frame 5
201.0037 	EXP 	Display Frame 6
201.0371 	EXP 	Display Frame 7
201.0704 	EXP 	Display Frame 8
201.1038 	EXP 	Display Frame 9
201.1371 	EXP 	Display Frame 0
201.1703 	EXP 	Display Frame 1
201.2037 	EXP 	Display Frame 2
201.2370 	EXP 	Display Frame 3
201.2704 	EXP 	Display Frame 4
201.3037 	EXP 	Display Frame 5
201.3371 	EXP 	Display Frame 6
201.3704 	EXP 	Display Frame 7
201.4037 	EXP 	Display Frame 8
201.4370 	EXP 	Display Frame 9
201.4714 	EXP 	Display Frame 0
201.5037 	EXP 	Display Frame 1
201.5370 	EXP 	Display Frame 2
201.5704 	EXP 	Display Frame 3
201.6037 	EXP 	Display Frame 4
201.6371 	EXP 	Display Frame 5
201.6704 	EXP 	Display Frame 6
201.7037 	EXP 	Display Frame 7
201.7370 	EXP 	Display Frame 8
201.7704 	EXP 	Display Frame 9
201.8037 	EXP 	Display Frame 0
201.8370 	EXP 	Display Frame 1
201.8704 	EXP 	Display Frame 2
201.9037 	EXP 	Display Frame 3
201.9371 	EXP 	Display Frame 4
201.9704 	EXP 	Display Frame 5
202.0037 	EXP 	Display Frame 6
202.0370 	EXP 	Display Frame 7
202.0704 	EXP 	Display Frame 8
202.1037 	EXP 	Display Frame 9
202.1370 	EXP 	Display Frame 0
202.1703 	EXP 	Display Frame 1
202.2037 	EXP 	Display Frame 2
202.2371 	EXP 	Display Frame 3
202.2704 	EXP 	Display Frame 4
202.3037 	EXP 	Display Frame 5
202.3371 	EXP 	Display Frame 6
202.3704 	EXP 	Display Frame 7
202.4037 	EXP 	Display Frame 8
202.4370 	EXP 	Display Frame 9
202.4704 	EXP 	Display Frame 0
202.5037 	EXP 	Display Frame 1
202.5383 	EXP 	Display Frame 2
202.5703 	EXP 	Display Frame 3
202.6037 	EXP 	Display Frame 4
202.6371 	EXP 	Display Frame 5
202.6704 	EXP 	Display Frame 6
202.7037 	EXP 	Display Frame 7
202.7370 	EXP 	Display Frame 8
202.7704 	EXP 	Display Frame 9
202.8038 	EXP 	Display Frame 0
202.8373 	EXP 	Display Frame 1
202.8707 	EXP 	Display Frame 2
202.9039 	EXP 	Display Frame 3
202.9372 	EXP 	Display Frame 4
202.9704 	EXP 	Display Frame 5
203.0037 	EXP 	Display Frame 6
203.0371 	EXP 	Display Frame 7
203.0704 	EXP 	Display Frame 8
203.1037 	EXP 	Display Frame 9
203.1371 	EXP 	Display Frame 0
203.1703 	EXP 	Display Frame 1
203.2037 	EXP 	Display Frame 2
203.2370 	EXP 	Display Frame 3
203.2704 	EXP 	Display Frame 4
203.3037 	EXP 	Display Frame 5
203.3371 	EXP 	Display Frame 6
203.3704 	EXP 	Display Frame 7
203.4037 	EXP 	Display Frame 8
203.4371 	EXP 	Display Frame 9
203.4704 	EXP 	Display Frame 0
203.5037 	EXP 	Display Frame 1
203.5371 	EXP 	Display Frame 2
203.5704 	EXP 	Display Frame 3
203.6048 	EXP 	Display Frame 4
203.6370 	EXP 	Display Frame 5
203.6704 	EXP 	Display Frame 6
203.7037 	EXP 	Display Frame 7
203.7370 	EXP 	Display Frame 8
203.7704 	EXP 	Display Frame 9
203.8037 	EXP 	Display Frame 0
203.8370 	EXP 	Display Frame 1
203.8704 	EXP 	Display Frame 2
203.9037 	EXP 	Display Frame 3
203.9371 	EXP 	Display Frame 4
203.9704 	EXP 	Display Frame 5
204.0037 	EXP 	Display Frame 6
204.0370 	EXP 	Display Frame 7
204.0704 	EXP 	Display Frame 8
204.1037 	EXP 	Display Frame 9
204.1371 	EXP 	Display Frame 0
204.1703 	EXP 	Display Frame 1
204.2037 	EXP 	Display Frame 2
204.2370 	EXP 	Display Frame 3
204.2704 	EXP 	Display Frame 4
204.3037 	EXP 	Display Frame 5
204.3371 	EXP 	Display Frame 6
204.3707 	EXP 	Display Frame 7
204.4038 	EXP 	Display Frame 8
204.4371 	EXP 	Display Frame 9
204.4704 	EXP 	Display Frame 0
204.5038 	EXP 	Display Frame 1
204.5371 	EXP 	Display Frame 2
204.5704 	EXP 	Display Frame 3
204.6037 	EXP 	Display Frame 4
204.6370 	EXP 	Display Frame 5
204.6714 	EXP 	Display Frame 6
204.7037 	EXP 	Display Frame 7
204.7370 	EXP 	Display Frame 8
204.7704 	EXP 	Display Frame 9
204.8037 	EXP 	Display Frame 0
204.8371 	EXP 	Display Frame 1
204.8706 	EXP 	Display Frame 2
204.9040 	EXP 	Display Frame 3
204.9372 	EXP 	Display Frame 4
204.9704 	EXP 	Display Frame 5
205.0037 	EXP 	Display Frame 6
205.0371 	EXP 	Display Frame 7
205.0704 	EXP 	Display Frame 8
205.1037 	EXP 	Display Frame 9
205.1371 	EXP 	Display Frame 0
205.1703 	EXP 	Display Frame 1
205.2037 	EXP 	Display Frame 2
205.2371 	EXP 	Display Frame 3
205.2704 	EXP 	Display Frame 4
205.3038 	EXP 	Display Frame 5
205.3370 	EXP 	Display Frame 6
205.3704 	EXP 	Display Frame 7
205.4037 	EXP 	Display Frame 8
205.4371 	EXP 	Display Frame 9
205.4378 	DATA 	Keypress: equal
205.4704 	EXP 	Display Frame 0
205.5037 	EXP 	Display Frame 1
205.5370 	EXP 	Display Frame 2
205.5704 	EXP 	Display Frame 3
205.6037 	EXP 	Display Frame 4
205.6371 	EXP 	Display Frame 5
205.6704 	EXP 	Display Frame 6
205.7037 	EXP 	Display Frame 7
205.7376 	EXP 	Display Frame 8
205.7706 	EXP 	Display Frame 9
205.8041 	EXP 	Display Frame 0
205.8371 	EXP 	Display Frame 1
205.8704 	EXP 	Display Frame 2
205.9037 	EXP 	Display Frame 3
205.9371 	EXP 	Display Frame 4
205.9704 	EXP 	Display Frame 5
206.0037 	EXP 	Display Frame 6
206.0370 	EXP 	Display Frame 7
206.0704 	EXP 	Display Frame 8
206.1037 	EXP 	Display Frame 9
206.1370 	EXP 	Display Frame 0
206.1703 	EXP 	Display Frame 1
206.2038 	EXP 	Display Frame 2
206.2370 	EXP 	Display Frame 3
206.2703 	EXP 	Display Frame 4
206.3037 	EXP 	Display Frame 5
206.3370 	EXP 	Display Frame 6
206.3704 	EXP 	Display Frame 7
206.4037 	EXP 	Display Frame 8
206.4371 	EXP 	Display Frame 9
206.4704 	EXP 	Display Frame 0
206.5037 	EXP 	Display Frame 1
206.5370 	EXP 	Display Frame 2
206.5704 	EXP 	Display Frame 3
206.6037 	EXP 	Display Frame 4
206.6370 	EXP 	Display Frame 5
206.6704 	EXP 	Display Frame 6
206.7037 	EXP 	Display Frame 7
206.7371 	EXP 	Display Frame 8
206.7704 	EXP 	Display Frame 9
206.8049 	EXP 	Display Frame 0
206.8371 	EXP 	Display Frame 1
206.8704 	EXP 	Display Frame 2
206.9037 	EXP 	Display Frame 3
206.9371 	EXP 	Display Frame 4
206.9704 	EXP 	Display Frame 5
207.0037 	EXP 	Display Frame 6
207.0371 	EXP 	Display Frame 7
207.0704 	EXP 	Display Frame 8
207.1037 	EXP 	Display Frame 9
207.1371 	EXP 	Display Frame 0
207.1703 	EXP 	Display Frame 1
207.2037 	EXP 	Display Frame 2
207.2370 	EXP 	Display Frame 3
207.2704 	EXP 	Display Frame 4
207.3037 	EXP 	Display Frame 5
207.3371 	EXP 	Display Frame 6
207.3704 	EXP 	Display Frame 7
207.4037 	EXP 	Display Frame 8
207.4371 	EXP 	Display Frame 9
207.4704 	EXP 	Display Frame 0
207.5037 	EXP 	Display Frame 1
207.5371 	EXP 	Display Frame 2
207.5704 	EXP 	Display Frame 3
207.6037 	EXP 	Display Frame 4
207.6370 	EXP 	Display Frame 5
207.6704 	EXP 	Display Frame 6
207.7037 	EXP 	Display Frame 7
207.7371 	EXP 	Display Frame 8
207.7704 	EXP 	Display Frame 9
207.8037 	EXP 	Display Frame 0
207.8370 	EXP 	Display Frame 1
207.8715 	EXP 	Display Frame 2
207.9037 	EXP 	Display Frame 3
207.9371 	EXP 	Display Frame 4
207.9704 	EXP 	Display Frame 5
208.0037 	EXP 	Display Frame 6
208.0370 	EXP 	Display Frame 7
208.0703 	EXP 	Display Frame 8
208.1037 	EXP 	Display Frame 9
208.1370 	EXP 	Display Frame 0
208.1703 	EXP 	Display Frame 1
208.2037 	EXP 	Display Frame 2
208.2370 	EXP 	Display Frame 3
208.2704 	EXP 	Display Frame 4
208.3037 	EXP 	Display Frame 5
208.3370 	EXP 	Display Frame 6
208.3704 	EXP 	Display Frame 7
208.4037 	EXP 	Display Frame 8
208.4370 	EXP 	Display Frame 9
208.4704 	EXP 	Display Frame 0
208.5037 	EXP 	Display Frame 1
208.5371 	EXP 	Display Frame 2
208.5704 	EXP 	Display Frame 3
208.6037 	EXP 	Display Frame 4
208.6370 	EXP 	Display Frame 5
208.6704 	EXP 	Display Frame 6
208.7037 	EXP 	Display Frame 7
208.7370 	EXP 	Display Frame 8
208.7704 	EXP 	Display Frame 9
208.8037 	EXP 	Display Frame 0
208.8370 	EXP 	Display Frame 1
208.8704 	EXP 	Display Frame 2
208.9037 	EXP 	Display Frame 3
208.9379 	EXP 	Display Frame 4
208.9704 	EXP 	Display Frame 5
209.0037 	EXP 	Display Frame 6
209.0370 	EXP 	Display Frame 7
209.0704 	EXP 	Display Frame 8
209.1037 	EXP 	Display Frame 9
209.1371 	EXP 	Display Frame 0
209.1703 	EXP 	Display Frame 1
209.2037 	EXP 	Display Frame 2
209.2371 	EXP 	Display Frame 3
209.2704 	EXP 	Display Frame 4
209.3037 	EXP 	Display Frame 5
209.3371 	EXP 	Display Frame 6
209.3704 	EXP 	Display Frame 7
209.4037 	EXP 	Display Frame 8
209.4371 	EXP 	Display Frame 9
209.4704 	EXP 	Display Frame 0
209.5037 	EXP 	Display Frame 1
209.5371 	EXP 	Display Frame 2
209.5704 	EXP 	Display Frame 3
209.6037 	EXP 	Display Frame 4
209.6370 	EXP 	Display Frame 5
209.6704 	EXP 	Display Frame 6
209.7037 	EXP 	Display Frame 7
209.7371 	EXP 	Display Frame 8
209.7704 	EXP 	Display Frame 9
209.8037 	EXP 	Display Frame 0
209.8371 	EXP 	Display Frame 1
209.8704 	EXP 	Display Frame 2
209.9037 	EXP 	Display Frame 3
209.9370 	EXP 	Display Frame 4
209.9704 	EXP 	Display Frame 5
210.0045 	EXP 	Display Frame 6
210.0370 	EXP 	Display Frame 7
210.0704 	EXP 	Display Frame 8
210.1037 	EXP 	Display Frame 9
210.1371 	EXP 	Display Frame 0
210.1703 	EXP 	Display Frame 1
210.2037 	EXP 	Display Frame 2
210.2370 	EXP 	Display Frame 3
210.2704 	EXP 	Display Frame 4
210.3037 	EXP 	Display Frame 5
210.3371 	EXP 	Display Frame 6
210.3704 	EXP 	Display Frame 7
210.4037 	EXP 	Display Frame 8
210.4371 	EXP 	Display Frame 9
210.4704 	EXP 	Display Frame 0
210.5037 	EXP 	Display Frame 1
210.5370 	EXP 	Display Frame 2
210.5704 	EXP 	Display Frame 3
210.6037 	EXP 	Display Frame 4
210.6372 	DATA 	Keypress: equal
210.6382 	EXP 	Display Frame 5
210.6507 	EXP 	Display Fixation
215.8239 	DATA 	Keypress: equal
221.0188 	DATA 	Keypress: equal
226.2116 	DATA 	Keypress: equal
231.4057 	DATA 	Keypress: equal
236.5998 	DATA 	Keypress: equal
241.7928 	DATA 	Keypress: equal
241.8275 	EXP 	Display Frame 1
241.8607 	EXP 	Display Frame 2
241.8939 	EXP 	Display Frame 3
241.9273 	EXP 	Display Frame 4
241.9606 	EXP 	Display Frame 5
241.9940 	EXP 	Display Frame 6
242.0273 	EXP 	Display Frame 7
242.0606 	EXP 	Display Frame 8
242.0940 	EXP 	Display Frame 9
242.1273 	EXP 	Display Frame 0
242.1606 	EXP 	Display Frame 1
242.1939 	EXP 	Display Frame 2
242.2273 	EXP 	Display Frame 3
242.2606 	EXP 	Display Frame 4
242.2940 	EXP 	Display Frame 5
242.3272 	EXP 	Display Frame 6
242.3606 	EXP 	Display Frame 7
242.3939 	EXP 	Display Frame 8
242.4273 	EXP 	Display Frame 9
242.4606 	EXP 	Display Frame 0
242.4939 	EXP 	Display Frame 1
242.5273 	EXP 	Display Frame 2
242.5606 	EXP 	Display Frame 3
242.5940 	EXP 	Display Frame 4
242.6272 	EXP 	Display Frame 5
242.6606 	EXP 	Display Frame 6
242.6940 	EXP 	Display Frame 7
242.7273 	EXP 	Display Frame 8
242.7606 	EXP 	Display Frame 9
242.7939 	EXP 	Display Frame 0
242.8272 	EXP 	Display Frame 1
242.8606 	EXP 	Display Frame 2
242.8939 	EXP 	Display Frame 3
242.9272 	EXP 	Display Frame 4
242.9606 	EXP 	Display Frame 5
242.9939 	EXP 	Display Frame 6
243.0273 	EXP 	Display Frame 7
243.0606 	EXP 	Display Frame 8
243.0941 	EXP 	Display Frame 9
243.1273 	EXP 	Display Frame 0
243.1606 	EXP 	Display Frame 1
243.1939 	EXP 	Display Frame 2
243.2273 	EXP 	Display Frame 3
243.2606 	EXP 	Display Frame 4
243.2939 	EXP 	Display Frame 5
243.3272 	EXP 	Display Frame 6
243.3606 	EXP 	Display Frame 7
243.3939 	EXP 	Display Frame 8
243.4273 	EXP 	Display Frame 9
243.4606 	EXP 	Display Frame 0
243.4939 	EXP 	Display Frame 1
243.5273 	EXP 	Display Frame 2
243.5606 	EXP 	Display Frame 3
243.5939 	EXP 	Display Frame 4
243.6272 	EXP 	Display Frame 5
243.6606 	EXP 	Display Frame 6
243.6939 	EXP 	Display Frame 7
243.7273 	EXP 	Display Frame 8
243.7606 	EXP 	Display Frame 9
243.7939 	EXP 	Display Frame 0
243.8272 	EXP 	Display Frame 1
243.8606 	EXP 	Display Frame 2
243.8940 	EXP 	Display Frame 3
243.9272 	EXP 	Display Frame 4
243.9606 	EXP 	Display Frame 5
243.9939 	EXP 	Display Frame 6
244.0272 	EXP 	Display Frame 7
244.0606 	EXP 	Display Frame 8
244.0939 	EXP 	Display Frame 9
244.1273 	EXP 	Display Frame 0
244.1606 	EXP 	Display Frame 1
244.1939 	EXP 	Display Frame 2
244.2272 	EXP 	Display Frame 3
244.2606 	EXP 	Display Frame 4
244.2939 	EXP 	Display Frame 5
244.3272 	EXP 	Display Frame 6
244.3606 	EXP 	Display Frame 7
244.3939 	EXP 	Display Frame 8
244.4273 	EXP 	Display Frame 9
244.4606 	EXP 	Display Frame 0
244.4939 	EXP 	Display Frame 1
244.5272 	EXP 	Display Frame 2
244.5606 	EXP 	Display Frame 3
244.5939 	EXP 	Display Frame 4
244.6272 	EXP 	Display Frame 5
244.6606 	EXP 	Display Frame 6
244.6939 	EXP 	Display Frame 7
244.7273 	EXP 	Display Frame 8
244.7606 	EXP 	Display Frame 9
244.7940 	EXP 	Display Frame 0
244.8272 	EXP 	Display Frame 1
244.8606 	EXP 	Display Frame 2
244.8939 	EXP 	Display Frame 3
244.9273 	EXP 	Display Frame 4
244.9606 	EXP 	Display Frame 5
244.9939 	EXP 	Display Frame 6
245.0273 	EXP 	Display Frame 7
245.0606 	EXP 	Display Frame 8
245.0939 	EXP 	Display Frame 9
245.1272 	EXP 	Display Frame 0
245.1606 	EXP 	Display Frame 1
245.1939 	EXP 	Display Frame 2
245.2272 	EXP 	Display Frame 3
245.2606 	EXP 	Display Frame 4
245.2939 	EXP 	Display Frame 5
245.3273 	EXP 	Display Frame 6
245.3606 	EXP 	Display Frame 7
245.3939 	EXP 	Display Frame 8
245.4273 	EXP 	Display Frame 9
245.4606 	EXP 	Display Frame 0
245.4939 	EXP 	Display Frame 1
245.5272 	EXP 	Display Frame 2
245.5606 	EXP 	Display Frame 3
245.5939 	EXP 	Display Frame 4
245.6272 	EXP 	Display Frame 5
245.6606 	EXP 	Display Frame 6
245.6939 	EXP 	Display Frame 7
245.7272 	EXP 	Display Frame 8
245.7606 	EXP 	Display Frame 9
245.7939 	EXP 	Display Frame 0
245.8272 	EXP 	Display Frame 1
245.8606 	EXP 	Display Frame 2
245.8939 	EXP 	Display Frame 3
245.9273 	EXP 	Display Frame 4
245.9606 	EXP 	Display Frame 5
245.9939 	EXP 	Display Frame 6
246.0272 	EXP 	Display Frame 7
246.0606 	EXP 	Display Frame 8
246.0939 	EXP 	Display Frame 9
246.1273 	EXP 	Display Frame 0
246.1606 	EXP 	Display Frame 1
246.1939 	EXP 	Display Frame 2
246.2273 	EXP 	Display Frame 3
246.2606 	EXP 	Display Frame 4
246.2939 	EXP 	Display Frame 5
246.3273 	EXP 	Display Frame 6
246.3606 	EXP 	Display Frame 7
246.3939 	EXP 	Display Frame 8
246.4273 	EXP 	Display Frame 9
246.4606 	EXP 	Display Frame 0
246.4939 	EXP 	Display Frame 1
246.5273 	EXP 	Display Frame 2
246.5606 	EXP 	Display Frame 3
246.5939 	EXP 	Display Frame 4
246.6272 	EXP 	Display Frame 5
246.6606 	EXP 	Display Frame 6
246.6939 	EXP 	Display Frame 7
246.7273 	EXP 	Display Frame 8
246.7606 	EXP 	Display Frame 9
246.7940 	EXP 	Display Frame 0
246.8272 	EXP 	Display Frame 1
246.8606 	EXP 	Display Frame 2
246.8939 	EXP 	Display Frame 3
246.9273 	EXP 	Display Frame 4
246.9606 	EXP 	Display Frame 5
246.9941 	DATA 	Keypress: equal
246.9951 	EXP 	Display Frame 6
247.0272 	EXP 	Display Frame 7
247.0606 	EXP 	Display Frame 8
247.0939 	EXP 	Display Frame 9
247.1273 	EXP 	Display Frame 0
247.1606 	EXP 	Display Frame 1
247.1939 	EXP 	Display Frame 2
247.2273 	EXP 	Display Frame 3
247.2606 	EXP 	Display Frame 4
247.2939 	EXP 	Display Frame 5
247.3272 	EXP 	Display Frame 6
247.3606 	EXP 	Display Frame 7
247.3939 	EXP 	Display Frame 8
247.4273 	EXP 	Display Frame 9
247.4606 	EXP 	Display Frame 0
247.4939 	EXP 	Display Frame 1
247.5273 	EXP 	Display Frame 2
247.5606 	EXP 	Display Frame 3
247.5939 	EXP 	Display Frame 4
247.6273 	EXP 	Display Frame 5
247.6608 	EXP 	Display Frame 6
247.6939 	EXP 	Display Frame 7
247.7273 	EXP 	Display Frame 8
247.7606 	EXP 	Display Frame 9
247.7940 	EXP 	Display Frame 0
247.8273 	EXP 	Display Frame 1
247.8606 	EXP 	Display Frame 2
247.8939 	EXP 	Display Frame 3
247.9272 	EXP 	Display Frame 4
247.9606 	EXP 	Display Frame 5
247.9939 	EXP 	Display Frame 6
248.0273 	EXP 	Display Frame 7
248.0606 	EXP 	Display Frame 8
248.0939 	EXP 	Display Frame 9
248.1273 	EXP 	Display Frame 0
248.1606 	EXP 	Display Frame 1
248.1939 	EXP 	Display Frame 2
248.2272 	EXP 	Display Frame 3
248.2606 	EXP 	Display Frame 4
248.2939 	EXP 	Display Frame 5
248.3273 	EXP 	Display Frame 6
248.3606 	EXP 	Display Frame 7
248.3940 	EXP 	Display Frame 8
248.4274 	EXP 	Display Frame 9
248.4605 	EXP 	Display Frame 0
248.4939 	EXP 	Display Frame 1
248.5272 	EXP 	Display Frame 2
248.5606 	EXP 	Display Frame 3
248.5939 	EXP 	Display Frame 4
248.6273 	EXP 	Display Frame 5
248.6606 	EXP 	Display Frame 6
248.6939 	EXP 	Display Frame 7
248.7273 	EXP 	Display Frame 8
248.7606 	EXP 	Display Frame 9
248.7939 	EXP 	Display Frame 0
248.8272 	EXP 	Display Frame 1
248.8606 	EXP 	Display Frame 2
248.8939 	EXP 	Display Frame 3
248.9273 	EXP 	Display Frame 4
248.9606 	EXP 	Display Frame 5
248.9939 	EXP 	Display Frame 6
249.0273 	EXP 	Display Frame 7
249.0606 	EXP 	Display Frame 8
249.0939 	EXP 	Display Frame 9
249.1272 	EXP 	Display Frame 0
249.1606 	EXP 	Display Frame 1
249.1939 	EXP 	Display Frame 2
249.2273 	EXP 	Display Frame 3
249.2606 	EXP 	Display Frame 4
249.2939 	EXP 	Display Frame 5
249.3272 	EXP 	Display Frame 6
249.3606 	EXP 	Display Frame 7
249.3939 	EXP 	Display Frame 8
249.4272 	EXP 	Display Frame 9
249.4606 	EXP 	Display Frame 0
249.4939 	EXP 	Display Frame 1
249.5272 	EXP 	Display Frame 2
249.5606 	EXP 	Display Frame 3
249.5940 	EXP 	Display Frame 4
249.6273 	EXP 	Display Frame 5
249.6606 	EXP 	Display Frame 6
249.6939 	EXP 	Display Frame 7
249.7273 	EXP 	Display Frame 8
249.7606 	EXP 	Display Frame 9
249.7939 	EXP 	Display Frame 0
249.8272 	EXP 	Display Frame 1
249.8606 	EXP 	Display Frame 2
249.8939 	EXP 	Display Frame 3
249.9273 	EXP 	Display Frame 4
249.9606 	EXP 	Display Frame 5
249.9939 	EXP 	Display Frame 6
250.0272 	EXP 	Display Frame 7
250.0606 	EXP 	Display Frame 8
250.0948 	EXP 	Display Frame 9
250.1272 	EXP 	Display Frame 0
250.1606 	EXP 	Display Frame 1
250.1939 	EXP 	Display Frame 2
250.2272 	EXP 	Display Frame 3
250.2606 	EXP 	Display Frame 4
250.2939 	EXP 	Display Frame 5
250.3273 	EXP 	Display Frame 6
250.3606 	EXP 	Display Frame 7
250.3939 	EXP 	Display Frame 8
250.4273 	EXP 	Display Frame 9
250.4606 	EXP 	Display Frame 0
250.4939 	EXP 	Display Frame 1
250.5272 	EXP 	Display Frame 2
250.5606 	EXP 	Display Frame 3
250.5939 	EXP 	Display Frame 4
250.6273 	EXP 	Display Frame 5
250.6606 	EXP 	Display Frame 6
250.6939 	EXP 	Display Frame 7
250.7273 	EXP 	Display Frame 8
250.7606 	EXP 	Display Frame 9
250.7939 	EXP 	Display Frame 0
250.8272 	EXP 	Display Frame 1
250.8606 	EXP 	Display Frame 2
250.8939 	EXP 	Display Frame 3
250.9273 	EXP 	Display Frame 4
250.9606 	EXP 	Display Frame 5
250.9939 	EXP 	Display Frame 6
251.0273 	EXP 	Display Frame 7
251.0606 	EXP 	Display Frame 8
251.0939 	EXP 	Display Frame 9
251.1273 	EXP 	Display Frame 0
251.1606 	EXP 	Display Frame 1
251.1939 	EXP 	Display Frame 2
251.2273 	EXP 	Display Frame 3
251.2606 	EXP 	Display Frame 4
251.2939 	EXP 	Display Frame 5
251.3272 	EXP 	Display Frame 6
251.3606 	EXP 	Display Frame 7
251.3939 	EXP 	Display Frame 8
251.4274 	EXP 	Display Frame 9
251.4606 	EXP 	Display Frame 0
251.4939 	EXP 	Display Frame 1
251.5273 	EXP 	Display Frame 2
251.5606 	EXP 	Display Frame 3
251.5939 	EXP 	Display Frame 4
251.6273 	EXP 	Display Frame 5
251.6606 	EXP 	Display Frame 6
251.6939 	EXP 	Display Frame 7
251.7272 	EXP 	Display Frame 8
251.7606 	EXP 	Display Frame 9
251.7939 	EXP 	Display Frame 0
251.8272 	EXP 	Display Frame 1
251.8606 	EXP 	Display Frame 2
251.8939 	EXP 	Display Frame 3
251.9273 	EXP 	Display Frame 4
251.9606 	EXP 	Display Frame 5
251.9939 	EXP 	Display Frame 6
252.0273 	EXP 	Display Frame 7
252.0606 	EXP 	Display Frame 8
252.0939 	EXP 	Display Frame 9
252.1273 	EXP 	Display Frame 0
252.1606 	EXP 	Display Frame 1
252.1941 	DATA 	Keypress: equal
252.1952 	EXP 	Display Frame 2
252.2273 	EXP 	Display Frame 3
252.2606 	EXP 	Display Frame 4
252.2939 	EXP 	Display Frame 5
252.3272 	EXP 	Display Frame 6
252.3606 	EXP 	Display Frame 7
252.3939 	EXP 	Display Frame 8
252.4273 	EXP 	Display Frame 9
252.4606 	EXP 	Display Frame 0
252.4939 	EXP 	Display Frame 1
252.5273 	EXP 	Display Frame 2
252.5606 	EXP 	Display Frame 3
252.5939 	EXP 	Display Frame 4
252.6273 	EXP 	Display Frame 5
252.6606 	EXP 	Display Frame 6
252.6939 	EXP 	Display Frame 7
252.7273 	EXP 	Display Frame 8
252.7606 	EXP 	Display Frame 9
252.7939 	EXP 	Display Frame 0
252.8272 	EXP 	Display Frame 1
252.8606 	EXP 	Display Frame 2
252.8939 	EXP 	Display Frame 3
252.9272 	EXP 	Display Frame 4
252.9606 	EXP 	Display Frame 5
252.9939 	EXP 	Display Frame 6
253.0273 	EXP 	Display Frame 7
253.0606 	EXP 	Display Frame 8
253.0939 	EXP 	Display Frame 9
253.1273 	EXP 	Display Frame 0
253.1606 	EXP 	Display Frame 1
253.1939 	EXP 	Display Frame 2
253.2272 	EXP 	Display Frame 3
253.2606 	EXP 	Display Frame 4
253.2939 	EXP 	Display Frame 5
253.3273 	EXP 	Display Frame 6
253.3669 	EXP 	Display Frame 7
253.3939 	EXP 	Display Frame 8
253.4273 	EXP 	Display Frame 9
253.4606 	EXP 	Display Frame 0
253.4939 	EXP 	Display Frame 1
253.5272 	EXP 	Display Frame 2
253.5606 	EXP 	Display Frame 3
253.5939 	EXP 	Display Frame 4
253.6273 	EXP 	Display Frame 5
253.6606 	EXP 	Display Frame 6
253.6939 	EXP 	Display Frame 7
253.7273 	EXP 	Display Frame 8
253.7607 	EXP 	Display Frame 9
253.7939 	EXP 	Display Frame 0
253.8273 	EXP 	Display Frame 1
253.8606 	EXP 	Display Frame 2
253.8939 	EXP 	Display Frame 3
253.9273 	EXP 	Display Frame 4
253.9606 	EXP 	Display Frame 5
253.9941 	EXP 	Display Frame 6
254.0273 	EXP 	Display Frame 7
254.0606 	EXP 	Display Frame 8
254.0939 	EXP 	Display Frame 9
254.1273 	EXP 	Display Frame 0
254.1606 	EXP 	Display Frame 1
254.1939 	EXP 	Display Frame 2
254.2273 	EXP 	Display Frame 3
254.2606 	EXP 	Display Frame 4
254.2939 	EXP 	Display Frame 5
254.3273 	EXP 	Display Frame 6
254.3606 	EXP 	Display Frame 7
254.3939 	EXP 	Display Frame 8
254.4273 	EXP 	Display Frame 9
254.4606 	EXP 	Display Frame 0
254.4939 	EXP 	Display Frame 1
254.5273 	EXP 	Display Frame 2
254.5606 	EXP 	Display Frame 3
254.5939 	EXP 	Display Frame 4
254.6273 	EXP 	Display Frame 5
254.6606 	EXP 	Display Frame 6
254.6939 	EXP 	Display Frame 7
254.7273 	EXP 	Display Frame 8
254.7606 	EXP 	Display Frame 9
254.7939 	EXP 	Display Frame 0
254.8272 	EXP 	Display Frame 1
254.8606 	EXP 	Display Frame 2
254.8939 	EXP 	Display Frame 3
254.9273 	EXP 	Display Frame 4
254.9606 	EXP 	Display Frame 5
254.9939 	EXP 	Display Frame 6
255.0272 	EXP 	Display Frame 7
255.0606 	EXP 	Display Frame 8
255.0939 	EXP 	Display Frame 9
255.1272 	EXP 	Display Frame 0
255.1606 	EXP 	Display Frame 1
255.1939 	EXP 	Display Frame 2
255.2273 	EXP 	Display Frame 3
255.2606 	EXP 	Display Frame 4
255.2939 	EXP 	Display Frame 5
255.3273 	EXP 	Display Frame 6
255.3606 	EXP 	Display Frame 7
255.3939 	EXP 	Display Frame 8
255.4273 	EXP 	Display Frame 9
255.4606 	EXP 	Display Frame 0
255.4939 	EXP 	Display Frame 1
255.5272 	EXP 	Display Frame 2
255.5606 	EXP 	Display Frame 3
255.5939 	EXP 	Display Frame 4
255.6273 	EXP 	Display Frame 5
255.6606 	EXP 	Display Frame 6
255.6939 	EXP 	Display Frame 7
255.7273 	EXP 	Display Frame 8
255.7606 	EXP 	Display Frame 9
255.7939 	EXP 	Display Frame 0
255.8272 	EXP 	Display Frame 1
255.8606 	EXP 	Display Frame 2
255.8939 	EXP 	Display Frame 3
255.9273 	EXP 	Display Frame 4
255.9606 	EXP 	Display Frame 5
255.9939 	EXP 	Display Frame 6
256.0272 	EXP 	Display Frame 7
256.0606 	EXP 	Display Frame 8
256.0939 	EXP 	Display Frame 9
256.1272 	EXP 	Display Frame 0
256.1606 	EXP 	Display Frame 1
256.1939 	EXP 	Display Frame 2
256.2273 	EXP 	Display Frame 3
256.2606 	EXP 	Display Frame 4
256.2939 	EXP 	Display Frame 5
256.3272 	EXP 	Display Frame 6
256.3606 	EXP 	Display Frame 7
256.3939 	EXP 	Display Frame 8
256.4273 	EXP 	Display Frame 9
256.4608 	EXP 	Display Frame 0
256.4939 	EXP 	Display Frame 1
256.5273 	EXP 	Display Frame 2
256.5606 	EXP 	Display Frame 3
256.5939 	EXP 	Display Frame 4
256.6272 	EXP 	Display Frame 5
256.6606 	EXP 	Display Frame 6
256.6939 	EXP 	Display Frame 7
256.7272 	EXP 	Display Frame 8
256.7606 	EXP 	Display Frame 9
256.7939 	EXP 	Display Frame 0
256.8272 	EXP 	Display Frame 1
256.8606 	EXP 	Display Frame 2
256.8939 	EXP 	Display Frame 3
256.9272 	EXP 	Display Frame 4
256.9606 	EXP 	Display Frame 5
256.9939 	EXP 	Display Frame 6
257.0272 	EXP 	Display Frame 7
257.0606 	EXP 	Display Frame 8
257.0939 	EXP 	Display Frame 9
257.1273 	EXP 	Display Frame 0
257.1606 	EXP 	Display Frame 1
257.1939 	EXP 	Display Frame 2
257.2273 	EXP 	Display Frame 3
257.2606 	EXP 	Display Frame 4
257.2939 	EXP 	Display Frame 5
257.3273 	EXP 	Display Frame 6
257.3606 	EXP 	Display Frame 7
257.3940 	DATA 	Keypress: equal
257.3951 	EXP 	Display Frame 8
257.4273 	EXP 	Display Frame 9
257.4606 	EXP 	Display Frame 0
257.4947 	EXP 	Display Frame 1
257.5273 	EXP 	Display Frame 2
257.5606 	EXP 	Display Frame 3
257.5939 	EXP 	Display Frame 4
257.6272 	EXP 	Display Frame 5
257.6606 	EXP 	Display Frame 6
257.6939 	EXP 	Display Frame 7
257.7273 	EXP 	Display Frame 8
257.7606 	EXP 	Display Frame 9
257.7939 	EXP 	Display Frame 0
257.8272 	EXP 	Display Frame 1
257.8606 	EXP 	Display Frame 2
257.8939 	EXP 	Display Frame 3
257.9272 	EXP 	Display Frame 4
257.9606 	EXP 	Display Frame 5
257.9939 	EXP 	Display Frame 6
258.0273 	EXP 	Display Frame 7
258.0606 	EXP 	Display Frame 8
258.0939 	EXP 	Display Frame 9
258.1273 	EXP 	Display Frame 0
258.1606 	EXP 	Display Frame 1
258.1939 	EXP 	Display Frame 2
258.2272 	EXP 	Display Frame 3
258.2606 	EXP 	Display Frame 4
258.2939 	EXP 	Display Frame 5
258.3273 	EXP 	Display Frame 6
258.3606 	EXP 	Display Frame 7
258.3939 	EXP 	Display Frame 8
258.4273 	EXP 	Display Frame 9
258.4606 	EXP 	Display Frame 0
258.4939 	EXP 	Display Frame 1
258.5272 	EXP 	Display Frame 2
258.5606 	EXP 	Display Frame 3
258.5939 	EXP 	Display Frame 4
258.6273 	EXP 	Display Frame 5
258.6606 	EXP 	Display Frame 6
258.6939 	EXP 	Display Frame 7
258.7273 	EXP 	Display Frame 8
258.7606 	EXP 	Display Frame 9
258.7939 	EXP 	Display Frame 0
258.8272 	EXP 	Display Frame 1
258.8606 	EXP 	Display Frame 2
258.8942 	EXP 	Display Frame 3
258.9274 	EXP 	Display Frame 4
258.9606 	EXP 	Display Frame 5
258.9939 	EXP 	Display Frame 6
259.0273 	EXP 	Display Frame 7
259.0606 	EXP 	Display Frame 8
259.0942 	EXP 	Display Frame 9
259.1273 	EXP 	Display Frame 0
259.1606 	EXP 	Display Frame 1
259.1939 	EXP 	Display Frame 2
259.2273 	EXP 	Display Frame 3
259.2606 	EXP 	Display Frame 4
259.2939 	EXP 	Display Frame 5
259.3273 	EXP 	Display Frame 6
259.3606 	EXP 	Display Frame 7
259.3940 	EXP 	Display Frame 8
259.4273 	EXP 	Display Frame 9
259.4606 	EXP 	Display Frame 0
259.4939 	EXP 	Display Frame 1
259.5272 	EXP 	Display Frame 2
259.5606 	EXP 	Display Frame 3
259.5939 	EXP 	Display Frame 4
259.6273 	EXP 	Display Frame 5
259.6606 	EXP 	Display Frame 6
259.6939 	EXP 	Display Frame 7
259.7273 	EXP 	Display Frame 8
259.7606 	EXP 	Display Frame 9
259.7939 	EXP 	Display Frame 0
259.8272 	EXP 	Display Frame 1
259.8606 	EXP 	Display Frame 2
259.8939 	EXP 	Display Frame 3
259.9273 	EXP 	Display Frame 4
259.9606 	EXP 	Display Frame 5
259.9939 	EXP 	Display Frame 6
260.0273 	EXP 	Display Frame 7
260.0606 	EXP 	Display Frame 8
260.0939 	EXP 	Display Frame 9
260.1272 	EXP 	Display Frame 0
260.1606 	EXP 	Display Frame 1
260.1939 	EXP 	Display Frame 2
260.2273 	EXP 	Display Frame 3
260.2606 	EXP 	Display Frame 4
260.2939 	EXP 	Display Frame 5
260.3275 	EXP 	Display Frame 6
260.3606 	EXP 	Display Frame 7
260.3940 	EXP 	Display Frame 8
260.4273 	EXP 	Display Frame 9
260.4606 	EXP 	Display Frame 0
260.4939 	EXP 	Display Frame 1
260.5273 	EXP 	Display Frame 2
260.5606 	EXP 	Display Frame 3
260.5939 	EXP 	Display Frame 4
260.6273 	EXP 	Display Frame 5
260.6606 	EXP 	Display Frame 6
260.6939 	EXP 	Display Frame 7
260.7273 	EXP 	Display Frame 8
260.7606 	EXP 	Display Frame 9
260.7939 	EXP 	Display Frame 0
260.8272 	EXP 	Display Frame 1
260.8606 	EXP 	Display Frame 2
260.8939 	EXP 	Display Frame 3
260.9273 	EXP 	Display Frame 4
260.9606 	EXP 	Display Frame 5
260.9939 	EXP 	Display Frame 6
261.0272 	EXP 	Display Frame 7
261.0606 	EXP 	Display Frame 8
261.0939 	EXP 	Display Frame 9
261.1272 	EXP 	Display Frame 0
261.1606 	EXP 	Display Frame 1
261.1939 	EXP 	Display Frame 2
261.2273 	EXP 	Display Frame 3
261.2606 	EXP 	Display Frame 4
261.2939 	EXP 	Display Frame 5
261.3272 	EXP 	Display Frame 6
261.3606 	EXP 	Display Frame 7
261.3939 	EXP 	Display Frame 8
261.4273 	EXP 	Display Frame 9
261.4606 	EXP 	Display Frame 0
261.4939 	EXP 	Display Frame 1
261.5272 	EXP 	Display Frame 2
261.5606 	EXP 	Display Frame 3
261.5939 	EXP 	Display Frame 4
261.6273 	EXP 	Display Frame 5
261.6606 	EXP 	Display Frame 6
261.6939 	EXP 	Display Frame 7
261.7273 	EXP 	Display Frame 8
261.7606 	EXP 	Display Frame 9
261.7948 	EXP 	Display Frame 0
261.8272 	EXP 	Display Frame 1
261.8606 	EXP 	Display Frame 2
261.8939 	EXP 	Display Frame 3
261.9272 	EXP 	Display Frame 4
261.9606 	EXP 	Display Frame 5
261.9939 	EXP 	Display Frame 6
262.0273 	EXP 	Display Frame 7
262.0606 	EXP 	Display Frame 8
262.0939 	EXP 	Display Frame 9
262.1273 	EXP 	Display Frame 0
262.1606 	EXP 	Display Frame 1
262.1939 	EXP 	Display Frame 2
262.2272 	EXP 	Display Frame 3
262.2606 	EXP 	Display Frame 4
262.2939 	EXP 	Display Frame 5
262.3272 	EXP 	Display Frame 6
262.3606 	EXP 	Display Frame 7
262.3939 	EXP 	Display Frame 8
262.4273 	EXP 	Display Frame 9
262.4606 	EXP 	Display Frame 0
262.4939 	EXP 	Display Frame 1
262.5272 	EXP 	Display Frame 2
262.5606 	EXP 	Display Frame 3
262.5941 	DATA 	Keypress: equal
262.5951 	EXP 	Display Frame 4
262.6272 	EXP 	Display Frame 5
262.6606 	EXP 	Display Frame 6
262.6939 	EXP 	Display Frame 7
262.7273 	EXP 	Display Frame 8
262.7606 	EXP 	Display Frame 9
262.7939 	EXP 	Display Frame 0
262.8272 	EXP 	Display Frame 1
262.8606 	EXP 	Display Frame 2
262.8939 	EXP 	Display Frame 3
262.9273 	EXP 	Display Frame 4
262.9606 	EXP 	Display Frame 5
262.9939 	EXP 	Display Frame 6
263.0273 	EXP 	Display Frame 7
263.0606 	EXP 	Display Frame 8
263.0939 	EXP 	Display Frame 9
263.1272 	EXP 	Display Frame 0
263.1606 	EXP 	Display Frame 1
263.1939 	EXP 	Display Frame 2
263.2272 	EXP 	Display Frame 3
263.2606 	EXP 	Display Frame 4
263.2939 	EXP 	Display Frame 5
263.3272 	EXP 	Display Frame 6
263.3606 	EXP 	Display Frame 7
263.3939 	EXP 	Display Frame 8
263.4272 	EXP 	Display Frame 9
263.4606 	EXP 	Display Frame 0
263.4939 	EXP 	Display Frame 1
263.5273 	EXP 	Display Frame 2
263.5606 	EXP 	Display Frame 3
263.5939 	EXP 	Display Frame 4
263.6272 	EXP 	Display Frame 5
263.6606 	EXP 	Display Frame 6
263.6939 	EXP 	Display Frame 7
263.7273 	EXP 	Display Frame 8
263.7606 	EXP 	Display Frame 9
263.7939 	EXP 	Display Frame 0
263.8272 	EXP 	Display Frame 1
263.8606 	EXP 	Display Frame 2
263.8939 	EXP 	Display Frame 3
263.9273 	EXP 	Display Frame 4
263.9606 	EXP 	Display Frame 5
263.9939 	EXP 	Display Frame 6
264.0272 	EXP 	Display Frame 7
264.0606 	EXP 	Display Frame 8
264.0939 	EXP 	Display Frame 9
264.1273 	EXP 	Display Frame 0
264.1606 	EXP 	Display Frame 1
264.1939 	EXP 	Display Frame 2
264.2273 	EXP 	Display Frame 3
264.2606 	EXP 	Display Frame 4
264.2939 	EXP 	Display Frame 5
264.3272 	EXP 	Display Frame 6
264.3606 	EXP 	Display Frame 7
264.3939 	EXP 	Display Frame 8
264.4274 	EXP 	Display Frame 9
264.4606 	EXP 	Display Frame 0
264.4939 	EXP 	Display Frame 1
264.5273 	EXP 	Display Frame 2
264.5606 	EXP 	Display Frame 3
264.5939 	EXP 	Display Frame 4
264.6273 	EXP 	Display Frame 5
264.6606 	EXP 	Display Frame 6
264.6939 	EXP 	Display Frame 7
264.7273 	EXP 	Display Frame 8
264.7606 	EXP 	Display Frame 9
264.7939 	EXP 	Display Frame 0
264.8272 	EXP 	Display Frame 1
264.8606 	EXP 	Display Frame 2
264.8939 	EXP 	Display Frame 3
264.9273 	EXP 	Display Frame 4
264.9606 	EXP 	Display Frame 5
264.9939 	EXP 	Display Frame 6
265.0272 	EXP 	Display Frame 7
265.0606 	EXP 	Display Frame 8
265.0939 	EXP 	Display Frame 9
265.1272 	EXP 	Display Frame 0
265.1606 	EXP 	Display Frame 1
265.1939 	EXP 	Display Frame 2
265.2273 	EXP 	Display Frame 3
265.2606 	EXP 	Display Frame 4
265.2939 	EXP 	Display Frame 5
265.3273 	EXP 	Display Frame 6
265.3606 	EXP 	Display Frame 7
265.3939 	EXP 	Display Frame 8
265.4273 	EXP 	Display Frame 9
265.4606 	EXP 	Display Frame 0
265.4939 	EXP 	Display Frame 1
265.5273 	EXP 	Display Frame 2
265.5606 	EXP 	Display Frame 3
265.5939 	EXP 	Display Frame 4
265.6273 	EXP 	Display Frame 5
265.6606 	EXP 	Display Frame 6
265.6939 	EXP 	Display Frame 7
265.7273 	EXP 	Display Frame 8
265.7606 	EXP 	Display Frame 9
265.7939 	EXP 	Display Frame 0
265.8272 	EXP 	Display Frame 1
265.8606 	EXP 	Display Frame 2
265.8939 	EXP 	Display Frame 3
265.9273 	EXP 	Display Frame 4
265.9624 	EXP 	Display Frame 5
265.9939 	EXP 	Display Frame 6
266.0273 	EXP 	Display Frame 7
266.0606 	EXP 	Display Frame 8
266.0939 	EXP 	Display Frame 9
266.1273 	EXP 	Display Frame 0
266.1606 	EXP 	Display Frame 1
266.1939 	EXP 	Display Frame 2
266.2273 	EXP 	Display Frame 3
266.2606 	EXP 	Display Frame 4
266.2939 	EXP 	Display Frame 5
266.3273 	EXP 	Display Frame 6
266.3606 	EXP 	Display Frame 7
266.3939 	EXP 	Display Frame 8
266.4273 	EXP 	Display Frame 9
266.4606 	EXP 	Display Frame 0
266.4939 	EXP 	Display Frame 1
266.5273 	EXP 	Display Frame 2
266.5606 	EXP 	Display Frame 3
266.5939 	EXP 	Display Frame 4
266.6273 	EXP 	Display Frame 5
266.6606 	EXP 	Display Frame 6
266.6942 	EXP 	Display Frame 7
266.7273 	EXP 	Display Frame 8
266.7606 	EXP 	Display Frame 9
266.7939 	EXP 	Display Frame 0
266.8272 	EXP 	Display Frame 1
266.8606 	EXP 	Display Frame 2
266.8939 	EXP 	Display Frame 3
266.9273 	EXP 	Display Frame 4
266.9606 	EXP 	Display Frame 5
266.9939 	EXP 	Display Frame 6
267.0273 	EXP 	Display Frame 7
267.0606 	EXP 	Display Frame 8
267.0940 	EXP 	Display Frame 9
267.1272 	EXP 	Display Frame 0
267.1606 	EXP 	Display Frame 1
267.1939 	EXP 	Display Frame 2
267.2273 	EXP 	Display Frame 3
267.2606 	EXP 	Display Frame 4
267.2939 	EXP 	Display Frame 5
267.3273 	EXP 	Display Frame 6
267.3606 	EXP 	Display Frame 7
267.3939 	EXP 	Display Frame 8
267.4273 	EXP 	Display Frame 9
267.4606 	EXP 	Display Frame 0
267.4939 	EXP 	Display Frame 1
267.5272 	EXP 	Display Frame 2
267.5606 	EXP 	Display Frame 3
267.5939 	EXP 	Display Frame 4
267.6273 	EXP 	Display Frame 5
267.6606 	EXP 	Display Frame 6
267.6939 	EXP 	Display Frame 7
267.7273 	EXP 	Display Frame 8
267.7606 	EXP 	Display Frame 9
267.7614 	DATA 	Keypress: equal
267.7939 	EXP 	Display Frame 0
267.8272 	EXP 	Display Frame 1
267.8606 	EXP 	Display Frame 2
267.8939 	EXP 	Display Frame 3
267.9273 	EXP 	Display Frame 4
267.9606 	EXP 	Display Frame 5
267.9939 	EXP 	Display Frame 6
268.0272 	EXP 	Display Frame 7
268.0606 	EXP 	Display Frame 8
268.0939 	EXP 	Display Frame 9
268.1272 	EXP 	Display Frame 0
268.1606 	EXP 	Display Frame 1
268.1939 	EXP 	Display Frame 2
268.2273 	EXP 	Display Frame 3
268.2606 	EXP 	Display Frame 4
268.2939 	EXP 	Display Frame 5
268.3273 	EXP 	Display Frame 6
268.3606 	EXP 	Display Frame 7
268.3939 	EXP 	Display Frame 8
268.4273 	EXP 	Display Frame 9
268.4606 	EXP 	Display Frame 0
268.4939 	EXP 	Display Frame 1
268.5273 	EXP 	Display Frame 2
268.5606 	EXP 	Display Frame 3
268.5939 	EXP 	Display Frame 4
268.6272 	EXP 	Display Frame 5
268.6606 	EXP 	Display Frame 6
268.6939 	EXP 	Display Frame 7
268.7273 	EXP 	Display Frame 8
268.7606 	EXP 	Display Frame 9
268.7939 	EXP 	Display Frame 0
268.8272 	EXP 	Display Frame 1
268.8606 	EXP 	Display Frame 2
268.8939 	EXP 	Display Frame 3
268.9273 	EXP 	Display Frame 4
268.9606 	EXP 	Display Frame 5
268.9939 	EXP 	Display Frame 6
269.0273 	EXP 	Display Frame 7
269.0606 	EXP 	Display Frame 8
269.0939 	EXP 	Display Frame 9
269.1273 	EXP 	Display Frame 0
269.1606 	EXP 	Display Frame 1
269.1939 	EXP 	Display Frame 2
269.2273 	EXP 	Display Frame 3
269.2606 	EXP 	Display Frame 4
269.2939 	EXP 	Display Frame 5
269.3273 	EXP 	Display Frame 6
269.3606 	EXP 	Display Frame 7
269.3939 	EXP 	Display Frame 8
269.4273 	EXP 	Display Frame 9
269.4606 	EXP 	Display Frame 0
269.4939 	EXP 	Display Frame 1
269.5272 	EXP 	Display Frame 2
269.5606 	EXP 	Display Frame 3
269.5939 	EXP 	Display Frame 4
269.6272 	EXP 	Display Frame 5
269.6606 	EXP 	Display Frame 6
269.6939 	EXP 	Display Frame 7
269.7272 	EXP 	Display Frame 8
269.7608 	EXP 	Display Frame 9
269.7939 	EXP 	Display Frame 0
269.8272 	EXP 	Display Frame 1
269.8606 	EXP 	Display Frame 2
269.8939 	EXP 	Display Frame 3
269.9273 	EXP 	Display Frame 4
269.9606 	EXP 	Display Frame 5
269.9939 	EXP 	Display Frame 6
270.0272 	EXP 	Display Frame 7
270.0606 	EXP 	Display Frame 8
270.0939 	EXP 	Display Frame 9
270.1272 	EXP 	Display Frame 0
270.1606 	EXP 	Display Frame 1
270.1939 	EXP 	Display Frame 2
270.2273 	EXP 	Display Frame 3
270.2606 	EXP 	Display Frame 4
270.2939 	EXP 	Display Frame 5
270.3272 	EXP 	Display Frame 6
270.3606 	EXP 	Display Frame 7
270.3939 	EXP 	Display Frame 8
270.4272 	EXP 	Display Frame 9
270.4606 	EXP 	Display Frame 0
270.4939 	EXP 	Display Frame 1
270.5273 	EXP 	Display Frame 2
270.5606 	EXP 	Display Frame 3
270.5939 	EXP 	Display Frame 4
270.6273 	EXP 	Display Frame 5
270.6606 	EXP 	Display Frame 6
270.6939 	EXP 	Display Frame 7
270.7273 	EXP 	Display Frame 8
270.7606 	EXP 	Display Frame 9
270.7939 	EXP 	Display Frame 0
270.8272 	EXP 	Display Frame 1
270.8606 	EXP 	Display Frame 2
270.8939 	EXP 	Display Frame 3
270.9273 	EXP 	Display Frame 4
270.9606 	EXP 	Display Frame 5
270.9939 	EXP 	Display Frame 6
271.0272 	EXP 	Display Frame 7
271.0606 	EXP 	Display Frame 8
271.0939 	EXP 	Display Frame 9
271.1273 	EXP 	Display Frame 0
271.1606 	EXP 	Display Frame 1
271.1939 	EXP 	Display Frame 2
271.2273 	EXP 	Display Frame 3
271.2606 	EXP 	Display Frame 4
271.2939 	EXP 	Display Frame 5
271.3272 	EXP 	Display Frame 6
271.3606 	EXP 	Display Frame 7
271.3939 	EXP 	Display Frame 8
271.4273 	EXP 	Display Frame 9
271.4606 	EXP 	Display Frame 0
271.4939 	EXP 	Display Frame 1
271.5273 	EXP 	Display Frame 2
271.5606 	EXP 	Display Frame 3
271.5940 	EXP 	Display Frame 4
271.6272 	EXP 	Display Frame 5
271.6606 	EXP 	Display Frame 6
271.6939 	EXP 	Display Frame 7
271.7272 	EXP 	Display Frame 8
271.7606 	EXP 	Display Frame 9
271.7939 	EXP 	Display Frame 0
271.8272 	EXP 	Display Frame 1
271.8606 	EXP 	Display Frame 2
271.8939 	EXP 	Display Frame 3
271.9272 	EXP 	Display Frame 4
271.9606 	EXP 	Display Frame 5
271.9939 	EXP 	Display Frame 6
272.0273 	EXP 	Display Frame 7
272.0606 	EXP 	Display Frame 8
272.0939 	EXP 	Display Frame 9
272.1273 	EXP 	Display Frame 0
272.1606 	EXP 	Display Frame 1
272.1939 	EXP 	Display Frame 2
272.2272 	EXP 	Display Frame 3
272.2606 	EXP 	Display Frame 4
272.2939 	EXP 	Display Frame 5
272.3273 	EXP 	Display Frame 6
272.3606 	EXP 	Display Frame 7
272.3939 	EXP 	Display Frame 8
272.4273 	EXP 	Display Frame 9
272.4606 	EXP 	Display Frame 0
272.4939 	EXP 	Display Frame 1
272.5273 	EXP 	Display Frame 2
272.5606 	EXP 	Display Frame 3
272.5939 	EXP 	Display Frame 4
272.6272 	EXP 	Display Frame 5
272.6606 	EXP 	Display Frame 6
272.6939 	EXP 	Display Frame 7
272.7273 	EXP 	Display Frame 8
272.7606 	EXP 	Display Frame 9
272.7940 	EXP 	Display Frame 0
272.8272 	EXP 	Display Frame 1
272.8606 	EXP 	Display Frame 2
272.8939 	EXP 	Display Frame 3
272.9272 	EXP 	Display Frame 4
272.9607 	DATA 	Keypress: equal
272.9617 	EXP 	Display Frame 5
272.9677 	EXP 	Display Fixation
278.1480 	DATA 	Keypress: equal
283.3425 	DATA 	Keypress: equal
288.5351 	DATA 	Keypress: equal
293.7291 	DATA 	Keypress: equal
298.9221 	DATA 	Keypress: equal
304.1161 	DATA 	Keypress: equal
304.1506 	EXP 	Display Frame 1
304.1838 	EXP 	Display Frame 2
304.2172 	EXP 	Display Frame 3
304.2505 	EXP 	Display Frame 4
304.2839 	EXP 	Display Frame 5
304.3172 	EXP 	Display Frame 6
304.3506 	EXP 	Display Frame 7
304.3839 	EXP 	Display Frame 8
304.4172 	EXP 	Display Frame 9
304.4506 	EXP 	Display Frame 0
304.4839 	EXP 	Display Frame 1
304.5172 	EXP 	Display Frame 2
304.5506 	EXP 	Display Frame 3
304.5838 	EXP 	Display Frame 4
304.6172 	EXP 	Display Frame 5
304.6506 	EXP 	Display Frame 6
304.6839 	EXP 	Display Frame 7
304.7172 	EXP 	Display Frame 8
304.7506 	EXP 	Display Frame 9
304.7839 	EXP 	Display Frame 0
304.8172 	EXP 	Display Frame 1
304.8509 	EXP 	Display Frame 2
304.8837 	EXP 	Display Frame 3
304.9172 	EXP 	Display Frame 4
304.9505 	EXP 	Display Frame 5
304.9839 	EXP 	Display Frame 6
305.0172 	EXP 	Display Frame 7
305.0505 	EXP 	Display Frame 8
305.0838 	EXP 	Display Frame 9
305.1172 	EXP 	Display Frame 0
305.1505 	EXP 	Display Frame 1
305.1839 	EXP 	Display Frame 2
305.2172 	EXP 	Display Frame 3
305.2505 	EXP 	Display Frame 4
305.2839 	EXP 	Display Frame 5
305.3172 	EXP 	Display Frame 6
305.3505 	EXP 	Display Frame 7
305.3839 	EXP 	Display Frame 8
305.4172 	EXP 	Display Frame 9
305.4505 	EXP 	Display Frame 0
305.4839 	EXP 	Display Frame 1
305.5172 	EXP 	Display Frame 2
305.5506 	EXP 	Display Frame 3
305.5839 	EXP 	Display Frame 4
305.6172 	EXP 	Display Frame 5
305.6505 	EXP 	Display Frame 6
305.6839 	EXP 	Display Frame 7
305.7172 	EXP 	Display Frame 8
305.7505 	EXP 	Display Frame 9
305.7839 	EXP 	Display Frame 0
305.8172 	EXP 	Display Frame 1
305.8505 	EXP 	Display Frame 2
305.8839 	EXP 	Display Frame 3
305.9172 	EXP 	Display Frame 4
305.9505 	EXP 	Display Frame 5
305.9839 	EXP 	Display Frame 6
306.0172 	EXP 	Display Frame 7
306.0506 	EXP 	Display Frame 8
306.0838 	EXP 	Display Frame 9
306.1172 	EXP 	Display Frame 0
306.1505 	EXP 	Display Frame 1
306.1839 	EXP 	Display Frame 2
306.2172 	EXP 	Display Frame 3
306.2505 	EXP 	Display Frame 4
306.2839 	EXP 	Display Frame 5
306.3172 	EXP 	Display Frame 6
306.3505 	EXP 	Display Frame 7
306.3839 	EXP 	Display Frame 8
306.4172 	EXP 	Display Frame 9
306.4505 	EXP 	Display Frame 0
306.4838 	EXP 	Display Frame 1
306.5172 	EXP 	Display Frame 2
306.5505 	EXP 	Display Frame 3
306.5839 	EXP 	Display Frame 4
306.6172 	EXP 	Display Frame 5
306.6505 	EXP 	Display Frame 6
306.6838 	EXP 	Display Frame 7
306.7172 	EXP 	Display Frame 8
306.7505 	EXP 	Display Frame 9
306.7839 	EXP 	Display Frame 0
306.8172 	EXP 	Display Frame 1
306.8504 	EXP 	Display Frame 2
306.8839 	EXP 	Display Frame 3
306.9172 	EXP 	Display Frame 4
306.9505 	EXP 	Display Frame 5
306.9839 	EXP 	Display Frame 6
307.0172 	EXP 	Display Frame 7
307.0506 	EXP 	Display Frame 8
307.0839 	EXP 	Display Frame 9
307.1172 	EXP 	Display Frame 0
307.1505 	EXP 	Display Frame 1
307.1839 	EXP 	Display Frame 2
307.2172 	EXP 	Display Frame 3
307.2505 	EXP 	Display Frame 4
307.2838 	EXP 	Display Frame 5
307.3172 	EXP 	Display Frame 6
307.3505 	EXP 	Display Frame 7
307.3839 	EXP 	Display Frame 8
307.4172 	EXP 	Display Frame 9
307.4504 	EXP 	Display Frame 0
307.4839 	EXP 	Display Frame 1
307.5172 	EXP 	Display Frame 2
307.5506 	EXP 	Display Frame 3
307.5839 	EXP 	Display Frame 4
307.6172 	EXP 	Display Frame 5
307.6504 	EXP 	Display Frame 6
307.6838 	EXP 	Display Frame 7
307.7172 	EXP 	Display Frame 8
307.7505 	EXP 	Display Frame 9
307.7839 	EXP 	Display Frame 0
307.8172 	EXP 	Display Frame 1
307.8506 	EXP 	Display Frame 2
307.8839 	EXP 	Display Frame 3
307.9172 	EXP 	Display Frame 4
307.9505 	EXP 	Display Frame 5
307.9839 	EXP 	Display Frame 6
308.0172 	EXP 	Display Frame 7
308.0505 	EXP 	Display Frame 8
308.0839 	EXP 	Display Frame 9
308.1172 	EXP 	Display Frame 0
308.1504 	EXP 	Display Frame 1
308.1839 	EXP 	Display Frame 2
308.2170 	EXP 	Display Frame 3
308.2505 	EXP 	Display Frame 4
308.2837 	EXP 	Display Frame 5
308.3172 	EXP 	Display Frame 6
308.3504 	EXP 	Display Frame 7
308.3839 	EXP 	Display Frame 8
308.4170 	EXP 	Display Frame 9
308.4504 	EXP 	Display Frame 0
308.4839 	EXP 	Display Frame 1
308.5172 	EXP 	Display Frame 2
308.5506 	EXP 	Display Frame 3
308.5839 	EXP 	Display Frame 4
308.6172 	EXP 	Display Frame 5
308.6504 	EXP 	Display Frame 6
308.6838 	EXP 	Display Frame 7
308.7172 	EXP 	Display Frame 8
308.7505 	EXP 	Display Frame 9
308.7839 	EXP 	Display Frame 0
308.8172 	EXP 	Display Frame 1
308.8506 	EXP 	Display Frame 2
308.8837 	EXP 	Display Frame 3
308.9172 	EXP 	Display Frame 4
308.9504 	EXP 	Display Frame 5
308.9837 	EXP 	Display Frame 6
309.0172 	EXP 	Display Frame 7
309.0504 	EXP 	Display Frame 8
309.0839 	EXP 	Display Frame 9
309.1172 	EXP 	Display Frame 0
309.1506 	EXP 	Display Frame 1
309.1839 	EXP 	Display Frame 2
309.2172 	EXP 	Display Frame 3
309.2505 	EXP 	Display Frame 4
309.2839 	EXP 	Display Frame 5
309.3172 	DATA 	Keypress: equal
309.3182 	EXP 	Display Frame 6
309.3503 	EXP 	Display Frame 7
309.3839 	EXP 	Display Frame 8
309.4172 	EXP 	Display Frame 9
309.4506 	EXP 	Display Frame 0
309.4837 	EXP 	Display Frame 1
309.5172 	EXP 	Display Frame 2
309.5504 	EXP 	Display Frame 3
309.5839 	EXP 	Display Frame 4
309.6170 	EXP 	Display Frame 5
309.6505 	EXP 	Display Frame 6
309.6837 	EXP 	Display Frame 7
309.7172 	EXP 	Display Frame 8
309.7505 	EXP 	Display Frame 9
309.7837 	EXP 	Display Frame 0
309.8172 	EXP 	Display Frame 1
309.8504 	EXP 	Display Frame 2
309.8839 	EXP 	Display Frame 3
309.9170 	EXP 	Display Frame 4
309.9505 	EXP 	Display Frame 5
309.9837 	EXP 	Display Frame 6
310.0170 	EXP 	Display Frame 7
310.0505 	EXP 	Display Frame 8
310.0839 	EXP 	Display Frame 9
310.1171 	EXP 	Display Frame 0
310.1504 	EXP 	Display Frame 1
310.1839 	EXP 	Display Frame 2
310.2170 	EXP 	Display Frame 3
310.2504 	EXP 	Display Frame 4
310.2839 	EXP 	Display Frame 5
310.3170 	EXP 	Display Frame 6
310.3504 	EXP 	Display Frame 7
310.3837 	EXP 	Display Frame 8
310.4171 	EXP 	Display Frame 9
310.4504 	EXP 	Display Frame 0
310.4837 	EXP 	Display Frame 1
310.5172 	EXP 	Display Frame 2
310.5504 	EXP 	Display Frame 3
310.5839 	EXP 	Display Frame 4
310.6170 	EXP 	Display Frame 5
310.6504 	EXP 	Display Frame 6
310.6837 	EXP 	Display Frame 7
310.7171 	EXP 	Display Frame 8
310.7504 	EXP 	Display Frame 9
310.7837 	EXP 	Display Frame 0
310.8172 	EXP 	Display Frame 1
310.8505 	EXP 	Display Frame 2
310.8839 	EXP 	Display Frame 3
310.9171 	EXP 	Display Frame 4
310.9504 	EXP 	Display Frame 5
310.9837 	EXP 	Display Frame 6
311.0171 	EXP 	Display Frame 7
311.0506 	EXP 	Display Frame 8
311.0838 	EXP 	Display Frame 9
311.1173 	EXP 	Display Frame 0
311.1506 	EXP 	Display Frame 1
311.1839 	EXP 	Display Frame 2
311.2171 	EXP 	Display Frame 3
311.2506 	EXP 	Display Frame 4
311.2839 	EXP 	Display Frame 5
311.3171 	EXP 	Display Frame 6
311.3504 	EXP 	Display Frame 7
311.3837 	EXP 	Display Frame 8
311.4172 	EXP 	Display Frame 9
311.4504 	EXP 	Display Frame 0
311.4839 	EXP 	Display Frame 1
311.5172 	EXP 	Display Frame 2
311.5504 	EXP 	Display Frame 3
311.5839 	EXP 	Display Frame 4
311.6170 	EXP 	Display Frame 5
311.6504 	EXP 	Display Frame 6
311.6837 	EXP 	Display Frame 7
311.7172 	EXP 	Display Frame 8
311.7504 	EXP 	Display Frame 9
311.7839 	EXP 	Display Frame 0
311.8170 	EXP 	Display Frame 1
311.8504 	EXP 	Display Frame 2
311.8839 	EXP 	Display Frame 3
311.9171 	EXP 	Display Frame 4
311.9504 	EXP 	Display Frame 5
311.9837 	EXP 	Display Frame 6
312.0170 	EXP 	Display Frame 7
312.0504 	EXP 	Display Frame 8
312.0837 	EXP 	Display Frame 9
312.1171 	EXP 	Display Frame 0
312.1504 	EXP 	Display Frame 1
312.1839 	EXP 	Display Frame 2
312.2170 	EXP 	Display Frame 3
312.2504 	EXP 	Display Frame 4
312.2837 	EXP 	Display Frame 5
312.3171 	EXP 	Display Frame 6
312.3506 	EXP 	Display Frame 7
312.3837 	EXP 	Display Frame 8
312.4171 	EXP 	Display Frame 9
312.4506 	EXP 	Display Frame 0
312.4837 	EXP 	Display Frame 1
312.5170 	EXP 	Display Frame 2
312.5504 	EXP 	Display Frame 3
312.5837 	EXP 	Display Frame 4
312.6171 	EXP 	Display Frame 5
312.6504 	EXP 	Display Frame 6
312.6837 	EXP 	Display Frame 7
312.7171 	EXP 	Display Frame 8
312.7504 	EXP 	Display Frame 9
312.7838 	EXP 	Display Frame 0
312.8170 	EXP 	Display Frame 1
312.8505 	EXP 	Display Frame 2
312.8837 	EXP 	Display Frame 3
312.9170 	EXP 	Display Frame 4
312.9504 	EXP 	Display Frame 5
312.9837 	EXP 	Display Frame 6
313.0171 	EXP 	Display Frame 7
313.0504 	EXP 	Display Frame 8
313.0837 	EXP 	Display Frame 9
313.1170 	EXP 	Display Frame 0
313.1504 	EXP 	Display Frame 1
313.1839 	EXP 	Display Frame 2
313.2170 	EXP 	Display Frame 3
313.2504 	EXP 	Display Frame 4
313.2837 	EXP 	Display Frame 5
313.3171 	EXP 	Display Frame 6
313.3504 	EXP 	Display Frame 7
313.3837 	EXP 	Display Frame 8
313.4171 	EXP 	Display Frame 9
313.4504 	EXP 	Display Frame 0
313.4837 	EXP 	Display Frame 1
313.5171 	EXP 	Display Frame 2
313.5504 	EXP 	Display Frame 3
313.5837 	EXP 	Display Frame 4
313.6171 	EXP 	Display Frame 5
313.6504 	EXP 	Display Frame 6
313.6837 	EXP 	Display Frame 7
313.7172 	EXP 	Display Frame 8
313.7504 	EXP 	Display Frame 9
313.7837 	EXP 	Display Frame 0
313.8170 	EXP 	Display Frame 1
313.8504 	EXP 	Display Frame 2
313.8837 	EXP 	Display Frame 3
313.9171 	EXP 	Display Frame 4
313.9504 	EXP 	Display Frame 5
313.9837 	EXP 	Display Frame 6
314.0171 	EXP 	Display Frame 7
314.0504 	EXP 	Display Frame 8
314.0837 	EXP 	Display Frame 9
314.1170 	EXP 	Display Frame 0
314.1504 	EXP 	Display Frame 1
314.1837 	EXP 	Display Frame 2
314.2171 	EXP 	Display Frame 3
314.2504 	EXP 	Display Frame 4
314.2837 	EXP 	Display Frame 5
314.3171 	EXP 	Display Frame 6
314.3506 	EXP 	Display Frame 7
314.3837 	EXP 	Display Frame 8
314.4171 	EXP 	Display Frame 9
314.4504 	EXP 	Display Frame 0
314.4837 	EXP 	Display Frame 1
314.5172 	DATA 	Keypress: equal
314.5183 	EXP 	Display Frame 2
314.5504 	EXP 	Display Frame 3
314.5837 	EXP 	Display Frame 4
314.6171 	EXP 	Display Frame 5
314.6504 	EXP 	Display Frame 6
314.6837 	EXP 	Display Frame 7
314.7170 	EXP 	Display Frame 8
314.7504 	EXP 	Display Frame 9
314.7837 	EXP 	Display Frame 0
314.8170 	EXP 	Display Frame 1
314.8504 	EXP 	Display Frame 2
314.8837 	EXP 	Display Frame 3
314.9171 	EXP 	Display Frame 4
314.9504 	EXP 	Display Frame 5
314.9837 	EXP 	Display Frame 6
315.0170 	EXP 	Display Frame 7
315.0504 	EXP 	Display Frame 8
315.0837 	EXP 	Display Frame 9
315.1171 	EXP 	Display Frame 0
315.1504 	EXP 	Display Frame 1
315.1838 	EXP 	Display Frame 2
315.2171 	EXP 	Display Frame 3
315.2504 	EXP 	Display Frame 4
315.2837 	EXP 	Display Frame 5
315.3171 	EXP 	Display Frame 6
315.3504 	EXP 	Display Frame 7
315.3837 	EXP 	Display Frame 8
315.4171 	EXP 	Display Frame 9
315.4504 	EXP 	Display Frame 0
315.4837 	EXP 	Display Frame 1
315.5171 	EXP 	Display Frame 2
315.5504 	EXP 	Display Frame 3
315.5837 	EXP 	Display Frame 4
315.6171 	EXP 	Display Frame 5
315.6504 	EXP 	Display Frame 6
315.6837 	EXP 	Display Frame 7
315.7170 	EXP 	Display Frame 8
315.7504 	EXP 	Display Frame 9
315.7837 	EXP 	Display Frame 0
315.8171 	EXP 	Display Frame 1
315.8504 	EXP 	Display Frame 2
315.8837 	EXP 	Display Frame 3
315.9171 	EXP 	Display Frame 4
315.9504 	EXP 	Display Frame 5
315.9837 	EXP 	Display Frame 6
316.0170 	EXP 	Display Frame 7
316.0504 	EXP 	Display Frame 8
316.0837 	EXP 	Display Frame 9
316.1171 	EXP 	Display Frame 0
316.1504 	EXP 	Display Frame 1
316.1838 	EXP 	Display Frame 2
316.2171 	EXP 	Display Frame 3
316.2504 	EXP 	Display Frame 4
316.2837 	EXP 	Display Frame 5
316.3170 	EXP 	Display Frame 6
316.3504 	EXP 	Display Frame 7
316.3837 	EXP 	Display Frame 8
316.4171 	EXP 	Display Frame 9
316.4504 	EXP 	Display Frame 0
316.4837 	EXP 	Display Frame 1
316.5171 	EXP 	Display Frame 2
316.5504 	EXP 	Display Frame 3
316.5838 	EXP 	Display Frame 4
316.6170 	EXP 	Display Frame 5
316.6504 	EXP 	Display Frame 6
316.6837 	EXP 	Display Frame 7
316.7171 	EXP 	Display Frame 8
316.7504 	EXP 	Display Frame 9
316.7837 	EXP 	Display Frame 0
316.8171 	EXP 	Display Frame 1
316.8504 	EXP 	Display Frame 2
316.8837 	EXP 	Display Frame 3
316.9171 	EXP 	Display Frame 4
316.9504 	EXP 	Display Frame 5
316.9837 	EXP 	Display Frame 6
317.0171 	EXP 	Display Frame 7
317.0504 	EXP 	Display Frame 8
317.0837 	EXP 	Display Frame 9
317.1171 	EXP 	Display Frame 0
317.1504 	EXP 	Display Frame 1
317.1838 	EXP 	Display Frame 2
317.2170 	EXP 	Display Frame 3
317.2504 	EXP 	Display Frame 4
317.2837 	EXP 	Display Frame 5
317.3170 	EXP 	Display Frame 6
317.3504 	EXP 	Display Frame 7
317.3837 	EXP 	Display Frame 8
317.4171 	EXP 	Display Frame 9
317.4506 	EXP 	Display Frame 0
317.4837 	EXP 	Display Frame 1
317.5171 	EXP 	Display Frame 2
317.5504 	EXP 	Display Frame 3
317.5838 	EXP 	Display Frame 4
317.6170 	EXP 	Display Frame 5
317.6504 	EXP 	Display Frame 6
317.6840 	EXP 	Display Frame 7
317.7173 	EXP 	Display Frame 8
317.7504 	EXP 	Display Frame 9
317.7837 	EXP 	Display Frame 0
317.8171 	EXP 	Display Frame 1
317.8504 	EXP 	Display Frame 2
317.8837 	EXP 	Display Frame 3
317.9171 	EXP 	Display Frame 4
317.9504 	EXP 	Display Frame 5
317.9837 	EXP 	Display Frame 6
318.0171 	EXP 	Display Frame 7
318.0504 	EXP 	Display Frame 8
318.0837 	EXP 	Display Frame 9
318.1171 	EXP 	Display Frame 0
318.1504 	EXP 	Display Frame 1
318.1838 	EXP 	Display Frame 2
318.2170 	EXP 	Display Frame 3
318.2504 	EXP 	Display Frame 4
318.2837 	EXP 	Display Frame 5
318.3170 	EXP 	Display Frame 6
318.3504 	EXP 	Display Frame 7
318.3837 	EXP 	Display Frame 8
318.4171 	EXP 	Display Frame 9
318.4504 	EXP 	Display Frame 0
318.4837 	EXP 	Display Frame 1
318.5171 	EXP 	Display Frame 2
318.5504 	EXP 	Display Frame 3
318.5837 	EXP 	Display Frame 4
318.6171 	EXP 	Display Frame 5
318.6504 	EXP 	Display Frame 6
318.6837 	EXP 	Display Frame 7
318.7171 	EXP 	Display Frame 8
318.7504 	EXP 	Display Frame 9
318.7837 	EXP 	Display Frame 0
318.8171 	EXP 	Display Frame 1
318.8504 	EXP 	Display Frame 2
318.8837 	EXP 	Display Frame 3
318.9171 	EXP 	Display Frame 4
318.9506 	EXP 	Display Frame 5
318.9840 	EXP 	Display Frame 6
319.0171 	EXP 	Display Frame 7
319.0504 	EXP 	Display Frame 8
319.0837 	EXP 	Display Frame 9
319.1171 	EXP 	Display Frame 0
319.1504 	EXP 	Display Frame 1
319.1837 	EXP 	Display Frame 2
319.2170 	EXP 	Display Frame 3
319.2504 	EXP 	Display Frame 4
319.2837 	EXP 	Display Frame 5
319.3171 	EXP 	Display Frame 6
319.3504 	EXP 	Display Frame 7
319.3837 	EXP 	Display Frame 8
319.4171 	EXP 	Display Frame 9
319.4504 	EXP 	Display Frame 0
319.4837 	EXP 	Display Frame 1
319.5170 	EXP 	Display Frame 2
319.5504 	EXP 	Display Frame 3
319.5838 	EXP 	Display Frame 4
319.6171 	EXP 	Display Frame 5
319.6504 	EXP 	Display Frame 6
319.6837 	EXP 	Display Frame 7
319.7172 	DATA 	Keypress: equal
319.7182 	EXP 	Display Frame 8
319.7504 	EXP 	Display Frame 9
319.7837 	EXP 	Display Frame 0
319.8171 	EXP 	Display Frame 1
319.8504 	EXP 	Display Frame 2
319.8837 	EXP 	Display Frame 3
319.9171 	EXP 	Display Frame 4
319.9504 	EXP 	Display Frame 5
319.9837 	EXP 	Display Frame 6
320.0171 	EXP 	Display Frame 7
320.0504 	EXP 	Display Frame 8
320.0838 	EXP 	Display Frame 9
320.1170 	EXP 	Display Frame 0
320.1504 	EXP 	Display Frame 1
320.1838 	EXP 	Display Frame 2
320.2171 	EXP 	Display Frame 3
320.2504 	EXP 	Display Frame 4
320.2837 	EXP 	Display Frame 5
320.3170 	EXP 	Display Frame 6
320.3504 	EXP 	Display Frame 7
320.3838 	EXP 	Display Frame 8
320.4170 	EXP 	Display Frame 9
320.4504 	EXP 	Display Frame 0
320.4837 	EXP 	Display Frame 1
320.5171 	EXP 	Display Frame 2
320.5504 	EXP 	Display Frame 3
320.5837 	EXP 	Display Frame 4
320.6171 	EXP 	Display Frame 5
320.6504 	EXP 	Display Frame 6
320.6837 	EXP 	Display Frame 7
320.7171 	EXP 	Display Frame 8
320.7504 	EXP 	Display Frame 9
320.7837 	EXP 	Display Frame 0
320.8171 	EXP 	Display Frame 1
320.8504 	EXP 	Display Frame 2
320.8837 	EXP 	Display Frame 3
320.9171 	EXP 	Display Frame 4
320.9504 	EXP 	Display Frame 5
320.9837 	EXP 	Display Frame 6
321.0170 	EXP 	Display Frame 7
321.0504 	EXP 	Display Frame 8
321.0837 	EXP 	Display Frame 9
321.1171 	EXP 	Display Frame 0
321.1504 	EXP 	Display Frame 1
321.1838 	EXP 	Display Frame 2
321.2171 	EXP 	Display Frame 3
321.2504 	EXP 	Display Frame 4
321.2837 	EXP 	Display Frame 5
321.3170 	EXP 	Display Frame 6
321.3504 	EXP 	Display Frame 7
321.3837 	EXP 	Display Frame 8
321.4171 	EXP 	Display Frame 9
321.4504 	EXP 	Display Frame 0
321.4837 	EXP 	Display Frame 1
321.5171 	EXP 	Display Frame 2
321.5504 	EXP 	Display Frame 3
321.5837 	EXP 	Display Frame 4
321.6170 	EXP 	Display Frame 5
321.6504 	EXP 	Display Frame 6
321.6837 	EXP 	Display Frame 7
321.7171 	EXP 	Display Frame 8
321.7504 	EXP 	Display Frame 9
321.7837 	EXP 	Display Frame 0
321.8171 	EXP 	Display Frame 1
321.8504 	EXP 	Display Frame 2
321.8839 	EXP 	Display Frame 3
321.9171 	EXP 	Display Frame 4
321.9504 	EXP 	Display Frame 5
321.9837 	EXP 	Display Frame 6
322.0171 	EXP 	Display Frame 7
322.0504 	EXP 	Display Frame 8
322.0837 	EXP 	Display Frame 9
322.1170 	EXP 	Display Frame 0
322.1504 	EXP 	Display Frame 1
322.1838 	EXP 	Display Frame 2
322.2171 	EXP 	Display Frame 3
322.2504 	EXP 	Display Frame 4
322.2837 	EXP 	Display Frame 5
322.3171 	EXP 	Display Frame 6
322.3504 	EXP 	Display Frame 7
322.3838 	EXP 	Display Frame 8
322.4170 	EXP 	Display Frame 9
322.4504 	EXP 	Display Frame 0
322.4837 	EXP 	Display Frame 1
322.5170 	EXP 	Display Frame 2
322.5504 	EXP 	Display Frame 3
322.5837 	EXP 	Display Frame 4
322.6171 	EXP 	Display Frame 5
322.6504 	EXP 	Display Frame 6
322.6837 	EXP 	Display Frame 7
322.7170 	EXP 	Display Frame 8
322.7504 	EXP 	Display Frame 9
322.7838 	EXP 	Display Frame 0
322.8170 	EXP 	Display Frame 1
322.8504 	EXP 	Display Frame 2
322.8837 	EXP 	Display Frame 3
322.9171 	EXP 	Display Frame 4
322.9504 	EXP 	Display Frame 5
322.9837 	EXP 	Display Frame 6
323.0173 	EXP 	Display Frame 7
323.0504 	EXP 	Display Frame 8
323.0837 	EXP 	Display Frame 9
323.1170 	EXP 	Display Frame 0
323.1504 	EXP 	Display Frame 1
323.1838 	EXP 	Display Frame 2
323.2171 	EXP 	Display Frame 3
323.2504 	EXP 	Display Frame 4
323.2837 	EXP 	Display Frame 5
323.3171 	EXP 	Display Frame 6
323.3504 	EXP 	Display Frame 7
323.3837 	EXP 	Display Frame 8
323.4170 	EXP 	Display Frame 9
323.4504 	EXP 	Display Frame 0
323.4837 	EXP 	Display Frame 1
323.5170 	EXP 	Display Frame 2
323.5504 	EXP 	Display Frame 3
323.5837 	EXP 	Display Frame 4
323.6171 	EXP 	Display Frame 5
323.6504 	EXP 	Display Frame 6
323.6837 	EXP 	Display Frame 7
323.7171 	EXP 	Display Frame 8
323.7504 	EXP 	Display Frame 9
323.7840 	EXP 	Display Frame 0
323.8171 	EXP 	Display Frame 1
323.8504 	EXP 	Display Frame 2
323.8838 	EXP 	Display Frame 3
323.9171 	EXP 	Display Frame 4
323.9504 	EXP 	Display Frame 5
323.9838 	EXP 	Display Frame 6
324.0171 	EXP 	Display Frame 7
324.0504 	EXP 	Display Frame 8
324.0837 	EXP 	Display Frame 9
324.1170 	EXP 	Display Frame 0
324.1504 	EXP 	Display Frame 1
324.1837 	EXP 	Display Frame 2
324.2171 	EXP 	Display Frame 3
324.2504 	EXP 	Display Frame 4
324.2837 	EXP 	Display Frame 5
324.3170 	EXP 	Display Frame 6
324.3504 	EXP 	Display Frame 7
324.3837 	EXP 	Display Frame 8
324.4170 	EXP 	Display Frame 9
324.4504 	EXP 	Display Frame 0
324.4837 	EXP 	Display Frame 1
324.5171 	EXP 	Display Frame 2
324.5504 	EXP 	Display Frame 3
324.5837 	EXP 	Display Frame 4
324.6170 	EXP 	Display Frame 5
324.6504 	EXP 	Display Frame 6
324.6837 	EXP 	Display Frame 7
324.7171 	EXP 	Display Frame 8
324.7504 	EXP 	Display Frame 9
324.7837 	EXP 	Display Frame 0
324.8171 	EXP 	Display Frame 1
324.8504 	EXP 	Display Frame 2
324.8837 	EXP 	Display Frame 3
324.9172 	DATA 	Keypress: equal
324.9182 	EXP 	Display Frame 4
324.9503 	EXP 	Display Frame 5
324.9837 	EXP 	Display Frame 6
325.0170 	EXP 	Display Frame 7
325.0504 	EXP 	Display Frame 8
325.0837 	EXP 	Display Frame 9
325.1171 	EXP 	Display Frame 0
325.1504 	EXP 	Display Frame 1
325.1838 	EXP 	Display Frame 2
325.2171 	EXP 	Display Frame 3
325.2504 	EXP 	Display Frame 4
325.2837 	EXP 	Display Frame 5
325.3170 	EXP 	Display Frame 6
325.3504 	EXP 	Display Frame 7
325.3837 	EXP 	Display Frame 8
325.4171 	EXP 	Display Frame 9
325.4504 	EXP 	Display Frame 0
325.4837 	EXP 	Display Frame 1
325.5171 	EXP 	Display Frame 2
325.5504 	EXP 	Display Frame 3
325.5837 	EXP 	Display Frame 4
325.6170 	EXP 	Display Frame 5
325.6504 	EXP 	Display Frame 6
325.6837 	EXP 	Display Frame 7
325.7171 	EXP 	Display Frame 8
325.7504 	EXP 	Display Frame 9
325.7837 	EXP 	Display Frame 0
325.8171 	EXP 	Display Frame 1
325.8504 	EXP 	Display Frame 2
325.8837 	EXP 	Display Frame 3
325.9170 	EXP 	Display Frame 4
325.9504 	EXP 	Display Frame 5
325.9837 	EXP 	Display Frame 6
326.0171 	EXP 	Display Frame 7
326.0504 	EXP 	Display Frame 8
326.0837 	EXP 	Display Frame 9
326.1170 	EXP 	Display Frame 0
326.1504 	EXP 	Display Frame 1
326.1847 	EXP 	Display Frame 2
326.2170 	EXP 	Display Frame 3
326.2504 	EXP 	Display Frame 4
326.2837 	EXP 	Display Frame 5
326.3171 	EXP 	Display Frame 6
326.3504 	EXP 	Display Frame 7
326.3837 	EXP 	Display Frame 8
326.4171 	EXP 	Display Frame 9
326.4504 	EXP 	Display Frame 0
326.4837 	EXP 	Display Frame 1
326.5171 	EXP 	Display Frame 2
326.5504 	EXP 	Display Frame 3
326.5837 	EXP 	Display Frame 4
326.6180 	EXP 	Display Frame 5
326.6503 	EXP 	Display Frame 6
326.6837 	EXP 	Display Frame 7
326.7171 	EXP 	Display Frame 8
326.7504 	EXP 	Display Frame 9
326.7837 	EXP 	Display Frame 0
326.8171 	EXP 	Display Frame 1
326.8504 	EXP 	Display Frame 2
326.8837 	EXP 	Display Frame 3
326.9171 	EXP 	Display Frame 4
326.9504 	EXP 	Display Frame 5
326.9837 	EXP 	Display Frame 6
327.0171 	EXP 	Display Frame 7
327.0504 	EXP 	Display Frame 8
327.0837 	EXP 	Display Frame 9
327.1170 	EXP 	Display Frame 0
327.1504 	EXP 	Display Frame 1
327.1838 	EXP 	Display Frame 2
327.2171 	EXP 	Display Frame 3
327.2504 	EXP 	Display Frame 4
327.2837 	EXP 	Display Frame 5
327.3170 	EXP 	Display Frame 6
327.3504 	EXP 	Display Frame 7
327.3837 	EXP 	Display Frame 8
327.4171 	EXP 	Display Frame 9
327.4504 	EXP 	Display Frame 0
327.4837 	EXP 	Display Frame 1
327.5171 	EXP 	Display Frame 2
327.5504 	EXP 	Display Frame 3
327.5837 	EXP 	Display Frame 4
327.6170 	EXP 	Display Frame 5
327.6504 	EXP 	Display Frame 6
327.6837 	EXP 	Display Frame 7
327.7170 	EXP 	Display Frame 8
327.7504 	EXP 	Display Frame 9
327.7837 	EXP 	Display Frame 0
327.8171 	EXP 	Display Frame 1
327.8504 	EXP 	Display Frame 2
327.8837 	EXP 	Display Frame 3
327.9171 	EXP 	Display Frame 4
327.9504 	EXP 	Display Frame 5
327.9837 	EXP 	Display Frame 6
328.0170 	EXP 	Display Frame 7
328.0504 	EXP 	Display Frame 8
328.0837 	EXP 	Display Frame 9
328.1171 	EXP 	Display Frame 0
328.1504 	EXP 	Display Frame 1
328.1838 	EXP 	Display Frame 2
328.2170 	EXP 	Display Frame 3
328.2504 	EXP 	Display Frame 4
328.2837 	EXP 	Display Frame 5
328.3171 	EXP 	Display Frame 6
328.3507 	EXP 	Display Frame 7
328.3837 	EXP 	Display Frame 8
328.4171 	EXP 	Display Frame 9
328.4504 	EXP 	Display Frame 0
328.4837 	EXP 	Display Frame 1
328.5171 	EXP 	Display Frame 2
328.5504 	EXP 	Display Frame 3
328.5837 	EXP 	Display Frame 4
328.6170 	EXP 	Display Frame 5
328.6504 	EXP 	Display Frame 6
328.6837 	EXP 	Display Frame 7
328.7171 	EXP 	Display Frame 8
328.7504 	EXP 	Display Frame 9
328.7837 	EXP 	Display Frame 0
328.8171 	EXP 	Display Frame 1
328.8504 	EXP 	Display Frame 2
328.8837 	EXP 	Display Frame 3
328.9170 	EXP 	Display Frame 4
328.9504 	EXP 	Display Frame 5
328.9837 	EXP 	Display Frame 6
329.0170 	EXP 	Display Frame 7
329.0504 	EXP 	Display Frame 8
329.0837 	EXP 	Display Frame 9
329.1171 	EXP 	Display Frame 0
329.1504 	EXP 	Display Frame 1
329.1838 	EXP 	Display Frame 2
329.2170 	EXP 	Display Frame 3
329.2504 	EXP 	Display Frame 4
329.2837 	EXP 	Display Frame 5
329.3171 	EXP 	Display Frame 6
329.3504 	EXP 	Display Frame 7
329.3837 	EXP 	Display Frame 8
329.4171 	EXP 	Display Frame 9
329.4504 	EXP 	Display Frame 0
329.4837 	EXP 	Display Frame 1
329.5171 	EXP 	Display Frame 2
329.5504 	EXP 	Display Frame 3
329.5837 	EXP 	Display Frame 4
329.6171 	EXP 	Display Frame 5
329.6504 	EXP 	Display Frame 6
329.6837 	EXP 	Display Frame 7
329.7171 	EXP 	Display Frame 8
329.7504 	EXP 	Display Frame 9
329.7837 	EXP 	Display Frame 0
329.8170 	EXP 	Display Frame 1
329.8504 	EXP 	Display Frame 2
329.8837 	EXP 	Display Frame 3
329.9171 	EXP 	Display Frame 4
329.9505 	EXP 	Display Frame 5
329.9837 	EXP 	Display Frame 6
330.0171 	EXP 	Display Frame 7
330.0504 	EXP 	Display Frame 8
330.0838 	EXP 	Display Frame 9
330.0846 	DATA 	Keypress: equal
330.1174 	EXP 	Display Frame 0
330.1507 	EXP 	Display Frame 1
330.1838 	EXP 	Display Frame 2
330.2171 	EXP 	Display Frame 3
330.2504 	EXP 	Display Frame 4
330.2837 	EXP 	Display Frame 5
330.3171 	EXP 	Display Frame 6
330.3504 	EXP 	Display Frame 7
330.3837 	EXP 	Display Frame 8
330.4171 	EXP 	Display Frame 9
330.4504 	EXP 	Display Frame 0
330.4837 	EXP 	Display Frame 1
330.5171 	EXP 	Display Frame 2
330.5504 	EXP 	Display Frame 3
330.5837 	EXP 	Display Frame 4
330.6171 	EXP 	Display Frame 5
330.6504 	EXP 	Display Frame 6
330.6837 	EXP 	Display Frame 7
330.7171 	EXP 	Display Frame 8
330.7504 	EXP 	Display Frame 9
330.7837 	EXP 	Display Frame 0
330.8243 	EXP 	Display Frame 1
330.8503 	EXP 	Display Frame 2
330.8838 	EXP 	Display Frame 3
330.9171 	EXP 	Display Frame 4
330.9504 	EXP 	Display Frame 5
330.9837 	EXP 	Display Frame 6
331.0170 	EXP 	Display Frame 7
331.0504 	EXP 	Display Frame 8
331.0837 	EXP 	Display Frame 9
331.1170 	EXP 	Display Frame 0
331.1504 	EXP 	Display Frame 1
331.1837 	EXP 	Display Frame 2
331.2171 	EXP 	Display Frame 3
331.2504 	EXP 	Display Frame 4
331.2837 	EXP 	Display Frame 5
331.3171 	EXP 	Display Frame 6
331.3504 	EXP 	Display Frame 7
331.3838 	EXP 	Display Frame 8
331.4170 	EXP 	Display Frame 9
331.4504 	EXP 	Display Frame 0
331.4837 	EXP 	Display Frame 1
331.5171 	EXP 	Display Frame 2
331.5504 	EXP 	Display Frame 3
331.5837 	EXP 	Display Frame 4
331.6171 	EXP 	Display Frame 5
331.6504 	EXP 	Display Frame 6
331.6837 	EXP 	Display Frame 7
331.7170 	EXP 	Display Frame 8
331.7504 	EXP 	Display Frame 9
331.7837 	EXP 	Display Frame 0
331.8171 	EXP 	Display Frame 1
331.8504 	EXP 	Display Frame 2
331.8837 	EXP 	Display Frame 3
331.9171 	EXP 	Display Frame 4
331.9504 	EXP 	Display Frame 5
331.9837 	EXP 	Display Frame 6
332.0170 	EXP 	Display Frame 7
332.0504 	EXP 	Display Frame 8
332.0837 	EXP 	Display Frame 9
332.1171 	EXP 	Display Frame 0
332.1504 	EXP 	Display Frame 1
332.1838 	EXP 	Display Frame 2
332.2170 	EXP 	Display Frame 3
332.2504 	EXP 	Display Frame 4
332.2837 	EXP 	Display Frame 5
332.3170 	EXP 	Display Frame 6
332.3504 	EXP 	Display Frame 7
332.3837 	EXP 	Display Frame 8
332.4171 	EXP 	Display Frame 9
332.4504 	EXP 	Display Frame 0
332.4837 	EXP 	Display Frame 1
332.5170 	EXP 	Display Frame 2
332.5515 	EXP 	Display Frame 3
332.5837 	EXP 	Display Frame 4
332.6171 	EXP 	Display Frame 5
332.6504 	EXP 	Display Frame 6
332.6837 	EXP 	Display Frame 7
332.7171 	EXP 	Display Frame 8
332.7504 	EXP 	Display Frame 9
332.7837 	EXP 	Display Frame 0
332.8170 	EXP 	Display Frame 1
332.8504 	EXP 	Display Frame 2
332.8837 	EXP 	Display Frame 3
332.9171 	EXP 	Display Frame 4
332.9504 	EXP 	Display Frame 5
332.9837 	EXP 	Display Frame 6
333.0171 	EXP 	Display Frame 7
333.0504 	EXP 	Display Frame 8
333.0837 	EXP 	Display Frame 9
333.1170 	EXP 	Display Frame 0
333.1504 	EXP 	Display Frame 1
333.1837 	EXP 	Display Frame 2
333.2171 	EXP 	Display Frame 3
333.2504 	EXP 	Display Frame 4
333.2837 	EXP 	Display Frame 5
333.3171 	EXP 	Display Frame 6
333.3504 	EXP 	Display Frame 7
333.3838 	EXP 	Display Frame 8
333.4170 	EXP 	Display Frame 9
333.4504 	EXP 	Display Frame 0
333.4837 	EXP 	Display Frame 1
333.5171 	EXP 	Display Frame 2
333.5504 	EXP 	Display Frame 3
333.5837 	EXP 	Display Frame 4
333.6171 	EXP 	Display Frame 5
333.6504 	EXP 	Display Frame 6
333.6839 	EXP 	Display Frame 7
333.7171 	EXP 	Display Frame 8
333.7504 	EXP 	Display Frame 9
333.7837 	EXP 	Display Frame 0
333.8171 	EXP 	Display Frame 1
333.8504 	EXP 	Display Frame 2
333.8837 	EXP 	Display Frame 3
333.9171 	EXP 	Display Frame 4
333.9504 	EXP 	Display Frame 5
333.9837 	EXP 	Display Frame 6
334.0171 	EXP 	Display Frame 7
334.0504 	EXP 	Display Frame 8
334.0837 	EXP 	Display Frame 9
334.1171 	EXP 	Display Frame 0
334.1504 	EXP 	Display Frame 1
334.1837 	EXP 	Display Frame 2
334.2171 	EXP 	Display Frame 3
334.2504 	EXP 	Display Frame 4
334.2837 	EXP 	Display Frame 5
334.3171 	EXP 	Display Frame 6
334.3504 	EXP 	Display Frame 7
334.3837 	EXP 	Display Frame 8
334.4170 	EXP 	Display Frame 9
334.4504 	EXP 	Display Frame 0
334.4837 	EXP 	Display Frame 1
334.5171 	EXP 	Display Frame 2
334.5504 	EXP 	Display Frame 3
334.5837 	EXP 	Display Frame 4
334.6170 	EXP 	Display Frame 5
334.6504 	EXP 	Display Frame 6
334.6837 	EXP 	Display Frame 7
334.7171 	EXP 	Display Frame 8
334.7504 	EXP 	Display Frame 9
334.7837 	EXP 	Display Frame 0
334.8171 	EXP 	Display Frame 1
334.8504 	EXP 	Display Frame 2
334.8837 	EXP 	Display Frame 3
334.9171 	EXP 	Display Frame 4
334.9504 	EXP 	Display Frame 5
334.9838 	EXP 	Display Frame 6
335.0171 	EXP 	Display Frame 7
335.0504 	EXP 	Display Frame 8
335.0837 	EXP 	Display Frame 9
335.1171 	EXP 	Display Frame 0
335.1504 	EXP 	Display Frame 1
335.1837 	EXP 	Display Frame 2
335.2171 	EXP 	Display Frame 3
335.2504 	EXP 	Display Frame 4
335.2839 	DATA 	Keypress: equal
335.2849 	EXP 	Display Frame 5
335.3014 	EXP 	Display Fixation
340.4715 	DATA 	Keypress: equal
345.6645 	DATA 	Keypress: equal
350.8583 	DATA 	Keypress: equal
356.0513 	DATA 	Keypress: equal
361.2456 	DATA 	Keypress: equal
366.4396 	DATA 	Keypress: equal
366.4741 	EXP 	Display Frame 1
366.5072 	EXP 	Display Frame 2
366.5406 	EXP 	Display Frame 3
366.5739 	EXP 	Display Frame 4
366.6072 	EXP 	Display Frame 5
366.6406 	EXP 	Display Frame 6
366.6739 	EXP 	Display Frame 7
366.7072 	EXP 	Display Frame 8
366.7405 	EXP 	Display Frame 9
366.7739 	EXP 	Display Frame 0
366.8072 	EXP 	Display Frame 1
366.8405 	EXP 	Display Frame 2
366.8739 	EXP 	Display Frame 3
366.9072 	EXP 	Display Frame 4
366.9405 	EXP 	Display Frame 5
366.9738 	EXP 	Display Frame 6
367.0072 	EXP 	Display Frame 7
367.0405 	EXP 	Display Frame 8
367.0739 	EXP 	Display Frame 9
367.1072 	EXP 	Display Frame 0
367.1405 	EXP 	Display Frame 1
367.1738 	EXP 	Display Frame 2
367.2072 	EXP 	Display Frame 3
367.2405 	EXP 	Display Frame 4
367.2739 	EXP 	Display Frame 5
367.3072 	EXP 	Display Frame 6
367.3405 	EXP 	Display Frame 7
367.3739 	EXP 	Display Frame 8
367.4072 	EXP 	Display Frame 9
367.4405 	EXP 	Display Frame 0
367.4738 	EXP 	Display Frame 1
367.5072 	EXP 	Display Frame 2
367.5405 	EXP 	Display Frame 3
367.5739 	EXP 	Display Frame 4
367.6072 	EXP 	Display Frame 5
367.6405 	EXP 	Display Frame 6
367.6738 	EXP 	Display Frame 7
367.7072 	EXP 	Display Frame 8
367.7405 	EXP 	Display Frame 9
367.7738 	EXP 	Display Frame 0
367.8072 	EXP 	Display Frame 1
367.8405 	EXP 	Display Frame 2
367.8739 	EXP 	Display Frame 3
367.9072 	EXP 	Display Frame 4
367.9405 	EXP 	Display Frame 5
367.9738 	EXP 	Display Frame 6
368.0072 	EXP 	Display Frame 7
368.0405 	EXP 	Display Frame 8
368.0738 	EXP 	Display Frame 9
368.1072 	EXP 	Display Frame 0
368.1405 	EXP 	Display Frame 1
368.1739 	EXP 	Display Frame 2
368.2074 	EXP 	Display Frame 3
368.2405 	EXP 	Display Frame 4
368.2739 	EXP 	Display Frame 5
368.3072 	EXP 	Display Frame 6
368.3405 	EXP 	Display Frame 7
368.3739 	EXP 	Display Frame 8
368.4072 	EXP 	Display Frame 9
368.4405 	EXP 	Display Frame 0
368.4739 	EXP 	Display Frame 1
368.5072 	EXP 	Display Frame 2
368.5405 	EXP 	Display Frame 3
368.5738 	EXP 	Display Frame 4
368.6072 	EXP 	Display Frame 5
368.6405 	EXP 	Display Frame 6
368.6739 	EXP 	Display Frame 7
368.7072 	EXP 	Display Frame 8
368.7405 	EXP 	Display Frame 9
368.7738 	EXP 	Display Frame 0
368.8072 	EXP 	Display Frame 1
368.8405 	EXP 	Display Frame 2
368.8738 	EXP 	Display Frame 3
368.9072 	EXP 	Display Frame 4
368.9405 	EXP 	Display Frame 5
368.9739 	EXP 	Display Frame 6
369.0072 	EXP 	Display Frame 7
369.0405 	EXP 	Display Frame 8
369.0739 	EXP 	Display Frame 9
369.1072 	EXP 	Display Frame 0
369.1405 	EXP 	Display Frame 1
369.1738 	EXP 	Display Frame 2
369.2072 	EXP 	Display Frame 3
369.2405 	EXP 	Display Frame 4
369.2739 	EXP 	Display Frame 5
369.3072 	EXP 	Display Frame 6
369.3405 	EXP 	Display Frame 7
369.3739 	EXP 	Display Frame 8
369.4072 	EXP 	Display Frame 9
369.4405 	EXP 	Display Frame 0
369.4738 	EXP 	Display Frame 1
369.5072 	EXP 	Display Frame 2
369.5405 	EXP 	Display Frame 3
369.5738 	EXP 	Display Frame 4
369.6072 	EXP 	Display Frame 5
369.6405 	EXP 	Display Frame 6
369.6738 	EXP 	Display Frame 7
369.7072 	EXP 	Display Frame 8
369.7405 	EXP 	Display Frame 9
369.7738 	EXP 	Display Frame 0
369.8072 	EXP 	Display Frame 1
369.8405 	EXP 	Display Frame 2
369.8739 	EXP 	Display Frame 3
369.9072 	EXP 	Display Frame 4
369.9405 	EXP 	Display Frame 5
369.9739 	EXP 	Display Frame 6
370.0072 	EXP 	Display Frame 7
370.0405 	EXP 	Display Frame 8
370.0738 	EXP 	Display Frame 9
370.1072 	EXP 	Display Frame 0
370.1405 	EXP 	Display Frame 1
370.1738 	EXP 	Display Frame 2
370.2072 	EXP 	Display Frame 3
370.2405 	EXP 	Display Frame 4
370.2738 	EXP 	Display Frame 5
370.3071 	EXP 	Display Frame 6
370.3405 	EXP 	Display Frame 7
370.3739 	EXP 	Display Frame 8
370.4072 	EXP 	Display Frame 9
370.4405 	EXP 	Display Frame 0
370.4738 	EXP 	Display Frame 1
370.5072 	EXP 	Display Frame 2
370.5405 	EXP 	Display Frame 3
370.5738 	EXP 	Display Frame 4
370.6071 	EXP 	Display Frame 5
370.6405 	EXP 	Display Frame 6
370.6738 	EXP 	Display Frame 7
370.7072 	EXP 	Display Frame 8
370.7405 	EXP 	Display Frame 9
370.7739 	EXP 	Display Frame 0
370.8072 	EXP 	Display Frame 1
370.8405 	EXP 	Display Frame 2
370.8739 	EXP 	Display Frame 3
370.9072 	EXP 	Display Frame 4
370.9405 	EXP 	Display Frame 5
370.9739 	EXP 	Display Frame 6
371.0072 	EXP 	Display Frame 7
371.0405 	EXP 	Display Frame 8
371.0738 	EXP 	Display Frame 9
371.1072 	EXP 	Display Frame 0
371.1405 	EXP 	Display Frame 1
371.1739 	EXP 	Display Frame 2
371.2072 	EXP 	Display Frame 3
371.2405 	EXP 	Display Frame 4
371.2738 	EXP 	Display Frame 5
371.3072 	EXP 	Display Frame 6
371.3405 	EXP 	Display Frame 7
371.3739 	EXP 	Display Frame 8
371.4072 	EXP 	Display Frame 9
371.4405 	EXP 	Display Frame 0
371.4739 	EXP 	Display Frame 1
371.5072 	EXP 	Display Frame 2
371.5405 	EXP 	Display Frame 3
371.5738 	EXP 	Display Frame 4
371.6072 	EXP 	Display Frame 5
371.6406 	DATA 	Keypress: equal
371.6417 	EXP 	Display Frame 6
371.6739 	EXP 	Display Frame 7
371.7072 	EXP 	Display Frame 8
371.7405 	EXP 	Display Frame 9
371.7738 	EXP 	Display Frame 0
371.8071 	EXP 	Display Frame 1
371.8405 	EXP 	Display Frame 2
371.8738 	EXP 	Display Frame 3
371.9072 	EXP 	Display Frame 4
371.9405 	EXP 	Display Frame 5
371.9738 	EXP 	Display Frame 6
372.0072 	EXP 	Display Frame 7
372.0405 	EXP 	Display Frame 8
372.0738 	EXP 	Display Frame 9
372.1072 	EXP 	Display Frame 0
372.1405 	EXP 	Display Frame 1
372.1738 	EXP 	Display Frame 2
372.2072 	EXP 	Display Frame 3
372.2405 	EXP 	Display Frame 4
372.2738 	EXP 	Display Frame 5
372.3072 	EXP 	Display Frame 6
372.3405 	EXP 	Display Frame 7
372.3739 	EXP 	Display Frame 8
372.4072 	EXP 	Display Frame 9
372.4405 	EXP 	Display Frame 0
372.4738 	EXP 	Display Frame 1
372.5072 	EXP 	Display Frame 2
372.5405 	EXP 	Display Frame 3
372.5738 	EXP 	Display Frame 4
372.6072 	EXP 	Display Frame 5
372.6405 	EXP 	Display Frame 6
372.6738 	EXP 	Display Frame 7
372.7072 	EXP 	Display Frame 8
372.7405 	EXP 	Display Frame 9
372.7738 	EXP 	Display Frame 0
372.8072 	EXP 	Display Frame 1
372.8405 	EXP 	Display Frame 2
372.8738 	EXP 	Display Frame 3
372.9072 	EXP 	Display Frame 4
372.9405 	EXP 	Display Frame 5
372.9739 	EXP 	Display Frame 6
373.0072 	EXP 	Display Frame 7
373.0405 	EXP 	Display Frame 8
373.0738 	EXP 	Display Frame 9
373.1072 	EXP 	Display Frame 0
373.1405 	EXP 	Display Frame 1
373.1738 	EXP 	Display Frame 2
373.2072 	EXP 	Display Frame 3
373.2405 	EXP 	Display Frame 4
373.2738 	EXP 	Display Frame 5
373.3072 	EXP 	Display Frame 6
373.3405 	EXP 	Display Frame 7
373.3739 	EXP 	Display Frame 8
373.4072 	EXP 	Display Frame 9
373.4405 	EXP 	Display Frame 0
373.4739 	EXP 	Display Frame 1
373.5072 	EXP 	Display Frame 2
373.5405 	EXP 	Display Frame 3
373.5738 	EXP 	Display Frame 4
373.6072 	EXP 	Display Frame 5
373.6405 	EXP 	Display Frame 6
373.6738 	EXP 	Display Frame 7
373.7072 	EXP 	Display Frame 8
373.7405 	EXP 	Display Frame 9
373.7738 	EXP 	Display Frame 0
373.8072 	EXP 	Display Frame 1
373.8405 	EXP 	Display Frame 2
373.8739 	EXP 	Display Frame 3
373.9072 	EXP 	Display Frame 4
373.9405 	EXP 	Display Frame 5
373.9738 	EXP 	Display Frame 6
374.0072 	EXP 	Display Frame 7
374.0405 	EXP 	Display Frame 8
374.0738 	EXP 	Display Frame 9
374.1072 	EXP 	Display Frame 0
374.1405 	EXP 	Display Frame 1
374.1739 	EXP 	Display Frame 2
374.2072 	EXP 	Display Frame 3
374.2405 	EXP 	Display Frame 4
374.2738 	EXP 	Display Frame 5
374.3072 	EXP 	Display Frame 6
374.3405 	EXP 	Display Frame 7
374.3738 	EXP 	Display Frame 8
374.4072 	EXP 	Display Frame 9
374.4405 	EXP 	Display Frame 0
374.4739 	EXP 	Display Frame 1
374.5072 	EXP 	Display Frame 2
374.5405 	EXP 	Display Frame 3
374.5741 	EXP 	Display Frame 4
374.6072 	EXP 	Display Frame 5
374.6405 	EXP 	Display Frame 6
374.6739 	EXP 	Display Frame 7
374.7072 	EXP 	Display Frame 8
374.7405 	EXP 	Display Frame 9
374.7738 	EXP 	Display Frame 0
374.8072 	EXP 	Display Frame 1
374.8405 	EXP 	Display Frame 2
374.8739 	EXP 	Display Frame 3
374.9072 	EXP 	Display Frame 4
374.9405 	EXP 	Display Frame 5
374.9738 	EXP 	Display Frame 6
375.0072 	EXP 	Display Frame 7
375.0405 	EXP 	Display Frame 8
375.0738 	EXP 	Display Frame 9
375.1072 	EXP 	Display Frame 0
375.1405 	EXP 	Display Frame 1
375.1739 	EXP 	Display Frame 2
375.2072 	EXP 	Display Frame 3
375.2405 	EXP 	Display Frame 4
375.2738 	EXP 	Display Frame 5
375.3072 	EXP 	Display Frame 6
375.3405 	EXP 	Display Frame 7
375.3738 	EXP 	Display Frame 8
375.4072 	EXP 	Display Frame 9
375.4405 	EXP 	Display Frame 0
375.4739 	EXP 	Display Frame 1
375.5072 	EXP 	Display Frame 2
375.5405 	EXP 	Display Frame 3
375.5738 	EXP 	Display Frame 4
375.6072 	EXP 	Display Frame 5
375.6405 	EXP 	Display Frame 6
375.6738 	EXP 	Display Frame 7
375.7072 	EXP 	Display Frame 8
375.7405 	EXP 	Display Frame 9
375.7738 	EXP 	Display Frame 0
375.8072 	EXP 	Display Frame 1
375.8405 	EXP 	Display Frame 2
375.8738 	EXP 	Display Frame 3
375.9072 	EXP 	Display Frame 4
375.9405 	EXP 	Display Frame 5
375.9738 	EXP 	Display Frame 6
376.0072 	EXP 	Display Frame 7
376.0405 	EXP 	Display Frame 8
376.0738 	EXP 	Display Frame 9
376.1072 	EXP 	Display Frame 0
376.1405 	EXP 	Display Frame 1
376.1738 	EXP 	Display Frame 2
376.2072 	EXP 	Display Frame 3
376.2405 	EXP 	Display Frame 4
376.2738 	EXP 	Display Frame 5
376.3073 	EXP 	Display Frame 6
376.3405 	EXP 	Display Frame 7
376.3739 	EXP 	Display Frame 8
376.4072 	EXP 	Display Frame 9
376.4405 	EXP 	Display Frame 0
376.4738 	EXP 	Display Frame 1
376.5072 	EXP 	Display Frame 2
376.5405 	EXP 	Display Frame 3
376.5738 	EXP 	Display Frame 4
376.6072 	EXP 	Display Frame 5
376.6405 	EXP 	Display Frame 6
376.6739 	EXP 	Display Frame 7
376.7072 	EXP 	Display Frame 8
376.7405 	EXP 	Display Frame 9
376.7738 	EXP 	Display Frame 0
376.8072 	EXP 	Display Frame 1
376.8406 	DATA 	Keypress: equal
376.8417 	EXP 	Display Frame 2
376.8738 	EXP 	Display Frame 3
376.9072 	EXP 	Display Frame 4
376.9405 	EXP 	Display Frame 5
376.9738 	EXP 	Display Frame 6
377.0072 	EXP 	Display Frame 7
377.0405 	EXP 	Display Frame 8
377.0739 	EXP 	Display Frame 9
377.1072 	EXP 	Display Frame 0
377.1405 	EXP 	Display Frame 1
377.1738 	EXP 	Display Frame 2
377.2072 	EXP 	Display Frame 3
377.2405 	EXP 	Display Frame 4
377.2738 	EXP 	Display Frame 5
377.3072 	EXP 	Display Frame 6
377.3405 	EXP 	Display Frame 7
377.3739 	EXP 	Display Frame 8
377.4072 	EXP 	Display Frame 9
377.4405 	EXP 	Display Frame 0
377.4738 	EXP 	Display Frame 1
377.5072 	EXP 	Display Frame 2
377.5405 	EXP 	Display Frame 3
377.5738 	EXP 	Display Frame 4
377.6072 	EXP 	Display Frame 5
377.6405 	EXP 	Display Frame 6
377.6739 	EXP 	Display Frame 7
377.7072 	EXP 	Display Frame 8
377.7405 	EXP 	Display Frame 9
377.7738 	EXP 	Display Frame 0
377.8072 	EXP 	Display Frame 1
377.8405 	EXP 	Display Frame 2
377.8738 	EXP 	Display Frame 3
377.9072 	EXP 	Display Frame 4
377.9405 	EXP 	Display Frame 5
377.9739 	EXP 	Display Frame 6
378.0072 	EXP 	Display Frame 7
378.0405 	EXP 	Display Frame 8
378.0738 	EXP 	Display Frame 9
378.1072 	EXP 	Display Frame 0
378.1405 	EXP 	Display Frame 1
378.1738 	EXP 	Display Frame 2
378.2072 	EXP 	Display Frame 3
378.2405 	EXP 	Display Frame 4
378.2739 	EXP 	Display Frame 5
378.3072 	EXP 	Display Frame 6
378.3405 	EXP 	Display Frame 7
378.3738 	EXP 	Display Frame 8
378.4072 	EXP 	Display Frame 9
378.4405 	EXP 	Display Frame 0
378.4738 	EXP 	Display Frame 1
378.5072 	EXP 	Display Frame 2
378.5405 	EXP 	Display Frame 3
378.5738 	EXP 	Display Frame 4
378.6072 	EXP 	Display Frame 5
378.6405 	EXP 	Display Frame 6
378.6738 	EXP 	Display Frame 7
378.7072 	EXP 	Display Frame 8
378.7405 	EXP 	Display Frame 9
378.7738 	EXP 	Display Frame 0
378.8072 	EXP 	Display Frame 1
378.8405 	EXP 	Display Frame 2
378.8737 	EXP 	Display Frame 3
378.9072 	EXP 	Display Frame 4
378.9405 	EXP 	Display Frame 5
378.9738 	EXP 	Display Frame 6
379.0072 	EXP 	Display Frame 7
379.0406 	EXP 	Display Frame 8
379.0741 	EXP 	Display Frame 9
379.1072 	EXP 	Display Frame 0
379.1405 	EXP 	Display Frame 1
379.1738 	EXP 	Display Frame 2
379.2072 	EXP 	Display Frame 3
379.2405 	EXP 	Display Frame 4
379.2739 	EXP 	Display Frame 5
379.3072 	EXP 	Display Frame 6
379.3405 	EXP 	Display Frame 7
379.3738 	EXP 	Display Frame 8
379.4072 	EXP 	Display Frame 9
379.4405 	EXP 	Display Frame 0
379.4738 	EXP 	Display Frame 1
379.5072 	EXP 	Display Frame 2
379.5405 	EXP 	Display Frame 3
379.5739 	EXP 	Display Frame 4
379.6072 	EXP 	Display Frame 5
379.6405 	EXP 	Display Frame 6
379.6738 	EXP 	Display Frame 7
379.7072 	EXP 	Display Frame 8
379.7405 	EXP 	Display Frame 9
379.7738 	EXP 	Display Frame 0
379.8072 	EXP 	Display Frame 1
379.8405 	EXP 	Display Frame 2
379.8739 	EXP 	Display Frame 3
379.9072 	EXP 	Display Frame 4
379.9405 	EXP 	Display Frame 5
379.9738 	EXP 	Display Frame 6
380.0071 	EXP 	Display Frame 7
380.0405 	EXP 	Display Frame 8
380.0738 	EXP 	Display Frame 9
380.1072 	EXP 	Display Frame 0
380.1405 	EXP 	Display Frame 1
380.1739 	EXP 	Display Frame 2
380.2072 	EXP 	Display Frame 3
380.2405 	EXP 	Display Frame 4
380.2738 	EXP 	Display Frame 5
380.3072 	EXP 	Display Frame 6
380.3405 	EXP 	Display Frame 7
380.3738 	EXP 	Display Frame 8
380.4072 	EXP 	Display Frame 9
380.4405 	EXP 	Display Frame 0
380.4739 	EXP 	Display Frame 1
380.5072 	EXP 	Display Frame 2
380.5405 	EXP 	Display Frame 3
380.5739 	EXP 	Display Frame 4
380.6072 	EXP 	Display Frame 5
380.6405 	EXP 	Display Frame 6
380.6738 	EXP 	Display Frame 7
380.7072 	EXP 	Display Frame 8
380.7405 	EXP 	Display Frame 9
380.7739 	EXP 	Display Frame 0
380.8072 	EXP 	Display Frame 1
380.8405 	EXP 	Display Frame 2
380.8738 	EXP 	Display Frame 3
380.9074 	EXP 	Display Frame 4
380.9405 	EXP 	Display Frame 5
380.9739 	EXP 	Display Frame 6
381.0072 	EXP 	Display Frame 7
381.0405 	EXP 	Display Frame 8
381.0739 	EXP 	Display Frame 9
381.1072 	EXP 	Display Frame 0
381.1405 	EXP 	Display Frame 1
381.1738 	EXP 	Display Frame 2
381.2072 	EXP 	Display Frame 3
381.2405 	EXP 	Display Frame 4
381.2738 	EXP 	Display Frame 5
381.3072 	EXP 	Display Frame 6
381.3405 	EXP 	Display Frame 7
381.3738 	EXP 	Display Frame 8
381.4072 	EXP 	Display Frame 9
381.4405 	EXP 	Display Frame 0
381.4739 	EXP 	Display Frame 1
381.5072 	EXP 	Display Frame 2
381.5405 	EXP 	Display Frame 3
381.5738 	EXP 	Display Frame 4
381.6072 	EXP 	Display Frame 5
381.6407 	EXP 	Display Frame 6
381.6738 	EXP 	Display Frame 7
381.7072 	EXP 	Display Frame 8
381.7405 	EXP 	Display Frame 9
381.7739 	EXP 	Display Frame 0
381.8072 	EXP 	Display Frame 1
381.8405 	EXP 	Display Frame 2
381.8739 	EXP 	Display Frame 3
381.9073 	EXP 	Display Frame 4
381.9407 	EXP 	Display Frame 5
381.9739 	EXP 	Display Frame 6
382.0072 	EXP 	Display Frame 7
382.0406 	DATA 	Keypress: equal
382.0416 	EXP 	Display Frame 8
382.0738 	EXP 	Display Frame 9
382.1072 	EXP 	Display Frame 0
382.1405 	EXP 	Display Frame 1
382.1738 	EXP 	Display Frame 2
382.2072 	EXP 	Display Frame 3
382.2405 	EXP 	Display Frame 4
382.2738 	EXP 	Display Frame 5
382.3072 	EXP 	Display Frame 6
382.3405 	EXP 	Display Frame 7
382.3739 	EXP 	Display Frame 8
382.4072 	EXP 	Display Frame 9
382.4405 	EXP 	Display Frame 0
382.4739 	EXP 	Display Frame 1
382.5072 	EXP 	Display Frame 2
382.5405 	EXP 	Display Frame 3
382.5738 	EXP 	Display Frame 4
382.6072 	EXP 	Display Frame 5
382.6405 	EXP 	Display Frame 6
382.6738 	EXP 	Display Frame 7
382.7072 	EXP 	Display Frame 8
382.7405 	EXP 	Display Frame 9
382.7739 	EXP 	Display Frame 0
382.8071 	EXP 	Display Frame 1
382.8405 	EXP 	Display Frame 2
382.8739 	EXP 	Display Frame 3
382.9072 	EXP 	Display Frame 4
382.9405 	EXP 	Display Frame 5
382.9738 	EXP 	Display Frame 6
383.0072 	EXP 	Display Frame 7
383.0405 	EXP 	Display Frame 8
383.0739 	EXP 	Display Frame 9
383.1072 	EXP 	Display Frame 0
383.1405 	EXP 	Display Frame 1
383.1738 	EXP 	Display Frame 2
383.2072 	EXP 	Display Frame 3
383.2405 	EXP 	Display Frame 4
383.2738 	EXP 	Display Frame 5
383.3072 	EXP 	Display Frame 6
383.3405 	EXP 	Display Frame 7
383.3739 	EXP 	Display Frame 8
383.4072 	EXP 	Display Frame 9
383.4405 	EXP 	Display Frame 0
383.4738 	EXP 	Display Frame 1
383.5072 	EXP 	Display Frame 2
383.5405 	EXP 	Display Frame 3
383.5738 	EXP 	Display Frame 4
383.6072 	EXP 	Display Frame 5
383.6405 	EXP 	Display Frame 6
383.6738 	EXP 	Display Frame 7
383.7072 	EXP 	Display Frame 8
383.7405 	EXP 	Display Frame 9
383.7739 	EXP 	Display Frame 0
383.8072 	EXP 	Display Frame 1
383.8405 	EXP 	Display Frame 2
383.8738 	EXP 	Display Frame 3
383.9072 	EXP 	Display Frame 4
383.9405 	EXP 	Display Frame 5
383.9739 	EXP 	Display Frame 6
384.0072 	EXP 	Display Frame 7
384.0405 	EXP 	Display Frame 8
384.0738 	EXP 	Display Frame 9
384.1072 	EXP 	Display Frame 0
384.1405 	EXP 	Display Frame 1
384.1738 	EXP 	Display Frame 2
384.2072 	EXP 	Display Frame 3
384.2405 	EXP 	Display Frame 4
384.2739 	EXP 	Display Frame 5
384.3072 	EXP 	Display Frame 6
384.3405 	EXP 	Display Frame 7
384.3738 	EXP 	Display Frame 8
384.4072 	EXP 	Display Frame 9
384.4405 	EXP 	Display Frame 0
384.4738 	EXP 	Display Frame 1
384.5072 	EXP 	Display Frame 2
384.5405 	EXP 	Display Frame 3
384.5739 	EXP 	Display Frame 4
384.6072 	EXP 	Display Frame 5
384.6405 	EXP 	Display Frame 6
384.6738 	EXP 	Display Frame 7
384.7072 	EXP 	Display Frame 8
384.7405 	EXP 	Display Frame 9
384.7738 	EXP 	Display Frame 0
384.8072 	EXP 	Display Frame 1
384.8405 	EXP 	Display Frame 2
384.8739 	EXP 	Display Frame 3
384.9071 	EXP 	Display Frame 4
384.9405 	EXP 	Display Frame 5
384.9738 	EXP 	Display Frame 6
385.0072 	EXP 	Display Frame 7
385.0405 	EXP 	Display Frame 8
385.0738 	EXP 	Display Frame 9
385.1072 	EXP 	Display Frame 0
385.1405 	EXP 	Display Frame 1
385.1738 	EXP 	Display Frame 2
385.2072 	EXP 	Display Frame 3
385.2405 	EXP 	Display Frame 4
385.2738 	EXP 	Display Frame 5
385.3072 	EXP 	Display Frame 6
385.3405 	EXP 	Display Frame 7
385.3739 	EXP 	Display Frame 8
385.4072 	EXP 	Display Frame 9
385.4405 	EXP 	Display Frame 0
385.4739 	EXP 	Display Frame 1
385.5072 	EXP 	Display Frame 2
385.5405 	EXP 	Display Frame 3
385.5738 	EXP 	Display Frame 4
385.6072 	EXP 	Display Frame 5
385.6405 	EXP 	Display Frame 6
385.6739 	EXP 	Display Frame 7
385.7071 	EXP 	Display Frame 8
385.7405 	EXP 	Display Frame 9
385.7739 	EXP 	Display Frame 0
385.8072 	EXP 	Display Frame 1
385.8405 	EXP 	Display Frame 2
385.8738 	EXP 	Display Frame 3
385.9072 	EXP 	Display Frame 4
385.9405 	EXP 	Display Frame 5
385.9738 	EXP 	Display Frame 6
386.0072 	EXP 	Display Frame 7
386.0405 	EXP 	Display Frame 8
386.0739 	EXP 	Display Frame 9
386.1072 	EXP 	Display Frame 0
386.1405 	EXP 	Display Frame 1
386.1738 	EXP 	Display Frame 2
386.2072 	EXP 	Display Frame 3
386.2405 	EXP 	Display Frame 4
386.2739 	EXP 	Display Frame 5
386.3072 	EXP 	Display Frame 6
386.3405 	EXP 	Display Frame 7
386.3739 	EXP 	Display Frame 8
386.4071 	EXP 	Display Frame 9
386.4405 	EXP 	Display Frame 0
386.4738 	EXP 	Display Frame 1
386.5072 	EXP 	Display Frame 2
386.5405 	EXP 	Display Frame 3
386.5739 	EXP 	Display Frame 4
386.6072 	EXP 	Display Frame 5
386.6405 	EXP 	Display Frame 6
386.6738 	EXP 	Display Frame 7
386.7072 	EXP 	Display Frame 8
386.7405 	EXP 	Display Frame 9
386.7738 	EXP 	Display Frame 0
386.8072 	EXP 	Display Frame 1
386.8405 	EXP 	Display Frame 2
386.8738 	EXP 	Display Frame 3
386.9072 	EXP 	Display Frame 4
386.9405 	EXP 	Display Frame 5
386.9740 	EXP 	Display Frame 6
387.0072 	EXP 	Display Frame 7
387.0405 	EXP 	Display Frame 8
387.0739 	EXP 	Display Frame 9
387.1072 	EXP 	Display Frame 0
387.1405 	EXP 	Display Frame 1
387.1738 	EXP 	Display Frame 2
387.2072 	EXP 	Display Frame 3
387.2407 	DATA 	Keypress: equal
387.2419 	EXP 	Display Frame 4
387.2739 	EXP 	Display Frame 5
387.3072 	EXP 	Display Frame 6
387.3405 	EXP 	Display Frame 7
387.3739 	EXP 	Display Frame 8
387.4073 	EXP 	Display Frame 9
387.4405 	EXP 	Display Frame 0
387.4738 	EXP 	Display Frame 1
387.5072 	EXP 	Display Frame 2
387.5405 	EXP 	Display Frame 3
387.5738 	EXP 	Display Frame 4
387.6072 	EXP 	Display Frame 5
387.6405 	EXP 	Display Frame 6
387.6739 	EXP 	Display Frame 7
387.7072 	EXP 	Display Frame 8
387.7405 	EXP 	Display Frame 9
387.7738 	EXP 	Display Frame 0
387.8072 	EXP 	Display Frame 1
387.8405 	EXP 	Display Frame 2
387.8739 	EXP 	Display Frame 3
387.9072 	EXP 	Display Frame 4
387.9405 	EXP 	Display Frame 5
387.9738 	EXP 	Display Frame 6
388.0072 	EXP 	Display Frame 7
388.0405 	EXP 	Display Frame 8
388.0738 	EXP 	Display Frame 9
388.1072 	EXP 	Display Frame 0
388.1405 	EXP 	Display Frame 1
388.1738 	EXP 	Display Frame 2
388.2072 	EXP 	Display Frame 3
388.2405 	EXP 	Display Frame 4
388.2738 	EXP 	Display Frame 5
388.3072 	EXP 	Display Frame 6
388.3405 	EXP 	Display Frame 7
388.3738 	EXP 	Display Frame 8
388.4072 	EXP 	Display Frame 9
388.4405 	EXP 	Display Frame 0
388.4738 	EXP 	Display Frame 1
388.5072 	EXP 	Display Frame 2
388.5405 	EXP 	Display Frame 3
388.5738 	EXP 	Display Frame 4
388.6072 	EXP 	Display Frame 5
388.6405 	EXP 	Display Frame 6
388.6739 	EXP 	Display Frame 7
388.7073 	EXP 	Display Frame 8
388.7405 	EXP 	Display Frame 9
388.7739 	EXP 	Display Frame 0
388.8072 	EXP 	Display Frame 1
388.8405 	EXP 	Display Frame 2
388.8739 	EXP 	Display Frame 3
388.9072 	EXP 	Display Frame 4
388.9405 	EXP 	Display Frame 5
388.9738 	EXP 	Display Frame 6
389.0072 	EXP 	Display Frame 7
389.0405 	EXP 	Display Frame 8
389.0738 	EXP 	Display Frame 9
389.1072 	EXP 	Display Frame 0
389.1405 	EXP 	Display Frame 1
389.1738 	EXP 	Display Frame 2
389.2072 	EXP 	Display Frame 3
389.2405 	EXP 	Display Frame 4
389.2738 	EXP 	Display Frame 5
389.3072 	EXP 	Display Frame 6
389.3405 	EXP 	Display Frame 7
389.3739 	EXP 	Display Frame 8
389.4072 	EXP 	Display Frame 9
389.4405 	EXP 	Display Frame 0
389.4739 	EXP 	Display Frame 1
389.5072 	EXP 	Display Frame 2
389.5405 	EXP 	Display Frame 3
389.5738 	EXP 	Display Frame 4
389.6072 	EXP 	Display Frame 5
389.6405 	EXP 	Display Frame 6
389.6738 	EXP 	Display Frame 7
389.7071 	EXP 	Display Frame 8
389.7405 	EXP 	Display Frame 9
389.7739 	EXP 	Display Frame 0
389.8072 	EXP 	Display Frame 1
389.8405 	EXP 	Display Frame 2
389.8738 	EXP 	Display Frame 3
389.9072 	EXP 	Display Frame 4
389.9405 	EXP 	Display Frame 5
389.9738 	EXP 	Display Frame 6
390.0072 	EXP 	Display Frame 7
390.0405 	EXP 	Display Frame 8
390.0739 	EXP 	Display Frame 9
390.1072 	EXP 	Display Frame 0
390.1405 	EXP 	Display Frame 1
390.1738 	EXP 	Display Frame 2
390.2072 	EXP 	Display Frame 3
390.2405 	EXP 	Display Frame 4
390.2738 	EXP 	Display Frame 5
390.3072 	EXP 	Display Frame 6
390.3405 	EXP 	Display Frame 7
390.3738 	EXP 	Display Frame 8
390.4072 	EXP 	Display Frame 9
390.4405 	EXP 	Display Frame 0
390.4738 	EXP 	Display Frame 1
390.5072 	EXP 	Display Frame 2
390.5405 	EXP 	Display Frame 3
390.5739 	EXP 	Display Frame 4
390.6072 	EXP 	Display Frame 5
390.6405 	EXP 	Display Frame 6
390.6738 	EXP 	Display Frame 7
390.7071 	EXP 	Display Frame 8
390.7405 	EXP 	Display Frame 9
390.7738 	EXP 	Display Frame 0
390.8072 	EXP 	Display Frame 1
390.8405 	EXP 	Display Frame 2
390.8738 	EXP 	Display Frame 3
390.9072 	EXP 	Display Frame 4
390.9405 	EXP 	Display Frame 5
390.9738 	EXP 	Display Frame 6
391.0072 	EXP 	Display Frame 7
391.0405 	EXP 	Display Frame 8
391.0739 	EXP 	Display Frame 9
391.1072 	EXP 	Display Frame 0
391.1405 	EXP 	Display Frame 1
391.1739 	EXP 	Display Frame 2
391.2072 	EXP 	Display Frame 3
391.2405 	EXP 	Display Frame 4
391.2738 	EXP 	Display Frame 5
391.3072 	EXP 	Display Frame 6
391.3405 	EXP 	Display Frame 7
391.3739 	EXP 	Display Frame 8
391.4072 	EXP 	Display Frame 9
391.4405 	EXP 	Display Frame 0
391.4738 	EXP 	Display Frame 1
391.5072 	EXP 	Display Frame 2
391.5405 	EXP 	Display Frame 3
391.5738 	EXP 	Display Frame 4
391.6072 	EXP 	Display Frame 5
391.6405 	EXP 	Display Frame 6
391.6738 	EXP 	Display Frame 7
391.7071 	EXP 	Display Frame 8
391.7405 	EXP 	Display Frame 9
391.7738 	EXP 	Display Frame 0
391.8072 	EXP 	Display Frame 1
391.8405 	EXP 	Display Frame 2
391.8738 	EXP 	Display Frame 3
391.9072 	EXP 	Display Frame 4
391.9405 	EXP 	Display Frame 5
391.9739 	EXP 	Display Frame 6
392.0072 	EXP 	Display Frame 7
392.0405 	EXP 	Display Frame 8
392.0738 	EXP 	Display Frame 9
392.1072 	EXP 	Display Frame 0
392.1405 	EXP 	Display Frame 1
392.1738 	EXP 	Display Frame 2
392.2072 	EXP 	Display Frame 3
392.2405 	EXP 	Display Frame 4
392.2739 	EXP 	Display Frame 5
392.3074 	EXP 	Display Frame 6
392.3405 	EXP 	Display Frame 7
392.3738 	EXP 	Display Frame 8
392.4073 	DATA 	Keypress: equal
392.4084 	EXP 	Display Frame 9
392.4405 	EXP 	Display Frame 0
392.4738 	EXP 	Display Frame 1
392.5072 	EXP 	Display Frame 2
392.5405 	EXP 	Display Frame 3
392.5739 	EXP 	Display Frame 4
392.6072 	EXP 	Display Frame 5
392.6405 	EXP 	Display Frame 6
392.6739 	EXP 	Display Frame 7
392.7071 	EXP 	Display Frame 8
392.7405 	EXP 	Display Frame 9
392.7738 	EXP 	Display Frame 0
392.8072 	EXP 	Display Frame 1
392.8405 	EXP 	Display Frame 2
392.8738 	EXP 	Display Frame 3
392.9072 	EXP 	Display Frame 4
392.9405 	EXP 	Display Frame 5
392.9739 	EXP 	Display Frame 6
393.0072 	EXP 	Display Frame 7
393.0405 	EXP 	Display Frame 8
393.0738 	EXP 	Display Frame 9
393.1072 	EXP 	Display Frame 0
393.1405 	EXP 	Display Frame 1
393.1738 	EXP 	Display Frame 2
393.2072 	EXP 	Display Frame 3
393.2405 	EXP 	Display Frame 4
393.2739 	EXP 	Display Frame 5
393.3072 	EXP 	Display Frame 6
393.3405 	EXP 	Display Frame 7
393.3738 	EXP 	Display Frame 8
393.4072 	EXP 	Display Frame 9
393.4405 	EXP 	Display Frame 0
393.4738 	EXP 	Display Frame 1
393.5072 	EXP 	Display Frame 2
393.5405 	EXP 	Display Frame 3
393.5738 	EXP 	Display Frame 4
393.6074 	EXP 	Display Frame 5
393.6405 	EXP 	Display Frame 6
393.6739 	EXP 	Display Frame 7
393.7071 	EXP 	Display Frame 8
393.7405 	EXP 	Display Frame 9
393.7738 	EXP 	Display Frame 0
393.8072 	EXP 	Display Frame 1
393.8405 	EXP 	Display Frame 2
393.8739 	EXP 	Display Frame 3
393.9072 	EXP 	Display Frame 4
393.9405 	EXP 	Display Frame 5
393.9739 	EXP 	Display Frame 6
394.0072 	EXP 	Display Frame 7
394.0405 	EXP 	Display Frame 8
394.0738 	EXP 	Display Frame 9
394.1072 	EXP 	Display Frame 0
394.1405 	EXP 	Display Frame 1
394.1739 	EXP 	Display Frame 2
394.2072 	EXP 	Display Frame 3
394.2405 	EXP 	Display Frame 4
394.2738 	EXP 	Display Frame 5
394.3072 	EXP 	Display Frame 6
394.3405 	EXP 	Display Frame 7
394.3738 	EXP 	Display Frame 8
394.4072 	EXP 	Display Frame 9
394.4405 	EXP 	Display Frame 0
394.4739 	EXP 	Display Frame 1
394.5072 	EXP 	Display Frame 2
394.5405 	EXP 	Display Frame 3
394.5738 	EXP 	Display Frame 4
394.6072 	EXP 	Display Frame 5
394.6405 	EXP 	Display Frame 6
394.6738 	EXP 	Display Frame 7
394.7071 	EXP 	Display Frame 8
394.7405 	EXP 	Display Frame 9
394.7739 	EXP 	Display Frame 0
394.8072 	EXP 	Display Frame 1
394.8405 	EXP 	Display Frame 2
394.8739 	EXP 	Display Frame 3
394.9071 	EXP 	Display Frame 4
394.9405 	EXP 	Display Frame 5
394.9738 	EXP 	Display Frame 6
395.0072 	EXP 	Display Frame 7
395.0405 	EXP 	Display Frame 8
395.0738 	EXP 	Display Frame 9
395.1072 	EXP 	Display Frame 0
395.1405 	EXP 	Display Frame 1
395.1739 	EXP 	Display Frame 2
395.2071 	EXP 	Display Frame 3
395.2405 	EXP 	Display Frame 4
395.2739 	EXP 	Display Frame 5
395.3072 	EXP 	Display Frame 6
395.3405 	EXP 	Display Frame 7
395.3739 	EXP 	Display Frame 8
395.4072 	EXP 	Display Frame 9
395.4405 	EXP 	Display Frame 0
395.4739 	EXP 	Display Frame 1
395.5072 	EXP 	Display Frame 2
395.5405 	EXP 	Display Frame 3
395.5738 	EXP 	Display Frame 4
395.6072 	EXP 	Display Frame 5
395.6405 	EXP 	Display Frame 6
395.6739 	EXP 	Display Frame 7
395.7071 	EXP 	Display Frame 8
395.7405 	EXP 	Display Frame 9
395.7738 	EXP 	Display Frame 0
395.8072 	EXP 	Display Frame 1
395.8405 	EXP 	Display Frame 2
395.8738 	EXP 	Display Frame 3
395.9072 	EXP 	Display Frame 4
395.9405 	EXP 	Display Frame 5
395.9738 	EXP 	Display Frame 6
396.0072 	EXP 	Display Frame 7
396.0405 	EXP 	Display Frame 8
396.0738 	EXP 	Display Frame 9
396.1072 	EXP 	Display Frame 0
396.1405 	EXP 	Display Frame 1
396.1738 	EXP 	Display Frame 2
396.2072 	EXP 	Display Frame 3
396.2405 	EXP 	Display Frame 4
396.2738 	EXP 	Display Frame 5
396.3072 	EXP 	Display Frame 6
396.3405 	EXP 	Display Frame 7
396.3738 	EXP 	Display Frame 8
396.4072 	EXP 	Display Frame 9
396.4405 	EXP 	Display Frame 0
396.4738 	EXP 	Display Frame 1
396.5072 	EXP 	Display Frame 2
396.5405 	EXP 	Display Frame 3
396.5738 	EXP 	Display Frame 4
396.6072 	EXP 	Display Frame 5
396.6405 	EXP 	Display Frame 6
396.6739 	EXP 	Display Frame 7
396.7071 	EXP 	Display Frame 8
396.7405 	EXP 	Display Frame 9
396.7738 	EXP 	Display Frame 0
396.8072 	EXP 	Display Frame 1
396.8405 	EXP 	Display Frame 2
396.8738 	EXP 	Display Frame 3
396.9072 	EXP 	Display Frame 4
396.9405 	EXP 	Display Frame 5
396.9739 	EXP 	Display Frame 6
397.0072 	EXP 	Display Frame 7
397.0405 	EXP 	Display Frame 8
397.0738 	EXP 	Display Frame 9
397.1072 	EXP 	Display Frame 0
397.1405 	EXP 	Display Frame 1
397.1738 	EXP 	Display Frame 2
397.2072 	EXP 	Display Frame 3
397.2405 	EXP 	Display Frame 4
397.2739 	EXP 	Display Frame 5
397.3072 	EXP 	Display Frame 6
397.3405 	EXP 	Display Frame 7
397.3738 	EXP 	Display Frame 8
397.4072 	EXP 	Display Frame 9
397.4405 	EXP 	Display Frame 0
397.4739 	EXP 	Display Frame 1
397.5072 	EXP 	Display Frame 2
397.5405 	EXP 	Display Frame 3
397.5738 	EXP 	Display Frame 4
397.6073 	DATA 	Keypress: equal
397.6084 	EXP 	Display Frame 5
397.6183 	EXP 	Display Fixation
402.7938 	DATA 	Keypress: equal
407.9879 	DATA 	Keypress: equal
413.1819 	DATA 	Keypress: equal
418.3749 	DATA 	Keypress: equal
423.5690 	DATA 	Keypress: equal
428.7620 	DATA 	Keypress: equal
428.7965 	EXP 	Display Frame 1
428.8297 	EXP 	Display Frame 2
428.8629 	EXP 	Display Frame 3
428.8963 	EXP 	Display Frame 4
428.9296 	EXP 	Display Frame 5
428.9630 	EXP 	Display Frame 6
428.9963 	EXP 	Display Frame 7
429.0296 	EXP 	Display Frame 8
429.0630 	EXP 	Display Frame 9
429.0963 	EXP 	Display Frame 0
429.1296 	EXP 	Display Frame 1
429.1629 	EXP 	Display Frame 2
429.1963 	EXP 	Display Frame 3
429.2296 	EXP 	Display Frame 4
429.2629 	EXP 	Display Frame 5
429.2963 	EXP 	Display Frame 6
429.3296 	EXP 	Display Frame 7
429.3629 	EXP 	Display Frame 8
429.3962 	EXP 	Display Frame 9
429.4296 	EXP 	Display Frame 0
429.4629 	EXP 	Display Frame 1
429.4963 	EXP 	Display Frame 2
429.5296 	EXP 	Display Frame 3
429.5629 	EXP 	Display Frame 4
429.5964 	EXP 	Display Frame 5
429.6296 	EXP 	Display Frame 6
429.6629 	EXP 	Display Frame 7
429.6962 	EXP 	Display Frame 8
429.7296 	EXP 	Display Frame 9
429.7629 	EXP 	Display Frame 0
429.7962 	EXP 	Display Frame 1
429.8296 	EXP 	Display Frame 2
429.8629 	EXP 	Display Frame 3
429.8962 	EXP 	Display Frame 4
429.9296 	EXP 	Display Frame 5
429.9629 	EXP 	Display Frame 6
429.9962 	EXP 	Display Frame 7
430.0296 	EXP 	Display Frame 8
430.0629 	EXP 	Display Frame 9
430.0963 	EXP 	Display Frame 0
430.1296 	EXP 	Display Frame 1
430.1629 	EXP 	Display Frame 2
430.1963 	EXP 	Display Frame 3
430.2296 	EXP 	Display Frame 4
430.2629 	EXP 	Display Frame 5
430.2962 	EXP 	Display Frame 6
430.3296 	EXP 	Display Frame 7
430.3629 	EXP 	Display Frame 8
430.3963 	EXP 	Display Frame 9
430.4296 	EXP 	Display Frame 0
430.4629 	EXP 	Display Frame 1
430.4962 	EXP 	Display Frame 2
430.5296 	EXP 	Display Frame 3
430.5629 	EXP 	Display Frame 4
430.5962 	EXP 	Display Frame 5
430.6296 	EXP 	Display Frame 6
430.6629 	EXP 	Display Frame 7
430.6963 	EXP 	Display Frame 8
430.7296 	EXP 	Display Frame 9
430.7629 	EXP 	Display Frame 0
430.7962 	EXP 	Display Frame 1
430.8296 	EXP 	Display Frame 2
430.8629 	EXP 	Display Frame 3
430.8962 	EXP 	Display Frame 4
430.9296 	EXP 	Display Frame 5
430.9629 	EXP 	Display Frame 6
430.9963 	EXP 	Display Frame 7
431.0296 	EXP 	Display Frame 8
431.0629 	EXP 	Display Frame 9
431.0963 	EXP 	Display Frame 0
431.1296 	EXP 	Display Frame 1
431.1629 	EXP 	Display Frame 2
431.1962 	EXP 	Display Frame 3
431.2296 	EXP 	Display Frame 4
431.2629 	EXP 	Display Frame 5
431.2963 	EXP 	Display Frame 6
431.3296 	EXP 	Display Frame 7
431.3629 	EXP 	Display Frame 8
431.3963 	EXP 	Display Frame 9
431.4295 	EXP 	Display Frame 0
431.4629 	EXP 	Display Frame 1
431.4963 	EXP 	Display Frame 2
431.5296 	EXP 	Display Frame 3
431.5629 	EXP 	Display Frame 4
431.5963 	EXP 	Display Frame 5
431.6296 	EXP 	Display Frame 6
431.6631 	EXP 	Display Frame 7
431.6963 	EXP 	Display Frame 8
431.7296 	EXP 	Display Frame 9
431.7629 	EXP 	Display Frame 0
431.7963 	EXP 	Display Frame 1
431.8296 	EXP 	Display Frame 2
431.8629 	EXP 	Display Frame 3
431.8963 	EXP 	Display Frame 4
431.9296 	EXP 	Display Frame 5
431.9629 	EXP 	Display Frame 6
431.9963 	EXP 	Display Frame 7
432.0296 	EXP 	Display Frame 8
432.0629 	EXP 	Display Frame 9
432.0963 	EXP 	Display Frame 0
432.1296 	EXP 	Display Frame 1
432.1629 	EXP 	Display Frame 2
432.1962 	EXP 	Display Frame 3
432.2296 	EXP 	Display Frame 4
432.2629 	EXP 	Display Frame 5
432.2963 	EXP 	Display Frame 6
432.3296 	EXP 	Display Frame 7
432.3629 	EXP 	Display Frame 8
432.3962 	EXP 	Display Frame 9
432.4296 	EXP 	Display Frame 0
432.4629 	EXP 	Display Frame 1
432.4963 	EXP 	Display Frame 2
432.5296 	EXP 	Display Frame 3
432.5629 	EXP 	Display Frame 4
432.5963 	EXP 	Display Frame 5
432.6296 	EXP 	Display Frame 6
432.6630 	EXP 	Display Frame 7
432.6962 	EXP 	Display Frame 8
432.7296 	EXP 	Display Frame 9
432.7629 	EXP 	Display Frame 0
432.7962 	EXP 	Display Frame 1
432.8296 	EXP 	Display Frame 2
432.8629 	EXP 	Display Frame 3
432.8962 	EXP 	Display Frame 4
432.9296 	EXP 	Display Frame 5
432.9629 	EXP 	Display Frame 6
432.9962 	EXP 	Display Frame 7
433.0296 	EXP 	Display Frame 8
433.0629 	EXP 	Display Frame 9
433.0962 	EXP 	Display Frame 0
433.1296 	EXP 	Display Frame 1
433.1629 	EXP 	Display Frame 2
433.1963 	EXP 	Display Frame 3
433.2296 	EXP 	Display Frame 4
433.2629 	EXP 	Display Frame 5
433.2963 	EXP 	Display Frame 6
433.3296 	EXP 	Display Frame 7
433.3629 	EXP 	Display Frame 8
433.3963 	EXP 	Display Frame 9
433.4296 	EXP 	Display Frame 0
433.4629 	EXP 	Display Frame 1
433.4963 	EXP 	Display Frame 2
433.5296 	EXP 	Display Frame 3
433.5629 	EXP 	Display Frame 4
433.5962 	EXP 	Display Frame 5
433.6296 	EXP 	Display Frame 6
433.6629 	EXP 	Display Frame 7
433.6963 	EXP 	Display Frame 8
433.7296 	EXP 	Display Frame 9
433.7630 	EXP 	Display Frame 0
433.7962 	EXP 	Display Frame 1
433.8296 	EXP 	Display Frame 2
433.8630 	EXP 	Display Frame 3
433.8962 	EXP 	Display Frame 4
433.9296 	EXP 	Display Frame 5
433.9630 	DATA 	Keypress: equal
433.9640 	EXP 	Display Frame 6
433.9963 	EXP 	Display Frame 7
434.0296 	EXP 	Display Frame 8
434.0629 	EXP 	Display Frame 9
434.0962 	EXP 	Display Frame 0
434.1296 	EXP 	Display Frame 1
434.1629 	EXP 	Display Frame 2
434.1962 	EXP 	Display Frame 3
434.2296 	EXP 	Display Frame 4
434.2629 	EXP 	Display Frame 5
434.2963 	EXP 	Display Frame 6
434.3296 	EXP 	Display Frame 7
434.3629 	EXP 	Display Frame 8
434.3963 	EXP 	Display Frame 9
434.4296 	EXP 	Display Frame 0
434.4629 	EXP 	Display Frame 1
434.4962 	EXP 	Display Frame 2
434.5296 	EXP 	Display Frame 3
434.5629 	EXP 	Display Frame 4
434.5963 	EXP 	Display Frame 5
434.6296 	EXP 	Display Frame 6
434.6629 	EXP 	Display Frame 7
434.6962 	EXP 	Display Frame 8
434.7296 	EXP 	Display Frame 9
434.7629 	EXP 	Display Frame 0
434.7962 	EXP 	Display Frame 1
434.8296 	EXP 	Display Frame 2
434.8629 	EXP 	Display Frame 3
434.8962 	EXP 	Display Frame 4
434.9297 	EXP 	Display Frame 5
434.9630 	EXP 	Display Frame 6
434.9963 	EXP 	Display Frame 7
435.0296 	EXP 	Display Frame 8
435.0629 	EXP 	Display Frame 9
435.0962 	EXP 	Display Frame 0
435.1296 	EXP 	Display Frame 1
435.1629 	EXP 	Display Frame 2
435.1962 	EXP 	Display Frame 3
435.2296 	EXP 	Display Frame 4
435.2629 	EXP 	Display Frame 5
435.2962 	EXP 	Display Frame 6
435.3296 	EXP 	Display Frame 7
435.3629 	EXP 	Display Frame 8
435.3962 	EXP 	Display Frame 9
435.4296 	EXP 	Display Frame 0
435.4629 	EXP 	Display Frame 1
435.4962 	EXP 	Display Frame 2
435.5296 	EXP 	Display Frame 3
435.5629 	EXP 	Display Frame 4
435.5962 	EXP 	Display Frame 5
435.6296 	EXP 	Display Frame 6
435.6629 	EXP 	Display Frame 7
435.6963 	EXP 	Display Frame 8
435.7296 	EXP 	Display Frame 9
435.7629 	EXP 	Display Frame 0
435.7962 	EXP 	Display Frame 1
435.8296 	EXP 	Display Frame 2
435.8629 	EXP 	Display Frame 3
435.8963 	EXP 	Display Frame 4
435.9296 	EXP 	Display Frame 5
435.9629 	EXP 	Display Frame 6
435.9963 	EXP 	Display Frame 7
436.0296 	EXP 	Display Frame 8
436.0629 	EXP 	Display Frame 9
436.0962 	EXP 	Display Frame 0
436.1296 	EXP 	Display Frame 1
436.1629 	EXP 	Display Frame 2
436.1963 	EXP 	Display Frame 3
436.2296 	EXP 	Display Frame 4
436.2629 	EXP 	Display Frame 5
436.2963 	EXP 	Display Frame 6
436.3296 	EXP 	Display Frame 7
436.3629 	EXP 	Display Frame 8
436.3963 	EXP 	Display Frame 9
436.4296 	EXP 	Display Frame 0
436.4629 	EXP 	Display Frame 1
436.4962 	EXP 	Display Frame 2
436.5296 	EXP 	Display Frame 3
436.5629 	EXP 	Display Frame 4
436.5963 	EXP 	Display Frame 5
436.6296 	EXP 	Display Frame 6
436.6629 	EXP 	Display Frame 7
436.6962 	EXP 	Display Frame 8
436.7296 	EXP 	Display Frame 9
436.7629 	EXP 	Display Frame 0
436.7962 	EXP 	Display Frame 1
436.8296 	EXP 	Display Frame 2
436.8629 	EXP 	Display Frame 3
436.8963 	EXP 	Display Frame 4
436.9296 	EXP 	Display Frame 5
436.9629 	EXP 	Display Frame 6
436.9963 	EXP 	Display Frame 7
437.0296 	EXP 	Display Frame 8
437.0629 	EXP 	Display Frame 9
437.0963 	EXP 	Display Frame 0
437.1296 	EXP 	Display Frame 1
437.1629 	EXP 	Display Frame 2
437.1962 	EXP 	Display Frame 3
437.2296 	EXP 	Display Frame 4
437.2629 	EXP 	Display Frame 5
437.2962 	EXP 	Display Frame 6
437.3296 	EXP 	Display Frame 7
437.3629 	EXP 	Display Frame 8
437.3963 	EXP 	Display Frame 9
437.4296 	EXP 	Display Frame 0
437.4629 	EXP 	Display Frame 1
437.4962 	EXP 	Display Frame 2
437.5296 	EXP 	Display Frame 3
437.5629 	EXP 	Display Frame 4
437.5962 	EXP 	Display Frame 5
437.6296 	EXP 	Display Frame 6
437.6629 	EXP 	Display Frame 7
437.6963 	EXP 	Display Frame 8
437.7296 	EXP 	Display Frame 9
437.7629 	EXP 	Display Frame 0
437.7962 	EXP 	Display Frame 1
437.8296 	EXP 	Display Frame 2
437.8629 	EXP 	Display Frame 3
437.8962 	EXP 	Display Frame 4
437.9296 	EXP 	Display Frame 5
437.9629 	EXP 	Display Frame 6
437.9963 	EXP 	Display Frame 7
438.0298 	EXP 	Display Frame 8
438.0629 	EXP 	Display Frame 9
438.0963 	EXP 	Display Frame 0
438.1296 	EXP 	Display Frame 1
438.1630 	EXP 	Display Frame 2
438.1963 	EXP 	Display Frame 3
438.2296 	EXP 	Display Frame 4
438.2629 	EXP 	Display Frame 5
438.2963 	EXP 	Display Frame 6
438.3296 	EXP 	Display Frame 7
438.3629 	EXP 	Display Frame 8
438.3963 	EXP 	Display Frame 9
438.4296 	EXP 	Display Frame 0
438.4629 	EXP 	Display Frame 1
438.4962 	EXP 	Display Frame 2
438.5296 	EXP 	Display Frame 3
438.5629 	EXP 	Display Frame 4
438.5963 	EXP 	Display Frame 5
438.6296 	EXP 	Display Frame 6
438.6629 	EXP 	Display Frame 7
438.6963 	EXP 	Display Frame 8
438.7296 	EXP 	Display Frame 9
438.7629 	EXP 	Display Frame 0
438.7962 	EXP 	Display Frame 1
438.8296 	EXP 	Display Frame 2
438.8629 	EXP 	Display Frame 3
438.8962 	EXP 	Display Frame 4
438.9296 	EXP 	Display Frame 5
438.9629 	EXP 	Display Frame 6
438.9963 	EXP 	Display Frame 7
439.0296 	EXP 	Display Frame 8
439.0629 	EXP 	Display Frame 9
439.0963 	EXP 	Display Frame 0
439.1297 	EXP 	Display Frame 1
439.1632 	DATA 	Keypress: equal
439.1643 	EXP 	Display Frame 2
439.1963 	EXP 	Display Frame 3
439.2296 	EXP 	Display Frame 4
439.2629 	EXP 	Display Frame 5
439.2963 	EXP 	Display Frame 6
439.3296 	EXP 	Display Frame 7
439.3629 	EXP 	Display Frame 8
439.3962 	EXP 	Display Frame 9
439.4296 	EXP 	Display Frame 0
439.4629 	EXP 	Display Frame 1
439.4963 	EXP 	Display Frame 2
439.5296 	EXP 	Display Frame 3
439.5629 	EXP 	Display Frame 4
439.5963 	EXP 	Display Frame 5
439.6296 	EXP 	Display Frame 6
439.6629 	EXP 	Display Frame 7
439.6963 	EXP 	Display Frame 8
439.7296 	EXP 	Display Frame 9
439.7629 	EXP 	Display Frame 0
439.7962 	EXP 	Display Frame 1
439.8296 	EXP 	Display Frame 2
439.8629 	EXP 	Display Frame 3
439.8962 	EXP 	Display Frame 4
439.9296 	EXP 	Display Frame 5
439.9629 	EXP 	Display Frame 6
439.9962 	EXP 	Display Frame 7
440.0296 	EXP 	Display Frame 8
440.0629 	EXP 	Display Frame 9
440.0963 	EXP 	Display Frame 0
440.1296 	EXP 	Display Frame 1
440.1629 	EXP 	Display Frame 2
440.1962 	EXP 	Display Frame 3
440.2296 	EXP 	Display Frame 4
440.2631 	EXP 	Display Frame 5
440.2962 	EXP 	Display Frame 6
440.3296 	EXP 	Display Frame 7
440.3629 	EXP 	Display Frame 8
440.3963 	EXP 	Display Frame 9
440.4296 	EXP 	Display Frame 0
440.4629 	EXP 	Display Frame 1
440.4962 	EXP 	Display Frame 2
440.5296 	EXP 	Display Frame 3
440.5629 	EXP 	Display Frame 4
440.5962 	EXP 	Display Frame 5
440.6296 	EXP 	Display Frame 6
440.6629 	EXP 	Display Frame 7
440.6963 	EXP 	Display Frame 8
440.7296 	EXP 	Display Frame 9
440.7629 	EXP 	Display Frame 0
440.7962 	EXP 	Display Frame 1
440.8296 	EXP 	Display Frame 2
440.8629 	EXP 	Display Frame 3
440.8963 	EXP 	Display Frame 4
440.9296 	EXP 	Display Frame 5
440.9629 	EXP 	Display Frame 6
440.9962 	EXP 	Display Frame 7
441.0296 	EXP 	Display Frame 8
441.0629 	EXP 	Display Frame 9
441.0962 	EXP 	Display Frame 0
441.1296 	EXP 	Display Frame 1
441.1629 	EXP 	Display Frame 2
441.1963 	EXP 	Display Frame 3
441.2296 	EXP 	Display Frame 4
441.2629 	EXP 	Display Frame 5
441.2963 	EXP 	Display Frame 6
441.3296 	EXP 	Display Frame 7
441.3629 	EXP 	Display Frame 8
441.3962 	EXP 	Display Frame 9
441.4296 	EXP 	Display Frame 0
441.4629 	EXP 	Display Frame 1
441.4962 	EXP 	Display Frame 2
441.5296 	EXP 	Display Frame 3
441.5629 	EXP 	Display Frame 4
441.5962 	EXP 	Display Frame 5
441.6296 	EXP 	Display Frame 6
441.6629 	EXP 	Display Frame 7
441.6962 	EXP 	Display Frame 8
441.7296 	EXP 	Display Frame 9
441.7629 	EXP 	Display Frame 0
441.7962 	EXP 	Display Frame 1
441.8296 	EXP 	Display Frame 2
441.8629 	EXP 	Display Frame 3
441.8962 	EXP 	Display Frame 4
441.9296 	EXP 	Display Frame 5
441.9629 	EXP 	Display Frame 6
441.9962 	EXP 	Display Frame 7
442.0296 	EXP 	Display Frame 8
442.0629 	EXP 	Display Frame 9
442.0963 	EXP 	Display Frame 0
442.1296 	EXP 	Display Frame 1
442.1629 	EXP 	Display Frame 2
442.1962 	EXP 	Display Frame 3
442.2296 	EXP 	Display Frame 4
442.2629 	EXP 	Display Frame 5
442.2963 	EXP 	Display Frame 6
442.3296 	EXP 	Display Frame 7
442.3629 	EXP 	Display Frame 8
442.3963 	EXP 	Display Frame 9
442.4296 	EXP 	Display Frame 0
442.4629 	EXP 	Display Frame 1
442.4963 	EXP 	Display Frame 2
442.5296 	EXP 	Display Frame 3
442.5629 	EXP 	Display Frame 4
442.5962 	EXP 	Display Frame 5
442.6296 	EXP 	Display Frame 6
442.6629 	EXP 	Display Frame 7
442.6963 	EXP 	Display Frame 8
442.7296 	EXP 	Display Frame 9
442.7629 	EXP 	Display Frame 0
442.7962 	EXP 	Display Frame 1
442.8296 	EXP 	Display Frame 2
442.8629 	EXP 	Display Frame 3
442.8962 	EXP 	Display Frame 4
442.9296 	EXP 	Display Frame 5
442.9629 	EXP 	Display Frame 6
442.9963 	EXP 	Display Frame 7
443.0296 	EXP 	Display Frame 8
443.0629 	EXP 	Display Frame 9
443.0962 	EXP 	Display Frame 0
443.1296 	EXP 	Display Frame 1
443.1629 	EXP 	Display Frame 2
443.1962 	EXP 	Display Frame 3
443.2296 	EXP 	Display Frame 4
443.2629 	EXP 	Display Frame 5
443.2969 	EXP 	Display Frame 6
443.3296 	EXP 	Display Frame 7
443.3629 	EXP 	Display Frame 8
443.3962 	EXP 	Display Frame 9
443.4296 	EXP 	Display Frame 0
443.4629 	EXP 	Display Frame 1
443.4963 	EXP 	Display Frame 2
443.5296 	EXP 	Display Frame 3
443.5629 	EXP 	Display Frame 4
443.5962 	EXP 	Display Frame 5
443.6296 	EXP 	Display Frame 6
443.6629 	EXP 	Display Frame 7
443.6963 	EXP 	Display Frame 8
443.7296 	EXP 	Display Frame 9
443.7629 	EXP 	Display Frame 0
443.7964 	EXP 	Display Frame 1
443.8296 	EXP 	Display Frame 2
443.8630 	EXP 	Display Frame 3
443.8963 	EXP 	Display Frame 4
443.9296 	EXP 	Display Frame 5
443.9629 	EXP 	Display Frame 6
443.9963 	EXP 	Display Frame 7
444.0296 	EXP 	Display Frame 8
444.0629 	EXP 	Display Frame 9
444.0962 	EXP 	Display Frame 0
444.1296 	EXP 	Display Frame 1
444.1629 	EXP 	Display Frame 2
444.1963 	EXP 	Display Frame 3
444.2296 	EXP 	Display Frame 4
444.2629 	EXP 	Display Frame 5
444.2963 	EXP 	Display Frame 6
444.3296 	EXP 	Display Frame 7
444.3630 	DATA 	Keypress: equal
444.3640 	EXP 	Display Frame 8
444.3962 	EXP 	Display Frame 9
444.4296 	EXP 	Display Frame 0
444.4629 	EXP 	Display Frame 1
444.4962 	EXP 	Display Frame 2
444.5296 	EXP 	Display Frame 3
444.5629 	EXP 	Display Frame 4
444.5962 	EXP 	Display Frame 5
444.6296 	EXP 	Display Frame 6
444.6629 	EXP 	Display Frame 7
444.6962 	EXP 	Display Frame 8
444.7296 	EXP 	Display Frame 9
444.7629 	EXP 	Display Frame 0
444.7962 	EXP 	Display Frame 1
444.8296 	EXP 	Display Frame 2
444.8629 	EXP 	Display Frame 3
444.8962 	EXP 	Display Frame 4
444.9296 	EXP 	Display Frame 5
444.9629 	EXP 	Display Frame 6
444.9963 	EXP 	Display Frame 7
445.0296 	EXP 	Display Frame 8
445.0641 	EXP 	Display Frame 9
445.0963 	EXP 	Display Frame 0
445.1296 	EXP 	Display Frame 1
445.1629 	EXP 	Display Frame 2
445.1963 	EXP 	Display Frame 3
445.2296 	EXP 	Display Frame 4
445.2629 	EXP 	Display Frame 5
445.2963 	EXP 	Display Frame 6
445.3296 	EXP 	Display Frame 7
445.3629 	EXP 	Display Frame 8
445.3963 	EXP 	Display Frame 9
445.4296 	EXP 	Display Frame 0
445.4629 	EXP 	Display Frame 1
445.4962 	EXP 	Display Frame 2
445.5296 	EXP 	Display Frame 3
445.5629 	EXP 	Display Frame 4
445.5963 	EXP 	Display Frame 5
445.6296 	EXP 	Display Frame 6
445.6629 	EXP 	Display Frame 7
445.6962 	EXP 	Display Frame 8
445.7296 	EXP 	Display Frame 9
445.7629 	EXP 	Display Frame 0
445.7962 	EXP 	Display Frame 1
445.8296 	EXP 	Display Frame 2
445.8629 	EXP 	Display Frame 3
445.8962 	EXP 	Display Frame 4
445.9296 	EXP 	Display Frame 5
445.9629 	EXP 	Display Frame 6
445.9963 	EXP 	Display Frame 7
446.0296 	EXP 	Display Frame 8
446.0629 	EXP 	Display Frame 9
446.0962 	EXP 	Display Frame 0
446.1296 	EXP 	Display Frame 1
446.1629 	EXP 	Display Frame 2
446.1962 	EXP 	Display Frame 3
446.2296 	EXP 	Display Frame 4
446.2629 	EXP 	Display Frame 5
446.2963 	EXP 	Display Frame 6
446.3296 	EXP 	Display Frame 7
446.3629 	EXP 	Display Frame 8
446.3963 	EXP 	Display Frame 9
446.4296 	EXP 	Display Frame 0
446.4629 	EXP 	Display Frame 1
446.4962 	EXP 	Display Frame 2
446.5296 	EXP 	Display Frame 3
446.5629 	EXP 	Display Frame 4
446.5962 	EXP 	Display Frame 5
446.6296 	EXP 	Display Frame 6
446.6629 	EXP 	Display Frame 7
446.6963 	EXP 	Display Frame 8
446.7296 	EXP 	Display Frame 9
446.7629 	EXP 	Display Frame 0
446.7962 	EXP 	Display Frame 1
446.8296 	EXP 	Display Frame 2
446.8629 	EXP 	Display Frame 3
446.8962 	EXP 	Display Frame 4
446.9296 	EXP 	Display Frame 5
446.9629 	EXP 	Display Frame 6
446.9962 	EXP 	Display Frame 7
447.0296 	EXP 	Display Frame 8
447.0629 	EXP 	Display Frame 9
447.0962 	EXP 	Display Frame 0
447.1296 	EXP 	Display Frame 1
447.1629 	EXP 	Display Frame 2
447.1962 	EXP 	Display Frame 3
447.2296 	EXP 	Display Frame 4
447.2629 	EXP 	Display Frame 5
447.2963 	EXP 	Display Frame 6
447.3296 	EXP 	Display Frame 7
447.3629 	EXP 	Display Frame 8
447.3962 	EXP 	Display Frame 9
447.4296 	EXP 	Display Frame 0
447.4629 	EXP 	Display Frame 1
447.4962 	EXP 	Display Frame 2
447.5296 	EXP 	Display Frame 3
447.5629 	EXP 	Display Frame 4
447.5963 	EXP 	Display Frame 5
447.6296 	EXP 	Display Frame 6
447.6629 	EXP 	Display Frame 7
447.6963 	EXP 	Display Frame 8
447.7296 	EXP 	Display Frame 9
447.7629 	EXP 	Display Frame 0
447.7962 	EXP 	Display Frame 1
447.8296 	EXP 	Display Frame 2
447.8629 	EXP 	Display Frame 3
447.8963 	EXP 	Display Frame 4
447.9296 	EXP 	Display Frame 5
447.9629 	EXP 	Display Frame 6
447.9963 	EXP 	Display Frame 7
448.0296 	EXP 	Display Frame 8
448.0629 	EXP 	Display Frame 9
448.0962 	EXP 	Display Frame 0
448.1296 	EXP 	Display Frame 1
448.1629 	EXP 	Display Frame 2
448.1963 	EXP 	Display Frame 3
448.2296 	EXP 	Display Frame 4
448.2629 	EXP 	Display Frame 5
448.2963 	EXP 	Display Frame 6
448.3296 	EXP 	Display Frame 7
448.3629 	EXP 	Display Frame 8
448.3962 	EXP 	Display Frame 9
448.4296 	EXP 	Display Frame 0
448.4629 	EXP 	Display Frame 1
448.4963 	EXP 	Display Frame 2
448.5296 	EXP 	Display Frame 3
448.5629 	EXP 	Display Frame 4
448.5963 	EXP 	Display Frame 5
448.6296 	EXP 	Display Frame 6
448.6630 	EXP 	Display Frame 7
448.6963 	EXP 	Display Frame 8
448.7296 	EXP 	Display Frame 9
448.7629 	EXP 	Display Frame 0
448.7962 	EXP 	Display Frame 1
448.8296 	EXP 	Display Frame 2
448.8629 	EXP 	Display Frame 3
448.8963 	EXP 	Display Frame 4
448.9296 	EXP 	Display Frame 5
448.9629 	EXP 	Display Frame 6
448.9962 	EXP 	Display Frame 7
449.0296 	EXP 	Display Frame 8
449.0629 	EXP 	Display Frame 9
449.0963 	EXP 	Display Frame 0
449.1296 	EXP 	Display Frame 1
449.1629 	EXP 	Display Frame 2
449.1963 	EXP 	Display Frame 3
449.2296 	EXP 	Display Frame 4
449.2629 	EXP 	Display Frame 5
449.2962 	EXP 	Display Frame 6
449.3296 	EXP 	Display Frame 7
449.3629 	EXP 	Display Frame 8
449.3963 	EXP 	Display Frame 9
449.4296 	EXP 	Display Frame 0
449.4629 	EXP 	Display Frame 1
449.4963 	EXP 	Display Frame 2
449.5296 	EXP 	Display Frame 3
449.5630 	DATA 	Keypress: equal
449.5641 	EXP 	Display Frame 4
449.5962 	EXP 	Display Frame 5
449.6296 	EXP 	Display Frame 6
449.6629 	EXP 	Display Frame 7
449.6962 	EXP 	Display Frame 8
449.7296 	EXP 	Display Frame 9
449.7629 	EXP 	Display Frame 0
449.7962 	EXP 	Display Frame 1
449.8296 	EXP 	Display Frame 2
449.8629 	EXP 	Display Frame 3
449.8962 	EXP 	Display Frame 4
449.9296 	EXP 	Display Frame 5
449.9629 	EXP 	Display Frame 6
449.9962 	EXP 	Display Frame 7
450.0296 	EXP 	Display Frame 8
450.0629 	EXP 	Display Frame 9
450.0963 	EXP 	Display Frame 0
450.1298 	EXP 	Display Frame 1
450.1629 	EXP 	Display Frame 2
450.1963 	EXP 	Display Frame 3
450.2296 	EXP 	Display Frame 4
450.2629 	EXP 	Display Frame 5
450.2963 	EXP 	Display Frame 6
450.3296 	EXP 	Display Frame 7
450.3629 	EXP 	Display Frame 8
450.3962 	EXP 	Display Frame 9
450.4296 	EXP 	Display Frame 0
450.4629 	EXP 	Display Frame 1
450.4963 	EXP 	Display Frame 2
450.5296 	EXP 	Display Frame 3
450.5629 	EXP 	Display Frame 4
450.5962 	EXP 	Display Frame 5
450.6296 	EXP 	Display Frame 6
450.6629 	EXP 	Display Frame 7
450.6963 	EXP 	Display Frame 8
450.7296 	EXP 	Display Frame 9
450.7629 	EXP 	Display Frame 0
450.7962 	EXP 	Display Frame 1
450.8295 	EXP 	Display Frame 2
450.8629 	EXP 	Display Frame 3
450.8962 	EXP 	Display Frame 4
450.9298 	EXP 	Display Frame 5
450.9629 	EXP 	Display Frame 6
450.9962 	EXP 	Display Frame 7
451.0296 	EXP 	Display Frame 8
451.0629 	EXP 	Display Frame 9
451.0969 	EXP 	Display Frame 0
451.1296 	EXP 	Display Frame 1
451.1636 	EXP 	Display Frame 2
451.1962 	EXP 	Display Frame 3
451.2302 	EXP 	Display Frame 4
451.2629 	EXP 	Display Frame 5
451.2963 	EXP 	Display Frame 6
451.3296 	EXP 	Display Frame 7
451.3637 	EXP 	Display Frame 8
451.3962 	EXP 	Display Frame 9
451.4303 	EXP 	Display Frame 0
451.4629 	EXP 	Display Frame 1
451.4962 	EXP 	Display Frame 2
451.5296 	EXP 	Display Frame 3
451.5629 	EXP 	Display Frame 4
451.5962 	EXP 	Display Frame 5
451.6296 	EXP 	Display Frame 6
451.6629 	EXP 	Display Frame 7
451.6962 	EXP 	Display Frame 8
451.7296 	EXP 	Display Frame 9
451.7629 	EXP 	Display Frame 0
451.7962 	EXP 	Display Frame 1
451.8296 	EXP 	Display Frame 2
451.8630 	EXP 	Display Frame 3
451.8962 	EXP 	Display Frame 4
451.9296 	EXP 	Display Frame 5
451.9629 	EXP 	Display Frame 6
451.9963 	EXP 	Display Frame 7
452.0296 	EXP 	Display Frame 8
452.0629 	EXP 	Display Frame 9
452.0963 	EXP 	Display Frame 0
452.1296 	EXP 	Display Frame 1
452.1629 	EXP 	Display Frame 2
452.1962 	EXP 	Display Frame 3
452.2296 	EXP 	Display Frame 4
452.2629 	EXP 	Display Frame 5
452.2962 	EXP 	Display Frame 6
452.3296 	EXP 	Display Frame 7
452.3629 	EXP 	Display Frame 8
452.3962 	EXP 	Display Frame 9
452.4296 	EXP 	Display Frame 0
452.4629 	EXP 	Display Frame 1
452.4962 	EXP 	Display Frame 2
452.5296 	EXP 	Display Frame 3
452.5629 	EXP 	Display Frame 4
452.5963 	EXP 	Display Frame 5
452.6296 	EXP 	Display Frame 6
452.6629 	EXP 	Display Frame 7
452.6962 	EXP 	Display Frame 8
452.7296 	EXP 	Display Frame 9
452.7629 	EXP 	Display Frame 0
452.7962 	EXP 	Display Frame 1
452.8296 	EXP 	Display Frame 2
452.8629 	EXP 	Display Frame 3
452.8962 	EXP 	Display Frame 4
452.9296 	EXP 	Display Frame 5
452.9629 	EXP 	Display Frame 6
452.9963 	EXP 	Display Frame 7
453.0296 	EXP 	Display Frame 8
453.0630 	EXP 	Display Frame 9
453.0963 	EXP 	Display Frame 0
453.1296 	EXP 	Display Frame 1
453.1629 	EXP 	Display Frame 2
453.1962 	EXP 	Display Frame 3
453.2296 	EXP 	Display Frame 4
453.2629 	EXP 	Display Frame 5
453.2962 	EXP 	Display Frame 6
453.3296 	EXP 	Display Frame 7
453.3629 	EXP 	Display Frame 8
453.3962 	EXP 	Display Frame 9
453.4296 	EXP 	Display Frame 0
453.4629 	EXP 	Display Frame 1
453.4962 	EXP 	Display Frame 2
453.5296 	EXP 	Display Frame 3
453.5629 	EXP 	Display Frame 4
453.5962 	EXP 	Display Frame 5
453.6296 	EXP 	Display Frame 6
453.6629 	EXP 	Display Frame 7
453.6962 	EXP 	Display Frame 8
453.7296 	EXP 	Display Frame 9
453.7629 	EXP 	Display Frame 0
453.7962 	EXP 	Display Frame 1
453.8296 	EXP 	Display Frame 2
453.8629 	EXP 	Display Frame 3
453.8962 	EXP 	Display Frame 4
453.9296 	EXP 	Display Frame 5
453.9630 	EXP 	Display Frame 6
453.9962 	EXP 	Display Frame 7
454.0296 	EXP 	Display Frame 8
454.0630 	EXP 	Display Frame 9
454.0962 	EXP 	Display Frame 0
454.1296 	EXP 	Display Frame 1
454.1629 	EXP 	Display Frame 2
454.1963 	EXP 	Display Frame 3
454.2296 	EXP 	Display Frame 4
454.2629 	EXP 	Display Frame 5
454.2962 	EXP 	Display Frame 6
454.3296 	EXP 	Display Frame 7
454.3629 	EXP 	Display Frame 8
454.3962 	EXP 	Display Frame 9
454.4296 	EXP 	Display Frame 0
454.4629 	EXP 	Display Frame 1
454.4962 	EXP 	Display Frame 2
454.5296 	EXP 	Display Frame 3
454.5629 	EXP 	Display Frame 4
454.5963 	EXP 	Display Frame 5
454.6296 	EXP 	Display Frame 6
454.6629 	EXP 	Display Frame 7
454.6962 	EXP 	Display Frame 8
454.7296 	EXP 	Display Frame 9
454.7304 	DATA 	Keypress: equal
454.7629 	EXP 	Display Frame 0
454.7962 	EXP 	Display Frame 1
454.8296 	EXP 	Display Frame 2
454.8629 	EXP 	Display Frame 3
454.8963 	EXP 	Display Frame 4
454.9296 	EXP 	Display Frame 5
454.9629 	EXP 	Display Frame 6
454.9962 	EXP 	Display Frame 7
455.0296 	EXP 	Display Frame 8
455.0629 	EXP 	Display Frame 9
455.0963 	EXP 	Display Frame 0
455.1296 	EXP 	Display Frame 1
455.1629 	EXP 	Display Frame 2
455.1963 	EXP 	Display Frame 3
455.2296 	EXP 	Display Frame 4
455.2629 	EXP 	Display Frame 5
455.2963 	EXP 	Display Frame 6
455.3296 	EXP 	Display Frame 7
455.3629 	EXP 	Display Frame 8
455.3962 	EXP 	Display Frame 9
455.4296 	EXP 	Display Frame 0
455.4629 	EXP 	Display Frame 1
455.4962 	EXP 	Display Frame 2
455.5296 	EXP 	Display Frame 3
455.5629 	EXP 	Display Frame 4
455.5963 	EXP 	Display Frame 5
455.6296 	EXP 	Display Frame 6
455.6629 	EXP 	Display Frame 7
455.6962 	EXP 	Display Frame 8
455.7296 	EXP 	Display Frame 9
455.7629 	EXP 	Display Frame 0
455.7964 	EXP 	Display Frame 1
455.8296 	EXP 	Display Frame 2
455.8631 	EXP 	Display Frame 3
455.8966 	EXP 	Display Frame 4
455.9298 	EXP 	Display Frame 5
455.9630 	EXP 	Display Frame 6
455.9964 	EXP 	Display Frame 7
456.0298 	EXP 	Display Frame 8
456.0631 	EXP 	Display Frame 9
456.0963 	EXP 	Display Frame 0
456.1296 	EXP 	Display Frame 1
456.1629 	EXP 	Display Frame 2
456.1963 	EXP 	Display Frame 3
456.2296 	EXP 	Display Frame 4
456.2631 	EXP 	Display Frame 5
456.2962 	EXP 	Display Frame 6
456.3296 	EXP 	Display Frame 7
456.3629 	EXP 	Display Frame 8
456.3963 	EXP 	Display Frame 9
456.4296 	EXP 	Display Frame 0
456.4629 	EXP 	Display Frame 1
456.4963 	EXP 	Display Frame 2
456.5296 	EXP 	Display Frame 3
456.5634 	EXP 	Display Frame 4
456.5963 	EXP 	Display Frame 5
456.6296 	EXP 	Display Frame 6
456.6629 	EXP 	Display Frame 7
456.6962 	EXP 	Display Frame 8
456.7296 	EXP 	Display Frame 9
456.7629 	EXP 	Display Frame 0
456.7962 	EXP 	Display Frame 1
456.8296 	EXP 	Display Frame 2
456.8629 	EXP 	Display Frame 3
456.8962 	EXP 	Display Frame 4
456.9296 	EXP 	Display Frame 5
456.9629 	EXP 	Display Frame 6
456.9963 	EXP 	Display Frame 7
457.0296 	EXP 	Display Frame 8
457.0629 	EXP 	Display Frame 9
457.0962 	EXP 	Display Frame 0
457.1296 	EXP 	Display Frame 1
457.1629 	EXP 	Display Frame 2
457.1963 	EXP 	Display Frame 3
457.2296 	EXP 	Display Frame 4
457.2629 	EXP 	Display Frame 5
457.2962 	EXP 	Display Frame 6
457.3296 	EXP 	Display Frame 7
457.3629 	EXP 	Display Frame 8
457.3970 	EXP 	Display Frame 9
457.4296 	EXP 	Display Frame 0
457.4629 	EXP 	Display Frame 1
457.4962 	EXP 	Display Frame 2
457.5296 	EXP 	Display Frame 3
457.5629 	EXP 	Display Frame 4
457.5963 	EXP 	Display Frame 5
457.6296 	EXP 	Display Frame 6
457.6629 	EXP 	Display Frame 7
457.6963 	EXP 	Display Frame 8
457.7296 	EXP 	Display Frame 9
457.7629 	EXP 	Display Frame 0
457.7962 	EXP 	Display Frame 1
457.8296 	EXP 	Display Frame 2
457.8629 	EXP 	Display Frame 3
457.8963 	EXP 	Display Frame 4
457.9296 	EXP 	Display Frame 5
457.9629 	EXP 	Display Frame 6
457.9962 	EXP 	Display Frame 7
458.0296 	EXP 	Display Frame 8
458.0629 	EXP 	Display Frame 9
458.0963 	EXP 	Display Frame 0
458.1296 	EXP 	Display Frame 1
458.1629 	EXP 	Display Frame 2
458.1963 	EXP 	Display Frame 3
458.2296 	EXP 	Display Frame 4
458.2629 	EXP 	Display Frame 5
458.2963 	EXP 	Display Frame 6
458.3296 	EXP 	Display Frame 7
458.3629 	EXP 	Display Frame 8
458.3962 	EXP 	Display Frame 9
458.4296 	EXP 	Display Frame 0
458.4629 	EXP 	Display Frame 1
458.4962 	EXP 	Display Frame 2
458.5296 	EXP 	Display Frame 3
458.5630 	EXP 	Display Frame 4
458.5962 	EXP 	Display Frame 5
458.6296 	EXP 	Display Frame 6
458.6629 	EXP 	Display Frame 7
458.6962 	EXP 	Display Frame 8
458.7296 	EXP 	Display Frame 9
458.7629 	EXP 	Display Frame 0
458.7962 	EXP 	Display Frame 1
458.8296 	EXP 	Display Frame 2
458.8629 	EXP 	Display Frame 3
458.8962 	EXP 	Display Frame 4
458.9296 	EXP 	Display Frame 5
458.9629 	EXP 	Display Frame 6
458.9963 	EXP 	Display Frame 7
459.0296 	EXP 	Display Frame 8
459.0629 	EXP 	Display Frame 9
459.0962 	EXP 	Display Frame 0
459.1296 	EXP 	Display Frame 1
459.1629 	EXP 	Display Frame 2
459.1963 	EXP 	Display Frame 3
459.2296 	EXP 	Display Frame 4
459.2629 	EXP 	Display Frame 5
459.2962 	EXP 	Display Frame 6
459.3296 	EXP 	Display Frame 7
459.3629 	EXP 	Display Frame 8
459.3962 	EXP 	Display Frame 9
459.4296 	EXP 	Display Frame 0
459.4629 	EXP 	Display Frame 1
459.4962 	EXP 	Display Frame 2
459.5296 	EXP 	Display Frame 3
459.5629 	EXP 	Display Frame 4
459.5962 	EXP 	Display Frame 5
459.6296 	EXP 	Display Frame 6
459.6629 	EXP 	Display Frame 7
459.6963 	EXP 	Display Frame 8
459.7296 	EXP 	Display Frame 9
459.7629 	EXP 	Display Frame 0
459.7962 	EXP 	Display Frame 1
459.8296 	EXP 	Display Frame 2
459.8629 	EXP 	Display Frame 3
459.8962 	EXP 	Display Frame 4
459.9297 	DATA 	Keypress: equal
459.9307 	EXP 	Display Frame 5
459.9356 	EXP 	Display Fixation
465.1171 	DATA 	Keypress: equal
470.3112 	DATA 	Keypress: equal
475.5042 	DATA 	Keypress: equal
480.6980 	DATA 	Keypress: equal
485.8923 	DATA 	Keypress: equal
491.0853 	DATA 	Keypress: equal
491.1197 	EXP 	Display Frame 1
491.1530 	EXP 	Display Frame 2
491.1863 	EXP 	Display Frame 3
491.2197 	EXP 	Display Frame 4
491.2529 	EXP 	Display Frame 5
491.2863 	EXP 	Display Frame 6
491.3196 	EXP 	Display Frame 7
491.3530 	EXP 	Display Frame 8
491.3863 	EXP 	Display Frame 9
491.4197 	EXP 	Display Frame 0
491.4530 	EXP 	Display Frame 1
491.4863 	EXP 	Display Frame 2
491.5196 	EXP 	Display Frame 3
491.5530 	EXP 	Display Frame 4
491.5863 	EXP 	Display Frame 5
491.6196 	EXP 	Display Frame 6
491.6530 	EXP 	Display Frame 7
491.6863 	EXP 	Display Frame 8
491.7196 	EXP 	Display Frame 9
491.7530 	EXP 	Display Frame 0
491.7863 	EXP 	Display Frame 1
491.8196 	EXP 	Display Frame 2
491.8530 	EXP 	Display Frame 3
491.8863 	EXP 	Display Frame 4
491.9196 	EXP 	Display Frame 5
491.9529 	EXP 	Display Frame 6
491.9863 	EXP 	Display Frame 7
492.0196 	EXP 	Display Frame 8
492.0529 	EXP 	Display Frame 9
492.0863 	EXP 	Display Frame 0
492.1194 	EXP 	Display Frame 1
492.1529 	EXP 	Display Frame 2
492.1862 	EXP 	Display Frame 3
492.2196 	EXP 	Display Frame 4
492.2529 	EXP 	Display Frame 5
492.2862 	EXP 	Display Frame 6
492.3196 	EXP 	Display Frame 7
492.3529 	EXP 	Display Frame 8
492.3863 	EXP 	Display Frame 9
492.4196 	EXP 	Display Frame 0
492.4529 	EXP 	Display Frame 1
492.4863 	EXP 	Display Frame 2
492.5196 	EXP 	Display Frame 3
492.5529 	EXP 	Display Frame 4
492.5862 	EXP 	Display Frame 5
492.6196 	EXP 	Display Frame 6
492.6529 	EXP 	Display Frame 7
492.6863 	EXP 	Display Frame 8
492.7196 	EXP 	Display Frame 9
492.7529 	EXP 	Display Frame 0
492.7863 	EXP 	Display Frame 1
492.8196 	EXP 	Display Frame 2
492.8529 	EXP 	Display Frame 3
492.8863 	EXP 	Display Frame 4
492.9196 	EXP 	Display Frame 5
492.9529 	EXP 	Display Frame 6
492.9862 	EXP 	Display Frame 7
493.0196 	EXP 	Display Frame 8
493.0529 	EXP 	Display Frame 9
493.0863 	EXP 	Display Frame 0
493.1195 	EXP 	Display Frame 1
493.1529 	EXP 	Display Frame 2
493.1862 	EXP 	Display Frame 3
493.2196 	EXP 	Display Frame 4
493.2529 	EXP 	Display Frame 5
493.2863 	EXP 	Display Frame 6
493.3196 	EXP 	Display Frame 7
493.3529 	EXP 	Display Frame 8
493.3862 	EXP 	Display Frame 9
493.4199 	EXP 	Display Frame 0
493.4530 	EXP 	Display Frame 1
493.4863 	EXP 	Display Frame 2
493.5196 	EXP 	Display Frame 3
493.5532 	EXP 	Display Frame 4
493.5863 	EXP 	Display Frame 5
493.6196 	EXP 	Display Frame 6
493.6529 	EXP 	Display Frame 7
493.6862 	EXP 	Display Frame 8
493.7196 	EXP 	Display Frame 9
493.7529 	EXP 	Display Frame 0
493.7862 	EXP 	Display Frame 1
493.8196 	EXP 	Display Frame 2
493.8529 	EXP 	Display Frame 3
493.8862 	EXP 	Display Frame 4
493.9196 	EXP 	Display Frame 5
493.9529 	EXP 	Display Frame 6
493.9862 	EXP 	Display Frame 7
494.0196 	EXP 	Display Frame 8
494.0529 	EXP 	Display Frame 9
494.0863 	EXP 	Display Frame 0
494.1195 	EXP 	Display Frame 1
494.1529 	EXP 	Display Frame 2
494.1862 	EXP 	Display Frame 3
494.2196 	EXP 	Display Frame 4
494.2529 	EXP 	Display Frame 5
494.2863 	EXP 	Display Frame 6
494.3196 	EXP 	Display Frame 7
494.3529 	EXP 	Display Frame 8
494.3863 	EXP 	Display Frame 9
494.4196 	EXP 	Display Frame 0
494.4529 	EXP 	Display Frame 1
494.4863 	EXP 	Display Frame 2
494.5196 	EXP 	Display Frame 3
494.5529 	EXP 	Display Frame 4
494.5863 	EXP 	Display Frame 5
494.6196 	EXP 	Display Frame 6
494.6529 	EXP 	Display Frame 7
494.6862 	EXP 	Display Frame 8
494.7196 	EXP 	Display Frame 9
494.7529 	EXP 	Display Frame 0
494.7863 	EXP 	Display Frame 1
494.8196 	EXP 	Display Frame 2
494.8529 	EXP 	Display Frame 3
494.8863 	EXP 	Display Frame 4
494.9196 	EXP 	Display Frame 5
494.9529 	EXP 	Display Frame 6
494.9863 	EXP 	Display Frame 7
495.0196 	EXP 	Display Frame 8
495.0529 	EXP 	Display Frame 9
495.0863 	EXP 	Display Frame 0
495.1195 	EXP 	Display Frame 1
495.1529 	EXP 	Display Frame 2
495.1863 	EXP 	Display Frame 3
495.2196 	EXP 	Display Frame 4
495.2529 	EXP 	Display Frame 5
495.2862 	EXP 	Display Frame 6
495.3196 	EXP 	Display Frame 7
495.3529 	EXP 	Display Frame 8
495.3863 	EXP 	Display Frame 9
495.4196 	EXP 	Display Frame 0
495.4529 	EXP 	Display Frame 1
495.4863 	EXP 	Display Frame 2
495.5196 	EXP 	Display Frame 3
495.5529 	EXP 	Display Frame 4
495.5862 	EXP 	Display Frame 5
495.6196 	EXP 	Display Frame 6
495.6529 	EXP 	Display Frame 7
495.6862 	EXP 	Display Frame 8
495.7196 	EXP 	Display Frame 9
495.7529 	EXP 	Display Frame 0
495.7863 	EXP 	Display Frame 1
495.8196 	EXP 	Display Frame 2
495.8529 	EXP 	Display Frame 3
495.8863 	EXP 	Display Frame 4
495.9196 	EXP 	Display Frame 5
495.9529 	EXP 	Display Frame 6
495.9862 	EXP 	Display Frame 7
496.0196 	EXP 	Display Frame 8
496.0529 	EXP 	Display Frame 9
496.0863 	EXP 	Display Frame 0
496.1195 	EXP 	Display Frame 1
496.1529 	EXP 	Display Frame 2
496.1863 	EXP 	Display Frame 3
496.2196 	EXP 	Display Frame 4
496.2529 	EXP 	Display Frame 5
496.2864 	DATA 	Keypress: equal
496.2874 	EXP 	Display Frame 6
496.3196 	EXP 	Display Frame 7
496.3529 	EXP 	Display Frame 8
496.3863 	EXP 	Display Frame 9
496.4196 	EXP 	Display Frame 0
496.4529 	EXP 	Display Frame 1
496.4863 	EXP 	Display Frame 2
496.5196 	EXP 	Display Frame 3
496.5529 	EXP 	Display Frame 4
496.5862 	EXP 	Display Frame 5
496.6196 	EXP 	Display Frame 6
496.6529 	EXP 	Display Frame 7
496.6862 	EXP 	Display Frame 8
496.7196 	EXP 	Display Frame 9
496.7529 	EXP 	Display Frame 0
496.7863 	EXP 	Display Frame 1
496.8196 	EXP 	Display Frame 2
496.8529 	EXP 	Display Frame 3
496.8862 	EXP 	Display Frame 4
496.9196 	EXP 	Display Frame 5
496.9529 	EXP 	Display Frame 6
496.9863 	EXP 	Display Frame 7
497.0196 	EXP 	Display Frame 8
497.0529 	EXP 	Display Frame 9
497.0863 	EXP 	Display Frame 0
497.1195 	EXP 	Display Frame 1
497.1529 	EXP 	Display Frame 2
497.1862 	EXP 	Display Frame 3
497.2196 	EXP 	Display Frame 4
497.2529 	EXP 	Display Frame 5
497.2863 	EXP 	Display Frame 6
497.3196 	EXP 	Display Frame 7
497.3529 	EXP 	Display Frame 8
497.3863 	EXP 	Display Frame 9
497.4196 	EXP 	Display Frame 0
497.4529 	EXP 	Display Frame 1
497.4862 	EXP 	Display Frame 2
497.5196 	EXP 	Display Frame 3
497.5529 	EXP 	Display Frame 4
497.5862 	EXP 	Display Frame 5
497.6196 	EXP 	Display Frame 6
497.6529 	EXP 	Display Frame 7
497.6863 	EXP 	Display Frame 8
497.7196 	EXP 	Display Frame 9
497.7529 	EXP 	Display Frame 0
497.7862 	EXP 	Display Frame 1
497.8196 	EXP 	Display Frame 2
497.8529 	EXP 	Display Frame 3
497.8863 	EXP 	Display Frame 4
497.9196 	EXP 	Display Frame 5
497.9529 	EXP 	Display Frame 6
497.9863 	EXP 	Display Frame 7
498.0196 	EXP 	Display Frame 8
498.0529 	EXP 	Display Frame 9
498.0862 	EXP 	Display Frame 0
498.1195 	EXP 	Display Frame 1
498.1529 	EXP 	Display Frame 2
498.1862 	EXP 	Display Frame 3
498.2196 	EXP 	Display Frame 4
498.2529 	EXP 	Display Frame 5
498.2863 	EXP 	Display Frame 6
498.3196 	EXP 	Display Frame 7
498.3530 	EXP 	Display Frame 8
498.3862 	EXP 	Display Frame 9
498.4196 	EXP 	Display Frame 0
498.4529 	EXP 	Display Frame 1
498.4863 	EXP 	Display Frame 2
498.5196 	EXP 	Display Frame 3
498.5529 	EXP 	Display Frame 4
498.5863 	EXP 	Display Frame 5
498.6196 	EXP 	Display Frame 6
498.6529 	EXP 	Display Frame 7
498.6862 	EXP 	Display Frame 8
498.7196 	EXP 	Display Frame 9
498.7529 	EXP 	Display Frame 0
498.7862 	EXP 	Display Frame 1
498.8196 	EXP 	Display Frame 2
498.8531 	EXP 	Display Frame 3
498.8923 	EXP 	Display Frame 4
498.9196 	EXP 	Display Frame 5
498.9529 	EXP 	Display Frame 6
498.9863 	EXP 	Display Frame 7
499.0196 	EXP 	Display Frame 8
499.0529 	EXP 	Display Frame 9
499.0862 	EXP 	Display Frame 0
499.1195 	EXP 	Display Frame 1
499.1529 	EXP 	Display Frame 2
499.1866 	EXP 	Display Frame 3
499.2199 	EXP 	Display Frame 4
499.2531 	EXP 	Display Frame 5
499.2863 	EXP 	Display Frame 6
499.3196 	EXP 	Display Frame 7
499.3529 	EXP 	Display Frame 8
499.3863 	EXP 	Display Frame 9
499.4196 	EXP 	Display Frame 0
499.4529 	EXP 	Display Frame 1
499.4862 	EXP 	Display Frame 2
499.5196 	EXP 	Display Frame 3
499.5529 	EXP 	Display Frame 4
499.5862 	EXP 	Display Frame 5
499.6196 	EXP 	Display Frame 6
499.6529 	EXP 	Display Frame 7
499.6862 	EXP 	Display Frame 8
499.7196 	EXP 	Display Frame 9
499.7529 	EXP 	Display Frame 0
499.7862 	EXP 	Display Frame 1
499.8196 	EXP 	Display Frame 2
499.8529 	EXP 	Display Frame 3
499.8862 	EXP 	Display Frame 4
499.9196 	EXP 	Display Frame 5
499.9529 	EXP 	Display Frame 6
499.9862 	EXP 	Display Frame 7
500.0196 	EXP 	Display Frame 8
500.0529 	EXP 	Display Frame 9
500.0862 	EXP 	Display Frame 0
500.1195 	EXP 	Display Frame 1
500.1529 	EXP 	Display Frame 2
500.1862 	EXP 	Display Frame 3
500.2196 	EXP 	Display Frame 4
500.2529 	EXP 	Display Frame 5
500.2863 	EXP 	Display Frame 6
500.3196 	EXP 	Display Frame 7
500.3529 	EXP 	Display Frame 8
500.3862 	EXP 	Display Frame 9
500.4196 	EXP 	Display Frame 0
500.4529 	EXP 	Display Frame 1
500.4863 	EXP 	Display Frame 2
500.5196 	EXP 	Display Frame 3
500.5529 	EXP 	Display Frame 4
500.5863 	EXP 	Display Frame 5
500.6196 	EXP 	Display Frame 6
500.6529 	EXP 	Display Frame 7
500.6862 	EXP 	Display Frame 8
500.7196 	EXP 	Display Frame 9
500.7529 	EXP 	Display Frame 0
500.7862 	EXP 	Display Frame 1
500.8196 	EXP 	Display Frame 2
500.8529 	EXP 	Display Frame 3
500.8862 	EXP 	Display Frame 4
500.9196 	EXP 	Display Frame 5
500.9529 	EXP 	Display Frame 6
500.9862 	EXP 	Display Frame 7
501.0196 	EXP 	Display Frame 8
501.0529 	EXP 	Display Frame 9
501.0862 	EXP 	Display Frame 0
501.1195 	EXP 	Display Frame 1
501.1529 	EXP 	Display Frame 2
501.1863 	EXP 	Display Frame 3
501.2196 	EXP 	Display Frame 4
501.2529 	EXP 	Display Frame 5
501.2862 	EXP 	Display Frame 6
501.3196 	EXP 	Display Frame 7
501.3529 	EXP 	Display Frame 8
501.3863 	EXP 	Display Frame 9
501.4196 	EXP 	Display Frame 0
501.4529 	EXP 	Display Frame 1
501.4864 	DATA 	Keypress: equal
501.4874 	EXP 	Display Frame 2
501.5196 	EXP 	Display Frame 3
501.5529 	EXP 	Display Frame 4
501.5863 	EXP 	Display Frame 5
501.6196 	EXP 	Display Frame 6
501.6530 	EXP 	Display Frame 7
501.6862 	EXP 	Display Frame 8
501.7196 	EXP 	Display Frame 9
501.7529 	EXP 	Display Frame 0
501.7863 	EXP 	Display Frame 1
501.8196 	EXP 	Display Frame 2
501.8529 	EXP 	Display Frame 3
501.8863 	EXP 	Display Frame 4
501.9196 	EXP 	Display Frame 5
501.9529 	EXP 	Display Frame 6
501.9862 	EXP 	Display Frame 7
502.0196 	EXP 	Display Frame 8
502.0529 	EXP 	Display Frame 9
502.0863 	EXP 	Display Frame 0
502.1195 	EXP 	Display Frame 1
502.1529 	EXP 	Display Frame 2
502.1862 	EXP 	Display Frame 3
502.2196 	EXP 	Display Frame 4
502.2529 	EXP 	Display Frame 5
502.2862 	EXP 	Display Frame 6
502.3196 	EXP 	Display Frame 7
502.3529 	EXP 	Display Frame 8
502.3863 	EXP 	Display Frame 9
502.4196 	EXP 	Display Frame 0
502.4529 	EXP 	Display Frame 1
502.4862 	EXP 	Display Frame 2
502.5196 	EXP 	Display Frame 3
502.5529 	EXP 	Display Frame 4
502.5862 	EXP 	Display Frame 5
502.6196 	EXP 	Display Frame 6
502.6529 	EXP 	Display Frame 7
502.6863 	EXP 	Display Frame 8
502.7196 	EXP 	Display Frame 9
502.7529 	EXP 	Display Frame 0
502.7863 	EXP 	Display Frame 1
502.8197 	EXP 	Display Frame 2
502.8532 	EXP 	Display Frame 3
502.8865 	EXP 	Display Frame 4
502.9196 	EXP 	Display Frame 5
502.9529 	EXP 	Display Frame 6
502.9863 	EXP 	Display Frame 7
503.0196 	EXP 	Display Frame 8
503.0529 	EXP 	Display Frame 9
503.0863 	EXP 	Display Frame 0
503.1195 	EXP 	Display Frame 1
503.1529 	EXP 	Display Frame 2
503.1862 	EXP 	Display Frame 3
503.2196 	EXP 	Display Frame 4
503.2529 	EXP 	Display Frame 5
503.2863 	EXP 	Display Frame 6
503.3196 	EXP 	Display Frame 7
503.3529 	EXP 	Display Frame 8
503.3862 	EXP 	Display Frame 9
503.4196 	EXP 	Display Frame 0
503.4529 	EXP 	Display Frame 1
503.4862 	EXP 	Display Frame 2
503.5196 	EXP 	Display Frame 3
503.5529 	EXP 	Display Frame 4
503.5863 	EXP 	Display Frame 5
503.6196 	EXP 	Display Frame 6
503.6529 	EXP 	Display Frame 7
503.6863 	EXP 	Display Frame 8
503.7196 	EXP 	Display Frame 9
503.7530 	EXP 	Display Frame 0
503.7863 	EXP 	Display Frame 1
503.8196 	EXP 	Display Frame 2
503.8529 	EXP 	Display Frame 3
503.8863 	EXP 	Display Frame 4
503.9196 	EXP 	Display Frame 5
503.9529 	EXP 	Display Frame 6
503.9863 	EXP 	Display Frame 7
504.0196 	EXP 	Display Frame 8
504.0529 	EXP 	Display Frame 9
504.0863 	EXP 	Display Frame 0
504.1195 	EXP 	Display Frame 1
504.1529 	EXP 	Display Frame 2
504.1862 	EXP 	Display Frame 3
504.2197 	EXP 	Display Frame 4
504.2529 	EXP 	Display Frame 5
504.2863 	EXP 	Display Frame 6
504.3196 	EXP 	Display Frame 7
504.3529 	EXP 	Display Frame 8
504.3862 	EXP 	Display Frame 9
504.4196 	EXP 	Display Frame 0
504.4529 	EXP 	Display Frame 1
504.4863 	EXP 	Display Frame 2
504.5196 	EXP 	Display Frame 3
504.5529 	EXP 	Display Frame 4
504.5863 	EXP 	Display Frame 5
504.6196 	EXP 	Display Frame 6
504.6529 	EXP 	Display Frame 7
504.6863 	EXP 	Display Frame 8
504.7196 	EXP 	Display Frame 9
504.7529 	EXP 	Display Frame 0
504.7862 	EXP 	Display Frame 1
504.8196 	EXP 	Display Frame 2
504.8529 	EXP 	Display Frame 3
504.8865 	EXP 	Display Frame 4
504.9197 	EXP 	Display Frame 5
504.9533 	EXP 	Display Frame 6
504.9866 	EXP 	Display Frame 7
505.0196 	EXP 	Display Frame 8
505.0530 	EXP 	Display Frame 9
505.0862 	EXP 	Display Frame 0
505.1195 	EXP 	Display Frame 1
505.1529 	EXP 	Display Frame 2
505.1863 	EXP 	Display Frame 3
505.2196 	EXP 	Display Frame 4
505.2529 	EXP 	Display Frame 5
505.2863 	EXP 	Display Frame 6
505.3196 	EXP 	Display Frame 7
505.3530 	EXP 	Display Frame 8
505.3862 	EXP 	Display Frame 9
505.4196 	EXP 	Display Frame 0
505.4529 	EXP 	Display Frame 1
505.4863 	EXP 	Display Frame 2
505.5196 	EXP 	Display Frame 3
505.5529 	EXP 	Display Frame 4
505.5863 	EXP 	Display Frame 5
505.6196 	EXP 	Display Frame 6
505.6529 	EXP 	Display Frame 7
505.6862 	EXP 	Display Frame 8
505.7198 	EXP 	Display Frame 9
505.7531 	EXP 	Display Frame 0
505.7863 	EXP 	Display Frame 1
505.8196 	EXP 	Display Frame 2
505.8529 	EXP 	Display Frame 3
505.8864 	EXP 	Display Frame 4
505.9196 	EXP 	Display Frame 5
505.9529 	EXP 	Display Frame 6
505.9862 	EXP 	Display Frame 7
506.0196 	EXP 	Display Frame 8
506.0529 	EXP 	Display Frame 9
506.0862 	EXP 	Display Frame 0
506.1196 	EXP 	Display Frame 1
506.1529 	EXP 	Display Frame 2
506.1863 	EXP 	Display Frame 3
506.2196 	EXP 	Display Frame 4
506.2529 	EXP 	Display Frame 5
506.2862 	EXP 	Display Frame 6
506.3196 	EXP 	Display Frame 7
506.3529 	EXP 	Display Frame 8
506.3863 	EXP 	Display Frame 9
506.4196 	EXP 	Display Frame 0
506.4529 	EXP 	Display Frame 1
506.4863 	EXP 	Display Frame 2
506.5196 	EXP 	Display Frame 3
506.5529 	EXP 	Display Frame 4
506.5863 	EXP 	Display Frame 5
506.6196 	EXP 	Display Frame 6
506.6529 	EXP 	Display Frame 7
506.6864 	DATA 	Keypress: equal
506.6874 	EXP 	Display Frame 8
506.7196 	EXP 	Display Frame 9
506.7529 	EXP 	Display Frame 0
506.7863 	EXP 	Display Frame 1
506.8196 	EXP 	Display Frame 2
506.8529 	EXP 	Display Frame 3
506.8863 	EXP 	Display Frame 4
506.9196 	EXP 	Display Frame 5
506.9529 	EXP 	Display Frame 6
506.9863 	EXP 	Display Frame 7
507.0196 	EXP 	Display Frame 8
507.0529 	EXP 	Display Frame 9
507.0863 	EXP 	Display Frame 0
507.1195 	EXP 	Display Frame 1
507.1529 	EXP 	Display Frame 2
507.1862 	EXP 	Display Frame 3
507.2196 	EXP 	Display Frame 4
507.2529 	EXP 	Display Frame 5
507.2862 	EXP 	Display Frame 6
507.3196 	EXP 	Display Frame 7
507.3529 	EXP 	Display Frame 8
507.3863 	EXP 	Display Frame 9
507.4196 	EXP 	Display Frame 0
507.4529 	EXP 	Display Frame 1
507.4863 	EXP 	Display Frame 2
507.5196 	EXP 	Display Frame 3
507.5529 	EXP 	Display Frame 4
507.5862 	EXP 	Display Frame 5
507.6196 	EXP 	Display Frame 6
507.6529 	EXP 	Display Frame 7
507.6863 	EXP 	Display Frame 8
507.7196 	EXP 	Display Frame 9
507.7529 	EXP 	Display Frame 0
507.7863 	EXP 	Display Frame 1
507.8196 	EXP 	Display Frame 2
507.8529 	EXP 	Display Frame 3
507.8863 	EXP 	Display Frame 4
507.9196 	EXP 	Display Frame 5
507.9529 	EXP 	Display Frame 6
507.9863 	EXP 	Display Frame 7
508.0196 	EXP 	Display Frame 8
508.0529 	EXP 	Display Frame 9
508.0862 	EXP 	Display Frame 0
508.1195 	EXP 	Display Frame 1
508.1529 	EXP 	Display Frame 2
508.1863 	EXP 	Display Frame 3
508.2196 	EXP 	Display Frame 4
508.2529 	EXP 	Display Frame 5
508.2863 	EXP 	Display Frame 6
508.3196 	EXP 	Display Frame 7
508.3529 	EXP 	Display Frame 8
508.3863 	EXP 	Display Frame 9
508.4196 	EXP 	Display Frame 0
508.4529 	EXP 	Display Frame 1
508.4863 	EXP 	Display Frame 2
508.5196 	EXP 	Display Frame 3
508.5529 	EXP 	Display Frame 4
508.5862 	EXP 	Display Frame 5
508.6196 	EXP 	Display Frame 6
508.6529 	EXP 	Display Frame 7
508.6863 	EXP 	Display Frame 8
508.7196 	EXP 	Display Frame 9
508.7529 	EXP 	Display Frame 0
508.7862 	EXP 	Display Frame 1
508.8196 	EXP 	Display Frame 2
508.8529 	EXP 	Display Frame 3
508.8863 	EXP 	Display Frame 4
508.9196 	EXP 	Display Frame 5
508.9529 	EXP 	Display Frame 6
508.9863 	EXP 	Display Frame 7
509.0196 	EXP 	Display Frame 8
509.0529 	EXP 	Display Frame 9
509.0863 	EXP 	Display Frame 0
509.1194 	EXP 	Display Frame 1
509.1529 	EXP 	Display Frame 2
509.1863 	EXP 	Display Frame 3
509.2196 	EXP 	Display Frame 4
509.2529 	EXP 	Display Frame 5
509.2863 	EXP 	Display Frame 6
509.3196 	EXP 	Display Frame 7
509.3529 	EXP 	Display Frame 8
509.3862 	EXP 	Display Frame 9
509.4196 	EXP 	Display Frame 0
509.4529 	EXP 	Display Frame 1
509.4863 	EXP 	Display Frame 2
509.5196 	EXP 	Display Frame 3
509.5570 	EXP 	Display Frame 4
509.5863 	EXP 	Display Frame 5
509.6196 	EXP 	Display Frame 6
509.6529 	EXP 	Display Frame 7
509.6862 	EXP 	Display Frame 8
509.7211 	EXP 	Display Frame 9
509.7529 	EXP 	Display Frame 0
509.7863 	EXP 	Display Frame 1
509.8196 	EXP 	Display Frame 2
509.8529 	EXP 	Display Frame 3
509.8863 	EXP 	Display Frame 4
509.9196 	EXP 	Display Frame 5
509.9529 	EXP 	Display Frame 6
509.9863 	EXP 	Display Frame 7
510.0196 	EXP 	Display Frame 8
510.0529 	EXP 	Display Frame 9
510.0863 	EXP 	Display Frame 0
510.1195 	EXP 	Display Frame 1
510.1529 	EXP 	Display Frame 2
510.1862 	EXP 	Display Frame 3
510.2196 	EXP 	Display Frame 4
510.2529 	EXP 	Display Frame 5
510.2863 	EXP 	Display Frame 6
510.3196 	EXP 	Display Frame 7
510.3529 	EXP 	Display Frame 8
510.3862 	EXP 	Display Frame 9
510.4196 	EXP 	Display Frame 0
510.4529 	EXP 	Display Frame 1
510.4863 	EXP 	Display Frame 2
510.5196 	EXP 	Display Frame 3
510.5529 	EXP 	Display Frame 4
510.5863 	EXP 	Display Frame 5
510.6196 	EXP 	Display Frame 6
510.6529 	EXP 	Display Frame 7
510.6862 	EXP 	Display Frame 8
510.7199 	EXP 	Display Frame 9
510.7529 	EXP 	Display Frame 0
510.7863 	EXP 	Display Frame 1
510.8294 	EXP 	Display Frame 2
510.8530 	EXP 	Display Frame 3
510.8863 	EXP 	Display Frame 4
510.9196 	EXP 	Display Frame 5
510.9530 	EXP 	Display Frame 6
510.9863 	EXP 	Display Frame 7
511.0196 	EXP 	Display Frame 8
511.0530 	EXP 	Display Frame 9
511.0863 	EXP 	Display Frame 0
511.1195 	EXP 	Display Frame 1
511.1529 	EXP 	Display Frame 2
511.1863 	EXP 	Display Frame 3
511.2196 	EXP 	Display Frame 4
511.2530 	EXP 	Display Frame 5
511.2863 	EXP 	Display Frame 6
511.3196 	EXP 	Display Frame 7
511.3529 	EXP 	Display Frame 8
511.3863 	EXP 	Display Frame 9
511.4196 	EXP 	Display Frame 0
511.4529 	EXP 	Display Frame 1
511.4863 	EXP 	Display Frame 2
511.5196 	EXP 	Display Frame 3
511.5529 	EXP 	Display Frame 4
511.5862 	EXP 	Display Frame 5
511.6196 	EXP 	Display Frame 6
511.6529 	EXP 	Display Frame 7
511.6863 	EXP 	Display Frame 8
511.7196 	EXP 	Display Frame 9
511.7529 	EXP 	Display Frame 0
511.7863 	EXP 	Display Frame 1
511.8196 	EXP 	Display Frame 2
511.8529 	EXP 	Display Frame 3
511.8864 	DATA 	Keypress: equal
511.8874 	EXP 	Display Frame 4
511.9196 	EXP 	Display Frame 5
511.9529 	EXP 	Display Frame 6
511.9863 	EXP 	Display Frame 7
512.0196 	EXP 	Display Frame 8
512.0529 	EXP 	Display Frame 9
512.0863 	EXP 	Display Frame 0
512.1195 	EXP 	Display Frame 1
512.1529 	EXP 	Display Frame 2
512.1863 	EXP 	Display Frame 3
512.2196 	EXP 	Display Frame 4
512.2529 	EXP 	Display Frame 5
512.2862 	EXP 	Display Frame 6
512.3196 	EXP 	Display Frame 7
512.3529 	EXP 	Display Frame 8
512.3863 	EXP 	Display Frame 9
512.4196 	EXP 	Display Frame 0
512.4529 	EXP 	Display Frame 1
512.4863 	EXP 	Display Frame 2
512.5196 	EXP 	Display Frame 3
512.5529 	EXP 	Display Frame 4
512.5862 	EXP 	Display Frame 5
512.6196 	EXP 	Display Frame 6
512.6529 	EXP 	Display Frame 7
512.6863 	EXP 	Display Frame 8
512.7196 	EXP 	Display Frame 9
512.7529 	EXP 	Display Frame 0
512.7863 	EXP 	Display Frame 1
512.8196 	EXP 	Display Frame 2
512.8529 	EXP 	Display Frame 3
512.8862 	EXP 	Display Frame 4
512.9196 	EXP 	Display Frame 5
512.9529 	EXP 	Display Frame 6
512.9863 	EXP 	Display Frame 7
513.0196 	EXP 	Display Frame 8
513.0529 	EXP 	Display Frame 9
513.0863 	EXP 	Display Frame 0
513.1194 	EXP 	Display Frame 1
513.1529 	EXP 	Display Frame 2
513.1863 	EXP 	Display Frame 3
513.2196 	EXP 	Display Frame 4
513.2529 	EXP 	Display Frame 5
513.2863 	EXP 	Display Frame 6
513.3196 	EXP 	Display Frame 7
513.3529 	EXP 	Display Frame 8
513.3862 	EXP 	Display Frame 9
513.4196 	EXP 	Display Frame 0
513.4529 	EXP 	Display Frame 1
513.4863 	EXP 	Display Frame 2
513.5196 	EXP 	Display Frame 3
513.5529 	EXP 	Display Frame 4
513.5863 	EXP 	Display Frame 5
513.6195 	EXP 	Display Frame 6
513.6529 	EXP 	Display Frame 7
513.6862 	EXP 	Display Frame 8
513.7196 	EXP 	Display Frame 9
513.7529 	EXP 	Display Frame 0
513.7863 	EXP 	Display Frame 1
513.8196 	EXP 	Display Frame 2
513.8529 	EXP 	Display Frame 3
513.8863 	EXP 	Display Frame 4
513.9196 	EXP 	Display Frame 5
513.9529 	EXP 	Display Frame 6
513.9862 	EXP 	Display Frame 7
514.0196 	EXP 	Display Frame 8
514.0529 	EXP 	Display Frame 9
514.0862 	EXP 	Display Frame 0
514.1195 	EXP 	Display Frame 1
514.1529 	EXP 	Display Frame 2
514.1863 	EXP 	Display Frame 3
514.2196 	EXP 	Display Frame 4
514.2529 	EXP 	Display Frame 5
514.2862 	EXP 	Display Frame 6
514.3196 	EXP 	Display Frame 7
514.3529 	EXP 	Display Frame 8
514.3863 	EXP 	Display Frame 9
514.4196 	EXP 	Display Frame 0
514.4529 	EXP 	Display Frame 1
514.4863 	EXP 	Display Frame 2
514.5196 	EXP 	Display Frame 3
514.5530 	EXP 	Display Frame 4
514.5862 	EXP 	Display Frame 5
514.6196 	EXP 	Display Frame 6
514.6529 	EXP 	Display Frame 7
514.6862 	EXP 	Display Frame 8
514.7196 	EXP 	Display Frame 9
514.7529 	EXP 	Display Frame 0
514.7863 	EXP 	Display Frame 1
514.8196 	EXP 	Display Frame 2
514.8530 	EXP 	Display Frame 3
514.8908 	EXP 	Display Frame 4
514.9196 	EXP 	Display Frame 5
514.9529 	EXP 	Display Frame 6
514.9862 	EXP 	Display Frame 7
515.0196 	EXP 	Display Frame 8
515.0529 	EXP 	Display Frame 9
515.0863 	EXP 	Display Frame 0
515.1195 	EXP 	Display Frame 1
515.1529 	EXP 	Display Frame 2
515.1862 	EXP 	Display Frame 3
515.2196 	EXP 	Display Frame 4
515.2529 	EXP 	Display Frame 5
515.2862 	EXP 	Display Frame 6
515.3196 	EXP 	Display Frame 7
515.3529 	EXP 	Display Frame 8
515.3863 	EXP 	Display Frame 9
515.4196 	EXP 	Display Frame 0
515.4530 	EXP 	Display Frame 1
515.4863 	EXP 	Display Frame 2
515.5196 	EXP 	Display Frame 3
515.5530 	EXP 	Display Frame 4
515.5862 	EXP 	Display Frame 5
515.6196 	EXP 	Display Frame 6
515.6529 	EXP 	Display Frame 7
515.6862 	EXP 	Display Frame 8
515.7196 	EXP 	Display Frame 9
515.7529 	EXP 	Display Frame 0
515.7862 	EXP 	Display Frame 1
515.8196 	EXP 	Display Frame 2
515.8529 	EXP 	Display Frame 3
515.8863 	EXP 	Display Frame 4
515.9196 	EXP 	Display Frame 5
515.9529 	EXP 	Display Frame 6
515.9863 	EXP 	Display Frame 7
516.0196 	EXP 	Display Frame 8
516.0529 	EXP 	Display Frame 9
516.0863 	EXP 	Display Frame 0
516.1195 	EXP 	Display Frame 1
516.1529 	EXP 	Display Frame 2
516.1863 	EXP 	Display Frame 3
516.2196 	EXP 	Display Frame 4
516.2529 	EXP 	Display Frame 5
516.2862 	EXP 	Display Frame 6
516.3196 	EXP 	Display Frame 7
516.3536 	EXP 	Display Frame 8
516.3863 	EXP 	Display Frame 9
516.4196 	EXP 	Display Frame 0
516.4529 	EXP 	Display Frame 1
516.4862 	EXP 	Display Frame 2
516.5196 	EXP 	Display Frame 3
516.5529 	EXP 	Display Frame 4
516.5863 	EXP 	Display Frame 5
516.6196 	EXP 	Display Frame 6
516.6529 	EXP 	Display Frame 7
516.6863 	EXP 	Display Frame 8
516.7196 	EXP 	Display Frame 9
516.7529 	EXP 	Display Frame 0
516.7862 	EXP 	Display Frame 1
516.8196 	EXP 	Display Frame 2
516.8529 	EXP 	Display Frame 3
516.8862 	EXP 	Display Frame 4
516.9197 	EXP 	Display Frame 5
516.9529 	EXP 	Display Frame 6
516.9863 	EXP 	Display Frame 7
517.0196 	EXP 	Display Frame 8
517.0531 	EXP 	Display Frame 9
517.0539 	DATA 	Keypress: equal
517.0863 	EXP 	Display Frame 0
517.1196 	EXP 	Display Frame 1
517.1530 	EXP 	Display Frame 2
517.1863 	EXP 	Display Frame 3
517.2196 	EXP 	Display Frame 4
517.2529 	EXP 	Display Frame 5
517.2863 	EXP 	Display Frame 6
517.3196 	EXP 	Display Frame 7
517.3529 	EXP 	Display Frame 8
517.3862 	EXP 	Display Frame 9
517.4196 	EXP 	Display Frame 0
517.4529 	EXP 	Display Frame 1
517.4863 	EXP 	Display Frame 2
517.5196 	EXP 	Display Frame 3
517.5529 	EXP 	Display Frame 4
517.5863 	EXP 	Display Frame 5
517.6196 	EXP 	Display Frame 6
517.6529 	EXP 	Display Frame 7
517.6862 	EXP 	Display Frame 8
517.7196 	EXP 	Display Frame 9
517.7529 	EXP 	Display Frame 0
517.7862 	EXP 	Display Frame 1
517.8196 	EXP 	Display Frame 2
517.8529 	EXP 	Display Frame 3
517.8863 	EXP 	Display Frame 4
517.9196 	EXP 	Display Frame 5
517.9529 	EXP 	Display Frame 6
517.9863 	EXP 	Display Frame 7
518.0196 	EXP 	Display Frame 8
518.0529 	EXP 	Display Frame 9
518.0862 	EXP 	Display Frame 0
518.1195 	EXP 	Display Frame 1
518.1529 	EXP 	Display Frame 2
518.1863 	EXP 	Display Frame 3
518.2196 	EXP 	Display Frame 4
518.2529 	EXP 	Display Frame 5
518.2862 	EXP 	Display Frame 6
518.3196 	EXP 	Display Frame 7
518.3529 	EXP 	Display Frame 8
518.3862 	EXP 	Display Frame 9
518.4196 	EXP 	Display Frame 0
518.4529 	EXP 	Display Frame 1
518.4863 	EXP 	Display Frame 2
518.5196 	EXP 	Display Frame 3
518.5529 	EXP 	Display Frame 4
518.5863 	EXP 	Display Frame 5
518.6196 	EXP 	Display Frame 6
518.6530 	EXP 	Display Frame 7
518.6863 	EXP 	Display Frame 8
518.7196 	EXP 	Display Frame 9
518.7529 	EXP 	Display Frame 0
518.7863 	EXP 	Display Frame 1
518.8196 	EXP 	Display Frame 2
518.8529 	EXP 	Display Frame 3
518.8864 	EXP 	Display Frame 4
518.9198 	EXP 	Display Frame 5
518.9532 	EXP 	Display Frame 6
518.9863 	EXP 	Display Frame 7
519.0196 	EXP 	Display Frame 8
519.0529 	EXP 	Display Frame 9
519.0863 	EXP 	Display Frame 0
519.1195 	EXP 	Display Frame 1
519.1529 	EXP 	Display Frame 2
519.1863 	EXP 	Display Frame 3
519.2196 	EXP 	Display Frame 4
519.2529 	EXP 	Display Frame 5
519.2863 	EXP 	Display Frame 6
519.3196 	EXP 	Display Frame 7
519.3529 	EXP 	Display Frame 8
519.3862 	EXP 	Display Frame 9
519.4196 	EXP 	Display Frame 0
519.4529 	EXP 	Display Frame 1
519.4863 	EXP 	Display Frame 2
519.5196 	EXP 	Display Frame 3
519.5529 	EXP 	Display Frame 4
519.5862 	EXP 	Display Frame 5
519.6196 	EXP 	Display Frame 6
519.6529 	EXP 	Display Frame 7
519.6862 	EXP 	Display Frame 8
519.7196 	EXP 	Display Frame 9
519.7529 	EXP 	Display Frame 0
519.7863 	EXP 	Display Frame 1
519.8196 	EXP 	Display Frame 2
519.8529 	EXP 	Display Frame 3
519.8863 	EXP 	Display Frame 4
519.9196 	EXP 	Display Frame 5
519.9529 	EXP 	Display Frame 6
519.9863 	EXP 	Display Frame 7
520.0196 	EXP 	Display Frame 8
520.0529 	EXP 	Display Frame 9
520.0862 	EXP 	Display Frame 0
520.1196 	EXP 	Display Frame 1
520.1530 	EXP 	Display Frame 2
520.1863 	EXP 	Display Frame 3
520.2243 	EXP 	Display Frame 4
520.2529 	EXP 	Display Frame 5
520.2862 	EXP 	Display Frame 6
520.3196 	EXP 	Display Frame 7
520.3529 	EXP 	Display Frame 8
520.3862 	EXP 	Display Frame 9
520.4196 	EXP 	Display Frame 0
520.4530 	EXP 	Display Frame 1
520.4863 	EXP 	Display Frame 2
520.5196 	EXP 	Display Frame 3
520.5529 	EXP 	Display Frame 4
520.5862 	EXP 	Display Frame 5
520.6196 	EXP 	Display Frame 6
520.6529 	EXP 	Display Frame 7
520.6862 	EXP 	Display Frame 8
520.7196 	EXP 	Display Frame 9
520.7529 	EXP 	Display Frame 0
520.7863 	EXP 	Display Frame 1
520.8196 	EXP 	Display Frame 2
520.8529 	EXP 	Display Frame 3
520.8862 	EXP 	Display Frame 4
520.9197 	EXP 	Display Frame 5
520.9532 	EXP 	Display Frame 6
520.9866 	EXP 	Display Frame 7
521.0198 	EXP 	Display Frame 8
521.0531 	EXP 	Display Frame 9
521.0865 	EXP 	Display Frame 0
521.1199 	EXP 	Display Frame 1
521.1532 	EXP 	Display Frame 2
521.1864 	EXP 	Display Frame 3
521.2196 	EXP 	Display Frame 4
521.2530 	EXP 	Display Frame 5
521.2865 	EXP 	Display Frame 6
521.3199 	EXP 	Display Frame 7
521.3531 	EXP 	Display Frame 8
521.3866 	EXP 	Display Frame 9
521.4199 	EXP 	Display Frame 0
521.4531 	EXP 	Display Frame 1
521.4864 	EXP 	Display Frame 2
521.5196 	EXP 	Display Frame 3
521.5530 	EXP 	Display Frame 4
521.5863 	EXP 	Display Frame 5
521.6196 	EXP 	Display Frame 6
521.6529 	EXP 	Display Frame 7
521.6862 	EXP 	Display Frame 8
521.7196 	EXP 	Display Frame 9
521.7529 	EXP 	Display Frame 0
521.7863 	EXP 	Display Frame 1
521.8196 	EXP 	Display Frame 2
521.8531 	EXP 	Display Frame 3
521.8863 	EXP 	Display Frame 4
521.9198 	EXP 	Display Frame 5
521.9530 	EXP 	Display Frame 6
521.9863 	EXP 	Display Frame 7
522.0199 	EXP 	Display Frame 8
522.0531 	EXP 	Display Frame 9
522.0865 	EXP 	Display Frame 0
522.1199 	EXP 	Display Frame 1
522.1531 	EXP 	Display Frame 2
522.1863 	EXP 	Display Frame 3
522.2197 	EXP 	Display Frame 4
522.2533 	DATA 	Keypress: equal
522.2545 	EXP 	Display Frame 5
522.2694 	EXP 	Display Fixation
527.4407 	DATA 	Keypress: equal
532.6346 	DATA 	Keypress: equal
537.8276 	DATA 	Keypress: equal
543.0219 	DATA 	Keypress: equal
548.2146 	DATA 	Keypress: equal
553.4087 	DATA 	Keypress: equal
553.4431 	EXP 	Display Frame 1
553.4763 	EXP 	Display Frame 2
553.5097 	EXP 	Display Frame 3
553.5430 	EXP 	Display Frame 4
553.5763 	EXP 	Display Frame 5
553.6096 	EXP 	Display Frame 6
553.6430 	EXP 	Display Frame 7
553.6763 	EXP 	Display Frame 8
553.7096 	EXP 	Display Frame 9
553.7429 	EXP 	Display Frame 0
553.7763 	EXP 	Display Frame 1
553.8096 	EXP 	Display Frame 2
553.8429 	EXP 	Display Frame 3
553.8763 	EXP 	Display Frame 4
553.9096 	EXP 	Display Frame 5
553.9430 	EXP 	Display Frame 6
553.9765 	EXP 	Display Frame 7
554.0096 	EXP 	Display Frame 8
554.0429 	EXP 	Display Frame 9
554.0763 	EXP 	Display Frame 0
554.1096 	EXP 	Display Frame 1
554.1429 	EXP 	Display Frame 2
554.1762 	EXP 	Display Frame 3
554.2096 	EXP 	Display Frame 4
554.2480 	EXP 	Display Frame 5
554.2763 	EXP 	Display Frame 6
554.3096 	EXP 	Display Frame 7
554.3429 	EXP 	Display Frame 8
554.3762 	EXP 	Display Frame 9
554.4096 	EXP 	Display Frame 0
554.4430 	EXP 	Display Frame 1
554.4763 	EXP 	Display Frame 2
554.5096 	EXP 	Display Frame 3
554.5429 	EXP 	Display Frame 4
554.5763 	EXP 	Display Frame 5
554.6096 	EXP 	Display Frame 6
554.6429 	EXP 	Display Frame 7
554.6763 	EXP 	Display Frame 8
554.7096 	EXP 	Display Frame 9
554.7429 	EXP 	Display Frame 0
554.7762 	EXP 	Display Frame 1
554.8096 	EXP 	Display Frame 2
554.8429 	EXP 	Display Frame 3
554.8762 	EXP 	Display Frame 4
554.9096 	EXP 	Display Frame 5
554.9429 	EXP 	Display Frame 6
554.9762 	EXP 	Display Frame 7
555.0096 	EXP 	Display Frame 8
555.0429 	EXP 	Display Frame 9
555.0763 	EXP 	Display Frame 0
555.1096 	EXP 	Display Frame 1
555.1429 	EXP 	Display Frame 2
555.1762 	EXP 	Display Frame 3
555.2096 	EXP 	Display Frame 4
555.2429 	EXP 	Display Frame 5
555.2763 	EXP 	Display Frame 6
555.3096 	EXP 	Display Frame 7
555.3429 	EXP 	Display Frame 8
555.3762 	EXP 	Display Frame 9
555.4096 	EXP 	Display Frame 0
555.4429 	EXP 	Display Frame 1
555.4762 	EXP 	Display Frame 2
555.5096 	EXP 	Display Frame 3
555.5429 	EXP 	Display Frame 4
555.5763 	EXP 	Display Frame 5
555.6096 	EXP 	Display Frame 6
555.6429 	EXP 	Display Frame 7
555.6763 	EXP 	Display Frame 8
555.7096 	EXP 	Display Frame 9
555.7429 	EXP 	Display Frame 0
555.7762 	EXP 	Display Frame 1
555.8096 	EXP 	Display Frame 2
555.8429 	EXP 	Display Frame 3
555.8763 	EXP 	Display Frame 4
555.9096 	EXP 	Display Frame 5
555.9429 	EXP 	Display Frame 6
555.9763 	EXP 	Display Frame 7
556.0096 	EXP 	Display Frame 8
556.0429 	EXP 	Display Frame 9
556.0762 	EXP 	Display Frame 0
556.1096 	EXP 	Display Frame 1
556.1429 	EXP 	Display Frame 2
556.1763 	EXP 	Display Frame 3
556.2096 	EXP 	Display Frame 4
556.2429 	EXP 	Display Frame 5
556.2763 	EXP 	Display Frame 6
556.3096 	EXP 	Display Frame 7
556.3429 	EXP 	Display Frame 8
556.3762 	EXP 	Display Frame 9
556.4096 	EXP 	Display Frame 0
556.4428 	EXP 	Display Frame 1
556.4763 	EXP 	Display Frame 2
556.5096 	EXP 	Display Frame 3
556.5429 	EXP 	Display Frame 4
556.5763 	EXP 	Display Frame 5
556.6096 	EXP 	Display Frame 6
556.6429 	EXP 	Display Frame 7
556.6762 	EXP 	Display Frame 8
556.7096 	EXP 	Display Frame 9
556.7429 	EXP 	Display Frame 0
556.7762 	EXP 	Display Frame 1
556.8096 	EXP 	Display Frame 2
556.8429 	EXP 	Display Frame 3
556.8763 	EXP 	Display Frame 4
556.9096 	EXP 	Display Frame 5
556.9429 	EXP 	Display Frame 6
556.9762 	EXP 	Display Frame 7
557.0096 	EXP 	Display Frame 8
557.0429 	EXP 	Display Frame 9
557.0762 	EXP 	Display Frame 0
557.1096 	EXP 	Display Frame 1
557.1429 	EXP 	Display Frame 2
557.1763 	EXP 	Display Frame 3
557.2096 	EXP 	Display Frame 4
557.2429 	EXP 	Display Frame 5
557.2763 	EXP 	Display Frame 6
557.3096 	EXP 	Display Frame 7
557.3429 	EXP 	Display Frame 8
557.3763 	EXP 	Display Frame 9
557.4096 	EXP 	Display Frame 0
557.4428 	EXP 	Display Frame 1
557.4764 	EXP 	Display Frame 2
557.5096 	EXP 	Display Frame 3
557.5429 	EXP 	Display Frame 4
557.5762 	EXP 	Display Frame 5
557.6096 	EXP 	Display Frame 6
557.6429 	EXP 	Display Frame 7
557.6762 	EXP 	Display Frame 8
557.7096 	EXP 	Display Frame 9
557.7429 	EXP 	Display Frame 0
557.7763 	EXP 	Display Frame 1
557.8096 	EXP 	Display Frame 2
557.8429 	EXP 	Display Frame 3
557.8762 	EXP 	Display Frame 4
557.9096 	EXP 	Display Frame 5
557.9429 	EXP 	Display Frame 6
557.9762 	EXP 	Display Frame 7
558.0096 	EXP 	Display Frame 8
558.0429 	EXP 	Display Frame 9
558.0763 	EXP 	Display Frame 0
558.1096 	EXP 	Display Frame 1
558.1429 	EXP 	Display Frame 2
558.1762 	EXP 	Display Frame 3
558.2096 	EXP 	Display Frame 4
558.2429 	EXP 	Display Frame 5
558.2763 	EXP 	Display Frame 6
558.3096 	EXP 	Display Frame 7
558.3429 	EXP 	Display Frame 8
558.3762 	EXP 	Display Frame 9
558.4096 	EXP 	Display Frame 0
558.4429 	EXP 	Display Frame 1
558.4762 	EXP 	Display Frame 2
558.5096 	EXP 	Display Frame 3
558.5430 	EXP 	Display Frame 4
558.5762 	EXP 	Display Frame 5
558.6097 	DATA 	Keypress: equal
558.6107 	EXP 	Display Frame 6
558.6429 	EXP 	Display Frame 7
558.6763 	EXP 	Display Frame 8
558.7096 	EXP 	Display Frame 9
558.7429 	EXP 	Display Frame 0
558.7762 	EXP 	Display Frame 1
558.8096 	EXP 	Display Frame 2
558.8430 	EXP 	Display Frame 3
558.8762 	EXP 	Display Frame 4
558.9096 	EXP 	Display Frame 5
558.9429 	EXP 	Display Frame 6
558.9763 	EXP 	Display Frame 7
559.0096 	EXP 	Display Frame 8
559.0429 	EXP 	Display Frame 9
559.0762 	EXP 	Display Frame 0
559.1096 	EXP 	Display Frame 1
559.1429 	EXP 	Display Frame 2
559.1762 	EXP 	Display Frame 3
559.2096 	EXP 	Display Frame 4
559.2429 	EXP 	Display Frame 5
559.2762 	EXP 	Display Frame 6
559.3098 	EXP 	Display Frame 7
559.3431 	EXP 	Display Frame 8
559.3763 	EXP 	Display Frame 9
559.4096 	EXP 	Display Frame 0
559.4429 	EXP 	Display Frame 1
559.4763 	EXP 	Display Frame 2
559.5096 	EXP 	Display Frame 3
559.5429 	EXP 	Display Frame 4
559.5762 	EXP 	Display Frame 5
559.6096 	EXP 	Display Frame 6
559.6429 	EXP 	Display Frame 7
559.6763 	EXP 	Display Frame 8
559.7096 	EXP 	Display Frame 9
559.7431 	EXP 	Display Frame 0
559.7763 	EXP 	Display Frame 1
559.8096 	EXP 	Display Frame 2
559.8429 	EXP 	Display Frame 3
559.8763 	EXP 	Display Frame 4
559.9096 	EXP 	Display Frame 5
559.9429 	EXP 	Display Frame 6
559.9763 	EXP 	Display Frame 7
560.0096 	EXP 	Display Frame 8
560.0429 	EXP 	Display Frame 9
560.0762 	EXP 	Display Frame 0
560.1096 	EXP 	Display Frame 1
560.1429 	EXP 	Display Frame 2
560.1763 	EXP 	Display Frame 3
560.2096 	EXP 	Display Frame 4
560.2429 	EXP 	Display Frame 5
560.2763 	EXP 	Display Frame 6
560.3096 	EXP 	Display Frame 7
560.3429 	EXP 	Display Frame 8
560.3762 	EXP 	Display Frame 9
560.4096 	EXP 	Display Frame 0
560.4429 	EXP 	Display Frame 1
560.4763 	EXP 	Display Frame 2
560.5096 	EXP 	Display Frame 3
560.5429 	EXP 	Display Frame 4
560.5763 	EXP 	Display Frame 5
560.6096 	EXP 	Display Frame 6
560.6429 	EXP 	Display Frame 7
560.6762 	EXP 	Display Frame 8
560.7096 	EXP 	Display Frame 9
560.7429 	EXP 	Display Frame 0
560.7763 	EXP 	Display Frame 1
560.8096 	EXP 	Display Frame 2
560.8429 	EXP 	Display Frame 3
560.8762 	EXP 	Display Frame 4
560.9096 	EXP 	Display Frame 5
560.9429 	EXP 	Display Frame 6
560.9762 	EXP 	Display Frame 7
561.0096 	EXP 	Display Frame 8
561.0429 	EXP 	Display Frame 9
561.0763 	EXP 	Display Frame 0
561.1096 	EXP 	Display Frame 1
561.1429 	EXP 	Display Frame 2
561.1763 	EXP 	Display Frame 3
561.2096 	EXP 	Display Frame 4
561.2429 	EXP 	Display Frame 5
561.2762 	EXP 	Display Frame 6
561.3096 	EXP 	Display Frame 7
561.3429 	EXP 	Display Frame 8
561.3762 	EXP 	Display Frame 9
561.4096 	EXP 	Display Frame 0
561.4429 	EXP 	Display Frame 1
561.4763 	EXP 	Display Frame 2
561.5096 	EXP 	Display Frame 3
561.5429 	EXP 	Display Frame 4
561.5762 	EXP 	Display Frame 5
561.6096 	EXP 	Display Frame 6
561.6429 	EXP 	Display Frame 7
561.6762 	EXP 	Display Frame 8
561.7096 	EXP 	Display Frame 9
561.7429 	EXP 	Display Frame 0
561.7763 	EXP 	Display Frame 1
561.8096 	EXP 	Display Frame 2
561.8429 	EXP 	Display Frame 3
561.8762 	EXP 	Display Frame 4
561.9096 	EXP 	Display Frame 5
561.9429 	EXP 	Display Frame 6
561.9762 	EXP 	Display Frame 7
562.0096 	EXP 	Display Frame 8
562.0429 	EXP 	Display Frame 9
562.0763 	EXP 	Display Frame 0
562.1096 	EXP 	Display Frame 1
562.1429 	EXP 	Display Frame 2
562.1762 	EXP 	Display Frame 3
562.2096 	EXP 	Display Frame 4
562.2429 	EXP 	Display Frame 5
562.2762 	EXP 	Display Frame 6
562.3096 	EXP 	Display Frame 7
562.3429 	EXP 	Display Frame 8
562.3763 	EXP 	Display Frame 9
562.4096 	EXP 	Display Frame 0
562.4429 	EXP 	Display Frame 1
562.4762 	EXP 	Display Frame 2
562.5096 	EXP 	Display Frame 3
562.5429 	EXP 	Display Frame 4
562.5763 	EXP 	Display Frame 5
562.6096 	EXP 	Display Frame 6
562.6429 	EXP 	Display Frame 7
562.6762 	EXP 	Display Frame 8
562.7096 	EXP 	Display Frame 9
562.7429 	EXP 	Display Frame 0
562.7762 	EXP 	Display Frame 1
562.8098 	EXP 	Display Frame 2
562.8430 	EXP 	Display Frame 3
562.8763 	EXP 	Display Frame 4
562.9096 	EXP 	Display Frame 5
562.9429 	EXP 	Display Frame 6
562.9763 	EXP 	Display Frame 7
563.0096 	EXP 	Display Frame 8
563.0429 	EXP 	Display Frame 9
563.0762 	EXP 	Display Frame 0
563.1096 	EXP 	Display Frame 1
563.1429 	EXP 	Display Frame 2
563.1763 	EXP 	Display Frame 3
563.2096 	EXP 	Display Frame 4
563.2429 	EXP 	Display Frame 5
563.2762 	EXP 	Display Frame 6
563.3096 	EXP 	Display Frame 7
563.3429 	EXP 	Display Frame 8
563.3762 	EXP 	Display Frame 9
563.4096 	EXP 	Display Frame 0
563.4428 	EXP 	Display Frame 1
563.4762 	EXP 	Display Frame 2
563.5096 	EXP 	Display Frame 3
563.5429 	EXP 	Display Frame 4
563.5763 	EXP 	Display Frame 5
563.6097 	EXP 	Display Frame 6
563.6430 	EXP 	Display Frame 7
563.6763 	EXP 	Display Frame 8
563.7096 	EXP 	Display Frame 9
563.7429 	EXP 	Display Frame 0
563.7763 	EXP 	Display Frame 1
563.8097 	DATA 	Keypress: equal
563.8107 	EXP 	Display Frame 2
563.8429 	EXP 	Display Frame 3
563.8763 	EXP 	Display Frame 4
563.9096 	EXP 	Display Frame 5
563.9429 	EXP 	Display Frame 6
563.9762 	EXP 	Display Frame 7
564.0096 	EXP 	Display Frame 8
564.0429 	EXP 	Display Frame 9
564.0763 	EXP 	Display Frame 0
564.1096 	EXP 	Display Frame 1
564.1429 	EXP 	Display Frame 2
564.1762 	EXP 	Display Frame 3
564.2096 	EXP 	Display Frame 4
564.2429 	EXP 	Display Frame 5
564.2762 	EXP 	Display Frame 6
564.3096 	EXP 	Display Frame 7
564.3429 	EXP 	Display Frame 8
564.3763 	EXP 	Display Frame 9
564.4096 	EXP 	Display Frame 0
564.4428 	EXP 	Display Frame 1
564.4763 	EXP 	Display Frame 2
564.5096 	EXP 	Display Frame 3
564.5429 	EXP 	Display Frame 4
564.5762 	EXP 	Display Frame 5
564.6096 	EXP 	Display Frame 6
564.6429 	EXP 	Display Frame 7
564.6762 	EXP 	Display Frame 8
564.7096 	EXP 	Display Frame 9
564.7429 	EXP 	Display Frame 0
564.7763 	EXP 	Display Frame 1
564.8096 	EXP 	Display Frame 2
564.8429 	EXP 	Display Frame 3
564.8762 	EXP 	Display Frame 4
564.9096 	EXP 	Display Frame 5
564.9429 	EXP 	Display Frame 6
564.9762 	EXP 	Display Frame 7
565.0096 	EXP 	Display Frame 8
565.0429 	EXP 	Display Frame 9
565.0763 	EXP 	Display Frame 0
565.1096 	EXP 	Display Frame 1
565.1429 	EXP 	Display Frame 2
565.1762 	EXP 	Display Frame 3
565.2096 	EXP 	Display Frame 4
565.2429 	EXP 	Display Frame 5
565.2763 	EXP 	Display Frame 6
565.3096 	EXP 	Display Frame 7
565.3429 	EXP 	Display Frame 8
565.3763 	EXP 	Display Frame 9
565.4096 	EXP 	Display Frame 0
565.4429 	EXP 	Display Frame 1
565.4763 	EXP 	Display Frame 2
565.5096 	EXP 	Display Frame 3
565.5429 	EXP 	Display Frame 4
565.5762 	EXP 	Display Frame 5
565.6096 	EXP 	Display Frame 6
565.6429 	EXP 	Display Frame 7
565.6763 	EXP 	Display Frame 8
565.7095 	EXP 	Display Frame 9
565.7429 	EXP 	Display Frame 0
565.7763 	EXP 	Display Frame 1
565.8096 	EXP 	Display Frame 2
565.8429 	EXP 	Display Frame 3
565.8762 	EXP 	Display Frame 4
565.9096 	EXP 	Display Frame 5
565.9429 	EXP 	Display Frame 6
565.9762 	EXP 	Display Frame 7
566.0095 	EXP 	Display Frame 8
566.0429 	EXP 	Display Frame 9
566.0765 	EXP 	Display Frame 0
566.1096 	EXP 	Display Frame 1
566.1429 	EXP 	Display Frame 2
566.1771 	EXP 	Display Frame 3
566.2096 	EXP 	Display Frame 4
566.2429 	EXP 	Display Frame 5
566.2763 	EXP 	Display Frame 6
566.3096 	EXP 	Display Frame 7
566.3429 	EXP 	Display Frame 8
566.3762 	EXP 	Display Frame 9
566.4096 	EXP 	Display Frame 0
566.4429 	EXP 	Display Frame 1
566.4762 	EXP 	Display Frame 2
566.5096 	EXP 	Display Frame 3
566.5429 	EXP 	Display Frame 4
566.5763 	EXP 	Display Frame 5
566.6096 	EXP 	Display Frame 6
566.6429 	EXP 	Display Frame 7
566.6763 	EXP 	Display Frame 8
566.7096 	EXP 	Display Frame 9
566.7429 	EXP 	Display Frame 0
566.7762 	EXP 	Display Frame 1
566.8096 	EXP 	Display Frame 2
566.8429 	EXP 	Display Frame 3
566.8762 	EXP 	Display Frame 4
566.9096 	EXP 	Display Frame 5
566.9429 	EXP 	Display Frame 6
566.9763 	EXP 	Display Frame 7
567.0096 	EXP 	Display Frame 8
567.0429 	EXP 	Display Frame 9
567.0762 	EXP 	Display Frame 0
567.1096 	EXP 	Display Frame 1
567.1429 	EXP 	Display Frame 2
567.1763 	EXP 	Display Frame 3
567.2096 	EXP 	Display Frame 4
567.2429 	EXP 	Display Frame 5
567.2763 	EXP 	Display Frame 6
567.3096 	EXP 	Display Frame 7
567.3429 	EXP 	Display Frame 8
567.3762 	EXP 	Display Frame 9
567.4096 	EXP 	Display Frame 0
567.4429 	EXP 	Display Frame 1
567.4763 	EXP 	Display Frame 2
567.5096 	EXP 	Display Frame 3
567.5429 	EXP 	Display Frame 4
567.5763 	EXP 	Display Frame 5
567.6096 	EXP 	Display Frame 6
567.6429 	EXP 	Display Frame 7
567.6762 	EXP 	Display Frame 8
567.7096 	EXP 	Display Frame 9
567.7429 	EXP 	Display Frame 0
567.7763 	EXP 	Display Frame 1
567.8096 	EXP 	Display Frame 2
567.8429 	EXP 	Display Frame 3
567.8763 	EXP 	Display Frame 4
567.9096 	EXP 	Display Frame 5
567.9429 	EXP 	Display Frame 6
567.9762 	EXP 	Display Frame 7
568.0096 	EXP 	Display Frame 8
568.0429 	EXP 	Display Frame 9
568.0762 	EXP 	Display Frame 0
568.1096 	EXP 	Display Frame 1
568.1430 	EXP 	Display Frame 2
568.1763 	EXP 	Display Frame 3
568.2096 	EXP 	Display Frame 4
568.2429 	EXP 	Display Frame 5
568.2763 	EXP 	Display Frame 6
568.3096 	EXP 	Display Frame 7
568.3429 	EXP 	Display Frame 8
568.3762 	EXP 	Display Frame 9
568.4095 	EXP 	Display Frame 0
568.4429 	EXP 	Display Frame 1
568.4763 	EXP 	Display Frame 2
568.5096 	EXP 	Display Frame 3
568.5429 	EXP 	Display Frame 4
568.5763 	EXP 	Display Frame 5
568.6096 	EXP 	Display Frame 6
568.6429 	EXP 	Display Frame 7
568.6762 	EXP 	Display Frame 8
568.7096 	EXP 	Display Frame 9
568.7429 	EXP 	Display Frame 0
568.7762 	EXP 	Display Frame 1
568.8096 	EXP 	Display Frame 2
568.8430 	EXP 	Display Frame 3
568.8763 	EXP 	Display Frame 4
568.9096 	EXP 	Display Frame 5
568.9429 	EXP 	Display Frame 6
568.9762 	EXP 	Display Frame 7
569.0097 	DATA 	Keypress: equal
569.0107 	EXP 	Display Frame 8
569.0429 	EXP 	Display Frame 9
569.0763 	EXP 	Display Frame 0
569.1096 	EXP 	Display Frame 1
569.1429 	EXP 	Display Frame 2
569.1762 	EXP 	Display Frame 3
569.2096 	EXP 	Display Frame 4
569.2429 	EXP 	Display Frame 5
569.2762 	EXP 	Display Frame 6
569.3096 	EXP 	Display Frame 7
569.3429 	EXP 	Display Frame 8
569.3762 	EXP 	Display Frame 9
569.4096 	EXP 	Display Frame 0
569.4429 	EXP 	Display Frame 1
569.4762 	EXP 	Display Frame 2
569.5096 	EXP 	Display Frame 3
569.5429 	EXP 	Display Frame 4
569.5762 	EXP 	Display Frame 5
569.6096 	EXP 	Display Frame 6
569.6429 	EXP 	Display Frame 7
569.6762 	EXP 	Display Frame 8
569.7096 	EXP 	Display Frame 9
569.7429 	EXP 	Display Frame 0
569.7763 	EXP 	Display Frame 1
569.8096 	EXP 	Display Frame 2
569.8429 	EXP 	Display Frame 3
569.8762 	EXP 	Display Frame 4
569.9096 	EXP 	Display Frame 5
569.9429 	EXP 	Display Frame 6
569.9762 	EXP 	Display Frame 7
570.0096 	EXP 	Display Frame 8
570.0429 	EXP 	Display Frame 9
570.0763 	EXP 	Display Frame 0
570.1096 	EXP 	Display Frame 1
570.1429 	EXP 	Display Frame 2
570.1762 	EXP 	Display Frame 3
570.2096 	EXP 	Display Frame 4
570.2429 	EXP 	Display Frame 5
570.2762 	EXP 	Display Frame 6
570.3096 	EXP 	Display Frame 7
570.3429 	EXP 	Display Frame 8
570.3762 	EXP 	Display Frame 9
570.4096 	EXP 	Display Frame 0
570.4429 	EXP 	Display Frame 1
570.4762 	EXP 	Display Frame 2
570.5096 	EXP 	Display Frame 3
570.5429 	EXP 	Display Frame 4
570.5762 	EXP 	Display Frame 5
570.6096 	EXP 	Display Frame 6
570.6429 	EXP 	Display Frame 7
570.6762 	EXP 	Display Frame 8
570.7095 	EXP 	Display Frame 9
570.7429 	EXP 	Display Frame 0
570.7763 	EXP 	Display Frame 1
570.8095 	EXP 	Display Frame 2
570.8429 	EXP 	Display Frame 3
570.8762 	EXP 	Display Frame 4
570.9096 	EXP 	Display Frame 5
570.9429 	EXP 	Display Frame 6
570.9763 	EXP 	Display Frame 7
571.0096 	EXP 	Display Frame 8
571.0429 	EXP 	Display Frame 9
571.0763 	EXP 	Display Frame 0
571.1096 	EXP 	Display Frame 1
571.1429 	EXP 	Display Frame 2
571.1762 	EXP 	Display Frame 3
571.2096 	EXP 	Display Frame 4
571.2429 	EXP 	Display Frame 5
571.2762 	EXP 	Display Frame 6
571.3096 	EXP 	Display Frame 7
571.3429 	EXP 	Display Frame 8
571.3762 	EXP 	Display Frame 9
571.4096 	EXP 	Display Frame 0
571.4429 	EXP 	Display Frame 1
571.4763 	EXP 	Display Frame 2
571.5110 	EXP 	Display Frame 3
571.5429 	EXP 	Display Frame 4
571.5763 	EXP 	Display Frame 5
571.6096 	EXP 	Display Frame 6
571.6429 	EXP 	Display Frame 7
571.6763 	EXP 	Display Frame 8
571.7096 	EXP 	Display Frame 9
571.7429 	EXP 	Display Frame 0
571.7762 	EXP 	Display Frame 1
571.8096 	EXP 	Display Frame 2
571.8429 	EXP 	Display Frame 3
571.8765 	EXP 	Display Frame 4
571.9096 	EXP 	Display Frame 5
571.9429 	EXP 	Display Frame 6
571.9763 	EXP 	Display Frame 7
572.0096 	EXP 	Display Frame 8
572.0429 	EXP 	Display Frame 9
572.0763 	EXP 	Display Frame 0
572.1096 	EXP 	Display Frame 1
572.1429 	EXP 	Display Frame 2
572.1763 	EXP 	Display Frame 3
572.2096 	EXP 	Display Frame 4
572.2429 	EXP 	Display Frame 5
572.2763 	EXP 	Display Frame 6
572.3096 	EXP 	Display Frame 7
572.3429 	EXP 	Display Frame 8
572.3762 	EXP 	Display Frame 9
572.4096 	EXP 	Display Frame 0
572.4428 	EXP 	Display Frame 1
572.4763 	EXP 	Display Frame 2
572.5096 	EXP 	Display Frame 3
572.5429 	EXP 	Display Frame 4
572.5763 	EXP 	Display Frame 5
572.6096 	EXP 	Display Frame 6
572.6429 	EXP 	Display Frame 7
572.6762 	EXP 	Display Frame 8
572.7096 	EXP 	Display Frame 9
572.7429 	EXP 	Display Frame 0
572.7763 	EXP 	Display Frame 1
572.8096 	EXP 	Display Frame 2
572.8429 	EXP 	Display Frame 3
572.8762 	EXP 	Display Frame 4
572.9095 	EXP 	Display Frame 5
572.9429 	EXP 	Display Frame 6
572.9762 	EXP 	Display Frame 7
573.0096 	EXP 	Display Frame 8
573.0429 	EXP 	Display Frame 9
573.0763 	EXP 	Display Frame 0
573.1096 	EXP 	Display Frame 1
573.1429 	EXP 	Display Frame 2
573.1763 	EXP 	Display Frame 3
573.2096 	EXP 	Display Frame 4
573.2429 	EXP 	Display Frame 5
573.2762 	EXP 	Display Frame 6
573.3096 	EXP 	Display Frame 7
573.3429 	EXP 	Display Frame 8
573.3763 	EXP 	Display Frame 9
573.4096 	EXP 	Display Frame 0
573.4429 	EXP 	Display Frame 1
573.4763 	EXP 	Display Frame 2
573.5097 	EXP 	Display Frame 3
573.5429 	EXP 	Display Frame 4
573.5762 	EXP 	Display Frame 5
573.6096 	EXP 	Display Frame 6
573.6429 	EXP 	Display Frame 7
573.6763 	EXP 	Display Frame 8
573.7096 	EXP 	Display Frame 9
573.7430 	EXP 	Display Frame 0
573.7762 	EXP 	Display Frame 1
573.8096 	EXP 	Display Frame 2
573.8429 	EXP 	Display Frame 3
573.8762 	EXP 	Display Frame 4
573.9096 	EXP 	Display Frame 5
573.9429 	EXP 	Display Frame 6
573.9763 	EXP 	Display Frame 7
574.0096 	EXP 	Display Frame 8
574.0430 	EXP 	Display Frame 9
574.0762 	EXP 	Display Frame 0
574.1096 	EXP 	Display Frame 1
574.1429 	EXP 	Display Frame 2
574.1762 	EXP 	Display Frame 3
574.2097 	DATA 	Keypress: equal
574.2108 	EXP 	Display Frame 4
574.2429 	EXP 	Display Frame 5
574.2763 	EXP 	Display Frame 6
574.3096 	EXP 	Display Frame 7
574.3429 	EXP 	Display Frame 8
574.3763 	EXP 	Display Frame 9
574.4096 	EXP 	Display Frame 0
574.4429 	EXP 	Display Frame 1
574.4763 	EXP 	Display Frame 2
574.5096 	EXP 	Display Frame 3
574.5429 	EXP 	Display Frame 4
574.5763 	EXP 	Display Frame 5
574.6096 	EXP 	Display Frame 6
574.6429 	EXP 	Display Frame 7
574.6763 	EXP 	Display Frame 8
574.7096 	EXP 	Display Frame 9
574.7429 	EXP 	Display Frame 0
574.7762 	EXP 	Display Frame 1
574.8096 	EXP 	Display Frame 2
574.8429 	EXP 	Display Frame 3
574.8762 	EXP 	Display Frame 4
574.9096 	EXP 	Display Frame 5
574.9429 	EXP 	Display Frame 6
574.9763 	EXP 	Display Frame 7
575.0096 	EXP 	Display Frame 8
575.0429 	EXP 	Display Frame 9
575.0762 	EXP 	Display Frame 0
575.1096 	EXP 	Display Frame 1
575.1429 	EXP 	Display Frame 2
575.1762 	EXP 	Display Frame 3
575.2096 	EXP 	Display Frame 4
575.2429 	EXP 	Display Frame 5
575.2763 	EXP 	Display Frame 6
575.3096 	EXP 	Display Frame 7
575.3429 	EXP 	Display Frame 8
575.3762 	EXP 	Display Frame 9
575.4096 	EXP 	Display Frame 0
575.4429 	EXP 	Display Frame 1
575.4762 	EXP 	Display Frame 2
575.5096 	EXP 	Display Frame 3
575.5429 	EXP 	Display Frame 4
575.5762 	EXP 	Display Frame 5
575.6096 	EXP 	Display Frame 6
575.6429 	EXP 	Display Frame 7
575.6762 	EXP 	Display Frame 8
575.7095 	EXP 	Display Frame 9
575.7429 	EXP 	Display Frame 0
575.7762 	EXP 	Display Frame 1
575.8096 	EXP 	Display Frame 2
575.8429 	EXP 	Display Frame 3
575.8762 	EXP 	Display Frame 4
575.9096 	EXP 	Display Frame 5
575.9429 	EXP 	Display Frame 6
575.9762 	EXP 	Display Frame 7
576.0096 	EXP 	Display Frame 8
576.0430 	EXP 	Display Frame 9
576.0762 	EXP 	Display Frame 0
576.1096 	EXP 	Display Frame 1
576.1429 	EXP 	Display Frame 2
576.1763 	EXP 	Display Frame 3
576.2096 	EXP 	Display Frame 4
576.2429 	EXP 	Display Frame 5
576.2763 	EXP 	Display Frame 6
576.3096 	EXP 	Display Frame 7
576.3429 	EXP 	Display Frame 8
576.3762 	EXP 	Display Frame 9
576.4096 	EXP 	Display Frame 0
576.4428 	EXP 	Display Frame 1
576.4762 	EXP 	Display Frame 2
576.5096 	EXP 	Display Frame 3
576.5429 	EXP 	Display Frame 4
576.5762 	EXP 	Display Frame 5
576.6096 	EXP 	Display Frame 6
576.6528 	EXP 	Display Frame 7
576.6762 	EXP 	Display Frame 8
576.7096 	EXP 	Display Frame 9
576.7429 	EXP 	Display Frame 0
576.7763 	EXP 	Display Frame 1
576.8096 	EXP 	Display Frame 2
576.8429 	EXP 	Display Frame 3
576.8763 	EXP 	Display Frame 4
576.9096 	EXP 	Display Frame 5
576.9429 	EXP 	Display Frame 6
576.9763 	EXP 	Display Frame 7
577.0096 	EXP 	Display Frame 8
577.0429 	EXP 	Display Frame 9
577.0762 	EXP 	Display Frame 0
577.1096 	EXP 	Display Frame 1
577.1429 	EXP 	Display Frame 2
577.1762 	EXP 	Display Frame 3
577.2096 	EXP 	Display Frame 4
577.2429 	EXP 	Display Frame 5
577.2762 	EXP 	Display Frame 6
577.3096 	EXP 	Display Frame 7
577.3429 	EXP 	Display Frame 8
577.3763 	EXP 	Display Frame 9
577.4096 	EXP 	Display Frame 0
577.4429 	EXP 	Display Frame 1
577.4762 	EXP 	Display Frame 2
577.5096 	EXP 	Display Frame 3
577.5429 	EXP 	Display Frame 4
577.5763 	EXP 	Display Frame 5
577.6096 	EXP 	Display Frame 6
577.6429 	EXP 	Display Frame 7
577.6763 	EXP 	Display Frame 8
577.7095 	EXP 	Display Frame 9
577.7429 	EXP 	Display Frame 0
577.7762 	EXP 	Display Frame 1
577.8096 	EXP 	Display Frame 2
577.8429 	EXP 	Display Frame 3
577.8763 	EXP 	Display Frame 4
577.9096 	EXP 	Display Frame 5
577.9429 	EXP 	Display Frame 6
577.9763 	EXP 	Display Frame 7
578.0096 	EXP 	Display Frame 8
578.0429 	EXP 	Display Frame 9
578.0762 	EXP 	Display Frame 0
578.1096 	EXP 	Display Frame 1
578.1429 	EXP 	Display Frame 2
578.1762 	EXP 	Display Frame 3
578.2098 	EXP 	Display Frame 4
578.2429 	EXP 	Display Frame 5
578.2763 	EXP 	Display Frame 6
578.3096 	EXP 	Display Frame 7
578.3429 	EXP 	Display Frame 8
578.3763 	EXP 	Display Frame 9
578.4096 	EXP 	Display Frame 0
578.4429 	EXP 	Display Frame 1
578.4762 	EXP 	Display Frame 2
578.5096 	EXP 	Display Frame 3
578.5429 	EXP 	Display Frame 4
578.5763 	EXP 	Display Frame 5
578.6096 	EXP 	Display Frame 6
578.6429 	EXP 	Display Frame 7
578.6763 	EXP 	Display Frame 8
578.7096 	EXP 	Display Frame 9
578.7429 	EXP 	Display Frame 0
578.7762 	EXP 	Display Frame 1
578.8097 	EXP 	Display Frame 2
578.8430 	EXP 	Display Frame 3
578.8763 	EXP 	Display Frame 4
578.9096 	EXP 	Display Frame 5
578.9429 	EXP 	Display Frame 6
578.9763 	EXP 	Display Frame 7
579.0096 	EXP 	Display Frame 8
579.0429 	EXP 	Display Frame 9
579.0762 	EXP 	Display Frame 0
579.1096 	EXP 	Display Frame 1
579.1429 	EXP 	Display Frame 2
579.1762 	EXP 	Display Frame 3
579.2096 	EXP 	Display Frame 4
579.2430 	EXP 	Display Frame 5
579.2763 	EXP 	Display Frame 6
579.3096 	EXP 	Display Frame 7
579.3429 	EXP 	Display Frame 8
579.3762 	EXP 	Display Frame 9
579.4097 	DATA 	Keypress: equal
579.4107 	EXP 	Display Frame 0
579.4429 	EXP 	Display Frame 1
579.4762 	EXP 	Display Frame 2
579.5096 	EXP 	Display Frame 3
579.5429 	EXP 	Display Frame 4
579.5762 	EXP 	Display Frame 5
579.6096 	EXP 	Display Frame 6
579.6429 	EXP 	Display Frame 7
579.6762 	EXP 	Display Frame 8
579.7096 	EXP 	Display Frame 9
579.7429 	EXP 	Display Frame 0
579.7763 	EXP 	Display Frame 1
579.8096 	EXP 	Display Frame 2
579.8429 	EXP 	Display Frame 3
579.8763 	EXP 	Display Frame 4
579.9096 	EXP 	Display Frame 5
579.9429 	EXP 	Display Frame 6
579.9762 	EXP 	Display Frame 7
580.0096 	EXP 	Display Frame 8
580.0429 	EXP 	Display Frame 9
580.0762 	EXP 	Display Frame 0
580.1096 	EXP 	Display Frame 1
580.1429 	EXP 	Display Frame 2
580.1763 	EXP 	Display Frame 3
580.2096 	EXP 	Display Frame 4
580.2429 	EXP 	Display Frame 5
580.2762 	EXP 	Display Frame 6
580.3096 	EXP 	Display Frame 7
580.3429 	EXP 	Display Frame 8
580.3762 	EXP 	Display Frame 9
580.4096 	EXP 	Display Frame 0
580.4429 	EXP 	Display Frame 1
580.4762 	EXP 	Display Frame 2
580.5096 	EXP 	Display Frame 3
580.5429 	EXP 	Display Frame 4
580.5763 	EXP 	Display Frame 5
580.6096 	EXP 	Display Frame 6
580.6429 	EXP 	Display Frame 7
580.6762 	EXP 	Display Frame 8
580.7096 	EXP 	Display Frame 9
580.7429 	EXP 	Display Frame 0
580.7763 	EXP 	Display Frame 1
580.8096 	EXP 	Display Frame 2
580.8429 	EXP 	Display Frame 3
580.8762 	EXP 	Display Frame 4
580.9096 	EXP 	Display Frame 5
580.9429 	EXP 	Display Frame 6
580.9762 	EXP 	Display Frame 7
581.0096 	EXP 	Display Frame 8
581.0429 	EXP 	Display Frame 9
581.0762 	EXP 	Display Frame 0
581.1096 	EXP 	Display Frame 1
581.1429 	EXP 	Display Frame 2
581.1762 	EXP 	Display Frame 3
581.2095 	EXP 	Display Frame 4
581.2429 	EXP 	Display Frame 5
581.2762 	EXP 	Display Frame 6
581.3096 	EXP 	Display Frame 7
581.3429 	EXP 	Display Frame 8
581.3767 	EXP 	Display Frame 9
581.4098 	EXP 	Display Frame 0
581.4432 	EXP 	Display Frame 1
581.4764 	EXP 	Display Frame 2
581.5096 	EXP 	Display Frame 3
581.5429 	EXP 	Display Frame 4
581.5762 	EXP 	Display Frame 5
581.6096 	EXP 	Display Frame 6
581.6429 	EXP 	Display Frame 7
581.6763 	EXP 	Display Frame 8
581.7096 	EXP 	Display Frame 9
581.7429 	EXP 	Display Frame 0
581.7762 	EXP 	Display Frame 1
581.8096 	EXP 	Display Frame 2
581.8429 	EXP 	Display Frame 3
581.8763 	EXP 	Display Frame 4
581.9096 	EXP 	Display Frame 5
581.9429 	EXP 	Display Frame 6
581.9763 	EXP 	Display Frame 7
582.0096 	EXP 	Display Frame 8
582.0429 	EXP 	Display Frame 9
582.0762 	EXP 	Display Frame 0
582.1096 	EXP 	Display Frame 1
582.1429 	EXP 	Display Frame 2
582.1762 	EXP 	Display Frame 3
582.2096 	EXP 	Display Frame 4
582.2429 	EXP 	Display Frame 5
582.2763 	EXP 	Display Frame 6
582.3096 	EXP 	Display Frame 7
582.3429 	EXP 	Display Frame 8
582.3762 	EXP 	Display Frame 9
582.4096 	EXP 	Display Frame 0
582.4428 	EXP 	Display Frame 1
582.4762 	EXP 	Display Frame 2
582.5095 	EXP 	Display Frame 3
582.5429 	EXP 	Display Frame 4
582.5762 	EXP 	Display Frame 5
582.6096 	EXP 	Display Frame 6
582.6429 	EXP 	Display Frame 7
582.6762 	EXP 	Display Frame 8
582.7096 	EXP 	Display Frame 9
582.7429 	EXP 	Display Frame 0
582.7762 	EXP 	Display Frame 1
582.8096 	EXP 	Display Frame 2
582.8429 	EXP 	Display Frame 3
582.8763 	EXP 	Display Frame 4
582.9096 	EXP 	Display Frame 5
582.9429 	EXP 	Display Frame 6
582.9763 	EXP 	Display Frame 7
583.0096 	EXP 	Display Frame 8
583.0429 	EXP 	Display Frame 9
583.0762 	EXP 	Display Frame 0
583.1096 	EXP 	Display Frame 1
583.1429 	EXP 	Display Frame 2
583.1762 	EXP 	Display Frame 3
583.2096 	EXP 	Display Frame 4
583.2429 	EXP 	Display Frame 5
583.2762 	EXP 	Display Frame 6
583.3096 	EXP 	Display Frame 7
583.3429 	EXP 	Display Frame 8
583.3762 	EXP 	Display Frame 9
583.4096 	EXP 	Display Frame 0
583.4428 	EXP 	Display Frame 1
583.4762 	EXP 	Display Frame 2
583.5096 	EXP 	Display Frame 3
583.5429 	EXP 	Display Frame 4
583.5763 	EXP 	Display Frame 5
583.6095 	EXP 	Display Frame 6
583.6429 	EXP 	Display Frame 7
583.6762 	EXP 	Display Frame 8
583.7096 	EXP 	Display Frame 9
583.7429 	EXP 	Display Frame 0
583.7763 	EXP 	Display Frame 1
583.8096 	EXP 	Display Frame 2
583.8429 	EXP 	Display Frame 3
583.8763 	EXP 	Display Frame 4
583.9096 	EXP 	Display Frame 5
583.9429 	EXP 	Display Frame 6
583.9765 	EXP 	Display Frame 7
584.0096 	EXP 	Display Frame 8
584.0429 	EXP 	Display Frame 9
584.0762 	EXP 	Display Frame 0
584.1096 	EXP 	Display Frame 1
584.1431 	EXP 	Display Frame 2
584.1763 	EXP 	Display Frame 3
584.2096 	EXP 	Display Frame 4
584.2429 	EXP 	Display Frame 5
584.2762 	EXP 	Display Frame 6
584.3096 	EXP 	Display Frame 7
584.3429 	EXP 	Display Frame 8
584.3762 	EXP 	Display Frame 9
584.4096 	EXP 	Display Frame 0
584.4429 	EXP 	Display Frame 1
584.4762 	EXP 	Display Frame 2
584.5096 	EXP 	Display Frame 3
584.5429 	EXP 	Display Frame 4
584.5764 	DATA 	Keypress: equal
584.5774 	EXP 	Display Frame 5
584.5864 	EXP 	Display Fixation
589.7631 	DATA 	Keypress: equal
594.9571 	DATA 	Keypress: equal
600.1509 	DATA 	Keypress: equal
605.3442 	DATA 	Keypress: equal
610.5380 	DATA 	Keypress: equal
615.7314 	DATA 	Keypress: equal
615.7659 	EXP 	Display Frame 1
615.7990 	EXP 	Display Frame 2
615.8323 	EXP 	Display Frame 3
615.8656 	EXP 	Display Frame 4
615.8990 	EXP 	Display Frame 5
615.9323 	EXP 	Display Frame 6
615.9657 	EXP 	Display Frame 7
615.9990 	EXP 	Display Frame 8
616.0323 	EXP 	Display Frame 9
616.0656 	EXP 	Display Frame 0
616.0989 	EXP 	Display Frame 1
616.1324 	EXP 	Display Frame 2
616.1657 	EXP 	Display Frame 3
616.2054 	EXP 	Display Frame 4
616.2322 	EXP 	Display Frame 5
616.2656 	EXP 	Display Frame 6
616.2990 	EXP 	Display Frame 7
616.3323 	EXP 	Display Frame 8
616.3657 	EXP 	Display Frame 9
616.3990 	EXP 	Display Frame 0
616.4323 	EXP 	Display Frame 1
616.4656 	EXP 	Display Frame 2
616.4990 	EXP 	Display Frame 3
616.5323 	EXP 	Display Frame 4
616.5656 	EXP 	Display Frame 5
616.5990 	EXP 	Display Frame 6
616.6323 	EXP 	Display Frame 7
616.6656 	EXP 	Display Frame 8
616.6990 	EXP 	Display Frame 9
616.7323 	EXP 	Display Frame 0
616.7656 	EXP 	Display Frame 1
616.7990 	EXP 	Display Frame 2
616.8323 	EXP 	Display Frame 3
616.8656 	EXP 	Display Frame 4
616.8989 	EXP 	Display Frame 5
616.9323 	EXP 	Display Frame 6
616.9656 	EXP 	Display Frame 7
616.9990 	EXP 	Display Frame 8
617.0323 	EXP 	Display Frame 9
617.0656 	EXP 	Display Frame 0
617.0989 	EXP 	Display Frame 1
617.1323 	EXP 	Display Frame 2
617.1656 	EXP 	Display Frame 3
617.1989 	EXP 	Display Frame 4
617.2323 	EXP 	Display Frame 5
617.2656 	EXP 	Display Frame 6
617.2989 	EXP 	Display Frame 7
617.3323 	EXP 	Display Frame 8
617.3656 	EXP 	Display Frame 9
617.3990 	EXP 	Display Frame 0
617.4323 	EXP 	Display Frame 1
617.4656 	EXP 	Display Frame 2
617.4989 	EXP 	Display Frame 3
617.5323 	EXP 	Display Frame 4
617.5656 	EXP 	Display Frame 5
617.5990 	EXP 	Display Frame 6
617.6323 	EXP 	Display Frame 7
617.6656 	EXP 	Display Frame 8
617.6990 	EXP 	Display Frame 9
617.7323 	EXP 	Display Frame 0
617.7656 	EXP 	Display Frame 1
617.7990 	EXP 	Display Frame 2
617.8324 	EXP 	Display Frame 3
617.8656 	EXP 	Display Frame 4
617.8990 	EXP 	Display Frame 5
617.9323 	EXP 	Display Frame 6
617.9656 	EXP 	Display Frame 7
617.9990 	EXP 	Display Frame 8
618.0323 	EXP 	Display Frame 9
618.0656 	EXP 	Display Frame 0
618.0989 	EXP 	Display Frame 1
618.1323 	EXP 	Display Frame 2
618.1657 	EXP 	Display Frame 3
618.1989 	EXP 	Display Frame 4
618.2323 	EXP 	Display Frame 5
618.2656 	EXP 	Display Frame 6
618.2990 	EXP 	Display Frame 7
618.3323 	EXP 	Display Frame 8
618.3656 	EXP 	Display Frame 9
618.3989 	EXP 	Display Frame 0
618.4323 	EXP 	Display Frame 1
618.4656 	EXP 	Display Frame 2
618.4989 	EXP 	Display Frame 3
618.5323 	EXP 	Display Frame 4
618.5656 	EXP 	Display Frame 5
618.5990 	EXP 	Display Frame 6
618.6323 	EXP 	Display Frame 7
618.6656 	EXP 	Display Frame 8
618.6990 	EXP 	Display Frame 9
618.7323 	EXP 	Display Frame 0
618.7656 	EXP 	Display Frame 1
618.7990 	EXP 	Display Frame 2
618.8323 	EXP 	Display Frame 3
618.8656 	EXP 	Display Frame 4
618.8990 	EXP 	Display Frame 5
618.9323 	EXP 	Display Frame 6
618.9656 	EXP 	Display Frame 7
618.9989 	EXP 	Display Frame 8
619.0323 	EXP 	Display Frame 9
619.0656 	EXP 	Display Frame 0
619.0990 	EXP 	Display Frame 1
619.1323 	EXP 	Display Frame 2
619.1656 	EXP 	Display Frame 3
619.1989 	EXP 	Display Frame 4
619.2323 	EXP 	Display Frame 5
619.2656 	EXP 	Display Frame 6
619.2989 	EXP 	Display Frame 7
619.3323 	EXP 	Display Frame 8
619.3656 	EXP 	Display Frame 9
619.3992 	EXP 	Display Frame 0
619.4325 	EXP 	Display Frame 1
619.4656 	EXP 	Display Frame 2
619.4990 	EXP 	Display Frame 3
619.5323 	EXP 	Display Frame 4
619.5656 	EXP 	Display Frame 5
619.5989 	EXP 	Display Frame 6
619.6323 	EXP 	Display Frame 7
619.6656 	EXP 	Display Frame 8
619.6989 	EXP 	Display Frame 9
619.7325 	EXP 	Display Frame 0
619.7656 	EXP 	Display Frame 1
619.7990 	EXP 	Display Frame 2
619.8323 	EXP 	Display Frame 3
619.8656 	EXP 	Display Frame 4
619.8990 	EXP 	Display Frame 5
619.9323 	EXP 	Display Frame 6
619.9656 	EXP 	Display Frame 7
619.9989 	EXP 	Display Frame 8
620.0323 	EXP 	Display Frame 9
620.0656 	EXP 	Display Frame 0
620.0990 	EXP 	Display Frame 1
620.1323 	EXP 	Display Frame 2
620.1656 	EXP 	Display Frame 3
620.1990 	EXP 	Display Frame 4
620.2323 	EXP 	Display Frame 5
620.2656 	EXP 	Display Frame 6
620.2989 	EXP 	Display Frame 7
620.3323 	EXP 	Display Frame 8
620.3656 	EXP 	Display Frame 9
620.3990 	EXP 	Display Frame 0
620.4323 	EXP 	Display Frame 1
620.4656 	EXP 	Display Frame 2
620.4989 	EXP 	Display Frame 3
620.5323 	EXP 	Display Frame 4
620.5656 	EXP 	Display Frame 5
620.5989 	EXP 	Display Frame 6
620.6323 	EXP 	Display Frame 7
620.6656 	EXP 	Display Frame 8
620.6990 	EXP 	Display Frame 9
620.7322 	EXP 	Display Frame 0
620.7656 	EXP 	Display Frame 1
620.7989 	EXP 	Display Frame 2
620.8323 	EXP 	Display Frame 3
620.8656 	EXP 	Display Frame 4
620.8989 	EXP 	Display Frame 5
620.9324 	DATA 	Keypress: equal
620.9334 	EXP 	Display Frame 6
620.9656 	EXP 	Display Frame 7
620.9990 	EXP 	Display Frame 8
621.0323 	EXP 	Display Frame 9
621.0656 	EXP 	Display Frame 0
621.0989 	EXP 	Display Frame 1
621.1323 	EXP 	Display Frame 2
621.1656 	EXP 	Display Frame 3
621.1990 	EXP 	Display Frame 4
621.2323 	EXP 	Display Frame 5
621.2656 	EXP 	Display Frame 6
621.2990 	EXP 	Display Frame 7
621.3323 	EXP 	Display Frame 8
621.3656 	EXP 	Display Frame 9
621.3989 	EXP 	Display Frame 0
621.4323 	EXP 	Display Frame 1
621.4657 	EXP 	Display Frame 2
621.4989 	EXP 	Display Frame 3
621.5323 	EXP 	Display Frame 4
621.5656 	EXP 	Display Frame 5
621.5990 	EXP 	Display Frame 6
621.6323 	EXP 	Display Frame 7
621.6656 	EXP 	Display Frame 8
621.6989 	EXP 	Display Frame 9
621.7323 	EXP 	Display Frame 0
621.7656 	EXP 	Display Frame 1
621.7990 	EXP 	Display Frame 2
621.8323 	EXP 	Display Frame 3
621.8656 	EXP 	Display Frame 4
621.8990 	EXP 	Display Frame 5
621.9323 	EXP 	Display Frame 6
621.9656 	EXP 	Display Frame 7
621.9989 	EXP 	Display Frame 8
622.0323 	EXP 	Display Frame 9
622.0656 	EXP 	Display Frame 0
622.0989 	EXP 	Display Frame 1
622.1323 	EXP 	Display Frame 2
622.1656 	EXP 	Display Frame 3
622.1990 	EXP 	Display Frame 4
622.2323 	EXP 	Display Frame 5
622.2656 	EXP 	Display Frame 6
622.2989 	EXP 	Display Frame 7
622.3323 	EXP 	Display Frame 8
622.3656 	EXP 	Display Frame 9
622.3990 	EXP 	Display Frame 0
622.4323 	EXP 	Display Frame 1
622.4656 	EXP 	Display Frame 2
622.4990 	EXP 	Display Frame 3
622.5323 	EXP 	Display Frame 4
622.5656 	EXP 	Display Frame 5
622.5989 	EXP 	Display Frame 6
622.6323 	EXP 	Display Frame 7
622.6656 	EXP 	Display Frame 8
622.6990 	EXP 	Display Frame 9
622.7323 	EXP 	Display Frame 0
622.7656 	EXP 	Display Frame 1
622.7989 	EXP 	Display Frame 2
622.8323 	EXP 	Display Frame 3
622.8656 	EXP 	Display Frame 4
622.8989 	EXP 	Display Frame 5
622.9323 	EXP 	Display Frame 6
622.9656 	EXP 	Display Frame 7
622.9990 	EXP 	Display Frame 8
623.0323 	EXP 	Display Frame 9
623.0656 	EXP 	Display Frame 0
623.0990 	EXP 	Display Frame 1
623.1323 	EXP 	Display Frame 2
623.1656 	EXP 	Display Frame 3
623.1989 	EXP 	Display Frame 4
623.2323 	EXP 	Display Frame 5
623.2656 	EXP 	Display Frame 6
623.2990 	EXP 	Display Frame 7
623.3323 	EXP 	Display Frame 8
623.3656 	EXP 	Display Frame 9
623.3989 	EXP 	Display Frame 0
623.4323 	EXP 	Display Frame 1
623.4656 	EXP 	Display Frame 2
623.4990 	EXP 	Display Frame 3
623.5323 	EXP 	Display Frame 4
623.5656 	EXP 	Display Frame 5
623.5989 	EXP 	Display Frame 6
623.6323 	EXP 	Display Frame 7
623.6656 	EXP 	Display Frame 8
623.6989 	EXP 	Display Frame 9
623.7323 	EXP 	Display Frame 0
623.7655 	EXP 	Display Frame 1
623.7989 	EXP 	Display Frame 2
623.8323 	EXP 	Display Frame 3
623.8656 	EXP 	Display Frame 4
623.8989 	EXP 	Display Frame 5
623.9323 	EXP 	Display Frame 6
623.9656 	EXP 	Display Frame 7
623.9989 	EXP 	Display Frame 8
624.0323 	EXP 	Display Frame 9
624.0656 	EXP 	Display Frame 0
624.0990 	EXP 	Display Frame 1
624.1323 	EXP 	Display Frame 2
624.1656 	EXP 	Display Frame 3
624.1990 	EXP 	Display Frame 4
624.2323 	EXP 	Display Frame 5
624.2656 	EXP 	Display Frame 6
624.2989 	EXP 	Display Frame 7
624.3323 	EXP 	Display Frame 8
624.3656 	EXP 	Display Frame 9
624.3990 	EXP 	Display Frame 0
624.4323 	EXP 	Display Frame 1
624.4656 	EXP 	Display Frame 2
624.4990 	EXP 	Display Frame 3
624.5323 	EXP 	Display Frame 4
624.5656 	EXP 	Display Frame 5
624.5989 	EXP 	Display Frame 6
624.6323 	EXP 	Display Frame 7
624.6656 	EXP 	Display Frame 8
624.6990 	EXP 	Display Frame 9
624.7323 	EXP 	Display Frame 0
624.7656 	EXP 	Display Frame 1
624.7989 	EXP 	Display Frame 2
624.8323 	EXP 	Display Frame 3
624.8656 	EXP 	Display Frame 4
624.8989 	EXP 	Display Frame 5
624.9323 	EXP 	Display Frame 6
624.9656 	EXP 	Display Frame 7
624.9990 	EXP 	Display Frame 8
625.0323 	EXP 	Display Frame 9
625.0656 	EXP 	Display Frame 0
625.0989 	EXP 	Display Frame 1
625.1323 	EXP 	Display Frame 2
625.1656 	EXP 	Display Frame 3
625.1989 	EXP 	Display Frame 4
625.2323 	EXP 	Display Frame 5
625.2656 	EXP 	Display Frame 6
625.2990 	EXP 	Display Frame 7
625.3323 	EXP 	Display Frame 8
625.3656 	EXP 	Display Frame 9
625.3989 	EXP 	Display Frame 0
625.4323 	EXP 	Display Frame 1
625.4656 	EXP 	Display Frame 2
625.4989 	EXP 	Display Frame 3
625.5323 	EXP 	Display Frame 4
625.5656 	EXP 	Display Frame 5
625.5990 	EXP 	Display Frame 6
625.6323 	EXP 	Display Frame 7
625.6656 	EXP 	Display Frame 8
625.6990 	EXP 	Display Frame 9
625.7323 	EXP 	Display Frame 0
625.7656 	EXP 	Display Frame 1
625.7989 	EXP 	Display Frame 2
625.8323 	EXP 	Display Frame 3
625.8656 	EXP 	Display Frame 4
625.8990 	EXP 	Display Frame 5
625.9323 	EXP 	Display Frame 6
625.9656 	EXP 	Display Frame 7
625.9990 	EXP 	Display Frame 8
626.0323 	EXP 	Display Frame 9
626.0656 	EXP 	Display Frame 0
626.0991 	EXP 	Display Frame 1
626.1324 	DATA 	Keypress: equal
626.1334 	EXP 	Display Frame 2
626.1656 	EXP 	Display Frame 3
626.1990 	EXP 	Display Frame 4
626.2323 	EXP 	Display Frame 5
626.2656 	EXP 	Display Frame 6
626.2989 	EXP 	Display Frame 7
626.3323 	EXP 	Display Frame 8
626.3657 	EXP 	Display Frame 9
626.3989 	EXP 	Display Frame 0
626.4323 	EXP 	Display Frame 1
626.4657 	EXP 	Display Frame 2
626.4990 	EXP 	Display Frame 3
626.5323 	EXP 	Display Frame 4
626.5656 	EXP 	Display Frame 5
626.5989 	EXP 	Display Frame 6
626.6323 	EXP 	Display Frame 7
626.6657 	EXP 	Display Frame 8
626.6989 	EXP 	Display Frame 9
626.7323 	EXP 	Display Frame 0
626.7656 	EXP 	Display Frame 1
626.7991 	EXP 	Display Frame 2
626.8323 	EXP 	Display Frame 3
626.8656 	EXP 	Display Frame 4
626.8989 	EXP 	Display Frame 5
626.9323 	EXP 	Display Frame 6
626.9656 	EXP 	Display Frame 7
626.9989 	EXP 	Display Frame 8
627.0323 	EXP 	Display Frame 9
627.0656 	EXP 	Display Frame 0
627.0990 	EXP 	Display Frame 1
627.1323 	EXP 	Display Frame 2
627.1656 	EXP 	Display Frame 3
627.1989 	EXP 	Display Frame 4
627.2323 	EXP 	Display Frame 5
627.2656 	EXP 	Display Frame 6
627.2989 	EXP 	Display Frame 7
627.3323 	EXP 	Display Frame 8
627.3656 	EXP 	Display Frame 9
627.3990 	EXP 	Display Frame 0
627.4323 	EXP 	Display Frame 1
627.4656 	EXP 	Display Frame 2
627.4989 	EXP 	Display Frame 3
627.5323 	EXP 	Display Frame 4
627.5656 	EXP 	Display Frame 5
627.5989 	EXP 	Display Frame 6
627.6323 	EXP 	Display Frame 7
627.6656 	EXP 	Display Frame 8
627.6990 	EXP 	Display Frame 9
627.7323 	EXP 	Display Frame 0
627.7656 	EXP 	Display Frame 1
627.7989 	EXP 	Display Frame 2
627.8323 	EXP 	Display Frame 3
627.8656 	EXP 	Display Frame 4
627.8990 	EXP 	Display Frame 5
627.9323 	EXP 	Display Frame 6
627.9656 	EXP 	Display Frame 7
627.9990 	EXP 	Display Frame 8
628.0323 	EXP 	Display Frame 9
628.0656 	EXP 	Display Frame 0
628.0989 	EXP 	Display Frame 1
628.1323 	EXP 	Display Frame 2
628.1656 	EXP 	Display Frame 3
628.1990 	EXP 	Display Frame 4
628.2323 	EXP 	Display Frame 5
628.2656 	EXP 	Display Frame 6
628.2990 	EXP 	Display Frame 7
628.3323 	EXP 	Display Frame 8
628.3656 	EXP 	Display Frame 9
628.3989 	EXP 	Display Frame 0
628.4323 	EXP 	Display Frame 1
628.4656 	EXP 	Display Frame 2
628.4989 	EXP 	Display Frame 3
628.5323 	EXP 	Display Frame 4
628.5656 	EXP 	Display Frame 5
628.5989 	EXP 	Display Frame 6
628.6323 	EXP 	Display Frame 7
628.6656 	EXP 	Display Frame 8
628.6990 	EXP 	Display Frame 9
628.7323 	EXP 	Display Frame 0
628.7656 	EXP 	Display Frame 1
628.7990 	EXP 	Display Frame 2
628.8323 	EXP 	Display Frame 3
628.8656 	EXP 	Display Frame 4
628.8990 	EXP 	Display Frame 5
628.9323 	EXP 	Display Frame 6
628.9656 	EXP 	Display Frame 7
628.9989 	EXP 	Display Frame 8
629.0323 	EXP 	Display Frame 9
629.0656 	EXP 	Display Frame 0
629.0990 	EXP 	Display Frame 1
629.1323 	EXP 	Display Frame 2
629.1656 	EXP 	Display Frame 3
629.1990 	EXP 	Display Frame 4
629.2323 	EXP 	Display Frame 5
629.2656 	EXP 	Display Frame 6
629.2989 	EXP 	Display Frame 7
629.3323 	EXP 	Display Frame 8
629.3656 	EXP 	Display Frame 9
629.3989 	EXP 	Display Frame 0
629.4323 	EXP 	Display Frame 1
629.4656 	EXP 	Display Frame 2
629.4990 	EXP 	Display Frame 3
629.5323 	EXP 	Display Frame 4
629.5656 	EXP 	Display Frame 5
629.5990 	EXP 	Display Frame 6
629.6323 	EXP 	Display Frame 7
629.6656 	EXP 	Display Frame 8
629.6989 	EXP 	Display Frame 9
629.7323 	EXP 	Display Frame 0
629.7656 	EXP 	Display Frame 1
629.7990 	EXP 	Display Frame 2
629.8323 	EXP 	Display Frame 3
629.8656 	EXP 	Display Frame 4
629.8990 	EXP 	Display Frame 5
629.9323 	EXP 	Display Frame 6
629.9656 	EXP 	Display Frame 7
629.9989 	EXP 	Display Frame 8
630.0323 	EXP 	Display Frame 9
630.0656 	EXP 	Display Frame 0
630.0989 	EXP 	Display Frame 1
630.1323 	EXP 	Display Frame 2
630.1656 	EXP 	Display Frame 3
630.1990 	EXP 	Display Frame 4
630.2323 	EXP 	Display Frame 5
630.2656 	EXP 	Display Frame 6
630.2989 	EXP 	Display Frame 7
630.3323 	EXP 	Display Frame 8
630.3656 	EXP 	Display Frame 9
630.3989 	EXP 	Display Frame 0
630.4323 	EXP 	Display Frame 1
630.4656 	EXP 	Display Frame 2
630.4990 	EXP 	Display Frame 3
630.5323 	EXP 	Display Frame 4
630.5656 	EXP 	Display Frame 5
630.5990 	EXP 	Display Frame 6
630.6323 	EXP 	Display Frame 7
630.6656 	EXP 	Display Frame 8
630.6990 	EXP 	Display Frame 9
630.7323 	EXP 	Display Frame 0
630.7656 	EXP 	Display Frame 1
630.7989 	EXP 	Display Frame 2
630.8322 	EXP 	Display Frame 3
630.8656 	EXP 	Display Frame 4
630.8989 	EXP 	Display Frame 5
630.9323 	EXP 	Display Frame 6
630.9656 	EXP 	Display Frame 7
630.9990 	EXP 	Display Frame 8
631.0323 	EXP 	Display Frame 9
631.0656 	EXP 	Display Frame 0
631.0990 	EXP 	Display Frame 1
631.1323 	EXP 	Display Frame 2
631.1657 	EXP 	Display Frame 3
631.1989 	EXP 	Display Frame 4
631.2323 	EXP 	Display Frame 5
631.2656 	EXP 	Display Frame 6
631.2990 	EXP 	Display Frame 7
631.3324 	DATA 	Keypress: equal
631.3334 	EXP 	Display Frame 8
631.3656 	EXP 	Display Frame 9
631.3990 	EXP 	Display Frame 0
631.4323 	EXP 	Display Frame 1
631.4656 	EXP 	Display Frame 2
631.4989 	EXP 	Display Frame 3
631.5323 	EXP 	Display Frame 4
631.5656 	EXP 	Display Frame 5
631.5990 	EXP 	Display Frame 6
631.6323 	EXP 	Display Frame 7
631.6656 	EXP 	Display Frame 8
631.6989 	EXP 	Display Frame 9
631.7323 	EXP 	Display Frame 0
631.7656 	EXP 	Display Frame 1
631.7990 	EXP 	Display Frame 2
631.8323 	EXP 	Display Frame 3
631.8656 	EXP 	Display Frame 4
631.8989 	EXP 	Display Frame 5
631.9323 	EXP 	Display Frame 6
631.9658 	EXP 	Display Frame 7
631.9990 	EXP 	Display Frame 8
632.0323 	EXP 	Display Frame 9
632.0656 	EXP 	Display Frame 0
632.0990 	EXP 	Display Frame 1
632.1324 	EXP 	Display Frame 2
632.1657 	EXP 	Display Frame 3
632.1990 	EXP 	Display Frame 4
632.2323 	EXP 	Display Frame 5
632.2656 	EXP 	Display Frame 6
632.2989 	EXP 	Display Frame 7
632.3323 	EXP 	Display Frame 8
632.3656 	EXP 	Display Frame 9
632.3989 	EXP 	Display Frame 0
632.4325 	EXP 	Display Frame 1
632.4656 	EXP 	Display Frame 2
632.4990 	EXP 	Display Frame 3
632.5323 	EXP 	Display Frame 4
632.5657 	EXP 	Display Frame 5
632.5990 	EXP 	Display Frame 6
632.6323 	EXP 	Display Frame 7
632.6656 	EXP 	Display Frame 8
632.6990 	EXP 	Display Frame 9
632.7323 	EXP 	Display Frame 0
632.7656 	EXP 	Display Frame 1
632.7990 	EXP 	Display Frame 2
632.8323 	EXP 	Display Frame 3
632.8656 	EXP 	Display Frame 4
632.8989 	EXP 	Display Frame 5
632.9323 	EXP 	Display Frame 6
632.9656 	EXP 	Display Frame 7
632.9989 	EXP 	Display Frame 8
633.0323 	EXP 	Display Frame 9
633.0657 	EXP 	Display Frame 0
633.0990 	EXP 	Display Frame 1
633.1323 	EXP 	Display Frame 2
633.1656 	EXP 	Display Frame 3
633.1989 	EXP 	Display Frame 4
633.2323 	EXP 	Display Frame 5
633.2656 	EXP 	Display Frame 6
633.2989 	EXP 	Display Frame 7
633.3323 	EXP 	Display Frame 8
633.3656 	EXP 	Display Frame 9
633.3990 	EXP 	Display Frame 0
633.4323 	EXP 	Display Frame 1
633.4656 	EXP 	Display Frame 2
633.4989 	EXP 	Display Frame 3
633.5323 	EXP 	Display Frame 4
633.5656 	EXP 	Display Frame 5
633.5989 	EXP 	Display Frame 6
633.6323 	EXP 	Display Frame 7
633.6656 	EXP 	Display Frame 8
633.6989 	EXP 	Display Frame 9
633.7323 	EXP 	Display Frame 0
633.7656 	EXP 	Display Frame 1
633.7990 	EXP 	Display Frame 2
633.8323 	EXP 	Display Frame 3
633.8656 	EXP 	Display Frame 4
633.8989 	EXP 	Display Frame 5
633.9323 	EXP 	Display Frame 6
633.9656 	EXP 	Display Frame 7
633.9990 	EXP 	Display Frame 8
634.0323 	EXP 	Display Frame 9
634.0656 	EXP 	Display Frame 0
634.0989 	EXP 	Display Frame 1
634.1323 	EXP 	Display Frame 2
634.1656 	EXP 	Display Frame 3
634.1989 	EXP 	Display Frame 4
634.2323 	EXP 	Display Frame 5
634.2656 	EXP 	Display Frame 6
634.2990 	EXP 	Display Frame 7
634.3323 	EXP 	Display Frame 8
634.3656 	EXP 	Display Frame 9
634.3990 	EXP 	Display Frame 0
634.4323 	EXP 	Display Frame 1
634.4656 	EXP 	Display Frame 2
634.4989 	EXP 	Display Frame 3
634.5323 	EXP 	Display Frame 4
634.5656 	EXP 	Display Frame 5
634.5990 	EXP 	Display Frame 6
634.6323 	EXP 	Display Frame 7
634.6656 	EXP 	Display Frame 8
634.6990 	EXP 	Display Frame 9
634.7323 	EXP 	Display Frame 0
634.7656 	EXP 	Display Frame 1
634.7989 	EXP 	Display Frame 2
634.8323 	EXP 	Display Frame 3
634.8656 	EXP 	Display Frame 4
634.8990 	EXP 	Display Frame 5
634.9323 	EXP 	Display Frame 6
634.9656 	EXP 	Display Frame 7
634.9989 	EXP 	Display Frame 8
635.0323 	EXP 	Display Frame 9
635.0656 	EXP 	Display Frame 0
635.0989 	EXP 	Display Frame 1
635.1323 	EXP 	Display Frame 2
635.1656 	EXP 	Display Frame 3
635.1990 	EXP 	Display Frame 4
635.2323 	EXP 	Display Frame 5
635.2656 	EXP 	Display Frame 6
635.2989 	EXP 	Display Frame 7
635.3323 	EXP 	Display Frame 8
635.3656 	EXP 	Display Frame 9
635.3990 	EXP 	Display Frame 0
635.4323 	EXP 	Display Frame 1
635.4668 	EXP 	Display Frame 2
635.4990 	EXP 	Display Frame 3
635.5323 	EXP 	Display Frame 4
635.5656 	EXP 	Display Frame 5
635.5990 	EXP 	Display Frame 6
635.6323 	EXP 	Display Frame 7
635.6656 	EXP 	Display Frame 8
635.6989 	EXP 	Display Frame 9
635.7323 	EXP 	Display Frame 0
635.7656 	EXP 	Display Frame 1
635.7990 	EXP 	Display Frame 2
635.8323 	EXP 	Display Frame 3
635.8656 	EXP 	Display Frame 4
635.8990 	EXP 	Display Frame 5
635.9323 	EXP 	Display Frame 6
635.9656 	EXP 	Display Frame 7
635.9989 	EXP 	Display Frame 8
636.0323 	EXP 	Display Frame 9
636.0656 	EXP 	Display Frame 0
636.0990 	EXP 	Display Frame 1
636.1323 	EXP 	Display Frame 2
636.1656 	EXP 	Display Frame 3
636.1990 	EXP 	Display Frame 4
636.2323 	EXP 	Display Frame 5
636.2656 	EXP 	Display Frame 6
636.2989 	EXP 	Display Frame 7
636.3323 	EXP 	Display Frame 8
636.3656 	EXP 	Display Frame 9
636.3990 	EXP 	Display Frame 0
636.4323 	EXP 	Display Frame 1
636.4656 	EXP 	Display Frame 2
636.4990 	EXP 	Display Frame 3
636.5324 	DATA 	Keypress: equal
636.5335 	EXP 	Display Frame 4
636.5656 	EXP 	Display Frame 5
636.5990 	EXP 	Display Frame 6
636.6323 	EXP 	Display Frame 7
636.6656 	EXP 	Display Frame 8
636.6990 	EXP 	Display Frame 9
636.7323 	EXP 	Display Frame 0
636.7656 	EXP 	Display Frame 1
636.7990 	EXP 	Display Frame 2
636.8323 	EXP 	Display Frame 3
636.8656 	EXP 	Display Frame 4
636.8990 	EXP 	Display Frame 5
636.9323 	EXP 	Display Frame 6
636.9656 	EXP 	Display Frame 7
636.9990 	EXP 	Display Frame 8
637.0323 	EXP 	Display Frame 9
637.0656 	EXP 	Display Frame 0
637.0989 	EXP 	Display Frame 1
637.1323 	EXP 	Display Frame 2
637.1656 	EXP 	Display Frame 3
637.1990 	EXP 	Display Frame 4
637.2323 	EXP 	Display Frame 5
637.2656 	EXP 	Display Frame 6
637.2990 	EXP 	Display Frame 7
637.3323 	EXP 	Display Frame 8
637.3656 	EXP 	Display Frame 9
637.3989 	EXP 	Display Frame 0
637.4323 	EXP 	Display Frame 1
637.4657 	EXP 	Display Frame 2
637.4989 	EXP 	Display Frame 3
637.5323 	EXP 	Display Frame 4
637.5656 	EXP 	Display Frame 5
637.5990 	EXP 	Display Frame 6
637.6323 	EXP 	Display Frame 7
637.6656 	EXP 	Display Frame 8
637.6990 	EXP 	Display Frame 9
637.7323 	EXP 	Display Frame 0
637.7656 	EXP 	Display Frame 1
637.7989 	EXP 	Display Frame 2
637.8323 	EXP 	Display Frame 3
637.8656 	EXP 	Display Frame 4
637.8990 	EXP 	Display Frame 5
637.9323 	EXP 	Display Frame 6
637.9656 	EXP 	Display Frame 7
637.9990 	EXP 	Display Frame 8
638.0323 	EXP 	Display Frame 9
638.0656 	EXP 	Display Frame 0
638.0989 	EXP 	Display Frame 1
638.1323 	EXP 	Display Frame 2
638.1656 	EXP 	Display Frame 3
638.1992 	EXP 	Display Frame 4
638.2323 	EXP 	Display Frame 5
638.2656 	EXP 	Display Frame 6
638.2990 	EXP 	Display Frame 7
638.3323 	EXP 	Display Frame 8
638.3656 	EXP 	Display Frame 9
638.3990 	EXP 	Display Frame 0
638.4323 	EXP 	Display Frame 1
638.4657 	EXP 	Display Frame 2
638.4990 	EXP 	Display Frame 3
638.5323 	EXP 	Display Frame 4
638.5656 	EXP 	Display Frame 5
638.5989 	EXP 	Display Frame 6
638.6323 	EXP 	Display Frame 7
638.6656 	EXP 	Display Frame 8
638.6989 	EXP 	Display Frame 9
638.7323 	EXP 	Display Frame 0
638.7656 	EXP 	Display Frame 1
638.7989 	EXP 	Display Frame 2
638.8323 	EXP 	Display Frame 3
638.8656 	EXP 	Display Frame 4
638.8990 	EXP 	Display Frame 5
638.9323 	EXP 	Display Frame 6
638.9656 	EXP 	Display Frame 7
638.9989 	EXP 	Display Frame 8
639.0323 	EXP 	Display Frame 9
639.0656 	EXP 	Display Frame 0
639.0990 	EXP 	Display Frame 1
639.1323 	EXP 	Display Frame 2
639.1656 	EXP 	Display Frame 3
639.1990 	EXP 	Display Frame 4
639.2323 	EXP 	Display Frame 5
639.2656 	EXP 	Display Frame 6
639.2990 	EXP 	Display Frame 7
639.3323 	EXP 	Display Frame 8
639.3656 	EXP 	Display Frame 9
639.3990 	EXP 	Display Frame 0
639.4323 	EXP 	Display Frame 1
639.4656 	EXP 	Display Frame 2
639.4990 	EXP 	Display Frame 3
639.5323 	EXP 	Display Frame 4
639.5656 	EXP 	Display Frame 5
639.5989 	EXP 	Display Frame 6
639.6323 	EXP 	Display Frame 7
639.6656 	EXP 	Display Frame 8
639.6989 	EXP 	Display Frame 9
639.7323 	EXP 	Display Frame 0
639.7656 	EXP 	Display Frame 1
639.7990 	EXP 	Display Frame 2
639.8323 	EXP 	Display Frame 3
639.8656 	EXP 	Display Frame 4
639.8990 	EXP 	Display Frame 5
639.9323 	EXP 	Display Frame 6
639.9656 	EXP 	Display Frame 7
639.9989 	EXP 	Display Frame 8
640.0323 	EXP 	Display Frame 9
640.0656 	EXP 	Display Frame 0
640.0989 	EXP 	Display Frame 1
640.1323 	EXP 	Display Frame 2
640.1656 	EXP 	Display Frame 3
640.1990 	EXP 	Display Frame 4
640.2323 	EXP 	Display Frame 5
640.2656 	EXP 	Display Frame 6
640.2989 	EXP 	Display Frame 7
640.3323 	EXP 	Display Frame 8
640.3656 	EXP 	Display Frame 9
640.3990 	EXP 	Display Frame 0
640.4323 	EXP 	Display Frame 1
640.4656 	EXP 	Display Frame 2
640.4989 	EXP 	Display Frame 3
640.5323 	EXP 	Display Frame 4
640.5656 	EXP 	Display Frame 5
640.5989 	EXP 	Display Frame 6
640.6323 	EXP 	Display Frame 7
640.6656 	EXP 	Display Frame 8
640.6990 	EXP 	Display Frame 9
640.7323 	EXP 	Display Frame 0
640.7655 	EXP 	Display Frame 1
640.7990 	EXP 	Display Frame 2
640.8323 	EXP 	Display Frame 3
640.8656 	EXP 	Display Frame 4
640.8989 	EXP 	Display Frame 5
640.9323 	EXP 	Display Frame 6
640.9656 	EXP 	Display Frame 7
640.9990 	EXP 	Display Frame 8
641.0323 	EXP 	Display Frame 9
641.0656 	EXP 	Display Frame 0
641.0990 	EXP 	Display Frame 1
641.1323 	EXP 	Display Frame 2
641.1656 	EXP 	Display Frame 3
641.1990 	EXP 	Display Frame 4
641.2323 	EXP 	Display Frame 5
641.2656 	EXP 	Display Frame 6
641.2990 	EXP 	Display Frame 7
641.3323 	EXP 	Display Frame 8
641.3657 	EXP 	Display Frame 9
641.3992 	EXP 	Display Frame 0
641.4326 	EXP 	Display Frame 1
641.4657 	EXP 	Display Frame 2
641.4990 	EXP 	Display Frame 3
641.5323 	EXP 	Display Frame 4
641.5656 	EXP 	Display Frame 5
641.5990 	EXP 	Display Frame 6
641.6323 	EXP 	Display Frame 7
641.6656 	EXP 	Display Frame 8
641.6991 	DATA 	Keypress: equal
641.6999 	EXP 	Display Frame 9
641.7323 	EXP 	Display Frame 0
641.7656 	EXP 	Display Frame 1
641.7989 	EXP 	Display Frame 2
641.8323 	EXP 	Display Frame 3
641.8656 	EXP 	Display Frame 4
641.8990 	EXP 	Display Frame 5
641.9323 	EXP 	Display Frame 6
641.9656 	EXP 	Display Frame 7
641.9990 	EXP 	Display Frame 8
642.0323 	EXP 	Display Frame 9
642.0656 	EXP 	Display Frame 0
642.0989 	EXP 	Display Frame 1
642.1323 	EXP 	Display Frame 2
642.1656 	EXP 	Display Frame 3
642.1989 	EXP 	Display Frame 4
642.2323 	EXP 	Display Frame 5
642.2656 	EXP 	Display Frame 6
642.2990 	EXP 	Display Frame 7
642.3323 	EXP 	Display Frame 8
642.3656 	EXP 	Display Frame 9
642.3990 	EXP 	Display Frame 0
642.4323 	EXP 	Display Frame 1
642.4656 	EXP 	Display Frame 2
642.4989 	EXP 	Display Frame 3
642.5323 	EXP 	Display Frame 4
642.5656 	EXP 	Display Frame 5
642.5990 	EXP 	Display Frame 6
642.6323 	EXP 	Display Frame 7
642.6656 	EXP 	Display Frame 8
642.6989 	EXP 	Display Frame 9
642.7323 	EXP 	Display Frame 0
642.7656 	EXP 	Display Frame 1
642.7990 	EXP 	Display Frame 2
642.8323 	EXP 	Display Frame 3
642.8656 	EXP 	Display Frame 4
642.8990 	EXP 	Display Frame 5
642.9323 	EXP 	Display Frame 6
642.9656 	EXP 	Display Frame 7
642.9990 	EXP 	Display Frame 8
643.0323 	EXP 	Display Frame 9
643.0656 	EXP 	Display Frame 0
643.0990 	EXP 	Display Frame 1
643.1323 	EXP 	Display Frame 2
643.1656 	EXP 	Display Frame 3
643.1990 	EXP 	Display Frame 4
643.2323 	EXP 	Display Frame 5
643.2656 	EXP 	Display Frame 6
643.2989 	EXP 	Display Frame 7
643.3323 	EXP 	Display Frame 8
643.3656 	EXP 	Display Frame 9
643.3990 	EXP 	Display Frame 0
643.4323 	EXP 	Display Frame 1
643.4656 	EXP 	Display Frame 2
643.4990 	EXP 	Display Frame 3
643.5323 	EXP 	Display Frame 4
643.5656 	EXP 	Display Frame 5
643.5989 	EXP 	Display Frame 6
643.6323 	EXP 	Display Frame 7
643.6656 	EXP 	Display Frame 8
643.6989 	EXP 	Display Frame 9
643.7323 	EXP 	Display Frame 0
643.7656 	EXP 	Display Frame 1
643.7989 	EXP 	Display Frame 2
643.8323 	EXP 	Display Frame 3
643.8656 	EXP 	Display Frame 4
643.8990 	EXP 	Display Frame 5
643.9323 	EXP 	Display Frame 6
643.9658 	EXP 	Display Frame 7
643.9990 	EXP 	Display Frame 8
644.0323 	EXP 	Display Frame 9
644.0656 	EXP 	Display Frame 0
644.0990 	EXP 	Display Frame 1
644.1323 	EXP 	Display Frame 2
644.1656 	EXP 	Display Frame 3
644.1990 	EXP 	Display Frame 4
644.2323 	EXP 	Display Frame 5
644.2656 	EXP 	Display Frame 6
644.2989 	EXP 	Display Frame 7
644.3323 	EXP 	Display Frame 8
644.3656 	EXP 	Display Frame 9
644.3990 	EXP 	Display Frame 0
644.4323 	EXP 	Display Frame 1
644.4656 	EXP 	Display Frame 2
644.4990 	EXP 	Display Frame 3
644.5323 	EXP 	Display Frame 4
644.5656 	EXP 	Display Frame 5
644.5990 	EXP 	Display Frame 6
644.6323 	EXP 	Display Frame 7
644.6656 	EXP 	Display Frame 8
644.6990 	EXP 	Display Frame 9
644.7323 	EXP 	Display Frame 0
644.7656 	EXP 	Display Frame 1
644.7990 	EXP 	Display Frame 2
644.8323 	EXP 	Display Frame 3
644.8656 	EXP 	Display Frame 4
644.8990 	EXP 	Display Frame 5
644.9323 	EXP 	Display Frame 6
644.9656 	EXP 	Display Frame 7
644.9990 	EXP 	Display Frame 8
645.0323 	EXP 	Display Frame 9
645.0656 	EXP 	Display Frame 0
645.0990 	EXP 	Display Frame 1
645.1323 	EXP 	Display Frame 2
645.1656 	EXP 	Display Frame 3
645.1989 	EXP 	Display Frame 4
645.2323 	EXP 	Display Frame 5
645.2656 	EXP 	Display Frame 6
645.2990 	EXP 	Display Frame 7
645.3323 	EXP 	Display Frame 8
645.3656 	EXP 	Display Frame 9
645.3990 	EXP 	Display Frame 0
645.4323 	EXP 	Display Frame 1
645.4656 	EXP 	Display Frame 2
645.4990 	EXP 	Display Frame 3
645.5323 	EXP 	Display Frame 4
645.5656 	EXP 	Display Frame 5
645.5990 	EXP 	Display Frame 6
645.6323 	EXP 	Display Frame 7
645.6656 	EXP 	Display Frame 8
645.6990 	EXP 	Display Frame 9
645.7323 	EXP 	Display Frame 0
645.7656 	EXP 	Display Frame 1
645.7990 	EXP 	Display Frame 2
645.8323 	EXP 	Display Frame 3
645.8656 	EXP 	Display Frame 4
645.8990 	EXP 	Display Frame 5
645.9323 	EXP 	Display Frame 6
645.9656 	EXP 	Display Frame 7
645.9989 	EXP 	Display Frame 8
646.0323 	EXP 	Display Frame 9
646.0657 	EXP 	Display Frame 0
646.0990 	EXP 	Display Frame 1
646.1323 	EXP 	Display Frame 2
646.1656 	EXP 	Display Frame 3
646.1990 	EXP 	Display Frame 4
646.2323 	EXP 	Display Frame 5
646.2656 	EXP 	Display Frame 6
646.2990 	EXP 	Display Frame 7
646.3323 	EXP 	Display Frame 8
646.3656 	EXP 	Display Frame 9
646.3989 	EXP 	Display Frame 0
646.4323 	EXP 	Display Frame 1
646.4656 	EXP 	Display Frame 2
646.4990 	EXP 	Display Frame 3
646.5323 	EXP 	Display Frame 4
646.5656 	EXP 	Display Frame 5
646.5990 	EXP 	Display Frame 6
646.6323 	EXP 	Display Frame 7
646.6656 	EXP 	Display Frame 8
646.6989 	EXP 	Display Frame 9
646.7324 	EXP 	Display Frame 0
646.7656 	EXP 	Display Frame 1
646.7989 	EXP 	Display Frame 2
646.8323 	EXP 	Display Frame 3
646.8656 	EXP 	Display Frame 4
646.8991 	DATA 	Keypress: equal
646.9001 	EXP 	Display Frame 5
646.9034 	EXP 	Display Fixation
652.0873 	DATA 	Keypress: equal
657.2803 	DATA 	Keypress: equal
662.4743 	DATA 	Keypress: equal
667.6674 	DATA 	Keypress: equal
672.8614 	DATA 	Keypress: equal
678.0545 	DATA 	Keypress: equal
678.0890 	EXP 	Display Frame 1
678.1222 	EXP 	Display Frame 2
678.1555 	EXP 	Display Frame 3
678.1889 	EXP 	Display Frame 4
678.2222 	EXP 	Display Frame 5
678.2555 	EXP 	Display Frame 6
678.2888 	EXP 	Display Frame 7
678.3222 	EXP 	Display Frame 8
678.3555 	EXP 	Display Frame 9
678.3889 	EXP 	Display Frame 0
678.4221 	EXP 	Display Frame 1
678.4555 	EXP 	Display Frame 2
678.4888 	EXP 	Display Frame 3
678.5222 	EXP 	Display Frame 4
678.5555 	EXP 	Display Frame 5
678.5888 	EXP 	Display Frame 6
678.6222 	EXP 	Display Frame 7
678.6555 	EXP 	Display Frame 8
678.6888 	EXP 	Display Frame 9
678.7221 	EXP 	Display Frame 0
678.7555 	EXP 	Display Frame 1
678.7888 	EXP 	Display Frame 2
678.8222 	EXP 	Display Frame 3
678.8555 	EXP 	Display Frame 4
678.8888 	EXP 	Display Frame 5
678.9222 	EXP 	Display Frame 6
678.9554 	EXP 	Display Frame 7
678.9888 	EXP 	Display Frame 8
679.0221 	EXP 	Display Frame 9
679.0555 	EXP 	Display Frame 0
679.0887 	EXP 	Display Frame 1
679.1221 	EXP 	Display Frame 2
679.1554 	EXP 	Display Frame 3
679.1888 	EXP 	Display Frame 4
679.2221 	EXP 	Display Frame 5
679.2555 	EXP 	Display Frame 6
679.2888 	EXP 	Display Frame 7
679.3221 	EXP 	Display Frame 8
679.3555 	EXP 	Display Frame 9
679.3888 	EXP 	Display Frame 0
679.4221 	EXP 	Display Frame 1
679.4554 	EXP 	Display Frame 2
679.4890 	EXP 	Display Frame 3
679.5224 	EXP 	Display Frame 4
679.5555 	EXP 	Display Frame 5
679.5888 	EXP 	Display Frame 6
679.6221 	EXP 	Display Frame 7
679.6555 	EXP 	Display Frame 8
679.6888 	EXP 	Display Frame 9
679.7221 	EXP 	Display Frame 0
679.7555 	EXP 	Display Frame 1
679.7888 	EXP 	Display Frame 2
679.8221 	EXP 	Display Frame 3
679.8554 	EXP 	Display Frame 4
679.8888 	EXP 	Display Frame 5
679.9221 	EXP 	Display Frame 6
679.9555 	EXP 	Display Frame 7
679.9888 	EXP 	Display Frame 8
680.0221 	EXP 	Display Frame 9
680.0555 	EXP 	Display Frame 0
680.0889 	EXP 	Display Frame 1
680.1244 	EXP 	Display Frame 2
680.1554 	EXP 	Display Frame 3
680.1888 	EXP 	Display Frame 4
680.2221 	EXP 	Display Frame 5
680.2555 	EXP 	Display Frame 6
680.2888 	EXP 	Display Frame 7
680.3221 	EXP 	Display Frame 8
680.3554 	EXP 	Display Frame 9
680.3888 	EXP 	Display Frame 0
680.4221 	EXP 	Display Frame 1
680.4555 	EXP 	Display Frame 2
680.4888 	EXP 	Display Frame 3
680.5221 	EXP 	Display Frame 4
680.5555 	EXP 	Display Frame 5
680.5888 	EXP 	Display Frame 6
680.6221 	EXP 	Display Frame 7
680.6554 	EXP 	Display Frame 8
680.6888 	EXP 	Display Frame 9
680.7221 	EXP 	Display Frame 0
680.7555 	EXP 	Display Frame 1
680.7888 	EXP 	Display Frame 2
680.8221 	EXP 	Display Frame 3
680.8554 	EXP 	Display Frame 4
680.8888 	EXP 	Display Frame 5
680.9221 	EXP 	Display Frame 6
680.9555 	EXP 	Display Frame 7
680.9888 	EXP 	Display Frame 8
681.0221 	EXP 	Display Frame 9
681.0555 	EXP 	Display Frame 0
681.0887 	EXP 	Display Frame 1
681.1221 	EXP 	Display Frame 2
681.1554 	EXP 	Display Frame 3
681.1888 	EXP 	Display Frame 4
681.2221 	EXP 	Display Frame 5
681.2555 	EXP 	Display Frame 6
681.2888 	EXP 	Display Frame 7
681.3221 	EXP 	Display Frame 8
681.3555 	EXP 	Display Frame 9
681.3888 	EXP 	Display Frame 0
681.4221 	EXP 	Display Frame 1
681.4554 	EXP 	Display Frame 2
681.4888 	EXP 	Display Frame 3
681.5221 	EXP 	Display Frame 4
681.5555 	EXP 	Display Frame 5
681.5888 	EXP 	Display Frame 6
681.6221 	EXP 	Display Frame 7
681.6555 	EXP 	Display Frame 8
681.6888 	EXP 	Display Frame 9
681.7221 	EXP 	Display Frame 0
681.7555 	EXP 	Display Frame 1
681.7888 	EXP 	Display Frame 2
681.8221 	EXP 	Display Frame 3
681.8554 	EXP 	Display Frame 4
681.8888 	EXP 	Display Frame 5
681.9221 	EXP 	Display Frame 6
681.9555 	EXP 	Display Frame 7
681.9888 	EXP 	Display Frame 8
682.0221 	EXP 	Display Frame 9
682.0557 	EXP 	Display Frame 0
682.0888 	EXP 	Display Frame 1
682.1221 	EXP 	Display Frame 2
682.1554 	EXP 	Display Frame 3
682.1888 	EXP 	Display Frame 4
682.2221 	EXP 	Display Frame 5
682.2555 	EXP 	Display Frame 6
682.2888 	EXP 	Display Frame 7
682.3221 	EXP 	Display Frame 8
682.3555 	EXP 	Display Frame 9
682.3888 	EXP 	Display Frame 0
682.4221 	EXP 	Display Frame 1
682.4554 	EXP 	Display Frame 2
682.4888 	EXP 	Display Frame 3
682.5221 	EXP 	Display Frame 4
682.5555 	EXP 	Display Frame 5
682.5888 	EXP 	Display Frame 6
682.6221 	EXP 	Display Frame 7
682.6555 	EXP 	Display Frame 8
682.6888 	EXP 	Display Frame 9
682.7221 	EXP 	Display Frame 0
682.7555 	EXP 	Display Frame 1
682.7888 	EXP 	Display Frame 2
682.8221 	EXP 	Display Frame 3
682.8554 	EXP 	Display Frame 4
682.8888 	EXP 	Display Frame 5
682.9221 	EXP 	Display Frame 6
682.9555 	EXP 	Display Frame 7
682.9888 	EXP 	Display Frame 8
683.0221 	EXP 	Display Frame 9
683.0554 	EXP 	Display Frame 0
683.0887 	EXP 	Display Frame 1
683.1222 	EXP 	Display Frame 2
683.1554 	EXP 	Display Frame 3
683.1888 	EXP 	Display Frame 4
683.2221 	EXP 	Display Frame 5
683.2556 	DATA 	Keypress: equal
683.2566 	EXP 	Display Frame 6
683.2888 	EXP 	Display Frame 7
683.3221 	EXP 	Display Frame 8
683.3554 	EXP 	Display Frame 9
683.3888 	EXP 	Display Frame 0
683.4222 	EXP 	Display Frame 1
683.4555 	EXP 	Display Frame 2
683.4888 	EXP 	Display Frame 3
683.5221 	EXP 	Display Frame 4
683.5555 	EXP 	Display Frame 5
683.5888 	EXP 	Display Frame 6
683.6221 	EXP 	Display Frame 7
683.6554 	EXP 	Display Frame 8
683.6888 	EXP 	Display Frame 9
683.7222 	EXP 	Display Frame 0
683.7554 	EXP 	Display Frame 1
683.7888 	EXP 	Display Frame 2
683.8221 	EXP 	Display Frame 3
683.8554 	EXP 	Display Frame 4
683.8888 	EXP 	Display Frame 5
683.9222 	EXP 	Display Frame 6
683.9554 	EXP 	Display Frame 7
683.9888 	EXP 	Display Frame 8
684.0221 	EXP 	Display Frame 9
684.0555 	EXP 	Display Frame 0
684.0888 	EXP 	Display Frame 1
684.1221 	EXP 	Display Frame 2
684.1555 	EXP 	Display Frame 3
684.1888 	EXP 	Display Frame 4
684.2221 	EXP 	Display Frame 5
684.2554 	EXP 	Display Frame 6
684.2888 	EXP 	Display Frame 7
684.3221 	EXP 	Display Frame 8
684.3555 	EXP 	Display Frame 9
684.3890 	EXP 	Display Frame 0
684.4224 	EXP 	Display Frame 1
684.4557 	EXP 	Display Frame 2
684.4892 	EXP 	Display Frame 3
684.5224 	EXP 	Display Frame 4
684.5556 	EXP 	Display Frame 5
684.5891 	EXP 	Display Frame 6
684.6223 	EXP 	Display Frame 7
684.6555 	EXP 	Display Frame 8
684.6888 	EXP 	Display Frame 9
684.7221 	EXP 	Display Frame 0
684.7555 	EXP 	Display Frame 1
684.7888 	EXP 	Display Frame 2
684.8221 	EXP 	Display Frame 3
684.8555 	EXP 	Display Frame 4
684.8888 	EXP 	Display Frame 5
684.9221 	EXP 	Display Frame 6
684.9555 	EXP 	Display Frame 7
684.9888 	EXP 	Display Frame 8
685.0221 	EXP 	Display Frame 9
685.0554 	EXP 	Display Frame 0
685.0888 	EXP 	Display Frame 1
685.1222 	EXP 	Display Frame 2
685.1554 	EXP 	Display Frame 3
685.1888 	EXP 	Display Frame 4
685.2221 	EXP 	Display Frame 5
685.2555 	EXP 	Display Frame 6
685.2888 	EXP 	Display Frame 7
685.3221 	EXP 	Display Frame 8
685.3555 	EXP 	Display Frame 9
685.3888 	EXP 	Display Frame 0
685.4223 	EXP 	Display Frame 1
685.4584 	EXP 	Display Frame 2
685.4888 	EXP 	Display Frame 3
685.5221 	EXP 	Display Frame 4
685.5555 	EXP 	Display Frame 5
685.5888 	EXP 	Display Frame 6
685.6221 	EXP 	Display Frame 7
685.6554 	EXP 	Display Frame 8
685.6888 	EXP 	Display Frame 9
685.7221 	EXP 	Display Frame 0
685.7564 	EXP 	Display Frame 1
685.7888 	EXP 	Display Frame 2
685.8221 	EXP 	Display Frame 3
685.8555 	EXP 	Display Frame 4
685.8888 	EXP 	Display Frame 5
685.9221 	EXP 	Display Frame 6
685.9555 	EXP 	Display Frame 7
685.9888 	EXP 	Display Frame 8
686.0221 	EXP 	Display Frame 9
686.0555 	EXP 	Display Frame 0
686.0888 	EXP 	Display Frame 1
686.1221 	EXP 	Display Frame 2
686.1555 	EXP 	Display Frame 3
686.1888 	EXP 	Display Frame 4
686.2221 	EXP 	Display Frame 5
686.2555 	EXP 	Display Frame 6
686.2888 	EXP 	Display Frame 7
686.3221 	EXP 	Display Frame 8
686.3555 	EXP 	Display Frame 9
686.3888 	EXP 	Display Frame 0
686.4221 	EXP 	Display Frame 1
686.4555 	EXP 	Display Frame 2
686.4888 	EXP 	Display Frame 3
686.5221 	EXP 	Display Frame 4
686.5555 	EXP 	Display Frame 5
686.5888 	EXP 	Display Frame 6
686.6221 	EXP 	Display Frame 7
686.6554 	EXP 	Display Frame 8
686.6888 	EXP 	Display Frame 9
686.7221 	EXP 	Display Frame 0
686.7554 	EXP 	Display Frame 1
686.7888 	EXP 	Display Frame 2
686.8221 	EXP 	Display Frame 3
686.8555 	EXP 	Display Frame 4
686.8888 	EXP 	Display Frame 5
686.9221 	EXP 	Display Frame 6
686.9555 	EXP 	Display Frame 7
686.9888 	EXP 	Display Frame 8
687.0221 	EXP 	Display Frame 9
687.0555 	EXP 	Display Frame 0
687.0888 	EXP 	Display Frame 1
687.1221 	EXP 	Display Frame 2
687.1555 	EXP 	Display Frame 3
687.1888 	EXP 	Display Frame 4
687.2221 	EXP 	Display Frame 5
687.2557 	EXP 	Display Frame 6
687.2888 	EXP 	Display Frame 7
687.3221 	EXP 	Display Frame 8
687.3555 	EXP 	Display Frame 9
687.3888 	EXP 	Display Frame 0
687.4222 	EXP 	Display Frame 1
687.4555 	EXP 	Display Frame 2
687.4888 	EXP 	Display Frame 3
687.5221 	EXP 	Display Frame 4
687.5555 	EXP 	Display Frame 5
687.5888 	EXP 	Display Frame 6
687.6221 	EXP 	Display Frame 7
687.6554 	EXP 	Display Frame 8
687.6888 	EXP 	Display Frame 9
687.7221 	EXP 	Display Frame 0
687.7555 	EXP 	Display Frame 1
687.7888 	EXP 	Display Frame 2
687.8221 	EXP 	Display Frame 3
687.8555 	EXP 	Display Frame 4
687.8888 	EXP 	Display Frame 5
687.9221 	EXP 	Display Frame 6
687.9554 	EXP 	Display Frame 7
687.9888 	EXP 	Display Frame 8
688.0221 	EXP 	Display Frame 9
688.0554 	EXP 	Display Frame 0
688.0887 	EXP 	Display Frame 1
688.1221 	EXP 	Display Frame 2
688.1555 	EXP 	Display Frame 3
688.1888 	EXP 	Display Frame 4
688.2221 	EXP 	Display Frame 5
688.2554 	EXP 	Display Frame 6
688.2888 	EXP 	Display Frame 7
688.3221 	EXP 	Display Frame 8
688.3554 	EXP 	Display Frame 9
688.3888 	EXP 	Display Frame 0
688.4221 	EXP 	Display Frame 1
688.4556 	DATA 	Keypress: equal
688.4566 	EXP 	Display Frame 2
688.4888 	EXP 	Display Frame 3
688.5221 	EXP 	Display Frame 4
688.5555 	EXP 	Display Frame 5
688.5888 	EXP 	Display Frame 6
688.6222 	EXP 	Display Frame 7
688.6554 	EXP 	Display Frame 8
688.6888 	EXP 	Display Frame 9
688.7221 	EXP 	Display Frame 0
688.7555 	EXP 	Display Frame 1
688.7888 	EXP 	Display Frame 2
688.8221 	EXP 	Display Frame 3
688.8555 	EXP 	Display Frame 4
688.8888 	EXP 	Display Frame 5
688.9222 	EXP 	Display Frame 6
688.9554 	EXP 	Display Frame 7
688.9888 	EXP 	Display Frame 8
689.0221 	EXP 	Display Frame 9
689.0555 	EXP 	Display Frame 0
689.0887 	EXP 	Display Frame 1
689.1222 	EXP 	Display Frame 2
689.1555 	EXP 	Display Frame 3
689.1888 	EXP 	Display Frame 4
689.2221 	EXP 	Display Frame 5
689.2554 	EXP 	Display Frame 6
689.2888 	EXP 	Display Frame 7
689.3221 	EXP 	Display Frame 8
689.3555 	EXP 	Display Frame 9
689.3888 	EXP 	Display Frame 0
689.4222 	EXP 	Display Frame 1
689.4555 	EXP 	Display Frame 2
689.4888 	EXP 	Display Frame 3
689.5221 	EXP 	Display Frame 4
689.5554 	EXP 	Display Frame 5
689.5888 	EXP 	Display Frame 6
689.6221 	EXP 	Display Frame 7
689.6555 	EXP 	Display Frame 8
689.6888 	EXP 	Display Frame 9
689.7221 	EXP 	Display Frame 0
689.7555 	EXP 	Display Frame 1
689.7888 	EXP 	Display Frame 2
689.8221 	EXP 	Display Frame 3
689.8554 	EXP 	Display Frame 4
689.8888 	EXP 	Display Frame 5
689.9221 	EXP 	Display Frame 6
689.9555 	EXP 	Display Frame 7
689.9888 	EXP 	Display Frame 8
690.0221 	EXP 	Display Frame 9
690.0555 	EXP 	Display Frame 0
690.0887 	EXP 	Display Frame 1
690.1221 	EXP 	Display Frame 2
690.1554 	EXP 	Display Frame 3
690.1888 	EXP 	Display Frame 4
690.2221 	EXP 	Display Frame 5
690.2555 	EXP 	Display Frame 6
690.2888 	EXP 	Display Frame 7
690.3221 	EXP 	Display Frame 8
690.3555 	EXP 	Display Frame 9
690.3888 	EXP 	Display Frame 0
690.4221 	EXP 	Display Frame 1
690.4554 	EXP 	Display Frame 2
690.4888 	EXP 	Display Frame 3
690.5221 	EXP 	Display Frame 4
690.5555 	EXP 	Display Frame 5
690.5888 	EXP 	Display Frame 6
690.6221 	EXP 	Display Frame 7
690.6555 	EXP 	Display Frame 8
690.6888 	EXP 	Display Frame 9
690.7221 	EXP 	Display Frame 0
690.7557 	EXP 	Display Frame 1
690.7931 	EXP 	Display Frame 2
690.8223 	EXP 	Display Frame 3
690.8555 	EXP 	Display Frame 4
690.8888 	EXP 	Display Frame 5
690.9221 	EXP 	Display Frame 6
690.9554 	EXP 	Display Frame 7
690.9888 	EXP 	Display Frame 8
691.0221 	EXP 	Display Frame 9
691.0555 	EXP 	Display Frame 0
691.0887 	EXP 	Display Frame 1
691.1221 	EXP 	Display Frame 2
691.1555 	EXP 	Display Frame 3
691.1888 	EXP 	Display Frame 4
691.2221 	EXP 	Display Frame 5
691.2554 	EXP 	Display Frame 6
691.2888 	EXP 	Display Frame 7
691.3221 	EXP 	Display Frame 8
691.3554 	EXP 	Display Frame 9
691.3888 	EXP 	Display Frame 0
691.4221 	EXP 	Display Frame 1
691.4555 	EXP 	Display Frame 2
691.4888 	EXP 	Display Frame 3
691.5221 	EXP 	Display Frame 4
691.5555 	EXP 	Display Frame 5
691.5888 	EXP 	Display Frame 6
691.6221 	EXP 	Display Frame 7
691.6554 	EXP 	Display Frame 8
691.6888 	EXP 	Display Frame 9
691.7221 	EXP 	Display Frame 0
691.7555 	EXP 	Display Frame 1
691.7888 	EXP 	Display Frame 2
691.8221 	EXP 	Display Frame 3
691.8555 	EXP 	Display Frame 4
691.8888 	EXP 	Display Frame 5
691.9221 	EXP 	Display Frame 6
691.9554 	EXP 	Display Frame 7
691.9888 	EXP 	Display Frame 8
692.0221 	EXP 	Display Frame 9
692.0555 	EXP 	Display Frame 0
692.0887 	EXP 	Display Frame 1
692.1221 	EXP 	Display Frame 2
692.1554 	EXP 	Display Frame 3
692.1888 	EXP 	Display Frame 4
692.2221 	EXP 	Display Frame 5
692.2555 	EXP 	Display Frame 6
692.2888 	EXP 	Display Frame 7
692.3221 	EXP 	Display Frame 8
692.3555 	EXP 	Display Frame 9
692.3888 	EXP 	Display Frame 0
692.4221 	EXP 	Display Frame 1
692.4554 	EXP 	Display Frame 2
692.4888 	EXP 	Display Frame 3
692.5221 	EXP 	Display Frame 4
692.5555 	EXP 	Display Frame 5
692.5888 	EXP 	Display Frame 6
692.6221 	EXP 	Display Frame 7
692.6555 	EXP 	Display Frame 8
692.6888 	EXP 	Display Frame 9
692.7222 	EXP 	Display Frame 0
692.7556 	EXP 	Display Frame 1
692.7889 	EXP 	Display Frame 2
692.8221 	EXP 	Display Frame 3
692.8554 	EXP 	Display Frame 4
692.8888 	EXP 	Display Frame 5
692.9221 	EXP 	Display Frame 6
692.9554 	EXP 	Display Frame 7
692.9888 	EXP 	Display Frame 8
693.0224 	EXP 	Display Frame 9
693.0555 	EXP 	Display Frame 0
693.0888 	EXP 	Display Frame 1
693.1221 	EXP 	Display Frame 2
693.1555 	EXP 	Display Frame 3
693.1888 	EXP 	Display Frame 4
693.2221 	EXP 	Display Frame 5
693.2555 	EXP 	Display Frame 6
693.2888 	EXP 	Display Frame 7
693.3221 	EXP 	Display Frame 8
693.3555 	EXP 	Display Frame 9
693.3889 	EXP 	Display Frame 0
693.4224 	EXP 	Display Frame 1
693.4557 	EXP 	Display Frame 2
693.4889 	EXP 	Display Frame 3
693.5221 	EXP 	Display Frame 4
693.5555 	EXP 	Display Frame 5
693.5888 	EXP 	Display Frame 6
693.6221 	EXP 	Display Frame 7
693.6556 	DATA 	Keypress: equal
693.6566 	EXP 	Display Frame 8
693.6888 	EXP 	Display Frame 9
693.7221 	EXP 	Display Frame 0
693.7554 	EXP 	Display Frame 1
693.7888 	EXP 	Display Frame 2
693.8221 	EXP 	Display Frame 3
693.8554 	EXP 	Display Frame 4
693.8888 	EXP 	Display Frame 5
693.9221 	EXP 	Display Frame 6
693.9554 	EXP 	Display Frame 7
693.9888 	EXP 	Display Frame 8
694.0221 	EXP 	Display Frame 9
694.0555 	EXP 	Display Frame 0
694.0888 	EXP 	Display Frame 1
694.1221 	EXP 	Display Frame 2
694.1555 	EXP 	Display Frame 3
694.1888 	EXP 	Display Frame 4
694.2221 	EXP 	Display Frame 5
694.2554 	EXP 	Display Frame 6
694.2888 	EXP 	Display Frame 7
694.3221 	EXP 	Display Frame 8
694.3554 	EXP 	Display Frame 9
694.3888 	EXP 	Display Frame 0
694.4221 	EXP 	Display Frame 1
694.4555 	EXP 	Display Frame 2
694.4888 	EXP 	Display Frame 3
694.5222 	EXP 	Display Frame 4
694.5555 	EXP 	Display Frame 5
694.5888 	EXP 	Display Frame 6
694.6221 	EXP 	Display Frame 7
694.6554 	EXP 	Display Frame 8
694.6888 	EXP 	Display Frame 9
694.7221 	EXP 	Display Frame 0
694.7555 	EXP 	Display Frame 1
694.7888 	EXP 	Display Frame 2
694.8221 	EXP 	Display Frame 3
694.8555 	EXP 	Display Frame 4
694.8888 	EXP 	Display Frame 5
694.9221 	EXP 	Display Frame 6
694.9554 	EXP 	Display Frame 7
694.9888 	EXP 	Display Frame 8
695.0221 	EXP 	Display Frame 9
695.0555 	EXP 	Display Frame 0
695.0888 	EXP 	Display Frame 1
695.1221 	EXP 	Display Frame 2
695.1555 	EXP 	Display Frame 3
695.1888 	EXP 	Display Frame 4
695.2221 	EXP 	Display Frame 5
695.2555 	EXP 	Display Frame 6
695.2888 	EXP 	Display Frame 7
695.3222 	EXP 	Display Frame 8
695.3554 	EXP 	Display Frame 9
695.3888 	EXP 	Display Frame 0
695.4221 	EXP 	Display Frame 1
695.4555 	EXP 	Display Frame 2
695.4888 	EXP 	Display Frame 3
695.5222 	EXP 	Display Frame 4
695.5554 	EXP 	Display Frame 5
695.5888 	EXP 	Display Frame 6
695.6221 	EXP 	Display Frame 7
695.6554 	EXP 	Display Frame 8
695.6888 	EXP 	Display Frame 9
695.7221 	EXP 	Display Frame 0
695.7554 	EXP 	Display Frame 1
695.7888 	EXP 	Display Frame 2
695.8222 	EXP 	Display Frame 3
695.8554 	EXP 	Display Frame 4
695.8888 	EXP 	Display Frame 5
695.9221 	EXP 	Display Frame 6
695.9554 	EXP 	Display Frame 7
695.9888 	EXP 	Display Frame 8
696.0221 	EXP 	Display Frame 9
696.0555 	EXP 	Display Frame 0
696.0889 	EXP 	Display Frame 1
696.1250 	EXP 	Display Frame 2
696.1554 	EXP 	Display Frame 3
696.1888 	EXP 	Display Frame 4
696.2221 	EXP 	Display Frame 5
696.2555 	EXP 	Display Frame 6
696.2888 	EXP 	Display Frame 7
696.3221 	EXP 	Display Frame 8
696.3555 	EXP 	Display Frame 9
696.3888 	EXP 	Display Frame 0
696.4222 	EXP 	Display Frame 1
696.4554 	EXP 	Display Frame 2
696.4888 	EXP 	Display Frame 3
696.5221 	EXP 	Display Frame 4
696.5555 	EXP 	Display Frame 5
696.5888 	EXP 	Display Frame 6
696.6221 	EXP 	Display Frame 7
696.6554 	EXP 	Display Frame 8
696.6888 	EXP 	Display Frame 9
696.7221 	EXP 	Display Frame 0
696.7555 	EXP 	Display Frame 1
696.7888 	EXP 	Display Frame 2
696.8221 	EXP 	Display Frame 3
696.8555 	EXP 	Display Frame 4
696.8888 	EXP 	Display Frame 5
696.9221 	EXP 	Display Frame 6
696.9555 	EXP 	Display Frame 7
696.9888 	EXP 	Display Frame 8
697.0221 	EXP 	Display Frame 9
697.0555 	EXP 	Display Frame 0
697.0887 	EXP 	Display Frame 1
697.1221 	EXP 	Display Frame 2
697.1554 	EXP 	Display Frame 3
697.1888 	EXP 	Display Frame 4
697.2222 	EXP 	Display Frame 5
697.2555 	EXP 	Display Frame 6
697.2888 	EXP 	Display Frame 7
697.3221 	EXP 	Display Frame 8
697.3555 	EXP 	Display Frame 9
697.3888 	EXP 	Display Frame 0
697.4221 	EXP 	Display Frame 1
697.4554 	EXP 	Display Frame 2
697.4888 	EXP 	Display Frame 3
697.5221 	EXP 	Display Frame 4
697.5555 	EXP 	Display Frame 5
697.5888 	EXP 	Display Frame 6
697.6221 	EXP 	Display Frame 7
697.6555 	EXP 	Display Frame 8
697.6888 	EXP 	Display Frame 9
697.7222 	EXP 	Display Frame 0
697.7554 	EXP 	Display Frame 1
697.7888 	EXP 	Display Frame 2
697.8221 	EXP 	Display Frame 3
697.8554 	EXP 	Display Frame 4
697.8888 	EXP 	Display Frame 5
697.9221 	EXP 	Display Frame 6
697.9554 	EXP 	Display Frame 7
697.9888 	EXP 	Display Frame 8
698.0222 	EXP 	Display Frame 9
698.0555 	EXP 	Display Frame 0
698.0887 	EXP 	Display Frame 1
698.1222 	EXP 	Display Frame 2
698.1554 	EXP 	Display Frame 3
698.1888 	EXP 	Display Frame 4
698.2221 	EXP 	Display Frame 5
698.2555 	EXP 	Display Frame 6
698.2888 	EXP 	Display Frame 7
698.3221 	EXP 	Display Frame 8
698.3554 	EXP 	Display Frame 9
698.3888 	EXP 	Display Frame 0
698.4221 	EXP 	Display Frame 1
698.4554 	EXP 	Display Frame 2
698.4888 	EXP 	Display Frame 3
698.5221 	EXP 	Display Frame 4
698.5555 	EXP 	Display Frame 5
698.5888 	EXP 	Display Frame 6
698.6221 	EXP 	Display Frame 7
698.6554 	EXP 	Display Frame 8
698.6889 	EXP 	Display Frame 9
698.7221 	EXP 	Display Frame 0
698.7555 	EXP 	Display Frame 1
698.7890 	EXP 	Display Frame 2
698.8221 	EXP 	Display Frame 3
698.8556 	DATA 	Keypress: equal
698.8566 	EXP 	Display Frame 4
698.8888 	EXP 	Display Frame 5
698.9221 	EXP 	Display Frame 6
698.9555 	EXP 	Display Frame 7
698.9888 	EXP 	Display Frame 8
699.0221 	EXP 	Display Frame 9
699.0555 	EXP 	Display Frame 0
699.0888 	EXP 	Display Frame 1
699.1222 	EXP 	Display Frame 2
699.1555 	EXP 	Display Frame 3
699.1888 	EXP 	Display Frame 4
699.2221 	EXP 	Display Frame 5
699.2555 	EXP 	Display Frame 6
699.2888 	EXP 	Display Frame 7
699.3221 	EXP 	Display Frame 8
699.3555 	EXP 	Display Frame 9
699.3888 	EXP 	Display Frame 0
699.4222 	EXP 	Display Frame 1
699.4554 	EXP 	Display Frame 2
699.4888 	EXP 	Display Frame 3
699.5221 	EXP 	Display Frame 4
699.5555 	EXP 	Display Frame 5
699.5888 	EXP 	Display Frame 6
699.6221 	EXP 	Display Frame 7
699.6555 	EXP 	Display Frame 8
699.6888 	EXP 	Display Frame 9
699.7222 	EXP 	Display Frame 0
699.7554 	EXP 	Display Frame 1
699.7888 	EXP 	Display Frame 2
699.8221 	EXP 	Display Frame 3
699.8555 	EXP 	Display Frame 4
699.8888 	EXP 	Display Frame 5
699.9221 	EXP 	Display Frame 6
699.9555 	EXP 	Display Frame 7
699.9888 	EXP 	Display Frame 8
700.0221 	EXP 	Display Frame 9
700.0554 	EXP 	Display Frame 0
700.0888 	EXP 	Display Frame 1
700.1221 	EXP 	Display Frame 2
700.1554 	EXP 	Display Frame 3
700.1888 	EXP 	Display Frame 4
700.2221 	EXP 	Display Frame 5
700.2554 	EXP 	Display Frame 6
700.2888 	EXP 	Display Frame 7
700.3221 	EXP 	Display Frame 8
700.3555 	EXP 	Display Frame 9
700.3888 	EXP 	Display Frame 0
700.4221 	EXP 	Display Frame 1
700.4554 	EXP 	Display Frame 2
700.4888 	EXP 	Display Frame 3
700.5221 	EXP 	Display Frame 4
700.5555 	EXP 	Display Frame 5
700.5888 	EXP 	Display Frame 6
700.6222 	EXP 	Display Frame 7
700.6554 	EXP 	Display Frame 8
700.6888 	EXP 	Display Frame 9
700.7221 	EXP 	Display Frame 0
700.7555 	EXP 	Display Frame 1
700.7888 	EXP 	Display Frame 2
700.8221 	EXP 	Display Frame 3
700.8555 	EXP 	Display Frame 4
700.8888 	EXP 	Display Frame 5
700.9221 	EXP 	Display Frame 6
700.9554 	EXP 	Display Frame 7
700.9888 	EXP 	Display Frame 8
701.0221 	EXP 	Display Frame 9
701.0555 	EXP 	Display Frame 0
701.0888 	EXP 	Display Frame 1
701.1221 	EXP 	Display Frame 2
701.1555 	EXP 	Display Frame 3
701.1888 	EXP 	Display Frame 4
701.2221 	EXP 	Display Frame 5
701.2555 	EXP 	Display Frame 6
701.2888 	EXP 	Display Frame 7
701.3222 	EXP 	Display Frame 8
701.3555 	EXP 	Display Frame 9
701.3891 	EXP 	Display Frame 0
701.4224 	EXP 	Display Frame 1
701.4566 	EXP 	Display Frame 2
701.4889 	EXP 	Display Frame 3
701.5221 	EXP 	Display Frame 4
701.5555 	EXP 	Display Frame 5
701.5888 	EXP 	Display Frame 6
701.6221 	EXP 	Display Frame 7
701.6555 	EXP 	Display Frame 8
701.6888 	EXP 	Display Frame 9
701.7221 	EXP 	Display Frame 0
701.7555 	EXP 	Display Frame 1
701.7888 	EXP 	Display Frame 2
701.8221 	EXP 	Display Frame 3
701.8555 	EXP 	Display Frame 4
701.8888 	EXP 	Display Frame 5
701.9221 	EXP 	Display Frame 6
701.9555 	EXP 	Display Frame 7
701.9888 	EXP 	Display Frame 8
702.0221 	EXP 	Display Frame 9
702.0555 	EXP 	Display Frame 0
702.0887 	EXP 	Display Frame 1
702.1221 	EXP 	Display Frame 2
702.1555 	EXP 	Display Frame 3
702.1888 	EXP 	Display Frame 4
702.2221 	EXP 	Display Frame 5
702.2554 	EXP 	Display Frame 6
702.2888 	EXP 	Display Frame 7
702.3221 	EXP 	Display Frame 8
702.3555 	EXP 	Display Frame 9
702.3888 	EXP 	Display Frame 0
702.4221 	EXP 	Display Frame 1
702.4554 	EXP 	Display Frame 2
702.4888 	EXP 	Display Frame 3
702.5222 	EXP 	Display Frame 4
702.5554 	EXP 	Display Frame 5
702.5888 	EXP 	Display Frame 6
702.6221 	EXP 	Display Frame 7
702.6555 	EXP 	Display Frame 8
702.6888 	EXP 	Display Frame 9
702.7222 	EXP 	Display Frame 0
702.7554 	EXP 	Display Frame 1
702.7888 	EXP 	Display Frame 2
702.8221 	EXP 	Display Frame 3
702.8555 	EXP 	Display Frame 4
702.8888 	EXP 	Display Frame 5
702.9221 	EXP 	Display Frame 6
702.9555 	EXP 	Display Frame 7
702.9888 	EXP 	Display Frame 8
703.0221 	EXP 	Display Frame 9
703.0555 	EXP 	Display Frame 0
703.0887 	EXP 	Display Frame 1
703.1222 	EXP 	Display Frame 2
703.1554 	EXP 	Display Frame 3
703.1888 	EXP 	Display Frame 4
703.2221 	EXP 	Display Frame 5
703.2555 	EXP 	Display Frame 6
703.2888 	EXP 	Display Frame 7
703.3221 	EXP 	Display Frame 8
703.3554 	EXP 	Display Frame 9
703.3888 	EXP 	Display Frame 0
703.4222 	EXP 	Display Frame 1
703.4555 	EXP 	Display Frame 2
703.4888 	EXP 	Display Frame 3
703.5221 	EXP 	Display Frame 4
703.5555 	EXP 	Display Frame 5
703.5888 	EXP 	Display Frame 6
703.6221 	EXP 	Display Frame 7
703.6555 	EXP 	Display Frame 8
703.6888 	EXP 	Display Frame 9
703.7222 	EXP 	Display Frame 0
703.7554 	EXP 	Display Frame 1
703.7888 	EXP 	Display Frame 2
703.8221 	EXP 	Display Frame 3
703.8555 	EXP 	Display Frame 4
703.8888 	EXP 	Display Frame 5
703.9221 	EXP 	Display Frame 6
703.9554 	EXP 	Display Frame 7
703.9888 	EXP 	Display Frame 8
704.0222 	EXP 	Display Frame 9
704.0229 	DATA 	Keypress: equal
704.0555 	EXP 	Display Frame 0
704.0887 	EXP 	Display Frame 1
704.1221 	EXP 	Display Frame 2
704.1555 	EXP 	Display Frame 3
704.1888 	EXP 	Display Frame 4
704.2221 	EXP 	Display Frame 5
704.2554 	EXP 	Display Frame 6
704.2888 	EXP 	Display Frame 7
704.3221 	EXP 	Display Frame 8
704.3554 	EXP 	Display Frame 9
704.3888 	EXP 	Display Frame 0
704.4221 	EXP 	Display Frame 1
704.4555 	EXP 	Display Frame 2
704.4888 	EXP 	Display Frame 3
704.5221 	EXP 	Display Frame 4
704.5557 	EXP 	Display Frame 5
704.5888 	EXP 	Display Frame 6
704.6221 	EXP 	Display Frame 7
704.6555 	EXP 	Display Frame 8
704.6888 	EXP 	Display Frame 9
704.7222 	EXP 	Display Frame 0
704.7555 	EXP 	Display Frame 1
704.7888 	EXP 	Display Frame 2
704.8222 	EXP 	Display Frame 3
704.8555 	EXP 	Display Frame 4
704.8888 	EXP 	Display Frame 5
704.9222 	EXP 	Display Frame 6
704.9555 	EXP 	Display Frame 7
704.9888 	EXP 	Display Frame 8
705.0221 	EXP 	Display Frame 9
705.0555 	EXP 	Display Frame 0
705.0887 	EXP 	Display Frame 1
705.1221 	EXP 	Display Frame 2
705.1554 	EXP 	Display Frame 3
705.1888 	EXP 	Display Frame 4
705.2221 	EXP 	Display Frame 5
705.2554 	EXP 	Display Frame 6
705.2888 	EXP 	Display Frame 7
705.3221 	EXP 	Display Frame 8
705.3555 	EXP 	Display Frame 9
705.3888 	EXP 	Display Frame 0
705.4221 	EXP 	Display Frame 1
705.4554 	EXP 	Display Frame 2
705.4888 	EXP 	Display Frame 3
705.5221 	EXP 	Display Frame 4
705.5556 	EXP 	Display Frame 5
705.5888 	EXP 	Display Frame 6
705.6221 	EXP 	Display Frame 7
705.6555 	EXP 	Display Frame 8
705.6888 	EXP 	Display Frame 9
705.7221 	EXP 	Display Frame 0
705.7554 	EXP 	Display Frame 1
705.7888 	EXP 	Display Frame 2
705.8221 	EXP 	Display Frame 3
705.8555 	EXP 	Display Frame 4
705.8888 	EXP 	Display Frame 5
705.9221 	EXP 	Display Frame 6
705.9555 	EXP 	Display Frame 7
705.9888 	EXP 	Display Frame 8
706.0221 	EXP 	Display Frame 9
706.0555 	EXP 	Display Frame 0
706.0888 	EXP 	Display Frame 1
706.1221 	EXP 	Display Frame 2
706.1555 	EXP 	Display Frame 3
706.1888 	EXP 	Display Frame 4
706.2221 	EXP 	Display Frame 5
706.2555 	EXP 	Display Frame 6
706.2888 	EXP 	Display Frame 7
706.3221 	EXP 	Display Frame 8
706.3555 	EXP 	Display Frame 9
706.3888 	EXP 	Display Frame 0
706.4221 	EXP 	Display Frame 1
706.4555 	EXP 	Display Frame 2
706.4888 	EXP 	Display Frame 3
706.5221 	EXP 	Display Frame 4
706.5555 	EXP 	Display Frame 5
706.5888 	EXP 	Display Frame 6
706.6221 	EXP 	Display Frame 7
706.6554 	EXP 	Display Frame 8
706.6888 	EXP 	Display Frame 9
706.7221 	EXP 	Display Frame 0
706.7556 	EXP 	Display Frame 1
706.7912 	EXP 	Display Frame 2
706.8221 	EXP 	Display Frame 3
706.8555 	EXP 	Display Frame 4
706.8888 	EXP 	Display Frame 5
706.9221 	EXP 	Display Frame 6
706.9554 	EXP 	Display Frame 7
706.9888 	EXP 	Display Frame 8
707.0221 	EXP 	Display Frame 9
707.0555 	EXP 	Display Frame 0
707.0888 	EXP 	Display Frame 1
707.1221 	EXP 	Display Frame 2
707.1555 	EXP 	Display Frame 3
707.1888 	EXP 	Display Frame 4
707.2222 	EXP 	Display Frame 5
707.2554 	EXP 	Display Frame 6
707.2888 	EXP 	Display Frame 7
707.3221 	EXP 	Display Frame 8
707.3555 	EXP 	Display Frame 9
707.3888 	EXP 	Display Frame 0
707.4221 	EXP 	Display Frame 1
707.4555 	EXP 	Display Frame 2
707.4888 	EXP 	Display Frame 3
707.5221 	EXP 	Display Frame 4
707.5554 	EXP 	Display Frame 5
707.5888 	EXP 	Display Frame 6
707.6221 	EXP 	Display Frame 7
707.6555 	EXP 	Display Frame 8
707.6888 	EXP 	Display Frame 9
707.7221 	EXP 	Display Frame 0
707.7555 	EXP 	Display Frame 1
707.7888 	EXP 	Display Frame 2
707.8221 	EXP 	Display Frame 3
707.8555 	EXP 	Display Frame 4
707.8888 	EXP 	Display Frame 5
707.9221 	EXP 	Display Frame 6
707.9555 	EXP 	Display Frame 7
707.9888 	EXP 	Display Frame 8
708.0221 	EXP 	Display Frame 9
708.0555 	EXP 	Display Frame 0
708.0887 	EXP 	Display Frame 1
708.1222 	EXP 	Display Frame 2
708.1554 	EXP 	Display Frame 3
708.1888 	EXP 	Display Frame 4
708.2221 	EXP 	Display Frame 5
708.2555 	EXP 	Display Frame 6
708.2888 	EXP 	Display Frame 7
708.3221 	EXP 	Display Frame 8
708.3555 	EXP 	Display Frame 9
708.3888 	EXP 	Display Frame 0
708.4221 	EXP 	Display Frame 1
708.4554 	EXP 	Display Frame 2
708.4888 	EXP 	Display Frame 3
708.5221 	EXP 	Display Frame 4
708.5555 	EXP 	Display Frame 5
708.5888 	EXP 	Display Frame 6
708.6221 	EXP 	Display Frame 7
708.6555 	EXP 	Display Frame 8
708.6888 	EXP 	Display Frame 9
708.7221 	EXP 	Display Frame 0
708.7555 	EXP 	Display Frame 1
708.7888 	EXP 	Display Frame 2
708.8221 	EXP 	Display Frame 3
708.8554 	EXP 	Display Frame 4
708.8888 	EXP 	Display Frame 5
708.9221 	EXP 	Display Frame 6
708.9555 	EXP 	Display Frame 7
708.9888 	EXP 	Display Frame 8
709.0222 	EXP 	Display Frame 9
709.0555 	EXP 	Display Frame 0
709.0887 	EXP 	Display Frame 1
709.1221 	EXP 	Display Frame 2
709.1555 	EXP 	Display Frame 3
709.1888 	EXP 	Display Frame 4
709.2222 	DATA 	Keypress: equal
709.2233 	EXP 	Display Frame 5
709.2371 	EXP 	Display Fixation
714.4096 	DATA 	Keypress: equal
719.6036 	DATA 	Keypress: equal
724.7968 	DATA 	Keypress: equal
729.9908 	DATA 	Keypress: equal
735.1848 	DATA 	Keypress: equal
740.3778 	DATA 	Keypress: equal
740.4123 	EXP 	Display Frame 1
740.4455 	EXP 	Display Frame 2
740.4788 	EXP 	Display Frame 3
740.5122 	EXP 	Display Frame 4
740.5455 	EXP 	Display Frame 5
740.5788 	EXP 	Display Frame 6
740.6121 	EXP 	Display Frame 7
740.6455 	EXP 	Display Frame 8
740.6788 	EXP 	Display Frame 9
740.7121 	EXP 	Display Frame 0
740.7454 	EXP 	Display Frame 1
740.7788 	EXP 	Display Frame 2
740.8121 	EXP 	Display Frame 3
740.8455 	EXP 	Display Frame 4
740.8788 	EXP 	Display Frame 5
740.9122 	EXP 	Display Frame 6
740.9455 	EXP 	Display Frame 7
740.9788 	EXP 	Display Frame 8
741.0121 	EXP 	Display Frame 9
741.0455 	EXP 	Display Frame 0
741.0788 	EXP 	Display Frame 1
741.1121 	EXP 	Display Frame 2
741.1455 	EXP 	Display Frame 3
741.1788 	EXP 	Display Frame 4
741.2121 	EXP 	Display Frame 5
741.2455 	EXP 	Display Frame 6
741.2788 	EXP 	Display Frame 7
741.3121 	EXP 	Display Frame 8
741.3454 	EXP 	Display Frame 9
741.3788 	EXP 	Display Frame 0
741.4120 	EXP 	Display Frame 1
741.4454 	EXP 	Display Frame 2
741.4788 	EXP 	Display Frame 3
741.5121 	EXP 	Display Frame 4
741.5455 	EXP 	Display Frame 5
741.5788 	EXP 	Display Frame 6
741.6121 	EXP 	Display Frame 7
741.6454 	EXP 	Display Frame 8
741.6788 	EXP 	Display Frame 9
741.7121 	EXP 	Display Frame 0
741.7455 	EXP 	Display Frame 1
741.7788 	EXP 	Display Frame 2
741.8121 	EXP 	Display Frame 3
741.8455 	EXP 	Display Frame 4
741.8788 	EXP 	Display Frame 5
741.9121 	EXP 	Display Frame 6
741.9454 	EXP 	Display Frame 7
741.9788 	EXP 	Display Frame 8
742.0121 	EXP 	Display Frame 9
742.0454 	EXP 	Display Frame 0
742.0788 	EXP 	Display Frame 1
742.1121 	EXP 	Display Frame 2
742.1454 	EXP 	Display Frame 3
742.1788 	EXP 	Display Frame 4
742.2121 	EXP 	Display Frame 5
742.2454 	EXP 	Display Frame 6
742.2788 	EXP 	Display Frame 7
742.3121 	EXP 	Display Frame 8
742.3455 	EXP 	Display Frame 9
742.3788 	EXP 	Display Frame 0
742.4120 	EXP 	Display Frame 1
742.4455 	EXP 	Display Frame 2
742.4787 	EXP 	Display Frame 3
742.5121 	EXP 	Display Frame 4
742.5454 	EXP 	Display Frame 5
742.5788 	EXP 	Display Frame 6
742.6121 	EXP 	Display Frame 7
742.6454 	EXP 	Display Frame 8
742.6788 	EXP 	Display Frame 9
742.7121 	EXP 	Display Frame 0
742.7455 	EXP 	Display Frame 1
742.7788 	EXP 	Display Frame 2
742.8121 	EXP 	Display Frame 3
742.8454 	EXP 	Display Frame 4
742.8788 	EXP 	Display Frame 5
742.9121 	EXP 	Display Frame 6
742.9455 	EXP 	Display Frame 7
742.9788 	EXP 	Display Frame 8
743.0121 	EXP 	Display Frame 9
743.0455 	EXP 	Display Frame 0
743.0788 	EXP 	Display Frame 1
743.1121 	EXP 	Display Frame 2
743.1454 	EXP 	Display Frame 3
743.1788 	EXP 	Display Frame 4
743.2121 	EXP 	Display Frame 5
743.2455 	EXP 	Display Frame 6
743.2788 	EXP 	Display Frame 7
743.3121 	EXP 	Display Frame 8
743.3454 	EXP 	Display Frame 9
743.3788 	EXP 	Display Frame 0
743.4121 	EXP 	Display Frame 1
743.4454 	EXP 	Display Frame 2
743.4788 	EXP 	Display Frame 3
743.5121 	EXP 	Display Frame 4
743.5454 	EXP 	Display Frame 5
743.5788 	EXP 	Display Frame 6
743.6121 	EXP 	Display Frame 7
743.6455 	EXP 	Display Frame 8
743.6788 	EXP 	Display Frame 9
743.7121 	EXP 	Display Frame 0
743.7454 	EXP 	Display Frame 1
743.7788 	EXP 	Display Frame 2
743.8121 	EXP 	Display Frame 3
743.8454 	EXP 	Display Frame 4
743.8788 	EXP 	Display Frame 5
743.9121 	EXP 	Display Frame 6
743.9454 	EXP 	Display Frame 7
743.9788 	EXP 	Display Frame 8
744.0121 	EXP 	Display Frame 9
744.0456 	EXP 	Display Frame 0
744.0788 	EXP 	Display Frame 1
744.1121 	EXP 	Display Frame 2
744.1454 	EXP 	Display Frame 3
744.1788 	EXP 	Display Frame 4
744.2121 	EXP 	Display Frame 5
744.2454 	EXP 	Display Frame 6
744.2788 	EXP 	Display Frame 7
744.3121 	EXP 	Display Frame 8
744.3454 	EXP 	Display Frame 9
744.3788 	EXP 	Display Frame 0
744.4120 	EXP 	Display Frame 1
744.4454 	EXP 	Display Frame 2
744.4788 	EXP 	Display Frame 3
744.5121 	EXP 	Display Frame 4
744.5455 	EXP 	Display Frame 5
744.5788 	EXP 	Display Frame 6
744.6121 	EXP 	Display Frame 7
744.6454 	EXP 	Display Frame 8
744.6788 	EXP 	Display Frame 9
744.7121 	EXP 	Display Frame 0
744.7454 	EXP 	Display Frame 1
744.7788 	EXP 	Display Frame 2
744.8121 	EXP 	Display Frame 3
744.8454 	EXP 	Display Frame 4
744.8788 	EXP 	Display Frame 5
744.9121 	EXP 	Display Frame 6
744.9457 	EXP 	Display Frame 7
744.9788 	EXP 	Display Frame 8
745.0121 	EXP 	Display Frame 9
745.0454 	EXP 	Display Frame 0
745.0788 	EXP 	Display Frame 1
745.1122 	EXP 	Display Frame 2
745.1454 	EXP 	Display Frame 3
745.1788 	EXP 	Display Frame 4
745.2121 	EXP 	Display Frame 5
745.2454 	EXP 	Display Frame 6
745.2788 	EXP 	Display Frame 7
745.3121 	EXP 	Display Frame 8
745.3454 	EXP 	Display Frame 9
745.3789 	EXP 	Display Frame 0
745.4120 	EXP 	Display Frame 1
745.4454 	EXP 	Display Frame 2
745.4788 	EXP 	Display Frame 3
745.5121 	EXP 	Display Frame 4
745.5455 	EXP 	Display Frame 5
745.5789 	DATA 	Keypress: equal
745.5799 	EXP 	Display Frame 6
745.6121 	EXP 	Display Frame 7
745.6454 	EXP 	Display Frame 8
745.6788 	EXP 	Display Frame 9
745.7121 	EXP 	Display Frame 0
745.7454 	EXP 	Display Frame 1
745.7788 	EXP 	Display Frame 2
745.8121 	EXP 	Display Frame 3
745.8454 	EXP 	Display Frame 4
745.8788 	EXP 	Display Frame 5
745.9121 	EXP 	Display Frame 6
745.9454 	EXP 	Display Frame 7
745.9788 	EXP 	Display Frame 8
746.0121 	EXP 	Display Frame 9
746.0454 	EXP 	Display Frame 0
746.0788 	EXP 	Display Frame 1
746.1121 	EXP 	Display Frame 2
746.1454 	EXP 	Display Frame 3
746.1788 	EXP 	Display Frame 4
746.2121 	EXP 	Display Frame 5
746.2455 	EXP 	Display Frame 6
746.2788 	EXP 	Display Frame 7
746.3121 	EXP 	Display Frame 8
746.3454 	EXP 	Display Frame 9
746.3788 	EXP 	Display Frame 0
746.4121 	EXP 	Display Frame 1
746.4454 	EXP 	Display Frame 2
746.4788 	EXP 	Display Frame 3
746.5121 	EXP 	Display Frame 4
746.5454 	EXP 	Display Frame 5
746.5788 	EXP 	Display Frame 6
746.6121 	EXP 	Display Frame 7
746.6454 	EXP 	Display Frame 8
746.6788 	EXP 	Display Frame 9
746.7121 	EXP 	Display Frame 0
746.7454 	EXP 	Display Frame 1
746.7788 	EXP 	Display Frame 2
746.8121 	EXP 	Display Frame 3
746.8468 	EXP 	Display Frame 4
746.8788 	EXP 	Display Frame 5
746.9121 	EXP 	Display Frame 6
746.9454 	EXP 	Display Frame 7
746.9788 	EXP 	Display Frame 8
747.0121 	EXP 	Display Frame 9
747.0454 	EXP 	Display Frame 0
747.0788 	EXP 	Display Frame 1
747.1121 	EXP 	Display Frame 2
747.1454 	EXP 	Display Frame 3
747.1788 	EXP 	Display Frame 4
747.2121 	EXP 	Display Frame 5
747.2455 	EXP 	Display Frame 6
747.2788 	EXP 	Display Frame 7
747.3121 	EXP 	Display Frame 8
747.3454 	EXP 	Display Frame 9
747.3788 	EXP 	Display Frame 0
747.4121 	EXP 	Display Frame 1
747.4454 	EXP 	Display Frame 2
747.4788 	EXP 	Display Frame 3
747.5121 	EXP 	Display Frame 4
747.5455 	EXP 	Display Frame 5
747.5788 	EXP 	Display Frame 6
747.6121 	EXP 	Display Frame 7
747.6455 	EXP 	Display Frame 8
747.6788 	EXP 	Display Frame 9
747.7121 	EXP 	Display Frame 0
747.7455 	EXP 	Display Frame 1
747.7788 	EXP 	Display Frame 2
747.8121 	EXP 	Display Frame 3
747.8454 	EXP 	Display Frame 4
747.8788 	EXP 	Display Frame 5
747.9121 	EXP 	Display Frame 6
747.9454 	EXP 	Display Frame 7
747.9788 	EXP 	Display Frame 8
748.0121 	EXP 	Display Frame 9
748.0455 	EXP 	Display Frame 0
748.0788 	EXP 	Display Frame 1
748.1121 	EXP 	Display Frame 2
748.1454 	EXP 	Display Frame 3
748.1788 	EXP 	Display Frame 4
748.2121 	EXP 	Display Frame 5
748.2454 	EXP 	Display Frame 6
748.2788 	EXP 	Display Frame 7
748.3121 	EXP 	Display Frame 8
748.3455 	EXP 	Display Frame 9
748.3788 	EXP 	Display Frame 0
748.4120 	EXP 	Display Frame 1
748.4454 	EXP 	Display Frame 2
748.4788 	EXP 	Display Frame 3
748.5121 	EXP 	Display Frame 4
748.5454 	EXP 	Display Frame 5
748.5788 	EXP 	Display Frame 6
748.6121 	EXP 	Display Frame 7
748.6454 	EXP 	Display Frame 8
748.6788 	EXP 	Display Frame 9
748.7121 	EXP 	Display Frame 0
748.7454 	EXP 	Display Frame 1
748.7788 	EXP 	Display Frame 2
748.8121 	EXP 	Display Frame 3
748.8454 	EXP 	Display Frame 4
748.8788 	EXP 	Display Frame 5
748.9121 	EXP 	Display Frame 6
748.9454 	EXP 	Display Frame 7
748.9788 	EXP 	Display Frame 8
749.0121 	EXP 	Display Frame 9
749.0455 	EXP 	Display Frame 0
749.0788 	EXP 	Display Frame 1
749.1121 	EXP 	Display Frame 2
749.1455 	EXP 	Display Frame 3
749.1788 	EXP 	Display Frame 4
749.2121 	EXP 	Display Frame 5
749.2455 	EXP 	Display Frame 6
749.2788 	EXP 	Display Frame 7
749.3121 	EXP 	Display Frame 8
749.3454 	EXP 	Display Frame 9
749.3789 	EXP 	Display Frame 0
749.4121 	EXP 	Display Frame 1
749.4454 	EXP 	Display Frame 2
749.4788 	EXP 	Display Frame 3
749.5121 	EXP 	Display Frame 4
749.5454 	EXP 	Display Frame 5
749.5788 	EXP 	Display Frame 6
749.6121 	EXP 	Display Frame 7
749.6454 	EXP 	Display Frame 8
749.6788 	EXP 	Display Frame 9
749.7121 	EXP 	Display Frame 0
749.7454 	EXP 	Display Frame 1
749.7788 	EXP 	Display Frame 2
749.8121 	EXP 	Display Frame 3
749.8454 	EXP 	Display Frame 4
749.8788 	EXP 	Display Frame 5
749.9121 	EXP 	Display Frame 6
749.9454 	EXP 	Display Frame 7
749.9788 	EXP 	Display Frame 8
750.0121 	EXP 	Display Frame 9
750.0454 	EXP 	Display Frame 0
750.0805 	EXP 	Display Frame 1
750.1121 	EXP 	Display Frame 2
750.1454 	EXP 	Display Frame 3
750.1788 	EXP 	Display Frame 4
750.2121 	EXP 	Display Frame 5
750.2454 	EXP 	Display Frame 6
750.2788 	EXP 	Display Frame 7
750.3121 	EXP 	Display Frame 8
750.3454 	EXP 	Display Frame 9
750.3788 	EXP 	Display Frame 0
750.4120 	EXP 	Display Frame 1
750.4454 	EXP 	Display Frame 2
750.4788 	EXP 	Display Frame 3
750.5121 	EXP 	Display Frame 4
750.5454 	EXP 	Display Frame 5
750.5788 	EXP 	Display Frame 6
750.6122 	EXP 	Display Frame 7
750.6454 	EXP 	Display Frame 8
750.6788 	EXP 	Display Frame 9
750.7124 	EXP 	Display Frame 0
750.7454 	EXP 	Display Frame 1
750.7789 	DATA 	Keypress: equal
750.7799 	EXP 	Display Frame 2
750.8185 	EXP 	Display Frame 3
750.8454 	EXP 	Display Frame 4
750.8788 	EXP 	Display Frame 5
750.9121 	EXP 	Display Frame 6
750.9455 	EXP 	Display Frame 7
750.9788 	EXP 	Display Frame 8
751.0122 	EXP 	Display Frame 9
751.0455 	EXP 	Display Frame 0
751.0788 	EXP 	Display Frame 1
751.1121 	EXP 	Display Frame 2
751.1454 	EXP 	Display Frame 3
751.1788 	EXP 	Display Frame 4
751.2121 	EXP 	Display Frame 5
751.2454 	EXP 	Display Frame 6
751.2788 	EXP 	Display Frame 7
751.3121 	EXP 	Display Frame 8
751.3454 	EXP 	Display Frame 9
751.3788 	EXP 	Display Frame 0
751.4121 	EXP 	Display Frame 1
751.4454 	EXP 	Display Frame 2
751.4788 	EXP 	Display Frame 3
751.5121 	EXP 	Display Frame 4
751.5455 	EXP 	Display Frame 5
751.5788 	EXP 	Display Frame 6
751.6121 	EXP 	Display Frame 7
751.6454 	EXP 	Display Frame 8
751.6788 	EXP 	Display Frame 9
751.7121 	EXP 	Display Frame 0
751.7454 	EXP 	Display Frame 1
751.7788 	EXP 	Display Frame 2
751.8121 	EXP 	Display Frame 3
751.8455 	EXP 	Display Frame 4
751.8788 	EXP 	Display Frame 5
751.9121 	EXP 	Display Frame 6
751.9455 	EXP 	Display Frame 7
751.9788 	EXP 	Display Frame 8
752.0121 	EXP 	Display Frame 9
752.0454 	EXP 	Display Frame 0
752.0788 	EXP 	Display Frame 1
752.1121 	EXP 	Display Frame 2
752.1454 	EXP 	Display Frame 3
752.1788 	EXP 	Display Frame 4
752.2121 	EXP 	Display Frame 5
752.2454 	EXP 	Display Frame 6
752.2788 	EXP 	Display Frame 7
752.3121 	EXP 	Display Frame 8
752.3454 	EXP 	Display Frame 9
752.3788 	EXP 	Display Frame 0
752.4120 	EXP 	Display Frame 1
752.4454 	EXP 	Display Frame 2
752.4787 	EXP 	Display Frame 3
752.5121 	EXP 	Display Frame 4
752.5454 	EXP 	Display Frame 5
752.5788 	EXP 	Display Frame 6
752.6121 	EXP 	Display Frame 7
752.6454 	EXP 	Display Frame 8
752.6788 	EXP 	Display Frame 9
752.7121 	EXP 	Display Frame 0
752.7454 	EXP 	Display Frame 1
752.7788 	EXP 	Display Frame 2
752.8121 	EXP 	Display Frame 3
752.8455 	EXP 	Display Frame 4
752.8788 	EXP 	Display Frame 5
752.9121 	EXP 	Display Frame 6
752.9454 	EXP 	Display Frame 7
752.9788 	EXP 	Display Frame 8
753.0121 	EXP 	Display Frame 9
753.0454 	EXP 	Display Frame 0
753.0788 	EXP 	Display Frame 1
753.1121 	EXP 	Display Frame 2
753.1454 	EXP 	Display Frame 3
753.1788 	EXP 	Display Frame 4
753.2121 	EXP 	Display Frame 5
753.2454 	EXP 	Display Frame 6
753.2788 	EXP 	Display Frame 7
753.3121 	EXP 	Display Frame 8
753.3454 	EXP 	Display Frame 9
753.3788 	EXP 	Display Frame 0
753.4120 	EXP 	Display Frame 1
753.4454 	EXP 	Display Frame 2
753.4788 	EXP 	Display Frame 3
753.5121 	EXP 	Display Frame 4
753.5454 	EXP 	Display Frame 5
753.5788 	EXP 	Display Frame 6
753.6121 	EXP 	Display Frame 7
753.6454 	EXP 	Display Frame 8
753.6788 	EXP 	Display Frame 9
753.7121 	EXP 	Display Frame 0
753.7455 	EXP 	Display Frame 1
753.7788 	EXP 	Display Frame 2
753.8121 	EXP 	Display Frame 3
753.8454 	EXP 	Display Frame 4
753.8788 	EXP 	Display Frame 5
753.9121 	EXP 	Display Frame 6
753.9454 	EXP 	Display Frame 7
753.9788 	EXP 	Display Frame 8
754.0121 	EXP 	Display Frame 9
754.0455 	EXP 	Display Frame 0
754.0788 	EXP 	Display Frame 1
754.1121 	EXP 	Display Frame 2
754.1454 	EXP 	Display Frame 3
754.1788 	EXP 	Display Frame 4
754.2121 	EXP 	Display Frame 5
754.2454 	EXP 	Display Frame 6
754.2788 	EXP 	Display Frame 7
754.3121 	EXP 	Display Frame 8
754.3454 	EXP 	Display Frame 9
754.3788 	EXP 	Display Frame 0
754.4120 	EXP 	Display Frame 1
754.4454 	EXP 	Display Frame 2
754.4788 	EXP 	Display Frame 3
754.5121 	EXP 	Display Frame 4
754.5455 	EXP 	Display Frame 5
754.5788 	EXP 	Display Frame 6
754.6121 	EXP 	Display Frame 7
754.6455 	EXP 	Display Frame 8
754.6788 	EXP 	Display Frame 9
754.7122 	EXP 	Display Frame 0
754.7455 	EXP 	Display Frame 1
754.7788 	EXP 	Display Frame 2
754.8121 	EXP 	Display Frame 3
754.8455 	EXP 	Display Frame 4
754.8788 	EXP 	Display Frame 5
754.9121 	EXP 	Display Frame 6
754.9454 	EXP 	Display Frame 7
754.9788 	EXP 	Display Frame 8
755.0121 	EXP 	Display Frame 9
755.0454 	EXP 	Display Frame 0
755.0788 	EXP 	Display Frame 1
755.1121 	EXP 	Display Frame 2
755.1454 	EXP 	Display Frame 3
755.1788 	EXP 	Display Frame 4
755.2121 	EXP 	Display Frame 5
755.2454 	EXP 	Display Frame 6
755.2788 	EXP 	Display Frame 7
755.3121 	EXP 	Display Frame 8
755.3454 	EXP 	Display Frame 9
755.3788 	EXP 	Display Frame 0
755.4120 	EXP 	Display Frame 1
755.4455 	EXP 	Display Frame 2
755.4788 	EXP 	Display Frame 3
755.5121 	EXP 	Display Frame 4
755.5454 	EXP 	Display Frame 5
755.5788 	EXP 	Display Frame 6
755.6121 	EXP 	Display Frame 7
755.6454 	EXP 	Display Frame 8
755.6788 	EXP 	Display Frame 9
755.7121 	EXP 	Display Frame 0
755.7454 	EXP 	Display Frame 1
755.7788 	EXP 	Display Frame 2
755.8122 	EXP 	Display Frame 3
755.8455 	EXP 	Display Frame 4
755.8788 	EXP 	Display Frame 5
755.9121 	EXP 	Display Frame 6
755.9454 	EXP 	Display Frame 7
755.9789 	DATA 	Keypress: equal
755.9799 	EXP 	Display Frame 8
756.0121 	EXP 	Display Frame 9
756.0455 	EXP 	Display Frame 0
756.0788 	EXP 	Display Frame 1
756.1121 	EXP 	Display Frame 2
756.1454 	EXP 	Display Frame 3
756.1788 	EXP 	Display Frame 4
756.2121 	EXP 	Display Frame 5
756.2454 	EXP 	Display Frame 6
756.2788 	EXP 	Display Frame 7
756.3121 	EXP 	Display Frame 8
756.3455 	EXP 	Display Frame 9
756.3788 	EXP 	Display Frame 0
756.4121 	EXP 	Display Frame 1
756.4454 	EXP 	Display Frame 2
756.4788 	EXP 	Display Frame 3
756.5121 	EXP 	Display Frame 4
756.5454 	EXP 	Display Frame 5
756.5788 	EXP 	Display Frame 6
756.6121 	EXP 	Display Frame 7
756.6454 	EXP 	Display Frame 8
756.6788 	EXP 	Display Frame 9
756.7121 	EXP 	Display Frame 0
756.7454 	EXP 	Display Frame 1
756.7788 	EXP 	Display Frame 2
756.8194 	EXP 	Display Frame 3
756.8454 	EXP 	Display Frame 4
756.8788 	EXP 	Display Frame 5
756.9121 	EXP 	Display Frame 6
756.9455 	EXP 	Display Frame 7
756.9788 	EXP 	Display Frame 8
757.0121 	EXP 	Display Frame 9
757.0457 	EXP 	Display Frame 0
757.0788 	EXP 	Display Frame 1
757.1122 	EXP 	Display Frame 2
757.1455 	EXP 	Display Frame 3
757.1788 	EXP 	Display Frame 4
757.2121 	EXP 	Display Frame 5
757.2455 	EXP 	Display Frame 6
757.2788 	EXP 	Display Frame 7
757.3121 	EXP 	Display Frame 8
757.3455 	EXP 	Display Frame 9
757.3788 	EXP 	Display Frame 0
757.4121 	EXP 	Display Frame 1
757.4454 	EXP 	Display Frame 2
757.4788 	EXP 	Display Frame 3
757.5121 	EXP 	Display Frame 4
757.5454 	EXP 	Display Frame 5
757.5788 	EXP 	Display Frame 6
757.6121 	EXP 	Display Frame 7
757.6454 	EXP 	Display Frame 8
757.6788 	EXP 	Display Frame 9
757.7121 	EXP 	Display Frame 0
757.7454 	EXP 	Display Frame 1
757.7788 	EXP 	Display Frame 2
757.8121 	EXP 	Display Frame 3
757.8455 	EXP 	Display Frame 4
757.8787 	EXP 	Display Frame 5
757.9121 	EXP 	Display Frame 6
757.9454 	EXP 	Display Frame 7
757.9788 	EXP 	Display Frame 8
758.0121 	EXP 	Display Frame 9
758.0454 	EXP 	Display Frame 0
758.0788 	EXP 	Display Frame 1
758.1121 	EXP 	Display Frame 2
758.1454 	EXP 	Display Frame 3
758.1788 	EXP 	Display Frame 4
758.2121 	EXP 	Display Frame 5
758.2454 	EXP 	Display Frame 6
758.2788 	EXP 	Display Frame 7
758.3121 	EXP 	Display Frame 8
758.3454 	EXP 	Display Frame 9
758.3788 	EXP 	Display Frame 0
758.4121 	EXP 	Display Frame 1
758.4454 	EXP 	Display Frame 2
758.4788 	EXP 	Display Frame 3
758.5121 	EXP 	Display Frame 4
758.5455 	EXP 	Display Frame 5
758.5788 	EXP 	Display Frame 6
758.6121 	EXP 	Display Frame 7
758.6455 	EXP 	Display Frame 8
758.6788 	EXP 	Display Frame 9
758.7121 	EXP 	Display Frame 0
758.7454 	EXP 	Display Frame 1
758.7788 	EXP 	Display Frame 2
758.8121 	EXP 	Display Frame 3
758.8454 	EXP 	Display Frame 4
758.8788 	EXP 	Display Frame 5
758.9121 	EXP 	Display Frame 6
758.9454 	EXP 	Display Frame 7
758.9788 	EXP 	Display Frame 8
759.0121 	EXP 	Display Frame 9
759.0454 	EXP 	Display Frame 0
759.0788 	EXP 	Display Frame 1
759.1121 	EXP 	Display Frame 2
759.1454 	EXP 	Display Frame 3
759.1788 	EXP 	Display Frame 4
759.2121 	EXP 	Display Frame 5
759.2454 	EXP 	Display Frame 6
759.2788 	EXP 	Display Frame 7
759.3121 	EXP 	Display Frame 8
759.3454 	EXP 	Display Frame 9
759.3788 	EXP 	Display Frame 0
759.4121 	EXP 	Display Frame 1
759.4454 	EXP 	Display Frame 2
759.4788 	EXP 	Display Frame 3
759.5121 	EXP 	Display Frame 4
759.5455 	EXP 	Display Frame 5
759.5788 	EXP 	Display Frame 6
759.6121 	EXP 	Display Frame 7
759.6454 	EXP 	Display Frame 8
759.6788 	EXP 	Display Frame 9
759.7121 	EXP 	Display Frame 0
759.7454 	EXP 	Display Frame 1
759.7788 	EXP 	Display Frame 2
759.8121 	EXP 	Display Frame 3
759.8454 	EXP 	Display Frame 4
759.8788 	EXP 	Display Frame 5
759.9121 	EXP 	Display Frame 6
759.9455 	EXP 	Display Frame 7
759.9788 	EXP 	Display Frame 8
760.0121 	EXP 	Display Frame 9
760.0456 	EXP 	Display Frame 0
760.0788 	EXP 	Display Frame 1
760.1121 	EXP 	Display Frame 2
760.1454 	EXP 	Display Frame 3
760.1788 	EXP 	Display Frame 4
760.2121 	EXP 	Display Frame 5
760.2454 	EXP 	Display Frame 6
760.2788 	EXP 	Display Frame 7
760.3121 	EXP 	Display Frame 8
760.3454 	EXP 	Display Frame 9
760.3788 	EXP 	Display Frame 0
760.4120 	EXP 	Display Frame 1
760.4454 	EXP 	Display Frame 2
760.4788 	EXP 	Display Frame 3
760.5121 	EXP 	Display Frame 4
760.5454 	EXP 	Display Frame 5
760.5788 	EXP 	Display Frame 6
760.6121 	EXP 	Display Frame 7
760.6454 	EXP 	Display Frame 8
760.6788 	EXP 	Display Frame 9
760.7121 	EXP 	Display Frame 0
760.7454 	EXP 	Display Frame 1
760.7788 	EXP 	Display Frame 2
760.8121 	EXP 	Display Frame 3
760.8454 	EXP 	Display Frame 4
760.8788 	EXP 	Display Frame 5
760.9121 	EXP 	Display Frame 6
760.9455 	EXP 	Display Frame 7
760.9788 	EXP 	Display Frame 8
761.0121 	EXP 	Display Frame 9
761.0454 	EXP 	Display Frame 0
761.0788 	EXP 	Display Frame 1
761.1121 	EXP 	Display Frame 2
761.1454 	EXP 	Display Frame 3
761.1789 	DATA 	Keypress: equal
761.1800 	EXP 	Display Frame 4
761.2121 	EXP 	Display Frame 5
761.2454 	EXP 	Display Frame 6
761.2788 	EXP 	Display Frame 7
761.3121 	EXP 	Display Frame 8
761.3455 	EXP 	Display Frame 9
761.3790 	EXP 	Display Frame 0
761.4121 	EXP 	Display Frame 1
761.4455 	EXP 	Display Frame 2
761.4788 	EXP 	Display Frame 3
761.5121 	EXP 	Display Frame 4
761.5455 	EXP 	Display Frame 5
761.5788 	EXP 	Display Frame 6
761.6121 	EXP 	Display Frame 7
761.6455 	EXP 	Display Frame 8
761.6788 	EXP 	Display Frame 9
761.7121 	EXP 	Display Frame 0
761.7454 	EXP 	Display Frame 1
761.7788 	EXP 	Display Frame 2
761.8121 	EXP 	Display Frame 3
761.8455 	EXP 	Display Frame 4
761.8788 	EXP 	Display Frame 5
761.9121 	EXP 	Display Frame 6
761.9455 	EXP 	Display Frame 7
761.9788 	EXP 	Display Frame 8
762.0121 	EXP 	Display Frame 9
762.0454 	EXP 	Display Frame 0
762.0788 	EXP 	Display Frame 1
762.1121 	EXP 	Display Frame 2
762.1454 	EXP 	Display Frame 3
762.1788 	EXP 	Display Frame 4
762.2121 	EXP 	Display Frame 5
762.2454 	EXP 	Display Frame 6
762.2788 	EXP 	Display Frame 7
762.3121 	EXP 	Display Frame 8
762.3454 	EXP 	Display Frame 9
762.3788 	EXP 	Display Frame 0
762.4120 	EXP 	Display Frame 1
762.4454 	EXP 	Display Frame 2
762.4788 	EXP 	Display Frame 3
762.5121 	EXP 	Display Frame 4
762.5455 	EXP 	Display Frame 5
762.5788 	EXP 	Display Frame 6
762.6121 	EXP 	Display Frame 7
762.6454 	EXP 	Display Frame 8
762.6788 	EXP 	Display Frame 9
762.7121 	EXP 	Display Frame 0
762.7454 	EXP 	Display Frame 1
762.7788 	EXP 	Display Frame 2
762.8123 	EXP 	Display Frame 3
762.8455 	EXP 	Display Frame 4
762.8788 	EXP 	Display Frame 5
762.9121 	EXP 	Display Frame 6
762.9455 	EXP 	Display Frame 7
762.9788 	EXP 	Display Frame 8
763.0121 	EXP 	Display Frame 9
763.0455 	EXP 	Display Frame 0
763.0788 	EXP 	Display Frame 1
763.1121 	EXP 	Display Frame 2
763.1454 	EXP 	Display Frame 3
763.1788 	EXP 	Display Frame 4
763.2121 	EXP 	Display Frame 5
763.2454 	EXP 	Display Frame 6
763.2788 	EXP 	Display Frame 7
763.3121 	EXP 	Display Frame 8
763.3455 	EXP 	Display Frame 9
763.3789 	EXP 	Display Frame 0
763.4121 	EXP 	Display Frame 1
763.4454 	EXP 	Display Frame 2
763.4788 	EXP 	Display Frame 3
763.5121 	EXP 	Display Frame 4
763.5455 	EXP 	Display Frame 5
763.5789 	EXP 	Display Frame 6
763.6121 	EXP 	Display Frame 7
763.6455 	EXP 	Display Frame 8
763.6788 	EXP 	Display Frame 9
763.7121 	EXP 	Display Frame 0
763.7455 	EXP 	Display Frame 1
763.7788 	EXP 	Display Frame 2
763.8121 	EXP 	Display Frame 3
763.8454 	EXP 	Display Frame 4
763.8788 	EXP 	Display Frame 5
763.9121 	EXP 	Display Frame 6
763.9455 	EXP 	Display Frame 7
763.9788 	EXP 	Display Frame 8
764.0121 	EXP 	Display Frame 9
764.0454 	EXP 	Display Frame 0
764.0788 	EXP 	Display Frame 1
764.1121 	EXP 	Display Frame 2
764.1454 	EXP 	Display Frame 3
764.1789 	EXP 	Display Frame 4
764.2123 	EXP 	Display Frame 5
764.2457 	EXP 	Display Frame 6
764.2788 	EXP 	Display Frame 7
764.3121 	EXP 	Display Frame 8
764.3455 	EXP 	Display Frame 9
764.3788 	EXP 	Display Frame 0
764.4121 	EXP 	Display Frame 1
764.4454 	EXP 	Display Frame 2
764.4788 	EXP 	Display Frame 3
764.5121 	EXP 	Display Frame 4
764.5454 	EXP 	Display Frame 5
764.5788 	EXP 	Display Frame 6
764.6121 	EXP 	Display Frame 7
764.6455 	EXP 	Display Frame 8
764.6788 	EXP 	Display Frame 9
764.7121 	EXP 	Display Frame 0
764.7454 	EXP 	Display Frame 1
764.7788 	EXP 	Display Frame 2
764.8121 	EXP 	Display Frame 3
764.8455 	EXP 	Display Frame 4
764.8788 	EXP 	Display Frame 5
764.9121 	EXP 	Display Frame 6
764.9454 	EXP 	Display Frame 7
764.9788 	EXP 	Display Frame 8
765.0121 	EXP 	Display Frame 9
765.0454 	EXP 	Display Frame 0
765.0788 	EXP 	Display Frame 1
765.1121 	EXP 	Display Frame 2
765.1454 	EXP 	Display Frame 3
765.1788 	EXP 	Display Frame 4
765.2121 	EXP 	Display Frame 5
765.2454 	EXP 	Display Frame 6
765.2788 	EXP 	Display Frame 7
765.3121 	EXP 	Display Frame 8
765.3455 	EXP 	Display Frame 9
765.3789 	EXP 	Display Frame 0
765.4121 	EXP 	Display Frame 1
765.4454 	EXP 	Display Frame 2
765.4788 	EXP 	Display Frame 3
765.5121 	EXP 	Display Frame 4
765.5454 	EXP 	Display Frame 5
765.5788 	EXP 	Display Frame 6
765.6121 	EXP 	Display Frame 7
765.6454 	EXP 	Display Frame 8
765.6788 	EXP 	Display Frame 9
765.7121 	EXP 	Display Frame 0
765.7454 	EXP 	Display Frame 1
765.7788 	EXP 	Display Frame 2
765.8121 	EXP 	Display Frame 3
765.8454 	EXP 	Display Frame 4
765.8788 	EXP 	Display Frame 5
765.9121 	EXP 	Display Frame 6
765.9454 	EXP 	Display Frame 7
765.9788 	EXP 	Display Frame 8
766.0121 	EXP 	Display Frame 9
766.0454 	EXP 	Display Frame 0
766.0788 	EXP 	Display Frame 1
766.1121 	EXP 	Display Frame 2
766.1454 	EXP 	Display Frame 3
766.1788 	EXP 	Display Frame 4
766.2121 	EXP 	Display Frame 5
766.2454 	EXP 	Display Frame 6
766.2788 	EXP 	Display Frame 7
766.3121 	EXP 	Display Frame 8
766.3454 	EXP 	Display Frame 9
766.3462 	DATA 	Keypress: equal
766.3788 	EXP 	Display Frame 0
766.4120 	EXP 	Display Frame 1
766.4455 	EXP 	Display Frame 2
766.4788 	EXP 	Display Frame 3
766.5121 	EXP 	Display Frame 4
766.5454 	EXP 	Display Frame 5
766.5788 	EXP 	Display Frame 6
766.6121 	EXP 	Display Frame 7
766.6454 	EXP 	Display Frame 8
766.6788 	EXP 	Display Frame 9
766.7121 	EXP 	Display Frame 0
766.7454 	EXP 	Display Frame 1
766.7787 	EXP 	Display Frame 2
766.8121 	EXP 	Display Frame 3
766.8454 	EXP 	Display Frame 4
766.8788 	EXP 	Display Frame 5
766.9121 	EXP 	Display Frame 6
766.9454 	EXP 	Display Frame 7
766.9788 	EXP 	Display Frame 8
767.0121 	EXP 	Display Frame 9
767.0454 	EXP 	Display Frame 0
767.0788 	EXP 	Display Frame 1
767.1121 	EXP 	Display Frame 2
767.1454 	EXP 	Display Frame 3
767.1788 	EXP 	Display Frame 4
767.2121 	EXP 	Display Frame 5
767.2454 	EXP 	Display Frame 6
767.2788 	EXP 	Display Frame 7
767.3121 	EXP 	Display Frame 8
767.3455 	EXP 	Display Frame 9
767.3788 	EXP 	Display Frame 0
767.4121 	EXP 	Display Frame 1
767.4454 	EXP 	Display Frame 2
767.4788 	EXP 	Display Frame 3
767.5121 	EXP 	Display Frame 4
767.5454 	EXP 	Display Frame 5
767.5788 	EXP 	Display Frame 6
767.6121 	EXP 	Display Frame 7
767.6454 	EXP 	Display Frame 8
767.6788 	EXP 	Display Frame 9
767.7121 	EXP 	Display Frame 0
767.7454 	EXP 	Display Frame 1
767.7788 	EXP 	Display Frame 2
767.8121 	EXP 	Display Frame 3
767.8454 	EXP 	Display Frame 4
767.8788 	EXP 	Display Frame 5
767.9121 	EXP 	Display Frame 6
767.9454 	EXP 	Display Frame 7
767.9788 	EXP 	Display Frame 8
768.0121 	EXP 	Display Frame 9
768.0454 	EXP 	Display Frame 0
768.0788 	EXP 	Display Frame 1
768.1121 	EXP 	Display Frame 2
768.1455 	EXP 	Display Frame 3
768.1788 	EXP 	Display Frame 4
768.2121 	EXP 	Display Frame 5
768.2455 	EXP 	Display Frame 6
768.2788 	EXP 	Display Frame 7
768.3121 	EXP 	Display Frame 8
768.3454 	EXP 	Display Frame 9
768.3788 	EXP 	Display Frame 0
768.4121 	EXP 	Display Frame 1
768.4454 	EXP 	Display Frame 2
768.4788 	EXP 	Display Frame 3
768.5121 	EXP 	Display Frame 4
768.5454 	EXP 	Display Frame 5
768.5790 	EXP 	Display Frame 6
768.6121 	EXP 	Display Frame 7
768.6455 	EXP 	Display Frame 8
768.6788 	EXP 	Display Frame 9
768.7121 	EXP 	Display Frame 0
768.7454 	EXP 	Display Frame 1
768.7788 	EXP 	Display Frame 2
768.8121 	EXP 	Display Frame 3
768.8455 	EXP 	Display Frame 4
768.8788 	EXP 	Display Frame 5
768.9121 	EXP 	Display Frame 6
768.9455 	EXP 	Display Frame 7
768.9788 	EXP 	Display Frame 8
769.0121 	EXP 	Display Frame 9
769.0454 	EXP 	Display Frame 0
769.0788 	EXP 	Display Frame 1
769.1121 	EXP 	Display Frame 2
769.1454 	EXP 	Display Frame 3
769.1788 	EXP 	Display Frame 4
769.2121 	EXP 	Display Frame 5
769.2454 	EXP 	Display Frame 6
769.2788 	EXP 	Display Frame 7
769.3121 	EXP 	Display Frame 8
769.3454 	EXP 	Display Frame 9
769.3788 	EXP 	Display Frame 0
769.4120 	EXP 	Display Frame 1
769.4454 	EXP 	Display Frame 2
769.4788 	EXP 	Display Frame 3
769.5121 	EXP 	Display Frame 4
769.5454 	EXP 	Display Frame 5
769.5788 	EXP 	Display Frame 6
769.6121 	EXP 	Display Frame 7
769.6454 	EXP 	Display Frame 8
769.6788 	EXP 	Display Frame 9
769.7121 	EXP 	Display Frame 0
769.7455 	EXP 	Display Frame 1
769.7788 	EXP 	Display Frame 2
769.8121 	EXP 	Display Frame 3
769.8455 	EXP 	Display Frame 4
769.8788 	EXP 	Display Frame 5
769.9121 	EXP 	Display Frame 6
769.9454 	EXP 	Display Frame 7
769.9788 	EXP 	Display Frame 8
770.0121 	EXP 	Display Frame 9
770.0455 	EXP 	Display Frame 0
770.0788 	EXP 	Display Frame 1
770.1121 	EXP 	Display Frame 2
770.1455 	EXP 	Display Frame 3
770.1788 	EXP 	Display Frame 4
770.2121 	EXP 	Display Frame 5
770.2454 	EXP 	Display Frame 6
770.2788 	EXP 	Display Frame 7
770.3121 	EXP 	Display Frame 8
770.3454 	EXP 	Display Frame 9
770.3804 	EXP 	Display Frame 0
770.4120 	EXP 	Display Frame 1
770.4454 	EXP 	Display Frame 2
770.4788 	EXP 	Display Frame 3
770.5121 	EXP 	Display Frame 4
770.5454 	EXP 	Display Frame 5
770.5788 	EXP 	Display Frame 6
770.6121 	EXP 	Display Frame 7
770.6454 	EXP 	Display Frame 8
770.6787 	EXP 	Display Frame 9
770.7123 	EXP 	Display Frame 0
770.7455 	EXP 	Display Frame 1
770.7788 	EXP 	Display Frame 2
770.8121 	EXP 	Display Frame 3
770.8454 	EXP 	Display Frame 4
770.8788 	EXP 	Display Frame 5
770.9121 	EXP 	Display Frame 6
770.9455 	EXP 	Display Frame 7
770.9788 	EXP 	Display Frame 8
771.0121 	EXP 	Display Frame 9
771.0455 	EXP 	Display Frame 0
771.0788 	EXP 	Display Frame 1
771.1121 	EXP 	Display Frame 2
771.1455 	EXP 	Display Frame 3
771.1788 	EXP 	Display Frame 4
771.2121 	EXP 	Display Frame 5
771.2454 	EXP 	Display Frame 6
771.2788 	EXP 	Display Frame 7
771.3121 	EXP 	Display Frame 8
771.3454 	EXP 	Display Frame 9
771.3788 	EXP 	Display Frame 0
771.4120 	EXP 	Display Frame 1
771.4454 	EXP 	Display Frame 2
771.4788 	EXP 	Display Frame 3
771.5121 	EXP 	Display Frame 4
771.5456 	DATA 	Keypress: equal
771.5466 	EXP 	Display Frame 5
771.5542 	EXP 	Display Fixation
776.7331 	DATA 	Keypress: equal
781.9270 	DATA 	Keypress: equal
787.1200 	DATA 	Keypress: equal
792.3141 	DATA 	Keypress: equal
797.5073 	DATA 	Keypress: equal
802.7004 	DATA 	Keypress: equal
802.7347 	EXP 	Display Frame 1
802.7681 	EXP 	Display Frame 2
802.8014 	EXP 	Display Frame 3
802.8351 	EXP 	Display Frame 4
802.8683 	EXP 	Display Frame 5
802.9014 	EXP 	Display Frame 6
802.9347 	EXP 	Display Frame 7
802.9681 	EXP 	Display Frame 8
803.0014 	EXP 	Display Frame 9
803.0347 	EXP 	Display Frame 0
803.0680 	EXP 	Display Frame 1
803.1013 	EXP 	Display Frame 2
803.1347 	EXP 	Display Frame 3
803.1680 	EXP 	Display Frame 4
803.2013 	EXP 	Display Frame 5
803.2347 	EXP 	Display Frame 6
803.2680 	EXP 	Display Frame 7
803.3014 	EXP 	Display Frame 8
803.3347 	EXP 	Display Frame 9
803.3680 	EXP 	Display Frame 0
803.4013 	EXP 	Display Frame 1
803.4347 	EXP 	Display Frame 2
803.4680 	EXP 	Display Frame 3
803.5013 	EXP 	Display Frame 4
803.5347 	EXP 	Display Frame 5
803.5680 	EXP 	Display Frame 6
803.6013 	EXP 	Display Frame 7
803.6347 	EXP 	Display Frame 8
803.6680 	EXP 	Display Frame 9
803.7012 	EXP 	Display Frame 0
803.7346 	EXP 	Display Frame 1
803.7680 	EXP 	Display Frame 2
803.8013 	EXP 	Display Frame 3
803.8347 	EXP 	Display Frame 4
803.8680 	EXP 	Display Frame 5
803.9013 	EXP 	Display Frame 6
803.9347 	EXP 	Display Frame 7
803.9680 	EXP 	Display Frame 8
804.0013 	EXP 	Display Frame 9
804.0347 	EXP 	Display Frame 0
804.0680 	EXP 	Display Frame 1
804.1013 	EXP 	Display Frame 2
804.1347 	EXP 	Display Frame 3
804.1680 	EXP 	Display Frame 4
804.2013 	EXP 	Display Frame 5
804.2346 	EXP 	Display Frame 6
804.2680 	EXP 	Display Frame 7
804.3013 	EXP 	Display Frame 8
804.3347 	EXP 	Display Frame 9
804.3679 	EXP 	Display Frame 0
804.4013 	EXP 	Display Frame 1
804.4346 	EXP 	Display Frame 2
804.4680 	EXP 	Display Frame 3
804.5013 	EXP 	Display Frame 4
804.5346 	EXP 	Display Frame 5
804.5680 	EXP 	Display Frame 6
804.6013 	EXP 	Display Frame 7
804.6346 	EXP 	Display Frame 8
804.6680 	EXP 	Display Frame 9
804.7012 	EXP 	Display Frame 0
804.7346 	EXP 	Display Frame 1
804.7680 	EXP 	Display Frame 2
804.8013 	EXP 	Display Frame 3
804.8346 	EXP 	Display Frame 4
804.8681 	EXP 	Display Frame 5
804.9016 	EXP 	Display Frame 6
804.9348 	EXP 	Display Frame 7
804.9680 	EXP 	Display Frame 8
805.0013 	EXP 	Display Frame 9
805.0347 	EXP 	Display Frame 0
805.0680 	EXP 	Display Frame 1
805.1016 	EXP 	Display Frame 2
805.1347 	EXP 	Display Frame 3
805.1680 	EXP 	Display Frame 4
805.2013 	EXP 	Display Frame 5
805.2347 	EXP 	Display Frame 6
805.2680 	EXP 	Display Frame 7
805.3013 	EXP 	Display Frame 8
805.3346 	EXP 	Display Frame 9
805.3680 	EXP 	Display Frame 0
805.4013 	EXP 	Display Frame 1
805.4347 	EXP 	Display Frame 2
805.4680 	EXP 	Display Frame 3
805.5013 	EXP 	Display Frame 4
805.5346 	EXP 	Display Frame 5
805.5680 	EXP 	Display Frame 6
805.6013 	EXP 	Display Frame 7
805.6346 	EXP 	Display Frame 8
805.6680 	EXP 	Display Frame 9
805.7013 	EXP 	Display Frame 0
805.7346 	EXP 	Display Frame 1
805.7680 	EXP 	Display Frame 2
805.8013 	EXP 	Display Frame 3
805.8346 	EXP 	Display Frame 4
805.8679 	EXP 	Display Frame 5
805.9013 	EXP 	Display Frame 6
805.9346 	EXP 	Display Frame 7
805.9680 	EXP 	Display Frame 8
806.0013 	EXP 	Display Frame 9
806.0346 	EXP 	Display Frame 0
806.0682 	EXP 	Display Frame 1
806.1013 	EXP 	Display Frame 2
806.1346 	EXP 	Display Frame 3
806.1680 	EXP 	Display Frame 4
806.2013 	EXP 	Display Frame 5
806.2347 	EXP 	Display Frame 6
806.2680 	EXP 	Display Frame 7
806.3013 	EXP 	Display Frame 8
806.3346 	EXP 	Display Frame 9
806.3680 	EXP 	Display Frame 0
806.4013 	EXP 	Display Frame 1
806.4346 	EXP 	Display Frame 2
806.4680 	EXP 	Display Frame 3
806.5013 	EXP 	Display Frame 4
806.5346 	EXP 	Display Frame 5
806.5680 	EXP 	Display Frame 6
806.6013 	EXP 	Display Frame 7
806.6346 	EXP 	Display Frame 8
806.6680 	EXP 	Display Frame 9
806.7013 	EXP 	Display Frame 0
806.7346 	EXP 	Display Frame 1
806.7680 	EXP 	Display Frame 2
806.8013 	EXP 	Display Frame 3
806.8346 	EXP 	Display Frame 4
806.8680 	EXP 	Display Frame 5
806.9013 	EXP 	Display Frame 6
806.9346 	EXP 	Display Frame 7
806.9679 	EXP 	Display Frame 8
807.0013 	EXP 	Display Frame 9
807.0346 	EXP 	Display Frame 0
807.0680 	EXP 	Display Frame 1
807.1013 	EXP 	Display Frame 2
807.1346 	EXP 	Display Frame 3
807.1680 	EXP 	Display Frame 4
807.2013 	EXP 	Display Frame 5
807.2346 	EXP 	Display Frame 6
807.2680 	EXP 	Display Frame 7
807.3013 	EXP 	Display Frame 8
807.3346 	EXP 	Display Frame 9
807.3679 	EXP 	Display Frame 0
807.4013 	EXP 	Display Frame 1
807.4346 	EXP 	Display Frame 2
807.4680 	EXP 	Display Frame 3
807.5013 	EXP 	Display Frame 4
807.5346 	EXP 	Display Frame 5
807.5680 	EXP 	Display Frame 6
807.6013 	EXP 	Display Frame 7
807.6347 	EXP 	Display Frame 8
807.6680 	EXP 	Display Frame 9
807.7012 	EXP 	Display Frame 0
807.7346 	EXP 	Display Frame 1
807.7680 	EXP 	Display Frame 2
807.8013 	EXP 	Display Frame 3
807.8346 	EXP 	Display Frame 4
807.8680 	EXP 	Display Frame 5
807.9014 	DATA 	Keypress: equal
807.9024 	EXP 	Display Frame 6
807.9346 	EXP 	Display Frame 7
807.9680 	EXP 	Display Frame 8
808.0014 	EXP 	Display Frame 9
808.0346 	EXP 	Display Frame 0
808.0680 	EXP 	Display Frame 1
808.1013 	EXP 	Display Frame 2
808.1347 	EXP 	Display Frame 3
808.1680 	EXP 	Display Frame 4
808.2013 	EXP 	Display Frame 5
808.2346 	EXP 	Display Frame 6
808.2680 	EXP 	Display Frame 7
808.3013 	EXP 	Display Frame 8
808.3346 	EXP 	Display Frame 9
808.3680 	EXP 	Display Frame 0
808.4013 	EXP 	Display Frame 1
808.4347 	EXP 	Display Frame 2
808.4680 	EXP 	Display Frame 3
808.5013 	EXP 	Display Frame 4
808.5346 	EXP 	Display Frame 5
808.5680 	EXP 	Display Frame 6
808.6013 	EXP 	Display Frame 7
808.6346 	EXP 	Display Frame 8
808.6680 	EXP 	Display Frame 9
808.7012 	EXP 	Display Frame 0
808.7346 	EXP 	Display Frame 1
808.7680 	EXP 	Display Frame 2
808.8013 	EXP 	Display Frame 3
808.8347 	EXP 	Display Frame 4
808.8680 	EXP 	Display Frame 5
808.9013 	EXP 	Display Frame 6
808.9347 	EXP 	Display Frame 7
808.9680 	EXP 	Display Frame 8
809.0013 	EXP 	Display Frame 9
809.0346 	EXP 	Display Frame 0
809.0680 	EXP 	Display Frame 1
809.1013 	EXP 	Display Frame 2
809.1346 	EXP 	Display Frame 3
809.1680 	EXP 	Display Frame 4
809.2013 	EXP 	Display Frame 5
809.2346 	EXP 	Display Frame 6
809.2680 	EXP 	Display Frame 7
809.3013 	EXP 	Display Frame 8
809.3347 	EXP 	Display Frame 9
809.3680 	EXP 	Display Frame 0
809.4013 	EXP 	Display Frame 1
809.4346 	EXP 	Display Frame 2
809.4679 	EXP 	Display Frame 3
809.5013 	EXP 	Display Frame 4
809.5346 	EXP 	Display Frame 5
809.5680 	EXP 	Display Frame 6
809.6013 	EXP 	Display Frame 7
809.6346 	EXP 	Display Frame 8
809.6680 	EXP 	Display Frame 9
809.7012 	EXP 	Display Frame 0
809.7347 	EXP 	Display Frame 1
809.7680 	EXP 	Display Frame 2
809.8013 	EXP 	Display Frame 3
809.8346 	EXP 	Display Frame 4
809.8680 	EXP 	Display Frame 5
809.9013 	EXP 	Display Frame 6
809.9346 	EXP 	Display Frame 7
809.9680 	EXP 	Display Frame 8
810.0013 	EXP 	Display Frame 9
810.0346 	EXP 	Display Frame 0
810.0679 	EXP 	Display Frame 1
810.1013 	EXP 	Display Frame 2
810.1346 	EXP 	Display Frame 3
810.1680 	EXP 	Display Frame 4
810.2013 	EXP 	Display Frame 5
810.2347 	EXP 	Display Frame 6
810.2680 	EXP 	Display Frame 7
810.3013 	EXP 	Display Frame 8
810.3346 	EXP 	Display Frame 9
810.3680 	EXP 	Display Frame 0
810.4013 	EXP 	Display Frame 1
810.4346 	EXP 	Display Frame 2
810.4680 	EXP 	Display Frame 3
810.5013 	EXP 	Display Frame 4
810.5346 	EXP 	Display Frame 5
810.5679 	EXP 	Display Frame 6
810.6013 	EXP 	Display Frame 7
810.6347 	EXP 	Display Frame 8
810.6680 	EXP 	Display Frame 9
810.7013 	EXP 	Display Frame 0
810.7346 	EXP 	Display Frame 1
810.7680 	EXP 	Display Frame 2
810.8013 	EXP 	Display Frame 3
810.8346 	EXP 	Display Frame 4
810.8680 	EXP 	Display Frame 5
810.9013 	EXP 	Display Frame 6
810.9346 	EXP 	Display Frame 7
810.9680 	EXP 	Display Frame 8
811.0013 	EXP 	Display Frame 9
811.0346 	EXP 	Display Frame 0
811.0679 	EXP 	Display Frame 1
811.1013 	EXP 	Display Frame 2
811.1346 	EXP 	Display Frame 3
811.1680 	EXP 	Display Frame 4
811.2013 	EXP 	Display Frame 5
811.2346 	EXP 	Display Frame 6
811.2680 	EXP 	Display Frame 7
811.3013 	EXP 	Display Frame 8
811.3346 	EXP 	Display Frame 9
811.3680 	EXP 	Display Frame 0
811.4013 	EXP 	Display Frame 1
811.4346 	EXP 	Display Frame 2
811.4680 	EXP 	Display Frame 3
811.5013 	EXP 	Display Frame 4
811.5346 	EXP 	Display Frame 5
811.5680 	EXP 	Display Frame 6
811.6013 	EXP 	Display Frame 7
811.6346 	EXP 	Display Frame 8
811.6680 	EXP 	Display Frame 9
811.7012 	EXP 	Display Frame 0
811.7346 	EXP 	Display Frame 1
811.7680 	EXP 	Display Frame 2
811.8013 	EXP 	Display Frame 3
811.8346 	EXP 	Display Frame 4
811.8680 	EXP 	Display Frame 5
811.9013 	EXP 	Display Frame 6
811.9346 	EXP 	Display Frame 7
811.9680 	EXP 	Display Frame 8
812.0013 	EXP 	Display Frame 9
812.0346 	EXP 	Display Frame 0
812.0680 	EXP 	Display Frame 1
812.1013 	EXP 	Display Frame 2
812.1346 	EXP 	Display Frame 3
812.1680 	EXP 	Display Frame 4
812.2013 	EXP 	Display Frame 5
812.2346 	EXP 	Display Frame 6
812.2680 	EXP 	Display Frame 7
812.3013 	EXP 	Display Frame 8
812.3346 	EXP 	Display Frame 9
812.3680 	EXP 	Display Frame 0
812.4013 	EXP 	Display Frame 1
812.4349 	EXP 	Display Frame 2
812.4680 	EXP 	Display Frame 3
812.5013 	EXP 	Display Frame 4
812.5347 	EXP 	Display Frame 5
812.5680 	EXP 	Display Frame 6
812.6013 	EXP 	Display Frame 7
812.6347 	EXP 	Display Frame 8
812.6680 	EXP 	Display Frame 9
812.7012 	EXP 	Display Frame 0
812.7346 	EXP 	Display Frame 1
812.7680 	EXP 	Display Frame 2
812.8013 	EXP 	Display Frame 3
812.8347 	EXP 	Display Frame 4
812.8679 	EXP 	Display Frame 5
812.9013 	EXP 	Display Frame 6
812.9347 	EXP 	Display Frame 7
812.9680 	EXP 	Display Frame 8
813.0013 	EXP 	Display Frame 9
813.0346 	EXP 	Display Frame 0
813.0680 	EXP 	Display Frame 1
813.1014 	DATA 	Keypress: equal
813.1024 	EXP 	Display Frame 2
813.1346 	EXP 	Display Frame 3
813.1680 	EXP 	Display Frame 4
813.2013 	EXP 	Display Frame 5
813.2346 	EXP 	Display Frame 6
813.2680 	EXP 	Display Frame 7
813.3015 	EXP 	Display Frame 8
813.3346 	EXP 	Display Frame 9
813.3680 	EXP 	Display Frame 0
813.4013 	EXP 	Display Frame 1
813.4346 	EXP 	Display Frame 2
813.4680 	EXP 	Display Frame 3
813.5013 	EXP 	Display Frame 4
813.5347 	EXP 	Display Frame 5
813.5680 	EXP 	Display Frame 6
813.6013 	EXP 	Display Frame 7
813.6346 	EXP 	Display Frame 8
813.6680 	EXP 	Display Frame 9
813.7012 	EXP 	Display Frame 0
813.7346 	EXP 	Display Frame 1
813.7680 	EXP 	Display Frame 2
813.8013 	EXP 	Display Frame 3
813.8346 	EXP 	Display Frame 4
813.8680 	EXP 	Display Frame 5
813.9013 	EXP 	Display Frame 6
813.9346 	EXP 	Display Frame 7
813.9680 	EXP 	Display Frame 8
814.0013 	EXP 	Display Frame 9
814.0346 	EXP 	Display Frame 0
814.0680 	EXP 	Display Frame 1
814.1013 	EXP 	Display Frame 2
814.1346 	EXP 	Display Frame 3
814.1680 	EXP 	Display Frame 4
814.2013 	EXP 	Display Frame 5
814.2346 	EXP 	Display Frame 6
814.2680 	EXP 	Display Frame 7
814.3013 	EXP 	Display Frame 8
814.3346 	EXP 	Display Frame 9
814.3680 	EXP 	Display Frame 0
814.4013 	EXP 	Display Frame 1
814.4347 	EXP 	Display Frame 2
814.4680 	EXP 	Display Frame 3
814.5013 	EXP 	Display Frame 4
814.5346 	EXP 	Display Frame 5
814.5680 	EXP 	Display Frame 6
814.6013 	EXP 	Display Frame 7
814.6346 	EXP 	Display Frame 8
814.6679 	EXP 	Display Frame 9
814.7012 	EXP 	Display Frame 0
814.7346 	EXP 	Display Frame 1
814.7680 	EXP 	Display Frame 2
814.8013 	EXP 	Display Frame 3
814.8346 	EXP 	Display Frame 4
814.8680 	EXP 	Display Frame 5
814.9013 	EXP 	Display Frame 6
814.9346 	EXP 	Display Frame 7
814.9680 	EXP 	Display Frame 8
815.0013 	EXP 	Display Frame 9
815.0346 	EXP 	Display Frame 0
815.0680 	EXP 	Display Frame 1
815.1013 	EXP 	Display Frame 2
815.1346 	EXP 	Display Frame 3
815.1680 	EXP 	Display Frame 4
815.2013 	EXP 	Display Frame 5
815.2346 	EXP 	Display Frame 6
815.2680 	EXP 	Display Frame 7
815.3013 	EXP 	Display Frame 8
815.3346 	EXP 	Display Frame 9
815.3680 	EXP 	Display Frame 0
815.4013 	EXP 	Display Frame 1
815.4346 	EXP 	Display Frame 2
815.4680 	EXP 	Display Frame 3
815.5013 	EXP 	Display Frame 4
815.5346 	EXP 	Display Frame 5
815.5680 	EXP 	Display Frame 6
815.6013 	EXP 	Display Frame 7
815.6346 	EXP 	Display Frame 8
815.6680 	EXP 	Display Frame 9
815.7013 	EXP 	Display Frame 0
815.7346 	EXP 	Display Frame 1
815.7680 	EXP 	Display Frame 2
815.8013 	EXP 	Display Frame 3
815.8346 	EXP 	Display Frame 4
815.8680 	EXP 	Display Frame 5
815.9013 	EXP 	Display Frame 6
815.9346 	EXP 	Display Frame 7
815.9680 	EXP 	Display Frame 8
816.0013 	EXP 	Display Frame 9
816.0346 	EXP 	Display Frame 0
816.0680 	EXP 	Display Frame 1
816.1013 	EXP 	Display Frame 2
816.1346 	EXP 	Display Frame 3
816.1680 	EXP 	Display Frame 4
816.2013 	EXP 	Display Frame 5
816.2346 	EXP 	Display Frame 6
816.2680 	EXP 	Display Frame 7
816.3013 	EXP 	Display Frame 8
816.3346 	EXP 	Display Frame 9
816.3680 	EXP 	Display Frame 0
816.4013 	EXP 	Display Frame 1
816.4347 	EXP 	Display Frame 2
816.4680 	EXP 	Display Frame 3
816.5013 	EXP 	Display Frame 4
816.5346 	EXP 	Display Frame 5
816.5680 	EXP 	Display Frame 6
816.6013 	EXP 	Display Frame 7
816.6346 	EXP 	Display Frame 8
816.6680 	EXP 	Display Frame 9
816.7012 	EXP 	Display Frame 0
816.7346 	EXP 	Display Frame 1
816.7680 	EXP 	Display Frame 2
816.8013 	EXP 	Display Frame 3
816.8346 	EXP 	Display Frame 4
816.8680 	EXP 	Display Frame 5
816.9013 	EXP 	Display Frame 6
816.9346 	EXP 	Display Frame 7
816.9680 	EXP 	Display Frame 8
817.0013 	EXP 	Display Frame 9
817.0346 	EXP 	Display Frame 0
817.0680 	EXP 	Display Frame 1
817.1013 	EXP 	Display Frame 2
817.1346 	EXP 	Display Frame 3
817.1680 	EXP 	Display Frame 4
817.2013 	EXP 	Display Frame 5
817.2347 	EXP 	Display Frame 6
817.2680 	EXP 	Display Frame 7
817.3013 	EXP 	Display Frame 8
817.3346 	EXP 	Display Frame 9
817.3680 	EXP 	Display Frame 0
817.4013 	EXP 	Display Frame 1
817.4347 	EXP 	Display Frame 2
817.4680 	EXP 	Display Frame 3
817.5013 	EXP 	Display Frame 4
817.5346 	EXP 	Display Frame 5
817.5679 	EXP 	Display Frame 6
817.6013 	EXP 	Display Frame 7
817.6346 	EXP 	Display Frame 8
817.6680 	EXP 	Display Frame 9
817.7014 	EXP 	Display Frame 0
817.7347 	EXP 	Display Frame 1
817.7680 	EXP 	Display Frame 2
817.8013 	EXP 	Display Frame 3
817.8347 	EXP 	Display Frame 4
817.8680 	EXP 	Display Frame 5
817.9013 	EXP 	Display Frame 6
817.9347 	EXP 	Display Frame 7
817.9680 	EXP 	Display Frame 8
818.0013 	EXP 	Display Frame 9
818.0346 	EXP 	Display Frame 0
818.0680 	EXP 	Display Frame 1
818.1013 	EXP 	Display Frame 2
818.1347 	EXP 	Display Frame 3
818.1680 	EXP 	Display Frame 4
818.2015 	EXP 	Display Frame 5
818.2346 	EXP 	Display Frame 6
818.2680 	EXP 	Display Frame 7
818.3014 	DATA 	Keypress: equal
818.3025 	EXP 	Display Frame 8
818.3346 	EXP 	Display Frame 9
818.3680 	EXP 	Display Frame 0
818.4013 	EXP 	Display Frame 1
818.4347 	EXP 	Display Frame 2
818.4680 	EXP 	Display Frame 3
818.5013 	EXP 	Display Frame 4
818.5346 	EXP 	Display Frame 5
818.5680 	EXP 	Display Frame 6
818.6012 	EXP 	Display Frame 7
818.6348 	EXP 	Display Frame 8
818.6680 	EXP 	Display Frame 9
818.7012 	EXP 	Display Frame 0
818.7346 	EXP 	Display Frame 1
818.7680 	EXP 	Display Frame 2
818.8013 	EXP 	Display Frame 3
818.8347 	EXP 	Display Frame 4
818.8680 	EXP 	Display Frame 5
818.9016 	EXP 	Display Frame 6
818.9350 	EXP 	Display Frame 7
818.9682 	EXP 	Display Frame 8
819.0013 	EXP 	Display Frame 9
819.0346 	EXP 	Display Frame 0
819.0680 	EXP 	Display Frame 1
819.1013 	EXP 	Display Frame 2
819.1347 	EXP 	Display Frame 3
819.1680 	EXP 	Display Frame 4
819.2013 	EXP 	Display Frame 5
819.2346 	EXP 	Display Frame 6
819.2680 	EXP 	Display Frame 7
819.3013 	EXP 	Display Frame 8
819.3346 	EXP 	Display Frame 9
819.3680 	EXP 	Display Frame 0
819.4013 	EXP 	Display Frame 1
819.4346 	EXP 	Display Frame 2
819.4680 	EXP 	Display Frame 3
819.5013 	EXP 	Display Frame 4
819.5346 	EXP 	Display Frame 5
819.5680 	EXP 	Display Frame 6
819.6013 	EXP 	Display Frame 7
819.6346 	EXP 	Display Frame 8
819.6680 	EXP 	Display Frame 9
819.7013 	EXP 	Display Frame 0
819.7346 	EXP 	Display Frame 1
819.7680 	EXP 	Display Frame 2
819.8013 	EXP 	Display Frame 3
819.8346 	EXP 	Display Frame 4
819.8680 	EXP 	Display Frame 5
819.9013 	EXP 	Display Frame 6
819.9346 	EXP 	Display Frame 7
819.9680 	EXP 	Display Frame 8
820.0013 	EXP 	Display Frame 9
820.0347 	EXP 	Display Frame 0
820.0680 	EXP 	Display Frame 1
820.1013 	EXP 	Display Frame 2
820.1347 	EXP 	Display Frame 3
820.1680 	EXP 	Display Frame 4
820.2013 	EXP 	Display Frame 5
820.2346 	EXP 	Display Frame 6
820.2680 	EXP 	Display Frame 7
820.3014 	EXP 	Display Frame 8
820.3347 	EXP 	Display Frame 9
820.3680 	EXP 	Display Frame 0
820.4013 	EXP 	Display Frame 1
820.4346 	EXP 	Display Frame 2
820.4680 	EXP 	Display Frame 3
820.5013 	EXP 	Display Frame 4
820.5346 	EXP 	Display Frame 5
820.5680 	EXP 	Display Frame 6
820.6013 	EXP 	Display Frame 7
820.6346 	EXP 	Display Frame 8
820.6680 	EXP 	Display Frame 9
820.7012 	EXP 	Display Frame 0
820.7346 	EXP 	Display Frame 1
820.7680 	EXP 	Display Frame 2
820.8013 	EXP 	Display Frame 3
820.8346 	EXP 	Display Frame 4
820.8680 	EXP 	Display Frame 5
820.9013 	EXP 	Display Frame 6
820.9349 	EXP 	Display Frame 7
820.9684 	EXP 	Display Frame 8
821.0015 	EXP 	Display Frame 9
821.0347 	EXP 	Display Frame 0
821.0680 	EXP 	Display Frame 1
821.1014 	EXP 	Display Frame 2
821.1347 	EXP 	Display Frame 3
821.1680 	EXP 	Display Frame 4
821.2013 	EXP 	Display Frame 5
821.2346 	EXP 	Display Frame 6
821.2680 	EXP 	Display Frame 7
821.3013 	EXP 	Display Frame 8
821.3346 	EXP 	Display Frame 9
821.3682 	EXP 	Display Frame 0
821.4014 	EXP 	Display Frame 1
821.4348 	EXP 	Display Frame 2
821.4680 	EXP 	Display Frame 3
821.5013 	EXP 	Display Frame 4
821.5346 	EXP 	Display Frame 5
821.5680 	EXP 	Display Frame 6
821.6013 	EXP 	Display Frame 7
821.6347 	EXP 	Display Frame 8
821.6680 	EXP 	Display Frame 9
821.7012 	EXP 	Display Frame 0
821.7346 	EXP 	Display Frame 1
821.7680 	EXP 	Display Frame 2
821.8013 	EXP 	Display Frame 3
821.8346 	EXP 	Display Frame 4
821.8680 	EXP 	Display Frame 5
821.9013 	EXP 	Display Frame 6
821.9346 	EXP 	Display Frame 7
821.9679 	EXP 	Display Frame 8
822.0013 	EXP 	Display Frame 9
822.0346 	EXP 	Display Frame 0
822.0679 	EXP 	Display Frame 1
822.1013 	EXP 	Display Frame 2
822.1346 	EXP 	Display Frame 3
822.1680 	EXP 	Display Frame 4
822.2013 	EXP 	Display Frame 5
822.2347 	EXP 	Display Frame 6
822.2679 	EXP 	Display Frame 7
822.3013 	EXP 	Display Frame 8
822.3346 	EXP 	Display Frame 9
822.3679 	EXP 	Display Frame 0
822.4013 	EXP 	Display Frame 1
822.4346 	EXP 	Display Frame 2
822.4680 	EXP 	Display Frame 3
822.5013 	EXP 	Display Frame 4
822.5346 	EXP 	Display Frame 5
822.5680 	EXP 	Display Frame 6
822.6013 	EXP 	Display Frame 7
822.6346 	EXP 	Display Frame 8
822.6679 	EXP 	Display Frame 9
822.7012 	EXP 	Display Frame 0
822.7346 	EXP 	Display Frame 1
822.7680 	EXP 	Display Frame 2
822.8013 	EXP 	Display Frame 3
822.8346 	EXP 	Display Frame 4
822.8680 	EXP 	Display Frame 5
822.9013 	EXP 	Display Frame 6
822.9346 	EXP 	Display Frame 7
822.9680 	EXP 	Display Frame 8
823.0013 	EXP 	Display Frame 9
823.0346 	EXP 	Display Frame 0
823.0680 	EXP 	Display Frame 1
823.1013 	EXP 	Display Frame 2
823.1346 	EXP 	Display Frame 3
823.1680 	EXP 	Display Frame 4
823.2013 	EXP 	Display Frame 5
823.2347 	EXP 	Display Frame 6
823.2680 	EXP 	Display Frame 7
823.3013 	EXP 	Display Frame 8
823.3347 	EXP 	Display Frame 9
823.3680 	EXP 	Display Frame 0
823.4013 	EXP 	Display Frame 1
823.4346 	EXP 	Display Frame 2
823.4680 	EXP 	Display Frame 3
823.5014 	DATA 	Keypress: equal
823.5024 	EXP 	Display Frame 4
823.5347 	EXP 	Display Frame 5
823.5680 	EXP 	Display Frame 6
823.6013 	EXP 	Display Frame 7
823.6346 	EXP 	Display Frame 8
823.6680 	EXP 	Display Frame 9
823.7013 	EXP 	Display Frame 0
823.7346 	EXP 	Display Frame 1
823.7680 	EXP 	Display Frame 2
823.8013 	EXP 	Display Frame 3
823.8346 	EXP 	Display Frame 4
823.8680 	EXP 	Display Frame 5
823.9013 	EXP 	Display Frame 6
823.9347 	EXP 	Display Frame 7
823.9684 	EXP 	Display Frame 8
824.0014 	EXP 	Display Frame 9
824.0346 	EXP 	Display Frame 0
824.0680 	EXP 	Display Frame 1
824.1013 	EXP 	Display Frame 2
824.1347 	EXP 	Display Frame 3
824.1680 	EXP 	Display Frame 4
824.2013 	EXP 	Display Frame 5
824.2346 	EXP 	Display Frame 6
824.2680 	EXP 	Display Frame 7
824.3013 	EXP 	Display Frame 8
824.3346 	EXP 	Display Frame 9
824.3680 	EXP 	Display Frame 0
824.4013 	EXP 	Display Frame 1
824.4347 	EXP 	Display Frame 2
824.4680 	EXP 	Display Frame 3
824.5013 	EXP 	Display Frame 4
824.5346 	EXP 	Display Frame 5
824.5679 	EXP 	Display Frame 6
824.6013 	EXP 	Display Frame 7
824.6346 	EXP 	Display Frame 8
824.6680 	EXP 	Display Frame 9
824.7012 	EXP 	Display Frame 0
824.7346 	EXP 	Display Frame 1
824.7680 	EXP 	Display Frame 2
824.8013 	EXP 	Display Frame 3
824.8347 	EXP 	Display Frame 4
824.8680 	EXP 	Display Frame 5
824.9013 	EXP 	Display Frame 6
824.9346 	EXP 	Display Frame 7
824.9680 	EXP 	Display Frame 8
825.0013 	EXP 	Display Frame 9
825.0347 	EXP 	Display Frame 0
825.0680 	EXP 	Display Frame 1
825.1013 	EXP 	Display Frame 2
825.1346 	EXP 	Display Frame 3
825.1679 	EXP 	Display Frame 4
825.2013 	EXP 	Display Frame 5
825.2346 	EXP 	Display Frame 6
825.2680 	EXP 	Display Frame 7
825.3013 	EXP 	Display Frame 8
825.3346 	EXP 	Display Frame 9
825.3680 	EXP 	Display Frame 0
825.4013 	EXP 	Display Frame 1
825.4346 	EXP 	Display Frame 2
825.4679 	EXP 	Display Frame 3
825.5013 	EXP 	Display Frame 4
825.5346 	EXP 	Display Frame 5
825.5680 	EXP 	Display Frame 6
825.6013 	EXP 	Display Frame 7
825.6346 	EXP 	Display Frame 8
825.6680 	EXP 	Display Frame 9
825.7012 	EXP 	Display Frame 0
825.7346 	EXP 	Display Frame 1
825.7680 	EXP 	Display Frame 2
825.8013 	EXP 	Display Frame 3
825.8346 	EXP 	Display Frame 4
825.8680 	EXP 	Display Frame 5
825.9013 	EXP 	Display Frame 6
825.9346 	EXP 	Display Frame 7
825.9680 	EXP 	Display Frame 8
826.0013 	EXP 	Display Frame 9
826.0346 	EXP 	Display Frame 0
826.0680 	EXP 	Display Frame 1
826.1013 	EXP 	Display Frame 2
826.1346 	EXP 	Display Frame 3
826.1680 	EXP 	Display Frame 4
826.2013 	EXP 	Display Frame 5
826.2346 	EXP 	Display Frame 6
826.2680 	EXP 	Display Frame 7
826.3013 	EXP 	Display Frame 8
826.3346 	EXP 	Display Frame 9
826.3679 	EXP 	Display Frame 0
826.4013 	EXP 	Display Frame 1
826.4346 	EXP 	Display Frame 2
826.4680 	EXP 	Display Frame 3
826.5013 	EXP 	Display Frame 4
826.5346 	EXP 	Display Frame 5
826.5680 	EXP 	Display Frame 6
826.6013 	EXP 	Display Frame 7
826.6347 	EXP 	Display Frame 8
826.6680 	EXP 	Display Frame 9
826.7013 	EXP 	Display Frame 0
826.7346 	EXP 	Display Frame 1
826.7680 	EXP 	Display Frame 2
826.8013 	EXP 	Display Frame 3
826.8346 	EXP 	Display Frame 4
826.8680 	EXP 	Display Frame 5
826.9013 	EXP 	Display Frame 6
826.9346 	EXP 	Display Frame 7
826.9680 	EXP 	Display Frame 8
827.0013 	EXP 	Display Frame 9
827.0346 	EXP 	Display Frame 0
827.0680 	EXP 	Display Frame 1
827.1013 	EXP 	Display Frame 2
827.1346 	EXP 	Display Frame 3
827.1680 	EXP 	Display Frame 4
827.2013 	EXP 	Display Frame 5
827.2346 	EXP 	Display Frame 6
827.2680 	EXP 	Display Frame 7
827.3013 	EXP 	Display Frame 8
827.3346 	EXP 	Display Frame 9
827.3680 	EXP 	Display Frame 0
827.4013 	EXP 	Display Frame 1
827.4346 	EXP 	Display Frame 2
827.4680 	EXP 	Display Frame 3
827.5013 	EXP 	Display Frame 4
827.5346 	EXP 	Display Frame 5
827.5680 	EXP 	Display Frame 6
827.6013 	EXP 	Display Frame 7
827.6346 	EXP 	Display Frame 8
827.6680 	EXP 	Display Frame 9
827.7012 	EXP 	Display Frame 0
827.7346 	EXP 	Display Frame 1
827.7680 	EXP 	Display Frame 2
827.8013 	EXP 	Display Frame 3
827.8346 	EXP 	Display Frame 4
827.8680 	EXP 	Display Frame 5
827.9013 	EXP 	Display Frame 6
827.9346 	EXP 	Display Frame 7
827.9680 	EXP 	Display Frame 8
828.0013 	EXP 	Display Frame 9
828.0346 	EXP 	Display Frame 0
828.0680 	EXP 	Display Frame 1
828.1013 	EXP 	Display Frame 2
828.1346 	EXP 	Display Frame 3
828.1680 	EXP 	Display Frame 4
828.2013 	EXP 	Display Frame 5
828.2346 	EXP 	Display Frame 6
828.2680 	EXP 	Display Frame 7
828.3013 	EXP 	Display Frame 8
828.3346 	EXP 	Display Frame 9
828.3680 	EXP 	Display Frame 0
828.4013 	EXP 	Display Frame 1
828.4347 	EXP 	Display Frame 2
828.4680 	EXP 	Display Frame 3
828.5013 	EXP 	Display Frame 4
828.5347 	EXP 	Display Frame 5
828.5680 	EXP 	Display Frame 6
828.6013 	EXP 	Display Frame 7
828.6346 	EXP 	Display Frame 8
828.6679 	EXP 	Display Frame 9
828.7014 	DATA 	Keypress: equal
828.7024 	EXP 	Display Frame 0
828.7346 	EXP 	Display Frame 1
828.7680 	EXP 	Display Frame 2
828.8013 	EXP 	Display Frame 3
828.8347 	EXP 	Display Frame 4
828.8679 	EXP 	Display Frame 5
828.9013 	EXP 	Display Frame 6
828.9346 	EXP 	Display Frame 7
828.9680 	EXP 	Display Frame 8
829.0013 	EXP 	Display Frame 9
829.0346 	EXP 	Display Frame 0
829.0680 	EXP 	Display Frame 1
829.1013 	EXP 	Display Frame 2
829.1347 	EXP 	Display Frame 3
829.1679 	EXP 	Display Frame 4
829.2013 	EXP 	Display Frame 5
829.2346 	EXP 	Display Frame 6
829.2680 	EXP 	Display Frame 7
829.3014 	EXP 	Display Frame 8
829.3347 	EXP 	Display Frame 9
829.3680 	EXP 	Display Frame 0
829.4013 	EXP 	Display Frame 1
829.4347 	EXP 	Display Frame 2
829.4679 	EXP 	Display Frame 3
829.5013 	EXP 	Display Frame 4
829.5346 	EXP 	Display Frame 5
829.5679 	EXP 	Display Frame 6
829.6022 	EXP 	Display Frame 7
829.6346 	EXP 	Display Frame 8
829.6680 	EXP 	Display Frame 9
829.7012 	EXP 	Display Frame 0
829.7346 	EXP 	Display Frame 1
829.7680 	EXP 	Display Frame 2
829.8013 	EXP 	Display Frame 3
829.8346 	EXP 	Display Frame 4
829.8679 	EXP 	Display Frame 5
829.9013 	EXP 	Display Frame 6
829.9346 	EXP 	Display Frame 7
829.9680 	EXP 	Display Frame 8
830.0013 	EXP 	Display Frame 9
830.0346 	EXP 	Display Frame 0
830.0679 	EXP 	Display Frame 1
830.1013 	EXP 	Display Frame 2
830.1346 	EXP 	Display Frame 3
830.1680 	EXP 	Display Frame 4
830.2013 	EXP 	Display Frame 5
830.2346 	EXP 	Display Frame 6
830.2680 	EXP 	Display Frame 7
830.3015 	EXP 	Display Frame 8
830.3346 	EXP 	Display Frame 9
830.3680 	EXP 	Display Frame 0
830.4013 	EXP 	Display Frame 1
830.4347 	EXP 	Display Frame 2
830.4680 	EXP 	Display Frame 3
830.5013 	EXP 	Display Frame 4
830.5346 	EXP 	Display Frame 5
830.5680 	EXP 	Display Frame 6
830.6013 	EXP 	Display Frame 7
830.6347 	EXP 	Display Frame 8
830.6680 	EXP 	Display Frame 9
830.7012 	EXP 	Display Frame 0
830.7346 	EXP 	Display Frame 1
830.7680 	EXP 	Display Frame 2
830.8013 	EXP 	Display Frame 3
830.8346 	EXP 	Display Frame 4
830.8680 	EXP 	Display Frame 5
830.9013 	EXP 	Display Frame 6
830.9346 	EXP 	Display Frame 7
830.9680 	EXP 	Display Frame 8
831.0013 	EXP 	Display Frame 9
831.0346 	EXP 	Display Frame 0
831.0680 	EXP 	Display Frame 1
831.1013 	EXP 	Display Frame 2
831.1346 	EXP 	Display Frame 3
831.1680 	EXP 	Display Frame 4
831.2013 	EXP 	Display Frame 5
831.2347 	EXP 	Display Frame 6
831.2680 	EXP 	Display Frame 7
831.3013 	EXP 	Display Frame 8
831.3346 	EXP 	Display Frame 9
831.3679 	EXP 	Display Frame 0
831.4013 	EXP 	Display Frame 1
831.4346 	EXP 	Display Frame 2
831.4680 	EXP 	Display Frame 3
831.5013 	EXP 	Display Frame 4
831.5346 	EXP 	Display Frame 5
831.5680 	EXP 	Display Frame 6
831.6013 	EXP 	Display Frame 7
831.6346 	EXP 	Display Frame 8
831.6680 	EXP 	Display Frame 9
831.7013 	EXP 	Display Frame 0
831.7346 	EXP 	Display Frame 1
831.7680 	EXP 	Display Frame 2
831.8013 	EXP 	Display Frame 3
831.8346 	EXP 	Display Frame 4
831.8680 	EXP 	Display Frame 5
831.9013 	EXP 	Display Frame 6
831.9346 	EXP 	Display Frame 7
831.9680 	EXP 	Display Frame 8
832.0013 	EXP 	Display Frame 9
832.0346 	EXP 	Display Frame 0
832.0680 	EXP 	Display Frame 1
832.1013 	EXP 	Display Frame 2
832.1346 	EXP 	Display Frame 3
832.1680 	EXP 	Display Frame 4
832.2013 	EXP 	Display Frame 5
832.2346 	EXP 	Display Frame 6
832.2680 	EXP 	Display Frame 7
832.3013 	EXP 	Display Frame 8
832.3347 	EXP 	Display Frame 9
832.3679 	EXP 	Display Frame 0
832.4013 	EXP 	Display Frame 1
832.4346 	EXP 	Display Frame 2
832.4680 	EXP 	Display Frame 3
832.5013 	EXP 	Display Frame 4
832.5346 	EXP 	Display Frame 5
832.5680 	EXP 	Display Frame 6
832.6013 	EXP 	Display Frame 7
832.6346 	EXP 	Display Frame 8
832.6680 	EXP 	Display Frame 9
832.7013 	EXP 	Display Frame 0
832.7346 	EXP 	Display Frame 1
832.7680 	EXP 	Display Frame 2
832.8013 	EXP 	Display Frame 3
832.8346 	EXP 	Display Frame 4
832.8680 	EXP 	Display Frame 5
832.9013 	EXP 	Display Frame 6
832.9347 	EXP 	Display Frame 7
832.9680 	EXP 	Display Frame 8
833.0013 	EXP 	Display Frame 9
833.0347 	EXP 	Display Frame 0
833.0680 	EXP 	Display Frame 1
833.1013 	EXP 	Display Frame 2
833.1346 	EXP 	Display Frame 3
833.1680 	EXP 	Display Frame 4
833.2013 	EXP 	Display Frame 5
833.2346 	EXP 	Display Frame 6
833.2680 	EXP 	Display Frame 7
833.3013 	EXP 	Display Frame 8
833.3346 	EXP 	Display Frame 9
833.3680 	EXP 	Display Frame 0
833.4013 	EXP 	Display Frame 1
833.4346 	EXP 	Display Frame 2
833.4680 	EXP 	Display Frame 3
833.5013 	EXP 	Display Frame 4
833.5346 	EXP 	Display Frame 5
833.5680 	EXP 	Display Frame 6
833.6013 	EXP 	Display Frame 7
833.6347 	EXP 	Display Frame 8
833.6680 	EXP 	Display Frame 9
833.7012 	EXP 	Display Frame 0
833.7347 	EXP 	Display Frame 1
833.7680 	EXP 	Display Frame 2
833.8013 	EXP 	Display Frame 3
833.8346 	EXP 	Display Frame 4
833.8681 	DATA 	Keypress: equal
833.8691 	EXP 	Display Frame 5
833.8710 	EXP 	Display Fixation
839.0567 	DATA 	Keypress: equal
844.2488 	DATA 	Keypress: equal
849.4435 	DATA 	Keypress: equal
854.6365 	DATA 	Keypress: equal
859.8303 	DATA 	Keypress: equal
865.0248 	DATA 	Keypress: equal
865.0593 	EXP 	Display Frame 1
865.0925 	EXP 	Display Frame 2
865.1259 	EXP 	Display Frame 3
865.1591 	EXP 	Display Frame 4
865.1925 	EXP 	Display Frame 5
865.2258 	EXP 	Display Frame 6
865.2591 	EXP 	Display Frame 7
865.2925 	EXP 	Display Frame 8
865.3258 	EXP 	Display Frame 9
865.3591 	EXP 	Display Frame 0
865.3924 	EXP 	Display Frame 1
865.4258 	EXP 	Display Frame 2
865.4591 	EXP 	Display Frame 3
865.4924 	EXP 	Display Frame 4
865.5257 	EXP 	Display Frame 5
865.5591 	EXP 	Display Frame 6
865.5924 	EXP 	Display Frame 7
865.6258 	EXP 	Display Frame 8
865.6591 	EXP 	Display Frame 9
865.6924 	EXP 	Display Frame 0
865.7257 	EXP 	Display Frame 1
865.7591 	EXP 	Display Frame 2
865.7925 	EXP 	Display Frame 3
865.8258 	EXP 	Display Frame 4
865.8591 	EXP 	Display Frame 5
865.8924 	EXP 	Display Frame 6
865.9258 	EXP 	Display Frame 7
865.9591 	EXP 	Display Frame 8
865.9924 	EXP 	Display Frame 9
866.0258 	EXP 	Display Frame 0
866.0590 	EXP 	Display Frame 1
866.0924 	EXP 	Display Frame 2
866.1257 	EXP 	Display Frame 3
866.1591 	EXP 	Display Frame 4
866.1924 	EXP 	Display Frame 5
866.2258 	EXP 	Display Frame 6
866.2591 	EXP 	Display Frame 7
866.2924 	EXP 	Display Frame 8
866.3258 	EXP 	Display Frame 9
866.3591 	EXP 	Display Frame 0
866.3924 	EXP 	Display Frame 1
866.4257 	EXP 	Display Frame 2
866.4591 	EXP 	Display Frame 3
866.4924 	EXP 	Display Frame 4
866.5258 	EXP 	Display Frame 5
866.5591 	EXP 	Display Frame 6
866.5926 	EXP 	Display Frame 7
866.6258 	EXP 	Display Frame 8
866.6591 	EXP 	Display Frame 9
866.6924 	EXP 	Display Frame 0
866.7257 	EXP 	Display Frame 1
866.7591 	EXP 	Display Frame 2
866.7924 	EXP 	Display Frame 3
866.8258 	EXP 	Display Frame 4
866.8591 	EXP 	Display Frame 5
866.8924 	EXP 	Display Frame 6
866.9258 	EXP 	Display Frame 7
866.9591 	EXP 	Display Frame 8
866.9924 	EXP 	Display Frame 9
867.0258 	EXP 	Display Frame 0
867.0590 	EXP 	Display Frame 1
867.0924 	EXP 	Display Frame 2
867.1258 	EXP 	Display Frame 3
867.1591 	EXP 	Display Frame 4
867.1924 	EXP 	Display Frame 5
867.2258 	EXP 	Display Frame 6
867.2591 	EXP 	Display Frame 7
867.2925 	EXP 	Display Frame 8
867.3257 	EXP 	Display Frame 9
867.3591 	EXP 	Display Frame 0
867.3924 	EXP 	Display Frame 1
867.4258 	EXP 	Display Frame 2
867.4591 	EXP 	Display Frame 3
867.4924 	EXP 	Display Frame 4
867.5258 	EXP 	Display Frame 5
867.5591 	EXP 	Display Frame 6
867.5924 	EXP 	Display Frame 7
867.6257 	EXP 	Display Frame 8
867.6591 	EXP 	Display Frame 9
867.6924 	EXP 	Display Frame 0
867.7258 	EXP 	Display Frame 1
867.7591 	EXP 	Display Frame 2
867.7926 	EXP 	Display Frame 3
867.8271 	EXP 	Display Frame 4
867.8591 	EXP 	Display Frame 5
867.8924 	EXP 	Display Frame 6
867.9258 	EXP 	Display Frame 7
867.9592 	EXP 	Display Frame 8
867.9924 	EXP 	Display Frame 9
868.0258 	EXP 	Display Frame 0
868.0591 	EXP 	Display Frame 1
868.0924 	EXP 	Display Frame 2
868.1258 	EXP 	Display Frame 3
868.1591 	EXP 	Display Frame 4
868.1924 	EXP 	Display Frame 5
868.2258 	EXP 	Display Frame 6
868.2591 	EXP 	Display Frame 7
868.2924 	EXP 	Display Frame 8
868.3257 	EXP 	Display Frame 9
868.3591 	EXP 	Display Frame 0
868.3924 	EXP 	Display Frame 1
868.4258 	EXP 	Display Frame 2
868.4591 	EXP 	Display Frame 3
868.4924 	EXP 	Display Frame 4
868.5258 	EXP 	Display Frame 5
868.5591 	EXP 	Display Frame 6
868.5924 	EXP 	Display Frame 7
868.6257 	EXP 	Display Frame 8
868.6591 	EXP 	Display Frame 9
868.6924 	EXP 	Display Frame 0
868.7258 	EXP 	Display Frame 1
868.7591 	EXP 	Display Frame 2
868.7924 	EXP 	Display Frame 3
868.8258 	EXP 	Display Frame 4
868.8591 	EXP 	Display Frame 5
868.8924 	EXP 	Display Frame 6
868.9257 	EXP 	Display Frame 7
868.9591 	EXP 	Display Frame 8
868.9924 	EXP 	Display Frame 9
869.0257 	EXP 	Display Frame 0
869.0590 	EXP 	Display Frame 1
869.0924 	EXP 	Display Frame 2
869.1258 	EXP 	Display Frame 3
869.1591 	EXP 	Display Frame 4
869.1924 	EXP 	Display Frame 5
869.2257 	EXP 	Display Frame 6
869.2591 	EXP 	Display Frame 7
869.2924 	EXP 	Display Frame 8
869.3258 	EXP 	Display Frame 9
869.3591 	EXP 	Display Frame 0
869.3924 	EXP 	Display Frame 1
869.4258 	EXP 	Display Frame 2
869.4591 	EXP 	Display Frame 3
869.4924 	EXP 	Display Frame 4
869.5257 	EXP 	Display Frame 5
869.5591 	EXP 	Display Frame 6
869.5924 	EXP 	Display Frame 7
869.6258 	EXP 	Display Frame 8
869.6591 	EXP 	Display Frame 9
869.6925 	EXP 	Display Frame 0
869.7258 	EXP 	Display Frame 1
869.7591 	EXP 	Display Frame 2
869.7924 	EXP 	Display Frame 3
869.8258 	EXP 	Display Frame 4
869.8591 	EXP 	Display Frame 5
869.8924 	EXP 	Display Frame 6
869.9258 	EXP 	Display Frame 7
869.9591 	EXP 	Display Frame 8
869.9924 	EXP 	Display Frame 9
870.0257 	EXP 	Display Frame 0
870.0590 	EXP 	Display Frame 1
870.0924 	EXP 	Display Frame 2
870.1257 	EXP 	Display Frame 3
870.1591 	EXP 	Display Frame 4
870.1924 	EXP 	Display Frame 5
870.2259 	DATA 	Keypress: equal
870.2269 	EXP 	Display Frame 6
870.2591 	EXP 	Display Frame 7
870.2924 	EXP 	Display Frame 8
870.3258 	EXP 	Display Frame 9
870.3591 	EXP 	Display Frame 0
870.3924 	EXP 	Display Frame 1
870.4257 	EXP 	Display Frame 2
870.4591 	EXP 	Display Frame 3
870.4924 	EXP 	Display Frame 4
870.5258 	EXP 	Display Frame 5
870.5591 	EXP 	Display Frame 6
870.5924 	EXP 	Display Frame 7
870.6257 	EXP 	Display Frame 8
870.6591 	EXP 	Display Frame 9
870.6924 	EXP 	Display Frame 0
870.7258 	EXP 	Display Frame 1
870.7591 	EXP 	Display Frame 2
870.7924 	EXP 	Display Frame 3
870.8257 	EXP 	Display Frame 4
870.8591 	EXP 	Display Frame 5
870.8924 	EXP 	Display Frame 6
870.9257 	EXP 	Display Frame 7
870.9591 	EXP 	Display Frame 8
870.9924 	EXP 	Display Frame 9
871.0257 	EXP 	Display Frame 0
871.0591 	EXP 	Display Frame 1
871.0924 	EXP 	Display Frame 2
871.1258 	EXP 	Display Frame 3
871.1591 	EXP 	Display Frame 4
871.1924 	EXP 	Display Frame 5
871.2258 	EXP 	Display Frame 6
871.2591 	EXP 	Display Frame 7
871.2925 	EXP 	Display Frame 8
871.3257 	EXP 	Display Frame 9
871.3591 	EXP 	Display Frame 0
871.3924 	EXP 	Display Frame 1
871.4257 	EXP 	Display Frame 2
871.4591 	EXP 	Display Frame 3
871.4924 	EXP 	Display Frame 4
871.5257 	EXP 	Display Frame 5
871.5591 	EXP 	Display Frame 6
871.5924 	EXP 	Display Frame 7
871.6257 	EXP 	Display Frame 8
871.6591 	EXP 	Display Frame 9
871.6924 	EXP 	Display Frame 0
871.7257 	EXP 	Display Frame 1
871.7591 	EXP 	Display Frame 2
871.7924 	EXP 	Display Frame 3
871.8258 	EXP 	Display Frame 4
871.8591 	EXP 	Display Frame 5
871.8925 	EXP 	Display Frame 6
871.9260 	EXP 	Display Frame 7
871.9591 	EXP 	Display Frame 8
871.9924 	EXP 	Display Frame 9
872.0257 	EXP 	Display Frame 0
872.0591 	EXP 	Display Frame 1
872.0924 	EXP 	Display Frame 2
872.1258 	EXP 	Display Frame 3
872.1591 	EXP 	Display Frame 4
872.1925 	EXP 	Display Frame 5
872.2257 	EXP 	Display Frame 6
872.2591 	EXP 	Display Frame 7
872.2924 	EXP 	Display Frame 8
872.3257 	EXP 	Display Frame 9
872.3591 	EXP 	Display Frame 0
872.3924 	EXP 	Display Frame 1
872.4258 	EXP 	Display Frame 2
872.4591 	EXP 	Display Frame 3
872.4924 	EXP 	Display Frame 4
872.5257 	EXP 	Display Frame 5
872.5591 	EXP 	Display Frame 6
872.5924 	EXP 	Display Frame 7
872.6258 	EXP 	Display Frame 8
872.6591 	EXP 	Display Frame 9
872.6925 	EXP 	Display Frame 0
872.7257 	EXP 	Display Frame 1
872.7591 	EXP 	Display Frame 2
872.7924 	EXP 	Display Frame 3
872.8257 	EXP 	Display Frame 4
872.8591 	EXP 	Display Frame 5
872.8924 	EXP 	Display Frame 6
872.9258 	EXP 	Display Frame 7
872.9591 	EXP 	Display Frame 8
872.9924 	EXP 	Display Frame 9
873.0258 	EXP 	Display Frame 0
873.0591 	EXP 	Display Frame 1
873.0924 	EXP 	Display Frame 2
873.1257 	EXP 	Display Frame 3
873.1591 	EXP 	Display Frame 4
873.1924 	EXP 	Display Frame 5
873.2257 	EXP 	Display Frame 6
873.2591 	EXP 	Display Frame 7
873.2925 	EXP 	Display Frame 8
873.3258 	EXP 	Display Frame 9
873.3591 	EXP 	Display Frame 0
873.3924 	EXP 	Display Frame 1
873.4257 	EXP 	Display Frame 2
873.4591 	EXP 	Display Frame 3
873.4924 	EXP 	Display Frame 4
873.5258 	EXP 	Display Frame 5
873.5591 	EXP 	Display Frame 6
873.5924 	EXP 	Display Frame 7
873.6257 	EXP 	Display Frame 8
873.6591 	EXP 	Display Frame 9
873.6924 	EXP 	Display Frame 0
873.7257 	EXP 	Display Frame 1
873.7591 	EXP 	Display Frame 2
873.7924 	EXP 	Display Frame 3
873.8258 	EXP 	Display Frame 4
873.8600 	EXP 	Display Frame 5
873.8924 	EXP 	Display Frame 6
873.9257 	EXP 	Display Frame 7
873.9591 	EXP 	Display Frame 8
873.9924 	EXP 	Display Frame 9
874.0258 	EXP 	Display Frame 0
874.0591 	EXP 	Display Frame 1
874.0924 	EXP 	Display Frame 2
874.1258 	EXP 	Display Frame 3
874.1593 	EXP 	Display Frame 4
874.1924 	EXP 	Display Frame 5
874.2258 	EXP 	Display Frame 6
874.2591 	EXP 	Display Frame 7
874.2924 	EXP 	Display Frame 8
874.3258 	EXP 	Display Frame 9
874.3591 	EXP 	Display Frame 0
874.3924 	EXP 	Display Frame 1
874.4258 	EXP 	Display Frame 2
874.4591 	EXP 	Display Frame 3
874.4924 	EXP 	Display Frame 4
874.5258 	EXP 	Display Frame 5
874.5591 	EXP 	Display Frame 6
874.5924 	EXP 	Display Frame 7
874.6257 	EXP 	Display Frame 8
874.6591 	EXP 	Display Frame 9
874.6924 	EXP 	Display Frame 0
874.7258 	EXP 	Display Frame 1
874.7591 	EXP 	Display Frame 2
874.7924 	EXP 	Display Frame 3
874.8258 	EXP 	Display Frame 4
874.8591 	EXP 	Display Frame 5
874.8924 	EXP 	Display Frame 6
874.9257 	EXP 	Display Frame 7
874.9591 	EXP 	Display Frame 8
874.9924 	EXP 	Display Frame 9
875.0258 	EXP 	Display Frame 0
875.0590 	EXP 	Display Frame 1
875.0924 	EXP 	Display Frame 2
875.1257 	EXP 	Display Frame 3
875.1591 	EXP 	Display Frame 4
875.1924 	EXP 	Display Frame 5
875.2257 	EXP 	Display Frame 6
875.2591 	EXP 	Display Frame 7
875.2924 	EXP 	Display Frame 8
875.3258 	EXP 	Display Frame 9
875.3591 	EXP 	Display Frame 0
875.3924 	EXP 	Display Frame 1
875.4259 	DATA 	Keypress: equal
875.4269 	EXP 	Display Frame 2
875.4591 	EXP 	Display Frame 3
875.4924 	EXP 	Display Frame 4
875.5258 	EXP 	Display Frame 5
875.5591 	EXP 	Display Frame 6
875.5924 	EXP 	Display Frame 7
875.6258 	EXP 	Display Frame 8
875.6591 	EXP 	Display Frame 9
875.6924 	EXP 	Display Frame 0
875.7257 	EXP 	Display Frame 1
875.7591 	EXP 	Display Frame 2
875.7924 	EXP 	Display Frame 3
875.8258 	EXP 	Display Frame 4
875.8591 	EXP 	Display Frame 5
875.8924 	EXP 	Display Frame 6
875.9258 	EXP 	Display Frame 7
875.9591 	EXP 	Display Frame 8
875.9924 	EXP 	Display Frame 9
876.0257 	EXP 	Display Frame 0
876.0591 	EXP 	Display Frame 1
876.0924 	EXP 	Display Frame 2
876.1258 	EXP 	Display Frame 3
876.1591 	EXP 	Display Frame 4
876.1925 	EXP 	Display Frame 5
876.2258 	EXP 	Display Frame 6
876.2591 	EXP 	Display Frame 7
876.2924 	EXP 	Display Frame 8
876.3257 	EXP 	Display Frame 9
876.3591 	EXP 	Display Frame 0
876.3924 	EXP 	Display Frame 1
876.4258 	EXP 	Display Frame 2
876.4591 	EXP 	Display Frame 3
876.4924 	EXP 	Display Frame 4
876.5258 	EXP 	Display Frame 5
876.5591 	EXP 	Display Frame 6
876.5924 	EXP 	Display Frame 7
876.6257 	EXP 	Display Frame 8
876.6591 	EXP 	Display Frame 9
876.6925 	EXP 	Display Frame 0
876.7258 	EXP 	Display Frame 1
876.7591 	EXP 	Display Frame 2
876.7924 	EXP 	Display Frame 3
876.8258 	EXP 	Display Frame 4
876.8591 	EXP 	Display Frame 5
876.8924 	EXP 	Display Frame 6
876.9257 	EXP 	Display Frame 7
876.9591 	EXP 	Display Frame 8
876.9924 	EXP 	Display Frame 9
877.0258 	EXP 	Display Frame 0
877.0591 	EXP 	Display Frame 1
877.0924 	EXP 	Display Frame 2
877.1258 	EXP 	Display Frame 3
877.1591 	EXP 	Display Frame 4
877.1925 	EXP 	Display Frame 5
877.2258 	EXP 	Display Frame 6
877.2592 	EXP 	Display Frame 7
877.2924 	EXP 	Display Frame 8
877.3258 	EXP 	Display Frame 9
877.3591 	EXP 	Display Frame 0
877.3924 	EXP 	Display Frame 1
877.4258 	EXP 	Display Frame 2
877.4591 	EXP 	Display Frame 3
877.4924 	EXP 	Display Frame 4
877.5257 	EXP 	Display Frame 5
877.5591 	EXP 	Display Frame 6
877.5924 	EXP 	Display Frame 7
877.6257 	EXP 	Display Frame 8
877.6591 	EXP 	Display Frame 9
877.6924 	EXP 	Display Frame 0
877.7258 	EXP 	Display Frame 1
877.7591 	EXP 	Display Frame 2
877.7924 	EXP 	Display Frame 3
877.8257 	EXP 	Display Frame 4
877.8591 	EXP 	Display Frame 5
877.8924 	EXP 	Display Frame 6
877.9258 	EXP 	Display Frame 7
877.9591 	EXP 	Display Frame 8
877.9925 	EXP 	Display Frame 9
878.0257 	EXP 	Display Frame 0
878.0590 	EXP 	Display Frame 1
878.0924 	EXP 	Display Frame 2
878.1257 	EXP 	Display Frame 3
878.1591 	EXP 	Display Frame 4
878.1924 	EXP 	Display Frame 5
878.2258 	EXP 	Display Frame 6
878.2591 	EXP 	Display Frame 7
878.2924 	EXP 	Display Frame 8
878.3257 	EXP 	Display Frame 9
878.3591 	EXP 	Display Frame 0
878.3924 	EXP 	Display Frame 1
878.4258 	EXP 	Display Frame 2
878.4591 	EXP 	Display Frame 3
878.4924 	EXP 	Display Frame 4
878.5257 	EXP 	Display Frame 5
878.5591 	EXP 	Display Frame 6
878.5924 	EXP 	Display Frame 7
878.6257 	EXP 	Display Frame 8
878.6591 	EXP 	Display Frame 9
878.6924 	EXP 	Display Frame 0
878.7258 	EXP 	Display Frame 1
878.7591 	EXP 	Display Frame 2
878.7924 	EXP 	Display Frame 3
878.8258 	EXP 	Display Frame 4
878.8591 	EXP 	Display Frame 5
878.8925 	EXP 	Display Frame 6
878.9257 	EXP 	Display Frame 7
878.9591 	EXP 	Display Frame 8
878.9924 	EXP 	Display Frame 9
879.0257 	EXP 	Display Frame 0
879.0590 	EXP 	Display Frame 1
879.0924 	EXP 	Display Frame 2
879.1258 	EXP 	Display Frame 3
879.1591 	EXP 	Display Frame 4
879.1925 	EXP 	Display Frame 5
879.2258 	EXP 	Display Frame 6
879.2591 	EXP 	Display Frame 7
879.2924 	EXP 	Display Frame 8
879.3258 	EXP 	Display Frame 9
879.3591 	EXP 	Display Frame 0
879.3924 	EXP 	Display Frame 1
879.4258 	EXP 	Display Frame 2
879.4591 	EXP 	Display Frame 3
879.4924 	EXP 	Display Frame 4
879.5258 	EXP 	Display Frame 5
879.5591 	EXP 	Display Frame 6
879.5924 	EXP 	Display Frame 7
879.6258 	EXP 	Display Frame 8
879.6591 	EXP 	Display Frame 9
879.6924 	EXP 	Display Frame 0
879.7258 	EXP 	Display Frame 1
879.7591 	EXP 	Display Frame 2
879.7924 	EXP 	Display Frame 3
879.8257 	EXP 	Display Frame 4
879.8591 	EXP 	Display Frame 5
879.8924 	EXP 	Display Frame 6
879.9257 	EXP 	Display Frame 7
879.9591 	EXP 	Display Frame 8
879.9924 	EXP 	Display Frame 9
880.0258 	EXP 	Display Frame 0
880.0590 	EXP 	Display Frame 1
880.0924 	EXP 	Display Frame 2
880.1258 	EXP 	Display Frame 3
880.1591 	EXP 	Display Frame 4
880.1924 	EXP 	Display Frame 5
880.2257 	EXP 	Display Frame 6
880.2591 	EXP 	Display Frame 7
880.2924 	EXP 	Display Frame 8
880.3258 	EXP 	Display Frame 9
880.3591 	EXP 	Display Frame 0
880.3924 	EXP 	Display Frame 1
880.4258 	EXP 	Display Frame 2
880.4591 	EXP 	Display Frame 3
880.4926 	EXP 	Display Frame 4
880.5258 	EXP 	Display Frame 5
880.5591 	EXP 	Display Frame 6
880.5924 	EXP 	Display Frame 7
880.6259 	DATA 	Keypress: equal
880.6269 	EXP 	Display Frame 8
880.6591 	EXP 	Display Frame 9
880.6925 	EXP 	Display Frame 0
880.7258 	EXP 	Display Frame 1
880.7591 	EXP 	Display Frame 2
880.7925 	EXP 	Display Frame 3
880.8258 	EXP 	Display Frame 4
880.8591 	EXP 	Display Frame 5
880.8924 	EXP 	Display Frame 6
880.9258 	EXP 	Display Frame 7
880.9591 	EXP 	Display Frame 8
880.9924 	EXP 	Display Frame 9
881.0257 	EXP 	Display Frame 0
881.0590 	EXP 	Display Frame 1
881.0924 	EXP 	Display Frame 2
881.1257 	EXP 	Display Frame 3
881.1591 	EXP 	Display Frame 4
881.1924 	EXP 	Display Frame 5
881.2258 	EXP 	Display Frame 6
881.2591 	EXP 	Display Frame 7
881.2924 	EXP 	Display Frame 8
881.3257 	EXP 	Display Frame 9
881.3592 	EXP 	Display Frame 0
881.3929 	EXP 	Display Frame 1
881.4260 	EXP 	Display Frame 2
881.4592 	EXP 	Display Frame 3
881.4924 	EXP 	Display Frame 4
881.5258 	EXP 	Display Frame 5
881.5591 	EXP 	Display Frame 6
881.5924 	EXP 	Display Frame 7
881.6257 	EXP 	Display Frame 8
881.6591 	EXP 	Display Frame 9
881.6924 	EXP 	Display Frame 0
881.7258 	EXP 	Display Frame 1
881.7591 	EXP 	Display Frame 2
881.7924 	EXP 	Display Frame 3
881.8258 	EXP 	Display Frame 4
881.8591 	EXP 	Display Frame 5
881.8924 	EXP 	Display Frame 6
881.9258 	EXP 	Display Frame 7
881.9591 	EXP 	Display Frame 8
881.9924 	EXP 	Display Frame 9
882.0258 	EXP 	Display Frame 0
882.0591 	EXP 	Display Frame 1
882.0925 	EXP 	Display Frame 2
882.1258 	EXP 	Display Frame 3
882.1591 	EXP 	Display Frame 4
882.1924 	EXP 	Display Frame 5
882.2257 	EXP 	Display Frame 6
882.2591 	EXP 	Display Frame 7
882.2924 	EXP 	Display Frame 8
882.3258 	EXP 	Display Frame 9
882.3591 	EXP 	Display Frame 0
882.3924 	EXP 	Display Frame 1
882.4257 	EXP 	Display Frame 2
882.4591 	EXP 	Display Frame 3
882.4924 	EXP 	Display Frame 4
882.5258 	EXP 	Display Frame 5
882.5591 	EXP 	Display Frame 6
882.5926 	EXP 	Display Frame 7
882.6258 	EXP 	Display Frame 8
882.6591 	EXP 	Display Frame 9
882.6925 	EXP 	Display Frame 0
882.7258 	EXP 	Display Frame 1
882.7591 	EXP 	Display Frame 2
882.7924 	EXP 	Display Frame 3
882.8257 	EXP 	Display Frame 4
882.8591 	EXP 	Display Frame 5
882.8924 	EXP 	Display Frame 6
882.9258 	EXP 	Display Frame 7
882.9591 	EXP 	Display Frame 8
882.9924 	EXP 	Display Frame 9
883.0257 	EXP 	Display Frame 0
883.0590 	EXP 	Display Frame 1
883.0924 	EXP 	Display Frame 2
883.1257 	EXP 	Display Frame 3
883.1591 	EXP 	Display Frame 4
883.1924 	EXP 	Display Frame 5
883.2258 	EXP 	Display Frame 6
883.2591 	EXP 	Display Frame 7
883.2924 	EXP 	Display Frame 8
883.3258 	EXP 	Display Frame 9
883.3591 	EXP 	Display Frame 0
883.3924 	EXP 	Display Frame 1
883.4258 	EXP 	Display Frame 2
883.4591 	EXP 	Display Frame 3
883.4924 	EXP 	Display Frame 4
883.5258 	EXP 	Display Frame 5
883.5591 	EXP 	Display Frame 6
883.5924 	EXP 	Display Frame 7
883.6257 	EXP 	Display Frame 8
883.6591 	EXP 	Display Frame 9
883.6924 	EXP 	Display Frame 0
883.7258 	EXP 	Display Frame 1
883.7591 	EXP 	Display Frame 2
883.7924 	EXP 	Display Frame 3
883.8258 	EXP 	Display Frame 4
883.8591 	EXP 	Display Frame 5
883.8924 	EXP 	Display Frame 6
883.9257 	EXP 	Display Frame 7
883.9591 	EXP 	Display Frame 8
883.9924 	EXP 	Display Frame 9
884.0257 	EXP 	Display Frame 0
884.0590 	EXP 	Display Frame 1
884.0924 	EXP 	Display Frame 2
884.1258 	EXP 	Display Frame 3
884.1591 	EXP 	Display Frame 4
884.1925 	EXP 	Display Frame 5
884.2258 	EXP 	Display Frame 6
884.2591 	EXP 	Display Frame 7
884.2925 	EXP 	Display Frame 8
884.3258 	EXP 	Display Frame 9
884.3591 	EXP 	Display Frame 0
884.3924 	EXP 	Display Frame 1
884.4258 	EXP 	Display Frame 2
884.4591 	EXP 	Display Frame 3
884.4924 	EXP 	Display Frame 4
884.5258 	EXP 	Display Frame 5
884.5591 	EXP 	Display Frame 6
884.5924 	EXP 	Display Frame 7
884.6257 	EXP 	Display Frame 8
884.6591 	EXP 	Display Frame 9
884.6925 	EXP 	Display Frame 0
884.7258 	EXP 	Display Frame 1
884.7591 	EXP 	Display Frame 2
884.7924 	EXP 	Display Frame 3
884.8258 	EXP 	Display Frame 4
884.8591 	EXP 	Display Frame 5
884.8924 	EXP 	Display Frame 6
884.9257 	EXP 	Display Frame 7
884.9591 	EXP 	Display Frame 8
884.9924 	EXP 	Display Frame 9
885.0258 	EXP 	Display Frame 0
885.0590 	EXP 	Display Frame 1
885.0925 	EXP 	Display Frame 2
885.1258 	EXP 	Display Frame 3
885.1591 	EXP 	Display Frame 4
885.1925 	EXP 	Display Frame 5
885.2258 	EXP 	Display Frame 6
885.2591 	EXP 	Display Frame 7
885.2924 	EXP 	Display Frame 8
885.3257 	EXP 	Display Frame 9
885.3591 	EXP 	Display Frame 0
885.3925 	EXP 	Display Frame 1
885.4257 	EXP 	Display Frame 2
885.4591 	EXP 	Display Frame 3
885.4924 	EXP 	Display Frame 4
885.5257 	EXP 	Display Frame 5
885.5591 	EXP 	Display Frame 6
885.5924 	EXP 	Display Frame 7
885.6258 	EXP 	Display Frame 8
885.6591 	EXP 	Display Frame 9
885.6924 	EXP 	Display Frame 0
885.7257 	EXP 	Display Frame 1
885.7591 	EXP 	Display Frame 2
885.7924 	EXP 	Display Frame 3
885.8259 	DATA 	Keypress: equal
885.8269 	EXP 	Display Frame 4
885.8591 	EXP 	Display Frame 5
885.8924 	EXP 	Display Frame 6
885.9258 	EXP 	Display Frame 7
885.9591 	EXP 	Display Frame 8
885.9924 	EXP 	Display Frame 9
886.0258 	EXP 	Display Frame 0
886.0590 	EXP 	Display Frame 1
886.0924 	EXP 	Display Frame 2
886.1258 	EXP 	Display Frame 3
886.1591 	EXP 	Display Frame 4
886.1924 	EXP 	Display Frame 5
886.2258 	EXP 	Display Frame 6
886.2593 	EXP 	Display Frame 7
886.2924 	EXP 	Display Frame 8
886.3258 	EXP 	Display Frame 9
886.3591 	EXP 	Display Frame 0
886.3924 	EXP 	Display Frame 1
886.4257 	EXP 	Display Frame 2
886.4591 	EXP 	Display Frame 3
886.4925 	EXP 	Display Frame 4
886.5258 	EXP 	Display Frame 5
886.5591 	EXP 	Display Frame 6
886.5924 	EXP 	Display Frame 7
886.6258 	EXP 	Display Frame 8
886.6591 	EXP 	Display Frame 9
886.6924 	EXP 	Display Frame 0
886.7257 	EXP 	Display Frame 1
886.7591 	EXP 	Display Frame 2
886.7924 	EXP 	Display Frame 3
886.8257 	EXP 	Display Frame 4
886.8591 	EXP 	Display Frame 5
886.8924 	EXP 	Display Frame 6
886.9258 	EXP 	Display Frame 7
886.9591 	EXP 	Display Frame 8
886.9924 	EXP 	Display Frame 9
887.0257 	EXP 	Display Frame 0
887.0590 	EXP 	Display Frame 1
887.0924 	EXP 	Display Frame 2
887.1257 	EXP 	Display Frame 3
887.1591 	EXP 	Display Frame 4
887.1924 	EXP 	Display Frame 5
887.2258 	EXP 	Display Frame 6
887.2591 	EXP 	Display Frame 7
887.2924 	EXP 	Display Frame 8
887.3257 	EXP 	Display Frame 9
887.3591 	EXP 	Display Frame 0
887.3924 	EXP 	Display Frame 1
887.4257 	EXP 	Display Frame 2
887.4591 	EXP 	Display Frame 3
887.4924 	EXP 	Display Frame 4
887.5258 	EXP 	Display Frame 5
887.5591 	EXP 	Display Frame 6
887.5924 	EXP 	Display Frame 7
887.6257 	EXP 	Display Frame 8
887.6591 	EXP 	Display Frame 9
887.6924 	EXP 	Display Frame 0
887.7257 	EXP 	Display Frame 1
887.7591 	EXP 	Display Frame 2
887.7924 	EXP 	Display Frame 3
887.8258 	EXP 	Display Frame 4
887.8591 	EXP 	Display Frame 5
887.8925 	EXP 	Display Frame 6
887.9259 	EXP 	Display Frame 7
887.9591 	EXP 	Display Frame 8
887.9924 	EXP 	Display Frame 9
888.0257 	EXP 	Display Frame 0
888.0590 	EXP 	Display Frame 1
888.0924 	EXP 	Display Frame 2
888.1258 	EXP 	Display Frame 3
888.1591 	EXP 	Display Frame 4
888.1924 	EXP 	Display Frame 5
888.2258 	EXP 	Display Frame 6
888.2591 	EXP 	Display Frame 7
888.2925 	EXP 	Display Frame 8
888.3258 	EXP 	Display Frame 9
888.3591 	EXP 	Display Frame 0
888.3924 	EXP 	Display Frame 1
888.4257 	EXP 	Display Frame 2
888.4591 	EXP 	Display Frame 3
888.4924 	EXP 	Display Frame 4
888.5258 	EXP 	Display Frame 5
888.5591 	EXP 	Display Frame 6
888.5924 	EXP 	Display Frame 7
888.6257 	EXP 	Display Frame 8
888.6591 	EXP 	Display Frame 9
888.6924 	EXP 	Display Frame 0
888.7258 	EXP 	Display Frame 1
888.7591 	EXP 	Display Frame 2
888.7924 	EXP 	Display Frame 3
888.8257 	EXP 	Display Frame 4
888.8591 	EXP 	Display Frame 5
888.8925 	EXP 	Display Frame 6
888.9257 	EXP 	Display Frame 7
888.9591 	EXP 	Display Frame 8
888.9924 	EXP 	Display Frame 9
889.0258 	EXP 	Display Frame 0
889.0590 	EXP 	Display Frame 1
889.0924 	EXP 	Display Frame 2
889.1258 	EXP 	Display Frame 3
889.1591 	EXP 	Display Frame 4
889.1925 	EXP 	Display Frame 5
889.2258 	EXP 	Display Frame 6
889.2591 	EXP 	Display Frame 7
889.2924 	EXP 	Display Frame 8
889.3258 	EXP 	Display Frame 9
889.3591 	EXP 	Display Frame 0
889.3924 	EXP 	Display Frame 1
889.4258 	EXP 	Display Frame 2
889.4591 	EXP 	Display Frame 3
889.4924 	EXP 	Display Frame 4
889.5258 	EXP 	Display Frame 5
889.5591 	EXP 	Display Frame 6
889.5924 	EXP 	Display Frame 7
889.6258 	EXP 	Display Frame 8
889.6591 	EXP 	Display Frame 9
889.6924 	EXP 	Display Frame 0
889.7258 	EXP 	Display Frame 1
889.7591 	EXP 	Display Frame 2
889.7924 	EXP 	Display Frame 3
889.8257 	EXP 	Display Frame 4
889.8591 	EXP 	Display Frame 5
889.8924 	EXP 	Display Frame 6
889.9258 	EXP 	Display Frame 7
889.9591 	EXP 	Display Frame 8
889.9924 	EXP 	Display Frame 9
890.0258 	EXP 	Display Frame 0
890.0590 	EXP 	Display Frame 1
890.0924 	EXP 	Display Frame 2
890.1257 	EXP 	Display Frame 3
890.1591 	EXP 	Display Frame 4
890.1937 	EXP 	Display Frame 5
890.2258 	EXP 	Display Frame 6
890.2591 	EXP 	Display Frame 7
890.2924 	EXP 	Display Frame 8
890.3258 	EXP 	Display Frame 9
890.3591 	EXP 	Display Frame 0
890.3924 	EXP 	Display Frame 1
890.4257 	EXP 	Display Frame 2
890.4591 	EXP 	Display Frame 3
890.4924 	EXP 	Display Frame 4
890.5258 	EXP 	Display Frame 5
890.5591 	EXP 	Display Frame 6
890.5924 	EXP 	Display Frame 7
890.6258 	EXP 	Display Frame 8
890.6592 	EXP 	Display Frame 9
890.6925 	EXP 	Display Frame 0
890.7257 	EXP 	Display Frame 1
890.7591 	EXP 	Display Frame 2
890.7924 	EXP 	Display Frame 3
890.8258 	EXP 	Display Frame 4
890.8592 	EXP 	Display Frame 5
890.8924 	EXP 	Display Frame 6
890.9258 	EXP 	Display Frame 7
890.9591 	EXP 	Display Frame 8
890.9925 	DATA 	Keypress: equal
890.9935 	EXP 	Display Frame 9
891.0257 	EXP 	Display Frame 0
891.0591 	EXP 	Display Frame 1
891.0924 	EXP 	Display Frame 2
891.1258 	EXP 	Display Frame 3
891.1591 	EXP 	Display Frame 4
891.1924 	EXP 	Display Frame 5
891.2258 	EXP 	Display Frame 6
891.2591 	EXP 	Display Frame 7
891.2925 	EXP 	Display Frame 8
891.3258 	EXP 	Display Frame 9
891.3591 	EXP 	Display Frame 0
891.3924 	EXP 	Display Frame 1
891.4258 	EXP 	Display Frame 2
891.4591 	EXP 	Display Frame 3
891.4924 	EXP 	Display Frame 4
891.5257 	EXP 	Display Frame 5
891.5591 	EXP 	Display Frame 6
891.5924 	EXP 	Display Frame 7
891.6258 	EXP 	Display Frame 8
891.6591 	EXP 	Display Frame 9
891.6924 	EXP 	Display Frame 0
891.7258 	EXP 	Display Frame 1
891.7591 	EXP 	Display Frame 2
891.7924 	EXP 	Display Frame 3
891.8258 	EXP 	Display Frame 4
891.8591 	EXP 	Display Frame 5
891.8924 	EXP 	Display Frame 6
891.9257 	EXP 	Display Frame 7
891.9591 	EXP 	Display Frame 8
891.9924 	EXP 	Display Frame 9
892.0260 	EXP 	Display Frame 0
892.0591 	EXP 	Display Frame 1
892.0925 	EXP 	Display Frame 2
892.1258 	EXP 	Display Frame 3
892.1591 	EXP 	Display Frame 4
892.1925 	EXP 	Display Frame 5
892.2258 	EXP 	Display Frame 6
892.2591 	EXP 	Display Frame 7
892.2924 	EXP 	Display Frame 8
892.3258 	EXP 	Display Frame 9
892.3591 	EXP 	Display Frame 0
892.3925 	EXP 	Display Frame 1
892.4257 	EXP 	Display Frame 2
892.4591 	EXP 	Display Frame 3
892.4924 	EXP 	Display Frame 4
892.5258 	EXP 	Display Frame 5
892.5591 	EXP 	Display Frame 6
892.5924 	EXP 	Display Frame 7
892.6258 	EXP 	Display Frame 8
892.6591 	EXP 	Display Frame 9
892.6924 	EXP 	Display Frame 0
892.7257 	EXP 	Display Frame 1
892.7591 	EXP 	Display Frame 2
892.7924 	EXP 	Display Frame 3
892.8257 	EXP 	Display Frame 4
892.8591 	EXP 	Display Frame 5
892.8924 	EXP 	Display Frame 6
892.9258 	EXP 	Display Frame 7
892.9591 	EXP 	Display Frame 8
892.9924 	EXP 	Display Frame 9
893.0257 	EXP 	Display Frame 0
893.0590 	EXP 	Display Frame 1
893.0924 	EXP 	Display Frame 2
893.1258 	EXP 	Display Frame 3
893.1591 	EXP 	Display Frame 4
893.1924 	EXP 	Display Frame 5
893.2258 	EXP 	Display Frame 6
893.2592 	EXP 	Display Frame 7
893.2925 	EXP 	Display Frame 8
893.3257 	EXP 	Display Frame 9
893.3591 	EXP 	Display Frame 0
893.3924 	EXP 	Display Frame 1
893.4257 	EXP 	Display Frame 2
893.4591 	EXP 	Display Frame 3
893.4924 	EXP 	Display Frame 4
893.5258 	EXP 	Display Frame 5
893.5591 	EXP 	Display Frame 6
893.5924 	EXP 	Display Frame 7
893.6258 	EXP 	Display Frame 8
893.6591 	EXP 	Display Frame 9
893.6924 	EXP 	Display Frame 0
893.7257 	EXP 	Display Frame 1
893.7591 	EXP 	Display Frame 2
893.7924 	EXP 	Display Frame 3
893.8258 	EXP 	Display Frame 4
893.8591 	EXP 	Display Frame 5
893.8924 	EXP 	Display Frame 6
893.9258 	EXP 	Display Frame 7
893.9591 	EXP 	Display Frame 8
893.9924 	EXP 	Display Frame 9
894.0258 	EXP 	Display Frame 0
894.0590 	EXP 	Display Frame 1
894.0924 	EXP 	Display Frame 2
894.1257 	EXP 	Display Frame 3
894.1591 	EXP 	Display Frame 4
894.1924 	EXP 	Display Frame 5
894.2258 	EXP 	Display Frame 6
894.2591 	EXP 	Display Frame 7
894.2924 	EXP 	Display Frame 8
894.3258 	EXP 	Display Frame 9
894.3591 	EXP 	Display Frame 0
894.3924 	EXP 	Display Frame 1
894.4257 	EXP 	Display Frame 2
894.4591 	EXP 	Display Frame 3
894.4924 	EXP 	Display Frame 4
894.5257 	EXP 	Display Frame 5
894.5591 	EXP 	Display Frame 6
894.5924 	EXP 	Display Frame 7
894.6257 	EXP 	Display Frame 8
894.6591 	EXP 	Display Frame 9
894.6925 	EXP 	Display Frame 0
894.7257 	EXP 	Display Frame 1
894.7591 	EXP 	Display Frame 2
894.7924 	EXP 	Display Frame 3
894.8257 	EXP 	Display Frame 4
894.8591 	EXP 	Display Frame 5
894.8924 	EXP 	Display Frame 6
894.9258 	EXP 	Display Frame 7
894.9591 	EXP 	Display Frame 8
894.9924 	EXP 	Display Frame 9
895.0257 	EXP 	Display Frame 0
895.0591 	EXP 	Display Frame 1
895.0924 	EXP 	Display Frame 2
895.1258 	EXP 	Display Frame 3
895.1591 	EXP 	Display Frame 4
895.1924 	EXP 	Display Frame 5
895.2257 	EXP 	Display Frame 6
895.2591 	EXP 	Display Frame 7
895.2924 	EXP 	Display Frame 8
895.3258 	EXP 	Display Frame 9
895.3591 	EXP 	Display Frame 0
895.3924 	EXP 	Display Frame 1
895.4257 	EXP 	Display Frame 2
895.4591 	EXP 	Display Frame 3
895.4924 	EXP 	Display Frame 4
895.5257 	EXP 	Display Frame 5
895.5591 	EXP 	Display Frame 6
895.5924 	EXP 	Display Frame 7
895.6258 	EXP 	Display Frame 8
895.6591 	EXP 	Display Frame 9
895.6924 	EXP 	Display Frame 0
895.7258 	EXP 	Display Frame 1
895.7591 	EXP 	Display Frame 2
895.7924 	EXP 	Display Frame 3
895.8257 	EXP 	Display Frame 4
895.8591 	EXP 	Display Frame 5
895.8924 	EXP 	Display Frame 6
895.9257 	EXP 	Display Frame 7
895.9591 	EXP 	Display Frame 8
895.9924 	EXP 	Display Frame 9
896.0258 	EXP 	Display Frame 0
896.0590 	EXP 	Display Frame 1
896.0924 	EXP 	Display Frame 2
896.1257 	EXP 	Display Frame 3
896.1591 	EXP 	Display Frame 4
896.1924 	EXP 	Display Frame 5
896.2257 	EXP 	Display Frame 6
896.2591 	EXP 	Display Frame 7
896.2924 	EXP 	Display Frame 8
896.3258 	EXP 	Display Frame 9
896.3591 	EXP 	Display Frame 0
896.3924 	EXP 	Display Frame 1
896.4257 	EXP 	Display Frame 2
896.4591 	EXP 	Display Frame 3
896.4924 	EXP 	Display Frame 4
896.5257 	EXP 	Display Frame 5
896.5591 	EXP 	Display Frame 6
896.5924 	EXP 	Display Frame 7
896.6258 	EXP 	Display Frame 8
896.6591 	EXP 	Display Frame 9
896.6924 	EXP 	Display Frame 0
896.7258 	EXP 	Display Frame 1
896.7591 	EXP 	Display Frame 2
896.7924 	EXP 	Display Frame 3
896.8257 	EXP 	Display Frame 4
896.8591 	EXP 	Display Frame 5
896.8924 	EXP 	Display Frame 6
896.9258 	EXP 	Display Frame 7
896.9591 	EXP 	Display Frame 8
896.9924 	EXP 	Display Frame 9
897.0258 	EXP 	Display Frame 0
897.0590 	EXP 	Display Frame 1
897.0924 	EXP 	Display Frame 2
897.1258 	EXP 	Display Frame 3
897.1591 	EXP 	Display Frame 4
897.1924 	EXP 	Display Frame 5
897.2258 	EXP 	Display Frame 6
897.2591 	EXP 	Display Frame 7
897.2924 	EXP 	Display Frame 8
897.3258 	EXP 	Display Frame 9
897.3591 	EXP 	Display Frame 0
897.3924 	EXP 	Display Frame 1
897.4258 	EXP 	Display Frame 2
897.4591 	EXP 	Display Frame 3
897.4924 	EXP 	Display Frame 4
897.5257 	EXP 	Display Frame 5
897.5591 	EXP 	Display Frame 6
897.5924 	EXP 	Display Frame 7
897.6258 	EXP 	Display Frame 8
897.6591 	EXP 	Display Frame 9
897.6924 	EXP 	Display Frame 0
897.7258 	EXP 	Display Frame 1
897.7591 	EXP 	Display Frame 2
897.7924 	EXP 	Display Frame 3
897.8258 	EXP 	Display Frame 4
897.8591 	EXP 	Display Frame 5
897.8924 	EXP 	Display Frame 6
897.9258 	EXP 	Display Frame 7
897.9591 	EXP 	Display Frame 8
897.9924 	EXP 	Display Frame 9
898.0257 	EXP 	Display Frame 0
898.0591 	EXP 	Display Frame 1
898.0924 	EXP 	Display Frame 2
898.1258 	EXP 	Display Frame 3
898.1591 	EXP 	Display Frame 4
898.1924 	EXP 	Display Frame 5
898.2257 	EXP 	Display Frame 6
898.2591 	EXP 	Display Frame 7
898.2925 	EXP 	Display Frame 8
898.3258 	EXP 	Display Frame 9
898.3591 	EXP 	Display Frame 0
898.3925 	EXP 	Display Frame 1
898.4258 	EXP 	Display Frame 2
898.4592 	EXP 	Display Frame 3
898.4924 	EXP 	Display Frame 4
898.5258 	EXP 	Display Frame 5
898.5591 	EXP 	Display Frame 6
898.5926 	EXP 	Display Frame 7
898.6258 	EXP 	Display Frame 8
898.6591 	EXP 	Display Frame 9
898.6924 	EXP 	Display Frame 0
898.7258 	EXP 	Display Frame 1
898.7591 	EXP 	Display Frame 2
898.7924 	EXP 	Display Frame 3
898.8258 	EXP 	Display Frame 4
898.8591 	EXP 	Display Frame 5
898.8924 	EXP 	Display Frame 6
898.9258 	EXP 	Display Frame 7
898.9591 	EXP 	Display Frame 8
898.9924 	EXP 	Display Frame 9
899.0258 	EXP 	Display Frame 0
899.0590 	EXP 	Display Frame 1
899.0924 	EXP 	Display Frame 2
899.1258 	EXP 	Display Frame 3
899.1591 	EXP 	Display Frame 4
899.1924 	EXP 	Display Frame 5
899.2257 	EXP 	Display Frame 6
899.2591 	EXP 	Display Frame 7
899.2924 	EXP 	Display Frame 8
899.3258 	EXP 	Display Frame 9
899.3591 	EXP 	Display Frame 0
899.3924 	EXP 	Display Frame 1
899.4258 	EXP 	Display Frame 2
899.4591 	EXP 	Display Frame 3
899.4924 	EXP 	Display Frame 4
899.5257 	EXP 	Display Frame 5
899.5591 	EXP 	Display Frame 6
899.5924 	EXP 	Display Frame 7
899.6258 	EXP 	Display Frame 8
899.6591 	EXP 	Display Frame 9
899.6924 	EXP 	Display Frame 0
899.7258 	EXP 	Display Frame 1
899.7591 	EXP 	Display Frame 2
899.7925 	EXP 	Display Frame 3
899.8257 	EXP 	Display Frame 4
899.8591 	EXP 	Display Frame 5
899.8924 	EXP 	Display Frame 6
899.9257 	EXP 	Display Frame 7
899.9591 	EXP 	Display Frame 8
899.9924 	EXP 	Display Frame 9
900.0257 	EXP 	Display Frame 0
900.0590 	EXP 	Display Frame 1
900.0924 	EXP 	Display Frame 2
900.1257 	EXP 	Display Frame 3
900.1591 	EXP 	Display Frame 4
900.1924 	EXP 	Display Frame 5
900.2257 	EXP 	Display Frame 6
900.2591 	EXP 	Display Frame 7
900.2924 	EXP 	Display Frame 8
900.3258 	EXP 	Display Frame 9
900.3591 	EXP 	Display Frame 0
900.3924 	EXP 	Display Frame 1
900.4257 	EXP 	Display Frame 2
900.4591 	EXP 	Display Frame 3
900.4924 	EXP 	Display Frame 4
900.5257 	EXP 	Display Frame 5
900.5591 	EXP 	Display Frame 6
900.5924 	EXP 	Display Frame 7
900.6258 	EXP 	Display Frame 8
900.6591 	EXP 	Display Frame 9
900.6924 	EXP 	Display Frame 0
900.7257 	EXP 	Display Frame 1
900.7591 	EXP 	Display Frame 2
900.7924 	EXP 	Display Frame 3
900.8257 	EXP 	Display Frame 4
900.8591 	EXP 	Display Frame 5
900.8925 	EXP 	Display Frame 6
900.9257 	EXP 	Display Frame 7
900.9591 	EXP 	Display Frame 8
900.9924 	EXP 	Display Frame 9
901.0258 	EXP 	Display Frame 0
901.0590 	EXP 	Display Frame 1
901.0924 	EXP 	Display Frame 2
901.1258 	EXP 	Display Frame 3
901.1591 	EXP 	Display Frame 4
901.1924 	EXP 	Display Frame 5
901.2258 	EXP 	Display Frame 6
901.2591 	EXP 	Display Frame 7
901.2924 	EXP 	Display Frame 8
901.3258 	EXP 	Display Frame 9
901.3591 	EXP 	Display Frame 0
901.3924 	EXP 	Display Frame 1
901.4258 	EXP 	Display Frame 2
901.4591 	EXP 	Display Frame 3
901.4924 	EXP 	Display Frame 4
901.5258 	EXP 	Display Frame 5
901.5591 	EXP 	Display Frame 6
901.5924 	EXP 	Display Frame 7
901.6257 	EXP 	Display Frame 8
901.6591 	EXP 	Display Frame 9
901.6924 	EXP 	Display Frame 0
901.7257 	EXP 	Display Frame 1
901.7591 	EXP 	Display Frame 2
901.7924 	EXP 	Display Frame 3
901.8258 	EXP 	Display Frame 4
901.8591 	EXP 	Display Frame 5
901.8924 	EXP 	Display Frame 6
901.9257 	EXP 	Display Frame 7
901.9591 	EXP 	Display Frame 8
901.9924 	EXP 	Display Frame 9
902.0258 	EXP 	Display Frame 0
902.0590 	EXP 	Display Frame 1
902.0924 	EXP 	Display Frame 2
902.1258 	EXP 	Display Frame 3
902.1591 	EXP 	Display Frame 4
902.1924 	EXP 	Display Frame 5
902.2258 	EXP 	Display Frame 6
902.2591 	EXP 	Display Frame 7
902.2924 	EXP 	Display Frame 8
902.3258 	EXP 	Display Frame 9
902.3591 	EXP 	Display Frame 0
902.3924 	EXP 	Display Frame 1
902.4258 	EXP 	Display Frame 2
902.4591 	EXP 	Display Frame 3
902.4924 	EXP 	Display Frame 4
902.5258 	EXP 	Display Frame 5
902.5591 	EXP 	Display Frame 6
902.5924 	EXP 	Display Frame 7
902.6258 	EXP 	Display Frame 8
902.6591 	EXP 	Display Frame 9
902.6924 	EXP 	Display Frame 0
902.7258 	EXP 	Display Frame 1
902.7591 	EXP 	Display Frame 2
902.7924 	EXP 	Display Frame 3
902.8258 	EXP 	Display Frame 4
902.8591 	EXP 	Display Frame 5
902.8924 	EXP 	Display Frame 6
902.9258 	EXP 	Display Frame 7
902.9591 	EXP 	Display Frame 8
902.9924 	EXP 	Display Frame 9
903.0258 	EXP 	Display Frame 0
903.0590 	EXP 	Display Frame 1
903.0924 	EXP 	Display Frame 2
903.1258 	EXP 	Display Frame 3
903.1591 	EXP 	Display Frame 4
903.1924 	EXP 	Display Frame 5
903.2258 	EXP 	Display Frame 6
903.2591 	EXP 	Display Frame 7
903.2924 	EXP 	Display Frame 8
903.3258 	EXP 	Display Frame 9
903.3591 	EXP 	Display Frame 0
903.3924 	EXP 	Display Frame 1
903.4257 	EXP 	Display Frame 2
903.4591 	EXP 	Display Frame 3
903.4924 	EXP 	Display Frame 4
903.5258 	EXP 	Display Frame 5
903.5591 	EXP 	Display Frame 6
903.5924 	EXP 	Display Frame 7
903.6258 	EXP 	Display Frame 8
903.6591 	EXP 	Display Frame 9
903.6924 	EXP 	Display Frame 0
903.7257 	EXP 	Display Frame 1
903.7591 	EXP 	Display Frame 2
903.7924 	EXP 	Display Frame 3
903.8257 	EXP 	Display Frame 4
903.8591 	EXP 	Display Frame 5
903.8925 	EXP 	Display Frame 6
903.9258 	EXP 	Display Frame 7
903.9591 	EXP 	Display Frame 8
903.9924 	EXP 	Display Frame 9
904.0257 	EXP 	Display Frame 0
904.0590 	EXP 	Display Frame 1
904.0924 	EXP 	Display Frame 2
904.1257 	EXP 	Display Frame 3
904.1591 	EXP 	Display Frame 4
904.1924 	EXP 	Display Frame 5
904.2257 	EXP 	Display Frame 6
904.2591 	EXP 	Display Frame 7
904.2924 	EXP 	Display Frame 8
904.3258 	EXP 	Display Frame 9
904.3591 	EXP 	Display Frame 0
904.3924 	EXP 	Display Frame 1
904.4257 	EXP 	Display Frame 2
904.4591 	EXP 	Display Frame 3
904.4924 	EXP 	Display Frame 4
904.5257 	EXP 	Display Frame 5
904.5591 	EXP 	Display Frame 6
904.5924 	EXP 	Display Frame 7
904.6258 	EXP 	Display Frame 8
904.6591 	EXP 	Display Frame 9
904.6924 	EXP 	Display Frame 0
904.7260 	EXP 	Display Frame 1
904.7591 	EXP 	Display Frame 2
904.7924 	EXP 	Display Frame 3
904.8258 	EXP 	Display Frame 4
904.8591 	EXP 	Display Frame 5
904.8924 	EXP 	Display Frame 6
904.9257 	EXP 	Display Frame 7
904.9591 	EXP 	Display Frame 8
904.9924 	EXP 	Display Frame 9
905.0257 	EXP 	Display Frame 0
905.0591 	EXP 	Display Frame 1
905.0924 	EXP 	Display Frame 2
905.1258 	EXP 	Display Frame 3
905.1591 	EXP 	Display Frame 4
905.1924 	EXP 	Display Frame 5
905.2257 	EXP 	Display Frame 6
905.2591 	EXP 	Display Frame 7
905.2924 	EXP 	Display Frame 8
905.3258 	EXP 	Display Frame 9
905.3591 	EXP 	Display Frame 0
905.3924 	EXP 	Display Frame 1
905.4258 	EXP 	Display Frame 2
905.4591 	EXP 	Display Frame 3
905.4924 	EXP 	Display Frame 4
905.5257 	EXP 	Display Frame 5
905.5591 	EXP 	Display Frame 6
905.5924 	EXP 	Display Frame 7
905.6258 	EXP 	Display Frame 8
905.6591 	EXP 	Display Frame 9
905.6924 	EXP 	Display Frame 0
905.7258 	EXP 	Display Frame 1
905.7591 	EXP 	Display Frame 2
905.7924 	EXP 	Display Frame 3
905.8257 	EXP 	Display Frame 4
905.8591 	EXP 	Display Frame 5
905.8924 	EXP 	Display Frame 6
905.9258 	EXP 	Display Frame 7
905.9591 	EXP 	Display Frame 8
905.9924 	EXP 	Display Frame 9
906.0258 	EXP 	Display Frame 0
906.0590 	EXP 	Display Frame 1
906.0924 	EXP 	Display Frame 2
906.1257 	EXP 	Display Frame 3
906.1591 	EXP 	Display Frame 4
906.1924 	EXP 	Display Frame 5
906.2258 	EXP 	Display Frame 6
906.2591 	EXP 	Display Frame 7
906.2924 	EXP 	Display Frame 8
906.3258 	EXP 	Display Frame 9
906.3591 	EXP 	Display Frame 0
906.3924 	EXP 	Display Frame 1
906.4257 	EXP 	Display Frame 2
906.4591 	EXP 	Display Frame 3
906.4924 	EXP 	Display Frame 4
906.5257 	EXP 	Display Frame 5
906.5591 	EXP 	Display Frame 6
906.5924 	EXP 	Display Frame 7
906.6258 	EXP 	Display Frame 8
906.6591 	EXP 	Display Frame 9
906.6924 	EXP 	Display Frame 0
906.7257 	EXP 	Display Frame 1
906.7591 	EXP 	Display Frame 2
906.7924 	EXP 	Display Frame 3
906.8257 	EXP 	Display Frame 4
906.8591 	EXP 	Display Frame 5
906.8924 	EXP 	Display Frame 6
906.9258 	EXP 	Display Frame 7
906.9591 	EXP 	Display Frame 8
906.9924 	EXP 	Display Frame 9
907.0258 	EXP 	Display Frame 0
907.0590 	EXP 	Display Frame 1
907.0924 	EXP 	Display Frame 2
907.1257 	EXP 	Display Frame 3
907.1591 	EXP 	Display Frame 4
907.1924 	EXP 	Display Frame 5
907.2257 	EXP 	Display Frame 6
907.2591 	EXP 	Display Frame 7
907.2925 	EXP 	Display Frame 8
907.3258 	EXP 	Display Frame 9
907.3591 	EXP 	Display Frame 0
907.3924 	EXP 	Display Frame 1
907.4257 	EXP 	Display Frame 2
907.4591 	EXP 	Display Frame 3
907.4924 	EXP 	Display Frame 4
907.5258 	EXP 	Display Frame 5
907.5591 	EXP 	Display Frame 6
907.5924 	EXP 	Display Frame 7
907.6258 	EXP 	Display Frame 8
907.6591 	EXP 	Display Frame 9
907.6925 	EXP 	Display Frame 0
907.7258 	EXP 	Display Frame 1
907.7591 	EXP 	Display Frame 2
907.7924 	EXP 	Display Frame 3
907.8258 	EXP 	Display Frame 4
907.8591 	EXP 	Display Frame 5
907.8924 	EXP 	Display Frame 6
907.9258 	EXP 	Display Frame 7
907.9591 	EXP 	Display Frame 8
907.9924 	EXP 	Display Frame 9
908.0257 	EXP 	Display Frame 0
908.0591 	EXP 	Display Frame 1
908.0924 	EXP 	Display Frame 2
908.1257 	EXP 	Display Frame 3
908.1591 	EXP 	Display Frame 4
908.1924 	EXP 	Display Frame 5
908.2258 	EXP 	Display Frame 6
908.2591 	EXP 	Display Frame 7
908.2924 	EXP 	Display Frame 8
908.3257 	EXP 	Display Frame 9
908.3591 	EXP 	Display Frame 0
908.3924 	EXP 	Display Frame 1
908.4258 	EXP 	Display Frame 2
908.4591 	EXP 	Display Frame 3
908.4924 	EXP 	Display Frame 4
908.5257 	EXP 	Display Frame 5
908.5591 	EXP 	Display Frame 6
908.5924 	EXP 	Display Frame 7
908.6257 	EXP 	Display Frame 8
908.6591 	EXP 	Display Frame 9
908.6924 	EXP 	Display Frame 0
908.7258 	EXP 	Display Frame 1
908.7591 	EXP 	Display Frame 2
908.7924 	EXP 	Display Frame 3
908.8258 	EXP 	Display Frame 4
908.8591 	EXP 	Display Frame 5
908.8924 	EXP 	Display Frame 6
908.9257 	EXP 	Display Frame 7
908.9591 	EXP 	Display Frame 8
908.9924 	EXP 	Display Frame 9
909.0257 	EXP 	Display Frame 0
909.0590 	EXP 	Display Frame 1
909.0924 	EXP 	Display Frame 2
909.1257 	EXP 	Display Frame 3
909.1591 	EXP 	Display Frame 4
909.1924 	EXP 	Display Frame 5
909.2258 	EXP 	Display Frame 6
909.2592 	EXP 	Display Frame 7
909.2924 	EXP 	Display Frame 8
909.3257 	EXP 	Display Frame 9
909.3591 	EXP 	Display Frame 0
909.3924 	EXP 	Display Frame 1
909.4258 	EXP 	Display Frame 2
909.4591 	EXP 	Display Frame 3
909.4924 	EXP 	Display Frame 4
909.5257 	EXP 	Display Frame 5
909.5591 	EXP 	Display Frame 6
909.5924 	EXP 	Display Frame 7
909.6258 	EXP 	Display Frame 8
909.6591 	EXP 	Display Frame 9
909.6924 	EXP 	Display Frame 0
909.7258 	EXP 	Display Frame 1
909.7591 	EXP 	Display Frame 2
909.7925 	EXP 	Display Frame 3
909.8257 	EXP 	Display Frame 4
909.8591 	EXP 	Display Frame 5
909.8924 	EXP 	Display Frame 6
909.9257 	EXP 	Display Frame 7
909.9591 	EXP 	Display Frame 8
909.9924 	EXP 	Display Frame 9
910.0257 	EXP 	Display Frame 0
910.0590 	EXP 	Display Frame 1
910.0924 	EXP 	Display Frame 2
910.1258 	EXP 	Display Frame 3
910.1591 	EXP 	Display Frame 4
910.1924 	EXP 	Display Frame 5
910.2258 	EXP 	Display Frame 6
910.2591 	EXP 	Display Frame 7
910.2924 	EXP 	Display Frame 8
910.3258 	EXP 	Display Frame 9
910.3591 	EXP 	Display Frame 0
910.3924 	EXP 	Display Frame 1
910.4257 	EXP 	Display Frame 2
910.4591 	EXP 	Display Frame 3
910.4924 	EXP 	Display Frame 4
910.5257 	EXP 	Display Frame 5
910.5591 	EXP 	Display Frame 6
910.5924 	EXP 	Display Frame 7
910.6258 	EXP 	Display Frame 8
910.6591 	EXP 	Display Frame 9
910.6924 	EXP 	Display Frame 0
910.7257 	EXP 	Display Frame 1
910.7591 	EXP 	Display Frame 2
910.7924 	EXP 	Display Frame 3
910.8257 	EXP 	Display Frame 4
910.8591 	EXP 	Display Frame 5
910.8924 	EXP 	Display Frame 6
910.9258 	EXP 	Display Frame 7
910.9591 	EXP 	Display Frame 8
910.9924 	EXP 	Display Frame 9
911.0258 	EXP 	Display Frame 0
911.0592 	EXP 	Display Frame 1
911.0925 	EXP 	Display Frame 2
911.1258 	EXP 	Display Frame 3
911.1591 	EXP 	Display Frame 4
911.1924 	EXP 	Display Frame 5
911.2258 	EXP 	Display Frame 6
911.2591 	EXP 	Display Frame 7
911.2924 	EXP 	Display Frame 8
911.3258 	EXP 	Display Frame 9
911.3591 	EXP 	Display Frame 0
911.3924 	EXP 	Display Frame 1
911.4257 	EXP 	Display Frame 2
911.4591 	EXP 	Display Frame 3
911.4924 	EXP 	Display Frame 4
911.5258 	EXP 	Display Frame 5
911.5591 	EXP 	Display Frame 6
911.5924 	EXP 	Display Frame 7
911.6258 	EXP 	Display Frame 8
911.6591 	EXP 	Display Frame 9
911.6924 	EXP 	Display Frame 0
911.7257 	EXP 	Display Frame 1
911.7591 	EXP 	Display Frame 2
911.7924 	EXP 	Display Frame 3
911.8258 	EXP 	Display Frame 4
911.8591 	EXP 	Display Frame 5
911.8924 	EXP 	Display Frame 6
911.9257 	EXP 	Display Frame 7
911.9591 	EXP 	Display Frame 8
911.9924 	EXP 	Display Frame 9
912.0257 	EXP 	Display Frame 0
912.0590 	EXP 	Display Frame 1
912.0946 	EXP 	Display Frame 2
912.1258 	EXP 	Display Frame 3
912.1591 	EXP 	Display Frame 4
912.1924 	EXP 	Display Frame 5
912.2258 	EXP 	Display Frame 6
912.2591 	EXP 	Display Frame 7
912.2925 	EXP 	Display Frame 8
912.3258 	EXP 	Display Frame 9
912.3591 	EXP 	Display Frame 0
912.3924 	EXP 	Display Frame 1
912.4258 	EXP 	Display Frame 2
912.4591 	EXP 	Display Frame 3
912.4924 	EXP 	Display Frame 4
912.5258 	EXP 	Display Frame 5
912.5591 	EXP 	Display Frame 6
912.5924 	EXP 	Display Frame 7
912.6257 	EXP 	Display Frame 8
912.6591 	EXP 	Display Frame 9
912.6924 	EXP 	Display Frame 0
912.7257 	EXP 	Display Frame 1
912.7591 	EXP 	Display Frame 2
912.7924 	EXP 	Display Frame 3
912.8258 	EXP 	Display Frame 4
912.8591 	EXP 	Display Frame 5
912.8924 	EXP 	Display Frame 6
912.9257 	EXP 	Display Frame 7
912.9591 	EXP 	Display Frame 8
912.9924 	EXP 	Display Frame 9
913.0258 	EXP 	Display Frame 0
913.0590 	EXP 	Display Frame 1
913.0924 	EXP 	Display Frame 2
913.1258 	EXP 	Display Frame 3
913.1591 	EXP 	Display Frame 4
913.1924 	EXP 	Display Frame 5
913.2258 	EXP 	Display Frame 6
913.2591 	EXP 	Display Frame 7
913.2924 	EXP 	Display Frame 8
913.3257 	EXP 	Display Frame 9
913.3591 	EXP 	Display Frame 0
913.3924 	EXP 	Display Frame 1
913.4258 	EXP 	Display Frame 2
913.4591 	EXP 	Display Frame 3
913.4925 	EXP 	Display Frame 4
913.5257 	EXP 	Display Frame 5
913.5591 	EXP 	Display Frame 6
913.5924 	EXP 	Display Frame 7
913.6258 	EXP 	Display Frame 8
913.6591 	EXP 	Display Frame 9
913.6924 	EXP 	Display Frame 0
913.7257 	EXP 	Display Frame 1
913.7591 	EXP 	Display Frame 2
913.7924 	EXP 	Display Frame 3
913.8258 	EXP 	Display Frame 4
913.8591 	EXP 	Display Frame 5
913.8924 	EXP 	Display Frame 6
913.9258 	EXP 	Display Frame 7
913.9591 	EXP 	Display Frame 8
913.9924 	EXP 	Display Frame 9
914.0258 	EXP 	Display Frame 0
914.0590 	EXP 	Display Frame 1
914.0924 	EXP 	Display Frame 2
914.1258 	EXP 	Display Frame 3
914.1591 	EXP 	Display Frame 4
914.1924 	EXP 	Display Frame 5
914.2257 	EXP 	Display Frame 6
914.2591 	EXP 	Display Frame 7
914.2924 	EXP 	Display Frame 8
914.3258 	EXP 	Display Frame 9
914.3591 	EXP 	Display Frame 0
914.3924 	EXP 	Display Frame 1
914.4257 	EXP 	Display Frame 2
914.4591 	EXP 	Display Frame 3
914.4925 	EXP 	Display Frame 4
914.5257 	EXP 	Display Frame 5
914.5591 	EXP 	Display Frame 6
914.5926 	EXP 	Display Frame 7
914.6258 	EXP 	Display Frame 8
914.6591 	EXP 	Display Frame 9
914.6924 	EXP 	Display Frame 0
914.7257 	EXP 	Display Frame 1
914.7591 	EXP 	Display Frame 2
914.7924 	EXP 	Display Frame 3
914.8257 	EXP 	Display Frame 4
914.8591 	EXP 	Display Frame 5
914.8924 	EXP 	Display Frame 6
914.9258 	EXP 	Display Frame 7
914.9591 	EXP 	Display Frame 8
914.9924 	EXP 	Display Frame 9
915.0257 	EXP 	Display Frame 0
915.0590 	EXP 	Display Frame 1
915.0924 	EXP 	Display Frame 2
915.1258 	EXP 	Display Frame 3
915.1591 	EXP 	Display Frame 4
915.1924 	EXP 	Display Frame 5
915.2258 	EXP 	Display Frame 6
915.2591 	EXP 	Display Frame 7
915.2924 	EXP 	Display Frame 8
915.3257 	EXP 	Display Frame 9
915.3591 	EXP 	Display Frame 0
915.3924 	EXP 	Display Frame 1
915.4258 	EXP 	Display Frame 2
915.4591 	EXP 	Display Frame 3
915.4924 	EXP 	Display Frame 4
915.5257 	EXP 	Display Frame 5
915.5591 	EXP 	Display Frame 6
915.5924 	EXP 	Display Frame 7
915.6257 	EXP 	Display Frame 8
915.6591 	EXP 	Display Frame 9
915.6924 	EXP 	Display Frame 0
915.7258 	EXP 	Display Frame 1
915.7591 	EXP 	Display Frame 2
915.7924 	EXP 	Display Frame 3
915.8258 	EXP 	Display Frame 4
915.8591 	EXP 	Display Frame 5
915.8924 	EXP 	Display Frame 6
915.9258 	EXP 	Display Frame 7
915.9591 	EXP 	Display Frame 8
915.9924 	EXP 	Display Frame 9
916.0258 	EXP 	Display Frame 0
916.0590 	EXP 	Display Frame 1
916.0924 	EXP 	Display Frame 2
916.1258 	EXP 	Display Frame 3
916.1591 	EXP 	Display Frame 4
916.1924 	EXP 	Display Frame 5
916.2257 	EXP 	Display Frame 6
916.2591 	EXP 	Display Frame 7
916.2924 	EXP 	Display Frame 8
916.3258 	EXP 	Display Frame 9
916.3591 	EXP 	Display Frame 0
916.3924 	EXP 	Display Frame 1
916.4258 	EXP 	Display Frame 2
916.4591 	EXP 	Display Frame 3
916.4924 	EXP 	Display Frame 4
916.5257 	EXP 	Display Frame 5
916.5591 	EXP 	Display Frame 6
916.5924 	EXP 	Display Frame 7
916.6258 	EXP 	Display Frame 8
916.6591 	EXP 	Display Frame 9
916.6924 	EXP 	Display Frame 0
916.7258 	EXP 	Display Frame 1
916.7591 	EXP 	Display Frame 2
916.7924 	EXP 	Display Frame 3
916.8257 	EXP 	Display Frame 4
916.8591 	EXP 	Display Frame 5
916.8924 	EXP 	Display Frame 6
916.9257 	EXP 	Display Frame 7
916.9591 	EXP 	Display Frame 8
916.9924 	EXP 	Display Frame 9
917.0258 	EXP 	Display Frame 0
917.0590 	EXP 	Display Frame 1
917.0925 	EXP 	Display Frame 2
917.1257 	EXP 	Display Frame 3
917.1591 	EXP 	Display Frame 4
917.1924 	EXP 	Display Frame 5
917.2258 	EXP 	Display Frame 6
917.2591 	EXP 	Display Frame 7
917.2924 	EXP 	Display Frame 8
917.3258 	EXP 	Display Frame 9
917.3591 	EXP 	Display Frame 0
917.3924 	EXP 	Display Frame 1
917.4260 	EXP 	Display Frame 2
917.4591 	EXP 	Display Frame 3
917.4925 	EXP 	Display Frame 4
917.5258 	EXP 	Display Frame 5
917.5591 	EXP 	Display Frame 6
917.5924 	EXP 	Display Frame 7
917.6258 	EXP 	Display Frame 8
917.6591 	EXP 	Display Frame 9
917.6924 	EXP 	Display Frame 0
917.7257 	EXP 	Display Frame 1
917.7591 	EXP 	Display Frame 2
917.7924 	EXP 	Display Frame 3
917.8258 	EXP 	Display Frame 4
917.8591 	EXP 	Display Frame 5
917.8924 	EXP 	Display Frame 6
917.9258 	EXP 	Display Frame 7
917.9591 	EXP 	Display Frame 8
917.9924 	EXP 	Display Frame 9
918.0257 	EXP 	Display Frame 0
918.0590 	EXP 	Display Frame 1
918.0924 	EXP 	Display Frame 2
918.1258 	EXP 	Display Frame 3
918.1591 	EXP 	Display Frame 4
918.1924 	EXP 	Display Frame 5
918.2258 	EXP 	Display Frame 6
918.2591 	EXP 	Display Frame 7
918.2924 	EXP 	Display Frame 8
918.3257 	EXP 	Display Frame 9
918.3591 	EXP 	Display Frame 0
918.3924 	EXP 	Display Frame 1
918.4258 	EXP 	Display Frame 2
918.4591 	EXP 	Display Frame 3
918.4924 	EXP 	Display Frame 4
918.5258 	EXP 	Display Frame 5
918.5591 	EXP 	Display Frame 6
918.5924 	EXP 	Display Frame 7
918.6257 	EXP 	Display Frame 8
918.6591 	EXP 	Display Frame 9
918.6924 	EXP 	Display Frame 0
918.7258 	EXP 	Display Frame 1
918.7591 	EXP 	Display Frame 2
918.7924 	EXP 	Display Frame 3
918.8258 	EXP 	Display Frame 4
918.8591 	EXP 	Display Frame 5
918.8924 	EXP 	Display Frame 6
918.9257 	EXP 	Display Frame 7
918.9591 	EXP 	Display Frame 8
918.9924 	EXP 	Display Frame 9
919.0257 	EXP 	Display Frame 0
919.0590 	EXP 	Display Frame 1
919.0924 	EXP 	Display Frame 2
919.1258 	EXP 	Display Frame 3
919.1591 	EXP 	Display Frame 4
919.1924 	EXP 	Display Frame 5
919.2257 	EXP 	Display Frame 6
919.2591 	EXP 	Display Frame 7
919.2924 	EXP 	Display Frame 8
919.3258 	EXP 	Display Frame 9
919.3591 	EXP 	Display Frame 0
919.3924 	EXP 	Display Frame 1
919.4258 	EXP 	Display Frame 2
919.4591 	EXP 	Display Frame 3
919.4924 	EXP 	Display Frame 4
919.5257 	EXP 	Display Frame 5
919.5591 	EXP 	Display Frame 6
919.5924 	EXP 	Display Frame 7
919.6258 	EXP 	Display Frame 8
919.6591 	EXP 	Display Frame 9
919.6924 	EXP 	Display Frame 0
919.7258 	EXP 	Display Frame 1
919.7591 	EXP 	Display Frame 2
919.7925 	EXP 	Display Frame 3
919.8259 	EXP 	Display Frame 4
919.8593 	EXP 	Display Frame 5
919.8926 	EXP 	Display Frame 6
919.9259 	EXP 	Display Frame 7
919.9591 	EXP 	Display Frame 8
919.9924 	EXP 	Display Frame 9
920.0258 	EXP 	Display Frame 0
920.0590 	EXP 	Display Frame 1
920.0924 	EXP 	Display Frame 2
920.1258 	EXP 	Display Frame 3
920.1591 	EXP 	Display Frame 4
920.1924 	EXP 	Display Frame 5
920.2258 	EXP 	Display Frame 6
920.2591 	EXP 	Display Frame 7
920.2924 	EXP 	Display Frame 8
920.3258 	EXP 	Display Frame 9
920.3591 	EXP 	Display Frame 0
920.3924 	EXP 	Display Frame 1
920.4257 	EXP 	Display Frame 2
920.4591 	EXP 	Display Frame 3
920.4924 	EXP 	Display Frame 4
920.5257 	EXP 	Display Frame 5
920.5591 	EXP 	Display Frame 6
920.5924 	EXP 	Display Frame 7
920.6258 	EXP 	Display Frame 8
920.6591 	EXP 	Display Frame 9
920.6925 	EXP 	Display Frame 0
920.7257 	EXP 	Display Frame 1
920.7591 	EXP 	Display Frame 2
920.7924 	EXP 	Display Frame 3
920.8258 	EXP 	Display Frame 4
920.8591 	EXP 	Display Frame 5
920.8924 	EXP 	Display Frame 6
920.9258 	EXP 	Display Frame 7
920.9591 	EXP 	Display Frame 8
920.9925 	EXP 	Display Frame 9
921.0258 	EXP 	Display Frame 0
921.0591 	EXP 	Display Frame 1
921.0924 	EXP 	Display Frame 2
921.1281 	DATA 	Keypress: equal
921.1291 	EXP 	Display Frame 3
921.1384 	EXP 	Display Fixation
921.2246 	DATA 	Keypress: equal
921.3577 	DATA 	Keypress: equal
921.4603 	DATA 	Keypress: equal
1429.5638 	DATA 	Keypress: q
1429.5739 	EXP 	topMsg: height = 0.1
1429.5739 	EXP 	topMsg: height = 0.1
1429.5739 	EXP 	topMsg: text = "Thank you very much! \n\nThat's it with the tapping"
1429.5739 	EXP 	bottomMsg: height = 0.1
1429.5739 	EXP 	bottomMsg: height = 0.1
1429.5739 	EXP 	bottomMsg: text = "Please relax for the ramaining time \n\n Press 'q' or 'escape' to end the session."
1429.5739 	EXP 	Display TheEnd
1429.7599 	DATA 	Keypress: q
1429.8887 	EXP 	win: mouseVisible = True
