1.0493 	WARNING 	We strongly recommend you activate the PTB sound engine in PsychoPy prefs as the preferred audio engine. Its timing is vastly superior. Your prefs are currently set to use ['sounddevice', 'PTB', 'pyo', 'pygame'] (in that order).
10.4807 	INFO 	---START PARAMETERS---
10.4807 	INFO 	filename: TappingWithTrTiming_Movie_d3.py-1tt============ =-360-Dec_22_1632
10.4807 	INFO 	subject: 1tt============ =
10.4808 	INFO 	session: 360
10.4808 	INFO 	date: Dec_22_1632
10.4808 	INFO 	block2Dur_TRs: 6
10.4808 	INFO 	blockDur_TRs: 6
10.4808 	INFO 	condition: TapFast
10.4808 	INFO 	fixCrossPos: [0, 0]
10.4808 	INFO 	fixCrossSize: 100
10.4808 	INFO 	fullScreen: True
10.4808 	INFO 	movieFolder: images/
10.4808 	INFO 	movieFolder2: images/
10.4808 	INFO 	movieSize: (1600, 1000)
10.4808 	INFO 	nBlocks: 68
10.4808 	INFO 	promptDir: Text/
10.4808 	INFO 	restDur_TRs: 6
10.4808 	INFO 	screenColor: (119, 119, 119)
10.4808 	INFO 	screenToShow: 1
10.4808 	INFO 	skipPrompts: False
10.4808 	INFO 	tStartup_TRs: 0
10.4808 	INFO 	textHeight: 40
10.4808 	INFO 	triggerKey: equal
10.4808 	INFO 	---END PARAMETERS---
11.2797 	INFO 	Loaded monitor calibration from ['2022_03_25 08:03']
12.4213 	WARNING 	Couldn't measure a consistent frame rate!
  - Is your graphics card set to sync to vertical blank?
  - Are you running other processes on your computer?

12.4218 	EXP 	Created win = Window(allowGUI=False, allowStencil=False, autoLog=True, backendConf=UNKNOWN, bitsMode=UNKNOWN, blendMode='avg', bpc=(8, 8, 8), color=array([119, 119, 119]), colorSpace='rgb255', depthBits=8, fullscr=<method-wrapper '__getattribute__' of attributeSetter object at 0x7f9ac329a700>, gamma=None, gammaErrorPolicy='raise', lms=UNKNOWN, monitor=<psychopy.monitors.calibTools.Monitor object at 0x7f9a80886d30>, multiSample=False, name='win', numSamples=2, pos=[0.0, 0.0], screen=1, size=array([1920, 1080]), stencilBits=0, stereo=False, units='deg', useFBO=False, useRetina=False, viewOri=0.0, viewPos=None, viewScale=None, waitBlanking=True, winType='pyglet')
12.4219 	EXP 	win: mouseVisible = True
12.4260 	EXP 	Created fixCross = ShapeStim(__class__=<class 'psychopy.visual.shape.ShapeStim'>, anchor=('center', 'center'), autoDraw=False, autoLog=True, closeShape=False, color=method-wrapper(...), colorSpace='rgb', contrast=None, depth=0, fillColor=array([0, 0, 0]), fillColorSpace='rgb', fillRGB=array([0, 0, 0]), interpolate=True, lineColor=array([-1., -1., -1.]), lineColorSpace='rgb', lineRGB=array([-1., -1., -1.]), lineWidth=3.0, name='fixCross', opacity=0.5, ori=0.0, pos=array([0., 0.]), size=array([1., 1.]), units='pix', vertices=ndarray(...), win=Window(...), windingRule=None)
12.4264 	WARNING 	TextStim.alignHoriz is deprecated. Use alignText and anchorHoriz attributes instead
12.4505 	EXP 	Created topMsg = TextStim(__class__=<class 'psychopy.visual.text.TextStim'>, alignHoriz='center', alignText='center', alignVert=method-wrapper(...), anchorHoriz='center', anchorVert='center', antialias=True, autoLog=True, bold=False, color=array([-1., -1., -1.]), colorSpace='rgb', contrast=1.0, depth=0, flipHoriz=False, flipVert=False, font='', fontFiles=[], height=0.1, italic=False, languageStyle='LTR', name='topMsg', opacity=1.0, ori=0.0, pos=array([0. , 0.5]), rgb=UNKNOWN, text='aaa', units='norm', win=Window(...), wrapWidth=1.5)
12.4506 	WARNING 	TextStim.alignHoriz is deprecated. Use alignText and anchorHoriz attributes instead
12.4529 	EXP 	Created bottomMsg = TextStim(__class__=<class 'psychopy.visual.text.TextStim'>, alignHoriz='center', alignText='center', alignVert=method-wrapper(...), anchorHoriz='center', anchorVert='center', antialias=True, autoLog=True, bold=False, color=array([-1., -1., -1.]), colorSpace='rgb', contrast=1.0, depth=0, flipHoriz=False, flipVert=False, font='', fontFiles=[], height=0.1, italic=False, languageStyle='LTR', name='bottomMsg', opacity=1.0, ori=0.0, pos=array([ 0. , -0.5]), rgb=UNKNOWN, text='bbb', units='norm', win=Window(...), wrapWidth=1.5)
12.5271 	EXP 	Created Movie Frame 0 = ImageStim(__class__=<class 'psychopy.visual.image.ImageStim'>, anchor=('center', 'center'), autoLog=True, color=array([1., 1., 1.]), colorSpace='rgb', contrast=1.0, depth=0, flipHoriz=False, flipVert=False, image='images/right_0.png', interpolate=False, mask=None, maskParams=None, name='Movie Frame 0', opacity=1, ori=0.0, pos=array([0., 0.]), size=array([1600., 1000.]), texRes=128, units='pix', win=Window(...))
12.5949 	EXP 	Created Movie Frame 1 = ImageStim(__class__=<class 'psychopy.visual.image.ImageStim'>, anchor=('center', 'center'), autoLog=True, color=array([1., 1., 1.]), colorSpace='rgb', contrast=1.0, depth=0, flipHoriz=False, flipVert=False, image='images/right_1.png', interpolate=False, mask=None, maskParams=None, name='Movie Frame 1', opacity=1, ori=0.0, pos=array([0., 0.]), size=array([1600., 1000.]), texRes=128, units='pix', win=Window(...))
12.6568 	EXP 	Created Movie Frame 2 = ImageStim(__class__=<class 'psychopy.visual.image.ImageStim'>, anchor=('center', 'center'), autoLog=True, color=array([1., 1., 1.]), colorSpace='rgb', contrast=1.0, depth=0, flipHoriz=False, flipVert=False, image='images/right_2.png', interpolate=False, mask=None, maskParams=None, name='Movie Frame 2', opacity=1, ori=0.0, pos=array([0., 0.]), size=array([1600., 1000.]), texRes=128, units='pix', win=Window(...))
12.7159 	EXP 	Created Movie Frame 3 = ImageStim(__class__=<class 'psychopy.visual.image.ImageStim'>, anchor=('center', 'center'), autoLog=True, color=array([1., 1., 1.]), colorSpace='rgb', contrast=1.0, depth=0, flipHoriz=False, flipVert=False, image='images/right_3.png', interpolate=False, mask=None, maskParams=None, name='Movie Frame 3', opacity=1, ori=0.0, pos=array([0., 0.]), size=array([1600., 1000.]), texRes=128, units='pix', win=Window(...))
12.7769 	EXP 	Created Movie Frame 4 = ImageStim(__class__=<class 'psychopy.visual.image.ImageStim'>, anchor=('center', 'center'), autoLog=True, color=array([1., 1., 1.]), colorSpace='rgb', contrast=1.0, depth=0, flipHoriz=False, flipVert=False, image='images/right_4.png', interpolate=False, mask=None, maskParams=None, name='Movie Frame 4', opacity=1, ori=0.0, pos=array([0., 0.]), size=array([1600., 1000.]), texRes=128, units='pix', win=Window(...))
12.8385 	EXP 	Created Movie Frame 5 = ImageStim(__class__=<class 'psychopy.visual.image.ImageStim'>, anchor=('center', 'center'), autoLog=True, color=array([1., 1., 1.]), colorSpace='rgb', contrast=1.0, depth=0, flipHoriz=False, flipVert=False, image='images/right_5.png', interpolate=False, mask=None, maskParams=None, name='Movie Frame 5', opacity=1, ori=0.0, pos=array([0., 0.]), size=array([1600., 1000.]), texRes=128, units='pix', win=Window(...))
12.9013 	EXP 	Created Movie Frame 6 = ImageStim(__class__=<class 'psychopy.visual.image.ImageStim'>, anchor=('center', 'center'), autoLog=True, color=array([1., 1., 1.]), colorSpace='rgb', contrast=1.0, depth=0, flipHoriz=False, flipVert=False, image='images/right_6.png', interpolate=False, mask=None, maskParams=None, name='Movie Frame 6', opacity=1, ori=0.0, pos=array([0., 0.]), size=array([1600., 1000.]), texRes=128, units='pix', win=Window(...))
12.9648 	EXP 	Created Movie Frame 7 = ImageStim(__class__=<class 'psychopy.visual.image.ImageStim'>, anchor=('center', 'center'), autoLog=True, color=array([1., 1., 1.]), colorSpace='rgb', contrast=1.0, depth=0, flipHoriz=False, flipVert=False, image='images/right_7.png', interpolate=False, mask=None, maskParams=None, name='Movie Frame 7', opacity=1, ori=0.0, pos=array([0., 0.]), size=array([1600., 1000.]), texRes=128, units='pix', win=Window(...))
13.0275 	EXP 	Created Movie Frame 8 = ImageStim(__class__=<class 'psychopy.visual.image.ImageStim'>, anchor=('center', 'center'), autoLog=True, color=array([1., 1., 1.]), colorSpace='rgb', contrast=1.0, depth=0, flipHoriz=False, flipVert=False, image='images/right_8.png', interpolate=False, mask=None, maskParams=None, name='Movie Frame 8', opacity=1, ori=0.0, pos=array([0., 0.]), size=array([1600., 1000.]), texRes=128, units='pix', win=Window(...))
13.0892 	EXP 	Created Movie Frame 9 = ImageStim(__class__=<class 'psychopy.visual.image.ImageStim'>, anchor=('center', 'center'), autoLog=True, color=array([1., 1., 1.]), colorSpace='rgb', contrast=1.0, depth=0, flipHoriz=False, flipVert=False, image='images/right_9.png', interpolate=False, mask=None, maskParams=None, name='Movie Frame 9', opacity=1, ori=0.0, pos=array([0., 0.]), size=array([1600., 1000.]), texRes=128, units='pix', win=Window(...))
13.1511 	EXP 	Created Movie Frame 0 = ImageStim(__class__=<class 'psychopy.visual.image.ImageStim'>, anchor=('center', 'center'), autoLog=True, color=array([1., 1., 1.]), colorSpace='rgb', contrast=1.0, depth=0, flipHoriz=False, flipVert=False, image='images/right_0.png', interpolate=False, mask=None, maskParams=None, name='Movie Frame 0', opacity=1, ori=0.0, pos=array([0., 0.]), size=array([1600., 1000.]), texRes=128, units='pix', win=Window(...))
13.2197 	EXP 	Created Movie Frame 1 = ImageStim(__class__=<class 'psychopy.visual.image.ImageStim'>, anchor=('center', 'center'), autoLog=True, color=array([1., 1., 1.]), colorSpace='rgb', contrast=1.0, depth=0, flipHoriz=False, flipVert=False, image='images/right_1.png', interpolate=False, mask=None, maskParams=None, name='Movie Frame 1', opacity=1, ori=0.0, pos=array([0., 0.]), size=array([1600., 1000.]), texRes=128, units='pix', win=Window(...))
13.2807 	EXP 	Created Movie Frame 2 = ImageStim(__class__=<class 'psychopy.visual.image.ImageStim'>, anchor=('center', 'center'), autoLog=True, color=array([1., 1., 1.]), colorSpace='rgb', contrast=1.0, depth=0, flipHoriz=False, flipVert=False, image='images/right_2.png', interpolate=False, mask=None, maskParams=None, name='Movie Frame 2', opacity=1, ori=0.0, pos=array([0., 0.]), size=array([1600., 1000.]), texRes=128, units='pix', win=Window(...))
13.3405 	EXP 	Created Movie Frame 3 = ImageStim(__class__=<class 'psychopy.visual.image.ImageStim'>, anchor=('center', 'center'), autoLog=True, color=array([1., 1., 1.]), colorSpace='rgb', contrast=1.0, depth=0, flipHoriz=False, flipVert=False, image='images/right_3.png', interpolate=False, mask=None, maskParams=None, name='Movie Frame 3', opacity=1, ori=0.0, pos=array([0., 0.]), size=array([1600., 1000.]), texRes=128, units='pix', win=Window(...))
13.4016 	EXP 	Created Movie Frame 4 = ImageStim(__class__=<class 'psychopy.visual.image.ImageStim'>, anchor=('center', 'center'), autoLog=True, color=array([1., 1., 1.]), colorSpace='rgb', contrast=1.0, depth=0, flipHoriz=False, flipVert=False, image='images/right_4.png', interpolate=False, mask=None, maskParams=None, name='Movie Frame 4', opacity=1, ori=0.0, pos=array([0., 0.]), size=array([1600., 1000.]), texRes=128, units='pix', win=Window(...))
13.4631 	EXP 	Created Movie Frame 5 = ImageStim(__class__=<class 'psychopy.visual.image.ImageStim'>, anchor=('center', 'center'), autoLog=True, color=array([1., 1., 1.]), colorSpace='rgb', contrast=1.0, depth=0, flipHoriz=False, flipVert=False, image='images/right_5.png', interpolate=False, mask=None, maskParams=None, name='Movie Frame 5', opacity=1, ori=0.0, pos=array([0., 0.]), size=array([1600., 1000.]), texRes=128, units='pix', win=Window(...))
13.5248 	EXP 	Created Movie Frame 6 = ImageStim(__class__=<class 'psychopy.visual.image.ImageStim'>, anchor=('center', 'center'), autoLog=True, color=array([1., 1., 1.]), colorSpace='rgb', contrast=1.0, depth=0, flipHoriz=False, flipVert=False, image='images/right_6.png', interpolate=False, mask=None, maskParams=None, name='Movie Frame 6', opacity=1, ori=0.0, pos=array([0., 0.]), size=array([1600., 1000.]), texRes=128, units='pix', win=Window(...))
13.5847 	EXP 	Created Movie Frame 7 = ImageStim(__class__=<class 'psychopy.visual.image.ImageStim'>, anchor=('center', 'center'), autoLog=True, color=array([1., 1., 1.]), colorSpace='rgb', contrast=1.0, depth=0, flipHoriz=False, flipVert=False, image='images/right_7.png', interpolate=False, mask=None, maskParams=None, name='Movie Frame 7', opacity=1, ori=0.0, pos=array([0., 0.]), size=array([1600., 1000.]), texRes=128, units='pix', win=Window(...))
13.6457 	EXP 	Created Movie Frame 8 = ImageStim(__class__=<class 'psychopy.visual.image.ImageStim'>, anchor=('center', 'center'), autoLog=True, color=array([1., 1., 1.]), colorSpace='rgb', contrast=1.0, depth=0, flipHoriz=False, flipVert=False, image='images/right_8.png', interpolate=False, mask=None, maskParams=None, name='Movie Frame 8', opacity=1, ori=0.0, pos=array([0., 0.]), size=array([1600., 1000.]), texRes=128, units='pix', win=Window(...))
13.7061 	EXP 	Created Movie Frame 9 = ImageStim(__class__=<class 'psychopy.visual.image.ImageStim'>, anchor=('center', 'center'), autoLog=True, color=array([1., 1., 1.]), colorSpace='rgb', contrast=1.0, depth=0, flipHoriz=False, flipVert=False, image='images/right_9.png', interpolate=False, mask=None, maskParams=None, name='Movie Frame 9', opacity=1, ori=0.0, pos=array([0., 0.]), size=array([1600., 1000.]), texRes=128, units='pix', win=Window(...))
13.7118 	EXP 	Created unnamed TextStim = TextStim(__class__=<class 'psychopy.visual.text.TextStim'>, alignHoriz=method-wrapper(...), alignText='center', alignVert=method-wrapper(...), anchorHoriz='center', anchorVert='center', antialias=True, autoLog=True, bold=False, color=array([-1., -1., -1.]), colorSpace='rgb', contrast=1.0, depth=0, flipHoriz=False, flipVert=False, font='', fontFiles=[], height=40.0, italic=False, languageStyle='LTR', name='unnamed TextStim', opacity=1.0, ori=0.0, pos=array([  0., 580.]), rgb=UNKNOWN, text='Tap along with the video.', units='pix', win=Window(...), wrapWidth=1600)
13.7258 	WARNING 	t of last frame was 1304.57ms (=1/0)
13.7258 	EXP 	topMsg: height = 0.1
13.7258 	EXP 	topMsg: height = 0.1
13.7258 	EXP 	topMsg: text = 'You will see a movie of a finger tapping. When it is on the screen, try to use the hand indicated to tap your fingers at the same times as the movie does. When the fixation cross appears, relax and stare at the cross.'
13.7258 	EXP 	bottomMsg: height = 0.1
13.7258 	EXP 	bottomMsg: height = 0.1
13.7258 	EXP 	bottomMsg: text = 'The experiment will begin shortly'
13.7258 	EXP 	Display Instructions1
14.0359 	DATA 	Keypress: space
14.0402 	WARNING 	t of last frame was 314.37ms (=1/3)
14.0402 	EXP 	topMsg: height = 0.1
14.0402 	EXP 	topMsg: height = 0.1
14.0402 	EXP 	topMsg: text = "Please don't move..."
14.0402 	EXP 	bottomMsg: height = 0.1
14.0402 	EXP 	bottomMsg: height = 0.1
14.0402 	EXP 	bottomMsg: text = ''
14.0402 	EXP 	PleaseDontMove
44.4387 	DATA 	Keypress: equal
44.4440 	WARNING 	t of last frame was 30403.80ms (=1/0)
44.4440 	EXP 	Display Fixation
44.4442 	EXP 	---START EXPERIMENT---
44.4453 	EXP 	Display Fixation
49.6340 	DATA 	Keypress: equal
54.8259 	DATA 	Keypress: equal
60.0191 	DATA 	Keypress: equal
65.2127 	DATA 	Keypress: equal
70.4057 	DATA 	Keypress: equal
75.5998 	DATA 	Keypress: equal
75.6037 	WARNING 	t of last frame was 31158.46ms (=1/0)
75.6343 	WARNING 	Multiple dropped frames have occurred - I'll stop bothering you about them!
75.6343 	EXP 	Display Frame 1
75.6675 	EXP 	Display Frame 2
75.7009 	EXP 	Display Frame 3
75.7341 	EXP 	Display Frame 4
75.7676 	EXP 	Display Frame 5
75.8008 	EXP 	Display Frame 6
75.8342 	EXP 	Display Frame 7
75.8675 	EXP 	Display Frame 8
75.9009 	EXP 	Display Frame 9
75.9342 	EXP 	Display Frame 0
75.9675 	EXP 	Display Frame 1
76.0008 	EXP 	Display Frame 2
76.0341 	EXP 	Display Frame 3
76.0674 	EXP 	Display Frame 4
76.1008 	EXP 	Display Frame 5
76.1341 	EXP 	Display Frame 6
76.1675 	EXP 	Display Frame 7
76.2008 	EXP 	Display Frame 8
76.2341 	EXP 	Display Frame 9
76.2675 	EXP 	Display Frame 0
76.3008 	EXP 	Display Frame 1
76.3341 	EXP 	Display Frame 2
76.3675 	EXP 	Display Frame 3
76.4008 	EXP 	Display Frame 4
76.4341 	EXP 	Display Frame 5
76.4675 	EXP 	Display Frame 6
76.5008 	EXP 	Display Frame 7
76.5341 	EXP 	Display Frame 8
76.5675 	EXP 	Display Frame 9
76.6008 	EXP 	Display Frame 0
76.6341 	EXP 	Display Frame 1
76.6675 	EXP 	Display Frame 2
76.7008 	EXP 	Display Frame 3
76.7341 	EXP 	Display Frame 4
76.7674 	EXP 	Display Frame 5
76.8009 	EXP 	Display Frame 6
76.8341 	EXP 	Display Frame 7
76.8674 	EXP 	Display Frame 8
76.9008 	EXP 	Display Frame 9
76.9342 	EXP 	Display Frame 0
76.9675 	EXP 	Display Frame 1
77.0008 	EXP 	Display Frame 2
77.0341 	EXP 	Display Frame 3
77.0675 	EXP 	Display Frame 4
77.1008 	EXP 	Display Frame 5
77.1341 	EXP 	Display Frame 6
77.1675 	EXP 	Display Frame 7
77.2008 	EXP 	Display Frame 8
77.2341 	EXP 	Display Frame 9
77.2674 	EXP 	Display Frame 0
77.3008 	EXP 	Display Frame 1
77.3341 	EXP 	Display Frame 2
77.3674 	EXP 	Display Frame 3
77.4008 	EXP 	Display Frame 4
77.4341 	EXP 	Display Frame 5
77.4675 	EXP 	Display Frame 6
77.5008 	EXP 	Display Frame 7
77.5341 	EXP 	Display Frame 8
77.5675 	EXP 	Display Frame 9
77.6008 	EXP 	Display Frame 0
77.6341 	EXP 	Display Frame 1
77.6675 	EXP 	Display Frame 2
77.7008 	EXP 	Display Frame 3
77.7341 	EXP 	Display Frame 4
77.7674 	EXP 	Display Frame 5
77.8008 	EXP 	Display Frame 6
77.8341 	EXP 	Display Frame 7
77.8675 	EXP 	Display Frame 8
77.9008 	EXP 	Display Frame 9
77.9341 	EXP 	Display Frame 0
77.9674 	EXP 	Display Frame 1
78.0008 	EXP 	Display Frame 2
78.0341 	EXP 	Display Frame 3
78.0675 	EXP 	Display Frame 4
78.1008 	EXP 	Display Frame 5
78.1341 	EXP 	Display Frame 6
78.1674 	EXP 	Display Frame 7
78.2007 	EXP 	Display Frame 8
78.2341 	EXP 	Display Frame 9
78.2674 	EXP 	Display Frame 0
78.3008 	EXP 	Display Frame 1
78.3341 	EXP 	Display Frame 2
78.3675 	EXP 	Display Frame 3
78.4008 	EXP 	Display Frame 4
78.4341 	EXP 	Display Frame 5
78.4675 	EXP 	Display Frame 6
78.5008 	EXP 	Display Frame 7
78.5341 	EXP 	Display Frame 8
78.5674 	EXP 	Display Frame 9
78.6008 	EXP 	Display Frame 0
78.6341 	EXP 	Display Frame 1
78.6675 	EXP 	Display Frame 2
78.7008 	EXP 	Display Frame 3
78.7341 	EXP 	Display Frame 4
78.7674 	EXP 	Display Frame 5
78.8008 	EXP 	Display Frame 6
78.8341 	EXP 	Display Frame 7
78.8674 	EXP 	Display Frame 8
78.9008 	EXP 	Display Frame 9
78.9341 	EXP 	Display Frame 0
78.9675 	EXP 	Display Frame 1
79.0008 	EXP 	Display Frame 2
79.0341 	EXP 	Display Frame 3
79.0674 	EXP 	Display Frame 4
79.1008 	EXP 	Display Frame 5
79.1341 	EXP 	Display Frame 6
79.1674 	EXP 	Display Frame 7
79.2008 	EXP 	Display Frame 8
79.2341 	EXP 	Display Frame 9
79.2675 	EXP 	Display Frame 0
79.3007 	EXP 	Display Frame 1
79.3341 	EXP 	Display Frame 2
79.3674 	EXP 	Display Frame 3
79.4008 	EXP 	Display Frame 4
79.4341 	EXP 	Display Frame 5
79.4674 	EXP 	Display Frame 6
79.5008 	EXP 	Display Frame 7
79.5341 	EXP 	Display Frame 8
79.5675 	EXP 	Display Frame 9
79.6008 	EXP 	Display Frame 0
79.6341 	EXP 	Display Frame 1
79.6674 	EXP 	Display Frame 2
79.7008 	EXP 	Display Frame 3
79.7341 	EXP 	Display Frame 4
79.7674 	EXP 	Display Frame 5
79.8008 	EXP 	Display Frame 6
79.8341 	EXP 	Display Frame 7
79.8674 	EXP 	Display Frame 8
79.9008 	EXP 	Display Frame 9
79.9341 	EXP 	Display Frame 0
79.9674 	EXP 	Display Frame 1
80.0008 	EXP 	Display Frame 2
80.0341 	EXP 	Display Frame 3
80.0674 	EXP 	Display Frame 4
80.1008 	EXP 	Display Frame 5
80.1341 	EXP 	Display Frame 6
80.1675 	EXP 	Display Frame 7
80.2008 	EXP 	Display Frame 8
80.2341 	EXP 	Display Frame 9
80.2674 	EXP 	Display Frame 0
80.3008 	EXP 	Display Frame 1
80.3341 	EXP 	Display Frame 2
80.3674 	EXP 	Display Frame 3
80.4008 	EXP 	Display Frame 4
80.4341 	EXP 	Display Frame 5
80.4675 	EXP 	Display Frame 6
80.5008 	EXP 	Display Frame 7
80.5341 	EXP 	Display Frame 8
80.5674 	EXP 	Display Frame 9
80.6008 	EXP 	Display Frame 0
80.6341 	EXP 	Display Frame 1
80.6674 	EXP 	Display Frame 2
80.7008 	EXP 	Display Frame 3
80.7341 	EXP 	Display Frame 4
80.7675 	EXP 	Display Frame 5
80.8009 	DATA 	Keypress: equal
80.8019 	EXP 	Display Frame 6
80.8341 	EXP 	Display Frame 7
80.8674 	EXP 	Display Frame 8
80.9008 	EXP 	Display Frame 9
80.9341 	EXP 	Display Frame 0
80.9674 	EXP 	Display Frame 1
81.0008 	EXP 	Display Frame 2
81.0341 	EXP 	Display Frame 3
81.0675 	EXP 	Display Frame 4
81.1008 	EXP 	Display Frame 5
81.1341 	EXP 	Display Frame 6
81.1674 	EXP 	Display Frame 7
81.2008 	EXP 	Display Frame 8
81.2341 	EXP 	Display Frame 9
81.2674 	EXP 	Display Frame 0
81.3008 	EXP 	Display Frame 1
81.3341 	EXP 	Display Frame 2
81.3675 	EXP 	Display Frame 3
81.4008 	EXP 	Display Frame 4
81.4341 	EXP 	Display Frame 5
81.4675 	EXP 	Display Frame 6
81.5008 	EXP 	Display Frame 7
81.5341 	EXP 	Display Frame 8
81.5674 	EXP 	Display Frame 9
81.6008 	EXP 	Display Frame 0
81.6341 	EXP 	Display Frame 1
81.6675 	EXP 	Display Frame 2
81.7008 	EXP 	Display Frame 3
81.7341 	EXP 	Display Frame 4
81.7674 	EXP 	Display Frame 5
81.8008 	EXP 	Display Frame 6
81.8341 	EXP 	Display Frame 7
81.8674 	EXP 	Display Frame 8
81.9008 	EXP 	Display Frame 9
81.9341 	EXP 	Display Frame 0
81.9674 	EXP 	Display Frame 1
82.0008 	EXP 	Display Frame 2
82.0341 	EXP 	Display Frame 3
82.0674 	EXP 	Display Frame 4
82.1008 	EXP 	Display Frame 5
82.1341 	EXP 	Display Frame 6
82.1675 	EXP 	Display Frame 7
82.2008 	EXP 	Display Frame 8
82.2341 	EXP 	Display Frame 9
82.2674 	EXP 	Display Frame 0
82.3008 	EXP 	Display Frame 1
82.3341 	EXP 	Display Frame 2
82.3674 	EXP 	Display Frame 3
82.4008 	EXP 	Display Frame 4
82.4341 	EXP 	Display Frame 5
82.4674 	EXP 	Display Frame 6
82.5008 	EXP 	Display Frame 7
82.5341 	EXP 	Display Frame 8
82.5675 	EXP 	Display Frame 9
82.6008 	EXP 	Display Frame 0
82.6341 	EXP 	Display Frame 1
82.6674 	EXP 	Display Frame 2
82.7008 	EXP 	Display Frame 3
82.7341 	EXP 	Display Frame 4
82.7675 	EXP 	Display Frame 5
82.8008 	EXP 	Display Frame 6
82.8341 	EXP 	Display Frame 7
82.8674 	EXP 	Display Frame 8
82.9008 	EXP 	Display Frame 9
82.9341 	EXP 	Display Frame 0
82.9674 	EXP 	Display Frame 1
83.0008 	EXP 	Display Frame 2
83.0341 	EXP 	Display Frame 3
83.0675 	EXP 	Display Frame 4
83.1008 	EXP 	Display Frame 5
83.1342 	EXP 	Display Frame 6
83.1676 	EXP 	Display Frame 7
83.2007 	EXP 	Display Frame 8
83.2341 	EXP 	Display Frame 9
83.2674 	EXP 	Display Frame 0
83.3008 	EXP 	Display Frame 1
83.3341 	EXP 	Display Frame 2
83.3674 	EXP 	Display Frame 3
83.4008 	EXP 	Display Frame 4
83.4341 	EXP 	Display Frame 5
83.4674 	EXP 	Display Frame 6
83.5008 	EXP 	Display Frame 7
83.5341 	EXP 	Display Frame 8
83.5674 	EXP 	Display Frame 9
83.6008 	EXP 	Display Frame 0
83.6341 	EXP 	Display Frame 1
83.6674 	EXP 	Display Frame 2
83.7008 	EXP 	Display Frame 3
83.7341 	EXP 	Display Frame 4
83.7675 	EXP 	Display Frame 5
83.8008 	EXP 	Display Frame 6
83.8341 	EXP 	Display Frame 7
83.8674 	EXP 	Display Frame 8
83.9008 	EXP 	Display Frame 9
83.9341 	EXP 	Display Frame 0
83.9674 	EXP 	Display Frame 1
84.0008 	EXP 	Display Frame 2
84.0341 	EXP 	Display Frame 3
84.0675 	EXP 	Display Frame 4
84.1008 	EXP 	Display Frame 5
84.1341 	EXP 	Display Frame 6
84.1674 	EXP 	Display Frame 7
84.2008 	EXP 	Display Frame 8
84.2342 	EXP 	Display Frame 9
84.2675 	EXP 	Display Frame 0
84.3008 	EXP 	Display Frame 1
84.3341 	EXP 	Display Frame 2
84.3674 	EXP 	Display Frame 3
84.4008 	EXP 	Display Frame 4
84.4341 	EXP 	Display Frame 5
84.4675 	EXP 	Display Frame 6
84.5008 	EXP 	Display Frame 7
84.5341 	EXP 	Display Frame 8
84.5674 	EXP 	Display Frame 9
84.6008 	EXP 	Display Frame 0
84.6341 	EXP 	Display Frame 1
84.6675 	EXP 	Display Frame 2
84.7008 	EXP 	Display Frame 3
84.7341 	EXP 	Display Frame 4
84.7675 	EXP 	Display Frame 5
84.8007 	EXP 	Display Frame 6
84.8341 	EXP 	Display Frame 7
84.8675 	EXP 	Display Frame 8
84.9008 	EXP 	Display Frame 9
84.9341 	EXP 	Display Frame 0
84.9674 	EXP 	Display Frame 1
85.0008 	EXP 	Display Frame 2
85.0341 	EXP 	Display Frame 3
85.0675 	EXP 	Display Frame 4
85.1008 	EXP 	Display Frame 5
85.1341 	EXP 	Display Frame 6
85.1674 	EXP 	Display Frame 7
85.2008 	EXP 	Display Frame 8
85.2341 	EXP 	Display Frame 9
85.2675 	EXP 	Display Frame 0
85.3007 	EXP 	Display Frame 1
85.3341 	EXP 	Display Frame 2
85.3675 	EXP 	Display Frame 3
85.4008 	EXP 	Display Frame 4
85.4341 	EXP 	Display Frame 5
85.4674 	EXP 	Display Frame 6
85.5008 	EXP 	Display Frame 7
85.5341 	EXP 	Display Frame 8
85.5675 	EXP 	Display Frame 9
85.6008 	EXP 	Display Frame 0
85.6341 	EXP 	Display Frame 1
85.6675 	EXP 	Display Frame 2
85.7008 	EXP 	Display Frame 3
85.7341 	EXP 	Display Frame 4
85.7674 	EXP 	Display Frame 5
85.8008 	EXP 	Display Frame 6
85.8342 	EXP 	Display Frame 7
85.8675 	EXP 	Display Frame 8
85.9008 	EXP 	Display Frame 9
85.9341 	EXP 	Display Frame 0
85.9675 	EXP 	Display Frame 1
86.0008 	DATA 	Keypress: equal
86.0019 	EXP 	Display Frame 2
86.0341 	EXP 	Display Frame 3
86.0674 	EXP 	Display Frame 4
86.1008 	EXP 	Display Frame 5
86.1341 	EXP 	Display Frame 6
86.1674 	EXP 	Display Frame 7
86.2008 	EXP 	Display Frame 8
86.2341 	EXP 	Display Frame 9
86.2674 	EXP 	Display Frame 0
86.3007 	EXP 	Display Frame 1
86.3341 	EXP 	Display Frame 2
86.3674 	EXP 	Display Frame 3
86.4008 	EXP 	Display Frame 4
86.4342 	EXP 	Display Frame 5
86.4674 	EXP 	Display Frame 6
86.5008 	EXP 	Display Frame 7
86.5341 	EXP 	Display Frame 8
86.5675 	EXP 	Display Frame 9
86.6008 	EXP 	Display Frame 0
86.6341 	EXP 	Display Frame 1
86.6675 	EXP 	Display Frame 2
86.7008 	EXP 	Display Frame 3
86.7341 	EXP 	Display Frame 4
86.7675 	EXP 	Display Frame 5
86.8008 	EXP 	Display Frame 6
86.8341 	EXP 	Display Frame 7
86.8674 	EXP 	Display Frame 8
86.9008 	EXP 	Display Frame 9
86.9341 	EXP 	Display Frame 0
86.9674 	EXP 	Display Frame 1
87.0008 	EXP 	Display Frame 2
87.0341 	EXP 	Display Frame 3
87.0674 	EXP 	Display Frame 4
87.1008 	EXP 	Display Frame 5
87.1341 	EXP 	Display Frame 6
87.1674 	EXP 	Display Frame 7
87.2008 	EXP 	Display Frame 8
87.2341 	EXP 	Display Frame 9
87.2674 	EXP 	Display Frame 0
87.3008 	EXP 	Display Frame 1
87.3341 	EXP 	Display Frame 2
87.3675 	EXP 	Display Frame 3
87.4008 	EXP 	Display Frame 4
87.4341 	EXP 	Display Frame 5
87.4674 	EXP 	Display Frame 6
87.5008 	EXP 	Display Frame 7
87.5341 	EXP 	Display Frame 8
87.5674 	EXP 	Display Frame 9
87.6008 	EXP 	Display Frame 0
87.6341 	EXP 	Display Frame 1
87.6675 	EXP 	Display Frame 2
87.7008 	EXP 	Display Frame 3
87.7341 	EXP 	Display Frame 4
87.7674 	EXP 	Display Frame 5
87.8008 	EXP 	Display Frame 6
87.8341 	EXP 	Display Frame 7
87.8675 	EXP 	Display Frame 8
87.9008 	EXP 	Display Frame 9
87.9341 	EXP 	Display Frame 0
87.9674 	EXP 	Display Frame 1
88.0008 	EXP 	Display Frame 2
88.0341 	EXP 	Display Frame 3
88.0674 	EXP 	Display Frame 4
88.1008 	EXP 	Display Frame 5
88.1341 	EXP 	Display Frame 6
88.1675 	EXP 	Display Frame 7
88.2008 	EXP 	Display Frame 8
88.2341 	EXP 	Display Frame 9
88.2675 	EXP 	Display Frame 0
88.3007 	EXP 	Display Frame 1
88.3341 	EXP 	Display Frame 2
88.3674 	EXP 	Display Frame 3
88.4008 	EXP 	Display Frame 4
88.4341 	EXP 	Display Frame 5
88.4675 	EXP 	Display Frame 6
88.5008 	EXP 	Display Frame 7
88.5341 	EXP 	Display Frame 8
88.5675 	EXP 	Display Frame 9
88.6008 	EXP 	Display Frame 0
88.6341 	EXP 	Display Frame 1
88.6674 	EXP 	Display Frame 2
88.7008 	EXP 	Display Frame 3
88.7341 	EXP 	Display Frame 4
88.7674 	EXP 	Display Frame 5
88.8008 	EXP 	Display Frame 6
88.8341 	EXP 	Display Frame 7
88.8675 	EXP 	Display Frame 8
88.9008 	EXP 	Display Frame 9
88.9341 	EXP 	Display Frame 0
88.9674 	EXP 	Display Frame 1
89.0008 	EXP 	Display Frame 2
89.0341 	EXP 	Display Frame 3
89.0675 	EXP 	Display Frame 4
89.1008 	EXP 	Display Frame 5
89.1341 	EXP 	Display Frame 6
89.1675 	EXP 	Display Frame 7
89.2007 	EXP 	Display Frame 8
89.2341 	EXP 	Display Frame 9
89.2675 	EXP 	Display Frame 0
89.3008 	EXP 	Display Frame 1
89.3341 	EXP 	Display Frame 2
89.3675 	EXP 	Display Frame 3
89.4008 	EXP 	Display Frame 4
89.4341 	EXP 	Display Frame 5
89.4674 	EXP 	Display Frame 6
89.5009 	EXP 	Display Frame 7
89.5341 	EXP 	Display Frame 8
89.5675 	EXP 	Display Frame 9
89.6008 	EXP 	Display Frame 0
89.6341 	EXP 	Display Frame 1
89.6675 	EXP 	Display Frame 2
89.7008 	EXP 	Display Frame 3
89.7341 	EXP 	Display Frame 4
89.7675 	EXP 	Display Frame 5
89.8008 	EXP 	Display Frame 6
89.8341 	EXP 	Display Frame 7
89.8675 	EXP 	Display Frame 8
89.9008 	EXP 	Display Frame 9
89.9341 	EXP 	Display Frame 0
89.9675 	EXP 	Display Frame 1
90.0008 	EXP 	Display Frame 2
90.0341 	EXP 	Display Frame 3
90.0674 	EXP 	Display Frame 4
90.1008 	EXP 	Display Frame 5
90.1341 	EXP 	Display Frame 6
90.1674 	EXP 	Display Frame 7
90.2008 	EXP 	Display Frame 8
90.2341 	EXP 	Display Frame 9
90.2674 	EXP 	Display Frame 0
90.3008 	EXP 	Display Frame 1
90.3341 	EXP 	Display Frame 2
90.3674 	EXP 	Display Frame 3
90.4008 	EXP 	Display Frame 4
90.4341 	EXP 	Display Frame 5
90.4674 	EXP 	Display Frame 6
90.5008 	EXP 	Display Frame 7
90.5341 	EXP 	Display Frame 8
90.5674 	EXP 	Display Frame 9
90.6008 	EXP 	Display Frame 0
90.6341 	EXP 	Display Frame 1
90.6675 	EXP 	Display Frame 2
90.7007 	EXP 	Display Frame 3
90.7341 	EXP 	Display Frame 4
90.7674 	EXP 	Display Frame 5
90.8008 	EXP 	Display Frame 6
90.8341 	EXP 	Display Frame 7
90.8675 	EXP 	Display Frame 8
90.9008 	EXP 	Display Frame 9
90.9341 	EXP 	Display Frame 0
90.9674 	EXP 	Display Frame 1
91.0008 	EXP 	Display Frame 2
91.0341 	EXP 	Display Frame 3
91.0674 	EXP 	Display Frame 4
91.1008 	EXP 	Display Frame 5
91.1341 	EXP 	Display Frame 6
91.1674 	EXP 	Display Frame 7
91.2010 	DATA 	Keypress: equal
91.2021 	EXP 	Display Frame 8
91.2341 	EXP 	Display Frame 9
91.2674 	EXP 	Display Frame 0
91.3008 	EXP 	Display Frame 1
91.3341 	EXP 	Display Frame 2
91.3674 	EXP 	Display Frame 3
91.4008 	EXP 	Display Frame 4
91.4341 	EXP 	Display Frame 5
91.4674 	EXP 	Display Frame 6
91.5008 	EXP 	Display Frame 7
91.5341 	EXP 	Display Frame 8
91.5675 	EXP 	Display Frame 9
91.6008 	EXP 	Display Frame 0
91.6341 	EXP 	Display Frame 1
91.6674 	EXP 	Display Frame 2
91.7008 	EXP 	Display Frame 3
91.7341 	EXP 	Display Frame 4
91.7675 	EXP 	Display Frame 5
91.8007 	EXP 	Display Frame 6
91.8341 	EXP 	Display Frame 7
91.8675 	EXP 	Display Frame 8
91.9008 	EXP 	Display Frame 9
91.9341 	EXP 	Display Frame 0
91.9674 	EXP 	Display Frame 1
92.0008 	EXP 	Display Frame 2
92.0341 	EXP 	Display Frame 3
92.0675 	EXP 	Display Frame 4
92.1008 	EXP 	Display Frame 5
92.1341 	EXP 	Display Frame 6
92.1675 	EXP 	Display Frame 7
92.2007 	EXP 	Display Frame 8
92.2341 	EXP 	Display Frame 9
92.2674 	EXP 	Display Frame 0
92.3007 	EXP 	Display Frame 1
92.3341 	EXP 	Display Frame 2
92.3674 	EXP 	Display Frame 3
92.4008 	EXP 	Display Frame 4
92.4341 	EXP 	Display Frame 5
92.4675 	EXP 	Display Frame 6
92.5008 	EXP 	Display Frame 7
92.5341 	EXP 	Display Frame 8
92.5675 	EXP 	Display Frame 9
92.6008 	EXP 	Display Frame 0
92.6341 	EXP 	Display Frame 1
92.6674 	EXP 	Display Frame 2
92.7008 	EXP 	Display Frame 3
92.7341 	EXP 	Display Frame 4
92.7675 	EXP 	Display Frame 5
92.8007 	EXP 	Display Frame 6
92.8341 	EXP 	Display Frame 7
92.8674 	EXP 	Display Frame 8
92.9008 	EXP 	Display Frame 9
92.9341 	EXP 	Display Frame 0
92.9674 	EXP 	Display Frame 1
93.0007 	EXP 	Display Frame 2
93.0341 	EXP 	Display Frame 3
93.0674 	EXP 	Display Frame 4
93.1007 	EXP 	Display Frame 5
93.1341 	EXP 	Display Frame 6
93.1674 	EXP 	Display Frame 7
93.2008 	EXP 	Display Frame 8
93.2341 	EXP 	Display Frame 9
93.2674 	EXP 	Display Frame 0
93.3008 	EXP 	Display Frame 1
93.3341 	EXP 	Display Frame 2
93.3675 	EXP 	Display Frame 3
93.4008 	EXP 	Display Frame 4
93.4341 	EXP 	Display Frame 5
93.4674 	EXP 	Display Frame 6
93.5008 	EXP 	Display Frame 7
93.5341 	EXP 	Display Frame 8
93.5674 	EXP 	Display Frame 9
93.6008 	EXP 	Display Frame 0
93.6341 	EXP 	Display Frame 1
93.6674 	EXP 	Display Frame 2
93.7008 	EXP 	Display Frame 3
93.7341 	EXP 	Display Frame 4
93.7674 	EXP 	Display Frame 5
93.8009 	EXP 	Display Frame 6
93.8341 	EXP 	Display Frame 7
93.8674 	EXP 	Display Frame 8
93.9008 	EXP 	Display Frame 9
93.9341 	EXP 	Display Frame 0
93.9674 	EXP 	Display Frame 1
94.0008 	EXP 	Display Frame 2
94.0341 	EXP 	Display Frame 3
94.0674 	EXP 	Display Frame 4
94.1008 	EXP 	Display Frame 5
94.1341 	EXP 	Display Frame 6
94.1675 	EXP 	Display Frame 7
94.2007 	EXP 	Display Frame 8
94.2341 	EXP 	Display Frame 9
94.2674 	EXP 	Display Frame 0
94.3008 	EXP 	Display Frame 1
94.3341 	EXP 	Display Frame 2
94.3674 	EXP 	Display Frame 3
94.4008 	EXP 	Display Frame 4
94.4341 	EXP 	Display Frame 5
94.4674 	EXP 	Display Frame 6
94.5008 	EXP 	Display Frame 7
94.5341 	EXP 	Display Frame 8
94.5674 	EXP 	Display Frame 9
94.6008 	EXP 	Display Frame 0
94.6341 	EXP 	Display Frame 1
94.6674 	EXP 	Display Frame 2
94.7008 	EXP 	Display Frame 3
94.7341 	EXP 	Display Frame 4
94.7675 	EXP 	Display Frame 5
94.8008 	EXP 	Display Frame 6
94.8341 	EXP 	Display Frame 7
94.8674 	EXP 	Display Frame 8
94.9008 	EXP 	Display Frame 9
94.9341 	EXP 	Display Frame 0
94.9674 	EXP 	Display Frame 1
95.0008 	EXP 	Display Frame 2
95.0341 	EXP 	Display Frame 3
95.0674 	EXP 	Display Frame 4
95.1008 	EXP 	Display Frame 5
95.1341 	EXP 	Display Frame 6
95.1675 	EXP 	Display Frame 7
95.2008 	EXP 	Display Frame 8
95.2341 	EXP 	Display Frame 9
95.2675 	EXP 	Display Frame 0
95.3008 	EXP 	Display Frame 1
95.3341 	EXP 	Display Frame 2
95.3674 	EXP 	Display Frame 3
95.4008 	EXP 	Display Frame 4
95.4341 	EXP 	Display Frame 5
95.4674 	EXP 	Display Frame 6
95.5008 	EXP 	Display Frame 7
95.5341 	EXP 	Display Frame 8
95.5675 	EXP 	Display Frame 9
95.6008 	EXP 	Display Frame 0
95.6341 	EXP 	Display Frame 1
95.6675 	EXP 	Display Frame 2
95.7007 	EXP 	Display Frame 3
95.7341 	EXP 	Display Frame 4
95.7674 	EXP 	Display Frame 5
95.8008 	EXP 	Display Frame 6
95.8343 	EXP 	Display Frame 7
95.8674 	EXP 	Display Frame 8
95.9008 	EXP 	Display Frame 9
95.9341 	EXP 	Display Frame 0
95.9675 	EXP 	Display Frame 1
96.0008 	EXP 	Display Frame 2
96.0341 	EXP 	Display Frame 3
96.0675 	EXP 	Display Frame 4
96.1008 	EXP 	Display Frame 5
96.1341 	EXP 	Display Frame 6
96.1674 	EXP 	Display Frame 7
96.2008 	EXP 	Display Frame 8
96.2341 	EXP 	Display Frame 9
96.2675 	EXP 	Display Frame 0
96.3007 	EXP 	Display Frame 1
96.3341 	EXP 	Display Frame 2
96.3674 	EXP 	Display Frame 3
96.4008 	DATA 	Keypress: equal
96.4019 	EXP 	Display Frame 4
96.4341 	EXP 	Display Frame 5
96.4674 	EXP 	Display Frame 6
96.5008 	EXP 	Display Frame 7
96.5341 	EXP 	Display Frame 8
96.5674 	EXP 	Display Frame 9
96.6008 	EXP 	Display Frame 0
96.6341 	EXP 	Display Frame 1
96.6674 	EXP 	Display Frame 2
96.7008 	EXP 	Display Frame 3
96.7341 	EXP 	Display Frame 4
96.7674 	EXP 	Display Frame 5
96.8008 	EXP 	Display Frame 6
96.8341 	EXP 	Display Frame 7
96.8674 	EXP 	Display Frame 8
96.9008 	EXP 	Display Frame 9
96.9341 	EXP 	Display Frame 0
96.9674 	EXP 	Display Frame 1
97.0008 	EXP 	Display Frame 2
97.0341 	EXP 	Display Frame 3
97.0674 	EXP 	Display Frame 4
97.1008 	EXP 	Display Frame 5
97.1341 	EXP 	Display Frame 6
97.1674 	EXP 	Display Frame 7
97.2008 	EXP 	Display Frame 8
97.2341 	EXP 	Display Frame 9
97.2675 	EXP 	Display Frame 0
97.3007 	EXP 	Display Frame 1
97.3341 	EXP 	Display Frame 2
97.3674 	EXP 	Display Frame 3
97.4008 	EXP 	Display Frame 4
97.4341 	EXP 	Display Frame 5
97.4674 	EXP 	Display Frame 6
97.5008 	EXP 	Display Frame 7
97.5341 	EXP 	Display Frame 8
97.5675 	EXP 	Display Frame 9
97.6008 	EXP 	Display Frame 0
97.6341 	EXP 	Display Frame 1
97.6674 	EXP 	Display Frame 2
97.7007 	EXP 	Display Frame 3
97.7341 	EXP 	Display Frame 4
97.7675 	EXP 	Display Frame 5
97.8008 	EXP 	Display Frame 6
97.8341 	EXP 	Display Frame 7
97.8674 	EXP 	Display Frame 8
97.9008 	EXP 	Display Frame 9
97.9341 	EXP 	Display Frame 0
97.9674 	EXP 	Display Frame 1
98.0008 	EXP 	Display Frame 2
98.0341 	EXP 	Display Frame 3
98.0674 	EXP 	Display Frame 4
98.1008 	EXP 	Display Frame 5
98.1341 	EXP 	Display Frame 6
98.1674 	EXP 	Display Frame 7
98.2008 	EXP 	Display Frame 8
98.2341 	EXP 	Display Frame 9
98.2675 	EXP 	Display Frame 0
98.3008 	EXP 	Display Frame 1
98.3341 	EXP 	Display Frame 2
98.3674 	EXP 	Display Frame 3
98.4008 	EXP 	Display Frame 4
98.4341 	EXP 	Display Frame 5
98.4674 	EXP 	Display Frame 6
98.5008 	EXP 	Display Frame 7
98.5341 	EXP 	Display Frame 8
98.5674 	EXP 	Display Frame 9
98.6008 	EXP 	Display Frame 0
98.6341 	EXP 	Display Frame 1
98.6674 	EXP 	Display Frame 2
98.7008 	EXP 	Display Frame 3
98.7341 	EXP 	Display Frame 4
98.7674 	EXP 	Display Frame 5
98.8008 	EXP 	Display Frame 6
98.8341 	EXP 	Display Frame 7
98.8674 	EXP 	Display Frame 8
98.9008 	EXP 	Display Frame 9
98.9341 	EXP 	Display Frame 0
98.9674 	EXP 	Display Frame 1
99.0008 	EXP 	Display Frame 2
99.0341 	EXP 	Display Frame 3
99.0675 	EXP 	Display Frame 4
99.1008 	EXP 	Display Frame 5
99.1342 	EXP 	Display Frame 6
99.1674 	EXP 	Display Frame 7
99.2007 	EXP 	Display Frame 8
99.2341 	EXP 	Display Frame 9
99.2674 	EXP 	Display Frame 0
99.3008 	EXP 	Display Frame 1
99.3341 	EXP 	Display Frame 2
99.3674 	EXP 	Display Frame 3
99.4008 	EXP 	Display Frame 4
99.4341 	EXP 	Display Frame 5
99.4674 	EXP 	Display Frame 6
99.5008 	EXP 	Display Frame 7
99.5341 	EXP 	Display Frame 8
99.5674 	EXP 	Display Frame 9
99.6008 	EXP 	Display Frame 0
99.6341 	EXP 	Display Frame 1
99.6674 	EXP 	Display Frame 2
99.7008 	EXP 	Display Frame 3
99.7341 	EXP 	Display Frame 4
99.7674 	EXP 	Display Frame 5
99.8008 	EXP 	Display Frame 6
99.8341 	EXP 	Display Frame 7
99.8675 	EXP 	Display Frame 8
99.9008 	EXP 	Display Frame 9
99.9341 	EXP 	Display Frame 0
99.9675 	EXP 	Display Frame 1
100.0008 	EXP 	Display Frame 2
100.0433 	EXP 	Display Frame 3
100.0675 	EXP 	Display Frame 4
100.1008 	EXP 	Display Frame 5
100.1342 	EXP 	Display Frame 6
100.1675 	EXP 	Display Frame 7
100.2009 	EXP 	Display Frame 8
100.2342 	EXP 	Display Frame 9
100.2675 	EXP 	Display Frame 0
100.3009 	EXP 	Display Frame 1
100.3342 	EXP 	Display Frame 2
100.3676 	EXP 	Display Frame 3
100.4009 	EXP 	Display Frame 4
100.4342 	EXP 	Display Frame 5
100.4675 	EXP 	Display Frame 6
100.5009 	EXP 	Display Frame 7
100.5342 	EXP 	Display Frame 8
100.5676 	EXP 	Display Frame 9
100.6009 	EXP 	Display Frame 0
100.6342 	EXP 	Display Frame 1
100.6675 	EXP 	Display Frame 2
100.7009 	EXP 	Display Frame 3
100.7342 	EXP 	Display Frame 4
100.7675 	EXP 	Display Frame 5
100.8009 	EXP 	Display Frame 6
100.8344 	EXP 	Display Frame 7
100.8675 	EXP 	Display Frame 8
100.9009 	EXP 	Display Frame 9
100.9342 	EXP 	Display Frame 0
100.9675 	EXP 	Display Frame 1
101.0009 	EXP 	Display Frame 2
101.0342 	EXP 	Display Frame 3
101.0676 	EXP 	Display Frame 4
101.1009 	EXP 	Display Frame 5
101.1342 	EXP 	Display Frame 6
101.1675 	EXP 	Display Frame 7
101.2008 	EXP 	Display Frame 8
101.2342 	EXP 	Display Frame 9
101.2675 	EXP 	Display Frame 0
101.3009 	EXP 	Display Frame 1
101.3342 	EXP 	Display Frame 2
101.3675 	EXP 	Display Frame 3
101.4009 	EXP 	Display Frame 4
101.4342 	EXP 	Display Frame 5
101.4675 	EXP 	Display Frame 6
101.5010 	EXP 	Display Frame 7
101.5342 	EXP 	Display Frame 8
101.5675 	EXP 	Display Frame 9
101.5683 	DATA 	Keypress: equal
101.6011 	EXP 	Display Frame 0
101.6342 	EXP 	Display Frame 1
101.6675 	EXP 	Display Frame 2
101.7009 	EXP 	Display Frame 3
101.7343 	EXP 	Display Frame 4
101.7675 	EXP 	Display Frame 5
101.8009 	EXP 	Display Frame 6
101.8342 	EXP 	Display Frame 7
101.8675 	EXP 	Display Frame 8
101.9009 	EXP 	Display Frame 9
101.9342 	EXP 	Display Frame 0
101.9675 	EXP 	Display Frame 1
102.0009 	EXP 	Display Frame 2
102.0342 	EXP 	Display Frame 3
102.0675 	EXP 	Display Frame 4
102.1009 	EXP 	Display Frame 5
102.1342 	EXP 	Display Frame 6
102.1675 	EXP 	Display Frame 7
102.2011 	EXP 	Display Frame 8
102.2342 	EXP 	Display Frame 9
102.2676 	EXP 	Display Frame 0
102.3009 	EXP 	Display Frame 1
102.3343 	EXP 	Display Frame 2
102.3675 	EXP 	Display Frame 3
102.4009 	EXP 	Display Frame 4
102.4342 	EXP 	Display Frame 5
102.4675 	EXP 	Display Frame 6
102.5009 	EXP 	Display Frame 7
102.5342 	EXP 	Display Frame 8
102.5675 	EXP 	Display Frame 9
102.6009 	EXP 	Display Frame 0
102.6342 	EXP 	Display Frame 1
102.6676 	EXP 	Display Frame 2
102.7009 	EXP 	Display Frame 3
102.7342 	EXP 	Display Frame 4
102.7675 	EXP 	Display Frame 5
102.8009 	EXP 	Display Frame 6
102.8342 	EXP 	Display Frame 7
102.8675 	EXP 	Display Frame 8
102.9009 	EXP 	Display Frame 9
102.9342 	EXP 	Display Frame 0
102.9675 	EXP 	Display Frame 1
103.0009 	EXP 	Display Frame 2
103.0342 	EXP 	Display Frame 3
103.0676 	EXP 	Display Frame 4
103.1009 	EXP 	Display Frame 5
103.1342 	EXP 	Display Frame 6
103.1676 	EXP 	Display Frame 7
103.2008 	EXP 	Display Frame 8
103.2342 	EXP 	Display Frame 9
103.2675 	EXP 	Display Frame 0
103.3009 	EXP 	Display Frame 1
103.3342 	EXP 	Display Frame 2
103.3675 	EXP 	Display Frame 3
103.4009 	EXP 	Display Frame 4
103.4342 	EXP 	Display Frame 5
103.4676 	EXP 	Display Frame 6
103.5009 	EXP 	Display Frame 7
103.5342 	EXP 	Display Frame 8
103.5676 	EXP 	Display Frame 9
103.6009 	EXP 	Display Frame 0
103.6342 	EXP 	Display Frame 1
103.6676 	EXP 	Display Frame 2
103.7009 	EXP 	Display Frame 3
103.7342 	EXP 	Display Frame 4
103.7675 	EXP 	Display Frame 5
103.8009 	EXP 	Display Frame 6
103.8342 	EXP 	Display Frame 7
103.8676 	EXP 	Display Frame 8
103.9009 	EXP 	Display Frame 9
103.9342 	EXP 	Display Frame 0
103.9675 	EXP 	Display Frame 1
104.0009 	EXP 	Display Frame 2
104.0343 	EXP 	Display Frame 3
104.0675 	EXP 	Display Frame 4
104.1009 	EXP 	Display Frame 5
104.1342 	EXP 	Display Frame 6
104.1676 	EXP 	Display Frame 7
104.2009 	EXP 	Display Frame 8
104.2342 	EXP 	Display Frame 9
104.2676 	EXP 	Display Frame 0
104.3009 	EXP 	Display Frame 1
104.3342 	EXP 	Display Frame 2
104.3676 	EXP 	Display Frame 3
104.4009 	EXP 	Display Frame 4
104.4342 	EXP 	Display Frame 5
104.4675 	EXP 	Display Frame 6
104.5009 	EXP 	Display Frame 7
104.5342 	EXP 	Display Frame 8
104.5675 	EXP 	Display Frame 9
104.6009 	EXP 	Display Frame 0
104.6342 	EXP 	Display Frame 1
104.6676 	EXP 	Display Frame 2
104.7009 	EXP 	Display Frame 3
104.7342 	EXP 	Display Frame 4
104.7675 	EXP 	Display Frame 5
104.8009 	EXP 	Display Frame 6
104.8342 	EXP 	Display Frame 7
104.8675 	EXP 	Display Frame 8
104.9009 	EXP 	Display Frame 9
104.9342 	EXP 	Display Frame 0
104.9676 	EXP 	Display Frame 1
105.0009 	EXP 	Display Frame 2
105.0342 	EXP 	Display Frame 3
105.0676 	EXP 	Display Frame 4
105.1009 	EXP 	Display Frame 5
105.1342 	EXP 	Display Frame 6
105.1675 	EXP 	Display Frame 7
105.2009 	EXP 	Display Frame 8
105.2343 	EXP 	Display Frame 9
105.2675 	EXP 	Display Frame 0
105.3009 	EXP 	Display Frame 1
105.3342 	EXP 	Display Frame 2
105.3676 	EXP 	Display Frame 3
105.4009 	EXP 	Display Frame 4
105.4342 	EXP 	Display Frame 5
105.4676 	EXP 	Display Frame 6
105.5009 	EXP 	Display Frame 7
105.5342 	EXP 	Display Frame 8
105.5675 	EXP 	Display Frame 9
105.6009 	EXP 	Display Frame 0
105.6343 	EXP 	Display Frame 1
105.6676 	EXP 	Display Frame 2
105.7009 	EXP 	Display Frame 3
105.7342 	EXP 	Display Frame 4
105.7676 	EXP 	Display Frame 5
105.8009 	EXP 	Display Frame 6
105.8342 	EXP 	Display Frame 7
105.8676 	EXP 	Display Frame 8
105.9009 	EXP 	Display Frame 9
105.9342 	EXP 	Display Frame 0
105.9676 	EXP 	Display Frame 1
106.0009 	EXP 	Display Frame 2
106.0342 	EXP 	Display Frame 3
106.0676 	EXP 	Display Frame 4
106.1009 	EXP 	Display Frame 5
106.1342 	EXP 	Display Frame 6
106.1676 	EXP 	Display Frame 7
106.2009 	EXP 	Display Frame 8
106.2342 	EXP 	Display Frame 9
106.2676 	EXP 	Display Frame 0
106.3009 	EXP 	Display Frame 1
106.3342 	EXP 	Display Frame 2
106.3676 	EXP 	Display Frame 3
106.4009 	EXP 	Display Frame 4
106.4342 	EXP 	Display Frame 5
106.4675 	EXP 	Display Frame 6
106.5009 	EXP 	Display Frame 7
106.5342 	EXP 	Display Frame 8
106.5676 	EXP 	Display Frame 9
106.6009 	EXP 	Display Frame 0
106.6342 	EXP 	Display Frame 1
106.6676 	EXP 	Display Frame 2
106.7009 	EXP 	Display Frame 3
106.7342 	EXP 	Display Frame 4
106.7675 	DATA 	Keypress: equal
106.7686 	EXP 	Display Frame 5
106.7850 	EXP 	Display Fixation
111.9550 	DATA 	Keypress: equal
117.1480 	DATA 	Keypress: equal
122.3421 	DATA 	Keypress: equal
127.5359 	DATA 	Keypress: equal
132.7293 	DATA 	Keypress: equal
137.9232 	DATA 	Keypress: equal
137.9576 	EXP 	Display Frame 1
137.9909 	EXP 	Display Frame 2
138.0241 	EXP 	Display Frame 3
138.0575 	EXP 	Display Frame 4
138.0908 	EXP 	Display Frame 5
138.1244 	EXP 	Display Frame 6
138.1577 	EXP 	Display Frame 7
138.1909 	EXP 	Display Frame 8
138.2242 	EXP 	Display Frame 9
138.2575 	EXP 	Display Frame 0
138.2908 	EXP 	Display Frame 1
138.3241 	EXP 	Display Frame 2
138.3575 	EXP 	Display Frame 3
138.3908 	EXP 	Display Frame 4
138.4242 	EXP 	Display Frame 5
138.4575 	EXP 	Display Frame 6
138.4908 	EXP 	Display Frame 7
138.5241 	EXP 	Display Frame 8
138.5575 	EXP 	Display Frame 9
138.5908 	EXP 	Display Frame 0
138.6241 	EXP 	Display Frame 1
138.6575 	EXP 	Display Frame 2
138.6908 	EXP 	Display Frame 3
138.7242 	EXP 	Display Frame 4
138.7575 	EXP 	Display Frame 5
138.7908 	EXP 	Display Frame 6
138.8242 	EXP 	Display Frame 7
138.8575 	EXP 	Display Frame 8
138.8908 	EXP 	Display Frame 9
138.9241 	EXP 	Display Frame 0
138.9574 	EXP 	Display Frame 1
138.9908 	EXP 	Display Frame 2
139.0242 	EXP 	Display Frame 3
139.0574 	EXP 	Display Frame 4
139.0908 	EXP 	Display Frame 5
139.1241 	EXP 	Display Frame 6
139.1575 	EXP 	Display Frame 7
139.1908 	EXP 	Display Frame 8
139.2241 	EXP 	Display Frame 9
139.2575 	EXP 	Display Frame 0
139.2908 	EXP 	Display Frame 1
139.3242 	EXP 	Display Frame 2
139.3574 	EXP 	Display Frame 3
139.3908 	EXP 	Display Frame 4
139.4241 	EXP 	Display Frame 5
139.4574 	EXP 	Display Frame 6
139.4908 	EXP 	Display Frame 7
139.5241 	EXP 	Display Frame 8
139.5574 	EXP 	Display Frame 9
139.5908 	EXP 	Display Frame 0
139.6241 	EXP 	Display Frame 1
139.6575 	EXP 	Display Frame 2
139.6908 	EXP 	Display Frame 3
139.7241 	EXP 	Display Frame 4
139.7575 	EXP 	Display Frame 5
139.7907 	EXP 	Display Frame 6
139.8242 	EXP 	Display Frame 7
139.8575 	EXP 	Display Frame 8
139.8908 	EXP 	Display Frame 9
139.9241 	EXP 	Display Frame 0
139.9574 	EXP 	Display Frame 1
139.9908 	EXP 	Display Frame 2
140.0241 	EXP 	Display Frame 3
140.0575 	EXP 	Display Frame 4
140.0908 	EXP 	Display Frame 5
140.1241 	EXP 	Display Frame 6
140.1576 	EXP 	Display Frame 7
140.1910 	EXP 	Display Frame 8
140.2244 	EXP 	Display Frame 9
140.2577 	EXP 	Display Frame 0
140.2911 	EXP 	Display Frame 1
140.3244 	EXP 	Display Frame 2
140.3577 	EXP 	Display Frame 3
140.3910 	EXP 	Display Frame 4
140.4243 	EXP 	Display Frame 5
140.4576 	EXP 	Display Frame 6
140.4909 	EXP 	Display Frame 7
140.5243 	EXP 	Display Frame 8
140.5579 	EXP 	Display Frame 9
140.5910 	EXP 	Display Frame 0
140.6243 	EXP 	Display Frame 1
140.6578 	EXP 	Display Frame 2
140.6908 	EXP 	Display Frame 3
140.7241 	EXP 	Display Frame 4
140.7574 	EXP 	Display Frame 5
140.7908 	EXP 	Display Frame 6
140.8242 	EXP 	Display Frame 7
140.8574 	EXP 	Display Frame 8
140.8908 	EXP 	Display Frame 9
140.9241 	EXP 	Display Frame 0
140.9575 	EXP 	Display Frame 1
140.9908 	EXP 	Display Frame 2
141.0241 	EXP 	Display Frame 3
141.0574 	EXP 	Display Frame 4
141.0908 	EXP 	Display Frame 5
141.1241 	EXP 	Display Frame 6
141.1574 	EXP 	Display Frame 7
141.1908 	EXP 	Display Frame 8
141.2241 	EXP 	Display Frame 9
141.2574 	EXP 	Display Frame 0
141.2908 	EXP 	Display Frame 1
141.3241 	EXP 	Display Frame 2
141.3575 	EXP 	Display Frame 3
141.3908 	EXP 	Display Frame 4
141.4241 	EXP 	Display Frame 5
141.4575 	EXP 	Display Frame 6
141.4908 	EXP 	Display Frame 7
141.5241 	EXP 	Display Frame 8
141.5576 	EXP 	Display Frame 9
141.5910 	EXP 	Display Frame 0
141.6243 	EXP 	Display Frame 1
141.6574 	EXP 	Display Frame 2
141.6910 	EXP 	Display Frame 3
141.7243 	EXP 	Display Frame 4
141.7576 	EXP 	Display Frame 5
141.7910 	EXP 	Display Frame 6
141.8243 	EXP 	Display Frame 7
141.8577 	EXP 	Display Frame 8
141.8908 	EXP 	Display Frame 9
141.9244 	EXP 	Display Frame 0
141.9577 	EXP 	Display Frame 1
141.9910 	EXP 	Display Frame 2
142.0244 	EXP 	Display Frame 3
142.0575 	EXP 	Display Frame 4
142.0908 	EXP 	Display Frame 5
142.1241 	EXP 	Display Frame 6
142.1575 	EXP 	Display Frame 7
142.1910 	EXP 	Display Frame 8
142.2241 	EXP 	Display Frame 9
142.2575 	EXP 	Display Frame 0
142.2908 	EXP 	Display Frame 1
142.3241 	EXP 	Display Frame 2
142.3574 	EXP 	Display Frame 3
142.3908 	EXP 	Display Frame 4
142.4241 	EXP 	Display Frame 5
142.4575 	EXP 	Display Frame 6
142.4908 	EXP 	Display Frame 7
142.5241 	EXP 	Display Frame 8
142.5574 	EXP 	Display Frame 9
142.5908 	EXP 	Display Frame 0
142.6241 	EXP 	Display Frame 1
142.6574 	EXP 	Display Frame 2
142.6908 	EXP 	Display Frame 3
142.7241 	EXP 	Display Frame 4
142.7575 	EXP 	Display Frame 5
142.7908 	EXP 	Display Frame 6
142.8241 	EXP 	Display Frame 7
142.8574 	EXP 	Display Frame 8
142.8908 	EXP 	Display Frame 9
142.9241 	EXP 	Display Frame 0
142.9574 	EXP 	Display Frame 1
142.9908 	EXP 	Display Frame 2
143.0241 	EXP 	Display Frame 3
143.0575 	EXP 	Display Frame 4
143.0908 	EXP 	Display Frame 5
143.1242 	DATA 	Keypress: equal
143.1253 	EXP 	Display Frame 6
143.1574 	EXP 	Display Frame 7
143.1908 	EXP 	Display Frame 8
143.2241 	EXP 	Display Frame 9
143.2574 	EXP 	Display Frame 0
143.2908 	EXP 	Display Frame 1
143.3241 	EXP 	Display Frame 2
143.3575 	EXP 	Display Frame 3
143.3908 	EXP 	Display Frame 4
143.4241 	EXP 	Display Frame 5
143.4574 	EXP 	Display Frame 6
143.4908 	EXP 	Display Frame 7
143.5242 	EXP 	Display Frame 8
143.5574 	EXP 	Display Frame 9
143.5908 	EXP 	Display Frame 0
143.6241 	EXP 	Display Frame 1
143.6575 	EXP 	Display Frame 2
143.6908 	EXP 	Display Frame 3
143.7241 	EXP 	Display Frame 4
143.7575 	EXP 	Display Frame 5
143.7908 	EXP 	Display Frame 6
143.8241 	EXP 	Display Frame 7
143.8575 	EXP 	Display Frame 8
143.8908 	EXP 	Display Frame 9
143.9241 	EXP 	Display Frame 0
143.9574 	EXP 	Display Frame 1
143.9908 	EXP 	Display Frame 2
144.0241 	EXP 	Display Frame 3
144.0574 	EXP 	Display Frame 4
144.0908 	EXP 	Display Frame 5
144.1241 	EXP 	Display Frame 6
144.1575 	EXP 	Display Frame 7
144.1908 	EXP 	Display Frame 8
144.2241 	EXP 	Display Frame 9
144.2575 	EXP 	Display Frame 0
144.2908 	EXP 	Display Frame 1
144.3241 	EXP 	Display Frame 2
144.3574 	EXP 	Display Frame 3
144.3908 	EXP 	Display Frame 4
144.4241 	EXP 	Display Frame 5
144.4574 	EXP 	Display Frame 6
144.4908 	EXP 	Display Frame 7
144.5241 	EXP 	Display Frame 8
144.5574 	EXP 	Display Frame 9
144.5907 	EXP 	Display Frame 0
144.6241 	EXP 	Display Frame 1
144.6575 	EXP 	Display Frame 2
144.6907 	EXP 	Display Frame 3
144.7241 	EXP 	Display Frame 4
144.7574 	EXP 	Display Frame 5
144.7908 	EXP 	Display Frame 6
144.8241 	EXP 	Display Frame 7
144.8574 	EXP 	Display Frame 8
144.8908 	EXP 	Display Frame 9
144.9241 	EXP 	Display Frame 0
144.9574 	EXP 	Display Frame 1
144.9908 	EXP 	Display Frame 2
145.0241 	EXP 	Display Frame 3
145.0575 	EXP 	Display Frame 4
145.0908 	EXP 	Display Frame 5
145.1241 	EXP 	Display Frame 6
145.1575 	EXP 	Display Frame 7
145.1908 	EXP 	Display Frame 8
145.2241 	EXP 	Display Frame 9
145.2574 	EXP 	Display Frame 0
145.2908 	EXP 	Display Frame 1
145.3241 	EXP 	Display Frame 2
145.3575 	EXP 	Display Frame 3
145.3908 	EXP 	Display Frame 4
145.4241 	EXP 	Display Frame 5
145.4576 	EXP 	Display Frame 6
145.4908 	EXP 	Display Frame 7
145.5241 	EXP 	Display Frame 8
145.5574 	EXP 	Display Frame 9
145.5908 	EXP 	Display Frame 0
145.6251 	EXP 	Display Frame 1
145.6575 	EXP 	Display Frame 2
145.6908 	EXP 	Display Frame 3
145.7242 	EXP 	Display Frame 4
145.7575 	EXP 	Display Frame 5
145.7908 	EXP 	Display Frame 6
145.8241 	EXP 	Display Frame 7
145.8575 	EXP 	Display Frame 8
145.8908 	EXP 	Display Frame 9
145.9241 	EXP 	Display Frame 0
145.9574 	EXP 	Display Frame 1
145.9908 	EXP 	Display Frame 2
146.0241 	EXP 	Display Frame 3
146.0574 	EXP 	Display Frame 4
146.0908 	EXP 	Display Frame 5
146.1241 	EXP 	Display Frame 6
146.1574 	EXP 	Display Frame 7
146.1908 	EXP 	Display Frame 8
146.2241 	EXP 	Display Frame 9
146.2575 	EXP 	Display Frame 0
146.2908 	EXP 	Display Frame 1
146.3241 	EXP 	Display Frame 2
146.3575 	EXP 	Display Frame 3
146.3908 	EXP 	Display Frame 4
146.4241 	EXP 	Display Frame 5
146.4574 	EXP 	Display Frame 6
146.4908 	EXP 	Display Frame 7
146.5241 	EXP 	Display Frame 8
146.5574 	EXP 	Display Frame 9
146.5908 	EXP 	Display Frame 0
146.6241 	EXP 	Display Frame 1
146.6575 	EXP 	Display Frame 2
146.6908 	EXP 	Display Frame 3
146.7241 	EXP 	Display Frame 4
146.7574 	EXP 	Display Frame 5
146.7908 	EXP 	Display Frame 6
146.8241 	EXP 	Display Frame 7
146.8575 	EXP 	Display Frame 8
146.8908 	EXP 	Display Frame 9
146.9241 	EXP 	Display Frame 0
146.9574 	EXP 	Display Frame 1
146.9908 	EXP 	Display Frame 2
147.0242 	EXP 	Display Frame 3
147.0575 	EXP 	Display Frame 4
147.0908 	EXP 	Display Frame 5
147.1241 	EXP 	Display Frame 6
147.1575 	EXP 	Display Frame 7
147.1908 	EXP 	Display Frame 8
147.2241 	EXP 	Display Frame 9
147.2575 	EXP 	Display Frame 0
147.2908 	EXP 	Display Frame 1
147.3241 	EXP 	Display Frame 2
147.3574 	EXP 	Display Frame 3
147.3908 	EXP 	Display Frame 4
147.4241 	EXP 	Display Frame 5
147.4575 	EXP 	Display Frame 6
147.4908 	EXP 	Display Frame 7
147.5241 	EXP 	Display Frame 8
147.5574 	EXP 	Display Frame 9
147.5908 	EXP 	Display Frame 0
147.6241 	EXP 	Display Frame 1
147.6575 	EXP 	Display Frame 2
147.6908 	EXP 	Display Frame 3
147.7241 	EXP 	Display Frame 4
147.7574 	EXP 	Display Frame 5
147.7908 	EXP 	Display Frame 6
147.8241 	EXP 	Display Frame 7
147.8574 	EXP 	Display Frame 8
147.8908 	EXP 	Display Frame 9
147.9241 	EXP 	Display Frame 0
147.9574 	EXP 	Display Frame 1
147.9908 	EXP 	Display Frame 2
148.0241 	EXP 	Display Frame 3
148.0574 	EXP 	Display Frame 4
148.0908 	EXP 	Display Frame 5
148.1241 	EXP 	Display Frame 6
148.1575 	EXP 	Display Frame 7
148.1908 	EXP 	Display Frame 8
148.2241 	EXP 	Display Frame 9
148.2574 	EXP 	Display Frame 0
148.2908 	EXP 	Display Frame 1
148.3242 	DATA 	Keypress: equal
148.3253 	EXP 	Display Frame 2
148.3575 	EXP 	Display Frame 3
148.3908 	EXP 	Display Frame 4
148.4241 	EXP 	Display Frame 5
148.4574 	EXP 	Display Frame 6
148.4908 	EXP 	Display Frame 7
148.5241 	EXP 	Display Frame 8
148.5574 	EXP 	Display Frame 9
148.5908 	EXP 	Display Frame 0
148.6241 	EXP 	Display Frame 1
148.6575 	EXP 	Display Frame 2
148.6908 	EXP 	Display Frame 3
148.7241 	EXP 	Display Frame 4
148.7574 	EXP 	Display Frame 5
148.7908 	EXP 	Display Frame 6
148.8241 	EXP 	Display Frame 7
148.8574 	EXP 	Display Frame 8
148.8908 	EXP 	Display Frame 9
148.9241 	EXP 	Display Frame 0
148.9574 	EXP 	Display Frame 1
148.9908 	EXP 	Display Frame 2
149.0241 	EXP 	Display Frame 3
149.0574 	EXP 	Display Frame 4
149.0908 	EXP 	Display Frame 5
149.1241 	EXP 	Display Frame 6
149.1574 	EXP 	Display Frame 7
149.1908 	EXP 	Display Frame 8
149.2241 	EXP 	Display Frame 9
149.2574 	EXP 	Display Frame 0
149.2908 	EXP 	Display Frame 1
149.3241 	EXP 	Display Frame 2
149.3575 	EXP 	Display Frame 3
149.3908 	EXP 	Display Frame 4
149.4241 	EXP 	Display Frame 5
149.4575 	EXP 	Display Frame 6
149.4908 	EXP 	Display Frame 7
149.5241 	EXP 	Display Frame 8
149.5575 	EXP 	Display Frame 9
149.5908 	EXP 	Display Frame 0
149.6241 	EXP 	Display Frame 1
149.6575 	EXP 	Display Frame 2
149.6908 	EXP 	Display Frame 3
149.7241 	EXP 	Display Frame 4
149.7574 	EXP 	Display Frame 5
149.7908 	EXP 	Display Frame 6
149.8241 	EXP 	Display Frame 7
149.8575 	EXP 	Display Frame 8
149.8908 	EXP 	Display Frame 9
149.9241 	EXP 	Display Frame 0
149.9574 	EXP 	Display Frame 1
149.9908 	EXP 	Display Frame 2
150.0241 	EXP 	Display Frame 3
150.0575 	EXP 	Display Frame 4
150.0908 	EXP 	Display Frame 5
150.1241 	EXP 	Display Frame 6
150.1574 	EXP 	Display Frame 7
150.1908 	EXP 	Display Frame 8
150.2241 	EXP 	Display Frame 9
150.2574 	EXP 	Display Frame 0
150.2908 	EXP 	Display Frame 1
150.3241 	EXP 	Display Frame 2
150.3575 	EXP 	Display Frame 3
150.3908 	EXP 	Display Frame 4
150.4241 	EXP 	Display Frame 5
150.4575 	EXP 	Display Frame 6
150.4908 	EXP 	Display Frame 7
150.5241 	EXP 	Display Frame 8
150.5574 	EXP 	Display Frame 9
150.5908 	EXP 	Display Frame 0
150.6241 	EXP 	Display Frame 1
150.6575 	EXP 	Display Frame 2
150.6908 	EXP 	Display Frame 3
150.7241 	EXP 	Display Frame 4
150.7575 	EXP 	Display Frame 5
150.7908 	EXP 	Display Frame 6
150.8241 	EXP 	Display Frame 7
150.8574 	EXP 	Display Frame 8
150.8908 	EXP 	Display Frame 9
150.9241 	EXP 	Display Frame 0
150.9574 	EXP 	Display Frame 1
150.9908 	EXP 	Display Frame 2
151.0241 	EXP 	Display Frame 3
151.0575 	EXP 	Display Frame 4
151.0908 	EXP 	Display Frame 5
151.1241 	EXP 	Display Frame 6
151.1574 	EXP 	Display Frame 7
151.1908 	EXP 	Display Frame 8
151.2241 	EXP 	Display Frame 9
151.2575 	EXP 	Display Frame 0
151.2908 	EXP 	Display Frame 1
151.3241 	EXP 	Display Frame 2
151.3575 	EXP 	Display Frame 3
151.3908 	EXP 	Display Frame 4
151.4241 	EXP 	Display Frame 5
151.4574 	EXP 	Display Frame 6
151.4908 	EXP 	Display Frame 7
151.5241 	EXP 	Display Frame 8
151.5574 	EXP 	Display Frame 9
151.5908 	EXP 	Display Frame 0
151.6241 	EXP 	Display Frame 1
151.6574 	EXP 	Display Frame 2
151.6908 	EXP 	Display Frame 3
151.7241 	EXP 	Display Frame 4
151.7574 	EXP 	Display Frame 5
151.7910 	EXP 	Display Frame 6
151.8241 	EXP 	Display Frame 7
151.8575 	EXP 	Display Frame 8
151.8908 	EXP 	Display Frame 9
151.9241 	EXP 	Display Frame 0
151.9575 	EXP 	Display Frame 1
151.9908 	EXP 	Display Frame 2
152.0242 	EXP 	Display Frame 3
152.0574 	EXP 	Display Frame 4
152.0908 	EXP 	Display Frame 5
152.1241 	EXP 	Display Frame 6
152.1575 	EXP 	Display Frame 7
152.1908 	EXP 	Display Frame 8
152.2241 	EXP 	Display Frame 9
152.2574 	EXP 	Display Frame 0
152.2908 	EXP 	Display Frame 1
152.3241 	EXP 	Display Frame 2
152.3576 	EXP 	Display Frame 3
152.3908 	EXP 	Display Frame 4
152.4242 	EXP 	Display Frame 5
152.4574 	EXP 	Display Frame 6
152.4908 	EXP 	Display Frame 7
152.5241 	EXP 	Display Frame 8
152.5574 	EXP 	Display Frame 9
152.5908 	EXP 	Display Frame 0
152.6241 	EXP 	Display Frame 1
152.6575 	EXP 	Display Frame 2
152.6908 	EXP 	Display Frame 3
152.7241 	EXP 	Display Frame 4
152.7574 	EXP 	Display Frame 5
152.7908 	EXP 	Display Frame 6
152.8241 	EXP 	Display Frame 7
152.8575 	EXP 	Display Frame 8
152.8908 	EXP 	Display Frame 9
152.9241 	EXP 	Display Frame 0
152.9574 	EXP 	Display Frame 1
152.9908 	EXP 	Display Frame 2
153.0241 	EXP 	Display Frame 3
153.0574 	EXP 	Display Frame 4
153.0908 	EXP 	Display Frame 5
153.1241 	EXP 	Display Frame 6
153.1575 	EXP 	Display Frame 7
153.1908 	EXP 	Display Frame 8
153.2241 	EXP 	Display Frame 9
153.2574 	EXP 	Display Frame 0
153.2907 	EXP 	Display Frame 1
153.3241 	EXP 	Display Frame 2
153.3575 	EXP 	Display Frame 3
153.3908 	EXP 	Display Frame 4
153.4241 	EXP 	Display Frame 5
153.4574 	EXP 	Display Frame 6
153.4908 	EXP 	Display Frame 7
153.5242 	DATA 	Keypress: equal
153.5253 	EXP 	Display Frame 8
153.5574 	EXP 	Display Frame 9
153.5908 	EXP 	Display Frame 0
153.6241 	EXP 	Display Frame 1
153.6575 	EXP 	Display Frame 2
153.6908 	EXP 	Display Frame 3
153.7241 	EXP 	Display Frame 4
153.7575 	EXP 	Display Frame 5
153.7908 	EXP 	Display Frame 6
153.8241 	EXP 	Display Frame 7
153.8574 	EXP 	Display Frame 8
153.8908 	EXP 	Display Frame 9
153.9241 	EXP 	Display Frame 0
153.9574 	EXP 	Display Frame 1
153.9908 	EXP 	Display Frame 2
154.0241 	EXP 	Display Frame 3
154.0575 	EXP 	Display Frame 4
154.0908 	EXP 	Display Frame 5
154.1241 	EXP 	Display Frame 6
154.1574 	EXP 	Display Frame 7
154.1908 	EXP 	Display Frame 8
154.2241 	EXP 	Display Frame 9
154.2575 	EXP 	Display Frame 0
154.2908 	EXP 	Display Frame 1
154.3241 	EXP 	Display Frame 2
154.3575 	EXP 	Display Frame 3
154.3908 	EXP 	Display Frame 4
154.4241 	EXP 	Display Frame 5
154.4574 	EXP 	Display Frame 6
154.4908 	EXP 	Display Frame 7
154.5241 	EXP 	Display Frame 8
154.5575 	EXP 	Display Frame 9
154.5908 	EXP 	Display Frame 0
154.6241 	EXP 	Display Frame 1
154.6575 	EXP 	Display Frame 2
154.6908 	EXP 	Display Frame 3
154.7241 	EXP 	Display Frame 4
154.7575 	EXP 	Display Frame 5
154.7908 	EXP 	Display Frame 6
154.8241 	EXP 	Display Frame 7
154.8575 	EXP 	Display Frame 8
154.8908 	EXP 	Display Frame 9
154.9241 	EXP 	Display Frame 0
154.9574 	EXP 	Display Frame 1
154.9908 	EXP 	Display Frame 2
155.0241 	EXP 	Display Frame 3
155.0574 	EXP 	Display Frame 4
155.0908 	EXP 	Display Frame 5
155.1241 	EXP 	Display Frame 6
155.1575 	EXP 	Display Frame 7
155.1908 	EXP 	Display Frame 8
155.2241 	EXP 	Display Frame 9
155.2575 	EXP 	Display Frame 0
155.2909 	EXP 	Display Frame 1
155.3241 	EXP 	Display Frame 2
155.3574 	EXP 	Display Frame 3
155.3908 	EXP 	Display Frame 4
155.4241 	EXP 	Display Frame 5
155.4575 	EXP 	Display Frame 6
155.4908 	EXP 	Display Frame 7
155.5241 	EXP 	Display Frame 8
155.5575 	EXP 	Display Frame 9
155.5908 	EXP 	Display Frame 0
155.6241 	EXP 	Display Frame 1
155.6575 	EXP 	Display Frame 2
155.6908 	EXP 	Display Frame 3
155.7241 	EXP 	Display Frame 4
155.7575 	EXP 	Display Frame 5
155.7908 	EXP 	Display Frame 6
155.8241 	EXP 	Display Frame 7
155.8575 	EXP 	Display Frame 8
155.8908 	EXP 	Display Frame 9
155.9241 	EXP 	Display Frame 0
155.9574 	EXP 	Display Frame 1
155.9908 	EXP 	Display Frame 2
156.0241 	EXP 	Display Frame 3
156.0575 	EXP 	Display Frame 4
156.0908 	EXP 	Display Frame 5
156.1242 	EXP 	Display Frame 6
156.1575 	EXP 	Display Frame 7
156.1908 	EXP 	Display Frame 8
156.2241 	EXP 	Display Frame 9
156.2574 	EXP 	Display Frame 0
156.2908 	EXP 	Display Frame 1
156.3241 	EXP 	Display Frame 2
156.3575 	EXP 	Display Frame 3
156.3908 	EXP 	Display Frame 4
156.4241 	EXP 	Display Frame 5
156.4575 	EXP 	Display Frame 6
156.4908 	EXP 	Display Frame 7
156.5241 	EXP 	Display Frame 8
156.5575 	EXP 	Display Frame 9
156.5908 	EXP 	Display Frame 0
156.6241 	EXP 	Display Frame 1
156.6575 	EXP 	Display Frame 2
156.6908 	EXP 	Display Frame 3
156.7241 	EXP 	Display Frame 4
156.7575 	EXP 	Display Frame 5
156.7908 	EXP 	Display Frame 6
156.8242 	EXP 	Display Frame 7
156.8575 	EXP 	Display Frame 8
156.8908 	EXP 	Display Frame 9
156.9241 	EXP 	Display Frame 0
156.9574 	EXP 	Display Frame 1
156.9908 	EXP 	Display Frame 2
157.0241 	EXP 	Display Frame 3
157.0575 	EXP 	Display Frame 4
157.0908 	EXP 	Display Frame 5
157.1241 	EXP 	Display Frame 6
157.1575 	EXP 	Display Frame 7
157.1908 	EXP 	Display Frame 8
157.2241 	EXP 	Display Frame 9
157.2574 	EXP 	Display Frame 0
157.2908 	EXP 	Display Frame 1
157.3241 	EXP 	Display Frame 2
157.3575 	EXP 	Display Frame 3
157.3908 	EXP 	Display Frame 4
157.4241 	EXP 	Display Frame 5
157.4575 	EXP 	Display Frame 6
157.4908 	EXP 	Display Frame 7
157.5241 	EXP 	Display Frame 8
157.5574 	EXP 	Display Frame 9
157.5908 	EXP 	Display Frame 0
157.6241 	EXP 	Display Frame 1
157.6575 	EXP 	Display Frame 2
157.6909 	EXP 	Display Frame 3
157.7241 	EXP 	Display Frame 4
157.7575 	EXP 	Display Frame 5
157.7908 	EXP 	Display Frame 6
157.8241 	EXP 	Display Frame 7
157.8574 	EXP 	Display Frame 8
157.8908 	EXP 	Display Frame 9
157.9241 	EXP 	Display Frame 0
157.9574 	EXP 	Display Frame 1
157.9908 	EXP 	Display Frame 2
158.0241 	EXP 	Display Frame 3
158.0574 	EXP 	Display Frame 4
158.0908 	EXP 	Display Frame 5
158.1241 	EXP 	Display Frame 6
158.1578 	EXP 	Display Frame 7
158.1908 	EXP 	Display Frame 8
158.2241 	EXP 	Display Frame 9
158.2575 	EXP 	Display Frame 0
158.2908 	EXP 	Display Frame 1
158.3242 	EXP 	Display Frame 2
158.3575 	EXP 	Display Frame 3
158.3908 	EXP 	Display Frame 4
158.4242 	EXP 	Display Frame 5
158.4575 	EXP 	Display Frame 6
158.4908 	EXP 	Display Frame 7
158.5241 	EXP 	Display Frame 8
158.5575 	EXP 	Display Frame 9
158.5908 	EXP 	Display Frame 0
158.6241 	EXP 	Display Frame 1
158.6575 	EXP 	Display Frame 2
158.6908 	EXP 	Display Frame 3
158.7242 	DATA 	Keypress: equal
158.7253 	EXP 	Display Frame 4
158.7574 	EXP 	Display Frame 5
158.7908 	EXP 	Display Frame 6
158.8241 	EXP 	Display Frame 7
158.8575 	EXP 	Display Frame 8
158.8908 	EXP 	Display Frame 9
158.9242 	EXP 	Display Frame 0
158.9574 	EXP 	Display Frame 1
158.9908 	EXP 	Display Frame 2
159.0241 	EXP 	Display Frame 3
159.0574 	EXP 	Display Frame 4
159.0908 	EXP 	Display Frame 5
159.1241 	EXP 	Display Frame 6
159.1574 	EXP 	Display Frame 7
159.1908 	EXP 	Display Frame 8
159.2241 	EXP 	Display Frame 9
159.2574 	EXP 	Display Frame 0
159.2908 	EXP 	Display Frame 1
159.3241 	EXP 	Display Frame 2
159.3574 	EXP 	Display Frame 3
159.3908 	EXP 	Display Frame 4
159.4241 	EXP 	Display Frame 5
159.4575 	EXP 	Display Frame 6
159.4908 	EXP 	Display Frame 7
159.5241 	EXP 	Display Frame 8
159.5574 	EXP 	Display Frame 9
159.5908 	EXP 	Display Frame 0
159.6241 	EXP 	Display Frame 1
159.6575 	EXP 	Display Frame 2
159.6908 	EXP 	Display Frame 3
159.7241 	EXP 	Display Frame 4
159.7575 	EXP 	Display Frame 5
159.7908 	EXP 	Display Frame 6
159.8241 	EXP 	Display Frame 7
159.8574 	EXP 	Display Frame 8
159.8908 	EXP 	Display Frame 9
159.9241 	EXP 	Display Frame 0
159.9574 	EXP 	Display Frame 1
159.9908 	EXP 	Display Frame 2
160.0241 	EXP 	Display Frame 3
160.0575 	EXP 	Display Frame 4
160.0908 	EXP 	Display Frame 5
160.1241 	EXP 	Display Frame 6
160.1574 	EXP 	Display Frame 7
160.1908 	EXP 	Display Frame 8
160.2241 	EXP 	Display Frame 9
160.2574 	EXP 	Display Frame 0
160.2908 	EXP 	Display Frame 1
160.3241 	EXP 	Display Frame 2
160.3575 	EXP 	Display Frame 3
160.3908 	EXP 	Display Frame 4
160.4241 	EXP 	Display Frame 5
160.4574 	EXP 	Display Frame 6
160.4908 	EXP 	Display Frame 7
160.5241 	EXP 	Display Frame 8
160.5574 	EXP 	Display Frame 9
160.5908 	EXP 	Display Frame 0
160.6241 	EXP 	Display Frame 1
160.6575 	EXP 	Display Frame 2
160.6908 	EXP 	Display Frame 3
160.7241 	EXP 	Display Frame 4
160.7574 	EXP 	Display Frame 5
160.7908 	EXP 	Display Frame 6
160.8241 	EXP 	Display Frame 7
160.8574 	EXP 	Display Frame 8
160.8908 	EXP 	Display Frame 9
160.9241 	EXP 	Display Frame 0
160.9574 	EXP 	Display Frame 1
160.9908 	EXP 	Display Frame 2
161.0241 	EXP 	Display Frame 3
161.0574 	EXP 	Display Frame 4
161.0908 	EXP 	Display Frame 5
161.1241 	EXP 	Display Frame 6
161.1574 	EXP 	Display Frame 7
161.1908 	EXP 	Display Frame 8
161.2241 	EXP 	Display Frame 9
161.2574 	EXP 	Display Frame 0
161.2908 	EXP 	Display Frame 1
161.3241 	EXP 	Display Frame 2
161.3575 	EXP 	Display Frame 3
161.3908 	EXP 	Display Frame 4
161.4241 	EXP 	Display Frame 5
161.4574 	EXP 	Display Frame 6
161.4908 	EXP 	Display Frame 7
161.5241 	EXP 	Display Frame 8
161.5574 	EXP 	Display Frame 9
161.5907 	EXP 	Display Frame 0
161.6241 	EXP 	Display Frame 1
161.6574 	EXP 	Display Frame 2
161.6908 	EXP 	Display Frame 3
161.7241 	EXP 	Display Frame 4
161.7574 	EXP 	Display Frame 5
161.7908 	EXP 	Display Frame 6
161.8241 	EXP 	Display Frame 7
161.8575 	EXP 	Display Frame 8
161.8908 	EXP 	Display Frame 9
161.9241 	EXP 	Display Frame 0
161.9574 	EXP 	Display Frame 1
161.9908 	EXP 	Display Frame 2
162.0241 	EXP 	Display Frame 3
162.0575 	EXP 	Display Frame 4
162.0908 	EXP 	Display Frame 5
162.1241 	EXP 	Display Frame 6
162.1575 	EXP 	Display Frame 7
162.1908 	EXP 	Display Frame 8
162.2241 	EXP 	Display Frame 9
162.2574 	EXP 	Display Frame 0
162.2908 	EXP 	Display Frame 1
162.3241 	EXP 	Display Frame 2
162.3574 	EXP 	Display Frame 3
162.3908 	EXP 	Display Frame 4
162.4241 	EXP 	Display Frame 5
162.4575 	EXP 	Display Frame 6
162.4908 	EXP 	Display Frame 7
162.5241 	EXP 	Display Frame 8
162.5575 	EXP 	Display Frame 9
162.5908 	EXP 	Display Frame 0
162.6241 	EXP 	Display Frame 1
162.6574 	EXP 	Display Frame 2
162.6908 	EXP 	Display Frame 3
162.7241 	EXP 	Display Frame 4
162.7575 	EXP 	Display Frame 5
162.7908 	EXP 	Display Frame 6
162.8241 	EXP 	Display Frame 7
162.8575 	EXP 	Display Frame 8
162.8908 	EXP 	Display Frame 9
162.9241 	EXP 	Display Frame 0
162.9574 	EXP 	Display Frame 1
162.9908 	EXP 	Display Frame 2
163.0242 	EXP 	Display Frame 3
163.0575 	EXP 	Display Frame 4
163.0908 	EXP 	Display Frame 5
163.1241 	EXP 	Display Frame 6
163.1574 	EXP 	Display Frame 7
163.1908 	EXP 	Display Frame 8
163.2241 	EXP 	Display Frame 9
163.2574 	EXP 	Display Frame 0
163.2908 	EXP 	Display Frame 1
163.3241 	EXP 	Display Frame 2
163.3575 	EXP 	Display Frame 3
163.3908 	EXP 	Display Frame 4
163.4241 	EXP 	Display Frame 5
163.4575 	EXP 	Display Frame 6
163.4908 	EXP 	Display Frame 7
163.5241 	EXP 	Display Frame 8
163.5574 	EXP 	Display Frame 9
163.5908 	EXP 	Display Frame 0
163.6241 	EXP 	Display Frame 1
163.6574 	EXP 	Display Frame 2
163.6908 	EXP 	Display Frame 3
163.7241 	EXP 	Display Frame 4
163.7575 	EXP 	Display Frame 5
163.7908 	EXP 	Display Frame 6
163.8241 	EXP 	Display Frame 7
163.8574 	EXP 	Display Frame 8
163.8909 	DATA 	Keypress: equal
163.8920 	EXP 	Display Frame 9
163.9241 	EXP 	Display Frame 0
163.9574 	EXP 	Display Frame 1
163.9908 	EXP 	Display Frame 2
164.0241 	EXP 	Display Frame 3
164.0575 	EXP 	Display Frame 4
164.0908 	EXP 	Display Frame 5
164.1241 	EXP 	Display Frame 6
164.1575 	EXP 	Display Frame 7
164.1908 	EXP 	Display Frame 8
164.2241 	EXP 	Display Frame 9
164.2574 	EXP 	Display Frame 0
164.2908 	EXP 	Display Frame 1
164.3241 	EXP 	Display Frame 2
164.3575 	EXP 	Display Frame 3
164.3908 	EXP 	Display Frame 4
164.4241 	EXP 	Display Frame 5
164.4575 	EXP 	Display Frame 6
164.4910 	EXP 	Display Frame 7
164.5242 	EXP 	Display Frame 8
164.5575 	EXP 	Display Frame 9
164.5908 	EXP 	Display Frame 0
164.6241 	EXP 	Display Frame 1
164.6575 	EXP 	Display Frame 2
164.6908 	EXP 	Display Frame 3
164.7241 	EXP 	Display Frame 4
164.7574 	EXP 	Display Frame 5
164.7908 	EXP 	Display Frame 6
164.8241 	EXP 	Display Frame 7
164.8574 	EXP 	Display Frame 8
164.8908 	EXP 	Display Frame 9
164.9241 	EXP 	Display Frame 0
164.9574 	EXP 	Display Frame 1
164.9908 	EXP 	Display Frame 2
165.0241 	EXP 	Display Frame 3
165.0575 	EXP 	Display Frame 4
165.0908 	EXP 	Display Frame 5
165.1241 	EXP 	Display Frame 6
165.1575 	EXP 	Display Frame 7
165.1908 	EXP 	Display Frame 8
165.2241 	EXP 	Display Frame 9
165.2574 	EXP 	Display Frame 0
165.2908 	EXP 	Display Frame 1
165.3241 	EXP 	Display Frame 2
165.3575 	EXP 	Display Frame 3
165.3908 	EXP 	Display Frame 4
165.4241 	EXP 	Display Frame 5
165.4574 	EXP 	Display Frame 6
165.4908 	EXP 	Display Frame 7
165.5241 	EXP 	Display Frame 8
165.5575 	EXP 	Display Frame 9
165.5908 	EXP 	Display Frame 0
165.6241 	EXP 	Display Frame 1
165.6574 	EXP 	Display Frame 2
165.6908 	EXP 	Display Frame 3
165.7241 	EXP 	Display Frame 4
165.7574 	EXP 	Display Frame 5
165.7908 	EXP 	Display Frame 6
165.8241 	EXP 	Display Frame 7
165.8574 	EXP 	Display Frame 8
165.8908 	EXP 	Display Frame 9
165.9241 	EXP 	Display Frame 0
165.9574 	EXP 	Display Frame 1
165.9908 	EXP 	Display Frame 2
166.0241 	EXP 	Display Frame 3
166.0574 	EXP 	Display Frame 4
166.0908 	EXP 	Display Frame 5
166.1241 	EXP 	Display Frame 6
166.1574 	EXP 	Display Frame 7
166.1908 	EXP 	Display Frame 8
166.2241 	EXP 	Display Frame 9
166.2574 	EXP 	Display Frame 0
166.2908 	EXP 	Display Frame 1
166.3241 	EXP 	Display Frame 2
166.3575 	EXP 	Display Frame 3
166.3908 	EXP 	Display Frame 4
166.4241 	EXP 	Display Frame 5
166.4575 	EXP 	Display Frame 6
166.4908 	EXP 	Display Frame 7
166.5241 	EXP 	Display Frame 8
166.5575 	EXP 	Display Frame 9
166.5908 	EXP 	Display Frame 0
166.6241 	EXP 	Display Frame 1
166.6574 	EXP 	Display Frame 2
166.6908 	EXP 	Display Frame 3
166.7241 	EXP 	Display Frame 4
166.7574 	EXP 	Display Frame 5
166.7908 	EXP 	Display Frame 6
166.8241 	EXP 	Display Frame 7
166.8575 	EXP 	Display Frame 8
166.8908 	EXP 	Display Frame 9
166.9241 	EXP 	Display Frame 0
166.9574 	EXP 	Display Frame 1
166.9908 	EXP 	Display Frame 2
167.0241 	EXP 	Display Frame 3
167.0574 	EXP 	Display Frame 4
167.0908 	EXP 	Display Frame 5
167.1241 	EXP 	Display Frame 6
167.1574 	EXP 	Display Frame 7
167.1908 	EXP 	Display Frame 8
167.2241 	EXP 	Display Frame 9
167.2574 	EXP 	Display Frame 0
167.2908 	EXP 	Display Frame 1
167.3241 	EXP 	Display Frame 2
167.3575 	EXP 	Display Frame 3
167.3908 	EXP 	Display Frame 4
167.4241 	EXP 	Display Frame 5
167.4575 	EXP 	Display Frame 6
167.4908 	EXP 	Display Frame 7
167.5241 	EXP 	Display Frame 8
167.5574 	EXP 	Display Frame 9
167.5908 	EXP 	Display Frame 0
167.6241 	EXP 	Display Frame 1
167.6574 	EXP 	Display Frame 2
167.6908 	EXP 	Display Frame 3
167.7241 	EXP 	Display Frame 4
167.7574 	EXP 	Display Frame 5
167.7908 	EXP 	Display Frame 6
167.8241 	EXP 	Display Frame 7
167.8575 	EXP 	Display Frame 8
167.8908 	EXP 	Display Frame 9
167.9241 	EXP 	Display Frame 0
167.9574 	EXP 	Display Frame 1
167.9908 	EXP 	Display Frame 2
168.0241 	EXP 	Display Frame 3
168.0574 	EXP 	Display Frame 4
168.0908 	EXP 	Display Frame 5
168.1241 	EXP 	Display Frame 6
168.1574 	EXP 	Display Frame 7
168.1908 	EXP 	Display Frame 8
168.2241 	EXP 	Display Frame 9
168.2575 	EXP 	Display Frame 0
168.2908 	EXP 	Display Frame 1
168.3241 	EXP 	Display Frame 2
168.3576 	EXP 	Display Frame 3
168.3908 	EXP 	Display Frame 4
168.4241 	EXP 	Display Frame 5
168.4574 	EXP 	Display Frame 6
168.4908 	EXP 	Display Frame 7
168.5241 	EXP 	Display Frame 8
168.5575 	EXP 	Display Frame 9
168.5908 	EXP 	Display Frame 0
168.6241 	EXP 	Display Frame 1
168.6575 	EXP 	Display Frame 2
168.6908 	EXP 	Display Frame 3
168.7241 	EXP 	Display Frame 4
168.7574 	EXP 	Display Frame 5
168.7908 	EXP 	Display Frame 6
168.8241 	EXP 	Display Frame 7
168.8575 	EXP 	Display Frame 8
168.8908 	EXP 	Display Frame 9
168.9242 	EXP 	Display Frame 0
168.9574 	EXP 	Display Frame 1
168.9908 	EXP 	Display Frame 2
169.0241 	EXP 	Display Frame 3
169.0575 	EXP 	Display Frame 4
169.0909 	DATA 	Keypress: equal
169.0920 	EXP 	Display Frame 5
169.1021 	EXP 	Display Fixation
174.2784 	DATA 	Keypress: equal
179.4716 	DATA 	Keypress: equal
184.6653 	DATA 	Keypress: equal
189.8594 	DATA 	Keypress: equal
195.0518 	DATA 	Keypress: equal
200.2452 	DATA 	Keypress: equal
200.2797 	EXP 	Display Frame 1
200.3130 	EXP 	Display Frame 2
200.3462 	EXP 	Display Frame 3
200.3795 	EXP 	Display Frame 4
200.4128 	EXP 	Display Frame 5
200.4462 	EXP 	Display Frame 6
200.4795 	EXP 	Display Frame 7
200.5128 	EXP 	Display Frame 8
200.5462 	EXP 	Display Frame 9
200.5795 	EXP 	Display Frame 0
200.6128 	EXP 	Display Frame 1
200.6461 	EXP 	Display Frame 2
200.6795 	EXP 	Display Frame 3
200.7128 	EXP 	Display Frame 4
200.7461 	EXP 	Display Frame 5
200.7795 	EXP 	Display Frame 6
200.8128 	EXP 	Display Frame 7
200.8461 	EXP 	Display Frame 8
200.8795 	EXP 	Display Frame 9
200.9128 	EXP 	Display Frame 0
200.9461 	EXP 	Display Frame 1
200.9795 	EXP 	Display Frame 2
201.0128 	EXP 	Display Frame 3
201.0461 	EXP 	Display Frame 4
201.0795 	EXP 	Display Frame 5
201.1128 	EXP 	Display Frame 6
201.1462 	EXP 	Display Frame 7
201.1795 	EXP 	Display Frame 8
201.2128 	EXP 	Display Frame 9
201.2461 	EXP 	Display Frame 0
201.2795 	EXP 	Display Frame 1
201.3128 	EXP 	Display Frame 2
201.3462 	EXP 	Display Frame 3
201.3795 	EXP 	Display Frame 4
201.4128 	EXP 	Display Frame 5
201.4461 	EXP 	Display Frame 6
201.4795 	EXP 	Display Frame 7
201.5128 	EXP 	Display Frame 8
201.5461 	EXP 	Display Frame 9
201.5795 	EXP 	Display Frame 0
201.6128 	EXP 	Display Frame 1
201.6462 	EXP 	Display Frame 2
201.6794 	EXP 	Display Frame 3
201.7128 	EXP 	Display Frame 4
201.7461 	EXP 	Display Frame 5
201.7795 	EXP 	Display Frame 6
201.8128 	EXP 	Display Frame 7
201.8461 	EXP 	Display Frame 8
201.8795 	EXP 	Display Frame 9
201.9128 	EXP 	Display Frame 0
201.9462 	EXP 	Display Frame 1
201.9795 	EXP 	Display Frame 2
202.0128 	EXP 	Display Frame 3
202.0461 	EXP 	Display Frame 4
202.0795 	EXP 	Display Frame 5
202.1128 	EXP 	Display Frame 6
202.1461 	EXP 	Display Frame 7
202.1795 	EXP 	Display Frame 8
202.2128 	EXP 	Display Frame 9
202.2461 	EXP 	Display Frame 0
202.2794 	EXP 	Display Frame 1
202.3128 	EXP 	Display Frame 2
202.3461 	EXP 	Display Frame 3
202.3795 	EXP 	Display Frame 4
202.4128 	EXP 	Display Frame 5
202.4461 	EXP 	Display Frame 6
202.4795 	EXP 	Display Frame 7
202.5128 	EXP 	Display Frame 8
202.5461 	EXP 	Display Frame 9
202.5797 	EXP 	Display Frame 0
202.6128 	EXP 	Display Frame 1
202.6461 	EXP 	Display Frame 2
202.6795 	EXP 	Display Frame 3
202.7128 	EXP 	Display Frame 4
202.7462 	EXP 	Display Frame 5
202.7795 	EXP 	Display Frame 6
202.8128 	EXP 	Display Frame 7
202.8462 	EXP 	Display Frame 8
202.8794 	EXP 	Display Frame 9
202.9128 	EXP 	Display Frame 0
202.9461 	EXP 	Display Frame 1
202.9795 	EXP 	Display Frame 2
203.0129 	EXP 	Display Frame 3
203.0461 	EXP 	Display Frame 4
203.0795 	EXP 	Display Frame 5
203.1128 	EXP 	Display Frame 6
203.1462 	EXP 	Display Frame 7
203.1795 	EXP 	Display Frame 8
203.2128 	EXP 	Display Frame 9
203.2461 	EXP 	Display Frame 0
203.2795 	EXP 	Display Frame 1
203.3128 	EXP 	Display Frame 2
203.3461 	EXP 	Display Frame 3
203.3795 	EXP 	Display Frame 4
203.4128 	EXP 	Display Frame 5
203.4461 	EXP 	Display Frame 6
203.4795 	EXP 	Display Frame 7
203.5128 	EXP 	Display Frame 8
203.5461 	EXP 	Display Frame 9
203.5794 	EXP 	Display Frame 0
203.6128 	EXP 	Display Frame 1
203.6461 	EXP 	Display Frame 2
203.6795 	EXP 	Display Frame 3
203.7128 	EXP 	Display Frame 4
203.7461 	EXP 	Display Frame 5
203.7795 	EXP 	Display Frame 6
203.8128 	EXP 	Display Frame 7
203.8461 	EXP 	Display Frame 8
203.8795 	EXP 	Display Frame 9
203.9128 	EXP 	Display Frame 0
203.9461 	EXP 	Display Frame 1
203.9795 	EXP 	Display Frame 2
204.0128 	EXP 	Display Frame 3
204.0461 	EXP 	Display Frame 4
204.0794 	EXP 	Display Frame 5
204.1128 	EXP 	Display Frame 6
204.1462 	EXP 	Display Frame 7
204.1795 	EXP 	Display Frame 8
204.2128 	EXP 	Display Frame 9
204.2461 	EXP 	Display Frame 0
204.2794 	EXP 	Display Frame 1
204.3128 	EXP 	Display Frame 2
204.3461 	EXP 	Display Frame 3
204.3794 	EXP 	Display Frame 4
204.4128 	EXP 	Display Frame 5
204.4461 	EXP 	Display Frame 6
204.4795 	EXP 	Display Frame 7
204.5128 	EXP 	Display Frame 8
204.5461 	EXP 	Display Frame 9
204.5795 	EXP 	Display Frame 0
204.6128 	EXP 	Display Frame 1
204.6462 	EXP 	Display Frame 2
204.6795 	EXP 	Display Frame 3
204.7128 	EXP 	Display Frame 4
204.7461 	EXP 	Display Frame 5
204.7795 	EXP 	Display Frame 6
204.8128 	EXP 	Display Frame 7
204.8461 	EXP 	Display Frame 8
204.8795 	EXP 	Display Frame 9
204.9128 	EXP 	Display Frame 0
204.9461 	EXP 	Display Frame 1
204.9794 	EXP 	Display Frame 2
205.0128 	EXP 	Display Frame 3
205.0461 	EXP 	Display Frame 4
205.0794 	EXP 	Display Frame 5
205.1128 	EXP 	Display Frame 6
205.1461 	EXP 	Display Frame 7
205.1795 	EXP 	Display Frame 8
205.2128 	EXP 	Display Frame 9
205.2461 	EXP 	Display Frame 0
205.2794 	EXP 	Display Frame 1
205.3128 	EXP 	Display Frame 2
205.3461 	EXP 	Display Frame 3
205.3794 	EXP 	Display Frame 4
205.4128 	EXP 	Display Frame 5
205.4463 	DATA 	Keypress: equal
205.4473 	EXP 	Display Frame 6
205.4795 	EXP 	Display Frame 7
205.5128 	EXP 	Display Frame 8
205.5461 	EXP 	Display Frame 9
205.5794 	EXP 	Display Frame 0
205.6129 	EXP 	Display Frame 1
205.6462 	EXP 	Display Frame 2
205.6795 	EXP 	Display Frame 3
205.7128 	EXP 	Display Frame 4
205.7461 	EXP 	Display Frame 5
205.7795 	EXP 	Display Frame 6
205.8128 	EXP 	Display Frame 7
205.8461 	EXP 	Display Frame 8
205.8795 	EXP 	Display Frame 9
205.9128 	EXP 	Display Frame 0
205.9461 	EXP 	Display Frame 1
205.9795 	EXP 	Display Frame 2
206.0128 	EXP 	Display Frame 3
206.0461 	EXP 	Display Frame 4
206.0795 	EXP 	Display Frame 5
206.1128 	EXP 	Display Frame 6
206.1461 	EXP 	Display Frame 7
206.1795 	EXP 	Display Frame 8
206.2128 	EXP 	Display Frame 9
206.2461 	EXP 	Display Frame 0
206.2794 	EXP 	Display Frame 1
206.3128 	EXP 	Display Frame 2
206.3461 	EXP 	Display Frame 3
206.3794 	EXP 	Display Frame 4
206.4128 	EXP 	Display Frame 5
206.4461 	EXP 	Display Frame 6
206.4795 	EXP 	Display Frame 7
206.5128 	EXP 	Display Frame 8
206.5461 	EXP 	Display Frame 9
206.5794 	EXP 	Display Frame 0
206.6128 	EXP 	Display Frame 1
206.6461 	EXP 	Display Frame 2
206.6794 	EXP 	Display Frame 3
206.7128 	EXP 	Display Frame 4
206.7461 	EXP 	Display Frame 5
206.7795 	EXP 	Display Frame 6
206.8128 	EXP 	Display Frame 7
206.8461 	EXP 	Display Frame 8
206.8794 	EXP 	Display Frame 9
206.9128 	EXP 	Display Frame 0
206.9474 	EXP 	Display Frame 1
206.9795 	EXP 	Display Frame 2
207.0128 	EXP 	Display Frame 3
207.0461 	EXP 	Display Frame 4
207.0795 	EXP 	Display Frame 5
207.1128 	EXP 	Display Frame 6
207.1462 	EXP 	Display Frame 7
207.1795 	EXP 	Display Frame 8
207.2128 	EXP 	Display Frame 9
207.2461 	EXP 	Display Frame 0
207.2794 	EXP 	Display Frame 1
207.3128 	EXP 	Display Frame 2
207.3461 	EXP 	Display Frame 3
207.3795 	EXP 	Display Frame 4
207.4128 	EXP 	Display Frame 5
207.4461 	EXP 	Display Frame 6
207.4795 	EXP 	Display Frame 7
207.5128 	EXP 	Display Frame 8
207.5461 	EXP 	Display Frame 9
207.5794 	EXP 	Display Frame 0
207.6128 	EXP 	Display Frame 1
207.6461 	EXP 	Display Frame 2
207.6795 	EXP 	Display Frame 3
207.7128 	EXP 	Display Frame 4
207.7461 	EXP 	Display Frame 5
207.7795 	EXP 	Display Frame 6
207.8128 	EXP 	Display Frame 7
207.8462 	EXP 	Display Frame 8
207.8794 	EXP 	Display Frame 9
207.9128 	EXP 	Display Frame 0
207.9461 	EXP 	Display Frame 1
207.9795 	EXP 	Display Frame 2
208.0128 	EXP 	Display Frame 3
208.0461 	EXP 	Display Frame 4
208.0794 	EXP 	Display Frame 5
208.1128 	EXP 	Display Frame 6
208.1461 	EXP 	Display Frame 7
208.1795 	EXP 	Display Frame 8
208.2128 	EXP 	Display Frame 9
208.2461 	EXP 	Display Frame 0
208.2794 	EXP 	Display Frame 1
208.3128 	EXP 	Display Frame 2
208.3461 	EXP 	Display Frame 3
208.3795 	EXP 	Display Frame 4
208.4128 	EXP 	Display Frame 5
208.4461 	EXP 	Display Frame 6
208.4795 	EXP 	Display Frame 7
208.5128 	EXP 	Display Frame 8
208.5461 	EXP 	Display Frame 9
208.5795 	EXP 	Display Frame 0
208.6128 	EXP 	Display Frame 1
208.6462 	EXP 	Display Frame 2
208.6795 	EXP 	Display Frame 3
208.7128 	EXP 	Display Frame 4
208.7462 	EXP 	Display Frame 5
208.7795 	EXP 	Display Frame 6
208.8128 	EXP 	Display Frame 7
208.8461 	EXP 	Display Frame 8
208.8795 	EXP 	Display Frame 9
208.9130 	EXP 	Display Frame 0
208.9462 	EXP 	Display Frame 1
208.9795 	EXP 	Display Frame 2
209.0128 	EXP 	Display Frame 3
209.0461 	EXP 	Display Frame 4
209.0795 	EXP 	Display Frame 5
209.1128 	EXP 	Display Frame 6
209.1461 	EXP 	Display Frame 7
209.1795 	EXP 	Display Frame 8
209.2128 	EXP 	Display Frame 9
209.2462 	EXP 	Display Frame 0
209.2794 	EXP 	Display Frame 1
209.3128 	EXP 	Display Frame 2
209.3461 	EXP 	Display Frame 3
209.3794 	EXP 	Display Frame 4
209.4128 	EXP 	Display Frame 5
209.4461 	EXP 	Display Frame 6
209.4795 	EXP 	Display Frame 7
209.5128 	EXP 	Display Frame 8
209.5461 	EXP 	Display Frame 9
209.5794 	EXP 	Display Frame 0
209.6128 	EXP 	Display Frame 1
209.6461 	EXP 	Display Frame 2
209.6795 	EXP 	Display Frame 3
209.7128 	EXP 	Display Frame 4
209.7461 	EXP 	Display Frame 5
209.7795 	EXP 	Display Frame 6
209.8128 	EXP 	Display Frame 7
209.8461 	EXP 	Display Frame 8
209.8795 	EXP 	Display Frame 9
209.9128 	EXP 	Display Frame 0
209.9461 	EXP 	Display Frame 1
209.9795 	EXP 	Display Frame 2
210.0128 	EXP 	Display Frame 3
210.0461 	EXP 	Display Frame 4
210.0795 	EXP 	Display Frame 5
210.1128 	EXP 	Display Frame 6
210.1462 	EXP 	Display Frame 7
210.1795 	EXP 	Display Frame 8
210.2128 	EXP 	Display Frame 9
210.2461 	EXP 	Display Frame 0
210.2794 	EXP 	Display Frame 1
210.3128 	EXP 	Display Frame 2
210.3461 	EXP 	Display Frame 3
210.3795 	EXP 	Display Frame 4
210.4128 	EXP 	Display Frame 5
210.4462 	EXP 	Display Frame 6
210.4795 	EXP 	Display Frame 7
210.5128 	EXP 	Display Frame 8
210.5461 	EXP 	Display Frame 9
210.5795 	EXP 	Display Frame 0
210.6128 	EXP 	Display Frame 1
210.6463 	DATA 	Keypress: equal
210.6473 	EXP 	Display Frame 2
210.6795 	EXP 	Display Frame 3
210.7128 	EXP 	Display Frame 4
210.7462 	EXP 	Display Frame 5
210.7795 	EXP 	Display Frame 6
210.8143 	EXP 	Display Frame 7
210.8461 	EXP 	Display Frame 8
210.8795 	EXP 	Display Frame 9
210.9128 	EXP 	Display Frame 0
210.9462 	EXP 	Display Frame 1
210.9795 	EXP 	Display Frame 2
211.0128 	EXP 	Display Frame 3
211.0462 	EXP 	Display Frame 4
211.0794 	EXP 	Display Frame 5
211.1128 	EXP 	Display Frame 6
211.1461 	EXP 	Display Frame 7
211.1795 	EXP 	Display Frame 8
211.2128 	EXP 	Display Frame 9
211.2461 	EXP 	Display Frame 0
211.2794 	EXP 	Display Frame 1
211.3128 	EXP 	Display Frame 2
211.3462 	EXP 	Display Frame 3
211.3794 	EXP 	Display Frame 4
211.4128 	EXP 	Display Frame 5
211.4461 	EXP 	Display Frame 6
211.4795 	EXP 	Display Frame 7
211.5128 	EXP 	Display Frame 8
211.5461 	EXP 	Display Frame 9
211.5795 	EXP 	Display Frame 0
211.6128 	EXP 	Display Frame 1
211.6462 	EXP 	Display Frame 2
211.6795 	EXP 	Display Frame 3
211.7128 	EXP 	Display Frame 4
211.7461 	EXP 	Display Frame 5
211.7795 	EXP 	Display Frame 6
211.8128 	EXP 	Display Frame 7
211.8461 	EXP 	Display Frame 8
211.8795 	EXP 	Display Frame 9
211.9128 	EXP 	Display Frame 0
211.9462 	EXP 	Display Frame 1
211.9806 	EXP 	Display Frame 2
212.0128 	EXP 	Display Frame 3
212.0462 	EXP 	Display Frame 4
212.0794 	EXP 	Display Frame 5
212.1128 	EXP 	Display Frame 6
212.1461 	EXP 	Display Frame 7
212.1795 	EXP 	Display Frame 8
212.2128 	EXP 	Display Frame 9
212.2461 	EXP 	Display Frame 0
212.2794 	EXP 	Display Frame 1
212.3128 	EXP 	Display Frame 2
212.3462 	EXP 	Display Frame 3
212.3795 	EXP 	Display Frame 4
212.4128 	EXP 	Display Frame 5
212.4461 	EXP 	Display Frame 6
212.4795 	EXP 	Display Frame 7
212.5128 	EXP 	Display Frame 8
212.5461 	EXP 	Display Frame 9
212.5795 	EXP 	Display Frame 0
212.6128 	EXP 	Display Frame 1
212.6462 	EXP 	Display Frame 2
212.6795 	EXP 	Display Frame 3
212.7128 	EXP 	Display Frame 4
212.7461 	EXP 	Display Frame 5
212.7795 	EXP 	Display Frame 6
212.8128 	EXP 	Display Frame 7
212.8461 	EXP 	Display Frame 8
212.8795 	EXP 	Display Frame 9
212.9128 	EXP 	Display Frame 0
212.9462 	EXP 	Display Frame 1
212.9795 	EXP 	Display Frame 2
213.0128 	EXP 	Display Frame 3
213.0461 	EXP 	Display Frame 4
213.0795 	EXP 	Display Frame 5
213.1128 	EXP 	Display Frame 6
213.1461 	EXP 	Display Frame 7
213.1795 	EXP 	Display Frame 8
213.2128 	EXP 	Display Frame 9
213.2461 	EXP 	Display Frame 0
213.2794 	EXP 	Display Frame 1
213.3128 	EXP 	Display Frame 2
213.3461 	EXP 	Display Frame 3
213.3795 	EXP 	Display Frame 4
213.4128 	EXP 	Display Frame 5
213.4461 	EXP 	Display Frame 6
213.4795 	EXP 	Display Frame 7
213.5128 	EXP 	Display Frame 8
213.5461 	EXP 	Display Frame 9
213.5795 	EXP 	Display Frame 0
213.6128 	EXP 	Display Frame 1
213.6461 	EXP 	Display Frame 2
213.6795 	EXP 	Display Frame 3
213.7128 	EXP 	Display Frame 4
213.7461 	EXP 	Display Frame 5
213.7795 	EXP 	Display Frame 6
213.8128 	EXP 	Display Frame 7
213.8461 	EXP 	Display Frame 8
213.8795 	EXP 	Display Frame 9
213.9128 	EXP 	Display Frame 0
213.9461 	EXP 	Display Frame 1
213.9795 	EXP 	Display Frame 2
214.0128 	EXP 	Display Frame 3
214.0461 	EXP 	Display Frame 4
214.0795 	EXP 	Display Frame 5
214.1128 	EXP 	Display Frame 6
214.1461 	EXP 	Display Frame 7
214.1795 	EXP 	Display Frame 8
214.2128 	EXP 	Display Frame 9
214.2461 	EXP 	Display Frame 0
214.2794 	EXP 	Display Frame 1
214.3128 	EXP 	Display Frame 2
214.3461 	EXP 	Display Frame 3
214.3795 	EXP 	Display Frame 4
214.4128 	EXP 	Display Frame 5
214.4461 	EXP 	Display Frame 6
214.4795 	EXP 	Display Frame 7
214.5128 	EXP 	Display Frame 8
214.5461 	EXP 	Display Frame 9
214.5795 	EXP 	Display Frame 0
214.6128 	EXP 	Display Frame 1
214.6461 	EXP 	Display Frame 2
214.6795 	EXP 	Display Frame 3
214.7128 	EXP 	Display Frame 4
214.7461 	EXP 	Display Frame 5
214.7795 	EXP 	Display Frame 6
214.8128 	EXP 	Display Frame 7
214.8462 	EXP 	Display Frame 8
214.8795 	EXP 	Display Frame 9
214.9128 	EXP 	Display Frame 0
214.9461 	EXP 	Display Frame 1
214.9795 	EXP 	Display Frame 2
215.0128 	EXP 	Display Frame 3
215.0461 	EXP 	Display Frame 4
215.0795 	EXP 	Display Frame 5
215.1128 	EXP 	Display Frame 6
215.1461 	EXP 	Display Frame 7
215.1795 	EXP 	Display Frame 8
215.2128 	EXP 	Display Frame 9
215.2463 	EXP 	Display Frame 0
215.2795 	EXP 	Display Frame 1
215.3128 	EXP 	Display Frame 2
215.3461 	EXP 	Display Frame 3
215.3795 	EXP 	Display Frame 4
215.4128 	EXP 	Display Frame 5
215.4461 	EXP 	Display Frame 6
215.4795 	EXP 	Display Frame 7
215.5128 	EXP 	Display Frame 8
215.5461 	EXP 	Display Frame 9
215.5795 	EXP 	Display Frame 0
215.6128 	EXP 	Display Frame 1
215.6461 	EXP 	Display Frame 2
215.6795 	EXP 	Display Frame 3
215.7128 	EXP 	Display Frame 4
215.7461 	EXP 	Display Frame 5
215.7795 	EXP 	Display Frame 6
215.8128 	EXP 	Display Frame 7
215.8463 	DATA 	Keypress: equal
215.8473 	EXP 	Display Frame 8
215.8795 	EXP 	Display Frame 9
215.9128 	EXP 	Display Frame 0
215.9461 	EXP 	Display Frame 1
215.9795 	EXP 	Display Frame 2
216.0128 	EXP 	Display Frame 3
216.0461 	EXP 	Display Frame 4
216.0795 	EXP 	Display Frame 5
216.1128 	EXP 	Display Frame 6
216.1461 	EXP 	Display Frame 7
216.1795 	EXP 	Display Frame 8
216.2128 	EXP 	Display Frame 9
216.2461 	EXP 	Display Frame 0
216.2796 	EXP 	Display Frame 1
216.3129 	EXP 	Display Frame 2
216.3461 	EXP 	Display Frame 3
216.3795 	EXP 	Display Frame 4
216.4128 	EXP 	Display Frame 5
216.4462 	EXP 	Display Frame 6
216.4795 	EXP 	Display Frame 7
216.5128 	EXP 	Display Frame 8
216.5461 	EXP 	Display Frame 9
216.5795 	EXP 	Display Frame 0
216.6128 	EXP 	Display Frame 1
216.6461 	EXP 	Display Frame 2
216.6795 	EXP 	Display Frame 3
216.7128 	EXP 	Display Frame 4
216.7461 	EXP 	Display Frame 5
216.7794 	EXP 	Display Frame 6
216.8128 	EXP 	Display Frame 7
216.8461 	EXP 	Display Frame 8
216.8794 	EXP 	Display Frame 9
216.9128 	EXP 	Display Frame 0
216.9461 	EXP 	Display Frame 1
216.9795 	EXP 	Display Frame 2
217.0147 	EXP 	Display Frame 3
217.0461 	EXP 	Display Frame 4
217.0795 	EXP 	Display Frame 5
217.1128 	EXP 	Display Frame 6
217.1461 	EXP 	Display Frame 7
217.1795 	EXP 	Display Frame 8
217.2128 	EXP 	Display Frame 9
217.2461 	EXP 	Display Frame 0
217.2794 	EXP 	Display Frame 1
217.3128 	EXP 	Display Frame 2
217.3461 	EXP 	Display Frame 3
217.3795 	EXP 	Display Frame 4
217.4128 	EXP 	Display Frame 5
217.4462 	EXP 	Display Frame 6
217.4794 	EXP 	Display Frame 7
217.5128 	EXP 	Display Frame 8
217.5461 	EXP 	Display Frame 9
217.5795 	EXP 	Display Frame 0
217.6128 	EXP 	Display Frame 1
217.6462 	EXP 	Display Frame 2
217.6795 	EXP 	Display Frame 3
217.7128 	EXP 	Display Frame 4
217.7461 	EXP 	Display Frame 5
217.7795 	EXP 	Display Frame 6
217.8128 	EXP 	Display Frame 7
217.8461 	EXP 	Display Frame 8
217.8794 	EXP 	Display Frame 9
217.9128 	EXP 	Display Frame 0
217.9461 	EXP 	Display Frame 1
217.9795 	EXP 	Display Frame 2
218.0128 	EXP 	Display Frame 3
218.0461 	EXP 	Display Frame 4
218.0795 	EXP 	Display Frame 5
218.1128 	EXP 	Display Frame 6
218.1461 	EXP 	Display Frame 7
218.1795 	EXP 	Display Frame 8
218.2128 	EXP 	Display Frame 9
218.2472 	EXP 	Display Frame 0
218.2794 	EXP 	Display Frame 1
218.3128 	EXP 	Display Frame 2
218.3461 	EXP 	Display Frame 3
218.3795 	EXP 	Display Frame 4
218.4128 	EXP 	Display Frame 5
218.4461 	EXP 	Display Frame 6
218.4795 	EXP 	Display Frame 7
218.5128 	EXP 	Display Frame 8
218.5461 	EXP 	Display Frame 9
218.5794 	EXP 	Display Frame 0
218.6128 	EXP 	Display Frame 1
218.6461 	EXP 	Display Frame 2
218.6795 	EXP 	Display Frame 3
218.7128 	EXP 	Display Frame 4
218.7461 	EXP 	Display Frame 5
218.7795 	EXP 	Display Frame 6
218.8128 	EXP 	Display Frame 7
218.8461 	EXP 	Display Frame 8
218.8794 	EXP 	Display Frame 9
218.9128 	EXP 	Display Frame 0
218.9461 	EXP 	Display Frame 1
218.9795 	EXP 	Display Frame 2
219.0128 	EXP 	Display Frame 3
219.0461 	EXP 	Display Frame 4
219.0795 	EXP 	Display Frame 5
219.1128 	EXP 	Display Frame 6
219.1461 	EXP 	Display Frame 7
219.1795 	EXP 	Display Frame 8
219.2128 	EXP 	Display Frame 9
219.2461 	EXP 	Display Frame 0
219.2794 	EXP 	Display Frame 1
219.3128 	EXP 	Display Frame 2
219.3461 	EXP 	Display Frame 3
219.3795 	EXP 	Display Frame 4
219.4128 	EXP 	Display Frame 5
219.4462 	EXP 	Display Frame 6
219.4795 	EXP 	Display Frame 7
219.5128 	EXP 	Display Frame 8
219.5461 	EXP 	Display Frame 9
219.5795 	EXP 	Display Frame 0
219.6128 	EXP 	Display Frame 1
219.6462 	EXP 	Display Frame 2
219.6794 	EXP 	Display Frame 3
219.7128 	EXP 	Display Frame 4
219.7461 	EXP 	Display Frame 5
219.7795 	EXP 	Display Frame 6
219.8128 	EXP 	Display Frame 7
219.8461 	EXP 	Display Frame 8
219.8795 	EXP 	Display Frame 9
219.9128 	EXP 	Display Frame 0
219.9461 	EXP 	Display Frame 1
219.9794 	EXP 	Display Frame 2
220.0128 	EXP 	Display Frame 3
220.0461 	EXP 	Display Frame 4
220.0795 	EXP 	Display Frame 5
220.1128 	EXP 	Display Frame 6
220.1461 	EXP 	Display Frame 7
220.1795 	EXP 	Display Frame 8
220.2128 	EXP 	Display Frame 9
220.2461 	EXP 	Display Frame 0
220.2794 	EXP 	Display Frame 1
220.3128 	EXP 	Display Frame 2
220.3461 	EXP 	Display Frame 3
220.3794 	EXP 	Display Frame 4
220.4128 	EXP 	Display Frame 5
220.4461 	EXP 	Display Frame 6
220.4795 	EXP 	Display Frame 7
220.5128 	EXP 	Display Frame 8
220.5461 	EXP 	Display Frame 9
220.5795 	EXP 	Display Frame 0
220.6128 	EXP 	Display Frame 1
220.6461 	EXP 	Display Frame 2
220.6794 	EXP 	Display Frame 3
220.7128 	EXP 	Display Frame 4
220.7461 	EXP 	Display Frame 5
220.7795 	EXP 	Display Frame 6
220.8128 	EXP 	Display Frame 7
220.8461 	EXP 	Display Frame 8
220.8795 	EXP 	Display Frame 9
220.9128 	EXP 	Display Frame 0
220.9461 	EXP 	Display Frame 1
220.9795 	EXP 	Display Frame 2
221.0128 	EXP 	Display Frame 3
221.0463 	DATA 	Keypress: equal
221.0473 	EXP 	Display Frame 4
221.0795 	EXP 	Display Frame 5
221.1128 	EXP 	Display Frame 6
221.1461 	EXP 	Display Frame 7
221.1795 	EXP 	Display Frame 8
221.2128 	EXP 	Display Frame 9
221.2462 	EXP 	Display Frame 0
221.2794 	EXP 	Display Frame 1
221.3128 	EXP 	Display Frame 2
221.3461 	EXP 	Display Frame 3
221.3794 	EXP 	Display Frame 4
221.4128 	EXP 	Display Frame 5
221.4461 	EXP 	Display Frame 6
221.4795 	EXP 	Display Frame 7
221.5128 	EXP 	Display Frame 8
221.5461 	EXP 	Display Frame 9
221.5795 	EXP 	Display Frame 0
221.6132 	EXP 	Display Frame 1
221.6463 	EXP 	Display Frame 2
221.6795 	EXP 	Display Frame 3
221.7128 	EXP 	Display Frame 4
221.7461 	EXP 	Display Frame 5
221.7795 	EXP 	Display Frame 6
221.8128 	EXP 	Display Frame 7
221.8461 	EXP 	Display Frame 8
221.8795 	EXP 	Display Frame 9
221.9128 	EXP 	Display Frame 0
221.9461 	EXP 	Display Frame 1
221.9795 	EXP 	Display Frame 2
222.0128 	EXP 	Display Frame 3
222.0461 	EXP 	Display Frame 4
222.0795 	EXP 	Display Frame 5
222.1128 	EXP 	Display Frame 6
222.1462 	EXP 	Display Frame 7
222.1795 	EXP 	Display Frame 8
222.2128 	EXP 	Display Frame 9
222.2461 	EXP 	Display Frame 0
222.2794 	EXP 	Display Frame 1
222.3128 	EXP 	Display Frame 2
222.3461 	EXP 	Display Frame 3
222.3795 	EXP 	Display Frame 4
222.4128 	EXP 	Display Frame 5
222.4461 	EXP 	Display Frame 6
222.4795 	EXP 	Display Frame 7
222.5128 	EXP 	Display Frame 8
222.5461 	EXP 	Display Frame 9
222.5795 	EXP 	Display Frame 0
222.6128 	EXP 	Display Frame 1
222.6461 	EXP 	Display Frame 2
222.6795 	EXP 	Display Frame 3
222.7128 	EXP 	Display Frame 4
222.7462 	EXP 	Display Frame 5
222.7795 	EXP 	Display Frame 6
222.8128 	EXP 	Display Frame 7
222.8461 	EXP 	Display Frame 8
222.8795 	EXP 	Display Frame 9
222.9128 	EXP 	Display Frame 0
222.9461 	EXP 	Display Frame 1
222.9795 	EXP 	Display Frame 2
223.0128 	EXP 	Display Frame 3
223.0461 	EXP 	Display Frame 4
223.0795 	EXP 	Display Frame 5
223.1128 	EXP 	Display Frame 6
223.1461 	EXP 	Display Frame 7
223.1795 	EXP 	Display Frame 8
223.2128 	EXP 	Display Frame 9
223.2461 	EXP 	Display Frame 0
223.2794 	EXP 	Display Frame 1
223.3128 	EXP 	Display Frame 2
223.3461 	EXP 	Display Frame 3
223.3795 	EXP 	Display Frame 4
223.4128 	EXP 	Display Frame 5
223.4461 	EXP 	Display Frame 6
223.4795 	EXP 	Display Frame 7
223.5128 	EXP 	Display Frame 8
223.5461 	EXP 	Display Frame 9
223.5795 	EXP 	Display Frame 0
223.6128 	EXP 	Display Frame 1
223.6462 	EXP 	Display Frame 2
223.6795 	EXP 	Display Frame 3
223.7128 	EXP 	Display Frame 4
223.7461 	EXP 	Display Frame 5
223.7795 	EXP 	Display Frame 6
223.8128 	EXP 	Display Frame 7
223.8461 	EXP 	Display Frame 8
223.8795 	EXP 	Display Frame 9
223.9128 	EXP 	Display Frame 0
223.9461 	EXP 	Display Frame 1
223.9795 	EXP 	Display Frame 2
224.0128 	EXP 	Display Frame 3
224.0461 	EXP 	Display Frame 4
224.0795 	EXP 	Display Frame 5
224.1128 	EXP 	Display Frame 6
224.1461 	EXP 	Display Frame 7
224.1795 	EXP 	Display Frame 8
224.2128 	EXP 	Display Frame 9
224.2461 	EXP 	Display Frame 0
224.2794 	EXP 	Display Frame 1
224.3128 	EXP 	Display Frame 2
224.3461 	EXP 	Display Frame 3
224.3795 	EXP 	Display Frame 4
224.4128 	EXP 	Display Frame 5
224.4462 	EXP 	Display Frame 6
224.4795 	EXP 	Display Frame 7
224.5128 	EXP 	Display Frame 8
224.5461 	EXP 	Display Frame 9
224.5795 	EXP 	Display Frame 0
224.6128 	EXP 	Display Frame 1
224.6461 	EXP 	Display Frame 2
224.6795 	EXP 	Display Frame 3
224.7128 	EXP 	Display Frame 4
224.7461 	EXP 	Display Frame 5
224.7795 	EXP 	Display Frame 6
224.8128 	EXP 	Display Frame 7
224.8461 	EXP 	Display Frame 8
224.8794 	EXP 	Display Frame 9
224.9128 	EXP 	Display Frame 0
224.9461 	EXP 	Display Frame 1
224.9795 	EXP 	Display Frame 2
225.0128 	EXP 	Display Frame 3
225.0461 	EXP 	Display Frame 4
225.0795 	EXP 	Display Frame 5
225.1128 	EXP 	Display Frame 6
225.1461 	EXP 	Display Frame 7
225.1794 	EXP 	Display Frame 8
225.2128 	EXP 	Display Frame 9
225.2461 	EXP 	Display Frame 0
225.2794 	EXP 	Display Frame 1
225.3128 	EXP 	Display Frame 2
225.3461 	EXP 	Display Frame 3
225.3794 	EXP 	Display Frame 4
225.4128 	EXP 	Display Frame 5
225.4461 	EXP 	Display Frame 6
225.4795 	EXP 	Display Frame 7
225.5128 	EXP 	Display Frame 8
225.5461 	EXP 	Display Frame 9
225.5795 	EXP 	Display Frame 0
225.6128 	EXP 	Display Frame 1
225.6462 	EXP 	Display Frame 2
225.6794 	EXP 	Display Frame 3
225.7128 	EXP 	Display Frame 4
225.7461 	EXP 	Display Frame 5
225.7795 	EXP 	Display Frame 6
225.8128 	EXP 	Display Frame 7
225.8461 	EXP 	Display Frame 8
225.8795 	EXP 	Display Frame 9
225.9128 	EXP 	Display Frame 0
225.9461 	EXP 	Display Frame 1
225.9795 	EXP 	Display Frame 2
226.0128 	EXP 	Display Frame 3
226.0461 	EXP 	Display Frame 4
226.0795 	EXP 	Display Frame 5
226.1128 	EXP 	Display Frame 6
226.1462 	EXP 	Display Frame 7
226.1795 	EXP 	Display Frame 8
226.2128 	EXP 	Display Frame 9
226.2136 	DATA 	Keypress: equal
226.2462 	EXP 	Display Frame 0
226.2794 	EXP 	Display Frame 1
226.3128 	EXP 	Display Frame 2
226.3461 	EXP 	Display Frame 3
226.3795 	EXP 	Display Frame 4
226.4128 	EXP 	Display Frame 5
226.4461 	EXP 	Display Frame 6
226.4795 	EXP 	Display Frame 7
226.5128 	EXP 	Display Frame 8
226.5461 	EXP 	Display Frame 9
226.5795 	EXP 	Display Frame 0
226.6128 	EXP 	Display Frame 1
226.6461 	EXP 	Display Frame 2
226.6795 	EXP 	Display Frame 3
226.7128 	EXP 	Display Frame 4
226.7461 	EXP 	Display Frame 5
226.7795 	EXP 	Display Frame 6
226.8128 	EXP 	Display Frame 7
226.8461 	EXP 	Display Frame 8
226.8795 	EXP 	Display Frame 9
226.9128 	EXP 	Display Frame 0
226.9463 	EXP 	Display Frame 1
226.9796 	EXP 	Display Frame 2
227.0128 	EXP 	Display Frame 3
227.0461 	EXP 	Display Frame 4
227.0795 	EXP 	Display Frame 5
227.1128 	EXP 	Display Frame 6
227.1461 	EXP 	Display Frame 7
227.1794 	EXP 	Display Frame 8
227.2128 	EXP 	Display Frame 9
227.2461 	EXP 	Display Frame 0
227.2794 	EXP 	Display Frame 1
227.3128 	EXP 	Display Frame 2
227.3461 	EXP 	Display Frame 3
227.3795 	EXP 	Display Frame 4
227.4128 	EXP 	Display Frame 5
227.4461 	EXP 	Display Frame 6
227.4794 	EXP 	Display Frame 7
227.5128 	EXP 	Display Frame 8
227.5461 	EXP 	Display Frame 9
227.5795 	EXP 	Display Frame 0
227.6128 	EXP 	Display Frame 1
227.6461 	EXP 	Display Frame 2
227.6794 	EXP 	Display Frame 3
227.7128 	EXP 	Display Frame 4
227.7462 	EXP 	Display Frame 5
227.7795 	EXP 	Display Frame 6
227.8128 	EXP 	Display Frame 7
227.8461 	EXP 	Display Frame 8
227.8795 	EXP 	Display Frame 9
227.9128 	EXP 	Display Frame 0
227.9463 	EXP 	Display Frame 1
227.9795 	EXP 	Display Frame 2
228.0128 	EXP 	Display Frame 3
228.0461 	EXP 	Display Frame 4
228.0795 	EXP 	Display Frame 5
228.1128 	EXP 	Display Frame 6
228.1462 	EXP 	Display Frame 7
228.1795 	EXP 	Display Frame 8
228.2128 	EXP 	Display Frame 9
228.2461 	EXP 	Display Frame 0
228.2794 	EXP 	Display Frame 1
228.3128 	EXP 	Display Frame 2
228.3461 	EXP 	Display Frame 3
228.3794 	EXP 	Display Frame 4
228.4128 	EXP 	Display Frame 5
228.4461 	EXP 	Display Frame 6
228.4795 	EXP 	Display Frame 7
228.5128 	EXP 	Display Frame 8
228.5461 	EXP 	Display Frame 9
228.5795 	EXP 	Display Frame 0
228.6128 	EXP 	Display Frame 1
228.6461 	EXP 	Display Frame 2
228.6795 	EXP 	Display Frame 3
228.7128 	EXP 	Display Frame 4
228.7461 	EXP 	Display Frame 5
228.7795 	EXP 	Display Frame 6
228.8128 	EXP 	Display Frame 7
228.8461 	EXP 	Display Frame 8
228.8795 	EXP 	Display Frame 9
228.9128 	EXP 	Display Frame 0
228.9462 	EXP 	Display Frame 1
228.9795 	EXP 	Display Frame 2
229.0128 	EXP 	Display Frame 3
229.0461 	EXP 	Display Frame 4
229.0795 	EXP 	Display Frame 5
229.1128 	EXP 	Display Frame 6
229.1461 	EXP 	Display Frame 7
229.1795 	EXP 	Display Frame 8
229.2128 	EXP 	Display Frame 9
229.2462 	EXP 	Display Frame 0
229.2794 	EXP 	Display Frame 1
229.3128 	EXP 	Display Frame 2
229.3461 	EXP 	Display Frame 3
229.3795 	EXP 	Display Frame 4
229.4128 	EXP 	Display Frame 5
229.4461 	EXP 	Display Frame 6
229.4795 	EXP 	Display Frame 7
229.5128 	EXP 	Display Frame 8
229.5461 	EXP 	Display Frame 9
229.5795 	EXP 	Display Frame 0
229.6128 	EXP 	Display Frame 1
229.6461 	EXP 	Display Frame 2
229.6795 	EXP 	Display Frame 3
229.7128 	EXP 	Display Frame 4
229.7461 	EXP 	Display Frame 5
229.7795 	EXP 	Display Frame 6
229.8128 	EXP 	Display Frame 7
229.8461 	EXP 	Display Frame 8
229.8794 	EXP 	Display Frame 9
229.9128 	EXP 	Display Frame 0
229.9461 	EXP 	Display Frame 1
229.9795 	EXP 	Display Frame 2
230.0128 	EXP 	Display Frame 3
230.0461 	EXP 	Display Frame 4
230.0795 	EXP 	Display Frame 5
230.1128 	EXP 	Display Frame 6
230.1461 	EXP 	Display Frame 7
230.1795 	EXP 	Display Frame 8
230.2128 	EXP 	Display Frame 9
230.2461 	EXP 	Display Frame 0
230.2794 	EXP 	Display Frame 1
230.3128 	EXP 	Display Frame 2
230.3461 	EXP 	Display Frame 3
230.3795 	EXP 	Display Frame 4
230.4128 	EXP 	Display Frame 5
230.4461 	EXP 	Display Frame 6
230.4795 	EXP 	Display Frame 7
230.5128 	EXP 	Display Frame 8
230.5461 	EXP 	Display Frame 9
230.5795 	EXP 	Display Frame 0
230.6128 	EXP 	Display Frame 1
230.6461 	EXP 	Display Frame 2
230.6795 	EXP 	Display Frame 3
230.7128 	EXP 	Display Frame 4
230.7462 	EXP 	Display Frame 5
230.7795 	EXP 	Display Frame 6
230.8128 	EXP 	Display Frame 7
230.8461 	EXP 	Display Frame 8
230.8795 	EXP 	Display Frame 9
230.9128 	EXP 	Display Frame 0
230.9461 	EXP 	Display Frame 1
230.9795 	EXP 	Display Frame 2
231.0128 	EXP 	Display Frame 3
231.0461 	EXP 	Display Frame 4
231.0795 	EXP 	Display Frame 5
231.1128 	EXP 	Display Frame 6
231.1461 	EXP 	Display Frame 7
231.1795 	EXP 	Display Frame 8
231.2128 	EXP 	Display Frame 9
231.2462 	EXP 	Display Frame 0
231.2794 	EXP 	Display Frame 1
231.3128 	EXP 	Display Frame 2
231.3461 	EXP 	Display Frame 3
231.3794 	EXP 	Display Frame 4
231.4129 	DATA 	Keypress: equal
231.4140 	EXP 	Display Frame 5
231.4191 	EXP 	Display Fixation
236.6008 	DATA 	Keypress: equal
241.7944 	DATA 	Keypress: equal
246.9876 	DATA 	Keypress: equal
252.1819 	DATA 	Keypress: equal
257.3760 	DATA 	Keypress: equal
262.5690 	DATA 	Keypress: equal
262.6033 	EXP 	Display Frame 1
262.6366 	EXP 	Display Frame 2
262.6700 	EXP 	Display Frame 3
262.7033 	EXP 	Display Frame 4
262.7367 	EXP 	Display Frame 5
262.7700 	EXP 	Display Frame 6
262.8034 	EXP 	Display Frame 7
262.8367 	EXP 	Display Frame 8
262.8700 	EXP 	Display Frame 9
262.9033 	EXP 	Display Frame 0
262.9366 	EXP 	Display Frame 1
262.9699 	EXP 	Display Frame 2
263.0033 	EXP 	Display Frame 3
263.0366 	EXP 	Display Frame 4
263.0700 	EXP 	Display Frame 5
263.1033 	EXP 	Display Frame 6
263.1366 	EXP 	Display Frame 7
263.1700 	EXP 	Display Frame 8
263.2033 	EXP 	Display Frame 9
263.2367 	EXP 	Display Frame 0
263.2699 	EXP 	Display Frame 1
263.3033 	EXP 	Display Frame 2
263.3366 	EXP 	Display Frame 3
263.3699 	EXP 	Display Frame 4
263.4033 	EXP 	Display Frame 5
263.4366 	EXP 	Display Frame 6
263.4700 	EXP 	Display Frame 7
263.5033 	EXP 	Display Frame 8
263.5366 	EXP 	Display Frame 9
263.5700 	EXP 	Display Frame 0
263.6031 	EXP 	Display Frame 1
263.6366 	EXP 	Display Frame 2
263.6700 	EXP 	Display Frame 3
263.7033 	EXP 	Display Frame 4
263.7366 	EXP 	Display Frame 5
263.7699 	EXP 	Display Frame 6
263.8033 	EXP 	Display Frame 7
263.8366 	EXP 	Display Frame 8
263.8700 	EXP 	Display Frame 9
263.9033 	EXP 	Display Frame 0
263.9366 	EXP 	Display Frame 1
263.9699 	EXP 	Display Frame 2
264.0033 	EXP 	Display Frame 3
264.0366 	EXP 	Display Frame 4
264.0699 	EXP 	Display Frame 5
264.1033 	EXP 	Display Frame 6
264.1366 	EXP 	Display Frame 7
264.1699 	EXP 	Display Frame 8
264.2034 	EXP 	Display Frame 9
264.2366 	EXP 	Display Frame 0
264.2699 	EXP 	Display Frame 1
264.3033 	EXP 	Display Frame 2
264.3366 	EXP 	Display Frame 3
264.3700 	EXP 	Display Frame 4
264.4033 	EXP 	Display Frame 5
264.4366 	EXP 	Display Frame 6
264.4700 	EXP 	Display Frame 7
264.5033 	EXP 	Display Frame 8
264.5366 	EXP 	Display Frame 9
264.5699 	EXP 	Display Frame 0
264.6032 	EXP 	Display Frame 1
264.6366 	EXP 	Display Frame 2
264.6699 	EXP 	Display Frame 3
264.7033 	EXP 	Display Frame 4
264.7366 	EXP 	Display Frame 5
264.7699 	EXP 	Display Frame 6
264.8033 	EXP 	Display Frame 7
264.8366 	EXP 	Display Frame 8
264.8699 	EXP 	Display Frame 9
264.9033 	EXP 	Display Frame 0
264.9366 	EXP 	Display Frame 1
264.9700 	EXP 	Display Frame 2
265.0033 	EXP 	Display Frame 3
265.0366 	EXP 	Display Frame 4
265.0699 	EXP 	Display Frame 5
265.1033 	EXP 	Display Frame 6
265.1366 	EXP 	Display Frame 7
265.1699 	EXP 	Display Frame 8
265.2033 	EXP 	Display Frame 9
265.2366 	EXP 	Display Frame 0
265.2699 	EXP 	Display Frame 1
265.3033 	EXP 	Display Frame 2
265.3366 	EXP 	Display Frame 3
265.3699 	EXP 	Display Frame 4
265.4033 	EXP 	Display Frame 5
265.4366 	EXP 	Display Frame 6
265.4699 	EXP 	Display Frame 7
265.5033 	EXP 	Display Frame 8
265.5366 	EXP 	Display Frame 9
265.5700 	EXP 	Display Frame 0
265.6032 	EXP 	Display Frame 1
265.6366 	EXP 	Display Frame 2
265.6699 	EXP 	Display Frame 3
265.7033 	EXP 	Display Frame 4
265.7366 	EXP 	Display Frame 5
265.7699 	EXP 	Display Frame 6
265.8033 	EXP 	Display Frame 7
265.8366 	EXP 	Display Frame 8
265.8699 	EXP 	Display Frame 9
265.9033 	EXP 	Display Frame 0
265.9366 	EXP 	Display Frame 1
265.9699 	EXP 	Display Frame 2
266.0033 	EXP 	Display Frame 3
266.0369 	EXP 	Display Frame 4
266.0700 	EXP 	Display Frame 5
266.1033 	EXP 	Display Frame 6
266.1366 	EXP 	Display Frame 7
266.1700 	EXP 	Display Frame 8
266.2033 	EXP 	Display Frame 9
266.2366 	EXP 	Display Frame 0
266.2700 	EXP 	Display Frame 1
266.3033 	EXP 	Display Frame 2
266.3366 	EXP 	Display Frame 3
266.3700 	EXP 	Display Frame 4
266.4033 	EXP 	Display Frame 5
266.4366 	EXP 	Display Frame 6
266.4699 	EXP 	Display Frame 7
266.5032 	EXP 	Display Frame 8
266.5366 	EXP 	Display Frame 9
266.5699 	EXP 	Display Frame 0
266.6032 	EXP 	Display Frame 1
266.6366 	EXP 	Display Frame 2
266.6699 	EXP 	Display Frame 3
266.7033 	EXP 	Display Frame 4
266.7366 	EXP 	Display Frame 5
266.7699 	EXP 	Display Frame 6
266.8033 	EXP 	Display Frame 7
266.8366 	EXP 	Display Frame 8
266.8699 	EXP 	Display Frame 9
266.9033 	EXP 	Display Frame 0
266.9366 	EXP 	Display Frame 1
266.9699 	EXP 	Display Frame 2
267.0033 	EXP 	Display Frame 3
267.0366 	EXP 	Display Frame 4
267.0700 	EXP 	Display Frame 5
267.1033 	EXP 	Display Frame 6
267.1366 	EXP 	Display Frame 7
267.1699 	EXP 	Display Frame 8
267.2033 	EXP 	Display Frame 9
267.2366 	EXP 	Display Frame 0
267.2699 	EXP 	Display Frame 1
267.3033 	EXP 	Display Frame 2
267.3366 	EXP 	Display Frame 3
267.3699 	EXP 	Display Frame 4
267.4033 	EXP 	Display Frame 5
267.4366 	EXP 	Display Frame 6
267.4699 	EXP 	Display Frame 7
267.5033 	EXP 	Display Frame 8
267.5366 	EXP 	Display Frame 9
267.5700 	EXP 	Display Frame 0
267.6032 	EXP 	Display Frame 1
267.6366 	EXP 	Display Frame 2
267.6699 	EXP 	Display Frame 3
267.7033 	EXP 	Display Frame 4
267.7366 	EXP 	Display Frame 5
267.7701 	DATA 	Keypress: equal
267.7711 	EXP 	Display Frame 6
267.8033 	EXP 	Display Frame 7
267.8366 	EXP 	Display Frame 8
267.8699 	EXP 	Display Frame 9
267.9033 	EXP 	Display Frame 0
267.9366 	EXP 	Display Frame 1
267.9699 	EXP 	Display Frame 2
268.0032 	EXP 	Display Frame 3
268.0366 	EXP 	Display Frame 4
268.0699 	EXP 	Display Frame 5
268.1033 	EXP 	Display Frame 6
268.1366 	EXP 	Display Frame 7
268.1699 	EXP 	Display Frame 8
268.2033 	EXP 	Display Frame 9
268.2366 	EXP 	Display Frame 0
268.2699 	EXP 	Display Frame 1
268.3033 	EXP 	Display Frame 2
268.3366 	EXP 	Display Frame 3
268.3700 	EXP 	Display Frame 4
268.4033 	EXP 	Display Frame 5
268.4366 	EXP 	Display Frame 6
268.4699 	EXP 	Display Frame 7
268.5033 	EXP 	Display Frame 8
268.5366 	EXP 	Display Frame 9
268.5700 	EXP 	Display Frame 0
268.6032 	EXP 	Display Frame 1
268.6366 	EXP 	Display Frame 2
268.6699 	EXP 	Display Frame 3
268.7033 	EXP 	Display Frame 4
268.7366 	EXP 	Display Frame 5
268.7699 	EXP 	Display Frame 6
268.8033 	EXP 	Display Frame 7
268.8366 	EXP 	Display Frame 8
268.8699 	EXP 	Display Frame 9
268.9033 	EXP 	Display Frame 0
268.9366 	EXP 	Display Frame 1
268.9699 	EXP 	Display Frame 2
269.0033 	EXP 	Display Frame 3
269.0366 	EXP 	Display Frame 4
269.0700 	EXP 	Display Frame 5
269.1033 	EXP 	Display Frame 6
269.1366 	EXP 	Display Frame 7
269.1699 	EXP 	Display Frame 8
269.2033 	EXP 	Display Frame 9
269.2366 	EXP 	Display Frame 0
269.2699 	EXP 	Display Frame 1
269.3033 	EXP 	Display Frame 2
269.3366 	EXP 	Display Frame 3
269.3700 	EXP 	Display Frame 4
269.4033 	EXP 	Display Frame 5
269.4366 	EXP 	Display Frame 6
269.4699 	EXP 	Display Frame 7
269.5032 	EXP 	Display Frame 8
269.5368 	EXP 	Display Frame 9
269.5700 	EXP 	Display Frame 0
269.6032 	EXP 	Display Frame 1
269.6366 	EXP 	Display Frame 2
269.6699 	EXP 	Display Frame 3
269.7033 	EXP 	Display Frame 4
269.7366 	EXP 	Display Frame 5
269.7699 	EXP 	Display Frame 6
269.8033 	EXP 	Display Frame 7
269.8366 	EXP 	Display Frame 8
269.8699 	EXP 	Display Frame 9
269.9033 	EXP 	Display Frame 0
269.9366 	EXP 	Display Frame 1
269.9699 	EXP 	Display Frame 2
270.0033 	EXP 	Display Frame 3
270.0366 	EXP 	Display Frame 4
270.0699 	EXP 	Display Frame 5
270.1033 	EXP 	Display Frame 6
270.1366 	EXP 	Display Frame 7
270.1699 	EXP 	Display Frame 8
270.2033 	EXP 	Display Frame 9
270.2366 	EXP 	Display Frame 0
270.2699 	EXP 	Display Frame 1
270.3033 	EXP 	Display Frame 2
270.3366 	EXP 	Display Frame 3
270.3700 	EXP 	Display Frame 4
270.4033 	EXP 	Display Frame 5
270.4366 	EXP 	Display Frame 6
270.4700 	EXP 	Display Frame 7
270.5032 	EXP 	Display Frame 8
270.5366 	EXP 	Display Frame 9
270.5700 	EXP 	Display Frame 0
270.6032 	EXP 	Display Frame 1
270.6366 	EXP 	Display Frame 2
270.6699 	EXP 	Display Frame 3
270.7033 	EXP 	Display Frame 4
270.7366 	EXP 	Display Frame 5
270.7700 	EXP 	Display Frame 6
270.8033 	EXP 	Display Frame 7
270.8366 	EXP 	Display Frame 8
270.8699 	EXP 	Display Frame 9
270.9033 	EXP 	Display Frame 0
270.9366 	EXP 	Display Frame 1
270.9699 	EXP 	Display Frame 2
271.0033 	EXP 	Display Frame 3
271.0366 	EXP 	Display Frame 4
271.0700 	EXP 	Display Frame 5
271.1033 	EXP 	Display Frame 6
271.1366 	EXP 	Display Frame 7
271.1699 	EXP 	Display Frame 8
271.2033 	EXP 	Display Frame 9
271.2366 	EXP 	Display Frame 0
271.2699 	EXP 	Display Frame 1
271.3033 	EXP 	Display Frame 2
271.3366 	EXP 	Display Frame 3
271.3700 	EXP 	Display Frame 4
271.4033 	EXP 	Display Frame 5
271.4366 	EXP 	Display Frame 6
271.4699 	EXP 	Display Frame 7
271.5033 	EXP 	Display Frame 8
271.5366 	EXP 	Display Frame 9
271.5700 	EXP 	Display Frame 0
271.6032 	EXP 	Display Frame 1
271.6366 	EXP 	Display Frame 2
271.6699 	EXP 	Display Frame 3
271.7033 	EXP 	Display Frame 4
271.7366 	EXP 	Display Frame 5
271.7699 	EXP 	Display Frame 6
271.8033 	EXP 	Display Frame 7
271.8366 	EXP 	Display Frame 8
271.8699 	EXP 	Display Frame 9
271.9033 	EXP 	Display Frame 0
271.9366 	EXP 	Display Frame 1
271.9699 	EXP 	Display Frame 2
272.0033 	EXP 	Display Frame 3
272.0366 	EXP 	Display Frame 4
272.0699 	EXP 	Display Frame 5
272.1033 	EXP 	Display Frame 6
272.1366 	EXP 	Display Frame 7
272.1699 	EXP 	Display Frame 8
272.2033 	EXP 	Display Frame 9
272.2366 	EXP 	Display Frame 0
272.2699 	EXP 	Display Frame 1
272.3033 	EXP 	Display Frame 2
272.3366 	EXP 	Display Frame 3
272.3702 	EXP 	Display Frame 4
272.4033 	EXP 	Display Frame 5
272.4366 	EXP 	Display Frame 6
272.4700 	EXP 	Display Frame 7
272.5033 	EXP 	Display Frame 8
272.5366 	EXP 	Display Frame 9
272.5700 	EXP 	Display Frame 0
272.6032 	EXP 	Display Frame 1
272.6366 	EXP 	Display Frame 2
272.6699 	EXP 	Display Frame 3
272.7033 	EXP 	Display Frame 4
272.7366 	EXP 	Display Frame 5
272.7700 	EXP 	Display Frame 6
272.8033 	EXP 	Display Frame 7
272.8366 	EXP 	Display Frame 8
272.8700 	EXP 	Display Frame 9
272.9033 	EXP 	Display Frame 0
272.9366 	EXP 	Display Frame 1
272.9700 	DATA 	Keypress: equal
272.9711 	EXP 	Display Frame 2
273.0033 	EXP 	Display Frame 3
273.0366 	EXP 	Display Frame 4
273.0700 	EXP 	Display Frame 5
273.1033 	EXP 	Display Frame 6
273.1366 	EXP 	Display Frame 7
273.1699 	EXP 	Display Frame 8
273.2033 	EXP 	Display Frame 9
273.2366 	EXP 	Display Frame 0
273.2699 	EXP 	Display Frame 1
273.3033 	EXP 	Display Frame 2
273.3366 	EXP 	Display Frame 3
273.3699 	EXP 	Display Frame 4
273.4033 	EXP 	Display Frame 5
273.4366 	EXP 	Display Frame 6
273.4700 	EXP 	Display Frame 7
273.5032 	EXP 	Display Frame 8
273.5366 	EXP 	Display Frame 9
273.5699 	EXP 	Display Frame 0
273.6032 	EXP 	Display Frame 1
273.6366 	EXP 	Display Frame 2
273.6699 	EXP 	Display Frame 3
273.7033 	EXP 	Display Frame 4
273.7366 	EXP 	Display Frame 5
273.7700 	EXP 	Display Frame 6
273.8033 	EXP 	Display Frame 7
273.8366 	EXP 	Display Frame 8
273.8699 	EXP 	Display Frame 9
273.9033 	EXP 	Display Frame 0
273.9366 	EXP 	Display Frame 1
273.9700 	EXP 	Display Frame 2
274.0033 	EXP 	Display Frame 3
274.0366 	EXP 	Display Frame 4
274.0699 	EXP 	Display Frame 5
274.1032 	EXP 	Display Frame 6
274.1366 	EXP 	Display Frame 7
274.1699 	EXP 	Display Frame 8
274.2033 	EXP 	Display Frame 9
274.2366 	EXP 	Display Frame 0
274.2699 	EXP 	Display Frame 1
274.3033 	EXP 	Display Frame 2
274.3366 	EXP 	Display Frame 3
274.3699 	EXP 	Display Frame 4
274.4033 	EXP 	Display Frame 5
274.4366 	EXP 	Display Frame 6
274.4699 	EXP 	Display Frame 7
274.5033 	EXP 	Display Frame 8
274.5366 	EXP 	Display Frame 9
274.5700 	EXP 	Display Frame 0
274.6032 	EXP 	Display Frame 1
274.6366 	EXP 	Display Frame 2
274.6700 	EXP 	Display Frame 3
274.7033 	EXP 	Display Frame 4
274.7366 	EXP 	Display Frame 5
274.7700 	EXP 	Display Frame 6
274.8033 	EXP 	Display Frame 7
274.8366 	EXP 	Display Frame 8
274.8701 	EXP 	Display Frame 9
274.9033 	EXP 	Display Frame 0
274.9366 	EXP 	Display Frame 1
274.9699 	EXP 	Display Frame 2
275.0033 	EXP 	Display Frame 3
275.0366 	EXP 	Display Frame 4
275.0699 	EXP 	Display Frame 5
275.1033 	EXP 	Display Frame 6
275.1366 	EXP 	Display Frame 7
275.1699 	EXP 	Display Frame 8
275.2032 	EXP 	Display Frame 9
275.2366 	EXP 	Display Frame 0
275.2699 	EXP 	Display Frame 1
275.3033 	EXP 	Display Frame 2
275.3366 	EXP 	Display Frame 3
275.3700 	EXP 	Display Frame 4
275.4033 	EXP 	Display Frame 5
275.4366 	EXP 	Display Frame 6
275.4699 	EXP 	Display Frame 7
275.5033 	EXP 	Display Frame 8
275.5366 	EXP 	Display Frame 9
275.5700 	EXP 	Display Frame 0
275.6032 	EXP 	Display Frame 1
275.6366 	EXP 	Display Frame 2
275.6699 	EXP 	Display Frame 3
275.7038 	EXP 	Display Frame 4
275.7366 	EXP 	Display Frame 5
275.7699 	EXP 	Display Frame 6
275.8033 	EXP 	Display Frame 7
275.8366 	EXP 	Display Frame 8
275.8699 	EXP 	Display Frame 9
275.9033 	EXP 	Display Frame 0
275.9366 	EXP 	Display Frame 1
275.9699 	EXP 	Display Frame 2
276.0033 	EXP 	Display Frame 3
276.0366 	EXP 	Display Frame 4
276.0700 	EXP 	Display Frame 5
276.1033 	EXP 	Display Frame 6
276.1366 	EXP 	Display Frame 7
276.1699 	EXP 	Display Frame 8
276.2033 	EXP 	Display Frame 9
276.2366 	EXP 	Display Frame 0
276.2698 	EXP 	Display Frame 1
276.3033 	EXP 	Display Frame 2
276.3366 	EXP 	Display Frame 3
276.3699 	EXP 	Display Frame 4
276.4033 	EXP 	Display Frame 5
276.4366 	EXP 	Display Frame 6
276.4700 	EXP 	Display Frame 7
276.5033 	EXP 	Display Frame 8
276.5366 	EXP 	Display Frame 9
276.5700 	EXP 	Display Frame 0
276.6032 	EXP 	Display Frame 1
276.6366 	EXP 	Display Frame 2
276.6699 	EXP 	Display Frame 3
276.7033 	EXP 	Display Frame 4
276.7366 	EXP 	Display Frame 5
276.7699 	EXP 	Display Frame 6
276.8033 	EXP 	Display Frame 7
276.8366 	EXP 	Display Frame 8
276.8700 	EXP 	Display Frame 9
276.9033 	EXP 	Display Frame 0
276.9366 	EXP 	Display Frame 1
276.9699 	EXP 	Display Frame 2
277.0033 	EXP 	Display Frame 3
277.0366 	EXP 	Display Frame 4
277.0699 	EXP 	Display Frame 5
277.1033 	EXP 	Display Frame 6
277.1366 	EXP 	Display Frame 7
277.1699 	EXP 	Display Frame 8
277.2033 	EXP 	Display Frame 9
277.2366 	EXP 	Display Frame 0
277.2700 	EXP 	Display Frame 1
277.3033 	EXP 	Display Frame 2
277.3366 	EXP 	Display Frame 3
277.3699 	EXP 	Display Frame 4
277.4033 	EXP 	Display Frame 5
277.4366 	EXP 	Display Frame 6
277.4700 	EXP 	Display Frame 7
277.5033 	EXP 	Display Frame 8
277.5366 	EXP 	Display Frame 9
277.5700 	EXP 	Display Frame 0
277.6031 	EXP 	Display Frame 1
277.6366 	EXP 	Display Frame 2
277.6699 	EXP 	Display Frame 3
277.7033 	EXP 	Display Frame 4
277.7366 	EXP 	Display Frame 5
277.7700 	EXP 	Display Frame 6
277.8033 	EXP 	Display Frame 7
277.8366 	EXP 	Display Frame 8
277.8700 	EXP 	Display Frame 9
277.9033 	EXP 	Display Frame 0
277.9366 	EXP 	Display Frame 1
277.9699 	EXP 	Display Frame 2
278.0033 	EXP 	Display Frame 3
278.0366 	EXP 	Display Frame 4
278.0699 	EXP 	Display Frame 5
278.1033 	EXP 	Display Frame 6
278.1366 	EXP 	Display Frame 7
278.1700 	DATA 	Keypress: equal
278.1711 	EXP 	Display Frame 8
278.2033 	EXP 	Display Frame 9
278.2366 	EXP 	Display Frame 0
278.2699 	EXP 	Display Frame 1
278.3033 	EXP 	Display Frame 2
278.3372 	EXP 	Display Frame 3
278.3699 	EXP 	Display Frame 4
278.4033 	EXP 	Display Frame 5
278.4366 	EXP 	Display Frame 6
278.4699 	EXP 	Display Frame 7
278.5033 	EXP 	Display Frame 8
278.5366 	EXP 	Display Frame 9
278.5700 	EXP 	Display Frame 0
278.6032 	EXP 	Display Frame 1
278.6366 	EXP 	Display Frame 2
278.6699 	EXP 	Display Frame 3
278.7035 	EXP 	Display Frame 4
278.7366 	EXP 	Display Frame 5
278.7699 	EXP 	Display Frame 6
278.8033 	EXP 	Display Frame 7
278.8366 	EXP 	Display Frame 8
278.8700 	EXP 	Display Frame 9
278.9033 	EXP 	Display Frame 0
278.9366 	EXP 	Display Frame 1
278.9700 	EXP 	Display Frame 2
279.0032 	EXP 	Display Frame 3
279.0366 	EXP 	Display Frame 4
279.0699 	EXP 	Display Frame 5
279.1033 	EXP 	Display Frame 6
279.1366 	EXP 	Display Frame 7
279.1699 	EXP 	Display Frame 8
279.2032 	EXP 	Display Frame 9
279.2366 	EXP 	Display Frame 0
279.2700 	EXP 	Display Frame 1
279.3033 	EXP 	Display Frame 2
279.3366 	EXP 	Display Frame 3
279.3699 	EXP 	Display Frame 4
279.4033 	EXP 	Display Frame 5
279.4366 	EXP 	Display Frame 6
279.4699 	EXP 	Display Frame 7
279.5033 	EXP 	Display Frame 8
279.5366 	EXP 	Display Frame 9
279.5700 	EXP 	Display Frame 0
279.6032 	EXP 	Display Frame 1
279.6366 	EXP 	Display Frame 2
279.6699 	EXP 	Display Frame 3
279.7033 	EXP 	Display Frame 4
279.7366 	EXP 	Display Frame 5
279.7699 	EXP 	Display Frame 6
279.8032 	EXP 	Display Frame 7
279.8366 	EXP 	Display Frame 8
279.8699 	EXP 	Display Frame 9
279.9033 	EXP 	Display Frame 0
279.9366 	EXP 	Display Frame 1
279.9699 	EXP 	Display Frame 2
280.0033 	EXP 	Display Frame 3
280.0454 	EXP 	Display Frame 4
280.0700 	EXP 	Display Frame 5
280.1033 	EXP 	Display Frame 6
280.1366 	EXP 	Display Frame 7
280.1699 	EXP 	Display Frame 8
280.2034 	EXP 	Display Frame 9
280.2366 	EXP 	Display Frame 0
280.2699 	EXP 	Display Frame 1
280.3032 	EXP 	Display Frame 2
280.3366 	EXP 	Display Frame 3
280.3699 	EXP 	Display Frame 4
280.4033 	EXP 	Display Frame 5
280.4366 	EXP 	Display Frame 6
280.4699 	EXP 	Display Frame 7
280.5032 	EXP 	Display Frame 8
280.5366 	EXP 	Display Frame 9
280.5699 	EXP 	Display Frame 0
280.6031 	EXP 	Display Frame 1
280.6366 	EXP 	Display Frame 2
280.6699 	EXP 	Display Frame 3
280.7033 	EXP 	Display Frame 4
280.7366 	EXP 	Display Frame 5
280.7699 	EXP 	Display Frame 6
280.8033 	EXP 	Display Frame 7
280.8366 	EXP 	Display Frame 8
280.8699 	EXP 	Display Frame 9
280.9033 	EXP 	Display Frame 0
280.9366 	EXP 	Display Frame 1
280.9699 	EXP 	Display Frame 2
281.0033 	EXP 	Display Frame 3
281.0366 	EXP 	Display Frame 4
281.0699 	EXP 	Display Frame 5
281.1033 	EXP 	Display Frame 6
281.1366 	EXP 	Display Frame 7
281.1699 	EXP 	Display Frame 8
281.2033 	EXP 	Display Frame 9
281.2366 	EXP 	Display Frame 0
281.2699 	EXP 	Display Frame 1
281.3033 	EXP 	Display Frame 2
281.3366 	EXP 	Display Frame 3
281.3699 	EXP 	Display Frame 4
281.4033 	EXP 	Display Frame 5
281.4366 	EXP 	Display Frame 6
281.4699 	EXP 	Display Frame 7
281.5033 	EXP 	Display Frame 8
281.5366 	EXP 	Display Frame 9
281.5699 	EXP 	Display Frame 0
281.6032 	EXP 	Display Frame 1
281.6366 	EXP 	Display Frame 2
281.6700 	EXP 	Display Frame 3
281.7033 	EXP 	Display Frame 4
281.7366 	EXP 	Display Frame 5
281.7700 	EXP 	Display Frame 6
281.8033 	EXP 	Display Frame 7
281.8366 	EXP 	Display Frame 8
281.8699 	EXP 	Display Frame 9
281.9033 	EXP 	Display Frame 0
281.9366 	EXP 	Display Frame 1
281.9699 	EXP 	Display Frame 2
282.0032 	EXP 	Display Frame 3
282.0366 	EXP 	Display Frame 4
282.0699 	EXP 	Display Frame 5
282.1033 	EXP 	Display Frame 6
282.1366 	EXP 	Display Frame 7
282.1700 	EXP 	Display Frame 8
282.2033 	EXP 	Display Frame 9
282.2366 	EXP 	Display Frame 0
282.2700 	EXP 	Display Frame 1
282.3033 	EXP 	Display Frame 2
282.3366 	EXP 	Display Frame 3
282.3699 	EXP 	Display Frame 4
282.4033 	EXP 	Display Frame 5
282.4366 	EXP 	Display Frame 6
282.4700 	EXP 	Display Frame 7
282.5033 	EXP 	Display Frame 8
282.5366 	EXP 	Display Frame 9
282.5699 	EXP 	Display Frame 0
282.6031 	EXP 	Display Frame 1
282.6366 	EXP 	Display Frame 2
282.6699 	EXP 	Display Frame 3
282.7033 	EXP 	Display Frame 4
282.7366 	EXP 	Display Frame 5
282.7699 	EXP 	Display Frame 6
282.8033 	EXP 	Display Frame 7
282.8366 	EXP 	Display Frame 8
282.8700 	EXP 	Display Frame 9
282.9033 	EXP 	Display Frame 0
282.9366 	EXP 	Display Frame 1
282.9699 	EXP 	Display Frame 2
283.0033 	EXP 	Display Frame 3
283.0366 	EXP 	Display Frame 4
283.0700 	EXP 	Display Frame 5
283.1033 	EXP 	Display Frame 6
283.1366 	EXP 	Display Frame 7
283.1699 	EXP 	Display Frame 8
283.2033 	EXP 	Display Frame 9
283.2366 	EXP 	Display Frame 0
283.2699 	EXP 	Display Frame 1
283.3033 	EXP 	Display Frame 2
283.3366 	EXP 	Display Frame 3
283.3700 	DATA 	Keypress: equal
283.3712 	EXP 	Display Frame 4
283.4033 	EXP 	Display Frame 5
283.4366 	EXP 	Display Frame 6
283.4699 	EXP 	Display Frame 7
283.5033 	EXP 	Display Frame 8
283.5366 	EXP 	Display Frame 9
283.5699 	EXP 	Display Frame 0
283.6032 	EXP 	Display Frame 1
283.6366 	EXP 	Display Frame 2
283.6699 	EXP 	Display Frame 3
283.7032 	EXP 	Display Frame 4
283.7366 	EXP 	Display Frame 5
283.7700 	EXP 	Display Frame 6
283.8033 	EXP 	Display Frame 7
283.8366 	EXP 	Display Frame 8
283.8699 	EXP 	Display Frame 9
283.9033 	EXP 	Display Frame 0
283.9366 	EXP 	Display Frame 1
283.9699 	EXP 	Display Frame 2
284.0032 	EXP 	Display Frame 3
284.0366 	EXP 	Display Frame 4
284.0700 	EXP 	Display Frame 5
284.1033 	EXP 	Display Frame 6
284.1366 	EXP 	Display Frame 7
284.1699 	EXP 	Display Frame 8
284.2033 	EXP 	Display Frame 9
284.2366 	EXP 	Display Frame 0
284.2700 	EXP 	Display Frame 1
284.3033 	EXP 	Display Frame 2
284.3366 	EXP 	Display Frame 3
284.3699 	EXP 	Display Frame 4
284.4033 	EXP 	Display Frame 5
284.4366 	EXP 	Display Frame 6
284.4699 	EXP 	Display Frame 7
284.5033 	EXP 	Display Frame 8
284.5366 	EXP 	Display Frame 9
284.5700 	EXP 	Display Frame 0
284.6031 	EXP 	Display Frame 1
284.6366 	EXP 	Display Frame 2
284.6699 	EXP 	Display Frame 3
284.7032 	EXP 	Display Frame 4
284.7366 	EXP 	Display Frame 5
284.7699 	EXP 	Display Frame 6
284.8033 	EXP 	Display Frame 7
284.8367 	EXP 	Display Frame 8
284.8700 	EXP 	Display Frame 9
284.9032 	EXP 	Display Frame 0
284.9366 	EXP 	Display Frame 1
284.9699 	EXP 	Display Frame 2
285.0032 	EXP 	Display Frame 3
285.0366 	EXP 	Display Frame 4
285.0703 	EXP 	Display Frame 5
285.1033 	EXP 	Display Frame 6
285.1366 	EXP 	Display Frame 7
285.1699 	EXP 	Display Frame 8
285.2033 	EXP 	Display Frame 9
285.2366 	EXP 	Display Frame 0
285.2700 	EXP 	Display Frame 1
285.3033 	EXP 	Display Frame 2
285.3366 	EXP 	Display Frame 3
285.3699 	EXP 	Display Frame 4
285.4033 	EXP 	Display Frame 5
285.4366 	EXP 	Display Frame 6
285.4699 	EXP 	Display Frame 7
285.5033 	EXP 	Display Frame 8
285.5368 	EXP 	Display Frame 9
285.5700 	EXP 	Display Frame 0
285.6032 	EXP 	Display Frame 1
285.6366 	EXP 	Display Frame 2
285.6699 	EXP 	Display Frame 3
285.7033 	EXP 	Display Frame 4
285.7366 	EXP 	Display Frame 5
285.7699 	EXP 	Display Frame 6
285.8032 	EXP 	Display Frame 7
285.8366 	EXP 	Display Frame 8
285.8699 	EXP 	Display Frame 9
285.9033 	EXP 	Display Frame 0
285.9366 	EXP 	Display Frame 1
285.9699 	EXP 	Display Frame 2
286.0033 	EXP 	Display Frame 3
286.0366 	EXP 	Display Frame 4
286.0700 	EXP 	Display Frame 5
286.1033 	EXP 	Display Frame 6
286.1366 	EXP 	Display Frame 7
286.1699 	EXP 	Display Frame 8
286.2032 	EXP 	Display Frame 9
286.2366 	EXP 	Display Frame 0
286.2699 	EXP 	Display Frame 1
286.3033 	EXP 	Display Frame 2
286.3366 	EXP 	Display Frame 3
286.3699 	EXP 	Display Frame 4
286.4033 	EXP 	Display Frame 5
286.4366 	EXP 	Display Frame 6
286.4699 	EXP 	Display Frame 7
286.5033 	EXP 	Display Frame 8
286.5366 	EXP 	Display Frame 9
286.5699 	EXP 	Display Frame 0
286.6032 	EXP 	Display Frame 1
286.6366 	EXP 	Display Frame 2
286.6699 	EXP 	Display Frame 3
286.7033 	EXP 	Display Frame 4
286.7366 	EXP 	Display Frame 5
286.7700 	EXP 	Display Frame 6
286.8033 	EXP 	Display Frame 7
286.8366 	EXP 	Display Frame 8
286.8700 	EXP 	Display Frame 9
286.9033 	EXP 	Display Frame 0
286.9366 	EXP 	Display Frame 1
286.9699 	EXP 	Display Frame 2
287.0033 	EXP 	Display Frame 3
287.0366 	EXP 	Display Frame 4
287.0700 	EXP 	Display Frame 5
287.1033 	EXP 	Display Frame 6
287.1366 	EXP 	Display Frame 7
287.1699 	EXP 	Display Frame 8
287.2032 	EXP 	Display Frame 9
287.2366 	EXP 	Display Frame 0
287.2699 	EXP 	Display Frame 1
287.3033 	EXP 	Display Frame 2
287.3366 	EXP 	Display Frame 3
287.3699 	EXP 	Display Frame 4
287.4033 	EXP 	Display Frame 5
287.4366 	EXP 	Display Frame 6
287.4699 	EXP 	Display Frame 7
287.5033 	EXP 	Display Frame 8
287.5366 	EXP 	Display Frame 9
287.5699 	EXP 	Display Frame 0
287.6032 	EXP 	Display Frame 1
287.6366 	EXP 	Display Frame 2
287.6699 	EXP 	Display Frame 3
287.7033 	EXP 	Display Frame 4
287.7366 	EXP 	Display Frame 5
287.7700 	EXP 	Display Frame 6
287.8033 	EXP 	Display Frame 7
287.8366 	EXP 	Display Frame 8
287.8699 	EXP 	Display Frame 9
287.9033 	EXP 	Display Frame 0
287.9366 	EXP 	Display Frame 1
287.9699 	EXP 	Display Frame 2
288.0033 	EXP 	Display Frame 3
288.0366 	EXP 	Display Frame 4
288.0699 	EXP 	Display Frame 5
288.1033 	EXP 	Display Frame 6
288.1366 	EXP 	Display Frame 7
288.1699 	EXP 	Display Frame 8
288.2033 	EXP 	Display Frame 9
288.2366 	EXP 	Display Frame 0
288.2699 	EXP 	Display Frame 1
288.3033 	EXP 	Display Frame 2
288.3366 	EXP 	Display Frame 3
288.3700 	EXP 	Display Frame 4
288.4033 	EXP 	Display Frame 5
288.4366 	EXP 	Display Frame 6
288.4699 	EXP 	Display Frame 7
288.5033 	EXP 	Display Frame 8
288.5366 	EXP 	Display Frame 9
288.5374 	DATA 	Keypress: equal
288.5699 	EXP 	Display Frame 0
288.6032 	EXP 	Display Frame 1
288.6366 	EXP 	Display Frame 2
288.6699 	EXP 	Display Frame 3
288.7033 	EXP 	Display Frame 4
288.7366 	EXP 	Display Frame 5
288.7699 	EXP 	Display Frame 6
288.8033 	EXP 	Display Frame 7
288.8366 	EXP 	Display Frame 8
288.8699 	EXP 	Display Frame 9
288.9033 	EXP 	Display Frame 0
288.9366 	EXP 	Display Frame 1
288.9699 	EXP 	Display Frame 2
289.0032 	EXP 	Display Frame 3
289.0366 	EXP 	Display Frame 4
289.0699 	EXP 	Display Frame 5
289.1033 	EXP 	Display Frame 6
289.1366 	EXP 	Display Frame 7
289.1699 	EXP 	Display Frame 8
289.2033 	EXP 	Display Frame 9
289.2366 	EXP 	Display Frame 0
289.2700 	EXP 	Display Frame 1
289.3032 	EXP 	Display Frame 2
289.3366 	EXP 	Display Frame 3
289.3699 	EXP 	Display Frame 4
289.4033 	EXP 	Display Frame 5
289.4366 	EXP 	Display Frame 6
289.4699 	EXP 	Display Frame 7
289.5033 	EXP 	Display Frame 8
289.5366 	EXP 	Display Frame 9
289.5700 	EXP 	Display Frame 0
289.6031 	EXP 	Display Frame 1
289.6366 	EXP 	Display Frame 2
289.6699 	EXP 	Display Frame 3
289.7033 	EXP 	Display Frame 4
289.7366 	EXP 	Display Frame 5
289.7699 	EXP 	Display Frame 6
289.8033 	EXP 	Display Frame 7
289.8366 	EXP 	Display Frame 8
289.8699 	EXP 	Display Frame 9
289.9033 	EXP 	Display Frame 0
289.9366 	EXP 	Display Frame 1
289.9699 	EXP 	Display Frame 2
290.0033 	EXP 	Display Frame 3
290.0366 	EXP 	Display Frame 4
290.0699 	EXP 	Display Frame 5
290.1033 	EXP 	Display Frame 6
290.1366 	EXP 	Display Frame 7
290.1699 	EXP 	Display Frame 8
290.2033 	EXP 	Display Frame 9
290.2366 	EXP 	Display Frame 0
290.2699 	EXP 	Display Frame 1
290.3032 	EXP 	Display Frame 2
290.3366 	EXP 	Display Frame 3
290.3699 	EXP 	Display Frame 4
290.4033 	EXP 	Display Frame 5
290.4366 	EXP 	Display Frame 6
290.4699 	EXP 	Display Frame 7
290.5033 	EXP 	Display Frame 8
290.5366 	EXP 	Display Frame 9
290.5699 	EXP 	Display Frame 0
290.6031 	EXP 	Display Frame 1
290.6366 	EXP 	Display Frame 2
290.6699 	EXP 	Display Frame 3
290.7033 	EXP 	Display Frame 4
290.7366 	EXP 	Display Frame 5
290.7699 	EXP 	Display Frame 6
290.8033 	EXP 	Display Frame 7
290.8366 	EXP 	Display Frame 8
290.8701 	EXP 	Display Frame 9
290.9033 	EXP 	Display Frame 0
290.9366 	EXP 	Display Frame 1
290.9699 	EXP 	Display Frame 2
291.0033 	EXP 	Display Frame 3
291.0366 	EXP 	Display Frame 4
291.0700 	EXP 	Display Frame 5
291.1033 	EXP 	Display Frame 6
291.1366 	EXP 	Display Frame 7
291.1699 	EXP 	Display Frame 8
291.2032 	EXP 	Display Frame 9
291.2366 	EXP 	Display Frame 0
291.2699 	EXP 	Display Frame 1
291.3033 	EXP 	Display Frame 2
291.3366 	EXP 	Display Frame 3
291.3699 	EXP 	Display Frame 4
291.4035 	EXP 	Display Frame 5
291.4366 	EXP 	Display Frame 6
291.4700 	EXP 	Display Frame 7
291.5033 	EXP 	Display Frame 8
291.5366 	EXP 	Display Frame 9
291.5699 	EXP 	Display Frame 0
291.6032 	EXP 	Display Frame 1
291.6366 	EXP 	Display Frame 2
291.6699 	EXP 	Display Frame 3
291.7033 	EXP 	Display Frame 4
291.7366 	EXP 	Display Frame 5
291.7699 	EXP 	Display Frame 6
291.8033 	EXP 	Display Frame 7
291.8366 	EXP 	Display Frame 8
291.8699 	EXP 	Display Frame 9
291.9033 	EXP 	Display Frame 0
291.9366 	EXP 	Display Frame 1
291.9699 	EXP 	Display Frame 2
292.0032 	EXP 	Display Frame 3
292.0366 	EXP 	Display Frame 4
292.0700 	EXP 	Display Frame 5
292.1033 	EXP 	Display Frame 6
292.1366 	EXP 	Display Frame 7
292.1699 	EXP 	Display Frame 8
292.2033 	EXP 	Display Frame 9
292.2366 	EXP 	Display Frame 0
292.2700 	EXP 	Display Frame 1
292.3033 	EXP 	Display Frame 2
292.3366 	EXP 	Display Frame 3
292.3699 	EXP 	Display Frame 4
292.4033 	EXP 	Display Frame 5
292.4366 	EXP 	Display Frame 6
292.4699 	EXP 	Display Frame 7
292.5033 	EXP 	Display Frame 8
292.5366 	EXP 	Display Frame 9
292.5699 	EXP 	Display Frame 0
292.6032 	EXP 	Display Frame 1
292.6366 	EXP 	Display Frame 2
292.6700 	EXP 	Display Frame 3
292.7032 	EXP 	Display Frame 4
292.7366 	EXP 	Display Frame 5
292.7699 	EXP 	Display Frame 6
292.8033 	EXP 	Display Frame 7
292.8366 	EXP 	Display Frame 8
292.8699 	EXP 	Display Frame 9
292.9033 	EXP 	Display Frame 0
292.9366 	EXP 	Display Frame 1
292.9699 	EXP 	Display Frame 2
293.0033 	EXP 	Display Frame 3
293.0366 	EXP 	Display Frame 4
293.0699 	EXP 	Display Frame 5
293.1033 	EXP 	Display Frame 6
293.1366 	EXP 	Display Frame 7
293.1699 	EXP 	Display Frame 8
293.2033 	EXP 	Display Frame 9
293.2366 	EXP 	Display Frame 0
293.2699 	EXP 	Display Frame 1
293.3032 	EXP 	Display Frame 2
293.3366 	EXP 	Display Frame 3
293.3699 	EXP 	Display Frame 4
293.4033 	EXP 	Display Frame 5
293.4366 	EXP 	Display Frame 6
293.4699 	EXP 	Display Frame 7
293.5032 	EXP 	Display Frame 8
293.5366 	EXP 	Display Frame 9
293.5700 	EXP 	Display Frame 0
293.6031 	EXP 	Display Frame 1
293.6366 	EXP 	Display Frame 2
293.6699 	EXP 	Display Frame 3
293.7033 	EXP 	Display Frame 4
293.7367 	DATA 	Keypress: equal
293.7378 	EXP 	Display Frame 5
293.7528 	EXP 	Display Fixation
298.9242 	DATA 	Keypress: equal
304.1184 	DATA 	Keypress: equal
309.3112 	DATA 	Keypress: equal
314.5053 	DATA 	Keypress: equal
319.6982 	DATA 	Keypress: equal
324.8923 	DATA 	Keypress: equal
324.9268 	EXP 	Display Frame 1
324.9599 	EXP 	Display Frame 2
324.9933 	EXP 	Display Frame 3
325.0266 	EXP 	Display Frame 4
325.0600 	EXP 	Display Frame 5
325.0933 	EXP 	Display Frame 6
325.1266 	EXP 	Display Frame 7
325.1599 	EXP 	Display Frame 8
325.1933 	EXP 	Display Frame 9
325.2266 	EXP 	Display Frame 0
325.2599 	EXP 	Display Frame 1
325.2933 	EXP 	Display Frame 2
325.3266 	EXP 	Display Frame 3
325.3599 	EXP 	Display Frame 4
325.3932 	EXP 	Display Frame 5
325.4266 	EXP 	Display Frame 6
325.4599 	EXP 	Display Frame 7
325.4933 	EXP 	Display Frame 8
325.5266 	EXP 	Display Frame 9
325.5599 	EXP 	Display Frame 0
325.5933 	EXP 	Display Frame 1
325.6266 	EXP 	Display Frame 2
325.6599 	EXP 	Display Frame 3
325.6932 	EXP 	Display Frame 4
325.7266 	EXP 	Display Frame 5
325.7599 	EXP 	Display Frame 6
325.7933 	EXP 	Display Frame 7
325.8266 	EXP 	Display Frame 8
325.8599 	EXP 	Display Frame 9
325.8933 	EXP 	Display Frame 0
325.9265 	EXP 	Display Frame 1
325.9599 	EXP 	Display Frame 2
325.9932 	EXP 	Display Frame 3
326.0266 	EXP 	Display Frame 4
326.0599 	EXP 	Display Frame 5
326.0932 	EXP 	Display Frame 6
326.1266 	EXP 	Display Frame 7
326.1599 	EXP 	Display Frame 8
326.1932 	EXP 	Display Frame 9
326.2266 	EXP 	Display Frame 0
326.2599 	EXP 	Display Frame 1
326.2932 	EXP 	Display Frame 2
326.3266 	EXP 	Display Frame 3
326.3599 	EXP 	Display Frame 4
326.3933 	EXP 	Display Frame 5
326.4266 	EXP 	Display Frame 6
326.4599 	EXP 	Display Frame 7
326.4932 	EXP 	Display Frame 8
326.5266 	EXP 	Display Frame 9
326.5599 	EXP 	Display Frame 0
326.5932 	EXP 	Display Frame 1
326.6266 	EXP 	Display Frame 2
326.6599 	EXP 	Display Frame 3
326.6932 	EXP 	Display Frame 4
326.7266 	EXP 	Display Frame 5
326.7599 	EXP 	Display Frame 6
326.7932 	EXP 	Display Frame 7
326.8266 	EXP 	Display Frame 8
326.8599 	EXP 	Display Frame 9
326.8932 	EXP 	Display Frame 0
326.9265 	EXP 	Display Frame 1
326.9599 	EXP 	Display Frame 2
326.9932 	EXP 	Display Frame 3
327.0266 	EXP 	Display Frame 4
327.0599 	EXP 	Display Frame 5
327.0932 	EXP 	Display Frame 6
327.1266 	EXP 	Display Frame 7
327.1599 	EXP 	Display Frame 8
327.1932 	EXP 	Display Frame 9
327.2266 	EXP 	Display Frame 0
327.2599 	EXP 	Display Frame 1
327.2932 	EXP 	Display Frame 2
327.3266 	EXP 	Display Frame 3
327.3599 	EXP 	Display Frame 4
327.3932 	EXP 	Display Frame 5
327.4266 	EXP 	Display Frame 6
327.4599 	EXP 	Display Frame 7
327.4932 	EXP 	Display Frame 8
327.5266 	EXP 	Display Frame 9
327.5599 	EXP 	Display Frame 0
327.5932 	EXP 	Display Frame 1
327.6266 	EXP 	Display Frame 2
327.6599 	EXP 	Display Frame 3
327.6933 	EXP 	Display Frame 4
327.7266 	EXP 	Display Frame 5
327.7599 	EXP 	Display Frame 6
327.7932 	EXP 	Display Frame 7
327.8266 	EXP 	Display Frame 8
327.8599 	EXP 	Display Frame 9
327.8933 	EXP 	Display Frame 0
327.9265 	EXP 	Display Frame 1
327.9599 	EXP 	Display Frame 2
327.9933 	EXP 	Display Frame 3
328.0266 	EXP 	Display Frame 4
328.0599 	EXP 	Display Frame 5
328.0932 	EXP 	Display Frame 6
328.1266 	EXP 	Display Frame 7
328.1599 	EXP 	Display Frame 8
328.1933 	EXP 	Display Frame 9
328.2266 	EXP 	Display Frame 0
328.2599 	EXP 	Display Frame 1
328.2932 	EXP 	Display Frame 2
328.3266 	EXP 	Display Frame 3
328.3599 	EXP 	Display Frame 4
328.3932 	EXP 	Display Frame 5
328.4266 	EXP 	Display Frame 6
328.4599 	EXP 	Display Frame 7
328.4932 	EXP 	Display Frame 8
328.5266 	EXP 	Display Frame 9
328.5599 	EXP 	Display Frame 0
328.5932 	EXP 	Display Frame 1
328.6266 	EXP 	Display Frame 2
328.6599 	EXP 	Display Frame 3
328.6932 	EXP 	Display Frame 4
328.7266 	EXP 	Display Frame 5
328.7599 	EXP 	Display Frame 6
328.7933 	EXP 	Display Frame 7
328.8266 	EXP 	Display Frame 8
328.8599 	EXP 	Display Frame 9
328.8933 	EXP 	Display Frame 0
328.9265 	EXP 	Display Frame 1
328.9599 	EXP 	Display Frame 2
328.9932 	EXP 	Display Frame 3
329.0266 	EXP 	Display Frame 4
329.0599 	EXP 	Display Frame 5
329.0932 	EXP 	Display Frame 6
329.1265 	EXP 	Display Frame 7
329.1599 	EXP 	Display Frame 8
329.1933 	EXP 	Display Frame 9
329.2266 	EXP 	Display Frame 0
329.2599 	EXP 	Display Frame 1
329.2932 	EXP 	Display Frame 2
329.3266 	EXP 	Display Frame 3
329.3599 	EXP 	Display Frame 4
329.3933 	EXP 	Display Frame 5
329.4266 	EXP 	Display Frame 6
329.4599 	EXP 	Display Frame 7
329.4935 	EXP 	Display Frame 8
329.5266 	EXP 	Display Frame 9
329.5599 	EXP 	Display Frame 0
329.5932 	EXP 	Display Frame 1
329.6266 	EXP 	Display Frame 2
329.6599 	EXP 	Display Frame 3
329.6933 	EXP 	Display Frame 4
329.7266 	EXP 	Display Frame 5
329.7599 	EXP 	Display Frame 6
329.7933 	EXP 	Display Frame 7
329.8266 	EXP 	Display Frame 8
329.8599 	EXP 	Display Frame 9
329.8932 	EXP 	Display Frame 0
329.9265 	EXP 	Display Frame 1
329.9599 	EXP 	Display Frame 2
329.9933 	EXP 	Display Frame 3
330.0266 	EXP 	Display Frame 4
330.0599 	EXP 	Display Frame 5
330.0934 	DATA 	Keypress: equal
330.0944 	EXP 	Display Frame 6
330.1265 	EXP 	Display Frame 7
330.1599 	EXP 	Display Frame 8
330.1932 	EXP 	Display Frame 9
330.2266 	EXP 	Display Frame 0
330.2599 	EXP 	Display Frame 1
330.2932 	EXP 	Display Frame 2
330.3266 	EXP 	Display Frame 3
330.3599 	EXP 	Display Frame 4
330.3932 	EXP 	Display Frame 5
330.4266 	EXP 	Display Frame 6
330.4599 	EXP 	Display Frame 7
330.4933 	EXP 	Display Frame 8
330.5266 	EXP 	Display Frame 9
330.5599 	EXP 	Display Frame 0
330.5933 	EXP 	Display Frame 1
330.6266 	EXP 	Display Frame 2
330.6599 	EXP 	Display Frame 3
330.6933 	EXP 	Display Frame 4
330.7266 	EXP 	Display Frame 5
330.7599 	EXP 	Display Frame 6
330.7932 	EXP 	Display Frame 7
330.8266 	EXP 	Display Frame 8
330.8599 	EXP 	Display Frame 9
330.8932 	EXP 	Display Frame 0
330.9265 	EXP 	Display Frame 1
330.9599 	EXP 	Display Frame 2
330.9932 	EXP 	Display Frame 3
331.0266 	EXP 	Display Frame 4
331.0599 	EXP 	Display Frame 5
331.0932 	EXP 	Display Frame 6
331.1266 	EXP 	Display Frame 7
331.1599 	EXP 	Display Frame 8
331.1933 	EXP 	Display Frame 9
331.2266 	EXP 	Display Frame 0
331.2599 	EXP 	Display Frame 1
331.2932 	EXP 	Display Frame 2
331.3266 	EXP 	Display Frame 3
331.3599 	EXP 	Display Frame 4
331.3932 	EXP 	Display Frame 5
331.4266 	EXP 	Display Frame 6
331.4599 	EXP 	Display Frame 7
331.4932 	EXP 	Display Frame 8
331.5266 	EXP 	Display Frame 9
331.5599 	EXP 	Display Frame 0
331.5932 	EXP 	Display Frame 1
331.6265 	EXP 	Display Frame 2
331.6599 	EXP 	Display Frame 3
331.6932 	EXP 	Display Frame 4
331.7266 	EXP 	Display Frame 5
331.7599 	EXP 	Display Frame 6
331.7932 	EXP 	Display Frame 7
331.8266 	EXP 	Display Frame 8
331.8599 	EXP 	Display Frame 9
331.8932 	EXP 	Display Frame 0
331.9265 	EXP 	Display Frame 1
331.9599 	EXP 	Display Frame 2
331.9932 	EXP 	Display Frame 3
332.0266 	EXP 	Display Frame 4
332.0599 	EXP 	Display Frame 5
332.0932 	EXP 	Display Frame 6
332.1266 	EXP 	Display Frame 7
332.1599 	EXP 	Display Frame 8
332.1933 	EXP 	Display Frame 9
332.2266 	EXP 	Display Frame 0
332.2599 	EXP 	Display Frame 1
332.2932 	EXP 	Display Frame 2
332.3266 	EXP 	Display Frame 3
332.3599 	EXP 	Display Frame 4
332.3933 	EXP 	Display Frame 5
332.4266 	EXP 	Display Frame 6
332.4599 	EXP 	Display Frame 7
332.4932 	EXP 	Display Frame 8
332.5266 	EXP 	Display Frame 9
332.5599 	EXP 	Display Frame 0
332.5932 	EXP 	Display Frame 1
332.6266 	EXP 	Display Frame 2
332.6599 	EXP 	Display Frame 3
332.6932 	EXP 	Display Frame 4
332.7266 	EXP 	Display Frame 5
332.7599 	EXP 	Display Frame 6
332.7932 	EXP 	Display Frame 7
332.8266 	EXP 	Display Frame 8
332.8599 	EXP 	Display Frame 9
332.8932 	EXP 	Display Frame 0
332.9265 	EXP 	Display Frame 1
332.9599 	EXP 	Display Frame 2
332.9932 	EXP 	Display Frame 3
333.0266 	EXP 	Display Frame 4
333.0599 	EXP 	Display Frame 5
333.0932 	EXP 	Display Frame 6
333.1266 	EXP 	Display Frame 7
333.1599 	EXP 	Display Frame 8
333.1932 	EXP 	Display Frame 9
333.2266 	EXP 	Display Frame 0
333.2599 	EXP 	Display Frame 1
333.2932 	EXP 	Display Frame 2
333.3266 	EXP 	Display Frame 3
333.3599 	EXP 	Display Frame 4
333.3933 	EXP 	Display Frame 5
333.4266 	EXP 	Display Frame 6
333.4599 	EXP 	Display Frame 7
333.4932 	EXP 	Display Frame 8
333.5267 	EXP 	Display Frame 9
333.5600 	EXP 	Display Frame 0
333.5932 	EXP 	Display Frame 1
333.6266 	EXP 	Display Frame 2
333.6599 	EXP 	Display Frame 3
333.6933 	EXP 	Display Frame 4
333.7266 	EXP 	Display Frame 5
333.7599 	EXP 	Display Frame 6
333.7932 	EXP 	Display Frame 7
333.8266 	EXP 	Display Frame 8
333.8599 	EXP 	Display Frame 9
333.8932 	EXP 	Display Frame 0
333.9265 	EXP 	Display Frame 1
333.9599 	EXP 	Display Frame 2
333.9932 	EXP 	Display Frame 3
334.0266 	EXP 	Display Frame 4
334.0599 	EXP 	Display Frame 5
334.0932 	EXP 	Display Frame 6
334.1266 	EXP 	Display Frame 7
334.1599 	EXP 	Display Frame 8
334.1933 	EXP 	Display Frame 9
334.2266 	EXP 	Display Frame 0
334.2599 	EXP 	Display Frame 1
334.2933 	EXP 	Display Frame 2
334.3266 	EXP 	Display Frame 3
334.3599 	EXP 	Display Frame 4
334.3932 	EXP 	Display Frame 5
334.4266 	EXP 	Display Frame 6
334.4599 	EXP 	Display Frame 7
334.4933 	EXP 	Display Frame 8
334.5266 	EXP 	Display Frame 9
334.5599 	EXP 	Display Frame 0
334.5933 	EXP 	Display Frame 1
334.6265 	EXP 	Display Frame 2
334.6599 	EXP 	Display Frame 3
334.6932 	EXP 	Display Frame 4
334.7266 	EXP 	Display Frame 5
334.7599 	EXP 	Display Frame 6
334.7932 	EXP 	Display Frame 7
334.8266 	EXP 	Display Frame 8
334.8599 	EXP 	Display Frame 9
334.8933 	EXP 	Display Frame 0
334.9265 	EXP 	Display Frame 1
334.9599 	EXP 	Display Frame 2
334.9932 	EXP 	Display Frame 3
335.0266 	EXP 	Display Frame 4
335.0599 	EXP 	Display Frame 5
335.0932 	EXP 	Display Frame 6
335.1266 	EXP 	Display Frame 7
335.1599 	EXP 	Display Frame 8
335.1932 	EXP 	Display Frame 9
335.2266 	EXP 	Display Frame 0
335.2599 	EXP 	Display Frame 1
335.2933 	DATA 	Keypress: equal
335.2944 	EXP 	Display Frame 2
335.3266 	EXP 	Display Frame 3
335.3599 	EXP 	Display Frame 4
335.3933 	EXP 	Display Frame 5
335.4265 	EXP 	Display Frame 6
335.4599 	EXP 	Display Frame 7
335.4933 	EXP 	Display Frame 8
335.5266 	EXP 	Display Frame 9
335.5599 	EXP 	Display Frame 0
335.5932 	EXP 	Display Frame 1
335.6266 	EXP 	Display Frame 2
335.6599 	EXP 	Display Frame 3
335.6932 	EXP 	Display Frame 4
335.7266 	EXP 	Display Frame 5
335.7599 	EXP 	Display Frame 6
335.7932 	EXP 	Display Frame 7
335.8268 	EXP 	Display Frame 8
335.8599 	EXP 	Display Frame 9
335.8933 	EXP 	Display Frame 0
335.9266 	EXP 	Display Frame 1
335.9599 	EXP 	Display Frame 2
335.9933 	EXP 	Display Frame 3
336.0266 	EXP 	Display Frame 4
336.0599 	EXP 	Display Frame 5
336.0932 	EXP 	Display Frame 6
336.1266 	EXP 	Display Frame 7
336.1599 	EXP 	Display Frame 8
336.1933 	EXP 	Display Frame 9
336.2266 	EXP 	Display Frame 0
336.2599 	EXP 	Display Frame 1
336.2932 	EXP 	Display Frame 2
336.3266 	EXP 	Display Frame 3
336.3599 	EXP 	Display Frame 4
336.3932 	EXP 	Display Frame 5
336.4266 	EXP 	Display Frame 6
336.4599 	EXP 	Display Frame 7
336.4932 	EXP 	Display Frame 8
336.5266 	EXP 	Display Frame 9
336.5599 	EXP 	Display Frame 0
336.5933 	EXP 	Display Frame 1
336.6266 	EXP 	Display Frame 2
336.6599 	EXP 	Display Frame 3
336.6932 	EXP 	Display Frame 4
336.7266 	EXP 	Display Frame 5
336.7599 	EXP 	Display Frame 6
336.7932 	EXP 	Display Frame 7
336.8266 	EXP 	Display Frame 8
336.8599 	EXP 	Display Frame 9
336.8933 	EXP 	Display Frame 0
336.9265 	EXP 	Display Frame 1
336.9599 	EXP 	Display Frame 2
336.9932 	EXP 	Display Frame 3
337.0266 	EXP 	Display Frame 4
337.0599 	EXP 	Display Frame 5
337.0932 	EXP 	Display Frame 6
337.1266 	EXP 	Display Frame 7
337.1599 	EXP 	Display Frame 8
337.1932 	EXP 	Display Frame 9
337.2266 	EXP 	Display Frame 0
337.2599 	EXP 	Display Frame 1
337.2932 	EXP 	Display Frame 2
337.3266 	EXP 	Display Frame 3
337.3599 	EXP 	Display Frame 4
337.3933 	EXP 	Display Frame 5
337.4266 	EXP 	Display Frame 6
337.4599 	EXP 	Display Frame 7
337.4933 	EXP 	Display Frame 8
337.5266 	EXP 	Display Frame 9
337.5599 	EXP 	Display Frame 0
337.5932 	EXP 	Display Frame 1
337.6266 	EXP 	Display Frame 2
337.6599 	EXP 	Display Frame 3
337.6943 	EXP 	Display Frame 4
337.7266 	EXP 	Display Frame 5
337.7599 	EXP 	Display Frame 6
337.7933 	EXP 	Display Frame 7
337.8265 	EXP 	Display Frame 8
337.8599 	EXP 	Display Frame 9
337.8932 	EXP 	Display Frame 0
337.9265 	EXP 	Display Frame 1
337.9599 	EXP 	Display Frame 2
337.9932 	EXP 	Display Frame 3
338.0266 	EXP 	Display Frame 4
338.0599 	EXP 	Display Frame 5
338.0932 	EXP 	Display Frame 6
338.1266 	EXP 	Display Frame 7
338.1599 	EXP 	Display Frame 8
338.1932 	EXP 	Display Frame 9
338.2266 	EXP 	Display Frame 0
338.2599 	EXP 	Display Frame 1
338.2932 	EXP 	Display Frame 2
338.3266 	EXP 	Display Frame 3
338.3599 	EXP 	Display Frame 4
338.3933 	EXP 	Display Frame 5
338.4266 	EXP 	Display Frame 6
338.4599 	EXP 	Display Frame 7
338.4933 	EXP 	Display Frame 8
338.5266 	EXP 	Display Frame 9
338.5599 	EXP 	Display Frame 0
338.5933 	EXP 	Display Frame 1
338.6266 	EXP 	Display Frame 2
338.6599 	EXP 	Display Frame 3
338.6933 	EXP 	Display Frame 4
338.7266 	EXP 	Display Frame 5
338.7599 	EXP 	Display Frame 6
338.7932 	EXP 	Display Frame 7
338.8265 	EXP 	Display Frame 8
338.8600 	EXP 	Display Frame 9
338.8933 	EXP 	Display Frame 0
338.9265 	EXP 	Display Frame 1
338.9599 	EXP 	Display Frame 2
338.9932 	EXP 	Display Frame 3
339.0266 	EXP 	Display Frame 4
339.0599 	EXP 	Display Frame 5
339.0932 	EXP 	Display Frame 6
339.1266 	EXP 	Display Frame 7
339.1599 	EXP 	Display Frame 8
339.1932 	EXP 	Display Frame 9
339.2266 	EXP 	Display Frame 0
339.2599 	EXP 	Display Frame 1
339.2932 	EXP 	Display Frame 2
339.3266 	EXP 	Display Frame 3
339.3599 	EXP 	Display Frame 4
339.3932 	EXP 	Display Frame 5
339.4266 	EXP 	Display Frame 6
339.4599 	EXP 	Display Frame 7
339.4933 	EXP 	Display Frame 8
339.5266 	EXP 	Display Frame 9
339.5599 	EXP 	Display Frame 0
339.5932 	EXP 	Display Frame 1
339.6266 	EXP 	Display Frame 2
339.6599 	EXP 	Display Frame 3
339.6932 	EXP 	Display Frame 4
339.7266 	EXP 	Display Frame 5
339.7599 	EXP 	Display Frame 6
339.7932 	EXP 	Display Frame 7
339.8266 	EXP 	Display Frame 8
339.8599 	EXP 	Display Frame 9
339.8932 	EXP 	Display Frame 0
339.9265 	EXP 	Display Frame 1
339.9599 	EXP 	Display Frame 2
339.9932 	EXP 	Display Frame 3
340.0349 	EXP 	Display Frame 4
340.0599 	EXP 	Display Frame 5
340.0932 	EXP 	Display Frame 6
340.1266 	EXP 	Display Frame 7
340.1599 	EXP 	Display Frame 8
340.1932 	EXP 	Display Frame 9
340.2266 	EXP 	Display Frame 0
340.2599 	EXP 	Display Frame 1
340.2933 	EXP 	Display Frame 2
340.3266 	EXP 	Display Frame 3
340.3599 	EXP 	Display Frame 4
340.3932 	EXP 	Display Frame 5
340.4268 	EXP 	Display Frame 6
340.4599 	EXP 	Display Frame 7
340.4934 	DATA 	Keypress: equal
340.4945 	EXP 	Display Frame 8
340.5266 	EXP 	Display Frame 9
340.5599 	EXP 	Display Frame 0
340.5932 	EXP 	Display Frame 1
340.6266 	EXP 	Display Frame 2
340.6599 	EXP 	Display Frame 3
340.6933 	EXP 	Display Frame 4
340.7266 	EXP 	Display Frame 5
340.7599 	EXP 	Display Frame 6
340.7932 	EXP 	Display Frame 7
340.8266 	EXP 	Display Frame 8
340.8599 	EXP 	Display Frame 9
340.8932 	EXP 	Display Frame 0
340.9265 	EXP 	Display Frame 1
340.9599 	EXP 	Display Frame 2
340.9933 	EXP 	Display Frame 3
341.0265 	EXP 	Display Frame 4
341.0599 	EXP 	Display Frame 5
341.0932 	EXP 	Display Frame 6
341.1266 	EXP 	Display Frame 7
341.1599 	EXP 	Display Frame 8
341.1933 	EXP 	Display Frame 9
341.2266 	EXP 	Display Frame 0
341.2599 	EXP 	Display Frame 1
341.2932 	EXP 	Display Frame 2
341.3266 	EXP 	Display Frame 3
341.3599 	EXP 	Display Frame 4
341.3932 	EXP 	Display Frame 5
341.4266 	EXP 	Display Frame 6
341.4599 	EXP 	Display Frame 7
341.4932 	EXP 	Display Frame 8
341.5266 	EXP 	Display Frame 9
341.5599 	EXP 	Display Frame 0
341.5933 	EXP 	Display Frame 1
341.6265 	EXP 	Display Frame 2
341.6599 	EXP 	Display Frame 3
341.6932 	EXP 	Display Frame 4
341.7266 	EXP 	Display Frame 5
341.7599 	EXP 	Display Frame 6
341.7932 	EXP 	Display Frame 7
341.8265 	EXP 	Display Frame 8
341.8599 	EXP 	Display Frame 9
341.8932 	EXP 	Display Frame 0
341.9265 	EXP 	Display Frame 1
341.9599 	EXP 	Display Frame 2
341.9932 	EXP 	Display Frame 3
342.0266 	EXP 	Display Frame 4
342.0599 	EXP 	Display Frame 5
342.0933 	EXP 	Display Frame 6
342.1266 	EXP 	Display Frame 7
342.1601 	EXP 	Display Frame 8
342.1932 	EXP 	Display Frame 9
342.2266 	EXP 	Display Frame 0
342.2599 	EXP 	Display Frame 1
342.2932 	EXP 	Display Frame 2
342.3266 	EXP 	Display Frame 3
342.3599 	EXP 	Display Frame 4
342.3933 	EXP 	Display Frame 5
342.4266 	EXP 	Display Frame 6
342.4599 	EXP 	Display Frame 7
342.4932 	EXP 	Display Frame 8
342.5266 	EXP 	Display Frame 9
342.5599 	EXP 	Display Frame 0
342.5932 	EXP 	Display Frame 1
342.6266 	EXP 	Display Frame 2
342.6599 	EXP 	Display Frame 3
342.6933 	EXP 	Display Frame 4
342.7266 	EXP 	Display Frame 5
342.7599 	EXP 	Display Frame 6
342.7933 	EXP 	Display Frame 7
342.8265 	EXP 	Display Frame 8
342.8599 	EXP 	Display Frame 9
342.8933 	EXP 	Display Frame 0
342.9265 	EXP 	Display Frame 1
342.9599 	EXP 	Display Frame 2
342.9932 	EXP 	Display Frame 3
343.0266 	EXP 	Display Frame 4
343.0599 	EXP 	Display Frame 5
343.0933 	EXP 	Display Frame 6
343.1266 	EXP 	Display Frame 7
343.1599 	EXP 	Display Frame 8
343.1932 	EXP 	Display Frame 9
343.2266 	EXP 	Display Frame 0
343.2599 	EXP 	Display Frame 1
343.2932 	EXP 	Display Frame 2
343.3266 	EXP 	Display Frame 3
343.3599 	EXP 	Display Frame 4
343.3933 	EXP 	Display Frame 5
343.4266 	EXP 	Display Frame 6
343.4599 	EXP 	Display Frame 7
343.4932 	EXP 	Display Frame 8
343.5266 	EXP 	Display Frame 9
343.5599 	EXP 	Display Frame 0
343.5933 	EXP 	Display Frame 1
343.6266 	EXP 	Display Frame 2
343.6599 	EXP 	Display Frame 3
343.6932 	EXP 	Display Frame 4
343.7266 	EXP 	Display Frame 5
343.7599 	EXP 	Display Frame 6
343.7932 	EXP 	Display Frame 7
343.8266 	EXP 	Display Frame 8
343.8599 	EXP 	Display Frame 9
343.8933 	EXP 	Display Frame 0
343.9265 	EXP 	Display Frame 1
343.9599 	EXP 	Display Frame 2
343.9932 	EXP 	Display Frame 3
344.0265 	EXP 	Display Frame 4
344.0599 	EXP 	Display Frame 5
344.0932 	EXP 	Display Frame 6
344.1266 	EXP 	Display Frame 7
344.1599 	EXP 	Display Frame 8
344.1934 	EXP 	Display Frame 9
344.2266 	EXP 	Display Frame 0
344.2599 	EXP 	Display Frame 1
344.2932 	EXP 	Display Frame 2
344.3266 	EXP 	Display Frame 3
344.3599 	EXP 	Display Frame 4
344.3933 	EXP 	Display Frame 5
344.4266 	EXP 	Display Frame 6
344.4599 	EXP 	Display Frame 7
344.4932 	EXP 	Display Frame 8
344.5266 	EXP 	Display Frame 9
344.5599 	EXP 	Display Frame 0
344.5932 	EXP 	Display Frame 1
344.6266 	EXP 	Display Frame 2
344.6599 	EXP 	Display Frame 3
344.6932 	EXP 	Display Frame 4
344.7266 	EXP 	Display Frame 5
344.7599 	EXP 	Display Frame 6
344.7932 	EXP 	Display Frame 7
344.8266 	EXP 	Display Frame 8
344.8599 	EXP 	Display Frame 9
344.8932 	EXP 	Display Frame 0
344.9265 	EXP 	Display Frame 1
344.9599 	EXP 	Display Frame 2
344.9932 	EXP 	Display Frame 3
345.0265 	EXP 	Display Frame 4
345.0599 	EXP 	Display Frame 5
345.0932 	EXP 	Display Frame 6
345.1266 	EXP 	Display Frame 7
345.1599 	EXP 	Display Frame 8
345.1932 	EXP 	Display Frame 9
345.2266 	EXP 	Display Frame 0
345.2599 	EXP 	Display Frame 1
345.2932 	EXP 	Display Frame 2
345.3265 	EXP 	Display Frame 3
345.3599 	EXP 	Display Frame 4
345.3932 	EXP 	Display Frame 5
345.4266 	EXP 	Display Frame 6
345.4599 	EXP 	Display Frame 7
345.4932 	EXP 	Display Frame 8
345.5266 	EXP 	Display Frame 9
345.5599 	EXP 	Display Frame 0
345.5933 	EXP 	Display Frame 1
345.6265 	EXP 	Display Frame 2
345.6599 	EXP 	Display Frame 3
345.6933 	DATA 	Keypress: equal
345.6944 	EXP 	Display Frame 4
345.7266 	EXP 	Display Frame 5
345.7599 	EXP 	Display Frame 6
345.7932 	EXP 	Display Frame 7
345.8266 	EXP 	Display Frame 8
345.8599 	EXP 	Display Frame 9
345.8932 	EXP 	Display Frame 0
345.9265 	EXP 	Display Frame 1
345.9599 	EXP 	Display Frame 2
345.9932 	EXP 	Display Frame 3
346.0266 	EXP 	Display Frame 4
346.0599 	EXP 	Display Frame 5
346.0932 	EXP 	Display Frame 6
346.1266 	EXP 	Display Frame 7
346.1599 	EXP 	Display Frame 8
346.1933 	EXP 	Display Frame 9
346.2266 	EXP 	Display Frame 0
346.2599 	EXP 	Display Frame 1
346.2932 	EXP 	Display Frame 2
346.3266 	EXP 	Display Frame 3
346.3599 	EXP 	Display Frame 4
346.3932 	EXP 	Display Frame 5
346.4266 	EXP 	Display Frame 6
346.4599 	EXP 	Display Frame 7
346.4932 	EXP 	Display Frame 8
346.5266 	EXP 	Display Frame 9
346.5599 	EXP 	Display Frame 0
346.5932 	EXP 	Display Frame 1
346.6265 	EXP 	Display Frame 2
346.6599 	EXP 	Display Frame 3
346.6932 	EXP 	Display Frame 4
346.7266 	EXP 	Display Frame 5
346.7599 	EXP 	Display Frame 6
346.7932 	EXP 	Display Frame 7
346.8266 	EXP 	Display Frame 8
346.8599 	EXP 	Display Frame 9
346.8933 	EXP 	Display Frame 0
346.9265 	EXP 	Display Frame 1
346.9599 	EXP 	Display Frame 2
346.9932 	EXP 	Display Frame 3
347.0266 	EXP 	Display Frame 4
347.0599 	EXP 	Display Frame 5
347.0932 	EXP 	Display Frame 6
347.1266 	EXP 	Display Frame 7
347.1599 	EXP 	Display Frame 8
347.1932 	EXP 	Display Frame 9
347.2266 	EXP 	Display Frame 0
347.2599 	EXP 	Display Frame 1
347.2932 	EXP 	Display Frame 2
347.3266 	EXP 	Display Frame 3
347.3599 	EXP 	Display Frame 4
347.3933 	EXP 	Display Frame 5
347.4266 	EXP 	Display Frame 6
347.4599 	EXP 	Display Frame 7
347.4932 	EXP 	Display Frame 8
347.5266 	EXP 	Display Frame 9
347.5599 	EXP 	Display Frame 0
347.5932 	EXP 	Display Frame 1
347.6266 	EXP 	Display Frame 2
347.6599 	EXP 	Display Frame 3
347.6942 	EXP 	Display Frame 4
347.7266 	EXP 	Display Frame 5
347.7599 	EXP 	Display Frame 6
347.7932 	EXP 	Display Frame 7
347.8265 	EXP 	Display Frame 8
347.8599 	EXP 	Display Frame 9
347.8932 	EXP 	Display Frame 0
347.9265 	EXP 	Display Frame 1
347.9599 	EXP 	Display Frame 2
347.9932 	EXP 	Display Frame 3
348.0265 	EXP 	Display Frame 4
348.0599 	EXP 	Display Frame 5
348.0932 	EXP 	Display Frame 6
348.1265 	EXP 	Display Frame 7
348.1599 	EXP 	Display Frame 8
348.1932 	EXP 	Display Frame 9
348.2266 	EXP 	Display Frame 0
348.2599 	EXP 	Display Frame 1
348.2932 	EXP 	Display Frame 2
348.3265 	EXP 	Display Frame 3
348.3599 	EXP 	Display Frame 4
348.3933 	EXP 	Display Frame 5
348.4266 	EXP 	Display Frame 6
348.4599 	EXP 	Display Frame 7
348.4932 	EXP 	Display Frame 8
348.5269 	EXP 	Display Frame 9
348.5599 	EXP 	Display Frame 0
348.5933 	EXP 	Display Frame 1
348.6266 	EXP 	Display Frame 2
348.6599 	EXP 	Display Frame 3
348.6933 	EXP 	Display Frame 4
348.7266 	EXP 	Display Frame 5
348.7599 	EXP 	Display Frame 6
348.7932 	EXP 	Display Frame 7
348.8266 	EXP 	Display Frame 8
348.8599 	EXP 	Display Frame 9
348.8932 	EXP 	Display Frame 0
348.9265 	EXP 	Display Frame 1
348.9599 	EXP 	Display Frame 2
348.9932 	EXP 	Display Frame 3
349.0266 	EXP 	Display Frame 4
349.0599 	EXP 	Display Frame 5
349.0933 	EXP 	Display Frame 6
349.1266 	EXP 	Display Frame 7
349.1599 	EXP 	Display Frame 8
349.1933 	EXP 	Display Frame 9
349.2266 	EXP 	Display Frame 0
349.2599 	EXP 	Display Frame 1
349.2932 	EXP 	Display Frame 2
349.3266 	EXP 	Display Frame 3
349.3599 	EXP 	Display Frame 4
349.3933 	EXP 	Display Frame 5
349.4265 	EXP 	Display Frame 6
349.4599 	EXP 	Display Frame 7
349.4932 	EXP 	Display Frame 8
349.5267 	EXP 	Display Frame 9
349.5599 	EXP 	Display Frame 0
349.5932 	EXP 	Display Frame 1
349.6266 	EXP 	Display Frame 2
349.6599 	EXP 	Display Frame 3
349.6933 	EXP 	Display Frame 4
349.7266 	EXP 	Display Frame 5
349.7599 	EXP 	Display Frame 6
349.7933 	EXP 	Display Frame 7
349.8266 	EXP 	Display Frame 8
349.8599 	EXP 	Display Frame 9
349.8932 	EXP 	Display Frame 0
349.9265 	EXP 	Display Frame 1
349.9599 	EXP 	Display Frame 2
349.9932 	EXP 	Display Frame 3
350.0266 	EXP 	Display Frame 4
350.0599 	EXP 	Display Frame 5
350.0933 	EXP 	Display Frame 6
350.1265 	EXP 	Display Frame 7
350.1599 	EXP 	Display Frame 8
350.1932 	EXP 	Display Frame 9
350.2266 	EXP 	Display Frame 0
350.2599 	EXP 	Display Frame 1
350.2932 	EXP 	Display Frame 2
350.3265 	EXP 	Display Frame 3
350.3599 	EXP 	Display Frame 4
350.3932 	EXP 	Display Frame 5
350.4266 	EXP 	Display Frame 6
350.4599 	EXP 	Display Frame 7
350.4932 	EXP 	Display Frame 8
350.5266 	EXP 	Display Frame 9
350.5599 	EXP 	Display Frame 0
350.5933 	EXP 	Display Frame 1
350.6266 	EXP 	Display Frame 2
350.6599 	EXP 	Display Frame 3
350.6933 	EXP 	Display Frame 4
350.7266 	EXP 	Display Frame 5
350.7599 	EXP 	Display Frame 6
350.7932 	EXP 	Display Frame 7
350.8266 	EXP 	Display Frame 8
350.8599 	EXP 	Display Frame 9
350.8607 	DATA 	Keypress: equal
350.8932 	EXP 	Display Frame 0
350.9265 	EXP 	Display Frame 1
350.9599 	EXP 	Display Frame 2
350.9932 	EXP 	Display Frame 3
351.0265 	EXP 	Display Frame 4
351.0599 	EXP 	Display Frame 5
351.0933 	EXP 	Display Frame 6
351.1266 	EXP 	Display Frame 7
351.1599 	EXP 	Display Frame 8
351.1932 	EXP 	Display Frame 9
351.2266 	EXP 	Display Frame 0
351.2599 	EXP 	Display Frame 1
351.2932 	EXP 	Display Frame 2
351.3266 	EXP 	Display Frame 3
351.3599 	EXP 	Display Frame 4
351.3932 	EXP 	Display Frame 5
351.4266 	EXP 	Display Frame 6
351.4599 	EXP 	Display Frame 7
351.4932 	EXP 	Display Frame 8
351.5266 	EXP 	Display Frame 9
351.5599 	EXP 	Display Frame 0
351.5933 	EXP 	Display Frame 1
351.6265 	EXP 	Display Frame 2
351.6599 	EXP 	Display Frame 3
351.6932 	EXP 	Display Frame 4
351.7266 	EXP 	Display Frame 5
351.7599 	EXP 	Display Frame 6
351.7932 	EXP 	Display Frame 7
351.8266 	EXP 	Display Frame 8
351.8599 	EXP 	Display Frame 9
351.8933 	EXP 	Display Frame 0
351.9265 	EXP 	Display Frame 1
351.9599 	EXP 	Display Frame 2
351.9933 	EXP 	Display Frame 3
352.0266 	EXP 	Display Frame 4
352.0599 	EXP 	Display Frame 5
352.0932 	EXP 	Display Frame 6
352.1266 	EXP 	Display Frame 7
352.1599 	EXP 	Display Frame 8
352.1932 	EXP 	Display Frame 9
352.2266 	EXP 	Display Frame 0
352.2599 	EXP 	Display Frame 1
352.2932 	EXP 	Display Frame 2
352.3266 	EXP 	Display Frame 3
352.3599 	EXP 	Display Frame 4
352.3933 	EXP 	Display Frame 5
352.4266 	EXP 	Display Frame 6
352.4599 	EXP 	Display Frame 7
352.4932 	EXP 	Display Frame 8
352.5266 	EXP 	Display Frame 9
352.5599 	EXP 	Display Frame 0
352.5932 	EXP 	Display Frame 1
352.6266 	EXP 	Display Frame 2
352.6599 	EXP 	Display Frame 3
352.6932 	EXP 	Display Frame 4
352.7266 	EXP 	Display Frame 5
352.7599 	EXP 	Display Frame 6
352.7932 	EXP 	Display Frame 7
352.8266 	EXP 	Display Frame 8
352.8599 	EXP 	Display Frame 9
352.8932 	EXP 	Display Frame 0
352.9265 	EXP 	Display Frame 1
352.9599 	EXP 	Display Frame 2
352.9933 	EXP 	Display Frame 3
353.0266 	EXP 	Display Frame 4
353.0599 	EXP 	Display Frame 5
353.0932 	EXP 	Display Frame 6
353.1266 	EXP 	Display Frame 7
353.1599 	EXP 	Display Frame 8
353.1932 	EXP 	Display Frame 9
353.2266 	EXP 	Display Frame 0
353.2599 	EXP 	Display Frame 1
353.2932 	EXP 	Display Frame 2
353.3266 	EXP 	Display Frame 3
353.3599 	EXP 	Display Frame 4
353.3932 	EXP 	Display Frame 5
353.4266 	EXP 	Display Frame 6
353.4599 	EXP 	Display Frame 7
353.4932 	EXP 	Display Frame 8
353.5266 	EXP 	Display Frame 9
353.5599 	EXP 	Display Frame 0
353.5933 	EXP 	Display Frame 1
353.6266 	EXP 	Display Frame 2
353.6599 	EXP 	Display Frame 3
353.6933 	EXP 	Display Frame 4
353.7266 	EXP 	Display Frame 5
353.7599 	EXP 	Display Frame 6
353.7932 	EXP 	Display Frame 7
353.8266 	EXP 	Display Frame 8
353.8599 	EXP 	Display Frame 9
353.8933 	EXP 	Display Frame 0
353.9265 	EXP 	Display Frame 1
353.9599 	EXP 	Display Frame 2
353.9932 	EXP 	Display Frame 3
354.0266 	EXP 	Display Frame 4
354.0599 	EXP 	Display Frame 5
354.0932 	EXP 	Display Frame 6
354.1266 	EXP 	Display Frame 7
354.1599 	EXP 	Display Frame 8
354.1933 	EXP 	Display Frame 9
354.2266 	EXP 	Display Frame 0
354.2599 	EXP 	Display Frame 1
354.2932 	EXP 	Display Frame 2
354.3266 	EXP 	Display Frame 3
354.3599 	EXP 	Display Frame 4
354.3932 	EXP 	Display Frame 5
354.4266 	EXP 	Display Frame 6
354.4599 	EXP 	Display Frame 7
354.4932 	EXP 	Display Frame 8
354.5266 	EXP 	Display Frame 9
354.5599 	EXP 	Display Frame 0
354.5932 	EXP 	Display Frame 1
354.6266 	EXP 	Display Frame 2
354.6599 	EXP 	Display Frame 3
354.6932 	EXP 	Display Frame 4
354.7266 	EXP 	Display Frame 5
354.7599 	EXP 	Display Frame 6
354.7932 	EXP 	Display Frame 7
354.8265 	EXP 	Display Frame 8
354.8602 	EXP 	Display Frame 9
354.8933 	EXP 	Display Frame 0
354.9266 	EXP 	Display Frame 1
354.9599 	EXP 	Display Frame 2
354.9932 	EXP 	Display Frame 3
355.0266 	EXP 	Display Frame 4
355.0599 	EXP 	Display Frame 5
355.0933 	EXP 	Display Frame 6
355.1266 	EXP 	Display Frame 7
355.1599 	EXP 	Display Frame 8
355.1933 	EXP 	Display Frame 9
355.2265 	EXP 	Display Frame 0
355.2599 	EXP 	Display Frame 1
355.2932 	EXP 	Display Frame 2
355.3265 	EXP 	Display Frame 3
355.3599 	EXP 	Display Frame 4
355.3932 	EXP 	Display Frame 5
355.4265 	EXP 	Display Frame 6
355.4599 	EXP 	Display Frame 7
355.4932 	EXP 	Display Frame 8
355.5266 	EXP 	Display Frame 9
355.5599 	EXP 	Display Frame 0
355.5932 	EXP 	Display Frame 1
355.6266 	EXP 	Display Frame 2
355.6599 	EXP 	Display Frame 3
355.6932 	EXP 	Display Frame 4
355.7266 	EXP 	Display Frame 5
355.7599 	EXP 	Display Frame 6
355.7932 	EXP 	Display Frame 7
355.8265 	EXP 	Display Frame 8
355.8599 	EXP 	Display Frame 9
355.8933 	EXP 	Display Frame 0
355.9265 	EXP 	Display Frame 1
355.9599 	EXP 	Display Frame 2
355.9933 	EXP 	Display Frame 3
356.0265 	EXP 	Display Frame 4
356.0600 	DATA 	Keypress: equal
356.0610 	EXP 	Display Frame 5
356.0699 	EXP 	Display Fixation
361.2477 	DATA 	Keypress: equal
366.4405 	DATA 	Keypress: equal
371.6347 	DATA 	Keypress: equal
376.8286 	DATA 	Keypress: equal
382.0217 	DATA 	Keypress: equal
387.2155 	DATA 	Keypress: equal
387.2499 	EXP 	Display Frame 1
387.2832 	EXP 	Display Frame 2
387.3165 	EXP 	Display Frame 3
387.3498 	EXP 	Display Frame 4
387.3832 	EXP 	Display Frame 5
387.4165 	EXP 	Display Frame 6
387.4499 	EXP 	Display Frame 7
387.4832 	EXP 	Display Frame 8
387.5165 	EXP 	Display Frame 9
387.5499 	EXP 	Display Frame 0
387.5832 	EXP 	Display Frame 1
387.6165 	EXP 	Display Frame 2
387.6498 	EXP 	Display Frame 3
387.6832 	EXP 	Display Frame 4
387.7165 	EXP 	Display Frame 5
387.7498 	EXP 	Display Frame 6
387.7832 	EXP 	Display Frame 7
387.8165 	EXP 	Display Frame 8
387.8498 	EXP 	Display Frame 9
387.8831 	EXP 	Display Frame 0
387.9165 	EXP 	Display Frame 1
387.9498 	EXP 	Display Frame 2
387.9832 	EXP 	Display Frame 3
388.0165 	EXP 	Display Frame 4
388.0498 	EXP 	Display Frame 5
388.0831 	EXP 	Display Frame 6
388.1165 	EXP 	Display Frame 7
388.1498 	EXP 	Display Frame 8
388.1832 	EXP 	Display Frame 9
388.2165 	EXP 	Display Frame 0
388.2498 	EXP 	Display Frame 1
388.2832 	EXP 	Display Frame 2
388.3165 	EXP 	Display Frame 3
388.3498 	EXP 	Display Frame 4
388.3831 	EXP 	Display Frame 5
388.4165 	EXP 	Display Frame 6
388.4498 	EXP 	Display Frame 7
388.4832 	EXP 	Display Frame 8
388.5165 	EXP 	Display Frame 9
388.5498 	EXP 	Display Frame 0
388.5832 	EXP 	Display Frame 1
388.6165 	EXP 	Display Frame 2
388.6498 	EXP 	Display Frame 3
388.6832 	EXP 	Display Frame 4
388.7165 	EXP 	Display Frame 5
388.7498 	EXP 	Display Frame 6
388.7832 	EXP 	Display Frame 7
388.8165 	EXP 	Display Frame 8
388.8498 	EXP 	Display Frame 9
388.8831 	EXP 	Display Frame 0
388.9165 	EXP 	Display Frame 1
388.9498 	EXP 	Display Frame 2
388.9831 	EXP 	Display Frame 3
389.0165 	EXP 	Display Frame 4
389.0498 	EXP 	Display Frame 5
389.0832 	EXP 	Display Frame 6
389.1165 	EXP 	Display Frame 7
389.1498 	EXP 	Display Frame 8
389.1832 	EXP 	Display Frame 9
389.2165 	EXP 	Display Frame 0
389.2498 	EXP 	Display Frame 1
389.2831 	EXP 	Display Frame 2
389.3165 	EXP 	Display Frame 3
389.3498 	EXP 	Display Frame 4
389.3832 	EXP 	Display Frame 5
389.4165 	EXP 	Display Frame 6
389.4498 	EXP 	Display Frame 7
389.4832 	EXP 	Display Frame 8
389.5165 	EXP 	Display Frame 9
389.5498 	EXP 	Display Frame 0
389.5832 	EXP 	Display Frame 1
389.6165 	EXP 	Display Frame 2
389.6498 	EXP 	Display Frame 3
389.6832 	EXP 	Display Frame 4
389.7165 	EXP 	Display Frame 5
389.7498 	EXP 	Display Frame 6
389.7832 	EXP 	Display Frame 7
389.8165 	EXP 	Display Frame 8
389.8498 	EXP 	Display Frame 9
389.8831 	EXP 	Display Frame 0
389.9165 	EXP 	Display Frame 1
389.9498 	EXP 	Display Frame 2
389.9832 	EXP 	Display Frame 3
390.0165 	EXP 	Display Frame 4
390.0498 	EXP 	Display Frame 5
390.0831 	EXP 	Display Frame 6
390.1165 	EXP 	Display Frame 7
390.1498 	EXP 	Display Frame 8
390.1831 	EXP 	Display Frame 9
390.2165 	EXP 	Display Frame 0
390.2498 	EXP 	Display Frame 1
390.2832 	EXP 	Display Frame 2
390.3165 	EXP 	Display Frame 3
390.3498 	EXP 	Display Frame 4
390.3832 	EXP 	Display Frame 5
390.4165 	EXP 	Display Frame 6
390.4498 	EXP 	Display Frame 7
390.4831 	EXP 	Display Frame 8
390.5165 	EXP 	Display Frame 9
390.5498 	EXP 	Display Frame 0
390.5831 	EXP 	Display Frame 1
390.6165 	EXP 	Display Frame 2
390.6498 	EXP 	Display Frame 3
390.6832 	EXP 	Display Frame 4
390.7165 	EXP 	Display Frame 5
390.7498 	EXP 	Display Frame 6
390.7832 	EXP 	Display Frame 7
390.8165 	EXP 	Display Frame 8
390.8498 	EXP 	Display Frame 9
390.8831 	EXP 	Display Frame 0
390.9165 	EXP 	Display Frame 1
390.9498 	EXP 	Display Frame 2
390.9831 	EXP 	Display Frame 3
391.0165 	EXP 	Display Frame 4
391.0498 	EXP 	Display Frame 5
391.0831 	EXP 	Display Frame 6
391.1165 	EXP 	Display Frame 7
391.1498 	EXP 	Display Frame 8
391.1832 	EXP 	Display Frame 9
391.2165 	EXP 	Display Frame 0
391.2498 	EXP 	Display Frame 1
391.2832 	EXP 	Display Frame 2
391.3165 	EXP 	Display Frame 3
391.3498 	EXP 	Display Frame 4
391.3832 	EXP 	Display Frame 5
391.4165 	EXP 	Display Frame 6
391.4498 	EXP 	Display Frame 7
391.4832 	EXP 	Display Frame 8
391.5165 	EXP 	Display Frame 9
391.5498 	EXP 	Display Frame 0
391.5831 	EXP 	Display Frame 1
391.6165 	EXP 	Display Frame 2
391.6498 	EXP 	Display Frame 3
391.6832 	EXP 	Display Frame 4
391.7165 	EXP 	Display Frame 5
391.7498 	EXP 	Display Frame 6
391.7832 	EXP 	Display Frame 7
391.8165 	EXP 	Display Frame 8
391.8498 	EXP 	Display Frame 9
391.8831 	EXP 	Display Frame 0
391.9165 	EXP 	Display Frame 1
391.9498 	EXP 	Display Frame 2
391.9832 	EXP 	Display Frame 3
392.0165 	EXP 	Display Frame 4
392.0498 	EXP 	Display Frame 5
392.0832 	EXP 	Display Frame 6
392.1165 	EXP 	Display Frame 7
392.1499 	EXP 	Display Frame 8
392.1832 	EXP 	Display Frame 9
392.2165 	EXP 	Display Frame 0
392.2498 	EXP 	Display Frame 1
392.2832 	EXP 	Display Frame 2
392.3165 	EXP 	Display Frame 3
392.3498 	EXP 	Display Frame 4
392.3832 	EXP 	Display Frame 5
392.4166 	DATA 	Keypress: equal
392.4177 	EXP 	Display Frame 6
392.4498 	EXP 	Display Frame 7
392.4832 	EXP 	Display Frame 8
392.5165 	EXP 	Display Frame 9
392.5498 	EXP 	Display Frame 0
392.5832 	EXP 	Display Frame 1
392.6165 	EXP 	Display Frame 2
392.6498 	EXP 	Display Frame 3
392.6832 	EXP 	Display Frame 4
392.7165 	EXP 	Display Frame 5
392.7498 	EXP 	Display Frame 6
392.7831 	EXP 	Display Frame 7
392.8165 	EXP 	Display Frame 8
392.8498 	EXP 	Display Frame 9
392.8831 	EXP 	Display Frame 0
392.9167 	EXP 	Display Frame 1
392.9498 	EXP 	Display Frame 2
392.9832 	EXP 	Display Frame 3
393.0165 	EXP 	Display Frame 4
393.0498 	EXP 	Display Frame 5
393.0832 	EXP 	Display Frame 6
393.1165 	EXP 	Display Frame 7
393.1498 	EXP 	Display Frame 8
393.1831 	EXP 	Display Frame 9
393.2165 	EXP 	Display Frame 0
393.2498 	EXP 	Display Frame 1
393.2832 	EXP 	Display Frame 2
393.3165 	EXP 	Display Frame 3
393.3499 	EXP 	Display Frame 4
393.3831 	EXP 	Display Frame 5
393.4165 	EXP 	Display Frame 6
393.4498 	EXP 	Display Frame 7
393.4832 	EXP 	Display Frame 8
393.5165 	EXP 	Display Frame 9
393.5498 	EXP 	Display Frame 0
393.5832 	EXP 	Display Frame 1
393.6165 	EXP 	Display Frame 2
393.6498 	EXP 	Display Frame 3
393.6832 	EXP 	Display Frame 4
393.7165 	EXP 	Display Frame 5
393.7498 	EXP 	Display Frame 6
393.7832 	EXP 	Display Frame 7
393.8165 	EXP 	Display Frame 8
393.8498 	EXP 	Display Frame 9
393.8831 	EXP 	Display Frame 0
393.9165 	EXP 	Display Frame 1
393.9498 	EXP 	Display Frame 2
393.9832 	EXP 	Display Frame 3
394.0165 	EXP 	Display Frame 4
394.0498 	EXP 	Display Frame 5
394.0831 	EXP 	Display Frame 6
394.1165 	EXP 	Display Frame 7
394.1498 	EXP 	Display Frame 8
394.1832 	EXP 	Display Frame 9
394.2165 	EXP 	Display Frame 0
394.2498 	EXP 	Display Frame 1
394.2832 	EXP 	Display Frame 2
394.3165 	EXP 	Display Frame 3
394.3498 	EXP 	Display Frame 4
394.3832 	EXP 	Display Frame 5
394.4165 	EXP 	Display Frame 6
394.4498 	EXP 	Display Frame 7
394.4832 	EXP 	Display Frame 8
394.5165 	EXP 	Display Frame 9
394.5498 	EXP 	Display Frame 0
394.5831 	EXP 	Display Frame 1
394.6165 	EXP 	Display Frame 2
394.6498 	EXP 	Display Frame 3
394.6831 	EXP 	Display Frame 4
394.7165 	EXP 	Display Frame 5
394.7498 	EXP 	Display Frame 6
394.7832 	EXP 	Display Frame 7
394.8165 	EXP 	Display Frame 8
394.8498 	EXP 	Display Frame 9
394.8831 	EXP 	Display Frame 0
394.9165 	EXP 	Display Frame 1
394.9498 	EXP 	Display Frame 2
394.9832 	EXP 	Display Frame 3
395.0165 	EXP 	Display Frame 4
395.0498 	EXP 	Display Frame 5
395.0832 	EXP 	Display Frame 6
395.1165 	EXP 	Display Frame 7
395.1499 	EXP 	Display Frame 8
395.1831 	EXP 	Display Frame 9
395.2165 	EXP 	Display Frame 0
395.2498 	EXP 	Display Frame 1
395.2831 	EXP 	Display Frame 2
395.3165 	EXP 	Display Frame 3
395.3498 	EXP 	Display Frame 4
395.3832 	EXP 	Display Frame 5
395.4165 	EXP 	Display Frame 6
395.4498 	EXP 	Display Frame 7
395.4832 	EXP 	Display Frame 8
395.5165 	EXP 	Display Frame 9
395.5498 	EXP 	Display Frame 0
395.5831 	EXP 	Display Frame 1
395.6165 	EXP 	Display Frame 2
395.6499 	EXP 	Display Frame 3
395.6832 	EXP 	Display Frame 4
395.7165 	EXP 	Display Frame 5
395.7498 	EXP 	Display Frame 6
395.7831 	EXP 	Display Frame 7
395.8165 	EXP 	Display Frame 8
395.8498 	EXP 	Display Frame 9
395.8831 	EXP 	Display Frame 0
395.9165 	EXP 	Display Frame 1
395.9498 	EXP 	Display Frame 2
395.9831 	EXP 	Display Frame 3
396.0165 	EXP 	Display Frame 4
396.0498 	EXP 	Display Frame 5
396.0831 	EXP 	Display Frame 6
396.1165 	EXP 	Display Frame 7
396.1498 	EXP 	Display Frame 8
396.1832 	EXP 	Display Frame 9
396.2165 	EXP 	Display Frame 0
396.2498 	EXP 	Display Frame 1
396.2831 	EXP 	Display Frame 2
396.3165 	EXP 	Display Frame 3
396.3498 	EXP 	Display Frame 4
396.3832 	EXP 	Display Frame 5
396.4165 	EXP 	Display Frame 6
396.4498 	EXP 	Display Frame 7
396.4832 	EXP 	Display Frame 8
396.5165 	EXP 	Display Frame 9
396.5498 	EXP 	Display Frame 0
396.5831 	EXP 	Display Frame 1
396.6165 	EXP 	Display Frame 2
396.6498 	EXP 	Display Frame 3
396.6832 	EXP 	Display Frame 4
396.7165 	EXP 	Display Frame 5
396.7498 	EXP 	Display Frame 6
396.7832 	EXP 	Display Frame 7
396.8165 	EXP 	Display Frame 8
396.8498 	EXP 	Display Frame 9
396.8831 	EXP 	Display Frame 0
396.9165 	EXP 	Display Frame 1
396.9498 	EXP 	Display Frame 2
396.9832 	EXP 	Display Frame 3
397.0165 	EXP 	Display Frame 4
397.0498 	EXP 	Display Frame 5
397.0831 	EXP 	Display Frame 6
397.1165 	EXP 	Display Frame 7
397.1498 	EXP 	Display Frame 8
397.1832 	EXP 	Display Frame 9
397.2165 	EXP 	Display Frame 0
397.2498 	EXP 	Display Frame 1
397.2832 	EXP 	Display Frame 2
397.3165 	EXP 	Display Frame 3
397.3498 	EXP 	Display Frame 4
397.3831 	EXP 	Display Frame 5
397.4165 	EXP 	Display Frame 6
397.4499 	EXP 	Display Frame 7
397.4832 	EXP 	Display Frame 8
397.5166 	EXP 	Display Frame 9
397.5498 	EXP 	Display Frame 0
397.5832 	EXP 	Display Frame 1
397.6166 	DATA 	Keypress: equal
397.6176 	EXP 	Display Frame 2
397.6499 	EXP 	Display Frame 3
397.6832 	EXP 	Display Frame 4
397.7165 	EXP 	Display Frame 5
397.7498 	EXP 	Display Frame 6
397.7832 	EXP 	Display Frame 7
397.8165 	EXP 	Display Frame 8
397.8498 	EXP 	Display Frame 9
397.8831 	EXP 	Display Frame 0
397.9165 	EXP 	Display Frame 1
397.9498 	EXP 	Display Frame 2
397.9831 	EXP 	Display Frame 3
398.0165 	EXP 	Display Frame 4
398.0498 	EXP 	Display Frame 5
398.0831 	EXP 	Display Frame 6
398.1165 	EXP 	Display Frame 7
398.1498 	EXP 	Display Frame 8
398.1832 	EXP 	Display Frame 9
398.2165 	EXP 	Display Frame 0
398.2498 	EXP 	Display Frame 1
398.2832 	EXP 	Display Frame 2
398.3165 	EXP 	Display Frame 3
398.3498 	EXP 	Display Frame 4
398.3832 	EXP 	Display Frame 5
398.4165 	EXP 	Display Frame 6
398.4498 	EXP 	Display Frame 7
398.4832 	EXP 	Display Frame 8
398.5165 	EXP 	Display Frame 9
398.5498 	EXP 	Display Frame 0
398.5831 	EXP 	Display Frame 1
398.6165 	EXP 	Display Frame 2
398.6499 	EXP 	Display Frame 3
398.6832 	EXP 	Display Frame 4
398.7165 	EXP 	Display Frame 5
398.7498 	EXP 	Display Frame 6
398.7832 	EXP 	Display Frame 7
398.8165 	EXP 	Display Frame 8
398.8498 	EXP 	Display Frame 9
398.8831 	EXP 	Display Frame 0
398.9165 	EXP 	Display Frame 1
398.9498 	EXP 	Display Frame 2
398.9831 	EXP 	Display Frame 3
399.0165 	EXP 	Display Frame 4
399.0498 	EXP 	Display Frame 5
399.0832 	EXP 	Display Frame 6
399.1165 	EXP 	Display Frame 7
399.1498 	EXP 	Display Frame 8
399.1832 	EXP 	Display Frame 9
399.2165 	EXP 	Display Frame 0
399.2498 	EXP 	Display Frame 1
399.2834 	EXP 	Display Frame 2
399.3165 	EXP 	Display Frame 3
399.3498 	EXP 	Display Frame 4
399.3832 	EXP 	Display Frame 5
399.4165 	EXP 	Display Frame 6
399.4499 	EXP 	Display Frame 7
399.4832 	EXP 	Display Frame 8
399.5165 	EXP 	Display Frame 9
399.5498 	EXP 	Display Frame 0
399.5831 	EXP 	Display Frame 1
399.6165 	EXP 	Display Frame 2
399.6498 	EXP 	Display Frame 3
399.6832 	EXP 	Display Frame 4
399.7165 	EXP 	Display Frame 5
399.7498 	EXP 	Display Frame 6
399.7831 	EXP 	Display Frame 7
399.8165 	EXP 	Display Frame 8
399.8498 	EXP 	Display Frame 9
399.8831 	EXP 	Display Frame 0
399.9165 	EXP 	Display Frame 1
399.9498 	EXP 	Display Frame 2
399.9832 	EXP 	Display Frame 3
400.0165 	EXP 	Display Frame 4
400.0498 	EXP 	Display Frame 5
400.0831 	EXP 	Display Frame 6
400.1165 	EXP 	Display Frame 7
400.1498 	EXP 	Display Frame 8
400.1831 	EXP 	Display Frame 9
400.2165 	EXP 	Display Frame 0
400.2498 	EXP 	Display Frame 1
400.2832 	EXP 	Display Frame 2
400.3165 	EXP 	Display Frame 3
400.3498 	EXP 	Display Frame 4
400.3831 	EXP 	Display Frame 5
400.4165 	EXP 	Display Frame 6
400.4498 	EXP 	Display Frame 7
400.4832 	EXP 	Display Frame 8
400.5165 	EXP 	Display Frame 9
400.5498 	EXP 	Display Frame 0
400.5832 	EXP 	Display Frame 1
400.6165 	EXP 	Display Frame 2
400.6499 	EXP 	Display Frame 3
400.6832 	EXP 	Display Frame 4
400.7165 	EXP 	Display Frame 5
400.7498 	EXP 	Display Frame 6
400.7832 	EXP 	Display Frame 7
400.8165 	EXP 	Display Frame 8
400.8498 	EXP 	Display Frame 9
400.8831 	EXP 	Display Frame 0
400.9165 	EXP 	Display Frame 1
400.9498 	EXP 	Display Frame 2
400.9832 	EXP 	Display Frame 3
401.0165 	EXP 	Display Frame 4
401.0498 	EXP 	Display Frame 5
401.0832 	EXP 	Display Frame 6
401.1165 	EXP 	Display Frame 7
401.1498 	EXP 	Display Frame 8
401.1832 	EXP 	Display Frame 9
401.2165 	EXP 	Display Frame 0
401.2498 	EXP 	Display Frame 1
401.2832 	EXP 	Display Frame 2
401.3165 	EXP 	Display Frame 3
401.3498 	EXP 	Display Frame 4
401.3831 	EXP 	Display Frame 5
401.4165 	EXP 	Display Frame 6
401.4498 	EXP 	Display Frame 7
401.4832 	EXP 	Display Frame 8
401.5165 	EXP 	Display Frame 9
401.5498 	EXP 	Display Frame 0
401.5831 	EXP 	Display Frame 1
401.6165 	EXP 	Display Frame 2
401.6498 	EXP 	Display Frame 3
401.6831 	EXP 	Display Frame 4
401.7165 	EXP 	Display Frame 5
401.7498 	EXP 	Display Frame 6
401.7831 	EXP 	Display Frame 7
401.8165 	EXP 	Display Frame 8
401.8498 	EXP 	Display Frame 9
401.8831 	EXP 	Display Frame 0
401.9165 	EXP 	Display Frame 1
401.9498 	EXP 	Display Frame 2
401.9832 	EXP 	Display Frame 3
402.0165 	EXP 	Display Frame 4
402.0499 	EXP 	Display Frame 5
402.0833 	EXP 	Display Frame 6
402.1167 	EXP 	Display Frame 7
402.1499 	EXP 	Display Frame 8
402.1832 	EXP 	Display Frame 9
402.2165 	EXP 	Display Frame 0
402.2498 	EXP 	Display Frame 1
402.2832 	EXP 	Display Frame 2
402.3165 	EXP 	Display Frame 3
402.3498 	EXP 	Display Frame 4
402.3832 	EXP 	Display Frame 5
402.4165 	EXP 	Display Frame 6
402.4498 	EXP 	Display Frame 7
402.4832 	EXP 	Display Frame 8
402.5165 	EXP 	Display Frame 9
402.5498 	EXP 	Display Frame 0
402.5832 	EXP 	Display Frame 1
402.6165 	EXP 	Display Frame 2
402.6499 	EXP 	Display Frame 3
402.6832 	EXP 	Display Frame 4
402.7165 	EXP 	Display Frame 5
402.7498 	EXP 	Display Frame 6
402.7832 	EXP 	Display Frame 7
402.8168 	DATA 	Keypress: equal
402.8179 	EXP 	Display Frame 8
402.8498 	EXP 	Display Frame 9
402.8831 	EXP 	Display Frame 0
402.9165 	EXP 	Display Frame 1
402.9498 	EXP 	Display Frame 2
402.9832 	EXP 	Display Frame 3
403.0165 	EXP 	Display Frame 4
403.0498 	EXP 	Display Frame 5
403.0831 	EXP 	Display Frame 6
403.1165 	EXP 	Display Frame 7
403.1498 	EXP 	Display Frame 8
403.1832 	EXP 	Display Frame 9
403.2165 	EXP 	Display Frame 0
403.2498 	EXP 	Display Frame 1
403.2832 	EXP 	Display Frame 2
403.3165 	EXP 	Display Frame 3
403.3498 	EXP 	Display Frame 4
403.3831 	EXP 	Display Frame 5
403.4165 	EXP 	Display Frame 6
403.4498 	EXP 	Display Frame 7
403.4832 	EXP 	Display Frame 8
403.5165 	EXP 	Display Frame 9
403.5498 	EXP 	Display Frame 0
403.5832 	EXP 	Display Frame 1
403.6165 	EXP 	Display Frame 2
403.6499 	EXP 	Display Frame 3
403.6831 	EXP 	Display Frame 4
403.7165 	EXP 	Display Frame 5
403.7498 	EXP 	Display Frame 6
403.7832 	EXP 	Display Frame 7
403.8165 	EXP 	Display Frame 8
403.8499 	EXP 	Display Frame 9
403.8831 	EXP 	Display Frame 0
403.9165 	EXP 	Display Frame 1
403.9498 	EXP 	Display Frame 2
403.9832 	EXP 	Display Frame 3
404.0165 	EXP 	Display Frame 4
404.0498 	EXP 	Display Frame 5
404.0832 	EXP 	Display Frame 6
404.1165 	EXP 	Display Frame 7
404.1498 	EXP 	Display Frame 8
404.1832 	EXP 	Display Frame 9
404.2165 	EXP 	Display Frame 0
404.2498 	EXP 	Display Frame 1
404.2832 	EXP 	Display Frame 2
404.3165 	EXP 	Display Frame 3
404.3498 	EXP 	Display Frame 4
404.3831 	EXP 	Display Frame 5
404.4165 	EXP 	Display Frame 6
404.4498 	EXP 	Display Frame 7
404.4832 	EXP 	Display Frame 8
404.5165 	EXP 	Display Frame 9
404.5498 	EXP 	Display Frame 0
404.5832 	EXP 	Display Frame 1
404.6165 	EXP 	Display Frame 2
404.6498 	EXP 	Display Frame 3
404.6831 	EXP 	Display Frame 4
404.7165 	EXP 	Display Frame 5
404.7498 	EXP 	Display Frame 6
404.7832 	EXP 	Display Frame 7
404.8165 	EXP 	Display Frame 8
404.8498 	EXP 	Display Frame 9
404.8831 	EXP 	Display Frame 0
404.9165 	EXP 	Display Frame 1
404.9498 	EXP 	Display Frame 2
404.9832 	EXP 	Display Frame 3
405.0165 	EXP 	Display Frame 4
405.0501 	EXP 	Display Frame 5
405.0831 	EXP 	Display Frame 6
405.1165 	EXP 	Display Frame 7
405.1498 	EXP 	Display Frame 8
405.1832 	EXP 	Display Frame 9
405.2165 	EXP 	Display Frame 0
405.2498 	EXP 	Display Frame 1
405.2832 	EXP 	Display Frame 2
405.3165 	EXP 	Display Frame 3
405.3498 	EXP 	Display Frame 4
405.3831 	EXP 	Display Frame 5
405.4165 	EXP 	Display Frame 6
405.4498 	EXP 	Display Frame 7
405.4832 	EXP 	Display Frame 8
405.5165 	EXP 	Display Frame 9
405.5498 	EXP 	Display Frame 0
405.5832 	EXP 	Display Frame 1
405.6165 	EXP 	Display Frame 2
405.6498 	EXP 	Display Frame 3
405.6832 	EXP 	Display Frame 4
405.7165 	EXP 	Display Frame 5
405.7498 	EXP 	Display Frame 6
405.7832 	EXP 	Display Frame 7
405.8165 	EXP 	Display Frame 8
405.8498 	EXP 	Display Frame 9
405.8831 	EXP 	Display Frame 0
405.9165 	EXP 	Display Frame 1
405.9498 	EXP 	Display Frame 2
405.9832 	EXP 	Display Frame 3
406.0165 	EXP 	Display Frame 4
406.0498 	EXP 	Display Frame 5
406.0832 	EXP 	Display Frame 6
406.1165 	EXP 	Display Frame 7
406.1498 	EXP 	Display Frame 8
406.1832 	EXP 	Display Frame 9
406.2165 	EXP 	Display Frame 0
406.2498 	EXP 	Display Frame 1
406.2832 	EXP 	Display Frame 2
406.3165 	EXP 	Display Frame 3
406.3498 	EXP 	Display Frame 4
406.3831 	EXP 	Display Frame 5
406.4165 	EXP 	Display Frame 6
406.4498 	EXP 	Display Frame 7
406.4831 	EXP 	Display Frame 8
406.5165 	EXP 	Display Frame 9
406.5498 	EXP 	Display Frame 0
406.5832 	EXP 	Display Frame 1
406.6165 	EXP 	Display Frame 2
406.6498 	EXP 	Display Frame 3
406.6832 	EXP 	Display Frame 4
406.7165 	EXP 	Display Frame 5
406.7498 	EXP 	Display Frame 6
406.7832 	EXP 	Display Frame 7
406.8165 	EXP 	Display Frame 8
406.8498 	EXP 	Display Frame 9
406.8831 	EXP 	Display Frame 0
406.9165 	EXP 	Display Frame 1
406.9498 	EXP 	Display Frame 2
406.9832 	EXP 	Display Frame 3
407.0165 	EXP 	Display Frame 4
407.0498 	EXP 	Display Frame 5
407.0832 	EXP 	Display Frame 6
407.1179 	EXP 	Display Frame 7
407.1498 	EXP 	Display Frame 8
407.1832 	EXP 	Display Frame 9
407.2165 	EXP 	Display Frame 0
407.2498 	EXP 	Display Frame 1
407.2832 	EXP 	Display Frame 2
407.3165 	EXP 	Display Frame 3
407.3498 	EXP 	Display Frame 4
407.3831 	EXP 	Display Frame 5
407.4165 	EXP 	Display Frame 6
407.4498 	EXP 	Display Frame 7
407.4832 	EXP 	Display Frame 8
407.5165 	EXP 	Display Frame 9
407.5498 	EXP 	Display Frame 0
407.5832 	EXP 	Display Frame 1
407.6165 	EXP 	Display Frame 2
407.6498 	EXP 	Display Frame 3
407.6832 	EXP 	Display Frame 4
407.7165 	EXP 	Display Frame 5
407.7498 	EXP 	Display Frame 6
407.7832 	EXP 	Display Frame 7
407.8165 	EXP 	Display Frame 8
407.8499 	EXP 	Display Frame 9
407.8831 	EXP 	Display Frame 0
407.9165 	EXP 	Display Frame 1
407.9498 	EXP 	Display Frame 2
407.9832 	EXP 	Display Frame 3
408.0166 	DATA 	Keypress: equal
408.0177 	EXP 	Display Frame 4
408.0498 	EXP 	Display Frame 5
408.0831 	EXP 	Display Frame 6
408.1165 	EXP 	Display Frame 7
408.1499 	EXP 	Display Frame 8
408.1832 	EXP 	Display Frame 9
408.2165 	EXP 	Display Frame 0
408.2498 	EXP 	Display Frame 1
408.2831 	EXP 	Display Frame 2
408.3165 	EXP 	Display Frame 3
408.3498 	EXP 	Display Frame 4
408.3831 	EXP 	Display Frame 5
408.4165 	EXP 	Display Frame 6
408.4498 	EXP 	Display Frame 7
408.4832 	EXP 	Display Frame 8
408.5165 	EXP 	Display Frame 9
408.5498 	EXP 	Display Frame 0
408.5832 	EXP 	Display Frame 1
408.6165 	EXP 	Display Frame 2
408.6498 	EXP 	Display Frame 3
408.6832 	EXP 	Display Frame 4
408.7165 	EXP 	Display Frame 5
408.7498 	EXP 	Display Frame 6
408.7832 	EXP 	Display Frame 7
408.8165 	EXP 	Display Frame 8
408.8498 	EXP 	Display Frame 9
408.8831 	EXP 	Display Frame 0
408.9165 	EXP 	Display Frame 1
408.9498 	EXP 	Display Frame 2
408.9832 	EXP 	Display Frame 3
409.0165 	EXP 	Display Frame 4
409.0498 	EXP 	Display Frame 5
409.0831 	EXP 	Display Frame 6
409.1165 	EXP 	Display Frame 7
409.1498 	EXP 	Display Frame 8
409.1831 	EXP 	Display Frame 9
409.2165 	EXP 	Display Frame 0
409.2498 	EXP 	Display Frame 1
409.2832 	EXP 	Display Frame 2
409.3165 	EXP 	Display Frame 3
409.3498 	EXP 	Display Frame 4
409.3831 	EXP 	Display Frame 5
409.4165 	EXP 	Display Frame 6
409.4498 	EXP 	Display Frame 7
409.4832 	EXP 	Display Frame 8
409.5165 	EXP 	Display Frame 9
409.5498 	EXP 	Display Frame 0
409.5832 	EXP 	Display Frame 1
409.6165 	EXP 	Display Frame 2
409.6498 	EXP 	Display Frame 3
409.6831 	EXP 	Display Frame 4
409.7165 	EXP 	Display Frame 5
409.7498 	EXP 	Display Frame 6
409.7832 	EXP 	Display Frame 7
409.8165 	EXP 	Display Frame 8
409.8498 	EXP 	Display Frame 9
409.8831 	EXP 	Display Frame 0
409.9165 	EXP 	Display Frame 1
409.9498 	EXP 	Display Frame 2
409.9831 	EXP 	Display Frame 3
410.0165 	EXP 	Display Frame 4
410.0498 	EXP 	Display Frame 5
410.0832 	EXP 	Display Frame 6
410.1165 	EXP 	Display Frame 7
410.1498 	EXP 	Display Frame 8
410.1832 	EXP 	Display Frame 9
410.2165 	EXP 	Display Frame 0
410.2498 	EXP 	Display Frame 1
410.2832 	EXP 	Display Frame 2
410.3165 	EXP 	Display Frame 3
410.3498 	EXP 	Display Frame 4
410.3832 	EXP 	Display Frame 5
410.4165 	EXP 	Display Frame 6
410.4498 	EXP 	Display Frame 7
410.4832 	EXP 	Display Frame 8
410.5165 	EXP 	Display Frame 9
410.5498 	EXP 	Display Frame 0
410.5831 	EXP 	Display Frame 1
410.6165 	EXP 	Display Frame 2
410.6498 	EXP 	Display Frame 3
410.6832 	EXP 	Display Frame 4
410.7165 	EXP 	Display Frame 5
410.7498 	EXP 	Display Frame 6
410.7832 	EXP 	Display Frame 7
410.8165 	EXP 	Display Frame 8
410.8498 	EXP 	Display Frame 9
410.8831 	EXP 	Display Frame 0
410.9165 	EXP 	Display Frame 1
410.9498 	EXP 	Display Frame 2
410.9832 	EXP 	Display Frame 3
411.0165 	EXP 	Display Frame 4
411.0498 	EXP 	Display Frame 5
411.0832 	EXP 	Display Frame 6
411.1165 	EXP 	Display Frame 7
411.1498 	EXP 	Display Frame 8
411.1832 	EXP 	Display Frame 9
411.2165 	EXP 	Display Frame 0
411.2498 	EXP 	Display Frame 1
411.2832 	EXP 	Display Frame 2
411.3165 	EXP 	Display Frame 3
411.3499 	EXP 	Display Frame 4
411.3833 	EXP 	Display Frame 5
411.4165 	EXP 	Display Frame 6
411.4498 	EXP 	Display Frame 7
411.4832 	EXP 	Display Frame 8
411.5165 	EXP 	Display Frame 9
411.5498 	EXP 	Display Frame 0
411.5832 	EXP 	Display Frame 1
411.6165 	EXP 	Display Frame 2
411.6498 	EXP 	Display Frame 3
411.6832 	EXP 	Display Frame 4
411.7165 	EXP 	Display Frame 5
411.7498 	EXP 	Display Frame 6
411.7831 	EXP 	Display Frame 7
411.8165 	EXP 	Display Frame 8
411.8498 	EXP 	Display Frame 9
411.8831 	EXP 	Display Frame 0
411.9165 	EXP 	Display Frame 1
411.9498 	EXP 	Display Frame 2
411.9832 	EXP 	Display Frame 3
412.0165 	EXP 	Display Frame 4
412.0498 	EXP 	Display Frame 5
412.0832 	EXP 	Display Frame 6
412.1165 	EXP 	Display Frame 7
412.1498 	EXP 	Display Frame 8
412.1832 	EXP 	Display Frame 9
412.2165 	EXP 	Display Frame 0
412.2498 	EXP 	Display Frame 1
412.2832 	EXP 	Display Frame 2
412.3165 	EXP 	Display Frame 3
412.3498 	EXP 	Display Frame 4
412.3831 	EXP 	Display Frame 5
412.4165 	EXP 	Display Frame 6
412.4498 	EXP 	Display Frame 7
412.4832 	EXP 	Display Frame 8
412.5165 	EXP 	Display Frame 9
412.5498 	EXP 	Display Frame 0
412.5832 	EXP 	Display Frame 1
412.6165 	EXP 	Display Frame 2
412.6498 	EXP 	Display Frame 3
412.6832 	EXP 	Display Frame 4
412.7165 	EXP 	Display Frame 5
412.7498 	EXP 	Display Frame 6
412.7832 	EXP 	Display Frame 7
412.8165 	EXP 	Display Frame 8
412.8498 	EXP 	Display Frame 9
412.8831 	EXP 	Display Frame 0
412.9165 	EXP 	Display Frame 1
412.9498 	EXP 	Display Frame 2
412.9832 	EXP 	Display Frame 3
413.0165 	EXP 	Display Frame 4
413.0499 	EXP 	Display Frame 5
413.0832 	EXP 	Display Frame 6
413.1165 	EXP 	Display Frame 7
413.1498 	EXP 	Display Frame 8
413.1833 	DATA 	Keypress: equal
413.1841 	EXP 	Display Frame 9
413.2165 	EXP 	Display Frame 0
413.2498 	EXP 	Display Frame 1
413.2832 	EXP 	Display Frame 2
413.3165 	EXP 	Display Frame 3
413.3498 	EXP 	Display Frame 4
413.3831 	EXP 	Display Frame 5
413.4165 	EXP 	Display Frame 6
413.4498 	EXP 	Display Frame 7
413.4833 	EXP 	Display Frame 8
413.5164 	EXP 	Display Frame 9
413.5498 	EXP 	Display Frame 0
413.5832 	EXP 	Display Frame 1
413.6165 	EXP 	Display Frame 2
413.6499 	EXP 	Display Frame 3
413.6832 	EXP 	Display Frame 4
413.7165 	EXP 	Display Frame 5
413.7498 	EXP 	Display Frame 6
413.7832 	EXP 	Display Frame 7
413.8165 	EXP 	Display Frame 8
413.8498 	EXP 	Display Frame 9
413.8831 	EXP 	Display Frame 0
413.9165 	EXP 	Display Frame 1
413.9498 	EXP 	Display Frame 2
413.9832 	EXP 	Display Frame 3
414.0165 	EXP 	Display Frame 4
414.0498 	EXP 	Display Frame 5
414.0832 	EXP 	Display Frame 6
414.1165 	EXP 	Display Frame 7
414.1498 	EXP 	Display Frame 8
414.1832 	EXP 	Display Frame 9
414.2165 	EXP 	Display Frame 0
414.2498 	EXP 	Display Frame 1
414.2832 	EXP 	Display Frame 2
414.3165 	EXP 	Display Frame 3
414.3498 	EXP 	Display Frame 4
414.3832 	EXP 	Display Frame 5
414.4165 	EXP 	Display Frame 6
414.4498 	EXP 	Display Frame 7
414.4832 	EXP 	Display Frame 8
414.5165 	EXP 	Display Frame 9
414.5498 	EXP 	Display Frame 0
414.5832 	EXP 	Display Frame 1
414.6165 	EXP 	Display Frame 2
414.6498 	EXP 	Display Frame 3
414.6832 	EXP 	Display Frame 4
414.7165 	EXP 	Display Frame 5
414.7498 	EXP 	Display Frame 6
414.7832 	EXP 	Display Frame 7
414.8165 	EXP 	Display Frame 8
414.8498 	EXP 	Display Frame 9
414.8831 	EXP 	Display Frame 0
414.9165 	EXP 	Display Frame 1
414.9498 	EXP 	Display Frame 2
414.9832 	EXP 	Display Frame 3
415.0165 	EXP 	Display Frame 4
415.0498 	EXP 	Display Frame 5
415.0831 	EXP 	Display Frame 6
415.1165 	EXP 	Display Frame 7
415.1498 	EXP 	Display Frame 8
415.1831 	EXP 	Display Frame 9
415.2165 	EXP 	Display Frame 0
415.2498 	EXP 	Display Frame 1
415.2832 	EXP 	Display Frame 2
415.3165 	EXP 	Display Frame 3
415.3498 	EXP 	Display Frame 4
415.3831 	EXP 	Display Frame 5
415.4165 	EXP 	Display Frame 6
415.4498 	EXP 	Display Frame 7
415.4832 	EXP 	Display Frame 8
415.5165 	EXP 	Display Frame 9
415.5498 	EXP 	Display Frame 0
415.5832 	EXP 	Display Frame 1
415.6165 	EXP 	Display Frame 2
415.6498 	EXP 	Display Frame 3
415.6832 	EXP 	Display Frame 4
415.7165 	EXP 	Display Frame 5
415.7498 	EXP 	Display Frame 6
415.7831 	EXP 	Display Frame 7
415.8165 	EXP 	Display Frame 8
415.8498 	EXP 	Display Frame 9
415.8831 	EXP 	Display Frame 0
415.9165 	EXP 	Display Frame 1
415.9498 	EXP 	Display Frame 2
415.9831 	EXP 	Display Frame 3
416.0165 	EXP 	Display Frame 4
416.0498 	EXP 	Display Frame 5
416.0832 	EXP 	Display Frame 6
416.1165 	EXP 	Display Frame 7
416.1498 	EXP 	Display Frame 8
416.1832 	EXP 	Display Frame 9
416.2165 	EXP 	Display Frame 0
416.2498 	EXP 	Display Frame 1
416.2831 	EXP 	Display Frame 2
416.3165 	EXP 	Display Frame 3
416.3499 	EXP 	Display Frame 4
416.3831 	EXP 	Display Frame 5
416.4165 	EXP 	Display Frame 6
416.4498 	EXP 	Display Frame 7
416.4832 	EXP 	Display Frame 8
416.5165 	EXP 	Display Frame 9
416.5498 	EXP 	Display Frame 0
416.5832 	EXP 	Display Frame 1
416.6165 	EXP 	Display Frame 2
416.6498 	EXP 	Display Frame 3
416.6831 	EXP 	Display Frame 4
416.7165 	EXP 	Display Frame 5
416.7498 	EXP 	Display Frame 6
416.7832 	EXP 	Display Frame 7
416.8165 	EXP 	Display Frame 8
416.8498 	EXP 	Display Frame 9
416.8831 	EXP 	Display Frame 0
416.9165 	EXP 	Display Frame 1
416.9498 	EXP 	Display Frame 2
416.9832 	EXP 	Display Frame 3
417.0165 	EXP 	Display Frame 4
417.0498 	EXP 	Display Frame 5
417.0832 	EXP 	Display Frame 6
417.1165 	EXP 	Display Frame 7
417.1498 	EXP 	Display Frame 8
417.1831 	EXP 	Display Frame 9
417.2165 	EXP 	Display Frame 0
417.2498 	EXP 	Display Frame 1
417.2832 	EXP 	Display Frame 2
417.3165 	EXP 	Display Frame 3
417.3498 	EXP 	Display Frame 4
417.3832 	EXP 	Display Frame 5
417.4165 	EXP 	Display Frame 6
417.4498 	EXP 	Display Frame 7
417.4832 	EXP 	Display Frame 8
417.5165 	EXP 	Display Frame 9
417.5498 	EXP 	Display Frame 0
417.5831 	EXP 	Display Frame 1
417.6165 	EXP 	Display Frame 2
417.6498 	EXP 	Display Frame 3
417.6832 	EXP 	Display Frame 4
417.7165 	EXP 	Display Frame 5
417.7500 	EXP 	Display Frame 6
417.7832 	EXP 	Display Frame 7
417.8165 	EXP 	Display Frame 8
417.8498 	EXP 	Display Frame 9
417.8832 	EXP 	Display Frame 0
417.9165 	EXP 	Display Frame 1
417.9498 	EXP 	Display Frame 2
417.9832 	EXP 	Display Frame 3
418.0165 	EXP 	Display Frame 4
418.0498 	EXP 	Display Frame 5
418.0832 	EXP 	Display Frame 6
418.1165 	EXP 	Display Frame 7
418.1498 	EXP 	Display Frame 8
418.1832 	EXP 	Display Frame 9
418.2165 	EXP 	Display Frame 0
418.2498 	EXP 	Display Frame 1
418.2832 	EXP 	Display Frame 2
418.3165 	EXP 	Display Frame 3
418.3498 	EXP 	Display Frame 4
418.3833 	DATA 	Keypress: equal
418.3843 	EXP 	Display Frame 5
418.3869 	EXP 	Display Fixation
423.5710 	DATA 	Keypress: equal
428.7643 	DATA 	Keypress: equal
433.9580 	DATA 	Keypress: equal
439.1510 	DATA 	Keypress: equal
444.3452 	DATA 	Keypress: equal
449.5381 	DATA 	Keypress: equal
449.5725 	EXP 	Display Frame 1
449.6058 	EXP 	Display Frame 2
449.6391 	EXP 	Display Frame 3
449.6724 	EXP 	Display Frame 4
449.7057 	EXP 	Display Frame 5
449.7391 	EXP 	Display Frame 6
449.7724 	EXP 	Display Frame 7
449.8057 	EXP 	Display Frame 8
449.8391 	EXP 	Display Frame 9
449.8724 	EXP 	Display Frame 0
449.9057 	EXP 	Display Frame 1
449.9390 	EXP 	Display Frame 2
449.9724 	EXP 	Display Frame 3
450.0057 	EXP 	Display Frame 4
450.0390 	EXP 	Display Frame 5
450.0723 	EXP 	Display Frame 6
450.1057 	EXP 	Display Frame 7
450.1390 	EXP 	Display Frame 8
450.1724 	EXP 	Display Frame 9
450.2057 	EXP 	Display Frame 0
450.2390 	EXP 	Display Frame 1
450.2724 	EXP 	Display Frame 2
450.3057 	EXP 	Display Frame 3
450.3391 	EXP 	Display Frame 4
450.3724 	EXP 	Display Frame 5
450.4057 	EXP 	Display Frame 6
450.4390 	EXP 	Display Frame 7
450.4724 	EXP 	Display Frame 8
450.5057 	EXP 	Display Frame 9
450.5390 	EXP 	Display Frame 0
450.5723 	EXP 	Display Frame 1
450.6057 	EXP 	Display Frame 2
450.6390 	EXP 	Display Frame 3
450.6723 	EXP 	Display Frame 4
450.7057 	EXP 	Display Frame 5
450.7391 	EXP 	Display Frame 6
450.7739 	EXP 	Display Frame 7
450.8057 	EXP 	Display Frame 8
450.8390 	EXP 	Display Frame 9
450.8724 	EXP 	Display Frame 0
450.9057 	EXP 	Display Frame 1
450.9390 	EXP 	Display Frame 2
450.9724 	EXP 	Display Frame 3
451.0057 	EXP 	Display Frame 4
451.0390 	EXP 	Display Frame 5
451.0723 	EXP 	Display Frame 6
451.1057 	EXP 	Display Frame 7
451.1390 	EXP 	Display Frame 8
451.1724 	EXP 	Display Frame 9
451.2057 	EXP 	Display Frame 0
451.2390 	EXP 	Display Frame 1
451.2724 	EXP 	Display Frame 2
451.3057 	EXP 	Display Frame 3
451.3390 	EXP 	Display Frame 4
451.3723 	EXP 	Display Frame 5
451.4057 	EXP 	Display Frame 6
451.4390 	EXP 	Display Frame 7
451.4724 	EXP 	Display Frame 8
451.5057 	EXP 	Display Frame 9
451.5391 	EXP 	Display Frame 0
451.5723 	EXP 	Display Frame 1
451.6057 	EXP 	Display Frame 2
451.6391 	EXP 	Display Frame 3
451.6723 	EXP 	Display Frame 4
451.7057 	EXP 	Display Frame 5
451.7390 	EXP 	Display Frame 6
451.7724 	EXP 	Display Frame 7
451.8057 	EXP 	Display Frame 8
451.8390 	EXP 	Display Frame 9
451.8724 	EXP 	Display Frame 0
451.9057 	EXP 	Display Frame 1
451.9390 	EXP 	Display Frame 2
451.9723 	EXP 	Display Frame 3
452.0057 	EXP 	Display Frame 4
452.0390 	EXP 	Display Frame 5
452.0724 	EXP 	Display Frame 6
452.1057 	EXP 	Display Frame 7
452.1390 	EXP 	Display Frame 8
452.1724 	EXP 	Display Frame 9
452.2057 	EXP 	Display Frame 0
452.2390 	EXP 	Display Frame 1
452.2723 	EXP 	Display Frame 2
452.3057 	EXP 	Display Frame 3
452.3390 	EXP 	Display Frame 4
452.3724 	EXP 	Display Frame 5
452.4057 	EXP 	Display Frame 6
452.4390 	EXP 	Display Frame 7
452.4724 	EXP 	Display Frame 8
452.5057 	EXP 	Display Frame 9
452.5390 	EXP 	Display Frame 0
452.5723 	EXP 	Display Frame 1
452.6057 	EXP 	Display Frame 2
452.6390 	EXP 	Display Frame 3
452.6724 	EXP 	Display Frame 4
452.7057 	EXP 	Display Frame 5
452.7390 	EXP 	Display Frame 6
452.7724 	EXP 	Display Frame 7
452.8057 	EXP 	Display Frame 8
452.8390 	EXP 	Display Frame 9
452.8723 	EXP 	Display Frame 0
452.9057 	EXP 	Display Frame 1
452.9390 	EXP 	Display Frame 2
452.9724 	EXP 	Display Frame 3
453.0057 	EXP 	Display Frame 4
453.0390 	EXP 	Display Frame 5
453.0724 	EXP 	Display Frame 6
453.1057 	EXP 	Display Frame 7
453.1390 	EXP 	Display Frame 8
453.1724 	EXP 	Display Frame 9
453.2057 	EXP 	Display Frame 0
453.2390 	EXP 	Display Frame 1
453.2723 	EXP 	Display Frame 2
453.3057 	EXP 	Display Frame 3
453.3390 	EXP 	Display Frame 4
453.3724 	EXP 	Display Frame 5
453.4057 	EXP 	Display Frame 6
453.4390 	EXP 	Display Frame 7
453.4724 	EXP 	Display Frame 8
453.5057 	EXP 	Display Frame 9
453.5391 	EXP 	Display Frame 0
453.5723 	EXP 	Display Frame 1
453.6057 	EXP 	Display Frame 2
453.6390 	EXP 	Display Frame 3
453.6724 	EXP 	Display Frame 4
453.7057 	EXP 	Display Frame 5
453.7390 	EXP 	Display Frame 6
453.7724 	EXP 	Display Frame 7
453.8057 	EXP 	Display Frame 8
453.8391 	EXP 	Display Frame 9
453.8724 	EXP 	Display Frame 0
453.9057 	EXP 	Display Frame 1
453.9390 	EXP 	Display Frame 2
453.9724 	EXP 	Display Frame 3
454.0057 	EXP 	Display Frame 4
454.0390 	EXP 	Display Frame 5
454.0723 	EXP 	Display Frame 6
454.1057 	EXP 	Display Frame 7
454.1390 	EXP 	Display Frame 8
454.1723 	EXP 	Display Frame 9
454.2057 	EXP 	Display Frame 0
454.2390 	EXP 	Display Frame 1
454.2723 	EXP 	Display Frame 2
454.3057 	EXP 	Display Frame 3
454.3390 	EXP 	Display Frame 4
454.3724 	EXP 	Display Frame 5
454.4057 	EXP 	Display Frame 6
454.4390 	EXP 	Display Frame 7
454.4723 	EXP 	Display Frame 8
454.5057 	EXP 	Display Frame 9
454.5391 	EXP 	Display Frame 0
454.5723 	EXP 	Display Frame 1
454.6057 	EXP 	Display Frame 2
454.6390 	EXP 	Display Frame 3
454.6724 	EXP 	Display Frame 4
454.7057 	EXP 	Display Frame 5
454.7392 	DATA 	Keypress: equal
454.7402 	EXP 	Display Frame 6
454.7723 	EXP 	Display Frame 7
454.8057 	EXP 	Display Frame 8
454.8390 	EXP 	Display Frame 9
454.8724 	EXP 	Display Frame 0
454.9057 	EXP 	Display Frame 1
454.9390 	EXP 	Display Frame 2
454.9723 	EXP 	Display Frame 3
455.0057 	EXP 	Display Frame 4
455.0390 	EXP 	Display Frame 5
455.0723 	EXP 	Display Frame 6
455.1057 	EXP 	Display Frame 7
455.1390 	EXP 	Display Frame 8
455.1724 	EXP 	Display Frame 9
455.2057 	EXP 	Display Frame 0
455.2390 	EXP 	Display Frame 1
455.2724 	EXP 	Display Frame 2
455.3057 	EXP 	Display Frame 3
455.3391 	EXP 	Display Frame 4
455.3723 	EXP 	Display Frame 5
455.4057 	EXP 	Display Frame 6
455.4390 	EXP 	Display Frame 7
455.4724 	EXP 	Display Frame 8
455.5057 	EXP 	Display Frame 9
455.5390 	EXP 	Display Frame 0
455.5723 	EXP 	Display Frame 1
455.6057 	EXP 	Display Frame 2
455.6390 	EXP 	Display Frame 3
455.6724 	EXP 	Display Frame 4
455.7057 	EXP 	Display Frame 5
455.7390 	EXP 	Display Frame 6
455.7723 	EXP 	Display Frame 7
455.8059 	EXP 	Display Frame 8
455.8391 	EXP 	Display Frame 9
455.8724 	EXP 	Display Frame 0
455.9057 	EXP 	Display Frame 1
455.9390 	EXP 	Display Frame 2
455.9724 	EXP 	Display Frame 3
456.0058 	EXP 	Display Frame 4
456.0390 	EXP 	Display Frame 5
456.0726 	EXP 	Display Frame 6
456.1081 	EXP 	Display Frame 7
456.1390 	EXP 	Display Frame 8
456.1724 	EXP 	Display Frame 9
456.2057 	EXP 	Display Frame 0
456.2390 	EXP 	Display Frame 1
456.2723 	EXP 	Display Frame 2
456.3057 	EXP 	Display Frame 3
456.3390 	EXP 	Display Frame 4
456.3724 	EXP 	Display Frame 5
456.4057 	EXP 	Display Frame 6
456.4390 	EXP 	Display Frame 7
456.4723 	EXP 	Display Frame 8
456.5057 	EXP 	Display Frame 9
456.5390 	EXP 	Display Frame 0
456.5723 	EXP 	Display Frame 1
456.6057 	EXP 	Display Frame 2
456.6390 	EXP 	Display Frame 3
456.6724 	EXP 	Display Frame 4
456.7057 	EXP 	Display Frame 5
456.7391 	EXP 	Display Frame 6
456.7723 	EXP 	Display Frame 7
456.8057 	EXP 	Display Frame 8
456.8390 	EXP 	Display Frame 9
456.8723 	EXP 	Display Frame 0
456.9057 	EXP 	Display Frame 1
456.9390 	EXP 	Display Frame 2
456.9724 	EXP 	Display Frame 3
457.0057 	EXP 	Display Frame 4
457.0390 	EXP 	Display Frame 5
457.0724 	EXP 	Display Frame 6
457.1057 	EXP 	Display Frame 7
457.1390 	EXP 	Display Frame 8
457.1724 	EXP 	Display Frame 9
457.2057 	EXP 	Display Frame 0
457.2390 	EXP 	Display Frame 1
457.2724 	EXP 	Display Frame 2
457.3057 	EXP 	Display Frame 3
457.3390 	EXP 	Display Frame 4
457.3723 	EXP 	Display Frame 5
457.4057 	EXP 	Display Frame 6
457.4390 	EXP 	Display Frame 7
457.4724 	EXP 	Display Frame 8
457.5057 	EXP 	Display Frame 9
457.5390 	EXP 	Display Frame 0
457.5723 	EXP 	Display Frame 1
457.6057 	EXP 	Display Frame 2
457.6391 	EXP 	Display Frame 3
457.6724 	EXP 	Display Frame 4
457.7057 	EXP 	Display Frame 5
457.7390 	EXP 	Display Frame 6
457.7724 	EXP 	Display Frame 7
457.8057 	EXP 	Display Frame 8
457.8390 	EXP 	Display Frame 9
457.8723 	EXP 	Display Frame 0
457.9057 	EXP 	Display Frame 1
457.9390 	EXP 	Display Frame 2
457.9724 	EXP 	Display Frame 3
458.0057 	EXP 	Display Frame 4
458.0390 	EXP 	Display Frame 5
458.0726 	EXP 	Display Frame 6
458.1057 	EXP 	Display Frame 7
458.1390 	EXP 	Display Frame 8
458.1724 	EXP 	Display Frame 9
458.2057 	EXP 	Display Frame 0
458.2390 	EXP 	Display Frame 1
458.2724 	EXP 	Display Frame 2
458.3058 	EXP 	Display Frame 3
458.3391 	EXP 	Display Frame 4
458.3724 	EXP 	Display Frame 5
458.4057 	EXP 	Display Frame 6
458.4391 	EXP 	Display Frame 7
458.4724 	EXP 	Display Frame 8
458.5057 	EXP 	Display Frame 9
458.5390 	EXP 	Display Frame 0
458.5723 	EXP 	Display Frame 1
458.6057 	EXP 	Display Frame 2
458.6390 	EXP 	Display Frame 3
458.6724 	EXP 	Display Frame 4
458.7057 	EXP 	Display Frame 5
458.7390 	EXP 	Display Frame 6
458.7723 	EXP 	Display Frame 7
458.8057 	EXP 	Display Frame 8
458.8390 	EXP 	Display Frame 9
458.8724 	EXP 	Display Frame 0
458.9057 	EXP 	Display Frame 1
458.9390 	EXP 	Display Frame 2
458.9724 	EXP 	Display Frame 3
459.0057 	EXP 	Display Frame 4
459.0390 	EXP 	Display Frame 5
459.0724 	EXP 	Display Frame 6
459.1057 	EXP 	Display Frame 7
459.1390 	EXP 	Display Frame 8
459.1726 	EXP 	Display Frame 9
459.2057 	EXP 	Display Frame 0
459.2390 	EXP 	Display Frame 1
459.2724 	EXP 	Display Frame 2
459.3057 	EXP 	Display Frame 3
459.3391 	EXP 	Display Frame 4
459.3726 	EXP 	Display Frame 5
459.4057 	EXP 	Display Frame 6
459.4390 	EXP 	Display Frame 7
459.4724 	EXP 	Display Frame 8
459.5057 	EXP 	Display Frame 9
459.5391 	EXP 	Display Frame 0
459.5723 	EXP 	Display Frame 1
459.6057 	EXP 	Display Frame 2
459.6390 	EXP 	Display Frame 3
459.6724 	EXP 	Display Frame 4
459.7057 	EXP 	Display Frame 5
459.7390 	EXP 	Display Frame 6
459.7724 	EXP 	Display Frame 7
459.8057 	EXP 	Display Frame 8
459.8391 	EXP 	Display Frame 9
459.8723 	EXP 	Display Frame 0
459.9057 	EXP 	Display Frame 1
459.9391 	DATA 	Keypress: equal
459.9402 	EXP 	Display Frame 2
459.9723 	EXP 	Display Frame 3
460.0057 	EXP 	Display Frame 4
460.0392 	EXP 	Display Frame 5
460.0724 	EXP 	Display Frame 6
460.1057 	EXP 	Display Frame 7
460.1390 	EXP 	Display Frame 8
460.1724 	EXP 	Display Frame 9
460.2057 	EXP 	Display Frame 0
460.2390 	EXP 	Display Frame 1
460.2724 	EXP 	Display Frame 2
460.3057 	EXP 	Display Frame 3
460.3390 	EXP 	Display Frame 4
460.3724 	EXP 	Display Frame 5
460.4057 	EXP 	Display Frame 6
460.4390 	EXP 	Display Frame 7
460.4724 	EXP 	Display Frame 8
460.5057 	EXP 	Display Frame 9
460.5390 	EXP 	Display Frame 0
460.5723 	EXP 	Display Frame 1
460.6057 	EXP 	Display Frame 2
460.6390 	EXP 	Display Frame 3
460.6724 	EXP 	Display Frame 4
460.7057 	EXP 	Display Frame 5
460.7390 	EXP 	Display Frame 6
460.7723 	EXP 	Display Frame 7
460.8057 	EXP 	Display Frame 8
460.8390 	EXP 	Display Frame 9
460.8723 	EXP 	Display Frame 0
460.9057 	EXP 	Display Frame 1
460.9390 	EXP 	Display Frame 2
460.9724 	EXP 	Display Frame 3
461.0057 	EXP 	Display Frame 4
461.0390 	EXP 	Display Frame 5
461.0723 	EXP 	Display Frame 6
461.1057 	EXP 	Display Frame 7
461.1390 	EXP 	Display Frame 8
461.1724 	EXP 	Display Frame 9
461.2057 	EXP 	Display Frame 0
461.2390 	EXP 	Display Frame 1
461.2724 	EXP 	Display Frame 2
461.3057 	EXP 	Display Frame 3
461.3391 	EXP 	Display Frame 4
461.3723 	EXP 	Display Frame 5
461.4058 	EXP 	Display Frame 6
461.4422 	EXP 	Display Frame 7
461.4724 	EXP 	Display Frame 8
461.5057 	EXP 	Display Frame 9
461.5390 	EXP 	Display Frame 0
461.5726 	EXP 	Display Frame 1
461.6057 	EXP 	Display Frame 2
461.6391 	EXP 	Display Frame 3
461.6724 	EXP 	Display Frame 4
461.7057 	EXP 	Display Frame 5
461.7390 	EXP 	Display Frame 6
461.7724 	EXP 	Display Frame 7
461.8057 	EXP 	Display Frame 8
461.8390 	EXP 	Display Frame 9
461.8724 	EXP 	Display Frame 0
461.9057 	EXP 	Display Frame 1
461.9390 	EXP 	Display Frame 2
461.9724 	EXP 	Display Frame 3
462.0057 	EXP 	Display Frame 4
462.0390 	EXP 	Display Frame 5
462.0724 	EXP 	Display Frame 6
462.1057 	EXP 	Display Frame 7
462.1390 	EXP 	Display Frame 8
462.1724 	EXP 	Display Frame 9
462.2057 	EXP 	Display Frame 0
462.2390 	EXP 	Display Frame 1
462.2723 	EXP 	Display Frame 2
462.3057 	EXP 	Display Frame 3
462.3390 	EXP 	Display Frame 4
462.3724 	EXP 	Display Frame 5
462.4057 	EXP 	Display Frame 6
462.4390 	EXP 	Display Frame 7
462.4724 	EXP 	Display Frame 8
462.5057 	EXP 	Display Frame 9
462.5390 	EXP 	Display Frame 0
462.5723 	EXP 	Display Frame 1
462.6057 	EXP 	Display Frame 2
462.6390 	EXP 	Display Frame 3
462.6723 	EXP 	Display Frame 4
462.7057 	EXP 	Display Frame 5
462.7390 	EXP 	Display Frame 6
462.7723 	EXP 	Display Frame 7
462.8057 	EXP 	Display Frame 8
462.8390 	EXP 	Display Frame 9
462.8723 	EXP 	Display Frame 0
462.9057 	EXP 	Display Frame 1
462.9390 	EXP 	Display Frame 2
462.9724 	EXP 	Display Frame 3
463.0057 	EXP 	Display Frame 4
463.0390 	EXP 	Display Frame 5
463.0723 	EXP 	Display Frame 6
463.1057 	EXP 	Display Frame 7
463.1390 	EXP 	Display Frame 8
463.1723 	EXP 	Display Frame 9
463.2057 	EXP 	Display Frame 0
463.2390 	EXP 	Display Frame 1
463.2724 	EXP 	Display Frame 2
463.3057 	EXP 	Display Frame 3
463.3390 	EXP 	Display Frame 4
463.3724 	EXP 	Display Frame 5
463.4057 	EXP 	Display Frame 6
463.4390 	EXP 	Display Frame 7
463.4724 	EXP 	Display Frame 8
463.5057 	EXP 	Display Frame 9
463.5390 	EXP 	Display Frame 0
463.5723 	EXP 	Display Frame 1
463.6057 	EXP 	Display Frame 2
463.6391 	EXP 	Display Frame 3
463.6724 	EXP 	Display Frame 4
463.7057 	EXP 	Display Frame 5
463.7390 	EXP 	Display Frame 6
463.7724 	EXP 	Display Frame 7
463.8057 	EXP 	Display Frame 8
463.8390 	EXP 	Display Frame 9
463.8724 	EXP 	Display Frame 0
463.9057 	EXP 	Display Frame 1
463.9390 	EXP 	Display Frame 2
463.9724 	EXP 	Display Frame 3
464.0057 	EXP 	Display Frame 4
464.0390 	EXP 	Display Frame 5
464.0723 	EXP 	Display Frame 6
464.1057 	EXP 	Display Frame 7
464.1390 	EXP 	Display Frame 8
464.1724 	EXP 	Display Frame 9
464.2057 	EXP 	Display Frame 0
464.2390 	EXP 	Display Frame 1
464.2723 	EXP 	Display Frame 2
464.3057 	EXP 	Display Frame 3
464.3390 	EXP 	Display Frame 4
464.3724 	EXP 	Display Frame 5
464.4057 	EXP 	Display Frame 6
464.4390 	EXP 	Display Frame 7
464.4724 	EXP 	Display Frame 8
464.5057 	EXP 	Display Frame 9
464.5390 	EXP 	Display Frame 0
464.5723 	EXP 	Display Frame 1
464.6057 	EXP 	Display Frame 2
464.6390 	EXP 	Display Frame 3
464.6723 	EXP 	Display Frame 4
464.7057 	EXP 	Display Frame 5
464.7390 	EXP 	Display Frame 6
464.7724 	EXP 	Display Frame 7
464.8057 	EXP 	Display Frame 8
464.8390 	EXP 	Display Frame 9
464.8723 	EXP 	Display Frame 0
464.9057 	EXP 	Display Frame 1
464.9390 	EXP 	Display Frame 2
464.9724 	EXP 	Display Frame 3
465.0057 	EXP 	Display Frame 4
465.0390 	EXP 	Display Frame 5
465.0723 	EXP 	Display Frame 6
465.1057 	EXP 	Display Frame 7
465.1391 	DATA 	Keypress: equal
465.1402 	EXP 	Display Frame 8
465.1723 	EXP 	Display Frame 9
465.2057 	EXP 	Display Frame 0
465.2390 	EXP 	Display Frame 1
465.2724 	EXP 	Display Frame 2
465.3057 	EXP 	Display Frame 3
465.3390 	EXP 	Display Frame 4
465.3724 	EXP 	Display Frame 5
465.4057 	EXP 	Display Frame 6
465.4390 	EXP 	Display Frame 7
465.4723 	EXP 	Display Frame 8
465.5057 	EXP 	Display Frame 9
465.5390 	EXP 	Display Frame 0
465.5723 	EXP 	Display Frame 1
465.6057 	EXP 	Display Frame 2
465.6390 	EXP 	Display Frame 3
465.6724 	EXP 	Display Frame 4
465.7057 	EXP 	Display Frame 5
465.7390 	EXP 	Display Frame 6
465.7723 	EXP 	Display Frame 7
465.8057 	EXP 	Display Frame 8
465.8390 	EXP 	Display Frame 9
465.8723 	EXP 	Display Frame 0
465.9057 	EXP 	Display Frame 1
465.9390 	EXP 	Display Frame 2
465.9724 	EXP 	Display Frame 3
466.0057 	EXP 	Display Frame 4
466.0390 	EXP 	Display Frame 5
466.0724 	EXP 	Display Frame 6
466.1057 	EXP 	Display Frame 7
466.1390 	EXP 	Display Frame 8
466.1724 	EXP 	Display Frame 9
466.2057 	EXP 	Display Frame 0
466.2390 	EXP 	Display Frame 1
466.2724 	EXP 	Display Frame 2
466.3057 	EXP 	Display Frame 3
466.3390 	EXP 	Display Frame 4
466.3723 	EXP 	Display Frame 5
466.4057 	EXP 	Display Frame 6
466.4390 	EXP 	Display Frame 7
466.4724 	EXP 	Display Frame 8
466.5057 	EXP 	Display Frame 9
466.5390 	EXP 	Display Frame 0
466.5723 	EXP 	Display Frame 1
466.6057 	EXP 	Display Frame 2
466.6390 	EXP 	Display Frame 3
466.6723 	EXP 	Display Frame 4
466.7057 	EXP 	Display Frame 5
466.7391 	EXP 	Display Frame 6
466.7752 	EXP 	Display Frame 7
466.8057 	EXP 	Display Frame 8
466.8390 	EXP 	Display Frame 9
466.8724 	EXP 	Display Frame 0
466.9057 	EXP 	Display Frame 1
466.9390 	EXP 	Display Frame 2
466.9724 	EXP 	Display Frame 3
467.0057 	EXP 	Display Frame 4
467.0390 	EXP 	Display Frame 5
467.0723 	EXP 	Display Frame 6
467.1057 	EXP 	Display Frame 7
467.1390 	EXP 	Display Frame 8
467.1724 	EXP 	Display Frame 9
467.2057 	EXP 	Display Frame 0
467.2390 	EXP 	Display Frame 1
467.2724 	EXP 	Display Frame 2
467.3057 	EXP 	Display Frame 3
467.3390 	EXP 	Display Frame 4
467.3724 	EXP 	Display Frame 5
467.4057 	EXP 	Display Frame 6
467.4390 	EXP 	Display Frame 7
467.4724 	EXP 	Display Frame 8
467.5057 	EXP 	Display Frame 9
467.5390 	EXP 	Display Frame 0
467.5723 	EXP 	Display Frame 1
467.6057 	EXP 	Display Frame 2
467.6390 	EXP 	Display Frame 3
467.6723 	EXP 	Display Frame 4
467.7057 	EXP 	Display Frame 5
467.7390 	EXP 	Display Frame 6
467.7724 	EXP 	Display Frame 7
467.8057 	EXP 	Display Frame 8
467.8390 	EXP 	Display Frame 9
467.8724 	EXP 	Display Frame 0
467.9059 	EXP 	Display Frame 1
467.9390 	EXP 	Display Frame 2
467.9724 	EXP 	Display Frame 3
468.0057 	EXP 	Display Frame 4
468.0390 	EXP 	Display Frame 5
468.0724 	EXP 	Display Frame 6
468.1057 	EXP 	Display Frame 7
468.1390 	EXP 	Display Frame 8
468.1724 	EXP 	Display Frame 9
468.2057 	EXP 	Display Frame 0
468.2390 	EXP 	Display Frame 1
468.2724 	EXP 	Display Frame 2
468.3057 	EXP 	Display Frame 3
468.3390 	EXP 	Display Frame 4
468.3723 	EXP 	Display Frame 5
468.4057 	EXP 	Display Frame 6
468.4390 	EXP 	Display Frame 7
468.4724 	EXP 	Display Frame 8
468.5057 	EXP 	Display Frame 9
468.5390 	EXP 	Display Frame 0
468.5723 	EXP 	Display Frame 1
468.6057 	EXP 	Display Frame 2
468.6390 	EXP 	Display Frame 3
468.6723 	EXP 	Display Frame 4
468.7057 	EXP 	Display Frame 5
468.7390 	EXP 	Display Frame 6
468.7724 	EXP 	Display Frame 7
468.8057 	EXP 	Display Frame 8
468.8390 	EXP 	Display Frame 9
468.8724 	EXP 	Display Frame 0
468.9057 	EXP 	Display Frame 1
468.9390 	EXP 	Display Frame 2
468.9724 	EXP 	Display Frame 3
469.0057 	EXP 	Display Frame 4
469.0390 	EXP 	Display Frame 5
469.0724 	EXP 	Display Frame 6
469.1057 	EXP 	Display Frame 7
469.1390 	EXP 	Display Frame 8
469.1723 	EXP 	Display Frame 9
469.2057 	EXP 	Display Frame 0
469.2390 	EXP 	Display Frame 1
469.2724 	EXP 	Display Frame 2
469.3057 	EXP 	Display Frame 3
469.3390 	EXP 	Display Frame 4
469.3724 	EXP 	Display Frame 5
469.4057 	EXP 	Display Frame 6
469.4390 	EXP 	Display Frame 7
469.4723 	EXP 	Display Frame 8
469.5057 	EXP 	Display Frame 9
469.5390 	EXP 	Display Frame 0
469.5723 	EXP 	Display Frame 1
469.6057 	EXP 	Display Frame 2
469.6390 	EXP 	Display Frame 3
469.6724 	EXP 	Display Frame 4
469.7057 	EXP 	Display Frame 5
469.7390 	EXP 	Display Frame 6
469.7724 	EXP 	Display Frame 7
469.8057 	EXP 	Display Frame 8
469.8390 	EXP 	Display Frame 9
469.8724 	EXP 	Display Frame 0
469.9057 	EXP 	Display Frame 1
469.9390 	EXP 	Display Frame 2
469.9724 	EXP 	Display Frame 3
470.0057 	EXP 	Display Frame 4
470.0390 	EXP 	Display Frame 5
470.0723 	EXP 	Display Frame 6
470.1057 	EXP 	Display Frame 7
470.1390 	EXP 	Display Frame 8
470.1724 	EXP 	Display Frame 9
470.2057 	EXP 	Display Frame 0
470.2390 	EXP 	Display Frame 1
470.2724 	EXP 	Display Frame 2
470.3057 	EXP 	Display Frame 3
470.3392 	DATA 	Keypress: equal
470.3402 	EXP 	Display Frame 4
470.3724 	EXP 	Display Frame 5
470.4057 	EXP 	Display Frame 6
470.4391 	EXP 	Display Frame 7
470.4724 	EXP 	Display Frame 8
470.5057 	EXP 	Display Frame 9
470.5390 	EXP 	Display Frame 0
470.5723 	EXP 	Display Frame 1
470.6057 	EXP 	Display Frame 2
470.6391 	EXP 	Display Frame 3
470.6724 	EXP 	Display Frame 4
470.7057 	EXP 	Display Frame 5
470.7390 	EXP 	Display Frame 6
470.7723 	EXP 	Display Frame 7
470.8057 	EXP 	Display Frame 8
470.8390 	EXP 	Display Frame 9
470.8724 	EXP 	Display Frame 0
470.9057 	EXP 	Display Frame 1
470.9390 	EXP 	Display Frame 2
470.9724 	EXP 	Display Frame 3
471.0057 	EXP 	Display Frame 4
471.0390 	EXP 	Display Frame 5
471.0723 	EXP 	Display Frame 6
471.1057 	EXP 	Display Frame 7
471.1390 	EXP 	Display Frame 8
471.1724 	EXP 	Display Frame 9
471.2057 	EXP 	Display Frame 0
471.2390 	EXP 	Display Frame 1
471.2723 	EXP 	Display Frame 2
471.3057 	EXP 	Display Frame 3
471.3390 	EXP 	Display Frame 4
471.3724 	EXP 	Display Frame 5
471.4057 	EXP 	Display Frame 6
471.4390 	EXP 	Display Frame 7
471.4724 	EXP 	Display Frame 8
471.5057 	EXP 	Display Frame 9
471.5390 	EXP 	Display Frame 0
471.5723 	EXP 	Display Frame 1
471.6057 	EXP 	Display Frame 2
471.6390 	EXP 	Display Frame 3
471.6723 	EXP 	Display Frame 4
471.7057 	EXP 	Display Frame 5
471.7390 	EXP 	Display Frame 6
471.7724 	EXP 	Display Frame 7
471.8057 	EXP 	Display Frame 8
471.8390 	EXP 	Display Frame 9
471.8723 	EXP 	Display Frame 0
471.9057 	EXP 	Display Frame 1
471.9390 	EXP 	Display Frame 2
471.9724 	EXP 	Display Frame 3
472.0057 	EXP 	Display Frame 4
472.0390 	EXP 	Display Frame 5
472.0724 	EXP 	Display Frame 6
472.1088 	EXP 	Display Frame 7
472.1390 	EXP 	Display Frame 8
472.1723 	EXP 	Display Frame 9
472.2057 	EXP 	Display Frame 0
472.2390 	EXP 	Display Frame 1
472.2724 	EXP 	Display Frame 2
472.3057 	EXP 	Display Frame 3
472.3390 	EXP 	Display Frame 4
472.3724 	EXP 	Display Frame 5
472.4057 	EXP 	Display Frame 6
472.4390 	EXP 	Display Frame 7
472.4724 	EXP 	Display Frame 8
472.5057 	EXP 	Display Frame 9
472.5390 	EXP 	Display Frame 0
472.5723 	EXP 	Display Frame 1
472.6057 	EXP 	Display Frame 2
472.6390 	EXP 	Display Frame 3
472.6724 	EXP 	Display Frame 4
472.7057 	EXP 	Display Frame 5
472.7390 	EXP 	Display Frame 6
472.7723 	EXP 	Display Frame 7
472.8057 	EXP 	Display Frame 8
472.8390 	EXP 	Display Frame 9
472.8724 	EXP 	Display Frame 0
472.9057 	EXP 	Display Frame 1
472.9390 	EXP 	Display Frame 2
472.9724 	EXP 	Display Frame 3
473.0057 	EXP 	Display Frame 4
473.0390 	EXP 	Display Frame 5
473.0723 	EXP 	Display Frame 6
473.1057 	EXP 	Display Frame 7
473.1390 	EXP 	Display Frame 8
473.1723 	EXP 	Display Frame 9
473.2057 	EXP 	Display Frame 0
473.2390 	EXP 	Display Frame 1
473.2724 	EXP 	Display Frame 2
473.3057 	EXP 	Display Frame 3
473.3390 	EXP 	Display Frame 4
473.3723 	EXP 	Display Frame 5
473.4057 	EXP 	Display Frame 6
473.4390 	EXP 	Display Frame 7
473.4724 	EXP 	Display Frame 8
473.5057 	EXP 	Display Frame 9
473.5390 	EXP 	Display Frame 0
473.5723 	EXP 	Display Frame 1
473.6057 	EXP 	Display Frame 2
473.6390 	EXP 	Display Frame 3
473.6723 	EXP 	Display Frame 4
473.7057 	EXP 	Display Frame 5
473.7390 	EXP 	Display Frame 6
473.7724 	EXP 	Display Frame 7
473.8057 	EXP 	Display Frame 8
473.8390 	EXP 	Display Frame 9
473.8724 	EXP 	Display Frame 0
473.9057 	EXP 	Display Frame 1
473.9390 	EXP 	Display Frame 2
473.9723 	EXP 	Display Frame 3
474.0057 	EXP 	Display Frame 4
474.0390 	EXP 	Display Frame 5
474.0723 	EXP 	Display Frame 6
474.1057 	EXP 	Display Frame 7
474.1390 	EXP 	Display Frame 8
474.1724 	EXP 	Display Frame 9
474.2057 	EXP 	Display Frame 0
474.2390 	EXP 	Display Frame 1
474.2726 	EXP 	Display Frame 2
474.3057 	EXP 	Display Frame 3
474.3390 	EXP 	Display Frame 4
474.3723 	EXP 	Display Frame 5
474.4057 	EXP 	Display Frame 6
474.4390 	EXP 	Display Frame 7
474.4724 	EXP 	Display Frame 8
474.5057 	EXP 	Display Frame 9
474.5391 	EXP 	Display Frame 0
474.5723 	EXP 	Display Frame 1
474.6057 	EXP 	Display Frame 2
474.6391 	EXP 	Display Frame 3
474.6723 	EXP 	Display Frame 4
474.7057 	EXP 	Display Frame 5
474.7390 	EXP 	Display Frame 6
474.7724 	EXP 	Display Frame 7
474.8057 	EXP 	Display Frame 8
474.8390 	EXP 	Display Frame 9
474.8723 	EXP 	Display Frame 0
474.9057 	EXP 	Display Frame 1
474.9390 	EXP 	Display Frame 2
474.9723 	EXP 	Display Frame 3
475.0057 	EXP 	Display Frame 4
475.0390 	EXP 	Display Frame 5
475.0724 	EXP 	Display Frame 6
475.1057 	EXP 	Display Frame 7
475.1390 	EXP 	Display Frame 8
475.1724 	EXP 	Display Frame 9
475.2057 	EXP 	Display Frame 0
475.2390 	EXP 	Display Frame 1
475.2724 	EXP 	Display Frame 2
475.3057 	EXP 	Display Frame 3
475.3390 	EXP 	Display Frame 4
475.3724 	EXP 	Display Frame 5
475.4057 	EXP 	Display Frame 6
475.4390 	EXP 	Display Frame 7
475.4724 	EXP 	Display Frame 8
475.5057 	EXP 	Display Frame 9
475.5065 	DATA 	Keypress: equal
475.5390 	EXP 	Display Frame 0
475.5723 	EXP 	Display Frame 1
475.6057 	EXP 	Display Frame 2
475.6390 	EXP 	Display Frame 3
475.6724 	EXP 	Display Frame 4
475.7057 	EXP 	Display Frame 5
475.7390 	EXP 	Display Frame 6
475.7724 	EXP 	Display Frame 7
475.8057 	EXP 	Display Frame 8
475.8390 	EXP 	Display Frame 9
475.8723 	EXP 	Display Frame 0
475.9057 	EXP 	Display Frame 1
475.9390 	EXP 	Display Frame 2
475.9724 	EXP 	Display Frame 3
476.0057 	EXP 	Display Frame 4
476.0390 	EXP 	Display Frame 5
476.0723 	EXP 	Display Frame 6
476.1057 	EXP 	Display Frame 7
476.1390 	EXP 	Display Frame 8
476.1724 	EXP 	Display Frame 9
476.2057 	EXP 	Display Frame 0
476.2390 	EXP 	Display Frame 1
476.2724 	EXP 	Display Frame 2
476.3057 	EXP 	Display Frame 3
476.3390 	EXP 	Display Frame 4
476.3723 	EXP 	Display Frame 5
476.4057 	EXP 	Display Frame 6
476.4390 	EXP 	Display Frame 7
476.4724 	EXP 	Display Frame 8
476.5057 	EXP 	Display Frame 9
476.5390 	EXP 	Display Frame 0
476.5723 	EXP 	Display Frame 1
476.6057 	EXP 	Display Frame 2
476.6390 	EXP 	Display Frame 3
476.6723 	EXP 	Display Frame 4
476.7057 	EXP 	Display Frame 5
476.7390 	EXP 	Display Frame 6
476.7724 	EXP 	Display Frame 7
476.8057 	EXP 	Display Frame 8
476.8390 	EXP 	Display Frame 9
476.8724 	EXP 	Display Frame 0
476.9057 	EXP 	Display Frame 1
476.9390 	EXP 	Display Frame 2
476.9724 	EXP 	Display Frame 3
477.0057 	EXP 	Display Frame 4
477.0390 	EXP 	Display Frame 5
477.0723 	EXP 	Display Frame 6
477.1057 	EXP 	Display Frame 7
477.1391 	EXP 	Display Frame 8
477.1723 	EXP 	Display Frame 9
477.2057 	EXP 	Display Frame 0
477.2390 	EXP 	Display Frame 1
477.2724 	EXP 	Display Frame 2
477.3057 	EXP 	Display Frame 3
477.3390 	EXP 	Display Frame 4
477.3724 	EXP 	Display Frame 5
477.4057 	EXP 	Display Frame 6
477.4423 	EXP 	Display Frame 7
477.4724 	EXP 	Display Frame 8
477.5057 	EXP 	Display Frame 9
477.5390 	EXP 	Display Frame 0
477.5723 	EXP 	Display Frame 1
477.6057 	EXP 	Display Frame 2
477.6390 	EXP 	Display Frame 3
477.6723 	EXP 	Display Frame 4
477.7057 	EXP 	Display Frame 5
477.7390 	EXP 	Display Frame 6
477.7723 	EXP 	Display Frame 7
477.8057 	EXP 	Display Frame 8
477.8390 	EXP 	Display Frame 9
477.8723 	EXP 	Display Frame 0
477.9057 	EXP 	Display Frame 1
477.9390 	EXP 	Display Frame 2
477.9724 	EXP 	Display Frame 3
478.0057 	EXP 	Display Frame 4
478.0390 	EXP 	Display Frame 5
478.0724 	EXP 	Display Frame 6
478.1057 	EXP 	Display Frame 7
478.1390 	EXP 	Display Frame 8
478.1723 	EXP 	Display Frame 9
478.2057 	EXP 	Display Frame 0
478.2390 	EXP 	Display Frame 1
478.2724 	EXP 	Display Frame 2
478.3057 	EXP 	Display Frame 3
478.3390 	EXP 	Display Frame 4
478.3723 	EXP 	Display Frame 5
478.4057 	EXP 	Display Frame 6
478.4390 	EXP 	Display Frame 7
478.4724 	EXP 	Display Frame 8
478.5057 	EXP 	Display Frame 9
478.5390 	EXP 	Display Frame 0
478.5723 	EXP 	Display Frame 1
478.6057 	EXP 	Display Frame 2
478.6391 	EXP 	Display Frame 3
478.6723 	EXP 	Display Frame 4
478.7057 	EXP 	Display Frame 5
478.7390 	EXP 	Display Frame 6
478.7724 	EXP 	Display Frame 7
478.8057 	EXP 	Display Frame 8
478.8390 	EXP 	Display Frame 9
478.8724 	EXP 	Display Frame 0
478.9057 	EXP 	Display Frame 1
478.9390 	EXP 	Display Frame 2
478.9724 	EXP 	Display Frame 3
479.0057 	EXP 	Display Frame 4
479.0390 	EXP 	Display Frame 5
479.0724 	EXP 	Display Frame 6
479.1057 	EXP 	Display Frame 7
479.1390 	EXP 	Display Frame 8
479.1724 	EXP 	Display Frame 9
479.2057 	EXP 	Display Frame 0
479.2390 	EXP 	Display Frame 1
479.2724 	EXP 	Display Frame 2
479.3057 	EXP 	Display Frame 3
479.3390 	EXP 	Display Frame 4
479.3724 	EXP 	Display Frame 5
479.4057 	EXP 	Display Frame 6
479.4390 	EXP 	Display Frame 7
479.4724 	EXP 	Display Frame 8
479.5057 	EXP 	Display Frame 9
479.5390 	EXP 	Display Frame 0
479.5723 	EXP 	Display Frame 1
479.6057 	EXP 	Display Frame 2
479.6390 	EXP 	Display Frame 3
479.6724 	EXP 	Display Frame 4
479.7057 	EXP 	Display Frame 5
479.7390 	EXP 	Display Frame 6
479.7724 	EXP 	Display Frame 7
479.8057 	EXP 	Display Frame 8
479.8390 	EXP 	Display Frame 9
479.8723 	EXP 	Display Frame 0
479.9057 	EXP 	Display Frame 1
479.9390 	EXP 	Display Frame 2
479.9724 	EXP 	Display Frame 3
480.0057 	EXP 	Display Frame 4
480.0390 	EXP 	Display Frame 5
480.0724 	EXP 	Display Frame 6
480.1057 	EXP 	Display Frame 7
480.1390 	EXP 	Display Frame 8
480.1723 	EXP 	Display Frame 9
480.2057 	EXP 	Display Frame 0
480.2390 	EXP 	Display Frame 1
480.2723 	EXP 	Display Frame 2
480.3057 	EXP 	Display Frame 3
480.3390 	EXP 	Display Frame 4
480.3724 	EXP 	Display Frame 5
480.4057 	EXP 	Display Frame 6
480.4390 	EXP 	Display Frame 7
480.4724 	EXP 	Display Frame 8
480.5057 	EXP 	Display Frame 9
480.5391 	EXP 	Display Frame 0
480.5723 	EXP 	Display Frame 1
480.6060 	EXP 	Display Frame 2
480.6390 	EXP 	Display Frame 3
480.6724 	EXP 	Display Frame 4
480.7058 	DATA 	Keypress: equal
480.7068 	EXP 	Display Frame 5
480.7207 	EXP 	Display Fixation
485.8934 	DATA 	Keypress: equal
491.0873 	DATA 	Keypress: equal
496.2804 	DATA 	Keypress: equal
501.4744 	DATA 	Keypress: equal
506.6686 	DATA 	Keypress: equal
511.8614 	DATA 	Keypress: equal
511.8958 	EXP 	Display Frame 1
511.9291 	EXP 	Display Frame 2
511.9624 	EXP 	Display Frame 3
511.9957 	EXP 	Display Frame 4
512.0291 	EXP 	Display Frame 5
512.0624 	EXP 	Display Frame 6
512.0958 	EXP 	Display Frame 7
512.1290 	EXP 	Display Frame 8
512.1624 	EXP 	Display Frame 9
512.1957 	EXP 	Display Frame 0
512.2291 	EXP 	Display Frame 1
512.2624 	EXP 	Display Frame 2
512.2957 	EXP 	Display Frame 3
512.3292 	EXP 	Display Frame 4
512.3624 	EXP 	Display Frame 5
512.3957 	EXP 	Display Frame 6
512.4291 	EXP 	Display Frame 7
512.4624 	EXP 	Display Frame 8
512.4957 	EXP 	Display Frame 9
512.5290 	EXP 	Display Frame 0
512.5623 	EXP 	Display Frame 1
512.5957 	EXP 	Display Frame 2
512.6290 	EXP 	Display Frame 3
512.6624 	EXP 	Display Frame 4
512.6957 	EXP 	Display Frame 5
512.7290 	EXP 	Display Frame 6
512.7624 	EXP 	Display Frame 7
512.7957 	EXP 	Display Frame 8
512.8291 	EXP 	Display Frame 9
512.8624 	EXP 	Display Frame 0
512.8956 	EXP 	Display Frame 1
512.9290 	EXP 	Display Frame 2
512.9624 	EXP 	Display Frame 3
512.9957 	EXP 	Display Frame 4
513.0290 	EXP 	Display Frame 5
513.0624 	EXP 	Display Frame 6
513.0957 	EXP 	Display Frame 7
513.1291 	EXP 	Display Frame 8
513.1624 	EXP 	Display Frame 9
513.1957 	EXP 	Display Frame 0
513.2290 	EXP 	Display Frame 1
513.2624 	EXP 	Display Frame 2
513.2957 	EXP 	Display Frame 3
513.3290 	EXP 	Display Frame 4
513.3624 	EXP 	Display Frame 5
513.3957 	EXP 	Display Frame 6
513.4290 	EXP 	Display Frame 7
513.4624 	EXP 	Display Frame 8
513.4957 	EXP 	Display Frame 9
513.5290 	EXP 	Display Frame 0
513.5624 	EXP 	Display Frame 1
513.5957 	EXP 	Display Frame 2
513.6290 	EXP 	Display Frame 3
513.6624 	EXP 	Display Frame 4
513.6957 	EXP 	Display Frame 5
513.7290 	EXP 	Display Frame 6
513.7624 	EXP 	Display Frame 7
513.7957 	EXP 	Display Frame 8
513.8290 	EXP 	Display Frame 9
513.8624 	EXP 	Display Frame 0
513.8956 	EXP 	Display Frame 1
513.9290 	EXP 	Display Frame 2
513.9624 	EXP 	Display Frame 3
513.9957 	EXP 	Display Frame 4
514.0290 	EXP 	Display Frame 5
514.0623 	EXP 	Display Frame 6
514.0957 	EXP 	Display Frame 7
514.1290 	EXP 	Display Frame 8
514.1624 	EXP 	Display Frame 9
514.1957 	EXP 	Display Frame 0
514.2290 	EXP 	Display Frame 1
514.2623 	EXP 	Display Frame 2
514.2957 	EXP 	Display Frame 3
514.3290 	EXP 	Display Frame 4
514.3623 	EXP 	Display Frame 5
514.3957 	EXP 	Display Frame 6
514.4290 	EXP 	Display Frame 7
514.4624 	EXP 	Display Frame 8
514.4957 	EXP 	Display Frame 9
514.5290 	EXP 	Display Frame 0
514.5624 	EXP 	Display Frame 1
514.5957 	EXP 	Display Frame 2
514.6290 	EXP 	Display Frame 3
514.6624 	EXP 	Display Frame 4
514.6957 	EXP 	Display Frame 5
514.7291 	EXP 	Display Frame 6
514.7624 	EXP 	Display Frame 7
514.7957 	EXP 	Display Frame 8
514.8290 	EXP 	Display Frame 9
514.8624 	EXP 	Display Frame 0
514.8956 	EXP 	Display Frame 1
514.9290 	EXP 	Display Frame 2
514.9624 	EXP 	Display Frame 3
514.9957 	EXP 	Display Frame 4
515.0290 	EXP 	Display Frame 5
515.0624 	EXP 	Display Frame 6
515.0957 	EXP 	Display Frame 7
515.1290 	EXP 	Display Frame 8
515.1624 	EXP 	Display Frame 9
515.1957 	EXP 	Display Frame 0
515.2290 	EXP 	Display Frame 1
515.2623 	EXP 	Display Frame 2
515.2957 	EXP 	Display Frame 3
515.3290 	EXP 	Display Frame 4
515.3623 	EXP 	Display Frame 5
515.3957 	EXP 	Display Frame 6
515.4291 	EXP 	Display Frame 7
515.4624 	EXP 	Display Frame 8
515.4957 	EXP 	Display Frame 9
515.5290 	EXP 	Display Frame 0
515.5624 	EXP 	Display Frame 1
515.5957 	EXP 	Display Frame 2
515.6290 	EXP 	Display Frame 3
515.6624 	EXP 	Display Frame 4
515.6957 	EXP 	Display Frame 5
515.7290 	EXP 	Display Frame 6
515.7623 	EXP 	Display Frame 7
515.7957 	EXP 	Display Frame 8
515.8290 	EXP 	Display Frame 9
515.8624 	EXP 	Display Frame 0
515.8956 	EXP 	Display Frame 1
515.9290 	EXP 	Display Frame 2
515.9624 	EXP 	Display Frame 3
515.9957 	EXP 	Display Frame 4
516.0290 	EXP 	Display Frame 5
516.0623 	EXP 	Display Frame 6
516.0957 	EXP 	Display Frame 7
516.1290 	EXP 	Display Frame 8
516.1624 	EXP 	Display Frame 9
516.1957 	EXP 	Display Frame 0
516.2290 	EXP 	Display Frame 1
516.2624 	EXP 	Display Frame 2
516.2957 	EXP 	Display Frame 3
516.3290 	EXP 	Display Frame 4
516.3623 	EXP 	Display Frame 5
516.3957 	EXP 	Display Frame 6
516.4290 	EXP 	Display Frame 7
516.4624 	EXP 	Display Frame 8
516.4957 	EXP 	Display Frame 9
516.5290 	EXP 	Display Frame 0
516.5624 	EXP 	Display Frame 1
516.5957 	EXP 	Display Frame 2
516.6290 	EXP 	Display Frame 3
516.6624 	EXP 	Display Frame 4
516.6957 	EXP 	Display Frame 5
516.7290 	EXP 	Display Frame 6
516.7623 	EXP 	Display Frame 7
516.7957 	EXP 	Display Frame 8
516.8290 	EXP 	Display Frame 9
516.8624 	EXP 	Display Frame 0
516.8956 	EXP 	Display Frame 1
516.9290 	EXP 	Display Frame 2
516.9624 	EXP 	Display Frame 3
516.9957 	EXP 	Display Frame 4
517.0290 	EXP 	Display Frame 5
517.0625 	DATA 	Keypress: equal
517.0635 	EXP 	Display Frame 6
517.0957 	EXP 	Display Frame 7
517.1290 	EXP 	Display Frame 8
517.1624 	EXP 	Display Frame 9
517.1957 	EXP 	Display Frame 0
517.2290 	EXP 	Display Frame 1
517.2623 	EXP 	Display Frame 2
517.2957 	EXP 	Display Frame 3
517.3290 	EXP 	Display Frame 4
517.3623 	EXP 	Display Frame 5
517.3957 	EXP 	Display Frame 6
517.4290 	EXP 	Display Frame 7
517.4624 	EXP 	Display Frame 8
517.4957 	EXP 	Display Frame 9
517.5290 	EXP 	Display Frame 0
517.5623 	EXP 	Display Frame 1
517.5957 	EXP 	Display Frame 2
517.6290 	EXP 	Display Frame 3
517.6623 	EXP 	Display Frame 4
517.6957 	EXP 	Display Frame 5
517.7290 	EXP 	Display Frame 6
517.7624 	EXP 	Display Frame 7
517.7957 	EXP 	Display Frame 8
517.8290 	EXP 	Display Frame 9
517.8623 	EXP 	Display Frame 0
517.8956 	EXP 	Display Frame 1
517.9290 	EXP 	Display Frame 2
517.9624 	EXP 	Display Frame 3
517.9957 	EXP 	Display Frame 4
518.0290 	EXP 	Display Frame 5
518.0624 	EXP 	Display Frame 6
518.0957 	EXP 	Display Frame 7
518.1291 	EXP 	Display Frame 8
518.1624 	EXP 	Display Frame 9
518.1957 	EXP 	Display Frame 0
518.2290 	EXP 	Display Frame 1
518.2624 	EXP 	Display Frame 2
518.2957 	EXP 	Display Frame 3
518.3290 	EXP 	Display Frame 4
518.3623 	EXP 	Display Frame 5
518.3957 	EXP 	Display Frame 6
518.4290 	EXP 	Display Frame 7
518.4624 	EXP 	Display Frame 8
518.4957 	EXP 	Display Frame 9
518.5290 	EXP 	Display Frame 0
518.5624 	EXP 	Display Frame 1
518.5957 	EXP 	Display Frame 2
518.6290 	EXP 	Display Frame 3
518.6625 	EXP 	Display Frame 4
518.6957 	EXP 	Display Frame 5
518.7290 	EXP 	Display Frame 6
518.7624 	EXP 	Display Frame 7
518.7957 	EXP 	Display Frame 8
518.8290 	EXP 	Display Frame 9
518.8623 	EXP 	Display Frame 0
518.8956 	EXP 	Display Frame 1
518.9290 	EXP 	Display Frame 2
518.9624 	EXP 	Display Frame 3
518.9957 	EXP 	Display Frame 4
519.0290 	EXP 	Display Frame 5
519.0624 	EXP 	Display Frame 6
519.0957 	EXP 	Display Frame 7
519.1290 	EXP 	Display Frame 8
519.1624 	EXP 	Display Frame 9
519.1957 	EXP 	Display Frame 0
519.2290 	EXP 	Display Frame 1
519.2624 	EXP 	Display Frame 2
519.2957 	EXP 	Display Frame 3
519.3290 	EXP 	Display Frame 4
519.3623 	EXP 	Display Frame 5
519.3957 	EXP 	Display Frame 6
519.4290 	EXP 	Display Frame 7
519.4624 	EXP 	Display Frame 8
519.4957 	EXP 	Display Frame 9
519.5290 	EXP 	Display Frame 0
519.5624 	EXP 	Display Frame 1
519.5957 	EXP 	Display Frame 2
519.6290 	EXP 	Display Frame 3
519.6624 	EXP 	Display Frame 4
519.6957 	EXP 	Display Frame 5
519.7290 	EXP 	Display Frame 6
519.7623 	EXP 	Display Frame 7
519.7957 	EXP 	Display Frame 8
519.8290 	EXP 	Display Frame 9
519.8624 	EXP 	Display Frame 0
519.8956 	EXP 	Display Frame 1
519.9290 	EXP 	Display Frame 2
519.9624 	EXP 	Display Frame 3
519.9957 	EXP 	Display Frame 4
520.0357 	EXP 	Display Frame 5
520.0624 	EXP 	Display Frame 6
520.0958 	EXP 	Display Frame 7
520.1290 	EXP 	Display Frame 8
520.1624 	EXP 	Display Frame 9
520.1957 	EXP 	Display Frame 0
520.2290 	EXP 	Display Frame 1
520.2624 	EXP 	Display Frame 2
520.2957 	EXP 	Display Frame 3
520.3290 	EXP 	Display Frame 4
520.3624 	EXP 	Display Frame 5
520.3957 	EXP 	Display Frame 6
520.4290 	EXP 	Display Frame 7
520.4624 	EXP 	Display Frame 8
520.4957 	EXP 	Display Frame 9
520.5290 	EXP 	Display Frame 0
520.5624 	EXP 	Display Frame 1
520.5957 	EXP 	Display Frame 2
520.6290 	EXP 	Display Frame 3
520.6623 	EXP 	Display Frame 4
520.6957 	EXP 	Display Frame 5
520.7290 	EXP 	Display Frame 6
520.7624 	EXP 	Display Frame 7
520.7957 	EXP 	Display Frame 8
520.8290 	EXP 	Display Frame 9
520.8624 	EXP 	Display Frame 0
520.8956 	EXP 	Display Frame 1
520.9290 	EXP 	Display Frame 2
520.9623 	EXP 	Display Frame 3
520.9957 	EXP 	Display Frame 4
521.0290 	EXP 	Display Frame 5
521.0624 	EXP 	Display Frame 6
521.0957 	EXP 	Display Frame 7
521.1290 	EXP 	Display Frame 8
521.1624 	EXP 	Display Frame 9
521.1957 	EXP 	Display Frame 0
521.2290 	EXP 	Display Frame 1
521.2624 	EXP 	Display Frame 2
521.2957 	EXP 	Display Frame 3
521.3290 	EXP 	Display Frame 4
521.3624 	EXP 	Display Frame 5
521.3957 	EXP 	Display Frame 6
521.4290 	EXP 	Display Frame 7
521.4624 	EXP 	Display Frame 8
521.4957 	EXP 	Display Frame 9
521.5290 	EXP 	Display Frame 0
521.5624 	EXP 	Display Frame 1
521.5957 	EXP 	Display Frame 2
521.6290 	EXP 	Display Frame 3
521.6623 	EXP 	Display Frame 4
521.6957 	EXP 	Display Frame 5
521.7290 	EXP 	Display Frame 6
521.7624 	EXP 	Display Frame 7
521.7957 	EXP 	Display Frame 8
521.8290 	EXP 	Display Frame 9
521.8624 	EXP 	Display Frame 0
521.8956 	EXP 	Display Frame 1
521.9290 	EXP 	Display Frame 2
521.9623 	EXP 	Display Frame 3
521.9957 	EXP 	Display Frame 4
522.0290 	EXP 	Display Frame 5
522.0624 	EXP 	Display Frame 6
522.0957 	EXP 	Display Frame 7
522.1290 	EXP 	Display Frame 8
522.1623 	EXP 	Display Frame 9
522.1957 	EXP 	Display Frame 0
522.2290 	EXP 	Display Frame 1
522.2625 	DATA 	Keypress: equal
522.2636 	EXP 	Display Frame 2
522.2957 	EXP 	Display Frame 3
522.3290 	EXP 	Display Frame 4
522.3624 	EXP 	Display Frame 5
522.3957 	EXP 	Display Frame 6
522.4291 	EXP 	Display Frame 7
522.4624 	EXP 	Display Frame 8
522.4957 	EXP 	Display Frame 9
522.5290 	EXP 	Display Frame 0
522.5623 	EXP 	Display Frame 1
522.5957 	EXP 	Display Frame 2
522.6290 	EXP 	Display Frame 3
522.6624 	EXP 	Display Frame 4
522.6957 	EXP 	Display Frame 5
522.7291 	EXP 	Display Frame 6
522.7624 	EXP 	Display Frame 7
522.7957 	EXP 	Display Frame 8
522.8290 	EXP 	Display Frame 9
522.8624 	EXP 	Display Frame 0
522.8956 	EXP 	Display Frame 1
522.9290 	EXP 	Display Frame 2
522.9624 	EXP 	Display Frame 3
522.9957 	EXP 	Display Frame 4
523.0290 	EXP 	Display Frame 5
523.0624 	EXP 	Display Frame 6
523.0957 	EXP 	Display Frame 7
523.1290 	EXP 	Display Frame 8
523.1624 	EXP 	Display Frame 9
523.1957 	EXP 	Display Frame 0
523.2290 	EXP 	Display Frame 1
523.2624 	EXP 	Display Frame 2
523.2957 	EXP 	Display Frame 3
523.3290 	EXP 	Display Frame 4
523.3624 	EXP 	Display Frame 5
523.3957 	EXP 	Display Frame 6
523.4290 	EXP 	Display Frame 7
523.4623 	EXP 	Display Frame 8
523.4957 	EXP 	Display Frame 9
523.5290 	EXP 	Display Frame 0
523.5624 	EXP 	Display Frame 1
523.5957 	EXP 	Display Frame 2
523.6290 	EXP 	Display Frame 3
523.6624 	EXP 	Display Frame 4
523.6957 	EXP 	Display Frame 5
523.7290 	EXP 	Display Frame 6
523.7624 	EXP 	Display Frame 7
523.7957 	EXP 	Display Frame 8
523.8290 	EXP 	Display Frame 9
523.8624 	EXP 	Display Frame 0
523.8956 	EXP 	Display Frame 1
523.9290 	EXP 	Display Frame 2
523.9624 	EXP 	Display Frame 3
523.9957 	EXP 	Display Frame 4
524.0290 	EXP 	Display Frame 5
524.0624 	EXP 	Display Frame 6
524.0957 	EXP 	Display Frame 7
524.1290 	EXP 	Display Frame 8
524.1623 	EXP 	Display Frame 9
524.1957 	EXP 	Display Frame 0
524.2290 	EXP 	Display Frame 1
524.2624 	EXP 	Display Frame 2
524.2957 	EXP 	Display Frame 3
524.3290 	EXP 	Display Frame 4
524.3623 	EXP 	Display Frame 5
524.3957 	EXP 	Display Frame 6
524.4290 	EXP 	Display Frame 7
524.4623 	EXP 	Display Frame 8
524.4957 	EXP 	Display Frame 9
524.5290 	EXP 	Display Frame 0
524.5624 	EXP 	Display Frame 1
524.5957 	EXP 	Display Frame 2
524.6290 	EXP 	Display Frame 3
524.6623 	EXP 	Display Frame 4
524.6957 	EXP 	Display Frame 5
524.7290 	EXP 	Display Frame 6
524.7624 	EXP 	Display Frame 7
524.7957 	EXP 	Display Frame 8
524.8290 	EXP 	Display Frame 9
524.8624 	EXP 	Display Frame 0
524.8956 	EXP 	Display Frame 1
524.9290 	EXP 	Display Frame 2
524.9623 	EXP 	Display Frame 3
524.9957 	EXP 	Display Frame 4
525.0292 	EXP 	Display Frame 5
525.0624 	EXP 	Display Frame 6
525.0957 	EXP 	Display Frame 7
525.1290 	EXP 	Display Frame 8
525.1624 	EXP 	Display Frame 9
525.1957 	EXP 	Display Frame 0
525.2291 	EXP 	Display Frame 1
525.2624 	EXP 	Display Frame 2
525.2957 	EXP 	Display Frame 3
525.3290 	EXP 	Display Frame 4
525.3623 	EXP 	Display Frame 5
525.3958 	EXP 	Display Frame 6
525.4291 	EXP 	Display Frame 7
525.4624 	EXP 	Display Frame 8
525.4957 	EXP 	Display Frame 9
525.5290 	EXP 	Display Frame 0
525.5623 	EXP 	Display Frame 1
525.5957 	EXP 	Display Frame 2
525.6290 	EXP 	Display Frame 3
525.6624 	EXP 	Display Frame 4
525.6957 	EXP 	Display Frame 5
525.7290 	EXP 	Display Frame 6
525.7624 	EXP 	Display Frame 7
525.7957 	EXP 	Display Frame 8
525.8290 	EXP 	Display Frame 9
525.8623 	EXP 	Display Frame 0
525.8956 	EXP 	Display Frame 1
525.9290 	EXP 	Display Frame 2
525.9623 	EXP 	Display Frame 3
525.9957 	EXP 	Display Frame 4
526.0290 	EXP 	Display Frame 5
526.0624 	EXP 	Display Frame 6
526.0957 	EXP 	Display Frame 7
526.1290 	EXP 	Display Frame 8
526.1623 	EXP 	Display Frame 9
526.1957 	EXP 	Display Frame 0
526.2290 	EXP 	Display Frame 1
526.2623 	EXP 	Display Frame 2
526.2957 	EXP 	Display Frame 3
526.3290 	EXP 	Display Frame 4
526.3624 	EXP 	Display Frame 5
526.3957 	EXP 	Display Frame 6
526.4291 	EXP 	Display Frame 7
526.4623 	EXP 	Display Frame 8
526.4957 	EXP 	Display Frame 9
526.5290 	EXP 	Display Frame 0
526.5623 	EXP 	Display Frame 1
526.5957 	EXP 	Display Frame 2
526.6290 	EXP 	Display Frame 3
526.6624 	EXP 	Display Frame 4
526.6957 	EXP 	Display Frame 5
526.7290 	EXP 	Display Frame 6
526.7624 	EXP 	Display Frame 7
526.7957 	EXP 	Display Frame 8
526.8290 	EXP 	Display Frame 9
526.8623 	EXP 	Display Frame 0
526.8956 	EXP 	Display Frame 1
526.9290 	EXP 	Display Frame 2
526.9624 	EXP 	Display Frame 3
526.9957 	EXP 	Display Frame 4
527.0290 	EXP 	Display Frame 5
527.0624 	EXP 	Display Frame 6
527.0957 	EXP 	Display Frame 7
527.1290 	EXP 	Display Frame 8
527.1623 	EXP 	Display Frame 9
527.1957 	EXP 	Display Frame 0
527.2290 	EXP 	Display Frame 1
527.2624 	EXP 	Display Frame 2
527.2957 	EXP 	Display Frame 3
527.3290 	EXP 	Display Frame 4
527.3624 	EXP 	Display Frame 5
527.3957 	EXP 	Display Frame 6
527.4290 	EXP 	Display Frame 7
527.4625 	DATA 	Keypress: equal
527.4635 	EXP 	Display Frame 8
527.4957 	EXP 	Display Frame 9
527.5290 	EXP 	Display Frame 0
527.5624 	EXP 	Display Frame 1
527.5957 	EXP 	Display Frame 2
527.6290 	EXP 	Display Frame 3
527.6624 	EXP 	Display Frame 4
527.6957 	EXP 	Display Frame 5
527.7291 	EXP 	Display Frame 6
527.7624 	EXP 	Display Frame 7
527.7957 	EXP 	Display Frame 8
527.8290 	EXP 	Display Frame 9
527.8624 	EXP 	Display Frame 0
527.8956 	EXP 	Display Frame 1
527.9290 	EXP 	Display Frame 2
527.9624 	EXP 	Display Frame 3
527.9957 	EXP 	Display Frame 4
528.0290 	EXP 	Display Frame 5
528.0624 	EXP 	Display Frame 6
528.0957 	EXP 	Display Frame 7
528.1290 	EXP 	Display Frame 8
528.1624 	EXP 	Display Frame 9
528.1957 	EXP 	Display Frame 0
528.2290 	EXP 	Display Frame 1
528.2624 	EXP 	Display Frame 2
528.2957 	EXP 	Display Frame 3
528.3290 	EXP 	Display Frame 4
528.3623 	EXP 	Display Frame 5
528.3957 	EXP 	Display Frame 6
528.4290 	EXP 	Display Frame 7
528.4623 	EXP 	Display Frame 8
528.4957 	EXP 	Display Frame 9
528.5290 	EXP 	Display Frame 0
528.5624 	EXP 	Display Frame 1
528.5957 	EXP 	Display Frame 2
528.6290 	EXP 	Display Frame 3
528.6624 	EXP 	Display Frame 4
528.6957 	EXP 	Display Frame 5
528.7290 	EXP 	Display Frame 6
528.7635 	EXP 	Display Frame 7
528.7957 	EXP 	Display Frame 8
528.8290 	EXP 	Display Frame 9
528.8624 	EXP 	Display Frame 0
528.8956 	EXP 	Display Frame 1
528.9290 	EXP 	Display Frame 2
528.9623 	EXP 	Display Frame 3
528.9957 	EXP 	Display Frame 4
529.0290 	EXP 	Display Frame 5
529.0624 	EXP 	Display Frame 6
529.0957 	EXP 	Display Frame 7
529.1290 	EXP 	Display Frame 8
529.1623 	EXP 	Display Frame 9
529.1957 	EXP 	Display Frame 0
529.2290 	EXP 	Display Frame 1
529.2624 	EXP 	Display Frame 2
529.2957 	EXP 	Display Frame 3
529.3290 	EXP 	Display Frame 4
529.3624 	EXP 	Display Frame 5
529.3957 	EXP 	Display Frame 6
529.4290 	EXP 	Display Frame 7
529.4623 	EXP 	Display Frame 8
529.4957 	EXP 	Display Frame 9
529.5290 	EXP 	Display Frame 0
529.5624 	EXP 	Display Frame 1
529.5957 	EXP 	Display Frame 2
529.6290 	EXP 	Display Frame 3
529.6624 	EXP 	Display Frame 4
529.6957 	EXP 	Display Frame 5
529.7290 	EXP 	Display Frame 6
529.7624 	EXP 	Display Frame 7
529.7957 	EXP 	Display Frame 8
529.8290 	EXP 	Display Frame 9
529.8623 	EXP 	Display Frame 0
529.8956 	EXP 	Display Frame 1
529.9290 	EXP 	Display Frame 2
529.9624 	EXP 	Display Frame 3
529.9957 	EXP 	Display Frame 4
530.0290 	EXP 	Display Frame 5
530.0624 	EXP 	Display Frame 6
530.0957 	EXP 	Display Frame 7
530.1290 	EXP 	Display Frame 8
530.1623 	EXP 	Display Frame 9
530.1957 	EXP 	Display Frame 0
530.2290 	EXP 	Display Frame 1
530.2624 	EXP 	Display Frame 2
530.2957 	EXP 	Display Frame 3
530.3290 	EXP 	Display Frame 4
530.3624 	EXP 	Display Frame 5
530.3957 	EXP 	Display Frame 6
530.4290 	EXP 	Display Frame 7
530.4623 	EXP 	Display Frame 8
530.4957 	EXP 	Display Frame 9
530.5290 	EXP 	Display Frame 0
530.5624 	EXP 	Display Frame 1
530.5957 	EXP 	Display Frame 2
530.6290 	EXP 	Display Frame 3
530.6624 	EXP 	Display Frame 4
530.6957 	EXP 	Display Frame 5
530.7291 	EXP 	Display Frame 6
530.7624 	EXP 	Display Frame 7
530.7957 	EXP 	Display Frame 8
530.8290 	EXP 	Display Frame 9
530.8623 	EXP 	Display Frame 0
530.8956 	EXP 	Display Frame 1
530.9290 	EXP 	Display Frame 2
530.9624 	EXP 	Display Frame 3
530.9957 	EXP 	Display Frame 4
531.0290 	EXP 	Display Frame 5
531.0623 	EXP 	Display Frame 6
531.0957 	EXP 	Display Frame 7
531.1290 	EXP 	Display Frame 8
531.1624 	EXP 	Display Frame 9
531.1957 	EXP 	Display Frame 0
531.2290 	EXP 	Display Frame 1
531.2623 	EXP 	Display Frame 2
531.2957 	EXP 	Display Frame 3
531.3290 	EXP 	Display Frame 4
531.3626 	EXP 	Display Frame 5
531.3957 	EXP 	Display Frame 6
531.4291 	EXP 	Display Frame 7
531.4624 	EXP 	Display Frame 8
531.4957 	EXP 	Display Frame 9
531.5291 	EXP 	Display Frame 0
531.5624 	EXP 	Display Frame 1
531.5957 	EXP 	Display Frame 2
531.6290 	EXP 	Display Frame 3
531.6624 	EXP 	Display Frame 4
531.6957 	EXP 	Display Frame 5
531.7290 	EXP 	Display Frame 6
531.7624 	EXP 	Display Frame 7
531.7957 	EXP 	Display Frame 8
531.8290 	EXP 	Display Frame 9
531.8623 	EXP 	Display Frame 0
531.8956 	EXP 	Display Frame 1
531.9290 	EXP 	Display Frame 2
531.9624 	EXP 	Display Frame 3
531.9957 	EXP 	Display Frame 4
532.0290 	EXP 	Display Frame 5
532.0624 	EXP 	Display Frame 6
532.0957 	EXP 	Display Frame 7
532.1290 	EXP 	Display Frame 8
532.1623 	EXP 	Display Frame 9
532.1957 	EXP 	Display Frame 0
532.2290 	EXP 	Display Frame 1
532.2624 	EXP 	Display Frame 2
532.2957 	EXP 	Display Frame 3
532.3290 	EXP 	Display Frame 4
532.3624 	EXP 	Display Frame 5
532.3957 	EXP 	Display Frame 6
532.4291 	EXP 	Display Frame 7
532.4623 	EXP 	Display Frame 8
532.4957 	EXP 	Display Frame 9
532.5290 	EXP 	Display Frame 0
532.5624 	EXP 	Display Frame 1
532.5957 	EXP 	Display Frame 2
532.6290 	EXP 	Display Frame 3
532.6625 	DATA 	Keypress: equal
532.6635 	EXP 	Display Frame 4
532.6957 	EXP 	Display Frame 5
532.7290 	EXP 	Display Frame 6
532.7623 	EXP 	Display Frame 7
532.7957 	EXP 	Display Frame 8
532.8290 	EXP 	Display Frame 9
532.8624 	EXP 	Display Frame 0
532.8956 	EXP 	Display Frame 1
532.9290 	EXP 	Display Frame 2
532.9624 	EXP 	Display Frame 3
532.9957 	EXP 	Display Frame 4
533.0290 	EXP 	Display Frame 5
533.0624 	EXP 	Display Frame 6
533.0957 	EXP 	Display Frame 7
533.1290 	EXP 	Display Frame 8
533.1624 	EXP 	Display Frame 9
533.1957 	EXP 	Display Frame 0
533.2290 	EXP 	Display Frame 1
533.2624 	EXP 	Display Frame 2
533.2957 	EXP 	Display Frame 3
533.3290 	EXP 	Display Frame 4
533.3624 	EXP 	Display Frame 5
533.3957 	EXP 	Display Frame 6
533.4291 	EXP 	Display Frame 7
533.4623 	EXP 	Display Frame 8
533.4957 	EXP 	Display Frame 9
533.5290 	EXP 	Display Frame 0
533.5624 	EXP 	Display Frame 1
533.5957 	EXP 	Display Frame 2
533.6290 	EXP 	Display Frame 3
533.6624 	EXP 	Display Frame 4
533.6957 	EXP 	Display Frame 5
533.7290 	EXP 	Display Frame 6
533.7624 	EXP 	Display Frame 7
533.7957 	EXP 	Display Frame 8
533.8290 	EXP 	Display Frame 9
533.8624 	EXP 	Display Frame 0
533.8956 	EXP 	Display Frame 1
533.9290 	EXP 	Display Frame 2
533.9624 	EXP 	Display Frame 3
533.9957 	EXP 	Display Frame 4
534.0290 	EXP 	Display Frame 5
534.0624 	EXP 	Display Frame 6
534.0957 	EXP 	Display Frame 7
534.1290 	EXP 	Display Frame 8
534.1624 	EXP 	Display Frame 9
534.1957 	EXP 	Display Frame 0
534.2290 	EXP 	Display Frame 1
534.2624 	EXP 	Display Frame 2
534.2957 	EXP 	Display Frame 3
534.3290 	EXP 	Display Frame 4
534.3624 	EXP 	Display Frame 5
534.3957 	EXP 	Display Frame 6
534.4290 	EXP 	Display Frame 7
534.4623 	EXP 	Display Frame 8
534.4957 	EXP 	Display Frame 9
534.5290 	EXP 	Display Frame 0
534.5624 	EXP 	Display Frame 1
534.5957 	EXP 	Display Frame 2
534.6290 	EXP 	Display Frame 3
534.6624 	EXP 	Display Frame 4
534.6957 	EXP 	Display Frame 5
534.7290 	EXP 	Display Frame 6
534.7624 	EXP 	Display Frame 7
534.7957 	EXP 	Display Frame 8
534.8290 	EXP 	Display Frame 9
534.8624 	EXP 	Display Frame 0
534.8956 	EXP 	Display Frame 1
534.9290 	EXP 	Display Frame 2
534.9624 	EXP 	Display Frame 3
534.9957 	EXP 	Display Frame 4
535.0290 	EXP 	Display Frame 5
535.0624 	EXP 	Display Frame 6
535.0957 	EXP 	Display Frame 7
535.1290 	EXP 	Display Frame 8
535.1624 	EXP 	Display Frame 9
535.1957 	EXP 	Display Frame 0
535.2290 	EXP 	Display Frame 1
535.2624 	EXP 	Display Frame 2
535.2957 	EXP 	Display Frame 3
535.3290 	EXP 	Display Frame 4
535.3624 	EXP 	Display Frame 5
535.3957 	EXP 	Display Frame 6
535.4290 	EXP 	Display Frame 7
535.4624 	EXP 	Display Frame 8
535.4957 	EXP 	Display Frame 9
535.5291 	EXP 	Display Frame 0
535.5624 	EXP 	Display Frame 1
535.5957 	EXP 	Display Frame 2
535.6290 	EXP 	Display Frame 3
535.6624 	EXP 	Display Frame 4
535.6957 	EXP 	Display Frame 5
535.7290 	EXP 	Display Frame 6
535.7624 	EXP 	Display Frame 7
535.7957 	EXP 	Display Frame 8
535.8290 	EXP 	Display Frame 9
535.8623 	EXP 	Display Frame 0
535.8956 	EXP 	Display Frame 1
535.9290 	EXP 	Display Frame 2
535.9624 	EXP 	Display Frame 3
535.9957 	EXP 	Display Frame 4
536.0290 	EXP 	Display Frame 5
536.0626 	EXP 	Display Frame 6
536.0958 	EXP 	Display Frame 7
536.1290 	EXP 	Display Frame 8
536.1624 	EXP 	Display Frame 9
536.1957 	EXP 	Display Frame 0
536.2290 	EXP 	Display Frame 1
536.2623 	EXP 	Display Frame 2
536.2957 	EXP 	Display Frame 3
536.3290 	EXP 	Display Frame 4
536.3624 	EXP 	Display Frame 5
536.3957 	EXP 	Display Frame 6
536.4290 	EXP 	Display Frame 7
536.4623 	EXP 	Display Frame 8
536.4957 	EXP 	Display Frame 9
536.5290 	EXP 	Display Frame 0
536.5624 	EXP 	Display Frame 1
536.5957 	EXP 	Display Frame 2
536.6290 	EXP 	Display Frame 3
536.6623 	EXP 	Display Frame 4
536.6957 	EXP 	Display Frame 5
536.7290 	EXP 	Display Frame 6
536.7623 	EXP 	Display Frame 7
536.7957 	EXP 	Display Frame 8
536.8290 	EXP 	Display Frame 9
536.8624 	EXP 	Display Frame 0
536.8956 	EXP 	Display Frame 1
536.9290 	EXP 	Display Frame 2
536.9624 	EXP 	Display Frame 3
536.9957 	EXP 	Display Frame 4
537.0290 	EXP 	Display Frame 5
537.0624 	EXP 	Display Frame 6
537.0957 	EXP 	Display Frame 7
537.1290 	EXP 	Display Frame 8
537.1624 	EXP 	Display Frame 9
537.1957 	EXP 	Display Frame 0
537.2290 	EXP 	Display Frame 1
537.2623 	EXP 	Display Frame 2
537.2957 	EXP 	Display Frame 3
537.3290 	EXP 	Display Frame 4
537.3624 	EXP 	Display Frame 5
537.3957 	EXP 	Display Frame 6
537.4290 	EXP 	Display Frame 7
537.4624 	EXP 	Display Frame 8
537.4957 	EXP 	Display Frame 9
537.5290 	EXP 	Display Frame 0
537.5624 	EXP 	Display Frame 1
537.5957 	EXP 	Display Frame 2
537.6290 	EXP 	Display Frame 3
537.6623 	EXP 	Display Frame 4
537.6957 	EXP 	Display Frame 5
537.7293 	EXP 	Display Frame 6
537.7624 	EXP 	Display Frame 7
537.7957 	EXP 	Display Frame 8
537.8291 	EXP 	Display Frame 9
537.8299 	DATA 	Keypress: equal
537.8624 	EXP 	Display Frame 0
537.8957 	EXP 	Display Frame 1
537.9290 	EXP 	Display Frame 2
537.9624 	EXP 	Display Frame 3
537.9957 	EXP 	Display Frame 4
538.0290 	EXP 	Display Frame 5
538.0624 	EXP 	Display Frame 6
538.0957 	EXP 	Display Frame 7
538.1290 	EXP 	Display Frame 8
538.1623 	EXP 	Display Frame 9
538.1957 	EXP 	Display Frame 0
538.2290 	EXP 	Display Frame 1
538.2623 	EXP 	Display Frame 2
538.2957 	EXP 	Display Frame 3
538.3290 	EXP 	Display Frame 4
538.3624 	EXP 	Display Frame 5
538.3957 	EXP 	Display Frame 6
538.4290 	EXP 	Display Frame 7
538.4623 	EXP 	Display Frame 8
538.4957 	EXP 	Display Frame 9
538.5290 	EXP 	Display Frame 0
538.5624 	EXP 	Display Frame 1
538.5957 	EXP 	Display Frame 2
538.6290 	EXP 	Display Frame 3
538.6623 	EXP 	Display Frame 4
538.6957 	EXP 	Display Frame 5
538.7290 	EXP 	Display Frame 6
538.7623 	EXP 	Display Frame 7
538.7957 	EXP 	Display Frame 8
538.8290 	EXP 	Display Frame 9
538.8623 	EXP 	Display Frame 0
538.8956 	EXP 	Display Frame 1
538.9290 	EXP 	Display Frame 2
538.9624 	EXP 	Display Frame 3
538.9957 	EXP 	Display Frame 4
539.0290 	EXP 	Display Frame 5
539.0624 	EXP 	Display Frame 6
539.0957 	EXP 	Display Frame 7
539.1290 	EXP 	Display Frame 8
539.1623 	EXP 	Display Frame 9
539.1957 	EXP 	Display Frame 0
539.2290 	EXP 	Display Frame 1
539.2624 	EXP 	Display Frame 2
539.2957 	EXP 	Display Frame 3
539.3290 	EXP 	Display Frame 4
539.3624 	EXP 	Display Frame 5
539.3957 	EXP 	Display Frame 6
539.4290 	EXP 	Display Frame 7
539.4623 	EXP 	Display Frame 8
539.4957 	EXP 	Display Frame 9
539.5290 	EXP 	Display Frame 0
539.5624 	EXP 	Display Frame 1
539.5957 	EXP 	Display Frame 2
539.6290 	EXP 	Display Frame 3
539.6624 	EXP 	Display Frame 4
539.6957 	EXP 	Display Frame 5
539.7290 	EXP 	Display Frame 6
539.7623 	EXP 	Display Frame 7
539.7957 	EXP 	Display Frame 8
539.8290 	EXP 	Display Frame 9
539.8624 	EXP 	Display Frame 0
539.8956 	EXP 	Display Frame 1
539.9290 	EXP 	Display Frame 2
539.9624 	EXP 	Display Frame 3
539.9957 	EXP 	Display Frame 4
540.0290 	EXP 	Display Frame 5
540.0623 	EXP 	Display Frame 6
540.0957 	EXP 	Display Frame 7
540.1290 	EXP 	Display Frame 8
540.1624 	EXP 	Display Frame 9
540.1957 	EXP 	Display Frame 0
540.2290 	EXP 	Display Frame 1
540.2624 	EXP 	Display Frame 2
540.2957 	EXP 	Display Frame 3
540.3290 	EXP 	Display Frame 4
540.3624 	EXP 	Display Frame 5
540.3957 	EXP 	Display Frame 6
540.4290 	EXP 	Display Frame 7
540.4623 	EXP 	Display Frame 8
540.4957 	EXP 	Display Frame 9
540.5290 	EXP 	Display Frame 0
540.5624 	EXP 	Display Frame 1
540.5957 	EXP 	Display Frame 2
540.6290 	EXP 	Display Frame 3
540.6624 	EXP 	Display Frame 4
540.6957 	EXP 	Display Frame 5
540.7290 	EXP 	Display Frame 6
540.7624 	EXP 	Display Frame 7
540.7957 	EXP 	Display Frame 8
540.8290 	EXP 	Display Frame 9
540.8624 	EXP 	Display Frame 0
540.8956 	EXP 	Display Frame 1
540.9291 	EXP 	Display Frame 2
540.9623 	EXP 	Display Frame 3
540.9957 	EXP 	Display Frame 4
541.0290 	EXP 	Display Frame 5
541.0623 	EXP 	Display Frame 6
541.0957 	EXP 	Display Frame 7
541.1290 	EXP 	Display Frame 8
541.1624 	EXP 	Display Frame 9
541.1957 	EXP 	Display Frame 0
541.2290 	EXP 	Display Frame 1
541.2624 	EXP 	Display Frame 2
541.2957 	EXP 	Display Frame 3
541.3290 	EXP 	Display Frame 4
541.3624 	EXP 	Display Frame 5
541.3959 	EXP 	Display Frame 6
541.4292 	EXP 	Display Frame 7
541.4627 	EXP 	Display Frame 8
541.4958 	EXP 	Display Frame 9
541.5291 	EXP 	Display Frame 0
541.5624 	EXP 	Display Frame 1
541.5958 	EXP 	Display Frame 2
541.6290 	EXP 	Display Frame 3
541.6624 	EXP 	Display Frame 4
541.6960 	EXP 	Display Frame 5
541.7293 	EXP 	Display Frame 6
541.7624 	EXP 	Display Frame 7
541.7959 	EXP 	Display Frame 8
541.8290 	EXP 	Display Frame 9
541.8626 	EXP 	Display Frame 0
541.8957 	EXP 	Display Frame 1
541.9290 	EXP 	Display Frame 2
541.9625 	EXP 	Display Frame 3
541.9957 	EXP 	Display Frame 4
542.0291 	EXP 	Display Frame 5
542.0624 	EXP 	Display Frame 6
542.0957 	EXP 	Display Frame 7
542.1290 	EXP 	Display Frame 8
542.1623 	EXP 	Display Frame 9
542.1957 	EXP 	Display Frame 0
542.2290 	EXP 	Display Frame 1
542.2624 	EXP 	Display Frame 2
542.2957 	EXP 	Display Frame 3
542.3290 	EXP 	Display Frame 4
542.3624 	EXP 	Display Frame 5
542.3957 	EXP 	Display Frame 6
542.4290 	EXP 	Display Frame 7
542.4623 	EXP 	Display Frame 8
542.4957 	EXP 	Display Frame 9
542.5290 	EXP 	Display Frame 0
542.5624 	EXP 	Display Frame 1
542.5957 	EXP 	Display Frame 2
542.6290 	EXP 	Display Frame 3
542.6623 	EXP 	Display Frame 4
542.6957 	EXP 	Display Frame 5
542.7290 	EXP 	Display Frame 6
542.7623 	EXP 	Display Frame 7
542.7957 	EXP 	Display Frame 8
542.8290 	EXP 	Display Frame 9
542.8624 	EXP 	Display Frame 0
542.8956 	EXP 	Display Frame 1
542.9290 	EXP 	Display Frame 2
542.9624 	EXP 	Display Frame 3
542.9957 	EXP 	Display Frame 4
543.0291 	DATA 	Keypress: equal
543.0302 	EXP 	Display Frame 5
543.0376 	EXP 	Display Fixation
548.2168 	DATA 	Keypress: equal
553.4108 	DATA 	Keypress: equal
558.6040 	DATA 	Keypress: equal
563.7978 	DATA 	Keypress: equal
568.9908 	DATA 	Keypress: equal
574.1848 	DATA 	Keypress: equal
574.2192 	EXP 	Display Frame 1
574.2525 	EXP 	Display Frame 2
574.2858 	EXP 	Display Frame 3
574.3192 	EXP 	Display Frame 4
574.3525 	EXP 	Display Frame 5
574.3858 	EXP 	Display Frame 6
574.4191 	EXP 	Display Frame 7
574.4525 	EXP 	Display Frame 8
574.4858 	EXP 	Display Frame 9
574.5192 	EXP 	Display Frame 0
574.5525 	EXP 	Display Frame 1
574.5858 	EXP 	Display Frame 2
574.6191 	EXP 	Display Frame 3
574.6525 	EXP 	Display Frame 4
574.6858 	EXP 	Display Frame 5
574.7191 	EXP 	Display Frame 6
574.7525 	EXP 	Display Frame 7
574.7858 	EXP 	Display Frame 8
574.8191 	EXP 	Display Frame 9
574.8525 	EXP 	Display Frame 0
574.8858 	EXP 	Display Frame 1
574.9191 	EXP 	Display Frame 2
574.9525 	EXP 	Display Frame 3
574.9858 	EXP 	Display Frame 4
575.0191 	EXP 	Display Frame 5
575.0525 	EXP 	Display Frame 6
575.0858 	EXP 	Display Frame 7
575.1191 	EXP 	Display Frame 8
575.1525 	EXP 	Display Frame 9
575.1858 	EXP 	Display Frame 0
575.2194 	EXP 	Display Frame 1
575.2525 	EXP 	Display Frame 2
575.2858 	EXP 	Display Frame 3
575.3192 	EXP 	Display Frame 4
575.3525 	EXP 	Display Frame 5
575.3858 	EXP 	Display Frame 6
575.4191 	EXP 	Display Frame 7
575.4525 	EXP 	Display Frame 8
575.4858 	EXP 	Display Frame 9
575.5191 	EXP 	Display Frame 0
575.5525 	EXP 	Display Frame 1
575.5858 	EXP 	Display Frame 2
575.6191 	EXP 	Display Frame 3
575.6525 	EXP 	Display Frame 4
575.6858 	EXP 	Display Frame 5
575.7191 	EXP 	Display Frame 6
575.7525 	EXP 	Display Frame 7
575.7858 	EXP 	Display Frame 8
575.8191 	EXP 	Display Frame 9
575.8525 	EXP 	Display Frame 0
575.8858 	EXP 	Display Frame 1
575.9191 	EXP 	Display Frame 2
575.9524 	EXP 	Display Frame 3
575.9858 	EXP 	Display Frame 4
576.0191 	EXP 	Display Frame 5
576.0525 	EXP 	Display Frame 6
576.0858 	EXP 	Display Frame 7
576.1191 	EXP 	Display Frame 8
576.1524 	EXP 	Display Frame 9
576.1858 	EXP 	Display Frame 0
576.2191 	EXP 	Display Frame 1
576.2525 	EXP 	Display Frame 2
576.2858 	EXP 	Display Frame 3
576.3191 	EXP 	Display Frame 4
576.3525 	EXP 	Display Frame 5
576.3858 	EXP 	Display Frame 6
576.4191 	EXP 	Display Frame 7
576.4524 	EXP 	Display Frame 8
576.4858 	EXP 	Display Frame 9
576.5191 	EXP 	Display Frame 0
576.5524 	EXP 	Display Frame 1
576.5858 	EXP 	Display Frame 2
576.6191 	EXP 	Display Frame 3
576.6525 	EXP 	Display Frame 4
576.6858 	EXP 	Display Frame 5
576.7191 	EXP 	Display Frame 6
576.7524 	EXP 	Display Frame 7
576.7858 	EXP 	Display Frame 8
576.8191 	EXP 	Display Frame 9
576.8525 	EXP 	Display Frame 0
576.8858 	EXP 	Display Frame 1
576.9191 	EXP 	Display Frame 2
576.9525 	EXP 	Display Frame 3
576.9858 	EXP 	Display Frame 4
577.0191 	EXP 	Display Frame 5
577.0525 	EXP 	Display Frame 6
577.0858 	EXP 	Display Frame 7
577.1191 	EXP 	Display Frame 8
577.1525 	EXP 	Display Frame 9
577.1858 	EXP 	Display Frame 0
577.2191 	EXP 	Display Frame 1
577.2525 	EXP 	Display Frame 2
577.2858 	EXP 	Display Frame 3
577.3191 	EXP 	Display Frame 4
577.3524 	EXP 	Display Frame 5
577.3858 	EXP 	Display Frame 6
577.4191 	EXP 	Display Frame 7
577.4524 	EXP 	Display Frame 8
577.4858 	EXP 	Display Frame 9
577.5191 	EXP 	Display Frame 0
577.5525 	EXP 	Display Frame 1
577.5858 	EXP 	Display Frame 2
577.6191 	EXP 	Display Frame 3
577.6524 	EXP 	Display Frame 4
577.6858 	EXP 	Display Frame 5
577.7191 	EXP 	Display Frame 6
577.7524 	EXP 	Display Frame 7
577.7858 	EXP 	Display Frame 8
577.8191 	EXP 	Display Frame 9
577.8524 	EXP 	Display Frame 0
577.8858 	EXP 	Display Frame 1
577.9191 	EXP 	Display Frame 2
577.9524 	EXP 	Display Frame 3
577.9858 	EXP 	Display Frame 4
578.0191 	EXP 	Display Frame 5
578.0525 	EXP 	Display Frame 6
578.0858 	EXP 	Display Frame 7
578.1191 	EXP 	Display Frame 8
578.1525 	EXP 	Display Frame 9
578.1858 	EXP 	Display Frame 0
578.2191 	EXP 	Display Frame 1
578.2524 	EXP 	Display Frame 2
578.2858 	EXP 	Display Frame 3
578.3191 	EXP 	Display Frame 4
578.3525 	EXP 	Display Frame 5
578.3858 	EXP 	Display Frame 6
578.4191 	EXP 	Display Frame 7
578.4525 	EXP 	Display Frame 8
578.4858 	EXP 	Display Frame 9
578.5191 	EXP 	Display Frame 0
578.5525 	EXP 	Display Frame 1
578.5858 	EXP 	Display Frame 2
578.6191 	EXP 	Display Frame 3
578.6524 	EXP 	Display Frame 4
578.6859 	EXP 	Display Frame 5
578.7192 	EXP 	Display Frame 6
578.7525 	EXP 	Display Frame 7
578.7858 	EXP 	Display Frame 8
578.8191 	EXP 	Display Frame 9
578.8524 	EXP 	Display Frame 0
578.8858 	EXP 	Display Frame 1
578.9191 	EXP 	Display Frame 2
578.9525 	EXP 	Display Frame 3
578.9858 	EXP 	Display Frame 4
579.0191 	EXP 	Display Frame 5
579.0525 	EXP 	Display Frame 6
579.0858 	EXP 	Display Frame 7
579.1191 	EXP 	Display Frame 8
579.1524 	EXP 	Display Frame 9
579.1858 	EXP 	Display Frame 0
579.2191 	EXP 	Display Frame 1
579.2525 	EXP 	Display Frame 2
579.2858 	EXP 	Display Frame 3
579.3191 	EXP 	Display Frame 4
579.3525 	EXP 	Display Frame 5
579.3859 	DATA 	Keypress: equal
579.3871 	EXP 	Display Frame 6
579.4191 	EXP 	Display Frame 7
579.4525 	EXP 	Display Frame 8
579.4858 	EXP 	Display Frame 9
579.5191 	EXP 	Display Frame 0
579.5525 	EXP 	Display Frame 1
579.5858 	EXP 	Display Frame 2
579.6191 	EXP 	Display Frame 3
579.6525 	EXP 	Display Frame 4
579.6858 	EXP 	Display Frame 5
579.7191 	EXP 	Display Frame 6
579.7524 	EXP 	Display Frame 7
579.7858 	EXP 	Display Frame 8
579.8191 	EXP 	Display Frame 9
579.8525 	EXP 	Display Frame 0
579.8858 	EXP 	Display Frame 1
579.9191 	EXP 	Display Frame 2
579.9525 	EXP 	Display Frame 3
579.9858 	EXP 	Display Frame 4
580.0287 	EXP 	Display Frame 5
580.0524 	EXP 	Display Frame 6
580.0858 	EXP 	Display Frame 7
580.1191 	EXP 	Display Frame 8
580.1525 	EXP 	Display Frame 9
580.1858 	EXP 	Display Frame 0
580.2191 	EXP 	Display Frame 1
580.2525 	EXP 	Display Frame 2
580.2858 	EXP 	Display Frame 3
580.3191 	EXP 	Display Frame 4
580.3525 	EXP 	Display Frame 5
580.3858 	EXP 	Display Frame 6
580.4191 	EXP 	Display Frame 7
580.4525 	EXP 	Display Frame 8
580.4858 	EXP 	Display Frame 9
580.5191 	EXP 	Display Frame 0
580.5525 	EXP 	Display Frame 1
580.5858 	EXP 	Display Frame 2
580.6191 	EXP 	Display Frame 3
580.6525 	EXP 	Display Frame 4
580.6858 	EXP 	Display Frame 5
580.7191 	EXP 	Display Frame 6
580.7524 	EXP 	Display Frame 7
580.7858 	EXP 	Display Frame 8
580.8191 	EXP 	Display Frame 9
580.8525 	EXP 	Display Frame 0
580.8858 	EXP 	Display Frame 1
580.9191 	EXP 	Display Frame 2
580.9524 	EXP 	Display Frame 3
580.9858 	EXP 	Display Frame 4
581.0191 	EXP 	Display Frame 5
581.0524 	EXP 	Display Frame 6
581.0858 	EXP 	Display Frame 7
581.1191 	EXP 	Display Frame 8
581.1525 	EXP 	Display Frame 9
581.1858 	EXP 	Display Frame 0
581.2191 	EXP 	Display Frame 1
581.2525 	EXP 	Display Frame 2
581.2858 	EXP 	Display Frame 3
581.3191 	EXP 	Display Frame 4
581.3524 	EXP 	Display Frame 5
581.3858 	EXP 	Display Frame 6
581.4191 	EXP 	Display Frame 7
581.4525 	EXP 	Display Frame 8
581.4858 	EXP 	Display Frame 9
581.5191 	EXP 	Display Frame 0
581.5527 	EXP 	Display Frame 1
581.5858 	EXP 	Display Frame 2
581.6191 	EXP 	Display Frame 3
581.6525 	EXP 	Display Frame 4
581.6858 	EXP 	Display Frame 5
581.7191 	EXP 	Display Frame 6
581.7525 	EXP 	Display Frame 7
581.7858 	EXP 	Display Frame 8
581.8191 	EXP 	Display Frame 9
581.8525 	EXP 	Display Frame 0
581.8858 	EXP 	Display Frame 1
581.9191 	EXP 	Display Frame 2
581.9525 	EXP 	Display Frame 3
581.9858 	EXP 	Display Frame 4
582.0191 	EXP 	Display Frame 5
582.0525 	EXP 	Display Frame 6
582.0858 	EXP 	Display Frame 7
582.1191 	EXP 	Display Frame 8
582.1524 	EXP 	Display Frame 9
582.1858 	EXP 	Display Frame 0
582.2191 	EXP 	Display Frame 1
582.2524 	EXP 	Display Frame 2
582.2858 	EXP 	Display Frame 3
582.3191 	EXP 	Display Frame 4
582.3525 	EXP 	Display Frame 5
582.3858 	EXP 	Display Frame 6
582.4191 	EXP 	Display Frame 7
582.4524 	EXP 	Display Frame 8
582.4858 	EXP 	Display Frame 9
582.5191 	EXP 	Display Frame 0
582.5525 	EXP 	Display Frame 1
582.5858 	EXP 	Display Frame 2
582.6191 	EXP 	Display Frame 3
582.6524 	EXP 	Display Frame 4
582.6858 	EXP 	Display Frame 5
582.7191 	EXP 	Display Frame 6
582.7524 	EXP 	Display Frame 7
582.7858 	EXP 	Display Frame 8
582.8191 	EXP 	Display Frame 9
582.8525 	EXP 	Display Frame 0
582.8858 	EXP 	Display Frame 1
582.9191 	EXP 	Display Frame 2
582.9525 	EXP 	Display Frame 3
582.9858 	EXP 	Display Frame 4
583.0191 	EXP 	Display Frame 5
583.0524 	EXP 	Display Frame 6
583.0858 	EXP 	Display Frame 7
583.1191 	EXP 	Display Frame 8
583.1525 	EXP 	Display Frame 9
583.1857 	EXP 	Display Frame 0
583.2191 	EXP 	Display Frame 1
583.2525 	EXP 	Display Frame 2
583.2858 	EXP 	Display Frame 3
583.3191 	EXP 	Display Frame 4
583.3525 	EXP 	Display Frame 5
583.3858 	EXP 	Display Frame 6
583.4191 	EXP 	Display Frame 7
583.4525 	EXP 	Display Frame 8
583.4858 	EXP 	Display Frame 9
583.5191 	EXP 	Display Frame 0
583.5524 	EXP 	Display Frame 1
583.5858 	EXP 	Display Frame 2
583.6192 	EXP 	Display Frame 3
583.6524 	EXP 	Display Frame 4
583.6858 	EXP 	Display Frame 5
583.7191 	EXP 	Display Frame 6
583.7525 	EXP 	Display Frame 7
583.7858 	EXP 	Display Frame 8
583.8191 	EXP 	Display Frame 9
583.8525 	EXP 	Display Frame 0
583.8858 	EXP 	Display Frame 1
583.9191 	EXP 	Display Frame 2
583.9524 	EXP 	Display Frame 3
583.9858 	EXP 	Display Frame 4
584.0192 	EXP 	Display Frame 5
584.0526 	EXP 	Display Frame 6
584.0858 	EXP 	Display Frame 7
584.1191 	EXP 	Display Frame 8
584.1525 	EXP 	Display Frame 9
584.1858 	EXP 	Display Frame 0
584.2191 	EXP 	Display Frame 1
584.2525 	EXP 	Display Frame 2
584.2858 	EXP 	Display Frame 3
584.3191 	EXP 	Display Frame 4
584.3525 	EXP 	Display Frame 5
584.3858 	EXP 	Display Frame 6
584.4191 	EXP 	Display Frame 7
584.4524 	EXP 	Display Frame 8
584.4858 	EXP 	Display Frame 9
584.5191 	EXP 	Display Frame 0
584.5524 	EXP 	Display Frame 1
584.5859 	DATA 	Keypress: equal
584.5869 	EXP 	Display Frame 2
584.6191 	EXP 	Display Frame 3
584.6525 	EXP 	Display Frame 4
584.6858 	EXP 	Display Frame 5
584.7191 	EXP 	Display Frame 6
584.7525 	EXP 	Display Frame 7
584.7858 	EXP 	Display Frame 8
584.8191 	EXP 	Display Frame 9
584.8524 	EXP 	Display Frame 0
584.8858 	EXP 	Display Frame 1
584.9191 	EXP 	Display Frame 2
584.9525 	EXP 	Display Frame 3
584.9858 	EXP 	Display Frame 4
585.0194 	EXP 	Display Frame 5
585.0525 	EXP 	Display Frame 6
585.0858 	EXP 	Display Frame 7
585.1191 	EXP 	Display Frame 8
585.1525 	EXP 	Display Frame 9
585.1858 	EXP 	Display Frame 0
585.2191 	EXP 	Display Frame 1
585.2525 	EXP 	Display Frame 2
585.2858 	EXP 	Display Frame 3
585.3191 	EXP 	Display Frame 4
585.3525 	EXP 	Display Frame 5
585.3858 	EXP 	Display Frame 6
585.4191 	EXP 	Display Frame 7
585.4525 	EXP 	Display Frame 8
585.4858 	EXP 	Display Frame 9
585.5191 	EXP 	Display Frame 0
585.5525 	EXP 	Display Frame 1
585.5858 	EXP 	Display Frame 2
585.6191 	EXP 	Display Frame 3
585.6525 	EXP 	Display Frame 4
585.6858 	EXP 	Display Frame 5
585.7191 	EXP 	Display Frame 6
585.7524 	EXP 	Display Frame 7
585.7858 	EXP 	Display Frame 8
585.8191 	EXP 	Display Frame 9
585.8525 	EXP 	Display Frame 0
585.8858 	EXP 	Display Frame 1
585.9191 	EXP 	Display Frame 2
585.9524 	EXP 	Display Frame 3
585.9858 	EXP 	Display Frame 4
586.0191 	EXP 	Display Frame 5
586.0524 	EXP 	Display Frame 6
586.0858 	EXP 	Display Frame 7
586.1191 	EXP 	Display Frame 8
586.1525 	EXP 	Display Frame 9
586.1858 	EXP 	Display Frame 0
586.2191 	EXP 	Display Frame 1
586.2524 	EXP 	Display Frame 2
586.2858 	EXP 	Display Frame 3
586.3191 	EXP 	Display Frame 4
586.3524 	EXP 	Display Frame 5
586.3858 	EXP 	Display Frame 6
586.4191 	EXP 	Display Frame 7
586.4524 	EXP 	Display Frame 8
586.4858 	EXP 	Display Frame 9
586.5192 	EXP 	Display Frame 0
586.5524 	EXP 	Display Frame 1
586.5858 	EXP 	Display Frame 2
586.6191 	EXP 	Display Frame 3
586.6525 	EXP 	Display Frame 4
586.6858 	EXP 	Display Frame 5
586.7191 	EXP 	Display Frame 6
586.7525 	EXP 	Display Frame 7
586.7858 	EXP 	Display Frame 8
586.8191 	EXP 	Display Frame 9
586.8525 	EXP 	Display Frame 0
586.8858 	EXP 	Display Frame 1
586.9191 	EXP 	Display Frame 2
586.9524 	EXP 	Display Frame 3
586.9858 	EXP 	Display Frame 4
587.0191 	EXP 	Display Frame 5
587.0524 	EXP 	Display Frame 6
587.0858 	EXP 	Display Frame 7
587.1191 	EXP 	Display Frame 8
587.1524 	EXP 	Display Frame 9
587.1858 	EXP 	Display Frame 0
587.2191 	EXP 	Display Frame 1
587.2525 	EXP 	Display Frame 2
587.2858 	EXP 	Display Frame 3
587.3191 	EXP 	Display Frame 4
587.3525 	EXP 	Display Frame 5
587.3858 	EXP 	Display Frame 6
587.4191 	EXP 	Display Frame 7
587.4525 	EXP 	Display Frame 8
587.4858 	EXP 	Display Frame 9
587.5191 	EXP 	Display Frame 0
587.5525 	EXP 	Display Frame 1
587.5858 	EXP 	Display Frame 2
587.6191 	EXP 	Display Frame 3
587.6525 	EXP 	Display Frame 4
587.6858 	EXP 	Display Frame 5
587.7191 	EXP 	Display Frame 6
587.7525 	EXP 	Display Frame 7
587.7858 	EXP 	Display Frame 8
587.8191 	EXP 	Display Frame 9
587.8525 	EXP 	Display Frame 0
587.8860 	EXP 	Display Frame 1
587.9192 	EXP 	Display Frame 2
587.9525 	EXP 	Display Frame 3
587.9858 	EXP 	Display Frame 4
588.0192 	EXP 	Display Frame 5
588.0525 	EXP 	Display Frame 6
588.0858 	EXP 	Display Frame 7
588.1191 	EXP 	Display Frame 8
588.1525 	EXP 	Display Frame 9
588.1858 	EXP 	Display Frame 0
588.2191 	EXP 	Display Frame 1
588.2525 	EXP 	Display Frame 2
588.2858 	EXP 	Display Frame 3
588.3191 	EXP 	Display Frame 4
588.3524 	EXP 	Display Frame 5
588.3858 	EXP 	Display Frame 6
588.4191 	EXP 	Display Frame 7
588.4524 	EXP 	Display Frame 8
588.4858 	EXP 	Display Frame 9
588.5191 	EXP 	Display Frame 0
588.5525 	EXP 	Display Frame 1
588.5858 	EXP 	Display Frame 2
588.6191 	EXP 	Display Frame 3
588.6525 	EXP 	Display Frame 4
588.6858 	EXP 	Display Frame 5
588.7191 	EXP 	Display Frame 6
588.7525 	EXP 	Display Frame 7
588.7858 	EXP 	Display Frame 8
588.8191 	EXP 	Display Frame 9
588.8525 	EXP 	Display Frame 0
588.8858 	EXP 	Display Frame 1
588.9191 	EXP 	Display Frame 2
588.9524 	EXP 	Display Frame 3
588.9858 	EXP 	Display Frame 4
589.0191 	EXP 	Display Frame 5
589.0524 	EXP 	Display Frame 6
589.0858 	EXP 	Display Frame 7
589.1191 	EXP 	Display Frame 8
589.1525 	EXP 	Display Frame 9
589.1858 	EXP 	Display Frame 0
589.2191 	EXP 	Display Frame 1
589.2524 	EXP 	Display Frame 2
589.2858 	EXP 	Display Frame 3
589.3191 	EXP 	Display Frame 4
589.3525 	EXP 	Display Frame 5
589.3859 	EXP 	Display Frame 6
589.4191 	EXP 	Display Frame 7
589.4525 	EXP 	Display Frame 8
589.4858 	EXP 	Display Frame 9
589.5191 	EXP 	Display Frame 0
589.5524 	EXP 	Display Frame 1
589.5858 	EXP 	Display Frame 2
589.6192 	EXP 	Display Frame 3
589.6524 	EXP 	Display Frame 4
589.6858 	EXP 	Display Frame 5
589.7191 	EXP 	Display Frame 6
589.7525 	EXP 	Display Frame 7
589.7859 	DATA 	Keypress: equal
589.7870 	EXP 	Display Frame 8
589.8191 	EXP 	Display Frame 9
589.8524 	EXP 	Display Frame 0
589.8858 	EXP 	Display Frame 1
589.9191 	EXP 	Display Frame 2
589.9525 	EXP 	Display Frame 3
589.9858 	EXP 	Display Frame 4
590.0191 	EXP 	Display Frame 5
590.0525 	EXP 	Display Frame 6
590.0858 	EXP 	Display Frame 7
590.1191 	EXP 	Display Frame 8
590.1524 	EXP 	Display Frame 9
590.1858 	EXP 	Display Frame 0
590.2191 	EXP 	Display Frame 1
590.2525 	EXP 	Display Frame 2
590.2858 	EXP 	Display Frame 3
590.3191 	EXP 	Display Frame 4
590.3525 	EXP 	Display Frame 5
590.3858 	EXP 	Display Frame 6
590.4191 	EXP 	Display Frame 7
590.4525 	EXP 	Display Frame 8
590.4858 	EXP 	Display Frame 9
590.5191 	EXP 	Display Frame 0
590.5525 	EXP 	Display Frame 1
590.5858 	EXP 	Display Frame 2
590.6191 	EXP 	Display Frame 3
590.6525 	EXP 	Display Frame 4
590.6858 	EXP 	Display Frame 5
590.7191 	EXP 	Display Frame 6
590.7524 	EXP 	Display Frame 7
590.7858 	EXP 	Display Frame 8
590.8191 	EXP 	Display Frame 9
590.8525 	EXP 	Display Frame 0
590.8858 	EXP 	Display Frame 1
590.9191 	EXP 	Display Frame 2
590.9524 	EXP 	Display Frame 3
590.9858 	EXP 	Display Frame 4
591.0191 	EXP 	Display Frame 5
591.0524 	EXP 	Display Frame 6
591.0858 	EXP 	Display Frame 7
591.1191 	EXP 	Display Frame 8
591.1525 	EXP 	Display Frame 9
591.1858 	EXP 	Display Frame 0
591.2191 	EXP 	Display Frame 1
591.2525 	EXP 	Display Frame 2
591.2858 	EXP 	Display Frame 3
591.3191 	EXP 	Display Frame 4
591.3525 	EXP 	Display Frame 5
591.3858 	EXP 	Display Frame 6
591.4191 	EXP 	Display Frame 7
591.4525 	EXP 	Display Frame 8
591.4858 	EXP 	Display Frame 9
591.5191 	EXP 	Display Frame 0
591.5525 	EXP 	Display Frame 1
591.5858 	EXP 	Display Frame 2
591.6191 	EXP 	Display Frame 3
591.6524 	EXP 	Display Frame 4
591.6858 	EXP 	Display Frame 5
591.7191 	EXP 	Display Frame 6
591.7525 	EXP 	Display Frame 7
591.7858 	EXP 	Display Frame 8
591.8191 	EXP 	Display Frame 9
591.8525 	EXP 	Display Frame 0
591.8858 	EXP 	Display Frame 1
591.9191 	EXP 	Display Frame 2
591.9524 	EXP 	Display Frame 3
591.9858 	EXP 	Display Frame 4
592.0191 	EXP 	Display Frame 5
592.0525 	EXP 	Display Frame 6
592.0858 	EXP 	Display Frame 7
592.1191 	EXP 	Display Frame 8
592.1525 	EXP 	Display Frame 9
592.1858 	EXP 	Display Frame 0
592.2191 	EXP 	Display Frame 1
592.2525 	EXP 	Display Frame 2
592.2858 	EXP 	Display Frame 3
592.3191 	EXP 	Display Frame 4
592.3525 	EXP 	Display Frame 5
592.3858 	EXP 	Display Frame 6
592.4191 	EXP 	Display Frame 7
592.4524 	EXP 	Display Frame 8
592.4858 	EXP 	Display Frame 9
592.5191 	EXP 	Display Frame 0
592.5525 	EXP 	Display Frame 1
592.5858 	EXP 	Display Frame 2
592.6191 	EXP 	Display Frame 3
592.6524 	EXP 	Display Frame 4
592.6858 	EXP 	Display Frame 5
592.7191 	EXP 	Display Frame 6
592.7525 	EXP 	Display Frame 7
592.7858 	EXP 	Display Frame 8
592.8191 	EXP 	Display Frame 9
592.8525 	EXP 	Display Frame 0
592.8858 	EXP 	Display Frame 1
592.9191 	EXP 	Display Frame 2
592.9524 	EXP 	Display Frame 3
592.9858 	EXP 	Display Frame 4
593.0191 	EXP 	Display Frame 5
593.0525 	EXP 	Display Frame 6
593.0858 	EXP 	Display Frame 7
593.1191 	EXP 	Display Frame 8
593.1525 	EXP 	Display Frame 9
593.1858 	EXP 	Display Frame 0
593.2191 	EXP 	Display Frame 1
593.2525 	EXP 	Display Frame 2
593.2858 	EXP 	Display Frame 3
593.3191 	EXP 	Display Frame 4
593.3524 	EXP 	Display Frame 5
593.3858 	EXP 	Display Frame 6
593.4191 	EXP 	Display Frame 7
593.4525 	EXP 	Display Frame 8
593.4858 	EXP 	Display Frame 9
593.5191 	EXP 	Display Frame 0
593.5524 	EXP 	Display Frame 1
593.5858 	EXP 	Display Frame 2
593.6191 	EXP 	Display Frame 3
593.6524 	EXP 	Display Frame 4
593.6858 	EXP 	Display Frame 5
593.7191 	EXP 	Display Frame 6
593.7525 	EXP 	Display Frame 7
593.7858 	EXP 	Display Frame 8
593.8191 	EXP 	Display Frame 9
593.8524 	EXP 	Display Frame 0
593.8858 	EXP 	Display Frame 1
593.9191 	EXP 	Display Frame 2
593.9524 	EXP 	Display Frame 3
593.9858 	EXP 	Display Frame 4
594.0191 	EXP 	Display Frame 5
594.0525 	EXP 	Display Frame 6
594.0858 	EXP 	Display Frame 7
594.1191 	EXP 	Display Frame 8
594.1525 	EXP 	Display Frame 9
594.1858 	EXP 	Display Frame 0
594.2191 	EXP 	Display Frame 1
594.2527 	EXP 	Display Frame 2
594.2858 	EXP 	Display Frame 3
594.3191 	EXP 	Display Frame 4
594.3525 	EXP 	Display Frame 5
594.3858 	EXP 	Display Frame 6
594.4192 	EXP 	Display Frame 7
594.4525 	EXP 	Display Frame 8
594.4858 	EXP 	Display Frame 9
594.5191 	EXP 	Display Frame 0
594.5525 	EXP 	Display Frame 1
594.5858 	EXP 	Display Frame 2
594.6191 	EXP 	Display Frame 3
594.6525 	EXP 	Display Frame 4
594.6859 	EXP 	Display Frame 5
594.7192 	EXP 	Display Frame 6
594.7524 	EXP 	Display Frame 7
594.7858 	EXP 	Display Frame 8
594.8192 	EXP 	Display Frame 9
594.8524 	EXP 	Display Frame 0
594.8858 	EXP 	Display Frame 1
594.9191 	EXP 	Display Frame 2
594.9525 	EXP 	Display Frame 3
594.9859 	DATA 	Keypress: equal
594.9870 	EXP 	Display Frame 4
595.0191 	EXP 	Display Frame 5
595.0525 	EXP 	Display Frame 6
595.0858 	EXP 	Display Frame 7
595.1191 	EXP 	Display Frame 8
595.1524 	EXP 	Display Frame 9
595.1858 	EXP 	Display Frame 0
595.2191 	EXP 	Display Frame 1
595.2525 	EXP 	Display Frame 2
595.2858 	EXP 	Display Frame 3
595.3191 	EXP 	Display Frame 4
595.3525 	EXP 	Display Frame 5
595.3858 	EXP 	Display Frame 6
595.4191 	EXP 	Display Frame 7
595.4525 	EXP 	Display Frame 8
595.4858 	EXP 	Display Frame 9
595.5191 	EXP 	Display Frame 0
595.5525 	EXP 	Display Frame 1
595.5858 	EXP 	Display Frame 2
595.6191 	EXP 	Display Frame 3
595.6525 	EXP 	Display Frame 4
595.6858 	EXP 	Display Frame 5
595.7191 	EXP 	Display Frame 6
595.7525 	EXP 	Display Frame 7
595.7858 	EXP 	Display Frame 8
595.8191 	EXP 	Display Frame 9
595.8525 	EXP 	Display Frame 0
595.8858 	EXP 	Display Frame 1
595.9191 	EXP 	Display Frame 2
595.9525 	EXP 	Display Frame 3
595.9858 	EXP 	Display Frame 4
596.0191 	EXP 	Display Frame 5
596.0525 	EXP 	Display Frame 6
596.0858 	EXP 	Display Frame 7
596.1191 	EXP 	Display Frame 8
596.1525 	EXP 	Display Frame 9
596.1858 	EXP 	Display Frame 0
596.2191 	EXP 	Display Frame 1
596.2524 	EXP 	Display Frame 2
596.2858 	EXP 	Display Frame 3
596.3191 	EXP 	Display Frame 4
596.3525 	EXP 	Display Frame 5
596.3858 	EXP 	Display Frame 6
596.4190 	EXP 	Display Frame 7
596.4525 	EXP 	Display Frame 8
596.4858 	EXP 	Display Frame 9
596.5191 	EXP 	Display Frame 0
596.5524 	EXP 	Display Frame 1
596.5858 	EXP 	Display Frame 2
596.6191 	EXP 	Display Frame 3
596.6524 	EXP 	Display Frame 4
596.6858 	EXP 	Display Frame 5
596.7191 	EXP 	Display Frame 6
596.7525 	EXP 	Display Frame 7
596.7858 	EXP 	Display Frame 8
596.8191 	EXP 	Display Frame 9
596.8525 	EXP 	Display Frame 0
596.8858 	EXP 	Display Frame 1
596.9191 	EXP 	Display Frame 2
596.9525 	EXP 	Display Frame 3
596.9858 	EXP 	Display Frame 4
597.0191 	EXP 	Display Frame 5
597.0524 	EXP 	Display Frame 6
597.0858 	EXP 	Display Frame 7
597.1191 	EXP 	Display Frame 8
597.1524 	EXP 	Display Frame 9
597.1858 	EXP 	Display Frame 0
597.2191 	EXP 	Display Frame 1
597.2525 	EXP 	Display Frame 2
597.2858 	EXP 	Display Frame 3
597.3191 	EXP 	Display Frame 4
597.3524 	EXP 	Display Frame 5
597.3858 	EXP 	Display Frame 6
597.4191 	EXP 	Display Frame 7
597.4524 	EXP 	Display Frame 8
597.4858 	EXP 	Display Frame 9
597.5191 	EXP 	Display Frame 0
597.5525 	EXP 	Display Frame 1
597.5858 	EXP 	Display Frame 2
597.6191 	EXP 	Display Frame 3
597.6524 	EXP 	Display Frame 4
597.6858 	EXP 	Display Frame 5
597.7191 	EXP 	Display Frame 6
597.7525 	EXP 	Display Frame 7
597.7858 	EXP 	Display Frame 8
597.8191 	EXP 	Display Frame 9
597.8525 	EXP 	Display Frame 0
597.8858 	EXP 	Display Frame 1
597.9191 	EXP 	Display Frame 2
597.9524 	EXP 	Display Frame 3
597.9858 	EXP 	Display Frame 4
598.0191 	EXP 	Display Frame 5
598.0525 	EXP 	Display Frame 6
598.0858 	EXP 	Display Frame 7
598.1191 	EXP 	Display Frame 8
598.1525 	EXP 	Display Frame 9
598.1858 	EXP 	Display Frame 0
598.2191 	EXP 	Display Frame 1
598.2524 	EXP 	Display Frame 2
598.2858 	EXP 	Display Frame 3
598.3191 	EXP 	Display Frame 4
598.3525 	EXP 	Display Frame 5
598.3858 	EXP 	Display Frame 6
598.4191 	EXP 	Display Frame 7
598.4525 	EXP 	Display Frame 8
598.4858 	EXP 	Display Frame 9
598.5191 	EXP 	Display Frame 0
598.5525 	EXP 	Display Frame 1
598.5858 	EXP 	Display Frame 2
598.6191 	EXP 	Display Frame 3
598.6525 	EXP 	Display Frame 4
598.6858 	EXP 	Display Frame 5
598.7191 	EXP 	Display Frame 6
598.7524 	EXP 	Display Frame 7
598.7858 	EXP 	Display Frame 8
598.8191 	EXP 	Display Frame 9
598.8524 	EXP 	Display Frame 0
598.8858 	EXP 	Display Frame 1
598.9191 	EXP 	Display Frame 2
598.9525 	EXP 	Display Frame 3
598.9858 	EXP 	Display Frame 4
599.0191 	EXP 	Display Frame 5
599.0524 	EXP 	Display Frame 6
599.0858 	EXP 	Display Frame 7
599.1191 	EXP 	Display Frame 8
599.1524 	EXP 	Display Frame 9
599.1858 	EXP 	Display Frame 0
599.2191 	EXP 	Display Frame 1
599.2524 	EXP 	Display Frame 2
599.2858 	EXP 	Display Frame 3
599.3191 	EXP 	Display Frame 4
599.3525 	EXP 	Display Frame 5
599.3858 	EXP 	Display Frame 6
599.4191 	EXP 	Display Frame 7
599.4524 	EXP 	Display Frame 8
599.4858 	EXP 	Display Frame 9
599.5191 	EXP 	Display Frame 0
599.5525 	EXP 	Display Frame 1
599.5858 	EXP 	Display Frame 2
599.6191 	EXP 	Display Frame 3
599.6524 	EXP 	Display Frame 4
599.6858 	EXP 	Display Frame 5
599.7191 	EXP 	Display Frame 6
599.7524 	EXP 	Display Frame 7
599.7858 	EXP 	Display Frame 8
599.8191 	EXP 	Display Frame 9
599.8525 	EXP 	Display Frame 0
599.8858 	EXP 	Display Frame 1
599.9191 	EXP 	Display Frame 2
599.9524 	EXP 	Display Frame 3
599.9858 	EXP 	Display Frame 4
600.0193 	EXP 	Display Frame 5
600.0525 	EXP 	Display Frame 6
600.0858 	EXP 	Display Frame 7
600.1191 	EXP 	Display Frame 8
600.1525 	EXP 	Display Frame 9
600.1533 	DATA 	Keypress: equal
600.1858 	EXP 	Display Frame 0
600.2191 	EXP 	Display Frame 1
600.2524 	EXP 	Display Frame 2
600.2858 	EXP 	Display Frame 3
600.3191 	EXP 	Display Frame 4
600.3525 	EXP 	Display Frame 5
600.3858 	EXP 	Display Frame 6
600.4191 	EXP 	Display Frame 7
600.4525 	EXP 	Display Frame 8
600.4858 	EXP 	Display Frame 9
600.5191 	EXP 	Display Frame 0
600.5525 	EXP 	Display Frame 1
600.5860 	EXP 	Display Frame 2
600.6191 	EXP 	Display Frame 3
600.6525 	EXP 	Display Frame 4
600.6858 	EXP 	Display Frame 5
600.7191 	EXP 	Display Frame 6
600.7525 	EXP 	Display Frame 7
600.7858 	EXP 	Display Frame 8
600.8192 	EXP 	Display Frame 9
600.8525 	EXP 	Display Frame 0
600.8858 	EXP 	Display Frame 1
600.9191 	EXP 	Display Frame 2
600.9525 	EXP 	Display Frame 3
600.9858 	EXP 	Display Frame 4
601.0191 	EXP 	Display Frame 5
601.0525 	EXP 	Display Frame 6
601.0858 	EXP 	Display Frame 7
601.1191 	EXP 	Display Frame 8
601.1524 	EXP 	Display Frame 9
601.1858 	EXP 	Display Frame 0
601.2191 	EXP 	Display Frame 1
601.2524 	EXP 	Display Frame 2
601.2858 	EXP 	Display Frame 3
601.3191 	EXP 	Display Frame 4
601.3525 	EXP 	Display Frame 5
601.3858 	EXP 	Display Frame 6
601.4191 	EXP 	Display Frame 7
601.4524 	EXP 	Display Frame 8
601.4858 	EXP 	Display Frame 9
601.5191 	EXP 	Display Frame 0
601.5525 	EXP 	Display Frame 1
601.5858 	EXP 	Display Frame 2
601.6191 	EXP 	Display Frame 3
601.6524 	EXP 	Display Frame 4
601.6858 	EXP 	Display Frame 5
601.7191 	EXP 	Display Frame 6
601.7524 	EXP 	Display Frame 7
601.7858 	EXP 	Display Frame 8
601.8191 	EXP 	Display Frame 9
601.8524 	EXP 	Display Frame 0
601.8858 	EXP 	Display Frame 1
601.9191 	EXP 	Display Frame 2
601.9525 	EXP 	Display Frame 3
601.9858 	EXP 	Display Frame 4
602.0191 	EXP 	Display Frame 5
602.0524 	EXP 	Display Frame 6
602.0858 	EXP 	Display Frame 7
602.1191 	EXP 	Display Frame 8
602.1525 	EXP 	Display Frame 9
602.1858 	EXP 	Display Frame 0
602.2191 	EXP 	Display Frame 1
602.2525 	EXP 	Display Frame 2
602.2858 	EXP 	Display Frame 3
602.3191 	EXP 	Display Frame 4
602.3524 	EXP 	Display Frame 5
602.3858 	EXP 	Display Frame 6
602.4191 	EXP 	Display Frame 7
602.4525 	EXP 	Display Frame 8
602.4858 	EXP 	Display Frame 9
602.5191 	EXP 	Display Frame 0
602.5525 	EXP 	Display Frame 1
602.5858 	EXP 	Display Frame 2
602.6191 	EXP 	Display Frame 3
602.6524 	EXP 	Display Frame 4
602.6858 	EXP 	Display Frame 5
602.7191 	EXP 	Display Frame 6
602.7524 	EXP 	Display Frame 7
602.7858 	EXP 	Display Frame 8
602.8191 	EXP 	Display Frame 9
602.8525 	EXP 	Display Frame 0
602.8858 	EXP 	Display Frame 1
602.9191 	EXP 	Display Frame 2
602.9524 	EXP 	Display Frame 3
602.9858 	EXP 	Display Frame 4
603.0191 	EXP 	Display Frame 5
603.0525 	EXP 	Display Frame 6
603.0858 	EXP 	Display Frame 7
603.1191 	EXP 	Display Frame 8
603.1525 	EXP 	Display Frame 9
603.1858 	EXP 	Display Frame 0
603.2191 	EXP 	Display Frame 1
603.2524 	EXP 	Display Frame 2
603.2858 	EXP 	Display Frame 3
603.3191 	EXP 	Display Frame 4
603.3525 	EXP 	Display Frame 5
603.3858 	EXP 	Display Frame 6
603.4191 	EXP 	Display Frame 7
603.4525 	EXP 	Display Frame 8
603.4858 	EXP 	Display Frame 9
603.5192 	EXP 	Display Frame 0
603.5524 	EXP 	Display Frame 1
603.5858 	EXP 	Display Frame 2
603.6191 	EXP 	Display Frame 3
603.6525 	EXP 	Display Frame 4
603.6858 	EXP 	Display Frame 5
603.7191 	EXP 	Display Frame 6
603.7524 	EXP 	Display Frame 7
603.7858 	EXP 	Display Frame 8
603.8191 	EXP 	Display Frame 9
603.8524 	EXP 	Display Frame 0
603.8858 	EXP 	Display Frame 1
603.9191 	EXP 	Display Frame 2
603.9524 	EXP 	Display Frame 3
603.9858 	EXP 	Display Frame 4
604.0191 	EXP 	Display Frame 5
604.0525 	EXP 	Display Frame 6
604.0858 	EXP 	Display Frame 7
604.1191 	EXP 	Display Frame 8
604.1524 	EXP 	Display Frame 9
604.1858 	EXP 	Display Frame 0
604.2191 	EXP 	Display Frame 1
604.2524 	EXP 	Display Frame 2
604.2858 	EXP 	Display Frame 3
604.3191 	EXP 	Display Frame 4
604.3524 	EXP 	Display Frame 5
604.3858 	EXP 	Display Frame 6
604.4191 	EXP 	Display Frame 7
604.4525 	EXP 	Display Frame 8
604.4858 	EXP 	Display Frame 9
604.5191 	EXP 	Display Frame 0
604.5525 	EXP 	Display Frame 1
604.5858 	EXP 	Display Frame 2
604.6191 	EXP 	Display Frame 3
604.6525 	EXP 	Display Frame 4
604.6858 	EXP 	Display Frame 5
604.7191 	EXP 	Display Frame 6
604.7524 	EXP 	Display Frame 7
604.7858 	EXP 	Display Frame 8
604.8191 	EXP 	Display Frame 9
604.8525 	EXP 	Display Frame 0
604.8858 	EXP 	Display Frame 1
604.9191 	EXP 	Display Frame 2
604.9525 	EXP 	Display Frame 3
604.9858 	EXP 	Display Frame 4
605.0191 	EXP 	Display Frame 5
605.0525 	EXP 	Display Frame 6
605.0858 	EXP 	Display Frame 7
605.1191 	EXP 	Display Frame 8
605.1525 	EXP 	Display Frame 9
605.1858 	EXP 	Display Frame 0
605.2191 	EXP 	Display Frame 1
605.2525 	EXP 	Display Frame 2
605.2858 	EXP 	Display Frame 3
605.3191 	EXP 	Display Frame 4
605.3526 	DATA 	Keypress: equal
605.3539 	EXP 	Display Frame 5
605.3577 	EXP 	Display Fixation
610.5401 	DATA 	Keypress: equal
615.7331 	DATA 	Keypress: equal
620.9271 	DATA 	Keypress: equal
626.1201 	DATA 	Keypress: equal
631.3142 	DATA 	Keypress: equal
636.5082 	DATA 	Keypress: equal
636.5426 	EXP 	Display Frame 1
636.5759 	EXP 	Display Frame 2
636.6092 	EXP 	Display Frame 3
636.6426 	EXP 	Display Frame 4
636.6759 	EXP 	Display Frame 5
636.7092 	EXP 	Display Frame 6
636.7425 	EXP 	Display Frame 7
636.7758 	EXP 	Display Frame 8
636.8092 	EXP 	Display Frame 9
636.8425 	EXP 	Display Frame 0
636.8759 	EXP 	Display Frame 1
636.9091 	EXP 	Display Frame 2
636.9425 	EXP 	Display Frame 3
636.9758 	EXP 	Display Frame 4
637.0091 	EXP 	Display Frame 5
637.0425 	EXP 	Display Frame 6
637.0758 	EXP 	Display Frame 7
637.1092 	EXP 	Display Frame 8
637.1425 	EXP 	Display Frame 9
637.1758 	EXP 	Display Frame 0
637.2091 	EXP 	Display Frame 1
637.2425 	EXP 	Display Frame 2
637.2758 	EXP 	Display Frame 3
637.3091 	EXP 	Display Frame 4
637.3426 	EXP 	Display Frame 5
637.3758 	EXP 	Display Frame 6
637.4091 	EXP 	Display Frame 7
637.4425 	EXP 	Display Frame 8
637.4758 	EXP 	Display Frame 9
637.5091 	EXP 	Display Frame 0
637.5424 	EXP 	Display Frame 1
637.5758 	EXP 	Display Frame 2
637.6092 	EXP 	Display Frame 3
637.6425 	EXP 	Display Frame 4
637.6758 	EXP 	Display Frame 5
637.7091 	EXP 	Display Frame 6
637.7424 	EXP 	Display Frame 7
637.7758 	EXP 	Display Frame 8
637.8091 	EXP 	Display Frame 9
637.8425 	EXP 	Display Frame 0
637.8758 	EXP 	Display Frame 1
637.9091 	EXP 	Display Frame 2
637.9425 	EXP 	Display Frame 3
637.9758 	EXP 	Display Frame 4
638.0091 	EXP 	Display Frame 5
638.0425 	EXP 	Display Frame 6
638.0759 	EXP 	Display Frame 7
638.1091 	EXP 	Display Frame 8
638.1425 	EXP 	Display Frame 9
638.1758 	EXP 	Display Frame 0
638.2091 	EXP 	Display Frame 1
638.2425 	EXP 	Display Frame 2
638.2758 	EXP 	Display Frame 3
638.3091 	EXP 	Display Frame 4
638.3425 	EXP 	Display Frame 5
638.3758 	EXP 	Display Frame 6
638.4091 	EXP 	Display Frame 7
638.4425 	EXP 	Display Frame 8
638.4758 	EXP 	Display Frame 9
638.5091 	EXP 	Display Frame 0
638.5424 	EXP 	Display Frame 1
638.5758 	EXP 	Display Frame 2
638.6091 	EXP 	Display Frame 3
638.6425 	EXP 	Display Frame 4
638.6758 	EXP 	Display Frame 5
638.7091 	EXP 	Display Frame 6
638.7425 	EXP 	Display Frame 7
638.7758 	EXP 	Display Frame 8
638.8091 	EXP 	Display Frame 9
638.8424 	EXP 	Display Frame 0
638.8758 	EXP 	Display Frame 1
638.9091 	EXP 	Display Frame 2
638.9425 	EXP 	Display Frame 3
638.9758 	EXP 	Display Frame 4
639.0091 	EXP 	Display Frame 5
639.0425 	EXP 	Display Frame 6
639.0758 	EXP 	Display Frame 7
639.1091 	EXP 	Display Frame 8
639.1425 	EXP 	Display Frame 9
639.1758 	EXP 	Display Frame 0
639.2091 	EXP 	Display Frame 1
639.2425 	EXP 	Display Frame 2
639.2758 	EXP 	Display Frame 3
639.3091 	EXP 	Display Frame 4
639.3424 	EXP 	Display Frame 5
639.3758 	EXP 	Display Frame 6
639.4091 	EXP 	Display Frame 7
639.4425 	EXP 	Display Frame 8
639.4758 	EXP 	Display Frame 9
639.5091 	EXP 	Display Frame 0
639.5424 	EXP 	Display Frame 1
639.5758 	EXP 	Display Frame 2
639.6091 	EXP 	Display Frame 3
639.6424 	EXP 	Display Frame 4
639.6758 	EXP 	Display Frame 5
639.7091 	EXP 	Display Frame 6
639.7425 	EXP 	Display Frame 7
639.7758 	EXP 	Display Frame 8
639.8091 	EXP 	Display Frame 9
639.8425 	EXP 	Display Frame 0
639.8758 	EXP 	Display Frame 1
639.9091 	EXP 	Display Frame 2
639.9425 	EXP 	Display Frame 3
639.9758 	EXP 	Display Frame 4
640.0091 	EXP 	Display Frame 5
640.0425 	EXP 	Display Frame 6
640.0758 	EXP 	Display Frame 7
640.1091 	EXP 	Display Frame 8
640.1425 	EXP 	Display Frame 9
640.1763 	EXP 	Display Frame 0
640.2091 	EXP 	Display Frame 1
640.2424 	EXP 	Display Frame 2
640.2758 	EXP 	Display Frame 3
640.3091 	EXP 	Display Frame 4
640.3425 	EXP 	Display Frame 5
640.3758 	EXP 	Display Frame 6
640.4091 	EXP 	Display Frame 7
640.4425 	EXP 	Display Frame 8
640.4758 	EXP 	Display Frame 9
640.5091 	EXP 	Display Frame 0
640.5424 	EXP 	Display Frame 1
640.5758 	EXP 	Display Frame 2
640.6091 	EXP 	Display Frame 3
640.6425 	EXP 	Display Frame 4
640.6758 	EXP 	Display Frame 5
640.7091 	EXP 	Display Frame 6
640.7425 	EXP 	Display Frame 7
640.7758 	EXP 	Display Frame 8
640.8091 	EXP 	Display Frame 9
640.8425 	EXP 	Display Frame 0
640.8758 	EXP 	Display Frame 1
640.9091 	EXP 	Display Frame 2
640.9424 	EXP 	Display Frame 3
640.9758 	EXP 	Display Frame 4
641.0091 	EXP 	Display Frame 5
641.0425 	EXP 	Display Frame 6
641.0758 	EXP 	Display Frame 7
641.1091 	EXP 	Display Frame 8
641.1424 	EXP 	Display Frame 9
641.1758 	EXP 	Display Frame 0
641.2091 	EXP 	Display Frame 1
641.2425 	EXP 	Display Frame 2
641.2758 	EXP 	Display Frame 3
641.3091 	EXP 	Display Frame 4
641.3425 	EXP 	Display Frame 5
641.3758 	EXP 	Display Frame 6
641.4091 	EXP 	Display Frame 7
641.4424 	EXP 	Display Frame 8
641.4758 	EXP 	Display Frame 9
641.5091 	EXP 	Display Frame 0
641.5424 	EXP 	Display Frame 1
641.5758 	EXP 	Display Frame 2
641.6091 	EXP 	Display Frame 3
641.6425 	EXP 	Display Frame 4
641.6758 	EXP 	Display Frame 5
641.7093 	DATA 	Keypress: equal
641.7104 	EXP 	Display Frame 6
641.7424 	EXP 	Display Frame 7
641.7758 	EXP 	Display Frame 8
641.8091 	EXP 	Display Frame 9
641.8425 	EXP 	Display Frame 0
641.8758 	EXP 	Display Frame 1
641.9091 	EXP 	Display Frame 2
641.9425 	EXP 	Display Frame 3
641.9758 	EXP 	Display Frame 4
642.0091 	EXP 	Display Frame 5
642.0424 	EXP 	Display Frame 6
642.0758 	EXP 	Display Frame 7
642.1091 	EXP 	Display Frame 8
642.1424 	EXP 	Display Frame 9
642.1758 	EXP 	Display Frame 0
642.2091 	EXP 	Display Frame 1
642.2425 	EXP 	Display Frame 2
642.2758 	EXP 	Display Frame 3
642.3091 	EXP 	Display Frame 4
642.3424 	EXP 	Display Frame 5
642.3758 	EXP 	Display Frame 6
642.4091 	EXP 	Display Frame 7
642.4424 	EXP 	Display Frame 8
642.4758 	EXP 	Display Frame 9
642.5091 	EXP 	Display Frame 0
642.5424 	EXP 	Display Frame 1
642.5758 	EXP 	Display Frame 2
642.6091 	EXP 	Display Frame 3
642.6425 	EXP 	Display Frame 4
642.6759 	EXP 	Display Frame 5
642.7091 	EXP 	Display Frame 6
642.7425 	EXP 	Display Frame 7
642.7758 	EXP 	Display Frame 8
642.8091 	EXP 	Display Frame 9
642.8425 	EXP 	Display Frame 0
642.8758 	EXP 	Display Frame 1
642.9091 	EXP 	Display Frame 2
642.9425 	EXP 	Display Frame 3
642.9758 	EXP 	Display Frame 4
643.0091 	EXP 	Display Frame 5
643.0425 	EXP 	Display Frame 6
643.0758 	EXP 	Display Frame 7
643.1091 	EXP 	Display Frame 8
643.1424 	EXP 	Display Frame 9
643.1758 	EXP 	Display Frame 0
643.2091 	EXP 	Display Frame 1
643.2425 	EXP 	Display Frame 2
643.2758 	EXP 	Display Frame 3
643.3091 	EXP 	Display Frame 4
643.3424 	EXP 	Display Frame 5
643.3758 	EXP 	Display Frame 6
643.4091 	EXP 	Display Frame 7
643.4424 	EXP 	Display Frame 8
643.4758 	EXP 	Display Frame 9
643.5091 	EXP 	Display Frame 0
643.5424 	EXP 	Display Frame 1
643.5758 	EXP 	Display Frame 2
643.6091 	EXP 	Display Frame 3
643.6425 	EXP 	Display Frame 4
643.6758 	EXP 	Display Frame 5
643.7091 	EXP 	Display Frame 6
643.7424 	EXP 	Display Frame 7
643.7758 	EXP 	Display Frame 8
643.8091 	EXP 	Display Frame 9
643.8425 	EXP 	Display Frame 0
643.8758 	EXP 	Display Frame 1
643.9091 	EXP 	Display Frame 2
643.9425 	EXP 	Display Frame 3
643.9758 	EXP 	Display Frame 4
644.0091 	EXP 	Display Frame 5
644.0425 	EXP 	Display Frame 6
644.0758 	EXP 	Display Frame 7
644.1091 	EXP 	Display Frame 8
644.1425 	EXP 	Display Frame 9
644.1758 	EXP 	Display Frame 0
644.2091 	EXP 	Display Frame 1
644.2425 	EXP 	Display Frame 2
644.2758 	EXP 	Display Frame 3
644.3092 	EXP 	Display Frame 4
644.3425 	EXP 	Display Frame 5
644.3758 	EXP 	Display Frame 6
644.4091 	EXP 	Display Frame 7
644.4427 	EXP 	Display Frame 8
644.4758 	EXP 	Display Frame 9
644.5092 	EXP 	Display Frame 0
644.5424 	EXP 	Display Frame 1
644.5758 	EXP 	Display Frame 2
644.6091 	EXP 	Display Frame 3
644.6425 	EXP 	Display Frame 4
644.6758 	EXP 	Display Frame 5
644.7091 	EXP 	Display Frame 6
644.7425 	EXP 	Display Frame 7
644.7758 	EXP 	Display Frame 8
644.8091 	EXP 	Display Frame 9
644.8425 	EXP 	Display Frame 0
644.8758 	EXP 	Display Frame 1
644.9091 	EXP 	Display Frame 2
644.9424 	EXP 	Display Frame 3
644.9758 	EXP 	Display Frame 4
645.0091 	EXP 	Display Frame 5
645.0425 	EXP 	Display Frame 6
645.0758 	EXP 	Display Frame 7
645.1091 	EXP 	Display Frame 8
645.1425 	EXP 	Display Frame 9
645.1758 	EXP 	Display Frame 0
645.2091 	EXP 	Display Frame 1
645.2424 	EXP 	Display Frame 2
645.2758 	EXP 	Display Frame 3
645.3091 	EXP 	Display Frame 4
645.3425 	EXP 	Display Frame 5
645.3758 	EXP 	Display Frame 6
645.4091 	EXP 	Display Frame 7
645.4425 	EXP 	Display Frame 8
645.4758 	EXP 	Display Frame 9
645.5091 	EXP 	Display Frame 0
645.5424 	EXP 	Display Frame 1
645.5758 	EXP 	Display Frame 2
645.6091 	EXP 	Display Frame 3
645.6424 	EXP 	Display Frame 4
645.6758 	EXP 	Display Frame 5
645.7091 	EXP 	Display Frame 6
645.7424 	EXP 	Display Frame 7
645.7758 	EXP 	Display Frame 8
645.8091 	EXP 	Display Frame 9
645.8425 	EXP 	Display Frame 0
645.8758 	EXP 	Display Frame 1
645.9091 	EXP 	Display Frame 2
645.9425 	EXP 	Display Frame 3
645.9758 	EXP 	Display Frame 4
646.0091 	EXP 	Display Frame 5
646.0424 	EXP 	Display Frame 6
646.0758 	EXP 	Display Frame 7
646.1091 	EXP 	Display Frame 8
646.1425 	EXP 	Display Frame 9
646.1758 	EXP 	Display Frame 0
646.2091 	EXP 	Display Frame 1
646.2425 	EXP 	Display Frame 2
646.2758 	EXP 	Display Frame 3
646.3092 	EXP 	Display Frame 4
646.3425 	EXP 	Display Frame 5
646.3758 	EXP 	Display Frame 6
646.4091 	EXP 	Display Frame 7
646.4425 	EXP 	Display Frame 8
646.4758 	EXP 	Display Frame 9
646.5091 	EXP 	Display Frame 0
646.5424 	EXP 	Display Frame 1
646.5758 	EXP 	Display Frame 2
646.6091 	EXP 	Display Frame 3
646.6425 	EXP 	Display Frame 4
646.6758 	EXP 	Display Frame 5
646.7091 	EXP 	Display Frame 6
646.7425 	EXP 	Display Frame 7
646.7758 	EXP 	Display Frame 8
646.8091 	EXP 	Display Frame 9
646.8424 	EXP 	Display Frame 0
646.8758 	EXP 	Display Frame 1
646.9093 	DATA 	Keypress: equal
646.9103 	EXP 	Display Frame 2
646.9425 	EXP 	Display Frame 3
646.9758 	EXP 	Display Frame 4
647.0092 	EXP 	Display Frame 5
647.0425 	EXP 	Display Frame 6
647.0758 	EXP 	Display Frame 7
647.1091 	EXP 	Display Frame 8
647.1425 	EXP 	Display Frame 9
647.1758 	EXP 	Display Frame 0
647.2091 	EXP 	Display Frame 1
647.2425 	EXP 	Display Frame 2
647.2758 	EXP 	Display Frame 3
647.3091 	EXP 	Display Frame 4
647.3425 	EXP 	Display Frame 5
647.3758 	EXP 	Display Frame 6
647.4091 	EXP 	Display Frame 7
647.4425 	EXP 	Display Frame 8
647.4758 	EXP 	Display Frame 9
647.5091 	EXP 	Display Frame 0
647.5425 	EXP 	Display Frame 1
647.5758 	EXP 	Display Frame 2
647.6091 	EXP 	Display Frame 3
647.6424 	EXP 	Display Frame 4
647.6758 	EXP 	Display Frame 5
647.7091 	EXP 	Display Frame 6
647.7424 	EXP 	Display Frame 7
647.7758 	EXP 	Display Frame 8
647.8092 	EXP 	Display Frame 9
647.8425 	EXP 	Display Frame 0
647.8758 	EXP 	Display Frame 1
647.9091 	EXP 	Display Frame 2
647.9425 	EXP 	Display Frame 3
647.9758 	EXP 	Display Frame 4
648.0093 	EXP 	Display Frame 5
648.0425 	EXP 	Display Frame 6
648.0758 	EXP 	Display Frame 7
648.1091 	EXP 	Display Frame 8
648.1425 	EXP 	Display Frame 9
648.1758 	EXP 	Display Frame 0
648.2091 	EXP 	Display Frame 1
648.2425 	EXP 	Display Frame 2
648.2758 	EXP 	Display Frame 3
648.3091 	EXP 	Display Frame 4
648.3424 	EXP 	Display Frame 5
648.3758 	EXP 	Display Frame 6
648.4092 	EXP 	Display Frame 7
648.4430 	EXP 	Display Frame 8
648.4758 	EXP 	Display Frame 9
648.5091 	EXP 	Display Frame 0
648.5424 	EXP 	Display Frame 1
648.5758 	EXP 	Display Frame 2
648.6091 	EXP 	Display Frame 3
648.6425 	EXP 	Display Frame 4
648.6758 	EXP 	Display Frame 5
648.7092 	EXP 	Display Frame 6
648.7424 	EXP 	Display Frame 7
648.7758 	EXP 	Display Frame 8
648.8091 	EXP 	Display Frame 9
648.8424 	EXP 	Display Frame 0
648.8758 	EXP 	Display Frame 1
648.9091 	EXP 	Display Frame 2
648.9425 	EXP 	Display Frame 3
648.9758 	EXP 	Display Frame 4
649.0092 	EXP 	Display Frame 5
649.0424 	EXP 	Display Frame 6
649.0758 	EXP 	Display Frame 7
649.1091 	EXP 	Display Frame 8
649.1425 	EXP 	Display Frame 9
649.1758 	EXP 	Display Frame 0
649.2091 	EXP 	Display Frame 1
649.2425 	EXP 	Display Frame 2
649.2758 	EXP 	Display Frame 3
649.3091 	EXP 	Display Frame 4
649.3425 	EXP 	Display Frame 5
649.3758 	EXP 	Display Frame 6
649.4091 	EXP 	Display Frame 7
649.4424 	EXP 	Display Frame 8
649.4758 	EXP 	Display Frame 9
649.5091 	EXP 	Display Frame 0
649.5424 	EXP 	Display Frame 1
649.5758 	EXP 	Display Frame 2
649.6091 	EXP 	Display Frame 3
649.6425 	EXP 	Display Frame 4
649.6758 	EXP 	Display Frame 5
649.7091 	EXP 	Display Frame 6
649.7425 	EXP 	Display Frame 7
649.7758 	EXP 	Display Frame 8
649.8091 	EXP 	Display Frame 9
649.8425 	EXP 	Display Frame 0
649.8758 	EXP 	Display Frame 1
649.9091 	EXP 	Display Frame 2
649.9425 	EXP 	Display Frame 3
649.9758 	EXP 	Display Frame 4
650.0092 	EXP 	Display Frame 5
650.0425 	EXP 	Display Frame 6
650.0758 	EXP 	Display Frame 7
650.1091 	EXP 	Display Frame 8
650.1425 	EXP 	Display Frame 9
650.1758 	EXP 	Display Frame 0
650.2091 	EXP 	Display Frame 1
650.2425 	EXP 	Display Frame 2
650.2758 	EXP 	Display Frame 3
650.3091 	EXP 	Display Frame 4
650.3425 	EXP 	Display Frame 5
650.3758 	EXP 	Display Frame 6
650.4091 	EXP 	Display Frame 7
650.4425 	EXP 	Display Frame 8
650.4758 	EXP 	Display Frame 9
650.5091 	EXP 	Display Frame 0
650.5424 	EXP 	Display Frame 1
650.5758 	EXP 	Display Frame 2
650.6091 	EXP 	Display Frame 3
650.6425 	EXP 	Display Frame 4
650.6758 	EXP 	Display Frame 5
650.7091 	EXP 	Display Frame 6
650.7425 	EXP 	Display Frame 7
650.7760 	EXP 	Display Frame 8
650.8092 	EXP 	Display Frame 9
650.8425 	EXP 	Display Frame 0
650.8758 	EXP 	Display Frame 1
650.9091 	EXP 	Display Frame 2
650.9425 	EXP 	Display Frame 3
650.9758 	EXP 	Display Frame 4
651.0091 	EXP 	Display Frame 5
651.0425 	EXP 	Display Frame 6
651.0758 	EXP 	Display Frame 7
651.1091 	EXP 	Display Frame 8
651.1425 	EXP 	Display Frame 9
651.1758 	EXP 	Display Frame 0
651.2091 	EXP 	Display Frame 1
651.2425 	EXP 	Display Frame 2
651.2758 	EXP 	Display Frame 3
651.3091 	EXP 	Display Frame 4
651.3425 	EXP 	Display Frame 5
651.3758 	EXP 	Display Frame 6
651.4091 	EXP 	Display Frame 7
651.4425 	EXP 	Display Frame 8
651.4758 	EXP 	Display Frame 9
651.5091 	EXP 	Display Frame 0
651.5424 	EXP 	Display Frame 1
651.5758 	EXP 	Display Frame 2
651.6091 	EXP 	Display Frame 3
651.6425 	EXP 	Display Frame 4
651.6758 	EXP 	Display Frame 5
651.7091 	EXP 	Display Frame 6
651.7425 	EXP 	Display Frame 7
651.7758 	EXP 	Display Frame 8
651.8091 	EXP 	Display Frame 9
651.8425 	EXP 	Display Frame 0
651.8758 	EXP 	Display Frame 1
651.9091 	EXP 	Display Frame 2
651.9425 	EXP 	Display Frame 3
651.9758 	EXP 	Display Frame 4
652.0091 	EXP 	Display Frame 5
652.0424 	EXP 	Display Frame 6
652.0758 	EXP 	Display Frame 7
652.1093 	DATA 	Keypress: equal
652.1103 	EXP 	Display Frame 8
652.1425 	EXP 	Display Frame 9
652.1758 	EXP 	Display Frame 0
652.2091 	EXP 	Display Frame 1
652.2425 	EXP 	Display Frame 2
652.2758 	EXP 	Display Frame 3
652.3091 	EXP 	Display Frame 4
652.3425 	EXP 	Display Frame 5
652.3758 	EXP 	Display Frame 6
652.4091 	EXP 	Display Frame 7
652.4425 	EXP 	Display Frame 8
652.4758 	EXP 	Display Frame 9
652.5092 	EXP 	Display Frame 0
652.5424 	EXP 	Display Frame 1
652.5758 	EXP 	Display Frame 2
652.6091 	EXP 	Display Frame 3
652.6425 	EXP 	Display Frame 4
652.6758 	EXP 	Display Frame 5
652.7091 	EXP 	Display Frame 6
652.7425 	EXP 	Display Frame 7
652.7758 	EXP 	Display Frame 8
652.8091 	EXP 	Display Frame 9
652.8425 	EXP 	Display Frame 0
652.8758 	EXP 	Display Frame 1
652.9091 	EXP 	Display Frame 2
652.9424 	EXP 	Display Frame 3
652.9758 	EXP 	Display Frame 4
653.0091 	EXP 	Display Frame 5
653.0425 	EXP 	Display Frame 6
653.0758 	EXP 	Display Frame 7
653.1091 	EXP 	Display Frame 8
653.1425 	EXP 	Display Frame 9
653.1758 	EXP 	Display Frame 0
653.2091 	EXP 	Display Frame 1
653.2425 	EXP 	Display Frame 2
653.2758 	EXP 	Display Frame 3
653.3091 	EXP 	Display Frame 4
653.3426 	EXP 	Display Frame 5
653.3758 	EXP 	Display Frame 6
653.4092 	EXP 	Display Frame 7
653.4424 	EXP 	Display Frame 8
653.4758 	EXP 	Display Frame 9
653.5092 	EXP 	Display Frame 0
653.5424 	EXP 	Display Frame 1
653.5758 	EXP 	Display Frame 2
653.6091 	EXP 	Display Frame 3
653.6425 	EXP 	Display Frame 4
653.6758 	EXP 	Display Frame 5
653.7091 	EXP 	Display Frame 6
653.7425 	EXP 	Display Frame 7
653.7758 	EXP 	Display Frame 8
653.8092 	EXP 	Display Frame 9
653.8424 	EXP 	Display Frame 0
653.8758 	EXP 	Display Frame 1
653.9091 	EXP 	Display Frame 2
653.9425 	EXP 	Display Frame 3
653.9758 	EXP 	Display Frame 4
654.0091 	EXP 	Display Frame 5
654.0425 	EXP 	Display Frame 6
654.0758 	EXP 	Display Frame 7
654.1091 	EXP 	Display Frame 8
654.1425 	EXP 	Display Frame 9
654.1758 	EXP 	Display Frame 0
654.2091 	EXP 	Display Frame 1
654.2424 	EXP 	Display Frame 2
654.2758 	EXP 	Display Frame 3
654.3091 	EXP 	Display Frame 4
654.3425 	EXP 	Display Frame 5
654.3758 	EXP 	Display Frame 6
654.4091 	EXP 	Display Frame 7
654.4424 	EXP 	Display Frame 8
654.4758 	EXP 	Display Frame 9
654.5091 	EXP 	Display Frame 0
654.5424 	EXP 	Display Frame 1
654.5758 	EXP 	Display Frame 2
654.6091 	EXP 	Display Frame 3
654.6425 	EXP 	Display Frame 4
654.6758 	EXP 	Display Frame 5
654.7091 	EXP 	Display Frame 6
654.7424 	EXP 	Display Frame 7
654.7758 	EXP 	Display Frame 8
654.8091 	EXP 	Display Frame 9
654.8424 	EXP 	Display Frame 0
654.8758 	EXP 	Display Frame 1
654.9091 	EXP 	Display Frame 2
654.9425 	EXP 	Display Frame 3
654.9758 	EXP 	Display Frame 4
655.0091 	EXP 	Display Frame 5
655.0424 	EXP 	Display Frame 6
655.0758 	EXP 	Display Frame 7
655.1091 	EXP 	Display Frame 8
655.1424 	EXP 	Display Frame 9
655.1758 	EXP 	Display Frame 0
655.2091 	EXP 	Display Frame 1
655.2425 	EXP 	Display Frame 2
655.2758 	EXP 	Display Frame 3
655.3091 	EXP 	Display Frame 4
655.3425 	EXP 	Display Frame 5
655.3758 	EXP 	Display Frame 6
655.4091 	EXP 	Display Frame 7
655.4425 	EXP 	Display Frame 8
655.4758 	EXP 	Display Frame 9
655.5091 	EXP 	Display Frame 0
655.5424 	EXP 	Display Frame 1
655.5758 	EXP 	Display Frame 2
655.6091 	EXP 	Display Frame 3
655.6425 	EXP 	Display Frame 4
655.6758 	EXP 	Display Frame 5
655.7091 	EXP 	Display Frame 6
655.7425 	EXP 	Display Frame 7
655.7758 	EXP 	Display Frame 8
655.8091 	EXP 	Display Frame 9
655.8425 	EXP 	Display Frame 0
655.8758 	EXP 	Display Frame 1
655.9091 	EXP 	Display Frame 2
655.9425 	EXP 	Display Frame 3
655.9758 	EXP 	Display Frame 4
656.0091 	EXP 	Display Frame 5
656.0425 	EXP 	Display Frame 6
656.0758 	EXP 	Display Frame 7
656.1091 	EXP 	Display Frame 8
656.1425 	EXP 	Display Frame 9
656.1758 	EXP 	Display Frame 0
656.2091 	EXP 	Display Frame 1
656.2425 	EXP 	Display Frame 2
656.2758 	EXP 	Display Frame 3
656.3091 	EXP 	Display Frame 4
656.3425 	EXP 	Display Frame 5
656.3758 	EXP 	Display Frame 6
656.4091 	EXP 	Display Frame 7
656.4425 	EXP 	Display Frame 8
656.4758 	EXP 	Display Frame 9
656.5091 	EXP 	Display Frame 0
656.5424 	EXP 	Display Frame 1
656.5758 	EXP 	Display Frame 2
656.6091 	EXP 	Display Frame 3
656.6425 	EXP 	Display Frame 4
656.6758 	EXP 	Display Frame 5
656.7091 	EXP 	Display Frame 6
656.7424 	EXP 	Display Frame 7
656.7758 	EXP 	Display Frame 8
656.8091 	EXP 	Display Frame 9
656.8425 	EXP 	Display Frame 0
656.8758 	EXP 	Display Frame 1
656.9091 	EXP 	Display Frame 2
656.9425 	EXP 	Display Frame 3
656.9758 	EXP 	Display Frame 4
657.0091 	EXP 	Display Frame 5
657.0424 	EXP 	Display Frame 6
657.0758 	EXP 	Display Frame 7
657.1091 	EXP 	Display Frame 8
657.1428 	EXP 	Display Frame 9
657.1758 	EXP 	Display Frame 0
657.2091 	EXP 	Display Frame 1
657.2425 	EXP 	Display Frame 2
657.2758 	EXP 	Display Frame 3
657.3092 	DATA 	Keypress: equal
657.3103 	EXP 	Display Frame 4
657.3425 	EXP 	Display Frame 5
657.3758 	EXP 	Display Frame 6
657.4092 	EXP 	Display Frame 7
657.4424 	EXP 	Display Frame 8
657.4758 	EXP 	Display Frame 9
657.5092 	EXP 	Display Frame 0
657.5426 	EXP 	Display Frame 1
657.5758 	EXP 	Display Frame 2
657.6091 	EXP 	Display Frame 3
657.6424 	EXP 	Display Frame 4
657.6758 	EXP 	Display Frame 5
657.7092 	EXP 	Display Frame 6
657.7424 	EXP 	Display Frame 7
657.7758 	EXP 	Display Frame 8
657.8091 	EXP 	Display Frame 9
657.8425 	EXP 	Display Frame 0
657.8758 	EXP 	Display Frame 1
657.9091 	EXP 	Display Frame 2
657.9424 	EXP 	Display Frame 3
657.9758 	EXP 	Display Frame 4
658.0091 	EXP 	Display Frame 5
658.0425 	EXP 	Display Frame 6
658.0758 	EXP 	Display Frame 7
658.1091 	EXP 	Display Frame 8
658.1424 	EXP 	Display Frame 9
658.1758 	EXP 	Display Frame 0
658.2091 	EXP 	Display Frame 1
658.2425 	EXP 	Display Frame 2
658.2758 	EXP 	Display Frame 3
658.3091 	EXP 	Display Frame 4
658.3425 	EXP 	Display Frame 5
658.3758 	EXP 	Display Frame 6
658.4091 	EXP 	Display Frame 7
658.4425 	EXP 	Display Frame 8
658.4758 	EXP 	Display Frame 9
658.5091 	EXP 	Display Frame 0
658.5424 	EXP 	Display Frame 1
658.5758 	EXP 	Display Frame 2
658.6091 	EXP 	Display Frame 3
658.6424 	EXP 	Display Frame 4
658.6760 	EXP 	Display Frame 5
658.7091 	EXP 	Display Frame 6
658.7425 	EXP 	Display Frame 7
658.7758 	EXP 	Display Frame 8
658.8091 	EXP 	Display Frame 9
658.8425 	EXP 	Display Frame 0
658.8758 	EXP 	Display Frame 1
658.9091 	EXP 	Display Frame 2
658.9424 	EXP 	Display Frame 3
658.9758 	EXP 	Display Frame 4
659.0091 	EXP 	Display Frame 5
659.0425 	EXP 	Display Frame 6
659.0758 	EXP 	Display Frame 7
659.1091 	EXP 	Display Frame 8
659.1425 	EXP 	Display Frame 9
659.1758 	EXP 	Display Frame 0
659.2091 	EXP 	Display Frame 1
659.2424 	EXP 	Display Frame 2
659.2758 	EXP 	Display Frame 3
659.3091 	EXP 	Display Frame 4
659.3425 	EXP 	Display Frame 5
659.3758 	EXP 	Display Frame 6
659.4091 	EXP 	Display Frame 7
659.4425 	EXP 	Display Frame 8
659.4758 	EXP 	Display Frame 9
659.5092 	EXP 	Display Frame 0
659.5424 	EXP 	Display Frame 1
659.5758 	EXP 	Display Frame 2
659.6091 	EXP 	Display Frame 3
659.6425 	EXP 	Display Frame 4
659.6758 	EXP 	Display Frame 5
659.7091 	EXP 	Display Frame 6
659.7425 	EXP 	Display Frame 7
659.7758 	EXP 	Display Frame 8
659.8091 	EXP 	Display Frame 9
659.8425 	EXP 	Display Frame 0
659.8758 	EXP 	Display Frame 1
659.9091 	EXP 	Display Frame 2
659.9424 	EXP 	Display Frame 3
659.9758 	EXP 	Display Frame 4
660.0091 	EXP 	Display Frame 5
660.0425 	EXP 	Display Frame 6
660.0758 	EXP 	Display Frame 7
660.1091 	EXP 	Display Frame 8
660.1425 	EXP 	Display Frame 9
660.1758 	EXP 	Display Frame 0
660.2091 	EXP 	Display Frame 1
660.2425 	EXP 	Display Frame 2
660.2758 	EXP 	Display Frame 3
660.3091 	EXP 	Display Frame 4
660.3425 	EXP 	Display Frame 5
660.3758 	EXP 	Display Frame 6
660.4091 	EXP 	Display Frame 7
660.4425 	EXP 	Display Frame 8
660.4758 	EXP 	Display Frame 9
660.5101 	EXP 	Display Frame 0
660.5424 	EXP 	Display Frame 1
660.5758 	EXP 	Display Frame 2
660.6091 	EXP 	Display Frame 3
660.6425 	EXP 	Display Frame 4
660.6758 	EXP 	Display Frame 5
660.7091 	EXP 	Display Frame 6
660.7425 	EXP 	Display Frame 7
660.7758 	EXP 	Display Frame 8
660.8091 	EXP 	Display Frame 9
660.8424 	EXP 	Display Frame 0
660.8758 	EXP 	Display Frame 1
660.9091 	EXP 	Display Frame 2
660.9424 	EXP 	Display Frame 3
660.9758 	EXP 	Display Frame 4
661.0091 	EXP 	Display Frame 5
661.0424 	EXP 	Display Frame 6
661.0758 	EXP 	Display Frame 7
661.1091 	EXP 	Display Frame 8
661.1425 	EXP 	Display Frame 9
661.1758 	EXP 	Display Frame 0
661.2091 	EXP 	Display Frame 1
661.2424 	EXP 	Display Frame 2
661.2758 	EXP 	Display Frame 3
661.3091 	EXP 	Display Frame 4
661.3425 	EXP 	Display Frame 5
661.3758 	EXP 	Display Frame 6
661.4091 	EXP 	Display Frame 7
661.4424 	EXP 	Display Frame 8
661.4758 	EXP 	Display Frame 9
661.5091 	EXP 	Display Frame 0
661.5424 	EXP 	Display Frame 1
661.5758 	EXP 	Display Frame 2
661.6091 	EXP 	Display Frame 3
661.6425 	EXP 	Display Frame 4
661.6758 	EXP 	Display Frame 5
661.7091 	EXP 	Display Frame 6
661.7424 	EXP 	Display Frame 7
661.7760 	EXP 	Display Frame 8
661.8094 	EXP 	Display Frame 9
661.8426 	EXP 	Display Frame 0
661.8758 	EXP 	Display Frame 1
661.9091 	EXP 	Display Frame 2
661.9425 	EXP 	Display Frame 3
661.9758 	EXP 	Display Frame 4
662.0092 	EXP 	Display Frame 5
662.0425 	EXP 	Display Frame 6
662.0758 	EXP 	Display Frame 7
662.1091 	EXP 	Display Frame 8
662.1425 	EXP 	Display Frame 9
662.1758 	EXP 	Display Frame 0
662.2091 	EXP 	Display Frame 1
662.2425 	EXP 	Display Frame 2
662.2758 	EXP 	Display Frame 3
662.3091 	EXP 	Display Frame 4
662.3425 	EXP 	Display Frame 5
662.3758 	EXP 	Display Frame 6
662.4091 	EXP 	Display Frame 7
662.4424 	EXP 	Display Frame 8
662.4759 	DATA 	Keypress: equal
662.4770 	EXP 	Display Frame 9
662.5091 	EXP 	Display Frame 0
662.5424 	EXP 	Display Frame 1
662.5758 	EXP 	Display Frame 2
662.6091 	EXP 	Display Frame 3
662.6425 	EXP 	Display Frame 4
662.6758 	EXP 	Display Frame 5
662.7091 	EXP 	Display Frame 6
662.7425 	EXP 	Display Frame 7
662.7758 	EXP 	Display Frame 8
662.8091 	EXP 	Display Frame 9
662.8425 	EXP 	Display Frame 0
662.8758 	EXP 	Display Frame 1
662.9091 	EXP 	Display Frame 2
662.9425 	EXP 	Display Frame 3
662.9758 	EXP 	Display Frame 4
663.0092 	EXP 	Display Frame 5
663.0425 	EXP 	Display Frame 6
663.0758 	EXP 	Display Frame 7
663.1091 	EXP 	Display Frame 8
663.1425 	EXP 	Display Frame 9
663.1758 	EXP 	Display Frame 0
663.2091 	EXP 	Display Frame 1
663.2424 	EXP 	Display Frame 2
663.2758 	EXP 	Display Frame 3
663.3091 	EXP 	Display Frame 4
663.3424 	EXP 	Display Frame 5
663.3758 	EXP 	Display Frame 6
663.4091 	EXP 	Display Frame 7
663.4425 	EXP 	Display Frame 8
663.4761 	EXP 	Display Frame 9
663.5091 	EXP 	Display Frame 0
663.5425 	EXP 	Display Frame 1
663.5758 	EXP 	Display Frame 2
663.6091 	EXP 	Display Frame 3
663.6425 	EXP 	Display Frame 4
663.6758 	EXP 	Display Frame 5
663.7091 	EXP 	Display Frame 6
663.7425 	EXP 	Display Frame 7
663.7758 	EXP 	Display Frame 8
663.8091 	EXP 	Display Frame 9
663.8425 	EXP 	Display Frame 0
663.8758 	EXP 	Display Frame 1
663.9091 	EXP 	Display Frame 2
663.9425 	EXP 	Display Frame 3
663.9758 	EXP 	Display Frame 4
664.0093 	EXP 	Display Frame 5
664.0425 	EXP 	Display Frame 6
664.0758 	EXP 	Display Frame 7
664.1091 	EXP 	Display Frame 8
664.1425 	EXP 	Display Frame 9
664.1758 	EXP 	Display Frame 0
664.2091 	EXP 	Display Frame 1
664.2425 	EXP 	Display Frame 2
664.2758 	EXP 	Display Frame 3
664.3091 	EXP 	Display Frame 4
664.3425 	EXP 	Display Frame 5
664.3758 	EXP 	Display Frame 6
664.4091 	EXP 	Display Frame 7
664.4424 	EXP 	Display Frame 8
664.4758 	EXP 	Display Frame 9
664.5091 	EXP 	Display Frame 0
664.5424 	EXP 	Display Frame 1
664.5758 	EXP 	Display Frame 2
664.6091 	EXP 	Display Frame 3
664.6425 	EXP 	Display Frame 4
664.6758 	EXP 	Display Frame 5
664.7091 	EXP 	Display Frame 6
664.7424 	EXP 	Display Frame 7
664.7758 	EXP 	Display Frame 8
664.8091 	EXP 	Display Frame 9
664.8425 	EXP 	Display Frame 0
664.8758 	EXP 	Display Frame 1
664.9091 	EXP 	Display Frame 2
664.9425 	EXP 	Display Frame 3
664.9758 	EXP 	Display Frame 4
665.0091 	EXP 	Display Frame 5
665.0425 	EXP 	Display Frame 6
665.0758 	EXP 	Display Frame 7
665.1091 	EXP 	Display Frame 8
665.1424 	EXP 	Display Frame 9
665.1758 	EXP 	Display Frame 0
665.2091 	EXP 	Display Frame 1
665.2425 	EXP 	Display Frame 2
665.2758 	EXP 	Display Frame 3
665.3091 	EXP 	Display Frame 4
665.3425 	EXP 	Display Frame 5
665.3758 	EXP 	Display Frame 6
665.4091 	EXP 	Display Frame 7
665.4424 	EXP 	Display Frame 8
665.4758 	EXP 	Display Frame 9
665.5091 	EXP 	Display Frame 0
665.5424 	EXP 	Display Frame 1
665.5758 	EXP 	Display Frame 2
665.6091 	EXP 	Display Frame 3
665.6424 	EXP 	Display Frame 4
665.6758 	EXP 	Display Frame 5
665.7091 	EXP 	Display Frame 6
665.7424 	EXP 	Display Frame 7
665.7758 	EXP 	Display Frame 8
665.8091 	EXP 	Display Frame 9
665.8425 	EXP 	Display Frame 0
665.8758 	EXP 	Display Frame 1
665.9091 	EXP 	Display Frame 2
665.9424 	EXP 	Display Frame 3
665.9759 	EXP 	Display Frame 4
666.0092 	EXP 	Display Frame 5
666.0424 	EXP 	Display Frame 6
666.0758 	EXP 	Display Frame 7
666.1091 	EXP 	Display Frame 8
666.1425 	EXP 	Display Frame 9
666.1758 	EXP 	Display Frame 0
666.2091 	EXP 	Display Frame 1
666.2424 	EXP 	Display Frame 2
666.2758 	EXP 	Display Frame 3
666.3091 	EXP 	Display Frame 4
666.3425 	EXP 	Display Frame 5
666.3758 	EXP 	Display Frame 6
666.4091 	EXP 	Display Frame 7
666.4425 	EXP 	Display Frame 8
666.4758 	EXP 	Display Frame 9
666.5091 	EXP 	Display Frame 0
666.5424 	EXP 	Display Frame 1
666.5758 	EXP 	Display Frame 2
666.6091 	EXP 	Display Frame 3
666.6425 	EXP 	Display Frame 4
666.6758 	EXP 	Display Frame 5
666.7092 	EXP 	Display Frame 6
666.7425 	EXP 	Display Frame 7
666.7758 	EXP 	Display Frame 8
666.8091 	EXP 	Display Frame 9
666.8425 	EXP 	Display Frame 0
666.8758 	EXP 	Display Frame 1
666.9091 	EXP 	Display Frame 2
666.9425 	EXP 	Display Frame 3
666.9758 	EXP 	Display Frame 4
667.0092 	EXP 	Display Frame 5
667.0424 	EXP 	Display Frame 6
667.0758 	EXP 	Display Frame 7
667.1092 	EXP 	Display Frame 8
667.1424 	EXP 	Display Frame 9
667.1758 	EXP 	Display Frame 0
667.2091 	EXP 	Display Frame 1
667.2425 	EXP 	Display Frame 2
667.2758 	EXP 	Display Frame 3
667.3091 	EXP 	Display Frame 4
667.3424 	EXP 	Display Frame 5
667.3758 	EXP 	Display Frame 6
667.4091 	EXP 	Display Frame 7
667.4424 	EXP 	Display Frame 8
667.4758 	EXP 	Display Frame 9
667.5092 	EXP 	Display Frame 0
667.5424 	EXP 	Display Frame 1
667.5758 	EXP 	Display Frame 2
667.6091 	EXP 	Display Frame 3
667.6425 	EXP 	Display Frame 4
667.6759 	DATA 	Keypress: equal
667.6769 	EXP 	Display Frame 5
667.6886 	EXP 	Display Fixation
672.8627 	DATA 	Keypress: equal
678.0565 	DATA 	Keypress: equal
683.2506 	DATA 	Keypress: equal
688.4434 	DATA 	Keypress: equal
693.6377 	DATA 	Keypress: equal
698.8306 	DATA 	Keypress: equal
698.8651 	EXP 	Display Frame 1
698.8983 	EXP 	Display Frame 2
698.9317 	EXP 	Display Frame 3
698.9649 	EXP 	Display Frame 4
698.9983 	EXP 	Display Frame 5
699.0316 	EXP 	Display Frame 6
699.0649 	EXP 	Display Frame 7
699.0982 	EXP 	Display Frame 8
699.1316 	EXP 	Display Frame 9
699.1649 	EXP 	Display Frame 0
699.1983 	EXP 	Display Frame 1
699.2316 	EXP 	Display Frame 2
699.2649 	EXP 	Display Frame 3
699.2982 	EXP 	Display Frame 4
699.3315 	EXP 	Display Frame 5
699.3649 	EXP 	Display Frame 6
699.3982 	EXP 	Display Frame 7
699.4316 	EXP 	Display Frame 8
699.4649 	EXP 	Display Frame 9
699.4983 	EXP 	Display Frame 0
699.5316 	EXP 	Display Frame 1
699.5649 	EXP 	Display Frame 2
699.5983 	EXP 	Display Frame 3
699.6316 	EXP 	Display Frame 4
699.6649 	EXP 	Display Frame 5
699.6982 	EXP 	Display Frame 6
699.7316 	EXP 	Display Frame 7
699.7649 	EXP 	Display Frame 8
699.7982 	EXP 	Display Frame 9
699.8315 	EXP 	Display Frame 0
699.8648 	EXP 	Display Frame 1
699.8982 	EXP 	Display Frame 2
699.9316 	EXP 	Display Frame 3
699.9649 	EXP 	Display Frame 4
699.9982 	EXP 	Display Frame 5
700.0315 	EXP 	Display Frame 6
700.0649 	EXP 	Display Frame 7
700.0982 	EXP 	Display Frame 8
700.1316 	EXP 	Display Frame 9
700.1649 	EXP 	Display Frame 0
700.1982 	EXP 	Display Frame 1
700.2316 	EXP 	Display Frame 2
700.2649 	EXP 	Display Frame 3
700.2983 	EXP 	Display Frame 4
700.3316 	EXP 	Display Frame 5
700.3649 	EXP 	Display Frame 6
700.3983 	EXP 	Display Frame 7
700.4316 	EXP 	Display Frame 8
700.4649 	EXP 	Display Frame 9
700.4982 	EXP 	Display Frame 0
700.5316 	EXP 	Display Frame 1
700.5649 	EXP 	Display Frame 2
700.5982 	EXP 	Display Frame 3
700.6316 	EXP 	Display Frame 4
700.6649 	EXP 	Display Frame 5
700.6982 	EXP 	Display Frame 6
700.7316 	EXP 	Display Frame 7
700.7649 	EXP 	Display Frame 8
700.7982 	EXP 	Display Frame 9
700.8316 	EXP 	Display Frame 0
700.8648 	EXP 	Display Frame 1
700.8982 	EXP 	Display Frame 2
700.9316 	EXP 	Display Frame 3
700.9649 	EXP 	Display Frame 4
700.9982 	EXP 	Display Frame 5
701.0315 	EXP 	Display Frame 6
701.0649 	EXP 	Display Frame 7
701.0982 	EXP 	Display Frame 8
701.1316 	EXP 	Display Frame 9
701.1649 	EXP 	Display Frame 0
701.1982 	EXP 	Display Frame 1
701.2316 	EXP 	Display Frame 2
701.2649 	EXP 	Display Frame 3
701.2984 	EXP 	Display Frame 4
701.3315 	EXP 	Display Frame 5
701.3649 	EXP 	Display Frame 6
701.3982 	EXP 	Display Frame 7
701.4316 	EXP 	Display Frame 8
701.4649 	EXP 	Display Frame 9
701.4982 	EXP 	Display Frame 0
701.5316 	EXP 	Display Frame 1
701.5652 	EXP 	Display Frame 2
701.5983 	EXP 	Display Frame 3
701.6316 	EXP 	Display Frame 4
701.6649 	EXP 	Display Frame 5
701.6982 	EXP 	Display Frame 6
701.7316 	EXP 	Display Frame 7
701.7649 	EXP 	Display Frame 8
701.7982 	EXP 	Display Frame 9
701.8316 	EXP 	Display Frame 0
701.8649 	EXP 	Display Frame 1
701.8982 	EXP 	Display Frame 2
701.9316 	EXP 	Display Frame 3
701.9649 	EXP 	Display Frame 4
701.9982 	EXP 	Display Frame 5
702.0316 	EXP 	Display Frame 6
702.0649 	EXP 	Display Frame 7
702.0982 	EXP 	Display Frame 8
702.1316 	EXP 	Display Frame 9
702.1649 	EXP 	Display Frame 0
702.1982 	EXP 	Display Frame 1
702.2316 	EXP 	Display Frame 2
702.2649 	EXP 	Display Frame 3
702.2982 	EXP 	Display Frame 4
702.3316 	EXP 	Display Frame 5
702.3649 	EXP 	Display Frame 6
702.3982 	EXP 	Display Frame 7
702.4316 	EXP 	Display Frame 8
702.4649 	EXP 	Display Frame 9
702.4982 	EXP 	Display Frame 0
702.5315 	EXP 	Display Frame 1
702.5649 	EXP 	Display Frame 2
702.5982 	EXP 	Display Frame 3
702.6316 	EXP 	Display Frame 4
702.6649 	EXP 	Display Frame 5
702.6982 	EXP 	Display Frame 6
702.7316 	EXP 	Display Frame 7
702.7649 	EXP 	Display Frame 8
702.7982 	EXP 	Display Frame 9
702.8316 	EXP 	Display Frame 0
702.8649 	EXP 	Display Frame 1
702.8982 	EXP 	Display Frame 2
702.9316 	EXP 	Display Frame 3
702.9649 	EXP 	Display Frame 4
702.9982 	EXP 	Display Frame 5
703.0315 	EXP 	Display Frame 6
703.0649 	EXP 	Display Frame 7
703.0982 	EXP 	Display Frame 8
703.1316 	EXP 	Display Frame 9
703.1649 	EXP 	Display Frame 0
703.1982 	EXP 	Display Frame 1
703.2316 	EXP 	Display Frame 2
703.2649 	EXP 	Display Frame 3
703.2982 	EXP 	Display Frame 4
703.3316 	EXP 	Display Frame 5
703.3649 	EXP 	Display Frame 6
703.3982 	EXP 	Display Frame 7
703.4316 	EXP 	Display Frame 8
703.4649 	EXP 	Display Frame 9
703.4982 	EXP 	Display Frame 0
703.5316 	EXP 	Display Frame 1
703.5649 	EXP 	Display Frame 2
703.5983 	EXP 	Display Frame 3
703.6316 	EXP 	Display Frame 4
703.6649 	EXP 	Display Frame 5
703.6982 	EXP 	Display Frame 6
703.7315 	EXP 	Display Frame 7
703.7649 	EXP 	Display Frame 8
703.7982 	EXP 	Display Frame 9
703.8316 	EXP 	Display Frame 0
703.8648 	EXP 	Display Frame 1
703.8982 	EXP 	Display Frame 2
703.9316 	EXP 	Display Frame 3
703.9649 	EXP 	Display Frame 4
703.9982 	EXP 	Display Frame 5
704.0317 	DATA 	Keypress: equal
704.0327 	EXP 	Display Frame 6
704.0649 	EXP 	Display Frame 7
704.0982 	EXP 	Display Frame 8
704.1316 	EXP 	Display Frame 9
704.1649 	EXP 	Display Frame 0
704.1982 	EXP 	Display Frame 1
704.2316 	EXP 	Display Frame 2
704.2649 	EXP 	Display Frame 3
704.2983 	EXP 	Display Frame 4
704.3316 	EXP 	Display Frame 5
704.3649 	EXP 	Display Frame 6
704.3982 	EXP 	Display Frame 7
704.4316 	EXP 	Display Frame 8
704.4649 	EXP 	Display Frame 9
704.4982 	EXP 	Display Frame 0
704.5316 	EXP 	Display Frame 1
704.5649 	EXP 	Display Frame 2
704.5982 	EXP 	Display Frame 3
704.6316 	EXP 	Display Frame 4
704.6649 	EXP 	Display Frame 5
704.6982 	EXP 	Display Frame 6
704.7316 	EXP 	Display Frame 7
704.7649 	EXP 	Display Frame 8
704.7982 	EXP 	Display Frame 9
704.8316 	EXP 	Display Frame 0
704.8648 	EXP 	Display Frame 1
704.8982 	EXP 	Display Frame 2
704.9316 	EXP 	Display Frame 3
704.9649 	EXP 	Display Frame 4
704.9982 	EXP 	Display Frame 5
705.0316 	EXP 	Display Frame 6
705.0649 	EXP 	Display Frame 7
705.0982 	EXP 	Display Frame 8
705.1316 	EXP 	Display Frame 9
705.1649 	EXP 	Display Frame 0
705.1982 	EXP 	Display Frame 1
705.2315 	EXP 	Display Frame 2
705.2649 	EXP 	Display Frame 3
705.2982 	EXP 	Display Frame 4
705.3316 	EXP 	Display Frame 5
705.3649 	EXP 	Display Frame 6
705.3982 	EXP 	Display Frame 7
705.4316 	EXP 	Display Frame 8
705.4649 	EXP 	Display Frame 9
705.4982 	EXP 	Display Frame 0
705.5315 	EXP 	Display Frame 1
705.5649 	EXP 	Display Frame 2
705.5982 	EXP 	Display Frame 3
705.6316 	EXP 	Display Frame 4
705.6649 	EXP 	Display Frame 5
705.6982 	EXP 	Display Frame 6
705.7316 	EXP 	Display Frame 7
705.7649 	EXP 	Display Frame 8
705.7982 	EXP 	Display Frame 9
705.8316 	EXP 	Display Frame 0
705.8648 	EXP 	Display Frame 1
705.8982 	EXP 	Display Frame 2
705.9316 	EXP 	Display Frame 3
705.9649 	EXP 	Display Frame 4
705.9982 	EXP 	Display Frame 5
706.0316 	EXP 	Display Frame 6
706.0649 	EXP 	Display Frame 7
706.0982 	EXP 	Display Frame 8
706.1316 	EXP 	Display Frame 9
706.1649 	EXP 	Display Frame 0
706.1982 	EXP 	Display Frame 1
706.2316 	EXP 	Display Frame 2
706.2649 	EXP 	Display Frame 3
706.2983 	EXP 	Display Frame 4
706.3315 	EXP 	Display Frame 5
706.3649 	EXP 	Display Frame 6
706.3982 	EXP 	Display Frame 7
706.4316 	EXP 	Display Frame 8
706.4649 	EXP 	Display Frame 9
706.4982 	EXP 	Display Frame 0
706.5316 	EXP 	Display Frame 1
706.5649 	EXP 	Display Frame 2
706.5982 	EXP 	Display Frame 3
706.6317 	EXP 	Display Frame 4
706.6649 	EXP 	Display Frame 5
706.6982 	EXP 	Display Frame 6
706.7316 	EXP 	Display Frame 7
706.7649 	EXP 	Display Frame 8
706.7982 	EXP 	Display Frame 9
706.8315 	EXP 	Display Frame 0
706.8648 	EXP 	Display Frame 1
706.8982 	EXP 	Display Frame 2
706.9316 	EXP 	Display Frame 3
706.9649 	EXP 	Display Frame 4
706.9982 	EXP 	Display Frame 5
707.0315 	EXP 	Display Frame 6
707.0649 	EXP 	Display Frame 7
707.0982 	EXP 	Display Frame 8
707.1316 	EXP 	Display Frame 9
707.1649 	EXP 	Display Frame 0
707.1982 	EXP 	Display Frame 1
707.2316 	EXP 	Display Frame 2
707.2649 	EXP 	Display Frame 3
707.2982 	EXP 	Display Frame 4
707.3315 	EXP 	Display Frame 5
707.3649 	EXP 	Display Frame 6
707.3982 	EXP 	Display Frame 7
707.4316 	EXP 	Display Frame 8
707.4649 	EXP 	Display Frame 9
707.4982 	EXP 	Display Frame 0
707.5316 	EXP 	Display Frame 1
707.5649 	EXP 	Display Frame 2
707.5982 	EXP 	Display Frame 3
707.6316 	EXP 	Display Frame 4
707.6649 	EXP 	Display Frame 5
707.6982 	EXP 	Display Frame 6
707.7316 	EXP 	Display Frame 7
707.7649 	EXP 	Display Frame 8
707.7982 	EXP 	Display Frame 9
707.8316 	EXP 	Display Frame 0
707.8648 	EXP 	Display Frame 1
707.8985 	EXP 	Display Frame 2
707.9316 	EXP 	Display Frame 3
707.9649 	EXP 	Display Frame 4
707.9982 	EXP 	Display Frame 5
708.0316 	EXP 	Display Frame 6
708.0649 	EXP 	Display Frame 7
708.0983 	EXP 	Display Frame 8
708.1316 	EXP 	Display Frame 9
708.1649 	EXP 	Display Frame 0
708.1982 	EXP 	Display Frame 1
708.2316 	EXP 	Display Frame 2
708.2649 	EXP 	Display Frame 3
708.2982 	EXP 	Display Frame 4
708.3316 	EXP 	Display Frame 5
708.3649 	EXP 	Display Frame 6
708.3982 	EXP 	Display Frame 7
708.4316 	EXP 	Display Frame 8
708.4649 	EXP 	Display Frame 9
708.4982 	EXP 	Display Frame 0
708.5315 	EXP 	Display Frame 1
708.5649 	EXP 	Display Frame 2
708.5982 	EXP 	Display Frame 3
708.6316 	EXP 	Display Frame 4
708.6649 	EXP 	Display Frame 5
708.6982 	EXP 	Display Frame 6
708.7316 	EXP 	Display Frame 7
708.7649 	EXP 	Display Frame 8
708.7982 	EXP 	Display Frame 9
708.8316 	EXP 	Display Frame 0
708.8648 	EXP 	Display Frame 1
708.8982 	EXP 	Display Frame 2
708.9316 	EXP 	Display Frame 3
708.9649 	EXP 	Display Frame 4
708.9982 	EXP 	Display Frame 5
709.0316 	EXP 	Display Frame 6
709.0663 	EXP 	Display Frame 7
709.0982 	EXP 	Display Frame 8
709.1316 	EXP 	Display Frame 9
709.1649 	EXP 	Display Frame 0
709.1982 	EXP 	Display Frame 1
709.2317 	DATA 	Keypress: equal
709.2327 	EXP 	Display Frame 2
709.2649 	EXP 	Display Frame 3
709.2982 	EXP 	Display Frame 4
709.3315 	EXP 	Display Frame 5
709.3649 	EXP 	Display Frame 6
709.3982 	EXP 	Display Frame 7
709.4316 	EXP 	Display Frame 8
709.4649 	EXP 	Display Frame 9
709.4982 	EXP 	Display Frame 0
709.5316 	EXP 	Display Frame 1
709.5649 	EXP 	Display Frame 2
709.5982 	EXP 	Display Frame 3
709.6316 	EXP 	Display Frame 4
709.6649 	EXP 	Display Frame 5
709.6982 	EXP 	Display Frame 6
709.7316 	EXP 	Display Frame 7
709.7649 	EXP 	Display Frame 8
709.7982 	EXP 	Display Frame 9
709.8316 	EXP 	Display Frame 0
709.8648 	EXP 	Display Frame 1
709.8983 	EXP 	Display Frame 2
709.9316 	EXP 	Display Frame 3
709.9649 	EXP 	Display Frame 4
709.9982 	EXP 	Display Frame 5
710.0315 	EXP 	Display Frame 6
710.0649 	EXP 	Display Frame 7
710.0982 	EXP 	Display Frame 8
710.1316 	EXP 	Display Frame 9
710.1649 	EXP 	Display Frame 0
710.1982 	EXP 	Display Frame 1
710.2315 	EXP 	Display Frame 2
710.2649 	EXP 	Display Frame 3
710.2983 	EXP 	Display Frame 4
710.3315 	EXP 	Display Frame 5
710.3649 	EXP 	Display Frame 6
710.3982 	EXP 	Display Frame 7
710.4316 	EXP 	Display Frame 8
710.4649 	EXP 	Display Frame 9
710.4982 	EXP 	Display Frame 0
710.5316 	EXP 	Display Frame 1
710.5649 	EXP 	Display Frame 2
710.5982 	EXP 	Display Frame 3
710.6316 	EXP 	Display Frame 4
710.6649 	EXP 	Display Frame 5
710.6982 	EXP 	Display Frame 6
710.7316 	EXP 	Display Frame 7
710.7649 	EXP 	Display Frame 8
710.7982 	EXP 	Display Frame 9
710.8316 	EXP 	Display Frame 0
710.8648 	EXP 	Display Frame 1
710.8983 	EXP 	Display Frame 2
710.9316 	EXP 	Display Frame 3
710.9649 	EXP 	Display Frame 4
710.9982 	EXP 	Display Frame 5
711.0315 	EXP 	Display Frame 6
711.0649 	EXP 	Display Frame 7
711.0982 	EXP 	Display Frame 8
711.1316 	EXP 	Display Frame 9
711.1649 	EXP 	Display Frame 0
711.1982 	EXP 	Display Frame 1
711.2316 	EXP 	Display Frame 2
711.2649 	EXP 	Display Frame 3
711.2982 	EXP 	Display Frame 4
711.3316 	EXP 	Display Frame 5
711.3649 	EXP 	Display Frame 6
711.3982 	EXP 	Display Frame 7
711.4316 	EXP 	Display Frame 8
711.4649 	EXP 	Display Frame 9
711.4983 	EXP 	Display Frame 0
711.5316 	EXP 	Display Frame 1
711.5649 	EXP 	Display Frame 2
711.5982 	EXP 	Display Frame 3
711.6316 	EXP 	Display Frame 4
711.6649 	EXP 	Display Frame 5
711.6982 	EXP 	Display Frame 6
711.7316 	EXP 	Display Frame 7
711.7649 	EXP 	Display Frame 8
711.7982 	EXP 	Display Frame 9
711.8315 	EXP 	Display Frame 0
711.8648 	EXP 	Display Frame 1
711.8982 	EXP 	Display Frame 2
711.9315 	EXP 	Display Frame 3
711.9650 	EXP 	Display Frame 4
711.9982 	EXP 	Display Frame 5
712.0316 	EXP 	Display Frame 6
712.0649 	EXP 	Display Frame 7
712.0982 	EXP 	Display Frame 8
712.1316 	EXP 	Display Frame 9
712.1649 	EXP 	Display Frame 0
712.1982 	EXP 	Display Frame 1
712.2316 	EXP 	Display Frame 2
712.2649 	EXP 	Display Frame 3
712.2982 	EXP 	Display Frame 4
712.3315 	EXP 	Display Frame 5
712.3649 	EXP 	Display Frame 6
712.3982 	EXP 	Display Frame 7
712.4316 	EXP 	Display Frame 8
712.4649 	EXP 	Display Frame 9
712.4982 	EXP 	Display Frame 0
712.5316 	EXP 	Display Frame 1
712.5649 	EXP 	Display Frame 2
712.5983 	EXP 	Display Frame 3
712.6315 	EXP 	Display Frame 4
712.6649 	EXP 	Display Frame 5
712.6983 	EXP 	Display Frame 6
712.7315 	EXP 	Display Frame 7
712.7649 	EXP 	Display Frame 8
712.7982 	EXP 	Display Frame 9
712.8316 	EXP 	Display Frame 0
712.8648 	EXP 	Display Frame 1
712.8983 	EXP 	Display Frame 2
712.9316 	EXP 	Display Frame 3
712.9649 	EXP 	Display Frame 4
712.9982 	EXP 	Display Frame 5
713.0316 	EXP 	Display Frame 6
713.0649 	EXP 	Display Frame 7
713.0982 	EXP 	Display Frame 8
713.1316 	EXP 	Display Frame 9
713.1649 	EXP 	Display Frame 0
713.1982 	EXP 	Display Frame 1
713.2316 	EXP 	Display Frame 2
713.2649 	EXP 	Display Frame 3
713.2982 	EXP 	Display Frame 4
713.3316 	EXP 	Display Frame 5
713.3649 	EXP 	Display Frame 6
713.3982 	EXP 	Display Frame 7
713.4316 	EXP 	Display Frame 8
713.4649 	EXP 	Display Frame 9
713.4982 	EXP 	Display Frame 0
713.5315 	EXP 	Display Frame 1
713.5649 	EXP 	Display Frame 2
713.5982 	EXP 	Display Frame 3
713.6316 	EXP 	Display Frame 4
713.6649 	EXP 	Display Frame 5
713.6982 	EXP 	Display Frame 6
713.7316 	EXP 	Display Frame 7
713.7649 	EXP 	Display Frame 8
713.7982 	EXP 	Display Frame 9
713.8316 	EXP 	Display Frame 0
713.8648 	EXP 	Display Frame 1
713.8982 	EXP 	Display Frame 2
713.9316 	EXP 	Display Frame 3
713.9649 	EXP 	Display Frame 4
713.9982 	EXP 	Display Frame 5
714.0316 	EXP 	Display Frame 6
714.0649 	EXP 	Display Frame 7
714.0983 	EXP 	Display Frame 8
714.1315 	EXP 	Display Frame 9
714.1649 	EXP 	Display Frame 0
714.1982 	EXP 	Display Frame 1
714.2318 	EXP 	Display Frame 2
714.2650 	EXP 	Display Frame 3
714.2983 	EXP 	Display Frame 4
714.3316 	EXP 	Display Frame 5
714.3649 	EXP 	Display Frame 6
714.3983 	EXP 	Display Frame 7
714.4317 	DATA 	Keypress: equal
714.4327 	EXP 	Display Frame 8
714.4649 	EXP 	Display Frame 9
714.4982 	EXP 	Display Frame 0
714.5316 	EXP 	Display Frame 1
714.5649 	EXP 	Display Frame 2
714.5982 	EXP 	Display Frame 3
714.6316 	EXP 	Display Frame 4
714.6649 	EXP 	Display Frame 5
714.6982 	EXP 	Display Frame 6
714.7316 	EXP 	Display Frame 7
714.7649 	EXP 	Display Frame 8
714.7982 	EXP 	Display Frame 9
714.8316 	EXP 	Display Frame 0
714.8649 	EXP 	Display Frame 1
714.8982 	EXP 	Display Frame 2
714.9316 	EXP 	Display Frame 3
714.9649 	EXP 	Display Frame 4
714.9982 	EXP 	Display Frame 5
715.0316 	EXP 	Display Frame 6
715.0649 	EXP 	Display Frame 7
715.0982 	EXP 	Display Frame 8
715.1316 	EXP 	Display Frame 9
715.1649 	EXP 	Display Frame 0
715.1982 	EXP 	Display Frame 1
715.2316 	EXP 	Display Frame 2
715.2649 	EXP 	Display Frame 3
715.2982 	EXP 	Display Frame 4
715.3316 	EXP 	Display Frame 5
715.3649 	EXP 	Display Frame 6
715.3982 	EXP 	Display Frame 7
715.4316 	EXP 	Display Frame 8
715.4649 	EXP 	Display Frame 9
715.4982 	EXP 	Display Frame 0
715.5316 	EXP 	Display Frame 1
715.5649 	EXP 	Display Frame 2
715.5982 	EXP 	Display Frame 3
715.6316 	EXP 	Display Frame 4
715.6649 	EXP 	Display Frame 5
715.6982 	EXP 	Display Frame 6
715.7316 	EXP 	Display Frame 7
715.7649 	EXP 	Display Frame 8
715.7982 	EXP 	Display Frame 9
715.8316 	EXP 	Display Frame 0
715.8648 	EXP 	Display Frame 1
715.8982 	EXP 	Display Frame 2
715.9316 	EXP 	Display Frame 3
715.9649 	EXP 	Display Frame 4
715.9982 	EXP 	Display Frame 5
716.0316 	EXP 	Display Frame 6
716.0649 	EXP 	Display Frame 7
716.0982 	EXP 	Display Frame 8
716.1316 	EXP 	Display Frame 9
716.1649 	EXP 	Display Frame 0
716.1982 	EXP 	Display Frame 1
716.2316 	EXP 	Display Frame 2
716.2649 	EXP 	Display Frame 3
716.2982 	EXP 	Display Frame 4
716.3316 	EXP 	Display Frame 5
716.3649 	EXP 	Display Frame 6
716.3982 	EXP 	Display Frame 7
716.4316 	EXP 	Display Frame 8
716.4649 	EXP 	Display Frame 9
716.4982 	EXP 	Display Frame 0
716.5316 	EXP 	Display Frame 1
716.5649 	EXP 	Display Frame 2
716.5983 	EXP 	Display Frame 3
716.6316 	EXP 	Display Frame 4
716.6649 	EXP 	Display Frame 5
716.6982 	EXP 	Display Frame 6
716.7316 	EXP 	Display Frame 7
716.7649 	EXP 	Display Frame 8
716.7983 	EXP 	Display Frame 9
716.8315 	EXP 	Display Frame 0
716.8648 	EXP 	Display Frame 1
716.8982 	EXP 	Display Frame 2
716.9316 	EXP 	Display Frame 3
716.9649 	EXP 	Display Frame 4
716.9982 	EXP 	Display Frame 5
717.0316 	EXP 	Display Frame 6
717.0649 	EXP 	Display Frame 7
717.0982 	EXP 	Display Frame 8
717.1316 	EXP 	Display Frame 9
717.1649 	EXP 	Display Frame 0
717.1982 	EXP 	Display Frame 1
717.2316 	EXP 	Display Frame 2
717.2649 	EXP 	Display Frame 3
717.2984 	EXP 	Display Frame 4
717.3316 	EXP 	Display Frame 5
717.3649 	EXP 	Display Frame 6
717.3983 	EXP 	Display Frame 7
717.4316 	EXP 	Display Frame 8
717.4649 	EXP 	Display Frame 9
717.4982 	EXP 	Display Frame 0
717.5315 	EXP 	Display Frame 1
717.5649 	EXP 	Display Frame 2
717.5982 	EXP 	Display Frame 3
717.6316 	EXP 	Display Frame 4
717.6649 	EXP 	Display Frame 5
717.6982 	EXP 	Display Frame 6
717.7315 	EXP 	Display Frame 7
717.7649 	EXP 	Display Frame 8
717.7982 	EXP 	Display Frame 9
717.8315 	EXP 	Display Frame 0
717.8648 	EXP 	Display Frame 1
717.8982 	EXP 	Display Frame 2
717.9316 	EXP 	Display Frame 3
717.9650 	EXP 	Display Frame 4
717.9982 	EXP 	Display Frame 5
718.0316 	EXP 	Display Frame 6
718.0649 	EXP 	Display Frame 7
718.0982 	EXP 	Display Frame 8
718.1316 	EXP 	Display Frame 9
718.1649 	EXP 	Display Frame 0
718.1982 	EXP 	Display Frame 1
718.2316 	EXP 	Display Frame 2
718.2649 	EXP 	Display Frame 3
718.2983 	EXP 	Display Frame 4
718.3315 	EXP 	Display Frame 5
718.3649 	EXP 	Display Frame 6
718.3983 	EXP 	Display Frame 7
718.4316 	EXP 	Display Frame 8
718.4649 	EXP 	Display Frame 9
718.4982 	EXP 	Display Frame 0
718.5316 	EXP 	Display Frame 1
718.5649 	EXP 	Display Frame 2
718.5983 	EXP 	Display Frame 3
718.6316 	EXP 	Display Frame 4
718.6649 	EXP 	Display Frame 5
718.6982 	EXP 	Display Frame 6
718.7316 	EXP 	Display Frame 7
718.7649 	EXP 	Display Frame 8
718.7982 	EXP 	Display Frame 9
718.8316 	EXP 	Display Frame 0
718.8648 	EXP 	Display Frame 1
718.8983 	EXP 	Display Frame 2
718.9316 	EXP 	Display Frame 3
718.9649 	EXP 	Display Frame 4
718.9982 	EXP 	Display Frame 5
719.0316 	EXP 	Display Frame 6
719.0649 	EXP 	Display Frame 7
719.0982 	EXP 	Display Frame 8
719.1316 	EXP 	Display Frame 9
719.1649 	EXP 	Display Frame 0
719.1982 	EXP 	Display Frame 1
719.2316 	EXP 	Display Frame 2
719.2649 	EXP 	Display Frame 3
719.2982 	EXP 	Display Frame 4
719.3316 	EXP 	Display Frame 5
719.3649 	EXP 	Display Frame 6
719.3982 	EXP 	Display Frame 7
719.4315 	EXP 	Display Frame 8
719.4649 	EXP 	Display Frame 9
719.4982 	EXP 	Display Frame 0
719.5316 	EXP 	Display Frame 1
719.5649 	EXP 	Display Frame 2
719.5982 	EXP 	Display Frame 3
719.6316 	DATA 	Keypress: equal
719.6327 	EXP 	Display Frame 4
719.6649 	EXP 	Display Frame 5
719.6982 	EXP 	Display Frame 6
719.7316 	EXP 	Display Frame 7
719.7649 	EXP 	Display Frame 8
719.7982 	EXP 	Display Frame 9
719.8315 	EXP 	Display Frame 0
719.8648 	EXP 	Display Frame 1
719.8982 	EXP 	Display Frame 2
719.9315 	EXP 	Display Frame 3
719.9649 	EXP 	Display Frame 4
719.9982 	EXP 	Display Frame 5
720.0316 	EXP 	Display Frame 6
720.0649 	EXP 	Display Frame 7
720.0983 	EXP 	Display Frame 8
720.1316 	EXP 	Display Frame 9
720.1649 	EXP 	Display Frame 0
720.1982 	EXP 	Display Frame 1
720.2316 	EXP 	Display Frame 2
720.2649 	EXP 	Display Frame 3
720.2982 	EXP 	Display Frame 4
720.3316 	EXP 	Display Frame 5
720.3649 	EXP 	Display Frame 6
720.3982 	EXP 	Display Frame 7
720.4315 	EXP 	Display Frame 8
720.4649 	EXP 	Display Frame 9
720.4982 	EXP 	Display Frame 0
720.5316 	EXP 	Display Frame 1
720.5649 	EXP 	Display Frame 2
720.5985 	EXP 	Display Frame 3
720.6316 	EXP 	Display Frame 4
720.6649 	EXP 	Display Frame 5
720.6982 	EXP 	Display Frame 6
720.7316 	EXP 	Display Frame 7
720.7649 	EXP 	Display Frame 8
720.7982 	EXP 	Display Frame 9
720.8316 	EXP 	Display Frame 0
720.8649 	EXP 	Display Frame 1
720.8982 	EXP 	Display Frame 2
720.9316 	EXP 	Display Frame 3
720.9649 	EXP 	Display Frame 4
720.9982 	EXP 	Display Frame 5
721.0316 	EXP 	Display Frame 6
721.0649 	EXP 	Display Frame 7
721.0982 	EXP 	Display Frame 8
721.1316 	EXP 	Display Frame 9
721.1649 	EXP 	Display Frame 0
721.1982 	EXP 	Display Frame 1
721.2316 	EXP 	Display Frame 2
721.2649 	EXP 	Display Frame 3
721.2983 	EXP 	Display Frame 4
721.3316 	EXP 	Display Frame 5
721.3649 	EXP 	Display Frame 6
721.3982 	EXP 	Display Frame 7
721.4316 	EXP 	Display Frame 8
721.4649 	EXP 	Display Frame 9
721.4982 	EXP 	Display Frame 0
721.5316 	EXP 	Display Frame 1
721.5649 	EXP 	Display Frame 2
721.5983 	EXP 	Display Frame 3
721.6316 	EXP 	Display Frame 4
721.6649 	EXP 	Display Frame 5
721.6983 	EXP 	Display Frame 6
721.7317 	EXP 	Display Frame 7
721.7649 	EXP 	Display Frame 8
721.7983 	EXP 	Display Frame 9
721.8316 	EXP 	Display Frame 0
721.8648 	EXP 	Display Frame 1
721.8982 	EXP 	Display Frame 2
721.9315 	EXP 	Display Frame 3
721.9649 	EXP 	Display Frame 4
721.9982 	EXP 	Display Frame 5
722.0316 	EXP 	Display Frame 6
722.0649 	EXP 	Display Frame 7
722.0982 	EXP 	Display Frame 8
722.1315 	EXP 	Display Frame 9
722.1649 	EXP 	Display Frame 0
722.1982 	EXP 	Display Frame 1
722.2316 	EXP 	Display Frame 2
722.2649 	EXP 	Display Frame 3
722.2982 	EXP 	Display Frame 4
722.3315 	EXP 	Display Frame 5
722.3649 	EXP 	Display Frame 6
722.3983 	EXP 	Display Frame 7
722.4316 	EXP 	Display Frame 8
722.4649 	EXP 	Display Frame 9
722.4982 	EXP 	Display Frame 0
722.5315 	EXP 	Display Frame 1
722.5649 	EXP 	Display Frame 2
722.5982 	EXP 	Display Frame 3
722.6317 	EXP 	Display Frame 4
722.6649 	EXP 	Display Frame 5
722.6982 	EXP 	Display Frame 6
722.7315 	EXP 	Display Frame 7
722.7649 	EXP 	Display Frame 8
722.7983 	EXP 	Display Frame 9
722.8315 	EXP 	Display Frame 0
722.8648 	EXP 	Display Frame 1
722.8982 	EXP 	Display Frame 2
722.9316 	EXP 	Display Frame 3
722.9649 	EXP 	Display Frame 4
722.9983 	EXP 	Display Frame 5
723.0315 	EXP 	Display Frame 6
723.0649 	EXP 	Display Frame 7
723.0982 	EXP 	Display Frame 8
723.1316 	EXP 	Display Frame 9
723.1649 	EXP 	Display Frame 0
723.1982 	EXP 	Display Frame 1
723.2316 	EXP 	Display Frame 2
723.2649 	EXP 	Display Frame 3
723.2982 	EXP 	Display Frame 4
723.3315 	EXP 	Display Frame 5
723.3649 	EXP 	Display Frame 6
723.3982 	EXP 	Display Frame 7
723.4316 	EXP 	Display Frame 8
723.4649 	EXP 	Display Frame 9
723.4982 	EXP 	Display Frame 0
723.5316 	EXP 	Display Frame 1
723.5649 	EXP 	Display Frame 2
723.5982 	EXP 	Display Frame 3
723.6316 	EXP 	Display Frame 4
723.6649 	EXP 	Display Frame 5
723.6982 	EXP 	Display Frame 6
723.7316 	EXP 	Display Frame 7
723.7649 	EXP 	Display Frame 8
723.7982 	EXP 	Display Frame 9
723.8316 	EXP 	Display Frame 0
723.8648 	EXP 	Display Frame 1
723.8982 	EXP 	Display Frame 2
723.9316 	EXP 	Display Frame 3
723.9649 	EXP 	Display Frame 4
723.9982 	EXP 	Display Frame 5
724.0315 	EXP 	Display Frame 6
724.0649 	EXP 	Display Frame 7
724.0982 	EXP 	Display Frame 8
724.1316 	EXP 	Display Frame 9
724.1649 	EXP 	Display Frame 0
724.1982 	EXP 	Display Frame 1
724.2316 	EXP 	Display Frame 2
724.2649 	EXP 	Display Frame 3
724.2982 	EXP 	Display Frame 4
724.3315 	EXP 	Display Frame 5
724.3649 	EXP 	Display Frame 6
724.3982 	EXP 	Display Frame 7
724.4316 	EXP 	Display Frame 8
724.4649 	EXP 	Display Frame 9
724.4982 	EXP 	Display Frame 0
724.5316 	EXP 	Display Frame 1
724.5649 	EXP 	Display Frame 2
724.5982 	EXP 	Display Frame 3
724.6316 	EXP 	Display Frame 4
724.6650 	EXP 	Display Frame 5
724.6982 	EXP 	Display Frame 6
724.7315 	EXP 	Display Frame 7
724.7649 	EXP 	Display Frame 8
724.7983 	EXP 	Display Frame 9
724.7990 	DATA 	Keypress: equal
724.8316 	EXP 	Display Frame 0
724.8648 	EXP 	Display Frame 1
724.8983 	EXP 	Display Frame 2
724.9316 	EXP 	Display Frame 3
724.9649 	EXP 	Display Frame 4
724.9982 	EXP 	Display Frame 5
725.0316 	EXP 	Display Frame 6
725.0649 	EXP 	Display Frame 7
725.0982 	EXP 	Display Frame 8
725.1316 	EXP 	Display Frame 9
725.1649 	EXP 	Display Frame 0
725.1982 	EXP 	Display Frame 1
725.2316 	EXP 	Display Frame 2
725.2649 	EXP 	Display Frame 3
725.2982 	EXP 	Display Frame 4
725.3316 	EXP 	Display Frame 5
725.3649 	EXP 	Display Frame 6
725.3982 	EXP 	Display Frame 7
725.4316 	EXP 	Display Frame 8
725.4649 	EXP 	Display Frame 9
725.4982 	EXP 	Display Frame 0
725.5316 	EXP 	Display Frame 1
725.5649 	EXP 	Display Frame 2
725.5982 	EXP 	Display Frame 3
725.6316 	EXP 	Display Frame 4
725.6649 	EXP 	Display Frame 5
725.6982 	EXP 	Display Frame 6
725.7316 	EXP 	Display Frame 7
725.7649 	EXP 	Display Frame 8
725.7982 	EXP 	Display Frame 9
725.8316 	EXP 	Display Frame 0
725.8648 	EXP 	Display Frame 1
725.8983 	EXP 	Display Frame 2
725.9315 	EXP 	Display Frame 3
725.9650 	EXP 	Display Frame 4
725.9984 	EXP 	Display Frame 5
726.0315 	EXP 	Display Frame 6
726.0649 	EXP 	Display Frame 7
726.0982 	EXP 	Display Frame 8
726.1316 	EXP 	Display Frame 9
726.1649 	EXP 	Display Frame 0
726.1983 	EXP 	Display Frame 1
726.2316 	EXP 	Display Frame 2
726.2649 	EXP 	Display Frame 3
726.2982 	EXP 	Display Frame 4
726.3315 	EXP 	Display Frame 5
726.3649 	EXP 	Display Frame 6
726.3982 	EXP 	Display Frame 7
726.4316 	EXP 	Display Frame 8
726.4649 	EXP 	Display Frame 9
726.4982 	EXP 	Display Frame 0
726.5316 	EXP 	Display Frame 1
726.5649 	EXP 	Display Frame 2
726.5982 	EXP 	Display Frame 3
726.6316 	EXP 	Display Frame 4
726.6649 	EXP 	Display Frame 5
726.6983 	EXP 	Display Frame 6
726.7316 	EXP 	Display Frame 7
726.7649 	EXP 	Display Frame 8
726.7982 	EXP 	Display Frame 9
726.8315 	EXP 	Display Frame 0
726.8648 	EXP 	Display Frame 1
726.8982 	EXP 	Display Frame 2
726.9318 	EXP 	Display Frame 3
726.9649 	EXP 	Display Frame 4
726.9983 	EXP 	Display Frame 5
727.0316 	EXP 	Display Frame 6
727.0649 	EXP 	Display Frame 7
727.0982 	EXP 	Display Frame 8
727.1316 	EXP 	Display Frame 9
727.1649 	EXP 	Display Frame 0
727.1982 	EXP 	Display Frame 1
727.2316 	EXP 	Display Frame 2
727.2649 	EXP 	Display Frame 3
727.2983 	EXP 	Display Frame 4
727.3316 	EXP 	Display Frame 5
727.3649 	EXP 	Display Frame 6
727.3982 	EXP 	Display Frame 7
727.4316 	EXP 	Display Frame 8
727.4649 	EXP 	Display Frame 9
727.4983 	EXP 	Display Frame 0
727.5316 	EXP 	Display Frame 1
727.5649 	EXP 	Display Frame 2
727.5982 	EXP 	Display Frame 3
727.6316 	EXP 	Display Frame 4
727.6649 	EXP 	Display Frame 5
727.6982 	EXP 	Display Frame 6
727.7315 	EXP 	Display Frame 7
727.7649 	EXP 	Display Frame 8
727.7983 	EXP 	Display Frame 9
727.8316 	EXP 	Display Frame 0
727.8648 	EXP 	Display Frame 1
727.8983 	EXP 	Display Frame 2
727.9316 	EXP 	Display Frame 3
727.9651 	EXP 	Display Frame 4
727.9982 	EXP 	Display Frame 5
728.0316 	EXP 	Display Frame 6
728.0649 	EXP 	Display Frame 7
728.0982 	EXP 	Display Frame 8
728.1316 	EXP 	Display Frame 9
728.1649 	EXP 	Display Frame 0
728.1982 	EXP 	Display Frame 1
728.2315 	EXP 	Display Frame 2
728.2649 	EXP 	Display Frame 3
728.2982 	EXP 	Display Frame 4
728.3316 	EXP 	Display Frame 5
728.3649 	EXP 	Display Frame 6
728.3982 	EXP 	Display Frame 7
728.4316 	EXP 	Display Frame 8
728.4649 	EXP 	Display Frame 9
728.4983 	EXP 	Display Frame 0
728.5316 	EXP 	Display Frame 1
728.5649 	EXP 	Display Frame 2
728.5982 	EXP 	Display Frame 3
728.6316 	EXP 	Display Frame 4
728.6649 	EXP 	Display Frame 5
728.6982 	EXP 	Display Frame 6
728.7315 	EXP 	Display Frame 7
728.7649 	EXP 	Display Frame 8
728.7982 	EXP 	Display Frame 9
728.8316 	EXP 	Display Frame 0
728.8648 	EXP 	Display Frame 1
728.8982 	EXP 	Display Frame 2
728.9316 	EXP 	Display Frame 3
728.9649 	EXP 	Display Frame 4
728.9983 	EXP 	Display Frame 5
729.0315 	EXP 	Display Frame 6
729.0649 	EXP 	Display Frame 7
729.0982 	EXP 	Display Frame 8
729.1316 	EXP 	Display Frame 9
729.1649 	EXP 	Display Frame 0
729.1982 	EXP 	Display Frame 1
729.2316 	EXP 	Display Frame 2
729.2649 	EXP 	Display Frame 3
729.2983 	EXP 	Display Frame 4
729.3315 	EXP 	Display Frame 5
729.3649 	EXP 	Display Frame 6
729.3982 	EXP 	Display Frame 7
729.4316 	EXP 	Display Frame 8
729.4649 	EXP 	Display Frame 9
729.4982 	EXP 	Display Frame 0
729.5316 	EXP 	Display Frame 1
729.5649 	EXP 	Display Frame 2
729.5983 	EXP 	Display Frame 3
729.6316 	EXP 	Display Frame 4
729.6649 	EXP 	Display Frame 5
729.6982 	EXP 	Display Frame 6
729.7316 	EXP 	Display Frame 7
729.7649 	EXP 	Display Frame 8
729.7982 	EXP 	Display Frame 9
729.8316 	EXP 	Display Frame 0
729.8648 	EXP 	Display Frame 1
729.8982 	EXP 	Display Frame 2
729.9316 	EXP 	Display Frame 3
729.9649 	EXP 	Display Frame 4
729.9983 	DATA 	Keypress: equal
729.9994 	EXP 	Display Frame 5
730.0054 	EXP 	Display Fixation
735.1859 	DATA 	Keypress: equal
740.3800 	DATA 	Keypress: equal
745.5729 	DATA 	Keypress: equal
750.7670 	DATA 	Keypress: equal
755.9600 	DATA 	Keypress: equal
761.1533 	DATA 	Keypress: equal
761.1878 	EXP 	Display Frame 1
761.2210 	EXP 	Display Frame 2
761.2544 	EXP 	Display Frame 3
761.2877 	EXP 	Display Frame 4
761.3210 	EXP 	Display Frame 5
761.3544 	EXP 	Display Frame 6
761.3877 	EXP 	Display Frame 7
761.4210 	EXP 	Display Frame 8
761.4544 	EXP 	Display Frame 9
761.4877 	EXP 	Display Frame 0
761.5210 	EXP 	Display Frame 1
761.5543 	EXP 	Display Frame 2
761.5877 	EXP 	Display Frame 3
761.6210 	EXP 	Display Frame 4
761.6543 	EXP 	Display Frame 5
761.6877 	EXP 	Display Frame 6
761.7210 	EXP 	Display Frame 7
761.7543 	EXP 	Display Frame 8
761.7877 	EXP 	Display Frame 9
761.8210 	EXP 	Display Frame 0
761.8543 	EXP 	Display Frame 1
761.8876 	EXP 	Display Frame 2
761.9210 	EXP 	Display Frame 3
761.9543 	EXP 	Display Frame 4
761.9876 	EXP 	Display Frame 5
762.0209 	EXP 	Display Frame 6
762.0543 	EXP 	Display Frame 7
762.0877 	EXP 	Display Frame 8
762.1210 	EXP 	Display Frame 9
762.1551 	EXP 	Display Frame 0
762.1877 	EXP 	Display Frame 1
762.2210 	EXP 	Display Frame 2
762.2543 	EXP 	Display Frame 3
762.2877 	EXP 	Display Frame 4
762.3209 	EXP 	Display Frame 5
762.3543 	EXP 	Display Frame 6
762.3876 	EXP 	Display Frame 7
762.4210 	EXP 	Display Frame 8
762.4543 	EXP 	Display Frame 9
762.4876 	EXP 	Display Frame 0
762.5209 	EXP 	Display Frame 1
762.5543 	EXP 	Display Frame 2
762.5876 	EXP 	Display Frame 3
762.6210 	EXP 	Display Frame 4
762.6543 	EXP 	Display Frame 5
762.6876 	EXP 	Display Frame 6
762.7210 	EXP 	Display Frame 7
762.7543 	EXP 	Display Frame 8
762.7877 	EXP 	Display Frame 9
762.8210 	EXP 	Display Frame 0
762.8543 	EXP 	Display Frame 1
762.8876 	EXP 	Display Frame 2
762.9210 	EXP 	Display Frame 3
762.9543 	EXP 	Display Frame 4
762.9876 	EXP 	Display Frame 5
763.0210 	EXP 	Display Frame 6
763.0543 	EXP 	Display Frame 7
763.0876 	EXP 	Display Frame 8
763.1210 	EXP 	Display Frame 9
763.1543 	EXP 	Display Frame 0
763.1876 	EXP 	Display Frame 1
763.2209 	EXP 	Display Frame 2
763.2543 	EXP 	Display Frame 3
763.2876 	EXP 	Display Frame 4
763.3210 	EXP 	Display Frame 5
763.3543 	EXP 	Display Frame 6
763.3877 	EXP 	Display Frame 7
763.4210 	EXP 	Display Frame 8
763.4543 	EXP 	Display Frame 9
763.4876 	EXP 	Display Frame 0
763.5210 	EXP 	Display Frame 1
763.5543 	EXP 	Display Frame 2
763.5876 	EXP 	Display Frame 3
763.6210 	EXP 	Display Frame 4
763.6543 	EXP 	Display Frame 5
763.6876 	EXP 	Display Frame 6
763.7210 	EXP 	Display Frame 7
763.7543 	EXP 	Display Frame 8
763.7876 	EXP 	Display Frame 9
763.8210 	EXP 	Display Frame 0
763.8545 	EXP 	Display Frame 1
763.8876 	EXP 	Display Frame 2
763.9210 	EXP 	Display Frame 3
763.9543 	EXP 	Display Frame 4
763.9877 	EXP 	Display Frame 5
764.0210 	EXP 	Display Frame 6
764.0543 	EXP 	Display Frame 7
764.0876 	EXP 	Display Frame 8
764.1210 	EXP 	Display Frame 9
764.1543 	EXP 	Display Frame 0
764.1877 	EXP 	Display Frame 1
764.2210 	EXP 	Display Frame 2
764.2543 	EXP 	Display Frame 3
764.2876 	EXP 	Display Frame 4
764.3210 	EXP 	Display Frame 5
764.3543 	EXP 	Display Frame 6
764.3876 	EXP 	Display Frame 7
764.4210 	EXP 	Display Frame 8
764.4543 	EXP 	Display Frame 9
764.4876 	EXP 	Display Frame 0
764.5210 	EXP 	Display Frame 1
764.5543 	EXP 	Display Frame 2
764.5876 	EXP 	Display Frame 3
764.6210 	EXP 	Display Frame 4
764.6543 	EXP 	Display Frame 5
764.6876 	EXP 	Display Frame 6
764.7210 	EXP 	Display Frame 7
764.7543 	EXP 	Display Frame 8
764.7877 	EXP 	Display Frame 9
764.8209 	EXP 	Display Frame 0
764.8543 	EXP 	Display Frame 1
764.8877 	EXP 	Display Frame 2
764.9210 	EXP 	Display Frame 3
764.9543 	EXP 	Display Frame 4
764.9876 	EXP 	Display Frame 5
765.0210 	EXP 	Display Frame 6
765.0543 	EXP 	Display Frame 7
765.0876 	EXP 	Display Frame 8
765.1210 	EXP 	Display Frame 9
765.1543 	EXP 	Display Frame 0
765.1876 	EXP 	Display Frame 1
765.2211 	EXP 	Display Frame 2
765.2543 	EXP 	Display Frame 3
765.2876 	EXP 	Display Frame 4
765.3210 	EXP 	Display Frame 5
765.3543 	EXP 	Display Frame 6
765.3877 	EXP 	Display Frame 7
765.4210 	EXP 	Display Frame 8
765.4543 	EXP 	Display Frame 9
765.4876 	EXP 	Display Frame 0
765.5209 	EXP 	Display Frame 1
765.5543 	EXP 	Display Frame 2
765.5876 	EXP 	Display Frame 3
765.6210 	EXP 	Display Frame 4
765.6543 	EXP 	Display Frame 5
765.6876 	EXP 	Display Frame 6
765.7210 	EXP 	Display Frame 7
765.7543 	EXP 	Display Frame 8
765.7876 	EXP 	Display Frame 9
765.8209 	EXP 	Display Frame 0
765.8543 	EXP 	Display Frame 1
765.8876 	EXP 	Display Frame 2
765.9210 	EXP 	Display Frame 3
765.9543 	EXP 	Display Frame 4
765.9876 	EXP 	Display Frame 5
766.0210 	EXP 	Display Frame 6
766.0543 	EXP 	Display Frame 7
766.0876 	EXP 	Display Frame 8
766.1210 	EXP 	Display Frame 9
766.1543 	EXP 	Display Frame 0
766.1876 	EXP 	Display Frame 1
766.2210 	EXP 	Display Frame 2
766.2543 	EXP 	Display Frame 3
766.2876 	EXP 	Display Frame 4
766.3210 	EXP 	Display Frame 5
766.3544 	DATA 	Keypress: equal
766.3555 	EXP 	Display Frame 6
766.3876 	EXP 	Display Frame 7
766.4209 	EXP 	Display Frame 8
766.4543 	EXP 	Display Frame 9
766.4876 	EXP 	Display Frame 0
766.5210 	EXP 	Display Frame 1
766.5543 	EXP 	Display Frame 2
766.5876 	EXP 	Display Frame 3
766.6209 	EXP 	Display Frame 4
766.6543 	EXP 	Display Frame 5
766.6876 	EXP 	Display Frame 6
766.7209 	EXP 	Display Frame 7
766.7543 	EXP 	Display Frame 8
766.7876 	EXP 	Display Frame 9
766.8210 	EXP 	Display Frame 0
766.8543 	EXP 	Display Frame 1
766.8877 	EXP 	Display Frame 2
766.9210 	EXP 	Display Frame 3
766.9543 	EXP 	Display Frame 4
766.9876 	EXP 	Display Frame 5
767.0210 	EXP 	Display Frame 6
767.0543 	EXP 	Display Frame 7
767.0876 	EXP 	Display Frame 8
767.1210 	EXP 	Display Frame 9
767.1543 	EXP 	Display Frame 0
767.1876 	EXP 	Display Frame 1
767.2210 	EXP 	Display Frame 2
767.2543 	EXP 	Display Frame 3
767.2876 	EXP 	Display Frame 4
767.3209 	EXP 	Display Frame 5
767.3543 	EXP 	Display Frame 6
767.3876 	EXP 	Display Frame 7
767.4210 	EXP 	Display Frame 8
767.4543 	EXP 	Display Frame 9
767.4876 	EXP 	Display Frame 0
767.5210 	EXP 	Display Frame 1
767.5543 	EXP 	Display Frame 2
767.5876 	EXP 	Display Frame 3
767.6210 	EXP 	Display Frame 4
767.6543 	EXP 	Display Frame 5
767.6876 	EXP 	Display Frame 6
767.7210 	EXP 	Display Frame 7
767.7543 	EXP 	Display Frame 8
767.7876 	EXP 	Display Frame 9
767.8210 	EXP 	Display Frame 0
767.8543 	EXP 	Display Frame 1
767.8876 	EXP 	Display Frame 2
767.9210 	EXP 	Display Frame 3
767.9543 	EXP 	Display Frame 4
767.9876 	EXP 	Display Frame 5
768.0210 	EXP 	Display Frame 6
768.0543 	EXP 	Display Frame 7
768.0876 	EXP 	Display Frame 8
768.1210 	EXP 	Display Frame 9
768.1543 	EXP 	Display Frame 0
768.1876 	EXP 	Display Frame 1
768.2210 	EXP 	Display Frame 2
768.2543 	EXP 	Display Frame 3
768.2876 	EXP 	Display Frame 4
768.3210 	EXP 	Display Frame 5
768.3543 	EXP 	Display Frame 6
768.3876 	EXP 	Display Frame 7
768.4210 	EXP 	Display Frame 8
768.4543 	EXP 	Display Frame 9
768.4876 	EXP 	Display Frame 0
768.5209 	EXP 	Display Frame 1
768.5543 	EXP 	Display Frame 2
768.5876 	EXP 	Display Frame 3
768.6210 	EXP 	Display Frame 4
768.6543 	EXP 	Display Frame 5
768.6876 	EXP 	Display Frame 6
768.7210 	EXP 	Display Frame 7
768.7543 	EXP 	Display Frame 8
768.7876 	EXP 	Display Frame 9
768.8209 	EXP 	Display Frame 0
768.8543 	EXP 	Display Frame 1
768.8876 	EXP 	Display Frame 2
768.9210 	EXP 	Display Frame 3
768.9543 	EXP 	Display Frame 4
768.9876 	EXP 	Display Frame 5
769.0210 	EXP 	Display Frame 6
769.0543 	EXP 	Display Frame 7
769.0876 	EXP 	Display Frame 8
769.1210 	EXP 	Display Frame 9
769.1543 	EXP 	Display Frame 0
769.1876 	EXP 	Display Frame 1
769.2210 	EXP 	Display Frame 2
769.2543 	EXP 	Display Frame 3
769.2877 	EXP 	Display Frame 4
769.3210 	EXP 	Display Frame 5
769.3543 	EXP 	Display Frame 6
769.3877 	EXP 	Display Frame 7
769.4210 	EXP 	Display Frame 8
769.4543 	EXP 	Display Frame 9
769.4876 	EXP 	Display Frame 0
769.5210 	EXP 	Display Frame 1
769.5543 	EXP 	Display Frame 2
769.5877 	EXP 	Display Frame 3
769.6210 	EXP 	Display Frame 4
769.6543 	EXP 	Display Frame 5
769.6876 	EXP 	Display Frame 6
769.7210 	EXP 	Display Frame 7
769.7543 	EXP 	Display Frame 8
769.7876 	EXP 	Display Frame 9
769.8210 	EXP 	Display Frame 0
769.8543 	EXP 	Display Frame 1
769.8876 	EXP 	Display Frame 2
769.9210 	EXP 	Display Frame 3
769.9543 	EXP 	Display Frame 4
769.9876 	EXP 	Display Frame 5
770.0209 	EXP 	Display Frame 6
770.0543 	EXP 	Display Frame 7
770.0876 	EXP 	Display Frame 8
770.1210 	EXP 	Display Frame 9
770.1543 	EXP 	Display Frame 0
770.1878 	EXP 	Display Frame 1
770.2210 	EXP 	Display Frame 2
770.2544 	EXP 	Display Frame 3
770.2877 	EXP 	Display Frame 4
770.3210 	EXP 	Display Frame 5
770.3543 	EXP 	Display Frame 6
770.3876 	EXP 	Display Frame 7
770.4210 	EXP 	Display Frame 8
770.4543 	EXP 	Display Frame 9
770.4876 	EXP 	Display Frame 0
770.5209 	EXP 	Display Frame 1
770.5545 	EXP 	Display Frame 2
770.5937 	EXP 	Display Frame 3
770.6209 	EXP 	Display Frame 4
770.6543 	EXP 	Display Frame 5
770.6876 	EXP 	Display Frame 6
770.7210 	EXP 	Display Frame 7
770.7543 	EXP 	Display Frame 8
770.7876 	EXP 	Display Frame 9
770.8209 	EXP 	Display Frame 0
770.8543 	EXP 	Display Frame 1
770.8877 	EXP 	Display Frame 2
770.9209 	EXP 	Display Frame 3
770.9543 	EXP 	Display Frame 4
770.9876 	EXP 	Display Frame 5
771.0209 	EXP 	Display Frame 6
771.0543 	EXP 	Display Frame 7
771.0876 	EXP 	Display Frame 8
771.1210 	EXP 	Display Frame 9
771.1543 	EXP 	Display Frame 0
771.1876 	EXP 	Display Frame 1
771.2210 	EXP 	Display Frame 2
771.2543 	EXP 	Display Frame 3
771.2876 	EXP 	Display Frame 4
771.3210 	EXP 	Display Frame 5
771.3543 	EXP 	Display Frame 6
771.3877 	EXP 	Display Frame 7
771.4210 	EXP 	Display Frame 8
771.4543 	EXP 	Display Frame 9
771.4876 	EXP 	Display Frame 0
771.5210 	EXP 	Display Frame 1
771.5544 	DATA 	Keypress: equal
771.5555 	EXP 	Display Frame 2
771.5877 	EXP 	Display Frame 3
771.6210 	EXP 	Display Frame 4
771.6543 	EXP 	Display Frame 5
771.6876 	EXP 	Display Frame 6
771.7210 	EXP 	Display Frame 7
771.7543 	EXP 	Display Frame 8
771.7876 	EXP 	Display Frame 9
771.8210 	EXP 	Display Frame 0
771.8543 	EXP 	Display Frame 1
771.8876 	EXP 	Display Frame 2
771.9210 	EXP 	Display Frame 3
771.9543 	EXP 	Display Frame 4
771.9876 	EXP 	Display Frame 5
772.0210 	EXP 	Display Frame 6
772.0543 	EXP 	Display Frame 7
772.0877 	EXP 	Display Frame 8
772.1210 	EXP 	Display Frame 9
772.1543 	EXP 	Display Frame 0
772.1876 	EXP 	Display Frame 1
772.2210 	EXP 	Display Frame 2
772.2543 	EXP 	Display Frame 3
772.2876 	EXP 	Display Frame 4
772.3210 	EXP 	Display Frame 5
772.3543 	EXP 	Display Frame 6
772.3876 	EXP 	Display Frame 7
772.4210 	EXP 	Display Frame 8
772.4543 	EXP 	Display Frame 9
772.4876 	EXP 	Display Frame 0
772.5210 	EXP 	Display Frame 1
772.5543 	EXP 	Display Frame 2
772.5876 	EXP 	Display Frame 3
772.6210 	EXP 	Display Frame 4
772.6543 	EXP 	Display Frame 5
772.6876 	EXP 	Display Frame 6
772.7210 	EXP 	Display Frame 7
772.7543 	EXP 	Display Frame 8
772.7876 	EXP 	Display Frame 9
772.8209 	EXP 	Display Frame 0
772.8543 	EXP 	Display Frame 1
772.8876 	EXP 	Display Frame 2
772.9210 	EXP 	Display Frame 3
772.9543 	EXP 	Display Frame 4
772.9876 	EXP 	Display Frame 5
773.0210 	EXP 	Display Frame 6
773.0543 	EXP 	Display Frame 7
773.0876 	EXP 	Display Frame 8
773.1210 	EXP 	Display Frame 9
773.1543 	EXP 	Display Frame 0
773.1876 	EXP 	Display Frame 1
773.2210 	EXP 	Display Frame 2
773.2543 	EXP 	Display Frame 3
773.2876 	EXP 	Display Frame 4
773.3209 	EXP 	Display Frame 5
773.3543 	EXP 	Display Frame 6
773.3877 	EXP 	Display Frame 7
773.4210 	EXP 	Display Frame 8
773.4543 	EXP 	Display Frame 9
773.4876 	EXP 	Display Frame 0
773.5210 	EXP 	Display Frame 1
773.5543 	EXP 	Display Frame 2
773.5876 	EXP 	Display Frame 3
773.6210 	EXP 	Display Frame 4
773.6543 	EXP 	Display Frame 5
773.6876 	EXP 	Display Frame 6
773.7210 	EXP 	Display Frame 7
773.7543 	EXP 	Display Frame 8
773.7876 	EXP 	Display Frame 9
773.8210 	EXP 	Display Frame 0
773.8543 	EXP 	Display Frame 1
773.8876 	EXP 	Display Frame 2
773.9210 	EXP 	Display Frame 3
773.9543 	EXP 	Display Frame 4
773.9876 	EXP 	Display Frame 5
774.0210 	EXP 	Display Frame 6
774.0543 	EXP 	Display Frame 7
774.0876 	EXP 	Display Frame 8
774.1210 	EXP 	Display Frame 9
774.1543 	EXP 	Display Frame 0
774.1876 	EXP 	Display Frame 1
774.2210 	EXP 	Display Frame 2
774.2543 	EXP 	Display Frame 3
774.2876 	EXP 	Display Frame 4
774.3210 	EXP 	Display Frame 5
774.3543 	EXP 	Display Frame 6
774.3876 	EXP 	Display Frame 7
774.4210 	EXP 	Display Frame 8
774.4543 	EXP 	Display Frame 9
774.4876 	EXP 	Display Frame 0
774.5210 	EXP 	Display Frame 1
774.5543 	EXP 	Display Frame 2
774.5876 	EXP 	Display Frame 3
774.6210 	EXP 	Display Frame 4
774.6543 	EXP 	Display Frame 5
774.6876 	EXP 	Display Frame 6
774.7210 	EXP 	Display Frame 7
774.7543 	EXP 	Display Frame 8
774.7877 	EXP 	Display Frame 9
774.8227 	EXP 	Display Frame 0
774.8542 	EXP 	Display Frame 1
774.8877 	EXP 	Display Frame 2
774.9209 	EXP 	Display Frame 3
774.9543 	EXP 	Display Frame 4
774.9876 	EXP 	Display Frame 5
775.0210 	EXP 	Display Frame 6
775.0543 	EXP 	Display Frame 7
775.0877 	EXP 	Display Frame 8
775.1210 	EXP 	Display Frame 9
775.1543 	EXP 	Display Frame 0
775.1876 	EXP 	Display Frame 1
775.2210 	EXP 	Display Frame 2
775.2543 	EXP 	Display Frame 3
775.2876 	EXP 	Display Frame 4
775.3210 	EXP 	Display Frame 5
775.3543 	EXP 	Display Frame 6
775.3877 	EXP 	Display Frame 7
775.4210 	EXP 	Display Frame 8
775.4543 	EXP 	Display Frame 9
775.4876 	EXP 	Display Frame 0
775.5210 	EXP 	Display Frame 1
775.5543 	EXP 	Display Frame 2
775.5876 	EXP 	Display Frame 3
775.6210 	EXP 	Display Frame 4
775.6543 	EXP 	Display Frame 5
775.6876 	EXP 	Display Frame 6
775.7210 	EXP 	Display Frame 7
775.7543 	EXP 	Display Frame 8
775.7876 	EXP 	Display Frame 9
775.8209 	EXP 	Display Frame 0
775.8543 	EXP 	Display Frame 1
775.8877 	EXP 	Display Frame 2
775.9210 	EXP 	Display Frame 3
775.9543 	EXP 	Display Frame 4
775.9876 	EXP 	Display Frame 5
776.0209 	EXP 	Display Frame 6
776.0543 	EXP 	Display Frame 7
776.0877 	EXP 	Display Frame 8
776.1209 	EXP 	Display Frame 9
776.1543 	EXP 	Display Frame 0
776.1876 	EXP 	Display Frame 1
776.2210 	EXP 	Display Frame 2
776.2543 	EXP 	Display Frame 3
776.2876 	EXP 	Display Frame 4
776.3210 	EXP 	Display Frame 5
776.3543 	EXP 	Display Frame 6
776.3877 	EXP 	Display Frame 7
776.4210 	EXP 	Display Frame 8
776.4543 	EXP 	Display Frame 9
776.4876 	EXP 	Display Frame 0
776.5209 	EXP 	Display Frame 1
776.5545 	EXP 	Display Frame 2
776.5877 	EXP 	Display Frame 3
776.6210 	EXP 	Display Frame 4
776.6543 	EXP 	Display Frame 5
776.6876 	EXP 	Display Frame 6
776.7210 	EXP 	Display Frame 7
776.7545 	DATA 	Keypress: equal
776.7555 	EXP 	Display Frame 8
776.7876 	EXP 	Display Frame 9
776.8210 	EXP 	Display Frame 0
776.8543 	EXP 	Display Frame 1
776.8876 	EXP 	Display Frame 2
776.9210 	EXP 	Display Frame 3
776.9543 	EXP 	Display Frame 4
776.9876 	EXP 	Display Frame 5
777.0209 	EXP 	Display Frame 6
777.0543 	EXP 	Display Frame 7
777.0876 	EXP 	Display Frame 8
777.1210 	EXP 	Display Frame 9
777.1543 	EXP 	Display Frame 0
777.1876 	EXP 	Display Frame 1
777.2210 	EXP 	Display Frame 2
777.2543 	EXP 	Display Frame 3
777.2876 	EXP 	Display Frame 4
777.3209 	EXP 	Display Frame 5
777.3543 	EXP 	Display Frame 6
777.3876 	EXP 	Display Frame 7
777.4210 	EXP 	Display Frame 8
777.4543 	EXP 	Display Frame 9
777.4876 	EXP 	Display Frame 0
777.5210 	EXP 	Display Frame 1
777.5543 	EXP 	Display Frame 2
777.5877 	EXP 	Display Frame 3
777.6210 	EXP 	Display Frame 4
777.6543 	EXP 	Display Frame 5
777.6876 	EXP 	Display Frame 6
777.7210 	EXP 	Display Frame 7
777.7543 	EXP 	Display Frame 8
777.7876 	EXP 	Display Frame 9
777.8210 	EXP 	Display Frame 0
777.8543 	EXP 	Display Frame 1
777.8877 	EXP 	Display Frame 2
777.9210 	EXP 	Display Frame 3
777.9543 	EXP 	Display Frame 4
777.9876 	EXP 	Display Frame 5
778.0210 	EXP 	Display Frame 6
778.0543 	EXP 	Display Frame 7
778.0876 	EXP 	Display Frame 8
778.1210 	EXP 	Display Frame 9
778.1543 	EXP 	Display Frame 0
778.1876 	EXP 	Display Frame 1
778.2210 	EXP 	Display Frame 2
778.2543 	EXP 	Display Frame 3
778.2876 	EXP 	Display Frame 4
778.3210 	EXP 	Display Frame 5
778.3543 	EXP 	Display Frame 6
778.3876 	EXP 	Display Frame 7
778.4210 	EXP 	Display Frame 8
778.4543 	EXP 	Display Frame 9
778.4877 	EXP 	Display Frame 0
778.5210 	EXP 	Display Frame 1
778.5543 	EXP 	Display Frame 2
778.5876 	EXP 	Display Frame 3
778.6210 	EXP 	Display Frame 4
778.6543 	EXP 	Display Frame 5
778.6876 	EXP 	Display Frame 6
778.7210 	EXP 	Display Frame 7
778.7543 	EXP 	Display Frame 8
778.7876 	EXP 	Display Frame 9
778.8210 	EXP 	Display Frame 0
778.8543 	EXP 	Display Frame 1
778.8876 	EXP 	Display Frame 2
778.9210 	EXP 	Display Frame 3
778.9543 	EXP 	Display Frame 4
778.9876 	EXP 	Display Frame 5
779.0210 	EXP 	Display Frame 6
779.0543 	EXP 	Display Frame 7
779.0876 	EXP 	Display Frame 8
779.1210 	EXP 	Display Frame 9
779.1543 	EXP 	Display Frame 0
779.1876 	EXP 	Display Frame 1
779.2209 	EXP 	Display Frame 2
779.2543 	EXP 	Display Frame 3
779.2876 	EXP 	Display Frame 4
779.3210 	EXP 	Display Frame 5
779.3543 	EXP 	Display Frame 6
779.3877 	EXP 	Display Frame 7
779.4210 	EXP 	Display Frame 8
779.4543 	EXP 	Display Frame 9
779.4876 	EXP 	Display Frame 0
779.5209 	EXP 	Display Frame 1
779.5543 	EXP 	Display Frame 2
779.5876 	EXP 	Display Frame 3
779.6210 	EXP 	Display Frame 4
779.6543 	EXP 	Display Frame 5
779.6876 	EXP 	Display Frame 6
779.7210 	EXP 	Display Frame 7
779.7543 	EXP 	Display Frame 8
779.7876 	EXP 	Display Frame 9
779.8209 	EXP 	Display Frame 0
779.8543 	EXP 	Display Frame 1
779.8876 	EXP 	Display Frame 2
779.9210 	EXP 	Display Frame 3
779.9543 	EXP 	Display Frame 4
779.9876 	EXP 	Display Frame 5
780.0210 	EXP 	Display Frame 6
780.0543 	EXP 	Display Frame 7
780.0877 	EXP 	Display Frame 8
780.1210 	EXP 	Display Frame 9
780.1543 	EXP 	Display Frame 0
780.1876 	EXP 	Display Frame 1
780.2210 	EXP 	Display Frame 2
780.2543 	EXP 	Display Frame 3
780.2877 	EXP 	Display Frame 4
780.3210 	EXP 	Display Frame 5
780.3543 	EXP 	Display Frame 6
780.3876 	EXP 	Display Frame 7
780.4210 	EXP 	Display Frame 8
780.4543 	EXP 	Display Frame 9
780.4876 	EXP 	Display Frame 0
780.5210 	EXP 	Display Frame 1
780.5543 	EXP 	Display Frame 2
780.5876 	EXP 	Display Frame 3
780.6210 	EXP 	Display Frame 4
780.6543 	EXP 	Display Frame 5
780.6876 	EXP 	Display Frame 6
780.7210 	EXP 	Display Frame 7
780.7543 	EXP 	Display Frame 8
780.7876 	EXP 	Display Frame 9
780.8210 	EXP 	Display Frame 0
780.8543 	EXP 	Display Frame 1
780.8877 	EXP 	Display Frame 2
780.9209 	EXP 	Display Frame 3
780.9543 	EXP 	Display Frame 4
780.9876 	EXP 	Display Frame 5
781.0210 	EXP 	Display Frame 6
781.0543 	EXP 	Display Frame 7
781.0876 	EXP 	Display Frame 8
781.1210 	EXP 	Display Frame 9
781.1543 	EXP 	Display Frame 0
781.1876 	EXP 	Display Frame 1
781.2211 	EXP 	Display Frame 2
781.2543 	EXP 	Display Frame 3
781.2876 	EXP 	Display Frame 4
781.3210 	EXP 	Display Frame 5
781.3543 	EXP 	Display Frame 6
781.3876 	EXP 	Display Frame 7
781.4210 	EXP 	Display Frame 8
781.4543 	EXP 	Display Frame 9
781.4876 	EXP 	Display Frame 0
781.5210 	EXP 	Display Frame 1
781.5543 	EXP 	Display Frame 2
781.5877 	EXP 	Display Frame 3
781.6210 	EXP 	Display Frame 4
781.6543 	EXP 	Display Frame 5
781.6876 	EXP 	Display Frame 6
781.7210 	EXP 	Display Frame 7
781.7543 	EXP 	Display Frame 8
781.7877 	EXP 	Display Frame 9
781.8210 	EXP 	Display Frame 0
781.8543 	EXP 	Display Frame 1
781.8876 	EXP 	Display Frame 2
781.9209 	EXP 	Display Frame 3
781.9544 	DATA 	Keypress: equal
781.9555 	EXP 	Display Frame 4
781.9876 	EXP 	Display Frame 5
782.0210 	EXP 	Display Frame 6
782.0543 	EXP 	Display Frame 7
782.0876 	EXP 	Display Frame 8
782.1210 	EXP 	Display Frame 9
782.1543 	EXP 	Display Frame 0
782.1876 	EXP 	Display Frame 1
782.2210 	EXP 	Display Frame 2
782.2543 	EXP 	Display Frame 3
782.2876 	EXP 	Display Frame 4
782.3210 	EXP 	Display Frame 5
782.3543 	EXP 	Display Frame 6
782.3876 	EXP 	Display Frame 7
782.4210 	EXP 	Display Frame 8
782.4543 	EXP 	Display Frame 9
782.4876 	EXP 	Display Frame 0
782.5210 	EXP 	Display Frame 1
782.5543 	EXP 	Display Frame 2
782.5876 	EXP 	Display Frame 3
782.6210 	EXP 	Display Frame 4
782.6543 	EXP 	Display Frame 5
782.6876 	EXP 	Display Frame 6
782.7210 	EXP 	Display Frame 7
782.7543 	EXP 	Display Frame 8
782.7876 	EXP 	Display Frame 9
782.8210 	EXP 	Display Frame 0
782.8543 	EXP 	Display Frame 1
782.8879 	EXP 	Display Frame 2
782.9210 	EXP 	Display Frame 3
782.9543 	EXP 	Display Frame 4
782.9877 	EXP 	Display Frame 5
783.0210 	EXP 	Display Frame 6
783.0543 	EXP 	Display Frame 7
783.0876 	EXP 	Display Frame 8
783.1210 	EXP 	Display Frame 9
783.1543 	EXP 	Display Frame 0
783.1876 	EXP 	Display Frame 1
783.2210 	EXP 	Display Frame 2
783.2543 	EXP 	Display Frame 3
783.2876 	EXP 	Display Frame 4
783.3210 	EXP 	Display Frame 5
783.3543 	EXP 	Display Frame 6
783.3876 	EXP 	Display Frame 7
783.4210 	EXP 	Display Frame 8
783.4543 	EXP 	Display Frame 9
783.4876 	EXP 	Display Frame 0
783.5210 	EXP 	Display Frame 1
783.5543 	EXP 	Display Frame 2
783.5876 	EXP 	Display Frame 3
783.6210 	EXP 	Display Frame 4
783.6543 	EXP 	Display Frame 5
783.6876 	EXP 	Display Frame 6
783.7210 	EXP 	Display Frame 7
783.7543 	EXP 	Display Frame 8
783.7876 	EXP 	Display Frame 9
783.8210 	EXP 	Display Frame 0
783.8543 	EXP 	Display Frame 1
783.8876 	EXP 	Display Frame 2
783.9210 	EXP 	Display Frame 3
783.9543 	EXP 	Display Frame 4
783.9876 	EXP 	Display Frame 5
784.0210 	EXP 	Display Frame 6
784.0543 	EXP 	Display Frame 7
784.0876 	EXP 	Display Frame 8
784.1210 	EXP 	Display Frame 9
784.1543 	EXP 	Display Frame 0
784.1876 	EXP 	Display Frame 1
784.2217 	EXP 	Display Frame 2
784.2543 	EXP 	Display Frame 3
784.2876 	EXP 	Display Frame 4
784.3210 	EXP 	Display Frame 5
784.3543 	EXP 	Display Frame 6
784.3876 	EXP 	Display Frame 7
784.4210 	EXP 	Display Frame 8
784.4543 	EXP 	Display Frame 9
784.4876 	EXP 	Display Frame 0
784.5209 	EXP 	Display Frame 1
784.5543 	EXP 	Display Frame 2
784.5876 	EXP 	Display Frame 3
784.6210 	EXP 	Display Frame 4
784.6543 	EXP 	Display Frame 5
784.6876 	EXP 	Display Frame 6
784.7210 	EXP 	Display Frame 7
784.7543 	EXP 	Display Frame 8
784.7877 	EXP 	Display Frame 9
784.8210 	EXP 	Display Frame 0
784.8543 	EXP 	Display Frame 1
784.8876 	EXP 	Display Frame 2
784.9210 	EXP 	Display Frame 3
784.9543 	EXP 	Display Frame 4
784.9876 	EXP 	Display Frame 5
785.0209 	EXP 	Display Frame 6
785.0543 	EXP 	Display Frame 7
785.0876 	EXP 	Display Frame 8
785.1210 	EXP 	Display Frame 9
785.1543 	EXP 	Display Frame 0
785.1876 	EXP 	Display Frame 1
785.2210 	EXP 	Display Frame 2
785.2543 	EXP 	Display Frame 3
785.2876 	EXP 	Display Frame 4
785.3209 	EXP 	Display Frame 5
785.3543 	EXP 	Display Frame 6
785.3876 	EXP 	Display Frame 7
785.4210 	EXP 	Display Frame 8
785.4543 	EXP 	Display Frame 9
785.4876 	EXP 	Display Frame 0
785.5210 	EXP 	Display Frame 1
785.5543 	EXP 	Display Frame 2
785.5877 	EXP 	Display Frame 3
785.6210 	EXP 	Display Frame 4
785.6543 	EXP 	Display Frame 5
785.6876 	EXP 	Display Frame 6
785.7209 	EXP 	Display Frame 7
785.7543 	EXP 	Display Frame 8
785.7876 	EXP 	Display Frame 9
785.8210 	EXP 	Display Frame 0
785.8543 	EXP 	Display Frame 1
785.8876 	EXP 	Display Frame 2
785.9210 	EXP 	Display Frame 3
785.9543 	EXP 	Display Frame 4
785.9877 	EXP 	Display Frame 5
786.0210 	EXP 	Display Frame 6
786.0543 	EXP 	Display Frame 7
786.0876 	EXP 	Display Frame 8
786.1210 	EXP 	Display Frame 9
786.1543 	EXP 	Display Frame 0
786.1876 	EXP 	Display Frame 1
786.2210 	EXP 	Display Frame 2
786.2543 	EXP 	Display Frame 3
786.2876 	EXP 	Display Frame 4
786.3210 	EXP 	Display Frame 5
786.3543 	EXP 	Display Frame 6
786.3876 	EXP 	Display Frame 7
786.4210 	EXP 	Display Frame 8
786.4543 	EXP 	Display Frame 9
786.4876 	EXP 	Display Frame 0
786.5209 	EXP 	Display Frame 1
786.5544 	EXP 	Display Frame 2
786.5876 	EXP 	Display Frame 3
786.6210 	EXP 	Display Frame 4
786.6543 	EXP 	Display Frame 5
786.6876 	EXP 	Display Frame 6
786.7210 	EXP 	Display Frame 7
786.7543 	EXP 	Display Frame 8
786.7877 	EXP 	Display Frame 9
786.8210 	EXP 	Display Frame 0
786.8543 	EXP 	Display Frame 1
786.8876 	EXP 	Display Frame 2
786.9210 	EXP 	Display Frame 3
786.9543 	EXP 	Display Frame 4
786.9877 	EXP 	Display Frame 5
787.0209 	EXP 	Display Frame 6
787.0543 	EXP 	Display Frame 7
787.0876 	EXP 	Display Frame 8
787.1209 	EXP 	Display Frame 9
787.1544 	DATA 	Keypress: equal
787.1555 	EXP 	Display Frame 0
787.1876 	EXP 	Display Frame 1
787.2210 	EXP 	Display Frame 2
787.2543 	EXP 	Display Frame 3
787.2876 	EXP 	Display Frame 4
787.3210 	EXP 	Display Frame 5
787.3543 	EXP 	Display Frame 6
787.3876 	EXP 	Display Frame 7
787.4210 	EXP 	Display Frame 8
787.4543 	EXP 	Display Frame 9
787.4876 	EXP 	Display Frame 0
787.5210 	EXP 	Display Frame 1
787.5543 	EXP 	Display Frame 2
787.5876 	EXP 	Display Frame 3
787.6210 	EXP 	Display Frame 4
787.6543 	EXP 	Display Frame 5
787.6876 	EXP 	Display Frame 6
787.7210 	EXP 	Display Frame 7
787.7543 	EXP 	Display Frame 8
787.7876 	EXP 	Display Frame 9
787.8210 	EXP 	Display Frame 0
787.8543 	EXP 	Display Frame 1
787.8876 	EXP 	Display Frame 2
787.9210 	EXP 	Display Frame 3
787.9543 	EXP 	Display Frame 4
787.9877 	EXP 	Display Frame 5
788.0210 	EXP 	Display Frame 6
788.0543 	EXP 	Display Frame 7
788.0876 	EXP 	Display Frame 8
788.1210 	EXP 	Display Frame 9
788.1543 	EXP 	Display Frame 0
788.1876 	EXP 	Display Frame 1
788.2210 	EXP 	Display Frame 2
788.2543 	EXP 	Display Frame 3
788.2877 	EXP 	Display Frame 4
788.3210 	EXP 	Display Frame 5
788.3543 	EXP 	Display Frame 6
788.3876 	EXP 	Display Frame 7
788.4210 	EXP 	Display Frame 8
788.4543 	EXP 	Display Frame 9
788.4876 	EXP 	Display Frame 0
788.5210 	EXP 	Display Frame 1
788.5543 	EXP 	Display Frame 2
788.5876 	EXP 	Display Frame 3
788.6210 	EXP 	Display Frame 4
788.6543 	EXP 	Display Frame 5
788.6876 	EXP 	Display Frame 6
788.7210 	EXP 	Display Frame 7
788.7543 	EXP 	Display Frame 8
788.7876 	EXP 	Display Frame 9
788.8210 	EXP 	Display Frame 0
788.8543 	EXP 	Display Frame 1
788.8877 	EXP 	Display Frame 2
788.9210 	EXP 	Display Frame 3
788.9543 	EXP 	Display Frame 4
788.9876 	EXP 	Display Frame 5
789.0210 	EXP 	Display Frame 6
789.0543 	EXP 	Display Frame 7
789.0876 	EXP 	Display Frame 8
789.1210 	EXP 	Display Frame 9
789.1543 	EXP 	Display Frame 0
789.1876 	EXP 	Display Frame 1
789.2212 	EXP 	Display Frame 2
789.2544 	EXP 	Display Frame 3
789.2877 	EXP 	Display Frame 4
789.3210 	EXP 	Display Frame 5
789.3543 	EXP 	Display Frame 6
789.3876 	EXP 	Display Frame 7
789.4210 	EXP 	Display Frame 8
789.4543 	EXP 	Display Frame 9
789.4877 	EXP 	Display Frame 0
789.5210 	EXP 	Display Frame 1
789.5543 	EXP 	Display Frame 2
789.5876 	EXP 	Display Frame 3
789.6210 	EXP 	Display Frame 4
789.6543 	EXP 	Display Frame 5
789.6876 	EXP 	Display Frame 6
789.7209 	EXP 	Display Frame 7
789.7543 	EXP 	Display Frame 8
789.7877 	EXP 	Display Frame 9
789.8209 	EXP 	Display Frame 0
789.8543 	EXP 	Display Frame 1
789.8876 	EXP 	Display Frame 2
789.9210 	EXP 	Display Frame 3
789.9543 	EXP 	Display Frame 4
789.9876 	EXP 	Display Frame 5
790.0209 	EXP 	Display Frame 6
790.0543 	EXP 	Display Frame 7
790.0877 	EXP 	Display Frame 8
790.1210 	EXP 	Display Frame 9
790.1543 	EXP 	Display Frame 0
790.1876 	EXP 	Display Frame 1
790.2210 	EXP 	Display Frame 2
790.2543 	EXP 	Display Frame 3
790.2877 	EXP 	Display Frame 4
790.3210 	EXP 	Display Frame 5
790.3543 	EXP 	Display Frame 6
790.3876 	EXP 	Display Frame 7
790.4210 	EXP 	Display Frame 8
790.4543 	EXP 	Display Frame 9
790.4876 	EXP 	Display Frame 0
790.5210 	EXP 	Display Frame 1
790.5543 	EXP 	Display Frame 2
790.5877 	EXP 	Display Frame 3
790.6210 	EXP 	Display Frame 4
790.6543 	EXP 	Display Frame 5
790.6876 	EXP 	Display Frame 6
790.7210 	EXP 	Display Frame 7
790.7543 	EXP 	Display Frame 8
790.7876 	EXP 	Display Frame 9
790.8210 	EXP 	Display Frame 0
790.8543 	EXP 	Display Frame 1
790.8876 	EXP 	Display Frame 2
790.9210 	EXP 	Display Frame 3
790.9543 	EXP 	Display Frame 4
790.9876 	EXP 	Display Frame 5
791.0209 	EXP 	Display Frame 6
791.0543 	EXP 	Display Frame 7
791.0876 	EXP 	Display Frame 8
791.1210 	EXP 	Display Frame 9
791.1543 	EXP 	Display Frame 0
791.1876 	EXP 	Display Frame 1
791.2210 	EXP 	Display Frame 2
791.2543 	EXP 	Display Frame 3
791.2876 	EXP 	Display Frame 4
791.3210 	EXP 	Display Frame 5
791.3543 	EXP 	Display Frame 6
791.3876 	EXP 	Display Frame 7
791.4210 	EXP 	Display Frame 8
791.4543 	EXP 	Display Frame 9
791.4876 	EXP 	Display Frame 0
791.5210 	EXP 	Display Frame 1
791.5543 	EXP 	Display Frame 2
791.5876 	EXP 	Display Frame 3
791.6210 	EXP 	Display Frame 4
791.6543 	EXP 	Display Frame 5
791.6876 	EXP 	Display Frame 6
791.7210 	EXP 	Display Frame 7
791.7543 	EXP 	Display Frame 8
791.7876 	EXP 	Display Frame 9
791.8209 	EXP 	Display Frame 0
791.8543 	EXP 	Display Frame 1
791.8877 	EXP 	Display Frame 2
791.9209 	EXP 	Display Frame 3
791.9543 	EXP 	Display Frame 4
791.9876 	EXP 	Display Frame 5
792.0210 	EXP 	Display Frame 6
792.0543 	EXP 	Display Frame 7
792.0876 	EXP 	Display Frame 8
792.1210 	EXP 	Display Frame 9
792.1543 	EXP 	Display Frame 0
792.1877 	EXP 	Display Frame 1
792.2210 	EXP 	Display Frame 2
792.2543 	EXP 	Display Frame 3
792.2877 	EXP 	Display Frame 4
792.3210 	EXP 	Display Frame 5
792.3543 	EXP 	Display Frame 6
792.3876 	EXP 	Display Frame 7
792.4210 	EXP 	Display Frame 8
792.4543 	EXP 	Display Frame 9
792.4877 	EXP 	Display Frame 0
792.5209 	EXP 	Display Frame 1
792.5543 	EXP 	Display Frame 2
792.5876 	EXP 	Display Frame 3
792.6210 	EXP 	Display Frame 4
792.6543 	EXP 	Display Frame 5
792.6876 	EXP 	Display Frame 6
792.7209 	EXP 	Display Frame 7
792.7543 	EXP 	Display Frame 8
792.7877 	EXP 	Display Frame 9
792.8210 	EXP 	Display Frame 0
792.8543 	EXP 	Display Frame 1
792.8876 	EXP 	Display Frame 2
792.9210 	EXP 	Display Frame 3
792.9543 	EXP 	Display Frame 4
792.9876 	EXP 	Display Frame 5
793.0210 	EXP 	Display Frame 6
793.0543 	EXP 	Display Frame 7
793.0876 	EXP 	Display Frame 8
793.1210 	EXP 	Display Frame 9
793.1543 	EXP 	Display Frame 0
793.1876 	EXP 	Display Frame 1
793.2210 	EXP 	Display Frame 2
793.2543 	EXP 	Display Frame 3
793.2876 	EXP 	Display Frame 4
793.3210 	EXP 	Display Frame 5
793.3543 	EXP 	Display Frame 6
793.3876 	EXP 	Display Frame 7
793.4210 	EXP 	Display Frame 8
793.4543 	EXP 	Display Frame 9
793.4877 	EXP 	Display Frame 0
793.5210 	EXP 	Display Frame 1
793.5543 	EXP 	Display Frame 2
793.5877 	EXP 	Display Frame 3
793.6210 	EXP 	Display Frame 4
793.6543 	EXP 	Display Frame 5
793.6876 	EXP 	Display Frame 6
793.7209 	EXP 	Display Frame 7
793.7543 	EXP 	Display Frame 8
793.7876 	EXP 	Display Frame 9
793.8210 	EXP 	Display Frame 0
793.8543 	EXP 	Display Frame 1
793.8876 	EXP 	Display Frame 2
793.9209 	EXP 	Display Frame 3
793.9543 	EXP 	Display Frame 4
793.9876 	EXP 	Display Frame 5
794.0210 	EXP 	Display Frame 6
794.0543 	EXP 	Display Frame 7
794.0876 	EXP 	Display Frame 8
794.1210 	EXP 	Display Frame 9
794.1543 	EXP 	Display Frame 0
794.1877 	EXP 	Display Frame 1
794.2209 	EXP 	Display Frame 2
794.2543 	EXP 	Display Frame 3
794.2890 	EXP 	Display Frame 4
794.3209 	EXP 	Display Frame 5
794.3543 	EXP 	Display Frame 6
794.3876 	EXP 	Display Frame 7
794.4210 	EXP 	Display Frame 8
794.4543 	EXP 	Display Frame 9
794.4877 	EXP 	Display Frame 0
794.5210 	EXP 	Display Frame 1
794.5543 	EXP 	Display Frame 2
794.5877 	EXP 	Display Frame 3
794.6209 	EXP 	Display Frame 4
794.6543 	EXP 	Display Frame 5
794.6876 	EXP 	Display Frame 6
794.7209 	EXP 	Display Frame 7
794.7543 	EXP 	Display Frame 8
794.7877 	EXP 	Display Frame 9
794.8210 	EXP 	Display Frame 0
794.8543 	EXP 	Display Frame 1
794.8876 	EXP 	Display Frame 2
794.9210 	EXP 	Display Frame 3
794.9543 	EXP 	Display Frame 4
794.9876 	EXP 	Display Frame 5
795.0210 	EXP 	Display Frame 6
795.0543 	EXP 	Display Frame 7
795.0876 	EXP 	Display Frame 8
795.1210 	EXP 	Display Frame 9
795.1543 	EXP 	Display Frame 0
795.1876 	EXP 	Display Frame 1
795.2209 	EXP 	Display Frame 2
795.2544 	EXP 	Display Frame 3
795.2876 	EXP 	Display Frame 4
795.3210 	EXP 	Display Frame 5
795.3543 	EXP 	Display Frame 6
795.3876 	EXP 	Display Frame 7
795.4210 	EXP 	Display Frame 8
795.4543 	EXP 	Display Frame 9
795.4877 	EXP 	Display Frame 0
795.5210 	EXP 	Display Frame 1
795.5543 	EXP 	Display Frame 2
795.5878 	EXP 	Display Frame 3
795.6210 	EXP 	Display Frame 4
795.6543 	EXP 	Display Frame 5
795.6877 	EXP 	Display Frame 6
795.7210 	EXP 	Display Frame 7
795.7543 	EXP 	Display Frame 8
795.7877 	EXP 	Display Frame 9
795.8210 	EXP 	Display Frame 0
795.8543 	EXP 	Display Frame 1
795.8877 	EXP 	Display Frame 2
795.9210 	EXP 	Display Frame 3
795.9543 	EXP 	Display Frame 4
795.9876 	EXP 	Display Frame 5
796.0209 	EXP 	Display Frame 6
796.0543 	EXP 	Display Frame 7
796.0876 	EXP 	Display Frame 8
796.1210 	EXP 	Display Frame 9
796.1543 	EXP 	Display Frame 0
796.1876 	EXP 	Display Frame 1
796.2210 	EXP 	Display Frame 2
796.2543 	EXP 	Display Frame 3
796.2877 	EXP 	Display Frame 4
796.3210 	EXP 	Display Frame 5
796.3543 	EXP 	Display Frame 6
796.3876 	EXP 	Display Frame 7
796.4210 	EXP 	Display Frame 8
796.4543 	EXP 	Display Frame 9
796.4877 	EXP 	Display Frame 0
796.5210 	EXP 	Display Frame 1
796.5543 	EXP 	Display Frame 2
796.5876 	EXP 	Display Frame 3
796.6210 	EXP 	Display Frame 4
796.6543 	EXP 	Display Frame 5
796.6876 	EXP 	Display Frame 6
796.7210 	EXP 	Display Frame 7
796.7543 	EXP 	Display Frame 8
796.7877 	EXP 	Display Frame 9
796.8210 	EXP 	Display Frame 0
796.8543 	EXP 	Display Frame 1
796.8876 	EXP 	Display Frame 2
796.9210 	EXP 	Display Frame 3
796.9543 	EXP 	Display Frame 4
796.9876 	EXP 	Display Frame 5
797.0210 	EXP 	Display Frame 6
797.0543 	EXP 	Display Frame 7
797.0877 	EXP 	Display Frame 8
797.1209 	EXP 	Display Frame 9
797.1543 	EXP 	Display Frame 0
797.1876 	EXP 	Display Frame 1
797.2211 	EXP 	Display Frame 2
797.2543 	EXP 	Display Frame 3
797.2876 	EXP 	Display Frame 4
797.3210 	EXP 	Display Frame 5
797.3543 	EXP 	Display Frame 6
797.3876 	EXP 	Display Frame 7
797.4210 	EXP 	Display Frame 8
797.4543 	EXP 	Display Frame 9
797.4876 	EXP 	Display Frame 0
797.5210 	EXP 	Display Frame 1
797.5543 	EXP 	Display Frame 2
797.5876 	EXP 	Display Frame 3
797.6210 	EXP 	Display Frame 4
797.6543 	EXP 	Display Frame 5
797.6876 	EXP 	Display Frame 6
797.7209 	EXP 	Display Frame 7
797.7543 	EXP 	Display Frame 8
797.7876 	EXP 	Display Frame 9
797.8210 	EXP 	Display Frame 0
797.8543 	EXP 	Display Frame 1
797.8876 	EXP 	Display Frame 2
797.9210 	EXP 	Display Frame 3
797.9543 	EXP 	Display Frame 4
797.9877 	EXP 	Display Frame 5
798.0210 	EXP 	Display Frame 6
798.0543 	EXP 	Display Frame 7
798.0876 	EXP 	Display Frame 8
798.1210 	EXP 	Display Frame 9
798.1543 	EXP 	Display Frame 0
798.1876 	EXP 	Display Frame 1
798.2210 	EXP 	Display Frame 2
798.2543 	EXP 	Display Frame 3
798.2876 	EXP 	Display Frame 4
798.3210 	EXP 	Display Frame 5
798.3543 	EXP 	Display Frame 6
798.3876 	EXP 	Display Frame 7
798.4210 	EXP 	Display Frame 8
798.4543 	EXP 	Display Frame 9
798.4876 	EXP 	Display Frame 0
798.5210 	EXP 	Display Frame 1
798.5543 	EXP 	Display Frame 2
798.5876 	EXP 	Display Frame 3
798.6210 	EXP 	Display Frame 4
798.6543 	EXP 	Display Frame 5
798.6876 	EXP 	Display Frame 6
798.7209 	EXP 	Display Frame 7
798.7543 	EXP 	Display Frame 8
798.7876 	EXP 	Display Frame 9
798.8210 	EXP 	Display Frame 0
798.8543 	EXP 	Display Frame 1
798.8876 	EXP 	Display Frame 2
798.9222 	EXP 	Display Frame 3
798.9542 	EXP 	Display Frame 4
798.9876 	EXP 	Display Frame 5
799.0210 	EXP 	Display Frame 6
799.0543 	EXP 	Display Frame 7
799.0876 	EXP 	Display Frame 8
799.1210 	EXP 	Display Frame 9
799.1543 	EXP 	Display Frame 0
799.1876 	EXP 	Display Frame 1
799.2210 	EXP 	Display Frame 2
799.2543 	EXP 	Display Frame 3
799.2877 	EXP 	Display Frame 4
799.3210 	EXP 	Display Frame 5
799.3543 	EXP 	Display Frame 6
799.3876 	EXP 	Display Frame 7
799.4210 	EXP 	Display Frame 8
799.4543 	EXP 	Display Frame 9
799.4876 	EXP 	Display Frame 0
799.5210 	EXP 	Display Frame 1
799.5543 	EXP 	Display Frame 2
799.5876 	EXP 	Display Frame 3
799.6210 	EXP 	Display Frame 4
799.6543 	EXP 	Display Frame 5
799.6876 	EXP 	Display Frame 6
799.7210 	EXP 	Display Frame 7
799.7543 	EXP 	Display Frame 8
799.7876 	EXP 	Display Frame 9
799.8209 	EXP 	Display Frame 0
799.8543 	EXP 	Display Frame 1
799.8876 	EXP 	Display Frame 2
799.9210 	EXP 	Display Frame 3
799.9543 	EXP 	Display Frame 4
799.9876 	EXP 	Display Frame 5
800.0210 	EXP 	Display Frame 6
800.0543 	EXP 	Display Frame 7
800.0876 	EXP 	Display Frame 8
800.1210 	EXP 	Display Frame 9
800.1543 	EXP 	Display Frame 0
800.1876 	EXP 	Display Frame 1
800.2209 	EXP 	Display Frame 2
800.2543 	EXP 	Display Frame 3
800.2876 	EXP 	Display Frame 4
800.3210 	EXP 	Display Frame 5
800.3543 	EXP 	Display Frame 6
800.3876 	EXP 	Display Frame 7
800.4210 	EXP 	Display Frame 8
800.4543 	EXP 	Display Frame 9
800.4876 	EXP 	Display Frame 0
800.5210 	EXP 	Display Frame 1
800.5543 	EXP 	Display Frame 2
800.5876 	EXP 	Display Frame 3
800.6210 	EXP 	Display Frame 4
800.6543 	EXP 	Display Frame 5
800.6876 	EXP 	Display Frame 6
800.7209 	EXP 	Display Frame 7
800.7543 	EXP 	Display Frame 8
800.7877 	EXP 	Display Frame 9
800.8210 	EXP 	Display Frame 0
800.8543 	EXP 	Display Frame 1
800.8876 	EXP 	Display Frame 2
800.9210 	EXP 	Display Frame 3
800.9543 	EXP 	Display Frame 4
800.9876 	EXP 	Display Frame 5
801.0210 	EXP 	Display Frame 6
801.0543 	EXP 	Display Frame 7
801.0876 	EXP 	Display Frame 8
801.1210 	EXP 	Display Frame 9
801.1543 	EXP 	Display Frame 0
801.1876 	EXP 	Display Frame 1
801.2210 	EXP 	Display Frame 2
801.2543 	EXP 	Display Frame 3
801.2877 	EXP 	Display Frame 4
801.3210 	EXP 	Display Frame 5
801.3543 	EXP 	Display Frame 6
801.3876 	EXP 	Display Frame 7
801.4210 	EXP 	Display Frame 8
801.4543 	EXP 	Display Frame 9
801.4876 	EXP 	Display Frame 0
801.5210 	EXP 	Display Frame 1
801.5543 	EXP 	Display Frame 2
801.5876 	EXP 	Display Frame 3
801.6210 	EXP 	Display Frame 4
801.6543 	EXP 	Display Frame 5
801.6876 	EXP 	Display Frame 6
801.7210 	EXP 	Display Frame 7
801.7543 	EXP 	Display Frame 8
801.7876 	EXP 	Display Frame 9
801.8210 	EXP 	Display Frame 0
801.8543 	EXP 	Display Frame 1
801.8876 	EXP 	Display Frame 2
801.9212 	EXP 	Display Frame 3
801.9543 	EXP 	Display Frame 4
801.9877 	EXP 	Display Frame 5
802.0210 	EXP 	Display Frame 6
802.0543 	EXP 	Display Frame 7
802.0877 	EXP 	Display Frame 8
802.1210 	EXP 	Display Frame 9
802.1543 	EXP 	Display Frame 0
802.1876 	EXP 	Display Frame 1
802.2210 	EXP 	Display Frame 2
802.2543 	EXP 	Display Frame 3
802.2876 	EXP 	Display Frame 4
802.3210 	EXP 	Display Frame 5
802.3543 	EXP 	Display Frame 6
802.3876 	EXP 	Display Frame 7
802.4210 	EXP 	Display Frame 8
802.4543 	EXP 	Display Frame 9
802.4876 	EXP 	Display Frame 0
802.5210 	EXP 	Display Frame 1
802.5544 	EXP 	Display Frame 2
802.5877 	EXP 	Display Frame 3
802.6210 	EXP 	Display Frame 4
802.6543 	EXP 	Display Frame 5
802.6876 	EXP 	Display Frame 6
802.7209 	EXP 	Display Frame 7
802.7543 	EXP 	Display Frame 8
802.7876 	EXP 	Display Frame 9
802.8210 	EXP 	Display Frame 0
802.8543 	EXP 	Display Frame 1
802.8877 	EXP 	Display Frame 2
802.9210 	EXP 	Display Frame 3
802.9543 	EXP 	Display Frame 4
802.9876 	EXP 	Display Frame 5
803.0210 	EXP 	Display Frame 6
803.0543 	EXP 	Display Frame 7
803.0876 	EXP 	Display Frame 8
803.1210 	EXP 	Display Frame 9
803.1543 	EXP 	Display Frame 0
803.1876 	EXP 	Display Frame 1
803.2210 	EXP 	Display Frame 2
803.2543 	EXP 	Display Frame 3
803.2876 	EXP 	Display Frame 4
803.3210 	EXP 	Display Frame 5
803.3543 	EXP 	Display Frame 6
803.3876 	EXP 	Display Frame 7
803.4210 	EXP 	Display Frame 8
803.4543 	EXP 	Display Frame 9
803.4876 	EXP 	Display Frame 0
803.5210 	EXP 	Display Frame 1
803.5543 	EXP 	Display Frame 2
803.5876 	EXP 	Display Frame 3
803.6210 	EXP 	Display Frame 4
803.6543 	EXP 	Display Frame 5
803.6876 	EXP 	Display Frame 6
803.7209 	EXP 	Display Frame 7
803.7543 	EXP 	Display Frame 8
803.7877 	EXP 	Display Frame 9
803.8210 	EXP 	Display Frame 0
803.8543 	EXP 	Display Frame 1
803.8876 	EXP 	Display Frame 2
803.9210 	EXP 	Display Frame 3
803.9543 	EXP 	Display Frame 4
803.9876 	EXP 	Display Frame 5
804.0210 	EXP 	Display Frame 6
804.0543 	EXP 	Display Frame 7
804.0877 	EXP 	Display Frame 8
804.1210 	EXP 	Display Frame 9
804.1543 	EXP 	Display Frame 0
804.1876 	EXP 	Display Frame 1
804.2210 	EXP 	Display Frame 2
804.2543 	EXP 	Display Frame 3
804.2877 	EXP 	Display Frame 4
804.3210 	EXP 	Display Frame 5
804.3543 	EXP 	Display Frame 6
804.3876 	EXP 	Display Frame 7
804.4210 	EXP 	Display Frame 8
804.4543 	EXP 	Display Frame 9
804.4876 	EXP 	Display Frame 0
804.5210 	EXP 	Display Frame 1
804.5543 	EXP 	Display Frame 2
804.5877 	EXP 	Display Frame 3
804.6210 	EXP 	Display Frame 4
804.6543 	EXP 	Display Frame 5
804.6877 	EXP 	Display Frame 6
804.7210 	EXP 	Display Frame 7
804.7543 	EXP 	Display Frame 8
804.7876 	EXP 	Display Frame 9
804.8210 	EXP 	Display Frame 0
804.8543 	EXP 	Display Frame 1
804.8876 	EXP 	Display Frame 2
804.9210 	EXP 	Display Frame 3
804.9543 	EXP 	Display Frame 4
804.9877 	EXP 	Display Frame 5
805.0210 	EXP 	Display Frame 6
805.0543 	EXP 	Display Frame 7
805.0876 	EXP 	Display Frame 8
805.1210 	EXP 	Display Frame 9
805.1543 	EXP 	Display Frame 0
805.1876 	EXP 	Display Frame 1
805.2210 	EXP 	Display Frame 2
805.2543 	EXP 	Display Frame 3
805.2877 	EXP 	Display Frame 4
805.3210 	EXP 	Display Frame 5
805.3543 	EXP 	Display Frame 6
805.3876 	EXP 	Display Frame 7
805.4210 	EXP 	Display Frame 8
805.4543 	EXP 	Display Frame 9
805.4876 	EXP 	Display Frame 0
805.5210 	EXP 	Display Frame 1
805.5543 	EXP 	Display Frame 2
805.5877 	EXP 	Display Frame 3
805.6210 	EXP 	Display Frame 4
805.6543 	EXP 	Display Frame 5
805.6877 	EXP 	Display Frame 6
805.7209 	EXP 	Display Frame 7
805.7543 	EXP 	Display Frame 8
805.7876 	EXP 	Display Frame 9
805.8210 	EXP 	Display Frame 0
805.8543 	EXP 	Display Frame 1
805.8877 	EXP 	Display Frame 2
805.9210 	EXP 	Display Frame 3
805.9543 	EXP 	Display Frame 4
805.9877 	EXP 	Display Frame 5
806.0209 	EXP 	Display Frame 6
806.0543 	EXP 	Display Frame 7
806.0876 	EXP 	Display Frame 8
806.1210 	EXP 	Display Frame 9
806.1543 	EXP 	Display Frame 0
806.1876 	EXP 	Display Frame 1
806.2210 	EXP 	Display Frame 2
806.2543 	EXP 	Display Frame 3
806.2877 	EXP 	Display Frame 4
806.3210 	EXP 	Display Frame 5
806.3543 	EXP 	Display Frame 6
806.3876 	EXP 	Display Frame 7
806.4210 	EXP 	Display Frame 8
806.4543 	EXP 	Display Frame 9
806.4876 	EXP 	Display Frame 0
806.5210 	EXP 	Display Frame 1
806.5543 	EXP 	Display Frame 2
806.5876 	EXP 	Display Frame 3
806.6210 	EXP 	Display Frame 4
806.6543 	EXP 	Display Frame 5
806.6876 	EXP 	Display Frame 6
806.7210 	EXP 	Display Frame 7
806.7543 	EXP 	Display Frame 8
806.7876 	EXP 	Display Frame 9
806.8210 	EXP 	Display Frame 0
806.8543 	EXP 	Display Frame 1
806.8876 	EXP 	Display Frame 2
806.9210 	EXP 	Display Frame 3
806.9543 	EXP 	Display Frame 4
806.9877 	EXP 	Display Frame 5
807.0210 	EXP 	Display Frame 6
807.0543 	EXP 	Display Frame 7
807.0876 	EXP 	Display Frame 8
807.1210 	EXP 	Display Frame 9
807.1543 	EXP 	Display Frame 0
807.1876 	EXP 	Display Frame 1
807.2209 	EXP 	Display Frame 2
807.2543 	EXP 	Display Frame 3
807.2876 	EXP 	Display Frame 4
807.3210 	EXP 	Display Frame 5
807.3543 	EXP 	Display Frame 6
807.3876 	EXP 	Display Frame 7
807.4210 	EXP 	Display Frame 8
807.4543 	EXP 	Display Frame 9
807.4876 	EXP 	Display Frame 0
807.5210 	EXP 	Display Frame 1
807.5543 	EXP 	Display Frame 2
807.5876 	EXP 	Display Frame 3
807.6210 	EXP 	Display Frame 4
807.6543 	EXP 	Display Frame 5
807.6876 	EXP 	Display Frame 6
807.7210 	EXP 	Display Frame 7
807.7543 	EXP 	Display Frame 8
807.7877 	EXP 	Display Frame 9
807.8209 	EXP 	Display Frame 0
807.8543 	EXP 	Display Frame 1
807.8877 	EXP 	Display Frame 2
807.9210 	EXP 	Display Frame 3
807.9543 	EXP 	Display Frame 4
807.9876 	EXP 	Display Frame 5
808.0210 	EXP 	Display Frame 6
808.0543 	EXP 	Display Frame 7
808.0876 	EXP 	Display Frame 8
808.1210 	EXP 	Display Frame 9
808.1543 	EXP 	Display Frame 0
808.1876 	EXP 	Display Frame 1
808.2210 	EXP 	Display Frame 2
808.2543 	EXP 	Display Frame 3
808.2879 	EXP 	Display Frame 4
808.3210 	EXP 	Display Frame 5
808.3543 	EXP 	Display Frame 6
808.3877 	EXP 	Display Frame 7
808.4210 	EXP 	Display Frame 8
808.4543 	EXP 	Display Frame 9
808.4876 	EXP 	Display Frame 0
808.5210 	EXP 	Display Frame 1
808.5543 	EXP 	Display Frame 2
808.5876 	EXP 	Display Frame 3
808.6210 	EXP 	Display Frame 4
808.6543 	EXP 	Display Frame 5
808.6877 	EXP 	Display Frame 6
808.7209 	EXP 	Display Frame 7
808.7543 	EXP 	Display Frame 8
808.7876 	EXP 	Display Frame 9
808.8210 	EXP 	Display Frame 0
808.8543 	EXP 	Display Frame 1
808.8876 	EXP 	Display Frame 2
808.9210 	EXP 	Display Frame 3
808.9543 	EXP 	Display Frame 4
808.9876 	EXP 	Display Frame 5
809.0210 	EXP 	Display Frame 6
809.0543 	EXP 	Display Frame 7
809.0876 	EXP 	Display Frame 8
809.1210 	EXP 	Display Frame 9
809.1543 	EXP 	Display Frame 0
809.1876 	EXP 	Display Frame 1
809.2210 	EXP 	Display Frame 2
809.2543 	EXP 	Display Frame 3
809.2876 	EXP 	Display Frame 4
809.3210 	EXP 	Display Frame 5
809.3543 	EXP 	Display Frame 6
809.3876 	EXP 	Display Frame 7
809.4210 	EXP 	Display Frame 8
809.4543 	EXP 	Display Frame 9
809.4876 	EXP 	Display Frame 0
809.5210 	EXP 	Display Frame 1
809.5543 	EXP 	Display Frame 2
809.5877 	EXP 	Display Frame 3
809.6210 	EXP 	Display Frame 4
809.6543 	EXP 	Display Frame 5
809.6876 	EXP 	Display Frame 6
809.7210 	EXP 	Display Frame 7
809.7543 	EXP 	Display Frame 8
809.7876 	EXP 	Display Frame 9
809.8210 	EXP 	Display Frame 0
809.8543 	EXP 	Display Frame 1
809.8876 	EXP 	Display Frame 2
809.9210 	EXP 	Display Frame 3
809.9543 	EXP 	Display Frame 4
809.9877 	EXP 	Display Frame 5
810.0210 	EXP 	Display Frame 6
810.0543 	EXP 	Display Frame 7
810.0876 	EXP 	Display Frame 8
810.1210 	EXP 	Display Frame 9
810.1543 	EXP 	Display Frame 0
810.1876 	EXP 	Display Frame 1
810.2209 	EXP 	Display Frame 2
810.2543 	EXP 	Display Frame 3
810.2877 	EXP 	Display Frame 4
810.3210 	EXP 	Display Frame 5
810.3543 	EXP 	Display Frame 6
810.3876 	EXP 	Display Frame 7
810.4210 	EXP 	Display Frame 8
810.4543 	EXP 	Display Frame 9
810.4877 	EXP 	Display Frame 0
810.5210 	EXP 	Display Frame 1
810.5543 	EXP 	Display Frame 2
810.5876 	EXP 	Display Frame 3
810.6210 	EXP 	Display Frame 4
810.6543 	EXP 	Display Frame 5
810.6876 	EXP 	Display Frame 6
810.7210 	EXP 	Display Frame 7
810.7543 	EXP 	Display Frame 8
810.7877 	EXP 	Display Frame 9
810.8210 	EXP 	Display Frame 0
810.8543 	EXP 	Display Frame 1
810.8876 	EXP 	Display Frame 2
810.9210 	EXP 	Display Frame 3
810.9543 	EXP 	Display Frame 4
810.9876 	EXP 	Display Frame 5
811.0210 	EXP 	Display Frame 6
811.0543 	EXP 	Display Frame 7
811.0876 	EXP 	Display Frame 8
811.1210 	EXP 	Display Frame 9
811.1543 	EXP 	Display Frame 0
811.1877 	EXP 	Display Frame 1
811.2209 	EXP 	Display Frame 2
811.2543 	EXP 	Display Frame 3
811.2877 	EXP 	Display Frame 4
811.3210 	EXP 	Display Frame 5
811.3543 	EXP 	Display Frame 6
811.3876 	EXP 	Display Frame 7
811.4210 	EXP 	Display Frame 8
811.4543 	EXP 	Display Frame 9
811.4876 	EXP 	Display Frame 0
811.5210 	EXP 	Display Frame 1
811.5543 	EXP 	Display Frame 2
811.5876 	EXP 	Display Frame 3
811.6210 	EXP 	Display Frame 4
811.6543 	EXP 	Display Frame 5
811.6876 	EXP 	Display Frame 6
811.7209 	EXP 	Display Frame 7
811.7543 	EXP 	Display Frame 8
811.7876 	EXP 	Display Frame 9
811.8210 	EXP 	Display Frame 0
811.8543 	EXP 	Display Frame 1
811.8876 	EXP 	Display Frame 2
811.9210 	EXP 	Display Frame 3
811.9543 	EXP 	Display Frame 4
811.9877 	EXP 	Display Frame 5
812.0209 	EXP 	Display Frame 6
812.0543 	EXP 	Display Frame 7
812.0876 	EXP 	Display Frame 8
812.1209 	EXP 	Display Frame 9
812.1543 	EXP 	Display Frame 0
812.1876 	EXP 	Display Frame 1
812.2210 	EXP 	Display Frame 2
812.2543 	EXP 	Display Frame 3
812.2877 	EXP 	Display Frame 4
812.3210 	EXP 	Display Frame 5
812.3543 	EXP 	Display Frame 6
812.3886 	EXP 	Display Frame 7
812.4210 	EXP 	Display Frame 8
812.4543 	EXP 	Display Frame 9
812.4876 	EXP 	Display Frame 0
812.5210 	EXP 	Display Frame 1
812.5543 	EXP 	Display Frame 2
812.5876 	EXP 	Display Frame 3
812.6210 	EXP 	Display Frame 4
812.6543 	EXP 	Display Frame 5
812.6876 	EXP 	Display Frame 6
812.7210 	EXP 	Display Frame 7
812.7543 	EXP 	Display Frame 8
812.7876 	EXP 	Display Frame 9
812.8210 	EXP 	Display Frame 0
812.8543 	EXP 	Display Frame 1
812.8876 	EXP 	Display Frame 2
812.9210 	EXP 	Display Frame 3
812.9543 	EXP 	Display Frame 4
812.9876 	EXP 	Display Frame 5
813.0210 	EXP 	Display Frame 6
813.0543 	EXP 	Display Frame 7
813.0876 	EXP 	Display Frame 8
813.1210 	EXP 	Display Frame 9
813.1543 	EXP 	Display Frame 0
813.1876 	EXP 	Display Frame 1
813.2211 	EXP 	Display Frame 2
813.2543 	EXP 	Display Frame 3
813.2876 	EXP 	Display Frame 4
813.3210 	EXP 	Display Frame 5
813.3543 	EXP 	Display Frame 6
813.3876 	EXP 	Display Frame 7
813.4210 	EXP 	Display Frame 8
813.4543 	EXP 	Display Frame 9
813.4877 	EXP 	Display Frame 0
813.5210 	EXP 	Display Frame 1
813.5543 	EXP 	Display Frame 2
813.5876 	EXP 	Display Frame 3
813.6210 	EXP 	Display Frame 4
813.6543 	EXP 	Display Frame 5
813.6876 	EXP 	Display Frame 6
813.7210 	EXP 	Display Frame 7
813.7543 	EXP 	Display Frame 8
813.7877 	EXP 	Display Frame 9
813.8210 	EXP 	Display Frame 0
813.8543 	EXP 	Display Frame 1
813.8876 	EXP 	Display Frame 2
813.9210 	EXP 	Display Frame 3
813.9543 	EXP 	Display Frame 4
813.9876 	EXP 	Display Frame 5
814.0210 	EXP 	Display Frame 6
814.0543 	EXP 	Display Frame 7
814.0876 	EXP 	Display Frame 8
814.1210 	EXP 	Display Frame 9
814.1543 	EXP 	Display Frame 0
814.1876 	EXP 	Display Frame 1
814.2210 	EXP 	Display Frame 2
814.2543 	EXP 	Display Frame 3
814.2877 	EXP 	Display Frame 4
814.3210 	EXP 	Display Frame 5
814.3543 	EXP 	Display Frame 6
814.3876 	EXP 	Display Frame 7
814.4210 	EXP 	Display Frame 8
814.4543 	EXP 	Display Frame 9
814.4876 	EXP 	Display Frame 0
814.5210 	EXP 	Display Frame 1
814.5543 	EXP 	Display Frame 2
814.5876 	EXP 	Display Frame 3
814.6212 	EXP 	Display Frame 4
814.6543 	EXP 	Display Frame 5
814.6877 	EXP 	Display Frame 6
814.7210 	EXP 	Display Frame 7
814.7543 	EXP 	Display Frame 8
814.7877 	EXP 	Display Frame 9
814.8210 	EXP 	Display Frame 0
814.8543 	EXP 	Display Frame 1
814.8876 	EXP 	Display Frame 2
814.9210 	EXP 	Display Frame 3
814.9543 	EXP 	Display Frame 4
814.9876 	EXP 	Display Frame 5
815.0210 	EXP 	Display Frame 6
815.0543 	EXP 	Display Frame 7
815.0876 	EXP 	Display Frame 8
815.1210 	EXP 	Display Frame 9
815.1543 	EXP 	Display Frame 0
815.1877 	EXP 	Display Frame 1
815.2210 	EXP 	Display Frame 2
815.2543 	EXP 	Display Frame 3
815.2876 	EXP 	Display Frame 4
815.3210 	EXP 	Display Frame 5
815.3543 	EXP 	Display Frame 6
815.3876 	EXP 	Display Frame 7
815.4210 	EXP 	Display Frame 8
815.4543 	EXP 	Display Frame 9
815.4876 	EXP 	Display Frame 0
815.5210 	EXP 	Display Frame 1
815.5543 	EXP 	Display Frame 2
815.5877 	EXP 	Display Frame 3
815.6210 	EXP 	Display Frame 4
815.6543 	EXP 	Display Frame 5
815.6876 	EXP 	Display Frame 6
815.7210 	EXP 	Display Frame 7
815.7543 	EXP 	Display Frame 8
815.7877 	EXP 	Display Frame 9
815.8210 	EXP 	Display Frame 0
815.8543 	EXP 	Display Frame 1
815.8876 	EXP 	Display Frame 2
815.9209 	EXP 	Display Frame 3
815.9543 	EXP 	Display Frame 4
815.9876 	EXP 	Display Frame 5
816.0210 	EXP 	Display Frame 6
816.0543 	EXP 	Display Frame 7
816.0877 	EXP 	Display Frame 8
816.1210 	EXP 	Display Frame 9
816.1543 	EXP 	Display Frame 0
816.1876 	EXP 	Display Frame 1
816.2209 	EXP 	Display Frame 2
816.2543 	EXP 	Display Frame 3
816.2876 	EXP 	Display Frame 4
816.3210 	EXP 	Display Frame 5
816.3543 	EXP 	Display Frame 6
816.3876 	EXP 	Display Frame 7
816.4210 	EXP 	Display Frame 8
816.4543 	EXP 	Display Frame 9
816.4876 	EXP 	Display Frame 0
816.5210 	EXP 	Display Frame 1
816.5543 	EXP 	Display Frame 2
816.5876 	EXP 	Display Frame 3
816.6210 	EXP 	Display Frame 4
816.6543 	EXP 	Display Frame 5
816.6877 	EXP 	Display Frame 6
816.7209 	EXP 	Display Frame 7
816.7543 	EXP 	Display Frame 8
816.7876 	EXP 	Display Frame 9
816.8210 	EXP 	Display Frame 0
816.8543 	EXP 	Display Frame 1
816.8876 	EXP 	Display Frame 2
816.9210 	EXP 	Display Frame 3
816.9543 	EXP 	Display Frame 4
816.9876 	EXP 	Display Frame 5
817.0210 	EXP 	Display Frame 6
817.0543 	EXP 	Display Frame 7
817.0876 	EXP 	Display Frame 8
817.1210 	EXP 	Display Frame 9
817.1543 	EXP 	Display Frame 0
817.1876 	EXP 	Display Frame 1
817.2210 	EXP 	Display Frame 2
817.2543 	EXP 	Display Frame 3
817.2877 	EXP 	Display Frame 4
817.3210 	EXP 	Display Frame 5
817.3543 	EXP 	Display Frame 6
817.3876 	EXP 	Display Frame 7
817.4210 	EXP 	Display Frame 8
817.4543 	EXP 	Display Frame 9
817.4876 	EXP 	Display Frame 0
817.5209 	EXP 	Display Frame 1
817.5543 	EXP 	Display Frame 2
817.5876 	EXP 	Display Frame 3
817.6210 	EXP 	Display Frame 4
817.6543 	EXP 	Display Frame 5
817.6876 	EXP 	Display Frame 6
817.7210 	EXP 	Display Frame 7
817.7545 	EXP 	Display Frame 8
817.7878 	EXP 	Display Frame 9
817.8210 	EXP 	Display Frame 0
817.8543 	EXP 	Display Frame 1
817.8876 	EXP 	Display Frame 2
817.9210 	EXP 	Display Frame 3
817.9543 	EXP 	Display Frame 4
817.9876 	EXP 	Display Frame 5
818.0210 	EXP 	Display Frame 6
818.0543 	EXP 	Display Frame 7
818.0876 	EXP 	Display Frame 8
818.1210 	EXP 	Display Frame 9
818.1543 	EXP 	Display Frame 0
818.1876 	EXP 	Display Frame 1
818.2210 	EXP 	Display Frame 2
818.2543 	EXP 	Display Frame 3
818.2876 	EXP 	Display Frame 4
818.3210 	EXP 	Display Frame 5
818.3543 	EXP 	Display Frame 6
818.3876 	EXP 	Display Frame 7
818.4209 	EXP 	Display Frame 8
818.4543 	EXP 	Display Frame 9
818.4876 	EXP 	Display Frame 0
818.5210 	EXP 	Display Frame 1
818.5544 	EXP 	Display Frame 2
818.5887 	EXP 	Display Frame 3
818.6210 	EXP 	Display Frame 4
818.6543 	EXP 	Display Frame 5
818.6876 	EXP 	Display Frame 6
818.7210 	EXP 	Display Frame 7
818.7543 	EXP 	Display Frame 8
818.7876 	EXP 	Display Frame 9
818.8210 	EXP 	Display Frame 0
818.8543 	EXP 	Display Frame 1
818.8876 	EXP 	Display Frame 2
818.9210 	EXP 	Display Frame 3
818.9543 	EXP 	Display Frame 4
818.9876 	EXP 	Display Frame 5
819.0210 	EXP 	Display Frame 6
819.0543 	EXP 	Display Frame 7
819.0876 	EXP 	Display Frame 8
819.1210 	EXP 	Display Frame 9
819.1543 	EXP 	Display Frame 0
819.1876 	EXP 	Display Frame 1
819.2210 	EXP 	Display Frame 2
819.2543 	EXP 	Display Frame 3
819.2876 	EXP 	Display Frame 4
819.3210 	EXP 	Display Frame 5
819.3543 	EXP 	Display Frame 6
819.3876 	EXP 	Display Frame 7
819.4209 	EXP 	Display Frame 8
819.4543 	EXP 	Display Frame 9
819.4877 	EXP 	Display Frame 0
819.5210 	EXP 	Display Frame 1
819.5543 	EXP 	Display Frame 2
819.5876 	EXP 	Display Frame 3
819.6210 	EXP 	Display Frame 4
819.6543 	EXP 	Display Frame 5
819.6876 	EXP 	Display Frame 6
819.7210 	EXP 	Display Frame 7
819.7543 	EXP 	Display Frame 8
819.7876 	EXP 	Display Frame 9
819.8210 	EXP 	Display Frame 0
819.8543 	EXP 	Display Frame 1
819.8876 	EXP 	Display Frame 2
819.9210 	EXP 	Display Frame 3
819.9543 	EXP 	Display Frame 4
819.9876 	EXP 	Display Frame 5
820.0308 	EXP 	Display Frame 6
820.0542 	EXP 	Display Frame 7
820.0877 	EXP 	Display Frame 8
820.1210 	EXP 	Display Frame 9
820.1543 	EXP 	Display Frame 0
820.1876 	EXP 	Display Frame 1
820.2210 	EXP 	Display Frame 2
820.2543 	EXP 	Display Frame 3
820.2876 	EXP 	Display Frame 4
820.3210 	EXP 	Display Frame 5
820.3543 	EXP 	Display Frame 6
820.3879 	EXP 	Display Frame 7
820.4210 	EXP 	Display Frame 8
820.4543 	EXP 	Display Frame 9
820.4876 	EXP 	Display Frame 0
820.5210 	EXP 	Display Frame 1
820.5543 	EXP 	Display Frame 2
820.5876 	EXP 	Display Frame 3
820.6210 	EXP 	Display Frame 4
820.6543 	EXP 	Display Frame 5
820.6877 	EXP 	Display Frame 6
820.7210 	EXP 	Display Frame 7
820.7543 	EXP 	Display Frame 8
820.7877 	EXP 	Display Frame 9
820.8209 	EXP 	Display Frame 0
820.8543 	EXP 	Display Frame 1
820.8877 	EXP 	Display Frame 2
820.9210 	EXP 	Display Frame 3
820.9543 	EXP 	Display Frame 4
820.9876 	EXP 	Display Frame 5
821.0210 	EXP 	Display Frame 6
821.0543 	EXP 	Display Frame 7
821.0876 	EXP 	Display Frame 8
821.1210 	EXP 	Display Frame 9
821.1543 	EXP 	Display Frame 0
821.1876 	EXP 	Display Frame 1
821.2210 	EXP 	Display Frame 2
821.2543 	EXP 	Display Frame 3
821.2877 	EXP 	Display Frame 4
821.3209 	EXP 	Display Frame 5
821.3543 	EXP 	Display Frame 6
821.3876 	EXP 	Display Frame 7
821.4210 	EXP 	Display Frame 8
821.4543 	EXP 	Display Frame 9
821.4876 	EXP 	Display Frame 0
821.5210 	EXP 	Display Frame 1
821.5543 	EXP 	Display Frame 2
821.5876 	EXP 	Display Frame 3
821.6209 	EXP 	Display Frame 4
821.6543 	EXP 	Display Frame 5
821.6876 	EXP 	Display Frame 6
821.7210 	EXP 	Display Frame 7
821.7543 	EXP 	Display Frame 8
821.7876 	EXP 	Display Frame 9
821.8210 	EXP 	Display Frame 0
821.8543 	EXP 	Display Frame 1
821.8877 	EXP 	Display Frame 2
821.9210 	EXP 	Display Frame 3
821.9543 	EXP 	Display Frame 4
821.9876 	EXP 	Display Frame 5
822.0210 	EXP 	Display Frame 6
822.0543 	EXP 	Display Frame 7
822.0877 	EXP 	Display Frame 8
822.1210 	EXP 	Display Frame 9
822.1543 	EXP 	Display Frame 0
822.1877 	EXP 	Display Frame 1
822.2210 	EXP 	Display Frame 2
822.2543 	EXP 	Display Frame 3
822.2876 	EXP 	Display Frame 4
822.3210 	EXP 	Display Frame 5
822.3543 	EXP 	Display Frame 6
822.3877 	EXP 	Display Frame 7
822.4209 	EXP 	Display Frame 8
822.4543 	EXP 	Display Frame 9
822.4876 	EXP 	Display Frame 0
822.5210 	EXP 	Display Frame 1
822.5543 	EXP 	Display Frame 2
822.5876 	EXP 	Display Frame 3
822.6209 	EXP 	Display Frame 4
822.6543 	EXP 	Display Frame 5
822.6876 	EXP 	Display Frame 6
822.7210 	EXP 	Display Frame 7
822.7543 	EXP 	Display Frame 8
822.7876 	EXP 	Display Frame 9
822.8210 	EXP 	Display Frame 0
822.8543 	EXP 	Display Frame 1
822.8876 	EXP 	Display Frame 2
822.9210 	EXP 	Display Frame 3
822.9543 	EXP 	Display Frame 4
822.9877 	EXP 	Display Frame 5
823.0210 	EXP 	Display Frame 6
823.0543 	EXP 	Display Frame 7
823.0876 	EXP 	Display Frame 8
823.1210 	EXP 	Display Frame 9
823.1543 	EXP 	Display Frame 0
823.1876 	EXP 	Display Frame 1
823.2210 	EXP 	Display Frame 2
823.2543 	EXP 	Display Frame 3
823.2876 	EXP 	Display Frame 4
823.3210 	EXP 	Display Frame 5
823.3543 	EXP 	Display Frame 6
823.3876 	EXP 	Display Frame 7
823.4210 	EXP 	Display Frame 8
823.4543 	EXP 	Display Frame 9
823.4876 	EXP 	Display Frame 0
823.5210 	EXP 	Display Frame 1
823.5543 	EXP 	Display Frame 2
823.5876 	EXP 	Display Frame 3
823.6209 	EXP 	Display Frame 4
823.6543 	EXP 	Display Frame 5
823.6876 	EXP 	Display Frame 6
823.7210 	EXP 	Display Frame 7
823.7543 	EXP 	Display Frame 8
823.7876 	EXP 	Display Frame 9
823.8210 	EXP 	Display Frame 0
823.8543 	EXP 	Display Frame 1
823.8877 	EXP 	Display Frame 2
823.9210 	EXP 	Display Frame 3
823.9543 	EXP 	Display Frame 4
823.9876 	EXP 	Display Frame 5
824.0210 	EXP 	Display Frame 6
824.0543 	EXP 	Display Frame 7
824.0876 	EXP 	Display Frame 8
824.1209 	EXP 	Display Frame 9
824.1543 	EXP 	Display Frame 0
824.1877 	EXP 	Display Frame 1
824.2210 	EXP 	Display Frame 2
824.2543 	EXP 	Display Frame 3
824.2876 	EXP 	Display Frame 4
824.3210 	EXP 	Display Frame 5
824.3543 	EXP 	Display Frame 6
824.3877 	EXP 	Display Frame 7
824.4210 	EXP 	Display Frame 8
824.4543 	EXP 	Display Frame 9
824.4876 	EXP 	Display Frame 0
824.5209 	EXP 	Display Frame 1
824.5543 	EXP 	Display Frame 2
824.5876 	EXP 	Display Frame 3
824.6210 	EXP 	Display Frame 4
824.6543 	EXP 	Display Frame 5
824.6876 	EXP 	Display Frame 6
824.7210 	EXP 	Display Frame 7
824.7543 	EXP 	Display Frame 8
824.7876 	EXP 	Display Frame 9
824.8210 	EXP 	Display Frame 0
824.8543 	EXP 	Display Frame 1
824.8877 	EXP 	Display Frame 2
824.9210 	EXP 	Display Frame 3
824.9543 	EXP 	Display Frame 4
824.9876 	EXP 	Display Frame 5
825.0210 	EXP 	Display Frame 6
825.0543 	EXP 	Display Frame 7
825.0876 	EXP 	Display Frame 8
825.1210 	EXP 	Display Frame 9
825.1543 	EXP 	Display Frame 0
825.1877 	EXP 	Display Frame 1
825.2209 	EXP 	Display Frame 2
825.2543 	EXP 	Display Frame 3
825.2876 	EXP 	Display Frame 4
825.3210 	EXP 	Display Frame 5
825.3543 	EXP 	Display Frame 6
825.3876 	EXP 	Display Frame 7
825.4210 	EXP 	Display Frame 8
825.4543 	EXP 	Display Frame 9
825.4876 	EXP 	Display Frame 0
825.5210 	EXP 	Display Frame 1
825.5543 	EXP 	Display Frame 2
825.5877 	EXP 	Display Frame 3
825.6210 	EXP 	Display Frame 4
825.6543 	EXP 	Display Frame 5
825.6877 	EXP 	Display Frame 6
825.7210 	EXP 	Display Frame 7
825.7543 	EXP 	Display Frame 8
825.7876 	EXP 	Display Frame 9
825.8210 	EXP 	Display Frame 0
825.8543 	EXP 	Display Frame 1
825.8876 	EXP 	Display Frame 2
825.9210 	EXP 	Display Frame 3
825.9543 	EXP 	Display Frame 4
825.9876 	EXP 	Display Frame 5
826.0210 	EXP 	Display Frame 6
826.0543 	EXP 	Display Frame 7
826.0876 	EXP 	Display Frame 8
826.1210 	EXP 	Display Frame 9
826.1543 	EXP 	Display Frame 0
826.1876 	EXP 	Display Frame 1
826.2210 	EXP 	Display Frame 2
826.2543 	EXP 	Display Frame 3
826.2876 	EXP 	Display Frame 4
826.3210 	EXP 	Display Frame 5
826.3543 	EXP 	Display Frame 6
826.3876 	EXP 	Display Frame 7
826.4210 	EXP 	Display Frame 8
826.4543 	EXP 	Display Frame 9
826.4876 	EXP 	Display Frame 0
826.5210 	EXP 	Display Frame 1
826.5543 	EXP 	Display Frame 2
826.5877 	EXP 	Display Frame 3
826.6209 	EXP 	Display Frame 4
826.6543 	EXP 	Display Frame 5
826.6876 	EXP 	Display Frame 6
826.7210 	EXP 	Display Frame 7
826.7546 	EXP 	Display Frame 8
826.7876 	EXP 	Display Frame 9
826.8210 	EXP 	Display Frame 0
826.8543 	EXP 	Display Frame 1
826.8877 	EXP 	Display Frame 2
826.9210 	EXP 	Display Frame 3
826.9543 	EXP 	Display Frame 4
826.9876 	EXP 	Display Frame 5
827.0210 	EXP 	Display Frame 6
827.0543 	EXP 	Display Frame 7
827.0877 	EXP 	Display Frame 8
827.1210 	EXP 	Display Frame 9
827.1543 	EXP 	Display Frame 0
827.1876 	EXP 	Display Frame 1
827.2210 	EXP 	Display Frame 2
827.2543 	EXP 	Display Frame 3
827.2876 	EXP 	Display Frame 4
827.3210 	EXP 	Display Frame 5
827.3543 	EXP 	Display Frame 6
827.3876 	EXP 	Display Frame 7
827.4210 	EXP 	Display Frame 8
827.4543 	EXP 	Display Frame 9
827.4887 	EXP 	Display Frame 0
827.5211 	DATA 	Keypress: equal
827.5222 	EXP 	Display Frame 1
827.5272 	EXP 	Display Fixation
827.6261 	DATA 	Keypress: equal
827.7636 	DATA 	Keypress: equal
827.8967 	DATA 	Keypress: equal
828.0037 	DATA 	Keypress: equal
828.4029 	DATA 	Keypress: equal
828.5577 	DATA 	Keypress: equal
828.5918 	EXP 	Display Frame 1
828.6252 	EXP 	Display Frame 2
828.6587 	EXP 	Display Frame 3
828.6920 	EXP 	Display Frame 4
828.7255 	EXP 	Display Frame 5
828.7587 	EXP 	Display Frame 6
828.7919 	DATA 	Keypress: equal
828.7928 	EXP 	Display Frame 7
828.8252 	EXP 	Display Frame 8
828.8585 	EXP 	Display Frame 9
828.8919 	EXP 	Display Frame 0
828.9252 	EXP 	Display Frame 1
828.9585 	EXP 	Display Frame 2
828.9918 	EXP 	Display Frame 3
829.0251 	EXP 	Display Frame 4
829.0585 	EXP 	Display Frame 5
829.0918 	EXP 	Display Frame 6
829.1252 	EXP 	Display Frame 7
829.1585 	EXP 	Display Frame 8
829.1919 	EXP 	Display Frame 9
829.2253 	EXP 	Display Frame 0
829.2585 	EXP 	Display Frame 1
829.2918 	EXP 	Display Frame 2
829.3252 	EXP 	Display Frame 3
829.3585 	EXP 	Display Frame 4
829.3918 	EXP 	Display Frame 5
829.4251 	EXP 	Display Frame 6
829.4585 	EXP 	Display Frame 7
829.4918 	EXP 	Display Frame 8
829.5251 	EXP 	Display Frame 9
829.5585 	EXP 	Display Frame 0
829.5918 	EXP 	Display Frame 1
829.6252 	EXP 	Display Frame 2
829.6585 	EXP 	Display Frame 3
829.6918 	EXP 	Display Frame 4
829.7251 	EXP 	Display Frame 5
829.7585 	EXP 	Display Frame 6
829.7918 	EXP 	Display Frame 7
829.8251 	EXP 	Display Frame 8
829.8585 	EXP 	Display Frame 9
829.8918 	EXP 	Display Frame 0
829.9252 	EXP 	Display Frame 1
829.9585 	EXP 	Display Frame 2
829.9918 	EXP 	Display Frame 3
830.0252 	EXP 	Display Frame 4
830.0586 	DATA 	Keypress: equal
830.0594 	EXP 	Display Frame 5
830.0918 	EXP 	Display Frame 6
830.1253 	EXP 	Display Frame 7
830.1585 	EXP 	Display Frame 8
830.1917 	DATA 	Keypress: equal
830.1925 	EXP 	Display Frame 9
830.2251 	EXP 	Display Frame 0
830.2587 	EXP 	Display Frame 1
830.2916 	DATA 	Keypress: equal
830.2924 	EXP 	Display Frame 2
830.3252 	EXP 	Display Frame 3
830.3585 	EXP 	Display Frame 4
830.3920 	EXP 	Display Frame 5
830.4250 	DATA 	Keypress: equal
830.4257 	EXP 	Display Frame 6
830.4585 	EXP 	Display Frame 7
830.4918 	EXP 	Display Frame 8
830.5254 	EXP 	Display Frame 9
830.5583 	DATA 	Keypress: equal
830.5590 	EXP 	Display Frame 0
830.5728 	EXP 	Display Fixation
830.6906 	DATA 	Keypress: equal
831.5008 	DATA 	Keypress: q
831.5078 	EXP 	topMsg: height = 0.1
831.5078 	EXP 	topMsg: height = 0.1
831.5078 	EXP 	topMsg: text = "Thank you very much! \n\nThat's it with the tapping"
831.5078 	EXP 	bottomMsg: height = 0.1
831.5078 	EXP 	bottomMsg: height = 0.1
831.5078 	EXP 	bottomMsg: text = "Please relax for the ramaining time \n\n Press 'q' or 'escape' to end the session."
831.5078 	EXP 	Display TheEnd
832.9238 	DATA 	Keypress: q
833.0452 	EXP 	win: mouseVisible = True
