1.0773 	WARNING 	We strongly recommend you activate the PTB sound engine in PsychoPy prefs as the preferred audio engine. Its timing is vastly superior. Your prefs are currently set to use ['sounddevice', 'PTB', 'pyo', 'pygame'] (in that order).
8.8927 	INFO 	---START PARAMETERS---
8.8927 	INFO 	filename: TappingWithTrTiming_Movie_d3.py-1tt============-243-Dec_29_1721
8.8927 	INFO 	subject: 1tt============
8.8927 	INFO 	session: 243
8.8927 	INFO 	date: Dec_29_1721
8.8927 	INFO 	blockDur_TRs: 6
8.8927 	INFO 	condition: TapFast
8.8928 	INFO 	fixCrossPos: [0, 0]
8.8928 	INFO 	fixCrossSize: 100
8.8928 	INFO 	fullScreen: True
8.8928 	INFO 	movieFolder: Images/
8.8928 	INFO 	movieSize: (1600, 1000)
8.8928 	INFO 	nBlocks: 68
8.8928 	INFO 	promptDir: Text/
8.8928 	INFO 	restDur_TRs: 6
8.8928 	INFO 	screenColor: (128, 128, 128)
8.8928 	INFO 	screenToShow: 1
8.8928 	INFO 	skipPrompts: False
8.8928 	INFO 	tStartup_TRs: 0
8.8928 	INFO 	textHeight: 40
8.8928 	INFO 	triggerKey: equal
8.8928 	INFO 	---END PARAMETERS---
9.8203 	INFO 	Loaded monitor calibration from ['2022_03_25 08:03']
10.9947 	WARNING 	Couldn't measure a consistent frame rate!
  - Is your graphics card set to sync to vertical blank?
  - Are you running other processes on your computer?

10.9957 	EXP 	Created win = Window(allowGUI=False, allowStencil=False, autoLog=True, backendConf=UNKNOWN, bitsMode=UNKNOWN, blendMode='avg', bpc=(8, 8, 8), color=array([128, 128, 128]), colorSpace='rgb255', depthBits=8, fullscr=<method-wrapper '__getattribute__' of attributeSetter object at 0x7f95b0429370>, gamma=None, gammaErrorPolicy='raise', lms=UNKNOWN, monitor=<psychopy.monitors.calibTools.Monitor object at 0x7f96699db220>, multiSample=False, name='win', numSamples=2, pos=[0.0, 0.0], screen=1, size=array([1920, 1080]), stencilBits=0, stereo=False, units='deg', useFBO=False, useRetina=False, viewOri=0.0, viewPos=None, viewScale=None, waitBlanking=True, winType='pyglet')
10.9961 	EXP 	win: mouseVisible = True
11.0033 	EXP 	Created fixCross = ShapeStim(__class__=<class 'psychopy.visual.shape.ShapeStim'>, anchor=('center', 'center'), autoDraw=False, autoLog=True, closeShape=False, color=method-wrapper(...), colorSpace='rgb', contrast=None, depth=0, fillColor=array([0, 0, 0]), fillColorSpace='rgb', fillRGB=array([0, 0, 0]), interpolate=True, lineColor=array([-1., -1., -1.]), lineColorSpace='rgb', lineRGB=array([-1., -1., -1.]), lineWidth=3.0, name='fixCross', opacity=0.5, ori=0.0, pos=array([0., 0.]), size=array([1., 1.]), units='pix', vertices=ndarray(...), win=Window(...), windingRule=None)
11.0038 	WARNING 	TextStim.alignHoriz is deprecated. Use alignText and anchorHoriz attributes instead
11.0316 	EXP 	Created topMsg = TextStim(__class__=<class 'psychopy.visual.text.TextStim'>, alignHoriz='center', alignText='center', alignVert=method-wrapper(...), anchorHoriz='center', anchorVert='center', antialias=True, autoLog=True, bold=False, color=array([-1., -1., -1.]), colorSpace='rgb', contrast=1.0, depth=0, flipHoriz=False, flipVert=False, font='', fontFiles=[], height=0.1, italic=False, languageStyle='LTR', name='topMsg', opacity=1.0, ori=0.0, pos=array([0. , 0.5]), rgb=UNKNOWN, text='aaa', units='norm', win=Window(...), wrapWidth=1.5)
11.0317 	WARNING 	TextStim.alignHoriz is deprecated. Use alignText and anchorHoriz attributes instead
11.0343 	EXP 	Created bottomMsg = TextStim(__class__=<class 'psychopy.visual.text.TextStim'>, alignHoriz='center', alignText='center', alignVert=method-wrapper(...), anchorHoriz='center', anchorVert='center', antialias=True, autoLog=True, bold=False, color=array([-1., -1., -1.]), colorSpace='rgb', contrast=1.0, depth=0, flipHoriz=False, flipVert=False, font='', fontFiles=[], height=0.1, italic=False, languageStyle='LTR', name='bottomMsg', opacity=1.0, ori=0.0, pos=array([ 0. , -0.5]), rgb=UNKNOWN, text='bbb', units='norm', win=Window(...), wrapWidth=1.5)
11.1115 	EXP 	Created Movie Frame 0 = ImageStim(__class__=<class 'psychopy.visual.image.ImageStim'>, anchor=('center', 'center'), autoLog=True, color=array([1., 1., 1.]), colorSpace='rgb', contrast=1.0, depth=0, flipHoriz=False, flipVert=False, image='Images/right_0.png', interpolate=False, mask=None, maskParams=None, name='Movie Frame 0', opacity=1, ori=0.0, pos=array([0., 0.]), size=array([1600., 1000.]), texRes=128, units='pix', win=Window(...))
11.1900 	EXP 	Created Movie Frame 1 = ImageStim(__class__=<class 'psychopy.visual.image.ImageStim'>, anchor=('center', 'center'), autoLog=True, color=array([1., 1., 1.]), colorSpace='rgb', contrast=1.0, depth=0, flipHoriz=False, flipVert=False, image='Images/right_1.png', interpolate=False, mask=None, maskParams=None, name='Movie Frame 1', opacity=1, ori=0.0, pos=array([0., 0.]), size=array([1600., 1000.]), texRes=128, units='pix', win=Window(...))
11.2547 	EXP 	Created Movie Frame 2 = ImageStim(__class__=<class 'psychopy.visual.image.ImageStim'>, anchor=('center', 'center'), autoLog=True, color=array([1., 1., 1.]), colorSpace='rgb', contrast=1.0, depth=0, flipHoriz=False, flipVert=False, image='Images/right_2.png', interpolate=False, mask=None, maskParams=None, name='Movie Frame 2', opacity=1, ori=0.0, pos=array([0., 0.]), size=array([1600., 1000.]), texRes=128, units='pix', win=Window(...))
11.3188 	EXP 	Created Movie Frame 3 = ImageStim(__class__=<class 'psychopy.visual.image.ImageStim'>, anchor=('center', 'center'), autoLog=True, color=array([1., 1., 1.]), colorSpace='rgb', contrast=1.0, depth=0, flipHoriz=False, flipVert=False, image='Images/right_3.png', interpolate=False, mask=None, maskParams=None, name='Movie Frame 3', opacity=1, ori=0.0, pos=array([0., 0.]), size=array([1600., 1000.]), texRes=128, units='pix', win=Window(...))
11.3837 	EXP 	Created Movie Frame 4 = ImageStim(__class__=<class 'psychopy.visual.image.ImageStim'>, anchor=('center', 'center'), autoLog=True, color=array([1., 1., 1.]), colorSpace='rgb', contrast=1.0, depth=0, flipHoriz=False, flipVert=False, image='Images/right_4.png', interpolate=False, mask=None, maskParams=None, name='Movie Frame 4', opacity=1, ori=0.0, pos=array([0., 0.]), size=array([1600., 1000.]), texRes=128, units='pix', win=Window(...))
11.4517 	EXP 	Created Movie Frame 5 = ImageStim(__class__=<class 'psychopy.visual.image.ImageStim'>, anchor=('center', 'center'), autoLog=True, color=array([1., 1., 1.]), colorSpace='rgb', contrast=1.0, depth=0, flipHoriz=False, flipVert=False, image='Images/right_5.png', interpolate=False, mask=None, maskParams=None, name='Movie Frame 5', opacity=1, ori=0.0, pos=array([0., 0.]), size=array([1600., 1000.]), texRes=128, units='pix', win=Window(...))
11.5165 	EXP 	Created Movie Frame 6 = ImageStim(__class__=<class 'psychopy.visual.image.ImageStim'>, anchor=('center', 'center'), autoLog=True, color=array([1., 1., 1.]), colorSpace='rgb', contrast=1.0, depth=0, flipHoriz=False, flipVert=False, image='Images/right_6.png', interpolate=False, mask=None, maskParams=None, name='Movie Frame 6', opacity=1, ori=0.0, pos=array([0., 0.]), size=array([1600., 1000.]), texRes=128, units='pix', win=Window(...))
11.5800 	EXP 	Created Movie Frame 7 = ImageStim(__class__=<class 'psychopy.visual.image.ImageStim'>, anchor=('center', 'center'), autoLog=True, color=array([1., 1., 1.]), colorSpace='rgb', contrast=1.0, depth=0, flipHoriz=False, flipVert=False, image='Images/right_7.png', interpolate=False, mask=None, maskParams=None, name='Movie Frame 7', opacity=1, ori=0.0, pos=array([0., 0.]), size=array([1600., 1000.]), texRes=128, units='pix', win=Window(...))
11.6450 	EXP 	Created Movie Frame 8 = ImageStim(__class__=<class 'psychopy.visual.image.ImageStim'>, anchor=('center', 'center'), autoLog=True, color=array([1., 1., 1.]), colorSpace='rgb', contrast=1.0, depth=0, flipHoriz=False, flipVert=False, image='Images/right_8.png', interpolate=False, mask=None, maskParams=None, name='Movie Frame 8', opacity=1, ori=0.0, pos=array([0., 0.]), size=array([1600., 1000.]), texRes=128, units='pix', win=Window(...))
11.7100 	EXP 	Created Movie Frame 9 = ImageStim(__class__=<class 'psychopy.visual.image.ImageStim'>, anchor=('center', 'center'), autoLog=True, color=array([1., 1., 1.]), colorSpace='rgb', contrast=1.0, depth=0, flipHoriz=False, flipVert=False, image='Images/right_9.png', interpolate=False, mask=None, maskParams=None, name='Movie Frame 9', opacity=1, ori=0.0, pos=array([0., 0.]), size=array([1600., 1000.]), texRes=128, units='pix', win=Window(...))
11.7175 	EXP 	Created unnamed TextStim = TextStim(__class__=<class 'psychopy.visual.text.TextStim'>, alignHoriz=method-wrapper(...), alignText='center', alignVert=method-wrapper(...), anchorHoriz='center', anchorVert='center', antialias=True, autoLog=True, bold=False, color=array([-1., -1., -1.]), colorSpace='rgb', contrast=1.0, depth=0, flipHoriz=False, flipVert=False, font='', fontFiles=[], height=40.0, italic=False, languageStyle='LTR', name='unnamed TextStim', opacity=1.0, ori=0.0, pos=array([  0., 580.]), rgb=UNKNOWN, text='Tap along with the video.', units='pix', win=Window(...), wrapWidth=1600)
11.7332 	WARNING 	t of last frame was 738.85ms (=1/1)
11.7332 	EXP 	topMsg: height = 0.1
11.7332 	EXP 	topMsg: height = 0.1
11.7332 	EXP 	topMsg: text = 'You will see a movie of a finger tapping. When it is on the screen, try to use the hand indicated to tap your fingers at the same times as the movie does. When the fixation cross appears, relax and stare at the cross.'
11.7332 	EXP 	bottomMsg: height = 0.1
11.7332 	EXP 	bottomMsg: height = 0.1
11.7332 	EXP 	bottomMsg: text = 'The experiment will begin shortly'
11.7332 	EXP 	Display Instructions1
39.5404 	DATA 	Keypress: equal
39.5557 	WARNING 	t of last frame was 27822.52ms (=1/0)
39.5557 	EXP 	topMsg: height = 0.1
39.5557 	EXP 	topMsg: height = 0.1
39.5557 	EXP 	topMsg: text = "Please don't move..."
39.5557 	EXP 	bottomMsg: height = 0.1
39.5557 	EXP 	bottomMsg: height = 0.1
39.5557 	EXP 	bottomMsg: text = ''
39.5557 	EXP 	PleaseDontMove
72.0779 	DATA 	Keypress: equal
72.0895 	WARNING 	t of last frame was 32533.76ms (=1/0)
72.0895 	EXP 	Display Fixation
72.0897 	EXP 	---START EXPERIMENT---
72.0914 	EXP 	Display Fixation
77.2692 	DATA 	Keypress: equal
82.4625 	DATA 	Keypress: equal
87.6564 	DATA 	Keypress: equal
92.8492 	DATA 	Keypress: equal
98.0437 	DATA 	Keypress: equal
103.2375 	DATA 	Keypress: equal
103.2484 	WARNING 	t of last frame was 31156.97ms (=1/0)
103.2784 	WARNING 	Multiple dropped frames have occurred - I'll stop bothering you about them!
103.2783 	EXP 	Display Frame 1
103.3060 	EXP 	Display Frame 2
103.3393 	EXP 	Display Frame 3
103.3725 	EXP 	Display Frame 4
103.4058 	EXP 	Display Frame 5
103.4393 	EXP 	Display Frame 6
103.4725 	EXP 	Display Frame 7
103.5058 	EXP 	Display Frame 8
103.5392 	EXP 	Display Frame 9
103.5726 	EXP 	Display Frame 0
103.6057 	EXP 	Display Frame 1
103.6391 	EXP 	Display Frame 2
103.6726 	EXP 	Display Frame 3
103.7058 	EXP 	Display Frame 4
103.7392 	EXP 	Display Frame 5
103.7724 	EXP 	Display Frame 6
103.8058 	EXP 	Display Frame 7
103.8392 	EXP 	Display Frame 8
103.8726 	EXP 	Display Frame 9
103.9058 	EXP 	Display Frame 0
103.9392 	EXP 	Display Frame 1
103.9725 	EXP 	Display Frame 2
104.0059 	EXP 	Display Frame 3
104.0392 	EXP 	Display Frame 4
104.0724 	EXP 	Display Frame 5
104.1057 	EXP 	Display Frame 6
104.1392 	EXP 	Display Frame 7
104.1724 	EXP 	Display Frame 8
104.2057 	EXP 	Display Frame 9
104.2391 	EXP 	Display Frame 0
104.2724 	EXP 	Display Frame 1
104.3058 	EXP 	Display Frame 2
104.3391 	EXP 	Display Frame 3
104.3725 	EXP 	Display Frame 4
104.4057 	EXP 	Display Frame 5
104.4392 	EXP 	Display Frame 6
104.4725 	EXP 	Display Frame 7
104.5058 	EXP 	Display Frame 8
104.5391 	EXP 	Display Frame 9
104.5724 	EXP 	Display Frame 0
104.6057 	EXP 	Display Frame 1
104.6391 	EXP 	Display Frame 2
104.6724 	EXP 	Display Frame 3
104.7058 	EXP 	Display Frame 4
104.7391 	EXP 	Display Frame 5
104.7731 	EXP 	Display Frame 6
104.8058 	EXP 	Display Frame 7
104.8391 	EXP 	Display Frame 8
104.8725 	EXP 	Display Frame 9
104.9058 	EXP 	Display Frame 0
104.9391 	EXP 	Display Frame 1
104.9726 	EXP 	Display Frame 2
105.0058 	EXP 	Display Frame 3
105.0392 	EXP 	Display Frame 4
105.0725 	EXP 	Display Frame 5
105.1059 	EXP 	Display Frame 6
105.1391 	EXP 	Display Frame 7
105.1724 	EXP 	Display Frame 8
105.2058 	EXP 	Display Frame 9
105.2391 	EXP 	Display Frame 0
105.2724 	EXP 	Display Frame 1
105.3058 	EXP 	Display Frame 2
105.3391 	EXP 	Display Frame 3
105.3724 	EXP 	Display Frame 4
105.4058 	EXP 	Display Frame 5
105.4391 	EXP 	Display Frame 6
105.4725 	EXP 	Display Frame 7
105.5058 	EXP 	Display Frame 8
105.5391 	EXP 	Display Frame 9
105.5724 	EXP 	Display Frame 0
105.6058 	EXP 	Display Frame 1
105.6390 	EXP 	Display Frame 2
105.6724 	EXP 	Display Frame 3
105.7057 	EXP 	Display Frame 4
105.7391 	EXP 	Display Frame 5
105.7724 	EXP 	Display Frame 6
105.8057 	EXP 	Display Frame 7
105.8392 	EXP 	Display Frame 8
105.8725 	EXP 	Display Frame 9
105.9057 	EXP 	Display Frame 0
105.9394 	EXP 	Display Frame 1
105.9725 	EXP 	Display Frame 2
106.0058 	EXP 	Display Frame 3
106.0392 	EXP 	Display Frame 4
106.0724 	EXP 	Display Frame 5
106.1057 	EXP 	Display Frame 6
106.1391 	EXP 	Display Frame 7
106.1725 	EXP 	Display Frame 8
106.2058 	EXP 	Display Frame 9
106.2391 	EXP 	Display Frame 0
106.2724 	EXP 	Display Frame 1
106.3058 	EXP 	Display Frame 2
106.3391 	EXP 	Display Frame 3
106.3724 	EXP 	Display Frame 4
106.4057 	EXP 	Display Frame 5
106.4391 	EXP 	Display Frame 6
106.4725 	EXP 	Display Frame 7
106.5059 	EXP 	Display Frame 8
106.5391 	EXP 	Display Frame 9
106.5724 	EXP 	Display Frame 0
106.6057 	EXP 	Display Frame 1
106.6391 	EXP 	Display Frame 2
106.6724 	EXP 	Display Frame 3
106.7058 	EXP 	Display Frame 4
106.7391 	EXP 	Display Frame 5
106.7724 	EXP 	Display Frame 6
106.8074 	EXP 	Display Frame 7
106.8392 	EXP 	Display Frame 8
106.8724 	EXP 	Display Frame 9
106.9057 	EXP 	Display Frame 0
106.9391 	EXP 	Display Frame 1
106.9724 	EXP 	Display Frame 2
107.0058 	EXP 	Display Frame 3
107.0392 	EXP 	Display Frame 4
107.0724 	EXP 	Display Frame 5
107.1059 	EXP 	Display Frame 6
107.1391 	EXP 	Display Frame 7
107.1725 	EXP 	Display Frame 8
107.2058 	EXP 	Display Frame 9
107.2392 	EXP 	Display Frame 0
107.2725 	EXP 	Display Frame 1
107.3060 	EXP 	Display Frame 2
107.3391 	EXP 	Display Frame 3
107.3731 	EXP 	Display Frame 4
107.4060 	EXP 	Display Frame 5
107.4392 	EXP 	Display Frame 6
107.4725 	EXP 	Display Frame 7
107.5058 	EXP 	Display Frame 8
107.5391 	EXP 	Display Frame 9
107.5724 	EXP 	Display Frame 0
107.6058 	EXP 	Display Frame 1
107.6391 	EXP 	Display Frame 2
107.6725 	EXP 	Display Frame 3
107.7058 	EXP 	Display Frame 4
107.7391 	EXP 	Display Frame 5
107.7724 	EXP 	Display Frame 6
107.8059 	EXP 	Display Frame 7
107.8391 	EXP 	Display Frame 8
107.8725 	EXP 	Display Frame 9
107.9058 	EXP 	Display Frame 0
107.9391 	EXP 	Display Frame 1
107.9724 	EXP 	Display Frame 2
108.0059 	EXP 	Display Frame 3
108.0391 	EXP 	Display Frame 4
108.0724 	EXP 	Display Frame 5
108.1058 	EXP 	Display Frame 6
108.1392 	EXP 	Display Frame 7
108.1724 	EXP 	Display Frame 8
108.2058 	EXP 	Display Frame 9
108.2391 	EXP 	Display Frame 0
108.2724 	EXP 	Display Frame 1
108.3058 	EXP 	Display Frame 2
108.3392 	EXP 	Display Frame 3
108.3724 	EXP 	Display Frame 4
108.4057 	EXP 	Display Frame 5
108.4389 	DATA 	Keypress: equal
108.4405 	EXP 	Display Frame 6
108.4724 	EXP 	Display Frame 7
108.5058 	EXP 	Display Frame 8
108.5391 	EXP 	Display Frame 9
108.5724 	EXP 	Display Frame 0
108.6058 	EXP 	Display Frame 1
108.6391 	EXP 	Display Frame 2
108.6724 	EXP 	Display Frame 3
108.7058 	EXP 	Display Frame 4
108.7391 	EXP 	Display Frame 5
108.7724 	EXP 	Display Frame 6
108.8058 	EXP 	Display Frame 7
108.8391 	EXP 	Display Frame 8
108.8725 	EXP 	Display Frame 9
108.9058 	EXP 	Display Frame 0
108.9391 	EXP 	Display Frame 1
108.9725 	EXP 	Display Frame 2
109.0058 	EXP 	Display Frame 3
109.0391 	EXP 	Display Frame 4
109.0724 	EXP 	Display Frame 5
109.1058 	EXP 	Display Frame 6
109.1391 	EXP 	Display Frame 7
109.1725 	EXP 	Display Frame 8
109.2057 	EXP 	Display Frame 9
109.2391 	EXP 	Display Frame 0
109.2724 	EXP 	Display Frame 1
109.3058 	EXP 	Display Frame 2
109.3391 	EXP 	Display Frame 3
109.3725 	EXP 	Display Frame 4
109.4058 	EXP 	Display Frame 5
109.4391 	EXP 	Display Frame 6
109.4725 	EXP 	Display Frame 7
109.5060 	EXP 	Display Frame 8
109.5391 	EXP 	Display Frame 9
109.5724 	EXP 	Display Frame 0
109.6058 	EXP 	Display Frame 1
109.6391 	EXP 	Display Frame 2
109.6724 	EXP 	Display Frame 3
109.7057 	EXP 	Display Frame 4
109.7391 	EXP 	Display Frame 5
109.7726 	EXP 	Display Frame 6
109.8058 	EXP 	Display Frame 7
109.8391 	EXP 	Display Frame 8
109.8724 	EXP 	Display Frame 9
109.9057 	EXP 	Display Frame 0
109.9391 	EXP 	Display Frame 1
109.9724 	EXP 	Display Frame 2
110.0059 	EXP 	Display Frame 3
110.0391 	EXP 	Display Frame 4
110.0724 	EXP 	Display Frame 5
110.1057 	EXP 	Display Frame 6
110.1391 	EXP 	Display Frame 7
110.1724 	EXP 	Display Frame 8
110.2059 	EXP 	Display Frame 9
110.2391 	EXP 	Display Frame 0
110.2725 	EXP 	Display Frame 1
110.3058 	EXP 	Display Frame 2
110.3392 	EXP 	Display Frame 3
110.3724 	EXP 	Display Frame 4
110.4058 	EXP 	Display Frame 5
110.4391 	EXP 	Display Frame 6
110.4725 	EXP 	Display Frame 7
110.5058 	EXP 	Display Frame 8
110.5392 	EXP 	Display Frame 9
110.5724 	EXP 	Display Frame 0
110.6058 	EXP 	Display Frame 1
110.6391 	EXP 	Display Frame 2
110.6724 	EXP 	Display Frame 3
110.7059 	EXP 	Display Frame 4
110.7390 	EXP 	Display Frame 5
110.7724 	EXP 	Display Frame 6
110.8057 	EXP 	Display Frame 7
110.8391 	EXP 	Display Frame 8
110.8725 	EXP 	Display Frame 9
110.9058 	EXP 	Display Frame 0
110.9391 	EXP 	Display Frame 1
110.9724 	EXP 	Display Frame 2
111.0058 	EXP 	Display Frame 3
111.0392 	EXP 	Display Frame 4
111.0724 	EXP 	Display Frame 5
111.1057 	EXP 	Display Frame 6
111.1391 	EXP 	Display Frame 7
111.1724 	EXP 	Display Frame 8
111.2058 	EXP 	Display Frame 9
111.2390 	EXP 	Display Frame 0
111.2724 	EXP 	Display Frame 1
111.3059 	EXP 	Display Frame 2
111.3391 	EXP 	Display Frame 3
111.3726 	EXP 	Display Frame 4
111.4057 	EXP 	Display Frame 5
111.4391 	EXP 	Display Frame 6
111.4724 	EXP 	Display Frame 7
111.5057 	EXP 	Display Frame 8
111.5391 	EXP 	Display Frame 9
111.5724 	EXP 	Display Frame 0
111.6057 	EXP 	Display Frame 1
111.6391 	EXP 	Display Frame 2
111.6724 	EXP 	Display Frame 3
111.7058 	EXP 	Display Frame 4
111.7391 	EXP 	Display Frame 5
111.7724 	EXP 	Display Frame 6
111.8057 	EXP 	Display Frame 7
111.8391 	EXP 	Display Frame 8
111.8725 	EXP 	Display Frame 9
111.9058 	EXP 	Display Frame 0
111.9391 	EXP 	Display Frame 1
111.9724 	EXP 	Display Frame 2
112.0057 	EXP 	Display Frame 3
112.0391 	EXP 	Display Frame 4
112.0726 	EXP 	Display Frame 5
112.1057 	EXP 	Display Frame 6
112.1391 	EXP 	Display Frame 7
112.1724 	EXP 	Display Frame 8
112.2059 	EXP 	Display Frame 9
112.2391 	EXP 	Display Frame 0
112.2724 	EXP 	Display Frame 1
112.3057 	EXP 	Display Frame 2
112.3391 	EXP 	Display Frame 3
112.3724 	EXP 	Display Frame 4
112.4059 	EXP 	Display Frame 5
112.4391 	EXP 	Display Frame 6
112.4724 	EXP 	Display Frame 7
112.5058 	EXP 	Display Frame 8
112.5391 	EXP 	Display Frame 9
112.5724 	EXP 	Display Frame 0
112.6058 	EXP 	Display Frame 1
112.6391 	EXP 	Display Frame 2
112.6724 	EXP 	Display Frame 3
112.7057 	EXP 	Display Frame 4
112.7391 	EXP 	Display Frame 5
112.7723 	EXP 	Display Frame 6
112.8057 	EXP 	Display Frame 7
112.8396 	EXP 	Display Frame 8
112.8724 	EXP 	Display Frame 9
112.9058 	EXP 	Display Frame 0
112.9391 	EXP 	Display Frame 1
112.9724 	EXP 	Display Frame 2
113.0058 	EXP 	Display Frame 3
113.0392 	EXP 	Display Frame 4
113.0724 	EXP 	Display Frame 5
113.1058 	EXP 	Display Frame 6
113.1391 	EXP 	Display Frame 7
113.1726 	EXP 	Display Frame 8
113.2057 	EXP 	Display Frame 9
113.2391 	EXP 	Display Frame 0
113.2724 	EXP 	Display Frame 1
113.3058 	EXP 	Display Frame 2
113.3390 	EXP 	Display Frame 3
113.3724 	EXP 	Display Frame 4
113.4057 	EXP 	Display Frame 5
113.4391 	EXP 	Display Frame 6
113.4724 	EXP 	Display Frame 7
113.5058 	EXP 	Display Frame 8
113.5391 	EXP 	Display Frame 9
113.5724 	EXP 	Display Frame 0
113.6057 	EXP 	Display Frame 1
113.6389 	DATA 	Keypress: equal
113.6404 	EXP 	Display Frame 2
113.6724 	EXP 	Display Frame 3
113.7057 	EXP 	Display Frame 4
113.7391 	EXP 	Display Frame 5
113.7724 	EXP 	Display Frame 6
113.8057 	EXP 	Display Frame 7
113.8391 	EXP 	Display Frame 8
113.8724 	EXP 	Display Frame 9
113.9057 	EXP 	Display Frame 0
113.9392 	EXP 	Display Frame 1
113.9724 	EXP 	Display Frame 2
114.0058 	EXP 	Display Frame 3
114.0394 	EXP 	Display Frame 4
114.0725 	EXP 	Display Frame 5
114.1057 	EXP 	Display Frame 6
114.1391 	EXP 	Display Frame 7
114.1724 	EXP 	Display Frame 8
114.2058 	EXP 	Display Frame 9
114.2391 	EXP 	Display Frame 0
114.2725 	EXP 	Display Frame 1
114.3060 	EXP 	Display Frame 2
114.3392 	EXP 	Display Frame 3
114.3726 	EXP 	Display Frame 4
114.4057 	EXP 	Display Frame 5
114.4391 	EXP 	Display Frame 6
114.4724 	EXP 	Display Frame 7
114.5058 	EXP 	Display Frame 8
114.5391 	EXP 	Display Frame 9
114.5724 	EXP 	Display Frame 0
114.6058 	EXP 	Display Frame 1
114.6391 	EXP 	Display Frame 2
114.6724 	EXP 	Display Frame 3
114.7059 	EXP 	Display Frame 4
114.7391 	EXP 	Display Frame 5
114.7724 	EXP 	Display Frame 6
114.8057 	EXP 	Display Frame 7
114.8391 	EXP 	Display Frame 8
114.8725 	EXP 	Display Frame 9
114.9058 	EXP 	Display Frame 0
114.9391 	EXP 	Display Frame 1
114.9724 	EXP 	Display Frame 2
115.0057 	EXP 	Display Frame 3
115.0391 	EXP 	Display Frame 4
115.0724 	EXP 	Display Frame 5
115.1060 	EXP 	Display Frame 6
115.1392 	EXP 	Display Frame 7
115.1724 	EXP 	Display Frame 8
115.2058 	EXP 	Display Frame 9
115.2391 	EXP 	Display Frame 0
115.2724 	EXP 	Display Frame 1
115.3058 	EXP 	Display Frame 2
115.3391 	EXP 	Display Frame 3
115.3725 	EXP 	Display Frame 4
115.4058 	EXP 	Display Frame 5
115.4392 	EXP 	Display Frame 6
115.4725 	EXP 	Display Frame 7
115.5057 	EXP 	Display Frame 8
115.5391 	EXP 	Display Frame 9
115.5725 	EXP 	Display Frame 0
115.6058 	EXP 	Display Frame 1
115.6392 	EXP 	Display Frame 2
115.6724 	EXP 	Display Frame 3
115.7059 	EXP 	Display Frame 4
115.7391 	EXP 	Display Frame 5
115.7725 	EXP 	Display Frame 6
115.8057 	EXP 	Display Frame 7
115.8391 	EXP 	Display Frame 8
115.8724 	EXP 	Display Frame 9
115.9058 	EXP 	Display Frame 0
115.9391 	EXP 	Display Frame 1
115.9724 	EXP 	Display Frame 2
116.0058 	EXP 	Display Frame 3
116.0391 	EXP 	Display Frame 4
116.0726 	EXP 	Display Frame 5
116.1058 	EXP 	Display Frame 6
116.1391 	EXP 	Display Frame 7
116.1724 	EXP 	Display Frame 8
116.2058 	EXP 	Display Frame 9
116.2391 	EXP 	Display Frame 0
116.2724 	EXP 	Display Frame 1
116.3057 	EXP 	Display Frame 2
116.3391 	EXP 	Display Frame 3
116.3724 	EXP 	Display Frame 4
116.4059 	EXP 	Display Frame 5
116.4391 	EXP 	Display Frame 6
116.4726 	EXP 	Display Frame 7
116.5058 	EXP 	Display Frame 8
116.5392 	EXP 	Display Frame 9
116.5724 	EXP 	Display Frame 0
116.6058 	EXP 	Display Frame 1
116.6391 	EXP 	Display Frame 2
116.6726 	EXP 	Display Frame 3
116.7058 	EXP 	Display Frame 4
116.7392 	EXP 	Display Frame 5
116.7724 	EXP 	Display Frame 6
116.8058 	EXP 	Display Frame 7
116.8392 	EXP 	Display Frame 8
116.8724 	EXP 	Display Frame 9
116.9058 	EXP 	Display Frame 0
116.9391 	EXP 	Display Frame 1
116.9724 	EXP 	Display Frame 2
117.0058 	EXP 	Display Frame 3
117.0391 	EXP 	Display Frame 4
117.0724 	EXP 	Display Frame 5
117.1058 	EXP 	Display Frame 6
117.1391 	EXP 	Display Frame 7
117.1725 	EXP 	Display Frame 8
117.2058 	EXP 	Display Frame 9
117.2391 	EXP 	Display Frame 0
117.2724 	EXP 	Display Frame 1
117.3058 	EXP 	Display Frame 2
117.3389 	EXP 	Display Frame 3
117.3725 	EXP 	Display Frame 4
117.4058 	EXP 	Display Frame 5
117.4393 	EXP 	Display Frame 6
117.4724 	EXP 	Display Frame 7
117.5057 	EXP 	Display Frame 8
117.5391 	EXP 	Display Frame 9
117.5725 	EXP 	Display Frame 0
117.6057 	EXP 	Display Frame 1
117.6392 	EXP 	Display Frame 2
117.6725 	EXP 	Display Frame 3
117.7058 	EXP 	Display Frame 4
117.7391 	EXP 	Display Frame 5
117.7727 	EXP 	Display Frame 6
117.8058 	EXP 	Display Frame 7
117.8390 	EXP 	Display Frame 8
117.8727 	EXP 	Display Frame 9
117.9061 	EXP 	Display Frame 0
117.9391 	EXP 	Display Frame 1
117.9725 	EXP 	Display Frame 2
118.0058 	EXP 	Display Frame 3
118.0391 	EXP 	Display Frame 4
118.0724 	EXP 	Display Frame 5
118.1058 	EXP 	Display Frame 6
118.1391 	EXP 	Display Frame 7
118.1725 	EXP 	Display Frame 8
118.2061 	EXP 	Display Frame 9
118.2394 	EXP 	Display Frame 0
118.2727 	EXP 	Display Frame 1
118.3060 	EXP 	Display Frame 2
118.3391 	EXP 	Display Frame 3
118.3724 	EXP 	Display Frame 4
118.4058 	EXP 	Display Frame 5
118.4391 	EXP 	Display Frame 6
118.4725 	EXP 	Display Frame 7
118.5058 	EXP 	Display Frame 8
118.5392 	EXP 	Display Frame 9
118.5725 	EXP 	Display Frame 0
118.6059 	EXP 	Display Frame 1
118.6391 	EXP 	Display Frame 2
118.6725 	EXP 	Display Frame 3
118.7058 	EXP 	Display Frame 4
118.7391 	EXP 	Display Frame 5
118.7724 	EXP 	Display Frame 6
118.8057 	EXP 	Display Frame 7
118.8389 	DATA 	Keypress: equal
118.8403 	EXP 	Display Frame 8
118.8724 	EXP 	Display Frame 9
118.9058 	EXP 	Display Frame 0
118.9391 	EXP 	Display Frame 1
118.9724 	EXP 	Display Frame 2
119.0058 	EXP 	Display Frame 3
119.0391 	EXP 	Display Frame 4
119.0724 	EXP 	Display Frame 5
119.1058 	EXP 	Display Frame 6
119.1391 	EXP 	Display Frame 7
119.1724 	EXP 	Display Frame 8
119.2058 	EXP 	Display Frame 9
119.2390 	EXP 	Display Frame 0
119.2724 	EXP 	Display Frame 1
119.3058 	EXP 	Display Frame 2
119.3390 	EXP 	Display Frame 3
119.3724 	EXP 	Display Frame 4
119.4058 	EXP 	Display Frame 5
119.4391 	EXP 	Display Frame 6
119.4724 	EXP 	Display Frame 7
119.5058 	EXP 	Display Frame 8
119.5391 	EXP 	Display Frame 9
119.5725 	EXP 	Display Frame 0
119.6058 	EXP 	Display Frame 1
119.6392 	EXP 	Display Frame 2
119.6724 	EXP 	Display Frame 3
119.7058 	EXP 	Display Frame 4
119.7391 	EXP 	Display Frame 5
119.7724 	EXP 	Display Frame 6
119.8057 	EXP 	Display Frame 7
119.8392 	EXP 	Display Frame 8
119.8726 	EXP 	Display Frame 9
119.9059 	EXP 	Display Frame 0
119.9390 	EXP 	Display Frame 1
119.9725 	EXP 	Display Frame 2
120.0057 	EXP 	Display Frame 3
120.0390 	EXP 	Display Frame 4
120.0723 	EXP 	Display Frame 5
120.1058 	EXP 	Display Frame 6
120.1391 	EXP 	Display Frame 7
120.1724 	EXP 	Display Frame 8
120.2057 	EXP 	Display Frame 9
120.2390 	EXP 	Display Frame 0
120.2724 	EXP 	Display Frame 1
120.3057 	EXP 	Display Frame 2
120.3390 	EXP 	Display Frame 3
120.3723 	EXP 	Display Frame 4
120.4057 	EXP 	Display Frame 5
120.4408 	EXP 	Display Frame 6
120.4724 	EXP 	Display Frame 7
120.5057 	EXP 	Display Frame 8
120.5390 	EXP 	Display Frame 9
120.5724 	EXP 	Display Frame 0
120.6057 	EXP 	Display Frame 1
120.6393 	EXP 	Display Frame 2
120.6726 	EXP 	Display Frame 3
120.7057 	EXP 	Display Frame 4
120.7391 	EXP 	Display Frame 5
120.7723 	EXP 	Display Frame 6
120.8059 	EXP 	Display Frame 7
120.8390 	EXP 	Display Frame 8
120.8723 	EXP 	Display Frame 9
120.9057 	EXP 	Display Frame 0
120.9390 	EXP 	Display Frame 1
120.9723 	EXP 	Display Frame 2
121.0057 	EXP 	Display Frame 3
121.0393 	EXP 	Display Frame 4
121.0724 	EXP 	Display Frame 5
121.1057 	EXP 	Display Frame 6
121.1390 	EXP 	Display Frame 7
121.1724 	EXP 	Display Frame 8
121.2057 	EXP 	Display Frame 9
121.2392 	EXP 	Display Frame 0
121.2724 	EXP 	Display Frame 1
121.3057 	EXP 	Display Frame 2
121.3390 	EXP 	Display Frame 3
121.3725 	EXP 	Display Frame 4
121.4057 	EXP 	Display Frame 5
121.4390 	EXP 	Display Frame 6
121.4723 	EXP 	Display Frame 7
121.5057 	EXP 	Display Frame 8
121.5390 	EXP 	Display Frame 9
121.5724 	EXP 	Display Frame 0
121.6057 	EXP 	Display Frame 1
121.6390 	EXP 	Display Frame 2
121.6723 	EXP 	Display Frame 3
121.7057 	EXP 	Display Frame 4
121.7390 	EXP 	Display Frame 5
121.7724 	EXP 	Display Frame 6
121.8057 	EXP 	Display Frame 7
121.8390 	EXP 	Display Frame 8
121.8726 	EXP 	Display Frame 9
121.9058 	EXP 	Display Frame 0
121.9392 	EXP 	Display Frame 1
121.9724 	EXP 	Display Frame 2
122.0059 	EXP 	Display Frame 3
122.0390 	EXP 	Display Frame 4
122.0725 	EXP 	Display Frame 5
122.1057 	EXP 	Display Frame 6
122.1390 	EXP 	Display Frame 7
122.1724 	EXP 	Display Frame 8
122.2057 	EXP 	Display Frame 9
122.2391 	EXP 	Display Frame 0
122.2724 	EXP 	Display Frame 1
122.3057 	EXP 	Display Frame 2
122.3390 	EXP 	Display Frame 3
122.3723 	EXP 	Display Frame 4
122.4057 	EXP 	Display Frame 5
122.4390 	EXP 	Display Frame 6
122.4723 	EXP 	Display Frame 7
122.5057 	EXP 	Display Frame 8
122.5390 	EXP 	Display Frame 9
122.5724 	EXP 	Display Frame 0
122.6057 	EXP 	Display Frame 1
122.6390 	EXP 	Display Frame 2
122.6724 	EXP 	Display Frame 3
122.7057 	EXP 	Display Frame 4
122.7391 	EXP 	Display Frame 5
122.7724 	EXP 	Display Frame 6
122.8057 	EXP 	Display Frame 7
122.8390 	EXP 	Display Frame 8
122.8724 	EXP 	Display Frame 9
122.9072 	EXP 	Display Frame 0
122.9390 	EXP 	Display Frame 1
122.9723 	EXP 	Display Frame 2
123.0057 	EXP 	Display Frame 3
123.0391 	EXP 	Display Frame 4
123.0724 	EXP 	Display Frame 5
123.1057 	EXP 	Display Frame 6
123.1390 	EXP 	Display Frame 7
123.1725 	EXP 	Display Frame 8
123.2056 	EXP 	Display Frame 9
123.2391 	EXP 	Display Frame 0
123.2724 	EXP 	Display Frame 1
123.3057 	EXP 	Display Frame 2
123.3390 	EXP 	Display Frame 3
123.3723 	EXP 	Display Frame 4
123.4057 	EXP 	Display Frame 5
123.4390 	EXP 	Display Frame 6
123.4724 	EXP 	Display Frame 7
123.5057 	EXP 	Display Frame 8
123.5390 	EXP 	Display Frame 9
123.5724 	EXP 	Display Frame 0
123.6057 	EXP 	Display Frame 1
123.6391 	EXP 	Display Frame 2
123.6724 	EXP 	Display Frame 3
123.7057 	EXP 	Display Frame 4
123.7390 	EXP 	Display Frame 5
123.7723 	EXP 	Display Frame 6
123.8058 	EXP 	Display Frame 7
123.8390 	EXP 	Display Frame 8
123.8724 	EXP 	Display Frame 9
123.9057 	EXP 	Display Frame 0
123.9390 	EXP 	Display Frame 1
123.9723 	EXP 	Display Frame 2
124.0057 	EXP 	Display Frame 3
124.0390 	DATA 	Keypress: equal
124.0403 	EXP 	Display Frame 4
124.0723 	EXP 	Display Frame 5
124.1057 	EXP 	Display Frame 6
124.1391 	EXP 	Display Frame 7
124.1724 	EXP 	Display Frame 8
124.2057 	EXP 	Display Frame 9
124.2390 	EXP 	Display Frame 0
124.2724 	EXP 	Display Frame 1
124.3057 	EXP 	Display Frame 2
124.3391 	EXP 	Display Frame 3
124.3723 	EXP 	Display Frame 4
124.4057 	EXP 	Display Frame 5
124.4390 	EXP 	Display Frame 6
124.4723 	EXP 	Display Frame 7
124.5057 	EXP 	Display Frame 8
124.5391 	EXP 	Display Frame 9
124.5723 	EXP 	Display Frame 0
124.6058 	EXP 	Display Frame 1
124.6390 	EXP 	Display Frame 2
124.6723 	EXP 	Display Frame 3
124.7057 	EXP 	Display Frame 4
124.7390 	EXP 	Display Frame 5
124.7724 	EXP 	Display Frame 6
124.8057 	EXP 	Display Frame 7
124.8390 	EXP 	Display Frame 8
124.8724 	EXP 	Display Frame 9
124.9058 	EXP 	Display Frame 0
124.9390 	EXP 	Display Frame 1
124.9748 	EXP 	Display Frame 2
125.0057 	EXP 	Display Frame 3
125.0390 	EXP 	Display Frame 4
125.0742 	EXP 	Display Frame 5
125.1057 	EXP 	Display Frame 6
125.1390 	EXP 	Display Frame 7
125.1723 	EXP 	Display Frame 8
125.2057 	EXP 	Display Frame 9
125.2400 	EXP 	Display Frame 0
125.2723 	EXP 	Display Frame 1
125.3057 	EXP 	Display Frame 2
125.3396 	EXP 	Display Frame 3
125.3723 	EXP 	Display Frame 4
125.4057 	EXP 	Display Frame 5
125.4396 	EXP 	Display Frame 6
125.4723 	EXP 	Display Frame 7
125.5057 	EXP 	Display Frame 8
125.5390 	EXP 	Display Frame 9
125.5725 	EXP 	Display Frame 0
125.6057 	EXP 	Display Frame 1
125.6390 	EXP 	Display Frame 2
125.6724 	EXP 	Display Frame 3
125.7057 	EXP 	Display Frame 4
125.7390 	EXP 	Display Frame 5
125.7726 	EXP 	Display Frame 6
125.8084 	EXP 	Display Frame 7
125.8390 	EXP 	Display Frame 8
125.8724 	EXP 	Display Frame 9
125.9088 	EXP 	Display Frame 0
125.9390 	EXP 	Display Frame 1
125.9725 	EXP 	Display Frame 2
126.0058 	EXP 	Display Frame 3
126.0390 	EXP 	Display Frame 4
126.0724 	EXP 	Display Frame 5
126.1057 	EXP 	Display Frame 6
126.1391 	EXP 	Display Frame 7
126.1726 	EXP 	Display Frame 8
126.2057 	EXP 	Display Frame 9
126.2390 	EXP 	Display Frame 0
126.2727 	EXP 	Display Frame 1
126.3057 	EXP 	Display Frame 2
126.3390 	EXP 	Display Frame 3
126.3724 	EXP 	Display Frame 4
126.4057 	EXP 	Display Frame 5
126.4390 	EXP 	Display Frame 6
126.4723 	EXP 	Display Frame 7
126.5058 	EXP 	Display Frame 8
126.5391 	EXP 	Display Frame 9
126.5727 	EXP 	Display Frame 0
126.6057 	EXP 	Display Frame 1
126.6407 	EXP 	Display Frame 2
126.6724 	EXP 	Display Frame 3
126.7057 	EXP 	Display Frame 4
126.7404 	EXP 	Display Frame 5
126.7724 	EXP 	Display Frame 6
126.8057 	EXP 	Display Frame 7
126.8390 	EXP 	Display Frame 8
126.8724 	EXP 	Display Frame 9
126.9058 	EXP 	Display Frame 0
126.9390 	EXP 	Display Frame 1
126.9723 	EXP 	Display Frame 2
127.0070 	EXP 	Display Frame 3
127.0390 	EXP 	Display Frame 4
127.0724 	EXP 	Display Frame 5
127.1069 	EXP 	Display Frame 6
127.1390 	EXP 	Display Frame 7
127.1724 	EXP 	Display Frame 8
127.2069 	EXP 	Display Frame 9
127.2390 	EXP 	Display Frame 0
127.2724 	EXP 	Display Frame 1
127.3057 	EXP 	Display Frame 2
127.3390 	EXP 	Display Frame 3
127.3724 	EXP 	Display Frame 4
127.4057 	EXP 	Display Frame 5
127.4390 	EXP 	Display Frame 6
127.4724 	EXP 	Display Frame 7
127.5058 	EXP 	Display Frame 8
127.5390 	EXP 	Display Frame 9
127.5726 	EXP 	Display Frame 0
127.6059 	EXP 	Display Frame 1
127.6390 	EXP 	Display Frame 2
127.6724 	EXP 	Display Frame 3
127.7058 	EXP 	Display Frame 4
127.7393 	EXP 	Display Frame 5
127.7724 	EXP 	Display Frame 6
127.8057 	EXP 	Display Frame 7
127.8390 	EXP 	Display Frame 8
127.8723 	EXP 	Display Frame 9
127.9057 	EXP 	Display Frame 0
127.9390 	EXP 	Display Frame 1
127.9727 	EXP 	Display Frame 2
128.0057 	EXP 	Display Frame 3
128.0391 	EXP 	Display Frame 4
128.0724 	EXP 	Display Frame 5
128.1057 	EXP 	Display Frame 6
128.1391 	EXP 	Display Frame 7
128.1724 	EXP 	Display Frame 8
128.2056 	EXP 	Display Frame 9
128.2390 	EXP 	Display Frame 0
128.2723 	EXP 	Display Frame 1
128.3057 	EXP 	Display Frame 2
128.3390 	EXP 	Display Frame 3
128.3724 	EXP 	Display Frame 4
128.4057 	EXP 	Display Frame 5
128.4390 	EXP 	Display Frame 6
128.4723 	EXP 	Display Frame 7
128.5057 	EXP 	Display Frame 8
128.5390 	EXP 	Display Frame 9
128.5723 	EXP 	Display Frame 0
128.6057 	EXP 	Display Frame 1
128.6390 	EXP 	Display Frame 2
128.6723 	EXP 	Display Frame 3
128.7057 	EXP 	Display Frame 4
128.7390 	EXP 	Display Frame 5
128.7723 	EXP 	Display Frame 6
128.8057 	EXP 	Display Frame 7
128.8390 	EXP 	Display Frame 8
128.8723 	EXP 	Display Frame 9
128.9057 	EXP 	Display Frame 0
128.9390 	EXP 	Display Frame 1
128.9723 	EXP 	Display Frame 2
129.0057 	EXP 	Display Frame 3
129.0390 	EXP 	Display Frame 4
129.0723 	EXP 	Display Frame 5
129.1057 	EXP 	Display Frame 6
129.1392 	EXP 	Display Frame 7
129.1723 	EXP 	Display Frame 8
129.2057 	DATA 	Keypress: equal
129.2070 	EXP 	Display Frame 9
129.2390 	EXP 	Display Frame 0
129.2724 	EXP 	Display Frame 1
129.3057 	EXP 	Display Frame 2
129.3390 	EXP 	Display Frame 3
129.3724 	EXP 	Display Frame 4
129.4057 	EXP 	Display Frame 5
129.4390 	EXP 	Display Frame 6
129.4723 	EXP 	Display Frame 7
129.5057 	EXP 	Display Frame 8
129.5390 	EXP 	Display Frame 9
129.5723 	EXP 	Display Frame 0
129.6057 	EXP 	Display Frame 1
129.6390 	EXP 	Display Frame 2
129.6724 	EXP 	Display Frame 3
129.7057 	EXP 	Display Frame 4
129.7390 	EXP 	Display Frame 5
129.7723 	EXP 	Display Frame 6
129.8057 	EXP 	Display Frame 7
129.8391 	EXP 	Display Frame 8
129.8723 	EXP 	Display Frame 9
129.9057 	EXP 	Display Frame 0
129.9390 	EXP 	Display Frame 1
129.9724 	EXP 	Display Frame 2
130.0057 	EXP 	Display Frame 3
130.0390 	EXP 	Display Frame 4
130.0723 	EXP 	Display Frame 5
130.1057 	EXP 	Display Frame 6
130.1390 	EXP 	Display Frame 7
130.1724 	EXP 	Display Frame 8
130.2057 	EXP 	Display Frame 9
130.2390 	EXP 	Display Frame 0
130.2723 	EXP 	Display Frame 1
130.3057 	EXP 	Display Frame 2
130.3390 	EXP 	Display Frame 3
130.3724 	EXP 	Display Frame 4
130.4057 	EXP 	Display Frame 5
130.4390 	EXP 	Display Frame 6
130.4723 	EXP 	Display Frame 7
130.5057 	EXP 	Display Frame 8
130.5391 	EXP 	Display Frame 9
130.5724 	EXP 	Display Frame 0
130.6057 	EXP 	Display Frame 1
130.6391 	EXP 	Display Frame 2
130.6724 	EXP 	Display Frame 3
130.7057 	EXP 	Display Frame 4
130.7390 	EXP 	Display Frame 5
130.7724 	EXP 	Display Frame 6
130.8057 	EXP 	Display Frame 7
130.8391 	EXP 	Display Frame 8
130.8724 	EXP 	Display Frame 9
130.9057 	EXP 	Display Frame 0
130.9412 	EXP 	Display Frame 1
130.9723 	EXP 	Display Frame 2
131.0057 	EXP 	Display Frame 3
131.0390 	EXP 	Display Frame 4
131.0725 	EXP 	Display Frame 5
131.1060 	EXP 	Display Frame 6
131.1392 	EXP 	Display Frame 7
131.1724 	EXP 	Display Frame 8
131.2057 	EXP 	Display Frame 9
131.2390 	EXP 	Display Frame 0
131.2724 	EXP 	Display Frame 1
131.3057 	EXP 	Display Frame 2
131.3391 	EXP 	Display Frame 3
131.3725 	EXP 	Display Frame 4
131.4057 	EXP 	Display Frame 5
131.4390 	EXP 	Display Frame 6
131.4724 	EXP 	Display Frame 7
131.5057 	EXP 	Display Frame 8
131.5390 	EXP 	Display Frame 9
131.5724 	EXP 	Display Frame 0
131.6057 	EXP 	Display Frame 1
131.6390 	EXP 	Display Frame 2
131.6724 	EXP 	Display Frame 3
131.7057 	EXP 	Display Frame 4
131.7391 	EXP 	Display Frame 5
131.7724 	EXP 	Display Frame 6
131.8057 	EXP 	Display Frame 7
131.8391 	EXP 	Display Frame 8
131.8724 	EXP 	Display Frame 9
131.9057 	EXP 	Display Frame 0
131.9391 	EXP 	Display Frame 1
131.9724 	EXP 	Display Frame 2
132.0057 	EXP 	Display Frame 3
132.0391 	EXP 	Display Frame 4
132.0724 	EXP 	Display Frame 5
132.1057 	EXP 	Display Frame 6
132.1391 	EXP 	Display Frame 7
132.1724 	EXP 	Display Frame 8
132.2058 	EXP 	Display Frame 9
132.2391 	EXP 	Display Frame 0
132.2724 	EXP 	Display Frame 1
132.3058 	EXP 	Display Frame 2
132.3391 	EXP 	Display Frame 3
132.3724 	EXP 	Display Frame 4
132.4057 	EXP 	Display Frame 5
132.4391 	EXP 	Display Frame 6
132.4724 	EXP 	Display Frame 7
132.5057 	EXP 	Display Frame 8
132.5391 	EXP 	Display Frame 9
132.5724 	EXP 	Display Frame 0
132.6057 	EXP 	Display Frame 1
132.6391 	EXP 	Display Frame 2
132.6724 	EXP 	Display Frame 3
132.7057 	EXP 	Display Frame 4
132.7391 	EXP 	Display Frame 5
132.7724 	EXP 	Display Frame 6
132.8060 	EXP 	Display Frame 7
132.8392 	EXP 	Display Frame 8
132.8724 	EXP 	Display Frame 9
132.9058 	EXP 	Display Frame 0
132.9390 	EXP 	Display Frame 1
132.9724 	EXP 	Display Frame 2
133.0058 	EXP 	Display Frame 3
133.0391 	EXP 	Display Frame 4
133.0724 	EXP 	Display Frame 5
133.1057 	EXP 	Display Frame 6
133.1391 	EXP 	Display Frame 7
133.1724 	EXP 	Display Frame 8
133.2058 	EXP 	Display Frame 9
133.2391 	EXP 	Display Frame 0
133.2724 	EXP 	Display Frame 1
133.3058 	EXP 	Display Frame 2
133.3391 	EXP 	Display Frame 3
133.3724 	EXP 	Display Frame 4
133.4058 	EXP 	Display Frame 5
133.4391 	EXP 	Display Frame 6
133.4724 	EXP 	Display Frame 7
133.5057 	EXP 	Display Frame 8
133.5391 	EXP 	Display Frame 9
133.5724 	EXP 	Display Frame 0
133.6057 	EXP 	Display Frame 1
133.6391 	EXP 	Display Frame 2
133.6724 	EXP 	Display Frame 3
133.7058 	EXP 	Display Frame 4
133.7391 	EXP 	Display Frame 5
133.7724 	EXP 	Display Frame 6
133.8057 	EXP 	Display Frame 7
133.8391 	EXP 	Display Frame 8
133.8724 	EXP 	Display Frame 9
133.9057 	EXP 	Display Frame 0
133.9391 	EXP 	Display Frame 1
133.9724 	EXP 	Display Frame 2
134.0057 	EXP 	Display Frame 3
134.0391 	EXP 	Display Frame 4
134.0724 	EXP 	Display Frame 5
134.1058 	EXP 	Display Frame 6
134.1391 	EXP 	Display Frame 7
134.1724 	EXP 	Display Frame 8
134.2058 	EXP 	Display Frame 9
134.2391 	EXP 	Display Frame 0
134.2724 	EXP 	Display Frame 1
134.3058 	EXP 	Display Frame 2
134.3391 	EXP 	Display Frame 3
134.3724 	EXP 	Display Frame 4
134.4056 	DATA 	Keypress: equal
134.4070 	EXP 	Display Frame 5
134.4109 	EXP 	Display Fixation
139.5913 	DATA 	Keypress: equal
144.7852 	DATA 	Keypress: equal
149.9803 	DATA 	Keypress: equal
155.1730 	DATA 	Keypress: equal
160.3667 	DATA 	Keypress: equal
165.5607 	DATA 	Keypress: equal
165.5993 	EXP 	Display Frame 1
165.6290 	EXP 	Display Frame 2
165.6630 	EXP 	Display Frame 3
165.6962 	EXP 	Display Frame 4
165.7289 	EXP 	Display Frame 5
165.7623 	EXP 	Display Frame 6
165.7956 	EXP 	Display Frame 7
165.8292 	EXP 	Display Frame 8
165.8627 	EXP 	Display Frame 9
165.8956 	EXP 	Display Frame 0
165.9290 	EXP 	Display Frame 1
165.9623 	EXP 	Display Frame 2
165.9956 	EXP 	Display Frame 3
166.0289 	EXP 	Display Frame 4
166.0629 	EXP 	Display Frame 5
166.0957 	EXP 	Display Frame 6
166.1292 	EXP 	Display Frame 7
166.1646 	EXP 	Display Frame 8
166.1959 	EXP 	Display Frame 9
166.2295 	EXP 	Display Frame 0
166.2625 	EXP 	Display Frame 1
166.2955 	EXP 	Display Frame 2
166.3291 	EXP 	Display Frame 3
166.3628 	EXP 	Display Frame 4
166.3956 	EXP 	Display Frame 5
166.4290 	EXP 	Display Frame 6
166.4627 	EXP 	Display Frame 7
166.4956 	EXP 	Display Frame 8
166.5289 	EXP 	Display Frame 9
166.5626 	EXP 	Display Frame 0
166.5957 	EXP 	Display Frame 1
166.6288 	EXP 	Display Frame 2
166.6623 	EXP 	Display Frame 3
166.6959 	EXP 	Display Frame 4
166.7289 	EXP 	Display Frame 5
166.7625 	EXP 	Display Frame 6
166.7961 	EXP 	Display Frame 7
166.8294 	EXP 	Display Frame 8
166.8625 	EXP 	Display Frame 9
166.8953 	EXP 	Display Frame 0
166.9288 	EXP 	Display Frame 1
166.9624 	EXP 	Display Frame 2
166.9955 	EXP 	Display Frame 3
167.0291 	EXP 	Display Frame 4
167.0624 	EXP 	Display Frame 5
167.0958 	EXP 	Display Frame 6
167.1288 	EXP 	Display Frame 7
167.1624 	EXP 	Display Frame 8
167.1963 	EXP 	Display Frame 9
167.2288 	EXP 	Display Frame 0
167.2623 	EXP 	Display Frame 1
167.2959 	EXP 	Display Frame 2
167.3290 	EXP 	Display Frame 3
167.3624 	EXP 	Display Frame 4
167.3960 	EXP 	Display Frame 5
167.4290 	EXP 	Display Frame 6
167.4624 	EXP 	Display Frame 7
167.4957 	EXP 	Display Frame 8
167.5289 	EXP 	Display Frame 9
167.5623 	EXP 	Display Frame 0
167.5957 	EXP 	Display Frame 1
167.6288 	EXP 	Display Frame 2
167.6623 	EXP 	Display Frame 3
167.6957 	EXP 	Display Frame 4
167.7294 	EXP 	Display Frame 5
167.7624 	EXP 	Display Frame 6
167.7962 	EXP 	Display Frame 7
167.8291 	EXP 	Display Frame 8
167.8622 	EXP 	Display Frame 9
167.8957 	EXP 	Display Frame 0
167.9292 	EXP 	Display Frame 1
167.9621 	EXP 	Display Frame 2
167.9955 	EXP 	Display Frame 3
168.0289 	EXP 	Display Frame 4
168.0623 	EXP 	Display Frame 5
168.0957 	EXP 	Display Frame 6
168.1297 	EXP 	Display Frame 7
168.1626 	EXP 	Display Frame 8
168.1966 	EXP 	Display Frame 9
168.2294 	EXP 	Display Frame 0
168.2624 	EXP 	Display Frame 1
168.2957 	EXP 	Display Frame 2
168.3290 	EXP 	Display Frame 3
168.3626 	EXP 	Display Frame 4
168.3957 	EXP 	Display Frame 5
168.4293 	EXP 	Display Frame 6
168.4628 	EXP 	Display Frame 7
168.4955 	EXP 	Display Frame 8
168.5297 	EXP 	Display Frame 9
168.5628 	EXP 	Display Frame 0
168.5956 	EXP 	Display Frame 1
168.6290 	EXP 	Display Frame 2
168.6626 	EXP 	Display Frame 3
168.6956 	EXP 	Display Frame 4
168.7291 	EXP 	Display Frame 5
168.7627 	EXP 	Display Frame 6
168.7955 	EXP 	Display Frame 7
168.8291 	EXP 	Display Frame 8
168.8625 	EXP 	Display Frame 9
168.8957 	EXP 	Display Frame 0
168.9289 	EXP 	Display Frame 1
168.9625 	EXP 	Display Frame 2
168.9956 	EXP 	Display Frame 3
169.0290 	EXP 	Display Frame 4
169.0626 	EXP 	Display Frame 5
169.0963 	EXP 	Display Frame 6
169.1288 	EXP 	Display Frame 7
169.1624 	EXP 	Display Frame 8
169.1958 	EXP 	Display Frame 9
169.2302 	EXP 	Display Frame 0
169.2625 	EXP 	Display Frame 1
169.2960 	EXP 	Display Frame 2
169.3290 	EXP 	Display Frame 3
169.3623 	EXP 	Display Frame 4
169.3956 	EXP 	Display Frame 5
169.4289 	EXP 	Display Frame 6
169.4624 	EXP 	Display Frame 7
169.4956 	EXP 	Display Frame 8
169.5288 	EXP 	Display Frame 9
169.5623 	EXP 	Display Frame 0
169.5960 	EXP 	Display Frame 1
169.6290 	EXP 	Display Frame 2
169.6624 	EXP 	Display Frame 3
169.6965 	EXP 	Display Frame 4
169.7291 	EXP 	Display Frame 5
169.7622 	EXP 	Display Frame 6
169.7958 	EXP 	Display Frame 7
169.8289 	EXP 	Display Frame 8
169.8632 	EXP 	Display Frame 9
169.8957 	EXP 	Display Frame 0
169.9292 	EXP 	Display Frame 1
169.9622 	EXP 	Display Frame 2
169.9957 	EXP 	Display Frame 3
170.0292 	EXP 	Display Frame 4
170.0622 	EXP 	Display Frame 5
170.0962 	EXP 	Display Frame 6
170.1289 	EXP 	Display Frame 7
170.1621 	EXP 	Display Frame 8
170.1958 	EXP 	Display Frame 9
170.2293 	EXP 	Display Frame 0
170.2624 	EXP 	Display Frame 1
170.2958 	EXP 	Display Frame 2
170.3289 	EXP 	Display Frame 3
170.3623 	EXP 	Display Frame 4
170.3956 	EXP 	Display Frame 5
170.4293 	EXP 	Display Frame 6
170.4623 	EXP 	Display Frame 7
170.4956 	EXP 	Display Frame 8
170.5291 	EXP 	Display Frame 9
170.5626 	EXP 	Display Frame 0
170.5957 	EXP 	Display Frame 1
170.6289 	EXP 	Display Frame 2
170.6626 	EXP 	Display Frame 3
170.6956 	EXP 	Display Frame 4
170.7293 	EXP 	Display Frame 5
170.7620 	DATA 	Keypress: equal
170.7632 	EXP 	Display Frame 6
170.7956 	EXP 	Display Frame 7
170.8289 	EXP 	Display Frame 8
170.8625 	EXP 	Display Frame 9
170.8955 	EXP 	Display Frame 0
170.9293 	EXP 	Display Frame 1
170.9626 	EXP 	Display Frame 2
170.9955 	EXP 	Display Frame 3
171.0290 	EXP 	Display Frame 4
171.0622 	EXP 	Display Frame 5
171.0961 	EXP 	Display Frame 6
171.1293 	EXP 	Display Frame 7
171.1627 	EXP 	Display Frame 8
171.1968 	EXP 	Display Frame 9
171.2289 	EXP 	Display Frame 0
171.2627 	EXP 	Display Frame 1
171.2963 	EXP 	Display Frame 2
171.3293 	EXP 	Display Frame 3
171.3625 	EXP 	Display Frame 4
171.3961 	EXP 	Display Frame 5
171.4288 	EXP 	Display Frame 6
171.4628 	EXP 	Display Frame 7
171.4962 	EXP 	Display Frame 8
171.5289 	EXP 	Display Frame 9
171.5626 	EXP 	Display Frame 0
171.5959 	EXP 	Display Frame 1
171.6289 	EXP 	Display Frame 2
171.6628 	EXP 	Display Frame 3
171.6960 	EXP 	Display Frame 4
171.7287 	EXP 	Display Frame 5
171.7624 	EXP 	Display Frame 6
171.7965 	EXP 	Display Frame 7
171.8291 	EXP 	Display Frame 8
171.8625 	EXP 	Display Frame 9
171.8955 	EXP 	Display Frame 0
171.9292 	EXP 	Display Frame 1
171.9623 	EXP 	Display Frame 2
171.9960 	EXP 	Display Frame 3
172.0290 	EXP 	Display Frame 4
172.0625 	EXP 	Display Frame 5
172.0959 	EXP 	Display Frame 6
172.1293 	EXP 	Display Frame 7
172.1620 	EXP 	Display Frame 8
172.1958 	EXP 	Display Frame 9
172.2292 	EXP 	Display Frame 0
172.2622 	EXP 	Display Frame 1
172.2960 	EXP 	Display Frame 2
172.3290 	EXP 	Display Frame 3
172.3624 	EXP 	Display Frame 4
172.3961 	EXP 	Display Frame 5
172.4292 	EXP 	Display Frame 6
172.4620 	EXP 	Display Frame 7
172.4956 	EXP 	Display Frame 8
172.5293 	EXP 	Display Frame 9
172.5622 	EXP 	Display Frame 0
172.5956 	EXP 	Display Frame 1
172.6293 	EXP 	Display Frame 2
172.6624 	EXP 	Display Frame 3
172.6962 	EXP 	Display Frame 4
172.7296 	EXP 	Display Frame 5
172.7624 	EXP 	Display Frame 6
172.7960 	EXP 	Display Frame 7
172.8295 	EXP 	Display Frame 8
172.8625 	EXP 	Display Frame 9
172.8956 	EXP 	Display Frame 0
172.9293 	EXP 	Display Frame 1
172.9628 	EXP 	Display Frame 2
172.9957 	EXP 	Display Frame 3
173.0291 	EXP 	Display Frame 4
173.0626 	EXP 	Display Frame 5
173.0956 	EXP 	Display Frame 6
173.1293 	EXP 	Display Frame 7
173.1628 	EXP 	Display Frame 8
173.1956 	EXP 	Display Frame 9
173.2301 	EXP 	Display Frame 0
173.2624 	EXP 	Display Frame 1
173.2956 	EXP 	Display Frame 2
173.3293 	EXP 	Display Frame 3
173.3625 	EXP 	Display Frame 4
173.3957 	EXP 	Display Frame 5
173.4290 	EXP 	Display Frame 6
173.4629 	EXP 	Display Frame 7
173.4955 	EXP 	Display Frame 8
173.5291 	EXP 	Display Frame 9
173.5627 	EXP 	Display Frame 0
173.5958 	EXP 	Display Frame 1
173.6290 	EXP 	Display Frame 2
173.6626 	EXP 	Display Frame 3
173.6961 	EXP 	Display Frame 4
173.7289 	EXP 	Display Frame 5
173.7626 	EXP 	Display Frame 6
173.7960 	EXP 	Display Frame 7
173.8295 	EXP 	Display Frame 8
173.8626 	EXP 	Display Frame 9
173.8958 	EXP 	Display Frame 0
173.9290 	EXP 	Display Frame 1
173.9625 	EXP 	Display Frame 2
173.9958 	EXP 	Display Frame 3
174.0288 	EXP 	Display Frame 4
174.0622 	EXP 	Display Frame 5
174.0957 	EXP 	Display Frame 6
174.1289 	EXP 	Display Frame 7
174.1625 	EXP 	Display Frame 8
174.1962 	EXP 	Display Frame 9
174.2289 	EXP 	Display Frame 0
174.2623 	EXP 	Display Frame 1
174.2957 	EXP 	Display Frame 2
174.3290 	EXP 	Display Frame 3
174.3622 	EXP 	Display Frame 4
174.3959 	EXP 	Display Frame 5
174.4294 	EXP 	Display Frame 6
174.4627 	EXP 	Display Frame 7
174.4954 	EXP 	Display Frame 8
174.5288 	EXP 	Display Frame 9
174.5623 	EXP 	Display Frame 0
174.5956 	EXP 	Display Frame 1
174.6295 	EXP 	Display Frame 2
174.6623 	EXP 	Display Frame 3
174.6961 	EXP 	Display Frame 4
174.7293 	EXP 	Display Frame 5
174.7622 	EXP 	Display Frame 6
174.7960 	EXP 	Display Frame 7
174.8289 	EXP 	Display Frame 8
174.8623 	EXP 	Display Frame 9
174.8956 	EXP 	Display Frame 0
174.9295 	EXP 	Display Frame 1
174.9622 	EXP 	Display Frame 2
174.9956 	EXP 	Display Frame 3
175.0289 	EXP 	Display Frame 4
175.0625 	EXP 	Display Frame 5
175.0956 	EXP 	Display Frame 6
175.1292 	EXP 	Display Frame 7
175.1626 	EXP 	Display Frame 8
175.1956 	EXP 	Display Frame 9
175.2293 	EXP 	Display Frame 0
175.2626 	EXP 	Display Frame 1
175.2956 	EXP 	Display Frame 2
175.3291 	EXP 	Display Frame 3
175.3629 	EXP 	Display Frame 4
175.3956 	EXP 	Display Frame 5
175.4291 	EXP 	Display Frame 6
175.4628 	EXP 	Display Frame 7
175.4964 	EXP 	Display Frame 8
175.5294 	EXP 	Display Frame 9
175.5629 	EXP 	Display Frame 0
175.5957 	EXP 	Display Frame 1
175.6290 	EXP 	Display Frame 2
175.6623 	EXP 	Display Frame 3
175.6957 	EXP 	Display Frame 4
175.7290 	EXP 	Display Frame 5
175.7626 	EXP 	Display Frame 6
175.7955 	EXP 	Display Frame 7
175.8294 	EXP 	Display Frame 8
175.8629 	EXP 	Display Frame 9
175.8958 	EXP 	Display Frame 0
175.9293 	EXP 	Display Frame 1
175.9621 	DATA 	Keypress: equal
175.9635 	EXP 	Display Frame 2
175.9958 	EXP 	Display Frame 3
176.0288 	EXP 	Display Frame 4
176.0623 	EXP 	Display Frame 5
176.0959 	EXP 	Display Frame 6
176.1293 	EXP 	Display Frame 7
176.1625 	EXP 	Display Frame 8
176.1960 	EXP 	Display Frame 9
176.2303 	EXP 	Display Frame 0
176.2624 	EXP 	Display Frame 1
176.2960 	EXP 	Display Frame 2
176.3295 	EXP 	Display Frame 3
176.3629 	EXP 	Display Frame 4
176.3959 	EXP 	Display Frame 5
176.4294 	EXP 	Display Frame 6
176.4625 	EXP 	Display Frame 7
176.4955 	EXP 	Display Frame 8
176.5293 	EXP 	Display Frame 9
176.5624 	EXP 	Display Frame 0
176.5963 	EXP 	Display Frame 1
176.6291 	EXP 	Display Frame 2
176.6627 	EXP 	Display Frame 3
176.6961 	EXP 	Display Frame 4
176.7297 	EXP 	Display Frame 5
176.7623 	EXP 	Display Frame 6
176.7960 	EXP 	Display Frame 7
176.8294 	EXP 	Display Frame 8
176.8628 	EXP 	Display Frame 9
176.8956 	EXP 	Display Frame 0
176.9289 	EXP 	Display Frame 1
176.9624 	EXP 	Display Frame 2
176.9961 	EXP 	Display Frame 3
177.0289 	EXP 	Display Frame 4
177.0622 	EXP 	Display Frame 5
177.0960 	EXP 	Display Frame 6
177.1294 	EXP 	Display Frame 7
177.1628 	EXP 	Display Frame 8
177.1960 	EXP 	Display Frame 9
177.2292 	EXP 	Display Frame 0
177.2625 	EXP 	Display Frame 1
177.2958 	EXP 	Display Frame 2
177.3290 	EXP 	Display Frame 3
177.3627 	EXP 	Display Frame 4
177.3956 	EXP 	Display Frame 5
177.4294 	EXP 	Display Frame 6
177.4633 	EXP 	Display Frame 7
177.4956 	EXP 	Display Frame 8
177.5291 	EXP 	Display Frame 9
177.5629 	EXP 	Display Frame 0
177.5958 	EXP 	Display Frame 1
177.6291 	EXP 	Display Frame 2
177.6623 	EXP 	Display Frame 3
177.6960 	EXP 	Display Frame 4
177.7293 	EXP 	Display Frame 5
177.7631 	EXP 	Display Frame 6
177.7960 	EXP 	Display Frame 7
177.8296 	EXP 	Display Frame 8
177.8628 	EXP 	Display Frame 9
177.8959 	EXP 	Display Frame 0
177.9292 	EXP 	Display Frame 1
177.9625 	EXP 	Display Frame 2
177.9957 	EXP 	Display Frame 3
178.0288 	EXP 	Display Frame 4
178.0622 	EXP 	Display Frame 5
178.0957 	EXP 	Display Frame 6
178.1293 	EXP 	Display Frame 7
178.1628 	EXP 	Display Frame 8
178.1962 	EXP 	Display Frame 9
178.2292 	EXP 	Display Frame 0
178.2646 	EXP 	Display Frame 1
178.2957 	EXP 	Display Frame 2
178.3295 	EXP 	Display Frame 3
178.3625 	EXP 	Display Frame 4
178.3960 	EXP 	Display Frame 5
178.4293 	EXP 	Display Frame 6
178.4638 	EXP 	Display Frame 7
178.4957 	EXP 	Display Frame 8
178.5291 	EXP 	Display Frame 9
178.5626 	EXP 	Display Frame 0
178.5957 	EXP 	Display Frame 1
178.6289 	EXP 	Display Frame 2
178.6623 	EXP 	Display Frame 3
178.6959 	EXP 	Display Frame 4
178.7289 	EXP 	Display Frame 5
178.7623 	EXP 	Display Frame 6
178.7962 	EXP 	Display Frame 7
178.8290 	EXP 	Display Frame 8
178.8624 	EXP 	Display Frame 9
178.8960 	EXP 	Display Frame 0
178.9288 	EXP 	Display Frame 1
178.9625 	EXP 	Display Frame 2
178.9960 	EXP 	Display Frame 3
179.0287 	EXP 	Display Frame 4
179.0620 	EXP 	Display Frame 5
179.0957 	EXP 	Display Frame 6
179.1288 	EXP 	Display Frame 7
179.1627 	EXP 	Display Frame 8
179.1961 	EXP 	Display Frame 9
179.2296 	EXP 	Display Frame 0
179.2625 	EXP 	Display Frame 1
179.2959 	EXP 	Display Frame 2
179.3290 	EXP 	Display Frame 3
179.3621 	EXP 	Display Frame 4
179.3961 	EXP 	Display Frame 5
179.4293 	EXP 	Display Frame 6
179.4623 	EXP 	Display Frame 7
179.4962 	EXP 	Display Frame 8
179.5293 	EXP 	Display Frame 9
179.5624 	EXP 	Display Frame 0
179.5960 	EXP 	Display Frame 1
179.6292 	EXP 	Display Frame 2
179.6623 	EXP 	Display Frame 3
179.6961 	EXP 	Display Frame 4
179.7292 	EXP 	Display Frame 5
179.7626 	EXP 	Display Frame 6
179.7960 	EXP 	Display Frame 7
179.8290 	EXP 	Display Frame 8
179.8626 	EXP 	Display Frame 9
179.8955 	EXP 	Display Frame 0
179.9293 	EXP 	Display Frame 1
179.9626 	EXP 	Display Frame 2
179.9955 	EXP 	Display Frame 3
180.0290 	EXP 	Display Frame 4
180.0622 	EXP 	Display Frame 5
180.0957 	EXP 	Display Frame 6
180.1292 	EXP 	Display Frame 7
180.1626 	EXP 	Display Frame 8
180.1954 	EXP 	Display Frame 9
180.2290 	EXP 	Display Frame 0
180.2628 	EXP 	Display Frame 1
180.2955 	EXP 	Display Frame 2
180.3292 	EXP 	Display Frame 3
180.3629 	EXP 	Display Frame 4
180.3962 	EXP 	Display Frame 5
180.4294 	EXP 	Display Frame 6
180.4625 	EXP 	Display Frame 7
180.4958 	EXP 	Display Frame 8
180.5295 	EXP 	Display Frame 9
180.5626 	EXP 	Display Frame 0
180.5964 	EXP 	Display Frame 1
180.6289 	EXP 	Display Frame 2
180.6627 	EXP 	Display Frame 3
180.6958 	EXP 	Display Frame 4
180.7291 	EXP 	Display Frame 5
180.7627 	EXP 	Display Frame 6
180.7958 	EXP 	Display Frame 7
180.8289 	EXP 	Display Frame 8
180.8625 	EXP 	Display Frame 9
180.8960 	EXP 	Display Frame 0
180.9292 	EXP 	Display Frame 1
180.9624 	EXP 	Display Frame 2
180.9960 	EXP 	Display Frame 3
181.0289 	EXP 	Display Frame 4
181.0625 	EXP 	Display Frame 5
181.0959 	EXP 	Display Frame 6
181.1290 	EXP 	Display Frame 7
181.1621 	DATA 	Keypress: equal
181.1634 	EXP 	Display Frame 8
181.1962 	EXP 	Display Frame 9
181.2288 	EXP 	Display Frame 0
181.2630 	EXP 	Display Frame 1
181.2959 	EXP 	Display Frame 2
181.3289 	EXP 	Display Frame 3
181.3624 	EXP 	Display Frame 4
181.3956 	EXP 	Display Frame 5
181.4296 	EXP 	Display Frame 6
181.4624 	EXP 	Display Frame 7
181.4956 	EXP 	Display Frame 8
181.5294 	EXP 	Display Frame 9
181.5621 	EXP 	Display Frame 0
181.5957 	EXP 	Display Frame 1
181.6296 	EXP 	Display Frame 2
181.6623 	EXP 	Display Frame 3
181.6960 	EXP 	Display Frame 4
181.7295 	EXP 	Display Frame 5
181.7624 	EXP 	Display Frame 6
181.7962 	EXP 	Display Frame 7
181.8295 	EXP 	Display Frame 8
181.8623 	EXP 	Display Frame 9
181.8953 	EXP 	Display Frame 0
181.9293 	EXP 	Display Frame 1
181.9622 	EXP 	Display Frame 2
181.9957 	EXP 	Display Frame 3
182.0291 	EXP 	Display Frame 4
182.0623 	EXP 	Display Frame 5
182.0956 	EXP 	Display Frame 6
182.1291 	EXP 	Display Frame 7
182.1626 	EXP 	Display Frame 8
182.1962 	EXP 	Display Frame 9
182.2294 	EXP 	Display Frame 0
182.2626 	EXP 	Display Frame 1
182.2958 	EXP 	Display Frame 2
182.3293 	EXP 	Display Frame 3
182.3629 	EXP 	Display Frame 4
182.3956 	EXP 	Display Frame 5
182.4293 	EXP 	Display Frame 6
182.4625 	EXP 	Display Frame 7
182.4956 	EXP 	Display Frame 8
182.5292 	EXP 	Display Frame 9
182.5627 	EXP 	Display Frame 0
182.5958 	EXP 	Display Frame 1
182.6294 	EXP 	Display Frame 2
182.6626 	EXP 	Display Frame 3
182.6957 	EXP 	Display Frame 4
182.7294 	EXP 	Display Frame 5
182.7626 	EXP 	Display Frame 6
182.7957 	EXP 	Display Frame 7
182.8291 	EXP 	Display Frame 8
182.8629 	EXP 	Display Frame 9
182.8956 	EXP 	Display Frame 0
182.9290 	EXP 	Display Frame 1
182.9627 	EXP 	Display Frame 2
182.9956 	EXP 	Display Frame 3
183.0289 	EXP 	Display Frame 4
183.0623 	EXP 	Display Frame 5
183.0964 	EXP 	Display Frame 6
183.1290 	EXP 	Display Frame 7
183.1622 	EXP 	Display Frame 8
183.1962 	EXP 	Display Frame 9
183.2291 	EXP 	Display Frame 0
183.2627 	EXP 	Display Frame 1
183.2979 	EXP 	Display Frame 2
183.3293 	EXP 	Display Frame 3
183.3627 	EXP 	Display Frame 4
183.3961 	EXP 	Display Frame 5
183.4290 	EXP 	Display Frame 6
183.4627 	EXP 	Display Frame 7
183.4960 	EXP 	Display Frame 8
183.5290 	EXP 	Display Frame 9
183.5627 	EXP 	Display Frame 0
183.5960 	EXP 	Display Frame 1
183.6289 	EXP 	Display Frame 2
183.6622 	EXP 	Display Frame 3
183.6961 	EXP 	Display Frame 4
183.7289 	EXP 	Display Frame 5
183.7621 	EXP 	Display Frame 6
183.7959 	EXP 	Display Frame 7
183.8301 	EXP 	Display Frame 8
183.8623 	EXP 	Display Frame 9
183.8957 	EXP 	Display Frame 0
183.9302 	EXP 	Display Frame 1
183.9623 	EXP 	Display Frame 2
183.9963 	EXP 	Display Frame 3
184.0292 	EXP 	Display Frame 4
184.0621 	EXP 	Display Frame 5
184.0955 	EXP 	Display Frame 6
184.1291 	EXP 	Display Frame 7
184.1623 	EXP 	Display Frame 8
184.1961 	EXP 	Display Frame 9
184.2291 	EXP 	Display Frame 0
184.2623 	EXP 	Display Frame 1
184.2959 	EXP 	Display Frame 2
184.3294 	EXP 	Display Frame 3
184.3627 	EXP 	Display Frame 4
184.3955 	EXP 	Display Frame 5
184.4294 	EXP 	Display Frame 6
184.4626 	EXP 	Display Frame 7
184.4958 	EXP 	Display Frame 8
184.5290 	EXP 	Display Frame 9
184.5624 	EXP 	Display Frame 0
184.5955 	EXP 	Display Frame 1
184.6288 	EXP 	Display Frame 2
184.6622 	EXP 	Display Frame 3
184.6957 	EXP 	Display Frame 4
184.7292 	EXP 	Display Frame 5
184.7634 	EXP 	Display Frame 6
184.7957 	EXP 	Display Frame 7
184.8295 	EXP 	Display Frame 8
184.8627 	EXP 	Display Frame 9
184.8959 	EXP 	Display Frame 0
184.9290 	EXP 	Display Frame 1
184.9624 	EXP 	Display Frame 2
184.9958 	EXP 	Display Frame 3
185.0290 	EXP 	Display Frame 4
185.0625 	EXP 	Display Frame 5
185.0956 	EXP 	Display Frame 6
185.1291 	EXP 	Display Frame 7
185.1628 	EXP 	Display Frame 8
185.1955 	EXP 	Display Frame 9
185.2289 	EXP 	Display Frame 0
185.2626 	EXP 	Display Frame 1
185.2957 	EXP 	Display Frame 2
185.3287 	EXP 	Display Frame 3
185.3626 	EXP 	Display Frame 4
185.3957 	EXP 	Display Frame 5
185.4292 	EXP 	Display Frame 6
185.4628 	EXP 	Display Frame 7
185.4960 	EXP 	Display Frame 8
185.5292 	EXP 	Display Frame 9
185.5624 	EXP 	Display Frame 0
185.5958 	EXP 	Display Frame 1
185.6290 	EXP 	Display Frame 2
185.6630 	EXP 	Display Frame 3
185.6959 	EXP 	Display Frame 4
185.7288 	EXP 	Display Frame 5
185.7624 	EXP 	Display Frame 6
185.7961 	EXP 	Display Frame 7
185.8289 	EXP 	Display Frame 8
185.8623 	EXP 	Display Frame 9
185.8958 	EXP 	Display Frame 0
185.9289 	EXP 	Display Frame 1
185.9627 	EXP 	Display Frame 2
185.9962 	EXP 	Display Frame 3
186.0289 	EXP 	Display Frame 4
186.0624 	EXP 	Display Frame 5
186.0958 	EXP 	Display Frame 6
186.1293 	EXP 	Display Frame 7
186.1624 	EXP 	Display Frame 8
186.1957 	EXP 	Display Frame 9
186.2294 	EXP 	Display Frame 0
186.2625 	EXP 	Display Frame 1
186.2959 	EXP 	Display Frame 2
186.3297 	EXP 	Display Frame 3
186.3620 	DATA 	Keypress: equal
186.3633 	EXP 	Display Frame 4
186.3957 	EXP 	Display Frame 5
186.4302 	EXP 	Display Frame 6
186.4622 	EXP 	Display Frame 7
186.4957 	EXP 	Display Frame 8
186.5292 	EXP 	Display Frame 9
186.5623 	EXP 	Display Frame 0
186.5955 	EXP 	Display Frame 1
186.6294 	EXP 	Display Frame 2
186.6622 	EXP 	Display Frame 3
186.6961 	EXP 	Display Frame 4
186.7295 	EXP 	Display Frame 5
186.7623 	EXP 	Display Frame 6
186.7957 	EXP 	Display Frame 7
186.8290 	EXP 	Display Frame 8
186.8623 	EXP 	Display Frame 9
186.8957 	EXP 	Display Frame 0
186.9293 	EXP 	Display Frame 1
186.9628 	EXP 	Display Frame 2
186.9963 	EXP 	Display Frame 3
187.0293 	EXP 	Display Frame 4
187.0621 	EXP 	Display Frame 5
187.0956 	EXP 	Display Frame 6
187.1291 	EXP 	Display Frame 7
187.1625 	EXP 	Display Frame 8
187.1957 	EXP 	Display Frame 9
187.2293 	EXP 	Display Frame 0
187.2632 	EXP 	Display Frame 1
187.2955 	EXP 	Display Frame 2
187.3291 	EXP 	Display Frame 3
187.3630 	EXP 	Display Frame 4
187.3958 	EXP 	Display Frame 5
187.4290 	EXP 	Display Frame 6
187.4630 	EXP 	Display Frame 7
187.4956 	EXP 	Display Frame 8
187.5290 	EXP 	Display Frame 9
187.5623 	EXP 	Display Frame 0
187.5956 	EXP 	Display Frame 1
187.6294 	EXP 	Display Frame 2
187.6623 	EXP 	Display Frame 3
187.6958 	EXP 	Display Frame 4
187.7293 	EXP 	Display Frame 5
187.7626 	EXP 	Display Frame 6
187.7960 	EXP 	Display Frame 7
187.8288 	EXP 	Display Frame 8
187.8625 	EXP 	Display Frame 9
187.8956 	EXP 	Display Frame 0
187.9289 	EXP 	Display Frame 1
187.9625 	EXP 	Display Frame 2
187.9959 	EXP 	Display Frame 3
188.0291 	EXP 	Display Frame 4
188.0628 	EXP 	Display Frame 5
188.0962 	EXP 	Display Frame 6
188.1289 	EXP 	Display Frame 7
188.1626 	EXP 	Display Frame 8
188.1962 	EXP 	Display Frame 9
188.2290 	EXP 	Display Frame 0
188.2625 	EXP 	Display Frame 1
188.2964 	EXP 	Display Frame 2
188.3288 	EXP 	Display Frame 3
188.3624 	EXP 	Display Frame 4
188.3960 	EXP 	Display Frame 5
188.4293 	EXP 	Display Frame 6
188.4622 	EXP 	Display Frame 7
188.4957 	EXP 	Display Frame 8
188.5293 	EXP 	Display Frame 9
188.5624 	EXP 	Display Frame 0
188.5957 	EXP 	Display Frame 1
188.6293 	EXP 	Display Frame 2
188.6624 	EXP 	Display Frame 3
188.6960 	EXP 	Display Frame 4
188.7292 	EXP 	Display Frame 5
188.7621 	EXP 	Display Frame 6
188.7958 	EXP 	Display Frame 7
188.8299 	EXP 	Display Frame 8
188.8622 	EXP 	Display Frame 9
188.8960 	EXP 	Display Frame 0
188.9294 	EXP 	Display Frame 1
188.9622 	EXP 	Display Frame 2
188.9959 	EXP 	Display Frame 3
189.0291 	EXP 	Display Frame 4
189.0622 	EXP 	Display Frame 5
189.0957 	EXP 	Display Frame 6
189.1292 	EXP 	Display Frame 7
189.1624 	EXP 	Display Frame 8
189.1959 	EXP 	Display Frame 9
189.2290 	EXP 	Display Frame 0
189.2626 	EXP 	Display Frame 1
189.2961 	EXP 	Display Frame 2
189.3295 	EXP 	Display Frame 3
189.3626 	EXP 	Display Frame 4
189.3956 	EXP 	Display Frame 5
189.4292 	EXP 	Display Frame 6
189.4626 	EXP 	Display Frame 7
189.4956 	EXP 	Display Frame 8
189.5292 	EXP 	Display Frame 9
189.5626 	EXP 	Display Frame 0
189.5955 	EXP 	Display Frame 1
189.6290 	EXP 	Display Frame 2
189.6627 	EXP 	Display Frame 3
189.6957 	EXP 	Display Frame 4
189.7289 	EXP 	Display Frame 5
189.7634 	EXP 	Display Frame 6
189.7959 	EXP 	Display Frame 7
189.8293 	EXP 	Display Frame 8
189.8629 	EXP 	Display Frame 9
189.8955 	EXP 	Display Frame 0
189.9290 	EXP 	Display Frame 1
189.9627 	EXP 	Display Frame 2
189.9956 	EXP 	Display Frame 3
190.0289 	EXP 	Display Frame 4
190.0627 	EXP 	Display Frame 5
190.0960 	EXP 	Display Frame 6
190.1294 	EXP 	Display Frame 7
190.1626 	EXP 	Display Frame 8
190.1959 	EXP 	Display Frame 9
190.2289 	EXP 	Display Frame 0
190.2623 	EXP 	Display Frame 1
190.2962 	EXP 	Display Frame 2
190.3291 	EXP 	Display Frame 3
190.3627 	EXP 	Display Frame 4
190.3961 	EXP 	Display Frame 5
190.4289 	EXP 	Display Frame 6
190.4624 	EXP 	Display Frame 7
190.4960 	EXP 	Display Frame 8
190.5288 	EXP 	Display Frame 9
190.5624 	EXP 	Display Frame 0
190.5959 	EXP 	Display Frame 1
190.6289 	EXP 	Display Frame 2
190.6623 	EXP 	Display Frame 3
190.6960 	EXP 	Display Frame 4
190.7293 	EXP 	Display Frame 5
190.7624 	EXP 	Display Frame 6
190.7963 	EXP 	Display Frame 7
190.8293 	EXP 	Display Frame 8
190.8627 	EXP 	Display Frame 9
190.8960 	EXP 	Display Frame 0
190.9291 	EXP 	Display Frame 1
190.9625 	EXP 	Display Frame 2
190.9961 	EXP 	Display Frame 3
191.0292 	EXP 	Display Frame 4
191.0623 	EXP 	Display Frame 5
191.0958 	EXP 	Display Frame 6
191.1292 	EXP 	Display Frame 7
191.1623 	EXP 	Display Frame 8
191.1959 	EXP 	Display Frame 9
191.2293 	EXP 	Display Frame 0
191.2622 	EXP 	Display Frame 1
191.2961 	EXP 	Display Frame 2
191.3295 	EXP 	Display Frame 3
191.3624 	EXP 	Display Frame 4
191.3957 	EXP 	Display Frame 5
191.4295 	EXP 	Display Frame 6
191.4624 	EXP 	Display Frame 7
191.4956 	EXP 	Display Frame 8
191.5289 	DATA 	Keypress: equal
191.5302 	EXP 	Display Frame 9
191.5622 	EXP 	Display Frame 0
191.5956 	EXP 	Display Frame 1
191.6295 	EXP 	Display Frame 2
191.6625 	EXP 	Display Frame 3
191.6956 	EXP 	Display Frame 4
191.7295 	EXP 	Display Frame 5
191.7627 	EXP 	Display Frame 6
191.7958 	EXP 	Display Frame 7
191.8290 	EXP 	Display Frame 8
191.8627 	EXP 	Display Frame 9
191.8955 	EXP 	Display Frame 0
191.9289 	EXP 	Display Frame 1
191.9629 	EXP 	Display Frame 2
191.9955 	EXP 	Display Frame 3
192.0294 	EXP 	Display Frame 4
192.0624 	EXP 	Display Frame 5
192.0955 	EXP 	Display Frame 6
192.1291 	EXP 	Display Frame 7
192.1625 	EXP 	Display Frame 8
192.1959 	EXP 	Display Frame 9
192.2295 	EXP 	Display Frame 0
192.2633 	EXP 	Display Frame 1
192.2957 	EXP 	Display Frame 2
192.3311 	EXP 	Display Frame 3
192.3625 	EXP 	Display Frame 4
192.3960 	EXP 	Display Frame 5
192.4289 	EXP 	Display Frame 6
192.4629 	EXP 	Display Frame 7
192.4960 	EXP 	Display Frame 8
192.5292 	EXP 	Display Frame 9
192.5629 	EXP 	Display Frame 0
192.5961 	EXP 	Display Frame 1
192.6291 	EXP 	Display Frame 2
192.6624 	EXP 	Display Frame 3
192.6961 	EXP 	Display Frame 4
192.7290 	EXP 	Display Frame 5
192.7628 	EXP 	Display Frame 6
192.7958 	EXP 	Display Frame 7
192.8292 	EXP 	Display Frame 8
192.8628 	EXP 	Display Frame 9
192.8959 	EXP 	Display Frame 0
192.9288 	EXP 	Display Frame 1
192.9625 	EXP 	Display Frame 2
192.9965 	EXP 	Display Frame 3
193.0288 	EXP 	Display Frame 4
193.0624 	EXP 	Display Frame 5
193.0956 	EXP 	Display Frame 6
193.1294 	EXP 	Display Frame 7
193.1622 	EXP 	Display Frame 8
193.1959 	EXP 	Display Frame 9
193.2295 	EXP 	Display Frame 0
193.2624 	EXP 	Display Frame 1
193.2960 	EXP 	Display Frame 2
193.3292 	EXP 	Display Frame 3
193.3626 	EXP 	Display Frame 4
193.3958 	EXP 	Display Frame 5
193.4291 	EXP 	Display Frame 6
193.4625 	EXP 	Display Frame 7
193.4961 	EXP 	Display Frame 8
193.5295 	EXP 	Display Frame 9
193.5622 	EXP 	Display Frame 0
193.5963 	EXP 	Display Frame 1
193.6293 	EXP 	Display Frame 2
193.6622 	EXP 	Display Frame 3
193.6961 	EXP 	Display Frame 4
193.7293 	EXP 	Display Frame 5
193.7622 	EXP 	Display Frame 6
193.7958 	EXP 	Display Frame 7
193.8299 	EXP 	Display Frame 8
193.8622 	EXP 	Display Frame 9
193.8957 	EXP 	Display Frame 0
193.9295 	EXP 	Display Frame 1
193.9624 	EXP 	Display Frame 2
193.9956 	EXP 	Display Frame 3
194.0296 	EXP 	Display Frame 4
194.0625 	EXP 	Display Frame 5
194.0956 	EXP 	Display Frame 6
194.1292 	EXP 	Display Frame 7
194.1625 	EXP 	Display Frame 8
194.1959 	EXP 	Display Frame 9
194.2291 	EXP 	Display Frame 0
194.2626 	EXP 	Display Frame 1
194.2961 	EXP 	Display Frame 2
194.3293 	EXP 	Display Frame 3
194.3628 	EXP 	Display Frame 4
194.3959 	EXP 	Display Frame 5
194.4294 	EXP 	Display Frame 6
194.4625 	EXP 	Display Frame 7
194.4957 	EXP 	Display Frame 8
194.5288 	EXP 	Display Frame 9
194.5621 	EXP 	Display Frame 0
194.5954 	EXP 	Display Frame 1
194.6288 	EXP 	Display Frame 2
194.6623 	EXP 	Display Frame 3
194.6964 	EXP 	Display Frame 4
194.7295 	EXP 	Display Frame 5
194.7631 	EXP 	Display Frame 6
194.7958 	EXP 	Display Frame 7
194.8293 	EXP 	Display Frame 8
194.8627 	EXP 	Display Frame 9
194.8958 	EXP 	Display Frame 0
194.9290 	EXP 	Display Frame 1
194.9627 	EXP 	Display Frame 2
194.9958 	EXP 	Display Frame 3
195.0290 	EXP 	Display Frame 4
195.0623 	EXP 	Display Frame 5
195.0956 	EXP 	Display Frame 6
195.1291 	EXP 	Display Frame 7
195.1624 	EXP 	Display Frame 8
195.1960 	EXP 	Display Frame 9
195.2289 	EXP 	Display Frame 0
195.2626 	EXP 	Display Frame 1
195.2959 	EXP 	Display Frame 2
195.3292 	EXP 	Display Frame 3
195.3629 	EXP 	Display Frame 4
195.3968 	EXP 	Display Frame 5
195.4289 	EXP 	Display Frame 6
195.4625 	EXP 	Display Frame 7
195.4958 	EXP 	Display Frame 8
195.5293 	EXP 	Display Frame 9
195.5623 	EXP 	Display Frame 0
195.5961 	EXP 	Display Frame 1
195.6313 	EXP 	Display Frame 2
195.6627 	EXP 	Display Frame 3
195.6962 	EXP 	Display Frame 4
195.7299 	EXP 	Display Frame 5
195.7624 	EXP 	Display Frame 6
195.7962 	EXP 	Display Frame 7
195.8296 	EXP 	Display Frame 8
195.8622 	EXP 	Display Frame 9
195.8959 	EXP 	Display Frame 0
195.9292 	EXP 	Display Frame 1
195.9622 	EXP 	Display Frame 2
195.9959 	EXP 	Display Frame 3
196.0293 	EXP 	Display Frame 4
196.0627 	EXP 	Display Frame 5
196.0957 	EXP 	Display Frame 6
196.1291 	EXP 	Display Frame 7
196.1624 	EXP 	Display Frame 8
196.1960 	EXP 	Display Frame 9
196.2297 	EXP 	Display Frame 0
196.2625 	EXP 	Display Frame 1
196.2962 	EXP 	Display Frame 2
196.3290 	EXP 	Display Frame 3
196.3628 	EXP 	Display Frame 4
196.3956 	EXP 	Display Frame 5
196.4290 	EXP 	Display Frame 6
196.4625 	EXP 	Display Frame 7
196.4958 	EXP 	Display Frame 8
196.5292 	EXP 	Display Frame 9
196.5624 	EXP 	Display Frame 0
196.5955 	EXP 	Display Frame 1
196.6294 	EXP 	Display Frame 2
196.6623 	EXP 	Display Frame 3
196.6957 	EXP 	Display Frame 4
196.7288 	DATA 	Keypress: equal
196.7301 	EXP 	Display Frame 5
196.7450 	EXP 	Display Fixation
201.9143 	DATA 	Keypress: equal
207.1101 	DATA 	Keypress: equal
212.3032 	DATA 	Keypress: equal
217.4966 	DATA 	Keypress: equal
222.6898 	DATA 	Keypress: equal
227.8854 	DATA 	Keypress: equal
227.9208 	EXP 	Display Frame 1
227.9539 	EXP 	Display Frame 2
227.9871 	EXP 	Display Frame 3
228.0204 	EXP 	Display Frame 4
228.0537 	EXP 	Display Frame 5
228.0874 	EXP 	Display Frame 6
228.1203 	EXP 	Display Frame 7
228.1538 	EXP 	Display Frame 8
228.1870 	EXP 	Display Frame 9
228.2207 	EXP 	Display Frame 0
228.2537 	EXP 	Display Frame 1
228.2869 	EXP 	Display Frame 2
228.3203 	EXP 	Display Frame 3
228.3536 	EXP 	Display Frame 4
228.3870 	EXP 	Display Frame 5
228.4203 	EXP 	Display Frame 6
228.4536 	EXP 	Display Frame 7
228.4869 	EXP 	Display Frame 8
228.5202 	EXP 	Display Frame 9
228.5536 	EXP 	Display Frame 0
228.5870 	EXP 	Display Frame 1
228.6203 	EXP 	Display Frame 2
228.6536 	EXP 	Display Frame 3
228.6870 	EXP 	Display Frame 4
228.7203 	EXP 	Display Frame 5
228.7536 	EXP 	Display Frame 6
228.7869 	EXP 	Display Frame 7
228.8203 	EXP 	Display Frame 8
228.8536 	EXP 	Display Frame 9
228.8870 	EXP 	Display Frame 0
228.9203 	EXP 	Display Frame 1
228.9536 	EXP 	Display Frame 2
228.9869 	EXP 	Display Frame 3
229.0203 	EXP 	Display Frame 4
229.0536 	EXP 	Display Frame 5
229.0869 	EXP 	Display Frame 6
229.1203 	EXP 	Display Frame 7
229.1536 	EXP 	Display Frame 8
229.1870 	EXP 	Display Frame 9
229.2203 	EXP 	Display Frame 0
229.2536 	EXP 	Display Frame 1
229.2869 	EXP 	Display Frame 2
229.3202 	EXP 	Display Frame 3
229.3536 	EXP 	Display Frame 4
229.3869 	EXP 	Display Frame 5
229.4204 	EXP 	Display Frame 6
229.4536 	EXP 	Display Frame 7
229.4870 	EXP 	Display Frame 8
229.5203 	EXP 	Display Frame 9
229.5536 	EXP 	Display Frame 0
229.5869 	EXP 	Display Frame 1
229.6202 	EXP 	Display Frame 2
229.6536 	EXP 	Display Frame 3
229.6875 	EXP 	Display Frame 4
229.7205 	EXP 	Display Frame 5
229.7537 	EXP 	Display Frame 6
229.7869 	EXP 	Display Frame 7
229.8205 	EXP 	Display Frame 8
229.8536 	EXP 	Display Frame 9
229.8871 	EXP 	Display Frame 0
229.9203 	EXP 	Display Frame 1
229.9536 	EXP 	Display Frame 2
229.9869 	EXP 	Display Frame 3
230.0203 	EXP 	Display Frame 4
230.0536 	EXP 	Display Frame 5
230.0870 	EXP 	Display Frame 6
230.1203 	EXP 	Display Frame 7
230.1536 	EXP 	Display Frame 8
230.1869 	EXP 	Display Frame 9
230.2203 	EXP 	Display Frame 0
230.2536 	EXP 	Display Frame 1
230.2871 	EXP 	Display Frame 2
230.3204 	EXP 	Display Frame 3
230.3536 	EXP 	Display Frame 4
230.3870 	EXP 	Display Frame 5
230.4202 	EXP 	Display Frame 6
230.4536 	EXP 	Display Frame 7
230.4869 	EXP 	Display Frame 8
230.5203 	EXP 	Display Frame 9
230.5536 	EXP 	Display Frame 0
230.5870 	EXP 	Display Frame 1
230.6203 	EXP 	Display Frame 2
230.6536 	EXP 	Display Frame 3
230.6870 	EXP 	Display Frame 4
230.7203 	EXP 	Display Frame 5
230.7536 	EXP 	Display Frame 6
230.7869 	EXP 	Display Frame 7
230.8202 	EXP 	Display Frame 8
230.8536 	EXP 	Display Frame 9
230.8870 	EXP 	Display Frame 0
230.9203 	EXP 	Display Frame 1
230.9536 	EXP 	Display Frame 2
230.9869 	EXP 	Display Frame 3
231.0203 	EXP 	Display Frame 4
231.0536 	EXP 	Display Frame 5
231.0869 	EXP 	Display Frame 6
231.1202 	EXP 	Display Frame 7
231.1536 	EXP 	Display Frame 8
231.1869 	EXP 	Display Frame 9
231.2203 	EXP 	Display Frame 0
231.2536 	EXP 	Display Frame 1
231.2870 	EXP 	Display Frame 2
231.3203 	EXP 	Display Frame 3
231.3537 	EXP 	Display Frame 4
231.3871 	EXP 	Display Frame 5
231.4202 	EXP 	Display Frame 6
231.4537 	EXP 	Display Frame 7
231.4871 	EXP 	Display Frame 8
231.5205 	EXP 	Display Frame 9
231.5537 	EXP 	Display Frame 0
231.5869 	EXP 	Display Frame 1
231.6203 	EXP 	Display Frame 2
231.6537 	EXP 	Display Frame 3
231.6869 	EXP 	Display Frame 4
231.7203 	EXP 	Display Frame 5
231.7537 	EXP 	Display Frame 6
231.7871 	EXP 	Display Frame 7
231.8203 	EXP 	Display Frame 8
231.8538 	EXP 	Display Frame 9
231.8869 	EXP 	Display Frame 0
231.9202 	EXP 	Display Frame 1
231.9536 	EXP 	Display Frame 2
231.9871 	EXP 	Display Frame 3
232.0203 	EXP 	Display Frame 4
232.0536 	EXP 	Display Frame 5
232.0870 	EXP 	Display Frame 6
232.1203 	EXP 	Display Frame 7
232.1536 	EXP 	Display Frame 8
232.1869 	EXP 	Display Frame 9
232.2203 	EXP 	Display Frame 0
232.2536 	EXP 	Display Frame 1
232.2869 	EXP 	Display Frame 2
232.3202 	EXP 	Display Frame 3
232.3535 	EXP 	Display Frame 4
232.3869 	EXP 	Display Frame 5
232.4206 	EXP 	Display Frame 6
232.4538 	EXP 	Display Frame 7
232.4871 	EXP 	Display Frame 8
232.5204 	EXP 	Display Frame 9
232.5537 	EXP 	Display Frame 0
232.5871 	EXP 	Display Frame 1
232.6203 	EXP 	Display Frame 2
232.6536 	EXP 	Display Frame 3
232.6870 	EXP 	Display Frame 4
232.7203 	EXP 	Display Frame 5
232.7536 	EXP 	Display Frame 6
232.7870 	EXP 	Display Frame 7
232.8203 	EXP 	Display Frame 8
232.8536 	EXP 	Display Frame 9
232.8869 	EXP 	Display Frame 0
232.9203 	EXP 	Display Frame 1
232.9536 	EXP 	Display Frame 2
232.9869 	EXP 	Display Frame 3
233.0202 	EXP 	Display Frame 4
233.0536 	EXP 	Display Frame 5
233.0868 	DATA 	Keypress: equal
233.0881 	EXP 	Display Frame 6
233.1203 	EXP 	Display Frame 7
233.1536 	EXP 	Display Frame 8
233.1878 	EXP 	Display Frame 9
233.2202 	EXP 	Display Frame 0
233.2537 	EXP 	Display Frame 1
233.2870 	EXP 	Display Frame 2
233.3204 	EXP 	Display Frame 3
233.3536 	EXP 	Display Frame 4
233.3868 	EXP 	Display Frame 5
233.4203 	EXP 	Display Frame 6
233.4536 	EXP 	Display Frame 7
233.4869 	EXP 	Display Frame 8
233.5203 	EXP 	Display Frame 9
233.5536 	EXP 	Display Frame 0
233.5869 	EXP 	Display Frame 1
233.6204 	EXP 	Display Frame 2
233.6536 	EXP 	Display Frame 3
233.6869 	EXP 	Display Frame 4
233.7203 	EXP 	Display Frame 5
233.7536 	EXP 	Display Frame 6
233.7871 	EXP 	Display Frame 7
233.8203 	EXP 	Display Frame 8
233.8536 	EXP 	Display Frame 9
233.8869 	EXP 	Display Frame 0
233.9203 	EXP 	Display Frame 1
233.9536 	EXP 	Display Frame 2
233.9869 	EXP 	Display Frame 3
234.0203 	EXP 	Display Frame 4
234.0536 	EXP 	Display Frame 5
234.0870 	EXP 	Display Frame 6
234.1203 	EXP 	Display Frame 7
234.1536 	EXP 	Display Frame 8
234.1870 	EXP 	Display Frame 9
234.2203 	EXP 	Display Frame 0
234.2536 	EXP 	Display Frame 1
234.2869 	EXP 	Display Frame 2
234.3203 	EXP 	Display Frame 3
234.3536 	EXP 	Display Frame 4
234.3869 	EXP 	Display Frame 5
234.4204 	EXP 	Display Frame 6
234.4536 	EXP 	Display Frame 7
234.4869 	EXP 	Display Frame 8
234.5203 	EXP 	Display Frame 9
234.5536 	EXP 	Display Frame 0
234.5869 	EXP 	Display Frame 1
234.6203 	EXP 	Display Frame 2
234.6536 	EXP 	Display Frame 3
234.6869 	EXP 	Display Frame 4
234.7203 	EXP 	Display Frame 5
234.7535 	EXP 	Display Frame 6
234.7869 	EXP 	Display Frame 7
234.8203 	EXP 	Display Frame 8
234.8537 	EXP 	Display Frame 9
234.8869 	EXP 	Display Frame 0
234.9203 	EXP 	Display Frame 1
234.9536 	EXP 	Display Frame 2
234.9869 	EXP 	Display Frame 3
235.0203 	EXP 	Display Frame 4
235.0536 	EXP 	Display Frame 5
235.0869 	EXP 	Display Frame 6
235.1203 	EXP 	Display Frame 7
235.1539 	EXP 	Display Frame 8
235.1872 	EXP 	Display Frame 9
235.2206 	EXP 	Display Frame 0
235.2539 	EXP 	Display Frame 1
235.2872 	EXP 	Display Frame 2
235.3207 	EXP 	Display Frame 3
235.3540 	EXP 	Display Frame 4
235.3873 	EXP 	Display Frame 5
235.4206 	EXP 	Display Frame 6
235.4540 	EXP 	Display Frame 7
235.4874 	EXP 	Display Frame 8
235.5206 	EXP 	Display Frame 9
235.5540 	EXP 	Display Frame 0
235.5873 	EXP 	Display Frame 1
235.6206 	EXP 	Display Frame 2
235.6539 	EXP 	Display Frame 3
235.6873 	EXP 	Display Frame 4
235.7206 	EXP 	Display Frame 5
235.7539 	EXP 	Display Frame 6
235.7873 	EXP 	Display Frame 7
235.8206 	EXP 	Display Frame 8
235.8539 	EXP 	Display Frame 9
235.8872 	EXP 	Display Frame 0
235.9206 	EXP 	Display Frame 1
235.9539 	EXP 	Display Frame 2
235.9871 	EXP 	Display Frame 3
236.0205 	EXP 	Display Frame 4
236.0537 	EXP 	Display Frame 5
236.0871 	EXP 	Display Frame 6
236.1202 	EXP 	Display Frame 7
236.1536 	EXP 	Display Frame 8
236.1869 	EXP 	Display Frame 9
236.2203 	EXP 	Display Frame 0
236.2536 	EXP 	Display Frame 1
236.2869 	EXP 	Display Frame 2
236.3204 	EXP 	Display Frame 3
236.3536 	EXP 	Display Frame 4
236.3869 	EXP 	Display Frame 5
236.4206 	EXP 	Display Frame 6
236.4538 	EXP 	Display Frame 7
236.4871 	EXP 	Display Frame 8
236.5203 	EXP 	Display Frame 9
236.5536 	EXP 	Display Frame 0
236.5871 	EXP 	Display Frame 1
236.6203 	EXP 	Display Frame 2
236.6538 	EXP 	Display Frame 3
236.6872 	EXP 	Display Frame 4
236.7205 	EXP 	Display Frame 5
236.7536 	EXP 	Display Frame 6
236.7870 	EXP 	Display Frame 7
236.8203 	EXP 	Display Frame 8
236.8536 	EXP 	Display Frame 9
236.8870 	EXP 	Display Frame 0
236.9203 	EXP 	Display Frame 1
236.9536 	EXP 	Display Frame 2
236.9869 	EXP 	Display Frame 3
237.0202 	EXP 	Display Frame 4
237.0536 	EXP 	Display Frame 5
237.0869 	EXP 	Display Frame 6
237.1203 	EXP 	Display Frame 7
237.1536 	EXP 	Display Frame 8
237.1869 	EXP 	Display Frame 9
237.2202 	EXP 	Display Frame 0
237.2539 	EXP 	Display Frame 1
237.2869 	EXP 	Display Frame 2
237.3203 	EXP 	Display Frame 3
237.3538 	EXP 	Display Frame 4
237.3869 	EXP 	Display Frame 5
237.4203 	EXP 	Display Frame 6
237.4535 	EXP 	Display Frame 7
237.4870 	EXP 	Display Frame 8
237.5203 	EXP 	Display Frame 9
237.5539 	EXP 	Display Frame 0
237.5869 	EXP 	Display Frame 1
237.6203 	EXP 	Display Frame 2
237.6536 	EXP 	Display Frame 3
237.6869 	EXP 	Display Frame 4
237.7202 	EXP 	Display Frame 5
237.7538 	EXP 	Display Frame 6
237.7871 	EXP 	Display Frame 7
237.8203 	EXP 	Display Frame 8
237.8536 	EXP 	Display Frame 9
237.8869 	EXP 	Display Frame 0
237.9202 	EXP 	Display Frame 1
237.9536 	EXP 	Display Frame 2
237.9869 	EXP 	Display Frame 3
238.0203 	EXP 	Display Frame 4
238.0536 	EXP 	Display Frame 5
238.0868 	EXP 	Display Frame 6
238.1204 	EXP 	Display Frame 7
238.1537 	EXP 	Display Frame 8
238.1871 	EXP 	Display Frame 9
238.2204 	EXP 	Display Frame 0
238.2535 	EXP 	Display Frame 1
238.2868 	DATA 	Keypress: equal
238.2882 	EXP 	Display Frame 2
238.3206 	EXP 	Display Frame 3
238.3536 	EXP 	Display Frame 4
238.3869 	EXP 	Display Frame 5
238.4202 	EXP 	Display Frame 6
238.4537 	EXP 	Display Frame 7
238.4870 	EXP 	Display Frame 8
238.5204 	EXP 	Display Frame 9
238.5537 	EXP 	Display Frame 0
238.5870 	EXP 	Display Frame 1
238.6204 	EXP 	Display Frame 2
238.6535 	EXP 	Display Frame 3
238.6870 	EXP 	Display Frame 4
238.7201 	EXP 	Display Frame 5
238.7537 	EXP 	Display Frame 6
238.7869 	EXP 	Display Frame 7
238.8201 	EXP 	Display Frame 8
238.8537 	EXP 	Display Frame 9
238.8869 	EXP 	Display Frame 0
238.9208 	EXP 	Display Frame 1
238.9537 	EXP 	Display Frame 2
238.9870 	EXP 	Display Frame 3
239.0204 	EXP 	Display Frame 4
239.0537 	EXP 	Display Frame 5
239.0870 	EXP 	Display Frame 6
239.1203 	EXP 	Display Frame 7
239.1536 	EXP 	Display Frame 8
239.1870 	EXP 	Display Frame 9
239.2202 	EXP 	Display Frame 0
239.2536 	EXP 	Display Frame 1
239.2869 	EXP 	Display Frame 2
239.3204 	EXP 	Display Frame 3
239.3537 	EXP 	Display Frame 4
239.3870 	EXP 	Display Frame 5
239.4204 	EXP 	Display Frame 6
239.4538 	EXP 	Display Frame 7
239.4870 	EXP 	Display Frame 8
239.5204 	EXP 	Display Frame 9
239.5537 	EXP 	Display Frame 0
239.5870 	EXP 	Display Frame 1
239.6203 	EXP 	Display Frame 2
239.6537 	EXP 	Display Frame 3
239.6870 	EXP 	Display Frame 4
239.7203 	EXP 	Display Frame 5
239.7536 	EXP 	Display Frame 6
239.7870 	EXP 	Display Frame 7
239.8203 	EXP 	Display Frame 8
239.8536 	EXP 	Display Frame 9
239.8870 	EXP 	Display Frame 0
239.9204 	EXP 	Display Frame 1
239.9537 	EXP 	Display Frame 2
239.9870 	EXP 	Display Frame 3
240.0202 	EXP 	Display Frame 4
240.0539 	EXP 	Display Frame 5
240.0870 	EXP 	Display Frame 6
240.1203 	EXP 	Display Frame 7
240.1537 	EXP 	Display Frame 8
240.1870 	EXP 	Display Frame 9
240.2203 	EXP 	Display Frame 0
240.2537 	EXP 	Display Frame 1
240.2870 	EXP 	Display Frame 2
240.3204 	EXP 	Display Frame 3
240.3536 	EXP 	Display Frame 4
240.3869 	EXP 	Display Frame 5
240.4203 	EXP 	Display Frame 6
240.4536 	EXP 	Display Frame 7
240.4868 	EXP 	Display Frame 8
240.5203 	EXP 	Display Frame 9
240.5535 	EXP 	Display Frame 0
240.5870 	EXP 	Display Frame 1
240.6203 	EXP 	Display Frame 2
240.6537 	EXP 	Display Frame 3
240.6870 	EXP 	Display Frame 4
240.7204 	EXP 	Display Frame 5
240.7536 	EXP 	Display Frame 6
240.7870 	EXP 	Display Frame 7
240.8204 	EXP 	Display Frame 8
240.8535 	EXP 	Display Frame 9
240.8870 	EXP 	Display Frame 0
240.9203 	EXP 	Display Frame 1
240.9536 	EXP 	Display Frame 2
240.9871 	EXP 	Display Frame 3
241.0201 	EXP 	Display Frame 4
241.0537 	EXP 	Display Frame 5
241.0870 	EXP 	Display Frame 6
241.1204 	EXP 	Display Frame 7
241.1536 	EXP 	Display Frame 8
241.1869 	EXP 	Display Frame 9
241.2202 	EXP 	Display Frame 0
241.2538 	EXP 	Display Frame 1
241.2870 	EXP 	Display Frame 2
241.3201 	EXP 	Display Frame 3
241.3537 	EXP 	Display Frame 4
241.3870 	EXP 	Display Frame 5
241.4204 	EXP 	Display Frame 6
241.4536 	EXP 	Display Frame 7
241.4871 	EXP 	Display Frame 8
241.5203 	EXP 	Display Frame 9
241.5536 	EXP 	Display Frame 0
241.5869 	EXP 	Display Frame 1
241.6203 	EXP 	Display Frame 2
241.6537 	EXP 	Display Frame 3
241.6870 	EXP 	Display Frame 4
241.7204 	EXP 	Display Frame 5
241.7537 	EXP 	Display Frame 6
241.7870 	EXP 	Display Frame 7
241.8203 	EXP 	Display Frame 8
241.8536 	EXP 	Display Frame 9
241.8868 	EXP 	Display Frame 0
241.9201 	EXP 	Display Frame 1
241.9537 	EXP 	Display Frame 2
241.9868 	EXP 	Display Frame 3
242.0204 	EXP 	Display Frame 4
242.0535 	EXP 	Display Frame 5
242.0871 	EXP 	Display Frame 6
242.1204 	EXP 	Display Frame 7
242.1535 	EXP 	Display Frame 8
242.1870 	EXP 	Display Frame 9
242.2203 	EXP 	Display Frame 0
242.2537 	EXP 	Display Frame 1
242.2870 	EXP 	Display Frame 2
242.3203 	EXP 	Display Frame 3
242.3537 	EXP 	Display Frame 4
242.3868 	EXP 	Display Frame 5
242.4203 	EXP 	Display Frame 6
242.4537 	EXP 	Display Frame 7
242.4869 	EXP 	Display Frame 8
242.5202 	EXP 	Display Frame 9
242.5536 	EXP 	Display Frame 0
242.5873 	EXP 	Display Frame 1
242.6205 	EXP 	Display Frame 2
242.6537 	EXP 	Display Frame 3
242.6870 	EXP 	Display Frame 4
242.7201 	EXP 	Display Frame 5
242.7537 	EXP 	Display Frame 6
242.7870 	EXP 	Display Frame 7
242.8204 	EXP 	Display Frame 8
242.8536 	EXP 	Display Frame 9
242.8869 	EXP 	Display Frame 0
242.9203 	EXP 	Display Frame 1
242.9537 	EXP 	Display Frame 2
242.9868 	EXP 	Display Frame 3
243.0203 	EXP 	Display Frame 4
243.0536 	EXP 	Display Frame 5
243.0871 	EXP 	Display Frame 6
243.1205 	EXP 	Display Frame 7
243.1537 	EXP 	Display Frame 8
243.1867 	EXP 	Display Frame 9
243.2202 	EXP 	Display Frame 0
243.2537 	EXP 	Display Frame 1
243.2870 	EXP 	Display Frame 2
243.3204 	EXP 	Display Frame 3
243.3537 	EXP 	Display Frame 4
243.3870 	EXP 	Display Frame 5
243.4203 	EXP 	Display Frame 6
243.4537 	EXP 	Display Frame 7
243.4870 	DATA 	Keypress: equal
243.4884 	EXP 	Display Frame 8
243.5204 	EXP 	Display Frame 9
243.5536 	EXP 	Display Frame 0
243.5871 	EXP 	Display Frame 1
243.6202 	EXP 	Display Frame 2
243.6537 	EXP 	Display Frame 3
243.6870 	EXP 	Display Frame 4
243.7204 	EXP 	Display Frame 5
243.7537 	EXP 	Display Frame 6
243.7869 	EXP 	Display Frame 7
243.8204 	EXP 	Display Frame 8
243.8538 	EXP 	Display Frame 9
243.8870 	EXP 	Display Frame 0
243.9205 	EXP 	Display Frame 1
243.9537 	EXP 	Display Frame 2
243.9870 	EXP 	Display Frame 3
244.0203 	EXP 	Display Frame 4
244.0537 	EXP 	Display Frame 5
244.0870 	EXP 	Display Frame 6
244.1203 	EXP 	Display Frame 7
244.1537 	EXP 	Display Frame 8
244.1870 	EXP 	Display Frame 9
244.2201 	EXP 	Display Frame 0
244.2537 	EXP 	Display Frame 1
244.2868 	EXP 	Display Frame 2
244.3203 	EXP 	Display Frame 3
244.3537 	EXP 	Display Frame 4
244.3870 	EXP 	Display Frame 5
244.4203 	EXP 	Display Frame 6
244.4536 	EXP 	Display Frame 7
244.4870 	EXP 	Display Frame 8
244.5202 	EXP 	Display Frame 9
244.5537 	EXP 	Display Frame 0
244.5870 	EXP 	Display Frame 1
244.6201 	EXP 	Display Frame 2
244.6551 	EXP 	Display Frame 3
244.6870 	EXP 	Display Frame 4
244.7201 	EXP 	Display Frame 5
244.7537 	EXP 	Display Frame 6
244.7869 	EXP 	Display Frame 7
244.8201 	EXP 	Display Frame 8
244.8535 	EXP 	Display Frame 9
244.8870 	EXP 	Display Frame 0
244.9204 	EXP 	Display Frame 1
244.9537 	EXP 	Display Frame 2
244.9869 	EXP 	Display Frame 3
245.0203 	EXP 	Display Frame 4
245.0537 	EXP 	Display Frame 5
245.0870 	EXP 	Display Frame 6
245.1201 	EXP 	Display Frame 7
245.1537 	EXP 	Display Frame 8
245.1870 	EXP 	Display Frame 9
245.2204 	EXP 	Display Frame 0
245.2535 	EXP 	Display Frame 1
245.2871 	EXP 	Display Frame 2
245.3203 	EXP 	Display Frame 3
245.3538 	EXP 	Display Frame 4
245.3870 	EXP 	Display Frame 5
245.4202 	EXP 	Display Frame 6
245.4536 	EXP 	Display Frame 7
245.4870 	EXP 	Display Frame 8
245.5203 	EXP 	Display Frame 9
245.5537 	EXP 	Display Frame 0
245.5870 	EXP 	Display Frame 1
245.6203 	EXP 	Display Frame 2
245.6536 	EXP 	Display Frame 3
245.6869 	EXP 	Display Frame 4
245.7203 	EXP 	Display Frame 5
245.7537 	EXP 	Display Frame 6
245.7868 	EXP 	Display Frame 7
245.8205 	EXP 	Display Frame 8
245.8537 	EXP 	Display Frame 9
245.8870 	EXP 	Display Frame 0
245.9205 	EXP 	Display Frame 1
245.9537 	EXP 	Display Frame 2
245.9870 	EXP 	Display Frame 3
246.0203 	EXP 	Display Frame 4
246.0537 	EXP 	Display Frame 5
246.0870 	EXP 	Display Frame 6
246.1202 	EXP 	Display Frame 7
246.1537 	EXP 	Display Frame 8
246.1868 	EXP 	Display Frame 9
246.2203 	EXP 	Display Frame 0
246.2538 	EXP 	Display Frame 1
246.2870 	EXP 	Display Frame 2
246.3203 	EXP 	Display Frame 3
246.3538 	EXP 	Display Frame 4
246.3869 	EXP 	Display Frame 5
246.4203 	EXP 	Display Frame 6
246.4537 	EXP 	Display Frame 7
246.4870 	EXP 	Display Frame 8
246.5202 	EXP 	Display Frame 9
246.5537 	EXP 	Display Frame 0
246.5870 	EXP 	Display Frame 1
246.6205 	EXP 	Display Frame 2
246.6535 	EXP 	Display Frame 3
246.6870 	EXP 	Display Frame 4
246.7204 	EXP 	Display Frame 5
246.7537 	EXP 	Display Frame 6
246.7870 	EXP 	Display Frame 7
246.8203 	EXP 	Display Frame 8
246.8535 	EXP 	Display Frame 9
246.8868 	EXP 	Display Frame 0
246.9204 	EXP 	Display Frame 1
246.9537 	EXP 	Display Frame 2
246.9870 	EXP 	Display Frame 3
247.0201 	EXP 	Display Frame 4
247.0535 	EXP 	Display Frame 5
247.0870 	EXP 	Display Frame 6
247.1202 	EXP 	Display Frame 7
247.1535 	EXP 	Display Frame 8
247.1872 	EXP 	Display Frame 9
247.2205 	EXP 	Display Frame 0
247.2539 	EXP 	Display Frame 1
247.2870 	EXP 	Display Frame 2
247.3203 	EXP 	Display Frame 3
247.3535 	EXP 	Display Frame 4
247.3870 	EXP 	Display Frame 5
247.4203 	EXP 	Display Frame 6
247.4536 	EXP 	Display Frame 7
247.4870 	EXP 	Display Frame 8
247.5203 	EXP 	Display Frame 9
247.5535 	EXP 	Display Frame 0
247.5871 	EXP 	Display Frame 1
247.6204 	EXP 	Display Frame 2
247.6538 	EXP 	Display Frame 3
247.6871 	EXP 	Display Frame 4
247.7203 	EXP 	Display Frame 5
247.7535 	EXP 	Display Frame 6
247.7868 	EXP 	Display Frame 7
247.8203 	EXP 	Display Frame 8
247.8535 	EXP 	Display Frame 9
247.8870 	EXP 	Display Frame 0
247.9206 	EXP 	Display Frame 1
247.9535 	EXP 	Display Frame 2
247.9870 	EXP 	Display Frame 3
248.0203 	EXP 	Display Frame 4
248.0537 	EXP 	Display Frame 5
248.0871 	EXP 	Display Frame 6
248.1203 	EXP 	Display Frame 7
248.1538 	EXP 	Display Frame 8
248.1872 	EXP 	Display Frame 9
248.2203 	EXP 	Display Frame 0
248.2537 	EXP 	Display Frame 1
248.2870 	EXP 	Display Frame 2
248.3205 	EXP 	Display Frame 3
248.3539 	EXP 	Display Frame 4
248.3872 	EXP 	Display Frame 5
248.4206 	EXP 	Display Frame 6
248.4538 	EXP 	Display Frame 7
248.4873 	EXP 	Display Frame 8
248.5204 	EXP 	Display Frame 9
248.5539 	EXP 	Display Frame 0
248.5870 	EXP 	Display Frame 1
248.6202 	EXP 	Display Frame 2
248.6537 	EXP 	Display Frame 3
248.6868 	DATA 	Keypress: equal
248.6881 	EXP 	Display Frame 4
248.7204 	EXP 	Display Frame 5
248.7537 	EXP 	Display Frame 6
248.7870 	EXP 	Display Frame 7
248.8203 	EXP 	Display Frame 8
248.8536 	EXP 	Display Frame 9
248.8870 	EXP 	Display Frame 0
248.9201 	EXP 	Display Frame 1
248.9535 	EXP 	Display Frame 2
248.9868 	EXP 	Display Frame 3
249.0203 	EXP 	Display Frame 4
249.0537 	EXP 	Display Frame 5
249.0870 	EXP 	Display Frame 6
249.1201 	EXP 	Display Frame 7
249.1537 	EXP 	Display Frame 8
249.1870 	EXP 	Display Frame 9
249.2201 	EXP 	Display Frame 0
249.2537 	EXP 	Display Frame 1
249.2870 	EXP 	Display Frame 2
249.3203 	EXP 	Display Frame 3
249.3537 	EXP 	Display Frame 4
249.3870 	EXP 	Display Frame 5
249.4203 	EXP 	Display Frame 6
249.4536 	EXP 	Display Frame 7
249.4870 	EXP 	Display Frame 8
249.5203 	EXP 	Display Frame 9
249.5535 	EXP 	Display Frame 0
249.5870 	EXP 	Display Frame 1
249.6204 	EXP 	Display Frame 2
249.6535 	EXP 	Display Frame 3
249.6869 	EXP 	Display Frame 4
249.7203 	EXP 	Display Frame 5
249.7537 	EXP 	Display Frame 6
249.7870 	EXP 	Display Frame 7
249.8203 	EXP 	Display Frame 8
249.8536 	EXP 	Display Frame 9
249.8869 	EXP 	Display Frame 0
249.9204 	EXP 	Display Frame 1
249.9537 	EXP 	Display Frame 2
249.9870 	EXP 	Display Frame 3
250.0203 	EXP 	Display Frame 4
250.0537 	EXP 	Display Frame 5
250.0870 	EXP 	Display Frame 6
250.1204 	EXP 	Display Frame 7
250.1534 	EXP 	Display Frame 8
250.1870 	EXP 	Display Frame 9
250.2201 	EXP 	Display Frame 0
250.2535 	EXP 	Display Frame 1
250.2868 	EXP 	Display Frame 2
250.3204 	EXP 	Display Frame 3
250.3537 	EXP 	Display Frame 4
250.3868 	EXP 	Display Frame 5
250.4203 	EXP 	Display Frame 6
250.4536 	EXP 	Display Frame 7
250.4868 	EXP 	Display Frame 8
250.5203 	EXP 	Display Frame 9
250.5535 	EXP 	Display Frame 0
250.5870 	EXP 	Display Frame 1
250.6203 	EXP 	Display Frame 2
250.6536 	EXP 	Display Frame 3
250.6869 	EXP 	Display Frame 4
250.7201 	EXP 	Display Frame 5
250.7537 	EXP 	Display Frame 6
250.7870 	EXP 	Display Frame 7
250.8203 	EXP 	Display Frame 8
250.8537 	EXP 	Display Frame 9
250.8870 	EXP 	Display Frame 0
250.9201 	EXP 	Display Frame 1
250.9536 	EXP 	Display Frame 2
250.9871 	EXP 	Display Frame 3
251.0201 	EXP 	Display Frame 4
251.0537 	EXP 	Display Frame 5
251.0868 	EXP 	Display Frame 6
251.1203 	EXP 	Display Frame 7
251.1537 	EXP 	Display Frame 8
251.1869 	EXP 	Display Frame 9
251.2201 	EXP 	Display Frame 0
251.2537 	EXP 	Display Frame 1
251.2868 	EXP 	Display Frame 2
251.3201 	EXP 	Display Frame 3
251.3537 	EXP 	Display Frame 4
251.3869 	EXP 	Display Frame 5
251.4203 	EXP 	Display Frame 6
251.4537 	EXP 	Display Frame 7
251.4870 	EXP 	Display Frame 8
251.5204 	EXP 	Display Frame 9
251.5536 	EXP 	Display Frame 0
251.5870 	EXP 	Display Frame 1
251.6203 	EXP 	Display Frame 2
251.6537 	EXP 	Display Frame 3
251.6870 	EXP 	Display Frame 4
251.7204 	EXP 	Display Frame 5
251.7537 	EXP 	Display Frame 6
251.7870 	EXP 	Display Frame 7
251.8203 	EXP 	Display Frame 8
251.8537 	EXP 	Display Frame 9
251.8868 	EXP 	Display Frame 0
251.9204 	EXP 	Display Frame 1
251.9536 	EXP 	Display Frame 2
251.9870 	EXP 	Display Frame 3
252.0203 	EXP 	Display Frame 4
252.0537 	EXP 	Display Frame 5
252.0870 	EXP 	Display Frame 6
252.1203 	EXP 	Display Frame 7
252.1536 	EXP 	Display Frame 8
252.1868 	EXP 	Display Frame 9
252.2202 	EXP 	Display Frame 0
252.2535 	EXP 	Display Frame 1
252.2869 	EXP 	Display Frame 2
252.3205 	EXP 	Display Frame 3
252.3536 	EXP 	Display Frame 4
252.3869 	EXP 	Display Frame 5
252.4204 	EXP 	Display Frame 6
252.4538 	EXP 	Display Frame 7
252.4873 	EXP 	Display Frame 8
252.5204 	EXP 	Display Frame 9
252.5539 	EXP 	Display Frame 0
252.5868 	EXP 	Display Frame 1
252.6203 	EXP 	Display Frame 2
252.6537 	EXP 	Display Frame 3
252.6870 	EXP 	Display Frame 4
252.7206 	EXP 	Display Frame 5
252.7541 	EXP 	Display Frame 6
252.7870 	EXP 	Display Frame 7
252.8206 	EXP 	Display Frame 8
252.8538 	EXP 	Display Frame 9
252.8871 	EXP 	Display Frame 0
252.9203 	EXP 	Display Frame 1
252.9537 	EXP 	Display Frame 2
252.9868 	EXP 	Display Frame 3
253.0203 	EXP 	Display Frame 4
253.0537 	EXP 	Display Frame 5
253.0870 	EXP 	Display Frame 6
253.1203 	EXP 	Display Frame 7
253.1537 	EXP 	Display Frame 8
253.1870 	EXP 	Display Frame 9
253.2204 	EXP 	Display Frame 0
253.2537 	EXP 	Display Frame 1
253.2868 	EXP 	Display Frame 2
253.3202 	EXP 	Display Frame 3
253.3537 	EXP 	Display Frame 4
253.3870 	EXP 	Display Frame 5
253.4203 	EXP 	Display Frame 6
253.4536 	EXP 	Display Frame 7
253.4869 	EXP 	Display Frame 8
253.5201 	EXP 	Display Frame 9
253.5537 	EXP 	Display Frame 0
253.5870 	EXP 	Display Frame 1
253.6203 	EXP 	Display Frame 2
253.6537 	EXP 	Display Frame 3
253.6870 	EXP 	Display Frame 4
253.7202 	EXP 	Display Frame 5
253.7539 	EXP 	Display Frame 6
253.7871 	EXP 	Display Frame 7
253.8204 	EXP 	Display Frame 8
253.8535 	DATA 	Keypress: equal
253.8548 	EXP 	Display Frame 9
253.8870 	EXP 	Display Frame 0
253.9204 	EXP 	Display Frame 1
253.9538 	EXP 	Display Frame 2
253.9870 	EXP 	Display Frame 3
254.0201 	EXP 	Display Frame 4
254.0537 	EXP 	Display Frame 5
254.0870 	EXP 	Display Frame 6
254.1204 	EXP 	Display Frame 7
254.1537 	EXP 	Display Frame 8
254.1870 	EXP 	Display Frame 9
254.2203 	EXP 	Display Frame 0
254.2537 	EXP 	Display Frame 1
254.2870 	EXP 	Display Frame 2
254.3203 	EXP 	Display Frame 3
254.3537 	EXP 	Display Frame 4
254.3870 	EXP 	Display Frame 5
254.4204 	EXP 	Display Frame 6
254.4537 	EXP 	Display Frame 7
254.4868 	EXP 	Display Frame 8
254.5204 	EXP 	Display Frame 9
254.5536 	EXP 	Display Frame 0
254.5869 	EXP 	Display Frame 1
254.6203 	EXP 	Display Frame 2
254.6535 	EXP 	Display Frame 3
254.6870 	EXP 	Display Frame 4
254.7203 	EXP 	Display Frame 5
254.7536 	EXP 	Display Frame 6
254.7868 	EXP 	Display Frame 7
254.8203 	EXP 	Display Frame 8
254.8536 	EXP 	Display Frame 9
254.8868 	EXP 	Display Frame 0
254.9203 	EXP 	Display Frame 1
254.9536 	EXP 	Display Frame 2
254.9869 	EXP 	Display Frame 3
255.0202 	EXP 	Display Frame 4
255.0537 	EXP 	Display Frame 5
255.0872 	EXP 	Display Frame 6
255.1204 	EXP 	Display Frame 7
255.1536 	EXP 	Display Frame 8
255.1868 	EXP 	Display Frame 9
255.2203 	EXP 	Display Frame 0
255.2538 	EXP 	Display Frame 1
255.2868 	EXP 	Display Frame 2
255.3203 	EXP 	Display Frame 3
255.3537 	EXP 	Display Frame 4
255.3869 	EXP 	Display Frame 5
255.4201 	EXP 	Display Frame 6
255.4537 	EXP 	Display Frame 7
255.4871 	EXP 	Display Frame 8
255.5203 	EXP 	Display Frame 9
255.5537 	EXP 	Display Frame 0
255.5868 	EXP 	Display Frame 1
255.6201 	EXP 	Display Frame 2
255.6537 	EXP 	Display Frame 3
255.6870 	EXP 	Display Frame 4
255.7205 	EXP 	Display Frame 5
255.7536 	EXP 	Display Frame 6
255.7869 	EXP 	Display Frame 7
255.8202 	EXP 	Display Frame 8
255.8536 	EXP 	Display Frame 9
255.8870 	EXP 	Display Frame 0
255.9203 	EXP 	Display Frame 1
255.9536 	EXP 	Display Frame 2
255.9870 	EXP 	Display Frame 3
256.0203 	EXP 	Display Frame 4
256.0536 	EXP 	Display Frame 5
256.0870 	EXP 	Display Frame 6
256.1203 	EXP 	Display Frame 7
256.1537 	EXP 	Display Frame 8
256.1870 	EXP 	Display Frame 9
256.2202 	EXP 	Display Frame 0
256.2535 	EXP 	Display Frame 1
256.2870 	EXP 	Display Frame 2
256.3205 	EXP 	Display Frame 3
256.3537 	EXP 	Display Frame 4
256.3869 	EXP 	Display Frame 5
256.4203 	EXP 	Display Frame 6
256.4534 	EXP 	Display Frame 7
256.4870 	EXP 	Display Frame 8
256.5203 	EXP 	Display Frame 9
256.5534 	EXP 	Display Frame 0
256.5870 	EXP 	Display Frame 1
256.6203 	EXP 	Display Frame 2
256.6535 	EXP 	Display Frame 3
256.6868 	EXP 	Display Frame 4
256.7201 	EXP 	Display Frame 5
256.7537 	EXP 	Display Frame 6
256.7870 	EXP 	Display Frame 7
256.8203 	EXP 	Display Frame 8
256.8535 	EXP 	Display Frame 9
256.8867 	EXP 	Display Frame 0
256.9203 	EXP 	Display Frame 1
256.9537 	EXP 	Display Frame 2
256.9870 	EXP 	Display Frame 3
257.0202 	EXP 	Display Frame 4
257.0535 	EXP 	Display Frame 5
257.0872 	EXP 	Display Frame 6
257.1204 	EXP 	Display Frame 7
257.1536 	EXP 	Display Frame 8
257.1870 	EXP 	Display Frame 9
257.2204 	EXP 	Display Frame 0
257.2535 	EXP 	Display Frame 1
257.2870 	EXP 	Display Frame 2
257.3203 	EXP 	Display Frame 3
257.3538 	EXP 	Display Frame 4
257.3868 	EXP 	Display Frame 5
257.4203 	EXP 	Display Frame 6
257.4535 	EXP 	Display Frame 7
257.4869 	EXP 	Display Frame 8
257.5203 	EXP 	Display Frame 9
257.5536 	EXP 	Display Frame 0
257.5868 	EXP 	Display Frame 1
257.6203 	EXP 	Display Frame 2
257.6539 	EXP 	Display Frame 3
257.6870 	EXP 	Display Frame 4
257.7203 	EXP 	Display Frame 5
257.7536 	EXP 	Display Frame 6
257.7870 	EXP 	Display Frame 7
257.8203 	EXP 	Display Frame 8
257.8537 	EXP 	Display Frame 9
257.8872 	EXP 	Display Frame 0
257.9204 	EXP 	Display Frame 1
257.9536 	EXP 	Display Frame 2
257.9868 	EXP 	Display Frame 3
258.0203 	EXP 	Display Frame 4
258.0537 	EXP 	Display Frame 5
258.0871 	EXP 	Display Frame 6
258.1204 	EXP 	Display Frame 7
258.1536 	EXP 	Display Frame 8
258.1870 	EXP 	Display Frame 9
258.2204 	EXP 	Display Frame 0
258.2537 	EXP 	Display Frame 1
258.2870 	EXP 	Display Frame 2
258.3202 	EXP 	Display Frame 3
258.3537 	EXP 	Display Frame 4
258.3870 	EXP 	Display Frame 5
258.4203 	EXP 	Display Frame 6
258.4536 	EXP 	Display Frame 7
258.4870 	EXP 	Display Frame 8
258.5201 	EXP 	Display Frame 9
258.5535 	EXP 	Display Frame 0
258.5870 	EXP 	Display Frame 1
258.6202 	EXP 	Display Frame 2
258.6537 	EXP 	Display Frame 3
258.6870 	EXP 	Display Frame 4
258.7203 	EXP 	Display Frame 5
258.7535 	EXP 	Display Frame 6
258.7869 	EXP 	Display Frame 7
258.8204 	EXP 	Display Frame 8
258.8536 	EXP 	Display Frame 9
258.8870 	EXP 	Display Frame 0
258.9203 	EXP 	Display Frame 1
258.9535 	EXP 	Display Frame 2
258.9868 	EXP 	Display Frame 3
259.0201 	EXP 	Display Frame 4
259.0535 	DATA 	Keypress: equal
259.0548 	EXP 	Display Frame 5
259.0617 	EXP 	Display Fixation
264.2390 	DATA 	Keypress: equal
269.4327 	DATA 	Keypress: equal
274.6247 	DATA 	Keypress: equal
279.8195 	DATA 	Keypress: equal
285.0139 	DATA 	Keypress: equal
290.2063 	DATA 	Keypress: equal
290.2416 	EXP 	Display Frame 1
290.2745 	EXP 	Display Frame 2
290.3079 	EXP 	Display Frame 3
290.3412 	EXP 	Display Frame 4
290.3744 	EXP 	Display Frame 5
290.4078 	EXP 	Display Frame 6
290.4411 	EXP 	Display Frame 7
290.4745 	EXP 	Display Frame 8
290.5078 	EXP 	Display Frame 9
290.5411 	EXP 	Display Frame 0
290.5744 	EXP 	Display Frame 1
290.6077 	EXP 	Display Frame 2
290.6410 	EXP 	Display Frame 3
290.6745 	EXP 	Display Frame 4
290.7077 	EXP 	Display Frame 5
290.7410 	EXP 	Display Frame 6
290.7744 	EXP 	Display Frame 7
290.8077 	EXP 	Display Frame 8
290.8411 	EXP 	Display Frame 9
290.8745 	EXP 	Display Frame 0
290.9077 	EXP 	Display Frame 1
290.9411 	EXP 	Display Frame 2
290.9743 	EXP 	Display Frame 3
291.0077 	EXP 	Display Frame 4
291.0410 	EXP 	Display Frame 5
291.0745 	EXP 	Display Frame 6
291.1080 	EXP 	Display Frame 7
291.1412 	EXP 	Display Frame 8
291.1745 	EXP 	Display Frame 9
291.2077 	EXP 	Display Frame 0
291.2410 	EXP 	Display Frame 1
291.2744 	EXP 	Display Frame 2
291.3077 	EXP 	Display Frame 3
291.3411 	EXP 	Display Frame 4
291.3744 	EXP 	Display Frame 5
291.4079 	EXP 	Display Frame 6
291.4412 	EXP 	Display Frame 7
291.4744 	EXP 	Display Frame 8
291.5078 	EXP 	Display Frame 9
291.5413 	EXP 	Display Frame 0
291.5744 	EXP 	Display Frame 1
291.6077 	EXP 	Display Frame 2
291.6410 	EXP 	Display Frame 3
291.6744 	EXP 	Display Frame 4
291.7079 	EXP 	Display Frame 5
291.7411 	EXP 	Display Frame 6
291.7744 	EXP 	Display Frame 7
291.8077 	EXP 	Display Frame 8
291.8412 	EXP 	Display Frame 9
291.8744 	EXP 	Display Frame 0
291.9077 	EXP 	Display Frame 1
291.9411 	EXP 	Display Frame 2
291.9744 	EXP 	Display Frame 3
292.0077 	EXP 	Display Frame 4
292.0410 	EXP 	Display Frame 5
292.0744 	EXP 	Display Frame 6
292.1077 	EXP 	Display Frame 7
292.1410 	EXP 	Display Frame 8
292.1744 	EXP 	Display Frame 9
292.2077 	EXP 	Display Frame 0
292.2410 	EXP 	Display Frame 1
292.2744 	EXP 	Display Frame 2
292.3077 	EXP 	Display Frame 3
292.3410 	EXP 	Display Frame 4
292.3743 	EXP 	Display Frame 5
292.4077 	EXP 	Display Frame 6
292.4411 	EXP 	Display Frame 7
292.4744 	EXP 	Display Frame 8
292.5079 	EXP 	Display Frame 9
292.5410 	EXP 	Display Frame 0
292.5744 	EXP 	Display Frame 1
292.6078 	EXP 	Display Frame 2
292.6410 	EXP 	Display Frame 3
292.6744 	EXP 	Display Frame 4
292.7078 	EXP 	Display Frame 5
292.7410 	EXP 	Display Frame 6
292.7744 	EXP 	Display Frame 7
292.8077 	EXP 	Display Frame 8
292.8411 	EXP 	Display Frame 9
292.8744 	EXP 	Display Frame 0
292.9078 	EXP 	Display Frame 1
292.9411 	EXP 	Display Frame 2
292.9744 	EXP 	Display Frame 3
293.0077 	EXP 	Display Frame 4
293.0411 	EXP 	Display Frame 5
293.0744 	EXP 	Display Frame 6
293.1077 	EXP 	Display Frame 7
293.1410 	EXP 	Display Frame 8
293.1743 	EXP 	Display Frame 9
293.2077 	EXP 	Display Frame 0
293.2410 	EXP 	Display Frame 1
293.2744 	EXP 	Display Frame 2
293.3077 	EXP 	Display Frame 3
293.3410 	EXP 	Display Frame 4
293.3744 	EXP 	Display Frame 5
293.4077 	EXP 	Display Frame 6
293.4411 	EXP 	Display Frame 7
293.4744 	EXP 	Display Frame 8
293.5077 	EXP 	Display Frame 9
293.5411 	EXP 	Display Frame 0
293.5743 	EXP 	Display Frame 1
293.6077 	EXP 	Display Frame 2
293.6411 	EXP 	Display Frame 3
293.6744 	EXP 	Display Frame 4
293.7077 	EXP 	Display Frame 5
293.7410 	EXP 	Display Frame 6
293.7744 	EXP 	Display Frame 7
293.8077 	EXP 	Display Frame 8
293.8410 	EXP 	Display Frame 9
293.8744 	EXP 	Display Frame 0
293.9077 	EXP 	Display Frame 1
293.9410 	EXP 	Display Frame 2
293.9743 	EXP 	Display Frame 3
294.0077 	EXP 	Display Frame 4
294.0410 	EXP 	Display Frame 5
294.0743 	EXP 	Display Frame 6
294.1077 	EXP 	Display Frame 7
294.1411 	EXP 	Display Frame 8
294.1744 	EXP 	Display Frame 9
294.2077 	EXP 	Display Frame 0
294.2410 	EXP 	Display Frame 1
294.2744 	EXP 	Display Frame 2
294.3083 	EXP 	Display Frame 3
294.3412 	EXP 	Display Frame 4
294.3745 	EXP 	Display Frame 5
294.4077 	EXP 	Display Frame 6
294.4412 	EXP 	Display Frame 7
294.4745 	EXP 	Display Frame 8
294.5077 	EXP 	Display Frame 9
294.5410 	EXP 	Display Frame 0
294.5744 	EXP 	Display Frame 1
294.6077 	EXP 	Display Frame 2
294.6411 	EXP 	Display Frame 3
294.6744 	EXP 	Display Frame 4
294.7077 	EXP 	Display Frame 5
294.7412 	EXP 	Display Frame 6
294.7744 	EXP 	Display Frame 7
294.8077 	EXP 	Display Frame 8
294.8410 	EXP 	Display Frame 9
294.8744 	EXP 	Display Frame 0
294.9077 	EXP 	Display Frame 1
294.9410 	EXP 	Display Frame 2
294.9744 	EXP 	Display Frame 3
295.0077 	EXP 	Display Frame 4
295.0410 	EXP 	Display Frame 5
295.0744 	EXP 	Display Frame 6
295.1077 	EXP 	Display Frame 7
295.1410 	EXP 	Display Frame 8
295.1744 	EXP 	Display Frame 9
295.2078 	EXP 	Display Frame 0
295.2410 	EXP 	Display Frame 1
295.2744 	EXP 	Display Frame 2
295.3077 	EXP 	Display Frame 3
295.3410 	EXP 	Display Frame 4
295.3744 	EXP 	Display Frame 5
295.4076 	DATA 	Keypress: equal
295.4097 	EXP 	Display Frame 6
295.4410 	EXP 	Display Frame 7
295.4743 	EXP 	Display Frame 8
295.5077 	EXP 	Display Frame 9
295.5411 	EXP 	Display Frame 0
295.5744 	EXP 	Display Frame 1
295.6077 	EXP 	Display Frame 2
295.6411 	EXP 	Display Frame 3
295.6744 	EXP 	Display Frame 4
295.7078 	EXP 	Display Frame 5
295.7411 	EXP 	Display Frame 6
295.7744 	EXP 	Display Frame 7
295.8077 	EXP 	Display Frame 8
295.8411 	EXP 	Display Frame 9
295.8744 	EXP 	Display Frame 0
295.9078 	EXP 	Display Frame 1
295.9410 	EXP 	Display Frame 2
295.9743 	EXP 	Display Frame 3
296.0077 	EXP 	Display Frame 4
296.0410 	EXP 	Display Frame 5
296.0744 	EXP 	Display Frame 6
296.1077 	EXP 	Display Frame 7
296.1410 	EXP 	Display Frame 8
296.1744 	EXP 	Display Frame 9
296.2077 	EXP 	Display Frame 0
296.2410 	EXP 	Display Frame 1
296.2743 	EXP 	Display Frame 2
296.3077 	EXP 	Display Frame 3
296.3410 	EXP 	Display Frame 4
296.3744 	EXP 	Display Frame 5
296.4079 	EXP 	Display Frame 6
296.4414 	EXP 	Display Frame 7
296.4743 	EXP 	Display Frame 8
296.5077 	EXP 	Display Frame 9
296.5410 	EXP 	Display Frame 0
296.5744 	EXP 	Display Frame 1
296.6077 	EXP 	Display Frame 2
296.6411 	EXP 	Display Frame 3
296.6744 	EXP 	Display Frame 4
296.7077 	EXP 	Display Frame 5
296.7410 	EXP 	Display Frame 6
296.7744 	EXP 	Display Frame 7
296.8077 	EXP 	Display Frame 8
296.8410 	EXP 	Display Frame 9
296.8744 	EXP 	Display Frame 0
296.9077 	EXP 	Display Frame 1
296.9410 	EXP 	Display Frame 2
296.9744 	EXP 	Display Frame 3
297.0077 	EXP 	Display Frame 4
297.0410 	EXP 	Display Frame 5
297.0744 	EXP 	Display Frame 6
297.1077 	EXP 	Display Frame 7
297.1410 	EXP 	Display Frame 8
297.1744 	EXP 	Display Frame 9
297.2077 	EXP 	Display Frame 0
297.2411 	EXP 	Display Frame 1
297.2746 	EXP 	Display Frame 2
297.3077 	EXP 	Display Frame 3
297.3411 	EXP 	Display Frame 4
297.3744 	EXP 	Display Frame 5
297.4077 	EXP 	Display Frame 6
297.4411 	EXP 	Display Frame 7
297.4744 	EXP 	Display Frame 8
297.5077 	EXP 	Display Frame 9
297.5411 	EXP 	Display Frame 0
297.5743 	EXP 	Display Frame 1
297.6077 	EXP 	Display Frame 2
297.6410 	EXP 	Display Frame 3
297.6744 	EXP 	Display Frame 4
297.7076 	EXP 	Display Frame 5
297.7410 	EXP 	Display Frame 6
297.7744 	EXP 	Display Frame 7
297.8077 	EXP 	Display Frame 8
297.8410 	EXP 	Display Frame 9
297.8743 	EXP 	Display Frame 0
297.9077 	EXP 	Display Frame 1
297.9410 	EXP 	Display Frame 2
297.9744 	EXP 	Display Frame 3
298.0077 	EXP 	Display Frame 4
298.0411 	EXP 	Display Frame 5
298.0744 	EXP 	Display Frame 6
298.1078 	EXP 	Display Frame 7
298.1410 	EXP 	Display Frame 8
298.1744 	EXP 	Display Frame 9
298.2077 	EXP 	Display Frame 0
298.2410 	EXP 	Display Frame 1
298.2744 	EXP 	Display Frame 2
298.3077 	EXP 	Display Frame 3
298.3410 	EXP 	Display Frame 4
298.3744 	EXP 	Display Frame 5
298.4077 	EXP 	Display Frame 6
298.4410 	EXP 	Display Frame 7
298.4743 	EXP 	Display Frame 8
298.5077 	EXP 	Display Frame 9
298.5410 	EXP 	Display Frame 0
298.5744 	EXP 	Display Frame 1
298.6077 	EXP 	Display Frame 2
298.6410 	EXP 	Display Frame 3
298.6744 	EXP 	Display Frame 4
298.7077 	EXP 	Display Frame 5
298.7411 	EXP 	Display Frame 6
298.7744 	EXP 	Display Frame 7
298.8077 	EXP 	Display Frame 8
298.8411 	EXP 	Display Frame 9
298.8744 	EXP 	Display Frame 0
298.9077 	EXP 	Display Frame 1
298.9411 	EXP 	Display Frame 2
298.9744 	EXP 	Display Frame 3
299.0079 	EXP 	Display Frame 4
299.0410 	EXP 	Display Frame 5
299.0744 	EXP 	Display Frame 6
299.1077 	EXP 	Display Frame 7
299.1410 	EXP 	Display Frame 8
299.1743 	EXP 	Display Frame 9
299.2077 	EXP 	Display Frame 0
299.2410 	EXP 	Display Frame 1
299.2744 	EXP 	Display Frame 2
299.3077 	EXP 	Display Frame 3
299.3410 	EXP 	Display Frame 4
299.3744 	EXP 	Display Frame 5
299.4077 	EXP 	Display Frame 6
299.4410 	EXP 	Display Frame 7
299.4744 	EXP 	Display Frame 8
299.5077 	EXP 	Display Frame 9
299.5410 	EXP 	Display Frame 0
299.5744 	EXP 	Display Frame 1
299.6077 	EXP 	Display Frame 2
299.6411 	EXP 	Display Frame 3
299.6744 	EXP 	Display Frame 4
299.7077 	EXP 	Display Frame 5
299.7410 	EXP 	Display Frame 6
299.7744 	EXP 	Display Frame 7
299.8077 	EXP 	Display Frame 8
299.8412 	EXP 	Display Frame 9
299.8744 	EXP 	Display Frame 0
299.9077 	EXP 	Display Frame 1
299.9411 	EXP 	Display Frame 2
299.9744 	EXP 	Display Frame 3
300.0077 	EXP 	Display Frame 4
300.0410 	EXP 	Display Frame 5
300.0744 	EXP 	Display Frame 6
300.1077 	EXP 	Display Frame 7
300.1410 	EXP 	Display Frame 8
300.1744 	EXP 	Display Frame 9
300.2077 	EXP 	Display Frame 0
300.2410 	EXP 	Display Frame 1
300.2744 	EXP 	Display Frame 2
300.3077 	EXP 	Display Frame 3
300.3410 	EXP 	Display Frame 4
300.3744 	EXP 	Display Frame 5
300.4077 	EXP 	Display Frame 6
300.4411 	EXP 	Display Frame 7
300.4744 	EXP 	Display Frame 8
300.5077 	EXP 	Display Frame 9
300.5410 	EXP 	Display Frame 0
300.5745 	EXP 	Display Frame 1
300.6076 	DATA 	Keypress: equal
300.6088 	EXP 	Display Frame 2
300.6412 	EXP 	Display Frame 3
300.6744 	EXP 	Display Frame 4
300.7077 	EXP 	Display Frame 5
300.7410 	EXP 	Display Frame 6
300.7744 	EXP 	Display Frame 7
300.8078 	EXP 	Display Frame 8
300.8410 	EXP 	Display Frame 9
300.8744 	EXP 	Display Frame 0
300.9077 	EXP 	Display Frame 1
300.9411 	EXP 	Display Frame 2
300.9744 	EXP 	Display Frame 3
301.0077 	EXP 	Display Frame 4
301.0410 	EXP 	Display Frame 5
301.0743 	EXP 	Display Frame 6
301.1077 	EXP 	Display Frame 7
301.1410 	EXP 	Display Frame 8
301.1744 	EXP 	Display Frame 9
301.2081 	EXP 	Display Frame 0
301.2412 	EXP 	Display Frame 1
301.2744 	EXP 	Display Frame 2
301.3077 	EXP 	Display Frame 3
301.3411 	EXP 	Display Frame 4
301.3746 	EXP 	Display Frame 5
301.4078 	EXP 	Display Frame 6
301.4411 	EXP 	Display Frame 7
301.4745 	EXP 	Display Frame 8
301.5077 	EXP 	Display Frame 9
301.5411 	EXP 	Display Frame 0
301.5743 	EXP 	Display Frame 1
301.6077 	EXP 	Display Frame 2
301.6411 	EXP 	Display Frame 3
301.6744 	EXP 	Display Frame 4
301.7077 	EXP 	Display Frame 5
301.7412 	EXP 	Display Frame 6
301.7746 	EXP 	Display Frame 7
301.8077 	EXP 	Display Frame 8
301.8410 	EXP 	Display Frame 9
301.8744 	EXP 	Display Frame 0
301.9077 	EXP 	Display Frame 1
301.9411 	EXP 	Display Frame 2
301.9744 	EXP 	Display Frame 3
302.0077 	EXP 	Display Frame 4
302.0410 	EXP 	Display Frame 5
302.0744 	EXP 	Display Frame 6
302.1077 	EXP 	Display Frame 7
302.1411 	EXP 	Display Frame 8
302.1744 	EXP 	Display Frame 9
302.2077 	EXP 	Display Frame 0
302.2410 	EXP 	Display Frame 1
302.2745 	EXP 	Display Frame 2
302.3077 	EXP 	Display Frame 3
302.3411 	EXP 	Display Frame 4
302.3744 	EXP 	Display Frame 5
302.4077 	EXP 	Display Frame 6
302.4410 	EXP 	Display Frame 7
302.4744 	EXP 	Display Frame 8
302.5078 	EXP 	Display Frame 9
302.5410 	EXP 	Display Frame 0
302.5744 	EXP 	Display Frame 1
302.6077 	EXP 	Display Frame 2
302.6410 	EXP 	Display Frame 3
302.6744 	EXP 	Display Frame 4
302.7078 	EXP 	Display Frame 5
302.7411 	EXP 	Display Frame 6
302.7744 	EXP 	Display Frame 7
302.8077 	EXP 	Display Frame 8
302.8410 	EXP 	Display Frame 9
302.8744 	EXP 	Display Frame 0
302.9077 	EXP 	Display Frame 1
302.9410 	EXP 	Display Frame 2
302.9744 	EXP 	Display Frame 3
303.0077 	EXP 	Display Frame 4
303.0410 	EXP 	Display Frame 5
303.0744 	EXP 	Display Frame 6
303.1077 	EXP 	Display Frame 7
303.1410 	EXP 	Display Frame 8
303.1745 	EXP 	Display Frame 9
303.2077 	EXP 	Display Frame 0
303.2411 	EXP 	Display Frame 1
303.2745 	EXP 	Display Frame 2
303.3077 	EXP 	Display Frame 3
303.3410 	EXP 	Display Frame 4
303.3744 	EXP 	Display Frame 5
303.4077 	EXP 	Display Frame 6
303.4411 	EXP 	Display Frame 7
303.4744 	EXP 	Display Frame 8
303.5081 	EXP 	Display Frame 9
303.5410 	EXP 	Display Frame 0
303.5744 	EXP 	Display Frame 1
303.6077 	EXP 	Display Frame 2
303.6411 	EXP 	Display Frame 3
303.6744 	EXP 	Display Frame 4
303.7077 	EXP 	Display Frame 5
303.7410 	EXP 	Display Frame 6
303.7744 	EXP 	Display Frame 7
303.8080 	EXP 	Display Frame 8
303.8413 	EXP 	Display Frame 9
303.8747 	EXP 	Display Frame 0
303.9079 	EXP 	Display Frame 1
303.9411 	EXP 	Display Frame 2
303.9744 	EXP 	Display Frame 3
304.0079 	EXP 	Display Frame 4
304.0412 	EXP 	Display Frame 5
304.0744 	EXP 	Display Frame 6
304.1077 	EXP 	Display Frame 7
304.1410 	EXP 	Display Frame 8
304.1744 	EXP 	Display Frame 9
304.2077 	EXP 	Display Frame 0
304.2411 	EXP 	Display Frame 1
304.2744 	EXP 	Display Frame 2
304.3077 	EXP 	Display Frame 3
304.3410 	EXP 	Display Frame 4
304.3744 	EXP 	Display Frame 5
304.4077 	EXP 	Display Frame 6
304.4411 	EXP 	Display Frame 7
304.4744 	EXP 	Display Frame 8
304.5077 	EXP 	Display Frame 9
304.5410 	EXP 	Display Frame 0
304.5744 	EXP 	Display Frame 1
304.6078 	EXP 	Display Frame 2
304.6412 	EXP 	Display Frame 3
304.6743 	EXP 	Display Frame 4
304.7077 	EXP 	Display Frame 5
304.7410 	EXP 	Display Frame 6
304.7744 	EXP 	Display Frame 7
304.8077 	EXP 	Display Frame 8
304.8411 	EXP 	Display Frame 9
304.8744 	EXP 	Display Frame 0
304.9077 	EXP 	Display Frame 1
304.9411 	EXP 	Display Frame 2
304.9743 	EXP 	Display Frame 3
305.0079 	EXP 	Display Frame 4
305.0412 	EXP 	Display Frame 5
305.0744 	EXP 	Display Frame 6
305.1077 	EXP 	Display Frame 7
305.1410 	EXP 	Display Frame 8
305.1746 	EXP 	Display Frame 9
305.2077 	EXP 	Display Frame 0
305.2411 	EXP 	Display Frame 1
305.2744 	EXP 	Display Frame 2
305.3077 	EXP 	Display Frame 3
305.3411 	EXP 	Display Frame 4
305.3744 	EXP 	Display Frame 5
305.4077 	EXP 	Display Frame 6
305.4410 	EXP 	Display Frame 7
305.4744 	EXP 	Display Frame 8
305.5077 	EXP 	Display Frame 9
305.5411 	EXP 	Display Frame 0
305.5746 	EXP 	Display Frame 1
305.6078 	EXP 	Display Frame 2
305.6411 	EXP 	Display Frame 3
305.6745 	EXP 	Display Frame 4
305.7077 	EXP 	Display Frame 5
305.7410 	EXP 	Display Frame 6
305.7744 	EXP 	Display Frame 7
305.8078 	DATA 	Keypress: equal
305.8096 	EXP 	Display Frame 8
305.8410 	EXP 	Display Frame 9
305.8744 	EXP 	Display Frame 0
305.9077 	EXP 	Display Frame 1
305.9412 	EXP 	Display Frame 2
305.9744 	EXP 	Display Frame 3
306.0077 	EXP 	Display Frame 4
306.0410 	EXP 	Display Frame 5
306.0743 	EXP 	Display Frame 6
306.1077 	EXP 	Display Frame 7
306.1410 	EXP 	Display Frame 8
306.1744 	EXP 	Display Frame 9
306.2077 	EXP 	Display Frame 0
306.2410 	EXP 	Display Frame 1
306.2744 	EXP 	Display Frame 2
306.3078 	EXP 	Display Frame 3
306.3410 	EXP 	Display Frame 4
306.3744 	EXP 	Display Frame 5
306.4077 	EXP 	Display Frame 6
306.4410 	EXP 	Display Frame 7
306.4744 	EXP 	Display Frame 8
306.5077 	EXP 	Display Frame 9
306.5410 	EXP 	Display Frame 0
306.5744 	EXP 	Display Frame 1
306.6077 	EXP 	Display Frame 2
306.6410 	EXP 	Display Frame 3
306.6744 	EXP 	Display Frame 4
306.7078 	EXP 	Display Frame 5
306.7410 	EXP 	Display Frame 6
306.7745 	EXP 	Display Frame 7
306.8077 	EXP 	Display Frame 8
306.8410 	EXP 	Display Frame 9
306.8743 	EXP 	Display Frame 0
306.9077 	EXP 	Display Frame 1
306.9411 	EXP 	Display Frame 2
306.9744 	EXP 	Display Frame 3
307.0077 	EXP 	Display Frame 4
307.0413 	EXP 	Display Frame 5
307.0743 	EXP 	Display Frame 6
307.1080 	EXP 	Display Frame 7
307.1410 	EXP 	Display Frame 8
307.1743 	EXP 	Display Frame 9
307.2077 	EXP 	Display Frame 0
307.2411 	EXP 	Display Frame 1
307.2743 	EXP 	Display Frame 2
307.3077 	EXP 	Display Frame 3
307.3410 	EXP 	Display Frame 4
307.3744 	EXP 	Display Frame 5
307.4077 	EXP 	Display Frame 6
307.4411 	EXP 	Display Frame 7
307.4745 	EXP 	Display Frame 8
307.5077 	EXP 	Display Frame 9
307.5410 	EXP 	Display Frame 0
307.5744 	EXP 	Display Frame 1
307.6077 	EXP 	Display Frame 2
307.6411 	EXP 	Display Frame 3
307.6743 	EXP 	Display Frame 4
307.7077 	EXP 	Display Frame 5
307.7411 	EXP 	Display Frame 6
307.7744 	EXP 	Display Frame 7
307.8078 	EXP 	Display Frame 8
307.8410 	EXP 	Display Frame 9
307.8743 	EXP 	Display Frame 0
307.9077 	EXP 	Display Frame 1
307.9410 	EXP 	Display Frame 2
307.9744 	EXP 	Display Frame 3
308.0077 	EXP 	Display Frame 4
308.0425 	EXP 	Display Frame 5
308.0744 	EXP 	Display Frame 6
308.1077 	EXP 	Display Frame 7
308.1413 	EXP 	Display Frame 8
308.1745 	EXP 	Display Frame 9
308.2078 	EXP 	Display Frame 0
308.2411 	EXP 	Display Frame 1
308.2744 	EXP 	Display Frame 2
308.3077 	EXP 	Display Frame 3
308.3410 	EXP 	Display Frame 4
308.3745 	EXP 	Display Frame 5
308.4078 	EXP 	Display Frame 6
308.4411 	EXP 	Display Frame 7
308.4744 	EXP 	Display Frame 8
308.5078 	EXP 	Display Frame 9
308.5410 	EXP 	Display Frame 0
308.5745 	EXP 	Display Frame 1
308.6077 	EXP 	Display Frame 2
308.6410 	EXP 	Display Frame 3
308.6744 	EXP 	Display Frame 4
308.7077 	EXP 	Display Frame 5
308.7410 	EXP 	Display Frame 6
308.7744 	EXP 	Display Frame 7
308.8077 	EXP 	Display Frame 8
308.8410 	EXP 	Display Frame 9
308.8744 	EXP 	Display Frame 0
308.9077 	EXP 	Display Frame 1
308.9410 	EXP 	Display Frame 2
308.9744 	EXP 	Display Frame 3
309.0077 	EXP 	Display Frame 4
309.0412 	EXP 	Display Frame 5
309.0744 	EXP 	Display Frame 6
309.1077 	EXP 	Display Frame 7
309.1412 	EXP 	Display Frame 8
309.1744 	EXP 	Display Frame 9
309.2077 	EXP 	Display Frame 0
309.2411 	EXP 	Display Frame 1
309.2763 	EXP 	Display Frame 2
309.3077 	EXP 	Display Frame 3
309.3412 	EXP 	Display Frame 4
309.3744 	EXP 	Display Frame 5
309.4077 	EXP 	Display Frame 6
309.4410 	EXP 	Display Frame 7
309.4744 	EXP 	Display Frame 8
309.5079 	EXP 	Display Frame 9
309.5411 	EXP 	Display Frame 0
309.5744 	EXP 	Display Frame 1
309.6078 	EXP 	Display Frame 2
309.6411 	EXP 	Display Frame 3
309.6745 	EXP 	Display Frame 4
309.7078 	EXP 	Display Frame 5
309.7411 	EXP 	Display Frame 6
309.7745 	EXP 	Display Frame 7
309.8078 	EXP 	Display Frame 8
309.8411 	EXP 	Display Frame 9
309.8745 	EXP 	Display Frame 0
309.9078 	EXP 	Display Frame 1
309.9411 	EXP 	Display Frame 2
309.9745 	EXP 	Display Frame 3
310.0078 	EXP 	Display Frame 4
310.0411 	EXP 	Display Frame 5
310.0746 	EXP 	Display Frame 6
310.1078 	EXP 	Display Frame 7
310.1411 	EXP 	Display Frame 8
310.1745 	EXP 	Display Frame 9
310.2078 	EXP 	Display Frame 0
310.2411 	EXP 	Display Frame 1
310.2744 	EXP 	Display Frame 2
310.3078 	EXP 	Display Frame 3
310.3411 	EXP 	Display Frame 4
310.3745 	EXP 	Display Frame 5
310.4077 	EXP 	Display Frame 6
310.4411 	EXP 	Display Frame 7
310.4745 	EXP 	Display Frame 8
310.5078 	EXP 	Display Frame 9
310.5413 	EXP 	Display Frame 0
310.5744 	EXP 	Display Frame 1
310.6080 	EXP 	Display Frame 2
310.6411 	EXP 	Display Frame 3
310.6745 	EXP 	Display Frame 4
310.7078 	EXP 	Display Frame 5
310.7410 	EXP 	Display Frame 6
310.7744 	EXP 	Display Frame 7
310.8078 	EXP 	Display Frame 8
310.8411 	EXP 	Display Frame 9
310.8745 	EXP 	Display Frame 0
310.9078 	EXP 	Display Frame 1
310.9411 	EXP 	Display Frame 2
310.9745 	EXP 	Display Frame 3
311.0077 	DATA 	Keypress: equal
311.0091 	EXP 	Display Frame 4
311.0411 	EXP 	Display Frame 5
311.0745 	EXP 	Display Frame 6
311.1078 	EXP 	Display Frame 7
311.1411 	EXP 	Display Frame 8
311.1764 	EXP 	Display Frame 9
311.2078 	EXP 	Display Frame 0
311.2411 	EXP 	Display Frame 1
311.2744 	EXP 	Display Frame 2
311.3078 	EXP 	Display Frame 3
311.3411 	EXP 	Display Frame 4
311.3745 	EXP 	Display Frame 5
311.4078 	EXP 	Display Frame 6
311.4411 	EXP 	Display Frame 7
311.4745 	EXP 	Display Frame 8
311.5078 	EXP 	Display Frame 9
311.5411 	EXP 	Display Frame 0
311.5745 	EXP 	Display Frame 1
311.6078 	EXP 	Display Frame 2
311.6412 	EXP 	Display Frame 3
311.6744 	EXP 	Display Frame 4
311.7078 	EXP 	Display Frame 5
311.7411 	EXP 	Display Frame 6
311.7744 	EXP 	Display Frame 7
311.8078 	EXP 	Display Frame 8
311.8412 	EXP 	Display Frame 9
311.8744 	EXP 	Display Frame 0
311.9078 	EXP 	Display Frame 1
311.9411 	EXP 	Display Frame 2
311.9744 	EXP 	Display Frame 3
312.0079 	EXP 	Display Frame 4
312.0412 	EXP 	Display Frame 5
312.0744 	EXP 	Display Frame 6
312.1078 	EXP 	Display Frame 7
312.1413 	EXP 	Display Frame 8
312.1745 	EXP 	Display Frame 9
312.2078 	EXP 	Display Frame 0
312.2411 	EXP 	Display Frame 1
312.2744 	EXP 	Display Frame 2
312.3078 	EXP 	Display Frame 3
312.3411 	EXP 	Display Frame 4
312.3744 	EXP 	Display Frame 5
312.4077 	EXP 	Display Frame 6
312.4415 	EXP 	Display Frame 7
312.4746 	EXP 	Display Frame 8
312.5078 	EXP 	Display Frame 9
312.5412 	EXP 	Display Frame 0
312.5744 	EXP 	Display Frame 1
312.6078 	EXP 	Display Frame 2
312.6411 	EXP 	Display Frame 3
312.6744 	EXP 	Display Frame 4
312.7078 	EXP 	Display Frame 5
312.7411 	EXP 	Display Frame 6
312.7744 	EXP 	Display Frame 7
312.8080 	EXP 	Display Frame 8
312.8413 	EXP 	Display Frame 9
312.8747 	EXP 	Display Frame 0
312.9078 	EXP 	Display Frame 1
312.9411 	EXP 	Display Frame 2
312.9745 	EXP 	Display Frame 3
313.0078 	EXP 	Display Frame 4
313.0412 	EXP 	Display Frame 5
313.0745 	EXP 	Display Frame 6
313.1078 	EXP 	Display Frame 7
313.1411 	EXP 	Display Frame 8
313.1745 	EXP 	Display Frame 9
313.2078 	EXP 	Display Frame 0
313.2411 	EXP 	Display Frame 1
313.2744 	EXP 	Display Frame 2
313.3078 	EXP 	Display Frame 3
313.3411 	EXP 	Display Frame 4
313.3744 	EXP 	Display Frame 5
313.4078 	EXP 	Display Frame 6
313.4411 	EXP 	Display Frame 7
313.4745 	EXP 	Display Frame 8
313.5078 	EXP 	Display Frame 9
313.5411 	EXP 	Display Frame 0
313.5745 	EXP 	Display Frame 1
313.6078 	EXP 	Display Frame 2
313.6412 	EXP 	Display Frame 3
313.6745 	EXP 	Display Frame 4
313.7078 	EXP 	Display Frame 5
313.7411 	EXP 	Display Frame 6
313.7744 	EXP 	Display Frame 7
313.8081 	EXP 	Display Frame 8
313.8412 	EXP 	Display Frame 9
313.8745 	EXP 	Display Frame 0
313.9078 	EXP 	Display Frame 1
313.9411 	EXP 	Display Frame 2
313.9745 	EXP 	Display Frame 3
314.0078 	EXP 	Display Frame 4
314.0411 	EXP 	Display Frame 5
314.0744 	EXP 	Display Frame 6
314.1078 	EXP 	Display Frame 7
314.1411 	EXP 	Display Frame 8
314.1744 	EXP 	Display Frame 9
314.2078 	EXP 	Display Frame 0
314.2411 	EXP 	Display Frame 1
314.2745 	EXP 	Display Frame 2
314.3077 	EXP 	Display Frame 3
314.3411 	EXP 	Display Frame 4
314.3745 	EXP 	Display Frame 5
314.4078 	EXP 	Display Frame 6
314.4411 	EXP 	Display Frame 7
314.4745 	EXP 	Display Frame 8
314.5078 	EXP 	Display Frame 9
314.5411 	EXP 	Display Frame 0
314.5744 	EXP 	Display Frame 1
314.6079 	EXP 	Display Frame 2
314.6411 	EXP 	Display Frame 3
314.6745 	EXP 	Display Frame 4
314.7078 	EXP 	Display Frame 5
314.7411 	EXP 	Display Frame 6
314.7744 	EXP 	Display Frame 7
314.8078 	EXP 	Display Frame 8
314.8411 	EXP 	Display Frame 9
314.8744 	EXP 	Display Frame 0
314.9077 	EXP 	Display Frame 1
314.9411 	EXP 	Display Frame 2
314.9745 	EXP 	Display Frame 3
315.0078 	EXP 	Display Frame 4
315.0411 	EXP 	Display Frame 5
315.0748 	EXP 	Display Frame 6
315.1078 	EXP 	Display Frame 7
315.1411 	EXP 	Display Frame 8
315.1745 	EXP 	Display Frame 9
315.2080 	EXP 	Display Frame 0
315.2412 	EXP 	Display Frame 1
315.2745 	EXP 	Display Frame 2
315.3078 	EXP 	Display Frame 3
315.3412 	EXP 	Display Frame 4
315.3745 	EXP 	Display Frame 5
315.4078 	EXP 	Display Frame 6
315.4411 	EXP 	Display Frame 7
315.4744 	EXP 	Display Frame 8
315.5078 	EXP 	Display Frame 9
315.5411 	EXP 	Display Frame 0
315.5745 	EXP 	Display Frame 1
315.6078 	EXP 	Display Frame 2
315.6411 	EXP 	Display Frame 3
315.6745 	EXP 	Display Frame 4
315.7078 	EXP 	Display Frame 5
315.7411 	EXP 	Display Frame 6
315.7746 	EXP 	Display Frame 7
315.8078 	EXP 	Display Frame 8
315.8410 	EXP 	Display Frame 9
315.8745 	EXP 	Display Frame 0
315.9080 	EXP 	Display Frame 1
315.9412 	EXP 	Display Frame 2
315.9745 	EXP 	Display Frame 3
316.0078 	EXP 	Display Frame 4
316.0413 	EXP 	Display Frame 5
316.0744 	EXP 	Display Frame 6
316.1079 	EXP 	Display Frame 7
316.1411 	EXP 	Display Frame 8
316.1743 	DATA 	Keypress: equal
316.1758 	EXP 	Display Frame 9
316.2078 	EXP 	Display Frame 0
316.2411 	EXP 	Display Frame 1
316.2745 	EXP 	Display Frame 2
316.3078 	EXP 	Display Frame 3
316.3411 	EXP 	Display Frame 4
316.3744 	EXP 	Display Frame 5
316.4078 	EXP 	Display Frame 6
316.4412 	EXP 	Display Frame 7
316.4745 	EXP 	Display Frame 8
316.5078 	EXP 	Display Frame 9
316.5411 	EXP 	Display Frame 0
316.5744 	EXP 	Display Frame 1
316.6079 	EXP 	Display Frame 2
316.6411 	EXP 	Display Frame 3
316.6744 	EXP 	Display Frame 4
316.7078 	EXP 	Display Frame 5
316.7412 	EXP 	Display Frame 6
316.7745 	EXP 	Display Frame 7
316.8078 	EXP 	Display Frame 8
316.8411 	EXP 	Display Frame 9
316.8745 	EXP 	Display Frame 0
316.9078 	EXP 	Display Frame 1
316.9411 	EXP 	Display Frame 2
316.9745 	EXP 	Display Frame 3
317.0080 	EXP 	Display Frame 4
317.0413 	EXP 	Display Frame 5
317.0744 	EXP 	Display Frame 6
317.1078 	EXP 	Display Frame 7
317.1412 	EXP 	Display Frame 8
317.1746 	EXP 	Display Frame 9
317.2078 	EXP 	Display Frame 0
317.2411 	EXP 	Display Frame 1
317.2746 	EXP 	Display Frame 2
317.3078 	EXP 	Display Frame 3
317.3411 	EXP 	Display Frame 4
317.3744 	EXP 	Display Frame 5
317.4077 	EXP 	Display Frame 6
317.4411 	EXP 	Display Frame 7
317.4745 	EXP 	Display Frame 8
317.5078 	EXP 	Display Frame 9
317.5411 	EXP 	Display Frame 0
317.5746 	EXP 	Display Frame 1
317.6078 	EXP 	Display Frame 2
317.6413 	EXP 	Display Frame 3
317.6744 	EXP 	Display Frame 4
317.7078 	EXP 	Display Frame 5
317.7411 	EXP 	Display Frame 6
317.7747 	EXP 	Display Frame 7
317.8078 	EXP 	Display Frame 8
317.8411 	EXP 	Display Frame 9
317.8745 	EXP 	Display Frame 0
317.9078 	EXP 	Display Frame 1
317.9411 	EXP 	Display Frame 2
317.9745 	EXP 	Display Frame 3
318.0078 	EXP 	Display Frame 4
318.0411 	EXP 	Display Frame 5
318.0744 	EXP 	Display Frame 6
318.1090 	EXP 	Display Frame 7
318.1411 	EXP 	Display Frame 8
318.1745 	EXP 	Display Frame 9
318.2078 	EXP 	Display Frame 0
318.2411 	EXP 	Display Frame 1
318.2744 	EXP 	Display Frame 2
318.3079 	EXP 	Display Frame 3
318.3411 	EXP 	Display Frame 4
318.3744 	EXP 	Display Frame 5
318.4078 	EXP 	Display Frame 6
318.4411 	EXP 	Display Frame 7
318.4745 	EXP 	Display Frame 8
318.5078 	EXP 	Display Frame 9
318.5411 	EXP 	Display Frame 0
318.5745 	EXP 	Display Frame 1
318.6078 	EXP 	Display Frame 2
318.6411 	EXP 	Display Frame 3
318.6745 	EXP 	Display Frame 4
318.7078 	EXP 	Display Frame 5
318.7411 	EXP 	Display Frame 6
318.7744 	EXP 	Display Frame 7
318.8079 	EXP 	Display Frame 8
318.8412 	EXP 	Display Frame 9
318.8744 	EXP 	Display Frame 0
318.9078 	EXP 	Display Frame 1
318.9411 	EXP 	Display Frame 2
318.9744 	EXP 	Display Frame 3
319.0078 	EXP 	Display Frame 4
319.0411 	EXP 	Display Frame 5
319.0744 	EXP 	Display Frame 6
319.1092 	EXP 	Display Frame 7
319.1413 	EXP 	Display Frame 8
319.1744 	EXP 	Display Frame 9
319.2078 	EXP 	Display Frame 0
319.2411 	EXP 	Display Frame 1
319.2744 	EXP 	Display Frame 2
319.3078 	EXP 	Display Frame 3
319.3411 	EXP 	Display Frame 4
319.3744 	EXP 	Display Frame 5
319.4078 	EXP 	Display Frame 6
319.4411 	EXP 	Display Frame 7
319.4744 	EXP 	Display Frame 8
319.5078 	EXP 	Display Frame 9
319.5411 	EXP 	Display Frame 0
319.5744 	EXP 	Display Frame 1
319.6078 	EXP 	Display Frame 2
319.6412 	EXP 	Display Frame 3
319.6744 	EXP 	Display Frame 4
319.7078 	EXP 	Display Frame 5
319.7411 	EXP 	Display Frame 6
319.7744 	EXP 	Display Frame 7
319.8078 	EXP 	Display Frame 8
319.8411 	EXP 	Display Frame 9
319.8745 	EXP 	Display Frame 0
319.9077 	EXP 	Display Frame 1
319.9411 	EXP 	Display Frame 2
319.9744 	EXP 	Display Frame 3
320.0078 	EXP 	Display Frame 4
320.0412 	EXP 	Display Frame 5
320.0744 	EXP 	Display Frame 6
320.1078 	EXP 	Display Frame 7
320.1411 	EXP 	Display Frame 8
320.1744 	EXP 	Display Frame 9
320.2078 	EXP 	Display Frame 0
320.2411 	EXP 	Display Frame 1
320.2746 	EXP 	Display Frame 2
320.3078 	EXP 	Display Frame 3
320.3411 	EXP 	Display Frame 4
320.3744 	EXP 	Display Frame 5
320.4077 	EXP 	Display Frame 6
320.4411 	EXP 	Display Frame 7
320.4744 	EXP 	Display Frame 8
320.5078 	EXP 	Display Frame 9
320.5411 	EXP 	Display Frame 0
320.5744 	EXP 	Display Frame 1
320.6078 	EXP 	Display Frame 2
320.6411 	EXP 	Display Frame 3
320.6745 	EXP 	Display Frame 4
320.7078 	EXP 	Display Frame 5
320.7412 	EXP 	Display Frame 6
320.7744 	EXP 	Display Frame 7
320.8079 	EXP 	Display Frame 8
320.8411 	EXP 	Display Frame 9
320.8746 	EXP 	Display Frame 0
320.9077 	EXP 	Display Frame 1
320.9411 	EXP 	Display Frame 2
320.9744 	EXP 	Display Frame 3
321.0078 	EXP 	Display Frame 4
321.0412 	EXP 	Display Frame 5
321.0746 	EXP 	Display Frame 6
321.1078 	EXP 	Display Frame 7
321.1411 	EXP 	Display Frame 8
321.1744 	EXP 	Display Frame 9
321.2078 	EXP 	Display Frame 0
321.2411 	EXP 	Display Frame 1
321.2744 	EXP 	Display Frame 2
321.3078 	EXP 	Display Frame 3
321.3412 	EXP 	Display Frame 4
321.3742 	DATA 	Keypress: equal
321.3757 	EXP 	Display Frame 5
321.3786 	EXP 	Display Fixation
326.5614 	DATA 	Keypress: equal
331.7544 	DATA 	Keypress: equal
336.9484 	DATA 	Keypress: equal
342.1422 	DATA 	Keypress: equal
347.3356 	DATA 	Keypress: equal
352.5291 	DATA 	Keypress: equal
352.5644 	EXP 	Display Frame 1
352.5974 	EXP 	Display Frame 2
352.6308 	EXP 	Display Frame 3
352.6640 	EXP 	Display Frame 4
352.6975 	EXP 	Display Frame 5
352.7307 	EXP 	Display Frame 6
352.7642 	EXP 	Display Frame 7
352.7974 	EXP 	Display Frame 8
352.8307 	EXP 	Display Frame 9
352.8640 	EXP 	Display Frame 0
352.8973 	EXP 	Display Frame 1
352.9307 	EXP 	Display Frame 2
352.9639 	EXP 	Display Frame 3
352.9974 	EXP 	Display Frame 4
353.0307 	EXP 	Display Frame 5
353.0642 	EXP 	Display Frame 6
353.0973 	EXP 	Display Frame 7
353.1306 	EXP 	Display Frame 8
353.1640 	EXP 	Display Frame 9
353.1973 	EXP 	Display Frame 0
353.2306 	EXP 	Display Frame 1
353.2640 	EXP 	Display Frame 2
353.2973 	EXP 	Display Frame 3
353.3306 	EXP 	Display Frame 4
353.3640 	EXP 	Display Frame 5
353.3973 	EXP 	Display Frame 6
353.4307 	EXP 	Display Frame 7
353.4639 	EXP 	Display Frame 8
353.4974 	EXP 	Display Frame 9
353.5306 	EXP 	Display Frame 0
353.5639 	EXP 	Display Frame 1
353.5973 	EXP 	Display Frame 2
353.6307 	EXP 	Display Frame 3
353.6640 	EXP 	Display Frame 4
353.6973 	EXP 	Display Frame 5
353.7306 	EXP 	Display Frame 6
353.7640 	EXP 	Display Frame 7
353.7973 	EXP 	Display Frame 8
353.8307 	EXP 	Display Frame 9
353.8639 	EXP 	Display Frame 0
353.8974 	EXP 	Display Frame 1
353.9306 	EXP 	Display Frame 2
353.9639 	EXP 	Display Frame 3
353.9973 	EXP 	Display Frame 4
354.0307 	EXP 	Display Frame 5
354.0639 	EXP 	Display Frame 6
354.0975 	EXP 	Display Frame 7
354.1306 	EXP 	Display Frame 8
354.1639 	EXP 	Display Frame 9
354.1973 	EXP 	Display Frame 0
354.2306 	EXP 	Display Frame 1
354.2640 	EXP 	Display Frame 2
354.2973 	EXP 	Display Frame 3
354.3306 	EXP 	Display Frame 4
354.3640 	EXP 	Display Frame 5
354.3973 	EXP 	Display Frame 6
354.4306 	EXP 	Display Frame 7
354.4640 	EXP 	Display Frame 8
354.4972 	EXP 	Display Frame 9
354.5306 	EXP 	Display Frame 0
354.5639 	EXP 	Display Frame 1
354.5973 	EXP 	Display Frame 2
354.6306 	EXP 	Display Frame 3
354.6640 	EXP 	Display Frame 4
354.6973 	EXP 	Display Frame 5
354.7307 	EXP 	Display Frame 6
354.7639 	EXP 	Display Frame 7
354.7973 	EXP 	Display Frame 8
354.8306 	EXP 	Display Frame 9
354.8641 	EXP 	Display Frame 0
354.8973 	EXP 	Display Frame 1
354.9307 	EXP 	Display Frame 2
354.9640 	EXP 	Display Frame 3
354.9973 	EXP 	Display Frame 4
355.0306 	EXP 	Display Frame 5
355.0640 	EXP 	Display Frame 6
355.0975 	EXP 	Display Frame 7
355.1309 	EXP 	Display Frame 8
355.1639 	EXP 	Display Frame 9
355.1973 	EXP 	Display Frame 0
355.2306 	EXP 	Display Frame 1
355.2639 	EXP 	Display Frame 2
355.2973 	EXP 	Display Frame 3
355.3306 	EXP 	Display Frame 4
355.3639 	EXP 	Display Frame 5
355.3973 	EXP 	Display Frame 6
355.4306 	EXP 	Display Frame 7
355.4640 	EXP 	Display Frame 8
355.4973 	EXP 	Display Frame 9
355.5306 	EXP 	Display Frame 0
355.5639 	EXP 	Display Frame 1
355.5972 	EXP 	Display Frame 2
355.6306 	EXP 	Display Frame 3
355.6640 	EXP 	Display Frame 4
355.6973 	EXP 	Display Frame 5
355.7307 	EXP 	Display Frame 6
355.7640 	EXP 	Display Frame 7
355.7973 	EXP 	Display Frame 8
355.8306 	EXP 	Display Frame 9
355.8639 	EXP 	Display Frame 0
355.8974 	EXP 	Display Frame 1
355.9306 	EXP 	Display Frame 2
355.9641 	EXP 	Display Frame 3
355.9972 	EXP 	Display Frame 4
356.0312 	EXP 	Display Frame 5
356.0639 	EXP 	Display Frame 6
356.0974 	EXP 	Display Frame 7
356.1306 	EXP 	Display Frame 8
356.1639 	EXP 	Display Frame 9
356.1973 	EXP 	Display Frame 0
356.2306 	EXP 	Display Frame 1
356.2639 	EXP 	Display Frame 2
356.2975 	EXP 	Display Frame 3
356.3306 	EXP 	Display Frame 4
356.3639 	EXP 	Display Frame 5
356.3973 	EXP 	Display Frame 6
356.4307 	EXP 	Display Frame 7
356.4640 	EXP 	Display Frame 8
356.4973 	EXP 	Display Frame 9
356.5318 	EXP 	Display Frame 0
356.5639 	EXP 	Display Frame 1
356.5973 	EXP 	Display Frame 2
356.6310 	EXP 	Display Frame 3
356.6640 	EXP 	Display Frame 4
356.6973 	EXP 	Display Frame 5
356.7306 	EXP 	Display Frame 6
356.7639 	EXP 	Display Frame 7
356.7973 	EXP 	Display Frame 8
356.8307 	EXP 	Display Frame 9
356.8639 	EXP 	Display Frame 0
356.8973 	EXP 	Display Frame 1
356.9306 	EXP 	Display Frame 2
356.9640 	EXP 	Display Frame 3
356.9974 	EXP 	Display Frame 4
357.0306 	EXP 	Display Frame 5
357.0640 	EXP 	Display Frame 6
357.0973 	EXP 	Display Frame 7
357.1306 	EXP 	Display Frame 8
357.1640 	EXP 	Display Frame 9
357.1973 	EXP 	Display Frame 0
357.2306 	EXP 	Display Frame 1
357.2640 	EXP 	Display Frame 2
357.2973 	EXP 	Display Frame 3
357.3307 	EXP 	Display Frame 4
357.3639 	EXP 	Display Frame 5
357.3973 	EXP 	Display Frame 6
357.4306 	EXP 	Display Frame 7
357.4640 	EXP 	Display Frame 8
357.4973 	EXP 	Display Frame 9
357.5306 	EXP 	Display Frame 0
357.5639 	EXP 	Display Frame 1
357.5973 	EXP 	Display Frame 2
357.6306 	EXP 	Display Frame 3
357.6640 	EXP 	Display Frame 4
357.6972 	EXP 	Display Frame 5
357.7303 	DATA 	Keypress: equal
357.7317 	EXP 	Display Frame 6
357.7639 	EXP 	Display Frame 7
357.7972 	EXP 	Display Frame 8
357.8306 	EXP 	Display Frame 9
357.8639 	EXP 	Display Frame 0
357.8973 	EXP 	Display Frame 1
357.9306 	EXP 	Display Frame 2
357.9640 	EXP 	Display Frame 3
357.9973 	EXP 	Display Frame 4
358.0307 	EXP 	Display Frame 5
358.0642 	EXP 	Display Frame 6
358.0974 	EXP 	Display Frame 7
358.1306 	EXP 	Display Frame 8
358.1641 	EXP 	Display Frame 9
358.1973 	EXP 	Display Frame 0
358.2307 	EXP 	Display Frame 1
358.2640 	EXP 	Display Frame 2
358.2974 	EXP 	Display Frame 3
358.3306 	EXP 	Display Frame 4
358.3639 	EXP 	Display Frame 5
358.3973 	EXP 	Display Frame 6
358.4306 	EXP 	Display Frame 7
358.4639 	EXP 	Display Frame 8
358.4974 	EXP 	Display Frame 9
358.5306 	EXP 	Display Frame 0
358.5639 	EXP 	Display Frame 1
358.5973 	EXP 	Display Frame 2
358.6306 	EXP 	Display Frame 3
358.6639 	EXP 	Display Frame 4
358.6973 	EXP 	Display Frame 5
358.7306 	EXP 	Display Frame 6
358.7640 	EXP 	Display Frame 7
358.7974 	EXP 	Display Frame 8
358.8306 	EXP 	Display Frame 9
358.8641 	EXP 	Display Frame 0
358.8973 	EXP 	Display Frame 1
358.9306 	EXP 	Display Frame 2
358.9640 	EXP 	Display Frame 3
358.9973 	EXP 	Display Frame 4
359.0306 	EXP 	Display Frame 5
359.0640 	EXP 	Display Frame 6
359.0973 	EXP 	Display Frame 7
359.1307 	EXP 	Display Frame 8
359.1640 	EXP 	Display Frame 9
359.1972 	EXP 	Display Frame 0
359.2306 	EXP 	Display Frame 1
359.2640 	EXP 	Display Frame 2
359.2972 	EXP 	Display Frame 3
359.3308 	EXP 	Display Frame 4
359.3640 	EXP 	Display Frame 5
359.3973 	EXP 	Display Frame 6
359.4306 	EXP 	Display Frame 7
359.4641 	EXP 	Display Frame 8
359.4973 	EXP 	Display Frame 9
359.5307 	EXP 	Display Frame 0
359.5639 	EXP 	Display Frame 1
359.5973 	EXP 	Display Frame 2
359.6306 	EXP 	Display Frame 3
359.6639 	EXP 	Display Frame 4
359.6973 	EXP 	Display Frame 5
359.7306 	EXP 	Display Frame 6
359.7640 	EXP 	Display Frame 7
359.7973 	EXP 	Display Frame 8
359.8306 	EXP 	Display Frame 9
359.8639 	EXP 	Display Frame 0
359.8973 	EXP 	Display Frame 1
359.9306 	EXP 	Display Frame 2
359.9640 	EXP 	Display Frame 3
359.9973 	EXP 	Display Frame 4
360.0306 	EXP 	Display Frame 5
360.0639 	EXP 	Display Frame 6
360.0984 	EXP 	Display Frame 7
360.1306 	EXP 	Display Frame 8
360.1641 	EXP 	Display Frame 9
360.1973 	EXP 	Display Frame 0
360.2307 	EXP 	Display Frame 1
360.2640 	EXP 	Display Frame 2
360.2974 	EXP 	Display Frame 3
360.3307 	EXP 	Display Frame 4
360.3639 	EXP 	Display Frame 5
360.3973 	EXP 	Display Frame 6
360.4309 	EXP 	Display Frame 7
360.4640 	EXP 	Display Frame 8
360.4974 	EXP 	Display Frame 9
360.5306 	EXP 	Display Frame 0
360.5639 	EXP 	Display Frame 1
360.5971 	EXP 	Display Frame 2
360.6306 	EXP 	Display Frame 3
360.6641 	EXP 	Display Frame 4
360.6973 	EXP 	Display Frame 5
360.7306 	EXP 	Display Frame 6
360.7639 	EXP 	Display Frame 7
360.7973 	EXP 	Display Frame 8
360.8306 	EXP 	Display Frame 9
360.8639 	EXP 	Display Frame 0
360.8973 	EXP 	Display Frame 1
360.9306 	EXP 	Display Frame 2
360.9639 	EXP 	Display Frame 3
360.9973 	EXP 	Display Frame 4
361.0306 	EXP 	Display Frame 5
361.0639 	EXP 	Display Frame 6
361.0973 	EXP 	Display Frame 7
361.1307 	EXP 	Display Frame 8
361.1640 	EXP 	Display Frame 9
361.1974 	EXP 	Display Frame 0
361.2306 	EXP 	Display Frame 1
361.2641 	EXP 	Display Frame 2
361.2973 	EXP 	Display Frame 3
361.3307 	EXP 	Display Frame 4
361.3639 	EXP 	Display Frame 5
361.3974 	EXP 	Display Frame 6
361.4306 	EXP 	Display Frame 7
361.4641 	EXP 	Display Frame 8
361.4973 	EXP 	Display Frame 9
361.5307 	EXP 	Display Frame 0
361.5639 	EXP 	Display Frame 1
361.5973 	EXP 	Display Frame 2
361.6306 	EXP 	Display Frame 3
361.6641 	EXP 	Display Frame 4
361.6972 	EXP 	Display Frame 5
361.7307 	EXP 	Display Frame 6
361.7640 	EXP 	Display Frame 7
361.7973 	EXP 	Display Frame 8
361.8306 	EXP 	Display Frame 9
361.8639 	EXP 	Display Frame 0
361.8973 	EXP 	Display Frame 1
361.9306 	EXP 	Display Frame 2
361.9640 	EXP 	Display Frame 3
361.9973 	EXP 	Display Frame 4
362.0306 	EXP 	Display Frame 5
362.0639 	EXP 	Display Frame 6
362.0974 	EXP 	Display Frame 7
362.1307 	EXP 	Display Frame 8
362.1641 	EXP 	Display Frame 9
362.1973 	EXP 	Display Frame 0
362.2307 	EXP 	Display Frame 1
362.2640 	EXP 	Display Frame 2
362.2974 	EXP 	Display Frame 3
362.3306 	EXP 	Display Frame 4
362.3640 	EXP 	Display Frame 5
362.3974 	EXP 	Display Frame 6
362.4307 	EXP 	Display Frame 7
362.4640 	EXP 	Display Frame 8
362.4973 	EXP 	Display Frame 9
362.5306 	EXP 	Display Frame 0
362.5642 	EXP 	Display Frame 1
362.5973 	EXP 	Display Frame 2
362.6306 	EXP 	Display Frame 3
362.6640 	EXP 	Display Frame 4
362.6973 	EXP 	Display Frame 5
362.7306 	EXP 	Display Frame 6
362.7641 	EXP 	Display Frame 7
362.7974 	EXP 	Display Frame 8
362.8307 	EXP 	Display Frame 9
362.8640 	EXP 	Display Frame 0
362.8973 	EXP 	Display Frame 1
362.9304 	DATA 	Keypress: equal
362.9318 	EXP 	Display Frame 2
362.9640 	EXP 	Display Frame 3
362.9973 	EXP 	Display Frame 4
363.0306 	EXP 	Display Frame 5
363.0639 	EXP 	Display Frame 6
363.0973 	EXP 	Display Frame 7
363.1306 	EXP 	Display Frame 8
363.1639 	EXP 	Display Frame 9
363.1974 	EXP 	Display Frame 0
363.2306 	EXP 	Display Frame 1
363.2639 	EXP 	Display Frame 2
363.2973 	EXP 	Display Frame 3
363.3306 	EXP 	Display Frame 4
363.3639 	EXP 	Display Frame 5
363.3973 	EXP 	Display Frame 6
363.4306 	EXP 	Display Frame 7
363.4640 	EXP 	Display Frame 8
363.4973 	EXP 	Display Frame 9
363.5309 	EXP 	Display Frame 0
363.5640 	EXP 	Display Frame 1
363.5974 	EXP 	Display Frame 2
363.6306 	EXP 	Display Frame 3
363.6640 	EXP 	Display Frame 4
363.6973 	EXP 	Display Frame 5
363.7306 	EXP 	Display Frame 6
363.7639 	EXP 	Display Frame 7
363.7973 	EXP 	Display Frame 8
363.8306 	EXP 	Display Frame 9
363.8639 	EXP 	Display Frame 0
363.8973 	EXP 	Display Frame 1
363.9306 	EXP 	Display Frame 2
363.9639 	EXP 	Display Frame 3
363.9973 	EXP 	Display Frame 4
364.0306 	EXP 	Display Frame 5
364.0639 	EXP 	Display Frame 6
364.0973 	EXP 	Display Frame 7
364.1306 	EXP 	Display Frame 8
364.1653 	EXP 	Display Frame 9
364.1972 	EXP 	Display Frame 0
364.2307 	EXP 	Display Frame 1
364.2639 	EXP 	Display Frame 2
364.2973 	EXP 	Display Frame 3
364.3306 	EXP 	Display Frame 4
364.3639 	EXP 	Display Frame 5
364.3973 	EXP 	Display Frame 6
364.4306 	EXP 	Display Frame 7
364.4640 	EXP 	Display Frame 8
364.4973 	EXP 	Display Frame 9
364.5306 	EXP 	Display Frame 0
364.5639 	EXP 	Display Frame 1
364.5972 	EXP 	Display Frame 2
364.6306 	EXP 	Display Frame 3
364.6639 	EXP 	Display Frame 4
364.6974 	EXP 	Display Frame 5
364.7306 	EXP 	Display Frame 6
364.7639 	EXP 	Display Frame 7
364.7973 	EXP 	Display Frame 8
364.8308 	EXP 	Display Frame 9
364.8639 	EXP 	Display Frame 0
364.8973 	EXP 	Display Frame 1
364.9306 	EXP 	Display Frame 2
364.9639 	EXP 	Display Frame 3
364.9973 	EXP 	Display Frame 4
365.0306 	EXP 	Display Frame 5
365.0639 	EXP 	Display Frame 6
365.0973 	EXP 	Display Frame 7
365.1306 	EXP 	Display Frame 8
365.1641 	EXP 	Display Frame 9
365.1973 	EXP 	Display Frame 0
365.2306 	EXP 	Display Frame 1
365.2640 	EXP 	Display Frame 2
365.2973 	EXP 	Display Frame 3
365.3307 	EXP 	Display Frame 4
365.3639 	EXP 	Display Frame 5
365.3998 	EXP 	Display Frame 6
365.4306 	EXP 	Display Frame 7
365.4640 	EXP 	Display Frame 8
365.4973 	EXP 	Display Frame 9
365.5306 	EXP 	Display Frame 0
365.5639 	EXP 	Display Frame 1
365.5974 	EXP 	Display Frame 2
365.6306 	EXP 	Display Frame 3
365.6639 	EXP 	Display Frame 4
365.6972 	EXP 	Display Frame 5
365.7306 	EXP 	Display Frame 6
365.7642 	EXP 	Display Frame 7
365.7974 	EXP 	Display Frame 8
365.8306 	EXP 	Display Frame 9
365.8639 	EXP 	Display Frame 0
365.8973 	EXP 	Display Frame 1
365.9306 	EXP 	Display Frame 2
365.9639 	EXP 	Display Frame 3
365.9973 	EXP 	Display Frame 4
366.0306 	EXP 	Display Frame 5
366.0639 	EXP 	Display Frame 6
366.0973 	EXP 	Display Frame 7
366.1306 	EXP 	Display Frame 8
366.1639 	EXP 	Display Frame 9
366.1985 	EXP 	Display Frame 0
366.2306 	EXP 	Display Frame 1
366.2639 	EXP 	Display Frame 2
366.2973 	EXP 	Display Frame 3
366.3306 	EXP 	Display Frame 4
366.3652 	EXP 	Display Frame 5
366.3973 	EXP 	Display Frame 6
366.4307 	EXP 	Display Frame 7
366.4640 	EXP 	Display Frame 8
366.4973 	EXP 	Display Frame 9
366.5306 	EXP 	Display Frame 0
366.5639 	EXP 	Display Frame 1
366.5973 	EXP 	Display Frame 2
366.6309 	EXP 	Display Frame 3
366.6640 	EXP 	Display Frame 4
366.6975 	EXP 	Display Frame 5
366.7307 	EXP 	Display Frame 6
366.7641 	EXP 	Display Frame 7
366.7973 	EXP 	Display Frame 8
366.8307 	EXP 	Display Frame 9
366.8639 	EXP 	Display Frame 0
366.8973 	EXP 	Display Frame 1
366.9306 	EXP 	Display Frame 2
366.9640 	EXP 	Display Frame 3
366.9973 	EXP 	Display Frame 4
367.0306 	EXP 	Display Frame 5
367.0639 	EXP 	Display Frame 6
367.0973 	EXP 	Display Frame 7
367.1306 	EXP 	Display Frame 8
367.1641 	EXP 	Display Frame 9
367.1973 	EXP 	Display Frame 0
367.2306 	EXP 	Display Frame 1
367.2640 	EXP 	Display Frame 2
367.2973 	EXP 	Display Frame 3
367.3306 	EXP 	Display Frame 4
367.3640 	EXP 	Display Frame 5
367.3973 	EXP 	Display Frame 6
367.4306 	EXP 	Display Frame 7
367.4641 	EXP 	Display Frame 8
367.4973 	EXP 	Display Frame 9
367.5306 	EXP 	Display Frame 0
367.5639 	EXP 	Display Frame 1
367.5974 	EXP 	Display Frame 2
367.6306 	EXP 	Display Frame 3
367.6642 	EXP 	Display Frame 4
367.6973 	EXP 	Display Frame 5
367.7319 	EXP 	Display Frame 6
367.7640 	EXP 	Display Frame 7
367.7974 	EXP 	Display Frame 8
367.8306 	EXP 	Display Frame 9
367.8639 	EXP 	Display Frame 0
367.8973 	EXP 	Display Frame 1
367.9306 	EXP 	Display Frame 2
367.9640 	EXP 	Display Frame 3
367.9974 	EXP 	Display Frame 4
368.0306 	EXP 	Display Frame 5
368.0639 	EXP 	Display Frame 6
368.0973 	EXP 	Display Frame 7
368.1306 	DATA 	Keypress: equal
368.1321 	EXP 	Display Frame 8
368.1640 	EXP 	Display Frame 9
368.1973 	EXP 	Display Frame 0
368.2305 	EXP 	Display Frame 1
368.2640 	EXP 	Display Frame 2
368.2973 	EXP 	Display Frame 3
368.3306 	EXP 	Display Frame 4
368.3639 	EXP 	Display Frame 5
368.3973 	EXP 	Display Frame 6
368.4306 	EXP 	Display Frame 7
368.4640 	EXP 	Display Frame 8
368.4973 	EXP 	Display Frame 9
368.5306 	EXP 	Display Frame 0
368.5639 	EXP 	Display Frame 1
368.5973 	EXP 	Display Frame 2
368.6306 	EXP 	Display Frame 3
368.6640 	EXP 	Display Frame 4
368.6972 	EXP 	Display Frame 5
368.7306 	EXP 	Display Frame 6
368.7641 	EXP 	Display Frame 7
368.7973 	EXP 	Display Frame 8
368.8309 	EXP 	Display Frame 9
368.8640 	EXP 	Display Frame 0
368.8973 	EXP 	Display Frame 1
368.9306 	EXP 	Display Frame 2
368.9642 	EXP 	Display Frame 3
368.9973 	EXP 	Display Frame 4
369.0307 	EXP 	Display Frame 5
369.0640 	EXP 	Display Frame 6
369.0973 	EXP 	Display Frame 7
369.1306 	EXP 	Display Frame 8
369.1641 	EXP 	Display Frame 9
369.1973 	EXP 	Display Frame 0
369.2306 	EXP 	Display Frame 1
369.2639 	EXP 	Display Frame 2
369.2973 	EXP 	Display Frame 3
369.3306 	EXP 	Display Frame 4
369.3640 	EXP 	Display Frame 5
369.3973 	EXP 	Display Frame 6
369.4306 	EXP 	Display Frame 7
369.4645 	EXP 	Display Frame 8
369.4973 	EXP 	Display Frame 9
369.5307 	EXP 	Display Frame 0
369.5639 	EXP 	Display Frame 1
369.5973 	EXP 	Display Frame 2
369.6306 	EXP 	Display Frame 3
369.6640 	EXP 	Display Frame 4
369.6973 	EXP 	Display Frame 5
369.7306 	EXP 	Display Frame 6
369.7645 	EXP 	Display Frame 7
369.7974 	EXP 	Display Frame 8
369.8307 	EXP 	Display Frame 9
369.8641 	EXP 	Display Frame 0
369.8973 	EXP 	Display Frame 1
369.9307 	EXP 	Display Frame 2
369.9640 	EXP 	Display Frame 3
369.9974 	EXP 	Display Frame 4
370.0306 	EXP 	Display Frame 5
370.0639 	EXP 	Display Frame 6
370.0973 	EXP 	Display Frame 7
370.1307 	EXP 	Display Frame 8
370.1639 	EXP 	Display Frame 9
370.1973 	EXP 	Display Frame 0
370.2306 	EXP 	Display Frame 1
370.2639 	EXP 	Display Frame 2
370.2973 	EXP 	Display Frame 3
370.3306 	EXP 	Display Frame 4
370.3639 	EXP 	Display Frame 5
370.3973 	EXP 	Display Frame 6
370.4311 	EXP 	Display Frame 7
370.4641 	EXP 	Display Frame 8
370.4973 	EXP 	Display Frame 9
370.5306 	EXP 	Display Frame 0
370.5639 	EXP 	Display Frame 1
370.5973 	EXP 	Display Frame 2
370.6306 	EXP 	Display Frame 3
370.6640 	EXP 	Display Frame 4
370.6974 	EXP 	Display Frame 5
370.7306 	EXP 	Display Frame 6
370.7641 	EXP 	Display Frame 7
370.7973 	EXP 	Display Frame 8
370.8306 	EXP 	Display Frame 9
370.8640 	EXP 	Display Frame 0
370.8973 	EXP 	Display Frame 1
370.9307 	EXP 	Display Frame 2
370.9640 	EXP 	Display Frame 3
370.9973 	EXP 	Display Frame 4
371.0306 	EXP 	Display Frame 5
371.0640 	EXP 	Display Frame 6
371.0976 	EXP 	Display Frame 7
371.1307 	EXP 	Display Frame 8
371.1641 	EXP 	Display Frame 9
371.1974 	EXP 	Display Frame 0
371.2306 	EXP 	Display Frame 1
371.2639 	EXP 	Display Frame 2
371.2973 	EXP 	Display Frame 3
371.3306 	EXP 	Display Frame 4
371.3640 	EXP 	Display Frame 5
371.3973 	EXP 	Display Frame 6
371.4306 	EXP 	Display Frame 7
371.4640 	EXP 	Display Frame 8
371.4973 	EXP 	Display Frame 9
371.5306 	EXP 	Display Frame 0
371.5639 	EXP 	Display Frame 1
371.5973 	EXP 	Display Frame 2
371.6306 	EXP 	Display Frame 3
371.6640 	EXP 	Display Frame 4
371.6972 	EXP 	Display Frame 5
371.7306 	EXP 	Display Frame 6
371.7640 	EXP 	Display Frame 7
371.7987 	EXP 	Display Frame 8
371.8306 	EXP 	Display Frame 9
371.8639 	EXP 	Display Frame 0
371.8973 	EXP 	Display Frame 1
371.9307 	EXP 	Display Frame 2
371.9640 	EXP 	Display Frame 3
371.9974 	EXP 	Display Frame 4
372.0306 	EXP 	Display Frame 5
372.0641 	EXP 	Display Frame 6
372.0973 	EXP 	Display Frame 7
372.1307 	EXP 	Display Frame 8
372.1640 	EXP 	Display Frame 9
372.1973 	EXP 	Display Frame 0
372.2306 	EXP 	Display Frame 1
372.2639 	EXP 	Display Frame 2
372.2973 	EXP 	Display Frame 3
372.3308 	EXP 	Display Frame 4
372.3640 	EXP 	Display Frame 5
372.3974 	EXP 	Display Frame 6
372.4306 	EXP 	Display Frame 7
372.4640 	EXP 	Display Frame 8
372.4973 	EXP 	Display Frame 9
372.5306 	EXP 	Display Frame 0
372.5640 	EXP 	Display Frame 1
372.5973 	EXP 	Display Frame 2
372.6307 	EXP 	Display Frame 3
372.6639 	EXP 	Display Frame 4
372.6973 	EXP 	Display Frame 5
372.7306 	EXP 	Display Frame 6
372.7639 	EXP 	Display Frame 7
372.7976 	EXP 	Display Frame 8
372.8309 	EXP 	Display Frame 9
372.8640 	EXP 	Display Frame 0
372.8973 	EXP 	Display Frame 1
372.9307 	EXP 	Display Frame 2
372.9640 	EXP 	Display Frame 3
372.9973 	EXP 	Display Frame 4
373.0306 	EXP 	Display Frame 5
373.0639 	EXP 	Display Frame 6
373.0975 	EXP 	Display Frame 7
373.1306 	EXP 	Display Frame 8
373.1640 	EXP 	Display Frame 9
373.1973 	EXP 	Display Frame 0
373.2307 	EXP 	Display Frame 1
373.2640 	EXP 	Display Frame 2
373.2973 	EXP 	Display Frame 3
373.3304 	DATA 	Keypress: equal
373.3319 	EXP 	Display Frame 4
373.3640 	EXP 	Display Frame 5
373.3973 	EXP 	Display Frame 6
373.4307 	EXP 	Display Frame 7
373.4640 	EXP 	Display Frame 8
373.4973 	EXP 	Display Frame 9
373.5306 	EXP 	Display Frame 0
373.5639 	EXP 	Display Frame 1
373.5973 	EXP 	Display Frame 2
373.6306 	EXP 	Display Frame 3
373.6640 	EXP 	Display Frame 4
373.6973 	EXP 	Display Frame 5
373.7306 	EXP 	Display Frame 6
373.7639 	EXP 	Display Frame 7
373.7973 	EXP 	Display Frame 8
373.8305 	EXP 	Display Frame 9
373.8640 	EXP 	Display Frame 0
373.8973 	EXP 	Display Frame 1
373.9307 	EXP 	Display Frame 2
373.9640 	EXP 	Display Frame 3
373.9973 	EXP 	Display Frame 4
374.0306 	EXP 	Display Frame 5
374.0640 	EXP 	Display Frame 6
374.0973 	EXP 	Display Frame 7
374.1306 	EXP 	Display Frame 8
374.1640 	EXP 	Display Frame 9
374.1973 	EXP 	Display Frame 0
374.2306 	EXP 	Display Frame 1
374.2641 	EXP 	Display Frame 2
374.2973 	EXP 	Display Frame 3
374.3306 	EXP 	Display Frame 4
374.3639 	EXP 	Display Frame 5
374.3974 	EXP 	Display Frame 6
374.4306 	EXP 	Display Frame 7
374.4641 	EXP 	Display Frame 8
374.4973 	EXP 	Display Frame 9
374.5306 	EXP 	Display Frame 0
374.5639 	EXP 	Display Frame 1
374.5973 	EXP 	Display Frame 2
374.6306 	EXP 	Display Frame 3
374.6640 	EXP 	Display Frame 4
374.6973 	EXP 	Display Frame 5
374.7306 	EXP 	Display Frame 6
374.7639 	EXP 	Display Frame 7
374.7973 	EXP 	Display Frame 8
374.8306 	EXP 	Display Frame 9
374.8639 	EXP 	Display Frame 0
374.8973 	EXP 	Display Frame 1
374.9306 	EXP 	Display Frame 2
374.9640 	EXP 	Display Frame 3
374.9973 	EXP 	Display Frame 4
375.0307 	EXP 	Display Frame 5
375.0639 	EXP 	Display Frame 6
375.0974 	EXP 	Display Frame 7
375.1306 	EXP 	Display Frame 8
375.1641 	EXP 	Display Frame 9
375.1973 	EXP 	Display Frame 0
375.2307 	EXP 	Display Frame 1
375.2639 	EXP 	Display Frame 2
375.2974 	EXP 	Display Frame 3
375.3306 	EXP 	Display Frame 4
375.3644 	EXP 	Display Frame 5
375.3973 	EXP 	Display Frame 6
375.4306 	EXP 	Display Frame 7
375.4640 	EXP 	Display Frame 8
375.4973 	EXP 	Display Frame 9
375.5306 	EXP 	Display Frame 0
375.5639 	EXP 	Display Frame 1
375.5972 	EXP 	Display Frame 2
375.6306 	EXP 	Display Frame 3
375.6639 	EXP 	Display Frame 4
375.6972 	EXP 	Display Frame 5
375.7306 	EXP 	Display Frame 6
375.7640 	EXP 	Display Frame 7
375.7973 	EXP 	Display Frame 8
375.8306 	EXP 	Display Frame 9
375.8638 	EXP 	Display Frame 0
375.8973 	EXP 	Display Frame 1
375.9306 	EXP 	Display Frame 2
375.9640 	EXP 	Display Frame 3
375.9973 	EXP 	Display Frame 4
376.0306 	EXP 	Display Frame 5
376.0640 	EXP 	Display Frame 6
376.0973 	EXP 	Display Frame 7
376.1308 	EXP 	Display Frame 8
376.1640 	EXP 	Display Frame 9
376.1975 	EXP 	Display Frame 0
376.2306 	EXP 	Display Frame 1
376.2641 	EXP 	Display Frame 2
376.2973 	EXP 	Display Frame 3
376.3307 	EXP 	Display Frame 4
376.3639 	EXP 	Display Frame 5
376.3973 	EXP 	Display Frame 6
376.4309 	EXP 	Display Frame 7
376.4640 	EXP 	Display Frame 8
376.4973 	EXP 	Display Frame 9
376.5306 	EXP 	Display Frame 0
376.5639 	EXP 	Display Frame 1
376.5973 	EXP 	Display Frame 2
376.6306 	EXP 	Display Frame 3
376.6640 	EXP 	Display Frame 4
376.6973 	EXP 	Display Frame 5
376.7306 	EXP 	Display Frame 6
376.7641 	EXP 	Display Frame 7
376.7973 	EXP 	Display Frame 8
376.8306 	EXP 	Display Frame 9
376.8639 	EXP 	Display Frame 0
376.8973 	EXP 	Display Frame 1
376.9306 	EXP 	Display Frame 2
376.9640 	EXP 	Display Frame 3
376.9973 	EXP 	Display Frame 4
377.0307 	EXP 	Display Frame 5
377.0640 	EXP 	Display Frame 6
377.0973 	EXP 	Display Frame 7
377.1306 	EXP 	Display Frame 8
377.1639 	EXP 	Display Frame 9
377.1973 	EXP 	Display Frame 0
377.2309 	EXP 	Display Frame 1
377.2642 	EXP 	Display Frame 2
377.2973 	EXP 	Display Frame 3
377.3307 	EXP 	Display Frame 4
377.3639 	EXP 	Display Frame 5
377.3978 	EXP 	Display Frame 6
377.4306 	EXP 	Display Frame 7
377.4640 	EXP 	Display Frame 8
377.4974 	EXP 	Display Frame 9
377.5306 	EXP 	Display Frame 0
377.5639 	EXP 	Display Frame 1
377.5973 	EXP 	Display Frame 2
377.6309 	EXP 	Display Frame 3
377.6640 	EXP 	Display Frame 4
377.6974 	EXP 	Display Frame 5
377.7306 	EXP 	Display Frame 6
377.7639 	EXP 	Display Frame 7
377.7973 	EXP 	Display Frame 8
377.8306 	EXP 	Display Frame 9
377.8640 	EXP 	Display Frame 0
377.8974 	EXP 	Display Frame 1
377.9306 	EXP 	Display Frame 2
377.9640 	EXP 	Display Frame 3
377.9973 	EXP 	Display Frame 4
378.0306 	EXP 	Display Frame 5
378.0640 	EXP 	Display Frame 6
378.0972 	EXP 	Display Frame 7
378.1306 	EXP 	Display Frame 8
378.1640 	EXP 	Display Frame 9
378.1973 	EXP 	Display Frame 0
378.2306 	EXP 	Display Frame 1
378.2640 	EXP 	Display Frame 2
378.2973 	EXP 	Display Frame 3
378.3308 	EXP 	Display Frame 4
378.3640 	EXP 	Display Frame 5
378.3973 	EXP 	Display Frame 6
378.4306 	EXP 	Display Frame 7
378.4640 	EXP 	Display Frame 8
378.4973 	EXP 	Display Frame 9
378.4982 	DATA 	Keypress: equal
378.5307 	EXP 	Display Frame 0
378.5639 	EXP 	Display Frame 1
378.5972 	EXP 	Display Frame 2
378.6306 	EXP 	Display Frame 3
378.6640 	EXP 	Display Frame 4
378.6973 	EXP 	Display Frame 5
378.7306 	EXP 	Display Frame 6
378.7639 	EXP 	Display Frame 7
378.7974 	EXP 	Display Frame 8
378.8306 	EXP 	Display Frame 9
378.8639 	EXP 	Display Frame 0
378.8972 	EXP 	Display Frame 1
378.9320 	EXP 	Display Frame 2
378.9640 	EXP 	Display Frame 3
378.9973 	EXP 	Display Frame 4
379.0307 	EXP 	Display Frame 5
379.0639 	EXP 	Display Frame 6
379.0973 	EXP 	Display Frame 7
379.1306 	EXP 	Display Frame 8
379.1640 	EXP 	Display Frame 9
379.1973 	EXP 	Display Frame 0
379.2307 	EXP 	Display Frame 1
379.2639 	EXP 	Display Frame 2
379.2973 	EXP 	Display Frame 3
379.3307 	EXP 	Display Frame 4
379.3641 	EXP 	Display Frame 5
379.3973 	EXP 	Display Frame 6
379.4319 	EXP 	Display Frame 7
379.4639 	EXP 	Display Frame 8
379.4973 	EXP 	Display Frame 9
379.5306 	EXP 	Display Frame 0
379.5639 	EXP 	Display Frame 1
379.5973 	EXP 	Display Frame 2
379.6308 	EXP 	Display Frame 3
379.6639 	EXP 	Display Frame 4
379.6973 	EXP 	Display Frame 5
379.7306 	EXP 	Display Frame 6
379.7639 	EXP 	Display Frame 7
379.7973 	EXP 	Display Frame 8
379.8306 	EXP 	Display Frame 9
379.8639 	EXP 	Display Frame 0
379.8973 	EXP 	Display Frame 1
379.9306 	EXP 	Display Frame 2
379.9640 	EXP 	Display Frame 3
379.9973 	EXP 	Display Frame 4
380.0306 	EXP 	Display Frame 5
380.0639 	EXP 	Display Frame 6
380.0973 	EXP 	Display Frame 7
380.1306 	EXP 	Display Frame 8
380.1640 	EXP 	Display Frame 9
380.1974 	EXP 	Display Frame 0
380.2306 	EXP 	Display Frame 1
380.2640 	EXP 	Display Frame 2
380.2973 	EXP 	Display Frame 3
380.3307 	EXP 	Display Frame 4
380.3640 	EXP 	Display Frame 5
380.3974 	EXP 	Display Frame 6
380.4306 	EXP 	Display Frame 7
380.4641 	EXP 	Display Frame 8
380.4973 	EXP 	Display Frame 9
380.5307 	EXP 	Display Frame 0
380.5639 	EXP 	Display Frame 1
380.5972 	EXP 	Display Frame 2
380.6306 	EXP 	Display Frame 3
380.6641 	EXP 	Display Frame 4
380.6973 	EXP 	Display Frame 5
380.7307 	EXP 	Display Frame 6
380.7640 	EXP 	Display Frame 7
380.7973 	EXP 	Display Frame 8
380.8309 	EXP 	Display Frame 9
380.8641 	EXP 	Display Frame 0
380.8973 	EXP 	Display Frame 1
380.9306 	EXP 	Display Frame 2
380.9640 	EXP 	Display Frame 3
380.9973 	EXP 	Display Frame 4
381.0306 	EXP 	Display Frame 5
381.0639 	EXP 	Display Frame 6
381.0973 	EXP 	Display Frame 7
381.1306 	EXP 	Display Frame 8
381.1640 	EXP 	Display Frame 9
381.1973 	EXP 	Display Frame 0
381.2306 	EXP 	Display Frame 1
381.2640 	EXP 	Display Frame 2
381.2973 	EXP 	Display Frame 3
381.3307 	EXP 	Display Frame 4
381.3639 	EXP 	Display Frame 5
381.3973 	EXP 	Display Frame 6
381.4307 	EXP 	Display Frame 7
381.4642 	EXP 	Display Frame 8
381.4973 	EXP 	Display Frame 9
381.5306 	EXP 	Display Frame 0
381.5639 	EXP 	Display Frame 1
381.5973 	EXP 	Display Frame 2
381.6308 	EXP 	Display Frame 3
381.6640 	EXP 	Display Frame 4
381.6972 	EXP 	Display Frame 5
381.7306 	EXP 	Display Frame 6
381.7641 	EXP 	Display Frame 7
381.7973 	EXP 	Display Frame 8
381.8308 	EXP 	Display Frame 9
381.8639 	EXP 	Display Frame 0
381.8973 	EXP 	Display Frame 1
381.9306 	EXP 	Display Frame 2
381.9640 	EXP 	Display Frame 3
381.9973 	EXP 	Display Frame 4
382.0306 	EXP 	Display Frame 5
382.0639 	EXP 	Display Frame 6
382.0973 	EXP 	Display Frame 7
382.1306 	EXP 	Display Frame 8
382.1639 	EXP 	Display Frame 9
382.1973 	EXP 	Display Frame 0
382.2308 	EXP 	Display Frame 1
382.2639 	EXP 	Display Frame 2
382.2973 	EXP 	Display Frame 3
382.3306 	EXP 	Display Frame 4
382.3640 	EXP 	Display Frame 5
382.3974 	EXP 	Display Frame 6
382.4306 	EXP 	Display Frame 7
382.4639 	EXP 	Display Frame 8
382.4973 	EXP 	Display Frame 9
382.5307 	EXP 	Display Frame 0
382.5639 	EXP 	Display Frame 1
382.5973 	EXP 	Display Frame 2
382.6307 	EXP 	Display Frame 3
382.6641 	EXP 	Display Frame 4
382.6972 	EXP 	Display Frame 5
382.7307 	EXP 	Display Frame 6
382.7640 	EXP 	Display Frame 7
382.7972 	EXP 	Display Frame 8
382.8306 	EXP 	Display Frame 9
382.8641 	EXP 	Display Frame 0
382.8972 	EXP 	Display Frame 1
382.9307 	EXP 	Display Frame 2
382.9639 	EXP 	Display Frame 3
382.9973 	EXP 	Display Frame 4
383.0306 	EXP 	Display Frame 5
383.0640 	EXP 	Display Frame 6
383.0973 	EXP 	Display Frame 7
383.1307 	EXP 	Display Frame 8
383.1640 	EXP 	Display Frame 9
383.1973 	EXP 	Display Frame 0
383.2306 	EXP 	Display Frame 1
383.2639 	EXP 	Display Frame 2
383.2975 	EXP 	Display Frame 3
383.3306 	EXP 	Display Frame 4
383.3639 	EXP 	Display Frame 5
383.3973 	EXP 	Display Frame 6
383.4306 	EXP 	Display Frame 7
383.4640 	EXP 	Display Frame 8
383.4972 	EXP 	Display Frame 9
383.5306 	EXP 	Display Frame 0
383.5639 	EXP 	Display Frame 1
383.5972 	EXP 	Display Frame 2
383.6307 	EXP 	Display Frame 3
383.6639 	EXP 	Display Frame 4
383.6971 	DATA 	Keypress: equal
383.6985 	EXP 	Display Frame 5
383.7123 	EXP 	Display Fixation
388.8844 	DATA 	Keypress: equal
394.0779 	DATA 	Keypress: equal
399.2715 	DATA 	Keypress: equal
404.4644 	DATA 	Keypress: equal
409.6582 	DATA 	Keypress: equal
414.8524 	DATA 	Keypress: equal
414.9021 	EXP 	Display Frame 1
414.9207 	EXP 	Display Frame 2
414.9539 	EXP 	Display Frame 3
414.9872 	EXP 	Display Frame 4
415.0207 	EXP 	Display Frame 5
415.0538 	EXP 	Display Frame 6
415.0872 	EXP 	Display Frame 7
415.1206 	EXP 	Display Frame 8
415.1539 	EXP 	Display Frame 9
415.1872 	EXP 	Display Frame 0
415.2205 	EXP 	Display Frame 1
415.2538 	EXP 	Display Frame 2
415.2872 	EXP 	Display Frame 3
415.3205 	EXP 	Display Frame 4
415.3538 	EXP 	Display Frame 5
415.3873 	EXP 	Display Frame 6
415.4205 	EXP 	Display Frame 7
415.4538 	EXP 	Display Frame 8
415.4871 	EXP 	Display Frame 9
415.5205 	EXP 	Display Frame 0
415.5539 	EXP 	Display Frame 1
415.5872 	EXP 	Display Frame 2
415.6205 	EXP 	Display Frame 3
415.6539 	EXP 	Display Frame 4
415.6872 	EXP 	Display Frame 5
415.7205 	EXP 	Display Frame 6
415.7538 	EXP 	Display Frame 7
415.7872 	EXP 	Display Frame 8
415.8205 	EXP 	Display Frame 9
415.8539 	EXP 	Display Frame 0
415.8872 	EXP 	Display Frame 1
415.9207 	EXP 	Display Frame 2
415.9539 	EXP 	Display Frame 3
415.9873 	EXP 	Display Frame 4
416.0205 	EXP 	Display Frame 5
416.0538 	EXP 	Display Frame 6
416.0872 	EXP 	Display Frame 7
416.1206 	EXP 	Display Frame 8
416.1539 	EXP 	Display Frame 9
416.1873 	EXP 	Display Frame 0
416.2205 	EXP 	Display Frame 1
416.2540 	EXP 	Display Frame 2
416.2872 	EXP 	Display Frame 3
416.3205 	EXP 	Display Frame 4
416.3540 	EXP 	Display Frame 5
416.3873 	EXP 	Display Frame 6
416.4205 	EXP 	Display Frame 7
416.4538 	EXP 	Display Frame 8
416.4872 	EXP 	Display Frame 9
416.5205 	EXP 	Display Frame 0
416.5538 	EXP 	Display Frame 1
416.5872 	EXP 	Display Frame 2
416.6205 	EXP 	Display Frame 3
416.6539 	EXP 	Display Frame 4
416.6872 	EXP 	Display Frame 5
416.7205 	EXP 	Display Frame 6
416.7540 	EXP 	Display Frame 7
416.7872 	EXP 	Display Frame 8
416.8205 	EXP 	Display Frame 9
416.8538 	EXP 	Display Frame 0
416.8872 	EXP 	Display Frame 1
416.9205 	EXP 	Display Frame 2
416.9538 	EXP 	Display Frame 3
416.9872 	EXP 	Display Frame 4
417.0206 	EXP 	Display Frame 5
417.0538 	EXP 	Display Frame 6
417.0873 	EXP 	Display Frame 7
417.1205 	EXP 	Display Frame 8
417.1538 	EXP 	Display Frame 9
417.1872 	EXP 	Display Frame 0
417.2205 	EXP 	Display Frame 1
417.2539 	EXP 	Display Frame 2
417.2873 	EXP 	Display Frame 3
417.3205 	EXP 	Display Frame 4
417.3538 	EXP 	Display Frame 5
417.3872 	EXP 	Display Frame 6
417.4207 	EXP 	Display Frame 7
417.4539 	EXP 	Display Frame 8
417.4872 	EXP 	Display Frame 9
417.5205 	EXP 	Display Frame 0
417.5539 	EXP 	Display Frame 1
417.5872 	EXP 	Display Frame 2
417.6205 	EXP 	Display Frame 3
417.6538 	EXP 	Display Frame 4
417.6871 	EXP 	Display Frame 5
417.7205 	EXP 	Display Frame 6
417.7538 	EXP 	Display Frame 7
417.7872 	EXP 	Display Frame 8
417.8205 	EXP 	Display Frame 9
417.8539 	EXP 	Display Frame 0
417.8872 	EXP 	Display Frame 1
417.9206 	EXP 	Display Frame 2
417.9539 	EXP 	Display Frame 3
417.9872 	EXP 	Display Frame 4
418.0205 	EXP 	Display Frame 5
418.0540 	EXP 	Display Frame 6
418.0872 	EXP 	Display Frame 7
418.1207 	EXP 	Display Frame 8
418.1538 	EXP 	Display Frame 9
418.1873 	EXP 	Display Frame 0
418.2205 	EXP 	Display Frame 1
418.2540 	EXP 	Display Frame 2
418.2872 	EXP 	Display Frame 3
418.3206 	EXP 	Display Frame 4
418.3538 	EXP 	Display Frame 5
418.3872 	EXP 	Display Frame 6
418.4205 	EXP 	Display Frame 7
418.4539 	EXP 	Display Frame 8
418.4872 	EXP 	Display Frame 9
418.5205 	EXP 	Display Frame 0
418.5538 	EXP 	Display Frame 1
418.5873 	EXP 	Display Frame 2
418.6205 	EXP 	Display Frame 3
418.6539 	EXP 	Display Frame 4
418.6872 	EXP 	Display Frame 5
418.7214 	EXP 	Display Frame 6
418.7538 	EXP 	Display Frame 7
418.7872 	EXP 	Display Frame 8
418.8205 	EXP 	Display Frame 9
418.8539 	EXP 	Display Frame 0
418.8872 	EXP 	Display Frame 1
418.9209 	EXP 	Display Frame 2
418.9539 	EXP 	Display Frame 3
418.9872 	EXP 	Display Frame 4
419.0205 	EXP 	Display Frame 5
419.0538 	EXP 	Display Frame 6
419.0876 	EXP 	Display Frame 7
419.1206 	EXP 	Display Frame 8
419.1538 	EXP 	Display Frame 9
419.1872 	EXP 	Display Frame 0
419.2205 	EXP 	Display Frame 1
419.2539 	EXP 	Display Frame 2
419.2871 	EXP 	Display Frame 3
419.3205 	EXP 	Display Frame 4
419.3538 	EXP 	Display Frame 5
419.3872 	EXP 	Display Frame 6
419.4207 	EXP 	Display Frame 7
419.4538 	EXP 	Display Frame 8
419.4873 	EXP 	Display Frame 9
419.5205 	EXP 	Display Frame 0
419.5539 	EXP 	Display Frame 1
419.5872 	EXP 	Display Frame 2
419.6205 	EXP 	Display Frame 3
419.6538 	EXP 	Display Frame 4
419.6872 	EXP 	Display Frame 5
419.7205 	EXP 	Display Frame 6
419.7539 	EXP 	Display Frame 7
419.7872 	EXP 	Display Frame 8
419.8205 	EXP 	Display Frame 9
419.8539 	EXP 	Display Frame 0
419.8872 	EXP 	Display Frame 1
419.9205 	EXP 	Display Frame 2
419.9538 	EXP 	Display Frame 3
419.9871 	EXP 	Display Frame 4
420.0206 	EXP 	Display Frame 5
420.0537 	DATA 	Keypress: equal
420.0551 	EXP 	Display Frame 6
420.0872 	EXP 	Display Frame 7
420.1206 	EXP 	Display Frame 8
420.1539 	EXP 	Display Frame 9
420.1871 	EXP 	Display Frame 0
420.2206 	EXP 	Display Frame 1
420.2539 	EXP 	Display Frame 2
420.2871 	EXP 	Display Frame 3
420.3206 	EXP 	Display Frame 4
420.3538 	EXP 	Display Frame 5
420.3872 	EXP 	Display Frame 6
420.4205 	EXP 	Display Frame 7
420.4539 	EXP 	Display Frame 8
420.4873 	EXP 	Display Frame 9
420.5206 	EXP 	Display Frame 0
420.5539 	EXP 	Display Frame 1
420.5873 	EXP 	Display Frame 2
420.6205 	EXP 	Display Frame 3
420.6539 	EXP 	Display Frame 4
420.6873 	EXP 	Display Frame 5
420.7205 	EXP 	Display Frame 6
420.7539 	EXP 	Display Frame 7
420.7872 	EXP 	Display Frame 8
420.8205 	EXP 	Display Frame 9
420.8538 	EXP 	Display Frame 0
420.8872 	EXP 	Display Frame 1
420.9205 	EXP 	Display Frame 2
420.9539 	EXP 	Display Frame 3
420.9872 	EXP 	Display Frame 4
421.0205 	EXP 	Display Frame 5
421.0539 	EXP 	Display Frame 6
421.0872 	EXP 	Display Frame 7
421.1226 	EXP 	Display Frame 8
421.1538 	EXP 	Display Frame 9
421.1872 	EXP 	Display Frame 0
421.2205 	EXP 	Display Frame 1
421.2540 	EXP 	Display Frame 2
421.2873 	EXP 	Display Frame 3
421.3205 	EXP 	Display Frame 4
421.3539 	EXP 	Display Frame 5
421.3872 	EXP 	Display Frame 6
421.4206 	EXP 	Display Frame 7
421.4539 	EXP 	Display Frame 8
421.4873 	EXP 	Display Frame 9
421.5205 	EXP 	Display Frame 0
421.5538 	EXP 	Display Frame 1
421.5872 	EXP 	Display Frame 2
421.6206 	EXP 	Display Frame 3
421.6538 	EXP 	Display Frame 4
421.6872 	EXP 	Display Frame 5
421.7205 	EXP 	Display Frame 6
421.7538 	EXP 	Display Frame 7
421.7872 	EXP 	Display Frame 8
421.8205 	EXP 	Display Frame 9
421.8538 	EXP 	Display Frame 0
421.8872 	EXP 	Display Frame 1
421.9205 	EXP 	Display Frame 2
421.9538 	EXP 	Display Frame 3
421.9873 	EXP 	Display Frame 4
422.0205 	EXP 	Display Frame 5
422.0539 	EXP 	Display Frame 6
422.0872 	EXP 	Display Frame 7
422.1205 	EXP 	Display Frame 8
422.1538 	EXP 	Display Frame 9
422.1873 	EXP 	Display Frame 0
422.2206 	EXP 	Display Frame 1
422.2540 	EXP 	Display Frame 2
422.2872 	EXP 	Display Frame 3
422.3207 	EXP 	Display Frame 4
422.3538 	EXP 	Display Frame 5
422.3872 	EXP 	Display Frame 6
422.4205 	EXP 	Display Frame 7
422.4540 	EXP 	Display Frame 8
422.4872 	EXP 	Display Frame 9
422.5206 	EXP 	Display Frame 0
422.5539 	EXP 	Display Frame 1
422.5872 	EXP 	Display Frame 2
422.6205 	EXP 	Display Frame 3
422.6538 	EXP 	Display Frame 4
422.6871 	EXP 	Display Frame 5
422.7205 	EXP 	Display Frame 6
422.7539 	EXP 	Display Frame 7
422.7872 	EXP 	Display Frame 8
422.8205 	EXP 	Display Frame 9
422.8538 	EXP 	Display Frame 0
422.8874 	EXP 	Display Frame 1
422.9205 	EXP 	Display Frame 2
422.9539 	EXP 	Display Frame 3
422.9872 	EXP 	Display Frame 4
423.0205 	EXP 	Display Frame 5
423.0539 	EXP 	Display Frame 6
423.0872 	EXP 	Display Frame 7
423.1205 	EXP 	Display Frame 8
423.1539 	EXP 	Display Frame 9
423.1874 	EXP 	Display Frame 0
423.2206 	EXP 	Display Frame 1
423.2539 	EXP 	Display Frame 2
423.2872 	EXP 	Display Frame 3
423.3205 	EXP 	Display Frame 4
423.3538 	EXP 	Display Frame 5
423.3872 	EXP 	Display Frame 6
423.4205 	EXP 	Display Frame 7
423.4538 	EXP 	Display Frame 8
423.4872 	EXP 	Display Frame 9
423.5205 	EXP 	Display Frame 0
423.5539 	EXP 	Display Frame 1
423.5872 	EXP 	Display Frame 2
423.6206 	EXP 	Display Frame 3
423.6538 	EXP 	Display Frame 4
423.6872 	EXP 	Display Frame 5
423.7205 	EXP 	Display Frame 6
423.7539 	EXP 	Display Frame 7
423.7872 	EXP 	Display Frame 8
423.8205 	EXP 	Display Frame 9
423.8538 	EXP 	Display Frame 0
423.8874 	EXP 	Display Frame 1
423.9205 	EXP 	Display Frame 2
423.9538 	EXP 	Display Frame 3
423.9872 	EXP 	Display Frame 4
424.0205 	EXP 	Display Frame 5
424.0538 	EXP 	Display Frame 6
424.0872 	EXP 	Display Frame 7
424.1206 	EXP 	Display Frame 8
424.1539 	EXP 	Display Frame 9
424.1872 	EXP 	Display Frame 0
424.2205 	EXP 	Display Frame 1
424.2540 	EXP 	Display Frame 2
424.2872 	EXP 	Display Frame 3
424.3206 	EXP 	Display Frame 4
424.3538 	EXP 	Display Frame 5
424.3872 	EXP 	Display Frame 6
424.4207 	EXP 	Display Frame 7
424.4539 	EXP 	Display Frame 8
424.4871 	EXP 	Display Frame 9
424.5205 	EXP 	Display Frame 0
424.5538 	EXP 	Display Frame 1
424.5873 	EXP 	Display Frame 2
424.6207 	EXP 	Display Frame 3
424.6540 	EXP 	Display Frame 4
424.6872 	EXP 	Display Frame 5
424.7206 	EXP 	Display Frame 6
424.7539 	EXP 	Display Frame 7
424.7872 	EXP 	Display Frame 8
424.8206 	EXP 	Display Frame 9
424.8538 	EXP 	Display Frame 0
424.8872 	EXP 	Display Frame 1
424.9205 	EXP 	Display Frame 2
424.9538 	EXP 	Display Frame 3
424.9871 	EXP 	Display Frame 4
425.0205 	EXP 	Display Frame 5
425.0538 	EXP 	Display Frame 6
425.0872 	EXP 	Display Frame 7
425.1205 	EXP 	Display Frame 8
425.1538 	EXP 	Display Frame 9
425.1871 	EXP 	Display Frame 0
425.2205 	EXP 	Display Frame 1
425.2536 	DATA 	Keypress: equal
425.2552 	EXP 	Display Frame 2
425.2873 	EXP 	Display Frame 3
425.3205 	EXP 	Display Frame 4
425.3539 	EXP 	Display Frame 5
425.3872 	EXP 	Display Frame 6
425.4205 	EXP 	Display Frame 7
425.4538 	EXP 	Display Frame 8
425.4872 	EXP 	Display Frame 9
425.5208 	EXP 	Display Frame 0
425.5538 	EXP 	Display Frame 1
425.5872 	EXP 	Display Frame 2
425.6205 	EXP 	Display Frame 3
425.6539 	EXP 	Display Frame 4
425.6875 	EXP 	Display Frame 5
425.7205 	EXP 	Display Frame 6
425.7540 	EXP 	Display Frame 7
425.7872 	EXP 	Display Frame 8
425.8205 	EXP 	Display Frame 9
425.8541 	EXP 	Display Frame 0
425.8872 	EXP 	Display Frame 1
425.9205 	EXP 	Display Frame 2
425.9539 	EXP 	Display Frame 3
425.9872 	EXP 	Display Frame 4
426.0205 	EXP 	Display Frame 5
426.0539 	EXP 	Display Frame 6
426.0872 	EXP 	Display Frame 7
426.1205 	EXP 	Display Frame 8
426.1538 	EXP 	Display Frame 9
426.1872 	EXP 	Display Frame 0
426.2205 	EXP 	Display Frame 1
426.2538 	EXP 	Display Frame 2
426.2872 	EXP 	Display Frame 3
426.3205 	EXP 	Display Frame 4
426.3538 	EXP 	Display Frame 5
426.3872 	EXP 	Display Frame 6
426.4205 	EXP 	Display Frame 7
426.4540 	EXP 	Display Frame 8
426.4872 	EXP 	Display Frame 9
426.5205 	EXP 	Display Frame 0
426.5538 	EXP 	Display Frame 1
426.5872 	EXP 	Display Frame 2
426.6205 	EXP 	Display Frame 3
426.6540 	EXP 	Display Frame 4
426.6872 	EXP 	Display Frame 5
426.7207 	EXP 	Display Frame 6
426.7538 	EXP 	Display Frame 7
426.7873 	EXP 	Display Frame 8
426.8205 	EXP 	Display Frame 9
426.8538 	EXP 	Display Frame 0
426.8872 	EXP 	Display Frame 1
426.9206 	EXP 	Display Frame 2
426.9538 	EXP 	Display Frame 3
426.9872 	EXP 	Display Frame 4
427.0205 	EXP 	Display Frame 5
427.0538 	EXP 	Display Frame 6
427.0872 	EXP 	Display Frame 7
427.1205 	EXP 	Display Frame 8
427.1538 	EXP 	Display Frame 9
427.1872 	EXP 	Display Frame 0
427.2205 	EXP 	Display Frame 1
427.2539 	EXP 	Display Frame 2
427.2872 	EXP 	Display Frame 3
427.3205 	EXP 	Display Frame 4
427.3538 	EXP 	Display Frame 5
427.3872 	EXP 	Display Frame 6
427.4206 	EXP 	Display Frame 7
427.4538 	EXP 	Display Frame 8
427.4872 	EXP 	Display Frame 9
427.5205 	EXP 	Display Frame 0
427.5540 	EXP 	Display Frame 1
427.5872 	EXP 	Display Frame 2
427.6206 	EXP 	Display Frame 3
427.6538 	EXP 	Display Frame 4
427.6872 	EXP 	Display Frame 5
427.7205 	EXP 	Display Frame 6
427.7542 	EXP 	Display Frame 7
427.7872 	EXP 	Display Frame 8
427.8206 	EXP 	Display Frame 9
427.8538 	EXP 	Display Frame 0
427.8873 	EXP 	Display Frame 1
427.9205 	EXP 	Display Frame 2
427.9540 	EXP 	Display Frame 3
427.9872 	EXP 	Display Frame 4
428.0205 	EXP 	Display Frame 5
428.0538 	EXP 	Display Frame 6
428.0873 	EXP 	Display Frame 7
428.1205 	EXP 	Display Frame 8
428.1538 	EXP 	Display Frame 9
428.1872 	EXP 	Display Frame 0
428.2205 	EXP 	Display Frame 1
428.2538 	EXP 	Display Frame 2
428.2872 	EXP 	Display Frame 3
428.3205 	EXP 	Display Frame 4
428.3539 	EXP 	Display Frame 5
428.3872 	EXP 	Display Frame 6
428.4206 	EXP 	Display Frame 7
428.4540 	EXP 	Display Frame 8
428.4872 	EXP 	Display Frame 9
428.5206 	EXP 	Display Frame 0
428.5539 	EXP 	Display Frame 1
428.5873 	EXP 	Display Frame 2
428.6205 	EXP 	Display Frame 3
428.6539 	EXP 	Display Frame 4
428.6872 	EXP 	Display Frame 5
428.7206 	EXP 	Display Frame 6
428.7539 	EXP 	Display Frame 7
428.7871 	EXP 	Display Frame 8
428.8205 	EXP 	Display Frame 9
428.8538 	EXP 	Display Frame 0
428.8872 	EXP 	Display Frame 1
428.9205 	EXP 	Display Frame 2
428.9538 	EXP 	Display Frame 3
428.9873 	EXP 	Display Frame 4
429.0206 	EXP 	Display Frame 5
429.0540 	EXP 	Display Frame 6
429.0872 	EXP 	Display Frame 7
429.1205 	EXP 	Display Frame 8
429.1538 	EXP 	Display Frame 9
429.1872 	EXP 	Display Frame 0
429.2205 	EXP 	Display Frame 1
429.2539 	EXP 	Display Frame 2
429.2872 	EXP 	Display Frame 3
429.3205 	EXP 	Display Frame 4
429.3538 	EXP 	Display Frame 5
429.3872 	EXP 	Display Frame 6
429.4205 	EXP 	Display Frame 7
429.4538 	EXP 	Display Frame 8
429.4872 	EXP 	Display Frame 9
429.5205 	EXP 	Display Frame 0
429.5539 	EXP 	Display Frame 1
429.5872 	EXP 	Display Frame 2
429.6205 	EXP 	Display Frame 3
429.6538 	EXP 	Display Frame 4
429.6872 	EXP 	Display Frame 5
429.7205 	EXP 	Display Frame 6
429.7541 	EXP 	Display Frame 7
429.7872 	EXP 	Display Frame 8
429.8205 	EXP 	Display Frame 9
429.8539 	EXP 	Display Frame 0
429.8873 	EXP 	Display Frame 1
429.9205 	EXP 	Display Frame 2
429.9540 	EXP 	Display Frame 3
429.9872 	EXP 	Display Frame 4
430.0205 	EXP 	Display Frame 5
430.0539 	EXP 	Display Frame 6
430.0873 	EXP 	Display Frame 7
430.1207 	EXP 	Display Frame 8
430.1539 	EXP 	Display Frame 9
430.1872 	EXP 	Display Frame 0
430.2205 	EXP 	Display Frame 1
430.2538 	EXP 	Display Frame 2
430.2873 	EXP 	Display Frame 3
430.3204 	EXP 	Display Frame 4
430.3538 	EXP 	Display Frame 5
430.3874 	EXP 	Display Frame 6
430.4205 	EXP 	Display Frame 7
430.4537 	DATA 	Keypress: equal
430.4551 	EXP 	Display Frame 8
430.4872 	EXP 	Display Frame 9
430.5205 	EXP 	Display Frame 0
430.5539 	EXP 	Display Frame 1
430.5872 	EXP 	Display Frame 2
430.6205 	EXP 	Display Frame 3
430.6540 	EXP 	Display Frame 4
430.6872 	EXP 	Display Frame 5
430.7206 	EXP 	Display Frame 6
430.7539 	EXP 	Display Frame 7
430.7873 	EXP 	Display Frame 8
430.8204 	EXP 	Display Frame 9
430.8538 	EXP 	Display Frame 0
430.8872 	EXP 	Display Frame 1
430.9207 	EXP 	Display Frame 2
430.9538 	EXP 	Display Frame 3
430.9872 	EXP 	Display Frame 4
431.0205 	EXP 	Display Frame 5
431.0539 	EXP 	Display Frame 6
431.0872 	EXP 	Display Frame 7
431.1206 	EXP 	Display Frame 8
431.1538 	EXP 	Display Frame 9
431.1872 	EXP 	Display Frame 0
431.2205 	EXP 	Display Frame 1
431.2538 	EXP 	Display Frame 2
431.2872 	EXP 	Display Frame 3
431.3205 	EXP 	Display Frame 4
431.3539 	EXP 	Display Frame 5
431.3872 	EXP 	Display Frame 6
431.4207 	EXP 	Display Frame 7
431.4539 	EXP 	Display Frame 8
431.4872 	EXP 	Display Frame 9
431.5205 	EXP 	Display Frame 0
431.5538 	EXP 	Display Frame 1
431.5872 	EXP 	Display Frame 2
431.6205 	EXP 	Display Frame 3
431.6538 	EXP 	Display Frame 4
431.6872 	EXP 	Display Frame 5
431.7205 	EXP 	Display Frame 6
431.7540 	EXP 	Display Frame 7
431.7872 	EXP 	Display Frame 8
431.8205 	EXP 	Display Frame 9
431.8558 	EXP 	Display Frame 0
431.8872 	EXP 	Display Frame 1
431.9205 	EXP 	Display Frame 2
431.9540 	EXP 	Display Frame 3
431.9871 	EXP 	Display Frame 4
432.0205 	EXP 	Display Frame 5
432.0539 	EXP 	Display Frame 6
432.0874 	EXP 	Display Frame 7
432.1205 	EXP 	Display Frame 8
432.1540 	EXP 	Display Frame 9
432.1872 	EXP 	Display Frame 0
432.2206 	EXP 	Display Frame 1
432.2539 	EXP 	Display Frame 2
432.2872 	EXP 	Display Frame 3
432.3205 	EXP 	Display Frame 4
432.3538 	EXP 	Display Frame 5
432.3872 	EXP 	Display Frame 6
432.4205 	EXP 	Display Frame 7
432.4538 	EXP 	Display Frame 8
432.4872 	EXP 	Display Frame 9
432.5205 	EXP 	Display Frame 0
432.5539 	EXP 	Display Frame 1
432.5873 	EXP 	Display Frame 2
432.6205 	EXP 	Display Frame 3
432.6538 	EXP 	Display Frame 4
432.6872 	EXP 	Display Frame 5
432.7206 	EXP 	Display Frame 6
432.7542 	EXP 	Display Frame 7
432.7872 	EXP 	Display Frame 8
432.8208 	EXP 	Display Frame 9
432.8542 	EXP 	Display Frame 0
432.8872 	EXP 	Display Frame 1
432.9205 	EXP 	Display Frame 2
432.9539 	EXP 	Display Frame 3
432.9872 	EXP 	Display Frame 4
433.0205 	EXP 	Display Frame 5
433.0538 	EXP 	Display Frame 6
433.0872 	EXP 	Display Frame 7
433.1206 	EXP 	Display Frame 8
433.1539 	EXP 	Display Frame 9
433.1874 	EXP 	Display Frame 0
433.2205 	EXP 	Display Frame 1
433.2540 	EXP 	Display Frame 2
433.2872 	EXP 	Display Frame 3
433.3205 	EXP 	Display Frame 4
433.3538 	EXP 	Display Frame 5
433.3873 	EXP 	Display Frame 6
433.4205 	EXP 	Display Frame 7
433.4538 	EXP 	Display Frame 8
433.4872 	EXP 	Display Frame 9
433.5205 	EXP 	Display Frame 0
433.5539 	EXP 	Display Frame 1
433.5872 	EXP 	Display Frame 2
433.6205 	EXP 	Display Frame 3
433.6539 	EXP 	Display Frame 4
433.6872 	EXP 	Display Frame 5
433.7205 	EXP 	Display Frame 6
433.7540 	EXP 	Display Frame 7
433.7872 	EXP 	Display Frame 8
433.8205 	EXP 	Display Frame 9
433.8538 	EXP 	Display Frame 0
433.8873 	EXP 	Display Frame 1
433.9205 	EXP 	Display Frame 2
433.9538 	EXP 	Display Frame 3
433.9872 	EXP 	Display Frame 4
434.0206 	EXP 	Display Frame 5
434.0539 	EXP 	Display Frame 6
434.0873 	EXP 	Display Frame 7
434.1206 	EXP 	Display Frame 8
434.1540 	EXP 	Display Frame 9
434.1872 	EXP 	Display Frame 0
434.2208 	EXP 	Display Frame 1
434.2539 	EXP 	Display Frame 2
434.2872 	EXP 	Display Frame 3
434.3205 	EXP 	Display Frame 4
434.3538 	EXP 	Display Frame 5
434.3873 	EXP 	Display Frame 6
434.4206 	EXP 	Display Frame 7
434.4538 	EXP 	Display Frame 8
434.4872 	EXP 	Display Frame 9
434.5205 	EXP 	Display Frame 0
434.5539 	EXP 	Display Frame 1
434.5872 	EXP 	Display Frame 2
434.6205 	EXP 	Display Frame 3
434.6538 	EXP 	Display Frame 4
434.6872 	EXP 	Display Frame 5
434.7205 	EXP 	Display Frame 6
434.7538 	EXP 	Display Frame 7
434.7872 	EXP 	Display Frame 8
434.8205 	EXP 	Display Frame 9
434.8538 	EXP 	Display Frame 0
434.8872 	EXP 	Display Frame 1
434.9206 	EXP 	Display Frame 2
434.9538 	EXP 	Display Frame 3
434.9873 	EXP 	Display Frame 4
435.0205 	EXP 	Display Frame 5
435.0539 	EXP 	Display Frame 6
435.0874 	EXP 	Display Frame 7
435.1205 	EXP 	Display Frame 8
435.1539 	EXP 	Display Frame 9
435.1873 	EXP 	Display Frame 0
435.2205 	EXP 	Display Frame 1
435.2540 	EXP 	Display Frame 2
435.2872 	EXP 	Display Frame 3
435.3205 	EXP 	Display Frame 4
435.3538 	EXP 	Display Frame 5
435.3872 	EXP 	Display Frame 6
435.4206 	EXP 	Display Frame 7
435.4540 	EXP 	Display Frame 8
435.4872 	EXP 	Display Frame 9
435.5205 	EXP 	Display Frame 0
435.5539 	EXP 	Display Frame 1
435.5873 	EXP 	Display Frame 2
435.6205 	EXP 	Display Frame 3
435.6537 	DATA 	Keypress: equal
435.6551 	EXP 	Display Frame 4
435.6872 	EXP 	Display Frame 5
435.7205 	EXP 	Display Frame 6
435.7539 	EXP 	Display Frame 7
435.7872 	EXP 	Display Frame 8
435.8205 	EXP 	Display Frame 9
435.8538 	EXP 	Display Frame 0
435.8872 	EXP 	Display Frame 1
435.9205 	EXP 	Display Frame 2
435.9539 	EXP 	Display Frame 3
435.9872 	EXP 	Display Frame 4
436.0206 	EXP 	Display Frame 5
436.0538 	EXP 	Display Frame 6
436.0873 	EXP 	Display Frame 7
436.1205 	EXP 	Display Frame 8
436.1539 	EXP 	Display Frame 9
436.1872 	EXP 	Display Frame 0
436.2206 	EXP 	Display Frame 1
436.2538 	EXP 	Display Frame 2
436.2872 	EXP 	Display Frame 3
436.3205 	EXP 	Display Frame 4
436.3541 	EXP 	Display Frame 5
436.3872 	EXP 	Display Frame 6
436.4205 	EXP 	Display Frame 7
436.4538 	EXP 	Display Frame 8
436.4871 	EXP 	Display Frame 9
436.5205 	EXP 	Display Frame 0
436.5540 	EXP 	Display Frame 1
436.5872 	EXP 	Display Frame 2
436.6205 	EXP 	Display Frame 3
436.6538 	EXP 	Display Frame 4
436.6872 	EXP 	Display Frame 5
436.7205 	EXP 	Display Frame 6
436.7538 	EXP 	Display Frame 7
436.7872 	EXP 	Display Frame 8
436.8205 	EXP 	Display Frame 9
436.8538 	EXP 	Display Frame 0
436.8872 	EXP 	Display Frame 1
436.9206 	EXP 	Display Frame 2
436.9538 	EXP 	Display Frame 3
436.9872 	EXP 	Display Frame 4
437.0205 	EXP 	Display Frame 5
437.0538 	EXP 	Display Frame 6
437.0872 	EXP 	Display Frame 7
437.1205 	EXP 	Display Frame 8
437.1539 	EXP 	Display Frame 9
437.1872 	EXP 	Display Frame 0
437.2205 	EXP 	Display Frame 1
437.2539 	EXP 	Display Frame 2
437.2872 	EXP 	Display Frame 3
437.3207 	EXP 	Display Frame 4
437.3539 	EXP 	Display Frame 5
437.3873 	EXP 	Display Frame 6
437.4205 	EXP 	Display Frame 7
437.4539 	EXP 	Display Frame 8
437.4871 	EXP 	Display Frame 9
437.5205 	EXP 	Display Frame 0
437.5538 	EXP 	Display Frame 1
437.5873 	EXP 	Display Frame 2
437.6205 	EXP 	Display Frame 3
437.6539 	EXP 	Display Frame 4
437.6872 	EXP 	Display Frame 5
437.7205 	EXP 	Display Frame 6
437.7540 	EXP 	Display Frame 7
437.7872 	EXP 	Display Frame 8
437.8205 	EXP 	Display Frame 9
437.8538 	EXP 	Display Frame 0
437.8872 	EXP 	Display Frame 1
437.9205 	EXP 	Display Frame 2
437.9539 	EXP 	Display Frame 3
437.9872 	EXP 	Display Frame 4
438.0205 	EXP 	Display Frame 5
438.0538 	EXP 	Display Frame 6
438.0872 	EXP 	Display Frame 7
438.1205 	EXP 	Display Frame 8
438.1539 	EXP 	Display Frame 9
438.1872 	EXP 	Display Frame 0
438.2205 	EXP 	Display Frame 1
438.2539 	EXP 	Display Frame 2
438.2872 	EXP 	Display Frame 3
438.3205 	EXP 	Display Frame 4
438.3538 	EXP 	Display Frame 5
438.3872 	EXP 	Display Frame 6
438.4207 	EXP 	Display Frame 7
438.4538 	EXP 	Display Frame 8
438.4873 	EXP 	Display Frame 9
438.5205 	EXP 	Display Frame 0
438.5539 	EXP 	Display Frame 1
438.5872 	EXP 	Display Frame 2
438.6206 	EXP 	Display Frame 3
438.6538 	EXP 	Display Frame 4
438.6871 	EXP 	Display Frame 5
438.7207 	EXP 	Display Frame 6
438.7539 	EXP 	Display Frame 7
438.7872 	EXP 	Display Frame 8
438.8205 	EXP 	Display Frame 9
438.8558 	EXP 	Display Frame 0
438.8872 	EXP 	Display Frame 1
438.9206 	EXP 	Display Frame 2
438.9538 	EXP 	Display Frame 3
438.9871 	EXP 	Display Frame 4
439.0205 	EXP 	Display Frame 5
439.0539 	EXP 	Display Frame 6
439.0871 	EXP 	Display Frame 7
439.1205 	EXP 	Display Frame 8
439.1538 	EXP 	Display Frame 9
439.1872 	EXP 	Display Frame 0
439.2206 	EXP 	Display Frame 1
439.2539 	EXP 	Display Frame 2
439.2872 	EXP 	Display Frame 3
439.3206 	EXP 	Display Frame 4
439.3538 	EXP 	Display Frame 5
439.3873 	EXP 	Display Frame 6
439.4206 	EXP 	Display Frame 7
439.4541 	EXP 	Display Frame 8
439.4872 	EXP 	Display Frame 9
439.5205 	EXP 	Display Frame 0
439.5538 	EXP 	Display Frame 1
439.5873 	EXP 	Display Frame 2
439.6205 	EXP 	Display Frame 3
439.6538 	EXP 	Display Frame 4
439.6875 	EXP 	Display Frame 5
439.7207 	EXP 	Display Frame 6
439.7539 	EXP 	Display Frame 7
439.7872 	EXP 	Display Frame 8
439.8205 	EXP 	Display Frame 9
439.8555 	EXP 	Display Frame 0
439.8872 	EXP 	Display Frame 1
439.9205 	EXP 	Display Frame 2
439.9538 	EXP 	Display Frame 3
439.9872 	EXP 	Display Frame 4
440.0205 	EXP 	Display Frame 5
440.0538 	EXP 	Display Frame 6
440.0872 	EXP 	Display Frame 7
440.1205 	EXP 	Display Frame 8
440.1539 	EXP 	Display Frame 9
440.1872 	EXP 	Display Frame 0
440.2205 	EXP 	Display Frame 1
440.2538 	EXP 	Display Frame 2
440.2873 	EXP 	Display Frame 3
440.3205 	EXP 	Display Frame 4
440.3538 	EXP 	Display Frame 5
440.3872 	EXP 	Display Frame 6
440.4207 	EXP 	Display Frame 7
440.4538 	EXP 	Display Frame 8
440.4871 	EXP 	Display Frame 9
440.5205 	EXP 	Display Frame 0
440.5539 	EXP 	Display Frame 1
440.5872 	EXP 	Display Frame 2
440.6205 	EXP 	Display Frame 3
440.6538 	EXP 	Display Frame 4
440.6872 	EXP 	Display Frame 5
440.7207 	EXP 	Display Frame 6
440.7539 	EXP 	Display Frame 7
440.7871 	EXP 	Display Frame 8
440.8204 	DATA 	Keypress: equal
440.8232 	EXP 	Display Frame 9
440.8538 	EXP 	Display Frame 0
440.8872 	EXP 	Display Frame 1
440.9205 	EXP 	Display Frame 2
440.9538 	EXP 	Display Frame 3
440.9872 	EXP 	Display Frame 4
441.0205 	EXP 	Display Frame 5
441.0538 	EXP 	Display Frame 6
441.0872 	EXP 	Display Frame 7
441.1205 	EXP 	Display Frame 8
441.1538 	EXP 	Display Frame 9
441.1873 	EXP 	Display Frame 0
441.2205 	EXP 	Display Frame 1
441.2539 	EXP 	Display Frame 2
441.2872 	EXP 	Display Frame 3
441.3206 	EXP 	Display Frame 4
441.3538 	EXP 	Display Frame 5
441.3872 	EXP 	Display Frame 6
441.4205 	EXP 	Display Frame 7
441.4538 	EXP 	Display Frame 8
441.4871 	EXP 	Display Frame 9
441.5205 	EXP 	Display Frame 0
441.5538 	EXP 	Display Frame 1
441.5872 	EXP 	Display Frame 2
441.6205 	EXP 	Display Frame 3
441.6538 	EXP 	Display Frame 4
441.6872 	EXP 	Display Frame 5
441.7205 	EXP 	Display Frame 6
441.7538 	EXP 	Display Frame 7
441.7872 	EXP 	Display Frame 8
441.8205 	EXP 	Display Frame 9
441.8538 	EXP 	Display Frame 0
441.8871 	EXP 	Display Frame 1
441.9205 	EXP 	Display Frame 2
441.9538 	EXP 	Display Frame 3
441.9871 	EXP 	Display Frame 4
442.0205 	EXP 	Display Frame 5
442.0539 	EXP 	Display Frame 6
442.0872 	EXP 	Display Frame 7
442.1205 	EXP 	Display Frame 8
442.1538 	EXP 	Display Frame 9
442.1872 	EXP 	Display Frame 0
442.2205 	EXP 	Display Frame 1
442.2538 	EXP 	Display Frame 2
442.2873 	EXP 	Display Frame 3
442.3205 	EXP 	Display Frame 4
442.3539 	EXP 	Display Frame 5
442.3872 	EXP 	Display Frame 6
442.4206 	EXP 	Display Frame 7
442.4538 	EXP 	Display Frame 8
442.4872 	EXP 	Display Frame 9
442.5204 	EXP 	Display Frame 0
442.5539 	EXP 	Display Frame 1
442.5872 	EXP 	Display Frame 2
442.6205 	EXP 	Display Frame 3
442.6538 	EXP 	Display Frame 4
442.6871 	EXP 	Display Frame 5
442.7205 	EXP 	Display Frame 6
442.7538 	EXP 	Display Frame 7
442.7871 	EXP 	Display Frame 8
442.8205 	EXP 	Display Frame 9
442.8538 	EXP 	Display Frame 0
442.8871 	EXP 	Display Frame 1
442.9205 	EXP 	Display Frame 2
442.9538 	EXP 	Display Frame 3
442.9872 	EXP 	Display Frame 4
443.0205 	EXP 	Display Frame 5
443.0539 	EXP 	Display Frame 6
443.0872 	EXP 	Display Frame 7
443.1205 	EXP 	Display Frame 8
443.1539 	EXP 	Display Frame 9
443.1872 	EXP 	Display Frame 0
443.2205 	EXP 	Display Frame 1
443.2539 	EXP 	Display Frame 2
443.2872 	EXP 	Display Frame 3
443.3205 	EXP 	Display Frame 4
443.3539 	EXP 	Display Frame 5
443.3872 	EXP 	Display Frame 6
443.4206 	EXP 	Display Frame 7
443.4539 	EXP 	Display Frame 8
443.4872 	EXP 	Display Frame 9
443.5205 	EXP 	Display Frame 0
443.5539 	EXP 	Display Frame 1
443.5872 	EXP 	Display Frame 2
443.6205 	EXP 	Display Frame 3
443.6540 	EXP 	Display Frame 4
443.6872 	EXP 	Display Frame 5
443.7205 	EXP 	Display Frame 6
443.7539 	EXP 	Display Frame 7
443.7872 	EXP 	Display Frame 8
443.8206 	EXP 	Display Frame 9
443.8539 	EXP 	Display Frame 0
443.8872 	EXP 	Display Frame 1
443.9207 	EXP 	Display Frame 2
443.9538 	EXP 	Display Frame 3
443.9874 	EXP 	Display Frame 4
444.0205 	EXP 	Display Frame 5
444.0538 	EXP 	Display Frame 6
444.0872 	EXP 	Display Frame 7
444.1206 	EXP 	Display Frame 8
444.1538 	EXP 	Display Frame 9
444.1872 	EXP 	Display Frame 0
444.2205 	EXP 	Display Frame 1
444.2538 	EXP 	Display Frame 2
444.2872 	EXP 	Display Frame 3
444.3205 	EXP 	Display Frame 4
444.3540 	EXP 	Display Frame 5
444.3872 	EXP 	Display Frame 6
444.4205 	EXP 	Display Frame 7
444.4539 	EXP 	Display Frame 8
444.4872 	EXP 	Display Frame 9
444.5205 	EXP 	Display Frame 0
444.5539 	EXP 	Display Frame 1
444.5872 	EXP 	Display Frame 2
444.6206 	EXP 	Display Frame 3
444.6538 	EXP 	Display Frame 4
444.6873 	EXP 	Display Frame 5
444.7205 	EXP 	Display Frame 6
444.7540 	EXP 	Display Frame 7
444.7872 	EXP 	Display Frame 8
444.8206 	EXP 	Display Frame 9
444.8539 	EXP 	Display Frame 0
444.8885 	EXP 	Display Frame 1
444.9205 	EXP 	Display Frame 2
444.9538 	EXP 	Display Frame 3
444.9872 	EXP 	Display Frame 4
445.0207 	EXP 	Display Frame 5
445.0538 	EXP 	Display Frame 6
445.0873 	EXP 	Display Frame 7
445.1206 	EXP 	Display Frame 8
445.1538 	EXP 	Display Frame 9
445.1872 	EXP 	Display Frame 0
445.2206 	EXP 	Display Frame 1
445.2538 	EXP 	Display Frame 2
445.2872 	EXP 	Display Frame 3
445.3205 	EXP 	Display Frame 4
445.3538 	EXP 	Display Frame 5
445.3872 	EXP 	Display Frame 6
445.4205 	EXP 	Display Frame 7
445.4539 	EXP 	Display Frame 8
445.4872 	EXP 	Display Frame 9
445.5205 	EXP 	Display Frame 0
445.5538 	EXP 	Display Frame 1
445.5874 	EXP 	Display Frame 2
445.6205 	EXP 	Display Frame 3
445.6539 	EXP 	Display Frame 4
445.6872 	EXP 	Display Frame 5
445.7205 	EXP 	Display Frame 6
445.7540 	EXP 	Display Frame 7
445.7872 	EXP 	Display Frame 8
445.8205 	EXP 	Display Frame 9
445.8539 	EXP 	Display Frame 0
445.8872 	EXP 	Display Frame 1
445.9207 	EXP 	Display Frame 2
445.9539 	EXP 	Display Frame 3
445.9873 	EXP 	Display Frame 4
446.0203 	DATA 	Keypress: equal
446.0218 	EXP 	Display Frame 5
446.0292 	EXP 	Display Fixation
451.2079 	DATA 	Keypress: equal
456.4009 	DATA 	Keypress: equal
461.5946 	DATA 	Keypress: equal
466.7877 	DATA 	Keypress: equal
471.9817 	DATA 	Keypress: equal
477.1749 	DATA 	Keypress: equal
477.2123 	EXP 	Display Frame 1
477.2434 	EXP 	Display Frame 2
477.2766 	EXP 	Display Frame 3
477.3099 	EXP 	Display Frame 4
477.3432 	EXP 	Display Frame 5
477.3765 	EXP 	Display Frame 6
477.4098 	EXP 	Display Frame 7
477.4432 	EXP 	Display Frame 8
477.4765 	EXP 	Display Frame 9
477.5099 	EXP 	Display Frame 0
477.5431 	EXP 	Display Frame 1
477.5764 	EXP 	Display Frame 2
477.6097 	EXP 	Display Frame 3
477.6431 	EXP 	Display Frame 4
477.6764 	EXP 	Display Frame 5
477.7097 	EXP 	Display Frame 6
477.7433 	EXP 	Display Frame 7
477.7764 	EXP 	Display Frame 8
477.8097 	EXP 	Display Frame 9
477.8431 	EXP 	Display Frame 0
477.8764 	EXP 	Display Frame 1
477.9098 	EXP 	Display Frame 2
477.9430 	EXP 	Display Frame 3
477.9764 	EXP 	Display Frame 4
478.0098 	EXP 	Display Frame 5
478.0431 	EXP 	Display Frame 6
478.0765 	EXP 	Display Frame 7
478.1097 	EXP 	Display Frame 8
478.1430 	EXP 	Display Frame 9
478.1765 	EXP 	Display Frame 0
478.2098 	EXP 	Display Frame 1
478.2431 	EXP 	Display Frame 2
478.2764 	EXP 	Display Frame 3
478.3098 	EXP 	Display Frame 4
478.3431 	EXP 	Display Frame 5
478.3765 	EXP 	Display Frame 6
478.4098 	EXP 	Display Frame 7
478.4430 	EXP 	Display Frame 8
478.4764 	EXP 	Display Frame 9
478.5097 	EXP 	Display Frame 0
478.5431 	EXP 	Display Frame 1
478.5764 	EXP 	Display Frame 2
478.6097 	EXP 	Display Frame 3
478.6450 	EXP 	Display Frame 4
478.6765 	EXP 	Display Frame 5
478.7097 	EXP 	Display Frame 6
478.7431 	EXP 	Display Frame 7
478.7764 	EXP 	Display Frame 8
478.8098 	EXP 	Display Frame 9
478.8431 	EXP 	Display Frame 0
478.8764 	EXP 	Display Frame 1
478.9097 	EXP 	Display Frame 2
478.9431 	EXP 	Display Frame 3
478.9765 	EXP 	Display Frame 4
479.0097 	EXP 	Display Frame 5
479.0431 	EXP 	Display Frame 6
479.0764 	EXP 	Display Frame 7
479.1097 	EXP 	Display Frame 8
479.1431 	EXP 	Display Frame 9
479.1764 	EXP 	Display Frame 0
479.2098 	EXP 	Display Frame 1
479.2431 	EXP 	Display Frame 2
479.2764 	EXP 	Display Frame 3
479.3099 	EXP 	Display Frame 4
479.3431 	EXP 	Display Frame 5
479.3765 	EXP 	Display Frame 6
479.4097 	EXP 	Display Frame 7
479.4433 	EXP 	Display Frame 8
479.4764 	EXP 	Display Frame 9
479.5097 	EXP 	Display Frame 0
479.5431 	EXP 	Display Frame 1
479.5764 	EXP 	Display Frame 2
479.6097 	EXP 	Display Frame 3
479.6431 	EXP 	Display Frame 4
479.6764 	EXP 	Display Frame 5
479.7097 	EXP 	Display Frame 6
479.7431 	EXP 	Display Frame 7
479.7764 	EXP 	Display Frame 8
479.8097 	EXP 	Display Frame 9
479.8431 	EXP 	Display Frame 0
479.8764 	EXP 	Display Frame 1
479.9098 	EXP 	Display Frame 2
479.9431 	EXP 	Display Frame 3
479.9764 	EXP 	Display Frame 4
480.0098 	EXP 	Display Frame 5
480.0431 	EXP 	Display Frame 6
480.0765 	EXP 	Display Frame 7
480.1117 	EXP 	Display Frame 8
480.1430 	EXP 	Display Frame 9
480.1763 	EXP 	Display Frame 0
480.2097 	EXP 	Display Frame 1
480.2431 	EXP 	Display Frame 2
480.2764 	EXP 	Display Frame 3
480.3098 	EXP 	Display Frame 4
480.3431 	EXP 	Display Frame 5
480.3765 	EXP 	Display Frame 6
480.4098 	EXP 	Display Frame 7
480.4431 	EXP 	Display Frame 8
480.4765 	EXP 	Display Frame 9
480.5097 	EXP 	Display Frame 0
480.5434 	EXP 	Display Frame 1
480.5764 	EXP 	Display Frame 2
480.6097 	EXP 	Display Frame 3
480.6431 	EXP 	Display Frame 4
480.6763 	EXP 	Display Frame 5
480.7097 	EXP 	Display Frame 6
480.7431 	EXP 	Display Frame 7
480.7764 	EXP 	Display Frame 8
480.8097 	EXP 	Display Frame 9
480.8431 	EXP 	Display Frame 0
480.8764 	EXP 	Display Frame 1
480.9097 	EXP 	Display Frame 2
480.9431 	EXP 	Display Frame 3
480.9765 	EXP 	Display Frame 4
481.0097 	EXP 	Display Frame 5
481.0431 	EXP 	Display Frame 6
481.0764 	EXP 	Display Frame 7
481.1098 	EXP 	Display Frame 8
481.1431 	EXP 	Display Frame 9
481.1764 	EXP 	Display Frame 0
481.2098 	EXP 	Display Frame 1
481.2434 	EXP 	Display Frame 2
481.2764 	EXP 	Display Frame 3
481.3098 	EXP 	Display Frame 4
481.3431 	EXP 	Display Frame 5
481.3765 	EXP 	Display Frame 6
481.4098 	EXP 	Display Frame 7
481.4432 	EXP 	Display Frame 8
481.4764 	EXP 	Display Frame 9
481.5100 	EXP 	Display Frame 0
481.5431 	EXP 	Display Frame 1
481.5764 	EXP 	Display Frame 2
481.6097 	EXP 	Display Frame 3
481.6434 	EXP 	Display Frame 4
481.6764 	EXP 	Display Frame 5
481.7097 	EXP 	Display Frame 6
481.7431 	EXP 	Display Frame 7
481.7765 	EXP 	Display Frame 8
481.8097 	EXP 	Display Frame 9
481.8431 	EXP 	Display Frame 0
481.8764 	EXP 	Display Frame 1
481.9097 	EXP 	Display Frame 2
481.9431 	EXP 	Display Frame 3
481.9765 	EXP 	Display Frame 4
482.0098 	EXP 	Display Frame 5
482.0431 	EXP 	Display Frame 6
482.0764 	EXP 	Display Frame 7
482.1118 	EXP 	Display Frame 8
482.1431 	EXP 	Display Frame 9
482.1765 	EXP 	Display Frame 0
482.2113 	EXP 	Display Frame 1
482.2431 	EXP 	Display Frame 2
482.2764 	EXP 	Display Frame 3
482.3098 	EXP 	Display Frame 4
482.3431 	EXP 	Display Frame 5
482.3763 	DATA 	Keypress: equal
482.3780 	EXP 	Display Frame 6
482.4097 	EXP 	Display Frame 7
482.4431 	EXP 	Display Frame 8
482.4765 	EXP 	Display Frame 9
482.5097 	EXP 	Display Frame 0
482.5431 	EXP 	Display Frame 1
482.5764 	EXP 	Display Frame 2
482.6097 	EXP 	Display Frame 3
482.6430 	EXP 	Display Frame 4
482.6764 	EXP 	Display Frame 5
482.7097 	EXP 	Display Frame 6
482.7432 	EXP 	Display Frame 7
482.7764 	EXP 	Display Frame 8
482.8097 	EXP 	Display Frame 9
482.8431 	EXP 	Display Frame 0
482.8764 	EXP 	Display Frame 1
482.9097 	EXP 	Display Frame 2
482.9431 	EXP 	Display Frame 3
482.9764 	EXP 	Display Frame 4
483.0098 	EXP 	Display Frame 5
483.0431 	EXP 	Display Frame 6
483.0766 	EXP 	Display Frame 7
483.1098 	EXP 	Display Frame 8
483.1431 	EXP 	Display Frame 9
483.1765 	EXP 	Display Frame 0
483.2098 	EXP 	Display Frame 1
483.2431 	EXP 	Display Frame 2
483.2764 	EXP 	Display Frame 3
483.3098 	EXP 	Display Frame 4
483.3431 	EXP 	Display Frame 5
483.3765 	EXP 	Display Frame 6
483.4097 	EXP 	Display Frame 7
483.4433 	EXP 	Display Frame 8
483.4764 	EXP 	Display Frame 9
483.5099 	EXP 	Display Frame 0
483.5431 	EXP 	Display Frame 1
483.5766 	EXP 	Display Frame 2
483.6097 	EXP 	Display Frame 3
483.6432 	EXP 	Display Frame 4
483.6765 	EXP 	Display Frame 5
483.7098 	EXP 	Display Frame 6
483.7430 	EXP 	Display Frame 7
483.7764 	EXP 	Display Frame 8
483.8097 	EXP 	Display Frame 9
483.8432 	EXP 	Display Frame 0
483.8764 	EXP 	Display Frame 1
483.9099 	EXP 	Display Frame 2
483.9431 	EXP 	Display Frame 3
483.9764 	EXP 	Display Frame 4
484.0097 	EXP 	Display Frame 5
484.0431 	EXP 	Display Frame 6
484.0764 	EXP 	Display Frame 7
484.1097 	EXP 	Display Frame 8
484.1431 	EXP 	Display Frame 9
484.1764 	EXP 	Display Frame 0
484.2097 	EXP 	Display Frame 1
484.2450 	EXP 	Display Frame 2
484.2764 	EXP 	Display Frame 3
484.3098 	EXP 	Display Frame 4
484.3431 	EXP 	Display Frame 5
484.3765 	EXP 	Display Frame 6
484.4098 	EXP 	Display Frame 7
484.4431 	EXP 	Display Frame 8
484.4764 	EXP 	Display Frame 9
484.5098 	EXP 	Display Frame 0
484.5432 	EXP 	Display Frame 1
484.5764 	EXP 	Display Frame 2
484.6098 	EXP 	Display Frame 3
484.6431 	EXP 	Display Frame 4
484.6765 	EXP 	Display Frame 5
484.7097 	EXP 	Display Frame 6
484.7433 	EXP 	Display Frame 7
484.7764 	EXP 	Display Frame 8
484.8097 	EXP 	Display Frame 9
484.8431 	EXP 	Display Frame 0
484.8766 	EXP 	Display Frame 1
484.9098 	EXP 	Display Frame 2
484.9430 	EXP 	Display Frame 3
484.9764 	EXP 	Display Frame 4
485.0099 	EXP 	Display Frame 5
485.0431 	EXP 	Display Frame 6
485.0764 	EXP 	Display Frame 7
485.1098 	EXP 	Display Frame 8
485.1431 	EXP 	Display Frame 9
485.1764 	EXP 	Display Frame 0
485.2098 	EXP 	Display Frame 1
485.2431 	EXP 	Display Frame 2
485.2764 	EXP 	Display Frame 3
485.3098 	EXP 	Display Frame 4
485.3431 	EXP 	Display Frame 5
485.3764 	EXP 	Display Frame 6
485.4098 	EXP 	Display Frame 7
485.4431 	EXP 	Display Frame 8
485.4764 	EXP 	Display Frame 9
485.5097 	EXP 	Display Frame 0
485.5431 	EXP 	Display Frame 1
485.5764 	EXP 	Display Frame 2
485.6097 	EXP 	Display Frame 3
485.6432 	EXP 	Display Frame 4
485.6764 	EXP 	Display Frame 5
485.7099 	EXP 	Display Frame 6
485.7431 	EXP 	Display Frame 7
485.7763 	EXP 	Display Frame 8
485.8099 	EXP 	Display Frame 9
485.8434 	EXP 	Display Frame 0
485.8765 	EXP 	Display Frame 1
485.9099 	EXP 	Display Frame 2
485.9431 	EXP 	Display Frame 3
485.9765 	EXP 	Display Frame 4
486.0098 	EXP 	Display Frame 5
486.0432 	EXP 	Display Frame 6
486.0764 	EXP 	Display Frame 7
486.1097 	EXP 	Display Frame 8
486.1431 	EXP 	Display Frame 9
486.1765 	EXP 	Display Frame 0
486.2098 	EXP 	Display Frame 1
486.2432 	EXP 	Display Frame 2
486.2786 	EXP 	Display Frame 3
486.3098 	EXP 	Display Frame 4
486.3431 	EXP 	Display Frame 5
486.3764 	EXP 	Display Frame 6
486.4097 	EXP 	Display Frame 7
486.4431 	EXP 	Display Frame 8
486.4764 	EXP 	Display Frame 9
486.5097 	EXP 	Display Frame 0
486.5431 	EXP 	Display Frame 1
486.5764 	EXP 	Display Frame 2
486.6097 	EXP 	Display Frame 3
486.6431 	EXP 	Display Frame 4
486.6764 	EXP 	Display Frame 5
486.7098 	EXP 	Display Frame 6
486.7431 	EXP 	Display Frame 7
486.7764 	EXP 	Display Frame 8
486.8098 	EXP 	Display Frame 9
486.8431 	EXP 	Display Frame 0
486.8764 	EXP 	Display Frame 1
486.9098 	EXP 	Display Frame 2
486.9432 	EXP 	Display Frame 3
486.9764 	EXP 	Display Frame 4
487.0099 	EXP 	Display Frame 5
487.0431 	EXP 	Display Frame 6
487.0765 	EXP 	Display Frame 7
487.1097 	EXP 	Display Frame 8
487.1431 	EXP 	Display Frame 9
487.1764 	EXP 	Display Frame 0
487.2099 	EXP 	Display Frame 1
487.2431 	EXP 	Display Frame 2
487.2764 	EXP 	Display Frame 3
487.3098 	EXP 	Display Frame 4
487.3431 	EXP 	Display Frame 5
487.3764 	EXP 	Display Frame 6
487.4098 	EXP 	Display Frame 7
487.4431 	EXP 	Display Frame 8
487.4764 	EXP 	Display Frame 9
487.5098 	EXP 	Display Frame 0
487.5431 	EXP 	Display Frame 1
487.5762 	DATA 	Keypress: equal
487.5776 	EXP 	Display Frame 2
487.6099 	EXP 	Display Frame 3
487.6433 	EXP 	Display Frame 4
487.6766 	EXP 	Display Frame 5
487.7097 	EXP 	Display Frame 6
487.7431 	EXP 	Display Frame 7
487.7764 	EXP 	Display Frame 8
487.8098 	EXP 	Display Frame 9
487.8431 	EXP 	Display Frame 0
487.8764 	EXP 	Display Frame 1
487.9099 	EXP 	Display Frame 2
487.9431 	EXP 	Display Frame 3
487.9767 	EXP 	Display Frame 4
488.0097 	EXP 	Display Frame 5
488.0431 	EXP 	Display Frame 6
488.0764 	EXP 	Display Frame 7
488.1097 	EXP 	Display Frame 8
488.1431 	EXP 	Display Frame 9
488.1767 	EXP 	Display Frame 0
488.2098 	EXP 	Display Frame 1
488.2431 	EXP 	Display Frame 2
488.2764 	EXP 	Display Frame 3
488.3115 	EXP 	Display Frame 4
488.3431 	EXP 	Display Frame 5
488.3764 	EXP 	Display Frame 6
488.4101 	EXP 	Display Frame 7
488.4431 	EXP 	Display Frame 8
488.4764 	EXP 	Display Frame 9
488.5097 	EXP 	Display Frame 0
488.5431 	EXP 	Display Frame 1
488.5764 	EXP 	Display Frame 2
488.6098 	EXP 	Display Frame 3
488.6431 	EXP 	Display Frame 4
488.6764 	EXP 	Display Frame 5
488.7097 	EXP 	Display Frame 6
488.7431 	EXP 	Display Frame 7
488.7764 	EXP 	Display Frame 8
488.8097 	EXP 	Display Frame 9
488.8431 	EXP 	Display Frame 0
488.8767 	EXP 	Display Frame 1
488.9098 	EXP 	Display Frame 2
488.9431 	EXP 	Display Frame 3
488.9764 	EXP 	Display Frame 4
489.0098 	EXP 	Display Frame 5
489.0431 	EXP 	Display Frame 6
489.0765 	EXP 	Display Frame 7
489.1097 	EXP 	Display Frame 8
489.1432 	EXP 	Display Frame 9
489.1764 	EXP 	Display Frame 0
489.2097 	EXP 	Display Frame 1
489.2431 	EXP 	Display Frame 2
489.2764 	EXP 	Display Frame 3
489.3097 	EXP 	Display Frame 4
489.3430 	EXP 	Display Frame 5
489.3764 	EXP 	Display Frame 6
489.4097 	EXP 	Display Frame 7
489.4431 	EXP 	Display Frame 8
489.4785 	EXP 	Display Frame 9
489.5098 	EXP 	Display Frame 0
489.5431 	EXP 	Display Frame 1
489.5764 	EXP 	Display Frame 2
489.6097 	EXP 	Display Frame 3
489.6432 	EXP 	Display Frame 4
489.6764 	EXP 	Display Frame 5
489.7098 	EXP 	Display Frame 6
489.7431 	EXP 	Display Frame 7
489.7764 	EXP 	Display Frame 8
489.8098 	EXP 	Display Frame 9
489.8451 	EXP 	Display Frame 0
489.8764 	EXP 	Display Frame 1
489.9098 	EXP 	Display Frame 2
489.9431 	EXP 	Display Frame 3
489.9764 	EXP 	Display Frame 4
490.0098 	EXP 	Display Frame 5
490.0431 	EXP 	Display Frame 6
490.0764 	EXP 	Display Frame 7
490.1097 	EXP 	Display Frame 8
490.1431 	EXP 	Display Frame 9
490.1764 	EXP 	Display Frame 0
490.2098 	EXP 	Display Frame 1
490.2432 	EXP 	Display Frame 2
490.2764 	EXP 	Display Frame 3
490.3098 	EXP 	Display Frame 4
490.3432 	EXP 	Display Frame 5
490.3764 	EXP 	Display Frame 6
490.4098 	EXP 	Display Frame 7
490.4431 	EXP 	Display Frame 8
490.4764 	EXP 	Display Frame 9
490.5098 	EXP 	Display Frame 0
490.5432 	EXP 	Display Frame 1
490.5764 	EXP 	Display Frame 2
490.6097 	EXP 	Display Frame 3
490.6430 	EXP 	Display Frame 4
490.6764 	EXP 	Display Frame 5
490.7097 	EXP 	Display Frame 6
490.7431 	EXP 	Display Frame 7
490.7764 	EXP 	Display Frame 8
490.8099 	EXP 	Display Frame 9
490.8431 	EXP 	Display Frame 0
490.8764 	EXP 	Display Frame 1
490.9098 	EXP 	Display Frame 2
490.9432 	EXP 	Display Frame 3
490.9764 	EXP 	Display Frame 4
491.0098 	EXP 	Display Frame 5
491.0431 	EXP 	Display Frame 6
491.0766 	EXP 	Display Frame 7
491.1097 	EXP 	Display Frame 8
491.1431 	EXP 	Display Frame 9
491.1765 	EXP 	Display Frame 0
491.2099 	EXP 	Display Frame 1
491.2431 	EXP 	Display Frame 2
491.2764 	EXP 	Display Frame 3
491.3097 	EXP 	Display Frame 4
491.3431 	EXP 	Display Frame 5
491.3764 	EXP 	Display Frame 6
491.4097 	EXP 	Display Frame 7
491.4431 	EXP 	Display Frame 8
491.4764 	EXP 	Display Frame 9
491.5098 	EXP 	Display Frame 0
491.5431 	EXP 	Display Frame 1
491.5764 	EXP 	Display Frame 2
491.6098 	EXP 	Display Frame 3
491.6431 	EXP 	Display Frame 4
491.6764 	EXP 	Display Frame 5
491.7098 	EXP 	Display Frame 6
491.7431 	EXP 	Display Frame 7
491.7764 	EXP 	Display Frame 8
491.8097 	EXP 	Display Frame 9
491.8432 	EXP 	Display Frame 0
491.8763 	EXP 	Display Frame 1
491.9099 	EXP 	Display Frame 2
491.9430 	EXP 	Display Frame 3
491.9764 	EXP 	Display Frame 4
492.0099 	EXP 	Display Frame 5
492.0432 	EXP 	Display Frame 6
492.0764 	EXP 	Display Frame 7
492.1098 	EXP 	Display Frame 8
492.1431 	EXP 	Display Frame 9
492.1764 	EXP 	Display Frame 0
492.2098 	EXP 	Display Frame 1
492.2432 	EXP 	Display Frame 2
492.2764 	EXP 	Display Frame 3
492.3100 	EXP 	Display Frame 4
492.3431 	EXP 	Display Frame 5
492.3766 	EXP 	Display Frame 6
492.4097 	EXP 	Display Frame 7
492.4431 	EXP 	Display Frame 8
492.4764 	EXP 	Display Frame 9
492.5098 	EXP 	Display Frame 0
492.5431 	EXP 	Display Frame 1
492.5764 	EXP 	Display Frame 2
492.6098 	EXP 	Display Frame 3
492.6431 	EXP 	Display Frame 4
492.6764 	EXP 	Display Frame 5
492.7098 	EXP 	Display Frame 6
492.7431 	EXP 	Display Frame 7
492.7764 	DATA 	Keypress: equal
492.7781 	EXP 	Display Frame 8
492.8099 	EXP 	Display Frame 9
492.8434 	EXP 	Display Frame 0
492.8764 	EXP 	Display Frame 1
492.9100 	EXP 	Display Frame 2
492.9431 	EXP 	Display Frame 3
492.9765 	EXP 	Display Frame 4
493.0098 	EXP 	Display Frame 5
493.0431 	EXP 	Display Frame 6
493.0765 	EXP 	Display Frame 7
493.1098 	EXP 	Display Frame 8
493.1431 	EXP 	Display Frame 9
493.1764 	EXP 	Display Frame 0
493.2098 	EXP 	Display Frame 1
493.2431 	EXP 	Display Frame 2
493.2766 	EXP 	Display Frame 3
493.3097 	EXP 	Display Frame 4
493.3432 	EXP 	Display Frame 5
493.3764 	EXP 	Display Frame 6
493.4097 	EXP 	Display Frame 7
493.4431 	EXP 	Display Frame 8
493.4764 	EXP 	Display Frame 9
493.5097 	EXP 	Display Frame 0
493.5430 	EXP 	Display Frame 1
493.5764 	EXP 	Display Frame 2
493.6098 	EXP 	Display Frame 3
493.6431 	EXP 	Display Frame 4
493.6764 	EXP 	Display Frame 5
493.7097 	EXP 	Display Frame 6
493.7432 	EXP 	Display Frame 7
493.7764 	EXP 	Display Frame 8
493.8097 	EXP 	Display Frame 9
493.8431 	EXP 	Display Frame 0
493.8764 	EXP 	Display Frame 1
493.9120 	EXP 	Display Frame 2
493.9431 	EXP 	Display Frame 3
493.9764 	EXP 	Display Frame 4
494.0098 	EXP 	Display Frame 5
494.0432 	EXP 	Display Frame 6
494.0764 	EXP 	Display Frame 7
494.1098 	EXP 	Display Frame 8
494.1431 	EXP 	Display Frame 9
494.1765 	EXP 	Display Frame 0
494.2098 	EXP 	Display Frame 1
494.2431 	EXP 	Display Frame 2
494.2765 	EXP 	Display Frame 3
494.3099 	EXP 	Display Frame 4
494.3431 	EXP 	Display Frame 5
494.3765 	EXP 	Display Frame 6
494.4098 	EXP 	Display Frame 7
494.4431 	EXP 	Display Frame 8
494.4765 	EXP 	Display Frame 9
494.5098 	EXP 	Display Frame 0
494.5431 	EXP 	Display Frame 1
494.5764 	EXP 	Display Frame 2
494.6097 	EXP 	Display Frame 3
494.6431 	EXP 	Display Frame 4
494.6765 	EXP 	Display Frame 5
494.7098 	EXP 	Display Frame 6
494.7431 	EXP 	Display Frame 7
494.7764 	EXP 	Display Frame 8
494.8098 	EXP 	Display Frame 9
494.8431 	EXP 	Display Frame 0
494.8764 	EXP 	Display Frame 1
494.9097 	EXP 	Display Frame 2
494.9431 	EXP 	Display Frame 3
494.9764 	EXP 	Display Frame 4
495.0097 	EXP 	Display Frame 5
495.0431 	EXP 	Display Frame 6
495.0768 	EXP 	Display Frame 7
495.1098 	EXP 	Display Frame 8
495.1431 	EXP 	Display Frame 9
495.1765 	EXP 	Display Frame 0
495.2098 	EXP 	Display Frame 1
495.2431 	EXP 	Display Frame 2
495.2764 	EXP 	Display Frame 3
495.3098 	EXP 	Display Frame 4
495.3432 	EXP 	Display Frame 5
495.3764 	EXP 	Display Frame 6
495.4097 	EXP 	Display Frame 7
495.4430 	EXP 	Display Frame 8
495.4765 	EXP 	Display Frame 9
495.5097 	EXP 	Display Frame 0
495.5431 	EXP 	Display Frame 1
495.5764 	EXP 	Display Frame 2
495.6099 	EXP 	Display Frame 3
495.6431 	EXP 	Display Frame 4
495.6765 	EXP 	Display Frame 5
495.7098 	EXP 	Display Frame 6
495.7431 	EXP 	Display Frame 7
495.7764 	EXP 	Display Frame 8
495.8097 	EXP 	Display Frame 9
495.8431 	EXP 	Display Frame 0
495.8764 	EXP 	Display Frame 1
495.9098 	EXP 	Display Frame 2
495.9452 	EXP 	Display Frame 3
495.9764 	EXP 	Display Frame 4
496.0098 	EXP 	Display Frame 5
496.0431 	EXP 	Display Frame 6
496.0764 	EXP 	Display Frame 7
496.1097 	EXP 	Display Frame 8
496.1431 	EXP 	Display Frame 9
496.1765 	EXP 	Display Frame 0
496.2097 	EXP 	Display Frame 1
496.2432 	EXP 	Display Frame 2
496.2764 	EXP 	Display Frame 3
496.3097 	EXP 	Display Frame 4
496.3431 	EXP 	Display Frame 5
496.3764 	EXP 	Display Frame 6
496.4098 	EXP 	Display Frame 7
496.4431 	EXP 	Display Frame 8
496.4764 	EXP 	Display Frame 9
496.5099 	EXP 	Display Frame 0
496.5431 	EXP 	Display Frame 1
496.5765 	EXP 	Display Frame 2
496.6097 	EXP 	Display Frame 3
496.6431 	EXP 	Display Frame 4
496.6764 	EXP 	Display Frame 5
496.7098 	EXP 	Display Frame 6
496.7431 	EXP 	Display Frame 7
496.7765 	EXP 	Display Frame 8
496.8098 	EXP 	Display Frame 9
496.8431 	EXP 	Display Frame 0
496.8764 	EXP 	Display Frame 1
496.9098 	EXP 	Display Frame 2
496.9431 	EXP 	Display Frame 3
496.9764 	EXP 	Display Frame 4
497.0097 	EXP 	Display Frame 5
497.0431 	EXP 	Display Frame 6
497.0764 	EXP 	Display Frame 7
497.1097 	EXP 	Display Frame 8
497.1431 	EXP 	Display Frame 9
497.1764 	EXP 	Display Frame 0
497.2098 	EXP 	Display Frame 1
497.2431 	EXP 	Display Frame 2
497.2764 	EXP 	Display Frame 3
497.3098 	EXP 	Display Frame 4
497.3430 	EXP 	Display Frame 5
497.3766 	EXP 	Display Frame 6
497.4100 	EXP 	Display Frame 7
497.4431 	EXP 	Display Frame 8
497.4764 	EXP 	Display Frame 9
497.5098 	EXP 	Display Frame 0
497.5432 	EXP 	Display Frame 1
497.5765 	EXP 	Display Frame 2
497.6098 	EXP 	Display Frame 3
497.6431 	EXP 	Display Frame 4
497.6765 	EXP 	Display Frame 5
497.7098 	EXP 	Display Frame 6
497.7431 	EXP 	Display Frame 7
497.7764 	EXP 	Display Frame 8
497.8098 	EXP 	Display Frame 9
497.8431 	EXP 	Display Frame 0
497.8764 	EXP 	Display Frame 1
497.9097 	EXP 	Display Frame 2
497.9431 	EXP 	Display Frame 3
497.9763 	DATA 	Keypress: equal
497.9776 	EXP 	Display Frame 4
498.0097 	EXP 	Display Frame 5
498.0431 	EXP 	Display Frame 6
498.0765 	EXP 	Display Frame 7
498.1097 	EXP 	Display Frame 8
498.1431 	EXP 	Display Frame 9
498.1764 	EXP 	Display Frame 0
498.2097 	EXP 	Display Frame 1
498.2432 	EXP 	Display Frame 2
498.2764 	EXP 	Display Frame 3
498.3098 	EXP 	Display Frame 4
498.3431 	EXP 	Display Frame 5
498.3765 	EXP 	Display Frame 6
498.4098 	EXP 	Display Frame 7
498.4432 	EXP 	Display Frame 8
498.4764 	EXP 	Display Frame 9
498.5099 	EXP 	Display Frame 0
498.5431 	EXP 	Display Frame 1
498.5765 	EXP 	Display Frame 2
498.6097 	EXP 	Display Frame 3
498.6432 	EXP 	Display Frame 4
498.6764 	EXP 	Display Frame 5
498.7101 	EXP 	Display Frame 6
498.7431 	EXP 	Display Frame 7
498.7764 	EXP 	Display Frame 8
498.8098 	EXP 	Display Frame 9
498.8431 	EXP 	Display Frame 0
498.8764 	EXP 	Display Frame 1
498.9098 	EXP 	Display Frame 2
498.9430 	EXP 	Display Frame 3
498.9764 	EXP 	Display Frame 4
499.0097 	EXP 	Display Frame 5
499.0431 	EXP 	Display Frame 6
499.0765 	EXP 	Display Frame 7
499.1098 	EXP 	Display Frame 8
499.1431 	EXP 	Display Frame 9
499.1764 	EXP 	Display Frame 0
499.2098 	EXP 	Display Frame 1
499.2431 	EXP 	Display Frame 2
499.2764 	EXP 	Display Frame 3
499.3098 	EXP 	Display Frame 4
499.3431 	EXP 	Display Frame 5
499.3764 	EXP 	Display Frame 6
499.4098 	EXP 	Display Frame 7
499.4431 	EXP 	Display Frame 8
499.4764 	EXP 	Display Frame 9
499.5097 	EXP 	Display Frame 0
499.5432 	EXP 	Display Frame 1
499.5764 	EXP 	Display Frame 2
499.6098 	EXP 	Display Frame 3
499.6431 	EXP 	Display Frame 4
499.6765 	EXP 	Display Frame 5
499.7098 	EXP 	Display Frame 6
499.7432 	EXP 	Display Frame 7
499.7764 	EXP 	Display Frame 8
499.8098 	EXP 	Display Frame 9
499.8431 	EXP 	Display Frame 0
499.8766 	EXP 	Display Frame 1
499.9098 	EXP 	Display Frame 2
499.9431 	EXP 	Display Frame 3
499.9764 	EXP 	Display Frame 4
500.0117 	EXP 	Display Frame 5
500.0431 	EXP 	Display Frame 6
500.0764 	EXP 	Display Frame 7
500.1098 	EXP 	Display Frame 8
500.1431 	EXP 	Display Frame 9
500.1766 	EXP 	Display Frame 0
500.2097 	EXP 	Display Frame 1
500.2431 	EXP 	Display Frame 2
500.2764 	EXP 	Display Frame 3
500.3097 	EXP 	Display Frame 4
500.3431 	EXP 	Display Frame 5
500.3764 	EXP 	Display Frame 6
500.4098 	EXP 	Display Frame 7
500.4431 	EXP 	Display Frame 8
500.4764 	EXP 	Display Frame 9
500.5097 	EXP 	Display Frame 0
500.5431 	EXP 	Display Frame 1
500.5764 	EXP 	Display Frame 2
500.6097 	EXP 	Display Frame 3
500.6432 	EXP 	Display Frame 4
500.6764 	EXP 	Display Frame 5
500.7099 	EXP 	Display Frame 6
500.7431 	EXP 	Display Frame 7
500.7764 	EXP 	Display Frame 8
500.8097 	EXP 	Display Frame 9
500.8432 	EXP 	Display Frame 0
500.8764 	EXP 	Display Frame 1
500.9100 	EXP 	Display Frame 2
500.9431 	EXP 	Display Frame 3
500.9764 	EXP 	Display Frame 4
501.0097 	EXP 	Display Frame 5
501.0430 	EXP 	Display Frame 6
501.0764 	EXP 	Display Frame 7
501.1097 	EXP 	Display Frame 8
501.1431 	EXP 	Display Frame 9
501.1764 	EXP 	Display Frame 0
501.2098 	EXP 	Display Frame 1
501.2431 	EXP 	Display Frame 2
501.2764 	EXP 	Display Frame 3
501.3098 	EXP 	Display Frame 4
501.3432 	EXP 	Display Frame 5
501.3764 	EXP 	Display Frame 6
501.4099 	EXP 	Display Frame 7
501.4431 	EXP 	Display Frame 8
501.4764 	EXP 	Display Frame 9
501.5097 	EXP 	Display Frame 0
501.5448 	EXP 	Display Frame 1
501.5764 	EXP 	Display Frame 2
501.6098 	EXP 	Display Frame 3
501.6431 	EXP 	Display Frame 4
501.6765 	EXP 	Display Frame 5
501.7098 	EXP 	Display Frame 6
501.7432 	EXP 	Display Frame 7
501.7764 	EXP 	Display Frame 8
501.8097 	EXP 	Display Frame 9
501.8431 	EXP 	Display Frame 0
501.8764 	EXP 	Display Frame 1
501.9097 	EXP 	Display Frame 2
501.9431 	EXP 	Display Frame 3
501.9764 	EXP 	Display Frame 4
502.0099 	EXP 	Display Frame 5
502.0430 	EXP 	Display Frame 6
502.0766 	EXP 	Display Frame 7
502.1097 	EXP 	Display Frame 8
502.1431 	EXP 	Display Frame 9
502.1764 	EXP 	Display Frame 0
502.2097 	EXP 	Display Frame 1
502.2436 	EXP 	Display Frame 2
502.2764 	EXP 	Display Frame 3
502.3098 	EXP 	Display Frame 4
502.3431 	EXP 	Display Frame 5
502.3764 	EXP 	Display Frame 6
502.4098 	EXP 	Display Frame 7
502.4432 	EXP 	Display Frame 8
502.4764 	EXP 	Display Frame 9
502.5098 	EXP 	Display Frame 0
502.5431 	EXP 	Display Frame 1
502.5764 	EXP 	Display Frame 2
502.6097 	EXP 	Display Frame 3
502.6431 	EXP 	Display Frame 4
502.6764 	EXP 	Display Frame 5
502.7099 	EXP 	Display Frame 6
502.7431 	EXP 	Display Frame 7
502.7767 	EXP 	Display Frame 8
502.8097 	EXP 	Display Frame 9
502.8432 	EXP 	Display Frame 0
502.8764 	EXP 	Display Frame 1
502.9097 	EXP 	Display Frame 2
502.9431 	EXP 	Display Frame 3
502.9765 	EXP 	Display Frame 4
503.0098 	EXP 	Display Frame 5
503.0431 	EXP 	Display Frame 6
503.0764 	EXP 	Display Frame 7
503.1097 	EXP 	Display Frame 8
503.1430 	DATA 	Keypress: equal
503.1448 	EXP 	Display Frame 9
503.1766 	EXP 	Display Frame 0
503.2098 	EXP 	Display Frame 1
503.2432 	EXP 	Display Frame 2
503.2764 	EXP 	Display Frame 3
503.3097 	EXP 	Display Frame 4
503.3432 	EXP 	Display Frame 5
503.3764 	EXP 	Display Frame 6
503.4098 	EXP 	Display Frame 7
503.4431 	EXP 	Display Frame 8
503.4764 	EXP 	Display Frame 9
503.5097 	EXP 	Display Frame 0
503.5431 	EXP 	Display Frame 1
503.5786 	EXP 	Display Frame 2
503.6098 	EXP 	Display Frame 3
503.6431 	EXP 	Display Frame 4
503.6764 	EXP 	Display Frame 5
503.7098 	EXP 	Display Frame 6
503.7432 	EXP 	Display Frame 7
503.7764 	EXP 	Display Frame 8
503.8099 	EXP 	Display Frame 9
503.8431 	EXP 	Display Frame 0
503.8764 	EXP 	Display Frame 1
503.9097 	EXP 	Display Frame 2
503.9435 	EXP 	Display Frame 3
503.9764 	EXP 	Display Frame 4
504.0098 	EXP 	Display Frame 5
504.0431 	EXP 	Display Frame 6
504.0777 	EXP 	Display Frame 7
504.1097 	EXP 	Display Frame 8
504.1431 	EXP 	Display Frame 9
504.1764 	EXP 	Display Frame 0
504.2098 	EXP 	Display Frame 1
504.2431 	EXP 	Display Frame 2
504.2764 	EXP 	Display Frame 3
504.3097 	EXP 	Display Frame 4
504.3431 	EXP 	Display Frame 5
504.3764 	EXP 	Display Frame 6
504.4100 	EXP 	Display Frame 7
504.4431 	EXP 	Display Frame 8
504.4764 	EXP 	Display Frame 9
504.5098 	EXP 	Display Frame 0
504.5431 	EXP 	Display Frame 1
504.5764 	EXP 	Display Frame 2
504.6097 	EXP 	Display Frame 3
504.6432 	EXP 	Display Frame 4
504.6764 	EXP 	Display Frame 5
504.7098 	EXP 	Display Frame 6
504.7431 	EXP 	Display Frame 7
504.7764 	EXP 	Display Frame 8
504.8098 	EXP 	Display Frame 9
504.8431 	EXP 	Display Frame 0
504.8764 	EXP 	Display Frame 1
504.9099 	EXP 	Display Frame 2
504.9431 	EXP 	Display Frame 3
504.9765 	EXP 	Display Frame 4
505.0097 	EXP 	Display Frame 5
505.0433 	EXP 	Display Frame 6
505.0764 	EXP 	Display Frame 7
505.1097 	EXP 	Display Frame 8
505.1431 	EXP 	Display Frame 9
505.1766 	EXP 	Display Frame 0
505.2097 	EXP 	Display Frame 1
505.2431 	EXP 	Display Frame 2
505.2764 	EXP 	Display Frame 3
505.3098 	EXP 	Display Frame 4
505.3431 	EXP 	Display Frame 5
505.3764 	EXP 	Display Frame 6
505.4098 	EXP 	Display Frame 7
505.4431 	EXP 	Display Frame 8
505.4764 	EXP 	Display Frame 9
505.5098 	EXP 	Display Frame 0
505.5431 	EXP 	Display Frame 1
505.5764 	EXP 	Display Frame 2
505.6097 	EXP 	Display Frame 3
505.6431 	EXP 	Display Frame 4
505.6765 	EXP 	Display Frame 5
505.7097 	EXP 	Display Frame 6
505.7432 	EXP 	Display Frame 7
505.7764 	EXP 	Display Frame 8
505.8097 	EXP 	Display Frame 9
505.8431 	EXP 	Display Frame 0
505.8765 	EXP 	Display Frame 1
505.9098 	EXP 	Display Frame 2
505.9430 	EXP 	Display Frame 3
505.9764 	EXP 	Display Frame 4
506.0099 	EXP 	Display Frame 5
506.0431 	EXP 	Display Frame 6
506.0765 	EXP 	Display Frame 7
506.1097 	EXP 	Display Frame 8
506.1431 	EXP 	Display Frame 9
506.1764 	EXP 	Display Frame 0
506.2097 	EXP 	Display Frame 1
506.2431 	EXP 	Display Frame 2
506.2764 	EXP 	Display Frame 3
506.3097 	EXP 	Display Frame 4
506.3431 	EXP 	Display Frame 5
506.3764 	EXP 	Display Frame 6
506.4098 	EXP 	Display Frame 7
506.4431 	EXP 	Display Frame 8
506.4764 	EXP 	Display Frame 9
506.5098 	EXP 	Display Frame 0
506.5431 	EXP 	Display Frame 1
506.5764 	EXP 	Display Frame 2
506.6097 	EXP 	Display Frame 3
506.6431 	EXP 	Display Frame 4
506.6764 	EXP 	Display Frame 5
506.7098 	EXP 	Display Frame 6
506.7431 	EXP 	Display Frame 7
506.7765 	EXP 	Display Frame 8
506.8098 	EXP 	Display Frame 9
506.8431 	EXP 	Display Frame 0
506.8764 	EXP 	Display Frame 1
506.9097 	EXP 	Display Frame 2
506.9431 	EXP 	Display Frame 3
506.9765 	EXP 	Display Frame 4
507.0098 	EXP 	Display Frame 5
507.0432 	EXP 	Display Frame 6
507.0765 	EXP 	Display Frame 7
507.1097 	EXP 	Display Frame 8
507.1430 	EXP 	Display Frame 9
507.1765 	EXP 	Display Frame 0
507.2098 	EXP 	Display Frame 1
507.2433 	EXP 	Display Frame 2
507.2764 	EXP 	Display Frame 3
507.3097 	EXP 	Display Frame 4
507.3431 	EXP 	Display Frame 5
507.3764 	EXP 	Display Frame 6
507.4098 	EXP 	Display Frame 7
507.4431 	EXP 	Display Frame 8
507.4764 	EXP 	Display Frame 9
507.5097 	EXP 	Display Frame 0
507.5431 	EXP 	Display Frame 1
507.5764 	EXP 	Display Frame 2
507.6097 	EXP 	Display Frame 3
507.6452 	EXP 	Display Frame 4
507.6764 	EXP 	Display Frame 5
507.7097 	EXP 	Display Frame 6
507.7430 	EXP 	Display Frame 7
507.7764 	EXP 	Display Frame 8
507.8097 	EXP 	Display Frame 9
507.8431 	EXP 	Display Frame 0
507.8764 	EXP 	Display Frame 1
507.9098 	EXP 	Display Frame 2
507.9431 	EXP 	Display Frame 3
507.9764 	EXP 	Display Frame 4
508.0099 	EXP 	Display Frame 5
508.0431 	EXP 	Display Frame 6
508.0765 	EXP 	Display Frame 7
508.1097 	EXP 	Display Frame 8
508.1431 	EXP 	Display Frame 9
508.1764 	EXP 	Display Frame 0
508.2098 	EXP 	Display Frame 1
508.2431 	EXP 	Display Frame 2
508.2764 	EXP 	Display Frame 3
508.3098 	EXP 	Display Frame 4
508.3429 	DATA 	Keypress: equal
508.3443 	EXP 	Display Frame 5
508.3624 	EXP 	Display Fixation
513.5299 	DATA 	Keypress: equal
518.7240 	DATA 	Keypress: equal
523.9168 	DATA 	Keypress: equal
529.1111 	DATA 	Keypress: equal
534.3048 	DATA 	Keypress: equal
539.4978 	DATA 	Keypress: equal
539.5332 	EXP 	Display Frame 1
539.5661 	EXP 	Display Frame 2
539.5995 	EXP 	Display Frame 3
539.6328 	EXP 	Display Frame 4
539.6661 	EXP 	Display Frame 5
539.6996 	EXP 	Display Frame 6
539.7329 	EXP 	Display Frame 7
539.7661 	EXP 	Display Frame 8
539.7995 	EXP 	Display Frame 9
539.8328 	EXP 	Display Frame 0
539.8660 	EXP 	Display Frame 1
539.8995 	EXP 	Display Frame 2
539.9327 	EXP 	Display Frame 3
539.9662 	EXP 	Display Frame 4
539.9993 	EXP 	Display Frame 5
540.0327 	EXP 	Display Frame 6
540.0660 	EXP 	Display Frame 7
540.0994 	EXP 	Display Frame 8
540.1327 	EXP 	Display Frame 9
540.1660 	EXP 	Display Frame 0
540.1993 	EXP 	Display Frame 1
540.2327 	EXP 	Display Frame 2
540.2660 	EXP 	Display Frame 3
540.2993 	EXP 	Display Frame 4
540.3327 	EXP 	Display Frame 5
540.3660 	EXP 	Display Frame 6
540.3994 	EXP 	Display Frame 7
540.4327 	EXP 	Display Frame 8
540.4661 	EXP 	Display Frame 9
540.4993 	EXP 	Display Frame 0
540.5326 	EXP 	Display Frame 1
540.5661 	EXP 	Display Frame 2
540.5995 	EXP 	Display Frame 3
540.6327 	EXP 	Display Frame 4
540.6660 	EXP 	Display Frame 5
540.6993 	EXP 	Display Frame 6
540.7327 	EXP 	Display Frame 7
540.7664 	EXP 	Display Frame 8
540.7993 	EXP 	Display Frame 9
540.8327 	EXP 	Display Frame 0
540.8660 	EXP 	Display Frame 1
540.8994 	EXP 	Display Frame 2
540.9328 	EXP 	Display Frame 3
540.9661 	EXP 	Display Frame 4
540.9995 	EXP 	Display Frame 5
541.0327 	EXP 	Display Frame 6
541.0661 	EXP 	Display Frame 7
541.0995 	EXP 	Display Frame 8
541.1327 	EXP 	Display Frame 9
541.1660 	EXP 	Display Frame 0
541.1993 	EXP 	Display Frame 1
541.2327 	EXP 	Display Frame 2
541.2661 	EXP 	Display Frame 3
541.2993 	EXP 	Display Frame 4
541.3327 	EXP 	Display Frame 5
541.3660 	EXP 	Display Frame 6
541.3994 	EXP 	Display Frame 7
541.4327 	EXP 	Display Frame 8
541.4660 	EXP 	Display Frame 9
541.4996 	EXP 	Display Frame 0
541.5326 	EXP 	Display Frame 1
541.5660 	EXP 	Display Frame 2
541.5994 	EXP 	Display Frame 3
541.6328 	EXP 	Display Frame 4
541.6660 	EXP 	Display Frame 5
541.6994 	EXP 	Display Frame 6
541.7328 	EXP 	Display Frame 7
541.7660 	EXP 	Display Frame 8
541.7994 	EXP 	Display Frame 9
541.8328 	EXP 	Display Frame 0
541.8660 	EXP 	Display Frame 1
541.8995 	EXP 	Display Frame 2
541.9327 	EXP 	Display Frame 3
541.9660 	EXP 	Display Frame 4
541.9993 	EXP 	Display Frame 5
542.0327 	EXP 	Display Frame 6
542.0660 	EXP 	Display Frame 7
542.0994 	EXP 	Display Frame 8
542.1327 	EXP 	Display Frame 9
542.1662 	EXP 	Display Frame 0
542.1994 	EXP 	Display Frame 1
542.2327 	EXP 	Display Frame 2
542.2661 	EXP 	Display Frame 3
542.2993 	EXP 	Display Frame 4
542.3327 	EXP 	Display Frame 5
542.3660 	EXP 	Display Frame 6
542.3993 	EXP 	Display Frame 7
542.4327 	EXP 	Display Frame 8
542.4660 	EXP 	Display Frame 9
542.4993 	EXP 	Display Frame 0
542.5326 	EXP 	Display Frame 1
542.5660 	EXP 	Display Frame 2
542.5994 	EXP 	Display Frame 3
542.6327 	EXP 	Display Frame 4
542.6660 	EXP 	Display Frame 5
542.6993 	EXP 	Display Frame 6
542.7328 	EXP 	Display Frame 7
542.7661 	EXP 	Display Frame 8
542.7995 	EXP 	Display Frame 9
542.8327 	EXP 	Display Frame 0
542.8660 	EXP 	Display Frame 1
542.8994 	EXP 	Display Frame 2
542.9328 	EXP 	Display Frame 3
542.9664 	EXP 	Display Frame 4
542.9994 	EXP 	Display Frame 5
543.0327 	EXP 	Display Frame 6
543.0661 	EXP 	Display Frame 7
543.0994 	EXP 	Display Frame 8
543.1327 	EXP 	Display Frame 9
543.1660 	EXP 	Display Frame 0
543.1995 	EXP 	Display Frame 1
543.2327 	EXP 	Display Frame 2
543.2661 	EXP 	Display Frame 3
543.2994 	EXP 	Display Frame 4
543.3326 	EXP 	Display Frame 5
543.3660 	EXP 	Display Frame 6
543.3994 	EXP 	Display Frame 7
543.4327 	EXP 	Display Frame 8
543.4660 	EXP 	Display Frame 9
543.4994 	EXP 	Display Frame 0
543.5328 	EXP 	Display Frame 1
543.5660 	EXP 	Display Frame 2
543.5994 	EXP 	Display Frame 3
543.6327 	EXP 	Display Frame 4
543.6661 	EXP 	Display Frame 5
543.6994 	EXP 	Display Frame 6
543.7327 	EXP 	Display Frame 7
543.7660 	EXP 	Display Frame 8
543.7994 	EXP 	Display Frame 9
543.8327 	EXP 	Display Frame 0
543.8660 	EXP 	Display Frame 1
543.8994 	EXP 	Display Frame 2
543.9327 	EXP 	Display Frame 3
543.9660 	EXP 	Display Frame 4
543.9993 	EXP 	Display Frame 5
544.0328 	EXP 	Display Frame 6
544.0660 	EXP 	Display Frame 7
544.0995 	EXP 	Display Frame 8
544.1327 	EXP 	Display Frame 9
544.1660 	EXP 	Display Frame 0
544.1994 	EXP 	Display Frame 1
544.2330 	EXP 	Display Frame 2
544.2660 	EXP 	Display Frame 3
544.2995 	EXP 	Display Frame 4
544.3327 	EXP 	Display Frame 5
544.3660 	EXP 	Display Frame 6
544.3994 	EXP 	Display Frame 7
544.4327 	EXP 	Display Frame 8
544.4660 	EXP 	Display Frame 9
544.4994 	EXP 	Display Frame 0
544.5327 	EXP 	Display Frame 1
544.5660 	EXP 	Display Frame 2
544.5995 	EXP 	Display Frame 3
544.6327 	EXP 	Display Frame 4
544.6661 	EXP 	Display Frame 5
544.6992 	DATA 	Keypress: equal
544.7006 	EXP 	Display Frame 6
544.7327 	EXP 	Display Frame 7
544.7660 	EXP 	Display Frame 8
544.7993 	EXP 	Display Frame 9
544.8327 	EXP 	Display Frame 0
544.8661 	EXP 	Display Frame 1
544.8993 	EXP 	Display Frame 2
544.9328 	EXP 	Display Frame 3
544.9660 	EXP 	Display Frame 4
544.9995 	EXP 	Display Frame 5
545.0327 	EXP 	Display Frame 6
545.0660 	EXP 	Display Frame 7
545.0993 	EXP 	Display Frame 8
545.1328 	EXP 	Display Frame 9
545.1661 	EXP 	Display Frame 0
545.1995 	EXP 	Display Frame 1
545.2327 	EXP 	Display Frame 2
545.2661 	EXP 	Display Frame 3
545.2994 	EXP 	Display Frame 4
545.3328 	EXP 	Display Frame 5
545.3660 	EXP 	Display Frame 6
545.3994 	EXP 	Display Frame 7
545.4327 	EXP 	Display Frame 8
545.4660 	EXP 	Display Frame 9
545.4995 	EXP 	Display Frame 0
545.5326 	EXP 	Display Frame 1
545.5660 	EXP 	Display Frame 2
545.5993 	EXP 	Display Frame 3
545.6327 	EXP 	Display Frame 4
545.6660 	EXP 	Display Frame 5
545.6993 	EXP 	Display Frame 6
545.7327 	EXP 	Display Frame 7
545.7661 	EXP 	Display Frame 8
545.7995 	EXP 	Display Frame 9
545.8327 	EXP 	Display Frame 0
545.8661 	EXP 	Display Frame 1
545.8994 	EXP 	Display Frame 2
545.9327 	EXP 	Display Frame 3
545.9660 	EXP 	Display Frame 4
545.9993 	EXP 	Display Frame 5
546.0327 	EXP 	Display Frame 6
546.0660 	EXP 	Display Frame 7
546.0993 	EXP 	Display Frame 8
546.1327 	EXP 	Display Frame 9
546.1661 	EXP 	Display Frame 0
546.1993 	EXP 	Display Frame 1
546.2328 	EXP 	Display Frame 2
546.2660 	EXP 	Display Frame 3
546.2993 	EXP 	Display Frame 4
546.3327 	EXP 	Display Frame 5
546.3660 	EXP 	Display Frame 6
546.3993 	EXP 	Display Frame 7
546.4329 	EXP 	Display Frame 8
546.4660 	EXP 	Display Frame 9
546.4994 	EXP 	Display Frame 0
546.5326 	EXP 	Display Frame 1
546.5660 	EXP 	Display Frame 2
546.5994 	EXP 	Display Frame 3
546.6328 	EXP 	Display Frame 4
546.6660 	EXP 	Display Frame 5
546.6993 	EXP 	Display Frame 6
546.7328 	EXP 	Display Frame 7
546.7660 	EXP 	Display Frame 8
546.7993 	EXP 	Display Frame 9
546.8327 	EXP 	Display Frame 0
546.8660 	EXP 	Display Frame 1
546.8994 	EXP 	Display Frame 2
546.9328 	EXP 	Display Frame 3
546.9660 	EXP 	Display Frame 4
546.9994 	EXP 	Display Frame 5
547.0327 	EXP 	Display Frame 6
547.0663 	EXP 	Display Frame 7
547.0994 	EXP 	Display Frame 8
547.1328 	EXP 	Display Frame 9
547.1660 	EXP 	Display Frame 0
547.1993 	EXP 	Display Frame 1
547.2328 	EXP 	Display Frame 2
547.2662 	EXP 	Display Frame 3
547.2993 	EXP 	Display Frame 4
547.3328 	EXP 	Display Frame 5
547.3660 	EXP 	Display Frame 6
547.3993 	EXP 	Display Frame 7
547.4327 	EXP 	Display Frame 8
547.4660 	EXP 	Display Frame 9
547.4993 	EXP 	Display Frame 0
547.5326 	EXP 	Display Frame 1
547.5660 	EXP 	Display Frame 2
547.5994 	EXP 	Display Frame 3
547.6327 	EXP 	Display Frame 4
547.6661 	EXP 	Display Frame 5
547.6993 	EXP 	Display Frame 6
547.7327 	EXP 	Display Frame 7
547.7660 	EXP 	Display Frame 8
547.7994 	EXP 	Display Frame 9
547.8328 	EXP 	Display Frame 0
547.8661 	EXP 	Display Frame 1
547.8994 	EXP 	Display Frame 2
547.9327 	EXP 	Display Frame 3
547.9660 	EXP 	Display Frame 4
547.9993 	EXP 	Display Frame 5
548.0327 	EXP 	Display Frame 6
548.0661 	EXP 	Display Frame 7
548.0995 	EXP 	Display Frame 8
548.1326 	EXP 	Display Frame 9
548.1661 	EXP 	Display Frame 0
548.1994 	EXP 	Display Frame 1
548.2328 	EXP 	Display Frame 2
548.2661 	EXP 	Display Frame 3
548.2995 	EXP 	Display Frame 4
548.3327 	EXP 	Display Frame 5
548.3661 	EXP 	Display Frame 6
548.3994 	EXP 	Display Frame 7
548.4328 	EXP 	Display Frame 8
548.4661 	EXP 	Display Frame 9
548.4995 	EXP 	Display Frame 0
548.5327 	EXP 	Display Frame 1
548.5662 	EXP 	Display Frame 2
548.5994 	EXP 	Display Frame 3
548.6327 	EXP 	Display Frame 4
548.6660 	EXP 	Display Frame 5
548.6993 	EXP 	Display Frame 6
548.7328 	EXP 	Display Frame 7
548.7660 	EXP 	Display Frame 8
548.7993 	EXP 	Display Frame 9
548.8327 	EXP 	Display Frame 0
548.8661 	EXP 	Display Frame 1
548.8993 	EXP 	Display Frame 2
548.9327 	EXP 	Display Frame 3
548.9660 	EXP 	Display Frame 4
548.9993 	EXP 	Display Frame 5
549.0327 	EXP 	Display Frame 6
549.0660 	EXP 	Display Frame 7
549.0994 	EXP 	Display Frame 8
549.1328 	EXP 	Display Frame 9
549.1661 	EXP 	Display Frame 0
549.1995 	EXP 	Display Frame 1
549.2328 	EXP 	Display Frame 2
549.2660 	EXP 	Display Frame 3
549.2994 	EXP 	Display Frame 4
549.3329 	EXP 	Display Frame 5
549.3660 	EXP 	Display Frame 6
549.3993 	EXP 	Display Frame 7
549.4327 	EXP 	Display Frame 8
549.4660 	EXP 	Display Frame 9
549.4993 	EXP 	Display Frame 0
549.5326 	EXP 	Display Frame 1
549.5660 	EXP 	Display Frame 2
549.5994 	EXP 	Display Frame 3
549.6327 	EXP 	Display Frame 4
549.6660 	EXP 	Display Frame 5
549.6994 	EXP 	Display Frame 6
549.7328 	EXP 	Display Frame 7
549.7660 	EXP 	Display Frame 8
549.7995 	EXP 	Display Frame 9
549.8328 	EXP 	Display Frame 0
549.8660 	EXP 	Display Frame 1
549.8994 	DATA 	Keypress: equal
549.9010 	EXP 	Display Frame 2
549.9327 	EXP 	Display Frame 3
549.9661 	EXP 	Display Frame 4
549.9994 	EXP 	Display Frame 5
550.0327 	EXP 	Display Frame 6
550.0661 	EXP 	Display Frame 7
550.0994 	EXP 	Display Frame 8
550.1327 	EXP 	Display Frame 9
550.1662 	EXP 	Display Frame 0
550.1994 	EXP 	Display Frame 1
550.2328 	EXP 	Display Frame 2
550.2660 	EXP 	Display Frame 3
550.2994 	EXP 	Display Frame 4
550.3327 	EXP 	Display Frame 5
550.3661 	EXP 	Display Frame 6
550.3994 	EXP 	Display Frame 7
550.4328 	EXP 	Display Frame 8
550.4660 	EXP 	Display Frame 9
550.4994 	EXP 	Display Frame 0
550.5326 	EXP 	Display Frame 1
550.5660 	EXP 	Display Frame 2
550.5993 	EXP 	Display Frame 3
550.6328 	EXP 	Display Frame 4
550.6662 	EXP 	Display Frame 5
550.6994 	EXP 	Display Frame 6
550.7327 	EXP 	Display Frame 7
550.7660 	EXP 	Display Frame 8
550.7994 	EXP 	Display Frame 9
550.8327 	EXP 	Display Frame 0
550.8660 	EXP 	Display Frame 1
550.8993 	EXP 	Display Frame 2
550.9327 	EXP 	Display Frame 3
550.9660 	EXP 	Display Frame 4
550.9993 	EXP 	Display Frame 5
551.0327 	EXP 	Display Frame 6
551.0660 	EXP 	Display Frame 7
551.0994 	EXP 	Display Frame 8
551.1327 	EXP 	Display Frame 9
551.1660 	EXP 	Display Frame 0
551.1994 	EXP 	Display Frame 1
551.2327 	EXP 	Display Frame 2
551.2661 	EXP 	Display Frame 3
551.2993 	EXP 	Display Frame 4
551.3327 	EXP 	Display Frame 5
551.3660 	EXP 	Display Frame 6
551.3995 	EXP 	Display Frame 7
551.4327 	EXP 	Display Frame 8
551.4661 	EXP 	Display Frame 9
551.4994 	EXP 	Display Frame 0
551.5326 	EXP 	Display Frame 1
551.5661 	EXP 	Display Frame 2
551.5994 	EXP 	Display Frame 3
551.6327 	EXP 	Display Frame 4
551.6660 	EXP 	Display Frame 5
551.6993 	EXP 	Display Frame 6
551.7328 	EXP 	Display Frame 7
551.7660 	EXP 	Display Frame 8
551.7994 	EXP 	Display Frame 9
551.8327 	EXP 	Display Frame 0
551.8660 	EXP 	Display Frame 1
551.8993 	EXP 	Display Frame 2
551.9327 	EXP 	Display Frame 3
551.9660 	EXP 	Display Frame 4
551.9994 	EXP 	Display Frame 5
552.0327 	EXP 	Display Frame 6
552.0660 	EXP 	Display Frame 7
552.0994 	EXP 	Display Frame 8
552.1327 	EXP 	Display Frame 9
552.1661 	EXP 	Display Frame 0
552.1994 	EXP 	Display Frame 1
552.2327 	EXP 	Display Frame 2
552.2660 	EXP 	Display Frame 3
552.2993 	EXP 	Display Frame 4
552.3327 	EXP 	Display Frame 5
552.3661 	EXP 	Display Frame 6
552.3996 	EXP 	Display Frame 7
552.4328 	EXP 	Display Frame 8
552.4660 	EXP 	Display Frame 9
552.4995 	EXP 	Display Frame 0
552.5326 	EXP 	Display Frame 1
552.5661 	EXP 	Display Frame 2
552.5994 	EXP 	Display Frame 3
552.6327 	EXP 	Display Frame 4
552.6660 	EXP 	Display Frame 5
552.6993 	EXP 	Display Frame 6
552.7327 	EXP 	Display Frame 7
552.7662 	EXP 	Display Frame 8
552.7995 	EXP 	Display Frame 9
552.8330 	EXP 	Display Frame 0
552.8661 	EXP 	Display Frame 1
552.8994 	EXP 	Display Frame 2
552.9328 	EXP 	Display Frame 3
552.9660 	EXP 	Display Frame 4
552.9994 	EXP 	Display Frame 5
553.0327 	EXP 	Display Frame 6
553.0660 	EXP 	Display Frame 7
553.0994 	EXP 	Display Frame 8
553.1327 	EXP 	Display Frame 9
553.1660 	EXP 	Display Frame 0
553.1993 	EXP 	Display Frame 1
553.2327 	EXP 	Display Frame 2
553.2660 	EXP 	Display Frame 3
553.2994 	EXP 	Display Frame 4
553.3327 	EXP 	Display Frame 5
553.3660 	EXP 	Display Frame 6
553.3993 	EXP 	Display Frame 7
553.4326 	EXP 	Display Frame 8
553.4661 	EXP 	Display Frame 9
553.4994 	EXP 	Display Frame 0
553.5327 	EXP 	Display Frame 1
553.5661 	EXP 	Display Frame 2
553.5995 	EXP 	Display Frame 3
553.6327 	EXP 	Display Frame 4
553.6662 	EXP 	Display Frame 5
553.6994 	EXP 	Display Frame 6
553.7328 	EXP 	Display Frame 7
553.7661 	EXP 	Display Frame 8
553.7995 	EXP 	Display Frame 9
553.8327 	EXP 	Display Frame 0
553.8660 	EXP 	Display Frame 1
553.8994 	EXP 	Display Frame 2
553.9327 	EXP 	Display Frame 3
553.9660 	EXP 	Display Frame 4
553.9995 	EXP 	Display Frame 5
554.0327 	EXP 	Display Frame 6
554.0660 	EXP 	Display Frame 7
554.0995 	EXP 	Display Frame 8
554.1327 	EXP 	Display Frame 9
554.1661 	EXP 	Display Frame 0
554.2006 	EXP 	Display Frame 1
554.2327 	EXP 	Display Frame 2
554.2661 	EXP 	Display Frame 3
554.2994 	EXP 	Display Frame 4
554.3327 	EXP 	Display Frame 5
554.3660 	EXP 	Display Frame 6
554.3993 	EXP 	Display Frame 7
554.4328 	EXP 	Display Frame 8
554.4660 	EXP 	Display Frame 9
554.4995 	EXP 	Display Frame 0
554.5326 	EXP 	Display Frame 1
554.5661 	EXP 	Display Frame 2
554.5994 	EXP 	Display Frame 3
554.6328 	EXP 	Display Frame 4
554.6660 	EXP 	Display Frame 5
554.6993 	EXP 	Display Frame 6
554.7327 	EXP 	Display Frame 7
554.7662 	EXP 	Display Frame 8
554.7994 	EXP 	Display Frame 9
554.8327 	EXP 	Display Frame 0
554.8660 	EXP 	Display Frame 1
554.8995 	EXP 	Display Frame 2
554.9327 	EXP 	Display Frame 3
554.9662 	EXP 	Display Frame 4
554.9993 	EXP 	Display Frame 5
555.0327 	EXP 	Display Frame 6
555.0660 	EXP 	Display Frame 7
555.0992 	DATA 	Keypress: equal
555.1007 	EXP 	Display Frame 8
555.1327 	EXP 	Display Frame 9
555.1660 	EXP 	Display Frame 0
555.1994 	EXP 	Display Frame 1
555.2327 	EXP 	Display Frame 2
555.2661 	EXP 	Display Frame 3
555.2994 	EXP 	Display Frame 4
555.3327 	EXP 	Display Frame 5
555.3661 	EXP 	Display Frame 6
555.3994 	EXP 	Display Frame 7
555.4327 	EXP 	Display Frame 8
555.4659 	EXP 	Display Frame 9
555.4993 	EXP 	Display Frame 0
555.5327 	EXP 	Display Frame 1
555.5660 	EXP 	Display Frame 2
555.5994 	EXP 	Display Frame 3
555.6327 	EXP 	Display Frame 4
555.6660 	EXP 	Display Frame 5
555.6993 	EXP 	Display Frame 6
555.7328 	EXP 	Display Frame 7
555.7660 	EXP 	Display Frame 8
555.7995 	EXP 	Display Frame 9
555.8327 	EXP 	Display Frame 0
555.8660 	EXP 	Display Frame 1
555.8994 	EXP 	Display Frame 2
555.9328 	EXP 	Display Frame 3
555.9662 	EXP 	Display Frame 4
555.9994 	EXP 	Display Frame 5
556.0327 	EXP 	Display Frame 6
556.0661 	EXP 	Display Frame 7
556.0994 	EXP 	Display Frame 8
556.1327 	EXP 	Display Frame 9
556.1660 	EXP 	Display Frame 0
556.1994 	EXP 	Display Frame 1
556.2327 	EXP 	Display Frame 2
556.2661 	EXP 	Display Frame 3
556.2993 	EXP 	Display Frame 4
556.3327 	EXP 	Display Frame 5
556.3661 	EXP 	Display Frame 6
556.3994 	EXP 	Display Frame 7
556.4327 	EXP 	Display Frame 8
556.4660 	EXP 	Display Frame 9
556.4993 	EXP 	Display Frame 0
556.5326 	EXP 	Display Frame 1
556.5660 	EXP 	Display Frame 2
556.5994 	EXP 	Display Frame 3
556.6327 	EXP 	Display Frame 4
556.6660 	EXP 	Display Frame 5
556.6994 	EXP 	Display Frame 6
556.7327 	EXP 	Display Frame 7
556.7662 	EXP 	Display Frame 8
556.7994 	EXP 	Display Frame 9
556.8331 	EXP 	Display Frame 0
556.8660 	EXP 	Display Frame 1
556.8995 	EXP 	Display Frame 2
556.9327 	EXP 	Display Frame 3
556.9660 	EXP 	Display Frame 4
556.9994 	EXP 	Display Frame 5
557.0327 	EXP 	Display Frame 6
557.0661 	EXP 	Display Frame 7
557.0994 	EXP 	Display Frame 8
557.1327 	EXP 	Display Frame 9
557.1660 	EXP 	Display Frame 0
557.1994 	EXP 	Display Frame 1
557.2327 	EXP 	Display Frame 2
557.2660 	EXP 	Display Frame 3
557.2993 	EXP 	Display Frame 4
557.3327 	EXP 	Display Frame 5
557.3660 	EXP 	Display Frame 6
557.3993 	EXP 	Display Frame 7
557.4327 	EXP 	Display Frame 8
557.4663 	EXP 	Display Frame 9
557.4994 	EXP 	Display Frame 0
557.5327 	EXP 	Display Frame 1
557.5660 	EXP 	Display Frame 2
557.5994 	EXP 	Display Frame 3
557.6327 	EXP 	Display Frame 4
557.6660 	EXP 	Display Frame 5
557.6994 	EXP 	Display Frame 6
557.7328 	EXP 	Display Frame 7
557.7661 	EXP 	Display Frame 8
557.7993 	EXP 	Display Frame 9
557.8327 	EXP 	Display Frame 0
557.8660 	EXP 	Display Frame 1
557.8994 	EXP 	Display Frame 2
557.9327 	EXP 	Display Frame 3
557.9660 	EXP 	Display Frame 4
557.9993 	EXP 	Display Frame 5
558.0327 	EXP 	Display Frame 6
558.0661 	EXP 	Display Frame 7
558.0994 	EXP 	Display Frame 8
558.1327 	EXP 	Display Frame 9
558.1662 	EXP 	Display Frame 0
558.1994 	EXP 	Display Frame 1
558.2328 	EXP 	Display Frame 2
558.2660 	EXP 	Display Frame 3
558.2995 	EXP 	Display Frame 4
558.3327 	EXP 	Display Frame 5
558.3660 	EXP 	Display Frame 6
558.3993 	EXP 	Display Frame 7
558.4327 	EXP 	Display Frame 8
558.4660 	EXP 	Display Frame 9
558.4995 	EXP 	Display Frame 0
558.5326 	EXP 	Display Frame 1
558.5660 	EXP 	Display Frame 2
558.5994 	EXP 	Display Frame 3
558.6328 	EXP 	Display Frame 4
558.6660 	EXP 	Display Frame 5
558.6994 	EXP 	Display Frame 6
558.7327 	EXP 	Display Frame 7
558.7662 	EXP 	Display Frame 8
558.7993 	EXP 	Display Frame 9
558.8328 	EXP 	Display Frame 0
558.8660 	EXP 	Display Frame 1
558.8993 	EXP 	Display Frame 2
558.9327 	EXP 	Display Frame 3
558.9661 	EXP 	Display Frame 4
558.9993 	EXP 	Display Frame 5
559.0328 	EXP 	Display Frame 6
559.0661 	EXP 	Display Frame 7
559.0993 	EXP 	Display Frame 8
559.1327 	EXP 	Display Frame 9
559.1660 	EXP 	Display Frame 0
559.1994 	EXP 	Display Frame 1
559.2327 	EXP 	Display Frame 2
559.2660 	EXP 	Display Frame 3
559.2993 	EXP 	Display Frame 4
559.3327 	EXP 	Display Frame 5
559.3660 	EXP 	Display Frame 6
559.3994 	EXP 	Display Frame 7
559.4327 	EXP 	Display Frame 8
559.4660 	EXP 	Display Frame 9
559.4994 	EXP 	Display Frame 0
559.5326 	EXP 	Display Frame 1
559.5661 	EXP 	Display Frame 2
559.6006 	EXP 	Display Frame 3
559.6327 	EXP 	Display Frame 4
559.6661 	EXP 	Display Frame 5
559.6994 	EXP 	Display Frame 6
559.7327 	EXP 	Display Frame 7
559.7661 	EXP 	Display Frame 8
559.7994 	EXP 	Display Frame 9
559.8327 	EXP 	Display Frame 0
559.8661 	EXP 	Display Frame 1
559.8994 	EXP 	Display Frame 2
559.9328 	EXP 	Display Frame 3
559.9661 	EXP 	Display Frame 4
559.9993 	EXP 	Display Frame 5
560.0327 	EXP 	Display Frame 6
560.0661 	EXP 	Display Frame 7
560.0994 	EXP 	Display Frame 8
560.1328 	EXP 	Display Frame 9
560.1660 	EXP 	Display Frame 0
560.1993 	EXP 	Display Frame 1
560.2327 	EXP 	Display Frame 2
560.2661 	EXP 	Display Frame 3
560.2992 	DATA 	Keypress: equal
560.3008 	EXP 	Display Frame 4
560.3327 	EXP 	Display Frame 5
560.3660 	EXP 	Display Frame 6
560.3993 	EXP 	Display Frame 7
560.4327 	EXP 	Display Frame 8
560.4660 	EXP 	Display Frame 9
560.4993 	EXP 	Display Frame 0
560.5326 	EXP 	Display Frame 1
560.5660 	EXP 	Display Frame 2
560.5994 	EXP 	Display Frame 3
560.6327 	EXP 	Display Frame 4
560.6660 	EXP 	Display Frame 5
560.6995 	EXP 	Display Frame 6
560.7327 	EXP 	Display Frame 7
560.7661 	EXP 	Display Frame 8
560.7993 	EXP 	Display Frame 9
560.8327 	EXP 	Display Frame 0
560.8660 	EXP 	Display Frame 1
560.8994 	EXP 	Display Frame 2
560.9327 	EXP 	Display Frame 3
560.9661 	EXP 	Display Frame 4
560.9994 	EXP 	Display Frame 5
561.0328 	EXP 	Display Frame 6
561.0660 	EXP 	Display Frame 7
561.0993 	EXP 	Display Frame 8
561.1327 	EXP 	Display Frame 9
561.1660 	EXP 	Display Frame 0
561.1993 	EXP 	Display Frame 1
561.2327 	EXP 	Display Frame 2
561.2660 	EXP 	Display Frame 3
561.2993 	EXP 	Display Frame 4
561.3327 	EXP 	Display Frame 5
561.3660 	EXP 	Display Frame 6
561.3994 	EXP 	Display Frame 7
561.4327 	EXP 	Display Frame 8
561.4660 	EXP 	Display Frame 9
561.4993 	EXP 	Display Frame 0
561.5327 	EXP 	Display Frame 1
561.5660 	EXP 	Display Frame 2
561.5993 	EXP 	Display Frame 3
561.6327 	EXP 	Display Frame 4
561.6660 	EXP 	Display Frame 5
561.6993 	EXP 	Display Frame 6
561.7327 	EXP 	Display Frame 7
561.7660 	EXP 	Display Frame 8
561.7995 	EXP 	Display Frame 9
561.8327 	EXP 	Display Frame 0
561.8660 	EXP 	Display Frame 1
561.8993 	EXP 	Display Frame 2
561.9328 	EXP 	Display Frame 3
561.9660 	EXP 	Display Frame 4
561.9995 	EXP 	Display Frame 5
562.0327 	EXP 	Display Frame 6
562.0660 	EXP 	Display Frame 7
562.0993 	EXP 	Display Frame 8
562.1327 	EXP 	Display Frame 9
562.1660 	EXP 	Display Frame 0
562.1993 	EXP 	Display Frame 1
562.2327 	EXP 	Display Frame 2
562.2661 	EXP 	Display Frame 3
562.2993 	EXP 	Display Frame 4
562.3327 	EXP 	Display Frame 5
562.3660 	EXP 	Display Frame 6
562.3993 	EXP 	Display Frame 7
562.4327 	EXP 	Display Frame 8
562.4660 	EXP 	Display Frame 9
562.4993 	EXP 	Display Frame 0
562.5327 	EXP 	Display Frame 1
562.5660 	EXP 	Display Frame 2
562.5993 	EXP 	Display Frame 3
562.6327 	EXP 	Display Frame 4
562.6660 	EXP 	Display Frame 5
562.6994 	EXP 	Display Frame 6
562.7327 	EXP 	Display Frame 7
562.7661 	EXP 	Display Frame 8
562.7993 	EXP 	Display Frame 9
562.8327 	EXP 	Display Frame 0
562.8660 	EXP 	Display Frame 1
562.8994 	EXP 	Display Frame 2
562.9327 	EXP 	Display Frame 3
562.9660 	EXP 	Display Frame 4
562.9993 	EXP 	Display Frame 5
563.0327 	EXP 	Display Frame 6
563.0661 	EXP 	Display Frame 7
563.0993 	EXP 	Display Frame 8
563.1327 	EXP 	Display Frame 9
563.1660 	EXP 	Display Frame 0
563.1993 	EXP 	Display Frame 1
563.2328 	EXP 	Display Frame 2
563.2660 	EXP 	Display Frame 3
563.2993 	EXP 	Display Frame 4
563.3327 	EXP 	Display Frame 5
563.3662 	EXP 	Display Frame 6
563.3993 	EXP 	Display Frame 7
563.4327 	EXP 	Display Frame 8
563.4660 	EXP 	Display Frame 9
563.4993 	EXP 	Display Frame 0
563.5326 	EXP 	Display Frame 1
563.5660 	EXP 	Display Frame 2
563.5993 	EXP 	Display Frame 3
563.6327 	EXP 	Display Frame 4
563.6660 	EXP 	Display Frame 5
563.6993 	EXP 	Display Frame 6
563.7330 	EXP 	Display Frame 7
563.7660 	EXP 	Display Frame 8
563.7993 	EXP 	Display Frame 9
563.8327 	EXP 	Display Frame 0
563.8660 	EXP 	Display Frame 1
563.8994 	EXP 	Display Frame 2
563.9327 	EXP 	Display Frame 3
563.9660 	EXP 	Display Frame 4
563.9994 	EXP 	Display Frame 5
564.0327 	EXP 	Display Frame 6
564.0661 	EXP 	Display Frame 7
564.0993 	EXP 	Display Frame 8
564.1327 	EXP 	Display Frame 9
564.1660 	EXP 	Display Frame 0
564.1994 	EXP 	Display Frame 1
564.2327 	EXP 	Display Frame 2
564.2662 	EXP 	Display Frame 3
564.2994 	EXP 	Display Frame 4
564.3328 	EXP 	Display Frame 5
564.3660 	EXP 	Display Frame 6
564.3995 	EXP 	Display Frame 7
564.4327 	EXP 	Display Frame 8
564.4660 	EXP 	Display Frame 9
564.4994 	EXP 	Display Frame 0
564.5326 	EXP 	Display Frame 1
564.5660 	EXP 	Display Frame 2
564.5994 	EXP 	Display Frame 3
564.6326 	EXP 	Display Frame 4
564.6660 	EXP 	Display Frame 5
564.6994 	EXP 	Display Frame 6
564.7327 	EXP 	Display Frame 7
564.7662 	EXP 	Display Frame 8
564.7993 	EXP 	Display Frame 9
564.8327 	EXP 	Display Frame 0
564.8660 	EXP 	Display Frame 1
564.8995 	EXP 	Display Frame 2
564.9348 	EXP 	Display Frame 3
564.9660 	EXP 	Display Frame 4
564.9994 	EXP 	Display Frame 5
565.0327 	EXP 	Display Frame 6
565.0660 	EXP 	Display Frame 7
565.0994 	EXP 	Display Frame 8
565.1327 	EXP 	Display Frame 9
565.1660 	EXP 	Display Frame 0
565.1993 	EXP 	Display Frame 1
565.2328 	EXP 	Display Frame 2
565.2660 	EXP 	Display Frame 3
565.2995 	EXP 	Display Frame 4
565.3327 	EXP 	Display Frame 5
565.3660 	EXP 	Display Frame 6
565.3994 	EXP 	Display Frame 7
565.4329 	EXP 	Display Frame 8
565.4660 	EXP 	Display Frame 9
565.4669 	DATA 	Keypress: equal
565.4994 	EXP 	Display Frame 0
565.5327 	EXP 	Display Frame 1
565.5662 	EXP 	Display Frame 2
565.5994 	EXP 	Display Frame 3
565.6327 	EXP 	Display Frame 4
565.6660 	EXP 	Display Frame 5
565.6995 	EXP 	Display Frame 6
565.7327 	EXP 	Display Frame 7
565.7661 	EXP 	Display Frame 8
565.7994 	EXP 	Display Frame 9
565.8327 	EXP 	Display Frame 0
565.8660 	EXP 	Display Frame 1
565.8994 	EXP 	Display Frame 2
565.9327 	EXP 	Display Frame 3
565.9660 	EXP 	Display Frame 4
565.9993 	EXP 	Display Frame 5
566.0327 	EXP 	Display Frame 6
566.0661 	EXP 	Display Frame 7
566.0993 	EXP 	Display Frame 8
566.1327 	EXP 	Display Frame 9
566.1661 	EXP 	Display Frame 0
566.1994 	EXP 	Display Frame 1
566.2327 	EXP 	Display Frame 2
566.2661 	EXP 	Display Frame 3
566.2994 	EXP 	Display Frame 4
566.3328 	EXP 	Display Frame 5
566.3661 	EXP 	Display Frame 6
566.3993 	EXP 	Display Frame 7
566.4327 	EXP 	Display Frame 8
566.4660 	EXP 	Display Frame 9
566.4994 	EXP 	Display Frame 0
566.5328 	EXP 	Display Frame 1
566.5660 	EXP 	Display Frame 2
566.5996 	EXP 	Display Frame 3
566.6327 	EXP 	Display Frame 4
566.6660 	EXP 	Display Frame 5
566.6994 	EXP 	Display Frame 6
566.7327 	EXP 	Display Frame 7
566.7661 	EXP 	Display Frame 8
566.7993 	EXP 	Display Frame 9
566.8327 	EXP 	Display Frame 0
566.8660 	EXP 	Display Frame 1
566.8994 	EXP 	Display Frame 2
566.9327 	EXP 	Display Frame 3
566.9660 	EXP 	Display Frame 4
566.9994 	EXP 	Display Frame 5
567.0327 	EXP 	Display Frame 6
567.0660 	EXP 	Display Frame 7
567.0995 	EXP 	Display Frame 8
567.1327 	EXP 	Display Frame 9
567.1660 	EXP 	Display Frame 0
567.1994 	EXP 	Display Frame 1
567.2328 	EXP 	Display Frame 2
567.2660 	EXP 	Display Frame 3
567.2994 	EXP 	Display Frame 4
567.3327 	EXP 	Display Frame 5
567.3661 	EXP 	Display Frame 6
567.3994 	EXP 	Display Frame 7
567.4329 	EXP 	Display Frame 8
567.4661 	EXP 	Display Frame 9
567.4995 	EXP 	Display Frame 0
567.5326 	EXP 	Display Frame 1
567.5660 	EXP 	Display Frame 2
567.5994 	EXP 	Display Frame 3
567.6328 	EXP 	Display Frame 4
567.6660 	EXP 	Display Frame 5
567.6993 	EXP 	Display Frame 6
567.7327 	EXP 	Display Frame 7
567.7660 	EXP 	Display Frame 8
567.7993 	EXP 	Display Frame 9
567.8327 	EXP 	Display Frame 0
567.8660 	EXP 	Display Frame 1
567.8995 	EXP 	Display Frame 2
567.9327 	EXP 	Display Frame 3
567.9660 	EXP 	Display Frame 4
567.9994 	EXP 	Display Frame 5
568.0327 	EXP 	Display Frame 6
568.0660 	EXP 	Display Frame 7
568.0994 	EXP 	Display Frame 8
568.1327 	EXP 	Display Frame 9
568.1660 	EXP 	Display Frame 0
568.1994 	EXP 	Display Frame 1
568.2327 	EXP 	Display Frame 2
568.2660 	EXP 	Display Frame 3
568.2993 	EXP 	Display Frame 4
568.3329 	EXP 	Display Frame 5
568.3660 	EXP 	Display Frame 6
568.3995 	EXP 	Display Frame 7
568.4328 	EXP 	Display Frame 8
568.4662 	EXP 	Display Frame 9
568.4993 	EXP 	Display Frame 0
568.5326 	EXP 	Display Frame 1
568.5660 	EXP 	Display Frame 2
568.5994 	EXP 	Display Frame 3
568.6344 	EXP 	Display Frame 4
568.6661 	EXP 	Display Frame 5
568.6993 	EXP 	Display Frame 6
568.7330 	EXP 	Display Frame 7
568.7661 	EXP 	Display Frame 8
568.7995 	EXP 	Display Frame 9
568.8328 	EXP 	Display Frame 0
568.8660 	EXP 	Display Frame 1
568.8994 	EXP 	Display Frame 2
568.9327 	EXP 	Display Frame 3
568.9660 	EXP 	Display Frame 4
568.9994 	EXP 	Display Frame 5
569.0327 	EXP 	Display Frame 6
569.0660 	EXP 	Display Frame 7
569.0994 	EXP 	Display Frame 8
569.1327 	EXP 	Display Frame 9
569.1660 	EXP 	Display Frame 0
569.1993 	EXP 	Display Frame 1
569.2328 	EXP 	Display Frame 2
569.2660 	EXP 	Display Frame 3
569.2994 	EXP 	Display Frame 4
569.3327 	EXP 	Display Frame 5
569.3661 	EXP 	Display Frame 6
569.3994 	EXP 	Display Frame 7
569.4328 	EXP 	Display Frame 8
569.4661 	EXP 	Display Frame 9
569.4994 	EXP 	Display Frame 0
569.5327 	EXP 	Display Frame 1
569.5661 	EXP 	Display Frame 2
569.5994 	EXP 	Display Frame 3
569.6327 	EXP 	Display Frame 4
569.6660 	EXP 	Display Frame 5
569.6993 	EXP 	Display Frame 6
569.7327 	EXP 	Display Frame 7
569.7662 	EXP 	Display Frame 8
569.7994 	EXP 	Display Frame 9
569.8327 	EXP 	Display Frame 0
569.8660 	EXP 	Display Frame 1
569.8993 	EXP 	Display Frame 2
569.9327 	EXP 	Display Frame 3
569.9660 	EXP 	Display Frame 4
569.9994 	EXP 	Display Frame 5
570.0327 	EXP 	Display Frame 6
570.0660 	EXP 	Display Frame 7
570.0994 	EXP 	Display Frame 8
570.1327 	EXP 	Display Frame 9
570.1661 	EXP 	Display Frame 0
570.1993 	EXP 	Display Frame 1
570.2327 	EXP 	Display Frame 2
570.2661 	EXP 	Display Frame 3
570.2996 	EXP 	Display Frame 4
570.3328 	EXP 	Display Frame 5
570.3660 	EXP 	Display Frame 6
570.3994 	EXP 	Display Frame 7
570.4327 	EXP 	Display Frame 8
570.4663 	EXP 	Display Frame 9
570.4994 	EXP 	Display Frame 0
570.5326 	EXP 	Display Frame 1
570.5660 	EXP 	Display Frame 2
570.5993 	EXP 	Display Frame 3
570.6327 	EXP 	Display Frame 4
570.6661 	DATA 	Keypress: equal
570.6678 	EXP 	Display Frame 5
570.6797 	EXP 	Display Fixation
575.8525 	DATA 	Keypress: equal
581.0475 	DATA 	Keypress: equal
586.2399 	DATA 	Keypress: equal
591.4342 	DATA 	Keypress: equal
596.6270 	DATA 	Keypress: equal
601.8211 	DATA 	Keypress: equal
601.8628 	EXP 	Display Frame 1
601.8894 	EXP 	Display Frame 2
601.9227 	EXP 	Display Frame 3
601.9561 	EXP 	Display Frame 4
601.9894 	EXP 	Display Frame 5
602.0239 	EXP 	Display Frame 6
602.0560 	EXP 	Display Frame 7
602.0895 	EXP 	Display Frame 8
602.1227 	EXP 	Display Frame 9
602.1560 	EXP 	Display Frame 0
602.1894 	EXP 	Display Frame 1
602.2241 	EXP 	Display Frame 2
602.2560 	EXP 	Display Frame 3
602.2892 	EXP 	Display Frame 4
602.3226 	EXP 	Display Frame 5
602.3559 	EXP 	Display Frame 6
602.3893 	EXP 	Display Frame 7
602.4239 	EXP 	Display Frame 8
602.4559 	EXP 	Display Frame 9
602.4893 	EXP 	Display Frame 0
602.5226 	EXP 	Display Frame 1
602.5559 	EXP 	Display Frame 2
602.5893 	EXP 	Display Frame 3
602.6244 	EXP 	Display Frame 4
602.6559 	EXP 	Display Frame 5
602.6893 	EXP 	Display Frame 6
602.7226 	EXP 	Display Frame 7
602.7560 	EXP 	Display Frame 8
602.7912 	EXP 	Display Frame 9
602.8238 	EXP 	Display Frame 0
602.8559 	EXP 	Display Frame 1
602.8893 	EXP 	Display Frame 2
602.9226 	EXP 	Display Frame 3
602.9559 	EXP 	Display Frame 4
602.9893 	EXP 	Display Frame 5
603.0244 	EXP 	Display Frame 6
603.0560 	EXP 	Display Frame 7
603.0893 	EXP 	Display Frame 8
603.1226 	EXP 	Display Frame 9
603.1560 	EXP 	Display Frame 0
603.1893 	EXP 	Display Frame 1
603.2244 	EXP 	Display Frame 2
603.2560 	EXP 	Display Frame 3
603.2892 	EXP 	Display Frame 4
603.3226 	EXP 	Display Frame 5
603.3561 	EXP 	Display Frame 6
603.3893 	EXP 	Display Frame 7
603.4245 	EXP 	Display Frame 8
603.4559 	EXP 	Display Frame 9
603.4893 	EXP 	Display Frame 0
603.5227 	EXP 	Display Frame 1
603.5559 	EXP 	Display Frame 2
603.5893 	EXP 	Display Frame 3
603.6243 	EXP 	Display Frame 4
603.6560 	EXP 	Display Frame 5
603.6893 	EXP 	Display Frame 6
603.7226 	EXP 	Display Frame 7
603.7560 	EXP 	Display Frame 8
603.7892 	EXP 	Display Frame 9
603.8240 	EXP 	Display Frame 0
603.8560 	EXP 	Display Frame 1
603.8893 	EXP 	Display Frame 2
603.9226 	EXP 	Display Frame 3
603.9559 	EXP 	Display Frame 4
603.9892 	EXP 	Display Frame 5
604.0242 	EXP 	Display Frame 6
604.0559 	EXP 	Display Frame 7
604.0893 	EXP 	Display Frame 8
604.1226 	EXP 	Display Frame 9
604.1560 	EXP 	Display Frame 0
604.1894 	EXP 	Display Frame 1
604.2247 	EXP 	Display Frame 2
604.2559 	EXP 	Display Frame 3
604.2893 	EXP 	Display Frame 4
604.3247 	EXP 	Display Frame 5
604.3560 	EXP 	Display Frame 6
604.3893 	EXP 	Display Frame 7
604.4242 	EXP 	Display Frame 8
604.4559 	EXP 	Display Frame 9
604.4893 	EXP 	Display Frame 0
604.5226 	EXP 	Display Frame 1
604.5559 	EXP 	Display Frame 2
604.5893 	EXP 	Display Frame 3
604.6247 	EXP 	Display Frame 4
604.6560 	EXP 	Display Frame 5
604.6893 	EXP 	Display Frame 6
604.7226 	EXP 	Display Frame 7
604.7560 	EXP 	Display Frame 8
604.7893 	EXP 	Display Frame 9
604.8243 	EXP 	Display Frame 0
604.8560 	EXP 	Display Frame 1
604.8893 	EXP 	Display Frame 2
604.9226 	EXP 	Display Frame 3
604.9559 	EXP 	Display Frame 4
604.9893 	EXP 	Display Frame 5
605.0239 	EXP 	Display Frame 6
605.0559 	EXP 	Display Frame 7
605.0893 	EXP 	Display Frame 8
605.1226 	EXP 	Display Frame 9
605.1560 	EXP 	Display Frame 0
605.1893 	EXP 	Display Frame 1
605.2243 	EXP 	Display Frame 2
605.2560 	EXP 	Display Frame 3
605.2897 	EXP 	Display Frame 4
605.3226 	EXP 	Display Frame 5
605.3561 	EXP 	Display Frame 6
605.3893 	EXP 	Display Frame 7
605.4245 	EXP 	Display Frame 8
605.4559 	EXP 	Display Frame 9
605.4893 	EXP 	Display Frame 0
605.5226 	EXP 	Display Frame 1
605.5560 	EXP 	Display Frame 2
605.5893 	EXP 	Display Frame 3
605.6245 	EXP 	Display Frame 4
605.6559 	EXP 	Display Frame 5
605.6893 	EXP 	Display Frame 6
605.7227 	EXP 	Display Frame 7
605.7560 	EXP 	Display Frame 8
605.7892 	EXP 	Display Frame 9
605.8245 	EXP 	Display Frame 0
605.8561 	EXP 	Display Frame 1
605.8898 	EXP 	Display Frame 2
605.9226 	EXP 	Display Frame 3
605.9559 	EXP 	Display Frame 4
605.9892 	EXP 	Display Frame 5
606.0243 	EXP 	Display Frame 6
606.0560 	EXP 	Display Frame 7
606.0893 	EXP 	Display Frame 8
606.1227 	EXP 	Display Frame 9
606.1560 	EXP 	Display Frame 0
606.1894 	EXP 	Display Frame 1
606.2242 	EXP 	Display Frame 2
606.2560 	EXP 	Display Frame 3
606.2893 	EXP 	Display Frame 4
606.3228 	EXP 	Display Frame 5
606.3580 	EXP 	Display Frame 6
606.3893 	EXP 	Display Frame 7
606.4243 	EXP 	Display Frame 8
606.4559 	EXP 	Display Frame 9
606.4893 	EXP 	Display Frame 0
606.5226 	EXP 	Display Frame 1
606.5559 	EXP 	Display Frame 2
606.5893 	EXP 	Display Frame 3
606.6245 	EXP 	Display Frame 4
606.6559 	EXP 	Display Frame 5
606.6893 	EXP 	Display Frame 6
606.7226 	EXP 	Display Frame 7
606.7560 	EXP 	Display Frame 8
606.7892 	EXP 	Display Frame 9
606.8241 	EXP 	Display Frame 0
606.8559 	EXP 	Display Frame 1
606.8892 	EXP 	Display Frame 2
606.9226 	EXP 	Display Frame 3
606.9559 	EXP 	Display Frame 4
606.9893 	EXP 	Display Frame 5
607.0224 	DATA 	Keypress: equal
607.0239 	EXP 	Display Frame 6
607.0559 	EXP 	Display Frame 7
607.0893 	EXP 	Display Frame 8
607.1226 	EXP 	Display Frame 9
607.1561 	EXP 	Display Frame 0
607.1893 	EXP 	Display Frame 1
607.2242 	EXP 	Display Frame 2
607.2559 	EXP 	Display Frame 3
607.2894 	EXP 	Display Frame 4
607.3226 	EXP 	Display Frame 5
607.3561 	EXP 	Display Frame 6
607.3893 	EXP 	Display Frame 7
607.4244 	EXP 	Display Frame 8
607.4559 	EXP 	Display Frame 9
607.4893 	EXP 	Display Frame 0
607.5226 	EXP 	Display Frame 1
607.5561 	EXP 	Display Frame 2
607.5893 	EXP 	Display Frame 3
607.6245 	EXP 	Display Frame 4
607.6559 	EXP 	Display Frame 5
607.6894 	EXP 	Display Frame 6
607.7226 	EXP 	Display Frame 7
607.7559 	EXP 	Display Frame 8
607.7893 	EXP 	Display Frame 9
607.8245 	EXP 	Display Frame 0
607.8559 	EXP 	Display Frame 1
607.8911 	EXP 	Display Frame 2
607.9226 	EXP 	Display Frame 3
607.9559 	EXP 	Display Frame 4
607.9893 	EXP 	Display Frame 5
608.0241 	EXP 	Display Frame 6
608.0561 	EXP 	Display Frame 7
608.0893 	EXP 	Display Frame 8
608.1227 	EXP 	Display Frame 9
608.1559 	EXP 	Display Frame 0
608.1893 	EXP 	Display Frame 1
608.2245 	EXP 	Display Frame 2
608.2559 	EXP 	Display Frame 3
608.2893 	EXP 	Display Frame 4
608.3227 	EXP 	Display Frame 5
608.3560 	EXP 	Display Frame 6
608.3893 	EXP 	Display Frame 7
608.4240 	EXP 	Display Frame 8
608.4560 	EXP 	Display Frame 9
608.4892 	EXP 	Display Frame 0
608.5226 	EXP 	Display Frame 1
608.5559 	EXP 	Display Frame 2
608.5894 	EXP 	Display Frame 3
608.6240 	EXP 	Display Frame 4
608.6559 	EXP 	Display Frame 5
608.6893 	EXP 	Display Frame 6
608.7226 	EXP 	Display Frame 7
608.7559 	EXP 	Display Frame 8
608.7893 	EXP 	Display Frame 9
608.8244 	EXP 	Display Frame 0
608.8560 	EXP 	Display Frame 1
608.8894 	EXP 	Display Frame 2
608.9226 	EXP 	Display Frame 3
608.9559 	EXP 	Display Frame 4
608.9893 	EXP 	Display Frame 5
609.0244 	EXP 	Display Frame 6
609.0560 	EXP 	Display Frame 7
609.0893 	EXP 	Display Frame 8
609.1226 	EXP 	Display Frame 9
609.1560 	EXP 	Display Frame 0
609.1893 	EXP 	Display Frame 1
609.2240 	EXP 	Display Frame 2
609.2560 	EXP 	Display Frame 3
609.2892 	EXP 	Display Frame 4
609.3226 	EXP 	Display Frame 5
609.3561 	EXP 	Display Frame 6
609.3893 	EXP 	Display Frame 7
609.4227 	EXP 	Display Frame 8
609.4559 	EXP 	Display Frame 9
609.4894 	EXP 	Display Frame 0
609.5226 	EXP 	Display Frame 1
609.5562 	EXP 	Display Frame 2
609.5895 	EXP 	Display Frame 3
609.6243 	EXP 	Display Frame 4
609.6559 	EXP 	Display Frame 5
609.6894 	EXP 	Display Frame 6
609.7228 	EXP 	Display Frame 7
609.7560 	EXP 	Display Frame 8
609.7893 	EXP 	Display Frame 9
609.8242 	EXP 	Display Frame 0
609.8559 	EXP 	Display Frame 1
609.8893 	EXP 	Display Frame 2
609.9241 	EXP 	Display Frame 3
609.9559 	EXP 	Display Frame 4
609.9893 	EXP 	Display Frame 5
610.0245 	EXP 	Display Frame 6
610.0559 	EXP 	Display Frame 7
610.0893 	EXP 	Display Frame 8
610.1227 	EXP 	Display Frame 9
610.1559 	EXP 	Display Frame 0
610.1894 	EXP 	Display Frame 1
610.2246 	EXP 	Display Frame 2
610.2560 	EXP 	Display Frame 3
610.2892 	EXP 	Display Frame 4
610.3226 	EXP 	Display Frame 5
610.3560 	EXP 	Display Frame 6
610.3892 	EXP 	Display Frame 7
610.4247 	EXP 	Display Frame 8
610.4562 	EXP 	Display Frame 9
610.4892 	EXP 	Display Frame 0
610.5228 	EXP 	Display Frame 1
610.5560 	EXP 	Display Frame 2
610.5893 	EXP 	Display Frame 3
610.6238 	EXP 	Display Frame 4
610.6561 	EXP 	Display Frame 5
610.6895 	EXP 	Display Frame 6
610.7227 	EXP 	Display Frame 7
610.7559 	EXP 	Display Frame 8
610.7892 	EXP 	Display Frame 9
610.8242 	EXP 	Display Frame 0
610.8560 	EXP 	Display Frame 1
610.8893 	EXP 	Display Frame 2
610.9226 	EXP 	Display Frame 3
610.9559 	EXP 	Display Frame 4
610.9893 	EXP 	Display Frame 5
611.0241 	EXP 	Display Frame 6
611.0560 	EXP 	Display Frame 7
611.0894 	EXP 	Display Frame 8
611.1226 	EXP 	Display Frame 9
611.1560 	EXP 	Display Frame 0
611.1893 	EXP 	Display Frame 1
611.2241 	EXP 	Display Frame 2
611.2559 	EXP 	Display Frame 3
611.2894 	EXP 	Display Frame 4
611.3226 	EXP 	Display Frame 5
611.3560 	EXP 	Display Frame 6
611.3893 	EXP 	Display Frame 7
611.4247 	EXP 	Display Frame 8
611.4559 	EXP 	Display Frame 9
611.4894 	EXP 	Display Frame 0
611.5226 	EXP 	Display Frame 1
611.5559 	EXP 	Display Frame 2
611.5893 	EXP 	Display Frame 3
611.6238 	EXP 	Display Frame 4
611.6559 	EXP 	Display Frame 5
611.6894 	EXP 	Display Frame 6
611.7226 	EXP 	Display Frame 7
611.7561 	EXP 	Display Frame 8
611.7893 	EXP 	Display Frame 9
611.8245 	EXP 	Display Frame 0
611.8559 	EXP 	Display Frame 1
611.8893 	EXP 	Display Frame 2
611.9226 	EXP 	Display Frame 3
611.9581 	EXP 	Display Frame 4
611.9893 	EXP 	Display Frame 5
612.0236 	EXP 	Display Frame 6
612.0559 	EXP 	Display Frame 7
612.0893 	EXP 	Display Frame 8
612.1227 	EXP 	Display Frame 9
612.1559 	EXP 	Display Frame 0
612.1893 	EXP 	Display Frame 1
612.2228 	DATA 	Keypress: equal
612.2245 	EXP 	Display Frame 2
612.2560 	EXP 	Display Frame 3
612.2893 	EXP 	Display Frame 4
612.3226 	EXP 	Display Frame 5
612.3559 	EXP 	Display Frame 6
612.3895 	EXP 	Display Frame 7
612.4245 	EXP 	Display Frame 8
612.4559 	EXP 	Display Frame 9
612.4893 	EXP 	Display Frame 0
612.5226 	EXP 	Display Frame 1
612.5559 	EXP 	Display Frame 2
612.5893 	EXP 	Display Frame 3
612.6244 	EXP 	Display Frame 4
612.6559 	EXP 	Display Frame 5
612.6893 	EXP 	Display Frame 6
612.7227 	EXP 	Display Frame 7
612.7559 	EXP 	Display Frame 8
612.7893 	EXP 	Display Frame 9
612.8243 	EXP 	Display Frame 0
612.8561 	EXP 	Display Frame 1
612.8894 	EXP 	Display Frame 2
612.9226 	EXP 	Display Frame 3
612.9559 	EXP 	Display Frame 4
612.9894 	EXP 	Display Frame 5
613.0240 	EXP 	Display Frame 6
613.0560 	EXP 	Display Frame 7
613.0893 	EXP 	Display Frame 8
613.1226 	EXP 	Display Frame 9
613.1560 	EXP 	Display Frame 0
613.1893 	EXP 	Display Frame 1
613.2240 	EXP 	Display Frame 2
613.2560 	EXP 	Display Frame 3
613.2893 	EXP 	Display Frame 4
613.3226 	EXP 	Display Frame 5
613.3559 	EXP 	Display Frame 6
613.3893 	EXP 	Display Frame 7
613.4246 	EXP 	Display Frame 8
613.4559 	EXP 	Display Frame 9
613.4893 	EXP 	Display Frame 0
613.5226 	EXP 	Display Frame 1
613.5559 	EXP 	Display Frame 2
613.5893 	EXP 	Display Frame 3
613.6240 	EXP 	Display Frame 4
613.6559 	EXP 	Display Frame 5
613.6893 	EXP 	Display Frame 6
613.7226 	EXP 	Display Frame 7
613.7560 	EXP 	Display Frame 8
613.7893 	EXP 	Display Frame 9
613.8245 	EXP 	Display Frame 0
613.8560 	EXP 	Display Frame 1
613.8893 	EXP 	Display Frame 2
613.9226 	EXP 	Display Frame 3
613.9559 	EXP 	Display Frame 4
613.9914 	EXP 	Display Frame 5
614.0245 	EXP 	Display Frame 6
614.0561 	EXP 	Display Frame 7
614.0893 	EXP 	Display Frame 8
614.1226 	EXP 	Display Frame 9
614.1559 	EXP 	Display Frame 0
614.1893 	EXP 	Display Frame 1
614.2247 	EXP 	Display Frame 2
614.2559 	EXP 	Display Frame 3
614.2893 	EXP 	Display Frame 4
614.3226 	EXP 	Display Frame 5
614.3560 	EXP 	Display Frame 6
614.3893 	EXP 	Display Frame 7
614.4246 	EXP 	Display Frame 8
614.4560 	EXP 	Display Frame 9
614.4892 	EXP 	Display Frame 0
614.5226 	EXP 	Display Frame 1
614.5560 	EXP 	Display Frame 2
614.5894 	EXP 	Display Frame 3
614.6248 	EXP 	Display Frame 4
614.6560 	EXP 	Display Frame 5
614.6893 	EXP 	Display Frame 6
614.7227 	EXP 	Display Frame 7
614.7559 	EXP 	Display Frame 8
614.7894 	EXP 	Display Frame 9
614.8245 	EXP 	Display Frame 0
614.8561 	EXP 	Display Frame 1
614.8892 	EXP 	Display Frame 2
614.9226 	EXP 	Display Frame 3
614.9559 	EXP 	Display Frame 4
614.9894 	EXP 	Display Frame 5
615.0236 	EXP 	Display Frame 6
615.0561 	EXP 	Display Frame 7
615.0892 	EXP 	Display Frame 8
615.1226 	EXP 	Display Frame 9
615.1559 	EXP 	Display Frame 0
615.1893 	EXP 	Display Frame 1
615.2247 	EXP 	Display Frame 2
615.2559 	EXP 	Display Frame 3
615.2892 	EXP 	Display Frame 4
615.3226 	EXP 	Display Frame 5
615.3560 	EXP 	Display Frame 6
615.3893 	EXP 	Display Frame 7
615.4241 	EXP 	Display Frame 8
615.4559 	EXP 	Display Frame 9
615.4892 	EXP 	Display Frame 0
615.5245 	EXP 	Display Frame 1
615.5561 	EXP 	Display Frame 2
615.5893 	EXP 	Display Frame 3
615.6241 	EXP 	Display Frame 4
615.6559 	EXP 	Display Frame 5
615.6895 	EXP 	Display Frame 6
615.7226 	EXP 	Display Frame 7
615.7562 	EXP 	Display Frame 8
615.7892 	EXP 	Display Frame 9
615.8245 	EXP 	Display Frame 0
615.8560 	EXP 	Display Frame 1
615.8894 	EXP 	Display Frame 2
615.9226 	EXP 	Display Frame 3
615.9560 	EXP 	Display Frame 4
615.9893 	EXP 	Display Frame 5
616.0249 	EXP 	Display Frame 6
616.0559 	EXP 	Display Frame 7
616.0893 	EXP 	Display Frame 8
616.1226 	EXP 	Display Frame 9
616.1562 	EXP 	Display Frame 0
616.1893 	EXP 	Display Frame 1
616.2246 	EXP 	Display Frame 2
616.2559 	EXP 	Display Frame 3
616.2893 	EXP 	Display Frame 4
616.3226 	EXP 	Display Frame 5
616.3560 	EXP 	Display Frame 6
616.3893 	EXP 	Display Frame 7
616.4244 	EXP 	Display Frame 8
616.4559 	EXP 	Display Frame 9
616.4893 	EXP 	Display Frame 0
616.5226 	EXP 	Display Frame 1
616.5559 	EXP 	Display Frame 2
616.5893 	EXP 	Display Frame 3
616.6245 	EXP 	Display Frame 4
616.6560 	EXP 	Display Frame 5
616.6893 	EXP 	Display Frame 6
616.7227 	EXP 	Display Frame 7
616.7559 	EXP 	Display Frame 8
616.7893 	EXP 	Display Frame 9
616.8245 	EXP 	Display Frame 0
616.8561 	EXP 	Display Frame 1
616.8892 	EXP 	Display Frame 2
616.9228 	EXP 	Display Frame 3
616.9571 	EXP 	Display Frame 4
616.9892 	EXP 	Display Frame 5
617.0245 	EXP 	Display Frame 6
617.0561 	EXP 	Display Frame 7
617.0893 	EXP 	Display Frame 8
617.1226 	EXP 	Display Frame 9
617.1559 	EXP 	Display Frame 0
617.1893 	EXP 	Display Frame 1
617.2241 	EXP 	Display Frame 2
617.2559 	EXP 	Display Frame 3
617.2893 	EXP 	Display Frame 4
617.3226 	EXP 	Display Frame 5
617.3560 	EXP 	Display Frame 6
617.3893 	EXP 	Display Frame 7
617.4224 	DATA 	Keypress: equal
617.4238 	EXP 	Display Frame 8
617.4559 	EXP 	Display Frame 9
617.4892 	EXP 	Display Frame 0
617.5227 	EXP 	Display Frame 1
617.5563 	EXP 	Display Frame 2
617.5893 	EXP 	Display Frame 3
617.6245 	EXP 	Display Frame 4
617.6559 	EXP 	Display Frame 5
617.6893 	EXP 	Display Frame 6
617.7226 	EXP 	Display Frame 7
617.7560 	EXP 	Display Frame 8
617.7893 	EXP 	Display Frame 9
617.8240 	EXP 	Display Frame 0
617.8560 	EXP 	Display Frame 1
617.8893 	EXP 	Display Frame 2
617.9227 	EXP 	Display Frame 3
617.9559 	EXP 	Display Frame 4
617.9892 	EXP 	Display Frame 5
618.0243 	EXP 	Display Frame 6
618.0582 	EXP 	Display Frame 7
618.0894 	EXP 	Display Frame 8
618.1226 	EXP 	Display Frame 9
618.1560 	EXP 	Display Frame 0
618.1893 	EXP 	Display Frame 1
618.2249 	EXP 	Display Frame 2
618.2559 	EXP 	Display Frame 3
618.2893 	EXP 	Display Frame 4
618.3227 	EXP 	Display Frame 5
618.3561 	EXP 	Display Frame 6
618.3893 	EXP 	Display Frame 7
618.4246 	EXP 	Display Frame 8
618.4560 	EXP 	Display Frame 9
618.4893 	EXP 	Display Frame 0
618.5226 	EXP 	Display Frame 1
618.5559 	EXP 	Display Frame 2
618.5893 	EXP 	Display Frame 3
618.6238 	EXP 	Display Frame 4
618.6559 	EXP 	Display Frame 5
618.6893 	EXP 	Display Frame 6
618.7226 	EXP 	Display Frame 7
618.7560 	EXP 	Display Frame 8
618.7893 	EXP 	Display Frame 9
618.8243 	EXP 	Display Frame 0
618.8560 	EXP 	Display Frame 1
618.8892 	EXP 	Display Frame 2
618.9227 	EXP 	Display Frame 3
618.9559 	EXP 	Display Frame 4
618.9894 	EXP 	Display Frame 5
619.0243 	EXP 	Display Frame 6
619.0560 	EXP 	Display Frame 7
619.0893 	EXP 	Display Frame 8
619.1230 	EXP 	Display Frame 9
619.1561 	EXP 	Display Frame 0
619.1893 	EXP 	Display Frame 1
619.2243 	EXP 	Display Frame 2
619.2559 	EXP 	Display Frame 3
619.2893 	EXP 	Display Frame 4
619.3226 	EXP 	Display Frame 5
619.3560 	EXP 	Display Frame 6
619.3894 	EXP 	Display Frame 7
619.4246 	EXP 	Display Frame 8
619.4559 	EXP 	Display Frame 9
619.4893 	EXP 	Display Frame 0
619.5226 	EXP 	Display Frame 1
619.5560 	EXP 	Display Frame 2
619.5911 	EXP 	Display Frame 3
619.6240 	EXP 	Display Frame 4
619.6560 	EXP 	Display Frame 5
619.6893 	EXP 	Display Frame 6
619.7226 	EXP 	Display Frame 7
619.7561 	EXP 	Display Frame 8
619.7892 	EXP 	Display Frame 9
619.8240 	EXP 	Display Frame 0
619.8560 	EXP 	Display Frame 1
619.8894 	EXP 	Display Frame 2
619.9226 	EXP 	Display Frame 3
619.9559 	EXP 	Display Frame 4
619.9893 	EXP 	Display Frame 5
620.0244 	EXP 	Display Frame 6
620.0560 	EXP 	Display Frame 7
620.0893 	EXP 	Display Frame 8
620.1226 	EXP 	Display Frame 9
620.1559 	EXP 	Display Frame 0
620.1893 	EXP 	Display Frame 1
620.2240 	EXP 	Display Frame 2
620.2559 	EXP 	Display Frame 3
620.2894 	EXP 	Display Frame 4
620.3226 	EXP 	Display Frame 5
620.3561 	EXP 	Display Frame 6
620.3893 	EXP 	Display Frame 7
620.4240 	EXP 	Display Frame 8
620.4560 	EXP 	Display Frame 9
620.4893 	EXP 	Display Frame 0
620.5226 	EXP 	Display Frame 1
620.5559 	EXP 	Display Frame 2
620.5893 	EXP 	Display Frame 3
620.6242 	EXP 	Display Frame 4
620.6560 	EXP 	Display Frame 5
620.6893 	EXP 	Display Frame 6
620.7226 	EXP 	Display Frame 7
620.7575 	EXP 	Display Frame 8
620.7893 	EXP 	Display Frame 9
620.8242 	EXP 	Display Frame 0
620.8560 	EXP 	Display Frame 1
620.8893 	EXP 	Display Frame 2
620.9226 	EXP 	Display Frame 3
620.9559 	EXP 	Display Frame 4
620.9894 	EXP 	Display Frame 5
621.0243 	EXP 	Display Frame 6
621.0560 	EXP 	Display Frame 7
621.0893 	EXP 	Display Frame 8
621.1227 	EXP 	Display Frame 9
621.1559 	EXP 	Display Frame 0
621.1894 	EXP 	Display Frame 1
621.2241 	EXP 	Display Frame 2
621.2560 	EXP 	Display Frame 3
621.2892 	EXP 	Display Frame 4
621.3226 	EXP 	Display Frame 5
621.3559 	EXP 	Display Frame 6
621.3894 	EXP 	Display Frame 7
621.4247 	EXP 	Display Frame 8
621.4559 	EXP 	Display Frame 9
621.4893 	EXP 	Display Frame 0
621.5226 	EXP 	Display Frame 1
621.5560 	EXP 	Display Frame 2
621.5893 	EXP 	Display Frame 3
621.6249 	EXP 	Display Frame 4
621.6559 	EXP 	Display Frame 5
621.6893 	EXP 	Display Frame 6
621.7227 	EXP 	Display Frame 7
621.7560 	EXP 	Display Frame 8
621.7893 	EXP 	Display Frame 9
621.8255 	EXP 	Display Frame 0
621.8560 	EXP 	Display Frame 1
621.8893 	EXP 	Display Frame 2
621.9226 	EXP 	Display Frame 3
621.9560 	EXP 	Display Frame 4
621.9909 	EXP 	Display Frame 5
622.0243 	EXP 	Display Frame 6
622.0560 	EXP 	Display Frame 7
622.0893 	EXP 	Display Frame 8
622.1225 	EXP 	Display Frame 9
622.1560 	EXP 	Display Frame 0
622.1894 	EXP 	Display Frame 1
622.2244 	EXP 	Display Frame 2
622.2560 	EXP 	Display Frame 3
622.2894 	EXP 	Display Frame 4
622.3226 	EXP 	Display Frame 5
622.3560 	EXP 	Display Frame 6
622.3893 	EXP 	Display Frame 7
622.4242 	EXP 	Display Frame 8
622.4561 	EXP 	Display Frame 9
622.4893 	EXP 	Display Frame 0
622.5226 	EXP 	Display Frame 1
622.5561 	EXP 	Display Frame 2
622.5893 	EXP 	Display Frame 3
622.6225 	DATA 	Keypress: equal
622.6238 	EXP 	Display Frame 4
622.6559 	EXP 	Display Frame 5
622.6893 	EXP 	Display Frame 6
622.7226 	EXP 	Display Frame 7
622.7559 	EXP 	Display Frame 8
622.7893 	EXP 	Display Frame 9
622.8241 	EXP 	Display Frame 0
622.8560 	EXP 	Display Frame 1
622.8893 	EXP 	Display Frame 2
622.9226 	EXP 	Display Frame 3
622.9559 	EXP 	Display Frame 4
622.9892 	EXP 	Display Frame 5
623.0239 	EXP 	Display Frame 6
623.0561 	EXP 	Display Frame 7
623.0893 	EXP 	Display Frame 8
623.1226 	EXP 	Display Frame 9
623.1560 	EXP 	Display Frame 0
623.1893 	EXP 	Display Frame 1
623.2243 	EXP 	Display Frame 2
623.2560 	EXP 	Display Frame 3
623.2893 	EXP 	Display Frame 4
623.3227 	EXP 	Display Frame 5
623.3560 	EXP 	Display Frame 6
623.3894 	EXP 	Display Frame 7
623.4243 	EXP 	Display Frame 8
623.4560 	EXP 	Display Frame 9
623.4893 	EXP 	Display Frame 0
623.5226 	EXP 	Display Frame 1
623.5559 	EXP 	Display Frame 2
623.5892 	EXP 	Display Frame 3
623.6244 	EXP 	Display Frame 4
623.6562 	EXP 	Display Frame 5
623.6893 	EXP 	Display Frame 6
623.7227 	EXP 	Display Frame 7
623.7559 	EXP 	Display Frame 8
623.7893 	EXP 	Display Frame 9
623.8243 	EXP 	Display Frame 0
623.8559 	EXP 	Display Frame 1
623.8894 	EXP 	Display Frame 2
623.9226 	EXP 	Display Frame 3
623.9560 	EXP 	Display Frame 4
623.9893 	EXP 	Display Frame 5
624.0242 	EXP 	Display Frame 6
624.0559 	EXP 	Display Frame 7
624.0895 	EXP 	Display Frame 8
624.1226 	EXP 	Display Frame 9
624.1561 	EXP 	Display Frame 0
624.1893 	EXP 	Display Frame 1
624.2241 	EXP 	Display Frame 2
624.2559 	EXP 	Display Frame 3
624.2892 	EXP 	Display Frame 4
624.3226 	EXP 	Display Frame 5
624.3560 	EXP 	Display Frame 6
624.3893 	EXP 	Display Frame 7
624.4245 	EXP 	Display Frame 8
624.4559 	EXP 	Display Frame 9
624.4894 	EXP 	Display Frame 0
624.5226 	EXP 	Display Frame 1
624.5560 	EXP 	Display Frame 2
624.5892 	EXP 	Display Frame 3
624.6242 	EXP 	Display Frame 4
624.6559 	EXP 	Display Frame 5
624.6893 	EXP 	Display Frame 6
624.7226 	EXP 	Display Frame 7
624.7561 	EXP 	Display Frame 8
624.7893 	EXP 	Display Frame 9
624.8245 	EXP 	Display Frame 0
624.8559 	EXP 	Display Frame 1
624.8893 	EXP 	Display Frame 2
624.9227 	EXP 	Display Frame 3
624.9560 	EXP 	Display Frame 4
624.9893 	EXP 	Display Frame 5
625.0245 	EXP 	Display Frame 6
625.0559 	EXP 	Display Frame 7
625.0893 	EXP 	Display Frame 8
625.1227 	EXP 	Display Frame 9
625.1559 	EXP 	Display Frame 0
625.1911 	EXP 	Display Frame 1
625.2245 	EXP 	Display Frame 2
625.2560 	EXP 	Display Frame 3
625.2893 	EXP 	Display Frame 4
625.3226 	EXP 	Display Frame 5
625.3560 	EXP 	Display Frame 6
625.3893 	EXP 	Display Frame 7
625.4242 	EXP 	Display Frame 8
625.4559 	EXP 	Display Frame 9
625.4893 	EXP 	Display Frame 0
625.5228 	EXP 	Display Frame 1
625.5560 	EXP 	Display Frame 2
625.5894 	EXP 	Display Frame 3
625.6242 	EXP 	Display Frame 4
625.6561 	EXP 	Display Frame 5
625.6892 	EXP 	Display Frame 6
625.7228 	EXP 	Display Frame 7
625.7559 	EXP 	Display Frame 8
625.7893 	EXP 	Display Frame 9
625.8239 	EXP 	Display Frame 0
625.8559 	EXP 	Display Frame 1
625.8893 	EXP 	Display Frame 2
625.9226 	EXP 	Display Frame 3
625.9559 	EXP 	Display Frame 4
625.9893 	EXP 	Display Frame 5
626.0243 	EXP 	Display Frame 6
626.0563 	EXP 	Display Frame 7
626.0893 	EXP 	Display Frame 8
626.1226 	EXP 	Display Frame 9
626.1559 	EXP 	Display Frame 0
626.1893 	EXP 	Display Frame 1
626.2240 	EXP 	Display Frame 2
626.2560 	EXP 	Display Frame 3
626.2894 	EXP 	Display Frame 4
626.3226 	EXP 	Display Frame 5
626.3560 	EXP 	Display Frame 6
626.3893 	EXP 	Display Frame 7
626.4246 	EXP 	Display Frame 8
626.4559 	EXP 	Display Frame 9
626.4894 	EXP 	Display Frame 0
626.5226 	EXP 	Display Frame 1
626.5561 	EXP 	Display Frame 2
626.5892 	EXP 	Display Frame 3
626.6245 	EXP 	Display Frame 4
626.6559 	EXP 	Display Frame 5
626.6893 	EXP 	Display Frame 6
626.7226 	EXP 	Display Frame 7
626.7559 	EXP 	Display Frame 8
626.7892 	EXP 	Display Frame 9
626.8242 	EXP 	Display Frame 0
626.8560 	EXP 	Display Frame 1
626.8892 	EXP 	Display Frame 2
626.9226 	EXP 	Display Frame 3
626.9559 	EXP 	Display Frame 4
626.9893 	EXP 	Display Frame 5
627.0245 	EXP 	Display Frame 6
627.0560 	EXP 	Display Frame 7
627.0894 	EXP 	Display Frame 8
627.1226 	EXP 	Display Frame 9
627.1560 	EXP 	Display Frame 0
627.1893 	EXP 	Display Frame 1
627.2242 	EXP 	Display Frame 2
627.2560 	EXP 	Display Frame 3
627.2893 	EXP 	Display Frame 4
627.3227 	EXP 	Display Frame 5
627.3560 	EXP 	Display Frame 6
627.3893 	EXP 	Display Frame 7
627.4243 	EXP 	Display Frame 8
627.4561 	EXP 	Display Frame 9
627.4893 	EXP 	Display Frame 0
627.5226 	EXP 	Display Frame 1
627.5560 	EXP 	Display Frame 2
627.5895 	EXP 	Display Frame 3
627.6245 	EXP 	Display Frame 4
627.6561 	EXP 	Display Frame 5
627.6892 	EXP 	Display Frame 6
627.7227 	EXP 	Display Frame 7
627.7559 	EXP 	Display Frame 8
627.7892 	EXP 	Display Frame 9
627.7903 	DATA 	Keypress: equal
627.8240 	EXP 	Display Frame 0
627.8560 	EXP 	Display Frame 1
627.8893 	EXP 	Display Frame 2
627.9226 	EXP 	Display Frame 3
627.9559 	EXP 	Display Frame 4
627.9892 	EXP 	Display Frame 5
628.0243 	EXP 	Display Frame 6
628.0559 	EXP 	Display Frame 7
628.0893 	EXP 	Display Frame 8
628.1226 	EXP 	Display Frame 9
628.1559 	EXP 	Display Frame 0
628.1893 	EXP 	Display Frame 1
628.2243 	EXP 	Display Frame 2
628.2559 	EXP 	Display Frame 3
628.2893 	EXP 	Display Frame 4
628.3226 	EXP 	Display Frame 5
628.3559 	EXP 	Display Frame 6
628.3893 	EXP 	Display Frame 7
628.4246 	EXP 	Display Frame 8
628.4559 	EXP 	Display Frame 9
628.4893 	EXP 	Display Frame 0
628.5226 	EXP 	Display Frame 1
628.5559 	EXP 	Display Frame 2
628.5893 	EXP 	Display Frame 3
628.6248 	EXP 	Display Frame 4
628.6559 	EXP 	Display Frame 5
628.6894 	EXP 	Display Frame 6
628.7226 	EXP 	Display Frame 7
628.7560 	EXP 	Display Frame 8
628.7892 	EXP 	Display Frame 9
628.8242 	EXP 	Display Frame 0
628.8559 	EXP 	Display Frame 1
628.8894 	EXP 	Display Frame 2
628.9226 	EXP 	Display Frame 3
628.9559 	EXP 	Display Frame 4
628.9893 	EXP 	Display Frame 5
629.0247 	EXP 	Display Frame 6
629.0581 	EXP 	Display Frame 7
629.0892 	EXP 	Display Frame 8
629.1228 	EXP 	Display Frame 9
629.1559 	EXP 	Display Frame 0
629.1897 	EXP 	Display Frame 1
629.2243 	EXP 	Display Frame 2
629.2576 	EXP 	Display Frame 3
629.2892 	EXP 	Display Frame 4
629.3227 	EXP 	Display Frame 5
629.3560 	EXP 	Display Frame 6
629.3894 	EXP 	Display Frame 7
629.4248 	EXP 	Display Frame 8
629.4560 	EXP 	Display Frame 9
629.4892 	EXP 	Display Frame 0
629.5228 	EXP 	Display Frame 1
629.5559 	EXP 	Display Frame 2
629.5893 	EXP 	Display Frame 3
629.6246 	EXP 	Display Frame 4
629.6559 	EXP 	Display Frame 5
629.6893 	EXP 	Display Frame 6
629.7226 	EXP 	Display Frame 7
629.7559 	EXP 	Display Frame 8
629.7893 	EXP 	Display Frame 9
629.8243 	EXP 	Display Frame 0
629.8561 	EXP 	Display Frame 1
629.8893 	EXP 	Display Frame 2
629.9228 	EXP 	Display Frame 3
629.9560 	EXP 	Display Frame 4
629.9893 	EXP 	Display Frame 5
630.0243 	EXP 	Display Frame 6
630.0559 	EXP 	Display Frame 7
630.0893 	EXP 	Display Frame 8
630.1226 	EXP 	Display Frame 9
630.1559 	EXP 	Display Frame 0
630.1894 	EXP 	Display Frame 1
630.2247 	EXP 	Display Frame 2
630.2561 	EXP 	Display Frame 3
630.2893 	EXP 	Display Frame 4
630.3226 	EXP 	Display Frame 5
630.3559 	EXP 	Display Frame 6
630.3893 	EXP 	Display Frame 7
630.4245 	EXP 	Display Frame 8
630.4559 	EXP 	Display Frame 9
630.4893 	EXP 	Display Frame 0
630.5226 	EXP 	Display Frame 1
630.5561 	EXP 	Display Frame 2
630.5894 	EXP 	Display Frame 3
630.6244 	EXP 	Display Frame 4
630.6559 	EXP 	Display Frame 5
630.6894 	EXP 	Display Frame 6
630.7226 	EXP 	Display Frame 7
630.7559 	EXP 	Display Frame 8
630.7893 	EXP 	Display Frame 9
630.8243 	EXP 	Display Frame 0
630.8559 	EXP 	Display Frame 1
630.8894 	EXP 	Display Frame 2
630.9226 	EXP 	Display Frame 3
630.9561 	EXP 	Display Frame 4
630.9893 	EXP 	Display Frame 5
631.0245 	EXP 	Display Frame 6
631.0559 	EXP 	Display Frame 7
631.0893 	EXP 	Display Frame 8
631.1228 	EXP 	Display Frame 9
631.1559 	EXP 	Display Frame 0
631.1893 	EXP 	Display Frame 1
631.2245 	EXP 	Display Frame 2
631.2559 	EXP 	Display Frame 3
631.2914 	EXP 	Display Frame 4
631.3226 	EXP 	Display Frame 5
631.3560 	EXP 	Display Frame 6
631.3892 	EXP 	Display Frame 7
631.4247 	EXP 	Display Frame 8
631.4560 	EXP 	Display Frame 9
631.4892 	EXP 	Display Frame 0
631.5226 	EXP 	Display Frame 1
631.5560 	EXP 	Display Frame 2
631.5892 	EXP 	Display Frame 3
631.6246 	EXP 	Display Frame 4
631.6559 	EXP 	Display Frame 5
631.6893 	EXP 	Display Frame 6
631.7226 	EXP 	Display Frame 7
631.7560 	EXP 	Display Frame 8
631.7892 	EXP 	Display Frame 9
631.8244 	EXP 	Display Frame 0
631.8559 	EXP 	Display Frame 1
631.8892 	EXP 	Display Frame 2
631.9227 	EXP 	Display Frame 3
631.9560 	EXP 	Display Frame 4
631.9893 	EXP 	Display Frame 5
632.0243 	EXP 	Display Frame 6
632.0565 	EXP 	Display Frame 7
632.0895 	EXP 	Display Frame 8
632.1228 	EXP 	Display Frame 9
632.1559 	EXP 	Display Frame 0
632.1893 	EXP 	Display Frame 1
632.2245 	EXP 	Display Frame 2
632.2560 	EXP 	Display Frame 3
632.2893 	EXP 	Display Frame 4
632.3226 	EXP 	Display Frame 5
632.3559 	EXP 	Display Frame 6
632.3893 	EXP 	Display Frame 7
632.4248 	EXP 	Display Frame 8
632.4561 	EXP 	Display Frame 9
632.4893 	EXP 	Display Frame 0
632.5226 	EXP 	Display Frame 1
632.5560 	EXP 	Display Frame 2
632.5892 	EXP 	Display Frame 3
632.6245 	EXP 	Display Frame 4
632.6561 	EXP 	Display Frame 5
632.6893 	EXP 	Display Frame 6
632.7227 	EXP 	Display Frame 7
632.7560 	EXP 	Display Frame 8
632.7892 	EXP 	Display Frame 9
632.8227 	EXP 	Display Frame 0
632.8560 	EXP 	Display Frame 1
632.8893 	EXP 	Display Frame 2
632.9226 	EXP 	Display Frame 3
632.9559 	EXP 	Display Frame 4
632.9892 	DATA 	Keypress: equal
632.9907 	EXP 	Display Frame 5
632.9967 	EXP 	Display Fixation
638.1766 	DATA 	Keypress: equal
643.3704 	DATA 	Keypress: equal
648.5635 	DATA 	Keypress: equal
653.7568 	DATA 	Keypress: equal
658.9501 	DATA 	Keypress: equal
664.1444 	DATA 	Keypress: equal
664.1824 	EXP 	Display Frame 1
664.2129 	EXP 	Display Frame 2
664.2460 	EXP 	Display Frame 3
664.2793 	EXP 	Display Frame 4
664.3127 	EXP 	Display Frame 5
664.3460 	EXP 	Display Frame 6
664.3794 	EXP 	Display Frame 7
664.4128 	EXP 	Display Frame 8
664.4461 	EXP 	Display Frame 9
664.4793 	EXP 	Display Frame 0
664.5126 	EXP 	Display Frame 1
664.5459 	EXP 	Display Frame 2
664.5793 	EXP 	Display Frame 3
664.6126 	EXP 	Display Frame 4
664.6459 	EXP 	Display Frame 5
664.6792 	EXP 	Display Frame 6
664.7126 	EXP 	Display Frame 7
664.7459 	EXP 	Display Frame 8
664.7792 	EXP 	Display Frame 9
664.8126 	EXP 	Display Frame 0
664.8459 	EXP 	Display Frame 1
664.8793 	EXP 	Display Frame 2
664.9126 	EXP 	Display Frame 3
664.9459 	EXP 	Display Frame 4
664.9793 	EXP 	Display Frame 5
665.0126 	EXP 	Display Frame 6
665.0459 	EXP 	Display Frame 7
665.0792 	EXP 	Display Frame 8
665.1127 	EXP 	Display Frame 9
665.1459 	EXP 	Display Frame 0
665.1792 	EXP 	Display Frame 1
665.2127 	EXP 	Display Frame 2
665.2459 	EXP 	Display Frame 3
665.2793 	EXP 	Display Frame 4
665.3126 	EXP 	Display Frame 5
665.3459 	EXP 	Display Frame 6
665.3795 	EXP 	Display Frame 7
665.4128 	EXP 	Display Frame 8
665.4459 	EXP 	Display Frame 9
665.4793 	EXP 	Display Frame 0
665.5126 	EXP 	Display Frame 1
665.5459 	EXP 	Display Frame 2
665.5793 	EXP 	Display Frame 3
665.6126 	EXP 	Display Frame 4
665.6459 	EXP 	Display Frame 5
665.6792 	EXP 	Display Frame 6
665.7126 	EXP 	Display Frame 7
665.7459 	EXP 	Display Frame 8
665.7793 	EXP 	Display Frame 9
665.8126 	EXP 	Display Frame 0
665.8459 	EXP 	Display Frame 1
665.8792 	EXP 	Display Frame 2
665.9127 	EXP 	Display Frame 3
665.9459 	EXP 	Display Frame 4
665.9792 	EXP 	Display Frame 5
666.0127 	EXP 	Display Frame 6
666.0459 	EXP 	Display Frame 7
666.0793 	EXP 	Display Frame 8
666.1126 	EXP 	Display Frame 9
666.1459 	EXP 	Display Frame 0
666.1792 	EXP 	Display Frame 1
666.2126 	EXP 	Display Frame 2
666.2459 	EXP 	Display Frame 3
666.2792 	EXP 	Display Frame 4
666.3126 	EXP 	Display Frame 5
666.3459 	EXP 	Display Frame 6
666.3793 	EXP 	Display Frame 7
666.4127 	EXP 	Display Frame 8
666.4461 	EXP 	Display Frame 9
666.4794 	EXP 	Display Frame 0
666.5127 	EXP 	Display Frame 1
666.5460 	EXP 	Display Frame 2
666.5793 	EXP 	Display Frame 3
666.6127 	EXP 	Display Frame 4
666.6461 	EXP 	Display Frame 5
666.6794 	EXP 	Display Frame 6
666.7128 	EXP 	Display Frame 7
666.7461 	EXP 	Display Frame 8
666.7793 	EXP 	Display Frame 9
666.8128 	EXP 	Display Frame 0
666.8462 	EXP 	Display Frame 1
666.8793 	EXP 	Display Frame 2
666.9126 	EXP 	Display Frame 3
666.9460 	EXP 	Display Frame 4
666.9793 	EXP 	Display Frame 5
667.0126 	EXP 	Display Frame 6
667.0459 	EXP 	Display Frame 7
667.0793 	EXP 	Display Frame 8
667.1126 	EXP 	Display Frame 9
667.1459 	EXP 	Display Frame 0
667.1793 	EXP 	Display Frame 1
667.2126 	EXP 	Display Frame 2
667.2459 	EXP 	Display Frame 3
667.2793 	EXP 	Display Frame 4
667.3127 	EXP 	Display Frame 5
667.3459 	EXP 	Display Frame 6
667.3793 	EXP 	Display Frame 7
667.4126 	EXP 	Display Frame 8
667.4459 	EXP 	Display Frame 9
667.4792 	EXP 	Display Frame 0
667.5126 	EXP 	Display Frame 1
667.5460 	EXP 	Display Frame 2
667.5793 	EXP 	Display Frame 3
667.6131 	EXP 	Display Frame 4
667.6460 	EXP 	Display Frame 5
667.6793 	EXP 	Display Frame 6
667.7126 	EXP 	Display Frame 7
667.7460 	EXP 	Display Frame 8
667.7793 	EXP 	Display Frame 9
667.8126 	EXP 	Display Frame 0
667.8459 	EXP 	Display Frame 1
667.8793 	EXP 	Display Frame 2
667.9126 	EXP 	Display Frame 3
667.9459 	EXP 	Display Frame 4
667.9793 	EXP 	Display Frame 5
668.0126 	EXP 	Display Frame 6
668.0459 	EXP 	Display Frame 7
668.0792 	EXP 	Display Frame 8
668.1126 	EXP 	Display Frame 9
668.1459 	EXP 	Display Frame 0
668.1792 	EXP 	Display Frame 1
668.2126 	EXP 	Display Frame 2
668.2459 	EXP 	Display Frame 3
668.2792 	EXP 	Display Frame 4
668.3126 	EXP 	Display Frame 5
668.3459 	EXP 	Display Frame 6
668.3793 	EXP 	Display Frame 7
668.4126 	EXP 	Display Frame 8
668.4459 	EXP 	Display Frame 9
668.4793 	EXP 	Display Frame 0
668.5126 	EXP 	Display Frame 1
668.5459 	EXP 	Display Frame 2
668.5792 	EXP 	Display Frame 3
668.6126 	EXP 	Display Frame 4
668.6459 	EXP 	Display Frame 5
668.6792 	EXP 	Display Frame 6
668.7126 	EXP 	Display Frame 7
668.7459 	EXP 	Display Frame 8
668.7792 	EXP 	Display Frame 9
668.8126 	EXP 	Display Frame 0
668.8459 	EXP 	Display Frame 1
668.8792 	EXP 	Display Frame 2
668.9125 	EXP 	Display Frame 3
668.9459 	EXP 	Display Frame 4
668.9793 	EXP 	Display Frame 5
669.0126 	EXP 	Display Frame 6
669.0459 	EXP 	Display Frame 7
669.0793 	EXP 	Display Frame 8
669.1126 	EXP 	Display Frame 9
669.1460 	EXP 	Display Frame 0
669.1792 	EXP 	Display Frame 1
669.2126 	EXP 	Display Frame 2
669.2459 	EXP 	Display Frame 3
669.2792 	EXP 	Display Frame 4
669.3126 	EXP 	Display Frame 5
669.3457 	DATA 	Keypress: equal
669.3471 	EXP 	Display Frame 6
669.3793 	EXP 	Display Frame 7
669.4126 	EXP 	Display Frame 8
669.4459 	EXP 	Display Frame 9
669.4792 	EXP 	Display Frame 0
669.5126 	EXP 	Display Frame 1
669.5459 	EXP 	Display Frame 2
669.5793 	EXP 	Display Frame 3
669.6126 	EXP 	Display Frame 4
669.6459 	EXP 	Display Frame 5
669.6792 	EXP 	Display Frame 6
669.7127 	EXP 	Display Frame 7
669.7460 	EXP 	Display Frame 8
669.7793 	EXP 	Display Frame 9
669.8126 	EXP 	Display Frame 0
669.8459 	EXP 	Display Frame 1
669.8793 	EXP 	Display Frame 2
669.9126 	EXP 	Display Frame 3
669.9459 	EXP 	Display Frame 4
669.9792 	EXP 	Display Frame 5
670.0126 	EXP 	Display Frame 6
670.0459 	EXP 	Display Frame 7
670.0793 	EXP 	Display Frame 8
670.1126 	EXP 	Display Frame 9
670.1459 	EXP 	Display Frame 0
670.1792 	EXP 	Display Frame 1
670.2127 	EXP 	Display Frame 2
670.2459 	EXP 	Display Frame 3
670.2793 	EXP 	Display Frame 4
670.3126 	EXP 	Display Frame 5
670.3459 	EXP 	Display Frame 6
670.3792 	EXP 	Display Frame 7
670.4126 	EXP 	Display Frame 8
670.4461 	EXP 	Display Frame 9
670.4793 	EXP 	Display Frame 0
670.5126 	EXP 	Display Frame 1
670.5459 	EXP 	Display Frame 2
670.5793 	EXP 	Display Frame 3
670.6126 	EXP 	Display Frame 4
670.6460 	EXP 	Display Frame 5
670.6793 	EXP 	Display Frame 6
670.7126 	EXP 	Display Frame 7
670.7459 	EXP 	Display Frame 8
670.7792 	EXP 	Display Frame 9
670.8126 	EXP 	Display Frame 0
670.8459 	EXP 	Display Frame 1
670.8792 	EXP 	Display Frame 2
670.9126 	EXP 	Display Frame 3
670.9459 	EXP 	Display Frame 4
670.9792 	EXP 	Display Frame 5
671.0127 	EXP 	Display Frame 6
671.0459 	EXP 	Display Frame 7
671.0793 	EXP 	Display Frame 8
671.1126 	EXP 	Display Frame 9
671.1460 	EXP 	Display Frame 0
671.1792 	EXP 	Display Frame 1
671.2126 	EXP 	Display Frame 2
671.2460 	EXP 	Display Frame 3
671.2792 	EXP 	Display Frame 4
671.3126 	EXP 	Display Frame 5
671.3461 	EXP 	Display Frame 6
671.3793 	EXP 	Display Frame 7
671.4126 	EXP 	Display Frame 8
671.4459 	EXP 	Display Frame 9
671.4792 	EXP 	Display Frame 0
671.5126 	EXP 	Display Frame 1
671.5459 	EXP 	Display Frame 2
671.5792 	EXP 	Display Frame 3
671.6126 	EXP 	Display Frame 4
671.6459 	EXP 	Display Frame 5
671.6792 	EXP 	Display Frame 6
671.7126 	EXP 	Display Frame 7
671.7459 	EXP 	Display Frame 8
671.7792 	EXP 	Display Frame 9
671.8126 	EXP 	Display Frame 0
671.8459 	EXP 	Display Frame 1
671.8792 	EXP 	Display Frame 2
671.9126 	EXP 	Display Frame 3
671.9459 	EXP 	Display Frame 4
671.9792 	EXP 	Display Frame 5
672.0125 	EXP 	Display Frame 6
672.0459 	EXP 	Display Frame 7
672.0793 	EXP 	Display Frame 8
672.1126 	EXP 	Display Frame 9
672.1460 	EXP 	Display Frame 0
672.1792 	EXP 	Display Frame 1
672.2126 	EXP 	Display Frame 2
672.2460 	EXP 	Display Frame 3
672.2793 	EXP 	Display Frame 4
672.3126 	EXP 	Display Frame 5
672.3460 	EXP 	Display Frame 6
672.3793 	EXP 	Display Frame 7
672.4127 	EXP 	Display Frame 8
672.4460 	EXP 	Display Frame 9
672.4793 	EXP 	Display Frame 0
672.5126 	EXP 	Display Frame 1
672.5460 	EXP 	Display Frame 2
672.5793 	EXP 	Display Frame 3
672.6126 	EXP 	Display Frame 4
672.6460 	EXP 	Display Frame 5
672.6793 	EXP 	Display Frame 6
672.7127 	EXP 	Display Frame 7
672.7460 	EXP 	Display Frame 8
672.7793 	EXP 	Display Frame 9
672.8129 	EXP 	Display Frame 0
672.8461 	EXP 	Display Frame 1
672.8792 	EXP 	Display Frame 2
672.9128 	EXP 	Display Frame 3
672.9459 	EXP 	Display Frame 4
672.9793 	EXP 	Display Frame 5
673.0127 	EXP 	Display Frame 6
673.0460 	EXP 	Display Frame 7
673.0793 	EXP 	Display Frame 8
673.1126 	EXP 	Display Frame 9
673.1459 	EXP 	Display Frame 0
673.1792 	EXP 	Display Frame 1
673.2126 	EXP 	Display Frame 2
673.2459 	EXP 	Display Frame 3
673.2794 	EXP 	Display Frame 4
673.3126 	EXP 	Display Frame 5
673.3459 	EXP 	Display Frame 6
673.3792 	EXP 	Display Frame 7
673.4126 	EXP 	Display Frame 8
673.4459 	EXP 	Display Frame 9
673.4794 	EXP 	Display Frame 0
673.5126 	EXP 	Display Frame 1
673.5459 	EXP 	Display Frame 2
673.5792 	EXP 	Display Frame 3
673.6127 	EXP 	Display Frame 4
673.6459 	EXP 	Display Frame 5
673.6792 	EXP 	Display Frame 6
673.7126 	EXP 	Display Frame 7
673.7459 	EXP 	Display Frame 8
673.7793 	EXP 	Display Frame 9
673.8126 	EXP 	Display Frame 0
673.8459 	EXP 	Display Frame 1
673.8792 	EXP 	Display Frame 2
673.9126 	EXP 	Display Frame 3
673.9459 	EXP 	Display Frame 4
673.9793 	EXP 	Display Frame 5
674.0126 	EXP 	Display Frame 6
674.0459 	EXP 	Display Frame 7
674.0793 	EXP 	Display Frame 8
674.1126 	EXP 	Display Frame 9
674.1459 	EXP 	Display Frame 0
674.1792 	EXP 	Display Frame 1
674.2126 	EXP 	Display Frame 2
674.2459 	EXP 	Display Frame 3
674.2793 	EXP 	Display Frame 4
674.3125 	EXP 	Display Frame 5
674.3459 	EXP 	Display Frame 6
674.3793 	EXP 	Display Frame 7
674.4126 	EXP 	Display Frame 8
674.4459 	EXP 	Display Frame 9
674.4792 	EXP 	Display Frame 0
674.5126 	EXP 	Display Frame 1
674.5462 	DATA 	Keypress: equal
674.5479 	EXP 	Display Frame 2
674.5793 	EXP 	Display Frame 3
674.6126 	EXP 	Display Frame 4
674.6459 	EXP 	Display Frame 5
674.6792 	EXP 	Display Frame 6
674.7126 	EXP 	Display Frame 7
674.7459 	EXP 	Display Frame 8
674.7792 	EXP 	Display Frame 9
674.8126 	EXP 	Display Frame 0
674.8459 	EXP 	Display Frame 1
674.8793 	EXP 	Display Frame 2
674.9126 	EXP 	Display Frame 3
674.9459 	EXP 	Display Frame 4
674.9793 	EXP 	Display Frame 5
675.0125 	EXP 	Display Frame 6
675.0460 	EXP 	Display Frame 7
675.0794 	EXP 	Display Frame 8
675.1126 	EXP 	Display Frame 9
675.1459 	EXP 	Display Frame 0
675.1792 	EXP 	Display Frame 1
675.2126 	EXP 	Display Frame 2
675.2459 	EXP 	Display Frame 3
675.2792 	EXP 	Display Frame 4
675.3131 	EXP 	Display Frame 5
675.3459 	EXP 	Display Frame 6
675.3793 	EXP 	Display Frame 7
675.4126 	EXP 	Display Frame 8
675.4459 	EXP 	Display Frame 9
675.4792 	EXP 	Display Frame 0
675.5126 	EXP 	Display Frame 1
675.5459 	EXP 	Display Frame 2
675.5793 	EXP 	Display Frame 3
675.6128 	EXP 	Display Frame 4
675.6459 	EXP 	Display Frame 5
675.6792 	EXP 	Display Frame 6
675.7126 	EXP 	Display Frame 7
675.7461 	EXP 	Display Frame 8
675.7792 	EXP 	Display Frame 9
675.8126 	EXP 	Display Frame 0
675.8459 	EXP 	Display Frame 1
675.8792 	EXP 	Display Frame 2
675.9126 	EXP 	Display Frame 3
675.9459 	EXP 	Display Frame 4
675.9792 	EXP 	Display Frame 5
676.0126 	EXP 	Display Frame 6
676.0459 	EXP 	Display Frame 7
676.0793 	EXP 	Display Frame 8
676.1126 	EXP 	Display Frame 9
676.1459 	EXP 	Display Frame 0
676.1793 	EXP 	Display Frame 1
676.2128 	EXP 	Display Frame 2
676.2459 	EXP 	Display Frame 3
676.2793 	EXP 	Display Frame 4
676.3126 	EXP 	Display Frame 5
676.3459 	EXP 	Display Frame 6
676.3793 	EXP 	Display Frame 7
676.4126 	EXP 	Display Frame 8
676.4459 	EXP 	Display Frame 9
676.4793 	EXP 	Display Frame 0
676.5126 	EXP 	Display Frame 1
676.5459 	EXP 	Display Frame 2
676.5793 	EXP 	Display Frame 3
676.6126 	EXP 	Display Frame 4
676.6459 	EXP 	Display Frame 5
676.6793 	EXP 	Display Frame 6
676.7126 	EXP 	Display Frame 7
676.7459 	EXP 	Display Frame 8
676.7793 	EXP 	Display Frame 9
676.8125 	EXP 	Display Frame 0
676.8459 	EXP 	Display Frame 1
676.8792 	EXP 	Display Frame 2
676.9126 	EXP 	Display Frame 3
676.9459 	EXP 	Display Frame 4
676.9793 	EXP 	Display Frame 5
677.0126 	EXP 	Display Frame 6
677.0459 	EXP 	Display Frame 7
677.0792 	EXP 	Display Frame 8
677.1127 	EXP 	Display Frame 9
677.1459 	EXP 	Display Frame 0
677.1792 	EXP 	Display Frame 1
677.2126 	EXP 	Display Frame 2
677.2459 	EXP 	Display Frame 3
677.2792 	EXP 	Display Frame 4
677.3126 	EXP 	Display Frame 5
677.3459 	EXP 	Display Frame 6
677.3793 	EXP 	Display Frame 7
677.4126 	EXP 	Display Frame 8
677.4459 	EXP 	Display Frame 9
677.4792 	EXP 	Display Frame 0
677.5126 	EXP 	Display Frame 1
677.5459 	EXP 	Display Frame 2
677.5792 	EXP 	Display Frame 3
677.6128 	EXP 	Display Frame 4
677.6462 	EXP 	Display Frame 5
677.6793 	EXP 	Display Frame 6
677.7126 	EXP 	Display Frame 7
677.7460 	EXP 	Display Frame 8
677.7793 	EXP 	Display Frame 9
677.8126 	EXP 	Display Frame 0
677.8459 	EXP 	Display Frame 1
677.8793 	EXP 	Display Frame 2
677.9126 	EXP 	Display Frame 3
677.9459 	EXP 	Display Frame 4
677.9792 	EXP 	Display Frame 5
678.0126 	EXP 	Display Frame 6
678.0459 	EXP 	Display Frame 7
678.0792 	EXP 	Display Frame 8
678.1126 	EXP 	Display Frame 9
678.1459 	EXP 	Display Frame 0
678.1793 	EXP 	Display Frame 1
678.2126 	EXP 	Display Frame 2
678.2459 	EXP 	Display Frame 3
678.2792 	EXP 	Display Frame 4
678.3125 	EXP 	Display Frame 5
678.3459 	EXP 	Display Frame 6
678.3792 	EXP 	Display Frame 7
678.4126 	EXP 	Display Frame 8
678.4459 	EXP 	Display Frame 9
678.4792 	EXP 	Display Frame 0
678.5126 	EXP 	Display Frame 1
678.5459 	EXP 	Display Frame 2
678.5793 	EXP 	Display Frame 3
678.6126 	EXP 	Display Frame 4
678.6460 	EXP 	Display Frame 5
678.6792 	EXP 	Display Frame 6
678.7126 	EXP 	Display Frame 7
678.7460 	EXP 	Display Frame 8
678.7792 	EXP 	Display Frame 9
678.8126 	EXP 	Display Frame 0
678.8461 	EXP 	Display Frame 1
678.8793 	EXP 	Display Frame 2
678.9128 	EXP 	Display Frame 3
678.9459 	EXP 	Display Frame 4
678.9792 	EXP 	Display Frame 5
679.0125 	EXP 	Display Frame 6
679.0459 	EXP 	Display Frame 7
679.0792 	EXP 	Display Frame 8
679.1124 	EXP 	Display Frame 9
679.1460 	EXP 	Display Frame 0
679.1792 	EXP 	Display Frame 1
679.2126 	EXP 	Display Frame 2
679.2459 	EXP 	Display Frame 3
679.2792 	EXP 	Display Frame 4
679.3126 	EXP 	Display Frame 5
679.3459 	EXP 	Display Frame 6
679.3793 	EXP 	Display Frame 7
679.4126 	EXP 	Display Frame 8
679.4459 	EXP 	Display Frame 9
679.4792 	EXP 	Display Frame 0
679.5126 	EXP 	Display Frame 1
679.5459 	EXP 	Display Frame 2
679.5793 	EXP 	Display Frame 3
679.6126 	EXP 	Display Frame 4
679.6459 	EXP 	Display Frame 5
679.6793 	EXP 	Display Frame 6
679.7126 	EXP 	Display Frame 7
679.7457 	DATA 	Keypress: equal
679.7471 	EXP 	Display Frame 8
679.7793 	EXP 	Display Frame 9
679.8126 	EXP 	Display Frame 0
679.8459 	EXP 	Display Frame 1
679.8793 	EXP 	Display Frame 2
679.9126 	EXP 	Display Frame 3
679.9459 	EXP 	Display Frame 4
679.9792 	EXP 	Display Frame 5
680.0126 	EXP 	Display Frame 6
680.0459 	EXP 	Display Frame 7
680.0793 	EXP 	Display Frame 8
680.1126 	EXP 	Display Frame 9
680.1459 	EXP 	Display Frame 0
680.1793 	EXP 	Display Frame 1
680.2126 	EXP 	Display Frame 2
680.2459 	EXP 	Display Frame 3
680.2793 	EXP 	Display Frame 4
680.3125 	EXP 	Display Frame 5
680.3459 	EXP 	Display Frame 6
680.3793 	EXP 	Display Frame 7
680.4127 	EXP 	Display Frame 8
680.4459 	EXP 	Display Frame 9
680.4792 	EXP 	Display Frame 0
680.5126 	EXP 	Display Frame 1
680.5459 	EXP 	Display Frame 2
680.5792 	EXP 	Display Frame 3
680.6126 	EXP 	Display Frame 4
680.6459 	EXP 	Display Frame 5
680.6792 	EXP 	Display Frame 6
680.7126 	EXP 	Display Frame 7
680.7459 	EXP 	Display Frame 8
680.7792 	EXP 	Display Frame 9
680.8128 	EXP 	Display Frame 0
680.8462 	EXP 	Display Frame 1
680.8795 	EXP 	Display Frame 2
680.9129 	EXP 	Display Frame 3
680.9460 	EXP 	Display Frame 4
680.9792 	EXP 	Display Frame 5
681.0126 	EXP 	Display Frame 6
681.0459 	EXP 	Display Frame 7
681.0792 	EXP 	Display Frame 8
681.1126 	EXP 	Display Frame 9
681.1459 	EXP 	Display Frame 0
681.1792 	EXP 	Display Frame 1
681.2126 	EXP 	Display Frame 2
681.2459 	EXP 	Display Frame 3
681.2792 	EXP 	Display Frame 4
681.3126 	EXP 	Display Frame 5
681.3459 	EXP 	Display Frame 6
681.3792 	EXP 	Display Frame 7
681.4126 	EXP 	Display Frame 8
681.4460 	EXP 	Display Frame 9
681.4792 	EXP 	Display Frame 0
681.5126 	EXP 	Display Frame 1
681.5459 	EXP 	Display Frame 2
681.5792 	EXP 	Display Frame 3
681.6125 	EXP 	Display Frame 4
681.6459 	EXP 	Display Frame 5
681.6792 	EXP 	Display Frame 6
681.7127 	EXP 	Display Frame 7
681.7459 	EXP 	Display Frame 8
681.7793 	EXP 	Display Frame 9
681.8125 	EXP 	Display Frame 0
681.8459 	EXP 	Display Frame 1
681.8794 	EXP 	Display Frame 2
681.9126 	EXP 	Display Frame 3
681.9459 	EXP 	Display Frame 4
681.9792 	EXP 	Display Frame 5
682.0126 	EXP 	Display Frame 6
682.0459 	EXP 	Display Frame 7
682.0792 	EXP 	Display Frame 8
682.1126 	EXP 	Display Frame 9
682.1459 	EXP 	Display Frame 0
682.1792 	EXP 	Display Frame 1
682.2127 	EXP 	Display Frame 2
682.2459 	EXP 	Display Frame 3
682.2792 	EXP 	Display Frame 4
682.3125 	EXP 	Display Frame 5
682.3459 	EXP 	Display Frame 6
682.3792 	EXP 	Display Frame 7
682.4125 	EXP 	Display Frame 8
682.4459 	EXP 	Display Frame 9
682.4792 	EXP 	Display Frame 0
682.5125 	EXP 	Display Frame 1
682.5459 	EXP 	Display Frame 2
682.5792 	EXP 	Display Frame 3
682.6125 	EXP 	Display Frame 4
682.6460 	EXP 	Display Frame 5
682.6792 	EXP 	Display Frame 6
682.7127 	EXP 	Display Frame 7
682.7459 	EXP 	Display Frame 8
682.7792 	EXP 	Display Frame 9
682.8126 	EXP 	Display Frame 0
682.8459 	EXP 	Display Frame 1
682.8792 	EXP 	Display Frame 2
682.9126 	EXP 	Display Frame 3
682.9459 	EXP 	Display Frame 4
682.9792 	EXP 	Display Frame 5
683.0126 	EXP 	Display Frame 6
683.0459 	EXP 	Display Frame 7
683.0793 	EXP 	Display Frame 8
683.1126 	EXP 	Display Frame 9
683.1459 	EXP 	Display Frame 0
683.1792 	EXP 	Display Frame 1
683.2126 	EXP 	Display Frame 2
683.2459 	EXP 	Display Frame 3
683.2792 	EXP 	Display Frame 4
683.3126 	EXP 	Display Frame 5
683.3459 	EXP 	Display Frame 6
683.3792 	EXP 	Display Frame 7
683.4126 	EXP 	Display Frame 8
683.4459 	EXP 	Display Frame 9
683.4792 	EXP 	Display Frame 0
683.5126 	EXP 	Display Frame 1
683.5459 	EXP 	Display Frame 2
683.5792 	EXP 	Display Frame 3
683.6125 	EXP 	Display Frame 4
683.6459 	EXP 	Display Frame 5
683.6793 	EXP 	Display Frame 6
683.7126 	EXP 	Display Frame 7
683.7460 	EXP 	Display Frame 8
683.7792 	EXP 	Display Frame 9
683.8125 	EXP 	Display Frame 0
683.8459 	EXP 	Display Frame 1
683.8792 	EXP 	Display Frame 2
683.9126 	EXP 	Display Frame 3
683.9459 	EXP 	Display Frame 4
683.9792 	EXP 	Display Frame 5
684.0125 	EXP 	Display Frame 6
684.0459 	EXP 	Display Frame 7
684.0792 	EXP 	Display Frame 8
684.1126 	EXP 	Display Frame 9
684.1459 	EXP 	Display Frame 0
684.1792 	EXP 	Display Frame 1
684.2126 	EXP 	Display Frame 2
684.2459 	EXP 	Display Frame 3
684.2792 	EXP 	Display Frame 4
684.3125 	EXP 	Display Frame 5
684.3459 	EXP 	Display Frame 6
684.3794 	EXP 	Display Frame 7
684.4125 	EXP 	Display Frame 8
684.4459 	EXP 	Display Frame 9
684.4792 	EXP 	Display Frame 0
684.5125 	EXP 	Display Frame 1
684.5459 	EXP 	Display Frame 2
684.5792 	EXP 	Display Frame 3
684.6126 	EXP 	Display Frame 4
684.6459 	EXP 	Display Frame 5
684.6792 	EXP 	Display Frame 6
684.7124 	EXP 	Display Frame 7
684.7459 	EXP 	Display Frame 8
684.7793 	EXP 	Display Frame 9
684.8126 	EXP 	Display Frame 0
684.8459 	EXP 	Display Frame 1
684.8793 	EXP 	Display Frame 2
684.9126 	EXP 	Display Frame 3
684.9458 	DATA 	Keypress: equal
684.9472 	EXP 	Display Frame 4
684.9792 	EXP 	Display Frame 5
685.0126 	EXP 	Display Frame 6
685.0459 	EXP 	Display Frame 7
685.0793 	EXP 	Display Frame 8
685.1126 	EXP 	Display Frame 9
685.1459 	EXP 	Display Frame 0
685.1792 	EXP 	Display Frame 1
685.2126 	EXP 	Display Frame 2
685.2459 	EXP 	Display Frame 3
685.2792 	EXP 	Display Frame 4
685.3126 	EXP 	Display Frame 5
685.3459 	EXP 	Display Frame 6
685.3793 	EXP 	Display Frame 7
685.4126 	EXP 	Display Frame 8
685.4459 	EXP 	Display Frame 9
685.4792 	EXP 	Display Frame 0
685.5126 	EXP 	Display Frame 1
685.5459 	EXP 	Display Frame 2
685.5792 	EXP 	Display Frame 3
685.6126 	EXP 	Display Frame 4
685.6459 	EXP 	Display Frame 5
685.6792 	EXP 	Display Frame 6
685.7127 	EXP 	Display Frame 7
685.7462 	EXP 	Display Frame 8
685.7793 	EXP 	Display Frame 9
685.8126 	EXP 	Display Frame 0
685.8459 	EXP 	Display Frame 1
685.8793 	EXP 	Display Frame 2
685.9126 	EXP 	Display Frame 3
685.9460 	EXP 	Display Frame 4
685.9793 	EXP 	Display Frame 5
686.0126 	EXP 	Display Frame 6
686.0459 	EXP 	Display Frame 7
686.0793 	EXP 	Display Frame 8
686.1126 	EXP 	Display Frame 9
686.1459 	EXP 	Display Frame 0
686.1792 	EXP 	Display Frame 1
686.2128 	EXP 	Display Frame 2
686.2459 	EXP 	Display Frame 3
686.2794 	EXP 	Display Frame 4
686.3125 	EXP 	Display Frame 5
686.3459 	EXP 	Display Frame 6
686.3792 	EXP 	Display Frame 7
686.4126 	EXP 	Display Frame 8
686.4461 	EXP 	Display Frame 9
686.4792 	EXP 	Display Frame 0
686.5126 	EXP 	Display Frame 1
686.5459 	EXP 	Display Frame 2
686.5793 	EXP 	Display Frame 3
686.6126 	EXP 	Display Frame 4
686.6459 	EXP 	Display Frame 5
686.6793 	EXP 	Display Frame 6
686.7126 	EXP 	Display Frame 7
686.7459 	EXP 	Display Frame 8
686.7792 	EXP 	Display Frame 9
686.8126 	EXP 	Display Frame 0
686.8460 	EXP 	Display Frame 1
686.8793 	EXP 	Display Frame 2
686.9126 	EXP 	Display Frame 3
686.9459 	EXP 	Display Frame 4
686.9793 	EXP 	Display Frame 5
687.0126 	EXP 	Display Frame 6
687.0459 	EXP 	Display Frame 7
687.0792 	EXP 	Display Frame 8
687.1126 	EXP 	Display Frame 9
687.1459 	EXP 	Display Frame 0
687.1792 	EXP 	Display Frame 1
687.2126 	EXP 	Display Frame 2
687.2459 	EXP 	Display Frame 3
687.2792 	EXP 	Display Frame 4
687.3127 	EXP 	Display Frame 5
687.3460 	EXP 	Display Frame 6
687.3801 	EXP 	Display Frame 7
687.4126 	EXP 	Display Frame 8
687.4461 	EXP 	Display Frame 9
687.4792 	EXP 	Display Frame 0
687.5126 	EXP 	Display Frame 1
687.5459 	EXP 	Display Frame 2
687.5792 	EXP 	Display Frame 3
687.6127 	EXP 	Display Frame 4
687.6459 	EXP 	Display Frame 5
687.6792 	EXP 	Display Frame 6
687.7126 	EXP 	Display Frame 7
687.7459 	EXP 	Display Frame 8
687.7792 	EXP 	Display Frame 9
687.8126 	EXP 	Display Frame 0
687.8459 	EXP 	Display Frame 1
687.8792 	EXP 	Display Frame 2
687.9126 	EXP 	Display Frame 3
687.9459 	EXP 	Display Frame 4
687.9793 	EXP 	Display Frame 5
688.0126 	EXP 	Display Frame 6
688.0459 	EXP 	Display Frame 7
688.0792 	EXP 	Display Frame 8
688.1126 	EXP 	Display Frame 9
688.1460 	EXP 	Display Frame 0
688.1792 	EXP 	Display Frame 1
688.2127 	EXP 	Display Frame 2
688.2459 	EXP 	Display Frame 3
688.2792 	EXP 	Display Frame 4
688.3126 	EXP 	Display Frame 5
688.3459 	EXP 	Display Frame 6
688.3796 	EXP 	Display Frame 7
688.4126 	EXP 	Display Frame 8
688.4459 	EXP 	Display Frame 9
688.4792 	EXP 	Display Frame 0
688.5126 	EXP 	Display Frame 1
688.5459 	EXP 	Display Frame 2
688.5793 	EXP 	Display Frame 3
688.6126 	EXP 	Display Frame 4
688.6459 	EXP 	Display Frame 5
688.6793 	EXP 	Display Frame 6
688.7126 	EXP 	Display Frame 7
688.7459 	EXP 	Display Frame 8
688.7793 	EXP 	Display Frame 9
688.8126 	EXP 	Display Frame 0
688.8459 	EXP 	Display Frame 1
688.8793 	EXP 	Display Frame 2
688.9126 	EXP 	Display Frame 3
688.9459 	EXP 	Display Frame 4
688.9793 	EXP 	Display Frame 5
689.0126 	EXP 	Display Frame 6
689.0460 	EXP 	Display Frame 7
689.0793 	EXP 	Display Frame 8
689.1126 	EXP 	Display Frame 9
689.1459 	EXP 	Display Frame 0
689.1792 	EXP 	Display Frame 1
689.2126 	EXP 	Display Frame 2
689.2459 	EXP 	Display Frame 3
689.2792 	EXP 	Display Frame 4
689.3126 	EXP 	Display Frame 5
689.3459 	EXP 	Display Frame 6
689.3792 	EXP 	Display Frame 7
689.4125 	EXP 	Display Frame 8
689.4461 	EXP 	Display Frame 9
689.4793 	EXP 	Display Frame 0
689.5128 	EXP 	Display Frame 1
689.5460 	EXP 	Display Frame 2
689.5793 	EXP 	Display Frame 3
689.6128 	EXP 	Display Frame 4
689.6461 	EXP 	Display Frame 5
689.6794 	EXP 	Display Frame 6
689.7127 	EXP 	Display Frame 7
689.7460 	EXP 	Display Frame 8
689.7793 	EXP 	Display Frame 9
689.8127 	EXP 	Display Frame 0
689.8461 	EXP 	Display Frame 1
689.8792 	EXP 	Display Frame 2
689.9126 	EXP 	Display Frame 3
689.9459 	EXP 	Display Frame 4
689.9793 	EXP 	Display Frame 5
690.0126 	EXP 	Display Frame 6
690.0459 	EXP 	Display Frame 7
690.0793 	EXP 	Display Frame 8
690.1125 	DATA 	Keypress: equal
690.1139 	EXP 	Display Frame 9
690.1459 	EXP 	Display Frame 0
690.1792 	EXP 	Display Frame 1
690.2127 	EXP 	Display Frame 2
690.2459 	EXP 	Display Frame 3
690.2793 	EXP 	Display Frame 4
690.3126 	EXP 	Display Frame 5
690.3460 	EXP 	Display Frame 6
690.3792 	EXP 	Display Frame 7
690.4125 	EXP 	Display Frame 8
690.4459 	EXP 	Display Frame 9
690.4792 	EXP 	Display Frame 0
690.5126 	EXP 	Display Frame 1
690.5461 	EXP 	Display Frame 2
690.5792 	EXP 	Display Frame 3
690.6126 	EXP 	Display Frame 4
690.6459 	EXP 	Display Frame 5
690.6792 	EXP 	Display Frame 6
690.7126 	EXP 	Display Frame 7
690.7459 	EXP 	Display Frame 8
690.7793 	EXP 	Display Frame 9
690.8126 	EXP 	Display Frame 0
690.8460 	EXP 	Display Frame 1
690.8794 	EXP 	Display Frame 2
690.9127 	EXP 	Display Frame 3
690.9460 	EXP 	Display Frame 4
690.9793 	EXP 	Display Frame 5
691.0127 	EXP 	Display Frame 6
691.0460 	EXP 	Display Frame 7
691.0793 	EXP 	Display Frame 8
691.1127 	EXP 	Display Frame 9
691.1460 	EXP 	Display Frame 0
691.1793 	EXP 	Display Frame 1
691.2128 	EXP 	Display Frame 2
691.2462 	EXP 	Display Frame 3
691.2794 	EXP 	Display Frame 4
691.3127 	EXP 	Display Frame 5
691.3460 	EXP 	Display Frame 6
691.3793 	EXP 	Display Frame 7
691.4127 	EXP 	Display Frame 8
691.4461 	EXP 	Display Frame 9
691.4794 	EXP 	Display Frame 0
691.5127 	EXP 	Display Frame 1
691.5460 	EXP 	Display Frame 2
691.5793 	EXP 	Display Frame 3
691.6126 	EXP 	Display Frame 4
691.6459 	EXP 	Display Frame 5
691.6792 	EXP 	Display Frame 6
691.7126 	EXP 	Display Frame 7
691.7459 	EXP 	Display Frame 8
691.7792 	EXP 	Display Frame 9
691.8127 	EXP 	Display Frame 0
691.8459 	EXP 	Display Frame 1
691.8793 	EXP 	Display Frame 2
691.9126 	EXP 	Display Frame 3
691.9459 	EXP 	Display Frame 4
691.9792 	EXP 	Display Frame 5
692.0126 	EXP 	Display Frame 6
692.0459 	EXP 	Display Frame 7
692.0792 	EXP 	Display Frame 8
692.1126 	EXP 	Display Frame 9
692.1459 	EXP 	Display Frame 0
692.1793 	EXP 	Display Frame 1
692.2126 	EXP 	Display Frame 2
692.2459 	EXP 	Display Frame 3
692.2793 	EXP 	Display Frame 4
692.3126 	EXP 	Display Frame 5
692.3457 	EXP 	Display Frame 6
692.3793 	EXP 	Display Frame 7
692.4138 	EXP 	Display Frame 8
692.4459 	EXP 	Display Frame 9
692.4793 	EXP 	Display Frame 0
692.5126 	EXP 	Display Frame 1
692.5459 	EXP 	Display Frame 2
692.5792 	EXP 	Display Frame 3
692.6126 	EXP 	Display Frame 4
692.6459 	EXP 	Display Frame 5
692.6793 	EXP 	Display Frame 6
692.7126 	EXP 	Display Frame 7
692.7459 	EXP 	Display Frame 8
692.7794 	EXP 	Display Frame 9
692.8126 	EXP 	Display Frame 0
692.8459 	EXP 	Display Frame 1
692.8794 	EXP 	Display Frame 2
692.9127 	EXP 	Display Frame 3
692.9460 	EXP 	Display Frame 4
692.9795 	EXP 	Display Frame 5
693.0129 	EXP 	Display Frame 6
693.0461 	EXP 	Display Frame 7
693.0794 	EXP 	Display Frame 8
693.1128 	EXP 	Display Frame 9
693.1460 	EXP 	Display Frame 0
693.1792 	EXP 	Display Frame 1
693.2126 	EXP 	Display Frame 2
693.2460 	EXP 	Display Frame 3
693.2793 	EXP 	Display Frame 4
693.3126 	EXP 	Display Frame 5
693.3460 	EXP 	Display Frame 6
693.3792 	EXP 	Display Frame 7
693.4127 	EXP 	Display Frame 8
693.4460 	EXP 	Display Frame 9
693.4792 	EXP 	Display Frame 0
693.5127 	EXP 	Display Frame 1
693.5459 	EXP 	Display Frame 2
693.5792 	EXP 	Display Frame 3
693.6126 	EXP 	Display Frame 4
693.6460 	EXP 	Display Frame 5
693.6792 	EXP 	Display Frame 6
693.7126 	EXP 	Display Frame 7
693.7460 	EXP 	Display Frame 8
693.7793 	EXP 	Display Frame 9
693.8126 	EXP 	Display Frame 0
693.8459 	EXP 	Display Frame 1
693.8794 	EXP 	Display Frame 2
693.9128 	EXP 	Display Frame 3
693.9459 	EXP 	Display Frame 4
693.9792 	EXP 	Display Frame 5
694.0126 	EXP 	Display Frame 6
694.0459 	EXP 	Display Frame 7
694.0792 	EXP 	Display Frame 8
694.1126 	EXP 	Display Frame 9
694.1460 	EXP 	Display Frame 0
694.1793 	EXP 	Display Frame 1
694.2126 	EXP 	Display Frame 2
694.2459 	EXP 	Display Frame 3
694.2792 	EXP 	Display Frame 4
694.3126 	EXP 	Display Frame 5
694.3459 	EXP 	Display Frame 6
694.3791 	EXP 	Display Frame 7
694.4127 	EXP 	Display Frame 8
694.4459 	EXP 	Display Frame 9
694.4793 	EXP 	Display Frame 0
694.5126 	EXP 	Display Frame 1
694.5460 	EXP 	Display Frame 2
694.5792 	EXP 	Display Frame 3
694.6126 	EXP 	Display Frame 4
694.6459 	EXP 	Display Frame 5
694.6792 	EXP 	Display Frame 6
694.7126 	EXP 	Display Frame 7
694.7461 	EXP 	Display Frame 8
694.7792 	EXP 	Display Frame 9
694.8126 	EXP 	Display Frame 0
694.8459 	EXP 	Display Frame 1
694.8792 	EXP 	Display Frame 2
694.9127 	EXP 	Display Frame 3
694.9460 	EXP 	Display Frame 4
694.9795 	EXP 	Display Frame 5
695.0127 	EXP 	Display Frame 6
695.0460 	EXP 	Display Frame 7
695.0793 	EXP 	Display Frame 8
695.1128 	EXP 	Display Frame 9
695.1460 	EXP 	Display Frame 0
695.1794 	EXP 	Display Frame 1
695.2127 	EXP 	Display Frame 2
695.2460 	EXP 	Display Frame 3
695.2793 	EXP 	Display Frame 4
695.3126 	DATA 	Keypress: equal
695.3141 	EXP 	Display Frame 5
695.3302 	EXP 	Display Fixation
700.4996 	DATA 	Keypress: equal
705.6938 	DATA 	Keypress: equal
710.8862 	DATA 	Keypress: equal
716.0805 	DATA 	Keypress: equal
721.2734 	DATA 	Keypress: equal
726.4673 	DATA 	Keypress: equal
726.5026 	EXP 	Display Frame 1
726.5356 	EXP 	Display Frame 2
726.5689 	EXP 	Display Frame 3
726.6023 	EXP 	Display Frame 4
726.6356 	EXP 	Display Frame 5
726.6689 	EXP 	Display Frame 6
726.7024 	EXP 	Display Frame 7
726.7356 	EXP 	Display Frame 8
726.7690 	EXP 	Display Frame 9
726.8023 	EXP 	Display Frame 0
726.8355 	EXP 	Display Frame 1
726.8688 	EXP 	Display Frame 2
726.9022 	EXP 	Display Frame 3
726.9355 	EXP 	Display Frame 4
726.9689 	EXP 	Display Frame 5
727.0022 	EXP 	Display Frame 6
727.0355 	EXP 	Display Frame 7
727.0689 	EXP 	Display Frame 8
727.1022 	EXP 	Display Frame 9
727.1355 	EXP 	Display Frame 0
727.1689 	EXP 	Display Frame 1
727.2024 	EXP 	Display Frame 2
727.2355 	EXP 	Display Frame 3
727.2689 	EXP 	Display Frame 4
727.3021 	EXP 	Display Frame 5
727.3356 	EXP 	Display Frame 6
727.3688 	EXP 	Display Frame 7
727.4023 	EXP 	Display Frame 8
727.4355 	EXP 	Display Frame 9
727.4690 	EXP 	Display Frame 0
727.5021 	EXP 	Display Frame 1
727.5356 	EXP 	Display Frame 2
727.5688 	EXP 	Display Frame 3
727.6021 	EXP 	Display Frame 4
727.6355 	EXP 	Display Frame 5
727.6688 	EXP 	Display Frame 6
727.7022 	EXP 	Display Frame 7
727.7355 	EXP 	Display Frame 8
727.7688 	EXP 	Display Frame 9
727.8022 	EXP 	Display Frame 0
727.8355 	EXP 	Display Frame 1
727.8689 	EXP 	Display Frame 2
727.9023 	EXP 	Display Frame 3
727.9355 	EXP 	Display Frame 4
727.9689 	EXP 	Display Frame 5
728.0022 	EXP 	Display Frame 6
728.0355 	EXP 	Display Frame 7
728.0688 	EXP 	Display Frame 8
728.1021 	EXP 	Display Frame 9
728.1355 	EXP 	Display Frame 0
728.1689 	EXP 	Display Frame 1
728.2022 	EXP 	Display Frame 2
728.2355 	EXP 	Display Frame 3
728.2688 	EXP 	Display Frame 4
728.3023 	EXP 	Display Frame 5
728.3355 	EXP 	Display Frame 6
728.3689 	EXP 	Display Frame 7
728.4022 	EXP 	Display Frame 8
728.4355 	EXP 	Display Frame 9
728.4688 	EXP 	Display Frame 0
728.5021 	EXP 	Display Frame 1
728.5355 	EXP 	Display Frame 2
728.5688 	EXP 	Display Frame 3
728.6022 	EXP 	Display Frame 4
728.6355 	EXP 	Display Frame 5
728.6688 	EXP 	Display Frame 6
728.7022 	EXP 	Display Frame 7
728.7355 	EXP 	Display Frame 8
728.7688 	EXP 	Display Frame 9
728.8023 	EXP 	Display Frame 0
728.8355 	EXP 	Display Frame 1
728.8688 	EXP 	Display Frame 2
728.9022 	EXP 	Display Frame 3
728.9355 	EXP 	Display Frame 4
728.9688 	EXP 	Display Frame 5
729.0023 	EXP 	Display Frame 6
729.0355 	EXP 	Display Frame 7
729.0689 	EXP 	Display Frame 8
729.1021 	EXP 	Display Frame 9
729.1356 	EXP 	Display Frame 0
729.1689 	EXP 	Display Frame 1
729.2022 	EXP 	Display Frame 2
729.2355 	EXP 	Display Frame 3
729.2689 	EXP 	Display Frame 4
729.3021 	EXP 	Display Frame 5
729.3355 	EXP 	Display Frame 6
729.3688 	EXP 	Display Frame 7
729.4022 	EXP 	Display Frame 8
729.4355 	EXP 	Display Frame 9
729.4688 	EXP 	Display Frame 0
729.5021 	EXP 	Display Frame 1
729.5356 	EXP 	Display Frame 2
729.5688 	EXP 	Display Frame 3
729.6022 	EXP 	Display Frame 4
729.6356 	EXP 	Display Frame 5
729.6688 	EXP 	Display Frame 6
729.7022 	EXP 	Display Frame 7
729.7355 	EXP 	Display Frame 8
729.7689 	EXP 	Display Frame 9
729.8022 	EXP 	Display Frame 0
729.8356 	EXP 	Display Frame 1
729.8688 	EXP 	Display Frame 2
729.9026 	EXP 	Display Frame 3
729.9356 	EXP 	Display Frame 4
729.9688 	EXP 	Display Frame 5
730.0022 	EXP 	Display Frame 6
730.0355 	EXP 	Display Frame 7
730.0688 	EXP 	Display Frame 8
730.1023 	EXP 	Display Frame 9
730.1355 	EXP 	Display Frame 0
730.1689 	EXP 	Display Frame 1
730.2022 	EXP 	Display Frame 2
730.2355 	EXP 	Display Frame 3
730.2688 	EXP 	Display Frame 4
730.3022 	EXP 	Display Frame 5
730.3355 	EXP 	Display Frame 6
730.3688 	EXP 	Display Frame 7
730.4021 	EXP 	Display Frame 8
730.4355 	EXP 	Display Frame 9
730.4689 	EXP 	Display Frame 0
730.5021 	EXP 	Display Frame 1
730.5355 	EXP 	Display Frame 2
730.5688 	EXP 	Display Frame 3
730.6021 	EXP 	Display Frame 4
730.6355 	EXP 	Display Frame 5
730.6688 	EXP 	Display Frame 6
730.7022 	EXP 	Display Frame 7
730.7357 	EXP 	Display Frame 8
730.7688 	EXP 	Display Frame 9
730.8022 	EXP 	Display Frame 0
730.8355 	EXP 	Display Frame 1
730.8689 	EXP 	Display Frame 2
730.9022 	EXP 	Display Frame 3
730.9355 	EXP 	Display Frame 4
730.9689 	EXP 	Display Frame 5
731.0022 	EXP 	Display Frame 6
731.0355 	EXP 	Display Frame 7
731.0690 	EXP 	Display Frame 8
731.1022 	EXP 	Display Frame 9
731.1355 	EXP 	Display Frame 0
731.1689 	EXP 	Display Frame 1
731.2023 	EXP 	Display Frame 2
731.2355 	EXP 	Display Frame 3
731.2689 	EXP 	Display Frame 4
731.3022 	EXP 	Display Frame 5
731.3356 	EXP 	Display Frame 6
731.3689 	EXP 	Display Frame 7
731.4022 	EXP 	Display Frame 8
731.4355 	EXP 	Display Frame 9
731.4689 	EXP 	Display Frame 0
731.5021 	EXP 	Display Frame 1
731.5354 	EXP 	Display Frame 2
731.5689 	EXP 	Display Frame 3
731.6022 	EXP 	Display Frame 4
731.6355 	EXP 	Display Frame 5
731.6687 	DATA 	Keypress: equal
731.6702 	EXP 	Display Frame 6
731.7022 	EXP 	Display Frame 7
731.7355 	EXP 	Display Frame 8
731.7689 	EXP 	Display Frame 9
731.8022 	EXP 	Display Frame 0
731.8355 	EXP 	Display Frame 1
731.8688 	EXP 	Display Frame 2
731.9022 	EXP 	Display Frame 3
731.9355 	EXP 	Display Frame 4
731.9688 	EXP 	Display Frame 5
732.0022 	EXP 	Display Frame 6
732.0356 	EXP 	Display Frame 7
732.0688 	EXP 	Display Frame 8
732.1023 	EXP 	Display Frame 9
732.1355 	EXP 	Display Frame 0
732.1688 	EXP 	Display Frame 1
732.2022 	EXP 	Display Frame 2
732.2355 	EXP 	Display Frame 3
732.2688 	EXP 	Display Frame 4
732.3023 	EXP 	Display Frame 5
732.3356 	EXP 	Display Frame 6
732.3689 	EXP 	Display Frame 7
732.4022 	EXP 	Display Frame 8
732.4356 	EXP 	Display Frame 9
732.4688 	EXP 	Display Frame 0
732.5021 	EXP 	Display Frame 1
732.5355 	EXP 	Display Frame 2
732.5688 	EXP 	Display Frame 3
732.6021 	EXP 	Display Frame 4
732.6355 	EXP 	Display Frame 5
732.6688 	EXP 	Display Frame 6
732.7021 	EXP 	Display Frame 7
732.7357 	EXP 	Display Frame 8
732.7688 	EXP 	Display Frame 9
732.8025 	EXP 	Display Frame 0
732.8356 	EXP 	Display Frame 1
732.8689 	EXP 	Display Frame 2
732.9022 	EXP 	Display Frame 3
732.9355 	EXP 	Display Frame 4
732.9689 	EXP 	Display Frame 5
733.0022 	EXP 	Display Frame 6
733.0355 	EXP 	Display Frame 7
733.0688 	EXP 	Display Frame 8
733.1022 	EXP 	Display Frame 9
733.1355 	EXP 	Display Frame 0
733.1689 	EXP 	Display Frame 1
733.2022 	EXP 	Display Frame 2
733.2355 	EXP 	Display Frame 3
733.2688 	EXP 	Display Frame 4
733.3022 	EXP 	Display Frame 5
733.3356 	EXP 	Display Frame 6
733.3689 	EXP 	Display Frame 7
733.4023 	EXP 	Display Frame 8
733.4355 	EXP 	Display Frame 9
733.4688 	EXP 	Display Frame 0
733.5021 	EXP 	Display Frame 1
733.5356 	EXP 	Display Frame 2
733.5689 	EXP 	Display Frame 3
733.6022 	EXP 	Display Frame 4
733.6355 	EXP 	Display Frame 5
733.6688 	EXP 	Display Frame 6
733.7022 	EXP 	Display Frame 7
733.7356 	EXP 	Display Frame 8
733.7689 	EXP 	Display Frame 9
733.8022 	EXP 	Display Frame 0
733.8355 	EXP 	Display Frame 1
733.8688 	EXP 	Display Frame 2
733.9021 	EXP 	Display Frame 3
733.9356 	EXP 	Display Frame 4
733.9688 	EXP 	Display Frame 5
734.0022 	EXP 	Display Frame 6
734.0355 	EXP 	Display Frame 7
734.0688 	EXP 	Display Frame 8
734.1022 	EXP 	Display Frame 9
734.1355 	EXP 	Display Frame 0
734.1688 	EXP 	Display Frame 1
734.2022 	EXP 	Display Frame 2
734.2355 	EXP 	Display Frame 3
734.2688 	EXP 	Display Frame 4
734.3022 	EXP 	Display Frame 5
734.3355 	EXP 	Display Frame 6
734.3689 	EXP 	Display Frame 7
734.4022 	EXP 	Display Frame 8
734.4355 	EXP 	Display Frame 9
734.4688 	EXP 	Display Frame 0
734.5021 	EXP 	Display Frame 1
734.5355 	EXP 	Display Frame 2
734.5688 	EXP 	Display Frame 3
734.6022 	EXP 	Display Frame 4
734.6356 	EXP 	Display Frame 5
734.6689 	EXP 	Display Frame 6
734.7024 	EXP 	Display Frame 7
734.7355 	EXP 	Display Frame 8
734.7689 	EXP 	Display Frame 9
734.8022 	EXP 	Display Frame 0
734.8355 	EXP 	Display Frame 1
734.8688 	EXP 	Display Frame 2
734.9021 	EXP 	Display Frame 3
734.9355 	EXP 	Display Frame 4
734.9689 	EXP 	Display Frame 5
735.0021 	EXP 	Display Frame 6
735.0355 	EXP 	Display Frame 7
735.0688 	EXP 	Display Frame 8
735.1021 	EXP 	Display Frame 9
735.1356 	EXP 	Display Frame 0
735.1688 	EXP 	Display Frame 1
735.2021 	EXP 	Display Frame 2
735.2355 	EXP 	Display Frame 3
735.2689 	EXP 	Display Frame 4
735.3022 	EXP 	Display Frame 5
735.3355 	EXP 	Display Frame 6
735.3689 	EXP 	Display Frame 7
735.4023 	EXP 	Display Frame 8
735.4355 	EXP 	Display Frame 9
735.4689 	EXP 	Display Frame 0
735.5021 	EXP 	Display Frame 1
735.5355 	EXP 	Display Frame 2
735.5689 	EXP 	Display Frame 3
735.6022 	EXP 	Display Frame 4
735.6355 	EXP 	Display Frame 5
735.6688 	EXP 	Display Frame 6
735.7021 	EXP 	Display Frame 7
735.7355 	EXP 	Display Frame 8
735.7688 	EXP 	Display Frame 9
735.8022 	EXP 	Display Frame 0
735.8355 	EXP 	Display Frame 1
735.8688 	EXP 	Display Frame 2
735.9021 	EXP 	Display Frame 3
735.9357 	EXP 	Display Frame 4
735.9688 	EXP 	Display Frame 5
736.0022 	EXP 	Display Frame 6
736.0355 	EXP 	Display Frame 7
736.0688 	EXP 	Display Frame 8
736.1021 	EXP 	Display Frame 9
736.1355 	EXP 	Display Frame 0
736.1689 	EXP 	Display Frame 1
736.2022 	EXP 	Display Frame 2
736.2356 	EXP 	Display Frame 3
736.2688 	EXP 	Display Frame 4
736.3021 	EXP 	Display Frame 5
736.3355 	EXP 	Display Frame 6
736.3688 	EXP 	Display Frame 7
736.4022 	EXP 	Display Frame 8
736.4355 	EXP 	Display Frame 9
736.4688 	EXP 	Display Frame 0
736.5021 	EXP 	Display Frame 1
736.5355 	EXP 	Display Frame 2
736.5688 	EXP 	Display Frame 3
736.6021 	EXP 	Display Frame 4
736.6356 	EXP 	Display Frame 5
736.6688 	EXP 	Display Frame 6
736.7023 	EXP 	Display Frame 7
736.7355 	EXP 	Display Frame 8
736.7688 	EXP 	Display Frame 9
736.8022 	EXP 	Display Frame 0
736.8360 	EXP 	Display Frame 1
736.8688 	DATA 	Keypress: equal
736.8703 	EXP 	Display Frame 2
736.9022 	EXP 	Display Frame 3
736.9355 	EXP 	Display Frame 4
736.9689 	EXP 	Display Frame 5
737.0022 	EXP 	Display Frame 6
737.0358 	EXP 	Display Frame 7
737.0688 	EXP 	Display Frame 8
737.1021 	EXP 	Display Frame 9
737.1355 	EXP 	Display Frame 0
737.1688 	EXP 	Display Frame 1
737.2022 	EXP 	Display Frame 2
737.2355 	EXP 	Display Frame 3
737.2688 	EXP 	Display Frame 4
737.3022 	EXP 	Display Frame 5
737.3355 	EXP 	Display Frame 6
737.3688 	EXP 	Display Frame 7
737.4022 	EXP 	Display Frame 8
737.4355 	EXP 	Display Frame 9
737.4688 	EXP 	Display Frame 0
737.5021 	EXP 	Display Frame 1
737.5356 	EXP 	Display Frame 2
737.5688 	EXP 	Display Frame 3
737.6022 	EXP 	Display Frame 4
737.6355 	EXP 	Display Frame 5
737.6688 	EXP 	Display Frame 6
737.7025 	EXP 	Display Frame 7
737.7355 	EXP 	Display Frame 8
737.7688 	EXP 	Display Frame 9
737.8022 	EXP 	Display Frame 0
737.8355 	EXP 	Display Frame 1
737.8688 	EXP 	Display Frame 2
737.9022 	EXP 	Display Frame 3
737.9355 	EXP 	Display Frame 4
737.9688 	EXP 	Display Frame 5
738.0022 	EXP 	Display Frame 6
738.0355 	EXP 	Display Frame 7
738.0688 	EXP 	Display Frame 8
738.1022 	EXP 	Display Frame 9
738.1355 	EXP 	Display Frame 0
738.1689 	EXP 	Display Frame 1
738.2022 	EXP 	Display Frame 2
738.2355 	EXP 	Display Frame 3
738.2689 	EXP 	Display Frame 4
738.3022 	EXP 	Display Frame 5
738.3355 	EXP 	Display Frame 6
738.3688 	EXP 	Display Frame 7
738.4022 	EXP 	Display Frame 8
738.4356 	EXP 	Display Frame 9
738.4688 	EXP 	Display Frame 0
738.5022 	EXP 	Display Frame 1
738.5355 	EXP 	Display Frame 2
738.5689 	EXP 	Display Frame 3
738.6022 	EXP 	Display Frame 4
738.6356 	EXP 	Display Frame 5
738.6691 	EXP 	Display Frame 6
738.7023 	EXP 	Display Frame 7
738.7355 	EXP 	Display Frame 8
738.7690 	EXP 	Display Frame 9
738.8022 	EXP 	Display Frame 0
738.8356 	EXP 	Display Frame 1
738.8688 	EXP 	Display Frame 2
738.9023 	EXP 	Display Frame 3
738.9355 	EXP 	Display Frame 4
738.9688 	EXP 	Display Frame 5
739.0021 	EXP 	Display Frame 6
739.0355 	EXP 	Display Frame 7
739.0692 	EXP 	Display Frame 8
739.1022 	EXP 	Display Frame 9
739.1356 	EXP 	Display Frame 0
739.1687 	EXP 	Display Frame 1
739.2022 	EXP 	Display Frame 2
739.2356 	EXP 	Display Frame 3
739.2688 	EXP 	Display Frame 4
739.3022 	EXP 	Display Frame 5
739.3355 	EXP 	Display Frame 6
739.3688 	EXP 	Display Frame 7
739.4022 	EXP 	Display Frame 8
739.4355 	EXP 	Display Frame 9
739.4689 	EXP 	Display Frame 0
739.5021 	EXP 	Display Frame 1
739.5355 	EXP 	Display Frame 2
739.5688 	EXP 	Display Frame 3
739.6023 	EXP 	Display Frame 4
739.6355 	EXP 	Display Frame 5
739.6689 	EXP 	Display Frame 6
739.7021 	EXP 	Display Frame 7
739.7356 	EXP 	Display Frame 8
739.7688 	EXP 	Display Frame 9
739.8022 	EXP 	Display Frame 0
739.8355 	EXP 	Display Frame 1
739.8690 	EXP 	Display Frame 2
739.9021 	EXP 	Display Frame 3
739.9357 	EXP 	Display Frame 4
739.9688 	EXP 	Display Frame 5
740.0023 	EXP 	Display Frame 6
740.0355 	EXP 	Display Frame 7
740.0690 	EXP 	Display Frame 8
740.1021 	EXP 	Display Frame 9
740.1355 	EXP 	Display Frame 0
740.1688 	EXP 	Display Frame 1
740.2023 	EXP 	Display Frame 2
740.2355 	EXP 	Display Frame 3
740.2690 	EXP 	Display Frame 4
740.3022 	EXP 	Display Frame 5
740.3357 	EXP 	Display Frame 6
740.3689 	EXP 	Display Frame 7
740.4023 	EXP 	Display Frame 8
740.4355 	EXP 	Display Frame 9
740.4689 	EXP 	Display Frame 0
740.5022 	EXP 	Display Frame 1
740.5355 	EXP 	Display Frame 2
740.5691 	EXP 	Display Frame 3
740.6022 	EXP 	Display Frame 4
740.6354 	EXP 	Display Frame 5
740.6689 	EXP 	Display Frame 6
740.7022 	EXP 	Display Frame 7
740.7355 	EXP 	Display Frame 8
740.7689 	EXP 	Display Frame 9
740.8022 	EXP 	Display Frame 0
740.8356 	EXP 	Display Frame 1
740.8689 	EXP 	Display Frame 2
740.9022 	EXP 	Display Frame 3
740.9355 	EXP 	Display Frame 4
740.9689 	EXP 	Display Frame 5
741.0022 	EXP 	Display Frame 6
741.0356 	EXP 	Display Frame 7
741.0689 	EXP 	Display Frame 8
741.1023 	EXP 	Display Frame 9
741.1355 	EXP 	Display Frame 0
741.1690 	EXP 	Display Frame 1
741.2022 	EXP 	Display Frame 2
741.2355 	EXP 	Display Frame 3
741.2689 	EXP 	Display Frame 4
741.3023 	EXP 	Display Frame 5
741.3356 	EXP 	Display Frame 6
741.3689 	EXP 	Display Frame 7
741.4022 	EXP 	Display Frame 8
741.4356 	EXP 	Display Frame 9
741.4689 	EXP 	Display Frame 0
741.5021 	EXP 	Display Frame 1
741.5356 	EXP 	Display Frame 2
741.5689 	EXP 	Display Frame 3
741.6022 	EXP 	Display Frame 4
741.6355 	EXP 	Display Frame 5
741.6689 	EXP 	Display Frame 6
741.7022 	EXP 	Display Frame 7
741.7356 	EXP 	Display Frame 8
741.7689 	EXP 	Display Frame 9
741.8022 	EXP 	Display Frame 0
741.8356 	EXP 	Display Frame 1
741.8689 	EXP 	Display Frame 2
741.9022 	EXP 	Display Frame 3
741.9356 	EXP 	Display Frame 4
741.9689 	EXP 	Display Frame 5
742.0023 	EXP 	Display Frame 6
742.0356 	EXP 	Display Frame 7
742.0686 	DATA 	Keypress: equal
742.0701 	EXP 	Display Frame 8
742.1021 	EXP 	Display Frame 9
742.1355 	EXP 	Display Frame 0
742.1688 	EXP 	Display Frame 1
742.2021 	EXP 	Display Frame 2
742.2355 	EXP 	Display Frame 3
742.2688 	EXP 	Display Frame 4
742.3021 	EXP 	Display Frame 5
742.3355 	EXP 	Display Frame 6
742.3688 	EXP 	Display Frame 7
742.4021 	EXP 	Display Frame 8
742.4355 	EXP 	Display Frame 9
742.4688 	EXP 	Display Frame 0
742.5023 	EXP 	Display Frame 1
742.5355 	EXP 	Display Frame 2
742.5689 	EXP 	Display Frame 3
742.6021 	EXP 	Display Frame 4
742.6355 	EXP 	Display Frame 5
742.6688 	EXP 	Display Frame 6
742.7023 	EXP 	Display Frame 7
742.7354 	EXP 	Display Frame 8
742.7688 	EXP 	Display Frame 9
742.8021 	EXP 	Display Frame 0
742.8355 	EXP 	Display Frame 1
742.8688 	EXP 	Display Frame 2
742.9023 	EXP 	Display Frame 3
742.9355 	EXP 	Display Frame 4
742.9689 	EXP 	Display Frame 5
743.0021 	EXP 	Display Frame 6
743.0356 	EXP 	Display Frame 7
743.0688 	EXP 	Display Frame 8
743.1022 	EXP 	Display Frame 9
743.1355 	EXP 	Display Frame 0
743.1688 	EXP 	Display Frame 1
743.2021 	EXP 	Display Frame 2
743.2355 	EXP 	Display Frame 3
743.2688 	EXP 	Display Frame 4
743.3021 	EXP 	Display Frame 5
743.3355 	EXP 	Display Frame 6
743.3688 	EXP 	Display Frame 7
743.4022 	EXP 	Display Frame 8
743.4355 	EXP 	Display Frame 9
743.4688 	EXP 	Display Frame 0
743.5021 	EXP 	Display Frame 1
743.5355 	EXP 	Display Frame 2
743.5688 	EXP 	Display Frame 3
743.6021 	EXP 	Display Frame 4
743.6355 	EXP 	Display Frame 5
743.6688 	EXP 	Display Frame 6
743.7022 	EXP 	Display Frame 7
743.7356 	EXP 	Display Frame 8
743.7691 	EXP 	Display Frame 9
743.8022 	EXP 	Display Frame 0
743.8356 	EXP 	Display Frame 1
743.8688 	EXP 	Display Frame 2
743.9022 	EXP 	Display Frame 3
743.9356 	EXP 	Display Frame 4
743.9688 	EXP 	Display Frame 5
744.0023 	EXP 	Display Frame 6
744.0355 	EXP 	Display Frame 7
744.0688 	EXP 	Display Frame 8
744.1021 	EXP 	Display Frame 9
744.1354 	EXP 	Display Frame 0
744.1688 	EXP 	Display Frame 1
744.2022 	EXP 	Display Frame 2
744.2355 	EXP 	Display Frame 3
744.2689 	EXP 	Display Frame 4
744.3021 	EXP 	Display Frame 5
744.3355 	EXP 	Display Frame 6
744.3691 	EXP 	Display Frame 7
744.4023 	EXP 	Display Frame 8
744.4355 	EXP 	Display Frame 9
744.4688 	EXP 	Display Frame 0
744.5021 	EXP 	Display Frame 1
744.5355 	EXP 	Display Frame 2
744.5688 	EXP 	Display Frame 3
744.6022 	EXP 	Display Frame 4
744.6355 	EXP 	Display Frame 5
744.6688 	EXP 	Display Frame 6
744.7022 	EXP 	Display Frame 7
744.7355 	EXP 	Display Frame 8
744.7688 	EXP 	Display Frame 9
744.8022 	EXP 	Display Frame 0
744.8355 	EXP 	Display Frame 1
744.8688 	EXP 	Display Frame 2
744.9022 	EXP 	Display Frame 3
744.9355 	EXP 	Display Frame 4
744.9688 	EXP 	Display Frame 5
745.0022 	EXP 	Display Frame 6
745.0355 	EXP 	Display Frame 7
745.0688 	EXP 	Display Frame 8
745.1022 	EXP 	Display Frame 9
745.1355 	EXP 	Display Frame 0
745.1689 	EXP 	Display Frame 1
745.2022 	EXP 	Display Frame 2
745.2356 	EXP 	Display Frame 3
745.2688 	EXP 	Display Frame 4
745.3022 	EXP 	Display Frame 5
745.3355 	EXP 	Display Frame 6
745.3689 	EXP 	Display Frame 7
745.4022 	EXP 	Display Frame 8
745.4355 	EXP 	Display Frame 9
745.4688 	EXP 	Display Frame 0
745.5021 	EXP 	Display Frame 1
745.5356 	EXP 	Display Frame 2
745.5689 	EXP 	Display Frame 3
745.6022 	EXP 	Display Frame 4
745.6355 	EXP 	Display Frame 5
745.6690 	EXP 	Display Frame 6
745.7022 	EXP 	Display Frame 7
745.7355 	EXP 	Display Frame 8
745.7689 	EXP 	Display Frame 9
745.8022 	EXP 	Display Frame 0
745.8355 	EXP 	Display Frame 1
745.8688 	EXP 	Display Frame 2
745.9022 	EXP 	Display Frame 3
745.9355 	EXP 	Display Frame 4
745.9688 	EXP 	Display Frame 5
746.0022 	EXP 	Display Frame 6
746.0355 	EXP 	Display Frame 7
746.0689 	EXP 	Display Frame 8
746.1022 	EXP 	Display Frame 9
746.1355 	EXP 	Display Frame 0
746.1688 	EXP 	Display Frame 1
746.2023 	EXP 	Display Frame 2
746.2355 	EXP 	Display Frame 3
746.2689 	EXP 	Display Frame 4
746.3022 	EXP 	Display Frame 5
746.3356 	EXP 	Display Frame 6
746.3688 	EXP 	Display Frame 7
746.4023 	EXP 	Display Frame 8
746.4355 	EXP 	Display Frame 9
746.4689 	EXP 	Display Frame 0
746.5021 	EXP 	Display Frame 1
746.5355 	EXP 	Display Frame 2
746.5688 	EXP 	Display Frame 3
746.6022 	EXP 	Display Frame 4
746.6356 	EXP 	Display Frame 5
746.6689 	EXP 	Display Frame 6
746.7022 	EXP 	Display Frame 7
746.7355 	EXP 	Display Frame 8
746.7688 	EXP 	Display Frame 9
746.8021 	EXP 	Display Frame 0
746.8356 	EXP 	Display Frame 1
746.8688 	EXP 	Display Frame 2
746.9021 	EXP 	Display Frame 3
746.9355 	EXP 	Display Frame 4
746.9688 	EXP 	Display Frame 5
747.0022 	EXP 	Display Frame 6
747.0356 	EXP 	Display Frame 7
747.0689 	EXP 	Display Frame 8
747.1022 	EXP 	Display Frame 9
747.1356 	EXP 	Display Frame 0
747.1690 	EXP 	Display Frame 1
747.2022 	EXP 	Display Frame 2
747.2356 	EXP 	Display Frame 3
747.2689 	DATA 	Keypress: equal
747.2704 	EXP 	Display Frame 4
747.3021 	EXP 	Display Frame 5
747.3355 	EXP 	Display Frame 6
747.3689 	EXP 	Display Frame 7
747.4021 	EXP 	Display Frame 8
747.4356 	EXP 	Display Frame 9
747.4689 	EXP 	Display Frame 0
747.5021 	EXP 	Display Frame 1
747.5355 	EXP 	Display Frame 2
747.5690 	EXP 	Display Frame 3
747.6022 	EXP 	Display Frame 4
747.6355 	EXP 	Display Frame 5
747.6688 	EXP 	Display Frame 6
747.7022 	EXP 	Display Frame 7
747.7355 	EXP 	Display Frame 8
747.7688 	EXP 	Display Frame 9
747.8021 	EXP 	Display Frame 0
747.8355 	EXP 	Display Frame 1
747.8688 	EXP 	Display Frame 2
747.9022 	EXP 	Display Frame 3
747.9355 	EXP 	Display Frame 4
747.9688 	EXP 	Display Frame 5
748.0022 	EXP 	Display Frame 6
748.0355 	EXP 	Display Frame 7
748.0688 	EXP 	Display Frame 8
748.1022 	EXP 	Display Frame 9
748.1356 	EXP 	Display Frame 0
748.1689 	EXP 	Display Frame 1
748.2022 	EXP 	Display Frame 2
748.2355 	EXP 	Display Frame 3
748.2688 	EXP 	Display Frame 4
748.3021 	EXP 	Display Frame 5
748.3356 	EXP 	Display Frame 6
748.3688 	EXP 	Display Frame 7
748.4021 	EXP 	Display Frame 8
748.4355 	EXP 	Display Frame 9
748.4688 	EXP 	Display Frame 0
748.5021 	EXP 	Display Frame 1
748.5356 	EXP 	Display Frame 2
748.5688 	EXP 	Display Frame 3
748.6022 	EXP 	Display Frame 4
748.6355 	EXP 	Display Frame 5
748.6689 	EXP 	Display Frame 6
748.7022 	EXP 	Display Frame 7
748.7355 	EXP 	Display Frame 8
748.7688 	EXP 	Display Frame 9
748.8022 	EXP 	Display Frame 0
748.8356 	EXP 	Display Frame 1
748.8688 	EXP 	Display Frame 2
748.9022 	EXP 	Display Frame 3
748.9355 	EXP 	Display Frame 4
748.9689 	EXP 	Display Frame 5
749.0022 	EXP 	Display Frame 6
749.0357 	EXP 	Display Frame 7
749.0735 	EXP 	Display Frame 8
749.1021 	EXP 	Display Frame 9
749.1355 	EXP 	Display Frame 0
749.1688 	EXP 	Display Frame 1
749.2021 	EXP 	Display Frame 2
749.2356 	EXP 	Display Frame 3
749.2688 	EXP 	Display Frame 4
749.3021 	EXP 	Display Frame 5
749.3354 	EXP 	Display Frame 6
749.3688 	EXP 	Display Frame 7
749.4021 	EXP 	Display Frame 8
749.4356 	EXP 	Display Frame 9
749.4688 	EXP 	Display Frame 0
749.5021 	EXP 	Display Frame 1
749.5355 	EXP 	Display Frame 2
749.5689 	EXP 	Display Frame 3
749.6022 	EXP 	Display Frame 4
749.6356 	EXP 	Display Frame 5
749.6688 	EXP 	Display Frame 6
749.7022 	EXP 	Display Frame 7
749.7357 	EXP 	Display Frame 8
749.7688 	EXP 	Display Frame 9
749.8022 	EXP 	Display Frame 0
749.8355 	EXP 	Display Frame 1
749.8688 	EXP 	Display Frame 2
749.9022 	EXP 	Display Frame 3
749.9356 	EXP 	Display Frame 4
749.9689 	EXP 	Display Frame 5
750.0022 	EXP 	Display Frame 6
750.0355 	EXP 	Display Frame 7
750.0688 	EXP 	Display Frame 8
750.1022 	EXP 	Display Frame 9
750.1356 	EXP 	Display Frame 0
750.1689 	EXP 	Display Frame 1
750.2021 	EXP 	Display Frame 2
750.2355 	EXP 	Display Frame 3
750.2688 	EXP 	Display Frame 4
750.3022 	EXP 	Display Frame 5
750.3355 	EXP 	Display Frame 6
750.3688 	EXP 	Display Frame 7
750.4021 	EXP 	Display Frame 8
750.4355 	EXP 	Display Frame 9
750.4688 	EXP 	Display Frame 0
750.5021 	EXP 	Display Frame 1
750.5355 	EXP 	Display Frame 2
750.5688 	EXP 	Display Frame 3
750.6022 	EXP 	Display Frame 4
750.6355 	EXP 	Display Frame 5
750.6690 	EXP 	Display Frame 6
750.7022 	EXP 	Display Frame 7
750.7355 	EXP 	Display Frame 8
750.7688 	EXP 	Display Frame 9
750.8021 	EXP 	Display Frame 0
750.8355 	EXP 	Display Frame 1
750.8687 	EXP 	Display Frame 2
750.9022 	EXP 	Display Frame 3
750.9355 	EXP 	Display Frame 4
750.9690 	EXP 	Display Frame 5
751.0023 	EXP 	Display Frame 6
751.0355 	EXP 	Display Frame 7
751.0689 	EXP 	Display Frame 8
751.1023 	EXP 	Display Frame 9
751.1357 	EXP 	Display Frame 0
751.1689 	EXP 	Display Frame 1
751.2021 	EXP 	Display Frame 2
751.2355 	EXP 	Display Frame 3
751.2690 	EXP 	Display Frame 4
751.3022 	EXP 	Display Frame 5
751.3355 	EXP 	Display Frame 6
751.3689 	EXP 	Display Frame 7
751.4023 	EXP 	Display Frame 8
751.4356 	EXP 	Display Frame 9
751.4689 	EXP 	Display Frame 0
751.5022 	EXP 	Display Frame 1
751.5355 	EXP 	Display Frame 2
751.5689 	EXP 	Display Frame 3
751.6023 	EXP 	Display Frame 4
751.6357 	EXP 	Display Frame 5
751.6689 	EXP 	Display Frame 6
751.7022 	EXP 	Display Frame 7
751.7356 	EXP 	Display Frame 8
751.7705 	EXP 	Display Frame 9
751.8022 	EXP 	Display Frame 0
751.8356 	EXP 	Display Frame 1
751.8688 	EXP 	Display Frame 2
751.9022 	EXP 	Display Frame 3
751.9355 	EXP 	Display Frame 4
751.9688 	EXP 	Display Frame 5
752.0022 	EXP 	Display Frame 6
752.0356 	EXP 	Display Frame 7
752.0690 	EXP 	Display Frame 8
752.1022 	EXP 	Display Frame 9
752.1357 	EXP 	Display Frame 0
752.1689 	EXP 	Display Frame 1
752.2022 	EXP 	Display Frame 2
752.2356 	EXP 	Display Frame 3
752.2689 	EXP 	Display Frame 4
752.3022 	EXP 	Display Frame 5
752.3355 	EXP 	Display Frame 6
752.3689 	EXP 	Display Frame 7
752.4022 	EXP 	Display Frame 8
752.4355 	EXP 	Display Frame 9
752.4364 	DATA 	Keypress: equal
752.4689 	EXP 	Display Frame 0
752.5021 	EXP 	Display Frame 1
752.5355 	EXP 	Display Frame 2
752.5688 	EXP 	Display Frame 3
752.6021 	EXP 	Display Frame 4
752.6355 	EXP 	Display Frame 5
752.6690 	EXP 	Display Frame 6
752.7022 	EXP 	Display Frame 7
752.7356 	EXP 	Display Frame 8
752.7689 	EXP 	Display Frame 9
752.8023 	EXP 	Display Frame 0
752.8355 	EXP 	Display Frame 1
752.8688 	EXP 	Display Frame 2
752.9040 	EXP 	Display Frame 3
752.9355 	EXP 	Display Frame 4
752.9688 	EXP 	Display Frame 5
753.0022 	EXP 	Display Frame 6
753.0355 	EXP 	Display Frame 7
753.0688 	EXP 	Display Frame 8
753.1022 	EXP 	Display Frame 9
753.1355 	EXP 	Display Frame 0
753.1688 	EXP 	Display Frame 1
753.2023 	EXP 	Display Frame 2
753.2355 	EXP 	Display Frame 3
753.2688 	EXP 	Display Frame 4
753.3022 	EXP 	Display Frame 5
753.3357 	EXP 	Display Frame 6
753.3688 	EXP 	Display Frame 7
753.4022 	EXP 	Display Frame 8
753.4355 	EXP 	Display Frame 9
753.4688 	EXP 	Display Frame 0
753.5021 	EXP 	Display Frame 1
753.5357 	EXP 	Display Frame 2
753.5689 	EXP 	Display Frame 3
753.6021 	EXP 	Display Frame 4
753.6355 	EXP 	Display Frame 5
753.6690 	EXP 	Display Frame 6
753.7021 	EXP 	Display Frame 7
753.7355 	EXP 	Display Frame 8
753.7690 	EXP 	Display Frame 9
753.8021 	EXP 	Display Frame 0
753.8356 	EXP 	Display Frame 1
753.8690 	EXP 	Display Frame 2
753.9021 	EXP 	Display Frame 3
753.9355 	EXP 	Display Frame 4
753.9690 	EXP 	Display Frame 5
754.0023 	EXP 	Display Frame 6
754.0355 	EXP 	Display Frame 7
754.0689 	EXP 	Display Frame 8
754.1022 	EXP 	Display Frame 9
754.1357 	EXP 	Display Frame 0
754.1688 	EXP 	Display Frame 1
754.2021 	EXP 	Display Frame 2
754.2355 	EXP 	Display Frame 3
754.2688 	EXP 	Display Frame 4
754.3023 	EXP 	Display Frame 5
754.3356 	EXP 	Display Frame 6
754.3688 	EXP 	Display Frame 7
754.4021 	EXP 	Display Frame 8
754.4355 	EXP 	Display Frame 9
754.4688 	EXP 	Display Frame 0
754.5021 	EXP 	Display Frame 1
754.5355 	EXP 	Display Frame 2
754.5688 	EXP 	Display Frame 3
754.6021 	EXP 	Display Frame 4
754.6355 	EXP 	Display Frame 5
754.6689 	EXP 	Display Frame 6
754.7022 	EXP 	Display Frame 7
754.7356 	EXP 	Display Frame 8
754.7688 	EXP 	Display Frame 9
754.8021 	EXP 	Display Frame 0
754.8355 	EXP 	Display Frame 1
754.8690 	EXP 	Display Frame 2
754.9022 	EXP 	Display Frame 3
754.9383 	EXP 	Display Frame 4
754.9689 	EXP 	Display Frame 5
755.0021 	EXP 	Display Frame 6
755.0355 	EXP 	Display Frame 7
755.0690 	EXP 	Display Frame 8
755.1022 	EXP 	Display Frame 9
755.1355 	EXP 	Display Frame 0
755.1688 	EXP 	Display Frame 1
755.2023 	EXP 	Display Frame 2
755.2355 	EXP 	Display Frame 3
755.2688 	EXP 	Display Frame 4
755.3022 	EXP 	Display Frame 5
755.3355 	EXP 	Display Frame 6
755.3688 	EXP 	Display Frame 7
755.4022 	EXP 	Display Frame 8
755.4355 	EXP 	Display Frame 9
755.4688 	EXP 	Display Frame 0
755.5021 	EXP 	Display Frame 1
755.5356 	EXP 	Display Frame 2
755.5689 	EXP 	Display Frame 3
755.6022 	EXP 	Display Frame 4
755.6355 	EXP 	Display Frame 5
755.6688 	EXP 	Display Frame 6
755.7022 	EXP 	Display Frame 7
755.7355 	EXP 	Display Frame 8
755.7689 	EXP 	Display Frame 9
755.8022 	EXP 	Display Frame 0
755.8355 	EXP 	Display Frame 1
755.8688 	EXP 	Display Frame 2
755.9023 	EXP 	Display Frame 3
755.9355 	EXP 	Display Frame 4
755.9690 	EXP 	Display Frame 5
756.0022 	EXP 	Display Frame 6
756.0355 	EXP 	Display Frame 7
756.0688 	EXP 	Display Frame 8
756.1021 	EXP 	Display Frame 9
756.1355 	EXP 	Display Frame 0
756.1690 	EXP 	Display Frame 1
756.2023 	EXP 	Display Frame 2
756.2355 	EXP 	Display Frame 3
756.2688 	EXP 	Display Frame 4
756.3021 	EXP 	Display Frame 5
756.3357 	EXP 	Display Frame 6
756.3688 	EXP 	Display Frame 7
756.4021 	EXP 	Display Frame 8
756.4355 	EXP 	Display Frame 9
756.4690 	EXP 	Display Frame 0
756.5021 	EXP 	Display Frame 1
756.5356 	EXP 	Display Frame 2
756.5688 	EXP 	Display Frame 3
756.6021 	EXP 	Display Frame 4
756.6355 	EXP 	Display Frame 5
756.6688 	EXP 	Display Frame 6
756.7022 	EXP 	Display Frame 7
756.7355 	EXP 	Display Frame 8
756.7688 	EXP 	Display Frame 9
756.8022 	EXP 	Display Frame 0
756.8355 	EXP 	Display Frame 1
756.8688 	EXP 	Display Frame 2
756.9022 	EXP 	Display Frame 3
756.9356 	EXP 	Display Frame 4
756.9705 	EXP 	Display Frame 5
757.0022 	EXP 	Display Frame 6
757.0355 	EXP 	Display Frame 7
757.0690 	EXP 	Display Frame 8
757.1022 	EXP 	Display Frame 9
757.1355 	EXP 	Display Frame 0
757.1690 	EXP 	Display Frame 1
757.2023 	EXP 	Display Frame 2
757.2355 	EXP 	Display Frame 3
757.2688 	EXP 	Display Frame 4
757.3022 	EXP 	Display Frame 5
757.3357 	EXP 	Display Frame 6
757.3688 	EXP 	Display Frame 7
757.4023 	EXP 	Display Frame 8
757.4355 	EXP 	Display Frame 9
757.4690 	EXP 	Display Frame 0
757.5021 	EXP 	Display Frame 1
757.5355 	EXP 	Display Frame 2
757.5689 	EXP 	Display Frame 3
757.6025 	EXP 	Display Frame 4
757.6355 	DATA 	Keypress: equal
757.6370 	EXP 	Display Frame 5
757.6471 	EXP 	Display Fixation
762.8225 	DATA 	Keypress: equal
768.0154 	DATA 	Keypress: equal
773.2098 	DATA 	Keypress: equal
778.4028 	DATA 	Keypress: equal
783.5967 	DATA 	Keypress: equal
788.7909 	DATA 	Keypress: equal
788.8310 	EXP 	Display Frame 1
788.8593 	EXP 	Display Frame 2
788.8925 	EXP 	Display Frame 3
788.9259 	EXP 	Display Frame 4
788.9593 	EXP 	Display Frame 5
788.9940 	EXP 	Display Frame 6
789.0258 	EXP 	Display Frame 7
789.0592 	EXP 	Display Frame 8
789.0927 	EXP 	Display Frame 9
789.1259 	EXP 	Display Frame 0
789.1591 	EXP 	Display Frame 1
789.1924 	EXP 	Display Frame 2
789.2258 	EXP 	Display Frame 3
789.2592 	EXP 	Display Frame 4
789.2925 	EXP 	Display Frame 5
789.3258 	EXP 	Display Frame 6
789.3591 	EXP 	Display Frame 7
789.3925 	EXP 	Display Frame 8
789.4258 	EXP 	Display Frame 9
789.4592 	EXP 	Display Frame 0
789.4925 	EXP 	Display Frame 1
789.5258 	EXP 	Display Frame 2
789.5591 	EXP 	Display Frame 3
789.5926 	EXP 	Display Frame 4
789.6258 	EXP 	Display Frame 5
789.6592 	EXP 	Display Frame 6
789.6925 	EXP 	Display Frame 7
789.7258 	EXP 	Display Frame 8
789.7591 	EXP 	Display Frame 9
789.7925 	EXP 	Display Frame 0
789.8257 	EXP 	Display Frame 1
789.8591 	EXP 	Display Frame 2
789.8925 	EXP 	Display Frame 3
789.9259 	EXP 	Display Frame 4
789.9591 	EXP 	Display Frame 5
789.9924 	EXP 	Display Frame 6
790.0258 	EXP 	Display Frame 7
790.0591 	EXP 	Display Frame 8
790.0925 	EXP 	Display Frame 9
790.1258 	EXP 	Display Frame 0
790.1591 	EXP 	Display Frame 1
790.1925 	EXP 	Display Frame 2
790.2258 	EXP 	Display Frame 3
790.2591 	EXP 	Display Frame 4
790.2925 	EXP 	Display Frame 5
790.3258 	EXP 	Display Frame 6
790.3591 	EXP 	Display Frame 7
790.3925 	EXP 	Display Frame 8
790.4258 	EXP 	Display Frame 9
790.4591 	EXP 	Display Frame 0
790.4926 	EXP 	Display Frame 1
790.5258 	EXP 	Display Frame 2
790.5590 	EXP 	Display Frame 3
790.5925 	EXP 	Display Frame 4
790.6259 	EXP 	Display Frame 5
790.6591 	EXP 	Display Frame 6
790.6925 	EXP 	Display Frame 7
790.7258 	EXP 	Display Frame 8
790.7594 	EXP 	Display Frame 9
790.7926 	EXP 	Display Frame 0
790.8259 	EXP 	Display Frame 1
790.8591 	EXP 	Display Frame 2
790.8925 	EXP 	Display Frame 3
790.9258 	EXP 	Display Frame 4
790.9591 	EXP 	Display Frame 5
790.9925 	EXP 	Display Frame 6
791.0258 	EXP 	Display Frame 7
791.0591 	EXP 	Display Frame 8
791.0925 	EXP 	Display Frame 9
791.1258 	EXP 	Display Frame 0
791.1591 	EXP 	Display Frame 1
791.1925 	EXP 	Display Frame 2
791.2258 	EXP 	Display Frame 3
791.2591 	EXP 	Display Frame 4
791.2924 	EXP 	Display Frame 5
791.3259 	EXP 	Display Frame 6
791.3591 	EXP 	Display Frame 7
791.3924 	EXP 	Display Frame 8
791.4258 	EXP 	Display Frame 9
791.4591 	EXP 	Display Frame 0
791.4925 	EXP 	Display Frame 1
791.5259 	EXP 	Display Frame 2
791.5604 	EXP 	Display Frame 3
791.5926 	EXP 	Display Frame 4
791.6258 	EXP 	Display Frame 5
791.6591 	EXP 	Display Frame 6
791.6925 	EXP 	Display Frame 7
791.7258 	EXP 	Display Frame 8
791.7591 	EXP 	Display Frame 9
791.7926 	EXP 	Display Frame 0
791.8258 	EXP 	Display Frame 1
791.8592 	EXP 	Display Frame 2
791.8925 	EXP 	Display Frame 3
791.9259 	EXP 	Display Frame 4
791.9592 	EXP 	Display Frame 5
791.9926 	EXP 	Display Frame 6
792.0258 	EXP 	Display Frame 7
792.0592 	EXP 	Display Frame 8
792.0925 	EXP 	Display Frame 9
792.1258 	EXP 	Display Frame 0
792.1591 	EXP 	Display Frame 1
792.1926 	EXP 	Display Frame 2
792.2263 	EXP 	Display Frame 3
792.2592 	EXP 	Display Frame 4
792.2925 	EXP 	Display Frame 5
792.3257 	EXP 	Display Frame 6
792.3591 	EXP 	Display Frame 7
792.3927 	EXP 	Display Frame 8
792.4258 	EXP 	Display Frame 9
792.4591 	EXP 	Display Frame 0
792.4925 	EXP 	Display Frame 1
792.5258 	EXP 	Display Frame 2
792.5591 	EXP 	Display Frame 3
792.5925 	EXP 	Display Frame 4
792.6259 	EXP 	Display Frame 5
792.6591 	EXP 	Display Frame 6
792.6926 	EXP 	Display Frame 7
792.7258 	EXP 	Display Frame 8
792.7591 	EXP 	Display Frame 9
792.7926 	EXP 	Display Frame 0
792.8261 	EXP 	Display Frame 1
792.8592 	EXP 	Display Frame 2
792.8925 	EXP 	Display Frame 3
792.9258 	EXP 	Display Frame 4
792.9591 	EXP 	Display Frame 5
792.9925 	EXP 	Display Frame 6
793.0258 	EXP 	Display Frame 7
793.0592 	EXP 	Display Frame 8
793.0924 	EXP 	Display Frame 9
793.1258 	EXP 	Display Frame 0
793.1591 	EXP 	Display Frame 1
793.1926 	EXP 	Display Frame 2
793.2258 	EXP 	Display Frame 3
793.2591 	EXP 	Display Frame 4
793.2924 	EXP 	Display Frame 5
793.3258 	EXP 	Display Frame 6
793.3591 	EXP 	Display Frame 7
793.3925 	EXP 	Display Frame 8
793.4258 	EXP 	Display Frame 9
793.4592 	EXP 	Display Frame 0
793.4924 	EXP 	Display Frame 1
793.5258 	EXP 	Display Frame 2
793.5591 	EXP 	Display Frame 3
793.5924 	EXP 	Display Frame 4
793.6258 	EXP 	Display Frame 5
793.6591 	EXP 	Display Frame 6
793.6925 	EXP 	Display Frame 7
793.7259 	EXP 	Display Frame 8
793.7591 	EXP 	Display Frame 9
793.7925 	EXP 	Display Frame 0
793.8258 	EXP 	Display Frame 1
793.8591 	EXP 	Display Frame 2
793.8925 	EXP 	Display Frame 3
793.9259 	EXP 	Display Frame 4
793.9591 	EXP 	Display Frame 5
793.9922 	DATA 	Keypress: equal
793.9936 	EXP 	Display Frame 6
794.0258 	EXP 	Display Frame 7
794.0593 	EXP 	Display Frame 8
794.0924 	EXP 	Display Frame 9
794.1258 	EXP 	Display Frame 0
794.1591 	EXP 	Display Frame 1
794.1925 	EXP 	Display Frame 2
794.2257 	EXP 	Display Frame 3
794.2591 	EXP 	Display Frame 4
794.2924 	EXP 	Display Frame 5
794.3257 	EXP 	Display Frame 6
794.3591 	EXP 	Display Frame 7
794.3924 	EXP 	Display Frame 8
794.4259 	EXP 	Display Frame 9
794.4591 	EXP 	Display Frame 0
794.4924 	EXP 	Display Frame 1
794.5257 	EXP 	Display Frame 2
794.5592 	EXP 	Display Frame 3
794.5924 	EXP 	Display Frame 4
794.6257 	EXP 	Display Frame 5
794.6591 	EXP 	Display Frame 6
794.6925 	EXP 	Display Frame 7
794.7258 	EXP 	Display Frame 8
794.7592 	EXP 	Display Frame 9
794.7924 	EXP 	Display Frame 0
794.8259 	EXP 	Display Frame 1
794.8591 	EXP 	Display Frame 2
794.8925 	EXP 	Display Frame 3
794.9258 	EXP 	Display Frame 4
794.9591 	EXP 	Display Frame 5
794.9924 	EXP 	Display Frame 6
795.0259 	EXP 	Display Frame 7
795.0591 	EXP 	Display Frame 8
795.0926 	EXP 	Display Frame 9
795.1257 	EXP 	Display Frame 0
795.1591 	EXP 	Display Frame 1
795.1925 	EXP 	Display Frame 2
795.2258 	EXP 	Display Frame 3
795.2591 	EXP 	Display Frame 4
795.2924 	EXP 	Display Frame 5
795.3258 	EXP 	Display Frame 6
795.3591 	EXP 	Display Frame 7
795.3925 	EXP 	Display Frame 8
795.4258 	EXP 	Display Frame 9
795.4591 	EXP 	Display Frame 0
795.4924 	EXP 	Display Frame 1
795.5258 	EXP 	Display Frame 2
795.5591 	EXP 	Display Frame 3
795.5924 	EXP 	Display Frame 4
795.6258 	EXP 	Display Frame 5
795.6591 	EXP 	Display Frame 6
795.6925 	EXP 	Display Frame 7
795.7257 	EXP 	Display Frame 8
795.7591 	EXP 	Display Frame 9
795.7924 	EXP 	Display Frame 0
795.8257 	EXP 	Display Frame 1
795.8591 	EXP 	Display Frame 2
795.8925 	EXP 	Display Frame 3
795.9258 	EXP 	Display Frame 4
795.9591 	EXP 	Display Frame 5
795.9924 	EXP 	Display Frame 6
796.0258 	EXP 	Display Frame 7
796.0592 	EXP 	Display Frame 8
796.0924 	EXP 	Display Frame 9
796.1260 	EXP 	Display Frame 0
796.1591 	EXP 	Display Frame 1
796.1925 	EXP 	Display Frame 2
796.2258 	EXP 	Display Frame 3
796.2591 	EXP 	Display Frame 4
796.2925 	EXP 	Display Frame 5
796.3259 	EXP 	Display Frame 6
796.3592 	EXP 	Display Frame 7
796.3926 	EXP 	Display Frame 8
796.4259 	EXP 	Display Frame 9
796.4592 	EXP 	Display Frame 0
796.4924 	EXP 	Display Frame 1
796.5259 	EXP 	Display Frame 2
796.5602 	EXP 	Display Frame 3
796.5925 	EXP 	Display Frame 4
796.6258 	EXP 	Display Frame 5
796.6591 	EXP 	Display Frame 6
796.6925 	EXP 	Display Frame 7
796.7258 	EXP 	Display Frame 8
796.7591 	EXP 	Display Frame 9
796.7924 	EXP 	Display Frame 0
796.8257 	EXP 	Display Frame 1
796.8591 	EXP 	Display Frame 2
796.8925 	EXP 	Display Frame 3
796.9258 	EXP 	Display Frame 4
796.9593 	EXP 	Display Frame 5
796.9924 	EXP 	Display Frame 6
797.0259 	EXP 	Display Frame 7
797.0591 	EXP 	Display Frame 8
797.0925 	EXP 	Display Frame 9
797.1259 	EXP 	Display Frame 0
797.1593 	EXP 	Display Frame 1
797.1925 	EXP 	Display Frame 2
797.2259 	EXP 	Display Frame 3
797.2591 	EXP 	Display Frame 4
797.2924 	EXP 	Display Frame 5
797.3258 	EXP 	Display Frame 6
797.3591 	EXP 	Display Frame 7
797.3925 	EXP 	Display Frame 8
797.4258 	EXP 	Display Frame 9
797.4592 	EXP 	Display Frame 0
797.4925 	EXP 	Display Frame 1
797.5258 	EXP 	Display Frame 2
797.5592 	EXP 	Display Frame 3
797.5925 	EXP 	Display Frame 4
797.6258 	EXP 	Display Frame 5
797.6591 	EXP 	Display Frame 6
797.6925 	EXP 	Display Frame 7
797.7259 	EXP 	Display Frame 8
797.7593 	EXP 	Display Frame 9
797.7927 	EXP 	Display Frame 0
797.8258 	EXP 	Display Frame 1
797.8591 	EXP 	Display Frame 2
797.8925 	EXP 	Display Frame 3
797.9258 	EXP 	Display Frame 4
797.9591 	EXP 	Display Frame 5
797.9924 	EXP 	Display Frame 6
798.0258 	EXP 	Display Frame 7
798.0592 	EXP 	Display Frame 8
798.0925 	EXP 	Display Frame 9
798.1259 	EXP 	Display Frame 0
798.1592 	EXP 	Display Frame 1
798.1925 	EXP 	Display Frame 2
798.2258 	EXP 	Display Frame 3
798.2591 	EXP 	Display Frame 4
798.2924 	EXP 	Display Frame 5
798.3258 	EXP 	Display Frame 6
798.3591 	EXP 	Display Frame 7
798.3924 	EXP 	Display Frame 8
798.4258 	EXP 	Display Frame 9
798.4591 	EXP 	Display Frame 0
798.4924 	EXP 	Display Frame 1
798.5258 	EXP 	Display Frame 2
798.5592 	EXP 	Display Frame 3
798.5925 	EXP 	Display Frame 4
798.6258 	EXP 	Display Frame 5
798.6591 	EXP 	Display Frame 6
798.6924 	EXP 	Display Frame 7
798.7258 	EXP 	Display Frame 8
798.7591 	EXP 	Display Frame 9
798.7924 	EXP 	Display Frame 0
798.8258 	EXP 	Display Frame 1
798.8591 	EXP 	Display Frame 2
798.8925 	EXP 	Display Frame 3
798.9258 	EXP 	Display Frame 4
798.9591 	EXP 	Display Frame 5
798.9925 	EXP 	Display Frame 6
799.0259 	EXP 	Display Frame 7
799.0591 	EXP 	Display Frame 8
799.0926 	EXP 	Display Frame 9
799.1258 	EXP 	Display Frame 0
799.1596 	EXP 	Display Frame 1
799.1924 	DATA 	Keypress: equal
799.1937 	EXP 	Display Frame 2
799.2258 	EXP 	Display Frame 3
799.2592 	EXP 	Display Frame 4
799.2925 	EXP 	Display Frame 5
799.3258 	EXP 	Display Frame 6
799.3592 	EXP 	Display Frame 7
799.3925 	EXP 	Display Frame 8
799.4258 	EXP 	Display Frame 9
799.4591 	EXP 	Display Frame 0
799.4924 	EXP 	Display Frame 1
799.5258 	EXP 	Display Frame 2
799.5591 	EXP 	Display Frame 3
799.5925 	EXP 	Display Frame 4
799.6258 	EXP 	Display Frame 5
799.6591 	EXP 	Display Frame 6
799.6924 	EXP 	Display Frame 7
799.7258 	EXP 	Display Frame 8
799.7591 	EXP 	Display Frame 9
799.7924 	EXP 	Display Frame 0
799.8258 	EXP 	Display Frame 1
799.8591 	EXP 	Display Frame 2
799.8925 	EXP 	Display Frame 3
799.9258 	EXP 	Display Frame 4
799.9591 	EXP 	Display Frame 5
799.9925 	EXP 	Display Frame 6
800.0258 	EXP 	Display Frame 7
800.0591 	EXP 	Display Frame 8
800.0924 	EXP 	Display Frame 9
800.1258 	EXP 	Display Frame 0
800.1591 	EXP 	Display Frame 1
800.1924 	EXP 	Display Frame 2
800.2258 	EXP 	Display Frame 3
800.2592 	EXP 	Display Frame 4
800.2925 	EXP 	Display Frame 5
800.3259 	EXP 	Display Frame 6
800.3591 	EXP 	Display Frame 7
800.3926 	EXP 	Display Frame 8
800.4258 	EXP 	Display Frame 9
800.4591 	EXP 	Display Frame 0
800.4925 	EXP 	Display Frame 1
800.5258 	EXP 	Display Frame 2
800.5591 	EXP 	Display Frame 3
800.5926 	EXP 	Display Frame 4
800.6258 	EXP 	Display Frame 5
800.6591 	EXP 	Display Frame 6
800.6924 	EXP 	Display Frame 7
800.7257 	EXP 	Display Frame 8
800.7591 	EXP 	Display Frame 9
800.7924 	EXP 	Display Frame 0
800.8258 	EXP 	Display Frame 1
800.8591 	EXP 	Display Frame 2
800.8925 	EXP 	Display Frame 3
800.9258 	EXP 	Display Frame 4
800.9591 	EXP 	Display Frame 5
800.9925 	EXP 	Display Frame 6
801.0259 	EXP 	Display Frame 7
801.0591 	EXP 	Display Frame 8
801.0925 	EXP 	Display Frame 9
801.1258 	EXP 	Display Frame 0
801.1592 	EXP 	Display Frame 1
801.1924 	EXP 	Display Frame 2
801.2259 	EXP 	Display Frame 3
801.2591 	EXP 	Display Frame 4
801.2925 	EXP 	Display Frame 5
801.3257 	EXP 	Display Frame 6
801.3592 	EXP 	Display Frame 7
801.3924 	EXP 	Display Frame 8
801.4258 	EXP 	Display Frame 9
801.4591 	EXP 	Display Frame 0
801.4924 	EXP 	Display Frame 1
801.5257 	EXP 	Display Frame 2
801.5591 	EXP 	Display Frame 3
801.5924 	EXP 	Display Frame 4
801.6257 	EXP 	Display Frame 5
801.6592 	EXP 	Display Frame 6
801.6924 	EXP 	Display Frame 7
801.7258 	EXP 	Display Frame 8
801.7593 	EXP 	Display Frame 9
801.7924 	EXP 	Display Frame 0
801.8257 	EXP 	Display Frame 1
801.8593 	EXP 	Display Frame 2
801.8924 	EXP 	Display Frame 3
801.9259 	EXP 	Display Frame 4
801.9591 	EXP 	Display Frame 5
801.9924 	EXP 	Display Frame 6
802.0258 	EXP 	Display Frame 7
802.0592 	EXP 	Display Frame 8
802.0924 	EXP 	Display Frame 9
802.1258 	EXP 	Display Frame 0
802.1591 	EXP 	Display Frame 1
802.1925 	EXP 	Display Frame 2
802.2270 	EXP 	Display Frame 3
802.2591 	EXP 	Display Frame 4
802.2924 	EXP 	Display Frame 5
802.3259 	EXP 	Display Frame 6
802.3591 	EXP 	Display Frame 7
802.3925 	EXP 	Display Frame 8
802.4257 	EXP 	Display Frame 9
802.4591 	EXP 	Display Frame 0
802.4926 	EXP 	Display Frame 1
802.5257 	EXP 	Display Frame 2
802.5591 	EXP 	Display Frame 3
802.5924 	EXP 	Display Frame 4
802.6257 	EXP 	Display Frame 5
802.6591 	EXP 	Display Frame 6
802.6924 	EXP 	Display Frame 7
802.7257 	EXP 	Display Frame 8
802.7590 	EXP 	Display Frame 9
802.7924 	EXP 	Display Frame 0
802.8258 	EXP 	Display Frame 1
802.8591 	EXP 	Display Frame 2
802.8924 	EXP 	Display Frame 3
802.9258 	EXP 	Display Frame 4
802.9591 	EXP 	Display Frame 5
802.9924 	EXP 	Display Frame 6
803.0258 	EXP 	Display Frame 7
803.0592 	EXP 	Display Frame 8
803.0925 	EXP 	Display Frame 9
803.1257 	EXP 	Display Frame 0
803.1591 	EXP 	Display Frame 1
803.1924 	EXP 	Display Frame 2
803.2259 	EXP 	Display Frame 3
803.2591 	EXP 	Display Frame 4
803.2924 	EXP 	Display Frame 5
803.3258 	EXP 	Display Frame 6
803.3591 	EXP 	Display Frame 7
803.3924 	EXP 	Display Frame 8
803.4259 	EXP 	Display Frame 9
803.4591 	EXP 	Display Frame 0
803.4924 	EXP 	Display Frame 1
803.5258 	EXP 	Display Frame 2
803.5592 	EXP 	Display Frame 3
803.5924 	EXP 	Display Frame 4
803.6257 	EXP 	Display Frame 5
803.6591 	EXP 	Display Frame 6
803.6924 	EXP 	Display Frame 7
803.7257 	EXP 	Display Frame 8
803.7591 	EXP 	Display Frame 9
803.7924 	EXP 	Display Frame 0
803.8257 	EXP 	Display Frame 1
803.8591 	EXP 	Display Frame 2
803.8924 	EXP 	Display Frame 3
803.9258 	EXP 	Display Frame 4
803.9591 	EXP 	Display Frame 5
803.9925 	EXP 	Display Frame 6
804.0257 	EXP 	Display Frame 7
804.0591 	EXP 	Display Frame 8
804.0924 	EXP 	Display Frame 9
804.1259 	EXP 	Display Frame 0
804.1591 	EXP 	Display Frame 1
804.1925 	EXP 	Display Frame 2
804.2258 	EXP 	Display Frame 3
804.2591 	EXP 	Display Frame 4
804.2924 	EXP 	Display Frame 5
804.3259 	EXP 	Display Frame 6
804.3591 	EXP 	Display Frame 7
804.3922 	DATA 	Keypress: equal
804.3937 	EXP 	Display Frame 8
804.4257 	EXP 	Display Frame 9
804.4591 	EXP 	Display Frame 0
804.4925 	EXP 	Display Frame 1
804.5257 	EXP 	Display Frame 2
804.5591 	EXP 	Display Frame 3
804.5926 	EXP 	Display Frame 4
804.6257 	EXP 	Display Frame 5
804.6591 	EXP 	Display Frame 6
804.6926 	EXP 	Display Frame 7
804.7258 	EXP 	Display Frame 8
804.7591 	EXP 	Display Frame 9
804.7924 	EXP 	Display Frame 0
804.8257 	EXP 	Display Frame 1
804.8591 	EXP 	Display Frame 2
804.8924 	EXP 	Display Frame 3
804.9257 	EXP 	Display Frame 4
804.9591 	EXP 	Display Frame 5
804.9924 	EXP 	Display Frame 6
805.0258 	EXP 	Display Frame 7
805.0591 	EXP 	Display Frame 8
805.0938 	EXP 	Display Frame 9
805.1257 	EXP 	Display Frame 0
805.1591 	EXP 	Display Frame 1
805.1924 	EXP 	Display Frame 2
805.2258 	EXP 	Display Frame 3
805.2591 	EXP 	Display Frame 4
805.2925 	EXP 	Display Frame 5
805.3258 	EXP 	Display Frame 6
805.3591 	EXP 	Display Frame 7
805.3924 	EXP 	Display Frame 8
805.4259 	EXP 	Display Frame 9
805.4591 	EXP 	Display Frame 0
805.4925 	EXP 	Display Frame 1
805.5258 	EXP 	Display Frame 2
805.5592 	EXP 	Display Frame 3
805.5924 	EXP 	Display Frame 4
805.6259 	EXP 	Display Frame 5
805.6591 	EXP 	Display Frame 6
805.6926 	EXP 	Display Frame 7
805.7258 	EXP 	Display Frame 8
805.7592 	EXP 	Display Frame 9
805.7924 	EXP 	Display Frame 0
805.8258 	EXP 	Display Frame 1
805.8591 	EXP 	Display Frame 2
805.8925 	EXP 	Display Frame 3
805.9258 	EXP 	Display Frame 4
805.9593 	EXP 	Display Frame 5
805.9924 	EXP 	Display Frame 6
806.0259 	EXP 	Display Frame 7
806.0591 	EXP 	Display Frame 8
806.0929 	EXP 	Display Frame 9
806.1258 	EXP 	Display Frame 0
806.1591 	EXP 	Display Frame 1
806.1925 	EXP 	Display Frame 2
806.2258 	EXP 	Display Frame 3
806.2591 	EXP 	Display Frame 4
806.2924 	EXP 	Display Frame 5
806.3258 	EXP 	Display Frame 6
806.3591 	EXP 	Display Frame 7
806.3925 	EXP 	Display Frame 8
806.4258 	EXP 	Display Frame 9
806.4592 	EXP 	Display Frame 0
806.4924 	EXP 	Display Frame 1
806.5269 	EXP 	Display Frame 2
806.5593 	EXP 	Display Frame 3
806.5926 	EXP 	Display Frame 4
806.6258 	EXP 	Display Frame 5
806.6591 	EXP 	Display Frame 6
806.6924 	EXP 	Display Frame 7
806.7259 	EXP 	Display Frame 8
806.7591 	EXP 	Display Frame 9
806.7926 	EXP 	Display Frame 0
806.8257 	EXP 	Display Frame 1
806.8591 	EXP 	Display Frame 2
806.8925 	EXP 	Display Frame 3
806.9258 	EXP 	Display Frame 4
806.9591 	EXP 	Display Frame 5
806.9924 	EXP 	Display Frame 6
807.0258 	EXP 	Display Frame 7
807.0591 	EXP 	Display Frame 8
807.0926 	EXP 	Display Frame 9
807.1258 	EXP 	Display Frame 0
807.1592 	EXP 	Display Frame 1
807.1925 	EXP 	Display Frame 2
807.2258 	EXP 	Display Frame 3
807.2591 	EXP 	Display Frame 4
807.2925 	EXP 	Display Frame 5
807.3258 	EXP 	Display Frame 6
807.3592 	EXP 	Display Frame 7
807.3924 	EXP 	Display Frame 8
807.4258 	EXP 	Display Frame 9
807.4591 	EXP 	Display Frame 0
807.4924 	EXP 	Display Frame 1
807.5258 	EXP 	Display Frame 2
807.5592 	EXP 	Display Frame 3
807.5924 	EXP 	Display Frame 4
807.6259 	EXP 	Display Frame 5
807.6591 	EXP 	Display Frame 6
807.6927 	EXP 	Display Frame 7
807.7258 	EXP 	Display Frame 8
807.7592 	EXP 	Display Frame 9
807.7924 	EXP 	Display Frame 0
807.8258 	EXP 	Display Frame 1
807.8591 	EXP 	Display Frame 2
807.8925 	EXP 	Display Frame 3
807.9258 	EXP 	Display Frame 4
807.9591 	EXP 	Display Frame 5
807.9924 	EXP 	Display Frame 6
808.0257 	EXP 	Display Frame 7
808.0595 	EXP 	Display Frame 8
808.0925 	EXP 	Display Frame 9
808.1258 	EXP 	Display Frame 0
808.1591 	EXP 	Display Frame 1
808.1925 	EXP 	Display Frame 2
808.2259 	EXP 	Display Frame 3
808.2591 	EXP 	Display Frame 4
808.2925 	EXP 	Display Frame 5
808.3259 	EXP 	Display Frame 6
808.3591 	EXP 	Display Frame 7
808.3927 	EXP 	Display Frame 8
808.4258 	EXP 	Display Frame 9
808.4592 	EXP 	Display Frame 0
808.4924 	EXP 	Display Frame 1
808.5259 	EXP 	Display Frame 2
808.5592 	EXP 	Display Frame 3
808.5925 	EXP 	Display Frame 4
808.6257 	EXP 	Display Frame 5
808.6592 	EXP 	Display Frame 6
808.6925 	EXP 	Display Frame 7
808.7259 	EXP 	Display Frame 8
808.7591 	EXP 	Display Frame 9
808.7924 	EXP 	Display Frame 0
808.8258 	EXP 	Display Frame 1
808.8590 	EXP 	Display Frame 2
808.8924 	EXP 	Display Frame 3
808.9259 	EXP 	Display Frame 4
808.9591 	EXP 	Display Frame 5
808.9924 	EXP 	Display Frame 6
809.0258 	EXP 	Display Frame 7
809.0591 	EXP 	Display Frame 8
809.0924 	EXP 	Display Frame 9
809.1263 	EXP 	Display Frame 0
809.1591 	EXP 	Display Frame 1
809.1924 	EXP 	Display Frame 2
809.2258 	EXP 	Display Frame 3
809.2592 	EXP 	Display Frame 4
809.2927 	EXP 	Display Frame 5
809.3261 	EXP 	Display Frame 6
809.3594 	EXP 	Display Frame 7
809.3925 	EXP 	Display Frame 8
809.4259 	EXP 	Display Frame 9
809.4591 	EXP 	Display Frame 0
809.4925 	EXP 	Display Frame 1
809.5258 	EXP 	Display Frame 2
809.5592 	EXP 	Display Frame 3
809.5922 	DATA 	Keypress: equal
809.5936 	EXP 	Display Frame 4
809.6258 	EXP 	Display Frame 5
809.6591 	EXP 	Display Frame 6
809.6925 	EXP 	Display Frame 7
809.7258 	EXP 	Display Frame 8
809.7592 	EXP 	Display Frame 9
809.7924 	EXP 	Display Frame 0
809.8261 	EXP 	Display Frame 1
809.8594 	EXP 	Display Frame 2
809.8924 	EXP 	Display Frame 3
809.9258 	EXP 	Display Frame 4
809.9591 	EXP 	Display Frame 5
809.9924 	EXP 	Display Frame 6
810.0258 	EXP 	Display Frame 7
810.0591 	EXP 	Display Frame 8
810.0926 	EXP 	Display Frame 9
810.1258 	EXP 	Display Frame 0
810.1591 	EXP 	Display Frame 1
810.1924 	EXP 	Display Frame 2
810.2258 	EXP 	Display Frame 3
810.2591 	EXP 	Display Frame 4
810.2925 	EXP 	Display Frame 5
810.3258 	EXP 	Display Frame 6
810.3591 	EXP 	Display Frame 7
810.3924 	EXP 	Display Frame 8
810.4258 	EXP 	Display Frame 9
810.4591 	EXP 	Display Frame 0
810.4924 	EXP 	Display Frame 1
810.5258 	EXP 	Display Frame 2
810.5591 	EXP 	Display Frame 3
810.5926 	EXP 	Display Frame 4
810.6258 	EXP 	Display Frame 5
810.6591 	EXP 	Display Frame 6
810.6924 	EXP 	Display Frame 7
810.7259 	EXP 	Display Frame 8
810.7591 	EXP 	Display Frame 9
810.7925 	EXP 	Display Frame 0
810.8257 	EXP 	Display Frame 1
810.8592 	EXP 	Display Frame 2
810.8924 	EXP 	Display Frame 3
810.9258 	EXP 	Display Frame 4
810.9591 	EXP 	Display Frame 5
810.9925 	EXP 	Display Frame 6
811.0258 	EXP 	Display Frame 7
811.0591 	EXP 	Display Frame 8
811.0924 	EXP 	Display Frame 9
811.1259 	EXP 	Display Frame 0
811.1591 	EXP 	Display Frame 1
811.1924 	EXP 	Display Frame 2
811.2259 	EXP 	Display Frame 3
811.2592 	EXP 	Display Frame 4
811.2925 	EXP 	Display Frame 5
811.3258 	EXP 	Display Frame 6
811.3594 	EXP 	Display Frame 7
811.3927 	EXP 	Display Frame 8
811.4261 	EXP 	Display Frame 9
811.4594 	EXP 	Display Frame 0
811.4928 	EXP 	Display Frame 1
811.5261 	EXP 	Display Frame 2
811.5593 	EXP 	Display Frame 3
811.5928 	EXP 	Display Frame 4
811.6261 	EXP 	Display Frame 5
811.6594 	EXP 	Display Frame 6
811.6925 	EXP 	Display Frame 7
811.7259 	EXP 	Display Frame 8
811.7594 	EXP 	Display Frame 9
811.7927 	EXP 	Display Frame 0
811.8261 	EXP 	Display Frame 1
811.8595 	EXP 	Display Frame 2
811.8927 	EXP 	Display Frame 3
811.9261 	EXP 	Display Frame 4
811.9593 	EXP 	Display Frame 5
811.9925 	EXP 	Display Frame 6
812.0258 	EXP 	Display Frame 7
812.0592 	EXP 	Display Frame 8
812.0925 	EXP 	Display Frame 9
812.1258 	EXP 	Display Frame 0
812.1592 	EXP 	Display Frame 1
812.1926 	EXP 	Display Frame 2
812.2258 	EXP 	Display Frame 3
812.2591 	EXP 	Display Frame 4
812.2924 	EXP 	Display Frame 5
812.3259 	EXP 	Display Frame 6
812.3594 	EXP 	Display Frame 7
812.3927 	EXP 	Display Frame 8
812.4259 	EXP 	Display Frame 9
812.4591 	EXP 	Display Frame 0
812.4925 	EXP 	Display Frame 1
812.5259 	EXP 	Display Frame 2
812.5594 	EXP 	Display Frame 3
812.5927 	EXP 	Display Frame 4
812.6261 	EXP 	Display Frame 5
812.6592 	EXP 	Display Frame 6
812.6925 	EXP 	Display Frame 7
812.7258 	EXP 	Display Frame 8
812.7593 	EXP 	Display Frame 9
812.7925 	EXP 	Display Frame 0
812.8258 	EXP 	Display Frame 1
812.8592 	EXP 	Display Frame 2
812.8925 	EXP 	Display Frame 3
812.9257 	EXP 	Display Frame 4
812.9591 	EXP 	Display Frame 5
812.9925 	EXP 	Display Frame 6
813.0258 	EXP 	Display Frame 7
813.0591 	EXP 	Display Frame 8
813.0924 	EXP 	Display Frame 9
813.1258 	EXP 	Display Frame 0
813.1591 	EXP 	Display Frame 1
813.1926 	EXP 	Display Frame 2
813.2258 	EXP 	Display Frame 3
813.2592 	EXP 	Display Frame 4
813.2925 	EXP 	Display Frame 5
813.3257 	EXP 	Display Frame 6
813.3591 	EXP 	Display Frame 7
813.3925 	EXP 	Display Frame 8
813.4258 	EXP 	Display Frame 9
813.4591 	EXP 	Display Frame 0
813.4925 	EXP 	Display Frame 1
813.5258 	EXP 	Display Frame 2
813.5591 	EXP 	Display Frame 3
813.5925 	EXP 	Display Frame 4
813.6258 	EXP 	Display Frame 5
813.6591 	EXP 	Display Frame 6
813.6925 	EXP 	Display Frame 7
813.7258 	EXP 	Display Frame 8
813.7591 	EXP 	Display Frame 9
813.7925 	EXP 	Display Frame 0
813.8259 	EXP 	Display Frame 1
813.8591 	EXP 	Display Frame 2
813.8925 	EXP 	Display Frame 3
813.9257 	EXP 	Display Frame 4
813.9591 	EXP 	Display Frame 5
813.9924 	EXP 	Display Frame 6
814.0259 	EXP 	Display Frame 7
814.0591 	EXP 	Display Frame 8
814.0925 	EXP 	Display Frame 9
814.1258 	EXP 	Display Frame 0
814.1591 	EXP 	Display Frame 1
814.1925 	EXP 	Display Frame 2
814.2259 	EXP 	Display Frame 3
814.2591 	EXP 	Display Frame 4
814.2926 	EXP 	Display Frame 5
814.3258 	EXP 	Display Frame 6
814.3592 	EXP 	Display Frame 7
814.3926 	EXP 	Display Frame 8
814.4258 	EXP 	Display Frame 9
814.4591 	EXP 	Display Frame 0
814.4924 	EXP 	Display Frame 1
814.5259 	EXP 	Display Frame 2
814.5591 	EXP 	Display Frame 3
814.5924 	EXP 	Display Frame 4
814.6259 	EXP 	Display Frame 5
814.6591 	EXP 	Display Frame 6
814.6925 	EXP 	Display Frame 7
814.7258 	EXP 	Display Frame 8
814.7589 	DATA 	Keypress: equal
814.7605 	EXP 	Display Frame 9
814.7924 	EXP 	Display Frame 0
814.8257 	EXP 	Display Frame 1
814.8591 	EXP 	Display Frame 2
814.8924 	EXP 	Display Frame 3
814.9258 	EXP 	Display Frame 4
814.9594 	EXP 	Display Frame 5
814.9924 	EXP 	Display Frame 6
815.0258 	EXP 	Display Frame 7
815.0591 	EXP 	Display Frame 8
815.0925 	EXP 	Display Frame 9
815.1259 	EXP 	Display Frame 0
815.1608 	EXP 	Display Frame 1
815.1926 	EXP 	Display Frame 2
815.2258 	EXP 	Display Frame 3
815.2593 	EXP 	Display Frame 4
815.2924 	EXP 	Display Frame 5
815.3257 	EXP 	Display Frame 6
815.3591 	EXP 	Display Frame 7
815.3926 	EXP 	Display Frame 8
815.4257 	EXP 	Display Frame 9
815.4591 	EXP 	Display Frame 0
815.4924 	EXP 	Display Frame 1
815.5258 	EXP 	Display Frame 2
815.5591 	EXP 	Display Frame 3
815.5925 	EXP 	Display Frame 4
815.6258 	EXP 	Display Frame 5
815.6591 	EXP 	Display Frame 6
815.6924 	EXP 	Display Frame 7
815.7258 	EXP 	Display Frame 8
815.7591 	EXP 	Display Frame 9
815.7924 	EXP 	Display Frame 0
815.8258 	EXP 	Display Frame 1
815.8591 	EXP 	Display Frame 2
815.8925 	EXP 	Display Frame 3
815.9258 	EXP 	Display Frame 4
815.9591 	EXP 	Display Frame 5
815.9925 	EXP 	Display Frame 6
816.0259 	EXP 	Display Frame 7
816.0591 	EXP 	Display Frame 8
816.0924 	EXP 	Display Frame 9
816.1258 	EXP 	Display Frame 0
816.1591 	EXP 	Display Frame 1
816.1925 	EXP 	Display Frame 2
816.2259 	EXP 	Display Frame 3
816.2591 	EXP 	Display Frame 4
816.2926 	EXP 	Display Frame 5
816.3258 	EXP 	Display Frame 6
816.3591 	EXP 	Display Frame 7
816.3924 	EXP 	Display Frame 8
816.4258 	EXP 	Display Frame 9
816.4591 	EXP 	Display Frame 0
816.4924 	EXP 	Display Frame 1
816.5258 	EXP 	Display Frame 2
816.5591 	EXP 	Display Frame 3
816.5924 	EXP 	Display Frame 4
816.6258 	EXP 	Display Frame 5
816.6591 	EXP 	Display Frame 6
816.6925 	EXP 	Display Frame 7
816.7258 	EXP 	Display Frame 8
816.7591 	EXP 	Display Frame 9
816.7924 	EXP 	Display Frame 0
816.8258 	EXP 	Display Frame 1
816.8592 	EXP 	Display Frame 2
816.8924 	EXP 	Display Frame 3
816.9258 	EXP 	Display Frame 4
816.9591 	EXP 	Display Frame 5
816.9925 	EXP 	Display Frame 6
817.0258 	EXP 	Display Frame 7
817.0591 	EXP 	Display Frame 8
817.0924 	EXP 	Display Frame 9
817.1259 	EXP 	Display Frame 0
817.1591 	EXP 	Display Frame 1
817.1925 	EXP 	Display Frame 2
817.2258 	EXP 	Display Frame 3
817.2592 	EXP 	Display Frame 4
817.2924 	EXP 	Display Frame 5
817.3258 	EXP 	Display Frame 6
817.3592 	EXP 	Display Frame 7
817.3927 	EXP 	Display Frame 8
817.4258 	EXP 	Display Frame 9
817.4591 	EXP 	Display Frame 0
817.4924 	EXP 	Display Frame 1
817.5258 	EXP 	Display Frame 2
817.5591 	EXP 	Display Frame 3
817.5925 	EXP 	Display Frame 4
817.6258 	EXP 	Display Frame 5
817.6591 	EXP 	Display Frame 6
817.6924 	EXP 	Display Frame 7
817.7258 	EXP 	Display Frame 8
817.7591 	EXP 	Display Frame 9
817.7924 	EXP 	Display Frame 0
817.8257 	EXP 	Display Frame 1
817.8591 	EXP 	Display Frame 2
817.8925 	EXP 	Display Frame 3
817.9259 	EXP 	Display Frame 4
817.9591 	EXP 	Display Frame 5
817.9924 	EXP 	Display Frame 6
818.0257 	EXP 	Display Frame 7
818.0591 	EXP 	Display Frame 8
818.0926 	EXP 	Display Frame 9
818.1258 	EXP 	Display Frame 0
818.1592 	EXP 	Display Frame 1
818.1929 	EXP 	Display Frame 2
818.2258 	EXP 	Display Frame 3
818.2592 	EXP 	Display Frame 4
818.2925 	EXP 	Display Frame 5
818.3258 	EXP 	Display Frame 6
818.3591 	EXP 	Display Frame 7
818.3925 	EXP 	Display Frame 8
818.4259 	EXP 	Display Frame 9
818.4591 	EXP 	Display Frame 0
818.4926 	EXP 	Display Frame 1
818.5257 	EXP 	Display Frame 2
818.5591 	EXP 	Display Frame 3
818.5924 	EXP 	Display Frame 4
818.6259 	EXP 	Display Frame 5
818.6591 	EXP 	Display Frame 6
818.6925 	EXP 	Display Frame 7
818.7258 	EXP 	Display Frame 8
818.7591 	EXP 	Display Frame 9
818.7924 	EXP 	Display Frame 0
818.8258 	EXP 	Display Frame 1
818.8591 	EXP 	Display Frame 2
818.8924 	EXP 	Display Frame 3
818.9258 	EXP 	Display Frame 4
818.9591 	EXP 	Display Frame 5
818.9925 	EXP 	Display Frame 6
819.0257 	EXP 	Display Frame 7
819.0593 	EXP 	Display Frame 8
819.0925 	EXP 	Display Frame 9
819.1258 	EXP 	Display Frame 0
819.1591 	EXP 	Display Frame 1
819.1926 	EXP 	Display Frame 2
819.2258 	EXP 	Display Frame 3
819.2591 	EXP 	Display Frame 4
819.2924 	EXP 	Display Frame 5
819.3258 	EXP 	Display Frame 6
819.3591 	EXP 	Display Frame 7
819.3924 	EXP 	Display Frame 8
819.4258 	EXP 	Display Frame 9
819.4591 	EXP 	Display Frame 0
819.4924 	EXP 	Display Frame 1
819.5258 	EXP 	Display Frame 2
819.5591 	EXP 	Display Frame 3
819.5925 	EXP 	Display Frame 4
819.6258 	EXP 	Display Frame 5
819.6591 	EXP 	Display Frame 6
819.6925 	EXP 	Display Frame 7
819.7258 	EXP 	Display Frame 8
819.7592 	EXP 	Display Frame 9
819.7926 	EXP 	Display Frame 0
819.8258 	EXP 	Display Frame 1
819.8591 	EXP 	Display Frame 2
819.8926 	EXP 	Display Frame 3
819.9258 	EXP 	Display Frame 4
819.9591 	EXP 	Display Frame 5
819.9924 	EXP 	Display Frame 6
820.0258 	EXP 	Display Frame 7
820.0591 	EXP 	Display Frame 8
820.0926 	EXP 	Display Frame 9
820.1258 	EXP 	Display Frame 0
820.1591 	EXP 	Display Frame 1
820.1924 	EXP 	Display Frame 2
820.2258 	EXP 	Display Frame 3
820.2591 	EXP 	Display Frame 4
820.2924 	EXP 	Display Frame 5
820.3258 	EXP 	Display Frame 6
820.3591 	EXP 	Display Frame 7
820.3924 	EXP 	Display Frame 8
820.4259 	EXP 	Display Frame 9
820.4591 	EXP 	Display Frame 0
820.4924 	EXP 	Display Frame 1
820.5258 	EXP 	Display Frame 2
820.5590 	EXP 	Display Frame 3
820.5925 	EXP 	Display Frame 4
820.6261 	EXP 	Display Frame 5
820.6591 	EXP 	Display Frame 6
820.6925 	EXP 	Display Frame 7
820.7258 	EXP 	Display Frame 8
820.7591 	EXP 	Display Frame 9
820.7925 	EXP 	Display Frame 0
820.8258 	EXP 	Display Frame 1
820.8591 	EXP 	Display Frame 2
820.8925 	EXP 	Display Frame 3
820.9258 	EXP 	Display Frame 4
820.9591 	EXP 	Display Frame 5
820.9925 	EXP 	Display Frame 6
821.0258 	EXP 	Display Frame 7
821.0591 	EXP 	Display Frame 8
821.0924 	EXP 	Display Frame 9
821.1258 	EXP 	Display Frame 0
821.1591 	EXP 	Display Frame 1
821.1925 	EXP 	Display Frame 2
821.2258 	EXP 	Display Frame 3
821.2591 	EXP 	Display Frame 4
821.2924 	EXP 	Display Frame 5
821.3258 	EXP 	Display Frame 6
821.3591 	EXP 	Display Frame 7
821.3925 	EXP 	Display Frame 8
821.4258 	EXP 	Display Frame 9
821.4591 	EXP 	Display Frame 0
821.4925 	EXP 	Display Frame 1
821.5259 	EXP 	Display Frame 2
821.5591 	EXP 	Display Frame 3
821.5926 	EXP 	Display Frame 4
821.6258 	EXP 	Display Frame 5
821.6591 	EXP 	Display Frame 6
821.6925 	EXP 	Display Frame 7
821.7259 	EXP 	Display Frame 8
821.7593 	EXP 	Display Frame 9
821.7924 	EXP 	Display Frame 0
821.8258 	EXP 	Display Frame 1
821.8591 	EXP 	Display Frame 2
821.8926 	EXP 	Display Frame 3
821.9258 	EXP 	Display Frame 4
821.9591 	EXP 	Display Frame 5
821.9924 	EXP 	Display Frame 6
822.0258 	EXP 	Display Frame 7
822.0591 	EXP 	Display Frame 8
822.0924 	EXP 	Display Frame 9
822.1258 	EXP 	Display Frame 0
822.1591 	EXP 	Display Frame 1
822.1925 	EXP 	Display Frame 2
822.2258 	EXP 	Display Frame 3
822.2591 	EXP 	Display Frame 4
822.2924 	EXP 	Display Frame 5
822.3258 	EXP 	Display Frame 6
822.3592 	EXP 	Display Frame 7
822.3925 	EXP 	Display Frame 8
822.4259 	EXP 	Display Frame 9
822.4591 	EXP 	Display Frame 0
822.4926 	EXP 	Display Frame 1
822.5257 	EXP 	Display Frame 2
822.5591 	EXP 	Display Frame 3
822.5924 	EXP 	Display Frame 4
822.6258 	EXP 	Display Frame 5
822.6591 	EXP 	Display Frame 6
822.6925 	EXP 	Display Frame 7
822.7257 	EXP 	Display Frame 8
822.7592 	EXP 	Display Frame 9
822.7924 	EXP 	Display Frame 0
822.8259 	EXP 	Display Frame 1
822.8591 	EXP 	Display Frame 2
822.8925 	EXP 	Display Frame 3
822.9258 	EXP 	Display Frame 4
822.9591 	EXP 	Display Frame 5
822.9924 	EXP 	Display Frame 6
823.0258 	EXP 	Display Frame 7
823.0593 	EXP 	Display Frame 8
823.0924 	EXP 	Display Frame 9
823.1258 	EXP 	Display Frame 0
823.1591 	EXP 	Display Frame 1
823.1925 	EXP 	Display Frame 2
823.2258 	EXP 	Display Frame 3
823.2591 	EXP 	Display Frame 4
823.2924 	EXP 	Display Frame 5
823.3259 	EXP 	Display Frame 6
823.3591 	EXP 	Display Frame 7
823.3924 	EXP 	Display Frame 8
823.4258 	EXP 	Display Frame 9
823.4591 	EXP 	Display Frame 0
823.4924 	EXP 	Display Frame 1
823.5258 	EXP 	Display Frame 2
823.5591 	EXP 	Display Frame 3
823.5926 	EXP 	Display Frame 4
823.6257 	EXP 	Display Frame 5
823.6591 	EXP 	Display Frame 6
823.6924 	EXP 	Display Frame 7
823.7258 	EXP 	Display Frame 8
823.7591 	EXP 	Display Frame 9
823.7926 	EXP 	Display Frame 0
823.8258 	EXP 	Display Frame 1
823.8591 	EXP 	Display Frame 2
823.8924 	EXP 	Display Frame 3
823.9259 	EXP 	Display Frame 4
823.9591 	EXP 	Display Frame 5
823.9925 	EXP 	Display Frame 6
824.0258 	EXP 	Display Frame 7
824.0591 	EXP 	Display Frame 8
824.0925 	EXP 	Display Frame 9
824.1259 	EXP 	Display Frame 0
824.1592 	EXP 	Display Frame 1
824.1952 	DATA 	Keypress: equal
824.1966 	EXP 	Display Frame 2
824.2027 	EXP 	Display Fixation
965.6102 	DATA 	Keypress: escape
965.6280 	EXP 	topMsg: height = 0.1
965.6280 	EXP 	topMsg: height = 0.1
965.6280 	EXP 	topMsg: text = "Thank you very much! \n\nThat's it with the tapping"
965.6280 	EXP 	bottomMsg: height = 0.1
965.6280 	EXP 	bottomMsg: height = 0.1
965.6280 	EXP 	bottomMsg: text = "Please relax for the ramaining time \n\n Press 'q' or 'escape' to end the session."
965.6280 	EXP 	Display TheEnd
966.1436 	DATA 	Keypress: escape
966.2653 	EXP 	win: mouseVisible = True
