0.9383 	WARNING 	We strongly recommend you activate the PTB sound engine in PsychoPy prefs as the preferred audio engine. Its timing is vastly superior. Your prefs are currently set to use ['sounddevice', 'PTB', 'pyo', 'pygame'] (in that order).
69.8748 	INFO 	---START PARAMETERS---
69.8748 	INFO 	filename: TappingWithTrTiming_Movie_d3.py-1tt==============-253-Mar_09_1743
69.8749 	INFO 	subject: 1tt==============
69.8749 	INFO 	session: 253
69.8749 	INFO 	date: Mar_09_1743
69.8749 	INFO 	blockDur_TRs: 20
69.8749 	INFO 	condition: vis
69.8749 	INFO 	fixCrossPos: [0, 0]
69.8749 	INFO 	fixCrossSize: 100
69.8749 	INFO 	fullScreen: True
69.8749 	INFO 	movieFolder: Images/
69.8749 	INFO 	movieSize: (1600, 1000)
69.8749 	INFO 	nBlocks: 68
69.8749 	INFO 	promptDir: Text/
69.8749 	INFO 	restDur_TRs: 20
69.8749 	INFO 	screenColor: (128, 128, 128)
69.8749 	INFO 	screenToShow: 1
69.8749 	INFO 	skipPrompts: False
69.8750 	INFO 	tStartup_TRs: 0
69.8750 	INFO 	textHeight: 40
69.8750 	INFO 	triggerKey: equal
69.8750 	INFO 	---END PARAMETERS---
70.7293 	INFO 	Loaded monitor calibration from ['2022_03_25 08:03']
71.8493 	WARNING 	Couldn't measure a consistent frame rate!
  - Is your graphics card set to sync to vertical blank?
  - Are you running other processes on your computer?

71.8498 	EXP 	Created win = Window(allowGUI=False, allowStencil=False, autoLog=True, backendConf=UNKNOWN, bitsMode=UNKNOWN, blendMode='avg', bpc=(8, 8, 8), color=array([128, 128, 128]), colorSpace='rgb255', depthBits=8, fullscr=<method-wrapper '__getattribute__' of attributeSetter object at 0x7fe5a91c9220>, gamma=None, gammaErrorPolicy='raise', lms=UNKNOWN, monitor=<psychopy.monitors.calibTools.Monitor object at 0x7fe689293250>, multiSample=False, name='win', numSamples=2, pos=[0.0, 0.0], screen=1, size=array([1920, 1080]), stencilBits=0, stereo=False, units='deg', useFBO=False, useRetina=False, viewOri=0.0, viewPos=None, viewScale=None, waitBlanking=True, winType='pyglet')
71.8500 	EXP 	win: mouseVisible = True
71.8546 	EXP 	Created fixCross = ShapeStim(__class__=<class 'psychopy.visual.shape.ShapeStim'>, anchor=('center', 'center'), autoDraw=False, autoLog=True, closeShape=False, color=method-wrapper(...), colorSpace='rgb', contrast=None, depth=0, fillColor=array([0, 0, 0]), fillColorSpace='rgb', fillRGB=array([0, 0, 0]), interpolate=True, lineColor=array([-1., -1., -1.]), lineColorSpace='rgb', lineRGB=array([-1., -1., -1.]), lineWidth=3.0, name='fixCross', opacity=0.5, ori=0.0, pos=array([0., 0.]), size=array([1., 1.]), units='pix', vertices=ndarray(...), win=Window(...), windingRule=None)
71.8551 	WARNING 	TextStim.alignHoriz is deprecated. Use alignText and anchorHoriz attributes instead
71.8789 	EXP 	Created topMsg = TextStim(__class__=<class 'psychopy.visual.text.TextStim'>, alignHoriz='center', alignText='center', alignVert=method-wrapper(...), anchorHoriz='center', anchorVert='center', antialias=True, autoLog=True, bold=False, color=array([-1., -1., -1.]), colorSpace='rgb', contrast=1.0, depth=0, flipHoriz=False, flipVert=False, font='', fontFiles=[], height=0.1, italic=False, languageStyle='LTR', name='topMsg', opacity=1.0, ori=0.0, pos=array([0. , 0.5]), rgb=UNKNOWN, text='aaa', units='norm', win=Window(...), wrapWidth=1.5)
71.8790 	WARNING 	TextStim.alignHoriz is deprecated. Use alignText and anchorHoriz attributes instead
71.8813 	EXP 	Created bottomMsg = TextStim(__class__=<class 'psychopy.visual.text.TextStim'>, alignHoriz='center', alignText='center', alignVert=method-wrapper(...), anchorHoriz='center', anchorVert='center', antialias=True, autoLog=True, bold=False, color=array([-1., -1., -1.]), colorSpace='rgb', contrast=1.0, depth=0, flipHoriz=False, flipVert=False, font='', fontFiles=[], height=0.1, italic=False, languageStyle='LTR', name='bottomMsg', opacity=1.0, ori=0.0, pos=array([ 0. , -0.5]), rgb=UNKNOWN, text='bbb', units='norm', win=Window(...), wrapWidth=1.5)
71.9005 	EXP 	Created Movie Frame 0 = ImageStim(__class__=<class 'psychopy.visual.image.ImageStim'>, anchor=('center', 'center'), autoLog=True, color=array([1., 1., 1.]), colorSpace='rgb', contrast=1.0, depth=0, flipHoriz=False, flipVert=False, image='Images/visual_0.png', interpolate=False, mask=None, maskParams=None, name='Movie Frame 0', opacity=1, ori=0.0, pos=array([0., 0.]), size=array([1600., 1000.]), texRes=128, units='pix', win=Window(...))
71.9112 	EXP 	Created Movie Frame 1 = ImageStim(__class__=<class 'psychopy.visual.image.ImageStim'>, anchor=('center', 'center'), autoLog=True, color=array([1., 1., 1.]), colorSpace='rgb', contrast=1.0, depth=0, flipHoriz=False, flipVert=False, image='Images/visual_1.png', interpolate=False, mask=None, maskParams=None, name='Movie Frame 1', opacity=1, ori=0.0, pos=array([0., 0.]), size=array([1600., 1000.]), texRes=128, units='pix', win=Window(...))
71.9175 	EXP 	Created unnamed TextStim = TextStim(__class__=<class 'psychopy.visual.text.TextStim'>, alignHoriz=method-wrapper(...), alignText='center', alignVert=method-wrapper(...), anchorHoriz='center', anchorVert='center', antialias=True, autoLog=True, bold=False, color=array([-1., -1., -1.]), colorSpace='rgb', contrast=1.0, depth=0, flipHoriz=False, flipVert=False, font='', fontFiles=[], height=40.0, italic=False, languageStyle='LTR', name='unnamed TextStim', opacity=1.0, ori=0.0, pos=array([  0., 580.]), rgb=UNKNOWN, text='look at the center', units='pix', win=Window(...), wrapWidth=1600)
71.9338 	WARNING 	t of last frame was 84.60ms (=1/11)
71.9338 	EXP 	topMsg: height = 0.1
71.9338 	EXP 	topMsg: height = 0.1
71.9338 	EXP 	topMsg: text = 'You will see a flickering checkerboard. When it is on the screen, try to fixate the center of the checkerboard. When the fixation cross appears, relax and stare at the cross.'
71.9338 	EXP 	bottomMsg: height = 0.1
71.9338 	EXP 	bottomMsg: height = 0.1
71.9338 	EXP 	bottomMsg: text = 'The experiment will begin shortly'
71.9338 	EXP 	Display Instructions1
72.2950 	DATA 	Keypress: equal
72.3005 	WARNING 	t of last frame was 366.70ms (=1/2)
72.3005 	EXP 	topMsg: height = 0.1
72.3005 	EXP 	topMsg: height = 0.1
72.3005 	EXP 	topMsg: text = "Please don't move..."
72.3005 	EXP 	bottomMsg: height = 0.1
72.3005 	EXP 	bottomMsg: height = 0.1
72.3005 	EXP 	bottomMsg: text = ''
72.3005 	EXP 	PleaseDontMove
93.2923 	DATA 	Keypress: equal
93.3046 	WARNING 	t of last frame was 21004.10ms (=1/0)
93.3046 	EXP 	Display Fixation
93.3050 	EXP 	---START EXPERIMENT---
93.3113 	EXP 	Display Fixation
94.7780 	DATA 	Keypress: equal
96.7888 	DATA 	Keypress: equal
98.2769 	DATA 	Keypress: equal
100.2884 	DATA 	Keypress: equal
101.7756 	DATA 	Keypress: equal
103.7869 	DATA 	Keypress: equal
105.2747 	DATA 	Keypress: equal
107.2858 	DATA 	Keypress: equal
108.7741 	DATA 	Keypress: equal
110.7849 	DATA 	Keypress: equal
112.2726 	DATA 	Keypress: equal
114.2850 	DATA 	Keypress: equal
115.7727 	DATA 	Keypress: equal
117.7834 	DATA 	Keypress: equal
119.2721 	DATA 	Keypress: equal
121.2832 	DATA 	Keypress: equal
122.7708 	DATA 	Keypress: equal
124.7821 	DATA 	Keypress: equal
126.2701 	DATA 	Keypress: equal
128.2814 	DATA 	Keypress: equal
128.2921 	WARNING 	t of last frame was 34980.79ms (=1/0)
128.4087 	WARNING 	Multiple dropped frames have occurred - I'll stop bothering you about them!
128.4087 	EXP 	Display Frame 1
128.5337 	EXP 	Display Frame 0
128.6581 	EXP 	Display Frame 1
128.7832 	EXP 	Display Frame 0
128.9081 	EXP 	Display Frame 1
129.0333 	EXP 	Display Frame 0
129.1582 	EXP 	Display Frame 1
129.2829 	EXP 	Display Frame 0
129.4083 	EXP 	Display Frame 1
129.5331 	EXP 	Display Frame 0
129.6580 	EXP 	Display Frame 1
129.7829 	DATA 	Keypress: equal
129.7846 	EXP 	Display Frame 0
129.9080 	EXP 	Display Frame 1
130.0332 	EXP 	Display Frame 0
130.1583 	EXP 	Display Frame 1
130.2832 	EXP 	Display Frame 0
130.4081 	EXP 	Display Frame 1
130.5332 	EXP 	Display Frame 0
130.6582 	EXP 	Display Frame 1
130.7832 	EXP 	Display Frame 0
130.9081 	EXP 	Display Frame 1
131.0333 	EXP 	Display Frame 0
131.1582 	EXP 	Display Frame 1
131.2830 	EXP 	Display Frame 0
131.4083 	EXP 	Display Frame 1
131.5331 	EXP 	Display Frame 0
131.6581 	EXP 	Display Frame 1
131.7830 	DATA 	Keypress: equal
131.7850 	EXP 	Display Frame 0
131.9079 	EXP 	Display Frame 1
132.0332 	EXP 	Display Frame 0
132.1582 	EXP 	Display Frame 1
132.2832 	EXP 	Display Frame 0
132.4082 	EXP 	Display Frame 1
132.5331 	EXP 	Display Frame 0
132.6582 	EXP 	Display Frame 1
132.7841 	EXP 	Display Frame 0
132.9081 	EXP 	Display Frame 1
133.0333 	EXP 	Display Frame 0
133.1581 	EXP 	Display Frame 1
133.2828 	DATA 	Keypress: equal
133.2845 	EXP 	Display Frame 0
133.4081 	EXP 	Display Frame 1
133.5332 	EXP 	Display Frame 0
133.6581 	EXP 	Display Frame 1
133.7835 	EXP 	Display Frame 0
133.9082 	EXP 	Display Frame 1
134.0332 	EXP 	Display Frame 0
134.1583 	EXP 	Display Frame 1
134.2833 	EXP 	Display Frame 0
134.4080 	EXP 	Display Frame 1
134.5331 	EXP 	Display Frame 0
134.6583 	EXP 	Display Frame 1
134.7831 	EXP 	Display Frame 0
134.9080 	EXP 	Display Frame 1
135.0332 	EXP 	Display Frame 0
135.1582 	EXP 	Display Frame 1
135.2832 	DATA 	Keypress: equal
135.2849 	EXP 	Display Frame 0
135.4081 	EXP 	Display Frame 1
135.5332 	EXP 	Display Frame 0
135.6581 	EXP 	Display Frame 1
135.7832 	EXP 	Display Frame 0
135.9081 	EXP 	Display Frame 1
136.0332 	EXP 	Display Frame 0
136.1580 	EXP 	Display Frame 1
136.2833 	EXP 	Display Frame 0
136.4081 	EXP 	Display Frame 1
136.5330 	EXP 	Display Frame 0
136.6583 	EXP 	Display Frame 1
136.7829 	DATA 	Keypress: equal
136.7849 	EXP 	Display Frame 0
136.9080 	EXP 	Display Frame 1
137.0332 	EXP 	Display Frame 0
137.1582 	EXP 	Display Frame 1
137.2832 	EXP 	Display Frame 0
137.4084 	EXP 	Display Frame 1
137.5332 	EXP 	Display Frame 0
137.6581 	EXP 	Display Frame 1
137.7831 	EXP 	Display Frame 0
137.9081 	EXP 	Display Frame 1
138.0332 	EXP 	Display Frame 0
138.1581 	EXP 	Display Frame 1
138.2833 	EXP 	Display Frame 0
138.4082 	EXP 	Display Frame 1
138.5332 	EXP 	Display Frame 0
138.6582 	EXP 	Display Frame 1
138.7825 	DATA 	Keypress: equal
138.7843 	EXP 	Display Frame 0
138.9080 	EXP 	Display Frame 1
139.0331 	EXP 	Display Frame 0
139.1585 	EXP 	Display Frame 1
139.2832 	EXP 	Display Frame 0
139.4081 	EXP 	Display Frame 1
139.5331 	EXP 	Display Frame 0
139.6581 	EXP 	Display Frame 1
139.7831 	EXP 	Display Frame 0
139.9079 	EXP 	Display Frame 1
140.0329 	EXP 	Display Frame 0
140.1580 	EXP 	Display Frame 1
140.2834 	DATA 	Keypress: equal
140.2857 	EXP 	Display Frame 0
140.4081 	EXP 	Display Frame 1
140.5330 	EXP 	Display Frame 0
140.6582 	EXP 	Display Frame 1
140.7832 	EXP 	Display Frame 0
140.9081 	EXP 	Display Frame 1
141.0331 	EXP 	Display Frame 0
141.1582 	EXP 	Display Frame 1
141.2832 	EXP 	Display Frame 0
141.4083 	EXP 	Display Frame 1
141.5332 	EXP 	Display Frame 0
141.6582 	EXP 	Display Frame 1
141.7832 	EXP 	Display Frame 0
141.9081 	EXP 	Display Frame 1
142.0332 	EXP 	Display Frame 0
142.1582 	EXP 	Display Frame 1
142.2828 	DATA 	Keypress: equal
142.2847 	EXP 	Display Frame 0
142.4081 	EXP 	Display Frame 1
142.5331 	EXP 	Display Frame 0
142.6581 	EXP 	Display Frame 1
142.7834 	EXP 	Display Frame 0
142.9082 	EXP 	Display Frame 1
143.0333 	EXP 	Display Frame 0
143.1580 	EXP 	Display Frame 1
143.2832 	EXP 	Display Frame 0
143.4081 	EXP 	Display Frame 1
143.5331 	EXP 	Display Frame 0
143.6582 	EXP 	Display Frame 1
143.7826 	DATA 	Keypress: equal
143.7844 	EXP 	Display Frame 0
143.9080 	EXP 	Display Frame 1
144.0332 	EXP 	Display Frame 0
144.1582 	EXP 	Display Frame 1
144.2832 	EXP 	Display Frame 0
144.4082 	EXP 	Display Frame 1
144.5332 	EXP 	Display Frame 0
144.6581 	EXP 	Display Frame 1
144.7834 	EXP 	Display Frame 0
144.9082 	EXP 	Display Frame 1
145.0332 	EXP 	Display Frame 0
145.1581 	EXP 	Display Frame 1
145.2830 	EXP 	Display Frame 0
145.4082 	EXP 	Display Frame 1
145.5335 	EXP 	Display Frame 0
145.6581 	EXP 	Display Frame 1
145.7831 	DATA 	Keypress: equal
145.7851 	EXP 	Display Frame 0
145.9080 	EXP 	Display Frame 1
146.0328 	EXP 	Display Frame 0
146.1582 	EXP 	Display Frame 1
146.2861 	EXP 	Display Frame 0
146.4078 	EXP 	Display Frame 1
146.5332 	EXP 	Display Frame 0
146.6580 	EXP 	Display Frame 1
146.7831 	EXP 	Display Frame 0
146.9082 	EXP 	Display Frame 1
147.0332 	EXP 	Display Frame 0
147.1581 	EXP 	Display Frame 1
147.2825 	DATA 	Keypress: equal
147.2844 	EXP 	Display Frame 0
147.4081 	EXP 	Display Frame 1
147.5331 	EXP 	Display Frame 0
147.6583 	EXP 	Display Frame 1
147.7833 	EXP 	Display Frame 0
147.9080 	EXP 	Display Frame 1
148.0332 	EXP 	Display Frame 0
148.1582 	EXP 	Display Frame 1
148.2832 	EXP 	Display Frame 0
148.4082 	EXP 	Display Frame 1
148.5332 	EXP 	Display Frame 0
148.6581 	EXP 	Display Frame 1
148.7829 	EXP 	Display Frame 0
148.9082 	EXP 	Display Frame 1
149.0331 	EXP 	Display Frame 0
149.1579 	EXP 	Display Frame 1
149.2826 	DATA 	Keypress: equal
149.2844 	EXP 	Display Frame 0
149.4080 	EXP 	Display Frame 1
149.5331 	EXP 	Display Frame 0
149.6582 	EXP 	Display Frame 1
149.7832 	EXP 	Display Frame 0
149.9081 	EXP 	Display Frame 1
150.0333 	EXP 	Display Frame 0
150.1582 	EXP 	Display Frame 1
150.2832 	EXP 	Display Frame 0
150.4083 	EXP 	Display Frame 1
150.5332 	EXP 	Display Frame 0
150.6582 	EXP 	Display Frame 1
150.7828 	DATA 	Keypress: equal
150.7847 	EXP 	Display Frame 0
150.9082 	EXP 	Display Frame 1
151.0329 	EXP 	Display Frame 0
151.1581 	EXP 	Display Frame 1
151.2833 	EXP 	Display Frame 0
151.4083 	EXP 	Display Frame 1
151.5331 	EXP 	Display Frame 0
151.6582 	EXP 	Display Frame 1
151.7832 	EXP 	Display Frame 0
151.9085 	EXP 	Display Frame 1
152.0333 	EXP 	Display Frame 0
152.1582 	EXP 	Display Frame 1
152.2831 	EXP 	Display Frame 0
152.4082 	EXP 	Display Frame 1
152.5332 	EXP 	Display Frame 0
152.6582 	EXP 	Display Frame 1
152.7832 	DATA 	Keypress: equal
152.7851 	EXP 	Display Frame 0
152.9081 	EXP 	Display Frame 1
153.0330 	EXP 	Display Frame 0
153.1582 	EXP 	Display Frame 1
153.2833 	EXP 	Display Frame 0
153.4082 	EXP 	Display Frame 1
153.5328 	EXP 	Display Frame 0
153.6582 	EXP 	Display Frame 1
153.7832 	EXP 	Display Frame 0
153.9084 	EXP 	Display Frame 1
154.0333 	EXP 	Display Frame 0
154.1580 	EXP 	Display Frame 1
154.2831 	DATA 	Keypress: equal
154.2851 	EXP 	Display Frame 0
154.4081 	EXP 	Display Frame 1
154.5331 	EXP 	Display Frame 0
154.6581 	EXP 	Display Frame 1
154.7832 	EXP 	Display Frame 0
154.9081 	EXP 	Display Frame 1
155.0332 	EXP 	Display Frame 0
155.1583 	EXP 	Display Frame 1
155.2832 	EXP 	Display Frame 0
155.4081 	EXP 	Display Frame 1
155.5332 	EXP 	Display Frame 0
155.6582 	EXP 	Display Frame 1
155.7832 	EXP 	Display Frame 0
155.9082 	EXP 	Display Frame 1
156.0330 	EXP 	Display Frame 0
156.1580 	EXP 	Display Frame 1
156.2831 	DATA 	Keypress: equal
156.2848 	EXP 	Display Frame 0
156.4082 	EXP 	Display Frame 1
156.5331 	EXP 	Display Frame 0
156.6581 	EXP 	Display Frame 1
156.7833 	EXP 	Display Frame 0
156.9082 	EXP 	Display Frame 1
157.0332 	EXP 	Display Frame 0
157.1583 	EXP 	Display Frame 1
157.2832 	EXP 	Display Frame 0
157.4081 	EXP 	Display Frame 1
157.5334 	EXP 	Display Frame 0
157.6582 	EXP 	Display Frame 1
157.7825 	DATA 	Keypress: equal
157.7843 	EXP 	Display Frame 0
157.9080 	EXP 	Display Frame 1
158.0332 	EXP 	Display Frame 0
158.1584 	EXP 	Display Frame 1
158.2832 	EXP 	Display Frame 0
158.4082 	EXP 	Display Frame 1
158.5333 	EXP 	Display Frame 0
158.6581 	EXP 	Display Frame 1
158.7832 	EXP 	Display Frame 0
158.9082 	EXP 	Display Frame 1
159.0331 	EXP 	Display Frame 0
159.1582 	EXP 	Display Frame 1
159.2831 	EXP 	Display Frame 0
159.4088 	EXP 	Display Frame 1
159.5332 	EXP 	Display Frame 0
159.6581 	EXP 	Display Frame 1
159.7830 	DATA 	Keypress: equal
159.7850 	EXP 	Display Frame 0
159.9082 	EXP 	Display Frame 1
160.0333 	EXP 	Display Frame 0
160.1582 	EXP 	Display Frame 1
160.2831 	EXP 	Display Frame 0
160.4082 	EXP 	Display Frame 1
160.5332 	EXP 	Display Frame 0
160.6581 	EXP 	Display Frame 1
160.7833 	EXP 	Display Frame 0
160.9082 	EXP 	Display Frame 1
161.0332 	EXP 	Display Frame 0
161.1583 	EXP 	Display Frame 1
161.2827 	DATA 	Keypress: equal
161.2842 	EXP 	Display Frame 0
161.4080 	EXP 	Display Frame 1
161.5332 	EXP 	Display Frame 0
161.6582 	EXP 	Display Frame 1
161.7832 	EXP 	Display Frame 0
161.9079 	EXP 	Display Frame 1
162.0332 	EXP 	Display Frame 0
162.1580 	EXP 	Display Frame 1
162.2828 	EXP 	Display Frame 0
162.4082 	EXP 	Display Frame 1
162.5332 	EXP 	Display Frame 0
162.6578 	EXP 	Display Frame 1
162.7833 	EXP 	Display Frame 0
162.9082 	EXP 	Display Frame 1
163.0331 	EXP 	Display Frame 0
163.1582 	EXP 	Display Frame 1
163.2826 	DATA 	Keypress: equal
163.2843 	EXP 	Display Frame 0
163.2860 	EXP 	Display Fixation
164.7611 	DATA 	Keypress: equal
166.7722 	DATA 	Keypress: equal
168.2599 	DATA 	Keypress: equal
170.2722 	DATA 	Keypress: equal
171.7602 	DATA 	Keypress: equal
173.7713 	DATA 	Keypress: equal
175.2589 	DATA 	Keypress: equal
177.2695 	DATA 	Keypress: equal
178.7583 	DATA 	Keypress: equal
180.7694 	DATA 	Keypress: equal
182.2570 	DATA 	Keypress: equal
184.2683 	DATA 	Keypress: equal
185.7566 	DATA 	Keypress: equal
187.7673 	DATA 	Keypress: equal
189.2554 	DATA 	Keypress: equal
191.2670 	DATA 	Keypress: equal
192.7551 	DATA 	Keypress: equal
194.7663 	DATA 	Keypress: equal
196.2539 	DATA 	Keypress: equal
198.2657 	DATA 	Keypress: equal
198.3928 	EXP 	Display Frame 1
198.5174 	EXP 	Display Frame 0
198.6426 	EXP 	Display Frame 1
198.7675 	EXP 	Display Frame 0
198.8922 	EXP 	Display Frame 1
199.0176 	EXP 	Display Frame 0
199.1425 	EXP 	Display Frame 1
199.2675 	EXP 	Display Frame 0
199.3926 	EXP 	Display Frame 1
199.5175 	EXP 	Display Frame 0
199.6424 	EXP 	Display Frame 1
199.7673 	DATA 	Keypress: equal
199.7690 	EXP 	Display Frame 0
199.8925 	EXP 	Display Frame 1
200.0174 	EXP 	Display Frame 0
200.1424 	EXP 	Display Frame 1
200.2675 	EXP 	Display Frame 0
200.3923 	EXP 	Display Frame 1
200.5175 	EXP 	Display Frame 0
200.6425 	EXP 	Display Frame 1
200.7676 	EXP 	Display Frame 0
200.8924 	EXP 	Display Frame 1
201.0175 	EXP 	Display Frame 0
201.1424 	EXP 	Display Frame 1
201.2676 	EXP 	Display Frame 0
201.3923 	EXP 	Display Frame 1
201.5176 	EXP 	Display Frame 0
201.6424 	EXP 	Display Frame 1
201.7672 	DATA 	Keypress: equal
201.7689 	EXP 	Display Frame 0
201.8925 	EXP 	Display Frame 1
202.0175 	EXP 	Display Frame 0
202.1424 	EXP 	Display Frame 1
202.2680 	EXP 	Display Frame 0
202.3924 	EXP 	Display Frame 1
202.5173 	EXP 	Display Frame 0
202.6425 	EXP 	Display Frame 1
202.7674 	EXP 	Display Frame 0
202.8924 	EXP 	Display Frame 1
203.0172 	EXP 	Display Frame 0
203.1425 	EXP 	Display Frame 1
203.2674 	DATA 	Keypress: equal
203.2692 	EXP 	Display Frame 0
203.3923 	EXP 	Display Frame 1
203.5174 	EXP 	Display Frame 0
203.6424 	EXP 	Display Frame 1
203.7675 	EXP 	Display Frame 0
203.8923 	EXP 	Display Frame 1
204.0173 	EXP 	Display Frame 0
204.1424 	EXP 	Display Frame 1
204.2672 	EXP 	Display Frame 0
204.3931 	EXP 	Display Frame 1
204.5174 	EXP 	Display Frame 0
204.6424 	EXP 	Display Frame 1
204.7676 	EXP 	Display Frame 0
204.8925 	EXP 	Display Frame 1
205.0175 	EXP 	Display Frame 0
205.1425 	EXP 	Display Frame 1
205.2672 	DATA 	Keypress: equal
205.2692 	EXP 	Display Frame 0
205.3923 	EXP 	Display Frame 1
205.5172 	EXP 	Display Frame 0
205.6425 	EXP 	Display Frame 1
205.7675 	EXP 	Display Frame 0
205.8924 	EXP 	Display Frame 1
206.0176 	EXP 	Display Frame 0
206.1425 	EXP 	Display Frame 1
206.2675 	EXP 	Display Frame 0
206.3926 	EXP 	Display Frame 1
206.5175 	EXP 	Display Frame 0
206.6424 	EXP 	Display Frame 1
206.7669 	DATA 	Keypress: equal
206.7685 	EXP 	Display Frame 0
206.8924 	EXP 	Display Frame 1
207.0175 	EXP 	Display Frame 0
207.1424 	EXP 	Display Frame 1
207.2675 	EXP 	Display Frame 0
207.3925 	EXP 	Display Frame 1
207.5174 	EXP 	Display Frame 0
207.6425 	EXP 	Display Frame 1
207.7675 	EXP 	Display Frame 0
207.8922 	EXP 	Display Frame 1
208.0174 	EXP 	Display Frame 0
208.1425 	EXP 	Display Frame 1
208.2675 	EXP 	Display Frame 0
208.3926 	EXP 	Display Frame 1
208.5175 	EXP 	Display Frame 0
208.6424 	EXP 	Display Frame 1
208.7667 	DATA 	Keypress: equal
208.7683 	EXP 	Display Frame 0
208.8923 	EXP 	Display Frame 1
209.0175 	EXP 	Display Frame 0
209.1424 	EXP 	Display Frame 1
209.2675 	EXP 	Display Frame 0
209.3924 	EXP 	Display Frame 1
209.5173 	EXP 	Display Frame 0
209.6424 	EXP 	Display Frame 1
209.7675 	EXP 	Display Frame 0
209.8924 	EXP 	Display Frame 1
210.0175 	EXP 	Display Frame 0
210.1425 	EXP 	Display Frame 1
210.2674 	DATA 	Keypress: equal
210.2691 	EXP 	Display Frame 0
210.3922 	EXP 	Display Frame 1
210.5175 	EXP 	Display Frame 0
210.6424 	EXP 	Display Frame 1
210.7674 	EXP 	Display Frame 0
210.8924 	EXP 	Display Frame 1
211.0172 	EXP 	Display Frame 0
211.1425 	EXP 	Display Frame 1
211.2677 	EXP 	Display Frame 0
211.3926 	EXP 	Display Frame 1
211.5174 	EXP 	Display Frame 0
211.6425 	EXP 	Display Frame 1
211.7675 	EXP 	Display Frame 0
211.8924 	EXP 	Display Frame 1
212.0176 	EXP 	Display Frame 0
212.1425 	EXP 	Display Frame 1
212.2676 	DATA 	Keypress: equal
212.2695 	EXP 	Display Frame 0
212.3920 	EXP 	Display Frame 1
212.5175 	EXP 	Display Frame 0
212.6425 	EXP 	Display Frame 1
212.7674 	EXP 	Display Frame 0
212.8925 	EXP 	Display Frame 1
213.0176 	EXP 	Display Frame 0
213.1423 	EXP 	Display Frame 1
213.2676 	EXP 	Display Frame 0
213.3925 	EXP 	Display Frame 1
213.5175 	EXP 	Display Frame 0
213.6426 	EXP 	Display Frame 1
213.7670 	DATA 	Keypress: equal
213.7689 	EXP 	Display Frame 0
213.8922 	EXP 	Display Frame 1
214.0174 	EXP 	Display Frame 0
214.1425 	EXP 	Display Frame 1
214.2675 	EXP 	Display Frame 0
214.3924 	EXP 	Display Frame 1
214.5175 	EXP 	Display Frame 0
214.6425 	EXP 	Display Frame 1
214.7674 	EXP 	Display Frame 0
214.8926 	EXP 	Display Frame 1
215.0175 	EXP 	Display Frame 0
215.1424 	EXP 	Display Frame 1
215.2675 	EXP 	Display Frame 0
215.3925 	EXP 	Display Frame 1
215.5175 	EXP 	Display Frame 0
215.6424 	EXP 	Display Frame 1
215.7674 	DATA 	Keypress: equal
215.7692 	EXP 	Display Frame 0
215.8923 	EXP 	Display Frame 1
216.0173 	EXP 	Display Frame 0
216.1425 	EXP 	Display Frame 1
216.2675 	EXP 	Display Frame 0
216.3924 	EXP 	Display Frame 1
216.5176 	EXP 	Display Frame 0
216.6425 	EXP 	Display Frame 1
216.7675 	EXP 	Display Frame 0
216.8926 	EXP 	Display Frame 1
217.0176 	EXP 	Display Frame 0
217.1424 	EXP 	Display Frame 1
217.2672 	DATA 	Keypress: equal
217.2690 	EXP 	Display Frame 0
217.3924 	EXP 	Display Frame 1
217.5173 	EXP 	Display Frame 0
217.6425 	EXP 	Display Frame 1
217.7675 	EXP 	Display Frame 0
217.8924 	EXP 	Display Frame 1
218.0175 	EXP 	Display Frame 0
218.1425 	EXP 	Display Frame 1
218.2675 	EXP 	Display Frame 0
218.3924 	EXP 	Display Frame 1
218.5173 	EXP 	Display Frame 0
218.6425 	EXP 	Display Frame 1
218.7675 	EXP 	Display Frame 0
218.8923 	EXP 	Display Frame 1
219.0175 	EXP 	Display Frame 0
219.1425 	EXP 	Display Frame 1
219.2673 	DATA 	Keypress: equal
219.2695 	EXP 	Display Frame 0
219.3924 	EXP 	Display Frame 1
219.5174 	EXP 	Display Frame 0
219.6423 	EXP 	Display Frame 1
219.7672 	EXP 	Display Frame 0
219.8924 	EXP 	Display Frame 1
220.0175 	EXP 	Display Frame 0
220.1422 	EXP 	Display Frame 1
220.2675 	EXP 	Display Frame 0
220.3925 	EXP 	Display Frame 1
220.5174 	EXP 	Display Frame 0
220.6425 	EXP 	Display Frame 1
220.7675 	DATA 	Keypress: equal
220.7695 	EXP 	Display Frame 0
220.8923 	EXP 	Display Frame 1
221.0174 	EXP 	Display Frame 0
221.1426 	EXP 	Display Frame 1
221.2674 	EXP 	Display Frame 0
221.3924 	EXP 	Display Frame 1
221.5175 	EXP 	Display Frame 0
221.6424 	EXP 	Display Frame 1
221.7678 	EXP 	Display Frame 0
221.8924 	EXP 	Display Frame 1
222.0174 	EXP 	Display Frame 0
222.1423 	EXP 	Display Frame 1
222.2675 	EXP 	Display Frame 0
222.3925 	EXP 	Display Frame 1
222.5175 	EXP 	Display Frame 0
222.6426 	EXP 	Display Frame 1
222.7675 	DATA 	Keypress: equal
222.7695 	EXP 	Display Frame 0
222.8922 	EXP 	Display Frame 1
223.0174 	EXP 	Display Frame 0
223.1425 	EXP 	Display Frame 1
223.2675 	EXP 	Display Frame 0
223.3925 	EXP 	Display Frame 1
223.5175 	EXP 	Display Frame 0
223.6424 	EXP 	Display Frame 1
223.7674 	EXP 	Display Frame 0
223.8925 	EXP 	Display Frame 1
224.0179 	EXP 	Display Frame 0
224.1425 	EXP 	Display Frame 1
224.2670 	DATA 	Keypress: equal
224.2690 	EXP 	Display Frame 0
224.3925 	EXP 	Display Frame 1
224.5174 	EXP 	Display Frame 0
224.6425 	EXP 	Display Frame 1
224.7675 	EXP 	Display Frame 0
224.8924 	EXP 	Display Frame 1
225.0176 	EXP 	Display Frame 0
225.1426 	EXP 	Display Frame 1
225.2675 	EXP 	Display Frame 0
225.3925 	EXP 	Display Frame 1
225.5175 	EXP 	Display Frame 0
225.6425 	EXP 	Display Frame 1
225.7688 	EXP 	Display Frame 0
225.8925 	EXP 	Display Frame 1
226.0175 	EXP 	Display Frame 0
226.1423 	EXP 	Display Frame 1
226.2675 	DATA 	Keypress: equal
226.2695 	EXP 	Display Frame 0
226.3925 	EXP 	Display Frame 1
226.5175 	EXP 	Display Frame 0
226.6426 	EXP 	Display Frame 1
226.7675 	EXP 	Display Frame 0
226.8924 	EXP 	Display Frame 1
227.0175 	EXP 	Display Frame 0
227.1425 	EXP 	Display Frame 1
227.2675 	EXP 	Display Frame 0
227.3924 	EXP 	Display Frame 1
227.5175 	EXP 	Display Frame 0
227.6425 	EXP 	Display Frame 1
227.7668 	DATA 	Keypress: equal
227.7686 	EXP 	Display Frame 0
227.8926 	EXP 	Display Frame 1
228.0174 	EXP 	Display Frame 0
228.1424 	EXP 	Display Frame 1
228.2672 	EXP 	Display Frame 0
228.3925 	EXP 	Display Frame 1
228.5175 	EXP 	Display Frame 0
228.6424 	EXP 	Display Frame 1
228.7675 	EXP 	Display Frame 0
228.8924 	EXP 	Display Frame 1
229.0174 	EXP 	Display Frame 0
229.1422 	EXP 	Display Frame 1
229.2674 	EXP 	Display Frame 0
229.3923 	EXP 	Display Frame 1
229.5174 	EXP 	Display Frame 0
229.6423 	EXP 	Display Frame 1
229.7673 	DATA 	Keypress: equal
229.7690 	EXP 	Display Frame 0
229.8923 	EXP 	Display Frame 1
230.0174 	EXP 	Display Frame 0
230.1424 	EXP 	Display Frame 1
230.2677 	EXP 	Display Frame 0
230.3925 	EXP 	Display Frame 1
230.5174 	EXP 	Display Frame 0
230.6425 	EXP 	Display Frame 1
230.7677 	EXP 	Display Frame 0
230.8925 	EXP 	Display Frame 1
231.0175 	EXP 	Display Frame 0
231.1425 	EXP 	Display Frame 1
231.2674 	DATA 	Keypress: equal
231.2693 	EXP 	Display Frame 0
231.3924 	EXP 	Display Frame 1
231.5175 	EXP 	Display Frame 0
231.6423 	EXP 	Display Frame 1
231.7675 	EXP 	Display Frame 0
231.8923 	EXP 	Display Frame 1
232.0176 	EXP 	Display Frame 0
232.1425 	EXP 	Display Frame 1
232.2675 	EXP 	Display Frame 0
232.3921 	EXP 	Display Frame 1
232.5175 	EXP 	Display Frame 0
232.6424 	EXP 	Display Frame 1
232.7674 	EXP 	Display Frame 0
232.8921 	EXP 	Display Frame 1
233.0172 	EXP 	Display Frame 0
233.1422 	EXP 	Display Frame 1
233.2673 	DATA 	Keypress: equal
233.2693 	EXP 	Display Frame 0
233.2710 	EXP 	Display Fixation
234.7453 	DATA 	Keypress: equal
236.7562 	DATA 	Keypress: equal
238.2442 	DATA 	Keypress: equal
240.2552 	DATA 	Keypress: equal
241.7435 	DATA 	Keypress: equal
243.7549 	DATA 	Keypress: equal
245.2422 	DATA 	Keypress: equal
247.2544 	DATA 	Keypress: equal
248.7421 	DATA 	Keypress: equal
250.7535 	DATA 	Keypress: equal
252.2417 	DATA 	Keypress: equal
254.2523 	DATA 	Keypress: equal
255.7403 	DATA 	Keypress: equal
257.7518 	DATA 	Keypress: equal
259.2393 	DATA 	Keypress: equal
261.2503 	DATA 	Keypress: equal
262.7385 	DATA 	Keypress: equal
264.7499 	DATA 	Keypress: equal
266.2384 	DATA 	Keypress: equal
268.2496 	DATA 	Keypress: equal
268.3766 	EXP 	Display Frame 1
268.5017 	EXP 	Display Frame 0
268.6261 	EXP 	Display Frame 1
268.7513 	EXP 	Display Frame 0
268.8762 	EXP 	Display Frame 1
269.0014 	EXP 	Display Frame 0
269.1261 	EXP 	Display Frame 1
269.2513 	EXP 	Display Frame 0
269.3762 	EXP 	Display Frame 1
269.5012 	EXP 	Display Frame 0
269.6261 	EXP 	Display Frame 1
269.7510 	DATA 	Keypress: equal
269.7529 	EXP 	Display Frame 0
269.8761 	EXP 	Display Frame 1
270.0011 	EXP 	Display Frame 0
270.1263 	EXP 	Display Frame 1
270.2513 	EXP 	Display Frame 0
270.3763 	EXP 	Display Frame 1
270.5011 	EXP 	Display Frame 0
270.6262 	EXP 	Display Frame 1
270.7512 	EXP 	Display Frame 0
270.8761 	EXP 	Display Frame 1
271.0013 	EXP 	Display Frame 0
271.1262 	EXP 	Display Frame 1
271.2520 	EXP 	Display Frame 0
271.3764 	EXP 	Display Frame 1
271.5012 	EXP 	Display Frame 0
271.6260 	EXP 	Display Frame 1
271.7511 	DATA 	Keypress: equal
271.7530 	EXP 	Display Frame 0
271.8761 	EXP 	Display Frame 1
272.0010 	EXP 	Display Frame 0
272.1262 	EXP 	Display Frame 1
272.2513 	EXP 	Display Frame 0
272.3762 	EXP 	Display Frame 1
272.5013 	EXP 	Display Frame 0
272.6263 	EXP 	Display Frame 1
272.7512 	EXP 	Display Frame 0
272.8763 	EXP 	Display Frame 1
273.0012 	EXP 	Display Frame 0
273.1262 	EXP 	Display Frame 1
273.2507 	DATA 	Keypress: equal
273.2521 	EXP 	Display Frame 0
273.3762 	EXP 	Display Frame 1
273.5012 	EXP 	Display Frame 0
273.6261 	EXP 	Display Frame 1
273.7513 	EXP 	Display Frame 0
273.8762 	EXP 	Display Frame 1
274.0012 	EXP 	Display Frame 0
274.1262 	EXP 	Display Frame 1
274.2512 	EXP 	Display Frame 0
274.3765 	EXP 	Display Frame 1
274.5014 	EXP 	Display Frame 0
274.6262 	EXP 	Display Frame 1
274.7513 	EXP 	Display Frame 0
274.8761 	EXP 	Display Frame 1
275.0013 	EXP 	Display Frame 0
275.1262 	EXP 	Display Frame 1
275.2506 	DATA 	Keypress: equal
275.2522 	EXP 	Display Frame 0
275.3761 	EXP 	Display Frame 1
275.5012 	EXP 	Display Frame 0
275.6261 	EXP 	Display Frame 1
275.7513 	EXP 	Display Frame 0
275.8762 	EXP 	Display Frame 1
276.0013 	EXP 	Display Frame 0
276.1263 	EXP 	Display Frame 1
276.2513 	EXP 	Display Frame 0
276.3776 	EXP 	Display Frame 1
276.5011 	EXP 	Display Frame 0
276.6262 	EXP 	Display Frame 1
276.7505 	DATA 	Keypress: equal
276.7522 	EXP 	Display Frame 0
276.8760 	EXP 	Display Frame 1
277.0013 	EXP 	Display Frame 0
277.1262 	EXP 	Display Frame 1
277.2511 	EXP 	Display Frame 0
277.3762 	EXP 	Display Frame 1
277.5012 	EXP 	Display Frame 0
277.6263 	EXP 	Display Frame 1
277.7513 	EXP 	Display Frame 0
277.8761 	EXP 	Display Frame 1
278.0013 	EXP 	Display Frame 0
278.1263 	EXP 	Display Frame 1
278.2515 	EXP 	Display Frame 0
278.3763 	EXP 	Display Frame 1
278.5011 	EXP 	Display Frame 0
278.6263 	EXP 	Display Frame 1
278.7511 	DATA 	Keypress: equal
278.7530 	EXP 	Display Frame 0
278.8760 	EXP 	Display Frame 1
279.0011 	EXP 	Display Frame 0
279.1262 	EXP 	Display Frame 1
279.2512 	EXP 	Display Frame 0
279.3764 	EXP 	Display Frame 1
279.5011 	EXP 	Display Frame 0
279.6261 	EXP 	Display Frame 1
279.7511 	EXP 	Display Frame 0
279.8763 	EXP 	Display Frame 1
280.0012 	EXP 	Display Frame 0
280.1261 	EXP 	Display Frame 1
280.2512 	DATA 	Keypress: equal
280.2531 	EXP 	Display Frame 0
280.3761 	EXP 	Display Frame 1
280.5010 	EXP 	Display Frame 0
280.6262 	EXP 	Display Frame 1
280.7512 	EXP 	Display Frame 0
280.8761 	EXP 	Display Frame 1
281.0013 	EXP 	Display Frame 0
281.1262 	EXP 	Display Frame 1
281.2513 	EXP 	Display Frame 0
281.3760 	EXP 	Display Frame 1
281.5014 	EXP 	Display Frame 0
281.6262 	EXP 	Display Frame 1
281.7511 	EXP 	Display Frame 0
281.8762 	EXP 	Display Frame 1
282.0013 	EXP 	Display Frame 0
282.1261 	EXP 	Display Frame 1
282.2506 	DATA 	Keypress: equal
282.2524 	EXP 	Display Frame 0
282.3760 	EXP 	Display Frame 1
282.5011 	EXP 	Display Frame 0
282.6262 	EXP 	Display Frame 1
282.7513 	EXP 	Display Frame 0
282.8762 	EXP 	Display Frame 1
283.0014 	EXP 	Display Frame 0
283.1262 	EXP 	Display Frame 1
283.2513 	EXP 	Display Frame 0
283.3762 	EXP 	Display Frame 1
283.5013 	EXP 	Display Frame 0
283.6261 	EXP 	Display Frame 1
283.7506 	DATA 	Keypress: equal
283.7523 	EXP 	Display Frame 0
283.8759 	EXP 	Display Frame 1
284.0010 	EXP 	Display Frame 0
284.1260 	EXP 	Display Frame 1
284.2513 	EXP 	Display Frame 0
284.3763 	EXP 	Display Frame 1
284.5015 	EXP 	Display Frame 0
284.6263 	EXP 	Display Frame 1
284.7512 	EXP 	Display Frame 0
284.8762 	EXP 	Display Frame 1
285.0014 	EXP 	Display Frame 0
285.1263 	EXP 	Display Frame 1
285.2513 	EXP 	Display Frame 0
285.3759 	EXP 	Display Frame 1
285.5013 	EXP 	Display Frame 0
285.6262 	EXP 	Display Frame 1
285.7508 	DATA 	Keypress: equal
285.7526 	EXP 	Display Frame 0
285.8762 	EXP 	Display Frame 1
286.0013 	EXP 	Display Frame 0
286.1262 	EXP 	Display Frame 1
286.2514 	EXP 	Display Frame 0
286.3762 	EXP 	Display Frame 1
286.5013 	EXP 	Display Frame 0
286.6262 	EXP 	Display Frame 1
286.7513 	EXP 	Display Frame 0
286.8763 	EXP 	Display Frame 1
287.0013 	EXP 	Display Frame 0
287.1263 	EXP 	Display Frame 1
287.2509 	DATA 	Keypress: equal
287.2527 	EXP 	Display Frame 0
287.3760 	EXP 	Display Frame 1
287.5013 	EXP 	Display Frame 0
287.6262 	EXP 	Display Frame 1
287.7513 	EXP 	Display Frame 0
287.8759 	EXP 	Display Frame 1
288.0013 	EXP 	Display Frame 0
288.1262 	EXP 	Display Frame 1
288.2512 	EXP 	Display Frame 0
288.3763 	EXP 	Display Frame 1
288.5012 	EXP 	Display Frame 0
288.6261 	EXP 	Display Frame 1
288.7513 	EXP 	Display Frame 0
288.8762 	EXP 	Display Frame 1
289.0011 	EXP 	Display Frame 0
289.1261 	EXP 	Display Frame 1
289.2508 	DATA 	Keypress: equal
289.2523 	EXP 	Display Frame 0
289.3758 	EXP 	Display Frame 1
289.5012 	EXP 	Display Frame 0
289.6262 	EXP 	Display Frame 1
289.7512 	EXP 	Display Frame 0
289.8765 	EXP 	Display Frame 1
290.0011 	EXP 	Display Frame 0
290.1260 	EXP 	Display Frame 1
290.2513 	EXP 	Display Frame 0
290.3762 	EXP 	Display Frame 1
290.5013 	EXP 	Display Frame 0
290.6263 	EXP 	Display Frame 1
290.7510 	DATA 	Keypress: equal
290.7529 	EXP 	Display Frame 0
290.8763 	EXP 	Display Frame 1
291.0013 	EXP 	Display Frame 0
291.1262 	EXP 	Display Frame 1
291.2513 	EXP 	Display Frame 0
291.3763 	EXP 	Display Frame 1
291.5009 	EXP 	Display Frame 0
291.6259 	EXP 	Display Frame 1
291.7513 	EXP 	Display Frame 0
291.8763 	EXP 	Display Frame 1
292.0013 	EXP 	Display Frame 0
292.1263 	EXP 	Display Frame 1
292.2513 	EXP 	Display Frame 0
292.3764 	EXP 	Display Frame 1
292.5013 	EXP 	Display Frame 0
292.6262 	EXP 	Display Frame 1
292.7512 	DATA 	Keypress: equal
292.7530 	EXP 	Display Frame 0
292.8761 	EXP 	Display Frame 1
293.0012 	EXP 	Display Frame 0
293.1263 	EXP 	Display Frame 1
293.2513 	EXP 	Display Frame 0
293.3763 	EXP 	Display Frame 1
293.5013 	EXP 	Display Frame 0
293.6261 	EXP 	Display Frame 1
293.7509 	EXP 	Display Frame 0
293.8762 	EXP 	Display Frame 1
294.0012 	EXP 	Display Frame 0
294.1262 	EXP 	Display Frame 1
294.2506 	DATA 	Keypress: equal
294.2524 	EXP 	Display Frame 0
294.3760 	EXP 	Display Frame 1
294.5011 	EXP 	Display Frame 0
294.6264 	EXP 	Display Frame 1
294.7511 	EXP 	Display Frame 0
294.8761 	EXP 	Display Frame 1
295.0016 	EXP 	Display Frame 0
295.1262 	EXP 	Display Frame 1
295.2513 	EXP 	Display Frame 0
295.3762 	EXP 	Display Frame 1
295.5012 	EXP 	Display Frame 0
295.6261 	EXP 	Display Frame 1
295.7512 	EXP 	Display Frame 0
295.8762 	EXP 	Display Frame 1
296.0012 	EXP 	Display Frame 0
296.1261 	EXP 	Display Frame 1
296.2511 	DATA 	Keypress: equal
296.2532 	EXP 	Display Frame 0
296.3763 	EXP 	Display Frame 1
296.5013 	EXP 	Display Frame 0
296.6262 	EXP 	Display Frame 1
296.7513 	EXP 	Display Frame 0
296.8762 	EXP 	Display Frame 1
297.0013 	EXP 	Display Frame 0
297.1264 	EXP 	Display Frame 1
297.2513 	EXP 	Display Frame 0
297.3761 	EXP 	Display Frame 1
297.5013 	EXP 	Display Frame 0
297.6262 	EXP 	Display Frame 1
297.7505 	DATA 	Keypress: equal
297.7523 	EXP 	Display Frame 0
297.8763 	EXP 	Display Frame 1
298.0014 	EXP 	Display Frame 0
298.1262 	EXP 	Display Frame 1
298.2510 	EXP 	Display Frame 0
298.3762 	EXP 	Display Frame 1
298.5012 	EXP 	Display Frame 0
298.6262 	EXP 	Display Frame 1
298.7513 	EXP 	Display Frame 0
298.8762 	EXP 	Display Frame 1
299.0012 	EXP 	Display Frame 0
299.1262 	EXP 	Display Frame 1
299.2513 	EXP 	Display Frame 0
299.3762 	EXP 	Display Frame 1
299.5013 	EXP 	Display Frame 0
299.6262 	EXP 	Display Frame 1
299.7508 	DATA 	Keypress: equal
299.7527 	EXP 	Display Frame 0
299.8762 	EXP 	Display Frame 1
300.0010 	EXP 	Display Frame 0
300.1262 	EXP 	Display Frame 1
300.2511 	EXP 	Display Frame 0
300.3761 	EXP 	Display Frame 1
300.5015 	EXP 	Display Frame 0
300.6260 	EXP 	Display Frame 1
300.7513 	EXP 	Display Frame 0
300.8763 	EXP 	Display Frame 1
301.0012 	EXP 	Display Frame 0
301.1264 	EXP 	Display Frame 1
301.2509 	DATA 	Keypress: equal
301.2526 	EXP 	Display Frame 0
301.3761 	EXP 	Display Frame 1
301.5015 	EXP 	Display Frame 0
301.6260 	EXP 	Display Frame 1
301.7513 	EXP 	Display Frame 0
301.8762 	EXP 	Display Frame 1
302.0012 	EXP 	Display Frame 0
302.1263 	EXP 	Display Frame 1
302.2512 	EXP 	Display Frame 0
302.3763 	EXP 	Display Frame 1
302.5012 	EXP 	Display Frame 0
302.6261 	EXP 	Display Frame 1
302.7513 	EXP 	Display Frame 0
302.8763 	EXP 	Display Frame 1
303.0011 	EXP 	Display Frame 0
303.1263 	EXP 	Display Frame 1
303.2511 	DATA 	Keypress: equal
303.2530 	EXP 	Display Frame 0
303.2564 	EXP 	Display Fixation
304.7290 	DATA 	Keypress: equal
306.7408 	DATA 	Keypress: equal
308.2288 	DATA 	Keypress: equal
310.2397 	DATA 	Keypress: equal
311.7280 	DATA 	Keypress: equal
313.7376 	DATA 	Keypress: equal
315.2265 	DATA 	Keypress: equal
317.2378 	DATA 	Keypress: equal
318.7257 	DATA 	Keypress: equal
320.7369 	DATA 	Keypress: equal
322.2247 	DATA 	Keypress: equal
324.2365 	DATA 	Keypress: equal
325.7247 	DATA 	Keypress: equal
327.7359 	DATA 	Keypress: equal
329.2235 	DATA 	Keypress: equal
331.2349 	DATA 	Keypress: equal
332.7230 	DATA 	Keypress: equal
334.7342 	DATA 	Keypress: equal
336.2216 	DATA 	Keypress: equal
338.2329 	DATA 	Keypress: equal
338.3599 	EXP 	Display Frame 1
338.4848 	EXP 	Display Frame 0
338.6095 	EXP 	Display Frame 1
338.7344 	EXP 	Display Frame 0
338.8597 	EXP 	Display Frame 1
338.9846 	EXP 	Display Frame 0
339.1095 	EXP 	Display Frame 1
339.2345 	EXP 	Display Frame 0
339.3596 	EXP 	Display Frame 1
339.4846 	EXP 	Display Frame 0
339.6093 	EXP 	Display Frame 1
339.7342 	DATA 	Keypress: equal
339.7359 	EXP 	Display Frame 0
339.8594 	EXP 	Display Frame 1
339.9846 	EXP 	Display Frame 0
340.1097 	EXP 	Display Frame 1
340.2346 	EXP 	Display Frame 0
340.3595 	EXP 	Display Frame 1
340.4853 	EXP 	Display Frame 0
340.6095 	EXP 	Display Frame 1
340.7344 	EXP 	Display Frame 0
340.8595 	EXP 	Display Frame 1
340.9846 	EXP 	Display Frame 0
341.1095 	EXP 	Display Frame 1
341.2345 	EXP 	Display Frame 0
341.3596 	EXP 	Display Frame 1
341.4846 	EXP 	Display Frame 0
341.6093 	EXP 	Display Frame 1
341.7345 	DATA 	Keypress: equal
341.7362 	EXP 	Display Frame 0
341.8594 	EXP 	Display Frame 1
341.9846 	EXP 	Display Frame 0
342.1094 	EXP 	Display Frame 1
342.2346 	EXP 	Display Frame 0
342.3595 	EXP 	Display Frame 1
342.4843 	EXP 	Display Frame 0
342.6096 	EXP 	Display Frame 1
342.7344 	EXP 	Display Frame 0
342.8593 	EXP 	Display Frame 1
342.9848 	EXP 	Display Frame 0
343.1095 	EXP 	Display Frame 1
343.2345 	DATA 	Keypress: equal
343.2365 	EXP 	Display Frame 0
343.3593 	EXP 	Display Frame 1
343.4846 	EXP 	Display Frame 0
343.6095 	EXP 	Display Frame 1
343.7346 	EXP 	Display Frame 0
343.8596 	EXP 	Display Frame 1
343.9846 	EXP 	Display Frame 0
344.1095 	EXP 	Display Frame 1
344.2346 	EXP 	Display Frame 0
344.3595 	EXP 	Display Frame 1
344.4846 	EXP 	Display Frame 0
344.6096 	EXP 	Display Frame 1
344.7346 	EXP 	Display Frame 0
344.8595 	EXP 	Display Frame 1
344.9847 	EXP 	Display Frame 0
345.1095 	EXP 	Display Frame 1
345.2339 	DATA 	Keypress: equal
345.2356 	EXP 	Display Frame 0
345.3593 	EXP 	Display Frame 1
345.4846 	EXP 	Display Frame 0
345.6095 	EXP 	Display Frame 1
345.7344 	EXP 	Display Frame 0
345.8595 	EXP 	Display Frame 1
345.9846 	EXP 	Display Frame 0
346.1096 	EXP 	Display Frame 1
346.2346 	EXP 	Display Frame 0
346.3595 	EXP 	Display Frame 1
346.4846 	EXP 	Display Frame 0
346.6093 	EXP 	Display Frame 1
346.7340 	DATA 	Keypress: equal
346.7359 	EXP 	Display Frame 0
346.8593 	EXP 	Display Frame 1
346.9843 	EXP 	Display Frame 0
347.1095 	EXP 	Display Frame 1
347.2346 	EXP 	Display Frame 0
347.3597 	EXP 	Display Frame 1
347.4846 	EXP 	Display Frame 0
347.6094 	EXP 	Display Frame 1
347.7344 	EXP 	Display Frame 0
347.8594 	EXP 	Display Frame 1
347.9845 	EXP 	Display Frame 0
348.1094 	EXP 	Display Frame 1
348.2346 	EXP 	Display Frame 0
348.3596 	EXP 	Display Frame 1
348.4845 	EXP 	Display Frame 0
348.6095 	EXP 	Display Frame 1
348.7346 	DATA 	Keypress: equal
348.7363 	EXP 	Display Frame 0
348.8595 	EXP 	Display Frame 1
348.9846 	EXP 	Display Frame 0
349.1093 	EXP 	Display Frame 1
349.2343 	EXP 	Display Frame 0
349.3593 	EXP 	Display Frame 1
349.4845 	EXP 	Display Frame 0
349.6096 	EXP 	Display Frame 1
349.7346 	EXP 	Display Frame 0
349.8595 	EXP 	Display Frame 1
349.9845 	EXP 	Display Frame 0
350.1095 	EXP 	Display Frame 1
350.2345 	DATA 	Keypress: equal
350.2361 	EXP 	Display Frame 0
350.3595 	EXP 	Display Frame 1
350.4846 	EXP 	Display Frame 0
350.6095 	EXP 	Display Frame 1
350.7346 	EXP 	Display Frame 0
350.8596 	EXP 	Display Frame 1
350.9844 	EXP 	Display Frame 0
351.1095 	EXP 	Display Frame 1
351.2346 	EXP 	Display Frame 0
351.3594 	EXP 	Display Frame 1
351.4846 	EXP 	Display Frame 0
351.6096 	EXP 	Display Frame 1
351.7346 	EXP 	Display Frame 0
351.8595 	EXP 	Display Frame 1
351.9847 	EXP 	Display Frame 0
352.1096 	EXP 	Display Frame 1
352.2340 	DATA 	Keypress: equal
352.2358 	EXP 	Display Frame 0
352.3595 	EXP 	Display Frame 1
352.4846 	EXP 	Display Frame 0
352.6096 	EXP 	Display Frame 1
352.7346 	EXP 	Display Frame 0
352.8596 	EXP 	Display Frame 1
352.9846 	EXP 	Display Frame 0
353.1097 	EXP 	Display Frame 1
353.2343 	EXP 	Display Frame 0
353.3593 	EXP 	Display Frame 1
353.4845 	EXP 	Display Frame 0
353.6096 	EXP 	Display Frame 1
353.7347 	DATA 	Keypress: equal
353.7370 	EXP 	Display Frame 0
353.8595 	EXP 	Display Frame 1
353.9845 	EXP 	Display Frame 0
354.1097 	EXP 	Display Frame 1
354.2345 	EXP 	Display Frame 0
354.3596 	EXP 	Display Frame 1
354.4846 	EXP 	Display Frame 0
354.6095 	EXP 	Display Frame 1
354.7346 	EXP 	Display Frame 0
354.8596 	EXP 	Display Frame 1
354.9846 	EXP 	Display Frame 0
355.1096 	EXP 	Display Frame 1
355.2346 	EXP 	Display Frame 0
355.3595 	EXP 	Display Frame 1
355.4846 	EXP 	Display Frame 0
355.6096 	EXP 	Display Frame 1
355.7339 	DATA 	Keypress: equal
355.7357 	EXP 	Display Frame 0
355.8596 	EXP 	Display Frame 1
355.9846 	EXP 	Display Frame 0
356.1094 	EXP 	Display Frame 1
356.2346 	EXP 	Display Frame 0
356.3596 	EXP 	Display Frame 1
356.4846 	EXP 	Display Frame 0
356.6095 	EXP 	Display Frame 1
356.7346 	EXP 	Display Frame 0
356.8596 	EXP 	Display Frame 1
356.9845 	EXP 	Display Frame 0
357.1096 	EXP 	Display Frame 1
357.2338 	DATA 	Keypress: equal
357.2356 	EXP 	Display Frame 0
357.3593 	EXP 	Display Frame 1
357.4843 	EXP 	Display Frame 0
357.6095 	EXP 	Display Frame 1
357.7368 	EXP 	Display Frame 0
357.8594 	EXP 	Display Frame 1
357.9845 	EXP 	Display Frame 0
358.1095 	EXP 	Display Frame 1
358.2345 	EXP 	Display Frame 0
358.3595 	EXP 	Display Frame 1
358.4844 	EXP 	Display Frame 0
358.6095 	EXP 	Display Frame 1
358.7345 	EXP 	Display Frame 0
358.8594 	EXP 	Display Frame 1
358.9846 	EXP 	Display Frame 0
359.1096 	EXP 	Display Frame 1
359.2344 	DATA 	Keypress: equal
359.2364 	EXP 	Display Frame 0
359.3594 	EXP 	Display Frame 1
359.4844 	EXP 	Display Frame 0
359.6095 	EXP 	Display Frame 1
359.7346 	EXP 	Display Frame 0
359.8595 	EXP 	Display Frame 1
359.9846 	EXP 	Display Frame 0
360.1095 	EXP 	Display Frame 1
360.2345 	EXP 	Display Frame 0
360.3595 	EXP 	Display Frame 1
360.4846 	EXP 	Display Frame 0
360.6094 	EXP 	Display Frame 1
360.7350 	DATA 	Keypress: equal
360.7372 	EXP 	Display Frame 0
360.8594 	EXP 	Display Frame 1
360.9845 	EXP 	Display Frame 0
361.1096 	EXP 	Display Frame 1
361.2344 	EXP 	Display Frame 0
361.3595 	EXP 	Display Frame 1
361.4846 	EXP 	Display Frame 0
361.6095 	EXP 	Display Frame 1
361.7346 	EXP 	Display Frame 0
361.8597 	EXP 	Display Frame 1
361.9843 	EXP 	Display Frame 0
362.1095 	EXP 	Display Frame 1
362.2346 	EXP 	Display Frame 0
362.3594 	EXP 	Display Frame 1
362.4846 	EXP 	Display Frame 0
362.6095 	EXP 	Display Frame 1
362.7345 	DATA 	Keypress: equal
362.7363 	EXP 	Display Frame 0
362.8595 	EXP 	Display Frame 1
362.9846 	EXP 	Display Frame 0
363.1095 	EXP 	Display Frame 1
363.2344 	EXP 	Display Frame 0
363.3596 	EXP 	Display Frame 1
363.4846 	EXP 	Display Frame 0
363.6095 	EXP 	Display Frame 1
363.7346 	EXP 	Display Frame 0
363.8594 	EXP 	Display Frame 1
363.9844 	EXP 	Display Frame 0
364.1095 	EXP 	Display Frame 1
364.2344 	DATA 	Keypress: equal
364.2362 	EXP 	Display Frame 0
364.3594 	EXP 	Display Frame 1
364.4843 	EXP 	Display Frame 0
364.6096 	EXP 	Display Frame 1
364.7346 	EXP 	Display Frame 0
364.8595 	EXP 	Display Frame 1
364.9847 	EXP 	Display Frame 0
365.1096 	EXP 	Display Frame 1
365.2345 	EXP 	Display Frame 0
365.3596 	EXP 	Display Frame 1
365.4846 	EXP 	Display Frame 0
365.6094 	EXP 	Display Frame 1
365.7346 	EXP 	Display Frame 0
365.8596 	EXP 	Display Frame 1
365.9845 	EXP 	Display Frame 0
366.1092 	EXP 	Display Frame 1
366.2339 	DATA 	Keypress: equal
366.2358 	EXP 	Display Frame 0
366.3594 	EXP 	Display Frame 1
366.4845 	EXP 	Display Frame 0
366.6096 	EXP 	Display Frame 1
366.7346 	EXP 	Display Frame 0
366.8595 	EXP 	Display Frame 1
366.9846 	EXP 	Display Frame 0
367.1096 	EXP 	Display Frame 1
367.2345 	EXP 	Display Frame 0
367.3596 	EXP 	Display Frame 1
367.4846 	EXP 	Display Frame 0
367.6096 	EXP 	Display Frame 1
367.7344 	DATA 	Keypress: equal
367.7362 	EXP 	Display Frame 0
367.8595 	EXP 	Display Frame 1
367.9845 	EXP 	Display Frame 0
368.1094 	EXP 	Display Frame 1
368.2346 	EXP 	Display Frame 0
368.3596 	EXP 	Display Frame 1
368.4845 	EXP 	Display Frame 0
368.6098 	EXP 	Display Frame 1
368.7347 	EXP 	Display Frame 0
368.8596 	EXP 	Display Frame 1
368.9846 	EXP 	Display Frame 0
369.1116 	EXP 	Display Frame 1
369.2346 	EXP 	Display Frame 0
369.3594 	EXP 	Display Frame 1
369.4844 	EXP 	Display Frame 0
369.6095 	EXP 	Display Frame 1
369.7342 	DATA 	Keypress: equal
369.7361 	EXP 	Display Frame 0
369.8595 	EXP 	Display Frame 1
369.9844 	EXP 	Display Frame 0
370.1095 	EXP 	Display Frame 1
370.2346 	EXP 	Display Frame 0
370.3595 	EXP 	Display Frame 1
370.4845 	EXP 	Display Frame 0
370.6098 	EXP 	Display Frame 1
370.7345 	EXP 	Display Frame 0
370.8594 	EXP 	Display Frame 1
370.9845 	EXP 	Display Frame 0
371.1096 	EXP 	Display Frame 1
371.2340 	DATA 	Keypress: equal
371.2356 	EXP 	Display Frame 0
371.3594 	EXP 	Display Frame 1
371.4846 	EXP 	Display Frame 0
371.6096 	EXP 	Display Frame 1
371.7345 	EXP 	Display Frame 0
371.8597 	EXP 	Display Frame 1
371.9846 	EXP 	Display Frame 0
372.1094 	EXP 	Display Frame 1
372.2344 	EXP 	Display Frame 0
372.3596 	EXP 	Display Frame 1
372.4845 	EXP 	Display Frame 0
372.6094 	EXP 	Display Frame 1
372.7347 	EXP 	Display Frame 0
372.8595 	EXP 	Display Frame 1
372.9845 	EXP 	Display Frame 0
373.1096 	EXP 	Display Frame 1
373.2344 	DATA 	Keypress: equal
373.2362 	EXP 	Display Frame 0
373.2378 	EXP 	Display Fixation
374.7132 	DATA 	Keypress: equal
376.7237 	DATA 	Keypress: equal
378.2117 	DATA 	Keypress: equal
380.2240 	DATA 	Keypress: equal
381.7123 	DATA 	Keypress: equal
383.7228 	DATA 	Keypress: equal
385.2111 	DATA 	Keypress: equal
387.2219 	DATA 	Keypress: equal
388.7100 	DATA 	Keypress: equal
390.7212 	DATA 	Keypress: equal
392.2090 	DATA 	Keypress: equal
394.2198 	DATA 	Keypress: equal
395.7081 	DATA 	Keypress: equal
397.7193 	DATA 	Keypress: equal
399.2069 	DATA 	Keypress: equal
401.2195 	DATA 	Keypress: equal
402.7071 	DATA 	Keypress: equal
404.7179 	DATA 	Keypress: equal
406.2060 	DATA 	Keypress: equal
408.2172 	DATA 	Keypress: equal
408.3442 	EXP 	Display Frame 1
408.4689 	EXP 	Display Frame 0
408.5942 	EXP 	Display Frame 1
408.7189 	EXP 	Display Frame 0
408.8439 	EXP 	Display Frame 1
408.9691 	EXP 	Display Frame 0
409.0937 	EXP 	Display Frame 1
409.2188 	EXP 	Display Frame 0
409.3438 	EXP 	Display Frame 1
409.4688 	EXP 	Display Frame 0
409.5938 	EXP 	Display Frame 1
409.7192 	DATA 	Keypress: equal
409.7214 	EXP 	Display Frame 0
409.8436 	EXP 	Display Frame 1
409.9688 	EXP 	Display Frame 0
410.0939 	EXP 	Display Frame 1
410.2190 	EXP 	Display Frame 0
410.3439 	EXP 	Display Frame 1
410.4689 	EXP 	Display Frame 0
410.5939 	EXP 	Display Frame 1
410.7189 	EXP 	Display Frame 0
410.8435 	EXP 	Display Frame 1
410.9690 	EXP 	Display Frame 0
411.0939 	EXP 	Display Frame 1
411.2188 	EXP 	Display Frame 0
411.3440 	EXP 	Display Frame 1
411.4690 	EXP 	Display Frame 0
411.5938 	EXP 	Display Frame 1
411.7187 	DATA 	Keypress: equal
411.7206 	EXP 	Display Frame 0
411.8439 	EXP 	Display Frame 1
411.9688 	EXP 	Display Frame 0
412.0937 	EXP 	Display Frame 1
412.2190 	EXP 	Display Frame 0
412.3439 	EXP 	Display Frame 1
412.4690 	EXP 	Display Frame 0
412.5940 	EXP 	Display Frame 1
412.7189 	EXP 	Display Frame 0
412.8438 	EXP 	Display Frame 1
412.9690 	EXP 	Display Frame 0
413.0938 	EXP 	Display Frame 1
413.2188 	DATA 	Keypress: equal
413.2208 	EXP 	Display Frame 0
413.3439 	EXP 	Display Frame 1
413.4690 	EXP 	Display Frame 0
413.5938 	EXP 	Display Frame 1
413.7191 	EXP 	Display Frame 0
413.8439 	EXP 	Display Frame 1
413.9689 	EXP 	Display Frame 0
414.0938 	EXP 	Display Frame 1
414.2190 	EXP 	Display Frame 0
414.3439 	EXP 	Display Frame 1
414.4688 	EXP 	Display Frame 0
414.5939 	EXP 	Display Frame 1
414.7189 	EXP 	Display Frame 0
414.8438 	EXP 	Display Frame 1
414.9690 	EXP 	Display Frame 0
415.0939 	EXP 	Display Frame 1
415.2183 	DATA 	Keypress: equal
415.2201 	EXP 	Display Frame 0
415.3441 	EXP 	Display Frame 1
415.4690 	EXP 	Display Frame 0
415.5939 	EXP 	Display Frame 1
415.7188 	EXP 	Display Frame 0
415.8440 	EXP 	Display Frame 1
415.9690 	EXP 	Display Frame 0
416.0938 	EXP 	Display Frame 1
416.2190 	EXP 	Display Frame 0
416.3439 	EXP 	Display Frame 1
416.4690 	EXP 	Display Frame 0
416.5940 	EXP 	Display Frame 1
416.7186 	DATA 	Keypress: equal
416.7205 	EXP 	Display Frame 0
416.8437 	EXP 	Display Frame 1
416.9690 	EXP 	Display Frame 0
417.0941 	EXP 	Display Frame 1
417.2190 	EXP 	Display Frame 0
417.3441 	EXP 	Display Frame 1
417.4690 	EXP 	Display Frame 0
417.5939 	EXP 	Display Frame 1
417.7190 	EXP 	Display Frame 0
417.8438 	EXP 	Display Frame 1
417.9690 	EXP 	Display Frame 0
418.0937 	EXP 	Display Frame 1
418.2190 	EXP 	Display Frame 0
418.3439 	EXP 	Display Frame 1
418.4689 	EXP 	Display Frame 0
418.5939 	EXP 	Display Frame 1
418.7188 	DATA 	Keypress: equal
418.7206 	EXP 	Display Frame 0
418.8437 	EXP 	Display Frame 1
418.9688 	EXP 	Display Frame 0
419.0939 	EXP 	Display Frame 1
419.2189 	EXP 	Display Frame 0
419.3438 	EXP 	Display Frame 1
419.4691 	EXP 	Display Frame 0
419.5939 	EXP 	Display Frame 1
419.7189 	EXP 	Display Frame 0
419.8437 	EXP 	Display Frame 1
419.9689 	EXP 	Display Frame 0
420.0938 	EXP 	Display Frame 1
420.2183 	DATA 	Keypress: equal
420.2200 	EXP 	Display Frame 0
420.3437 	EXP 	Display Frame 1
420.4695 	EXP 	Display Frame 0
420.5939 	EXP 	Display Frame 1
420.7188 	EXP 	Display Frame 0
420.8439 	EXP 	Display Frame 1
420.9689 	EXP 	Display Frame 0
421.0942 	EXP 	Display Frame 1
421.2189 	EXP 	Display Frame 0
421.3437 	EXP 	Display Frame 1
421.4690 	EXP 	Display Frame 0
421.5940 	EXP 	Display Frame 1
421.7189 	EXP 	Display Frame 0
421.8438 	EXP 	Display Frame 1
421.9690 	EXP 	Display Frame 0
422.0939 	EXP 	Display Frame 1
422.2189 	DATA 	Keypress: equal
422.2207 	EXP 	Display Frame 0
422.3438 	EXP 	Display Frame 1
422.4689 	EXP 	Display Frame 0
422.5937 	EXP 	Display Frame 1
422.7187 	EXP 	Display Frame 0
422.8438 	EXP 	Display Frame 1
422.9691 	EXP 	Display Frame 0
423.0939 	EXP 	Display Frame 1
423.2189 	EXP 	Display Frame 0
423.3438 	EXP 	Display Frame 1
423.4689 	EXP 	Display Frame 0
423.5939 	EXP 	Display Frame 1
423.7188 	DATA 	Keypress: equal
423.7208 	EXP 	Display Frame 0
423.8437 	EXP 	Display Frame 1
423.9690 	EXP 	Display Frame 0
424.0939 	EXP 	Display Frame 1
424.2199 	EXP 	Display Frame 0
424.3439 	EXP 	Display Frame 1
424.4689 	EXP 	Display Frame 0
424.5938 	EXP 	Display Frame 1
424.7190 	EXP 	Display Frame 0
424.8439 	EXP 	Display Frame 1
424.9689 	EXP 	Display Frame 0
425.0939 	EXP 	Display Frame 1
425.2189 	EXP 	Display Frame 0
425.3441 	EXP 	Display Frame 1
425.4691 	EXP 	Display Frame 0
425.5940 	EXP 	Display Frame 1
425.7183 	DATA 	Keypress: equal
425.7201 	EXP 	Display Frame 0
425.8440 	EXP 	Display Frame 1
425.9690 	EXP 	Display Frame 0
426.0939 	EXP 	Display Frame 1
426.2189 	EXP 	Display Frame 0
426.3439 	EXP 	Display Frame 1
426.4690 	EXP 	Display Frame 0
426.5938 	EXP 	Display Frame 1
426.7190 	EXP 	Display Frame 0
426.8439 	EXP 	Display Frame 1
426.9689 	EXP 	Display Frame 0
427.0939 	EXP 	Display Frame 1
427.2183 	DATA 	Keypress: equal
427.2200 	EXP 	Display Frame 0
427.3437 	EXP 	Display Frame 1
427.4687 	EXP 	Display Frame 0
427.5939 	EXP 	Display Frame 1
427.7187 	EXP 	Display Frame 0
427.8438 	EXP 	Display Frame 1
427.9689 	EXP 	Display Frame 0
428.0938 	EXP 	Display Frame 1
428.2190 	EXP 	Display Frame 0
428.3439 	EXP 	Display Frame 1
428.4690 	EXP 	Display Frame 0
428.5939 	EXP 	Display Frame 1
428.7192 	EXP 	Display Frame 0
428.8440 	EXP 	Display Frame 1
428.9690 	EXP 	Display Frame 0
429.0938 	EXP 	Display Frame 1
429.2185 	DATA 	Keypress: equal
429.2204 	EXP 	Display Frame 0
429.3438 	EXP 	Display Frame 1
429.4688 	EXP 	Display Frame 0
429.5938 	EXP 	Display Frame 1
429.7188 	EXP 	Display Frame 0
429.8439 	EXP 	Display Frame 1
429.9691 	EXP 	Display Frame 0
430.0939 	EXP 	Display Frame 1
430.2190 	EXP 	Display Frame 0
430.3439 	EXP 	Display Frame 1
430.4689 	EXP 	Display Frame 0
430.5939 	EXP 	Display Frame 1
430.7188 	DATA 	Keypress: equal
430.7207 	EXP 	Display Frame 0
430.8438 	EXP 	Display Frame 1
430.9690 	EXP 	Display Frame 0
431.0938 	EXP 	Display Frame 1
431.2190 	EXP 	Display Frame 0
431.3440 	EXP 	Display Frame 1
431.4690 	EXP 	Display Frame 0
431.5940 	EXP 	Display Frame 1
431.7189 	EXP 	Display Frame 0
431.8438 	EXP 	Display Frame 1
431.9690 	EXP 	Display Frame 0
432.0940 	EXP 	Display Frame 1
432.2189 	EXP 	Display Frame 0
432.3439 	EXP 	Display Frame 1
432.4689 	EXP 	Display Frame 0
432.5938 	EXP 	Display Frame 1
432.7184 	DATA 	Keypress: equal
432.7201 	EXP 	Display Frame 0
432.8438 	EXP 	Display Frame 1
432.9689 	EXP 	Display Frame 0
433.0938 	EXP 	Display Frame 1
433.2190 	EXP 	Display Frame 0
433.3437 	EXP 	Display Frame 1
433.4688 	EXP 	Display Frame 0
433.5940 	EXP 	Display Frame 1
433.7190 	EXP 	Display Frame 0
433.8438 	EXP 	Display Frame 1
433.9690 	EXP 	Display Frame 0
434.0940 	EXP 	Display Frame 1
434.2187 	DATA 	Keypress: equal
434.2205 	EXP 	Display Frame 0
434.3435 	EXP 	Display Frame 1
434.4689 	EXP 	Display Frame 0
434.5940 	EXP 	Display Frame 1
434.7190 	EXP 	Display Frame 0
434.8440 	EXP 	Display Frame 1
434.9690 	EXP 	Display Frame 0
435.0938 	EXP 	Display Frame 1
435.2190 	EXP 	Display Frame 0
435.3440 	EXP 	Display Frame 1
435.4689 	EXP 	Display Frame 0
435.5939 	EXP 	Display Frame 1
435.7192 	EXP 	Display Frame 0
435.8438 	EXP 	Display Frame 1
435.9689 	EXP 	Display Frame 0
436.0939 	EXP 	Display Frame 1
436.2189 	DATA 	Keypress: equal
436.2209 	EXP 	Display Frame 0
436.3437 	EXP 	Display Frame 1
436.4690 	EXP 	Display Frame 0
436.5939 	EXP 	Display Frame 1
436.7189 	EXP 	Display Frame 0
436.8437 	EXP 	Display Frame 1
436.9689 	EXP 	Display Frame 0
437.0938 	EXP 	Display Frame 1
437.2188 	EXP 	Display Frame 0
437.3439 	EXP 	Display Frame 1
437.4689 	EXP 	Display Frame 0
437.5938 	EXP 	Display Frame 1
437.7182 	DATA 	Keypress: equal
437.7201 	EXP 	Display Frame 0
437.8438 	EXP 	Display Frame 1
437.9690 	EXP 	Display Frame 0
438.0940 	EXP 	Display Frame 1
438.2189 	EXP 	Display Frame 0
438.3438 	EXP 	Display Frame 1
438.4688 	EXP 	Display Frame 0
438.5939 	EXP 	Display Frame 1
438.7190 	EXP 	Display Frame 0
438.8442 	EXP 	Display Frame 1
438.9690 	EXP 	Display Frame 0
439.0940 	EXP 	Display Frame 1
439.2189 	EXP 	Display Frame 0
439.3439 	EXP 	Display Frame 1
439.4689 	EXP 	Display Frame 0
439.5938 	EXP 	Display Frame 1
439.7188 	DATA 	Keypress: equal
439.7208 	EXP 	Display Frame 0
439.8438 	EXP 	Display Frame 1
439.9692 	EXP 	Display Frame 0
440.0940 	EXP 	Display Frame 1
440.2188 	EXP 	Display Frame 0
440.3438 	EXP 	Display Frame 1
440.4690 	EXP 	Display Frame 0
440.5936 	EXP 	Display Frame 1
440.7190 	EXP 	Display Frame 0
440.8438 	EXP 	Display Frame 1
440.9690 	EXP 	Display Frame 0
441.0939 	EXP 	Display Frame 1
441.2188 	DATA 	Keypress: equal
441.2205 	EXP 	Display Frame 0
441.3439 	EXP 	Display Frame 1
441.4690 	EXP 	Display Frame 0
441.5937 	EXP 	Display Frame 1
441.7190 	EXP 	Display Frame 0
441.8440 	EXP 	Display Frame 1
441.9690 	EXP 	Display Frame 0
442.0941 	EXP 	Display Frame 1
442.2190 	EXP 	Display Frame 0
442.3438 	EXP 	Display Frame 1
442.4689 	EXP 	Display Frame 0
442.5943 	EXP 	Display Frame 1
442.7190 	EXP 	Display Frame 0
442.8438 	EXP 	Display Frame 1
442.9691 	EXP 	Display Frame 0
443.0941 	EXP 	Display Frame 1
443.2188 	DATA 	Keypress: equal
443.2207 	EXP 	Display Frame 0
443.2247 	EXP 	Display Fixation
444.6975 	DATA 	Keypress: equal
446.7082 	DATA 	Keypress: equal
448.1960 	DATA 	Keypress: equal
450.2069 	DATA 	Keypress: equal
451.6951 	DATA 	Keypress: equal
453.7063 	DATA 	Keypress: equal
455.1943 	DATA 	Keypress: equal
457.2067 	DATA 	Keypress: equal
458.6939 	DATA 	Keypress: equal
460.7055 	DATA 	Keypress: equal
462.1931 	DATA 	Keypress: equal
464.2043 	DATA 	Keypress: equal
465.6925 	DATA 	Keypress: equal
467.7032 	DATA 	Keypress: equal
469.1908 	DATA 	Keypress: equal
471.2030 	DATA 	Keypress: equal
472.6901 	DATA 	Keypress: equal
474.7012 	DATA 	Keypress: equal
476.1895 	DATA 	Keypress: equal
478.2018 	DATA 	Keypress: equal
478.3288 	EXP 	Display Frame 1
478.4537 	EXP 	Display Frame 0
478.5787 	EXP 	Display Frame 1
478.7035 	EXP 	Display Frame 0
478.8286 	EXP 	Display Frame 1
478.9536 	EXP 	Display Frame 0
479.0787 	EXP 	Display Frame 1
479.2035 	EXP 	Display Frame 0
479.3288 	EXP 	Display Frame 1
479.4535 	EXP 	Display Frame 0
479.5784 	EXP 	Display Frame 1
479.7033 	DATA 	Keypress: equal
479.7051 	EXP 	Display Frame 0
479.8286 	EXP 	Display Frame 1
479.9536 	EXP 	Display Frame 0
480.0787 	EXP 	Display Frame 1
480.2035 	EXP 	Display Frame 0
480.3284 	EXP 	Display Frame 1
480.4543 	EXP 	Display Frame 0
480.5784 	EXP 	Display Frame 1
480.7035 	EXP 	Display Frame 0
480.8287 	EXP 	Display Frame 1
480.9536 	EXP 	Display Frame 0
481.0783 	EXP 	Display Frame 1
481.2035 	EXP 	Display Frame 0
481.3288 	EXP 	Display Frame 1
481.4536 	EXP 	Display Frame 0
481.5787 	EXP 	Display Frame 1
481.7034 	DATA 	Keypress: equal
481.7052 	EXP 	Display Frame 0
481.8287 	EXP 	Display Frame 1
481.9536 	EXP 	Display Frame 0
482.0787 	EXP 	Display Frame 1
482.2035 	EXP 	Display Frame 0
482.3284 	EXP 	Display Frame 1
482.4534 	EXP 	Display Frame 0
482.5787 	EXP 	Display Frame 1
482.7036 	EXP 	Display Frame 0
482.8287 	EXP 	Display Frame 1
482.9536 	EXP 	Display Frame 0
483.0786 	EXP 	Display Frame 1
483.2029 	DATA 	Keypress: equal
483.2047 	EXP 	Display Frame 0
483.3286 	EXP 	Display Frame 1
483.4534 	EXP 	Display Frame 0
483.5787 	EXP 	Display Frame 1
483.7034 	EXP 	Display Frame 0
483.8287 	EXP 	Display Frame 1
483.9535 	EXP 	Display Frame 0
484.0784 	EXP 	Display Frame 1
484.2044 	EXP 	Display Frame 0
484.3287 	EXP 	Display Frame 1
484.4535 	EXP 	Display Frame 0
484.5787 	EXP 	Display Frame 1
484.7035 	EXP 	Display Frame 0
484.8289 	EXP 	Display Frame 1
484.9534 	EXP 	Display Frame 0
485.0786 	EXP 	Display Frame 1
485.2034 	DATA 	Keypress: equal
485.2055 	EXP 	Display Frame 0
485.3286 	EXP 	Display Frame 1
485.4533 	EXP 	Display Frame 0
485.5786 	EXP 	Display Frame 1
485.7034 	EXP 	Display Frame 0
485.8285 	EXP 	Display Frame 1
485.9535 	EXP 	Display Frame 0
486.0785 	EXP 	Display Frame 1
486.2036 	EXP 	Display Frame 0
486.3289 	EXP 	Display Frame 1
486.4532 	EXP 	Display Frame 0
486.5786 	EXP 	Display Frame 1
486.7031 	DATA 	Keypress: equal
486.7048 	EXP 	Display Frame 0
486.8285 	EXP 	Display Frame 1
486.9533 	EXP 	Display Frame 0
487.0785 	EXP 	Display Frame 1
487.2035 	EXP 	Display Frame 0
487.3286 	EXP 	Display Frame 1
487.4536 	EXP 	Display Frame 0
487.5785 	EXP 	Display Frame 1
487.7035 	EXP 	Display Frame 0
487.8286 	EXP 	Display Frame 1
487.9534 	EXP 	Display Frame 0
488.0786 	EXP 	Display Frame 1
488.2036 	EXP 	Display Frame 0
488.3287 	EXP 	Display Frame 1
488.4535 	EXP 	Display Frame 0
488.5787 	EXP 	Display Frame 1
488.7029 	DATA 	Keypress: equal
488.7042 	EXP 	Display Frame 0
488.8284 	EXP 	Display Frame 1
488.9535 	EXP 	Display Frame 0
489.0784 	EXP 	Display Frame 1
489.2034 	EXP 	Display Frame 0
489.3287 	EXP 	Display Frame 1
489.4534 	EXP 	Display Frame 0
489.5786 	EXP 	Display Frame 1
489.7034 	EXP 	Display Frame 0
489.8287 	EXP 	Display Frame 1
489.9536 	EXP 	Display Frame 0
490.0785 	EXP 	Display Frame 1
490.2034 	DATA 	Keypress: equal
490.2055 	EXP 	Display Frame 0
490.3287 	EXP 	Display Frame 1
490.4540 	EXP 	Display Frame 0
490.5789 	EXP 	Display Frame 1
490.7035 	EXP 	Display Frame 0
490.8286 	EXP 	Display Frame 1
490.9535 	EXP 	Display Frame 0
491.0787 	EXP 	Display Frame 1
491.2035 	EXP 	Display Frame 0
491.3286 	EXP 	Display Frame 1
491.4536 	EXP 	Display Frame 0
491.5787 	EXP 	Display Frame 1
491.7034 	EXP 	Display Frame 0
491.8286 	EXP 	Display Frame 1
491.9534 	EXP 	Display Frame 0
492.0786 	EXP 	Display Frame 1
492.2035 	DATA 	Keypress: equal
492.2054 	EXP 	Display Frame 0
492.3285 	EXP 	Display Frame 1
492.4532 	EXP 	Display Frame 0
492.5785 	EXP 	Display Frame 1
492.7053 	EXP 	Display Frame 0
492.8284 	EXP 	Display Frame 1
492.9534 	EXP 	Display Frame 0
493.0784 	EXP 	Display Frame 1
493.2037 	EXP 	Display Frame 0
493.3285 	EXP 	Display Frame 1
493.4532 	EXP 	Display Frame 0
493.5785 	EXP 	Display Frame 1
493.7036 	DATA 	Keypress: equal
493.7053 	EXP 	Display Frame 0
493.8287 	EXP 	Display Frame 1
493.9534 	EXP 	Display Frame 0
494.0785 	EXP 	Display Frame 1
494.2036 	EXP 	Display Frame 0
494.3285 	EXP 	Display Frame 1
494.4537 	EXP 	Display Frame 0
494.5790 	EXP 	Display Frame 1
494.7035 	EXP 	Display Frame 0
494.8286 	EXP 	Display Frame 1
494.9531 	EXP 	Display Frame 0
495.0782 	EXP 	Display Frame 1
495.2033 	EXP 	Display Frame 0
495.3283 	EXP 	Display Frame 1
495.4533 	EXP 	Display Frame 0
495.5785 	EXP 	Display Frame 1
495.7031 	DATA 	Keypress: equal
495.7050 	EXP 	Display Frame 0
495.8283 	EXP 	Display Frame 1
495.9535 	EXP 	Display Frame 0
496.0816 	EXP 	Display Frame 1
496.2033 	EXP 	Display Frame 0
496.3287 	EXP 	Display Frame 1
496.4536 	EXP 	Display Frame 0
496.5786 	EXP 	Display Frame 1
496.7035 	EXP 	Display Frame 0
496.8292 	EXP 	Display Frame 1
496.9537 	EXP 	Display Frame 0
497.0787 	EXP 	Display Frame 1
497.2033 	DATA 	Keypress: equal
497.2049 	EXP 	Display Frame 0
497.3313 	EXP 	Display Frame 1
497.4531 	EXP 	Display Frame 0
497.5785 	EXP 	Display Frame 1
497.7033 	EXP 	Display Frame 0
497.8297 	EXP 	Display Frame 1
497.9534 	EXP 	Display Frame 0
498.0786 	EXP 	Display Frame 1
498.2036 	EXP 	Display Frame 0
498.3286 	EXP 	Display Frame 1
498.4536 	EXP 	Display Frame 0
498.5785 	EXP 	Display Frame 1
498.7035 	EXP 	Display Frame 0
498.8285 	EXP 	Display Frame 1
498.9536 	EXP 	Display Frame 0
499.0819 	EXP 	Display Frame 1
499.2031 	DATA 	Keypress: equal
499.2046 	EXP 	Display Frame 0
499.3286 	EXP 	Display Frame 1
499.4533 	EXP 	Display Frame 0
499.5785 	EXP 	Display Frame 1
499.7036 	EXP 	Display Frame 0
499.8286 	EXP 	Display Frame 1
499.9536 	EXP 	Display Frame 0
500.0785 	EXP 	Display Frame 1
500.2034 	EXP 	Display Frame 0
500.3286 	EXP 	Display Frame 1
500.4536 	EXP 	Display Frame 0
500.5786 	EXP 	Display Frame 1
500.7029 	DATA 	Keypress: equal
500.7046 	EXP 	Display Frame 0
500.8286 	EXP 	Display Frame 1
500.9534 	EXP 	Display Frame 0
501.0785 	EXP 	Display Frame 1
501.2037 	EXP 	Display Frame 0
501.3285 	EXP 	Display Frame 1
501.4536 	EXP 	Display Frame 0
501.5787 	EXP 	Display Frame 1
501.7036 	EXP 	Display Frame 0
501.8287 	EXP 	Display Frame 1
501.9534 	EXP 	Display Frame 0
502.0785 	EXP 	Display Frame 1
502.2034 	EXP 	Display Frame 0
502.3285 	EXP 	Display Frame 1
502.4533 	EXP 	Display Frame 0
502.5784 	EXP 	Display Frame 1
502.7035 	DATA 	Keypress: equal
502.7052 	EXP 	Display Frame 0
502.8287 	EXP 	Display Frame 1
502.9533 	EXP 	Display Frame 0
503.0785 	EXP 	Display Frame 1
503.2036 	EXP 	Display Frame 0
503.3286 	EXP 	Display Frame 1
503.4537 	EXP 	Display Frame 0
503.5785 	EXP 	Display Frame 1
503.7036 	EXP 	Display Frame 0
503.8288 	EXP 	Display Frame 1
503.9535 	EXP 	Display Frame 0
504.0784 	EXP 	Display Frame 1
504.2036 	DATA 	Keypress: equal
504.2057 	EXP 	Display Frame 0
504.3286 	EXP 	Display Frame 1
504.4535 	EXP 	Display Frame 0
504.5786 	EXP 	Display Frame 1
504.7035 	EXP 	Display Frame 0
504.8285 	EXP 	Display Frame 1
504.9535 	EXP 	Display Frame 0
505.0786 	EXP 	Display Frame 1
505.2034 	EXP 	Display Frame 0
505.3284 	EXP 	Display Frame 1
505.4537 	EXP 	Display Frame 0
505.5785 	EXP 	Display Frame 1
505.7036 	EXP 	Display Frame 0
505.8288 	EXP 	Display Frame 1
505.9534 	EXP 	Display Frame 0
506.0784 	EXP 	Display Frame 1
506.2032 	DATA 	Keypress: equal
506.2047 	EXP 	Display Frame 0
506.3290 	EXP 	Display Frame 1
506.4534 	EXP 	Display Frame 0
506.5786 	EXP 	Display Frame 1
506.7034 	EXP 	Display Frame 0
506.8284 	EXP 	Display Frame 1
506.9534 	EXP 	Display Frame 0
507.0785 	EXP 	Display Frame 1
507.2035 	EXP 	Display Frame 0
507.3286 	EXP 	Display Frame 1
507.4534 	EXP 	Display Frame 0
507.5785 	EXP 	Display Frame 1
507.7034 	DATA 	Keypress: equal
507.7054 	EXP 	Display Frame 0
507.8288 	EXP 	Display Frame 1
507.9534 	EXP 	Display Frame 0
508.0784 	EXP 	Display Frame 1
508.2034 	EXP 	Display Frame 0
508.3285 	EXP 	Display Frame 1
508.4536 	EXP 	Display Frame 0
508.5787 	EXP 	Display Frame 1
508.7035 	EXP 	Display Frame 0
508.8286 	EXP 	Display Frame 1
508.9536 	EXP 	Display Frame 0
509.0786 	EXP 	Display Frame 1
509.2035 	EXP 	Display Frame 0
509.3284 	EXP 	Display Frame 1
509.4534 	EXP 	Display Frame 0
509.5785 	EXP 	Display Frame 1
509.7034 	DATA 	Keypress: equal
509.7055 	EXP 	Display Frame 0
509.8287 	EXP 	Display Frame 1
509.9535 	EXP 	Display Frame 0
510.0784 	EXP 	Display Frame 1
510.2034 	EXP 	Display Frame 0
510.3285 	EXP 	Display Frame 1
510.4537 	EXP 	Display Frame 0
510.5785 	EXP 	Display Frame 1
510.7038 	EXP 	Display Frame 0
510.8286 	EXP 	Display Frame 1
510.9535 	EXP 	Display Frame 0
511.0785 	EXP 	Display Frame 1
511.2033 	DATA 	Keypress: equal
511.2053 	EXP 	Display Frame 0
511.3285 	EXP 	Display Frame 1
511.4536 	EXP 	Display Frame 0
511.5786 	EXP 	Display Frame 1
511.7036 	EXP 	Display Frame 0
511.8289 	EXP 	Display Frame 1
511.9535 	EXP 	Display Frame 0
512.0784 	EXP 	Display Frame 1
512.2034 	EXP 	Display Frame 0
512.3286 	EXP 	Display Frame 1
512.4536 	EXP 	Display Frame 0
512.5786 	EXP 	Display Frame 1
512.7036 	EXP 	Display Frame 0
512.8286 	EXP 	Display Frame 1
512.9535 	EXP 	Display Frame 0
513.0784 	EXP 	Display Frame 1
513.2031 	DATA 	Keypress: equal
513.2047 	EXP 	Display Frame 0
513.2066 	EXP 	Display Fixation
514.6804 	DATA 	Keypress: equal
516.6923 	DATA 	Keypress: equal
518.1806 	DATA 	Keypress: equal
520.1918 	DATA 	Keypress: equal
521.6785 	DATA 	Keypress: equal
523.6903 	DATA 	Keypress: equal
525.1785 	DATA 	Keypress: equal
527.1897 	DATA 	Keypress: equal
528.6773 	DATA 	Keypress: equal
530.6886 	DATA 	Keypress: equal
532.1770 	DATA 	Keypress: equal
534.1885 	DATA 	Keypress: equal
535.6763 	DATA 	Keypress: equal
537.6870 	DATA 	Keypress: equal
539.1756 	DATA 	Keypress: equal
541.1868 	DATA 	Keypress: equal
542.6744 	DATA 	Keypress: equal
544.6853 	DATA 	Keypress: equal
546.1740 	DATA 	Keypress: equal
548.1847 	DATA 	Keypress: equal
548.3120 	EXP 	Display Frame 1
548.4363 	EXP 	Display Frame 0
548.5613 	EXP 	Display Frame 1
548.6863 	EXP 	Display Frame 0
548.8114 	EXP 	Display Frame 1
548.9367 	EXP 	Display Frame 0
549.0615 	EXP 	Display Frame 1
549.1865 	EXP 	Display Frame 0
549.3114 	EXP 	Display Frame 1
549.4365 	EXP 	Display Frame 0
549.5613 	EXP 	Display Frame 1
549.6860 	DATA 	Keypress: equal
549.6878 	EXP 	Display Frame 0
549.8112 	EXP 	Display Frame 1
549.9362 	EXP 	Display Frame 0
550.0615 	EXP 	Display Frame 1
550.1865 	EXP 	Display Frame 0
550.3114 	EXP 	Display Frame 1
550.4362 	EXP 	Display Frame 0
550.5613 	EXP 	Display Frame 1
550.6864 	EXP 	Display Frame 0
550.8114 	EXP 	Display Frame 1
550.9364 	EXP 	Display Frame 0
551.0614 	EXP 	Display Frame 1
551.1863 	EXP 	Display Frame 0
551.3115 	EXP 	Display Frame 1
551.4364 	EXP 	Display Frame 0
551.5615 	EXP 	Display Frame 1
551.6868 	DATA 	Keypress: equal
551.6892 	EXP 	Display Frame 0
551.8113 	EXP 	Display Frame 1
551.9364 	EXP 	Display Frame 0
552.0616 	EXP 	Display Frame 1
552.1865 	EXP 	Display Frame 0
552.3115 	EXP 	Display Frame 1
552.4363 	EXP 	Display Frame 0
552.5615 	EXP 	Display Frame 1
552.6865 	EXP 	Display Frame 0
552.8114 	EXP 	Display Frame 1
552.9366 	EXP 	Display Frame 0
553.0614 	EXP 	Display Frame 1
553.1862 	DATA 	Keypress: equal
553.1878 	EXP 	Display Frame 0
553.3113 	EXP 	Display Frame 1
553.4363 	EXP 	Display Frame 0
553.5613 	EXP 	Display Frame 1
553.6865 	EXP 	Display Frame 0
553.8114 	EXP 	Display Frame 1
553.9365 	EXP 	Display Frame 0
554.0614 	EXP 	Display Frame 1
554.1864 	EXP 	Display Frame 0
554.3113 	EXP 	Display Frame 1
554.4363 	EXP 	Display Frame 0
554.5614 	EXP 	Display Frame 1
554.6865 	EXP 	Display Frame 0
554.8114 	EXP 	Display Frame 1
554.9365 	EXP 	Display Frame 0
555.0613 	EXP 	Display Frame 1
555.1857 	DATA 	Keypress: equal
555.1874 	EXP 	Display Frame 0
555.3113 	EXP 	Display Frame 1
555.4364 	EXP 	Display Frame 0
555.5613 	EXP 	Display Frame 1
555.6865 	EXP 	Display Frame 0
555.8113 	EXP 	Display Frame 1
555.9362 	EXP 	Display Frame 0
556.0613 	EXP 	Display Frame 1
556.1864 	EXP 	Display Frame 0
556.3114 	EXP 	Display Frame 1
556.4365 	EXP 	Display Frame 0
556.5613 	EXP 	Display Frame 1
556.6863 	DATA 	Keypress: equal
556.6882 	EXP 	Display Frame 0
556.8111 	EXP 	Display Frame 1
556.9363 	EXP 	Display Frame 0
557.0614 	EXP 	Display Frame 1
557.1864 	EXP 	Display Frame 0
557.3115 	EXP 	Display Frame 1
557.4365 	EXP 	Display Frame 0
557.5614 	EXP 	Display Frame 1
557.6865 	EXP 	Display Frame 0
557.8113 	EXP 	Display Frame 1
557.9364 	EXP 	Display Frame 0
558.0615 	EXP 	Display Frame 1
558.1864 	EXP 	Display Frame 0
558.3113 	EXP 	Display Frame 1
558.4365 	EXP 	Display Frame 0
558.5620 	EXP 	Display Frame 1
558.6864 	DATA 	Keypress: equal
558.6885 	EXP 	Display Frame 0
558.8113 	EXP 	Display Frame 1
558.9364 	EXP 	Display Frame 0
559.0615 	EXP 	Display Frame 1
559.1864 	EXP 	Display Frame 0
559.3114 	EXP 	Display Frame 1
559.4365 	EXP 	Display Frame 0
559.5614 	EXP 	Display Frame 1
559.6865 	EXP 	Display Frame 0
559.8114 	EXP 	Display Frame 1
559.9363 	EXP 	Display Frame 0
560.0614 	EXP 	Display Frame 1
560.1864 	DATA 	Keypress: equal
560.1885 	EXP 	Display Frame 0
560.3114 	EXP 	Display Frame 1
560.4365 	EXP 	Display Frame 0
560.5615 	EXP 	Display Frame 1
560.6865 	EXP 	Display Frame 0
560.8114 	EXP 	Display Frame 1
560.9365 	EXP 	Display Frame 0
561.0613 	EXP 	Display Frame 1
561.1866 	EXP 	Display Frame 0
561.3113 	EXP 	Display Frame 1
561.4364 	EXP 	Display Frame 0
561.5613 	EXP 	Display Frame 1
561.6865 	EXP 	Display Frame 0
561.8114 	EXP 	Display Frame 1
561.9364 	EXP 	Display Frame 0
562.0615 	EXP 	Display Frame 1
562.1863 	DATA 	Keypress: equal
562.1883 	EXP 	Display Frame 0
562.3112 	EXP 	Display Frame 1
562.4365 	EXP 	Display Frame 0
562.5615 	EXP 	Display Frame 1
562.6865 	EXP 	Display Frame 0
562.8114 	EXP 	Display Frame 1
562.9365 	EXP 	Display Frame 0
563.0614 	EXP 	Display Frame 1
563.1863 	EXP 	Display Frame 0
563.3114 	EXP 	Display Frame 1
563.4365 	EXP 	Display Frame 0
563.5614 	EXP 	Display Frame 1
563.6858 	DATA 	Keypress: equal
563.6877 	EXP 	Display Frame 0
563.8113 	EXP 	Display Frame 1
563.9363 	EXP 	Display Frame 0
564.0614 	EXP 	Display Frame 1
564.1865 	EXP 	Display Frame 0
564.3113 	EXP 	Display Frame 1
564.4366 	EXP 	Display Frame 0
564.5614 	EXP 	Display Frame 1
564.6865 	EXP 	Display Frame 0
564.8114 	EXP 	Display Frame 1
564.9365 	EXP 	Display Frame 0
565.0615 	EXP 	Display Frame 1
565.1863 	EXP 	Display Frame 0
565.3114 	EXP 	Display Frame 1
565.4367 	EXP 	Display Frame 0
565.5610 	EXP 	Display Frame 1
565.6863 	DATA 	Keypress: equal
565.6883 	EXP 	Display Frame 0
565.8114 	EXP 	Display Frame 1
565.9365 	EXP 	Display Frame 0
566.0614 	EXP 	Display Frame 1
566.1864 	EXP 	Display Frame 0
566.3114 	EXP 	Display Frame 1
566.4365 	EXP 	Display Frame 0
566.5614 	EXP 	Display Frame 1
566.6864 	EXP 	Display Frame 0
566.8115 	EXP 	Display Frame 1
566.9365 	EXP 	Display Frame 0
567.0614 	EXP 	Display Frame 1
567.1863 	DATA 	Keypress: equal
567.1882 	EXP 	Display Frame 0
567.3114 	EXP 	Display Frame 1
567.4365 	EXP 	Display Frame 0
567.5614 	EXP 	Display Frame 1
567.6866 	EXP 	Display Frame 0
567.8113 	EXP 	Display Frame 1
567.9362 	EXP 	Display Frame 0
568.0615 	EXP 	Display Frame 1
568.1865 	EXP 	Display Frame 0
568.3114 	EXP 	Display Frame 1
568.4367 	EXP 	Display Frame 0
568.5614 	EXP 	Display Frame 1
568.6865 	EXP 	Display Frame 0
568.8115 	EXP 	Display Frame 1
568.9365 	EXP 	Display Frame 0
569.0613 	EXP 	Display Frame 1
569.1860 	DATA 	Keypress: equal
569.1877 	EXP 	Display Frame 0
569.3115 	EXP 	Display Frame 1
569.4363 	EXP 	Display Frame 0
569.5614 	EXP 	Display Frame 1
569.6864 	EXP 	Display Frame 0
569.8115 	EXP 	Display Frame 1
569.9365 	EXP 	Display Frame 0
570.0615 	EXP 	Display Frame 1
570.1864 	EXP 	Display Frame 0
570.3113 	EXP 	Display Frame 1
570.4365 	EXP 	Display Frame 0
570.5615 	EXP 	Display Frame 1
570.6856 	DATA 	Keypress: equal
570.6875 	EXP 	Display Frame 0
570.8112 	EXP 	Display Frame 1
570.9365 	EXP 	Display Frame 0
571.0611 	EXP 	Display Frame 1
571.1864 	EXP 	Display Frame 0
571.3114 	EXP 	Display Frame 1
571.4366 	EXP 	Display Frame 0
571.5614 	EXP 	Display Frame 1
571.6865 	EXP 	Display Frame 0
571.8114 	EXP 	Display Frame 1
571.9363 	EXP 	Display Frame 0
572.0615 	EXP 	Display Frame 1
572.1865 	EXP 	Display Frame 0
572.3114 	EXP 	Display Frame 1
572.4365 	EXP 	Display Frame 0
572.5615 	EXP 	Display Frame 1
572.6859 	DATA 	Keypress: equal
572.6877 	EXP 	Display Frame 0
572.8116 	EXP 	Display Frame 1
572.9365 	EXP 	Display Frame 0
573.0615 	EXP 	Display Frame 1
573.1863 	EXP 	Display Frame 0
573.3115 	EXP 	Display Frame 1
573.4365 	EXP 	Display Frame 0
573.5614 	EXP 	Display Frame 1
573.6864 	EXP 	Display Frame 0
573.8114 	EXP 	Display Frame 1
573.9365 	EXP 	Display Frame 0
574.0615 	EXP 	Display Frame 1
574.1857 	DATA 	Keypress: equal
574.1875 	EXP 	Display Frame 0
574.3112 	EXP 	Display Frame 1
574.4365 	EXP 	Display Frame 0
574.5615 	EXP 	Display Frame 1
574.6865 	EXP 	Display Frame 0
574.8116 	EXP 	Display Frame 1
574.9365 	EXP 	Display Frame 0
575.0613 	EXP 	Display Frame 1
575.1867 	EXP 	Display Frame 0
575.3115 	EXP 	Display Frame 1
575.4365 	EXP 	Display Frame 0
575.5614 	EXP 	Display Frame 1
575.6865 	EXP 	Display Frame 0
575.8113 	EXP 	Display Frame 1
575.9364 	EXP 	Display Frame 0
576.0614 	EXP 	Display Frame 1
576.1856 	DATA 	Keypress: equal
576.1874 	EXP 	Display Frame 0
576.3112 	EXP 	Display Frame 1
576.4367 	EXP 	Display Frame 0
576.5614 	EXP 	Display Frame 1
576.6865 	EXP 	Display Frame 0
576.8119 	EXP 	Display Frame 1
576.9365 	EXP 	Display Frame 0
577.0613 	EXP 	Display Frame 1
577.1867 	EXP 	Display Frame 0
577.3113 	EXP 	Display Frame 1
577.4364 	EXP 	Display Frame 0
577.5613 	EXP 	Display Frame 1
577.6863 	DATA 	Keypress: equal
577.6883 	EXP 	Display Frame 0
577.8114 	EXP 	Display Frame 1
577.9362 	EXP 	Display Frame 0
578.0615 	EXP 	Display Frame 1
578.1865 	EXP 	Display Frame 0
578.3114 	EXP 	Display Frame 1
578.4365 	EXP 	Display Frame 0
578.5614 	EXP 	Display Frame 1
578.6887 	EXP 	Display Frame 0
578.8114 	EXP 	Display Frame 1
578.9365 	EXP 	Display Frame 0
579.0614 	EXP 	Display Frame 1
579.1864 	EXP 	Display Frame 0
579.3114 	EXP 	Display Frame 1
579.4363 	EXP 	Display Frame 0
579.5612 	EXP 	Display Frame 1
579.6863 	DATA 	Keypress: equal
579.6883 	EXP 	Display Frame 0
579.8113 	EXP 	Display Frame 1
579.9364 	EXP 	Display Frame 0
580.0613 	EXP 	Display Frame 1
580.1866 	EXP 	Display Frame 0
580.3114 	EXP 	Display Frame 1
580.4363 	EXP 	Display Frame 0
580.5614 	EXP 	Display Frame 1
580.6865 	EXP 	Display Frame 0
580.8114 	EXP 	Display Frame 1
580.9365 	EXP 	Display Frame 0
581.0614 	EXP 	Display Frame 1
581.1857 	DATA 	Keypress: equal
581.1875 	EXP 	Display Frame 0
581.3116 	EXP 	Display Frame 1
581.4364 	EXP 	Display Frame 0
581.5615 	EXP 	Display Frame 1
581.6863 	EXP 	Display Frame 0
581.8113 	EXP 	Display Frame 1
581.9364 	EXP 	Display Frame 0
582.0614 	EXP 	Display Frame 1
582.1865 	EXP 	Display Frame 0
582.3114 	EXP 	Display Frame 1
582.4361 	EXP 	Display Frame 0
582.5615 	EXP 	Display Frame 1
582.6862 	EXP 	Display Frame 0
582.8112 	EXP 	Display Frame 1
582.9365 	EXP 	Display Frame 0
583.0614 	EXP 	Display Frame 1
583.1864 	DATA 	Keypress: equal
583.1884 	EXP 	Display Frame 0
583.1907 	EXP 	Display Fixation
584.6646 	DATA 	Keypress: equal
586.6754 	DATA 	Keypress: equal
588.1641 	DATA 	Keypress: equal
590.1759 	DATA 	Keypress: equal
591.6637 	DATA 	Keypress: equal
593.6748 	DATA 	Keypress: equal
595.1626 	DATA 	Keypress: equal
597.1736 	DATA 	Keypress: equal
598.6618 	DATA 	Keypress: equal
600.6732 	DATA 	Keypress: equal
602.1607 	DATA 	Keypress: equal
604.1719 	DATA 	Keypress: equal
605.6596 	DATA 	Keypress: equal
607.6713 	DATA 	Keypress: equal
609.1587 	DATA 	Keypress: equal
611.1711 	DATA 	Keypress: equal
612.6581 	DATA 	Keypress: equal
614.6703 	DATA 	Keypress: equal
616.1573 	DATA 	Keypress: equal
618.1686 	DATA 	Keypress: equal
618.2959 	EXP 	Display Frame 1
618.4201 	EXP 	Display Frame 0
618.5453 	EXP 	Display Frame 1
618.6704 	EXP 	Display Frame 0
618.7954 	EXP 	Display Frame 1
618.9202 	EXP 	Display Frame 0
619.0456 	EXP 	Display Frame 1
619.1704 	EXP 	Display Frame 0
619.2955 	EXP 	Display Frame 1
619.4203 	EXP 	Display Frame 0
619.5455 	EXP 	Display Frame 1
619.6701 	DATA 	Keypress: equal
619.6720 	EXP 	Display Frame 0
619.7956 	EXP 	Display Frame 1
619.9202 	EXP 	Display Frame 0
620.0455 	EXP 	Display Frame 1
620.1702 	EXP 	Display Frame 0
620.2951 	EXP 	Display Frame 1
620.4203 	EXP 	Display Frame 0
620.5456 	EXP 	Display Frame 1
620.6703 	EXP 	Display Frame 0
620.7954 	EXP 	Display Frame 1
620.9210 	EXP 	Display Frame 0
621.0456 	EXP 	Display Frame 1
621.1703 	EXP 	Display Frame 0
621.2951 	EXP 	Display Frame 1
621.4203 	EXP 	Display Frame 0
621.5452 	EXP 	Display Frame 1
621.6701 	DATA 	Keypress: equal
621.6720 	EXP 	Display Frame 0
621.7954 	EXP 	Display Frame 1
621.9202 	EXP 	Display Frame 0
622.0454 	EXP 	Display Frame 1
622.1702 	EXP 	Display Frame 0
622.2955 	EXP 	Display Frame 1
622.4204 	EXP 	Display Frame 0
622.5455 	EXP 	Display Frame 1
622.6701 	EXP 	Display Frame 0
622.7955 	EXP 	Display Frame 1
622.9201 	EXP 	Display Frame 0
623.0456 	EXP 	Display Frame 1
623.1703 	DATA 	Keypress: equal
623.1723 	EXP 	Display Frame 0
623.2950 	EXP 	Display Frame 1
623.4203 	EXP 	Display Frame 0
623.5449 	EXP 	Display Frame 1
623.6701 	EXP 	Display Frame 0
623.7951 	EXP 	Display Frame 1
623.9204 	EXP 	Display Frame 0
624.0452 	EXP 	Display Frame 1
624.1702 	EXP 	Display Frame 0
624.2956 	EXP 	Display Frame 1
624.4204 	EXP 	Display Frame 0
624.5454 	EXP 	Display Frame 1
624.6704 	EXP 	Display Frame 0
624.7955 	EXP 	Display Frame 1
624.9203 	EXP 	Display Frame 0
625.0454 	EXP 	Display Frame 1
625.1700 	DATA 	Keypress: equal
625.1716 	EXP 	Display Frame 0
625.2952 	EXP 	Display Frame 1
625.4204 	EXP 	Display Frame 0
625.5455 	EXP 	Display Frame 1
625.6704 	EXP 	Display Frame 0
625.7950 	EXP 	Display Frame 1
625.9203 	EXP 	Display Frame 0
626.0455 	EXP 	Display Frame 1
626.1701 	EXP 	Display Frame 0
626.2956 	EXP 	Display Frame 1
626.4203 	EXP 	Display Frame 0
626.5451 	EXP 	Display Frame 1
626.6702 	DATA 	Keypress: equal
626.6716 	EXP 	Display Frame 0
626.7952 	EXP 	Display Frame 1
626.9205 	EXP 	Display Frame 0
627.0455 	EXP 	Display Frame 1
627.1705 	EXP 	Display Frame 0
627.2956 	EXP 	Display Frame 1
627.4203 	EXP 	Display Frame 0
627.5455 	EXP 	Display Frame 1
627.6701 	EXP 	Display Frame 0
627.7955 	EXP 	Display Frame 1
627.9201 	EXP 	Display Frame 0
628.0452 	EXP 	Display Frame 1
628.1704 	EXP 	Display Frame 0
628.2955 	EXP 	Display Frame 1
628.4203 	EXP 	Display Frame 0
628.5455 	EXP 	Display Frame 1
628.6702 	DATA 	Keypress: equal
628.6721 	EXP 	Display Frame 0
628.7956 	EXP 	Display Frame 1
628.9203 	EXP 	Display Frame 0
629.0460 	EXP 	Display Frame 1
629.1703 	EXP 	Display Frame 0
629.2951 	EXP 	Display Frame 1
629.4203 	EXP 	Display Frame 0
629.5456 	EXP 	Display Frame 1
629.6703 	EXP 	Display Frame 0
629.7951 	EXP 	Display Frame 1
629.9203 	EXP 	Display Frame 0
630.0455 	EXP 	Display Frame 1
630.1702 	DATA 	Keypress: equal
630.1720 	EXP 	Display Frame 0
630.2952 	EXP 	Display Frame 1
630.4203 	EXP 	Display Frame 0
630.5451 	EXP 	Display Frame 1
630.6701 	EXP 	Display Frame 0
630.7955 	EXP 	Display Frame 1
630.9204 	EXP 	Display Frame 0
631.0450 	EXP 	Display Frame 1
631.1701 	EXP 	Display Frame 0
631.2952 	EXP 	Display Frame 1
631.4204 	EXP 	Display Frame 0
631.5456 	EXP 	Display Frame 1
631.6702 	EXP 	Display Frame 0
631.7952 	EXP 	Display Frame 1
631.9202 	EXP 	Display Frame 0
632.0456 	EXP 	Display Frame 1
632.1702 	DATA 	Keypress: equal
632.1722 	EXP 	Display Frame 0
632.2952 	EXP 	Display Frame 1
632.4202 	EXP 	Display Frame 0
632.5456 	EXP 	Display Frame 1
632.6701 	EXP 	Display Frame 0
632.7952 	EXP 	Display Frame 1
632.9202 	EXP 	Display Frame 0
633.0455 	EXP 	Display Frame 1
633.1704 	EXP 	Display Frame 0
633.2955 	EXP 	Display Frame 1
633.4203 	EXP 	Display Frame 0
633.5455 	EXP 	Display Frame 1
633.6702 	DATA 	Keypress: equal
633.6723 	EXP 	Display Frame 0
633.7952 	EXP 	Display Frame 1
633.9203 	EXP 	Display Frame 0
634.0455 	EXP 	Display Frame 1
634.1705 	EXP 	Display Frame 0
634.2955 	EXP 	Display Frame 1
634.4203 	EXP 	Display Frame 0
634.5452 	EXP 	Display Frame 1
634.6703 	EXP 	Display Frame 0
634.7955 	EXP 	Display Frame 1
634.9204 	EXP 	Display Frame 0
635.0455 	EXP 	Display Frame 1
635.1703 	EXP 	Display Frame 0
635.2955 	EXP 	Display Frame 1
635.4204 	EXP 	Display Frame 0
635.5457 	EXP 	Display Frame 1
635.6701 	DATA 	Keypress: equal
635.6722 	EXP 	Display Frame 0
635.7952 	EXP 	Display Frame 1
635.9201 	EXP 	Display Frame 0
636.0452 	EXP 	Display Frame 1
636.1700 	EXP 	Display Frame 0
636.2951 	EXP 	Display Frame 1
636.4203 	EXP 	Display Frame 0
636.5452 	EXP 	Display Frame 1
636.6704 	EXP 	Display Frame 0
636.7954 	EXP 	Display Frame 1
636.9204 	EXP 	Display Frame 0
637.0455 	EXP 	Display Frame 1
637.1697 	DATA 	Keypress: equal
637.1711 	EXP 	Display Frame 0
637.2950 	EXP 	Display Frame 1
637.4203 	EXP 	Display Frame 0
637.5452 	EXP 	Display Frame 1
637.6700 	EXP 	Display Frame 0
637.7951 	EXP 	Display Frame 1
637.9201 	EXP 	Display Frame 0
638.0455 	EXP 	Display Frame 1
638.1704 	EXP 	Display Frame 0
638.2955 	EXP 	Display Frame 1
638.4203 	EXP 	Display Frame 0
638.5453 	EXP 	Display Frame 1
638.6705 	EXP 	Display Frame 0
638.7955 	EXP 	Display Frame 1
638.9202 	EXP 	Display Frame 0
639.0455 	EXP 	Display Frame 1
639.1701 	DATA 	Keypress: equal
639.1715 	EXP 	Display Frame 0
639.2950 	EXP 	Display Frame 1
639.4202 	EXP 	Display Frame 0
639.5451 	EXP 	Display Frame 1
639.6704 	EXP 	Display Frame 0
639.7955 	EXP 	Display Frame 1
639.9202 	EXP 	Display Frame 0
640.0455 	EXP 	Display Frame 1
640.1704 	EXP 	Display Frame 0
640.2955 	EXP 	Display Frame 1
640.4202 	EXP 	Display Frame 0
640.5455 	EXP 	Display Frame 1
640.6701 	DATA 	Keypress: equal
640.6719 	EXP 	Display Frame 0
640.7952 	EXP 	Display Frame 1
640.9202 	EXP 	Display Frame 0
641.0454 	EXP 	Display Frame 1
641.1701 	EXP 	Display Frame 0
641.2951 	EXP 	Display Frame 1
641.4202 	EXP 	Display Frame 0
641.5456 	EXP 	Display Frame 1
641.6703 	EXP 	Display Frame 0
641.7955 	EXP 	Display Frame 1
641.9204 	EXP 	Display Frame 0
642.0455 	EXP 	Display Frame 1
642.1703 	EXP 	Display Frame 0
642.2955 	EXP 	Display Frame 1
642.4204 	EXP 	Display Frame 0
642.5453 	EXP 	Display Frame 1
642.6699 	DATA 	Keypress: equal
642.6714 	EXP 	Display Frame 0
642.7951 	EXP 	Display Frame 1
642.9201 	EXP 	Display Frame 0
643.0456 	EXP 	Display Frame 1
643.1704 	EXP 	Display Frame 0
643.2955 	EXP 	Display Frame 1
643.4204 	EXP 	Display Frame 0
643.5456 	EXP 	Display Frame 1
643.6704 	EXP 	Display Frame 0
643.7955 	EXP 	Display Frame 1
643.9204 	EXP 	Display Frame 0
644.0455 	EXP 	Display Frame 1
644.1695 	DATA 	Keypress: equal
644.1708 	EXP 	Display Frame 0
644.2952 	EXP 	Display Frame 1
644.4204 	EXP 	Display Frame 0
644.5456 	EXP 	Display Frame 1
644.6704 	EXP 	Display Frame 0
644.7952 	EXP 	Display Frame 1
644.9202 	EXP 	Display Frame 0
645.0455 	EXP 	Display Frame 1
645.1704 	EXP 	Display Frame 0
645.2952 	EXP 	Display Frame 1
645.4204 	EXP 	Display Frame 0
645.5455 	EXP 	Display Frame 1
645.6704 	EXP 	Display Frame 0
645.7956 	EXP 	Display Frame 1
645.9203 	EXP 	Display Frame 0
646.0452 	EXP 	Display Frame 1
646.1697 	DATA 	Keypress: equal
646.1712 	EXP 	Display Frame 0
646.2952 	EXP 	Display Frame 1
646.4201 	EXP 	Display Frame 0
646.5457 	EXP 	Display Frame 1
646.6703 	EXP 	Display Frame 0
646.7952 	EXP 	Display Frame 1
646.9203 	EXP 	Display Frame 0
647.0455 	EXP 	Display Frame 1
647.1704 	EXP 	Display Frame 0
647.2955 	EXP 	Display Frame 1
647.4208 	EXP 	Display Frame 0
647.5455 	EXP 	Display Frame 1
647.6701 	DATA 	Keypress: equal
647.6715 	EXP 	Display Frame 0
647.7952 	EXP 	Display Frame 1
647.9202 	EXP 	Display Frame 0
648.0451 	EXP 	Display Frame 1
648.1700 	EXP 	Display Frame 0
648.2955 	EXP 	Display Frame 1
648.4204 	EXP 	Display Frame 0
648.5455 	EXP 	Display Frame 1
648.6704 	EXP 	Display Frame 0
648.7953 	EXP 	Display Frame 1
648.9203 	EXP 	Display Frame 0
649.0455 	EXP 	Display Frame 1
649.1702 	EXP 	Display Frame 0
649.2949 	EXP 	Display Frame 1
649.4200 	EXP 	Display Frame 0
649.5503 	EXP 	Display Frame 1
649.6698 	DATA 	Keypress: equal
649.6713 	EXP 	Display Frame 0
649.7950 	EXP 	Display Frame 1
649.9202 	EXP 	Display Frame 0
650.0458 	EXP 	Display Frame 1
650.1703 	EXP 	Display Frame 0
650.2952 	EXP 	Display Frame 1
650.4204 	EXP 	Display Frame 0
650.5455 	EXP 	Display Frame 1
650.6700 	EXP 	Display Frame 0
650.7949 	EXP 	Display Frame 1
650.9202 	EXP 	Display Frame 0
651.0455 	EXP 	Display Frame 1
651.1702 	DATA 	Keypress: equal
651.1723 	EXP 	Display Frame 0
651.2951 	EXP 	Display Frame 1
651.4204 	EXP 	Display Frame 0
651.5455 	EXP 	Display Frame 1
651.6703 	EXP 	Display Frame 0
651.7956 	EXP 	Display Frame 1
651.9202 	EXP 	Display Frame 0
652.0450 	EXP 	Display Frame 1
652.1702 	EXP 	Display Frame 0
652.2955 	EXP 	Display Frame 1
652.4204 	EXP 	Display Frame 0
652.5450 	EXP 	Display Frame 1
652.6704 	EXP 	Display Frame 0
652.7955 	EXP 	Display Frame 1
652.9204 	EXP 	Display Frame 0
653.0455 	EXP 	Display Frame 1
653.1702 	DATA 	Keypress: equal
653.1721 	EXP 	Display Frame 0
653.1742 	EXP 	Display Fixation
654.6495 	DATA 	Keypress: equal
656.6603 	DATA 	Keypress: equal
658.1473 	DATA 	Keypress: equal
660.1589 	DATA 	Keypress: equal
661.6474 	DATA 	Keypress: equal
663.6582 	DATA 	Keypress: equal
665.1459 	DATA 	Keypress: equal
667.1578 	DATA 	Keypress: equal
668.6465 	DATA 	Keypress: equal
670.6573 	DATA 	Keypress: equal
672.1450 	DATA 	Keypress: equal
674.1553 	DATA 	Keypress: equal
675.6445 	DATA 	Keypress: equal
677.6550 	DATA 	Keypress: equal
679.1434 	DATA 	Keypress: equal
681.1541 	DATA 	Keypress: equal
682.6424 	DATA 	Keypress: equal
684.6535 	DATA 	Keypress: equal
686.1410 	DATA 	Keypress: equal
688.1529 	DATA 	Keypress: equal
688.2798 	EXP 	Display Frame 1
688.4052 	EXP 	Display Frame 0
688.5296 	EXP 	Display Frame 1
688.6545 	EXP 	Display Frame 0
688.7794 	EXP 	Display Frame 1
688.9046 	EXP 	Display Frame 0
689.0294 	EXP 	Display Frame 1
689.1541 	EXP 	Display Frame 0
689.2797 	EXP 	Display Frame 1
689.4045 	EXP 	Display Frame 0
689.5296 	EXP 	Display Frame 1
689.6544 	DATA 	Keypress: equal
689.6561 	EXP 	Display Frame 0
689.7796 	EXP 	Display Frame 1
689.9044 	EXP 	Display Frame 0
690.0299 	EXP 	Display Frame 1
690.1544 	EXP 	Display Frame 0
690.2796 	EXP 	Display Frame 1
690.4045 	EXP 	Display Frame 0
690.5296 	EXP 	Display Frame 1
690.6545 	EXP 	Display Frame 0
690.7797 	EXP 	Display Frame 1
690.9045 	EXP 	Display Frame 0
691.0294 	EXP 	Display Frame 1
691.1545 	EXP 	Display Frame 0
691.2796 	EXP 	Display Frame 1
691.4045 	EXP 	Display Frame 0
691.5296 	EXP 	Display Frame 1
691.6544 	DATA 	Keypress: equal
691.6562 	EXP 	Display Frame 0
691.7796 	EXP 	Display Frame 1
691.9045 	EXP 	Display Frame 0
692.0296 	EXP 	Display Frame 1
692.1545 	EXP 	Display Frame 0
692.2796 	EXP 	Display Frame 1
692.4044 	EXP 	Display Frame 0
692.5291 	EXP 	Display Frame 1
692.6544 	EXP 	Display Frame 0
692.7797 	EXP 	Display Frame 1
692.9046 	EXP 	Display Frame 0
693.0296 	EXP 	Display Frame 1
693.1539 	DATA 	Keypress: equal
693.1552 	EXP 	Display Frame 0
693.2793 	EXP 	Display Frame 1
693.4043 	EXP 	Display Frame 0
693.5296 	EXP 	Display Frame 1
693.6544 	EXP 	Display Frame 0
693.7797 	EXP 	Display Frame 1
693.9045 	EXP 	Display Frame 0
694.0296 	EXP 	Display Frame 1
694.1545 	EXP 	Display Frame 0
694.2796 	EXP 	Display Frame 1
694.4044 	EXP 	Display Frame 0
694.5295 	EXP 	Display Frame 1
694.6545 	EXP 	Display Frame 0
694.7796 	EXP 	Display Frame 1
694.9045 	EXP 	Display Frame 0
695.0297 	EXP 	Display Frame 1
695.1544 	DATA 	Keypress: equal
695.1563 	EXP 	Display Frame 0
695.2795 	EXP 	Display Frame 1
695.4045 	EXP 	Display Frame 0
695.5295 	EXP 	Display Frame 1
695.6544 	EXP 	Display Frame 0
695.7797 	EXP 	Display Frame 1
695.9045 	EXP 	Display Frame 0
696.0296 	EXP 	Display Frame 1
696.1545 	EXP 	Display Frame 0
696.2797 	EXP 	Display Frame 1
696.4045 	EXP 	Display Frame 0
696.5300 	EXP 	Display Frame 1
696.6543 	DATA 	Keypress: equal
696.6561 	EXP 	Display Frame 0
696.7795 	EXP 	Display Frame 1
696.9044 	EXP 	Display Frame 0
697.0297 	EXP 	Display Frame 1
697.1545 	EXP 	Display Frame 0
697.2799 	EXP 	Display Frame 1
697.4045 	EXP 	Display Frame 0
697.5295 	EXP 	Display Frame 1
697.6544 	EXP 	Display Frame 0
697.7797 	EXP 	Display Frame 1
697.9044 	EXP 	Display Frame 0
698.0296 	EXP 	Display Frame 1
698.1546 	EXP 	Display Frame 0
698.2797 	EXP 	Display Frame 1
698.4044 	EXP 	Display Frame 0
698.5298 	EXP 	Display Frame 1
698.6539 	DATA 	Keypress: equal
698.6556 	EXP 	Display Frame 0
698.7795 	EXP 	Display Frame 1
698.9044 	EXP 	Display Frame 0
699.0296 	EXP 	Display Frame 1
699.1545 	EXP 	Display Frame 0
699.2793 	EXP 	Display Frame 1
699.4046 	EXP 	Display Frame 0
699.5295 	EXP 	Display Frame 1
699.6542 	EXP 	Display Frame 0
699.7795 	EXP 	Display Frame 1
699.9044 	EXP 	Display Frame 0
700.0295 	EXP 	Display Frame 1
700.1545 	DATA 	Keypress: equal
700.1567 	EXP 	Display Frame 0
700.2796 	EXP 	Display Frame 1
700.4045 	EXP 	Display Frame 0
700.5299 	EXP 	Display Frame 1
700.6546 	EXP 	Display Frame 0
700.7796 	EXP 	Display Frame 1
700.9044 	EXP 	Display Frame 0
701.0297 	EXP 	Display Frame 1
701.1545 	EXP 	Display Frame 0
701.2796 	EXP 	Display Frame 1
701.4045 	EXP 	Display Frame 0
701.5296 	EXP 	Display Frame 1
701.6544 	EXP 	Display Frame 0
701.7798 	EXP 	Display Frame 1
701.9044 	EXP 	Display Frame 0
702.0296 	EXP 	Display Frame 1
702.1543 	DATA 	Keypress: equal
702.1562 	EXP 	Display Frame 0
702.2795 	EXP 	Display Frame 1
702.4044 	EXP 	Display Frame 0
702.5296 	EXP 	Display Frame 1
702.6545 	EXP 	Display Frame 0
702.7797 	EXP 	Display Frame 1
702.9045 	EXP 	Display Frame 0
703.0300 	EXP 	Display Frame 1
703.1546 	EXP 	Display Frame 0
703.2797 	EXP 	Display Frame 1
703.4044 	EXP 	Display Frame 0
703.5297 	EXP 	Display Frame 1
703.6540 	DATA 	Keypress: equal
703.6558 	EXP 	Display Frame 0
703.7795 	EXP 	Display Frame 1
703.9045 	EXP 	Display Frame 0
704.0296 	EXP 	Display Frame 1
704.1544 	EXP 	Display Frame 0
704.2797 	EXP 	Display Frame 1
704.4045 	EXP 	Display Frame 0
704.5296 	EXP 	Display Frame 1
704.6545 	EXP 	Display Frame 0
704.7797 	EXP 	Display Frame 1
704.9045 	EXP 	Display Frame 0
705.0294 	EXP 	Display Frame 1
705.1543 	EXP 	Display Frame 0
705.2797 	EXP 	Display Frame 1
705.4043 	EXP 	Display Frame 0
705.5297 	EXP 	Display Frame 1
705.6544 	DATA 	Keypress: equal
705.6564 	EXP 	Display Frame 0
705.7796 	EXP 	Display Frame 1
705.9044 	EXP 	Display Frame 0
706.0296 	EXP 	Display Frame 1
706.1546 	EXP 	Display Frame 0
706.2798 	EXP 	Display Frame 1
706.4046 	EXP 	Display Frame 0
706.5296 	EXP 	Display Frame 1
706.6544 	EXP 	Display Frame 0
706.7796 	EXP 	Display Frame 1
706.9046 	EXP 	Display Frame 0
707.0297 	EXP 	Display Frame 1
707.1538 	DATA 	Keypress: equal
707.1557 	EXP 	Display Frame 0
707.2795 	EXP 	Display Frame 1
707.4045 	EXP 	Display Frame 0
707.5296 	EXP 	Display Frame 1
707.6545 	EXP 	Display Frame 0
707.7794 	EXP 	Display Frame 1
707.9044 	EXP 	Display Frame 0
708.0296 	EXP 	Display Frame 1
708.1546 	EXP 	Display Frame 0
708.2795 	EXP 	Display Frame 1
708.4045 	EXP 	Display Frame 0
708.5294 	EXP 	Display Frame 1
708.6545 	EXP 	Display Frame 0
708.7794 	EXP 	Display Frame 1
708.9046 	EXP 	Display Frame 0
709.0297 	EXP 	Display Frame 1
709.1543 	DATA 	Keypress: equal
709.1559 	EXP 	Display Frame 0
709.2795 	EXP 	Display Frame 1
709.4068 	EXP 	Display Frame 0
709.5297 	EXP 	Display Frame 1
709.6543 	EXP 	Display Frame 0
709.7794 	EXP 	Display Frame 1
709.9044 	EXP 	Display Frame 0
710.0298 	EXP 	Display Frame 1
710.1544 	EXP 	Display Frame 0
710.2796 	EXP 	Display Frame 1
710.4044 	EXP 	Display Frame 0
710.5295 	EXP 	Display Frame 1
710.6541 	DATA 	Keypress: equal
710.6557 	EXP 	Display Frame 0
710.7797 	EXP 	Display Frame 1
710.9045 	EXP 	Display Frame 0
711.0295 	EXP 	Display Frame 1
711.1545 	EXP 	Display Frame 0
711.2797 	EXP 	Display Frame 1
711.4046 	EXP 	Display Frame 0
711.5299 	EXP 	Display Frame 1
711.6545 	EXP 	Display Frame 0
711.7794 	EXP 	Display Frame 1
711.9041 	EXP 	Display Frame 0
712.0297 	EXP 	Display Frame 1
712.1546 	EXP 	Display Frame 0
712.2795 	EXP 	Display Frame 1
712.4045 	EXP 	Display Frame 0
712.5293 	EXP 	Display Frame 1
712.6542 	DATA 	Keypress: equal
712.6560 	EXP 	Display Frame 0
712.7797 	EXP 	Display Frame 1
712.9044 	EXP 	Display Frame 0
713.0297 	EXP 	Display Frame 1
713.1542 	EXP 	Display Frame 0
713.2795 	EXP 	Display Frame 1
713.4046 	EXP 	Display Frame 0
713.5300 	EXP 	Display Frame 1
713.6545 	EXP 	Display Frame 0
713.7795 	EXP 	Display Frame 1
713.9043 	EXP 	Display Frame 0
714.0297 	EXP 	Display Frame 1
714.1538 	DATA 	Keypress: equal
714.1557 	EXP 	Display Frame 0
714.2797 	EXP 	Display Frame 1
714.4045 	EXP 	Display Frame 0
714.5295 	EXP 	Display Frame 1
714.6546 	EXP 	Display Frame 0
714.7795 	EXP 	Display Frame 1
714.9046 	EXP 	Display Frame 0
715.0295 	EXP 	Display Frame 1
715.1544 	EXP 	Display Frame 0
715.2797 	EXP 	Display Frame 1
715.4046 	EXP 	Display Frame 0
715.5299 	EXP 	Display Frame 1
715.6545 	EXP 	Display Frame 0
715.7798 	EXP 	Display Frame 1
715.9043 	EXP 	Display Frame 0
716.0296 	EXP 	Display Frame 1
716.1543 	DATA 	Keypress: equal
716.1563 	EXP 	Display Frame 0
716.2796 	EXP 	Display Frame 1
716.4044 	EXP 	Display Frame 0
716.5297 	EXP 	Display Frame 1
716.6545 	EXP 	Display Frame 0
716.7798 	EXP 	Display Frame 1
716.9045 	EXP 	Display Frame 0
717.0294 	EXP 	Display Frame 1
717.1542 	EXP 	Display Frame 0
717.2795 	EXP 	Display Frame 1
717.4046 	EXP 	Display Frame 0
717.5295 	EXP 	Display Frame 1
717.6539 	DATA 	Keypress: equal
717.6556 	EXP 	Display Frame 0
717.7796 	EXP 	Display Frame 1
717.9043 	EXP 	Display Frame 0
718.0296 	EXP 	Display Frame 1
718.1545 	EXP 	Display Frame 0
718.2795 	EXP 	Display Frame 1
718.4046 	EXP 	Display Frame 0
718.5295 	EXP 	Display Frame 1
718.6546 	EXP 	Display Frame 0
718.7794 	EXP 	Display Frame 1
718.9045 	EXP 	Display Frame 0
719.0295 	EXP 	Display Frame 1
719.1541 	EXP 	Display Frame 0
719.2795 	EXP 	Display Frame 1
719.4046 	EXP 	Display Frame 0
719.5295 	EXP 	Display Frame 1
719.6539 	DATA 	Keypress: equal
719.6557 	EXP 	Display Frame 0
719.7797 	EXP 	Display Frame 1
719.9043 	EXP 	Display Frame 0
720.0295 	EXP 	Display Frame 1
720.1545 	EXP 	Display Frame 0
720.2795 	EXP 	Display Frame 1
720.4045 	EXP 	Display Frame 0
720.5297 	EXP 	Display Frame 1
720.6546 	EXP 	Display Frame 0
720.7795 	EXP 	Display Frame 1
720.9045 	EXP 	Display Frame 0
721.0292 	EXP 	Display Frame 1
721.1541 	DATA 	Keypress: equal
721.1556 	EXP 	Display Frame 0
721.2796 	EXP 	Display Frame 1
721.4044 	EXP 	Display Frame 0
721.5297 	EXP 	Display Frame 1
721.6544 	EXP 	Display Frame 0
721.7796 	EXP 	Display Frame 1
721.9044 	EXP 	Display Frame 0
722.0298 	EXP 	Display Frame 1
722.1545 	EXP 	Display Frame 0
722.2794 	EXP 	Display Frame 1
722.4052 	EXP 	Display Frame 0
722.5298 	EXP 	Display Frame 1
722.6544 	EXP 	Display Frame 0
722.7796 	EXP 	Display Frame 1
722.9045 	EXP 	Display Frame 0
723.0294 	EXP 	Display Frame 1
723.1546 	DATA 	Keypress: equal
723.1565 	EXP 	Display Frame 0
723.1642 	EXP 	Display Fixation
724.6322 	DATA 	Keypress: equal
726.6444 	DATA 	Keypress: equal
728.1324 	DATA 	Keypress: equal
730.1440 	DATA 	Keypress: equal
731.6312 	DATA 	Keypress: equal
733.6424 	DATA 	Keypress: equal
735.1302 	DATA 	Keypress: equal
737.1413 	DATA 	Keypress: equal
738.6293 	DATA 	Keypress: equal
740.6406 	DATA 	Keypress: equal
742.1282 	DATA 	Keypress: equal
744.1404 	DATA 	Keypress: equal
745.6282 	DATA 	Keypress: equal
747.6393 	DATA 	Keypress: equal
749.1276 	DATA 	Keypress: equal
751.1387 	DATA 	Keypress: equal
752.6262 	DATA 	Keypress: equal
754.6376 	DATA 	Keypress: equal
756.1254 	DATA 	Keypress: equal
758.1365 	DATA 	Keypress: equal
758.2635 	EXP 	Display Frame 1
758.3883 	EXP 	Display Frame 0
758.5132 	EXP 	Display Frame 1
758.6381 	EXP 	Display Frame 0
758.7632 	EXP 	Display Frame 1
758.8883 	EXP 	Display Frame 0
759.0134 	EXP 	Display Frame 1
759.1381 	EXP 	Display Frame 0
759.2634 	EXP 	Display Frame 1
759.3883 	EXP 	Display Frame 0
759.5133 	EXP 	Display Frame 1
759.6380 	DATA 	Keypress: equal
759.6401 	EXP 	Display Frame 0
759.7634 	EXP 	Display Frame 1
759.8881 	EXP 	Display Frame 0
760.0136 	EXP 	Display Frame 1
760.1382 	EXP 	Display Frame 0
760.2634 	EXP 	Display Frame 1
760.3881 	EXP 	Display Frame 0
760.5134 	EXP 	Display Frame 1
760.6382 	EXP 	Display Frame 0
760.7633 	EXP 	Display Frame 1
760.8883 	EXP 	Display Frame 0
761.0135 	EXP 	Display Frame 1
761.1383 	EXP 	Display Frame 0
761.2634 	EXP 	Display Frame 1
761.3882 	EXP 	Display Frame 0
761.5133 	EXP 	Display Frame 1
761.6375 	DATA 	Keypress: equal
761.6393 	EXP 	Display Frame 0
761.7633 	EXP 	Display Frame 1
761.8880 	EXP 	Display Frame 0
762.0134 	EXP 	Display Frame 1
762.1382 	EXP 	Display Frame 0
762.2633 	EXP 	Display Frame 1
762.3885 	EXP 	Display Frame 0
762.5134 	EXP 	Display Frame 1
762.6381 	EXP 	Display Frame 0
762.7634 	EXP 	Display Frame 1
762.8883 	EXP 	Display Frame 0
763.0131 	EXP 	Display Frame 1
763.1379 	DATA 	Keypress: equal
763.1394 	EXP 	Display Frame 0
763.2633 	EXP 	Display Frame 1
763.3881 	EXP 	Display Frame 0
763.5134 	EXP 	Display Frame 1
763.6383 	EXP 	Display Frame 0
763.7631 	EXP 	Display Frame 1
763.8889 	EXP 	Display Frame 0
764.0131 	EXP 	Display Frame 1
764.1381 	EXP 	Display Frame 0
764.2633 	EXP 	Display Frame 1
764.3881 	EXP 	Display Frame 0
764.5135 	EXP 	Display Frame 1
764.6382 	EXP 	Display Frame 0
764.7634 	EXP 	Display Frame 1
764.8883 	EXP 	Display Frame 0
765.0134 	EXP 	Display Frame 1
765.1379 	DATA 	Keypress: equal
765.1397 	EXP 	Display Frame 0
765.2633 	EXP 	Display Frame 1
765.3881 	EXP 	Display Frame 0
765.5134 	EXP 	Display Frame 1
765.6381 	EXP 	Display Frame 0
765.7634 	EXP 	Display Frame 1
765.8882 	EXP 	Display Frame 0
766.0134 	EXP 	Display Frame 1
766.1382 	EXP 	Display Frame 0
766.2634 	EXP 	Display Frame 1
766.3881 	EXP 	Display Frame 0
766.5133 	EXP 	Display Frame 1
766.6376 	DATA 	Keypress: equal
766.6395 	EXP 	Display Frame 0
766.7632 	EXP 	Display Frame 1
766.8881 	EXP 	Display Frame 0
767.0134 	EXP 	Display Frame 1
767.1382 	EXP 	Display Frame 0
767.2631 	EXP 	Display Frame 1
767.3883 	EXP 	Display Frame 0
767.5134 	EXP 	Display Frame 1
767.6381 	EXP 	Display Frame 0
767.7634 	EXP 	Display Frame 1
767.8881 	EXP 	Display Frame 0
768.0133 	EXP 	Display Frame 1
768.1383 	EXP 	Display Frame 0
768.2634 	EXP 	Display Frame 1
768.3882 	EXP 	Display Frame 0
768.5136 	EXP 	Display Frame 1
768.6377 	DATA 	Keypress: equal
768.6393 	EXP 	Display Frame 0
768.7632 	EXP 	Display Frame 1
768.8881 	EXP 	Display Frame 0
769.0134 	EXP 	Display Frame 1
769.1448 	EXP 	Display Frame 0
769.2631 	EXP 	Display Frame 1
769.3881 	EXP 	Display Frame 0
769.5134 	EXP 	Display Frame 1
769.6383 	EXP 	Display Frame 0
769.7635 	EXP 	Display Frame 1
769.8881 	EXP 	Display Frame 0
770.0131 	EXP 	Display Frame 1
770.1380 	DATA 	Keypress: equal
770.1396 	EXP 	Display Frame 0
770.2633 	EXP 	Display Frame 1
770.3881 	EXP 	Display Frame 0
770.5134 	EXP 	Display Frame 1
770.6383 	EXP 	Display Frame 0
770.7634 	EXP 	Display Frame 1
770.8884 	EXP 	Display Frame 0
771.0134 	EXP 	Display Frame 1
771.1382 	EXP 	Display Frame 0
771.2634 	EXP 	Display Frame 1
771.3882 	EXP 	Display Frame 0
771.5134 	EXP 	Display Frame 1
771.6380 	EXP 	Display Frame 0
771.7634 	EXP 	Display Frame 1
771.8882 	EXP 	Display Frame 0
772.0134 	EXP 	Display Frame 1
772.1381 	DATA 	Keypress: equal
772.1402 	EXP 	Display Frame 0
772.2634 	EXP 	Display Frame 1
772.3881 	EXP 	Display Frame 0
772.5134 	EXP 	Display Frame 1
772.6381 	EXP 	Display Frame 0
772.7634 	EXP 	Display Frame 1
772.8881 	EXP 	Display Frame 0
773.0134 	EXP 	Display Frame 1
773.1382 	EXP 	Display Frame 0
773.2633 	EXP 	Display Frame 1
773.3883 	EXP 	Display Frame 0
773.5134 	EXP 	Display Frame 1
773.6375 	DATA 	Keypress: equal
773.6393 	EXP 	Display Frame 0
773.7632 	EXP 	Display Frame 1
773.8883 	EXP 	Display Frame 0
774.0134 	EXP 	Display Frame 1
774.1381 	EXP 	Display Frame 0
774.2634 	EXP 	Display Frame 1
774.3882 	EXP 	Display Frame 0
774.5134 	EXP 	Display Frame 1
774.6383 	EXP 	Display Frame 0
774.7634 	EXP 	Display Frame 1
774.8882 	EXP 	Display Frame 0
775.0134 	EXP 	Display Frame 1
775.1382 	EXP 	Display Frame 0
775.2634 	EXP 	Display Frame 1
775.3881 	EXP 	Display Frame 0
775.5134 	EXP 	Display Frame 1
775.6382 	DATA 	Keypress: equal
775.6401 	EXP 	Display Frame 0
775.7632 	EXP 	Display Frame 1
775.8882 	EXP 	Display Frame 0
776.0133 	EXP 	Display Frame 1
776.1382 	EXP 	Display Frame 0
776.2634 	EXP 	Display Frame 1
776.3882 	EXP 	Display Frame 0
776.5134 	EXP 	Display Frame 1
776.6383 	EXP 	Display Frame 0
776.7634 	EXP 	Display Frame 1
776.8883 	EXP 	Display Frame 0
777.0135 	EXP 	Display Frame 1
777.1378 	DATA 	Keypress: equal
777.1395 	EXP 	Display Frame 0
777.2632 	EXP 	Display Frame 1
777.3884 	EXP 	Display Frame 0
777.5133 	EXP 	Display Frame 1
777.6385 	EXP 	Display Frame 0
777.7632 	EXP 	Display Frame 1
777.8882 	EXP 	Display Frame 0
778.0133 	EXP 	Display Frame 1
778.1383 	EXP 	Display Frame 0
778.2635 	EXP 	Display Frame 1
778.3882 	EXP 	Display Frame 0
778.5134 	EXP 	Display Frame 1
778.6381 	EXP 	Display Frame 0
778.7634 	EXP 	Display Frame 1
778.8882 	EXP 	Display Frame 0
779.0132 	EXP 	Display Frame 1
779.1380 	DATA 	Keypress: equal
779.1398 	EXP 	Display Frame 0
779.2632 	EXP 	Display Frame 1
779.3880 	EXP 	Display Frame 0
779.5132 	EXP 	Display Frame 1
779.6382 	EXP 	Display Frame 0
779.7632 	EXP 	Display Frame 1
779.8879 	EXP 	Display Frame 0
780.0134 	EXP 	Display Frame 1
780.1383 	EXP 	Display Frame 0
780.2633 	EXP 	Display Frame 1
780.3881 	EXP 	Display Frame 0
780.5133 	EXP 	Display Frame 1
780.6378 	DATA 	Keypress: equal
780.6394 	EXP 	Display Frame 0
780.7632 	EXP 	Display Frame 1
780.8882 	EXP 	Display Frame 0
781.0133 	EXP 	Display Frame 1
781.1380 	EXP 	Display Frame 0
781.2634 	EXP 	Display Frame 1
781.3881 	EXP 	Display Frame 0
781.5134 	EXP 	Display Frame 1
781.6383 	EXP 	Display Frame 0
781.7634 	EXP 	Display Frame 1
781.8881 	EXP 	Display Frame 0
782.0135 	EXP 	Display Frame 1
782.1381 	EXP 	Display Frame 0
782.2634 	EXP 	Display Frame 1
782.3883 	EXP 	Display Frame 0
782.5132 	EXP 	Display Frame 1
782.6382 	DATA 	Keypress: equal
782.6401 	EXP 	Display Frame 0
782.7633 	EXP 	Display Frame 1
782.8882 	EXP 	Display Frame 0
783.0133 	EXP 	Display Frame 1
783.1381 	EXP 	Display Frame 0
783.2634 	EXP 	Display Frame 1
783.3882 	EXP 	Display Frame 0
783.5134 	EXP 	Display Frame 1
783.6383 	EXP 	Display Frame 0
783.7634 	EXP 	Display Frame 1
783.8881 	EXP 	Display Frame 0
784.0134 	EXP 	Display Frame 1
784.1387 	DATA 	Keypress: equal
784.1410 	EXP 	Display Frame 0
784.2634 	EXP 	Display Frame 1
784.3878 	EXP 	Display Frame 0
784.5134 	EXP 	Display Frame 1
784.6382 	EXP 	Display Frame 0
784.7633 	EXP 	Display Frame 1
784.8883 	EXP 	Display Frame 0
785.0133 	EXP 	Display Frame 1
785.1380 	EXP 	Display Frame 0
785.2635 	EXP 	Display Frame 1
785.3881 	EXP 	Display Frame 0
785.5133 	EXP 	Display Frame 1
785.6382 	EXP 	Display Frame 0
785.7635 	EXP 	Display Frame 1
785.8882 	EXP 	Display Frame 0
786.0133 	EXP 	Display Frame 1
786.1381 	DATA 	Keypress: equal
786.1398 	EXP 	Display Frame 0
786.2632 	EXP 	Display Frame 1
786.3881 	EXP 	Display Frame 0
786.5134 	EXP 	Display Frame 1
786.6382 	EXP 	Display Frame 0
786.7633 	EXP 	Display Frame 1
786.8883 	EXP 	Display Frame 0
787.0135 	EXP 	Display Frame 1
787.1381 	EXP 	Display Frame 0
787.2635 	EXP 	Display Frame 1
787.3883 	EXP 	Display Frame 0
787.5133 	EXP 	Display Frame 1
787.6376 	DATA 	Keypress: equal
787.6393 	EXP 	Display Frame 0
787.7634 	EXP 	Display Frame 1
787.8881 	EXP 	Display Frame 0
788.0133 	EXP 	Display Frame 1
788.1380 	EXP 	Display Frame 0
788.2634 	EXP 	Display Frame 1
788.3880 	EXP 	Display Frame 0
788.5135 	EXP 	Display Frame 1
788.6381 	EXP 	Display Frame 0
788.7634 	EXP 	Display Frame 1
788.8880 	EXP 	Display Frame 0
789.0132 	EXP 	Display Frame 1
789.1381 	EXP 	Display Frame 0
789.2632 	EXP 	Display Frame 1
789.3881 	EXP 	Display Frame 0
789.5135 	EXP 	Display Frame 1
789.6379 	DATA 	Keypress: equal
789.6396 	EXP 	Display Frame 0
789.7634 	EXP 	Display Frame 1
789.8881 	EXP 	Display Frame 0
790.0133 	EXP 	Display Frame 1
790.1380 	EXP 	Display Frame 0
790.2634 	EXP 	Display Frame 1
790.3881 	EXP 	Display Frame 0
790.5134 	EXP 	Display Frame 1
790.6381 	EXP 	Display Frame 0
790.7632 	EXP 	Display Frame 1
790.8881 	EXP 	Display Frame 0
791.0131 	EXP 	Display Frame 1
791.1378 	DATA 	Keypress: equal
791.1394 	EXP 	Display Frame 0
791.2631 	EXP 	Display Frame 1
791.3882 	EXP 	Display Frame 0
791.5132 	EXP 	Display Frame 1
791.6379 	EXP 	Display Frame 0
791.7635 	EXP 	Display Frame 1
791.8882 	EXP 	Display Frame 0
792.0132 	EXP 	Display Frame 1
792.1380 	EXP 	Display Frame 0
792.2632 	EXP 	Display Frame 1
792.3881 	EXP 	Display Frame 0
792.5131 	EXP 	Display Frame 1
792.6381 	EXP 	Display Frame 0
792.7632 	EXP 	Display Frame 1
792.8880 	EXP 	Display Frame 0
793.0133 	EXP 	Display Frame 1
793.1382 	EXP 	Display Frame 0
793.2632 	EXP 	Display Frame 1
793.3881 	EXP 	Display Frame 0
793.5134 	EXP 	Display Frame 1
793.6382 	EXP 	Display Frame 0
793.7634 	EXP 	Display Frame 1
793.8882 	EXP 	Display Frame 0
794.0133 	EXP 	Display Frame 1
794.1381 	EXP 	Display Frame 0
794.2634 	EXP 	Display Frame 1
794.3883 	EXP 	Display Frame 0
794.5134 	EXP 	Display Frame 1
794.6382 	EXP 	Display Frame 0
794.7635 	EXP 	Display Frame 1
794.8881 	EXP 	Display Frame 0
795.0134 	EXP 	Display Frame 1
795.1383 	EXP 	Display Frame 0
795.2634 	EXP 	Display Frame 1
795.3881 	EXP 	Display Frame 0
795.5134 	EXP 	Display Frame 1
795.6391 	EXP 	Display Frame 0
795.7634 	EXP 	Display Frame 1
795.8883 	EXP 	Display Frame 0
796.0134 	EXP 	Display Frame 1
796.1417 	DATA 	Keypress: equal
796.1429 	EXP 	Display Frame 0
796.1447 	EXP 	Display Fixation
796.2566 	DATA 	Keypress: equal
841.1113 	DATA 	Keypress: q
841.1285 	EXP 	topMsg: height = 0.1
841.1285 	EXP 	topMsg: height = 0.1
841.1285 	EXP 	topMsg: text = "Thank you very much! \n\nThat's it with the tapping"
841.1285 	EXP 	bottomMsg: height = 0.1
841.1285 	EXP 	bottomMsg: height = 0.1
841.1285 	EXP 	bottomMsg: text = "Please relax for the ramaining time \n\n Press 'q' or 'escape' to end the session."
841.1285 	EXP 	Display TheEnd
841.9471 	DATA 	Keypress: q
842.0264 	EXP 	win: mouseVisible = True
