1.0456 	WARNING 	We strongly recommend you activate the PTB sound engine in PsychoPy prefs as the preferred audio engine. Its timing is vastly superior. Your prefs are currently set to use ['sounddevice', 'PTB', 'pyo', 'pygame'] (in that order).
6.3843 	INFO 	---START PARAMETERS---
6.3843 	INFO 	filename: TappingWithTrTiming_Movie_d3.py-1tt==============-271-Sep_15_1859
6.3843 	INFO 	subject: 1tt==============
6.3843 	INFO 	session: 271
6.3844 	INFO 	date: Sep_15_1859
6.3844 	INFO 	blockDur_TRs: 15
6.3844 	INFO 	condition: TapLeft
6.3844 	INFO 	fixCrossPos: [0, 0]
6.3844 	INFO 	fixCrossSize: 100
6.3844 	INFO 	fullScreen: True
6.3844 	INFO 	movieFolder: Images/
6.3844 	INFO 	movieSize: (1600, 1000)
6.3844 	INFO 	nBlocks: 68
6.3844 	INFO 	promptDir: Text/
6.3844 	INFO 	restDur_TRs: 15
6.3844 	INFO 	screenColor: (128, 128, 128)
6.3844 	INFO 	screenToShow: 0
6.3844 	INFO 	skipPrompts: False
6.3844 	INFO 	tStartup_TRs: 4
6.3844 	INFO 	textHeight: 40
6.3844 	INFO 	triggerKey: equal
6.3844 	INFO 	---END PARAMETERS---
7.1809 	INFO 	Loaded monitor calibration from ['2022_03_25 08:03']
7.7459 	EXP 	Created win = Window(allowGUI=False, allowStencil=False, autoLog=True, backendConf=UNKNOWN, bitsMode=UNKNOWN, blendMode='avg', bpc=(8, 8, 8), color=array([128, 128, 128]), colorSpace='rgb255', depthBits=8, fullscr=<method-wrapper '__getattribute__' of attributeSetter object at 0x7fd2012334f0>, gamma=None, gammaErrorPolicy='raise', lms=UNKNOWN, monitor=<psychopy.monitors.calibTools.Monitor object at 0x7fd220d63ca0>, multiSample=False, name='win', numSamples=2, pos=[0.0, 0.0], screen=0, size=array([1280,  720]), stencilBits=0, stereo=False, units='deg', useFBO=False, useRetina=False, viewOri=0.0, viewPos=None, viewScale=None, waitBlanking=True, winType='pyglet')
7.7462 	EXP 	win: mouseVisible = True
7.7512 	EXP 	Created fixCross = ShapeStim(__class__=<class 'psychopy.visual.shape.ShapeStim'>, anchor=('center', 'center'), autoDraw=False, autoLog=True, closeShape=False, color=method-wrapper(...), colorSpace='rgb', contrast=None, depth=0, fillColor=array([0, 0, 0]), fillColorSpace='rgb', fillRGB=array([0, 0, 0]), interpolate=True, lineColor=array([-1., -1., -1.]), lineColorSpace='rgb', lineRGB=array([-1., -1., -1.]), lineWidth=3.0, name='fixCross', opacity=0.5, ori=0.0, pos=array([0., 0.]), size=array([1., 1.]), units='pix', vertices=ndarray(...), win=Window(...), windingRule=None)
7.7517 	WARNING 	TextStim.alignHoriz is deprecated. Use alignText and anchorHoriz attributes instead
7.7765 	EXP 	Created topMsg = TextStim(__class__=<class 'psychopy.visual.text.TextStim'>, alignHoriz='center', alignText='center', alignVert=method-wrapper(...), anchorHoriz='center', anchorVert='center', antialias=True, autoLog=True, bold=False, color=array([-1., -1., -1.]), colorSpace='rgb', contrast=1.0, depth=0, flipHoriz=False, flipVert=False, font='', fontFiles=[], height=0.1, italic=False, languageStyle='LTR', name='topMsg', opacity=1.0, ori=0.0, pos=array([0. , 0.5]), rgb=UNKNOWN, text='aaa', units='norm', win=Window(...), wrapWidth=1.5)
7.7766 	WARNING 	TextStim.alignHoriz is deprecated. Use alignText and anchorHoriz attributes instead
7.7788 	EXP 	Created bottomMsg = TextStim(__class__=<class 'psychopy.visual.text.TextStim'>, alignHoriz='center', alignText='center', alignVert=method-wrapper(...), anchorHoriz='center', anchorVert='center', antialias=True, autoLog=True, bold=False, color=array([-1., -1., -1.]), colorSpace='rgb', contrast=1.0, depth=0, flipHoriz=False, flipVert=False, font='', fontFiles=[], height=0.1, italic=False, languageStyle='LTR', name='bottomMsg', opacity=1.0, ori=0.0, pos=array([ 0. , -0.5]), rgb=UNKNOWN, text='bbb', units='norm', win=Window(...), wrapWidth=1.5)
7.8649 	EXP 	Created Movie Frame 0 = ImageStim(__class__=<class 'psychopy.visual.image.ImageStim'>, anchor=('center', 'center'), autoLog=True, color=array([1., 1., 1.]), colorSpace='rgb', contrast=1.0, depth=0, flipHoriz=False, flipVert=False, image='Images/left_0.png', interpolate=False, mask=None, maskParams=None, name='Movie Frame 0', opacity=1, ori=0.0, pos=array([0., 0.]), size=array([1600., 1000.]), texRes=128, units='pix', win=Window(...))
7.9346 	EXP 	Created Movie Frame 1 = ImageStim(__class__=<class 'psychopy.visual.image.ImageStim'>, anchor=('center', 'center'), autoLog=True, color=array([1., 1., 1.]), colorSpace='rgb', contrast=1.0, depth=0, flipHoriz=False, flipVert=False, image='Images/left_1.png', interpolate=False, mask=None, maskParams=None, name='Movie Frame 1', opacity=1, ori=0.0, pos=array([0., 0.]), size=array([1600., 1000.]), texRes=128, units='pix', win=Window(...))
8.0056 	EXP 	Created Movie Frame 2 = ImageStim(__class__=<class 'psychopy.visual.image.ImageStim'>, anchor=('center', 'center'), autoLog=True, color=array([1., 1., 1.]), colorSpace='rgb', contrast=1.0, depth=0, flipHoriz=False, flipVert=False, image='Images/left_2.png', interpolate=False, mask=None, maskParams=None, name='Movie Frame 2', opacity=1, ori=0.0, pos=array([0., 0.]), size=array([1600., 1000.]), texRes=128, units='pix', win=Window(...))
8.0748 	EXP 	Created Movie Frame 3 = ImageStim(__class__=<class 'psychopy.visual.image.ImageStim'>, anchor=('center', 'center'), autoLog=True, color=array([1., 1., 1.]), colorSpace='rgb', contrast=1.0, depth=0, flipHoriz=False, flipVert=False, image='Images/left_3.png', interpolate=False, mask=None, maskParams=None, name='Movie Frame 3', opacity=1, ori=0.0, pos=array([0., 0.]), size=array([1600., 1000.]), texRes=128, units='pix', win=Window(...))
8.1466 	EXP 	Created Movie Frame 4 = ImageStim(__class__=<class 'psychopy.visual.image.ImageStim'>, anchor=('center', 'center'), autoLog=True, color=array([1., 1., 1.]), colorSpace='rgb', contrast=1.0, depth=0, flipHoriz=False, flipVert=False, image='Images/left_4.png', interpolate=False, mask=None, maskParams=None, name='Movie Frame 4', opacity=1, ori=0.0, pos=array([0., 0.]), size=array([1600., 1000.]), texRes=128, units='pix', win=Window(...))
8.2163 	EXP 	Created Movie Frame 5 = ImageStim(__class__=<class 'psychopy.visual.image.ImageStim'>, anchor=('center', 'center'), autoLog=True, color=array([1., 1., 1.]), colorSpace='rgb', contrast=1.0, depth=0, flipHoriz=False, flipVert=False, image='Images/left_5.png', interpolate=False, mask=None, maskParams=None, name='Movie Frame 5', opacity=1, ori=0.0, pos=array([0., 0.]), size=array([1600., 1000.]), texRes=128, units='pix', win=Window(...))
8.2873 	EXP 	Created Movie Frame 6 = ImageStim(__class__=<class 'psychopy.visual.image.ImageStim'>, anchor=('center', 'center'), autoLog=True, color=array([1., 1., 1.]), colorSpace='rgb', contrast=1.0, depth=0, flipHoriz=False, flipVert=False, image='Images/left_6.png', interpolate=False, mask=None, maskParams=None, name='Movie Frame 6', opacity=1, ori=0.0, pos=array([0., 0.]), size=array([1600., 1000.]), texRes=128, units='pix', win=Window(...))
8.3592 	EXP 	Created Movie Frame 7 = ImageStim(__class__=<class 'psychopy.visual.image.ImageStim'>, anchor=('center', 'center'), autoLog=True, color=array([1., 1., 1.]), colorSpace='rgb', contrast=1.0, depth=0, flipHoriz=False, flipVert=False, image='Images/left_7.png', interpolate=False, mask=None, maskParams=None, name='Movie Frame 7', opacity=1, ori=0.0, pos=array([0., 0.]), size=array([1600., 1000.]), texRes=128, units='pix', win=Window(...))
8.4290 	EXP 	Created Movie Frame 8 = ImageStim(__class__=<class 'psychopy.visual.image.ImageStim'>, anchor=('center', 'center'), autoLog=True, color=array([1., 1., 1.]), colorSpace='rgb', contrast=1.0, depth=0, flipHoriz=False, flipVert=False, image='Images/left_8.png', interpolate=False, mask=None, maskParams=None, name='Movie Frame 8', opacity=1, ori=0.0, pos=array([0., 0.]), size=array([1600., 1000.]), texRes=128, units='pix', win=Window(...))
8.5011 	EXP 	Created Movie Frame 9 = ImageStim(__class__=<class 'psychopy.visual.image.ImageStim'>, anchor=('center', 'center'), autoLog=True, color=array([1., 1., 1.]), colorSpace='rgb', contrast=1.0, depth=0, flipHoriz=False, flipVert=False, image='Images/left_9.png', interpolate=False, mask=None, maskParams=None, name='Movie Frame 9', opacity=1, ori=0.0, pos=array([0., 0.]), size=array([1600., 1000.]), texRes=128, units='pix', win=Window(...))
8.5071 	EXP 	Created unnamed TextStim = TextStim(__class__=<class 'psychopy.visual.text.TextStim'>, alignHoriz=method-wrapper(...), alignText='center', alignVert=method-wrapper(...), anchorHoriz='center', anchorVert='center', antialias=True, autoLog=True, bold=False, color=array([-1., -1., -1.]), colorSpace='rgb', contrast=1.0, depth=0, flipHoriz=False, flipVert=False, font='', fontFiles=[], height=40.0, italic=False, languageStyle='LTR', name='unnamed TextStim', opacity=1.0, ori=0.0, pos=array([  0., 580.]), rgb=UNKNOWN, text='Tap along with the video.', units='pix', win=Window(...), wrapWidth=1600)
8.5186 	EXP 	topMsg: height = 0.1
8.5186 	EXP 	topMsg: height = 0.1
8.5186 	EXP 	topMsg: text = 'You will see a movie of a finger tapping. When it is on the screen, try to BOTH hands to tap your fingers at the same times as the movie does. When the fixation cross appears, relax and stare at the cross.'
8.5186 	EXP 	bottomMsg: height = 0.1
8.5186 	EXP 	bottomMsg: height = 0.1
8.5186 	EXP 	bottomMsg: text = 'The experiment will begin shortly'
8.5186 	EXP 	Display Instructions1
8.8566 	DATA 	Keypress: space
8.8603 	EXP 	topMsg: height = 0.1
8.8603 	EXP 	topMsg: height = 0.1
8.8603 	EXP 	topMsg: text = "Please don't move..."
8.8603 	EXP 	bottomMsg: height = 0.1
8.8603 	EXP 	bottomMsg: height = 0.1
8.8603 	EXP 	bottomMsg: text = ''
8.8603 	EXP 	PleaseDontMove
26.8699 	DATA 	Keypress: equal
26.8748 	EXP 	Display Fixation
28.3741 	DATA 	Keypress: equal
29.8723 	DATA 	Keypress: equal
31.3722 	DATA 	Keypress: equal
32.8719 	DATA 	Keypress: equal
32.8723 	EXP 	---START EXPERIMENT---
32.8759 	EXP 	Display Fixation
34.3722 	DATA 	Keypress: equal
35.8716 	DATA 	Keypress: equal
37.3714 	DATA 	Keypress: equal
38.8711 	DATA 	Keypress: equal
40.3713 	DATA 	Keypress: equal
41.8690 	DATA 	Keypress: equal
43.3724 	DATA 	Keypress: equal
44.8711 	DATA 	Keypress: equal
46.3697 	DATA 	Keypress: equal
47.8714 	DATA 	Keypress: equal
49.3701 	DATA 	Keypress: equal
50.8711 	DATA 	Keypress: equal
52.3719 	DATA 	Keypress: equal
53.8715 	DATA 	Keypress: equal
55.3720 	DATA 	Keypress: equal
55.4118 	EXP 	Display Frame 1
55.4396 	EXP 	Display Frame 2
55.4729 	EXP 	Display Frame 3
55.5109 	EXP 	Display Frame 4
55.5395 	EXP 	Display Frame 5
55.5729 	EXP 	Display Frame 6
55.6079 	EXP 	Display Frame 7
55.6395 	EXP 	Display Frame 8
55.6729 	EXP 	Display Frame 9
55.7118 	EXP 	Display Frame 0
55.7396 	EXP 	Display Frame 1
55.7729 	EXP 	Display Frame 2
55.8084 	EXP 	Display Frame 3
55.8395 	EXP 	Display Frame 4
55.8728 	EXP 	Display Frame 5
55.9111 	EXP 	Display Frame 6
55.9395 	EXP 	Display Frame 7
55.9728 	EXP 	Display Frame 8
56.0080 	EXP 	Display Frame 9
56.0395 	EXP 	Display Frame 0
56.0728 	EXP 	Display Frame 1
56.1109 	EXP 	Display Frame 2
56.1395 	EXP 	Display Frame 3
56.1729 	EXP 	Display Frame 4
56.2079 	EXP 	Display Frame 5
56.2395 	EXP 	Display Frame 6
56.2728 	EXP 	Display Frame 7
56.3092 	EXP 	Display Frame 8
56.3395 	EXP 	Display Frame 9
56.3728 	EXP 	Display Frame 0
56.4079 	EXP 	Display Frame 1
56.4396 	EXP 	Display Frame 2
56.4728 	EXP 	Display Frame 3
56.5116 	EXP 	Display Frame 4
56.5395 	EXP 	Display Frame 5
56.5728 	EXP 	Display Frame 6
56.6075 	EXP 	Display Frame 7
56.6395 	EXP 	Display Frame 8
56.6729 	EXP 	Display Frame 9
56.7110 	EXP 	Display Frame 0
56.7395 	EXP 	Display Frame 1
56.7728 	EXP 	Display Frame 2
56.8082 	EXP 	Display Frame 3
56.8395 	EXP 	Display Frame 4
56.8729 	EXP 	Display Frame 5
56.8736 	DATA 	Keypress: equal
56.9110 	EXP 	Display Frame 6
56.9395 	EXP 	Display Frame 7
56.9728 	EXP 	Display Frame 8
57.0080 	EXP 	Display Frame 9
57.0395 	EXP 	Display Frame 0
57.0728 	EXP 	Display Frame 1
57.1121 	EXP 	Display Frame 2
57.1395 	EXP 	Display Frame 3
57.1728 	EXP 	Display Frame 4
57.2080 	EXP 	Display Frame 5
57.2395 	EXP 	Display Frame 6
57.2728 	EXP 	Display Frame 7
57.3111 	EXP 	Display Frame 8
57.3395 	EXP 	Display Frame 9
57.3728 	EXP 	Display Frame 0
57.4081 	EXP 	Display Frame 1
57.4395 	EXP 	Display Frame 2
57.4728 	EXP 	Display Frame 3
57.5114 	EXP 	Display Frame 4
57.5395 	EXP 	Display Frame 5
57.5728 	EXP 	Display Frame 6
57.6086 	EXP 	Display Frame 7
57.6395 	EXP 	Display Frame 8
57.6728 	EXP 	Display Frame 9
57.7118 	EXP 	Display Frame 0
57.7395 	EXP 	Display Frame 1
57.7728 	EXP 	Display Frame 2
57.8080 	EXP 	Display Frame 3
57.8395 	EXP 	Display Frame 4
57.8728 	EXP 	Display Frame 5
57.9118 	EXP 	Display Frame 6
57.9395 	EXP 	Display Frame 7
57.9729 	EXP 	Display Frame 8
58.0081 	EXP 	Display Frame 9
58.0395 	EXP 	Display Frame 0
58.0728 	EXP 	Display Frame 1
58.1116 	EXP 	Display Frame 2
58.1395 	EXP 	Display Frame 3
58.1728 	EXP 	Display Frame 4
58.2081 	EXP 	Display Frame 5
58.2395 	EXP 	Display Frame 6
58.2728 	EXP 	Display Frame 7
58.3115 	EXP 	Display Frame 8
58.3395 	EXP 	Display Frame 9
58.3728 	DATA 	Keypress: equal
58.3736 	EXP 	Display Frame 0
58.4079 	EXP 	Display Frame 1
58.4396 	EXP 	Display Frame 2
58.4728 	EXP 	Display Frame 3
58.5115 	EXP 	Display Frame 4
58.5395 	EXP 	Display Frame 5
58.5728 	EXP 	Display Frame 6
58.6084 	EXP 	Display Frame 7
58.6395 	EXP 	Display Frame 8
58.6728 	EXP 	Display Frame 9
58.7109 	EXP 	Display Frame 0
58.7395 	EXP 	Display Frame 1
58.7728 	EXP 	Display Frame 2
58.8081 	EXP 	Display Frame 3
58.8395 	EXP 	Display Frame 4
58.8728 	EXP 	Display Frame 5
58.9107 	EXP 	Display Frame 6
58.9395 	EXP 	Display Frame 7
58.9728 	EXP 	Display Frame 8
59.0079 	EXP 	Display Frame 9
59.0395 	EXP 	Display Frame 0
59.0728 	EXP 	Display Frame 1
59.1113 	EXP 	Display Frame 2
59.1395 	EXP 	Display Frame 3
59.1728 	EXP 	Display Frame 4
59.2074 	EXP 	Display Frame 5
59.2395 	EXP 	Display Frame 6
59.2728 	EXP 	Display Frame 7
59.3112 	EXP 	Display Frame 8
59.3395 	EXP 	Display Frame 9
59.3728 	EXP 	Display Frame 0
59.4083 	EXP 	Display Frame 1
59.4395 	EXP 	Display Frame 2
59.4728 	EXP 	Display Frame 3
59.5115 	EXP 	Display Frame 4
59.5395 	EXP 	Display Frame 5
59.5728 	EXP 	Display Frame 6
59.6084 	EXP 	Display Frame 7
59.6395 	EXP 	Display Frame 8
59.6728 	EXP 	Display Frame 9
59.7110 	EXP 	Display Frame 0
59.7395 	EXP 	Display Frame 1
59.7728 	EXP 	Display Frame 2
59.8084 	EXP 	Display Frame 3
59.8395 	EXP 	Display Frame 4
59.8728 	EXP 	Display Frame 5
59.8735 	DATA 	Keypress: equal
59.9110 	EXP 	Display Frame 6
59.9395 	EXP 	Display Frame 7
59.9728 	EXP 	Display Frame 8
60.0079 	EXP 	Display Frame 9
60.0395 	EXP 	Display Frame 0
60.0729 	EXP 	Display Frame 1
60.1090 	EXP 	Display Frame 2
60.1397 	EXP 	Display Frame 3
60.1728 	EXP 	Display Frame 4
60.2075 	EXP 	Display Frame 5
60.2395 	EXP 	Display Frame 6
60.2728 	EXP 	Display Frame 7
60.3111 	EXP 	Display Frame 8
60.3395 	EXP 	Display Frame 9
60.3728 	EXP 	Display Frame 0
60.4084 	EXP 	Display Frame 1
60.4396 	EXP 	Display Frame 2
60.4728 	EXP 	Display Frame 3
60.5109 	EXP 	Display Frame 4
60.5395 	EXP 	Display Frame 5
60.5729 	EXP 	Display Frame 6
60.6080 	EXP 	Display Frame 7
60.6395 	EXP 	Display Frame 8
60.6728 	EXP 	Display Frame 9
60.7114 	EXP 	Display Frame 0
60.7395 	EXP 	Display Frame 1
60.7728 	EXP 	Display Frame 2
60.8080 	EXP 	Display Frame 3
60.8395 	EXP 	Display Frame 4
60.8728 	EXP 	Display Frame 5
60.9113 	EXP 	Display Frame 6
60.9396 	EXP 	Display Frame 7
60.9729 	EXP 	Display Frame 8
61.0084 	EXP 	Display Frame 9
61.0396 	EXP 	Display Frame 0
61.0728 	EXP 	Display Frame 1
61.1107 	EXP 	Display Frame 2
61.1395 	EXP 	Display Frame 3
61.1728 	EXP 	Display Frame 4
61.2081 	EXP 	Display Frame 5
61.2395 	EXP 	Display Frame 6
61.2729 	EXP 	Display Frame 7
61.3118 	EXP 	Display Frame 8
61.3395 	EXP 	Display Frame 9
61.3731 	DATA 	Keypress: equal
61.3739 	EXP 	Display Frame 0
61.4084 	EXP 	Display Frame 1
61.4396 	EXP 	Display Frame 2
61.4728 	EXP 	Display Frame 3
61.5115 	EXP 	Display Frame 4
61.5395 	EXP 	Display Frame 5
61.5729 	EXP 	Display Frame 6
61.6081 	EXP 	Display Frame 7
61.6395 	EXP 	Display Frame 8
61.6728 	EXP 	Display Frame 9
61.7112 	EXP 	Display Frame 0
61.7395 	EXP 	Display Frame 1
61.7728 	EXP 	Display Frame 2
61.8084 	EXP 	Display Frame 3
61.8395 	EXP 	Display Frame 4
61.8728 	EXP 	Display Frame 5
61.9103 	EXP 	Display Frame 6
61.9395 	EXP 	Display Frame 7
61.9729 	EXP 	Display Frame 8
62.0079 	EXP 	Display Frame 9
62.0395 	EXP 	Display Frame 0
62.0728 	EXP 	Display Frame 1
62.1113 	EXP 	Display Frame 2
62.1395 	EXP 	Display Frame 3
62.1728 	EXP 	Display Frame 4
62.2074 	EXP 	Display Frame 5
62.2395 	EXP 	Display Frame 6
62.2728 	EXP 	Display Frame 7
62.3109 	EXP 	Display Frame 8
62.3395 	EXP 	Display Frame 9
62.3728 	EXP 	Display Frame 0
62.4081 	EXP 	Display Frame 1
62.4396 	EXP 	Display Frame 2
62.4729 	EXP 	Display Frame 3
62.5116 	EXP 	Display Frame 4
62.5395 	EXP 	Display Frame 5
62.5728 	EXP 	Display Frame 6
62.6074 	EXP 	Display Frame 7
62.6395 	EXP 	Display Frame 8
62.6728 	EXP 	Display Frame 9
62.7111 	EXP 	Display Frame 0
62.7395 	EXP 	Display Frame 1
62.7728 	EXP 	Display Frame 2
62.8082 	EXP 	Display Frame 3
62.8395 	EXP 	Display Frame 4
62.8729 	EXP 	Display Frame 5
62.8735 	DATA 	Keypress: equal
62.9108 	EXP 	Display Frame 6
62.9395 	EXP 	Display Frame 7
62.9728 	EXP 	Display Frame 8
63.0079 	EXP 	Display Frame 9
63.0395 	EXP 	Display Frame 0
63.0728 	EXP 	Display Frame 1
63.1102 	EXP 	Display Frame 2
63.1395 	EXP 	Display Frame 3
63.1728 	EXP 	Display Frame 4
63.2075 	EXP 	Display Frame 5
63.2395 	EXP 	Display Frame 6
63.2728 	EXP 	Display Frame 7
63.3114 	EXP 	Display Frame 8
63.3396 	EXP 	Display Frame 9
63.3728 	EXP 	Display Frame 0
63.4084 	EXP 	Display Frame 1
63.4396 	EXP 	Display Frame 2
63.4728 	EXP 	Display Frame 3
63.5108 	EXP 	Display Frame 4
63.5395 	EXP 	Display Frame 5
63.5728 	EXP 	Display Frame 6
63.6080 	EXP 	Display Frame 7
63.6395 	EXP 	Display Frame 8
63.6728 	EXP 	Display Frame 9
63.7116 	EXP 	Display Frame 0
63.7395 	EXP 	Display Frame 1
63.7728 	EXP 	Display Frame 2
63.8080 	EXP 	Display Frame 3
63.8395 	EXP 	Display Frame 4
63.8728 	EXP 	Display Frame 5
63.9117 	EXP 	Display Frame 6
63.9395 	EXP 	Display Frame 7
63.9728 	EXP 	Display Frame 8
64.0084 	EXP 	Display Frame 9
64.0395 	EXP 	Display Frame 0
64.0728 	EXP 	Display Frame 1
64.1108 	EXP 	Display Frame 2
64.1395 	EXP 	Display Frame 3
64.1728 	EXP 	Display Frame 4
64.2072 	EXP 	Display Frame 5
64.2397 	EXP 	Display Frame 6
64.2729 	EXP 	Display Frame 7
64.3118 	EXP 	Display Frame 8
64.3395 	EXP 	Display Frame 9
64.3731 	DATA 	Keypress: equal
64.3740 	EXP 	Display Frame 0
64.4075 	EXP 	Display Frame 1
64.4396 	EXP 	Display Frame 2
64.4728 	EXP 	Display Frame 3
64.5112 	EXP 	Display Frame 4
64.5395 	EXP 	Display Frame 5
64.5729 	EXP 	Display Frame 6
64.6080 	EXP 	Display Frame 7
64.6395 	EXP 	Display Frame 8
64.6728 	EXP 	Display Frame 9
64.7112 	EXP 	Display Frame 0
64.7395 	EXP 	Display Frame 1
64.7728 	EXP 	Display Frame 2
64.8082 	EXP 	Display Frame 3
64.8395 	EXP 	Display Frame 4
64.8728 	EXP 	Display Frame 5
64.9116 	EXP 	Display Frame 6
64.9395 	EXP 	Display Frame 7
64.9728 	EXP 	Display Frame 8
65.0079 	EXP 	Display Frame 9
65.0395 	EXP 	Display Frame 0
65.0728 	EXP 	Display Frame 1
65.1115 	EXP 	Display Frame 2
65.1395 	EXP 	Display Frame 3
65.1728 	EXP 	Display Frame 4
65.2073 	EXP 	Display Frame 5
65.2396 	EXP 	Display Frame 6
65.2728 	EXP 	Display Frame 7
65.3116 	EXP 	Display Frame 8
65.3396 	EXP 	Display Frame 9
65.3728 	EXP 	Display Frame 0
65.4085 	EXP 	Display Frame 1
65.4396 	EXP 	Display Frame 2
65.4728 	EXP 	Display Frame 3
65.5117 	EXP 	Display Frame 4
65.5395 	EXP 	Display Frame 5
65.5728 	EXP 	Display Frame 6
65.6081 	EXP 	Display Frame 7
65.6395 	EXP 	Display Frame 8
65.6729 	EXP 	Display Frame 9
65.7118 	EXP 	Display Frame 0
65.7395 	EXP 	Display Frame 1
65.7728 	EXP 	Display Frame 2
65.8079 	EXP 	Display Frame 3
65.8395 	EXP 	Display Frame 4
65.8728 	EXP 	Display Frame 5
65.8735 	DATA 	Keypress: equal
65.9113 	EXP 	Display Frame 6
65.9395 	EXP 	Display Frame 7
65.9729 	EXP 	Display Frame 8
66.0082 	EXP 	Display Frame 9
66.0395 	EXP 	Display Frame 0
66.0728 	EXP 	Display Frame 1
66.1114 	EXP 	Display Frame 2
66.1395 	EXP 	Display Frame 3
66.1728 	EXP 	Display Frame 4
66.2079 	EXP 	Display Frame 5
66.2395 	EXP 	Display Frame 6
66.2728 	EXP 	Display Frame 7
66.3117 	EXP 	Display Frame 8
66.3395 	EXP 	Display Frame 9
66.3728 	EXP 	Display Frame 0
66.4073 	EXP 	Display Frame 1
66.4395 	EXP 	Display Frame 2
66.4728 	EXP 	Display Frame 3
66.5109 	EXP 	Display Frame 4
66.5395 	EXP 	Display Frame 5
66.5728 	EXP 	Display Frame 6
66.6080 	EXP 	Display Frame 7
66.6395 	EXP 	Display Frame 8
66.6728 	EXP 	Display Frame 9
66.7111 	EXP 	Display Frame 0
66.7395 	EXP 	Display Frame 1
66.7728 	EXP 	Display Frame 2
66.8084 	EXP 	Display Frame 3
66.8395 	EXP 	Display Frame 4
66.8729 	EXP 	Display Frame 5
66.9113 	EXP 	Display Frame 6
66.9395 	EXP 	Display Frame 7
66.9728 	EXP 	Display Frame 8
67.0080 	EXP 	Display Frame 9
67.0395 	EXP 	Display Frame 0
67.0728 	EXP 	Display Frame 1
67.1115 	EXP 	Display Frame 2
67.1395 	EXP 	Display Frame 3
67.1728 	EXP 	Display Frame 4
67.2084 	EXP 	Display Frame 5
67.2395 	EXP 	Display Frame 6
67.2729 	EXP 	Display Frame 7
67.3115 	EXP 	Display Frame 8
67.3395 	EXP 	Display Frame 9
67.3730 	DATA 	Keypress: equal
67.3738 	EXP 	Display Frame 0
67.4087 	EXP 	Display Frame 1
67.4396 	EXP 	Display Frame 2
67.4728 	EXP 	Display Frame 3
67.5115 	EXP 	Display Frame 4
67.5395 	EXP 	Display Frame 5
67.5728 	EXP 	Display Frame 6
67.6079 	EXP 	Display Frame 7
67.6395 	EXP 	Display Frame 8
67.6728 	EXP 	Display Frame 9
67.7110 	EXP 	Display Frame 0
67.7395 	EXP 	Display Frame 1
67.7728 	EXP 	Display Frame 2
67.8084 	EXP 	Display Frame 3
67.8395 	EXP 	Display Frame 4
67.8728 	EXP 	Display Frame 5
67.9117 	EXP 	Display Frame 6
67.9395 	EXP 	Display Frame 7
67.9728 	EXP 	Display Frame 8
68.0073 	EXP 	Display Frame 9
68.0395 	EXP 	Display Frame 0
68.0728 	EXP 	Display Frame 1
68.1116 	EXP 	Display Frame 2
68.1395 	EXP 	Display Frame 3
68.1728 	EXP 	Display Frame 4
68.2084 	EXP 	Display Frame 5
68.2395 	EXP 	Display Frame 6
68.2728 	EXP 	Display Frame 7
68.3112 	EXP 	Display Frame 8
68.3395 	EXP 	Display Frame 9
68.3728 	EXP 	Display Frame 0
68.4084 	EXP 	Display Frame 1
68.4395 	EXP 	Display Frame 2
68.4728 	EXP 	Display Frame 3
68.5110 	EXP 	Display Frame 4
68.5395 	EXP 	Display Frame 5
68.5728 	EXP 	Display Frame 6
68.6082 	EXP 	Display Frame 7
68.6395 	EXP 	Display Frame 8
68.6728 	EXP 	Display Frame 9
68.7113 	EXP 	Display Frame 0
68.7395 	EXP 	Display Frame 1
68.7728 	EXP 	Display Frame 2
68.8084 	EXP 	Display Frame 3
68.8395 	EXP 	Display Frame 4
68.8728 	EXP 	Display Frame 5
68.8733 	DATA 	Keypress: equal
68.9116 	EXP 	Display Frame 6
68.9395 	EXP 	Display Frame 7
68.9728 	EXP 	Display Frame 8
69.0080 	EXP 	Display Frame 9
69.0395 	EXP 	Display Frame 0
69.0728 	EXP 	Display Frame 1
69.1095 	EXP 	Display Frame 2
69.1396 	EXP 	Display Frame 3
69.1729 	EXP 	Display Frame 4
69.2077 	EXP 	Display Frame 5
69.2395 	EXP 	Display Frame 6
69.2728 	EXP 	Display Frame 7
69.3115 	EXP 	Display Frame 8
69.3395 	EXP 	Display Frame 9
69.3728 	EXP 	Display Frame 0
69.4084 	EXP 	Display Frame 1
69.4395 	EXP 	Display Frame 2
69.4728 	EXP 	Display Frame 3
69.5115 	EXP 	Display Frame 4
69.5395 	EXP 	Display Frame 5
69.5730 	EXP 	Display Frame 6
69.6079 	EXP 	Display Frame 7
69.6395 	EXP 	Display Frame 8
69.6728 	EXP 	Display Frame 9
69.7115 	EXP 	Display Frame 0
69.7395 	EXP 	Display Frame 1
69.7728 	EXP 	Display Frame 2
69.8085 	EXP 	Display Frame 3
69.8395 	EXP 	Display Frame 4
69.8728 	EXP 	Display Frame 5
69.9120 	EXP 	Display Frame 6
69.9395 	EXP 	Display Frame 7
69.9728 	EXP 	Display Frame 8
70.0080 	EXP 	Display Frame 9
70.0395 	EXP 	Display Frame 0
70.0728 	EXP 	Display Frame 1
70.1119 	EXP 	Display Frame 2
70.1395 	EXP 	Display Frame 3
70.1728 	EXP 	Display Frame 4
70.2079 	EXP 	Display Frame 5
70.2395 	EXP 	Display Frame 6
70.2728 	EXP 	Display Frame 7
70.3117 	EXP 	Display Frame 8
70.3395 	EXP 	Display Frame 9
70.3730 	DATA 	Keypress: equal
70.3739 	EXP 	Display Frame 0
70.4074 	EXP 	Display Frame 1
70.4395 	EXP 	Display Frame 2
70.4728 	EXP 	Display Frame 3
70.5113 	EXP 	Display Frame 4
70.5395 	EXP 	Display Frame 5
70.5728 	EXP 	Display Frame 6
70.6081 	EXP 	Display Frame 7
70.6395 	EXP 	Display Frame 8
70.6728 	EXP 	Display Frame 9
70.7094 	EXP 	Display Frame 0
70.7395 	EXP 	Display Frame 1
70.7728 	EXP 	Display Frame 2
70.8085 	EXP 	Display Frame 3
70.8395 	EXP 	Display Frame 4
70.8728 	EXP 	Display Frame 5
70.9117 	EXP 	Display Frame 6
70.9395 	EXP 	Display Frame 7
70.9728 	EXP 	Display Frame 8
71.0084 	EXP 	Display Frame 9
71.0395 	EXP 	Display Frame 0
71.0730 	EXP 	Display Frame 1
71.1113 	EXP 	Display Frame 2
71.1395 	EXP 	Display Frame 3
71.1728 	EXP 	Display Frame 4
71.2079 	EXP 	Display Frame 5
71.2395 	EXP 	Display Frame 6
71.2728 	EXP 	Display Frame 7
71.3114 	EXP 	Display Frame 8
71.3395 	EXP 	Display Frame 9
71.3728 	EXP 	Display Frame 0
71.4082 	EXP 	Display Frame 1
71.4396 	EXP 	Display Frame 2
71.4728 	EXP 	Display Frame 3
71.5117 	EXP 	Display Frame 4
71.5395 	EXP 	Display Frame 5
71.5728 	EXP 	Display Frame 6
71.6079 	EXP 	Display Frame 7
71.6395 	EXP 	Display Frame 8
71.6728 	EXP 	Display Frame 9
71.7116 	EXP 	Display Frame 0
71.7395 	EXP 	Display Frame 1
71.7728 	EXP 	Display Frame 2
71.8084 	EXP 	Display Frame 3
71.8395 	EXP 	Display Frame 4
71.8729 	EXP 	Display Frame 5
71.8736 	DATA 	Keypress: equal
71.9106 	EXP 	Display Frame 6
71.9395 	EXP 	Display Frame 7
71.9728 	EXP 	Display Frame 8
72.0082 	EXP 	Display Frame 9
72.0395 	EXP 	Display Frame 0
72.0728 	EXP 	Display Frame 1
72.1119 	EXP 	Display Frame 2
72.1395 	EXP 	Display Frame 3
72.1728 	EXP 	Display Frame 4
72.2085 	EXP 	Display Frame 5
72.2395 	EXP 	Display Frame 6
72.2728 	EXP 	Display Frame 7
72.3109 	EXP 	Display Frame 8
72.3395 	EXP 	Display Frame 9
72.3728 	EXP 	Display Frame 0
72.4080 	EXP 	Display Frame 1
72.4395 	EXP 	Display Frame 2
72.4728 	EXP 	Display Frame 3
72.5116 	EXP 	Display Frame 4
72.5395 	EXP 	Display Frame 5
72.5728 	EXP 	Display Frame 6
72.6082 	EXP 	Display Frame 7
72.6395 	EXP 	Display Frame 8
72.6728 	EXP 	Display Frame 9
72.7115 	EXP 	Display Frame 0
72.7395 	EXP 	Display Frame 1
72.7729 	EXP 	Display Frame 2
72.8081 	EXP 	Display Frame 3
72.8395 	EXP 	Display Frame 4
72.8729 	EXP 	Display Frame 5
72.9118 	EXP 	Display Frame 6
72.9395 	EXP 	Display Frame 7
72.9729 	EXP 	Display Frame 8
73.0079 	EXP 	Display Frame 9
73.0395 	EXP 	Display Frame 0
73.0728 	EXP 	Display Frame 1
73.1085 	EXP 	Display Frame 2
73.1395 	EXP 	Display Frame 3
73.1729 	EXP 	Display Frame 4
73.2070 	EXP 	Display Frame 5
73.2395 	EXP 	Display Frame 6
73.2728 	EXP 	Display Frame 7
73.3118 	EXP 	Display Frame 8
73.3395 	EXP 	Display Frame 9
73.3728 	DATA 	Keypress: equal
73.3737 	EXP 	Display Frame 0
73.4072 	EXP 	Display Frame 1
73.4395 	EXP 	Display Frame 2
73.4728 	EXP 	Display Frame 3
73.5118 	EXP 	Display Frame 4
73.5395 	EXP 	Display Frame 5
73.5729 	EXP 	Display Frame 6
73.6071 	EXP 	Display Frame 7
73.6395 	EXP 	Display Frame 8
73.6729 	EXP 	Display Frame 9
73.7116 	EXP 	Display Frame 0
73.7396 	EXP 	Display Frame 1
73.7729 	EXP 	Display Frame 2
73.8071 	EXP 	Display Frame 3
73.8395 	EXP 	Display Frame 4
73.8728 	EXP 	Display Frame 5
73.9118 	EXP 	Display Frame 6
73.9395 	EXP 	Display Frame 7
73.9729 	EXP 	Display Frame 8
74.0072 	EXP 	Display Frame 9
74.0396 	EXP 	Display Frame 0
74.0729 	EXP 	Display Frame 1
74.1122 	EXP 	Display Frame 2
74.1395 	EXP 	Display Frame 3
74.1729 	EXP 	Display Frame 4
74.2070 	EXP 	Display Frame 5
74.2395 	EXP 	Display Frame 6
74.2727 	EXP 	Display Frame 7
74.3101 	EXP 	Display Frame 8
74.3395 	EXP 	Display Frame 9
74.3729 	EXP 	Display Frame 0
74.4071 	EXP 	Display Frame 1
74.4396 	EXP 	Display Frame 2
74.4728 	EXP 	Display Frame 3
74.5122 	EXP 	Display Frame 4
74.5395 	EXP 	Display Frame 5
74.5729 	EXP 	Display Frame 6
74.6070 	EXP 	Display Frame 7
74.6395 	EXP 	Display Frame 8
74.6731 	EXP 	Display Frame 9
74.7106 	EXP 	Display Frame 0
74.7395 	EXP 	Display Frame 1
74.7729 	EXP 	Display Frame 2
74.8072 	EXP 	Display Frame 3
74.8395 	EXP 	Display Frame 4
74.8730 	DATA 	Keypress: equal
74.8739 	EXP 	Display Frame 5
74.9101 	EXP 	Display Frame 6
74.9395 	EXP 	Display Frame 7
74.9729 	EXP 	Display Frame 8
75.0069 	EXP 	Display Frame 9
75.0395 	EXP 	Display Frame 0
75.0729 	EXP 	Display Frame 1
75.1114 	EXP 	Display Frame 2
75.1395 	EXP 	Display Frame 3
75.1728 	EXP 	Display Frame 4
75.2072 	EXP 	Display Frame 5
75.2395 	EXP 	Display Frame 6
75.2728 	EXP 	Display Frame 7
75.3082 	EXP 	Display Frame 8
75.3395 	EXP 	Display Frame 9
75.3729 	EXP 	Display Frame 0
75.4071 	EXP 	Display Frame 1
75.4395 	EXP 	Display Frame 2
75.4728 	EXP 	Display Frame 3
75.5117 	EXP 	Display Frame 4
75.5395 	EXP 	Display Frame 5
75.5729 	EXP 	Display Frame 6
75.6070 	EXP 	Display Frame 7
75.6395 	EXP 	Display Frame 8
75.6728 	EXP 	Display Frame 9
75.7123 	EXP 	Display Frame 0
75.7395 	EXP 	Display Frame 1
75.7728 	EXP 	Display Frame 2
75.8069 	EXP 	Display Frame 3
75.8395 	EXP 	Display Frame 4
75.8728 	EXP 	Display Frame 5
75.9119 	EXP 	Display Frame 6
75.9395 	EXP 	Display Frame 7
75.9729 	EXP 	Display Frame 8
76.0070 	EXP 	Display Frame 9
76.0395 	EXP 	Display Frame 0
76.0728 	EXP 	Display Frame 1
76.1116 	EXP 	Display Frame 2
76.1395 	EXP 	Display Frame 3
76.1729 	EXP 	Display Frame 4
76.2071 	EXP 	Display Frame 5
76.2395 	EXP 	Display Frame 6
76.2728 	EXP 	Display Frame 7
76.3123 	EXP 	Display Frame 8
76.3395 	EXP 	Display Frame 9
76.3731 	DATA 	Keypress: equal
76.3740 	EXP 	Display Frame 0
76.4069 	EXP 	Display Frame 1
76.4395 	EXP 	Display Frame 2
76.4728 	EXP 	Display Frame 3
76.5136 	EXP 	Display Frame 4
76.5395 	EXP 	Display Frame 5
76.5729 	EXP 	Display Frame 6
76.6072 	EXP 	Display Frame 7
76.6395 	EXP 	Display Frame 8
76.6729 	EXP 	Display Frame 9
76.7122 	EXP 	Display Frame 0
76.7395 	EXP 	Display Frame 1
76.7729 	EXP 	Display Frame 2
76.8072 	EXP 	Display Frame 3
76.8395 	EXP 	Display Frame 4
76.8728 	EXP 	Display Frame 5
76.9122 	EXP 	Display Frame 6
76.9395 	EXP 	Display Frame 7
76.9729 	EXP 	Display Frame 8
77.0070 	EXP 	Display Frame 9
77.0395 	EXP 	Display Frame 0
77.0728 	EXP 	Display Frame 1
77.1117 	EXP 	Display Frame 2
77.1395 	EXP 	Display Frame 3
77.1729 	EXP 	Display Frame 4
77.2073 	EXP 	Display Frame 5
77.2395 	EXP 	Display Frame 6
77.2728 	EXP 	Display Frame 7
77.3120 	EXP 	Display Frame 8
77.3395 	EXP 	Display Frame 9
77.3729 	EXP 	Display Frame 0
77.4072 	EXP 	Display Frame 1
77.4395 	EXP 	Display Frame 2
77.4728 	EXP 	Display Frame 3
77.5120 	EXP 	Display Frame 4
77.5395 	EXP 	Display Frame 5
77.5729 	EXP 	Display Frame 6
77.6071 	EXP 	Display Frame 7
77.6395 	EXP 	Display Frame 8
77.6729 	EXP 	Display Frame 9
77.7108 	EXP 	Display Frame 0
77.7395 	EXP 	Display Frame 1
77.7729 	EXP 	Display Frame 2
77.8071 	EXP 	Display Frame 3
77.8395 	EXP 	Display Frame 4
77.8728 	EXP 	Display Frame 5
77.9062 	DATA 	Keypress: equal
77.9113 	EXP 	Display Frame 6
77.9224 	EXP 	Display Fixation
79.3720 	DATA 	Keypress: equal
80.8726 	DATA 	Keypress: equal
82.3722 	DATA 	Keypress: equal
83.8722 	DATA 	Keypress: equal
85.3721 	DATA 	Keypress: equal
86.8696 	DATA 	Keypress: equal
88.3716 	DATA 	Keypress: equal
89.8720 	DATA 	Keypress: equal
91.3721 	DATA 	Keypress: equal
92.8726 	DATA 	Keypress: equal
94.3692 	DATA 	Keypress: equal
95.8728 	DATA 	Keypress: equal
97.3696 	DATA 	Keypress: equal
98.8722 	DATA 	Keypress: equal
100.3696 	DATA 	Keypress: equal
100.4040 	EXP 	Display Frame 1
100.4372 	EXP 	Display Frame 2
100.4705 	EXP 	Display Frame 3
100.5038 	EXP 	Display Frame 4
100.5372 	EXP 	Display Frame 5
100.5705 	EXP 	Display Frame 6
100.6038 	EXP 	Display Frame 7
100.6371 	EXP 	Display Frame 8
100.6705 	EXP 	Display Frame 9
100.7038 	EXP 	Display Frame 0
100.7372 	EXP 	Display Frame 1
100.7705 	EXP 	Display Frame 2
100.8038 	EXP 	Display Frame 3
100.8371 	EXP 	Display Frame 4
100.8704 	EXP 	Display Frame 5
100.9038 	EXP 	Display Frame 6
100.9371 	EXP 	Display Frame 7
100.9704 	EXP 	Display Frame 8
101.0038 	EXP 	Display Frame 9
101.0371 	EXP 	Display Frame 0
101.0716 	EXP 	Display Frame 1
101.1037 	EXP 	Display Frame 2
101.1371 	EXP 	Display Frame 3
101.1704 	EXP 	Display Frame 4
101.2038 	EXP 	Display Frame 5
101.2371 	EXP 	Display Frame 6
101.2705 	EXP 	Display Frame 7
101.3038 	EXP 	Display Frame 8
101.3371 	EXP 	Display Frame 9
101.3704 	EXP 	Display Frame 0
101.4038 	EXP 	Display Frame 1
101.4372 	EXP 	Display Frame 2
101.4704 	EXP 	Display Frame 3
101.5038 	EXP 	Display Frame 4
101.5371 	EXP 	Display Frame 5
101.5706 	EXP 	Display Frame 6
101.6038 	EXP 	Display Frame 7
101.6371 	EXP 	Display Frame 8
101.6704 	EXP 	Display Frame 9
101.7037 	EXP 	Display Frame 0
101.7371 	EXP 	Display Frame 1
101.7705 	EXP 	Display Frame 2
101.8038 	EXP 	Display Frame 3
101.8371 	EXP 	Display Frame 4
101.8707 	DATA 	Keypress: equal
101.8716 	EXP 	Display Frame 5
101.9038 	EXP 	Display Frame 6
101.9372 	EXP 	Display Frame 7
101.9704 	EXP 	Display Frame 8
102.0038 	EXP 	Display Frame 9
102.0371 	EXP 	Display Frame 0
102.0704 	EXP 	Display Frame 1
102.1038 	EXP 	Display Frame 2
102.1371 	EXP 	Display Frame 3
102.1705 	EXP 	Display Frame 4
102.2038 	EXP 	Display Frame 5
102.2371 	EXP 	Display Frame 6
102.2704 	EXP 	Display Frame 7
102.3038 	EXP 	Display Frame 8
102.3371 	EXP 	Display Frame 9
102.3704 	EXP 	Display Frame 0
102.4038 	EXP 	Display Frame 1
102.4371 	EXP 	Display Frame 2
102.4705 	EXP 	Display Frame 3
102.5037 	EXP 	Display Frame 4
102.5371 	EXP 	Display Frame 5
102.5705 	EXP 	Display Frame 6
102.6038 	EXP 	Display Frame 7
102.6371 	EXP 	Display Frame 8
102.6704 	EXP 	Display Frame 9
102.7038 	EXP 	Display Frame 0
102.7371 	EXP 	Display Frame 1
102.7704 	EXP 	Display Frame 2
102.8038 	EXP 	Display Frame 3
102.8371 	EXP 	Display Frame 4
102.8705 	EXP 	Display Frame 5
102.9038 	EXP 	Display Frame 6
102.9371 	EXP 	Display Frame 7
102.9704 	EXP 	Display Frame 8
103.0038 	EXP 	Display Frame 9
103.0371 	EXP 	Display Frame 0
103.0704 	EXP 	Display Frame 1
103.1038 	EXP 	Display Frame 2
103.1372 	EXP 	Display Frame 3
103.1705 	EXP 	Display Frame 4
103.2038 	EXP 	Display Frame 5
103.2371 	EXP 	Display Frame 6
103.2705 	EXP 	Display Frame 7
103.3038 	EXP 	Display Frame 8
103.3371 	EXP 	Display Frame 9
103.3705 	DATA 	Keypress: equal
103.3714 	EXP 	Display Frame 0
103.4038 	EXP 	Display Frame 1
103.4371 	EXP 	Display Frame 2
103.4705 	EXP 	Display Frame 3
103.5038 	EXP 	Display Frame 4
103.5371 	EXP 	Display Frame 5
103.5704 	EXP 	Display Frame 6
103.6038 	EXP 	Display Frame 7
103.6371 	EXP 	Display Frame 8
103.6704 	EXP 	Display Frame 9
103.7038 	EXP 	Display Frame 0
103.7371 	EXP 	Display Frame 1
103.7704 	EXP 	Display Frame 2
103.8038 	EXP 	Display Frame 3
103.8371 	EXP 	Display Frame 4
103.8704 	EXP 	Display Frame 5
103.9038 	EXP 	Display Frame 6
103.9371 	EXP 	Display Frame 7
103.9704 	EXP 	Display Frame 8
104.0038 	EXP 	Display Frame 9
104.0371 	EXP 	Display Frame 0
104.0704 	EXP 	Display Frame 1
104.1037 	EXP 	Display Frame 2
104.1371 	EXP 	Display Frame 3
104.1705 	EXP 	Display Frame 4
104.2038 	EXP 	Display Frame 5
104.2371 	EXP 	Display Frame 6
104.2705 	EXP 	Display Frame 7
104.3038 	EXP 	Display Frame 8
104.3371 	EXP 	Display Frame 9
104.3705 	EXP 	Display Frame 0
104.4038 	EXP 	Display Frame 1
104.4371 	EXP 	Display Frame 2
104.4704 	EXP 	Display Frame 3
104.5038 	EXP 	Display Frame 4
104.5371 	EXP 	Display Frame 5
104.5704 	EXP 	Display Frame 6
104.6038 	EXP 	Display Frame 7
104.6371 	EXP 	Display Frame 8
104.6704 	EXP 	Display Frame 9
104.7037 	EXP 	Display Frame 0
104.7371 	EXP 	Display Frame 1
104.7704 	EXP 	Display Frame 2
104.8037 	EXP 	Display Frame 3
104.8371 	EXP 	Display Frame 4
104.8705 	DATA 	Keypress: equal
104.8714 	EXP 	Display Frame 5
104.9037 	EXP 	Display Frame 6
104.9371 	EXP 	Display Frame 7
104.9704 	EXP 	Display Frame 8
105.0038 	EXP 	Display Frame 9
105.0371 	EXP 	Display Frame 0
105.0704 	EXP 	Display Frame 1
105.1038 	EXP 	Display Frame 2
105.1372 	EXP 	Display Frame 3
105.1705 	EXP 	Display Frame 4
105.2038 	EXP 	Display Frame 5
105.2371 	EXP 	Display Frame 6
105.2705 	EXP 	Display Frame 7
105.3038 	EXP 	Display Frame 8
105.3372 	EXP 	Display Frame 9
105.3705 	EXP 	Display Frame 0
105.4039 	EXP 	Display Frame 1
105.4372 	EXP 	Display Frame 2
105.4705 	EXP 	Display Frame 3
105.5038 	EXP 	Display Frame 4
105.5372 	EXP 	Display Frame 5
105.5705 	EXP 	Display Frame 6
105.6038 	EXP 	Display Frame 7
105.6371 	EXP 	Display Frame 8
105.6705 	EXP 	Display Frame 9
105.7038 	EXP 	Display Frame 0
105.7371 	EXP 	Display Frame 1
105.7704 	EXP 	Display Frame 2
105.8038 	EXP 	Display Frame 3
105.8371 	EXP 	Display Frame 4
105.8704 	EXP 	Display Frame 5
105.9038 	EXP 	Display Frame 6
105.9373 	EXP 	Display Frame 7
105.9704 	EXP 	Display Frame 8
106.0038 	EXP 	Display Frame 9
106.0371 	EXP 	Display Frame 0
106.0705 	EXP 	Display Frame 1
106.1038 	EXP 	Display Frame 2
106.1372 	EXP 	Display Frame 3
106.1704 	EXP 	Display Frame 4
106.2037 	EXP 	Display Frame 5
106.2371 	EXP 	Display Frame 6
106.2704 	EXP 	Display Frame 7
106.3038 	EXP 	Display Frame 8
106.3371 	EXP 	Display Frame 9
106.3707 	DATA 	Keypress: equal
106.3715 	EXP 	Display Frame 0
106.4038 	EXP 	Display Frame 1
106.4370 	EXP 	Display Frame 2
106.4704 	EXP 	Display Frame 3
106.5037 	EXP 	Display Frame 4
106.5371 	EXP 	Display Frame 5
106.5704 	EXP 	Display Frame 6
106.6038 	EXP 	Display Frame 7
106.6371 	EXP 	Display Frame 8
106.6704 	EXP 	Display Frame 9
106.7038 	EXP 	Display Frame 0
106.7371 	EXP 	Display Frame 1
106.7704 	EXP 	Display Frame 2
106.8038 	EXP 	Display Frame 3
106.8371 	EXP 	Display Frame 4
106.8704 	EXP 	Display Frame 5
106.9040 	EXP 	Display Frame 6
106.9371 	EXP 	Display Frame 7
106.9704 	EXP 	Display Frame 8
107.0038 	EXP 	Display Frame 9
107.0371 	EXP 	Display Frame 0
107.0704 	EXP 	Display Frame 1
107.1038 	EXP 	Display Frame 2
107.1371 	EXP 	Display Frame 3
107.1705 	EXP 	Display Frame 4
107.2037 	EXP 	Display Frame 5
107.2371 	EXP 	Display Frame 6
107.2704 	EXP 	Display Frame 7
107.3038 	EXP 	Display Frame 8
107.3371 	EXP 	Display Frame 9
107.3704 	EXP 	Display Frame 0
107.4038 	EXP 	Display Frame 1
107.4372 	EXP 	Display Frame 2
107.4704 	EXP 	Display Frame 3
107.5038 	EXP 	Display Frame 4
107.5371 	EXP 	Display Frame 5
107.5704 	EXP 	Display Frame 6
107.6038 	EXP 	Display Frame 7
107.6371 	EXP 	Display Frame 8
107.6704 	EXP 	Display Frame 9
107.7038 	EXP 	Display Frame 0
107.7371 	EXP 	Display Frame 1
107.7704 	EXP 	Display Frame 2
107.8038 	EXP 	Display Frame 3
107.8371 	EXP 	Display Frame 4
107.8706 	DATA 	Keypress: equal
107.8718 	EXP 	Display Frame 5
107.9038 	EXP 	Display Frame 6
107.9371 	EXP 	Display Frame 7
107.9704 	EXP 	Display Frame 8
108.0038 	EXP 	Display Frame 9
108.0371 	EXP 	Display Frame 0
108.0704 	EXP 	Display Frame 1
108.1038 	EXP 	Display Frame 2
108.1371 	EXP 	Display Frame 3
108.1704 	EXP 	Display Frame 4
108.2038 	EXP 	Display Frame 5
108.2371 	EXP 	Display Frame 6
108.2704 	EXP 	Display Frame 7
108.3038 	EXP 	Display Frame 8
108.3371 	EXP 	Display Frame 9
108.3704 	EXP 	Display Frame 0
108.4038 	EXP 	Display Frame 1
108.4371 	EXP 	Display Frame 2
108.4704 	EXP 	Display Frame 3
108.5038 	EXP 	Display Frame 4
108.5371 	EXP 	Display Frame 5
108.5704 	EXP 	Display Frame 6
108.6038 	EXP 	Display Frame 7
108.6371 	EXP 	Display Frame 8
108.6705 	EXP 	Display Frame 9
108.7038 	EXP 	Display Frame 0
108.7371 	EXP 	Display Frame 1
108.7705 	EXP 	Display Frame 2
108.8038 	EXP 	Display Frame 3
108.8371 	EXP 	Display Frame 4
108.8705 	EXP 	Display Frame 5
108.9038 	EXP 	Display Frame 6
108.9371 	EXP 	Display Frame 7
108.9704 	EXP 	Display Frame 8
109.0038 	EXP 	Display Frame 9
109.0371 	EXP 	Display Frame 0
109.0704 	EXP 	Display Frame 1
109.1038 	EXP 	Display Frame 2
109.1371 	EXP 	Display Frame 3
109.1705 	EXP 	Display Frame 4
109.2038 	EXP 	Display Frame 5
109.2371 	EXP 	Display Frame 6
109.2704 	EXP 	Display Frame 7
109.3037 	EXP 	Display Frame 8
109.3371 	EXP 	Display Frame 9
109.3705 	DATA 	Keypress: equal
109.3714 	EXP 	Display Frame 0
109.4038 	EXP 	Display Frame 1
109.4372 	EXP 	Display Frame 2
109.4704 	EXP 	Display Frame 3
109.5038 	EXP 	Display Frame 4
109.5371 	EXP 	Display Frame 5
109.5704 	EXP 	Display Frame 6
109.6038 	EXP 	Display Frame 7
109.6371 	EXP 	Display Frame 8
109.6705 	EXP 	Display Frame 9
109.7037 	EXP 	Display Frame 0
109.7371 	EXP 	Display Frame 1
109.7704 	EXP 	Display Frame 2
109.8038 	EXP 	Display Frame 3
109.8371 	EXP 	Display Frame 4
109.8705 	EXP 	Display Frame 5
109.9038 	EXP 	Display Frame 6
109.9371 	EXP 	Display Frame 7
109.9705 	EXP 	Display Frame 8
110.0038 	EXP 	Display Frame 9
110.0371 	EXP 	Display Frame 0
110.0704 	EXP 	Display Frame 1
110.1038 	EXP 	Display Frame 2
110.1371 	EXP 	Display Frame 3
110.1704 	EXP 	Display Frame 4
110.2038 	EXP 	Display Frame 5
110.2371 	EXP 	Display Frame 6
110.2704 	EXP 	Display Frame 7
110.3037 	EXP 	Display Frame 8
110.3371 	EXP 	Display Frame 9
110.3704 	EXP 	Display Frame 0
110.4038 	EXP 	Display Frame 1
110.4372 	EXP 	Display Frame 2
110.4705 	EXP 	Display Frame 3
110.5037 	EXP 	Display Frame 4
110.5371 	EXP 	Display Frame 5
110.5704 	EXP 	Display Frame 6
110.6037 	EXP 	Display Frame 7
110.6371 	EXP 	Display Frame 8
110.6704 	EXP 	Display Frame 9
110.7038 	EXP 	Display Frame 0
110.7371 	EXP 	Display Frame 1
110.7704 	EXP 	Display Frame 2
110.8038 	EXP 	Display Frame 3
110.8371 	EXP 	Display Frame 4
110.8704 	DATA 	Keypress: equal
110.8712 	EXP 	Display Frame 5
110.9038 	EXP 	Display Frame 6
110.9371 	EXP 	Display Frame 7
110.9704 	EXP 	Display Frame 8
111.0037 	EXP 	Display Frame 9
111.0371 	EXP 	Display Frame 0
111.0704 	EXP 	Display Frame 1
111.1038 	EXP 	Display Frame 2
111.1372 	EXP 	Display Frame 3
111.1705 	EXP 	Display Frame 4
111.2038 	EXP 	Display Frame 5
111.2371 	EXP 	Display Frame 6
111.2704 	EXP 	Display Frame 7
111.3038 	EXP 	Display Frame 8
111.3371 	EXP 	Display Frame 9
111.3704 	EXP 	Display Frame 0
111.4038 	EXP 	Display Frame 1
111.4372 	EXP 	Display Frame 2
111.4704 	EXP 	Display Frame 3
111.5038 	EXP 	Display Frame 4
111.5371 	EXP 	Display Frame 5
111.5705 	EXP 	Display Frame 6
111.6038 	EXP 	Display Frame 7
111.6371 	EXP 	Display Frame 8
111.6705 	EXP 	Display Frame 9
111.7040 	EXP 	Display Frame 0
111.7372 	EXP 	Display Frame 1
111.7705 	EXP 	Display Frame 2
111.8038 	EXP 	Display Frame 3
111.8371 	EXP 	Display Frame 4
111.8704 	EXP 	Display Frame 5
111.9038 	EXP 	Display Frame 6
111.9372 	EXP 	Display Frame 7
111.9705 	EXP 	Display Frame 8
112.0038 	EXP 	Display Frame 9
112.0371 	EXP 	Display Frame 0
112.0704 	EXP 	Display Frame 1
112.1038 	EXP 	Display Frame 2
112.1371 	EXP 	Display Frame 3
112.1705 	EXP 	Display Frame 4
112.2038 	EXP 	Display Frame 5
112.2373 	EXP 	Display Frame 6
112.2704 	EXP 	Display Frame 7
112.3037 	EXP 	Display Frame 8
112.3372 	EXP 	Display Frame 9
112.3707 	DATA 	Keypress: equal
112.3716 	EXP 	Display Frame 0
112.4038 	EXP 	Display Frame 1
112.4372 	EXP 	Display Frame 2
112.4704 	EXP 	Display Frame 3
112.5038 	EXP 	Display Frame 4
112.5371 	EXP 	Display Frame 5
112.5705 	EXP 	Display Frame 6
112.6038 	EXP 	Display Frame 7
112.6371 	EXP 	Display Frame 8
112.6704 	EXP 	Display Frame 9
112.7038 	EXP 	Display Frame 0
112.7371 	EXP 	Display Frame 1
112.7705 	EXP 	Display Frame 2
112.8038 	EXP 	Display Frame 3
112.8371 	EXP 	Display Frame 4
112.8704 	EXP 	Display Frame 5
112.9038 	EXP 	Display Frame 6
112.9372 	EXP 	Display Frame 7
112.9704 	EXP 	Display Frame 8
113.0038 	EXP 	Display Frame 9
113.0371 	EXP 	Display Frame 0
113.0704 	EXP 	Display Frame 1
113.1038 	EXP 	Display Frame 2
113.1371 	EXP 	Display Frame 3
113.1705 	EXP 	Display Frame 4
113.2038 	EXP 	Display Frame 5
113.2371 	EXP 	Display Frame 6
113.2704 	EXP 	Display Frame 7
113.3038 	EXP 	Display Frame 8
113.3371 	EXP 	Display Frame 9
113.3705 	EXP 	Display Frame 0
113.4038 	EXP 	Display Frame 1
113.4372 	EXP 	Display Frame 2
113.4704 	EXP 	Display Frame 3
113.5038 	EXP 	Display Frame 4
113.5371 	EXP 	Display Frame 5
113.5704 	EXP 	Display Frame 6
113.6038 	EXP 	Display Frame 7
113.6372 	EXP 	Display Frame 8
113.6705 	EXP 	Display Frame 9
113.7038 	EXP 	Display Frame 0
113.7371 	EXP 	Display Frame 1
113.7704 	EXP 	Display Frame 2
113.8038 	EXP 	Display Frame 3
113.8371 	EXP 	Display Frame 4
113.8707 	DATA 	Keypress: equal
113.8716 	EXP 	Display Frame 5
113.9038 	EXP 	Display Frame 6
113.9371 	EXP 	Display Frame 7
113.9704 	EXP 	Display Frame 8
114.0038 	EXP 	Display Frame 9
114.0371 	EXP 	Display Frame 0
114.0704 	EXP 	Display Frame 1
114.1038 	EXP 	Display Frame 2
114.1371 	EXP 	Display Frame 3
114.1704 	EXP 	Display Frame 4
114.2038 	EXP 	Display Frame 5
114.2371 	EXP 	Display Frame 6
114.2704 	EXP 	Display Frame 7
114.3038 	EXP 	Display Frame 8
114.3371 	EXP 	Display Frame 9
114.3703 	EXP 	Display Frame 0
114.4041 	EXP 	Display Frame 1
114.4371 	EXP 	Display Frame 2
114.4705 	EXP 	Display Frame 3
114.5038 	EXP 	Display Frame 4
114.5371 	EXP 	Display Frame 5
114.5704 	EXP 	Display Frame 6
114.6038 	EXP 	Display Frame 7
114.6371 	EXP 	Display Frame 8
114.6705 	EXP 	Display Frame 9
114.7038 	EXP 	Display Frame 0
114.7371 	EXP 	Display Frame 1
114.7704 	EXP 	Display Frame 2
114.8038 	EXP 	Display Frame 3
114.8372 	EXP 	Display Frame 4
114.8704 	EXP 	Display Frame 5
114.9038 	EXP 	Display Frame 6
114.9371 	EXP 	Display Frame 7
114.9704 	EXP 	Display Frame 8
115.0038 	EXP 	Display Frame 9
115.0371 	EXP 	Display Frame 0
115.0705 	EXP 	Display Frame 1
115.1038 	EXP 	Display Frame 2
115.1371 	EXP 	Display Frame 3
115.1704 	EXP 	Display Frame 4
115.2038 	EXP 	Display Frame 5
115.2371 	EXP 	Display Frame 6
115.2704 	EXP 	Display Frame 7
115.3038 	EXP 	Display Frame 8
115.3371 	EXP 	Display Frame 9
115.3707 	DATA 	Keypress: equal
115.3716 	EXP 	Display Frame 0
115.4038 	EXP 	Display Frame 1
115.4371 	EXP 	Display Frame 2
115.4704 	EXP 	Display Frame 3
115.5037 	EXP 	Display Frame 4
115.5371 	EXP 	Display Frame 5
115.5704 	EXP 	Display Frame 6
115.6037 	EXP 	Display Frame 7
115.6371 	EXP 	Display Frame 8
115.6704 	EXP 	Display Frame 9
115.7038 	EXP 	Display Frame 0
115.7371 	EXP 	Display Frame 1
115.7705 	EXP 	Display Frame 2
115.8037 	EXP 	Display Frame 3
115.8371 	EXP 	Display Frame 4
115.8704 	EXP 	Display Frame 5
115.9038 	EXP 	Display Frame 6
115.9371 	EXP 	Display Frame 7
115.9704 	EXP 	Display Frame 8
116.0037 	EXP 	Display Frame 9
116.0371 	EXP 	Display Frame 0
116.0704 	EXP 	Display Frame 1
116.1038 	EXP 	Display Frame 2
116.1371 	EXP 	Display Frame 3
116.1704 	EXP 	Display Frame 4
116.2038 	EXP 	Display Frame 5
116.2371 	EXP 	Display Frame 6
116.2705 	EXP 	Display Frame 7
116.3038 	EXP 	Display Frame 8
116.3371 	EXP 	Display Frame 9
116.3705 	EXP 	Display Frame 0
116.4038 	EXP 	Display Frame 1
116.4371 	EXP 	Display Frame 2
116.4704 	EXP 	Display Frame 3
116.5038 	EXP 	Display Frame 4
116.5371 	EXP 	Display Frame 5
116.5705 	EXP 	Display Frame 6
116.6037 	EXP 	Display Frame 7
116.6371 	EXP 	Display Frame 8
116.6704 	EXP 	Display Frame 9
116.7037 	EXP 	Display Frame 0
116.7371 	EXP 	Display Frame 1
116.7704 	EXP 	Display Frame 2
116.8038 	EXP 	Display Frame 3
116.8371 	EXP 	Display Frame 4
116.8705 	DATA 	Keypress: equal
116.8711 	EXP 	Display Frame 5
116.9038 	EXP 	Display Frame 6
116.9371 	EXP 	Display Frame 7
116.9704 	EXP 	Display Frame 8
117.0038 	EXP 	Display Frame 9
117.0371 	EXP 	Display Frame 0
117.0704 	EXP 	Display Frame 1
117.1038 	EXP 	Display Frame 2
117.1371 	EXP 	Display Frame 3
117.1705 	EXP 	Display Frame 4
117.2038 	EXP 	Display Frame 5
117.2371 	EXP 	Display Frame 6
117.2704 	EXP 	Display Frame 7
117.3038 	EXP 	Display Frame 8
117.3371 	EXP 	Display Frame 9
117.3704 	EXP 	Display Frame 0
117.4038 	EXP 	Display Frame 1
117.4372 	EXP 	Display Frame 2
117.4704 	EXP 	Display Frame 3
117.5038 	EXP 	Display Frame 4
117.5371 	EXP 	Display Frame 5
117.5706 	EXP 	Display Frame 6
117.6038 	EXP 	Display Frame 7
117.6371 	EXP 	Display Frame 8
117.6705 	EXP 	Display Frame 9
117.7037 	EXP 	Display Frame 0
117.7371 	EXP 	Display Frame 1
117.7705 	EXP 	Display Frame 2
117.8038 	EXP 	Display Frame 3
117.8371 	EXP 	Display Frame 4
117.8705 	EXP 	Display Frame 5
117.9038 	EXP 	Display Frame 6
117.9371 	EXP 	Display Frame 7
117.9705 	EXP 	Display Frame 8
118.0038 	EXP 	Display Frame 9
118.0371 	EXP 	Display Frame 0
118.0704 	EXP 	Display Frame 1
118.1037 	EXP 	Display Frame 2
118.1371 	EXP 	Display Frame 3
118.1704 	EXP 	Display Frame 4
118.2038 	EXP 	Display Frame 5
118.2371 	EXP 	Display Frame 6
118.2704 	EXP 	Display Frame 7
118.3038 	EXP 	Display Frame 8
118.3371 	EXP 	Display Frame 9
118.3705 	DATA 	Keypress: equal
118.3715 	EXP 	Display Frame 0
118.4038 	EXP 	Display Frame 1
118.4372 	EXP 	Display Frame 2
118.4704 	EXP 	Display Frame 3
118.5038 	EXP 	Display Frame 4
118.5371 	EXP 	Display Frame 5
118.5704 	EXP 	Display Frame 6
118.6038 	EXP 	Display Frame 7
118.6371 	EXP 	Display Frame 8
118.6705 	EXP 	Display Frame 9
118.7037 	EXP 	Display Frame 0
118.7371 	EXP 	Display Frame 1
118.7705 	EXP 	Display Frame 2
118.8038 	EXP 	Display Frame 3
118.8371 	EXP 	Display Frame 4
118.8704 	EXP 	Display Frame 5
118.9038 	EXP 	Display Frame 6
118.9371 	EXP 	Display Frame 7
118.9704 	EXP 	Display Frame 8
119.0038 	EXP 	Display Frame 9
119.0371 	EXP 	Display Frame 0
119.0704 	EXP 	Display Frame 1
119.1038 	EXP 	Display Frame 2
119.1371 	EXP 	Display Frame 3
119.1705 	EXP 	Display Frame 4
119.2038 	EXP 	Display Frame 5
119.2371 	EXP 	Display Frame 6
119.2705 	EXP 	Display Frame 7
119.3037 	EXP 	Display Frame 8
119.3371 	EXP 	Display Frame 9
119.3705 	EXP 	Display Frame 0
119.4038 	EXP 	Display Frame 1
119.4371 	EXP 	Display Frame 2
119.4705 	EXP 	Display Frame 3
119.5037 	EXP 	Display Frame 4
119.5371 	EXP 	Display Frame 5
119.5705 	EXP 	Display Frame 6
119.6038 	EXP 	Display Frame 7
119.6371 	EXP 	Display Frame 8
119.6704 	EXP 	Display Frame 9
119.7038 	EXP 	Display Frame 0
119.7371 	EXP 	Display Frame 1
119.7704 	EXP 	Display Frame 2
119.8038 	EXP 	Display Frame 3
119.8371 	EXP 	Display Frame 4
119.8705 	DATA 	Keypress: equal
119.8715 	EXP 	Display Frame 5
119.9038 	EXP 	Display Frame 6
119.9371 	EXP 	Display Frame 7
119.9705 	EXP 	Display Frame 8
120.0038 	EXP 	Display Frame 9
120.0371 	EXP 	Display Frame 0
120.0704 	EXP 	Display Frame 1
120.1038 	EXP 	Display Frame 2
120.1371 	EXP 	Display Frame 3
120.1704 	EXP 	Display Frame 4
120.2038 	EXP 	Display Frame 5
120.2371 	EXP 	Display Frame 6
120.2705 	EXP 	Display Frame 7
120.3037 	EXP 	Display Frame 8
120.3372 	EXP 	Display Frame 9
120.3704 	EXP 	Display Frame 0
120.4038 	EXP 	Display Frame 1
120.4371 	EXP 	Display Frame 2
120.4704 	EXP 	Display Frame 3
120.5038 	EXP 	Display Frame 4
120.5371 	EXP 	Display Frame 5
120.5704 	EXP 	Display Frame 6
120.6038 	EXP 	Display Frame 7
120.6371 	EXP 	Display Frame 8
120.6705 	EXP 	Display Frame 9
120.7038 	EXP 	Display Frame 0
120.7371 	EXP 	Display Frame 1
120.7704 	EXP 	Display Frame 2
120.8037 	EXP 	Display Frame 3
120.8371 	EXP 	Display Frame 4
120.8705 	EXP 	Display Frame 5
120.9038 	EXP 	Display Frame 6
120.9371 	EXP 	Display Frame 7
120.9704 	EXP 	Display Frame 8
121.0038 	EXP 	Display Frame 9
121.0371 	EXP 	Display Frame 0
121.0705 	EXP 	Display Frame 1
121.1038 	EXP 	Display Frame 2
121.1371 	EXP 	Display Frame 3
121.1704 	EXP 	Display Frame 4
121.2038 	EXP 	Display Frame 5
121.2371 	EXP 	Display Frame 6
121.2704 	EXP 	Display Frame 7
121.3038 	EXP 	Display Frame 8
121.3371 	EXP 	Display Frame 9
121.3706 	DATA 	Keypress: equal
121.3715 	EXP 	Display Frame 0
121.4038 	EXP 	Display Frame 1
121.4371 	EXP 	Display Frame 2
121.4704 	EXP 	Display Frame 3
121.5038 	EXP 	Display Frame 4
121.5371 	EXP 	Display Frame 5
121.5705 	EXP 	Display Frame 6
121.6038 	EXP 	Display Frame 7
121.6371 	EXP 	Display Frame 8
121.6705 	EXP 	Display Frame 9
121.7038 	EXP 	Display Frame 0
121.7371 	EXP 	Display Frame 1
121.7704 	EXP 	Display Frame 2
121.8038 	EXP 	Display Frame 3
121.8371 	EXP 	Display Frame 4
121.8704 	EXP 	Display Frame 5
121.9038 	EXP 	Display Frame 6
121.9371 	EXP 	Display Frame 7
121.9704 	EXP 	Display Frame 8
122.0038 	EXP 	Display Frame 9
122.0371 	EXP 	Display Frame 0
122.0704 	EXP 	Display Frame 1
122.1038 	EXP 	Display Frame 2
122.1371 	EXP 	Display Frame 3
122.1704 	EXP 	Display Frame 4
122.2038 	EXP 	Display Frame 5
122.2371 	EXP 	Display Frame 6
122.2704 	EXP 	Display Frame 7
122.3038 	EXP 	Display Frame 8
122.3371 	EXP 	Display Frame 9
122.3705 	EXP 	Display Frame 0
122.4037 	EXP 	Display Frame 1
122.4372 	EXP 	Display Frame 2
122.4704 	EXP 	Display Frame 3
122.5038 	EXP 	Display Frame 4
122.5371 	EXP 	Display Frame 5
122.5704 	EXP 	Display Frame 6
122.6038 	EXP 	Display Frame 7
122.6371 	EXP 	Display Frame 8
122.6704 	EXP 	Display Frame 9
122.7038 	EXP 	Display Frame 0
122.7371 	EXP 	Display Frame 1
122.7704 	EXP 	Display Frame 2
122.8038 	EXP 	Display Frame 3
122.8371 	EXP 	Display Frame 4
122.8705 	DATA 	Keypress: equal
122.8713 	EXP 	Display Frame 5
122.8826 	EXP 	Display Fixation
124.3697 	DATA 	Keypress: equal
125.8720 	DATA 	Keypress: equal
127.3697 	DATA 	Keypress: equal
128.8729 	DATA 	Keypress: equal
130.3697 	DATA 	Keypress: equal
131.8727 	DATA 	Keypress: equal
133.3698 	DATA 	Keypress: equal
134.8730 	DATA 	Keypress: equal
136.3697 	DATA 	Keypress: equal
137.8720 	DATA 	Keypress: equal
139.3699 	DATA 	Keypress: equal
140.8722 	DATA 	Keypress: equal
142.3695 	DATA 	Keypress: equal
143.8720 	DATA 	Keypress: equal
145.3703 	DATA 	Keypress: equal
145.4047 	EXP 	Display Frame 1
145.4379 	EXP 	Display Frame 2
145.4712 	EXP 	Display Frame 3
145.5045 	EXP 	Display Frame 4
145.5379 	EXP 	Display Frame 5
145.5711 	EXP 	Display Frame 6
145.6045 	EXP 	Display Frame 7
145.6378 	EXP 	Display Frame 8
145.6712 	EXP 	Display Frame 9
145.7045 	EXP 	Display Frame 0
145.7378 	EXP 	Display Frame 1
145.7711 	EXP 	Display Frame 2
145.8045 	EXP 	Display Frame 3
145.8378 	EXP 	Display Frame 4
145.8711 	EXP 	Display Frame 5
145.9045 	EXP 	Display Frame 6
145.9378 	EXP 	Display Frame 7
145.9712 	EXP 	Display Frame 8
146.0044 	EXP 	Display Frame 9
146.0378 	EXP 	Display Frame 0
146.0711 	EXP 	Display Frame 1
146.1044 	EXP 	Display Frame 2
146.1379 	EXP 	Display Frame 3
146.1711 	EXP 	Display Frame 4
146.2045 	EXP 	Display Frame 5
146.2378 	EXP 	Display Frame 6
146.2711 	EXP 	Display Frame 7
146.3045 	EXP 	Display Frame 8
146.3378 	EXP 	Display Frame 9
146.3711 	EXP 	Display Frame 0
146.4045 	EXP 	Display Frame 1
146.4379 	EXP 	Display Frame 2
146.4711 	EXP 	Display Frame 3
146.5044 	EXP 	Display Frame 4
146.5378 	EXP 	Display Frame 5
146.5711 	EXP 	Display Frame 6
146.6044 	EXP 	Display Frame 7
146.6378 	EXP 	Display Frame 8
146.6711 	EXP 	Display Frame 9
146.7044 	EXP 	Display Frame 0
146.7378 	EXP 	Display Frame 1
146.7711 	EXP 	Display Frame 2
146.8044 	EXP 	Display Frame 3
146.8378 	EXP 	Display Frame 4
146.8713 	DATA 	Keypress: equal
146.8722 	EXP 	Display Frame 5
146.9044 	EXP 	Display Frame 6
146.9378 	EXP 	Display Frame 7
146.9711 	EXP 	Display Frame 8
147.0045 	EXP 	Display Frame 9
147.0378 	EXP 	Display Frame 0
147.0711 	EXP 	Display Frame 1
147.1045 	EXP 	Display Frame 2
147.1378 	EXP 	Display Frame 3
147.1711 	EXP 	Display Frame 4
147.2045 	EXP 	Display Frame 5
147.2378 	EXP 	Display Frame 6
147.2712 	EXP 	Display Frame 7
147.3045 	EXP 	Display Frame 8
147.3378 	EXP 	Display Frame 9
147.3713 	EXP 	Display Frame 0
147.4045 	EXP 	Display Frame 1
147.4378 	EXP 	Display Frame 2
147.4712 	EXP 	Display Frame 3
147.5045 	EXP 	Display Frame 4
147.5378 	EXP 	Display Frame 5
147.5711 	EXP 	Display Frame 6
147.6045 	EXP 	Display Frame 7
147.6378 	EXP 	Display Frame 8
147.6711 	EXP 	Display Frame 9
147.7045 	EXP 	Display Frame 0
147.7378 	EXP 	Display Frame 1
147.7711 	EXP 	Display Frame 2
147.8044 	EXP 	Display Frame 3
147.8378 	EXP 	Display Frame 4
147.8711 	EXP 	Display Frame 5
147.9045 	EXP 	Display Frame 6
147.9378 	EXP 	Display Frame 7
147.9711 	EXP 	Display Frame 8
148.0045 	EXP 	Display Frame 9
148.0378 	EXP 	Display Frame 0
148.0711 	EXP 	Display Frame 1
148.1045 	EXP 	Display Frame 2
148.1378 	EXP 	Display Frame 3
148.1711 	EXP 	Display Frame 4
148.2044 	EXP 	Display Frame 5
148.2378 	EXP 	Display Frame 6
148.2711 	EXP 	Display Frame 7
148.3045 	EXP 	Display Frame 8
148.3378 	EXP 	Display Frame 9
148.3712 	DATA 	Keypress: equal
148.3720 	EXP 	Display Frame 0
148.4045 	EXP 	Display Frame 1
148.4378 	EXP 	Display Frame 2
148.4711 	EXP 	Display Frame 3
148.5045 	EXP 	Display Frame 4
148.5378 	EXP 	Display Frame 5
148.5711 	EXP 	Display Frame 6
148.6045 	EXP 	Display Frame 7
148.6378 	EXP 	Display Frame 8
148.6711 	EXP 	Display Frame 9
148.7044 	EXP 	Display Frame 0
148.7378 	EXP 	Display Frame 1
148.7711 	EXP 	Display Frame 2
148.8045 	EXP 	Display Frame 3
148.8378 	EXP 	Display Frame 4
148.8712 	EXP 	Display Frame 5
148.9045 	EXP 	Display Frame 6
148.9378 	EXP 	Display Frame 7
148.9712 	EXP 	Display Frame 8
149.0045 	EXP 	Display Frame 9
149.0378 	EXP 	Display Frame 0
149.0711 	EXP 	Display Frame 1
149.1045 	EXP 	Display Frame 2
149.1378 	EXP 	Display Frame 3
149.1711 	EXP 	Display Frame 4
149.2045 	EXP 	Display Frame 5
149.2378 	EXP 	Display Frame 6
149.2712 	EXP 	Display Frame 7
149.3045 	EXP 	Display Frame 8
149.3378 	EXP 	Display Frame 9
149.3711 	EXP 	Display Frame 0
149.4045 	EXP 	Display Frame 1
149.4379 	EXP 	Display Frame 2
149.4711 	EXP 	Display Frame 3
149.5045 	EXP 	Display Frame 4
149.5378 	EXP 	Display Frame 5
149.5713 	EXP 	Display Frame 6
149.6045 	EXP 	Display Frame 7
149.6378 	EXP 	Display Frame 8
149.6711 	EXP 	Display Frame 9
149.7045 	EXP 	Display Frame 0
149.7378 	EXP 	Display Frame 1
149.7712 	EXP 	Display Frame 2
149.8045 	EXP 	Display Frame 3
149.8378 	EXP 	Display Frame 4
149.8713 	DATA 	Keypress: equal
149.8721 	EXP 	Display Frame 5
149.9045 	EXP 	Display Frame 6
149.9378 	EXP 	Display Frame 7
149.9711 	EXP 	Display Frame 8
150.0044 	EXP 	Display Frame 9
150.0378 	EXP 	Display Frame 0
150.0711 	EXP 	Display Frame 1
150.1045 	EXP 	Display Frame 2
150.1378 	EXP 	Display Frame 3
150.1711 	EXP 	Display Frame 4
150.2045 	EXP 	Display Frame 5
150.2378 	EXP 	Display Frame 6
150.2712 	EXP 	Display Frame 7
150.3044 	EXP 	Display Frame 8
150.3378 	EXP 	Display Frame 9
150.3711 	EXP 	Display Frame 0
150.4045 	EXP 	Display Frame 1
150.4378 	EXP 	Display Frame 2
150.4712 	EXP 	Display Frame 3
150.5045 	EXP 	Display Frame 4
150.5378 	EXP 	Display Frame 5
150.5711 	EXP 	Display Frame 6
150.6045 	EXP 	Display Frame 7
150.6378 	EXP 	Display Frame 8
150.6711 	EXP 	Display Frame 9
150.7045 	EXP 	Display Frame 0
150.7378 	EXP 	Display Frame 1
150.7711 	EXP 	Display Frame 2
150.8044 	EXP 	Display Frame 3
150.8378 	EXP 	Display Frame 4
150.8712 	EXP 	Display Frame 5
150.9045 	EXP 	Display Frame 6
150.9378 	EXP 	Display Frame 7
150.9711 	EXP 	Display Frame 8
151.0045 	EXP 	Display Frame 9
151.0378 	EXP 	Display Frame 0
151.0711 	EXP 	Display Frame 1
151.1045 	EXP 	Display Frame 2
151.1378 	EXP 	Display Frame 3
151.1712 	EXP 	Display Frame 4
151.2045 	EXP 	Display Frame 5
151.2378 	EXP 	Display Frame 6
151.2711 	EXP 	Display Frame 7
151.3045 	EXP 	Display Frame 8
151.3378 	EXP 	Display Frame 9
151.3713 	DATA 	Keypress: equal
151.3722 	EXP 	Display Frame 0
151.4045 	EXP 	Display Frame 1
151.4378 	EXP 	Display Frame 2
151.4711 	EXP 	Display Frame 3
151.5047 	EXP 	Display Frame 4
151.5379 	EXP 	Display Frame 5
151.5712 	EXP 	Display Frame 6
151.6045 	EXP 	Display Frame 7
151.6378 	EXP 	Display Frame 8
151.6712 	EXP 	Display Frame 9
151.7044 	EXP 	Display Frame 0
151.7378 	EXP 	Display Frame 1
151.7712 	EXP 	Display Frame 2
151.8045 	EXP 	Display Frame 3
151.8378 	EXP 	Display Frame 4
151.8711 	EXP 	Display Frame 5
151.9045 	EXP 	Display Frame 6
151.9378 	EXP 	Display Frame 7
151.9712 	EXP 	Display Frame 8
152.0045 	EXP 	Display Frame 9
152.0378 	EXP 	Display Frame 0
152.0711 	EXP 	Display Frame 1
152.1044 	EXP 	Display Frame 2
152.1378 	EXP 	Display Frame 3
152.1711 	EXP 	Display Frame 4
152.2045 	EXP 	Display Frame 5
152.2378 	EXP 	Display Frame 6
152.2711 	EXP 	Display Frame 7
152.3045 	EXP 	Display Frame 8
152.3378 	EXP 	Display Frame 9
152.3711 	EXP 	Display Frame 0
152.4045 	EXP 	Display Frame 1
152.4378 	EXP 	Display Frame 2
152.4711 	EXP 	Display Frame 3
152.5045 	EXP 	Display Frame 4
152.5378 	EXP 	Display Frame 5
152.5711 	EXP 	Display Frame 6
152.6045 	EXP 	Display Frame 7
152.6378 	EXP 	Display Frame 8
152.6711 	EXP 	Display Frame 9
152.7044 	EXP 	Display Frame 0
152.7378 	EXP 	Display Frame 1
152.7711 	EXP 	Display Frame 2
152.8045 	EXP 	Display Frame 3
152.8378 	EXP 	Display Frame 4
152.8713 	DATA 	Keypress: equal
152.8722 	EXP 	Display Frame 5
152.9045 	EXP 	Display Frame 6
152.9378 	EXP 	Display Frame 7
152.9711 	EXP 	Display Frame 8
153.0045 	EXP 	Display Frame 9
153.0378 	EXP 	Display Frame 0
153.0711 	EXP 	Display Frame 1
153.1045 	EXP 	Display Frame 2
153.1378 	EXP 	Display Frame 3
153.1711 	EXP 	Display Frame 4
153.2045 	EXP 	Display Frame 5
153.2378 	EXP 	Display Frame 6
153.2711 	EXP 	Display Frame 7
153.3045 	EXP 	Display Frame 8
153.3378 	EXP 	Display Frame 9
153.3711 	EXP 	Display Frame 0
153.4045 	EXP 	Display Frame 1
153.4379 	EXP 	Display Frame 2
153.4711 	EXP 	Display Frame 3
153.5045 	EXP 	Display Frame 4
153.5378 	EXP 	Display Frame 5
153.5711 	EXP 	Display Frame 6
153.6045 	EXP 	Display Frame 7
153.6378 	EXP 	Display Frame 8
153.6711 	EXP 	Display Frame 9
153.7044 	EXP 	Display Frame 0
153.7378 	EXP 	Display Frame 1
153.7711 	EXP 	Display Frame 2
153.8045 	EXP 	Display Frame 3
153.8378 	EXP 	Display Frame 4
153.8711 	EXP 	Display Frame 5
153.9045 	EXP 	Display Frame 6
153.9378 	EXP 	Display Frame 7
153.9712 	EXP 	Display Frame 8
154.0045 	EXP 	Display Frame 9
154.0378 	EXP 	Display Frame 0
154.0711 	EXP 	Display Frame 1
154.1045 	EXP 	Display Frame 2
154.1378 	EXP 	Display Frame 3
154.1711 	EXP 	Display Frame 4
154.2045 	EXP 	Display Frame 5
154.2378 	EXP 	Display Frame 6
154.2711 	EXP 	Display Frame 7
154.3045 	EXP 	Display Frame 8
154.3378 	EXP 	Display Frame 9
154.3712 	DATA 	Keypress: equal
154.3720 	EXP 	Display Frame 0
154.4045 	EXP 	Display Frame 1
154.4378 	EXP 	Display Frame 2
154.4711 	EXP 	Display Frame 3
154.5045 	EXP 	Display Frame 4
154.5378 	EXP 	Display Frame 5
154.5711 	EXP 	Display Frame 6
154.6045 	EXP 	Display Frame 7
154.6378 	EXP 	Display Frame 8
154.6711 	EXP 	Display Frame 9
154.7044 	EXP 	Display Frame 0
154.7378 	EXP 	Display Frame 1
154.7711 	EXP 	Display Frame 2
154.8044 	EXP 	Display Frame 3
154.8378 	EXP 	Display Frame 4
154.8711 	EXP 	Display Frame 5
154.9046 	EXP 	Display Frame 6
154.9378 	EXP 	Display Frame 7
154.9711 	EXP 	Display Frame 8
155.0044 	EXP 	Display Frame 9
155.0378 	EXP 	Display Frame 0
155.0712 	EXP 	Display Frame 1
155.1045 	EXP 	Display Frame 2
155.1378 	EXP 	Display Frame 3
155.1711 	EXP 	Display Frame 4
155.2045 	EXP 	Display Frame 5
155.2378 	EXP 	Display Frame 6
155.2711 	EXP 	Display Frame 7
155.3044 	EXP 	Display Frame 8
155.3378 	EXP 	Display Frame 9
155.3712 	EXP 	Display Frame 0
155.4045 	EXP 	Display Frame 1
155.4378 	EXP 	Display Frame 2
155.4711 	EXP 	Display Frame 3
155.5044 	EXP 	Display Frame 4
155.5378 	EXP 	Display Frame 5
155.5711 	EXP 	Display Frame 6
155.6045 	EXP 	Display Frame 7
155.6378 	EXP 	Display Frame 8
155.6711 	EXP 	Display Frame 9
155.7045 	EXP 	Display Frame 0
155.7378 	EXP 	Display Frame 1
155.7711 	EXP 	Display Frame 2
155.8045 	EXP 	Display Frame 3
155.8378 	EXP 	Display Frame 4
155.8713 	DATA 	Keypress: equal
155.8722 	EXP 	Display Frame 5
155.9045 	EXP 	Display Frame 6
155.9378 	EXP 	Display Frame 7
155.9711 	EXP 	Display Frame 8
156.0045 	EXP 	Display Frame 9
156.0378 	EXP 	Display Frame 0
156.0711 	EXP 	Display Frame 1
156.1045 	EXP 	Display Frame 2
156.1378 	EXP 	Display Frame 3
156.1711 	EXP 	Display Frame 4
156.2045 	EXP 	Display Frame 5
156.2378 	EXP 	Display Frame 6
156.2711 	EXP 	Display Frame 7
156.3045 	EXP 	Display Frame 8
156.3378 	EXP 	Display Frame 9
156.3712 	EXP 	Display Frame 0
156.4045 	EXP 	Display Frame 1
156.4378 	EXP 	Display Frame 2
156.4711 	EXP 	Display Frame 3
156.5045 	EXP 	Display Frame 4
156.5378 	EXP 	Display Frame 5
156.5711 	EXP 	Display Frame 6
156.6045 	EXP 	Display Frame 7
156.6378 	EXP 	Display Frame 8
156.6711 	EXP 	Display Frame 9
156.7045 	EXP 	Display Frame 0
156.7378 	EXP 	Display Frame 1
156.7711 	EXP 	Display Frame 2
156.8045 	EXP 	Display Frame 3
156.8378 	EXP 	Display Frame 4
156.8711 	EXP 	Display Frame 5
156.9045 	EXP 	Display Frame 6
156.9378 	EXP 	Display Frame 7
156.9711 	EXP 	Display Frame 8
157.0044 	EXP 	Display Frame 9
157.0378 	EXP 	Display Frame 0
157.0712 	EXP 	Display Frame 1
157.1045 	EXP 	Display Frame 2
157.1378 	EXP 	Display Frame 3
157.1711 	EXP 	Display Frame 4
157.2045 	EXP 	Display Frame 5
157.2378 	EXP 	Display Frame 6
157.2711 	EXP 	Display Frame 7
157.3045 	EXP 	Display Frame 8
157.3378 	EXP 	Display Frame 9
157.3712 	DATA 	Keypress: equal
157.3721 	EXP 	Display Frame 0
157.4044 	EXP 	Display Frame 1
157.4378 	EXP 	Display Frame 2
157.4711 	EXP 	Display Frame 3
157.5044 	EXP 	Display Frame 4
157.5378 	EXP 	Display Frame 5
157.5711 	EXP 	Display Frame 6
157.6045 	EXP 	Display Frame 7
157.6378 	EXP 	Display Frame 8
157.6711 	EXP 	Display Frame 9
157.7044 	EXP 	Display Frame 0
157.7378 	EXP 	Display Frame 1
157.7712 	EXP 	Display Frame 2
157.8045 	EXP 	Display Frame 3
157.8383 	EXP 	Display Frame 4
157.8712 	EXP 	Display Frame 5
157.9045 	EXP 	Display Frame 6
157.9378 	EXP 	Display Frame 7
157.9712 	EXP 	Display Frame 8
158.0045 	EXP 	Display Frame 9
158.0379 	EXP 	Display Frame 0
158.0712 	EXP 	Display Frame 1
158.1044 	EXP 	Display Frame 2
158.1378 	EXP 	Display Frame 3
158.1712 	EXP 	Display Frame 4
158.2045 	EXP 	Display Frame 5
158.2378 	EXP 	Display Frame 6
158.2711 	EXP 	Display Frame 7
158.3044 	EXP 	Display Frame 8
158.3378 	EXP 	Display Frame 9
158.3712 	EXP 	Display Frame 0
158.4045 	EXP 	Display Frame 1
158.4378 	EXP 	Display Frame 2
158.4711 	EXP 	Display Frame 3
158.5045 	EXP 	Display Frame 4
158.5378 	EXP 	Display Frame 5
158.5711 	EXP 	Display Frame 6
158.6045 	EXP 	Display Frame 7
158.6378 	EXP 	Display Frame 8
158.6711 	EXP 	Display Frame 9
158.7045 	EXP 	Display Frame 0
158.7378 	EXP 	Display Frame 1
158.7711 	EXP 	Display Frame 2
158.8045 	EXP 	Display Frame 3
158.8378 	EXP 	Display Frame 4
158.8713 	DATA 	Keypress: equal
158.8722 	EXP 	Display Frame 5
158.9044 	EXP 	Display Frame 6
158.9378 	EXP 	Display Frame 7
158.9711 	EXP 	Display Frame 8
159.0045 	EXP 	Display Frame 9
159.0378 	EXP 	Display Frame 0
159.0711 	EXP 	Display Frame 1
159.1045 	EXP 	Display Frame 2
159.1378 	EXP 	Display Frame 3
159.1711 	EXP 	Display Frame 4
159.2045 	EXP 	Display Frame 5
159.2378 	EXP 	Display Frame 6
159.2712 	EXP 	Display Frame 7
159.3045 	EXP 	Display Frame 8
159.3378 	EXP 	Display Frame 9
159.3711 	EXP 	Display Frame 0
159.4045 	EXP 	Display Frame 1
159.4378 	EXP 	Display Frame 2
159.4711 	EXP 	Display Frame 3
159.5045 	EXP 	Display Frame 4
159.5378 	EXP 	Display Frame 5
159.5711 	EXP 	Display Frame 6
159.6045 	EXP 	Display Frame 7
159.6378 	EXP 	Display Frame 8
159.6711 	EXP 	Display Frame 9
159.7045 	EXP 	Display Frame 0
159.7378 	EXP 	Display Frame 1
159.7711 	EXP 	Display Frame 2
159.8045 	EXP 	Display Frame 3
159.8378 	EXP 	Display Frame 4
159.8711 	EXP 	Display Frame 5
159.9044 	EXP 	Display Frame 6
159.9378 	EXP 	Display Frame 7
159.9712 	EXP 	Display Frame 8
160.0045 	EXP 	Display Frame 9
160.0378 	EXP 	Display Frame 0
160.0712 	EXP 	Display Frame 1
160.1045 	EXP 	Display Frame 2
160.1378 	EXP 	Display Frame 3
160.1711 	EXP 	Display Frame 4
160.2044 	EXP 	Display Frame 5
160.2380 	EXP 	Display Frame 6
160.2711 	EXP 	Display Frame 7
160.3045 	EXP 	Display Frame 8
160.3378 	EXP 	Display Frame 9
160.3714 	DATA 	Keypress: equal
160.3723 	EXP 	Display Frame 0
160.4044 	EXP 	Display Frame 1
160.4378 	EXP 	Display Frame 2
160.4711 	EXP 	Display Frame 3
160.5045 	EXP 	Display Frame 4
160.5378 	EXP 	Display Frame 5
160.5711 	EXP 	Display Frame 6
160.6045 	EXP 	Display Frame 7
160.6378 	EXP 	Display Frame 8
160.6711 	EXP 	Display Frame 9
160.7044 	EXP 	Display Frame 0
160.7378 	EXP 	Display Frame 1
160.7711 	EXP 	Display Frame 2
160.8045 	EXP 	Display Frame 3
160.8378 	EXP 	Display Frame 4
160.8723 	EXP 	Display Frame 5
160.9044 	EXP 	Display Frame 6
160.9378 	EXP 	Display Frame 7
160.9711 	EXP 	Display Frame 8
161.0045 	EXP 	Display Frame 9
161.0378 	EXP 	Display Frame 0
161.0711 	EXP 	Display Frame 1
161.1045 	EXP 	Display Frame 2
161.1378 	EXP 	Display Frame 3
161.1711 	EXP 	Display Frame 4
161.2045 	EXP 	Display Frame 5
161.2378 	EXP 	Display Frame 6
161.2711 	EXP 	Display Frame 7
161.3045 	EXP 	Display Frame 8
161.3378 	EXP 	Display Frame 9
161.3711 	EXP 	Display Frame 0
161.4045 	EXP 	Display Frame 1
161.4378 	EXP 	Display Frame 2
161.4711 	EXP 	Display Frame 3
161.5045 	EXP 	Display Frame 4
161.5378 	EXP 	Display Frame 5
161.5711 	EXP 	Display Frame 6
161.6045 	EXP 	Display Frame 7
161.6378 	EXP 	Display Frame 8
161.6712 	EXP 	Display Frame 9
161.7044 	EXP 	Display Frame 0
161.7378 	EXP 	Display Frame 1
161.7711 	EXP 	Display Frame 2
161.8045 	EXP 	Display Frame 3
161.8378 	EXP 	Display Frame 4
161.8713 	DATA 	Keypress: equal
161.8722 	EXP 	Display Frame 5
161.9045 	EXP 	Display Frame 6
161.9378 	EXP 	Display Frame 7
161.9711 	EXP 	Display Frame 8
162.0045 	EXP 	Display Frame 9
162.0378 	EXP 	Display Frame 0
162.0711 	EXP 	Display Frame 1
162.1045 	EXP 	Display Frame 2
162.1378 	EXP 	Display Frame 3
162.1711 	EXP 	Display Frame 4
162.2045 	EXP 	Display Frame 5
162.2378 	EXP 	Display Frame 6
162.2711 	EXP 	Display Frame 7
162.3045 	EXP 	Display Frame 8
162.3378 	EXP 	Display Frame 9
162.3711 	EXP 	Display Frame 0
162.4045 	EXP 	Display Frame 1
162.4378 	EXP 	Display Frame 2
162.4711 	EXP 	Display Frame 3
162.5044 	EXP 	Display Frame 4
162.5378 	EXP 	Display Frame 5
162.5711 	EXP 	Display Frame 6
162.6045 	EXP 	Display Frame 7
162.6378 	EXP 	Display Frame 8
162.6711 	EXP 	Display Frame 9
162.7045 	EXP 	Display Frame 0
162.7378 	EXP 	Display Frame 1
162.7711 	EXP 	Display Frame 2
162.8045 	EXP 	Display Frame 3
162.8378 	EXP 	Display Frame 4
162.8711 	EXP 	Display Frame 5
162.9045 	EXP 	Display Frame 6
162.9378 	EXP 	Display Frame 7
162.9711 	EXP 	Display Frame 8
163.0045 	EXP 	Display Frame 9
163.0378 	EXP 	Display Frame 0
163.0711 	EXP 	Display Frame 1
163.1044 	EXP 	Display Frame 2
163.1378 	EXP 	Display Frame 3
163.1711 	EXP 	Display Frame 4
163.2045 	EXP 	Display Frame 5
163.2378 	EXP 	Display Frame 6
163.2711 	EXP 	Display Frame 7
163.3045 	EXP 	Display Frame 8
163.3378 	EXP 	Display Frame 9
163.3712 	DATA 	Keypress: equal
163.3720 	EXP 	Display Frame 0
163.4044 	EXP 	Display Frame 1
163.4378 	EXP 	Display Frame 2
163.4712 	EXP 	Display Frame 3
163.5045 	EXP 	Display Frame 4
163.5378 	EXP 	Display Frame 5
163.5711 	EXP 	Display Frame 6
163.6045 	EXP 	Display Frame 7
163.6378 	EXP 	Display Frame 8
163.6711 	EXP 	Display Frame 9
163.7044 	EXP 	Display Frame 0
163.7378 	EXP 	Display Frame 1
163.7712 	EXP 	Display Frame 2
163.8045 	EXP 	Display Frame 3
163.8378 	EXP 	Display Frame 4
163.8711 	EXP 	Display Frame 5
163.9045 	EXP 	Display Frame 6
163.9378 	EXP 	Display Frame 7
163.9712 	EXP 	Display Frame 8
164.0045 	EXP 	Display Frame 9
164.0378 	EXP 	Display Frame 0
164.0711 	EXP 	Display Frame 1
164.1045 	EXP 	Display Frame 2
164.1378 	EXP 	Display Frame 3
164.1711 	EXP 	Display Frame 4
164.2045 	EXP 	Display Frame 5
164.2378 	EXP 	Display Frame 6
164.2711 	EXP 	Display Frame 7
164.3044 	EXP 	Display Frame 8
164.3378 	EXP 	Display Frame 9
164.3712 	EXP 	Display Frame 0
164.4045 	EXP 	Display Frame 1
164.4378 	EXP 	Display Frame 2
164.4711 	EXP 	Display Frame 3
164.5045 	EXP 	Display Frame 4
164.5378 	EXP 	Display Frame 5
164.5711 	EXP 	Display Frame 6
164.6045 	EXP 	Display Frame 7
164.6378 	EXP 	Display Frame 8
164.6711 	EXP 	Display Frame 9
164.7045 	EXP 	Display Frame 0
164.7378 	EXP 	Display Frame 1
164.7711 	EXP 	Display Frame 2
164.8045 	EXP 	Display Frame 3
164.8378 	EXP 	Display Frame 4
164.8711 	DATA 	Keypress: equal
164.8719 	EXP 	Display Frame 5
164.9045 	EXP 	Display Frame 6
164.9378 	EXP 	Display Frame 7
164.9711 	EXP 	Display Frame 8
165.0045 	EXP 	Display Frame 9
165.0378 	EXP 	Display Frame 0
165.0711 	EXP 	Display Frame 1
165.1045 	EXP 	Display Frame 2
165.1378 	EXP 	Display Frame 3
165.1711 	EXP 	Display Frame 4
165.2045 	EXP 	Display Frame 5
165.2378 	EXP 	Display Frame 6
165.2711 	EXP 	Display Frame 7
165.3044 	EXP 	Display Frame 8
165.3378 	EXP 	Display Frame 9
165.3711 	EXP 	Display Frame 0
165.4045 	EXP 	Display Frame 1
165.4378 	EXP 	Display Frame 2
165.4711 	EXP 	Display Frame 3
165.5045 	EXP 	Display Frame 4
165.5378 	EXP 	Display Frame 5
165.5714 	EXP 	Display Frame 6
165.6045 	EXP 	Display Frame 7
165.6378 	EXP 	Display Frame 8
165.6711 	EXP 	Display Frame 9
165.7044 	EXP 	Display Frame 0
165.7378 	EXP 	Display Frame 1
165.7711 	EXP 	Display Frame 2
165.8045 	EXP 	Display Frame 3
165.8378 	EXP 	Display Frame 4
165.8711 	EXP 	Display Frame 5
165.9045 	EXP 	Display Frame 6
165.9378 	EXP 	Display Frame 7
165.9711 	EXP 	Display Frame 8
166.0044 	EXP 	Display Frame 9
166.0378 	EXP 	Display Frame 0
166.0711 	EXP 	Display Frame 1
166.1045 	EXP 	Display Frame 2
166.1378 	EXP 	Display Frame 3
166.1711 	EXP 	Display Frame 4
166.2045 	EXP 	Display Frame 5
166.2378 	EXP 	Display Frame 6
166.2711 	EXP 	Display Frame 7
166.3045 	EXP 	Display Frame 8
166.3378 	EXP 	Display Frame 9
166.3714 	DATA 	Keypress: equal
166.3722 	EXP 	Display Frame 0
166.4045 	EXP 	Display Frame 1
166.4378 	EXP 	Display Frame 2
166.4711 	EXP 	Display Frame 3
166.5045 	EXP 	Display Frame 4
166.5378 	EXP 	Display Frame 5
166.5711 	EXP 	Display Frame 6
166.6045 	EXP 	Display Frame 7
166.6378 	EXP 	Display Frame 8
166.6711 	EXP 	Display Frame 9
166.7044 	EXP 	Display Frame 0
166.7378 	EXP 	Display Frame 1
166.7711 	EXP 	Display Frame 2
166.8045 	EXP 	Display Frame 3
166.8378 	EXP 	Display Frame 4
166.8711 	EXP 	Display Frame 5
166.9045 	EXP 	Display Frame 6
166.9378 	EXP 	Display Frame 7
166.9711 	EXP 	Display Frame 8
167.0045 	EXP 	Display Frame 9
167.0378 	EXP 	Display Frame 0
167.0711 	EXP 	Display Frame 1
167.1045 	EXP 	Display Frame 2
167.1378 	EXP 	Display Frame 3
167.1711 	EXP 	Display Frame 4
167.2045 	EXP 	Display Frame 5
167.2378 	EXP 	Display Frame 6
167.2711 	EXP 	Display Frame 7
167.3044 	EXP 	Display Frame 8
167.3378 	EXP 	Display Frame 9
167.3711 	EXP 	Display Frame 0
167.4045 	EXP 	Display Frame 1
167.4378 	EXP 	Display Frame 2
167.4711 	EXP 	Display Frame 3
167.5045 	EXP 	Display Frame 4
167.5378 	EXP 	Display Frame 5
167.5711 	EXP 	Display Frame 6
167.6045 	EXP 	Display Frame 7
167.6378 	EXP 	Display Frame 8
167.6711 	EXP 	Display Frame 9
167.7045 	EXP 	Display Frame 0
167.7378 	EXP 	Display Frame 1
167.7711 	EXP 	Display Frame 2
167.8045 	EXP 	Display Frame 3
167.8378 	EXP 	Display Frame 4
167.8712 	DATA 	Keypress: equal
167.8720 	EXP 	Display Frame 5
167.8798 	EXP 	Display Fixation
169.3695 	DATA 	Keypress: equal
170.8693 	DATA 	Keypress: equal
172.3700 	DATA 	Keypress: equal
173.8699 	DATA 	Keypress: equal
175.3704 	DATA 	Keypress: equal
176.8699 	DATA 	Keypress: equal
178.3702 	DATA 	Keypress: equal
179.8700 	DATA 	Keypress: equal
181.3703 	DATA 	Keypress: equal
182.8702 	DATA 	Keypress: equal
184.3701 	DATA 	Keypress: equal
185.8699 	DATA 	Keypress: equal
187.3701 	DATA 	Keypress: equal
188.8701 	DATA 	Keypress: equal
190.3701 	DATA 	Keypress: equal
190.4044 	EXP 	Display Frame 1
190.4375 	EXP 	Display Frame 2
190.4709 	EXP 	Display Frame 3
190.5042 	EXP 	Display Frame 4
190.5376 	EXP 	Display Frame 5
190.5709 	EXP 	Display Frame 6
190.6042 	EXP 	Display Frame 7
190.6375 	EXP 	Display Frame 8
190.6709 	EXP 	Display Frame 9
190.7042 	EXP 	Display Frame 0
190.7375 	EXP 	Display Frame 1
190.7708 	EXP 	Display Frame 2
190.8042 	EXP 	Display Frame 3
190.8375 	EXP 	Display Frame 4
190.8708 	EXP 	Display Frame 5
190.9041 	EXP 	Display Frame 6
190.9375 	EXP 	Display Frame 7
190.9709 	EXP 	Display Frame 8
191.0042 	EXP 	Display Frame 9
191.0375 	EXP 	Display Frame 0
191.0709 	EXP 	Display Frame 1
191.1042 	EXP 	Display Frame 2
191.1375 	EXP 	Display Frame 3
191.1709 	EXP 	Display Frame 4
191.2041 	EXP 	Display Frame 5
191.2375 	EXP 	Display Frame 6
191.2710 	EXP 	Display Frame 7
191.3042 	EXP 	Display Frame 8
191.3375 	EXP 	Display Frame 9
191.3708 	EXP 	Display Frame 0
191.4041 	EXP 	Display Frame 1
191.4375 	EXP 	Display Frame 2
191.4708 	EXP 	Display Frame 3
191.5042 	EXP 	Display Frame 4
191.5375 	EXP 	Display Frame 5
191.5708 	EXP 	Display Frame 6
191.6042 	EXP 	Display Frame 7
191.6375 	EXP 	Display Frame 8
191.6709 	EXP 	Display Frame 9
191.7042 	EXP 	Display Frame 0
191.7375 	EXP 	Display Frame 1
191.7709 	EXP 	Display Frame 2
191.8042 	EXP 	Display Frame 3
191.8375 	EXP 	Display Frame 4
191.8710 	DATA 	Keypress: equal
191.8717 	EXP 	Display Frame 5
191.9042 	EXP 	Display Frame 6
191.9375 	EXP 	Display Frame 7
191.9708 	EXP 	Display Frame 8
192.0042 	EXP 	Display Frame 9
192.0375 	EXP 	Display Frame 0
192.0709 	EXP 	Display Frame 1
192.1042 	EXP 	Display Frame 2
192.1375 	EXP 	Display Frame 3
192.1709 	EXP 	Display Frame 4
192.2042 	EXP 	Display Frame 5
192.2377 	EXP 	Display Frame 6
192.2708 	EXP 	Display Frame 7
192.3042 	EXP 	Display Frame 8
192.3376 	EXP 	Display Frame 9
192.3708 	EXP 	Display Frame 0
192.4042 	EXP 	Display Frame 1
192.4375 	EXP 	Display Frame 2
192.4708 	EXP 	Display Frame 3
192.5042 	EXP 	Display Frame 4
192.5375 	EXP 	Display Frame 5
192.5709 	EXP 	Display Frame 6
192.6042 	EXP 	Display Frame 7
192.6375 	EXP 	Display Frame 8
192.6708 	EXP 	Display Frame 9
192.7042 	EXP 	Display Frame 0
192.7375 	EXP 	Display Frame 1
192.7709 	EXP 	Display Frame 2
192.8041 	EXP 	Display Frame 3
192.8375 	EXP 	Display Frame 4
192.8709 	EXP 	Display Frame 5
192.9042 	EXP 	Display Frame 6
192.9376 	EXP 	Display Frame 7
192.9710 	EXP 	Display Frame 8
193.0041 	EXP 	Display Frame 9
193.0375 	EXP 	Display Frame 0
193.0708 	EXP 	Display Frame 1
193.1041 	EXP 	Display Frame 2
193.1375 	EXP 	Display Frame 3
193.1708 	EXP 	Display Frame 4
193.2042 	EXP 	Display Frame 5
193.2375 	EXP 	Display Frame 6
193.2708 	EXP 	Display Frame 7
193.3041 	EXP 	Display Frame 8
193.3376 	EXP 	Display Frame 9
193.3711 	DATA 	Keypress: equal
193.3719 	EXP 	Display Frame 0
193.4042 	EXP 	Display Frame 1
193.4375 	EXP 	Display Frame 2
193.4709 	EXP 	Display Frame 3
193.5042 	EXP 	Display Frame 4
193.5375 	EXP 	Display Frame 5
193.5709 	EXP 	Display Frame 6
193.6042 	EXP 	Display Frame 7
193.6375 	EXP 	Display Frame 8
193.6708 	EXP 	Display Frame 9
193.7042 	EXP 	Display Frame 0
193.7375 	EXP 	Display Frame 1
193.7708 	EXP 	Display Frame 2
193.8042 	EXP 	Display Frame 3
193.8376 	EXP 	Display Frame 4
193.8709 	EXP 	Display Frame 5
193.9041 	EXP 	Display Frame 6
193.9375 	EXP 	Display Frame 7
193.9708 	EXP 	Display Frame 8
194.0042 	EXP 	Display Frame 9
194.0375 	EXP 	Display Frame 0
194.0708 	EXP 	Display Frame 1
194.1043 	EXP 	Display Frame 2
194.1374 	EXP 	Display Frame 3
194.1709 	EXP 	Display Frame 4
194.2042 	EXP 	Display Frame 5
194.2375 	EXP 	Display Frame 6
194.2708 	EXP 	Display Frame 7
194.3042 	EXP 	Display Frame 8
194.3376 	EXP 	Display Frame 9
194.3709 	EXP 	Display Frame 0
194.4042 	EXP 	Display Frame 1
194.4375 	EXP 	Display Frame 2
194.4709 	EXP 	Display Frame 3
194.5041 	EXP 	Display Frame 4
194.5376 	EXP 	Display Frame 5
194.5708 	EXP 	Display Frame 6
194.6042 	EXP 	Display Frame 7
194.6375 	EXP 	Display Frame 8
194.6708 	EXP 	Display Frame 9
194.7043 	EXP 	Display Frame 0
194.7375 	EXP 	Display Frame 1
194.7709 	EXP 	Display Frame 2
194.8042 	EXP 	Display Frame 3
194.8375 	EXP 	Display Frame 4
194.8708 	DATA 	Keypress: equal
194.8714 	EXP 	Display Frame 5
194.9041 	EXP 	Display Frame 6
194.9375 	EXP 	Display Frame 7
194.9708 	EXP 	Display Frame 8
195.0042 	EXP 	Display Frame 9
195.0375 	EXP 	Display Frame 0
195.0708 	EXP 	Display Frame 1
195.1042 	EXP 	Display Frame 2
195.1375 	EXP 	Display Frame 3
195.1708 	EXP 	Display Frame 4
195.2042 	EXP 	Display Frame 5
195.2376 	EXP 	Display Frame 6
195.2709 	EXP 	Display Frame 7
195.3042 	EXP 	Display Frame 8
195.3375 	EXP 	Display Frame 9
195.3709 	EXP 	Display Frame 0
195.4042 	EXP 	Display Frame 1
195.4375 	EXP 	Display Frame 2
195.4709 	EXP 	Display Frame 3
195.5041 	EXP 	Display Frame 4
195.5377 	EXP 	Display Frame 5
195.5709 	EXP 	Display Frame 6
195.6041 	EXP 	Display Frame 7
195.6376 	EXP 	Display Frame 8
195.6708 	EXP 	Display Frame 9
195.7042 	EXP 	Display Frame 0
195.7376 	EXP 	Display Frame 1
195.7709 	EXP 	Display Frame 2
195.8042 	EXP 	Display Frame 3
195.8375 	EXP 	Display Frame 4
195.8709 	EXP 	Display Frame 5
195.9047 	EXP 	Display Frame 6
195.9377 	EXP 	Display Frame 7
195.9709 	EXP 	Display Frame 8
196.0042 	EXP 	Display Frame 9
196.0376 	EXP 	Display Frame 0
196.0710 	EXP 	Display Frame 1
196.1042 	EXP 	Display Frame 2
196.1375 	EXP 	Display Frame 3
196.1709 	EXP 	Display Frame 4
196.2043 	EXP 	Display Frame 5
196.2375 	EXP 	Display Frame 6
196.2708 	EXP 	Display Frame 7
196.3042 	EXP 	Display Frame 8
196.3376 	EXP 	Display Frame 9
196.3711 	DATA 	Keypress: equal
196.3721 	EXP 	Display Frame 0
196.4042 	EXP 	Display Frame 1
196.4375 	EXP 	Display Frame 2
196.4708 	EXP 	Display Frame 3
196.5042 	EXP 	Display Frame 4
196.5375 	EXP 	Display Frame 5
196.5708 	EXP 	Display Frame 6
196.6042 	EXP 	Display Frame 7
196.6375 	EXP 	Display Frame 8
196.6708 	EXP 	Display Frame 9
196.7042 	EXP 	Display Frame 0
196.7375 	EXP 	Display Frame 1
196.7709 	EXP 	Display Frame 2
196.8042 	EXP 	Display Frame 3
196.8376 	EXP 	Display Frame 4
196.8709 	EXP 	Display Frame 5
196.9043 	EXP 	Display Frame 6
196.9375 	EXP 	Display Frame 7
196.9708 	EXP 	Display Frame 8
197.0042 	EXP 	Display Frame 9
197.0375 	EXP 	Display Frame 0
197.0709 	EXP 	Display Frame 1
197.1042 	EXP 	Display Frame 2
197.1376 	EXP 	Display Frame 3
197.1709 	EXP 	Display Frame 4
197.2042 	EXP 	Display Frame 5
197.2375 	EXP 	Display Frame 6
197.2710 	EXP 	Display Frame 7
197.3042 	EXP 	Display Frame 8
197.3375 	EXP 	Display Frame 9
197.3709 	EXP 	Display Frame 0
197.4042 	EXP 	Display Frame 1
197.4375 	EXP 	Display Frame 2
197.4709 	EXP 	Display Frame 3
197.5042 	EXP 	Display Frame 4
197.5375 	EXP 	Display Frame 5
197.5711 	EXP 	Display Frame 6
197.6043 	EXP 	Display Frame 7
197.6375 	EXP 	Display Frame 8
197.6708 	EXP 	Display Frame 9
197.7042 	EXP 	Display Frame 0
197.7375 	EXP 	Display Frame 1
197.7709 	EXP 	Display Frame 2
197.8042 	EXP 	Display Frame 3
197.8375 	EXP 	Display Frame 4
197.8711 	DATA 	Keypress: equal
197.8720 	EXP 	Display Frame 5
197.9042 	EXP 	Display Frame 6
197.9375 	EXP 	Display Frame 7
197.9709 	EXP 	Display Frame 8
198.0042 	EXP 	Display Frame 9
198.0376 	EXP 	Display Frame 0
198.0709 	EXP 	Display Frame 1
198.1042 	EXP 	Display Frame 2
198.1375 	EXP 	Display Frame 3
198.1708 	EXP 	Display Frame 4
198.2042 	EXP 	Display Frame 5
198.2375 	EXP 	Display Frame 6
198.2710 	EXP 	Display Frame 7
198.3042 	EXP 	Display Frame 8
198.3376 	EXP 	Display Frame 9
198.3708 	EXP 	Display Frame 0
198.4043 	EXP 	Display Frame 1
198.4375 	EXP 	Display Frame 2
198.4709 	EXP 	Display Frame 3
198.5042 	EXP 	Display Frame 4
198.5375 	EXP 	Display Frame 5
198.5709 	EXP 	Display Frame 6
198.6042 	EXP 	Display Frame 7
198.6375 	EXP 	Display Frame 8
198.6709 	EXP 	Display Frame 9
198.7042 	EXP 	Display Frame 0
198.7375 	EXP 	Display Frame 1
198.7709 	EXP 	Display Frame 2
198.8042 	EXP 	Display Frame 3
198.8375 	EXP 	Display Frame 4
198.8709 	EXP 	Display Frame 5
198.9042 	EXP 	Display Frame 6
198.9376 	EXP 	Display Frame 7
198.9709 	EXP 	Display Frame 8
199.0042 	EXP 	Display Frame 9
199.0376 	EXP 	Display Frame 0
199.0709 	EXP 	Display Frame 1
199.1041 	EXP 	Display Frame 2
199.1375 	EXP 	Display Frame 3
199.1709 	EXP 	Display Frame 4
199.2042 	EXP 	Display Frame 5
199.2375 	EXP 	Display Frame 6
199.2709 	EXP 	Display Frame 7
199.3042 	EXP 	Display Frame 8
199.3375 	EXP 	Display Frame 9
199.3709 	DATA 	Keypress: equal
199.3716 	EXP 	Display Frame 0
199.4043 	EXP 	Display Frame 1
199.4376 	EXP 	Display Frame 2
199.4708 	EXP 	Display Frame 3
199.5042 	EXP 	Display Frame 4
199.5375 	EXP 	Display Frame 5
199.5708 	EXP 	Display Frame 6
199.6042 	EXP 	Display Frame 7
199.6378 	EXP 	Display Frame 8
199.6709 	EXP 	Display Frame 9
199.7042 	EXP 	Display Frame 0
199.7376 	EXP 	Display Frame 1
199.7709 	EXP 	Display Frame 2
199.8043 	EXP 	Display Frame 3
199.8375 	EXP 	Display Frame 4
199.8708 	EXP 	Display Frame 5
199.9042 	EXP 	Display Frame 6
199.9375 	EXP 	Display Frame 7
199.9709 	EXP 	Display Frame 8
200.0042 	EXP 	Display Frame 9
200.0376 	EXP 	Display Frame 0
200.0709 	EXP 	Display Frame 1
200.1042 	EXP 	Display Frame 2
200.1376 	EXP 	Display Frame 3
200.1709 	EXP 	Display Frame 4
200.2042 	EXP 	Display Frame 5
200.2375 	EXP 	Display Frame 6
200.2709 	EXP 	Display Frame 7
200.3043 	EXP 	Display Frame 8
200.3375 	EXP 	Display Frame 9
200.3708 	EXP 	Display Frame 0
200.4042 	EXP 	Display Frame 1
200.4375 	EXP 	Display Frame 2
200.4709 	EXP 	Display Frame 3
200.5042 	EXP 	Display Frame 4
200.5375 	EXP 	Display Frame 5
200.5709 	EXP 	Display Frame 6
200.6042 	EXP 	Display Frame 7
200.6375 	EXP 	Display Frame 8
200.6709 	EXP 	Display Frame 9
200.7042 	EXP 	Display Frame 0
200.7375 	EXP 	Display Frame 1
200.7708 	EXP 	Display Frame 2
200.8042 	EXP 	Display Frame 3
200.8376 	EXP 	Display Frame 4
200.8711 	DATA 	Keypress: equal
200.8720 	EXP 	Display Frame 5
200.9042 	EXP 	Display Frame 6
200.9375 	EXP 	Display Frame 7
200.9708 	EXP 	Display Frame 8
201.0042 	EXP 	Display Frame 9
201.0375 	EXP 	Display Frame 0
201.0709 	EXP 	Display Frame 1
201.1042 	EXP 	Display Frame 2
201.1375 	EXP 	Display Frame 3
201.1708 	EXP 	Display Frame 4
201.2043 	EXP 	Display Frame 5
201.2376 	EXP 	Display Frame 6
201.2708 	EXP 	Display Frame 7
201.3042 	EXP 	Display Frame 8
201.3376 	EXP 	Display Frame 9
201.3709 	EXP 	Display Frame 0
201.4042 	EXP 	Display Frame 1
201.4376 	EXP 	Display Frame 2
201.4708 	EXP 	Display Frame 3
201.5042 	EXP 	Display Frame 4
201.5376 	EXP 	Display Frame 5
201.5708 	EXP 	Display Frame 6
201.6042 	EXP 	Display Frame 7
201.6376 	EXP 	Display Frame 8
201.6708 	EXP 	Display Frame 9
201.7042 	EXP 	Display Frame 0
201.7375 	EXP 	Display Frame 1
201.7708 	EXP 	Display Frame 2
201.8042 	EXP 	Display Frame 3
201.8375 	EXP 	Display Frame 4
201.8709 	EXP 	Display Frame 5
201.9042 	EXP 	Display Frame 6
201.9375 	EXP 	Display Frame 7
201.9708 	EXP 	Display Frame 8
202.0042 	EXP 	Display Frame 9
202.0376 	EXP 	Display Frame 0
202.0708 	EXP 	Display Frame 1
202.1042 	EXP 	Display Frame 2
202.1375 	EXP 	Display Frame 3
202.1708 	EXP 	Display Frame 4
202.2042 	EXP 	Display Frame 5
202.2376 	EXP 	Display Frame 6
202.2708 	EXP 	Display Frame 7
202.3042 	EXP 	Display Frame 8
202.3375 	EXP 	Display Frame 9
202.3709 	DATA 	Keypress: equal
202.3716 	EXP 	Display Frame 0
202.4042 	EXP 	Display Frame 1
202.4376 	EXP 	Display Frame 2
202.4708 	EXP 	Display Frame 3
202.5042 	EXP 	Display Frame 4
202.5375 	EXP 	Display Frame 5
202.5708 	EXP 	Display Frame 6
202.6042 	EXP 	Display Frame 7
202.6376 	EXP 	Display Frame 8
202.6709 	EXP 	Display Frame 9
202.7042 	EXP 	Display Frame 0
202.7375 	EXP 	Display Frame 1
202.7709 	EXP 	Display Frame 2
202.8042 	EXP 	Display Frame 3
202.8375 	EXP 	Display Frame 4
202.8708 	EXP 	Display Frame 5
202.9044 	EXP 	Display Frame 6
202.9375 	EXP 	Display Frame 7
202.9708 	EXP 	Display Frame 8
203.0042 	EXP 	Display Frame 9
203.0375 	EXP 	Display Frame 0
203.0708 	EXP 	Display Frame 1
203.1042 	EXP 	Display Frame 2
203.1375 	EXP 	Display Frame 3
203.1709 	EXP 	Display Frame 4
203.2042 	EXP 	Display Frame 5
203.2376 	EXP 	Display Frame 6
203.2709 	EXP 	Display Frame 7
203.3042 	EXP 	Display Frame 8
203.3375 	EXP 	Display Frame 9
203.3709 	EXP 	Display Frame 0
203.4042 	EXP 	Display Frame 1
203.4376 	EXP 	Display Frame 2
203.4708 	EXP 	Display Frame 3
203.5042 	EXP 	Display Frame 4
203.5375 	EXP 	Display Frame 5
203.5708 	EXP 	Display Frame 6
203.6042 	EXP 	Display Frame 7
203.6375 	EXP 	Display Frame 8
203.6708 	EXP 	Display Frame 9
203.7042 	EXP 	Display Frame 0
203.7375 	EXP 	Display Frame 1
203.7708 	EXP 	Display Frame 2
203.8042 	EXP 	Display Frame 3
203.8375 	EXP 	Display Frame 4
203.8710 	DATA 	Keypress: equal
203.8718 	EXP 	Display Frame 5
203.9042 	EXP 	Display Frame 6
203.9375 	EXP 	Display Frame 7
203.9708 	EXP 	Display Frame 8
204.0042 	EXP 	Display Frame 9
204.0375 	EXP 	Display Frame 0
204.0708 	EXP 	Display Frame 1
204.1042 	EXP 	Display Frame 2
204.1375 	EXP 	Display Frame 3
204.1708 	EXP 	Display Frame 4
204.2042 	EXP 	Display Frame 5
204.2375 	EXP 	Display Frame 6
204.2708 	EXP 	Display Frame 7
204.3042 	EXP 	Display Frame 8
204.3375 	EXP 	Display Frame 9
204.3708 	EXP 	Display Frame 0
204.4042 	EXP 	Display Frame 1
204.4376 	EXP 	Display Frame 2
204.4709 	EXP 	Display Frame 3
204.5042 	EXP 	Display Frame 4
204.5375 	EXP 	Display Frame 5
204.5708 	EXP 	Display Frame 6
204.6042 	EXP 	Display Frame 7
204.6375 	EXP 	Display Frame 8
204.6708 	EXP 	Display Frame 9
204.7042 	EXP 	Display Frame 0
204.7375 	EXP 	Display Frame 1
204.7709 	EXP 	Display Frame 2
204.8042 	EXP 	Display Frame 3
204.8375 	EXP 	Display Frame 4
204.8709 	EXP 	Display Frame 5
204.9042 	EXP 	Display Frame 6
204.9375 	EXP 	Display Frame 7
204.9708 	EXP 	Display Frame 8
205.0042 	EXP 	Display Frame 9
205.0375 	EXP 	Display Frame 0
205.0708 	EXP 	Display Frame 1
205.1042 	EXP 	Display Frame 2
205.1376 	EXP 	Display Frame 3
205.1708 	EXP 	Display Frame 4
205.2042 	EXP 	Display Frame 5
205.2375 	EXP 	Display Frame 6
205.2708 	EXP 	Display Frame 7
205.3042 	EXP 	Display Frame 8
205.3376 	EXP 	Display Frame 9
205.3708 	DATA 	Keypress: equal
205.3715 	EXP 	Display Frame 0
205.4042 	EXP 	Display Frame 1
205.4376 	EXP 	Display Frame 2
205.4708 	EXP 	Display Frame 3
205.5042 	EXP 	Display Frame 4
205.5374 	EXP 	Display Frame 5
205.5709 	EXP 	Display Frame 6
205.6042 	EXP 	Display Frame 7
205.6375 	EXP 	Display Frame 8
205.6708 	EXP 	Display Frame 9
205.7042 	EXP 	Display Frame 0
205.7375 	EXP 	Display Frame 1
205.7709 	EXP 	Display Frame 2
205.8042 	EXP 	Display Frame 3
205.8375 	EXP 	Display Frame 4
205.8708 	EXP 	Display Frame 5
205.9041 	EXP 	Display Frame 6
205.9375 	EXP 	Display Frame 7
205.9708 	EXP 	Display Frame 8
206.0042 	EXP 	Display Frame 9
206.0375 	EXP 	Display Frame 0
206.0709 	EXP 	Display Frame 1
206.1042 	EXP 	Display Frame 2
206.1375 	EXP 	Display Frame 3
206.1708 	EXP 	Display Frame 4
206.2042 	EXP 	Display Frame 5
206.2375 	EXP 	Display Frame 6
206.2708 	EXP 	Display Frame 7
206.3042 	EXP 	Display Frame 8
206.3375 	EXP 	Display Frame 9
206.3709 	EXP 	Display Frame 0
206.4042 	EXP 	Display Frame 1
206.4376 	EXP 	Display Frame 2
206.4708 	EXP 	Display Frame 3
206.5042 	EXP 	Display Frame 4
206.5375 	EXP 	Display Frame 5
206.5708 	EXP 	Display Frame 6
206.6042 	EXP 	Display Frame 7
206.6375 	EXP 	Display Frame 8
206.6709 	EXP 	Display Frame 9
206.7042 	EXP 	Display Frame 0
206.7375 	EXP 	Display Frame 1
206.7708 	EXP 	Display Frame 2
206.8042 	EXP 	Display Frame 3
206.8375 	EXP 	Display Frame 4
206.8709 	DATA 	Keypress: equal
206.8715 	EXP 	Display Frame 5
206.9042 	EXP 	Display Frame 6
206.9375 	EXP 	Display Frame 7
206.9708 	EXP 	Display Frame 8
207.0042 	EXP 	Display Frame 9
207.0375 	EXP 	Display Frame 0
207.0709 	EXP 	Display Frame 1
207.1042 	EXP 	Display Frame 2
207.1375 	EXP 	Display Frame 3
207.1708 	EXP 	Display Frame 4
207.2042 	EXP 	Display Frame 5
207.2376 	EXP 	Display Frame 6
207.2709 	EXP 	Display Frame 7
207.3042 	EXP 	Display Frame 8
207.3375 	EXP 	Display Frame 9
207.3708 	EXP 	Display Frame 0
207.4042 	EXP 	Display Frame 1
207.4376 	EXP 	Display Frame 2
207.4709 	EXP 	Display Frame 3
207.5042 	EXP 	Display Frame 4
207.5375 	EXP 	Display Frame 5
207.5708 	EXP 	Display Frame 6
207.6042 	EXP 	Display Frame 7
207.6375 	EXP 	Display Frame 8
207.6709 	EXP 	Display Frame 9
207.7042 	EXP 	Display Frame 0
207.7375 	EXP 	Display Frame 1
207.7708 	EXP 	Display Frame 2
207.8042 	EXP 	Display Frame 3
207.8375 	EXP 	Display Frame 4
207.8708 	EXP 	Display Frame 5
207.9042 	EXP 	Display Frame 6
207.9375 	EXP 	Display Frame 7
207.9708 	EXP 	Display Frame 8
208.0042 	EXP 	Display Frame 9
208.0375 	EXP 	Display Frame 0
208.0709 	EXP 	Display Frame 1
208.1042 	EXP 	Display Frame 2
208.1375 	EXP 	Display Frame 3
208.1708 	EXP 	Display Frame 4
208.2041 	EXP 	Display Frame 5
208.2377 	EXP 	Display Frame 6
208.2709 	EXP 	Display Frame 7
208.3042 	EXP 	Display Frame 8
208.3375 	EXP 	Display Frame 9
208.3710 	DATA 	Keypress: equal
208.3718 	EXP 	Display Frame 0
208.4042 	EXP 	Display Frame 1
208.4375 	EXP 	Display Frame 2
208.4708 	EXP 	Display Frame 3
208.5042 	EXP 	Display Frame 4
208.5375 	EXP 	Display Frame 5
208.5708 	EXP 	Display Frame 6
208.6047 	EXP 	Display Frame 7
208.6376 	EXP 	Display Frame 8
208.6709 	EXP 	Display Frame 9
208.7042 	EXP 	Display Frame 0
208.7376 	EXP 	Display Frame 1
208.7708 	EXP 	Display Frame 2
208.8043 	EXP 	Display Frame 3
208.8376 	EXP 	Display Frame 4
208.8709 	EXP 	Display Frame 5
208.9042 	EXP 	Display Frame 6
208.9375 	EXP 	Display Frame 7
208.9709 	EXP 	Display Frame 8
209.0046 	EXP 	Display Frame 9
209.0379 	EXP 	Display Frame 0
209.0711 	EXP 	Display Frame 1
209.1045 	EXP 	Display Frame 2
209.1377 	EXP 	Display Frame 3
209.1709 	EXP 	Display Frame 4
209.2043 	EXP 	Display Frame 5
209.2376 	EXP 	Display Frame 6
209.2708 	EXP 	Display Frame 7
209.3042 	EXP 	Display Frame 8
209.3375 	EXP 	Display Frame 9
209.3709 	EXP 	Display Frame 0
209.4043 	EXP 	Display Frame 1
209.4376 	EXP 	Display Frame 2
209.4708 	EXP 	Display Frame 3
209.5042 	EXP 	Display Frame 4
209.5375 	EXP 	Display Frame 5
209.5708 	EXP 	Display Frame 6
209.6042 	EXP 	Display Frame 7
209.6375 	EXP 	Display Frame 8
209.6708 	EXP 	Display Frame 9
209.7042 	EXP 	Display Frame 0
209.7375 	EXP 	Display Frame 1
209.7708 	EXP 	Display Frame 2
209.8042 	EXP 	Display Frame 3
209.8375 	EXP 	Display Frame 4
209.8711 	DATA 	Keypress: equal
209.8719 	EXP 	Display Frame 5
209.9042 	EXP 	Display Frame 6
209.9375 	EXP 	Display Frame 7
209.9708 	EXP 	Display Frame 8
210.0042 	EXP 	Display Frame 9
210.0375 	EXP 	Display Frame 0
210.0708 	EXP 	Display Frame 1
210.1042 	EXP 	Display Frame 2
210.1376 	EXP 	Display Frame 3
210.1708 	EXP 	Display Frame 4
210.2042 	EXP 	Display Frame 5
210.2375 	EXP 	Display Frame 6
210.2709 	EXP 	Display Frame 7
210.3042 	EXP 	Display Frame 8
210.3375 	EXP 	Display Frame 9
210.3708 	EXP 	Display Frame 0
210.4042 	EXP 	Display Frame 1
210.4376 	EXP 	Display Frame 2
210.4709 	EXP 	Display Frame 3
210.5042 	EXP 	Display Frame 4
210.5375 	EXP 	Display Frame 5
210.5709 	EXP 	Display Frame 6
210.6042 	EXP 	Display Frame 7
210.6375 	EXP 	Display Frame 8
210.6708 	EXP 	Display Frame 9
210.7042 	EXP 	Display Frame 0
210.7375 	EXP 	Display Frame 1
210.7708 	EXP 	Display Frame 2
210.8042 	EXP 	Display Frame 3
210.8375 	EXP 	Display Frame 4
210.8708 	EXP 	Display Frame 5
210.9042 	EXP 	Display Frame 6
210.9375 	EXP 	Display Frame 7
210.9708 	EXP 	Display Frame 8
211.0042 	EXP 	Display Frame 9
211.0375 	EXP 	Display Frame 0
211.0708 	EXP 	Display Frame 1
211.1042 	EXP 	Display Frame 2
211.1375 	EXP 	Display Frame 3
211.1708 	EXP 	Display Frame 4
211.2042 	EXP 	Display Frame 5
211.2375 	EXP 	Display Frame 6
211.2708 	EXP 	Display Frame 7
211.3042 	EXP 	Display Frame 8
211.3375 	EXP 	Display Frame 9
211.3711 	DATA 	Keypress: equal
211.3719 	EXP 	Display Frame 0
211.4042 	EXP 	Display Frame 1
211.4376 	EXP 	Display Frame 2
211.4709 	EXP 	Display Frame 3
211.5042 	EXP 	Display Frame 4
211.5375 	EXP 	Display Frame 5
211.5709 	EXP 	Display Frame 6
211.6042 	EXP 	Display Frame 7
211.6375 	EXP 	Display Frame 8
211.6709 	EXP 	Display Frame 9
211.7042 	EXP 	Display Frame 0
211.7375 	EXP 	Display Frame 1
211.7709 	EXP 	Display Frame 2
211.8042 	EXP 	Display Frame 3
211.8375 	EXP 	Display Frame 4
211.8709 	EXP 	Display Frame 5
211.9042 	EXP 	Display Frame 6
211.9375 	EXP 	Display Frame 7
211.9708 	EXP 	Display Frame 8
212.0042 	EXP 	Display Frame 9
212.0375 	EXP 	Display Frame 0
212.0709 	EXP 	Display Frame 1
212.1042 	EXP 	Display Frame 2
212.1375 	EXP 	Display Frame 3
212.1709 	EXP 	Display Frame 4
212.2042 	EXP 	Display Frame 5
212.2375 	EXP 	Display Frame 6
212.2708 	EXP 	Display Frame 7
212.3042 	EXP 	Display Frame 8
212.3375 	EXP 	Display Frame 9
212.3708 	EXP 	Display Frame 0
212.4042 	EXP 	Display Frame 1
212.4376 	EXP 	Display Frame 2
212.4708 	EXP 	Display Frame 3
212.5042 	EXP 	Display Frame 4
212.5375 	EXP 	Display Frame 5
212.5708 	EXP 	Display Frame 6
212.6042 	EXP 	Display Frame 7
212.6375 	EXP 	Display Frame 8
212.6708 	EXP 	Display Frame 9
212.7042 	EXP 	Display Frame 0
212.7375 	EXP 	Display Frame 1
212.7708 	EXP 	Display Frame 2
212.8042 	EXP 	Display Frame 3
212.8375 	EXP 	Display Frame 4
212.8709 	DATA 	Keypress: equal
212.8720 	EXP 	Display Frame 5
212.8800 	EXP 	Display Fixation
214.3700 	DATA 	Keypress: equal
215.8691 	DATA 	Keypress: equal
217.3699 	DATA 	Keypress: equal
218.8691 	DATA 	Keypress: equal
220.3695 	DATA 	Keypress: equal
221.8697 	DATA 	Keypress: equal
223.3698 	DATA 	Keypress: equal
224.8696 	DATA 	Keypress: equal
226.3697 	DATA 	Keypress: equal
227.8695 	DATA 	Keypress: equal
229.3698 	DATA 	Keypress: equal
230.8697 	DATA 	Keypress: equal
232.3695 	DATA 	Keypress: equal
233.8698 	DATA 	Keypress: equal
235.3701 	DATA 	Keypress: equal
235.4044 	EXP 	Display Frame 1
235.4377 	EXP 	Display Frame 2
235.4709 	EXP 	Display Frame 3
235.5043 	EXP 	Display Frame 4
235.5377 	EXP 	Display Frame 5
235.5710 	EXP 	Display Frame 6
235.6043 	EXP 	Display Frame 7
235.6376 	EXP 	Display Frame 8
235.6709 	EXP 	Display Frame 9
235.7043 	EXP 	Display Frame 0
235.7376 	EXP 	Display Frame 1
235.7710 	EXP 	Display Frame 2
235.8043 	EXP 	Display Frame 3
235.8376 	EXP 	Display Frame 4
235.8709 	EXP 	Display Frame 5
235.9043 	EXP 	Display Frame 6
235.9376 	EXP 	Display Frame 7
235.9709 	EXP 	Display Frame 8
236.0042 	EXP 	Display Frame 9
236.0376 	EXP 	Display Frame 0
236.0709 	EXP 	Display Frame 1
236.1043 	EXP 	Display Frame 2
236.1376 	EXP 	Display Frame 3
236.1709 	EXP 	Display Frame 4
236.2042 	EXP 	Display Frame 5
236.2376 	EXP 	Display Frame 6
236.2709 	EXP 	Display Frame 7
236.3043 	EXP 	Display Frame 8
236.3376 	EXP 	Display Frame 9
236.3709 	EXP 	Display Frame 0
236.4042 	EXP 	Display Frame 1
236.4376 	EXP 	Display Frame 2
236.4709 	EXP 	Display Frame 3
236.5042 	EXP 	Display Frame 4
236.5376 	EXP 	Display Frame 5
236.5709 	EXP 	Display Frame 6
236.6042 	EXP 	Display Frame 7
236.6376 	EXP 	Display Frame 8
236.6709 	EXP 	Display Frame 9
236.7042 	EXP 	Display Frame 0
236.7376 	EXP 	Display Frame 1
236.7709 	EXP 	Display Frame 2
236.8043 	EXP 	Display Frame 3
236.8376 	EXP 	Display Frame 4
236.8711 	DATA 	Keypress: equal
236.8719 	EXP 	Display Frame 5
236.9043 	EXP 	Display Frame 6
236.9376 	EXP 	Display Frame 7
236.9709 	EXP 	Display Frame 8
237.0043 	EXP 	Display Frame 9
237.0376 	EXP 	Display Frame 0
237.0709 	EXP 	Display Frame 1
237.1043 	EXP 	Display Frame 2
237.1376 	EXP 	Display Frame 3
237.1709 	EXP 	Display Frame 4
237.2043 	EXP 	Display Frame 5
237.2376 	EXP 	Display Frame 6
237.2709 	EXP 	Display Frame 7
237.3043 	EXP 	Display Frame 8
237.3376 	EXP 	Display Frame 9
237.3710 	EXP 	Display Frame 0
237.4043 	EXP 	Display Frame 1
237.4376 	EXP 	Display Frame 2
237.4709 	EXP 	Display Frame 3
237.5043 	EXP 	Display Frame 4
237.5376 	EXP 	Display Frame 5
237.5709 	EXP 	Display Frame 6
237.6042 	EXP 	Display Frame 7
237.6376 	EXP 	Display Frame 8
237.6709 	EXP 	Display Frame 9
237.7043 	EXP 	Display Frame 0
237.7376 	EXP 	Display Frame 1
237.7709 	EXP 	Display Frame 2
237.8042 	EXP 	Display Frame 3
237.8376 	EXP 	Display Frame 4
237.8709 	EXP 	Display Frame 5
237.9043 	EXP 	Display Frame 6
237.9376 	EXP 	Display Frame 7
237.9709 	EXP 	Display Frame 8
238.0042 	EXP 	Display Frame 9
238.0376 	EXP 	Display Frame 0
238.0709 	EXP 	Display Frame 1
238.1043 	EXP 	Display Frame 2
238.1376 	EXP 	Display Frame 3
238.1709 	EXP 	Display Frame 4
238.2042 	EXP 	Display Frame 5
238.2376 	EXP 	Display Frame 6
238.2709 	EXP 	Display Frame 7
238.3042 	EXP 	Display Frame 8
238.3376 	EXP 	Display Frame 9
238.3711 	DATA 	Keypress: equal
238.3719 	EXP 	Display Frame 0
238.4043 	EXP 	Display Frame 1
238.4376 	EXP 	Display Frame 2
238.4709 	EXP 	Display Frame 3
238.5042 	EXP 	Display Frame 4
238.5376 	EXP 	Display Frame 5
238.5709 	EXP 	Display Frame 6
238.6042 	EXP 	Display Frame 7
238.6376 	EXP 	Display Frame 8
238.6709 	EXP 	Display Frame 9
238.7043 	EXP 	Display Frame 0
238.7376 	EXP 	Display Frame 1
238.7709 	EXP 	Display Frame 2
238.8043 	EXP 	Display Frame 3
238.8376 	EXP 	Display Frame 4
238.8709 	EXP 	Display Frame 5
238.9042 	EXP 	Display Frame 6
238.9376 	EXP 	Display Frame 7
238.9709 	EXP 	Display Frame 8
239.0042 	EXP 	Display Frame 9
239.0376 	EXP 	Display Frame 0
239.0709 	EXP 	Display Frame 1
239.1043 	EXP 	Display Frame 2
239.1376 	EXP 	Display Frame 3
239.1709 	EXP 	Display Frame 4
239.2043 	EXP 	Display Frame 5
239.2376 	EXP 	Display Frame 6
239.2709 	EXP 	Display Frame 7
239.3043 	EXP 	Display Frame 8
239.3376 	EXP 	Display Frame 9
239.3710 	EXP 	Display Frame 0
239.4043 	EXP 	Display Frame 1
239.4376 	EXP 	Display Frame 2
239.4709 	EXP 	Display Frame 3
239.5043 	EXP 	Display Frame 4
239.5376 	EXP 	Display Frame 5
239.5709 	EXP 	Display Frame 6
239.6043 	EXP 	Display Frame 7
239.6376 	EXP 	Display Frame 8
239.6709 	EXP 	Display Frame 9
239.7042 	EXP 	Display Frame 0
239.7378 	EXP 	Display Frame 1
239.7710 	EXP 	Display Frame 2
239.8043 	EXP 	Display Frame 3
239.8376 	EXP 	Display Frame 4
239.8711 	DATA 	Keypress: equal
239.8719 	EXP 	Display Frame 5
239.9043 	EXP 	Display Frame 6
239.9377 	EXP 	Display Frame 7
239.9711 	EXP 	Display Frame 8
240.0042 	EXP 	Display Frame 9
240.0376 	EXP 	Display Frame 0
240.0709 	EXP 	Display Frame 1
240.1044 	EXP 	Display Frame 2
240.1377 	EXP 	Display Frame 3
240.1709 	EXP 	Display Frame 4
240.2043 	EXP 	Display Frame 5
240.2379 	EXP 	Display Frame 6
240.2709 	EXP 	Display Frame 7
240.3042 	EXP 	Display Frame 8
240.3376 	EXP 	Display Frame 9
240.3709 	EXP 	Display Frame 0
240.4043 	EXP 	Display Frame 1
240.4376 	EXP 	Display Frame 2
240.4709 	EXP 	Display Frame 3
240.5043 	EXP 	Display Frame 4
240.5376 	EXP 	Display Frame 5
240.5709 	EXP 	Display Frame 6
240.6042 	EXP 	Display Frame 7
240.6376 	EXP 	Display Frame 8
240.6709 	EXP 	Display Frame 9
240.7043 	EXP 	Display Frame 0
240.7376 	EXP 	Display Frame 1
240.7710 	EXP 	Display Frame 2
240.8042 	EXP 	Display Frame 3
240.8376 	EXP 	Display Frame 4
240.8709 	EXP 	Display Frame 5
240.9042 	EXP 	Display Frame 6
240.9376 	EXP 	Display Frame 7
240.9709 	EXP 	Display Frame 8
241.0042 	EXP 	Display Frame 9
241.0376 	EXP 	Display Frame 0
241.0709 	EXP 	Display Frame 1
241.1042 	EXP 	Display Frame 2
241.1376 	EXP 	Display Frame 3
241.1709 	EXP 	Display Frame 4
241.2042 	EXP 	Display Frame 5
241.2376 	EXP 	Display Frame 6
241.2709 	EXP 	Display Frame 7
241.3043 	EXP 	Display Frame 8
241.3376 	EXP 	Display Frame 9
241.3711 	DATA 	Keypress: equal
241.3720 	EXP 	Display Frame 0
241.4042 	EXP 	Display Frame 1
241.4377 	EXP 	Display Frame 2
241.4709 	EXP 	Display Frame 3
241.5042 	EXP 	Display Frame 4
241.5376 	EXP 	Display Frame 5
241.5709 	EXP 	Display Frame 6
241.6042 	EXP 	Display Frame 7
241.6376 	EXP 	Display Frame 8
241.6709 	EXP 	Display Frame 9
241.7042 	EXP 	Display Frame 0
241.7376 	EXP 	Display Frame 1
241.7709 	EXP 	Display Frame 2
241.8042 	EXP 	Display Frame 3
241.8376 	EXP 	Display Frame 4
241.8709 	EXP 	Display Frame 5
241.9043 	EXP 	Display Frame 6
241.9376 	EXP 	Display Frame 7
241.9709 	EXP 	Display Frame 8
242.0043 	EXP 	Display Frame 9
242.0376 	EXP 	Display Frame 0
242.0709 	EXP 	Display Frame 1
242.1042 	EXP 	Display Frame 2
242.1376 	EXP 	Display Frame 3
242.1709 	EXP 	Display Frame 4
242.2042 	EXP 	Display Frame 5
242.2376 	EXP 	Display Frame 6
242.2709 	EXP 	Display Frame 7
242.3043 	EXP 	Display Frame 8
242.3376 	EXP 	Display Frame 9
242.3709 	EXP 	Display Frame 0
242.4043 	EXP 	Display Frame 1
242.4376 	EXP 	Display Frame 2
242.4709 	EXP 	Display Frame 3
242.5042 	EXP 	Display Frame 4
242.5376 	EXP 	Display Frame 5
242.5709 	EXP 	Display Frame 6
242.6042 	EXP 	Display Frame 7
242.6376 	EXP 	Display Frame 8
242.6709 	EXP 	Display Frame 9
242.7043 	EXP 	Display Frame 0
242.7376 	EXP 	Display Frame 1
242.7709 	EXP 	Display Frame 2
242.8043 	EXP 	Display Frame 3
242.8376 	EXP 	Display Frame 4
242.8710 	DATA 	Keypress: equal
242.8719 	EXP 	Display Frame 5
242.9042 	EXP 	Display Frame 6
242.9376 	EXP 	Display Frame 7
242.9709 	EXP 	Display Frame 8
243.0042 	EXP 	Display Frame 9
243.0376 	EXP 	Display Frame 0
243.0709 	EXP 	Display Frame 1
243.1042 	EXP 	Display Frame 2
243.1376 	EXP 	Display Frame 3
243.1709 	EXP 	Display Frame 4
243.2042 	EXP 	Display Frame 5
243.2376 	EXP 	Display Frame 6
243.2709 	EXP 	Display Frame 7
243.3042 	EXP 	Display Frame 8
243.3376 	EXP 	Display Frame 9
243.3709 	EXP 	Display Frame 0
243.4043 	EXP 	Display Frame 1
243.4376 	EXP 	Display Frame 2
243.4709 	EXP 	Display Frame 3
243.5042 	EXP 	Display Frame 4
243.5376 	EXP 	Display Frame 5
243.5709 	EXP 	Display Frame 6
243.6042 	EXP 	Display Frame 7
243.6376 	EXP 	Display Frame 8
243.6709 	EXP 	Display Frame 9
243.7042 	EXP 	Display Frame 0
243.7376 	EXP 	Display Frame 1
243.7709 	EXP 	Display Frame 2
243.8043 	EXP 	Display Frame 3
243.8376 	EXP 	Display Frame 4
243.8709 	EXP 	Display Frame 5
243.9043 	EXP 	Display Frame 6
243.9376 	EXP 	Display Frame 7
243.9709 	EXP 	Display Frame 8
244.0043 	EXP 	Display Frame 9
244.0376 	EXP 	Display Frame 0
244.0709 	EXP 	Display Frame 1
244.1042 	EXP 	Display Frame 2
244.1376 	EXP 	Display Frame 3
244.1709 	EXP 	Display Frame 4
244.2043 	EXP 	Display Frame 5
244.2376 	EXP 	Display Frame 6
244.2709 	EXP 	Display Frame 7
244.3043 	EXP 	Display Frame 8
244.3376 	EXP 	Display Frame 9
244.3710 	DATA 	Keypress: equal
244.3718 	EXP 	Display Frame 0
244.4043 	EXP 	Display Frame 1
244.4376 	EXP 	Display Frame 2
244.4709 	EXP 	Display Frame 3
244.5042 	EXP 	Display Frame 4
244.5376 	EXP 	Display Frame 5
244.5709 	EXP 	Display Frame 6
244.6042 	EXP 	Display Frame 7
244.6376 	EXP 	Display Frame 8
244.6709 	EXP 	Display Frame 9
244.7042 	EXP 	Display Frame 0
244.7376 	EXP 	Display Frame 1
244.7709 	EXP 	Display Frame 2
244.8043 	EXP 	Display Frame 3
244.8376 	EXP 	Display Frame 4
244.8709 	EXP 	Display Frame 5
244.9042 	EXP 	Display Frame 6
244.9376 	EXP 	Display Frame 7
244.9709 	EXP 	Display Frame 8
245.0043 	EXP 	Display Frame 9
245.0376 	EXP 	Display Frame 0
245.0709 	EXP 	Display Frame 1
245.1042 	EXP 	Display Frame 2
245.1376 	EXP 	Display Frame 3
245.1709 	EXP 	Display Frame 4
245.2042 	EXP 	Display Frame 5
245.2376 	EXP 	Display Frame 6
245.2709 	EXP 	Display Frame 7
245.3042 	EXP 	Display Frame 8
245.3376 	EXP 	Display Frame 9
245.3709 	EXP 	Display Frame 0
245.4043 	EXP 	Display Frame 1
245.4376 	EXP 	Display Frame 2
245.4709 	EXP 	Display Frame 3
245.5043 	EXP 	Display Frame 4
245.5376 	EXP 	Display Frame 5
245.5711 	EXP 	Display Frame 6
245.6043 	EXP 	Display Frame 7
245.6376 	EXP 	Display Frame 8
245.6709 	EXP 	Display Frame 9
245.7043 	EXP 	Display Frame 0
245.7376 	EXP 	Display Frame 1
245.7710 	EXP 	Display Frame 2
245.8043 	EXP 	Display Frame 3
245.8376 	EXP 	Display Frame 4
245.8711 	DATA 	Keypress: equal
245.8719 	EXP 	Display Frame 5
245.9043 	EXP 	Display Frame 6
245.9376 	EXP 	Display Frame 7
245.9709 	EXP 	Display Frame 8
246.0043 	EXP 	Display Frame 9
246.0376 	EXP 	Display Frame 0
246.0709 	EXP 	Display Frame 1
246.1051 	EXP 	Display Frame 2
246.1376 	EXP 	Display Frame 3
246.1710 	EXP 	Display Frame 4
246.2044 	EXP 	Display Frame 5
246.2377 	EXP 	Display Frame 6
246.2710 	EXP 	Display Frame 7
246.3043 	EXP 	Display Frame 8
246.3376 	EXP 	Display Frame 9
246.3711 	EXP 	Display Frame 0
246.4043 	EXP 	Display Frame 1
246.4377 	EXP 	Display Frame 2
246.4709 	EXP 	Display Frame 3
246.5043 	EXP 	Display Frame 4
246.5376 	EXP 	Display Frame 5
246.5709 	EXP 	Display Frame 6
246.6043 	EXP 	Display Frame 7
246.6376 	EXP 	Display Frame 8
246.6709 	EXP 	Display Frame 9
246.7042 	EXP 	Display Frame 0
246.7376 	EXP 	Display Frame 1
246.7709 	EXP 	Display Frame 2
246.8042 	EXP 	Display Frame 3
246.8376 	EXP 	Display Frame 4
246.8709 	EXP 	Display Frame 5
246.9043 	EXP 	Display Frame 6
246.9376 	EXP 	Display Frame 7
246.9710 	EXP 	Display Frame 8
247.0043 	EXP 	Display Frame 9
247.0376 	EXP 	Display Frame 0
247.0709 	EXP 	Display Frame 1
247.1042 	EXP 	Display Frame 2
247.1376 	EXP 	Display Frame 3
247.1709 	EXP 	Display Frame 4
247.2042 	EXP 	Display Frame 5
247.2376 	EXP 	Display Frame 6
247.2709 	EXP 	Display Frame 7
247.3043 	EXP 	Display Frame 8
247.3376 	EXP 	Display Frame 9
247.3712 	DATA 	Keypress: equal
247.3720 	EXP 	Display Frame 0
247.4042 	EXP 	Display Frame 1
247.4376 	EXP 	Display Frame 2
247.4709 	EXP 	Display Frame 3
247.5043 	EXP 	Display Frame 4
247.5376 	EXP 	Display Frame 5
247.5709 	EXP 	Display Frame 6
247.6042 	EXP 	Display Frame 7
247.6376 	EXP 	Display Frame 8
247.6709 	EXP 	Display Frame 9
247.7042 	EXP 	Display Frame 0
247.7376 	EXP 	Display Frame 1
247.7709 	EXP 	Display Frame 2
247.8042 	EXP 	Display Frame 3
247.8376 	EXP 	Display Frame 4
247.8709 	EXP 	Display Frame 5
247.9043 	EXP 	Display Frame 6
247.9376 	EXP 	Display Frame 7
247.9709 	EXP 	Display Frame 8
248.0042 	EXP 	Display Frame 9
248.0376 	EXP 	Display Frame 0
248.0709 	EXP 	Display Frame 1
248.1043 	EXP 	Display Frame 2
248.1376 	EXP 	Display Frame 3
248.1709 	EXP 	Display Frame 4
248.2043 	EXP 	Display Frame 5
248.2376 	EXP 	Display Frame 6
248.2709 	EXP 	Display Frame 7
248.3043 	EXP 	Display Frame 8
248.3376 	EXP 	Display Frame 9
248.3710 	EXP 	Display Frame 0
248.4042 	EXP 	Display Frame 1
248.4376 	EXP 	Display Frame 2
248.4709 	EXP 	Display Frame 3
248.5043 	EXP 	Display Frame 4
248.5376 	EXP 	Display Frame 5
248.5709 	EXP 	Display Frame 6
248.6043 	EXP 	Display Frame 7
248.6376 	EXP 	Display Frame 8
248.6709 	EXP 	Display Frame 9
248.7042 	EXP 	Display Frame 0
248.7376 	EXP 	Display Frame 1
248.7709 	EXP 	Display Frame 2
248.8043 	EXP 	Display Frame 3
248.8376 	EXP 	Display Frame 4
248.8711 	DATA 	Keypress: equal
248.8720 	EXP 	Display Frame 5
248.9043 	EXP 	Display Frame 6
248.9376 	EXP 	Display Frame 7
248.9709 	EXP 	Display Frame 8
249.0043 	EXP 	Display Frame 9
249.0376 	EXP 	Display Frame 0
249.0709 	EXP 	Display Frame 1
249.1042 	EXP 	Display Frame 2
249.1376 	EXP 	Display Frame 3
249.1709 	EXP 	Display Frame 4
249.2043 	EXP 	Display Frame 5
249.2376 	EXP 	Display Frame 6
249.2709 	EXP 	Display Frame 7
249.3042 	EXP 	Display Frame 8
249.3376 	EXP 	Display Frame 9
249.3709 	EXP 	Display Frame 0
249.4043 	EXP 	Display Frame 1
249.4376 	EXP 	Display Frame 2
249.4709 	EXP 	Display Frame 3
249.5043 	EXP 	Display Frame 4
249.5376 	EXP 	Display Frame 5
249.5709 	EXP 	Display Frame 6
249.6043 	EXP 	Display Frame 7
249.6376 	EXP 	Display Frame 8
249.6709 	EXP 	Display Frame 9
249.7043 	EXP 	Display Frame 0
249.7375 	EXP 	Display Frame 1
249.7709 	EXP 	Display Frame 2
249.8043 	EXP 	Display Frame 3
249.8376 	EXP 	Display Frame 4
249.8709 	EXP 	Display Frame 5
249.9043 	EXP 	Display Frame 6
249.9376 	EXP 	Display Frame 7
249.9709 	EXP 	Display Frame 8
250.0042 	EXP 	Display Frame 9
250.0376 	EXP 	Display Frame 0
250.0709 	EXP 	Display Frame 1
250.1043 	EXP 	Display Frame 2
250.1376 	EXP 	Display Frame 3
250.1709 	EXP 	Display Frame 4
250.2043 	EXP 	Display Frame 5
250.2376 	EXP 	Display Frame 6
250.2709 	EXP 	Display Frame 7
250.3043 	EXP 	Display Frame 8
250.3376 	EXP 	Display Frame 9
250.3711 	DATA 	Keypress: equal
250.3719 	EXP 	Display Frame 0
250.4043 	EXP 	Display Frame 1
250.4376 	EXP 	Display Frame 2
250.4709 	EXP 	Display Frame 3
250.5043 	EXP 	Display Frame 4
250.5376 	EXP 	Display Frame 5
250.5709 	EXP 	Display Frame 6
250.6042 	EXP 	Display Frame 7
250.6376 	EXP 	Display Frame 8
250.6710 	EXP 	Display Frame 9
250.7043 	EXP 	Display Frame 0
250.7376 	EXP 	Display Frame 1
250.7709 	EXP 	Display Frame 2
250.8043 	EXP 	Display Frame 3
250.8376 	EXP 	Display Frame 4
250.8709 	EXP 	Display Frame 5
250.9045 	EXP 	Display Frame 6
250.9376 	EXP 	Display Frame 7
250.9710 	EXP 	Display Frame 8
251.0043 	EXP 	Display Frame 9
251.0376 	EXP 	Display Frame 0
251.0709 	EXP 	Display Frame 1
251.1043 	EXP 	Display Frame 2
251.1376 	EXP 	Display Frame 3
251.1709 	EXP 	Display Frame 4
251.2044 	EXP 	Display Frame 5
251.2376 	EXP 	Display Frame 6
251.2709 	EXP 	Display Frame 7
251.3043 	EXP 	Display Frame 8
251.3376 	EXP 	Display Frame 9
251.3709 	EXP 	Display Frame 0
251.4043 	EXP 	Display Frame 1
251.4376 	EXP 	Display Frame 2
251.4710 	EXP 	Display Frame 3
251.5043 	EXP 	Display Frame 4
251.5376 	EXP 	Display Frame 5
251.5709 	EXP 	Display Frame 6
251.6043 	EXP 	Display Frame 7
251.6376 	EXP 	Display Frame 8
251.6709 	EXP 	Display Frame 9
251.7043 	EXP 	Display Frame 0
251.7377 	EXP 	Display Frame 1
251.7709 	EXP 	Display Frame 2
251.8043 	EXP 	Display Frame 3
251.8376 	EXP 	Display Frame 4
251.8711 	DATA 	Keypress: equal
251.8720 	EXP 	Display Frame 5
251.9043 	EXP 	Display Frame 6
251.9376 	EXP 	Display Frame 7
251.9710 	EXP 	Display Frame 8
252.0043 	EXP 	Display Frame 9
252.0376 	EXP 	Display Frame 0
252.0710 	EXP 	Display Frame 1
252.1043 	EXP 	Display Frame 2
252.1376 	EXP 	Display Frame 3
252.1710 	EXP 	Display Frame 4
252.2042 	EXP 	Display Frame 5
252.2376 	EXP 	Display Frame 6
252.2709 	EXP 	Display Frame 7
252.3043 	EXP 	Display Frame 8
252.3376 	EXP 	Display Frame 9
252.3709 	EXP 	Display Frame 0
252.4043 	EXP 	Display Frame 1
252.4376 	EXP 	Display Frame 2
252.4709 	EXP 	Display Frame 3
252.5043 	EXP 	Display Frame 4
252.5376 	EXP 	Display Frame 5
252.5709 	EXP 	Display Frame 6
252.6043 	EXP 	Display Frame 7
252.6376 	EXP 	Display Frame 8
252.6709 	EXP 	Display Frame 9
252.7042 	EXP 	Display Frame 0
252.7376 	EXP 	Display Frame 1
252.7709 	EXP 	Display Frame 2
252.8043 	EXP 	Display Frame 3
252.8376 	EXP 	Display Frame 4
252.8709 	EXP 	Display Frame 5
252.9043 	EXP 	Display Frame 6
252.9376 	EXP 	Display Frame 7
252.9709 	EXP 	Display Frame 8
253.0043 	EXP 	Display Frame 9
253.0376 	EXP 	Display Frame 0
253.0710 	EXP 	Display Frame 1
253.1042 	EXP 	Display Frame 2
253.1376 	EXP 	Display Frame 3
253.1709 	EXP 	Display Frame 4
253.2042 	EXP 	Display Frame 5
253.2376 	EXP 	Display Frame 6
253.2709 	EXP 	Display Frame 7
253.3043 	EXP 	Display Frame 8
253.3376 	EXP 	Display Frame 9
253.3710 	DATA 	Keypress: equal
253.3719 	EXP 	Display Frame 0
253.4043 	EXP 	Display Frame 1
253.4376 	EXP 	Display Frame 2
253.4709 	EXP 	Display Frame 3
253.5042 	EXP 	Display Frame 4
253.5376 	EXP 	Display Frame 5
253.5709 	EXP 	Display Frame 6
253.6043 	EXP 	Display Frame 7
253.6376 	EXP 	Display Frame 8
253.6710 	EXP 	Display Frame 9
253.7043 	EXP 	Display Frame 0
253.7376 	EXP 	Display Frame 1
253.7710 	EXP 	Display Frame 2
253.8043 	EXP 	Display Frame 3
253.8376 	EXP 	Display Frame 4
253.8709 	EXP 	Display Frame 5
253.9043 	EXP 	Display Frame 6
253.9377 	EXP 	Display Frame 7
253.9709 	EXP 	Display Frame 8
254.0043 	EXP 	Display Frame 9
254.0376 	EXP 	Display Frame 0
254.0709 	EXP 	Display Frame 1
254.1043 	EXP 	Display Frame 2
254.1376 	EXP 	Display Frame 3
254.1709 	EXP 	Display Frame 4
254.2042 	EXP 	Display Frame 5
254.2376 	EXP 	Display Frame 6
254.2709 	EXP 	Display Frame 7
254.3043 	EXP 	Display Frame 8
254.3376 	EXP 	Display Frame 9
254.3709 	EXP 	Display Frame 0
254.4042 	EXP 	Display Frame 1
254.4376 	EXP 	Display Frame 2
254.4709 	EXP 	Display Frame 3
254.5043 	EXP 	Display Frame 4
254.5376 	EXP 	Display Frame 5
254.5709 	EXP 	Display Frame 6
254.6042 	EXP 	Display Frame 7
254.6376 	EXP 	Display Frame 8
254.6709 	EXP 	Display Frame 9
254.7043 	EXP 	Display Frame 0
254.7376 	EXP 	Display Frame 1
254.7709 	EXP 	Display Frame 2
254.8042 	EXP 	Display Frame 3
254.8376 	EXP 	Display Frame 4
254.8710 	DATA 	Keypress: equal
254.8718 	EXP 	Display Frame 5
254.9043 	EXP 	Display Frame 6
254.9376 	EXP 	Display Frame 7
254.9709 	EXP 	Display Frame 8
255.0042 	EXP 	Display Frame 9
255.0376 	EXP 	Display Frame 0
255.0709 	EXP 	Display Frame 1
255.1043 	EXP 	Display Frame 2
255.1376 	EXP 	Display Frame 3
255.1709 	EXP 	Display Frame 4
255.2043 	EXP 	Display Frame 5
255.2376 	EXP 	Display Frame 6
255.2709 	EXP 	Display Frame 7
255.3042 	EXP 	Display Frame 8
255.3376 	EXP 	Display Frame 9
255.3709 	EXP 	Display Frame 0
255.4043 	EXP 	Display Frame 1
255.4376 	EXP 	Display Frame 2
255.4709 	EXP 	Display Frame 3
255.5043 	EXP 	Display Frame 4
255.5376 	EXP 	Display Frame 5
255.5711 	EXP 	Display Frame 6
255.6043 	EXP 	Display Frame 7
255.6376 	EXP 	Display Frame 8
255.6709 	EXP 	Display Frame 9
255.7042 	EXP 	Display Frame 0
255.7376 	EXP 	Display Frame 1
255.7709 	EXP 	Display Frame 2
255.8042 	EXP 	Display Frame 3
255.8376 	EXP 	Display Frame 4
255.8709 	EXP 	Display Frame 5
255.9043 	EXP 	Display Frame 6
255.9376 	EXP 	Display Frame 7
255.9709 	EXP 	Display Frame 8
256.0043 	EXP 	Display Frame 9
256.0376 	EXP 	Display Frame 0
256.0710 	EXP 	Display Frame 1
256.1043 	EXP 	Display Frame 2
256.1377 	EXP 	Display Frame 3
256.1709 	EXP 	Display Frame 4
256.2043 	EXP 	Display Frame 5
256.2378 	EXP 	Display Frame 6
256.2710 	EXP 	Display Frame 7
256.3043 	EXP 	Display Frame 8
256.3376 	EXP 	Display Frame 9
256.3712 	DATA 	Keypress: equal
256.3720 	EXP 	Display Frame 0
256.4042 	EXP 	Display Frame 1
256.4376 	EXP 	Display Frame 2
256.4709 	EXP 	Display Frame 3
256.5043 	EXP 	Display Frame 4
256.5376 	EXP 	Display Frame 5
256.5709 	EXP 	Display Frame 6
256.6043 	EXP 	Display Frame 7
256.6376 	EXP 	Display Frame 8
256.6709 	EXP 	Display Frame 9
256.7042 	EXP 	Display Frame 0
256.7376 	EXP 	Display Frame 1
256.7709 	EXP 	Display Frame 2
256.8043 	EXP 	Display Frame 3
256.8376 	EXP 	Display Frame 4
256.8709 	EXP 	Display Frame 5
256.9043 	EXP 	Display Frame 6
256.9376 	EXP 	Display Frame 7
256.9709 	EXP 	Display Frame 8
257.0043 	EXP 	Display Frame 9
257.0376 	EXP 	Display Frame 0
257.0709 	EXP 	Display Frame 1
257.1043 	EXP 	Display Frame 2
257.1376 	EXP 	Display Frame 3
257.1709 	EXP 	Display Frame 4
257.2043 	EXP 	Display Frame 5
257.2376 	EXP 	Display Frame 6
257.2709 	EXP 	Display Frame 7
257.3043 	EXP 	Display Frame 8
257.3376 	EXP 	Display Frame 9
257.3709 	EXP 	Display Frame 0
257.4042 	EXP 	Display Frame 1
257.4376 	EXP 	Display Frame 2
257.4709 	EXP 	Display Frame 3
257.5043 	EXP 	Display Frame 4
257.5377 	EXP 	Display Frame 5
257.5710 	EXP 	Display Frame 6
257.6042 	EXP 	Display Frame 7
257.6376 	EXP 	Display Frame 8
257.6709 	EXP 	Display Frame 9
257.7042 	EXP 	Display Frame 0
257.7377 	EXP 	Display Frame 1
257.7711 	EXP 	Display Frame 2
257.8043 	EXP 	Display Frame 3
257.8376 	EXP 	Display Frame 4
257.8710 	DATA 	Keypress: equal
257.8718 	EXP 	Display Frame 5
257.8802 	EXP 	Display Fixation
259.3697 	DATA 	Keypress: equal
260.8698 	DATA 	Keypress: equal
262.3702 	DATA 	Keypress: equal
263.8695 	DATA 	Keypress: equal
265.3696 	DATA 	Keypress: equal
266.8688 	DATA 	Keypress: equal
268.3698 	DATA 	Keypress: equal
269.8697 	DATA 	Keypress: equal
271.3699 	DATA 	Keypress: equal
272.8700 	DATA 	Keypress: equal
274.3741 	DATA 	Keypress: equal
275.8696 	DATA 	Keypress: equal
277.3741 	DATA 	Keypress: equal
278.8692 	DATA 	Keypress: equal
280.3737 	DATA 	Keypress: equal
280.4138 	EXP 	Display Frame 1
280.4416 	EXP 	Display Frame 2
280.4747 	EXP 	Display Frame 3
280.5081 	EXP 	Display Frame 4
280.5413 	EXP 	Display Frame 5
280.5747 	EXP 	Display Frame 6
280.6103 	EXP 	Display Frame 7
280.6413 	EXP 	Display Frame 8
280.6747 	EXP 	Display Frame 9
280.7080 	EXP 	Display Frame 0
280.7413 	EXP 	Display Frame 1
280.7747 	EXP 	Display Frame 2
280.8107 	EXP 	Display Frame 3
280.8413 	EXP 	Display Frame 4
280.8747 	EXP 	Display Frame 5
280.9118 	EXP 	Display Frame 6
280.9413 	EXP 	Display Frame 7
280.9746 	EXP 	Display Frame 8
281.0093 	EXP 	Display Frame 9
281.0414 	EXP 	Display Frame 0
281.0747 	EXP 	Display Frame 1
281.1148 	EXP 	Display Frame 2
281.1413 	EXP 	Display Frame 3
281.1747 	EXP 	Display Frame 4
281.2091 	EXP 	Display Frame 5
281.2413 	EXP 	Display Frame 6
281.2747 	EXP 	Display Frame 7
281.3080 	EXP 	Display Frame 8
281.3413 	EXP 	Display Frame 9
281.3746 	EXP 	Display Frame 0
281.4104 	EXP 	Display Frame 1
281.4413 	EXP 	Display Frame 2
281.4747 	EXP 	Display Frame 3
281.5080 	EXP 	Display Frame 4
281.5413 	EXP 	Display Frame 5
281.5746 	EXP 	Display Frame 6
281.6099 	EXP 	Display Frame 7
281.6413 	EXP 	Display Frame 8
281.6746 	EXP 	Display Frame 9
281.7080 	EXP 	Display Frame 0
281.7413 	EXP 	Display Frame 1
281.7746 	EXP 	Display Frame 2
281.8102 	EXP 	Display Frame 3
281.8413 	EXP 	Display Frame 4
281.8748 	DATA 	Keypress: equal
281.8756 	EXP 	Display Frame 5
281.9096 	EXP 	Display Frame 6
281.9413 	EXP 	Display Frame 7
281.9747 	EXP 	Display Frame 8
282.0087 	EXP 	Display Frame 9
282.0413 	EXP 	Display Frame 0
282.0747 	EXP 	Display Frame 1
282.1080 	EXP 	Display Frame 2
282.1413 	EXP 	Display Frame 3
282.1747 	EXP 	Display Frame 4
282.2087 	EXP 	Display Frame 5
282.2413 	EXP 	Display Frame 6
282.2746 	EXP 	Display Frame 7
282.3080 	EXP 	Display Frame 8
282.3413 	EXP 	Display Frame 9
282.3747 	EXP 	Display Frame 0
282.4087 	EXP 	Display Frame 1
282.4413 	EXP 	Display Frame 2
282.4747 	EXP 	Display Frame 3
282.5080 	EXP 	Display Frame 4
282.5413 	EXP 	Display Frame 5
282.5747 	EXP 	Display Frame 6
282.6086 	EXP 	Display Frame 7
282.6413 	EXP 	Display Frame 8
282.6747 	EXP 	Display Frame 9
282.7080 	EXP 	Display Frame 0
282.7413 	EXP 	Display Frame 1
282.7747 	EXP 	Display Frame 2
282.8084 	EXP 	Display Frame 3
282.8413 	EXP 	Display Frame 4
282.8746 	EXP 	Display Frame 5
282.9088 	EXP 	Display Frame 6
282.9413 	EXP 	Display Frame 7
282.9747 	EXP 	Display Frame 8
283.0101 	EXP 	Display Frame 9
283.0413 	EXP 	Display Frame 0
283.0746 	EXP 	Display Frame 1
283.1092 	EXP 	Display Frame 2
283.1413 	EXP 	Display Frame 3
283.1747 	EXP 	Display Frame 4
283.2086 	EXP 	Display Frame 5
283.2413 	EXP 	Display Frame 6
283.2747 	EXP 	Display Frame 7
283.3080 	EXP 	Display Frame 8
283.3413 	EXP 	Display Frame 9
283.3748 	DATA 	Keypress: equal
283.3757 	EXP 	Display Frame 0
283.4084 	EXP 	Display Frame 1
283.4413 	EXP 	Display Frame 2
283.4747 	EXP 	Display Frame 3
283.5080 	EXP 	Display Frame 4
283.5414 	EXP 	Display Frame 5
283.5747 	EXP 	Display Frame 6
283.6086 	EXP 	Display Frame 7
283.6413 	EXP 	Display Frame 8
283.6747 	EXP 	Display Frame 9
283.7080 	EXP 	Display Frame 0
283.7413 	EXP 	Display Frame 1
283.7747 	EXP 	Display Frame 2
283.8087 	EXP 	Display Frame 3
283.8413 	EXP 	Display Frame 4
283.8746 	EXP 	Display Frame 5
283.9137 	EXP 	Display Frame 6
283.9413 	EXP 	Display Frame 7
283.9747 	EXP 	Display Frame 8
284.0085 	EXP 	Display Frame 9
284.0414 	EXP 	Display Frame 0
284.0747 	EXP 	Display Frame 1
284.1080 	EXP 	Display Frame 2
284.1413 	EXP 	Display Frame 3
284.1756 	EXP 	Display Frame 4
284.2086 	EXP 	Display Frame 5
284.2415 	EXP 	Display Frame 6
284.2747 	EXP 	Display Frame 7
284.3081 	EXP 	Display Frame 8
284.3414 	EXP 	Display Frame 9
284.3747 	EXP 	Display Frame 0
284.4087 	EXP 	Display Frame 1
284.4413 	EXP 	Display Frame 2
284.4747 	EXP 	Display Frame 3
284.5090 	EXP 	Display Frame 4
284.5414 	EXP 	Display Frame 5
284.5747 	EXP 	Display Frame 6
284.6105 	EXP 	Display Frame 7
284.6414 	EXP 	Display Frame 8
284.6747 	EXP 	Display Frame 9
284.7081 	EXP 	Display Frame 0
284.7413 	EXP 	Display Frame 1
284.7747 	EXP 	Display Frame 2
284.8101 	EXP 	Display Frame 3
284.8414 	EXP 	Display Frame 4
284.8749 	DATA 	Keypress: equal
284.8758 	EXP 	Display Frame 5
284.9096 	EXP 	Display Frame 6
284.9413 	EXP 	Display Frame 7
284.9747 	EXP 	Display Frame 8
285.0086 	EXP 	Display Frame 9
285.0413 	EXP 	Display Frame 0
285.0747 	EXP 	Display Frame 1
285.1080 	EXP 	Display Frame 2
285.1413 	EXP 	Display Frame 3
285.1747 	EXP 	Display Frame 4
285.2085 	EXP 	Display Frame 5
285.2413 	EXP 	Display Frame 6
285.2747 	EXP 	Display Frame 7
285.3080 	EXP 	Display Frame 8
285.3413 	EXP 	Display Frame 9
285.3747 	EXP 	Display Frame 0
285.4087 	EXP 	Display Frame 1
285.4413 	EXP 	Display Frame 2
285.4747 	EXP 	Display Frame 3
285.5080 	EXP 	Display Frame 4
285.5414 	EXP 	Display Frame 5
285.5747 	EXP 	Display Frame 6
285.6095 	EXP 	Display Frame 7
285.6413 	EXP 	Display Frame 8
285.6747 	EXP 	Display Frame 9
285.7080 	EXP 	Display Frame 0
285.7414 	EXP 	Display Frame 1
285.7747 	EXP 	Display Frame 2
285.8093 	EXP 	Display Frame 3
285.8413 	EXP 	Display Frame 4
285.8747 	EXP 	Display Frame 5
285.9097 	EXP 	Display Frame 6
285.9413 	EXP 	Display Frame 7
285.9747 	EXP 	Display Frame 8
286.0087 	EXP 	Display Frame 9
286.0413 	EXP 	Display Frame 0
286.0746 	EXP 	Display Frame 1
286.1080 	EXP 	Display Frame 2
286.1414 	EXP 	Display Frame 3
286.1747 	EXP 	Display Frame 4
286.2101 	EXP 	Display Frame 5
286.2413 	EXP 	Display Frame 6
286.2747 	EXP 	Display Frame 7
286.3099 	EXP 	Display Frame 8
286.3413 	EXP 	Display Frame 9
286.3748 	DATA 	Keypress: equal
286.3757 	EXP 	Display Frame 0
286.4087 	EXP 	Display Frame 1
286.4413 	EXP 	Display Frame 2
286.4747 	EXP 	Display Frame 3
286.5080 	EXP 	Display Frame 4
286.5413 	EXP 	Display Frame 5
286.5747 	EXP 	Display Frame 6
286.6100 	EXP 	Display Frame 7
286.6414 	EXP 	Display Frame 8
286.6746 	EXP 	Display Frame 9
286.7080 	EXP 	Display Frame 0
286.7413 	EXP 	Display Frame 1
286.7747 	EXP 	Display Frame 2
286.8083 	EXP 	Display Frame 3
286.8413 	EXP 	Display Frame 4
286.8747 	EXP 	Display Frame 5
286.9083 	EXP 	Display Frame 6
286.9414 	EXP 	Display Frame 7
286.9747 	EXP 	Display Frame 8
287.0096 	EXP 	Display Frame 9
287.0414 	EXP 	Display Frame 0
287.0747 	EXP 	Display Frame 1
287.1080 	EXP 	Display Frame 2
287.1413 	EXP 	Display Frame 3
287.1747 	EXP 	Display Frame 4
287.2101 	EXP 	Display Frame 5
287.2413 	EXP 	Display Frame 6
287.2746 	EXP 	Display Frame 7
287.3080 	EXP 	Display Frame 8
287.3413 	EXP 	Display Frame 9
287.3747 	EXP 	Display Frame 0
287.4103 	EXP 	Display Frame 1
287.4413 	EXP 	Display Frame 2
287.4747 	EXP 	Display Frame 3
287.5080 	EXP 	Display Frame 4
287.5413 	EXP 	Display Frame 5
287.5746 	EXP 	Display Frame 6
287.6096 	EXP 	Display Frame 7
287.6413 	EXP 	Display Frame 8
287.6747 	EXP 	Display Frame 9
287.7080 	EXP 	Display Frame 0
287.7413 	EXP 	Display Frame 1
287.7747 	EXP 	Display Frame 2
287.8100 	EXP 	Display Frame 3
287.8414 	EXP 	Display Frame 4
287.8746 	EXP 	Display Frame 5
287.8753 	DATA 	Keypress: equal
287.9136 	EXP 	Display Frame 6
287.9413 	EXP 	Display Frame 7
287.9747 	EXP 	Display Frame 8
288.0100 	EXP 	Display Frame 9
288.0414 	EXP 	Display Frame 0
288.0747 	EXP 	Display Frame 1
288.1080 	EXP 	Display Frame 2
288.1414 	EXP 	Display Frame 3
288.1747 	EXP 	Display Frame 4
288.2089 	EXP 	Display Frame 5
288.2416 	EXP 	Display Frame 6
288.2746 	EXP 	Display Frame 7
288.3080 	EXP 	Display Frame 8
288.3413 	EXP 	Display Frame 9
288.3747 	EXP 	Display Frame 0
288.4090 	EXP 	Display Frame 1
288.4414 	EXP 	Display Frame 2
288.4749 	EXP 	Display Frame 3
288.5080 	EXP 	Display Frame 4
288.5414 	EXP 	Display Frame 5
288.5747 	EXP 	Display Frame 6
288.6101 	EXP 	Display Frame 7
288.6413 	EXP 	Display Frame 8
288.6747 	EXP 	Display Frame 9
288.7080 	EXP 	Display Frame 0
288.7413 	EXP 	Display Frame 1
288.7747 	EXP 	Display Frame 2
288.8096 	EXP 	Display Frame 3
288.8414 	EXP 	Display Frame 4
288.8747 	EXP 	Display Frame 5
288.9098 	EXP 	Display Frame 6
288.9414 	EXP 	Display Frame 7
288.9747 	EXP 	Display Frame 8
289.0085 	EXP 	Display Frame 9
289.0413 	EXP 	Display Frame 0
289.0746 	EXP 	Display Frame 1
289.1080 	EXP 	Display Frame 2
289.1413 	EXP 	Display Frame 3
289.1746 	EXP 	Display Frame 4
289.2101 	EXP 	Display Frame 5
289.2413 	EXP 	Display Frame 6
289.2747 	EXP 	Display Frame 7
289.3080 	EXP 	Display Frame 8
289.3413 	EXP 	Display Frame 9
289.3748 	DATA 	Keypress: equal
289.3757 	EXP 	Display Frame 0
289.4101 	EXP 	Display Frame 1
289.4414 	EXP 	Display Frame 2
289.4747 	EXP 	Display Frame 3
289.5099 	EXP 	Display Frame 4
289.5414 	EXP 	Display Frame 5
289.5747 	EXP 	Display Frame 6
289.6086 	EXP 	Display Frame 7
289.6413 	EXP 	Display Frame 8
289.6746 	EXP 	Display Frame 9
289.7080 	EXP 	Display Frame 0
289.7413 	EXP 	Display Frame 1
289.7746 	EXP 	Display Frame 2
289.8095 	EXP 	Display Frame 3
289.8413 	EXP 	Display Frame 4
289.8746 	EXP 	Display Frame 5
289.9120 	EXP 	Display Frame 6
289.9413 	EXP 	Display Frame 7
289.9747 	EXP 	Display Frame 8
290.0096 	EXP 	Display Frame 9
290.0414 	EXP 	Display Frame 0
290.0746 	EXP 	Display Frame 1
290.1080 	EXP 	Display Frame 2
290.1414 	EXP 	Display Frame 3
290.1747 	EXP 	Display Frame 4
290.2095 	EXP 	Display Frame 5
290.2413 	EXP 	Display Frame 6
290.2746 	EXP 	Display Frame 7
290.3080 	EXP 	Display Frame 8
290.3413 	EXP 	Display Frame 9
290.3747 	EXP 	Display Frame 0
290.4091 	EXP 	Display Frame 1
290.4413 	EXP 	Display Frame 2
290.4748 	EXP 	Display Frame 3
290.5080 	EXP 	Display Frame 4
290.5413 	EXP 	Display Frame 5
290.5747 	EXP 	Display Frame 6
290.6087 	EXP 	Display Frame 7
290.6413 	EXP 	Display Frame 8
290.6746 	EXP 	Display Frame 9
290.7080 	EXP 	Display Frame 0
290.7413 	EXP 	Display Frame 1
290.7747 	EXP 	Display Frame 2
290.8095 	EXP 	Display Frame 3
290.8413 	EXP 	Display Frame 4
290.8746 	DATA 	Keypress: equal
290.8756 	EXP 	Display Frame 5
290.9132 	EXP 	Display Frame 6
290.9413 	EXP 	Display Frame 7
290.9747 	EXP 	Display Frame 8
291.0097 	EXP 	Display Frame 9
291.0414 	EXP 	Display Frame 0
291.0746 	EXP 	Display Frame 1
291.1080 	EXP 	Display Frame 2
291.1413 	EXP 	Display Frame 3
291.1746 	EXP 	Display Frame 4
291.2089 	EXP 	Display Frame 5
291.2413 	EXP 	Display Frame 6
291.2747 	EXP 	Display Frame 7
291.3080 	EXP 	Display Frame 8
291.3413 	EXP 	Display Frame 9
291.3746 	EXP 	Display Frame 0
291.4101 	EXP 	Display Frame 1
291.4413 	EXP 	Display Frame 2
291.4747 	EXP 	Display Frame 3
291.5080 	EXP 	Display Frame 4
291.5414 	EXP 	Display Frame 5
291.5747 	EXP 	Display Frame 6
291.6096 	EXP 	Display Frame 7
291.6413 	EXP 	Display Frame 8
291.6746 	EXP 	Display Frame 9
291.7080 	EXP 	Display Frame 0
291.7413 	EXP 	Display Frame 1
291.7748 	EXP 	Display Frame 2
291.8083 	EXP 	Display Frame 3
291.8413 	EXP 	Display Frame 4
291.8748 	EXP 	Display Frame 5
291.9131 	EXP 	Display Frame 6
291.9413 	EXP 	Display Frame 7
291.9746 	EXP 	Display Frame 8
292.0085 	EXP 	Display Frame 9
292.0415 	EXP 	Display Frame 0
292.0746 	EXP 	Display Frame 1
292.1081 	EXP 	Display Frame 2
292.1414 	EXP 	Display Frame 3
292.1747 	EXP 	Display Frame 4
292.2086 	EXP 	Display Frame 5
292.2415 	EXP 	Display Frame 6
292.2746 	EXP 	Display Frame 7
292.3081 	EXP 	Display Frame 8
292.3414 	EXP 	Display Frame 9
292.3749 	DATA 	Keypress: equal
292.3758 	EXP 	Display Frame 0
292.4089 	EXP 	Display Frame 1
292.4413 	EXP 	Display Frame 2
292.4748 	EXP 	Display Frame 3
292.5081 	EXP 	Display Frame 4
292.5413 	EXP 	Display Frame 5
292.5746 	EXP 	Display Frame 6
292.6095 	EXP 	Display Frame 7
292.6413 	EXP 	Display Frame 8
292.6748 	EXP 	Display Frame 9
292.7096 	EXP 	Display Frame 0
292.7413 	EXP 	Display Frame 1
292.7748 	EXP 	Display Frame 2
292.8085 	EXP 	Display Frame 3
292.8413 	EXP 	Display Frame 4
292.8748 	EXP 	Display Frame 5
292.9084 	EXP 	Display Frame 6
292.9413 	EXP 	Display Frame 7
292.9748 	EXP 	Display Frame 8
293.0101 	EXP 	Display Frame 9
293.0414 	EXP 	Display Frame 0
293.0746 	EXP 	Display Frame 1
293.1082 	EXP 	Display Frame 2
293.1413 	EXP 	Display Frame 3
293.1746 	EXP 	Display Frame 4
293.2086 	EXP 	Display Frame 5
293.2413 	EXP 	Display Frame 6
293.2746 	EXP 	Display Frame 7
293.3080 	EXP 	Display Frame 8
293.3413 	EXP 	Display Frame 9
293.3748 	EXP 	Display Frame 0
293.4096 	EXP 	Display Frame 1
293.4413 	EXP 	Display Frame 2
293.4747 	EXP 	Display Frame 3
293.5081 	EXP 	Display Frame 4
293.5413 	EXP 	Display Frame 5
293.5749 	EXP 	Display Frame 6
293.6085 	EXP 	Display Frame 7
293.6413 	EXP 	Display Frame 8
293.6747 	EXP 	Display Frame 9
293.7081 	EXP 	Display Frame 0
293.7413 	EXP 	Display Frame 1
293.7746 	EXP 	Display Frame 2
293.8085 	EXP 	Display Frame 3
293.8413 	EXP 	Display Frame 4
293.8749 	EXP 	Display Frame 5
293.8756 	DATA 	Keypress: equal
293.9142 	EXP 	Display Frame 6
293.9413 	EXP 	Display Frame 7
293.9747 	EXP 	Display Frame 8
294.0083 	EXP 	Display Frame 9
294.0413 	EXP 	Display Frame 0
294.0746 	EXP 	Display Frame 1
294.1080 	EXP 	Display Frame 2
294.1413 	EXP 	Display Frame 3
294.1747 	EXP 	Display Frame 4
294.2104 	EXP 	Display Frame 5
294.2413 	EXP 	Display Frame 6
294.2747 	EXP 	Display Frame 7
294.3080 	EXP 	Display Frame 8
294.3413 	EXP 	Display Frame 9
294.3746 	EXP 	Display Frame 0
294.4086 	EXP 	Display Frame 1
294.4414 	EXP 	Display Frame 2
294.4747 	EXP 	Display Frame 3
294.5080 	EXP 	Display Frame 4
294.5413 	EXP 	Display Frame 5
294.5747 	EXP 	Display Frame 6
294.6096 	EXP 	Display Frame 7
294.6413 	EXP 	Display Frame 8
294.6746 	EXP 	Display Frame 9
294.7080 	EXP 	Display Frame 0
294.7413 	EXP 	Display Frame 1
294.7746 	EXP 	Display Frame 2
294.8083 	EXP 	Display Frame 3
294.8413 	EXP 	Display Frame 4
294.8747 	EXP 	Display Frame 5
294.9142 	EXP 	Display Frame 6
294.9413 	EXP 	Display Frame 7
294.9747 	EXP 	Display Frame 8
295.0086 	EXP 	Display Frame 9
295.0413 	EXP 	Display Frame 0
295.0748 	EXP 	Display Frame 1
295.1080 	EXP 	Display Frame 2
295.1413 	EXP 	Display Frame 3
295.1747 	EXP 	Display Frame 4
295.2100 	EXP 	Display Frame 5
295.2414 	EXP 	Display Frame 6
295.2746 	EXP 	Display Frame 7
295.3079 	EXP 	Display Frame 8
295.3414 	EXP 	Display Frame 9
295.3749 	DATA 	Keypress: equal
295.3757 	EXP 	Display Frame 0
295.4085 	EXP 	Display Frame 1
295.4413 	EXP 	Display Frame 2
295.4746 	EXP 	Display Frame 3
295.5080 	EXP 	Display Frame 4
295.5413 	EXP 	Display Frame 5
295.5746 	EXP 	Display Frame 6
295.6101 	EXP 	Display Frame 7
295.6415 	EXP 	Display Frame 8
295.6746 	EXP 	Display Frame 9
295.7080 	EXP 	Display Frame 0
295.7414 	EXP 	Display Frame 1
295.7747 	EXP 	Display Frame 2
295.8083 	EXP 	Display Frame 3
295.8413 	EXP 	Display Frame 4
295.8746 	EXP 	Display Frame 5
295.9138 	EXP 	Display Frame 6
295.9413 	EXP 	Display Frame 7
295.9747 	EXP 	Display Frame 8
296.0086 	EXP 	Display Frame 9
296.0413 	EXP 	Display Frame 0
296.0746 	EXP 	Display Frame 1
296.1080 	EXP 	Display Frame 2
296.1413 	EXP 	Display Frame 3
296.1746 	EXP 	Display Frame 4
296.2093 	EXP 	Display Frame 5
296.2413 	EXP 	Display Frame 6
296.2747 	EXP 	Display Frame 7
296.3080 	EXP 	Display Frame 8
296.3413 	EXP 	Display Frame 9
296.3747 	EXP 	Display Frame 0
296.4095 	EXP 	Display Frame 1
296.4413 	EXP 	Display Frame 2
296.4746 	EXP 	Display Frame 3
296.5080 	EXP 	Display Frame 4
296.5413 	EXP 	Display Frame 5
296.5746 	EXP 	Display Frame 6
296.6085 	EXP 	Display Frame 7
296.6413 	EXP 	Display Frame 8
296.6746 	EXP 	Display Frame 9
296.7079 	EXP 	Display Frame 0
296.7413 	EXP 	Display Frame 1
296.7746 	EXP 	Display Frame 2
296.8102 	EXP 	Display Frame 3
296.8414 	EXP 	Display Frame 4
296.8752 	EXP 	Display Frame 5
296.8760 	DATA 	Keypress: equal
296.9128 	EXP 	Display Frame 6
296.9414 	EXP 	Display Frame 7
296.9748 	EXP 	Display Frame 8
297.0096 	EXP 	Display Frame 9
297.0414 	EXP 	Display Frame 0
297.0747 	EXP 	Display Frame 1
297.1080 	EXP 	Display Frame 2
297.1414 	EXP 	Display Frame 3
297.1747 	EXP 	Display Frame 4
297.2085 	EXP 	Display Frame 5
297.2414 	EXP 	Display Frame 6
297.2747 	EXP 	Display Frame 7
297.3080 	EXP 	Display Frame 8
297.3413 	EXP 	Display Frame 9
297.3746 	EXP 	Display Frame 0
297.4101 	EXP 	Display Frame 1
297.4413 	EXP 	Display Frame 2
297.4747 	EXP 	Display Frame 3
297.5080 	EXP 	Display Frame 4
297.5413 	EXP 	Display Frame 5
297.5747 	EXP 	Display Frame 6
297.6090 	EXP 	Display Frame 7
297.6413 	EXP 	Display Frame 8
297.6746 	EXP 	Display Frame 9
297.7080 	EXP 	Display Frame 0
297.7413 	EXP 	Display Frame 1
297.7747 	EXP 	Display Frame 2
297.8087 	EXP 	Display Frame 3
297.8413 	EXP 	Display Frame 4
297.8746 	EXP 	Display Frame 5
297.9131 	EXP 	Display Frame 6
297.9414 	EXP 	Display Frame 7
297.9747 	EXP 	Display Frame 8
298.0102 	EXP 	Display Frame 9
298.0413 	EXP 	Display Frame 0
298.0747 	EXP 	Display Frame 1
298.1080 	EXP 	Display Frame 2
298.1413 	EXP 	Display Frame 3
298.1747 	EXP 	Display Frame 4
298.2087 	EXP 	Display Frame 5
298.2414 	EXP 	Display Frame 6
298.2746 	EXP 	Display Frame 7
298.3080 	EXP 	Display Frame 8
298.3413 	EXP 	Display Frame 9
298.3749 	DATA 	Keypress: equal
298.3758 	EXP 	Display Frame 0
298.4101 	EXP 	Display Frame 1
298.4414 	EXP 	Display Frame 2
298.4747 	EXP 	Display Frame 3
298.5080 	EXP 	Display Frame 4
298.5413 	EXP 	Display Frame 5
298.5746 	EXP 	Display Frame 6
298.6086 	EXP 	Display Frame 7
298.6413 	EXP 	Display Frame 8
298.6746 	EXP 	Display Frame 9
298.7080 	EXP 	Display Frame 0
298.7413 	EXP 	Display Frame 1
298.7747 	EXP 	Display Frame 2
298.8094 	EXP 	Display Frame 3
298.8413 	EXP 	Display Frame 4
298.8746 	EXP 	Display Frame 5
298.9131 	EXP 	Display Frame 6
298.9414 	EXP 	Display Frame 7
298.9747 	EXP 	Display Frame 8
299.0099 	EXP 	Display Frame 9
299.0413 	EXP 	Display Frame 0
299.0746 	EXP 	Display Frame 1
299.1123 	EXP 	Display Frame 2
299.1413 	EXP 	Display Frame 3
299.1747 	EXP 	Display Frame 4
299.2100 	EXP 	Display Frame 5
299.2413 	EXP 	Display Frame 6
299.2746 	EXP 	Display Frame 7
299.3080 	EXP 	Display Frame 8
299.3412 	EXP 	Display Frame 9
299.3746 	EXP 	Display Frame 0
299.4090 	EXP 	Display Frame 1
299.4414 	EXP 	Display Frame 2
299.4746 	EXP 	Display Frame 3
299.5080 	EXP 	Display Frame 4
299.5413 	EXP 	Display Frame 5
299.5746 	EXP 	Display Frame 6
299.6103 	EXP 	Display Frame 7
299.6413 	EXP 	Display Frame 8
299.6746 	EXP 	Display Frame 9
299.7080 	EXP 	Display Frame 0
299.7413 	EXP 	Display Frame 1
299.7746 	EXP 	Display Frame 2
299.8090 	EXP 	Display Frame 3
299.8413 	EXP 	Display Frame 4
299.8748 	DATA 	Keypress: equal
299.8757 	EXP 	Display Frame 5
299.9157 	EXP 	Display Frame 6
299.9413 	EXP 	Display Frame 7
299.9746 	EXP 	Display Frame 8
300.0083 	EXP 	Display Frame 9
300.0412 	EXP 	Display Frame 0
300.0747 	EXP 	Display Frame 1
300.1082 	EXP 	Display Frame 2
300.1413 	EXP 	Display Frame 3
300.1746 	EXP 	Display Frame 4
300.2104 	EXP 	Display Frame 5
300.2413 	EXP 	Display Frame 6
300.2747 	EXP 	Display Frame 7
300.3080 	EXP 	Display Frame 8
300.3413 	EXP 	Display Frame 9
300.3747 	EXP 	Display Frame 0
300.4086 	EXP 	Display Frame 1
300.4413 	EXP 	Display Frame 2
300.4747 	EXP 	Display Frame 3
300.5080 	EXP 	Display Frame 4
300.5413 	EXP 	Display Frame 5
300.5747 	EXP 	Display Frame 6
300.6100 	EXP 	Display Frame 7
300.6413 	EXP 	Display Frame 8
300.6746 	EXP 	Display Frame 9
300.7080 	EXP 	Display Frame 0
300.7413 	EXP 	Display Frame 1
300.7746 	EXP 	Display Frame 2
300.8087 	EXP 	Display Frame 3
300.8413 	EXP 	Display Frame 4
300.8746 	EXP 	Display Frame 5
300.9132 	EXP 	Display Frame 6
300.9413 	EXP 	Display Frame 7
300.9746 	EXP 	Display Frame 8
301.0090 	EXP 	Display Frame 9
301.0413 	EXP 	Display Frame 0
301.0746 	EXP 	Display Frame 1
301.1079 	EXP 	Display Frame 2
301.1413 	EXP 	Display Frame 3
301.1746 	EXP 	Display Frame 4
301.2103 	EXP 	Display Frame 5
301.2412 	EXP 	Display Frame 6
301.2746 	EXP 	Display Frame 7
301.3080 	EXP 	Display Frame 8
301.3413 	EXP 	Display Frame 9
301.3749 	DATA 	Keypress: equal
301.3758 	EXP 	Display Frame 0
301.4089 	EXP 	Display Frame 1
301.4413 	EXP 	Display Frame 2
301.4746 	EXP 	Display Frame 3
301.5080 	EXP 	Display Frame 4
301.5413 	EXP 	Display Frame 5
301.5746 	EXP 	Display Frame 6
301.6104 	EXP 	Display Frame 7
301.6413 	EXP 	Display Frame 8
301.6746 	EXP 	Display Frame 9
301.7079 	EXP 	Display Frame 0
301.7413 	EXP 	Display Frame 1
301.7746 	EXP 	Display Frame 2
301.8089 	EXP 	Display Frame 3
301.8413 	EXP 	Display Frame 4
301.8746 	EXP 	Display Frame 5
301.9140 	EXP 	Display Frame 6
301.9413 	EXP 	Display Frame 7
301.9746 	EXP 	Display Frame 8
302.0088 	EXP 	Display Frame 9
302.0413 	EXP 	Display Frame 0
302.0746 	EXP 	Display Frame 1
302.1080 	EXP 	Display Frame 2
302.1413 	EXP 	Display Frame 3
302.1746 	EXP 	Display Frame 4
302.2101 	EXP 	Display Frame 5
302.2413 	EXP 	Display Frame 6
302.2746 	EXP 	Display Frame 7
302.3126 	EXP 	Display Frame 8
302.3413 	EXP 	Display Frame 9
302.3746 	EXP 	Display Frame 0
302.4100 	EXP 	Display Frame 1
302.4413 	EXP 	Display Frame 2
302.4746 	EXP 	Display Frame 3
302.5080 	EXP 	Display Frame 4
302.5413 	EXP 	Display Frame 5
302.5746 	EXP 	Display Frame 6
302.6088 	EXP 	Display Frame 7
302.6413 	EXP 	Display Frame 8
302.6746 	EXP 	Display Frame 9
302.7080 	EXP 	Display Frame 0
302.7413 	EXP 	Display Frame 1
302.7747 	EXP 	Display Frame 2
302.8094 	EXP 	Display Frame 3
302.8413 	EXP 	Display Frame 4
302.8748 	DATA 	Keypress: equal
302.8755 	EXP 	Display Frame 5
302.8841 	EXP 	Display Fixation
304.3706 	DATA 	Keypress: equal
305.8735 	DATA 	Keypress: equal
307.3706 	DATA 	Keypress: equal
308.8732 	DATA 	Keypress: equal
310.3705 	DATA 	Keypress: equal
311.8736 	DATA 	Keypress: equal
313.3700 	DATA 	Keypress: equal
314.8710 	DATA 	Keypress: equal
316.3697 	DATA 	Keypress: equal
317.8728 	DATA 	Keypress: equal
319.3700 	DATA 	Keypress: equal
320.8726 	DATA 	Keypress: equal
322.3702 	DATA 	Keypress: equal
323.8739 	DATA 	Keypress: equal
325.3705 	DATA 	Keypress: equal
325.4048 	EXP 	Display Frame 1
325.4379 	EXP 	Display Frame 2
325.4729 	EXP 	Display Frame 3
325.5046 	EXP 	Display Frame 4
325.5379 	EXP 	Display Frame 5
325.5714 	EXP 	Display Frame 6
325.6046 	EXP 	Display Frame 7
325.6379 	EXP 	Display Frame 8
325.6730 	EXP 	Display Frame 9
325.7046 	EXP 	Display Frame 0
325.7379 	EXP 	Display Frame 1
325.7712 	EXP 	Display Frame 2
325.8046 	EXP 	Display Frame 3
325.8379 	EXP 	Display Frame 4
325.8731 	EXP 	Display Frame 5
325.9046 	EXP 	Display Frame 6
325.9379 	EXP 	Display Frame 7
325.9712 	EXP 	Display Frame 8
326.0046 	EXP 	Display Frame 9
326.0379 	EXP 	Display Frame 0
326.0716 	EXP 	Display Frame 1
326.1046 	EXP 	Display Frame 2
326.1379 	EXP 	Display Frame 3
326.1712 	EXP 	Display Frame 4
326.2046 	EXP 	Display Frame 5
326.2379 	EXP 	Display Frame 6
326.2731 	EXP 	Display Frame 7
326.3046 	EXP 	Display Frame 8
326.3378 	EXP 	Display Frame 9
326.3712 	EXP 	Display Frame 0
326.4046 	EXP 	Display Frame 1
326.4379 	EXP 	Display Frame 2
326.4730 	EXP 	Display Frame 3
326.5046 	EXP 	Display Frame 4
326.5378 	EXP 	Display Frame 5
326.5712 	EXP 	Display Frame 6
326.6046 	EXP 	Display Frame 7
326.6379 	EXP 	Display Frame 8
326.6716 	EXP 	Display Frame 9
326.7046 	EXP 	Display Frame 0
326.7379 	EXP 	Display Frame 1
326.7712 	EXP 	Display Frame 2
326.8046 	EXP 	Display Frame 3
326.8379 	EXP 	Display Frame 4
326.8735 	EXP 	Display Frame 5
326.8742 	DATA 	Keypress: equal
326.9046 	EXP 	Display Frame 6
326.9379 	EXP 	Display Frame 7
326.9712 	EXP 	Display Frame 8
327.0046 	EXP 	Display Frame 9
327.0379 	EXP 	Display Frame 0
327.0730 	EXP 	Display Frame 1
327.1046 	EXP 	Display Frame 2
327.1378 	EXP 	Display Frame 3
327.1712 	EXP 	Display Frame 4
327.2046 	EXP 	Display Frame 5
327.2379 	EXP 	Display Frame 6
327.2736 	EXP 	Display Frame 7
327.3046 	EXP 	Display Frame 8
327.3379 	EXP 	Display Frame 9
327.3712 	EXP 	Display Frame 0
327.4046 	EXP 	Display Frame 1
327.4379 	EXP 	Display Frame 2
327.4731 	EXP 	Display Frame 3
327.5046 	EXP 	Display Frame 4
327.5379 	EXP 	Display Frame 5
327.5712 	EXP 	Display Frame 6
327.6046 	EXP 	Display Frame 7
327.6379 	EXP 	Display Frame 8
327.6732 	EXP 	Display Frame 9
327.7046 	EXP 	Display Frame 0
327.7379 	EXP 	Display Frame 1
327.7712 	EXP 	Display Frame 2
327.8046 	EXP 	Display Frame 3
327.8379 	EXP 	Display Frame 4
327.8729 	EXP 	Display Frame 5
327.9046 	EXP 	Display Frame 6
327.9379 	EXP 	Display Frame 7
327.9712 	EXP 	Display Frame 8
328.0046 	EXP 	Display Frame 9
328.0379 	EXP 	Display Frame 0
328.0731 	EXP 	Display Frame 1
328.1046 	EXP 	Display Frame 2
328.1378 	EXP 	Display Frame 3
328.1712 	EXP 	Display Frame 4
328.2045 	EXP 	Display Frame 5
328.2379 	EXP 	Display Frame 6
328.2729 	EXP 	Display Frame 7
328.3046 	EXP 	Display Frame 8
328.3378 	EXP 	Display Frame 9
328.3713 	DATA 	Keypress: equal
328.3721 	EXP 	Display Frame 0
328.4046 	EXP 	Display Frame 1
328.4379 	EXP 	Display Frame 2
328.4718 	EXP 	Display Frame 3
328.5046 	EXP 	Display Frame 4
328.5379 	EXP 	Display Frame 5
328.5714 	EXP 	Display Frame 6
328.6046 	EXP 	Display Frame 7
328.6380 	EXP 	Display Frame 8
328.6731 	EXP 	Display Frame 9
328.7046 	EXP 	Display Frame 0
328.7379 	EXP 	Display Frame 1
328.7712 	EXP 	Display Frame 2
328.8046 	EXP 	Display Frame 3
328.8379 	EXP 	Display Frame 4
328.8730 	EXP 	Display Frame 5
328.9046 	EXP 	Display Frame 6
328.9379 	EXP 	Display Frame 7
328.9712 	EXP 	Display Frame 8
329.0048 	EXP 	Display Frame 9
329.0381 	EXP 	Display Frame 0
329.0727 	EXP 	Display Frame 1
329.1046 	EXP 	Display Frame 2
329.1379 	EXP 	Display Frame 3
329.1712 	EXP 	Display Frame 4
329.2046 	EXP 	Display Frame 5
329.2379 	EXP 	Display Frame 6
329.2732 	EXP 	Display Frame 7
329.3046 	EXP 	Display Frame 8
329.3379 	EXP 	Display Frame 9
329.3712 	EXP 	Display Frame 0
329.4046 	EXP 	Display Frame 1
329.4379 	EXP 	Display Frame 2
329.4731 	EXP 	Display Frame 3
329.5046 	EXP 	Display Frame 4
329.5379 	EXP 	Display Frame 5
329.5712 	EXP 	Display Frame 6
329.6045 	EXP 	Display Frame 7
329.6379 	EXP 	Display Frame 8
329.6730 	EXP 	Display Frame 9
329.7045 	EXP 	Display Frame 0
329.7379 	EXP 	Display Frame 1
329.7712 	EXP 	Display Frame 2
329.8046 	EXP 	Display Frame 3
329.8379 	EXP 	Display Frame 4
329.8738 	EXP 	Display Frame 5
329.8746 	DATA 	Keypress: equal
329.9046 	EXP 	Display Frame 6
329.9379 	EXP 	Display Frame 7
329.9712 	EXP 	Display Frame 8
330.0046 	EXP 	Display Frame 9
330.0379 	EXP 	Display Frame 0
330.0721 	EXP 	Display Frame 1
330.1046 	EXP 	Display Frame 2
330.1380 	EXP 	Display Frame 3
330.1712 	EXP 	Display Frame 4
330.2045 	EXP 	Display Frame 5
330.2379 	EXP 	Display Frame 6
330.2729 	EXP 	Display Frame 7
330.3046 	EXP 	Display Frame 8
330.3379 	EXP 	Display Frame 9
330.3712 	EXP 	Display Frame 0
330.4046 	EXP 	Display Frame 1
330.4379 	EXP 	Display Frame 2
330.4731 	EXP 	Display Frame 3
330.5046 	EXP 	Display Frame 4
330.5379 	EXP 	Display Frame 5
330.5712 	EXP 	Display Frame 6
330.6045 	EXP 	Display Frame 7
330.6379 	EXP 	Display Frame 8
330.6725 	EXP 	Display Frame 9
330.7046 	EXP 	Display Frame 0
330.7379 	EXP 	Display Frame 1
330.7712 	EXP 	Display Frame 2
330.8045 	EXP 	Display Frame 3
330.8379 	EXP 	Display Frame 4
330.8711 	EXP 	Display Frame 5
330.9047 	EXP 	Display Frame 6
330.9379 	EXP 	Display Frame 7
330.9712 	EXP 	Display Frame 8
331.0046 	EXP 	Display Frame 9
331.0379 	EXP 	Display Frame 0
331.0729 	EXP 	Display Frame 1
331.1046 	EXP 	Display Frame 2
331.1379 	EXP 	Display Frame 3
331.1712 	EXP 	Display Frame 4
331.2045 	EXP 	Display Frame 5
331.2379 	EXP 	Display Frame 6
331.2716 	EXP 	Display Frame 7
331.3046 	EXP 	Display Frame 8
331.3379 	EXP 	Display Frame 9
331.3714 	DATA 	Keypress: equal
331.3723 	EXP 	Display Frame 0
331.4046 	EXP 	Display Frame 1
331.4379 	EXP 	Display Frame 2
331.4730 	EXP 	Display Frame 3
331.5046 	EXP 	Display Frame 4
331.5378 	EXP 	Display Frame 5
331.5712 	EXP 	Display Frame 6
331.6045 	EXP 	Display Frame 7
331.6379 	EXP 	Display Frame 8
331.6735 	EXP 	Display Frame 9
331.7046 	EXP 	Display Frame 0
331.7379 	EXP 	Display Frame 1
331.7712 	EXP 	Display Frame 2
331.8045 	EXP 	Display Frame 3
331.8379 	EXP 	Display Frame 4
331.8732 	EXP 	Display Frame 5
331.9046 	EXP 	Display Frame 6
331.9378 	EXP 	Display Frame 7
331.9712 	EXP 	Display Frame 8
332.0045 	EXP 	Display Frame 9
332.0379 	EXP 	Display Frame 0
332.0737 	EXP 	Display Frame 1
332.1046 	EXP 	Display Frame 2
332.1378 	EXP 	Display Frame 3
332.1712 	EXP 	Display Frame 4
332.2046 	EXP 	Display Frame 5
332.2379 	EXP 	Display Frame 6
332.2729 	EXP 	Display Frame 7
332.3046 	EXP 	Display Frame 8
332.3379 	EXP 	Display Frame 9
332.3712 	EXP 	Display Frame 0
332.4046 	EXP 	Display Frame 1
332.4379 	EXP 	Display Frame 2
332.4731 	EXP 	Display Frame 3
332.5046 	EXP 	Display Frame 4
332.5379 	EXP 	Display Frame 5
332.5712 	EXP 	Display Frame 6
332.6046 	EXP 	Display Frame 7
332.6379 	EXP 	Display Frame 8
332.6735 	EXP 	Display Frame 9
332.7046 	EXP 	Display Frame 0
332.7378 	EXP 	Display Frame 1
332.7712 	EXP 	Display Frame 2
332.8045 	EXP 	Display Frame 3
332.8378 	EXP 	Display Frame 4
332.8733 	EXP 	Display Frame 5
332.8740 	DATA 	Keypress: equal
332.9046 	EXP 	Display Frame 6
332.9379 	EXP 	Display Frame 7
332.9712 	EXP 	Display Frame 8
333.0046 	EXP 	Display Frame 9
333.0379 	EXP 	Display Frame 0
333.0734 	EXP 	Display Frame 1
333.1046 	EXP 	Display Frame 2
333.1379 	EXP 	Display Frame 3
333.1712 	EXP 	Display Frame 4
333.2045 	EXP 	Display Frame 5
333.2378 	EXP 	Display Frame 6
333.2732 	EXP 	Display Frame 7
333.3046 	EXP 	Display Frame 8
333.3378 	EXP 	Display Frame 9
333.3712 	EXP 	Display Frame 0
333.4045 	EXP 	Display Frame 1
333.4379 	EXP 	Display Frame 2
333.4728 	EXP 	Display Frame 3
333.5046 	EXP 	Display Frame 4
333.5379 	EXP 	Display Frame 5
333.5712 	EXP 	Display Frame 6
333.6046 	EXP 	Display Frame 7
333.6379 	EXP 	Display Frame 8
333.6715 	EXP 	Display Frame 9
333.7046 	EXP 	Display Frame 0
333.7379 	EXP 	Display Frame 1
333.7712 	EXP 	Display Frame 2
333.8045 	EXP 	Display Frame 3
333.8379 	EXP 	Display Frame 4
333.8730 	EXP 	Display Frame 5
333.9046 	EXP 	Display Frame 6
333.9378 	EXP 	Display Frame 7
333.9712 	EXP 	Display Frame 8
334.0046 	EXP 	Display Frame 9
334.0379 	EXP 	Display Frame 0
334.0734 	EXP 	Display Frame 1
334.1046 	EXP 	Display Frame 2
334.1379 	EXP 	Display Frame 3
334.1712 	EXP 	Display Frame 4
334.2045 	EXP 	Display Frame 5
334.2379 	EXP 	Display Frame 6
334.2738 	EXP 	Display Frame 7
334.3046 	EXP 	Display Frame 8
334.3379 	EXP 	Display Frame 9
334.3712 	DATA 	Keypress: equal
334.3720 	EXP 	Display Frame 0
334.4046 	EXP 	Display Frame 1
334.4379 	EXP 	Display Frame 2
334.4733 	EXP 	Display Frame 3
334.5046 	EXP 	Display Frame 4
334.5379 	EXP 	Display Frame 5
334.5712 	EXP 	Display Frame 6
334.6046 	EXP 	Display Frame 7
334.6378 	EXP 	Display Frame 8
334.6734 	EXP 	Display Frame 9
334.7046 	EXP 	Display Frame 0
334.7379 	EXP 	Display Frame 1
334.7712 	EXP 	Display Frame 2
334.8045 	EXP 	Display Frame 3
334.8379 	EXP 	Display Frame 4
334.8712 	EXP 	Display Frame 5
334.9046 	EXP 	Display Frame 6
334.9384 	EXP 	Display Frame 7
334.9713 	EXP 	Display Frame 8
335.0046 	EXP 	Display Frame 9
335.0379 	EXP 	Display Frame 0
335.0712 	EXP 	Display Frame 1
335.1046 	EXP 	Display Frame 2
335.1379 	EXP 	Display Frame 3
335.1712 	EXP 	Display Frame 4
335.2046 	EXP 	Display Frame 5
335.2379 	EXP 	Display Frame 6
335.2712 	EXP 	Display Frame 7
335.3045 	EXP 	Display Frame 8
335.3379 	EXP 	Display Frame 9
335.3712 	EXP 	Display Frame 0
335.4045 	EXP 	Display Frame 1
335.4379 	EXP 	Display Frame 2
335.4712 	EXP 	Display Frame 3
335.5045 	EXP 	Display Frame 4
335.5379 	EXP 	Display Frame 5
335.5712 	EXP 	Display Frame 6
335.6045 	EXP 	Display Frame 7
335.6379 	EXP 	Display Frame 8
335.6712 	EXP 	Display Frame 9
335.7045 	EXP 	Display Frame 0
335.7379 	EXP 	Display Frame 1
335.7712 	EXP 	Display Frame 2
335.8046 	EXP 	Display Frame 3
335.8379 	EXP 	Display Frame 4
335.8714 	DATA 	Keypress: equal
335.8723 	EXP 	Display Frame 5
335.9045 	EXP 	Display Frame 6
335.9379 	EXP 	Display Frame 7
335.9712 	EXP 	Display Frame 8
336.0045 	EXP 	Display Frame 9
336.0379 	EXP 	Display Frame 0
336.0712 	EXP 	Display Frame 1
336.1045 	EXP 	Display Frame 2
336.1379 	EXP 	Display Frame 3
336.1712 	EXP 	Display Frame 4
336.2045 	EXP 	Display Frame 5
336.2380 	EXP 	Display Frame 6
336.2713 	EXP 	Display Frame 7
336.3045 	EXP 	Display Frame 8
336.3379 	EXP 	Display Frame 9
336.3712 	EXP 	Display Frame 0
336.4046 	EXP 	Display Frame 1
336.4379 	EXP 	Display Frame 2
336.4738 	EXP 	Display Frame 3
336.5046 	EXP 	Display Frame 4
336.5379 	EXP 	Display Frame 5
336.5712 	EXP 	Display Frame 6
336.6045 	EXP 	Display Frame 7
336.6379 	EXP 	Display Frame 8
336.6738 	EXP 	Display Frame 9
336.7046 	EXP 	Display Frame 0
336.7379 	EXP 	Display Frame 1
336.7712 	EXP 	Display Frame 2
336.8045 	EXP 	Display Frame 3
336.8379 	EXP 	Display Frame 4
336.8742 	EXP 	Display Frame 5
336.9046 	EXP 	Display Frame 6
336.9379 	EXP 	Display Frame 7
336.9713 	EXP 	Display Frame 8
337.0046 	EXP 	Display Frame 9
337.0379 	EXP 	Display Frame 0
337.0736 	EXP 	Display Frame 1
337.1046 	EXP 	Display Frame 2
337.1379 	EXP 	Display Frame 3
337.1713 	EXP 	Display Frame 4
337.2045 	EXP 	Display Frame 5
337.2379 	EXP 	Display Frame 6
337.2739 	EXP 	Display Frame 7
337.3046 	EXP 	Display Frame 8
337.3379 	EXP 	Display Frame 9
337.3714 	DATA 	Keypress: equal
337.3724 	EXP 	Display Frame 0
337.4045 	EXP 	Display Frame 1
337.4379 	EXP 	Display Frame 2
337.4737 	EXP 	Display Frame 3
337.5046 	EXP 	Display Frame 4
337.5379 	EXP 	Display Frame 5
337.5713 	EXP 	Display Frame 6
337.6045 	EXP 	Display Frame 7
337.6379 	EXP 	Display Frame 8
337.6740 	EXP 	Display Frame 9
337.7046 	EXP 	Display Frame 0
337.7379 	EXP 	Display Frame 1
337.7712 	EXP 	Display Frame 2
337.8045 	EXP 	Display Frame 3
337.8378 	EXP 	Display Frame 4
337.8736 	EXP 	Display Frame 5
337.9046 	EXP 	Display Frame 6
337.9379 	EXP 	Display Frame 7
337.9712 	EXP 	Display Frame 8
338.0046 	EXP 	Display Frame 9
338.0379 	EXP 	Display Frame 0
338.0742 	EXP 	Display Frame 1
338.1046 	EXP 	Display Frame 2
338.1379 	EXP 	Display Frame 3
338.1713 	EXP 	Display Frame 4
338.2045 	EXP 	Display Frame 5
338.2379 	EXP 	Display Frame 6
338.2738 	EXP 	Display Frame 7
338.3046 	EXP 	Display Frame 8
338.3379 	EXP 	Display Frame 9
338.3712 	EXP 	Display Frame 0
338.4045 	EXP 	Display Frame 1
338.4379 	EXP 	Display Frame 2
338.4736 	EXP 	Display Frame 3
338.5046 	EXP 	Display Frame 4
338.5379 	EXP 	Display Frame 5
338.5712 	EXP 	Display Frame 6
338.6046 	EXP 	Display Frame 7
338.6379 	EXP 	Display Frame 8
338.6737 	EXP 	Display Frame 9
338.7046 	EXP 	Display Frame 0
338.7379 	EXP 	Display Frame 1
338.7712 	EXP 	Display Frame 2
338.8045 	EXP 	Display Frame 3
338.8379 	EXP 	Display Frame 4
338.8763 	EXP 	Display Frame 5
338.8769 	DATA 	Keypress: equal
338.9046 	EXP 	Display Frame 6
338.9379 	EXP 	Display Frame 7
338.9712 	EXP 	Display Frame 8
339.0045 	EXP 	Display Frame 9
339.0379 	EXP 	Display Frame 0
339.0731 	EXP 	Display Frame 1
339.1046 	EXP 	Display Frame 2
339.1379 	EXP 	Display Frame 3
339.1713 	EXP 	Display Frame 4
339.2045 	EXP 	Display Frame 5
339.2379 	EXP 	Display Frame 6
339.2736 	EXP 	Display Frame 7
339.3046 	EXP 	Display Frame 8
339.3379 	EXP 	Display Frame 9
339.3713 	EXP 	Display Frame 0
339.4046 	EXP 	Display Frame 1
339.4379 	EXP 	Display Frame 2
339.4732 	EXP 	Display Frame 3
339.5046 	EXP 	Display Frame 4
339.5379 	EXP 	Display Frame 5
339.5713 	EXP 	Display Frame 6
339.6046 	EXP 	Display Frame 7
339.6379 	EXP 	Display Frame 8
339.6737 	EXP 	Display Frame 9
339.7046 	EXP 	Display Frame 0
339.7379 	EXP 	Display Frame 1
339.7712 	EXP 	Display Frame 2
339.8045 	EXP 	Display Frame 3
339.8379 	EXP 	Display Frame 4
339.8735 	EXP 	Display Frame 5
339.9046 	EXP 	Display Frame 6
339.9379 	EXP 	Display Frame 7
339.9713 	EXP 	Display Frame 8
340.0045 	EXP 	Display Frame 9
340.0379 	EXP 	Display Frame 0
340.0737 	EXP 	Display Frame 1
340.1046 	EXP 	Display Frame 2
340.1379 	EXP 	Display Frame 3
340.1712 	EXP 	Display Frame 4
340.2045 	EXP 	Display Frame 5
340.2379 	EXP 	Display Frame 6
340.2734 	EXP 	Display Frame 7
340.3046 	EXP 	Display Frame 8
340.3379 	EXP 	Display Frame 9
340.3713 	DATA 	Keypress: equal
340.3721 	EXP 	Display Frame 0
340.4046 	EXP 	Display Frame 1
340.4379 	EXP 	Display Frame 2
340.4739 	EXP 	Display Frame 3
340.5046 	EXP 	Display Frame 4
340.5379 	EXP 	Display Frame 5
340.5712 	EXP 	Display Frame 6
340.6045 	EXP 	Display Frame 7
340.6379 	EXP 	Display Frame 8
340.6735 	EXP 	Display Frame 9
340.7046 	EXP 	Display Frame 0
340.7379 	EXP 	Display Frame 1
340.7712 	EXP 	Display Frame 2
340.8045 	EXP 	Display Frame 3
340.8379 	EXP 	Display Frame 4
340.8760 	EXP 	Display Frame 5
340.9046 	EXP 	Display Frame 6
340.9379 	EXP 	Display Frame 7
340.9712 	EXP 	Display Frame 8
341.0046 	EXP 	Display Frame 9
341.0379 	EXP 	Display Frame 0
341.0712 	EXP 	Display Frame 1
341.1046 	EXP 	Display Frame 2
341.1379 	EXP 	Display Frame 3
341.1712 	EXP 	Display Frame 4
341.2045 	EXP 	Display Frame 5
341.2379 	EXP 	Display Frame 6
341.2736 	EXP 	Display Frame 7
341.3046 	EXP 	Display Frame 8
341.3379 	EXP 	Display Frame 9
341.3713 	EXP 	Display Frame 0
341.4045 	EXP 	Display Frame 1
341.4379 	EXP 	Display Frame 2
341.4728 	EXP 	Display Frame 3
341.5046 	EXP 	Display Frame 4
341.5379 	EXP 	Display Frame 5
341.5714 	EXP 	Display Frame 6
341.6046 	EXP 	Display Frame 7
341.6379 	EXP 	Display Frame 8
341.6740 	EXP 	Display Frame 9
341.7046 	EXP 	Display Frame 0
341.7379 	EXP 	Display Frame 1
341.7712 	EXP 	Display Frame 2
341.8046 	EXP 	Display Frame 3
341.8379 	EXP 	Display Frame 4
341.8740 	EXP 	Display Frame 5
341.8747 	DATA 	Keypress: equal
341.9046 	EXP 	Display Frame 6
341.9379 	EXP 	Display Frame 7
341.9713 	EXP 	Display Frame 8
342.0045 	EXP 	Display Frame 9
342.0379 	EXP 	Display Frame 0
342.0741 	EXP 	Display Frame 1
342.1046 	EXP 	Display Frame 2
342.1379 	EXP 	Display Frame 3
342.1712 	EXP 	Display Frame 4
342.2046 	EXP 	Display Frame 5
342.2379 	EXP 	Display Frame 6
342.2741 	EXP 	Display Frame 7
342.3046 	EXP 	Display Frame 8
342.3379 	EXP 	Display Frame 9
342.3713 	EXP 	Display Frame 0
342.4046 	EXP 	Display Frame 1
342.4379 	EXP 	Display Frame 2
342.4733 	EXP 	Display Frame 3
342.5046 	EXP 	Display Frame 4
342.5379 	EXP 	Display Frame 5
342.5712 	EXP 	Display Frame 6
342.6045 	EXP 	Display Frame 7
342.6379 	EXP 	Display Frame 8
342.6738 	EXP 	Display Frame 9
342.7046 	EXP 	Display Frame 0
342.7379 	EXP 	Display Frame 1
342.7712 	EXP 	Display Frame 2
342.8045 	EXP 	Display Frame 3
342.8378 	EXP 	Display Frame 4
342.8740 	EXP 	Display Frame 5
342.9046 	EXP 	Display Frame 6
342.9379 	EXP 	Display Frame 7
342.9713 	EXP 	Display Frame 8
343.0045 	EXP 	Display Frame 9
343.0379 	EXP 	Display Frame 0
343.0737 	EXP 	Display Frame 1
343.1046 	EXP 	Display Frame 2
343.1379 	EXP 	Display Frame 3
343.1713 	EXP 	Display Frame 4
343.2045 	EXP 	Display Frame 5
343.2379 	EXP 	Display Frame 6
343.2736 	EXP 	Display Frame 7
343.3046 	EXP 	Display Frame 8
343.3379 	EXP 	Display Frame 9
343.3713 	DATA 	Keypress: equal
343.3723 	EXP 	Display Frame 0
343.4045 	EXP 	Display Frame 1
343.4379 	EXP 	Display Frame 2
343.4739 	EXP 	Display Frame 3
343.5045 	EXP 	Display Frame 4
343.5379 	EXP 	Display Frame 5
343.5713 	EXP 	Display Frame 6
343.6046 	EXP 	Display Frame 7
343.6379 	EXP 	Display Frame 8
343.6741 	EXP 	Display Frame 9
343.7046 	EXP 	Display Frame 0
343.7379 	EXP 	Display Frame 1
343.7712 	EXP 	Display Frame 2
343.8046 	EXP 	Display Frame 3
343.8378 	EXP 	Display Frame 4
343.8725 	EXP 	Display Frame 5
343.9046 	EXP 	Display Frame 6
343.9379 	EXP 	Display Frame 7
343.9712 	EXP 	Display Frame 8
344.0045 	EXP 	Display Frame 9
344.0379 	EXP 	Display Frame 0
344.0737 	EXP 	Display Frame 1
344.1046 	EXP 	Display Frame 2
344.1379 	EXP 	Display Frame 3
344.1712 	EXP 	Display Frame 4
344.2045 	EXP 	Display Frame 5
344.2379 	EXP 	Display Frame 6
344.2738 	EXP 	Display Frame 7
344.3046 	EXP 	Display Frame 8
344.3379 	EXP 	Display Frame 9
344.3713 	EXP 	Display Frame 0
344.4045 	EXP 	Display Frame 1
344.4379 	EXP 	Display Frame 2
344.4737 	EXP 	Display Frame 3
344.5046 	EXP 	Display Frame 4
344.5379 	EXP 	Display Frame 5
344.5712 	EXP 	Display Frame 6
344.6046 	EXP 	Display Frame 7
344.6378 	EXP 	Display Frame 8
344.6738 	EXP 	Display Frame 9
344.7046 	EXP 	Display Frame 0
344.7379 	EXP 	Display Frame 1
344.7712 	EXP 	Display Frame 2
344.8045 	EXP 	Display Frame 3
344.8379 	EXP 	Display Frame 4
344.8739 	EXP 	Display Frame 5
344.8746 	DATA 	Keypress: equal
344.9046 	EXP 	Display Frame 6
344.9379 	EXP 	Display Frame 7
344.9712 	EXP 	Display Frame 8
345.0045 	EXP 	Display Frame 9
345.0379 	EXP 	Display Frame 0
345.0742 	EXP 	Display Frame 1
345.1046 	EXP 	Display Frame 2
345.1379 	EXP 	Display Frame 3
345.1712 	EXP 	Display Frame 4
345.2046 	EXP 	Display Frame 5
345.2379 	EXP 	Display Frame 6
345.2737 	EXP 	Display Frame 7
345.3046 	EXP 	Display Frame 8
345.3379 	EXP 	Display Frame 9
345.3713 	EXP 	Display Frame 0
345.4045 	EXP 	Display Frame 1
345.4379 	EXP 	Display Frame 2
345.4733 	EXP 	Display Frame 3
345.5046 	EXP 	Display Frame 4
345.5379 	EXP 	Display Frame 5
345.5713 	EXP 	Display Frame 6
345.6045 	EXP 	Display Frame 7
345.6379 	EXP 	Display Frame 8
345.6734 	EXP 	Display Frame 9
345.7046 	EXP 	Display Frame 0
345.7379 	EXP 	Display Frame 1
345.7712 	EXP 	Display Frame 2
345.8046 	EXP 	Display Frame 3
345.8379 	EXP 	Display Frame 4
345.8739 	EXP 	Display Frame 5
345.9046 	EXP 	Display Frame 6
345.9379 	EXP 	Display Frame 7
345.9712 	EXP 	Display Frame 8
346.0045 	EXP 	Display Frame 9
346.0379 	EXP 	Display Frame 0
346.0740 	EXP 	Display Frame 1
346.1046 	EXP 	Display Frame 2
346.1379 	EXP 	Display Frame 3
346.1712 	EXP 	Display Frame 4
346.2045 	EXP 	Display Frame 5
346.2379 	EXP 	Display Frame 6
346.2739 	EXP 	Display Frame 7
346.3046 	EXP 	Display Frame 8
346.3379 	EXP 	Display Frame 9
346.3713 	DATA 	Keypress: equal
346.3722 	EXP 	Display Frame 0
346.4045 	EXP 	Display Frame 1
346.4379 	EXP 	Display Frame 2
346.4732 	EXP 	Display Frame 3
346.5046 	EXP 	Display Frame 4
346.5379 	EXP 	Display Frame 5
346.5712 	EXP 	Display Frame 6
346.6045 	EXP 	Display Frame 7
346.6379 	EXP 	Display Frame 8
346.6740 	EXP 	Display Frame 9
346.7046 	EXP 	Display Frame 0
346.7379 	EXP 	Display Frame 1
346.7712 	EXP 	Display Frame 2
346.8046 	EXP 	Display Frame 3
346.8379 	EXP 	Display Frame 4
346.8712 	EXP 	Display Frame 5
346.9047 	EXP 	Display Frame 6
346.9379 	EXP 	Display Frame 7
346.9712 	EXP 	Display Frame 8
347.0045 	EXP 	Display Frame 9
347.0379 	EXP 	Display Frame 0
347.0738 	EXP 	Display Frame 1
347.1046 	EXP 	Display Frame 2
347.1379 	EXP 	Display Frame 3
347.1712 	EXP 	Display Frame 4
347.2045 	EXP 	Display Frame 5
347.2379 	EXP 	Display Frame 6
347.2741 	EXP 	Display Frame 7
347.3046 	EXP 	Display Frame 8
347.3379 	EXP 	Display Frame 9
347.3713 	EXP 	Display Frame 0
347.4045 	EXP 	Display Frame 1
347.4379 	EXP 	Display Frame 2
347.4733 	EXP 	Display Frame 3
347.5046 	EXP 	Display Frame 4
347.5379 	EXP 	Display Frame 5
347.5712 	EXP 	Display Frame 6
347.6045 	EXP 	Display Frame 7
347.6385 	EXP 	Display Frame 8
347.6735 	EXP 	Display Frame 9
347.7046 	EXP 	Display Frame 0
347.7379 	EXP 	Display Frame 1
347.7712 	EXP 	Display Frame 2
347.8046 	EXP 	Display Frame 3
347.8379 	EXP 	Display Frame 4
347.8738 	EXP 	Display Frame 5
347.8746 	DATA 	Keypress: equal
347.8843 	EXP 	Display Fixation
349.3706 	DATA 	Keypress: equal
350.8691 	DATA 	Keypress: equal
352.3738 	DATA 	Keypress: equal
353.8740 	DATA 	Keypress: equal
355.3706 	DATA 	Keypress: equal
356.8695 	DATA 	Keypress: equal
358.3736 	DATA 	Keypress: equal
359.8694 	DATA 	Keypress: equal
361.3736 	DATA 	Keypress: equal
362.8689 	DATA 	Keypress: equal
364.3738 	DATA 	Keypress: equal
365.8698 	DATA 	Keypress: equal
367.3744 	DATA 	Keypress: equal
368.8697 	DATA 	Keypress: equal
370.3742 	DATA 	Keypress: equal
370.4140 	EXP 	Display Frame 1
370.4419 	EXP 	Display Frame 2
370.4752 	EXP 	Display Frame 3
370.5138 	EXP 	Display Frame 4
370.5418 	EXP 	Display Frame 5
370.5752 	EXP 	Display Frame 6
370.6105 	EXP 	Display Frame 7
370.6418 	EXP 	Display Frame 8
370.6751 	EXP 	Display Frame 9
370.7136 	EXP 	Display Frame 0
370.7418 	EXP 	Display Frame 1
370.7752 	EXP 	Display Frame 2
370.8100 	EXP 	Display Frame 3
370.8418 	EXP 	Display Frame 4
370.8751 	EXP 	Display Frame 5
370.9133 	EXP 	Display Frame 6
370.9418 	EXP 	Display Frame 7
370.9751 	EXP 	Display Frame 8
371.0102 	EXP 	Display Frame 9
371.0418 	EXP 	Display Frame 0
371.0751 	EXP 	Display Frame 1
371.1134 	EXP 	Display Frame 2
371.1418 	EXP 	Display Frame 3
371.1752 	EXP 	Display Frame 4
371.2102 	EXP 	Display Frame 5
371.2418 	EXP 	Display Frame 6
371.2751 	EXP 	Display Frame 7
371.3133 	EXP 	Display Frame 8
371.3418 	EXP 	Display Frame 9
371.3751 	EXP 	Display Frame 0
371.4096 	EXP 	Display Frame 1
371.4418 	EXP 	Display Frame 2
371.4752 	EXP 	Display Frame 3
371.5130 	EXP 	Display Frame 4
371.5418 	EXP 	Display Frame 5
371.5752 	EXP 	Display Frame 6
371.6104 	EXP 	Display Frame 7
371.6418 	EXP 	Display Frame 8
371.6751 	EXP 	Display Frame 9
371.7135 	EXP 	Display Frame 0
371.7418 	EXP 	Display Frame 1
371.7751 	EXP 	Display Frame 2
371.8104 	EXP 	Display Frame 3
371.8418 	EXP 	Display Frame 4
371.8753 	DATA 	Keypress: equal
371.8761 	EXP 	Display Frame 5
371.9133 	EXP 	Display Frame 6
371.9418 	EXP 	Display Frame 7
371.9752 	EXP 	Display Frame 8
372.0100 	EXP 	Display Frame 9
372.0418 	EXP 	Display Frame 0
372.0751 	EXP 	Display Frame 1
372.1131 	EXP 	Display Frame 2
372.1418 	EXP 	Display Frame 3
372.1751 	EXP 	Display Frame 4
372.2100 	EXP 	Display Frame 5
372.2418 	EXP 	Display Frame 6
372.2752 	EXP 	Display Frame 7
372.3134 	EXP 	Display Frame 8
372.3418 	EXP 	Display Frame 9
372.3752 	EXP 	Display Frame 0
372.4100 	EXP 	Display Frame 1
372.4419 	EXP 	Display Frame 2
372.4751 	EXP 	Display Frame 3
372.5129 	EXP 	Display Frame 4
372.5418 	EXP 	Display Frame 5
372.5752 	EXP 	Display Frame 6
372.6101 	EXP 	Display Frame 7
372.6418 	EXP 	Display Frame 8
372.6751 	EXP 	Display Frame 9
372.7114 	EXP 	Display Frame 0
372.7418 	EXP 	Display Frame 1
372.7751 	EXP 	Display Frame 2
372.8101 	EXP 	Display Frame 3
372.8418 	EXP 	Display Frame 4
372.8752 	EXP 	Display Frame 5
372.9132 	EXP 	Display Frame 6
372.9418 	EXP 	Display Frame 7
372.9751 	EXP 	Display Frame 8
373.0101 	EXP 	Display Frame 9
373.0418 	EXP 	Display Frame 0
373.0752 	EXP 	Display Frame 1
373.1135 	EXP 	Display Frame 2
373.1419 	EXP 	Display Frame 3
373.1752 	EXP 	Display Frame 4
373.2101 	EXP 	Display Frame 5
373.2419 	EXP 	Display Frame 6
373.2753 	EXP 	Display Frame 7
373.3138 	EXP 	Display Frame 8
373.3418 	EXP 	Display Frame 9
373.3754 	DATA 	Keypress: equal
373.3762 	EXP 	Display Frame 0
373.4101 	EXP 	Display Frame 1
373.4419 	EXP 	Display Frame 2
373.4751 	EXP 	Display Frame 3
373.5132 	EXP 	Display Frame 4
373.5418 	EXP 	Display Frame 5
373.5753 	EXP 	Display Frame 6
373.6103 	EXP 	Display Frame 7
373.6418 	EXP 	Display Frame 8
373.6751 	EXP 	Display Frame 9
373.7134 	EXP 	Display Frame 0
373.7418 	EXP 	Display Frame 1
373.7752 	EXP 	Display Frame 2
373.8101 	EXP 	Display Frame 3
373.8418 	EXP 	Display Frame 4
373.8751 	EXP 	Display Frame 5
373.9136 	EXP 	Display Frame 6
373.9418 	EXP 	Display Frame 7
373.9751 	EXP 	Display Frame 8
374.0096 	EXP 	Display Frame 9
374.0418 	EXP 	Display Frame 0
374.0752 	EXP 	Display Frame 1
374.1133 	EXP 	Display Frame 2
374.1418 	EXP 	Display Frame 3
374.1752 	EXP 	Display Frame 4
374.2104 	EXP 	Display Frame 5
374.2418 	EXP 	Display Frame 6
374.2751 	EXP 	Display Frame 7
374.3136 	EXP 	Display Frame 8
374.3418 	EXP 	Display Frame 9
374.3751 	EXP 	Display Frame 0
374.4103 	EXP 	Display Frame 1
374.4418 	EXP 	Display Frame 2
374.4752 	EXP 	Display Frame 3
374.5135 	EXP 	Display Frame 4
374.5418 	EXP 	Display Frame 5
374.5752 	EXP 	Display Frame 6
374.6093 	EXP 	Display Frame 7
374.6418 	EXP 	Display Frame 8
374.6751 	EXP 	Display Frame 9
374.7131 	EXP 	Display Frame 0
374.7418 	EXP 	Display Frame 1
374.7751 	EXP 	Display Frame 2
374.8105 	EXP 	Display Frame 3
374.8418 	EXP 	Display Frame 4
374.8753 	DATA 	Keypress: equal
374.8762 	EXP 	Display Frame 5
374.9140 	EXP 	Display Frame 6
374.9418 	EXP 	Display Frame 7
374.9751 	EXP 	Display Frame 8
375.0105 	EXP 	Display Frame 9
375.0418 	EXP 	Display Frame 0
375.0751 	EXP 	Display Frame 1
375.1140 	EXP 	Display Frame 2
375.1418 	EXP 	Display Frame 3
375.1751 	EXP 	Display Frame 4
375.2102 	EXP 	Display Frame 5
375.2418 	EXP 	Display Frame 6
375.2751 	EXP 	Display Frame 7
375.3137 	EXP 	Display Frame 8
375.3418 	EXP 	Display Frame 9
375.3752 	EXP 	Display Frame 0
375.4100 	EXP 	Display Frame 1
375.4418 	EXP 	Display Frame 2
375.4751 	EXP 	Display Frame 3
375.5130 	EXP 	Display Frame 4
375.5418 	EXP 	Display Frame 5
375.5751 	EXP 	Display Frame 6
375.6100 	EXP 	Display Frame 7
375.6418 	EXP 	Display Frame 8
375.6751 	EXP 	Display Frame 9
375.7129 	EXP 	Display Frame 0
375.7418 	EXP 	Display Frame 1
375.7752 	EXP 	Display Frame 2
375.8105 	EXP 	Display Frame 3
375.8418 	EXP 	Display Frame 4
375.8751 	EXP 	Display Frame 5
375.9134 	EXP 	Display Frame 6
375.9418 	EXP 	Display Frame 7
375.9751 	EXP 	Display Frame 8
376.0095 	EXP 	Display Frame 9
376.0418 	EXP 	Display Frame 0
376.0752 	EXP 	Display Frame 1
376.1135 	EXP 	Display Frame 2
376.1418 	EXP 	Display Frame 3
376.1751 	EXP 	Display Frame 4
376.2102 	EXP 	Display Frame 5
376.2419 	EXP 	Display Frame 6
376.2751 	EXP 	Display Frame 7
376.3136 	EXP 	Display Frame 8
376.3418 	EXP 	Display Frame 9
376.3753 	DATA 	Keypress: equal
376.3761 	EXP 	Display Frame 0
376.4101 	EXP 	Display Frame 1
376.4418 	EXP 	Display Frame 2
376.4751 	EXP 	Display Frame 3
376.5128 	EXP 	Display Frame 4
376.5418 	EXP 	Display Frame 5
376.5752 	EXP 	Display Frame 6
376.6100 	EXP 	Display Frame 7
376.6418 	EXP 	Display Frame 8
376.6751 	EXP 	Display Frame 9
376.7130 	EXP 	Display Frame 0
376.7418 	EXP 	Display Frame 1
376.7752 	EXP 	Display Frame 2
376.8104 	EXP 	Display Frame 3
376.8418 	EXP 	Display Frame 4
376.8752 	EXP 	Display Frame 5
376.9102 	EXP 	Display Frame 6
376.9418 	EXP 	Display Frame 7
376.9752 	EXP 	Display Frame 8
377.0090 	EXP 	Display Frame 9
377.0418 	EXP 	Display Frame 0
377.0751 	EXP 	Display Frame 1
377.1135 	EXP 	Display Frame 2
377.1418 	EXP 	Display Frame 3
377.1752 	EXP 	Display Frame 4
377.2096 	EXP 	Display Frame 5
377.2418 	EXP 	Display Frame 6
377.2751 	EXP 	Display Frame 7
377.3138 	EXP 	Display Frame 8
377.3418 	EXP 	Display Frame 9
377.3751 	EXP 	Display Frame 0
377.4092 	EXP 	Display Frame 1
377.4419 	EXP 	Display Frame 2
377.4751 	EXP 	Display Frame 3
377.5142 	EXP 	Display Frame 4
377.5418 	EXP 	Display Frame 5
377.5752 	EXP 	Display Frame 6
377.6092 	EXP 	Display Frame 7
377.6418 	EXP 	Display Frame 8
377.6752 	EXP 	Display Frame 9
377.7090 	EXP 	Display Frame 0
377.7418 	EXP 	Display Frame 1
377.7751 	EXP 	Display Frame 2
377.8105 	EXP 	Display Frame 3
377.8418 	EXP 	Display Frame 4
377.8752 	DATA 	Keypress: equal
377.8761 	EXP 	Display Frame 5
377.9131 	EXP 	Display Frame 6
377.9418 	EXP 	Display Frame 7
377.9752 	EXP 	Display Frame 8
378.0104 	EXP 	Display Frame 9
378.0418 	EXP 	Display Frame 0
378.0752 	EXP 	Display Frame 1
378.1135 	EXP 	Display Frame 2
378.1418 	EXP 	Display Frame 3
378.1752 	EXP 	Display Frame 4
378.2101 	EXP 	Display Frame 5
378.2419 	EXP 	Display Frame 6
378.2751 	EXP 	Display Frame 7
378.3134 	EXP 	Display Frame 8
378.3418 	EXP 	Display Frame 9
378.3752 	EXP 	Display Frame 0
378.4105 	EXP 	Display Frame 1
378.4418 	EXP 	Display Frame 2
378.4752 	EXP 	Display Frame 3
378.5137 	EXP 	Display Frame 4
378.5418 	EXP 	Display Frame 5
378.5751 	EXP 	Display Frame 6
378.6101 	EXP 	Display Frame 7
378.6418 	EXP 	Display Frame 8
378.6751 	EXP 	Display Frame 9
378.7141 	EXP 	Display Frame 0
378.7418 	EXP 	Display Frame 1
378.7752 	EXP 	Display Frame 2
378.8093 	EXP 	Display Frame 3
378.8418 	EXP 	Display Frame 4
378.8751 	EXP 	Display Frame 5
378.9129 	EXP 	Display Frame 6
378.9418 	EXP 	Display Frame 7
378.9752 	EXP 	Display Frame 8
379.0102 	EXP 	Display Frame 9
379.0418 	EXP 	Display Frame 0
379.0751 	EXP 	Display Frame 1
379.1131 	EXP 	Display Frame 2
379.1418 	EXP 	Display Frame 3
379.1751 	EXP 	Display Frame 4
379.2104 	EXP 	Display Frame 5
379.2418 	EXP 	Display Frame 6
379.2752 	EXP 	Display Frame 7
379.3137 	EXP 	Display Frame 8
379.3418 	EXP 	Display Frame 9
379.3753 	DATA 	Keypress: equal
379.3761 	EXP 	Display Frame 0
379.4093 	EXP 	Display Frame 1
379.4419 	EXP 	Display Frame 2
379.4751 	EXP 	Display Frame 3
379.5136 	EXP 	Display Frame 4
379.5418 	EXP 	Display Frame 5
379.5752 	EXP 	Display Frame 6
379.6102 	EXP 	Display Frame 7
379.6418 	EXP 	Display Frame 8
379.6751 	EXP 	Display Frame 9
379.7129 	EXP 	Display Frame 0
379.7418 	EXP 	Display Frame 1
379.7751 	EXP 	Display Frame 2
379.8100 	EXP 	Display Frame 3
379.8418 	EXP 	Display Frame 4
379.8755 	EXP 	Display Frame 5
379.9116 	EXP 	Display Frame 6
379.9419 	EXP 	Display Frame 7
379.9751 	EXP 	Display Frame 8
380.0105 	EXP 	Display Frame 9
380.0418 	EXP 	Display Frame 0
380.0752 	EXP 	Display Frame 1
380.1138 	EXP 	Display Frame 2
380.1418 	EXP 	Display Frame 3
380.1752 	EXP 	Display Frame 4
380.2105 	EXP 	Display Frame 5
380.2418 	EXP 	Display Frame 6
380.2751 	EXP 	Display Frame 7
380.3136 	EXP 	Display Frame 8
380.3418 	EXP 	Display Frame 9
380.3752 	EXP 	Display Frame 0
380.4101 	EXP 	Display Frame 1
380.4419 	EXP 	Display Frame 2
380.4751 	EXP 	Display Frame 3
380.5137 	EXP 	Display Frame 4
380.5418 	EXP 	Display Frame 5
380.5752 	EXP 	Display Frame 6
380.6105 	EXP 	Display Frame 7
380.6418 	EXP 	Display Frame 8
380.6751 	EXP 	Display Frame 9
380.7125 	EXP 	Display Frame 0
380.7418 	EXP 	Display Frame 1
380.7751 	EXP 	Display Frame 2
380.8105 	EXP 	Display Frame 3
380.8418 	EXP 	Display Frame 4
380.8751 	EXP 	Display Frame 5
380.8758 	DATA 	Keypress: equal
380.9132 	EXP 	Display Frame 6
380.9418 	EXP 	Display Frame 7
380.9751 	EXP 	Display Frame 8
381.0104 	EXP 	Display Frame 9
381.0418 	EXP 	Display Frame 0
381.0751 	EXP 	Display Frame 1
381.1137 	EXP 	Display Frame 2
381.1418 	EXP 	Display Frame 3
381.1751 	EXP 	Display Frame 4
381.2100 	EXP 	Display Frame 5
381.2418 	EXP 	Display Frame 6
381.2751 	EXP 	Display Frame 7
381.3136 	EXP 	Display Frame 8
381.3418 	EXP 	Display Frame 9
381.3752 	EXP 	Display Frame 0
381.4105 	EXP 	Display Frame 1
381.4419 	EXP 	Display Frame 2
381.4752 	EXP 	Display Frame 3
381.5137 	EXP 	Display Frame 4
381.5418 	EXP 	Display Frame 5
381.5751 	EXP 	Display Frame 6
381.6106 	EXP 	Display Frame 7
381.6418 	EXP 	Display Frame 8
381.6751 	EXP 	Display Frame 9
381.7135 	EXP 	Display Frame 0
381.7418 	EXP 	Display Frame 1
381.7752 	EXP 	Display Frame 2
381.8101 	EXP 	Display Frame 3
381.8418 	EXP 	Display Frame 4
381.8752 	EXP 	Display Frame 5
381.9137 	EXP 	Display Frame 6
381.9418 	EXP 	Display Frame 7
381.9751 	EXP 	Display Frame 8
382.0102 	EXP 	Display Frame 9
382.0419 	EXP 	Display Frame 0
382.0752 	EXP 	Display Frame 1
382.1137 	EXP 	Display Frame 2
382.1418 	EXP 	Display Frame 3
382.1752 	EXP 	Display Frame 4
382.2102 	EXP 	Display Frame 5
382.2418 	EXP 	Display Frame 6
382.2751 	EXP 	Display Frame 7
382.3138 	EXP 	Display Frame 8
382.3418 	EXP 	Display Frame 9
382.3753 	DATA 	Keypress: equal
382.3762 	EXP 	Display Frame 0
382.4105 	EXP 	Display Frame 1
382.4419 	EXP 	Display Frame 2
382.4751 	EXP 	Display Frame 3
382.5137 	EXP 	Display Frame 4
382.5418 	EXP 	Display Frame 5
382.5751 	EXP 	Display Frame 6
382.6105 	EXP 	Display Frame 7
382.6418 	EXP 	Display Frame 8
382.6751 	EXP 	Display Frame 9
382.7132 	EXP 	Display Frame 0
382.7418 	EXP 	Display Frame 1
382.7751 	EXP 	Display Frame 2
382.8104 	EXP 	Display Frame 3
382.8418 	EXP 	Display Frame 4
382.8752 	EXP 	Display Frame 5
382.9135 	EXP 	Display Frame 6
382.9418 	EXP 	Display Frame 7
382.9752 	EXP 	Display Frame 8
383.0102 	EXP 	Display Frame 9
383.0418 	EXP 	Display Frame 0
383.0751 	EXP 	Display Frame 1
383.1138 	EXP 	Display Frame 2
383.1418 	EXP 	Display Frame 3
383.1751 	EXP 	Display Frame 4
383.2102 	EXP 	Display Frame 5
383.2418 	EXP 	Display Frame 6
383.2751 	EXP 	Display Frame 7
383.3136 	EXP 	Display Frame 8
383.3418 	EXP 	Display Frame 9
383.3752 	EXP 	Display Frame 0
383.4100 	EXP 	Display Frame 1
383.4418 	EXP 	Display Frame 2
383.4751 	EXP 	Display Frame 3
383.5138 	EXP 	Display Frame 4
383.5418 	EXP 	Display Frame 5
383.5752 	EXP 	Display Frame 6
383.6103 	EXP 	Display Frame 7
383.6418 	EXP 	Display Frame 8
383.6751 	EXP 	Display Frame 9
383.7138 	EXP 	Display Frame 0
383.7418 	EXP 	Display Frame 1
383.7751 	EXP 	Display Frame 2
383.8102 	EXP 	Display Frame 3
383.8418 	EXP 	Display Frame 4
383.8753 	EXP 	Display Frame 5
383.8758 	DATA 	Keypress: equal
383.9137 	EXP 	Display Frame 6
383.9418 	EXP 	Display Frame 7
383.9751 	EXP 	Display Frame 8
384.0103 	EXP 	Display Frame 9
384.0418 	EXP 	Display Frame 0
384.0751 	EXP 	Display Frame 1
384.1136 	EXP 	Display Frame 2
384.1418 	EXP 	Display Frame 3
384.1752 	EXP 	Display Frame 4
384.2091 	EXP 	Display Frame 5
384.2420 	EXP 	Display Frame 6
384.2751 	EXP 	Display Frame 7
384.3139 	EXP 	Display Frame 8
384.3418 	EXP 	Display Frame 9
384.3752 	EXP 	Display Frame 0
384.4100 	EXP 	Display Frame 1
384.4418 	EXP 	Display Frame 2
384.4751 	EXP 	Display Frame 3
384.5138 	EXP 	Display Frame 4
384.5418 	EXP 	Display Frame 5
384.5751 	EXP 	Display Frame 6
384.6105 	EXP 	Display Frame 7
384.6418 	EXP 	Display Frame 8
384.6751 	EXP 	Display Frame 9
384.7138 	EXP 	Display Frame 0
384.7418 	EXP 	Display Frame 1
384.7752 	EXP 	Display Frame 2
384.8105 	EXP 	Display Frame 3
384.8418 	EXP 	Display Frame 4
384.8751 	EXP 	Display Frame 5
384.9136 	EXP 	Display Frame 6
384.9418 	EXP 	Display Frame 7
384.9751 	EXP 	Display Frame 8
385.0102 	EXP 	Display Frame 9
385.0418 	EXP 	Display Frame 0
385.0751 	EXP 	Display Frame 1
385.1135 	EXP 	Display Frame 2
385.1418 	EXP 	Display Frame 3
385.1752 	EXP 	Display Frame 4
385.2101 	EXP 	Display Frame 5
385.2418 	EXP 	Display Frame 6
385.2751 	EXP 	Display Frame 7
385.3138 	EXP 	Display Frame 8
385.3418 	EXP 	Display Frame 9
385.3754 	DATA 	Keypress: equal
385.3763 	EXP 	Display Frame 0
385.4103 	EXP 	Display Frame 1
385.4418 	EXP 	Display Frame 2
385.4751 	EXP 	Display Frame 3
385.5139 	EXP 	Display Frame 4
385.5418 	EXP 	Display Frame 5
385.5751 	EXP 	Display Frame 6
385.6105 	EXP 	Display Frame 7
385.6418 	EXP 	Display Frame 8
385.6751 	EXP 	Display Frame 9
385.7135 	EXP 	Display Frame 0
385.7419 	EXP 	Display Frame 1
385.7752 	EXP 	Display Frame 2
385.8102 	EXP 	Display Frame 3
385.8418 	EXP 	Display Frame 4
385.8753 	EXP 	Display Frame 5
385.9143 	EXP 	Display Frame 6
385.9418 	EXP 	Display Frame 7
385.9752 	EXP 	Display Frame 8
386.0099 	EXP 	Display Frame 9
386.0418 	EXP 	Display Frame 0
386.0751 	EXP 	Display Frame 1
386.1135 	EXP 	Display Frame 2
386.1418 	EXP 	Display Frame 3
386.1751 	EXP 	Display Frame 4
386.2100 	EXP 	Display Frame 5
386.2418 	EXP 	Display Frame 6
386.2751 	EXP 	Display Frame 7
386.3137 	EXP 	Display Frame 8
386.3418 	EXP 	Display Frame 9
386.3752 	EXP 	Display Frame 0
386.4105 	EXP 	Display Frame 1
386.4419 	EXP 	Display Frame 2
386.4751 	EXP 	Display Frame 3
386.5132 	EXP 	Display Frame 4
386.5418 	EXP 	Display Frame 5
386.5751 	EXP 	Display Frame 6
386.6100 	EXP 	Display Frame 7
386.6418 	EXP 	Display Frame 8
386.6751 	EXP 	Display Frame 9
386.7134 	EXP 	Display Frame 0
386.7418 	EXP 	Display Frame 1
386.7751 	EXP 	Display Frame 2
386.8105 	EXP 	Display Frame 3
386.8418 	EXP 	Display Frame 4
386.8754 	DATA 	Keypress: equal
386.8763 	EXP 	Display Frame 5
386.9133 	EXP 	Display Frame 6
386.9418 	EXP 	Display Frame 7
386.9751 	EXP 	Display Frame 8
387.0105 	EXP 	Display Frame 9
387.0418 	EXP 	Display Frame 0
387.0751 	EXP 	Display Frame 1
387.1140 	EXP 	Display Frame 2
387.1418 	EXP 	Display Frame 3
387.1752 	EXP 	Display Frame 4
387.2105 	EXP 	Display Frame 5
387.2418 	EXP 	Display Frame 6
387.2751 	EXP 	Display Frame 7
387.3125 	EXP 	Display Frame 8
387.3418 	EXP 	Display Frame 9
387.3751 	EXP 	Display Frame 0
387.4102 	EXP 	Display Frame 1
387.4418 	EXP 	Display Frame 2
387.4751 	EXP 	Display Frame 3
387.5143 	EXP 	Display Frame 4
387.5418 	EXP 	Display Frame 5
387.5751 	EXP 	Display Frame 6
387.6100 	EXP 	Display Frame 7
387.6418 	EXP 	Display Frame 8
387.6751 	EXP 	Display Frame 9
387.7137 	EXP 	Display Frame 0
387.7418 	EXP 	Display Frame 1
387.7752 	EXP 	Display Frame 2
387.8105 	EXP 	Display Frame 3
387.8418 	EXP 	Display Frame 4
387.8752 	EXP 	Display Frame 5
387.9124 	EXP 	Display Frame 6
387.9418 	EXP 	Display Frame 7
387.9751 	EXP 	Display Frame 8
388.0102 	EXP 	Display Frame 9
388.0418 	EXP 	Display Frame 0
388.0751 	EXP 	Display Frame 1
388.1139 	EXP 	Display Frame 2
388.1418 	EXP 	Display Frame 3
388.1751 	EXP 	Display Frame 4
388.2101 	EXP 	Display Frame 5
388.2418 	EXP 	Display Frame 6
388.2751 	EXP 	Display Frame 7
388.3137 	EXP 	Display Frame 8
388.3418 	EXP 	Display Frame 9
388.3753 	DATA 	Keypress: equal
388.3762 	EXP 	Display Frame 0
388.4103 	EXP 	Display Frame 1
388.4418 	EXP 	Display Frame 2
388.4752 	EXP 	Display Frame 3
388.5138 	EXP 	Display Frame 4
388.5418 	EXP 	Display Frame 5
388.5751 	EXP 	Display Frame 6
388.6099 	EXP 	Display Frame 7
388.6418 	EXP 	Display Frame 8
388.6751 	EXP 	Display Frame 9
388.7138 	EXP 	Display Frame 0
388.7418 	EXP 	Display Frame 1
388.7751 	EXP 	Display Frame 2
388.8102 	EXP 	Display Frame 3
388.8418 	EXP 	Display Frame 4
388.8752 	EXP 	Display Frame 5
388.9130 	EXP 	Display Frame 6
388.9418 	EXP 	Display Frame 7
388.9754 	EXP 	Display Frame 8
389.0131 	EXP 	Display Frame 9
389.0420 	EXP 	Display Frame 0
389.0755 	EXP 	Display Frame 1
389.1128 	EXP 	Display Frame 2
389.1419 	EXP 	Display Frame 3
389.1754 	EXP 	Display Frame 4
389.2099 	EXP 	Display Frame 5
389.2418 	EXP 	Display Frame 6
389.2752 	EXP 	Display Frame 7
389.3137 	EXP 	Display Frame 8
389.3418 	EXP 	Display Frame 9
389.3752 	EXP 	Display Frame 0
389.4105 	EXP 	Display Frame 1
389.4418 	EXP 	Display Frame 2
389.4752 	EXP 	Display Frame 3
389.5121 	EXP 	Display Frame 4
389.5418 	EXP 	Display Frame 5
389.5755 	EXP 	Display Frame 6
389.6103 	EXP 	Display Frame 7
389.6419 	EXP 	Display Frame 8
389.6751 	EXP 	Display Frame 9
389.7143 	EXP 	Display Frame 0
389.7418 	EXP 	Display Frame 1
389.7752 	EXP 	Display Frame 2
389.8105 	EXP 	Display Frame 3
389.8418 	EXP 	Display Frame 4
389.8754 	DATA 	Keypress: equal
389.8762 	EXP 	Display Frame 5
389.9133 	EXP 	Display Frame 6
389.9418 	EXP 	Display Frame 7
389.9751 	EXP 	Display Frame 8
390.0105 	EXP 	Display Frame 9
390.0418 	EXP 	Display Frame 0
390.0751 	EXP 	Display Frame 1
390.1112 	EXP 	Display Frame 2
390.1418 	EXP 	Display Frame 3
390.1752 	EXP 	Display Frame 4
390.2100 	EXP 	Display Frame 5
390.2418 	EXP 	Display Frame 6
390.2752 	EXP 	Display Frame 7
390.3136 	EXP 	Display Frame 8
390.3418 	EXP 	Display Frame 9
390.3752 	EXP 	Display Frame 0
390.4101 	EXP 	Display Frame 1
390.4419 	EXP 	Display Frame 2
390.4751 	EXP 	Display Frame 3
390.5141 	EXP 	Display Frame 4
390.5418 	EXP 	Display Frame 5
390.5751 	EXP 	Display Frame 6
390.6096 	EXP 	Display Frame 7
390.6418 	EXP 	Display Frame 8
390.6752 	EXP 	Display Frame 9
390.7134 	EXP 	Display Frame 0
390.7418 	EXP 	Display Frame 1
390.7751 	EXP 	Display Frame 2
390.8101 	EXP 	Display Frame 3
390.8418 	EXP 	Display Frame 4
390.8751 	EXP 	Display Frame 5
390.9133 	EXP 	Display Frame 6
390.9418 	EXP 	Display Frame 7
390.9751 	EXP 	Display Frame 8
391.0100 	EXP 	Display Frame 9
391.0418 	EXP 	Display Frame 0
391.0751 	EXP 	Display Frame 1
391.1120 	EXP 	Display Frame 2
391.1418 	EXP 	Display Frame 3
391.1752 	EXP 	Display Frame 4
391.2106 	EXP 	Display Frame 5
391.2418 	EXP 	Display Frame 6
391.2751 	EXP 	Display Frame 7
391.3140 	EXP 	Display Frame 8
391.3418 	EXP 	Display Frame 9
391.3754 	DATA 	Keypress: equal
391.3762 	EXP 	Display Frame 0
391.4101 	EXP 	Display Frame 1
391.4418 	EXP 	Display Frame 2
391.4751 	EXP 	Display Frame 3
391.5138 	EXP 	Display Frame 4
391.5418 	EXP 	Display Frame 5
391.5752 	EXP 	Display Frame 6
391.6102 	EXP 	Display Frame 7
391.6419 	EXP 	Display Frame 8
391.6751 	EXP 	Display Frame 9
391.7136 	EXP 	Display Frame 0
391.7418 	EXP 	Display Frame 1
391.7751 	EXP 	Display Frame 2
391.8101 	EXP 	Display Frame 3
391.8418 	EXP 	Display Frame 4
391.8751 	EXP 	Display Frame 5
391.9137 	EXP 	Display Frame 6
391.9418 	EXP 	Display Frame 7
391.9751 	EXP 	Display Frame 8
392.0105 	EXP 	Display Frame 9
392.0418 	EXP 	Display Frame 0
392.0751 	EXP 	Display Frame 1
392.1138 	EXP 	Display Frame 2
392.1418 	EXP 	Display Frame 3
392.1751 	EXP 	Display Frame 4
392.2100 	EXP 	Display Frame 5
392.2418 	EXP 	Display Frame 6
392.2751 	EXP 	Display Frame 7
392.3137 	EXP 	Display Frame 8
392.3418 	EXP 	Display Frame 9
392.3752 	EXP 	Display Frame 0
392.4099 	EXP 	Display Frame 1
392.4418 	EXP 	Display Frame 2
392.4752 	EXP 	Display Frame 3
392.5141 	EXP 	Display Frame 4
392.5418 	EXP 	Display Frame 5
392.5752 	EXP 	Display Frame 6
392.6102 	EXP 	Display Frame 7
392.6418 	EXP 	Display Frame 8
392.6751 	EXP 	Display Frame 9
392.7137 	EXP 	Display Frame 0
392.7418 	EXP 	Display Frame 1
392.7752 	EXP 	Display Frame 2
392.8101 	EXP 	Display Frame 3
392.8418 	EXP 	Display Frame 4
392.8751 	EXP 	Display Frame 5
392.8758 	DATA 	Keypress: equal
392.8845 	EXP 	Display Fixation
394.3736 	DATA 	Keypress: equal
395.8740 	DATA 	Keypress: equal
397.3748 	DATA 	Keypress: equal
398.8746 	DATA 	Keypress: equal
400.3745 	DATA 	Keypress: equal
401.8699 	DATA 	Keypress: equal
403.3738 	DATA 	Keypress: equal
404.8742 	DATA 	Keypress: equal
406.3709 	DATA 	Keypress: equal
407.8738 	DATA 	Keypress: equal
409.3699 	DATA 	Keypress: equal
410.8723 	DATA 	Keypress: equal
412.3710 	DATA 	Keypress: equal
413.8742 	DATA 	Keypress: equal
415.3711 	DATA 	Keypress: equal
415.4056 	EXP 	Display Frame 1
415.4388 	EXP 	Display Frame 2
415.4721 	EXP 	Display Frame 3
415.5055 	EXP 	Display Frame 4
415.5388 	EXP 	Display Frame 5
415.5722 	EXP 	Display Frame 6
415.6054 	EXP 	Display Frame 7
415.6388 	EXP 	Display Frame 8
415.6721 	EXP 	Display Frame 9
415.7055 	EXP 	Display Frame 0
415.7388 	EXP 	Display Frame 1
415.7721 	EXP 	Display Frame 2
415.8054 	EXP 	Display Frame 3
415.8387 	EXP 	Display Frame 4
415.8721 	EXP 	Display Frame 5
415.9054 	EXP 	Display Frame 6
415.9388 	EXP 	Display Frame 7
415.9721 	EXP 	Display Frame 8
416.0054 	EXP 	Display Frame 9
416.0387 	EXP 	Display Frame 0
416.0721 	EXP 	Display Frame 1
416.1055 	EXP 	Display Frame 2
416.1388 	EXP 	Display Frame 3
416.1721 	EXP 	Display Frame 4
416.2054 	EXP 	Display Frame 5
416.2389 	EXP 	Display Frame 6
416.2721 	EXP 	Display Frame 7
416.3055 	EXP 	Display Frame 8
416.3387 	EXP 	Display Frame 9
416.3721 	EXP 	Display Frame 0
416.4054 	EXP 	Display Frame 1
416.4388 	EXP 	Display Frame 2
416.4721 	EXP 	Display Frame 3
416.5054 	EXP 	Display Frame 4
416.5387 	EXP 	Display Frame 5
416.5721 	EXP 	Display Frame 6
416.6054 	EXP 	Display Frame 7
416.6388 	EXP 	Display Frame 8
416.6721 	EXP 	Display Frame 9
416.7054 	EXP 	Display Frame 0
416.7388 	EXP 	Display Frame 1
416.7721 	EXP 	Display Frame 2
416.8054 	EXP 	Display Frame 3
416.8388 	EXP 	Display Frame 4
416.8722 	DATA 	Keypress: equal
416.8731 	EXP 	Display Frame 5
416.9054 	EXP 	Display Frame 6
416.9388 	EXP 	Display Frame 7
416.9721 	EXP 	Display Frame 8
417.0054 	EXP 	Display Frame 9
417.0388 	EXP 	Display Frame 0
417.0721 	EXP 	Display Frame 1
417.1054 	EXP 	Display Frame 2
417.1388 	EXP 	Display Frame 3
417.1721 	EXP 	Display Frame 4
417.2054 	EXP 	Display Frame 5
417.2388 	EXP 	Display Frame 6
417.2721 	EXP 	Display Frame 7
417.3054 	EXP 	Display Frame 8
417.3388 	EXP 	Display Frame 9
417.3721 	EXP 	Display Frame 0
417.4054 	EXP 	Display Frame 1
417.4389 	EXP 	Display Frame 2
417.4721 	EXP 	Display Frame 3
417.5054 	EXP 	Display Frame 4
417.5388 	EXP 	Display Frame 5
417.5721 	EXP 	Display Frame 6
417.6054 	EXP 	Display Frame 7
417.6388 	EXP 	Display Frame 8
417.6721 	EXP 	Display Frame 9
417.7054 	EXP 	Display Frame 0
417.7388 	EXP 	Display Frame 1
417.7721 	EXP 	Display Frame 2
417.8054 	EXP 	Display Frame 3
417.8387 	EXP 	Display Frame 4
417.8721 	EXP 	Display Frame 5
417.9054 	EXP 	Display Frame 6
417.9388 	EXP 	Display Frame 7
417.9721 	EXP 	Display Frame 8
418.0054 	EXP 	Display Frame 9
418.0388 	EXP 	Display Frame 0
418.0721 	EXP 	Display Frame 1
418.1054 	EXP 	Display Frame 2
418.1387 	EXP 	Display Frame 3
418.1721 	EXP 	Display Frame 4
418.2054 	EXP 	Display Frame 5
418.2387 	EXP 	Display Frame 6
418.2721 	EXP 	Display Frame 7
418.3054 	EXP 	Display Frame 8
418.3387 	EXP 	Display Frame 9
418.3722 	DATA 	Keypress: equal
418.3731 	EXP 	Display Frame 0
418.4054 	EXP 	Display Frame 1
418.4388 	EXP 	Display Frame 2
418.4721 	EXP 	Display Frame 3
418.5054 	EXP 	Display Frame 4
418.5387 	EXP 	Display Frame 5
418.5721 	EXP 	Display Frame 6
418.6054 	EXP 	Display Frame 7
418.6387 	EXP 	Display Frame 8
418.6721 	EXP 	Display Frame 9
418.7054 	EXP 	Display Frame 0
418.7388 	EXP 	Display Frame 1
418.7721 	EXP 	Display Frame 2
418.8054 	EXP 	Display Frame 3
418.8387 	EXP 	Display Frame 4
418.8721 	EXP 	Display Frame 5
418.9054 	EXP 	Display Frame 6
418.9388 	EXP 	Display Frame 7
418.9721 	EXP 	Display Frame 8
419.0054 	EXP 	Display Frame 9
419.0388 	EXP 	Display Frame 0
419.0721 	EXP 	Display Frame 1
419.1054 	EXP 	Display Frame 2
419.1387 	EXP 	Display Frame 3
419.1721 	EXP 	Display Frame 4
419.2054 	EXP 	Display Frame 5
419.2388 	EXP 	Display Frame 6
419.2721 	EXP 	Display Frame 7
419.3054 	EXP 	Display Frame 8
419.3388 	EXP 	Display Frame 9
419.3721 	EXP 	Display Frame 0
419.4054 	EXP 	Display Frame 1
419.4388 	EXP 	Display Frame 2
419.4721 	EXP 	Display Frame 3
419.5054 	EXP 	Display Frame 4
419.5387 	EXP 	Display Frame 5
419.5721 	EXP 	Display Frame 6
419.6054 	EXP 	Display Frame 7
419.6388 	EXP 	Display Frame 8
419.6720 	EXP 	Display Frame 9
419.7054 	EXP 	Display Frame 0
419.7387 	EXP 	Display Frame 1
419.7721 	EXP 	Display Frame 2
419.8054 	EXP 	Display Frame 3
419.8387 	EXP 	Display Frame 4
419.8721 	DATA 	Keypress: equal
419.8729 	EXP 	Display Frame 5
419.9054 	EXP 	Display Frame 6
419.9388 	EXP 	Display Frame 7
419.9721 	EXP 	Display Frame 8
420.0054 	EXP 	Display Frame 9
420.0387 	EXP 	Display Frame 0
420.0721 	EXP 	Display Frame 1
420.1055 	EXP 	Display Frame 2
420.1388 	EXP 	Display Frame 3
420.1721 	EXP 	Display Frame 4
420.2054 	EXP 	Display Frame 5
420.2387 	EXP 	Display Frame 6
420.2721 	EXP 	Display Frame 7
420.3054 	EXP 	Display Frame 8
420.3387 	EXP 	Display Frame 9
420.3721 	EXP 	Display Frame 0
420.4054 	EXP 	Display Frame 1
420.4387 	EXP 	Display Frame 2
420.4721 	EXP 	Display Frame 3
420.5054 	EXP 	Display Frame 4
420.5387 	EXP 	Display Frame 5
420.5721 	EXP 	Display Frame 6
420.6054 	EXP 	Display Frame 7
420.6388 	EXP 	Display Frame 8
420.6721 	EXP 	Display Frame 9
420.7054 	EXP 	Display Frame 0
420.7388 	EXP 	Display Frame 1
420.7721 	EXP 	Display Frame 2
420.8054 	EXP 	Display Frame 3
420.8388 	EXP 	Display Frame 4
420.8721 	EXP 	Display Frame 5
420.9054 	EXP 	Display Frame 6
420.9388 	EXP 	Display Frame 7
420.9721 	EXP 	Display Frame 8
421.0054 	EXP 	Display Frame 9
421.0388 	EXP 	Display Frame 0
421.0721 	EXP 	Display Frame 1
421.1054 	EXP 	Display Frame 2
421.1388 	EXP 	Display Frame 3
421.1721 	EXP 	Display Frame 4
421.2054 	EXP 	Display Frame 5
421.2388 	EXP 	Display Frame 6
421.2721 	EXP 	Display Frame 7
421.3054 	EXP 	Display Frame 8
421.3387 	EXP 	Display Frame 9
421.3722 	DATA 	Keypress: equal
421.3731 	EXP 	Display Frame 0
421.4054 	EXP 	Display Frame 1
421.4388 	EXP 	Display Frame 2
421.4721 	EXP 	Display Frame 3
421.5054 	EXP 	Display Frame 4
421.5387 	EXP 	Display Frame 5
421.5723 	EXP 	Display Frame 6
421.6054 	EXP 	Display Frame 7
421.6388 	EXP 	Display Frame 8
421.6721 	EXP 	Display Frame 9
421.7054 	EXP 	Display Frame 0
421.7388 	EXP 	Display Frame 1
421.7721 	EXP 	Display Frame 2
421.8054 	EXP 	Display Frame 3
421.8387 	EXP 	Display Frame 4
421.8721 	EXP 	Display Frame 5
421.9054 	EXP 	Display Frame 6
421.9387 	EXP 	Display Frame 7
421.9721 	EXP 	Display Frame 8
422.0054 	EXP 	Display Frame 9
422.0388 	EXP 	Display Frame 0
422.0721 	EXP 	Display Frame 1
422.1054 	EXP 	Display Frame 2
422.1388 	EXP 	Display Frame 3
422.1721 	EXP 	Display Frame 4
422.2054 	EXP 	Display Frame 5
422.2388 	EXP 	Display Frame 6
422.2721 	EXP 	Display Frame 7
422.3054 	EXP 	Display Frame 8
422.3388 	EXP 	Display Frame 9
422.3721 	EXP 	Display Frame 0
422.4054 	EXP 	Display Frame 1
422.4388 	EXP 	Display Frame 2
422.4721 	EXP 	Display Frame 3
422.5054 	EXP 	Display Frame 4
422.5387 	EXP 	Display Frame 5
422.5721 	EXP 	Display Frame 6
422.6054 	EXP 	Display Frame 7
422.6388 	EXP 	Display Frame 8
422.6721 	EXP 	Display Frame 9
422.7054 	EXP 	Display Frame 0
422.7388 	EXP 	Display Frame 1
422.7721 	EXP 	Display Frame 2
422.8054 	EXP 	Display Frame 3
422.8388 	EXP 	Display Frame 4
422.8723 	DATA 	Keypress: equal
422.8731 	EXP 	Display Frame 5
422.9054 	EXP 	Display Frame 6
422.9387 	EXP 	Display Frame 7
422.9721 	EXP 	Display Frame 8
423.0054 	EXP 	Display Frame 9
423.0388 	EXP 	Display Frame 0
423.0721 	EXP 	Display Frame 1
423.1054 	EXP 	Display Frame 2
423.1388 	EXP 	Display Frame 3
423.1721 	EXP 	Display Frame 4
423.2054 	EXP 	Display Frame 5
423.2388 	EXP 	Display Frame 6
423.2721 	EXP 	Display Frame 7
423.3054 	EXP 	Display Frame 8
423.3388 	EXP 	Display Frame 9
423.3721 	EXP 	Display Frame 0
423.4055 	EXP 	Display Frame 1
423.4387 	EXP 	Display Frame 2
423.4721 	EXP 	Display Frame 3
423.5054 	EXP 	Display Frame 4
423.5388 	EXP 	Display Frame 5
423.5721 	EXP 	Display Frame 6
423.6054 	EXP 	Display Frame 7
423.6388 	EXP 	Display Frame 8
423.6721 	EXP 	Display Frame 9
423.7054 	EXP 	Display Frame 0
423.7387 	EXP 	Display Frame 1
423.7727 	EXP 	Display Frame 2
423.8055 	EXP 	Display Frame 3
423.8388 	EXP 	Display Frame 4
423.8721 	EXP 	Display Frame 5
423.9054 	EXP 	Display Frame 6
423.9388 	EXP 	Display Frame 7
423.9722 	EXP 	Display Frame 8
424.0055 	EXP 	Display Frame 9
424.0388 	EXP 	Display Frame 0
424.0721 	EXP 	Display Frame 1
424.1054 	EXP 	Display Frame 2
424.1387 	EXP 	Display Frame 3
424.1721 	EXP 	Display Frame 4
424.2054 	EXP 	Display Frame 5
424.2387 	EXP 	Display Frame 6
424.2722 	EXP 	Display Frame 7
424.3054 	EXP 	Display Frame 8
424.3388 	EXP 	Display Frame 9
424.3724 	DATA 	Keypress: equal
424.3733 	EXP 	Display Frame 0
424.4055 	EXP 	Display Frame 1
424.4388 	EXP 	Display Frame 2
424.4721 	EXP 	Display Frame 3
424.5054 	EXP 	Display Frame 4
424.5387 	EXP 	Display Frame 5
424.5721 	EXP 	Display Frame 6
424.6054 	EXP 	Display Frame 7
424.6387 	EXP 	Display Frame 8
424.6721 	EXP 	Display Frame 9
424.7054 	EXP 	Display Frame 0
424.7387 	EXP 	Display Frame 1
424.7721 	EXP 	Display Frame 2
424.8054 	EXP 	Display Frame 3
424.8388 	EXP 	Display Frame 4
424.8721 	EXP 	Display Frame 5
424.9054 	EXP 	Display Frame 6
424.9388 	EXP 	Display Frame 7
424.9721 	EXP 	Display Frame 8
425.0054 	EXP 	Display Frame 9
425.0387 	EXP 	Display Frame 0
425.0721 	EXP 	Display Frame 1
425.1054 	EXP 	Display Frame 2
425.1387 	EXP 	Display Frame 3
425.1721 	EXP 	Display Frame 4
425.2054 	EXP 	Display Frame 5
425.2387 	EXP 	Display Frame 6
425.2721 	EXP 	Display Frame 7
425.3054 	EXP 	Display Frame 8
425.3388 	EXP 	Display Frame 9
425.3721 	EXP 	Display Frame 0
425.4054 	EXP 	Display Frame 1
425.4387 	EXP 	Display Frame 2
425.4721 	EXP 	Display Frame 3
425.5054 	EXP 	Display Frame 4
425.5388 	EXP 	Display Frame 5
425.5721 	EXP 	Display Frame 6
425.6054 	EXP 	Display Frame 7
425.6388 	EXP 	Display Frame 8
425.6721 	EXP 	Display Frame 9
425.7054 	EXP 	Display Frame 0
425.7387 	EXP 	Display Frame 1
425.7721 	EXP 	Display Frame 2
425.8054 	EXP 	Display Frame 3
425.8388 	EXP 	Display Frame 4
425.8722 	DATA 	Keypress: equal
425.8730 	EXP 	Display Frame 5
425.9054 	EXP 	Display Frame 6
425.9387 	EXP 	Display Frame 7
425.9721 	EXP 	Display Frame 8
426.0054 	EXP 	Display Frame 9
426.0388 	EXP 	Display Frame 0
426.0721 	EXP 	Display Frame 1
426.1054 	EXP 	Display Frame 2
426.1388 	EXP 	Display Frame 3
426.1721 	EXP 	Display Frame 4
426.2054 	EXP 	Display Frame 5
426.2388 	EXP 	Display Frame 6
426.2721 	EXP 	Display Frame 7
426.3054 	EXP 	Display Frame 8
426.3388 	EXP 	Display Frame 9
426.3721 	EXP 	Display Frame 0
426.4055 	EXP 	Display Frame 1
426.4387 	EXP 	Display Frame 2
426.4721 	EXP 	Display Frame 3
426.5054 	EXP 	Display Frame 4
426.5388 	EXP 	Display Frame 5
426.5721 	EXP 	Display Frame 6
426.6054 	EXP 	Display Frame 7
426.6388 	EXP 	Display Frame 8
426.6721 	EXP 	Display Frame 9
426.7054 	EXP 	Display Frame 0
426.7388 	EXP 	Display Frame 1
426.7721 	EXP 	Display Frame 2
426.8054 	EXP 	Display Frame 3
426.8387 	EXP 	Display Frame 4
426.8721 	EXP 	Display Frame 5
426.9056 	EXP 	Display Frame 6
426.9388 	EXP 	Display Frame 7
426.9721 	EXP 	Display Frame 8
427.0054 	EXP 	Display Frame 9
427.0388 	EXP 	Display Frame 0
427.0721 	EXP 	Display Frame 1
427.1054 	EXP 	Display Frame 2
427.1388 	EXP 	Display Frame 3
427.1721 	EXP 	Display Frame 4
427.2054 	EXP 	Display Frame 5
427.2388 	EXP 	Display Frame 6
427.2721 	EXP 	Display Frame 7
427.3054 	EXP 	Display Frame 8
427.3387 	EXP 	Display Frame 9
427.3723 	DATA 	Keypress: equal
427.3732 	EXP 	Display Frame 0
427.4054 	EXP 	Display Frame 1
427.4388 	EXP 	Display Frame 2
427.4721 	EXP 	Display Frame 3
427.5054 	EXP 	Display Frame 4
427.5387 	EXP 	Display Frame 5
427.5721 	EXP 	Display Frame 6
427.6054 	EXP 	Display Frame 7
427.6388 	EXP 	Display Frame 8
427.6721 	EXP 	Display Frame 9
427.7054 	EXP 	Display Frame 0
427.7387 	EXP 	Display Frame 1
427.7721 	EXP 	Display Frame 2
427.8054 	EXP 	Display Frame 3
427.8388 	EXP 	Display Frame 4
427.8722 	EXP 	Display Frame 5
427.9054 	EXP 	Display Frame 6
427.9387 	EXP 	Display Frame 7
427.9721 	EXP 	Display Frame 8
428.0054 	EXP 	Display Frame 9
428.0388 	EXP 	Display Frame 0
428.0721 	EXP 	Display Frame 1
428.1054 	EXP 	Display Frame 2
428.1387 	EXP 	Display Frame 3
428.1721 	EXP 	Display Frame 4
428.2054 	EXP 	Display Frame 5
428.2387 	EXP 	Display Frame 6
428.2721 	EXP 	Display Frame 7
428.3054 	EXP 	Display Frame 8
428.3388 	EXP 	Display Frame 9
428.3721 	EXP 	Display Frame 0
428.4054 	EXP 	Display Frame 1
428.4388 	EXP 	Display Frame 2
428.4721 	EXP 	Display Frame 3
428.5054 	EXP 	Display Frame 4
428.5387 	EXP 	Display Frame 5
428.5721 	EXP 	Display Frame 6
428.6054 	EXP 	Display Frame 7
428.6388 	EXP 	Display Frame 8
428.6720 	EXP 	Display Frame 9
428.7054 	EXP 	Display Frame 0
428.7388 	EXP 	Display Frame 1
428.7721 	EXP 	Display Frame 2
428.8054 	EXP 	Display Frame 3
428.8388 	EXP 	Display Frame 4
428.8722 	DATA 	Keypress: equal
428.8730 	EXP 	Display Frame 5
428.9054 	EXP 	Display Frame 6
428.9388 	EXP 	Display Frame 7
428.9721 	EXP 	Display Frame 8
429.0054 	EXP 	Display Frame 9
429.0388 	EXP 	Display Frame 0
429.0721 	EXP 	Display Frame 1
429.1054 	EXP 	Display Frame 2
429.1388 	EXP 	Display Frame 3
429.1721 	EXP 	Display Frame 4
429.2054 	EXP 	Display Frame 5
429.2388 	EXP 	Display Frame 6
429.2720 	EXP 	Display Frame 7
429.3054 	EXP 	Display Frame 8
429.3387 	EXP 	Display Frame 9
429.3721 	EXP 	Display Frame 0
429.4054 	EXP 	Display Frame 1
429.4388 	EXP 	Display Frame 2
429.4720 	EXP 	Display Frame 3
429.5054 	EXP 	Display Frame 4
429.5388 	EXP 	Display Frame 5
429.5721 	EXP 	Display Frame 6
429.6054 	EXP 	Display Frame 7
429.6388 	EXP 	Display Frame 8
429.6721 	EXP 	Display Frame 9
429.7054 	EXP 	Display Frame 0
429.7388 	EXP 	Display Frame 1
429.7721 	EXP 	Display Frame 2
429.8054 	EXP 	Display Frame 3
429.8387 	EXP 	Display Frame 4
429.8721 	EXP 	Display Frame 5
429.9054 	EXP 	Display Frame 6
429.9387 	EXP 	Display Frame 7
429.9721 	EXP 	Display Frame 8
430.0054 	EXP 	Display Frame 9
430.0387 	EXP 	Display Frame 0
430.0721 	EXP 	Display Frame 1
430.1054 	EXP 	Display Frame 2
430.1388 	EXP 	Display Frame 3
430.1721 	EXP 	Display Frame 4
430.2054 	EXP 	Display Frame 5
430.2387 	EXP 	Display Frame 6
430.2721 	EXP 	Display Frame 7
430.3054 	EXP 	Display Frame 8
430.3388 	EXP 	Display Frame 9
430.3722 	DATA 	Keypress: equal
430.3730 	EXP 	Display Frame 0
430.4054 	EXP 	Display Frame 1
430.4388 	EXP 	Display Frame 2
430.4721 	EXP 	Display Frame 3
430.5054 	EXP 	Display Frame 4
430.5387 	EXP 	Display Frame 5
430.5721 	EXP 	Display Frame 6
430.6054 	EXP 	Display Frame 7
430.6388 	EXP 	Display Frame 8
430.6721 	EXP 	Display Frame 9
430.7054 	EXP 	Display Frame 0
430.7387 	EXP 	Display Frame 1
430.7721 	EXP 	Display Frame 2
430.8054 	EXP 	Display Frame 3
430.8388 	EXP 	Display Frame 4
430.8721 	EXP 	Display Frame 5
430.9054 	EXP 	Display Frame 6
430.9388 	EXP 	Display Frame 7
430.9721 	EXP 	Display Frame 8
431.0054 	EXP 	Display Frame 9
431.0388 	EXP 	Display Frame 0
431.0721 	EXP 	Display Frame 1
431.1054 	EXP 	Display Frame 2
431.1388 	EXP 	Display Frame 3
431.1721 	EXP 	Display Frame 4
431.2054 	EXP 	Display Frame 5
431.2387 	EXP 	Display Frame 6
431.2721 	EXP 	Display Frame 7
431.3054 	EXP 	Display Frame 8
431.3388 	EXP 	Display Frame 9
431.3721 	EXP 	Display Frame 0
431.4054 	EXP 	Display Frame 1
431.4388 	EXP 	Display Frame 2
431.4721 	EXP 	Display Frame 3
431.5054 	EXP 	Display Frame 4
431.5388 	EXP 	Display Frame 5
431.5721 	EXP 	Display Frame 6
431.6054 	EXP 	Display Frame 7
431.6388 	EXP 	Display Frame 8
431.6721 	EXP 	Display Frame 9
431.7054 	EXP 	Display Frame 0
431.7387 	EXP 	Display Frame 1
431.7721 	EXP 	Display Frame 2
431.8055 	EXP 	Display Frame 3
431.8387 	EXP 	Display Frame 4
431.8723 	DATA 	Keypress: equal
431.8731 	EXP 	Display Frame 5
431.9054 	EXP 	Display Frame 6
431.9388 	EXP 	Display Frame 7
431.9721 	EXP 	Display Frame 8
432.0054 	EXP 	Display Frame 9
432.0387 	EXP 	Display Frame 0
432.0721 	EXP 	Display Frame 1
432.1054 	EXP 	Display Frame 2
432.1387 	EXP 	Display Frame 3
432.1721 	EXP 	Display Frame 4
432.2054 	EXP 	Display Frame 5
432.2389 	EXP 	Display Frame 6
432.2721 	EXP 	Display Frame 7
432.3054 	EXP 	Display Frame 8
432.3388 	EXP 	Display Frame 9
432.3722 	EXP 	Display Frame 0
432.4055 	EXP 	Display Frame 1
432.4387 	EXP 	Display Frame 2
432.4721 	EXP 	Display Frame 3
432.5054 	EXP 	Display Frame 4
432.5387 	EXP 	Display Frame 5
432.5721 	EXP 	Display Frame 6
432.6054 	EXP 	Display Frame 7
432.6388 	EXP 	Display Frame 8
432.6721 	EXP 	Display Frame 9
432.7054 	EXP 	Display Frame 0
432.7387 	EXP 	Display Frame 1
432.7721 	EXP 	Display Frame 2
432.8054 	EXP 	Display Frame 3
432.8388 	EXP 	Display Frame 4
432.8721 	EXP 	Display Frame 5
432.9054 	EXP 	Display Frame 6
432.9388 	EXP 	Display Frame 7
432.9721 	EXP 	Display Frame 8
433.0054 	EXP 	Display Frame 9
433.0388 	EXP 	Display Frame 0
433.0721 	EXP 	Display Frame 1
433.1054 	EXP 	Display Frame 2
433.1388 	EXP 	Display Frame 3
433.1721 	EXP 	Display Frame 4
433.2054 	EXP 	Display Frame 5
433.2388 	EXP 	Display Frame 6
433.2721 	EXP 	Display Frame 7
433.3054 	EXP 	Display Frame 8
433.3388 	EXP 	Display Frame 9
433.3723 	DATA 	Keypress: equal
433.3731 	EXP 	Display Frame 0
433.4054 	EXP 	Display Frame 1
433.4387 	EXP 	Display Frame 2
433.4721 	EXP 	Display Frame 3
433.5056 	EXP 	Display Frame 4
433.5388 	EXP 	Display Frame 5
433.5721 	EXP 	Display Frame 6
433.6054 	EXP 	Display Frame 7
433.6388 	EXP 	Display Frame 8
433.6721 	EXP 	Display Frame 9
433.7054 	EXP 	Display Frame 0
433.7388 	EXP 	Display Frame 1
433.7721 	EXP 	Display Frame 2
433.8054 	EXP 	Display Frame 3
433.8388 	EXP 	Display Frame 4
433.8721 	EXP 	Display Frame 5
433.9054 	EXP 	Display Frame 6
433.9388 	EXP 	Display Frame 7
433.9721 	EXP 	Display Frame 8
434.0054 	EXP 	Display Frame 9
434.0388 	EXP 	Display Frame 0
434.0721 	EXP 	Display Frame 1
434.1054 	EXP 	Display Frame 2
434.1388 	EXP 	Display Frame 3
434.1721 	EXP 	Display Frame 4
434.2054 	EXP 	Display Frame 5
434.2388 	EXP 	Display Frame 6
434.2721 	EXP 	Display Frame 7
434.3054 	EXP 	Display Frame 8
434.3388 	EXP 	Display Frame 9
434.3721 	EXP 	Display Frame 0
434.4054 	EXP 	Display Frame 1
434.4388 	EXP 	Display Frame 2
434.4721 	EXP 	Display Frame 3
434.5054 	EXP 	Display Frame 4
434.5388 	EXP 	Display Frame 5
434.5721 	EXP 	Display Frame 6
434.6054 	EXP 	Display Frame 7
434.6388 	EXP 	Display Frame 8
434.6721 	EXP 	Display Frame 9
434.7054 	EXP 	Display Frame 0
434.7387 	EXP 	Display Frame 1
434.7721 	EXP 	Display Frame 2
434.8054 	EXP 	Display Frame 3
434.8388 	EXP 	Display Frame 4
434.8721 	DATA 	Keypress: equal
434.8731 	EXP 	Display Frame 5
434.9054 	EXP 	Display Frame 6
434.9388 	EXP 	Display Frame 7
434.9721 	EXP 	Display Frame 8
435.0054 	EXP 	Display Frame 9
435.0388 	EXP 	Display Frame 0
435.0721 	EXP 	Display Frame 1
435.1054 	EXP 	Display Frame 2
435.1387 	EXP 	Display Frame 3
435.1721 	EXP 	Display Frame 4
435.2054 	EXP 	Display Frame 5
435.2388 	EXP 	Display Frame 6
435.2721 	EXP 	Display Frame 7
435.3054 	EXP 	Display Frame 8
435.3387 	EXP 	Display Frame 9
435.3721 	EXP 	Display Frame 0
435.4055 	EXP 	Display Frame 1
435.4388 	EXP 	Display Frame 2
435.4721 	EXP 	Display Frame 3
435.5054 	EXP 	Display Frame 4
435.5387 	EXP 	Display Frame 5
435.5721 	EXP 	Display Frame 6
435.6054 	EXP 	Display Frame 7
435.6388 	EXP 	Display Frame 8
435.6721 	EXP 	Display Frame 9
435.7054 	EXP 	Display Frame 0
435.7388 	EXP 	Display Frame 1
435.7721 	EXP 	Display Frame 2
435.8054 	EXP 	Display Frame 3
435.8388 	EXP 	Display Frame 4
435.8721 	EXP 	Display Frame 5
435.9054 	EXP 	Display Frame 6
435.9388 	EXP 	Display Frame 7
435.9721 	EXP 	Display Frame 8
436.0054 	EXP 	Display Frame 9
436.0387 	EXP 	Display Frame 0
436.0721 	EXP 	Display Frame 1
436.1054 	EXP 	Display Frame 2
436.1388 	EXP 	Display Frame 3
436.1721 	EXP 	Display Frame 4
436.2054 	EXP 	Display Frame 5
436.2388 	EXP 	Display Frame 6
436.2721 	EXP 	Display Frame 7
436.3054 	EXP 	Display Frame 8
436.3387 	EXP 	Display Frame 9
436.3721 	DATA 	Keypress: equal
436.3728 	EXP 	Display Frame 0
436.4054 	EXP 	Display Frame 1
436.4388 	EXP 	Display Frame 2
436.4726 	EXP 	Display Frame 3
436.5055 	EXP 	Display Frame 4
436.5387 	EXP 	Display Frame 5
436.5721 	EXP 	Display Frame 6
436.6055 	EXP 	Display Frame 7
436.6388 	EXP 	Display Frame 8
436.6721 	EXP 	Display Frame 9
436.7055 	EXP 	Display Frame 0
436.7388 	EXP 	Display Frame 1
436.7721 	EXP 	Display Frame 2
436.8054 	EXP 	Display Frame 3
436.8387 	EXP 	Display Frame 4
436.8721 	EXP 	Display Frame 5
436.9054 	EXP 	Display Frame 6
436.9387 	EXP 	Display Frame 7
436.9722 	EXP 	Display Frame 8
437.0054 	EXP 	Display Frame 9
437.0388 	EXP 	Display Frame 0
437.0721 	EXP 	Display Frame 1
437.1054 	EXP 	Display Frame 2
437.1387 	EXP 	Display Frame 3
437.1721 	EXP 	Display Frame 4
437.2055 	EXP 	Display Frame 5
437.2388 	EXP 	Display Frame 6
437.2721 	EXP 	Display Frame 7
437.3054 	EXP 	Display Frame 8
437.3388 	EXP 	Display Frame 9
437.3721 	EXP 	Display Frame 0
437.4054 	EXP 	Display Frame 1
437.4388 	EXP 	Display Frame 2
437.4721 	EXP 	Display Frame 3
437.5054 	EXP 	Display Frame 4
437.5387 	EXP 	Display Frame 5
437.5723 	EXP 	Display Frame 6
437.6054 	EXP 	Display Frame 7
437.6388 	EXP 	Display Frame 8
437.6721 	EXP 	Display Frame 9
437.7054 	EXP 	Display Frame 0
437.7387 	EXP 	Display Frame 1
437.7721 	EXP 	Display Frame 2
437.8054 	EXP 	Display Frame 3
437.8387 	EXP 	Display Frame 4
437.8723 	DATA 	Keypress: equal
437.8732 	EXP 	Display Frame 5
437.8849 	EXP 	Display Fixation
439.3702 	DATA 	Keypress: equal
440.8749 	DATA 	Keypress: equal
442.3713 	DATA 	Keypress: equal
443.8741 	DATA 	Keypress: equal
445.3701 	DATA 	Keypress: equal
446.8757 	DATA 	Keypress: equal
448.3706 	DATA 	Keypress: equal
449.8744 	DATA 	Keypress: equal
451.3705 	DATA 	Keypress: equal
452.8745 	DATA 	Keypress: equal
454.3688 	DATA 	Keypress: equal
455.8730 	DATA 	Keypress: equal
457.3685 	DATA 	Keypress: equal
458.8681 	DATA 	Keypress: equal
460.3706 	DATA 	Keypress: equal
460.4049 	EXP 	Display Frame 1
460.4383 	EXP 	Display Frame 2
460.4716 	EXP 	Display Frame 3
460.5049 	EXP 	Display Frame 4
460.5382 	EXP 	Display Frame 5
460.5715 	EXP 	Display Frame 6
460.6049 	EXP 	Display Frame 7
460.6381 	EXP 	Display Frame 8
460.6715 	EXP 	Display Frame 9
460.7049 	EXP 	Display Frame 0
460.7382 	EXP 	Display Frame 1
460.7715 	EXP 	Display Frame 2
460.8048 	EXP 	Display Frame 3
460.8381 	EXP 	Display Frame 4
460.8737 	EXP 	Display Frame 5
460.9048 	EXP 	Display Frame 6
460.9381 	EXP 	Display Frame 7
460.9715 	EXP 	Display Frame 8
461.0048 	EXP 	Display Frame 9
461.0382 	EXP 	Display Frame 0
461.0730 	EXP 	Display Frame 1
461.1048 	EXP 	Display Frame 2
461.1382 	EXP 	Display Frame 3
461.1715 	EXP 	Display Frame 4
461.2048 	EXP 	Display Frame 5
461.2381 	EXP 	Display Frame 6
461.2720 	EXP 	Display Frame 7
461.3049 	EXP 	Display Frame 8
461.3382 	EXP 	Display Frame 9
461.3716 	EXP 	Display Frame 0
461.4048 	EXP 	Display Frame 1
461.4382 	EXP 	Display Frame 2
461.4715 	EXP 	Display Frame 3
461.5048 	EXP 	Display Frame 4
461.5382 	EXP 	Display Frame 5
461.5715 	EXP 	Display Frame 6
461.6048 	EXP 	Display Frame 7
461.6381 	EXP 	Display Frame 8
461.6714 	EXP 	Display Frame 9
461.7048 	EXP 	Display Frame 0
461.7381 	EXP 	Display Frame 1
461.7715 	EXP 	Display Frame 2
461.8049 	EXP 	Display Frame 3
461.8382 	EXP 	Display Frame 4
461.8717 	DATA 	Keypress: equal
461.8726 	EXP 	Display Frame 5
461.9048 	EXP 	Display Frame 6
461.9382 	EXP 	Display Frame 7
461.9715 	EXP 	Display Frame 8
462.0048 	EXP 	Display Frame 9
462.0382 	EXP 	Display Frame 0
462.0715 	EXP 	Display Frame 1
462.1048 	EXP 	Display Frame 2
462.1382 	EXP 	Display Frame 3
462.1715 	EXP 	Display Frame 4
462.2048 	EXP 	Display Frame 5
462.2382 	EXP 	Display Frame 6
462.2715 	EXP 	Display Frame 7
462.3048 	EXP 	Display Frame 8
462.3382 	EXP 	Display Frame 9
462.3715 	EXP 	Display Frame 0
462.4048 	EXP 	Display Frame 1
462.4381 	EXP 	Display Frame 2
462.4714 	EXP 	Display Frame 3
462.5048 	EXP 	Display Frame 4
462.5382 	EXP 	Display Frame 5
462.5715 	EXP 	Display Frame 6
462.6048 	EXP 	Display Frame 7
462.6381 	EXP 	Display Frame 8
462.6715 	EXP 	Display Frame 9
462.7048 	EXP 	Display Frame 0
462.7381 	EXP 	Display Frame 1
462.7715 	EXP 	Display Frame 2
462.8048 	EXP 	Display Frame 3
462.8381 	EXP 	Display Frame 4
462.8714 	EXP 	Display Frame 5
462.9048 	EXP 	Display Frame 6
462.9382 	EXP 	Display Frame 7
462.9715 	EXP 	Display Frame 8
463.0048 	EXP 	Display Frame 9
463.0382 	EXP 	Display Frame 0
463.0715 	EXP 	Display Frame 1
463.1048 	EXP 	Display Frame 2
463.1381 	EXP 	Display Frame 3
463.1715 	EXP 	Display Frame 4
463.2048 	EXP 	Display Frame 5
463.2382 	EXP 	Display Frame 6
463.2715 	EXP 	Display Frame 7
463.3048 	EXP 	Display Frame 8
463.3382 	EXP 	Display Frame 9
463.3715 	DATA 	Keypress: equal
463.3724 	EXP 	Display Frame 0
463.4048 	EXP 	Display Frame 1
463.4382 	EXP 	Display Frame 2
463.4715 	EXP 	Display Frame 3
463.5048 	EXP 	Display Frame 4
463.5382 	EXP 	Display Frame 5
463.5715 	EXP 	Display Frame 6
463.6048 	EXP 	Display Frame 7
463.6381 	EXP 	Display Frame 8
463.6714 	EXP 	Display Frame 9
463.7048 	EXP 	Display Frame 0
463.7381 	EXP 	Display Frame 1
463.7715 	EXP 	Display Frame 2
463.8048 	EXP 	Display Frame 3
463.8381 	EXP 	Display Frame 4
463.8714 	EXP 	Display Frame 5
463.9048 	EXP 	Display Frame 6
463.9381 	EXP 	Display Frame 7
463.9714 	EXP 	Display Frame 8
464.0048 	EXP 	Display Frame 9
464.0382 	EXP 	Display Frame 0
464.0715 	EXP 	Display Frame 1
464.1049 	EXP 	Display Frame 2
464.1382 	EXP 	Display Frame 3
464.1714 	EXP 	Display Frame 4
464.2048 	EXP 	Display Frame 5
464.2383 	EXP 	Display Frame 6
464.2715 	EXP 	Display Frame 7
464.3048 	EXP 	Display Frame 8
464.3382 	EXP 	Display Frame 9
464.3715 	EXP 	Display Frame 0
464.4048 	EXP 	Display Frame 1
464.4382 	EXP 	Display Frame 2
464.4714 	EXP 	Display Frame 3
464.5048 	EXP 	Display Frame 4
464.5382 	EXP 	Display Frame 5
464.5714 	EXP 	Display Frame 6
464.6048 	EXP 	Display Frame 7
464.6381 	EXP 	Display Frame 8
464.6715 	EXP 	Display Frame 9
464.7048 	EXP 	Display Frame 0
464.7381 	EXP 	Display Frame 1
464.7714 	EXP 	Display Frame 2
464.8048 	EXP 	Display Frame 3
464.8382 	EXP 	Display Frame 4
464.8717 	DATA 	Keypress: equal
464.8729 	EXP 	Display Frame 5
464.9048 	EXP 	Display Frame 6
464.9381 	EXP 	Display Frame 7
464.9715 	EXP 	Display Frame 8
465.0048 	EXP 	Display Frame 9
465.0381 	EXP 	Display Frame 0
465.0715 	EXP 	Display Frame 1
465.1048 	EXP 	Display Frame 2
465.1381 	EXP 	Display Frame 3
465.1714 	EXP 	Display Frame 4
465.2048 	EXP 	Display Frame 5
465.2381 	EXP 	Display Frame 6
465.2715 	EXP 	Display Frame 7
465.3048 	EXP 	Display Frame 8
465.3382 	EXP 	Display Frame 9
465.3715 	EXP 	Display Frame 0
465.4048 	EXP 	Display Frame 1
465.4382 	EXP 	Display Frame 2
465.4715 	EXP 	Display Frame 3
465.5048 	EXP 	Display Frame 4
465.5381 	EXP 	Display Frame 5
465.5714 	EXP 	Display Frame 6
465.6048 	EXP 	Display Frame 7
465.6381 	EXP 	Display Frame 8
465.6715 	EXP 	Display Frame 9
465.7048 	EXP 	Display Frame 0
465.7382 	EXP 	Display Frame 1
465.7715 	EXP 	Display Frame 2
465.8048 	EXP 	Display Frame 3
465.8382 	EXP 	Display Frame 4
465.8715 	EXP 	Display Frame 5
465.9048 	EXP 	Display Frame 6
465.9381 	EXP 	Display Frame 7
465.9715 	EXP 	Display Frame 8
466.0048 	EXP 	Display Frame 9
466.0381 	EXP 	Display Frame 0
466.0715 	EXP 	Display Frame 1
466.1048 	EXP 	Display Frame 2
466.1382 	EXP 	Display Frame 3
466.1715 	EXP 	Display Frame 4
466.2048 	EXP 	Display Frame 5
466.2381 	EXP 	Display Frame 6
466.2715 	EXP 	Display Frame 7
466.3048 	EXP 	Display Frame 8
466.3382 	EXP 	Display Frame 9
466.3715 	DATA 	Keypress: equal
466.3723 	EXP 	Display Frame 0
466.4048 	EXP 	Display Frame 1
466.4382 	EXP 	Display Frame 2
466.4715 	EXP 	Display Frame 3
466.5048 	EXP 	Display Frame 4
466.5382 	EXP 	Display Frame 5
466.5715 	EXP 	Display Frame 6
466.6048 	EXP 	Display Frame 7
466.6381 	EXP 	Display Frame 8
466.6715 	EXP 	Display Frame 9
466.7048 	EXP 	Display Frame 0
466.7382 	EXP 	Display Frame 1
466.7715 	EXP 	Display Frame 2
466.8048 	EXP 	Display Frame 3
466.8381 	EXP 	Display Frame 4
466.8715 	EXP 	Display Frame 5
466.9048 	EXP 	Display Frame 6
466.9381 	EXP 	Display Frame 7
466.9715 	EXP 	Display Frame 8
467.0048 	EXP 	Display Frame 9
467.0382 	EXP 	Display Frame 0
467.0715 	EXP 	Display Frame 1
467.1048 	EXP 	Display Frame 2
467.1381 	EXP 	Display Frame 3
467.1715 	EXP 	Display Frame 4
467.2048 	EXP 	Display Frame 5
467.2382 	EXP 	Display Frame 6
467.2715 	EXP 	Display Frame 7
467.3048 	EXP 	Display Frame 8
467.3381 	EXP 	Display Frame 9
467.3715 	EXP 	Display Frame 0
467.4048 	EXP 	Display Frame 1
467.4382 	EXP 	Display Frame 2
467.4716 	EXP 	Display Frame 3
467.5051 	EXP 	Display Frame 4
467.5383 	EXP 	Display Frame 5
467.5717 	EXP 	Display Frame 6
467.6048 	EXP 	Display Frame 7
467.6382 	EXP 	Display Frame 8
467.6715 	EXP 	Display Frame 9
467.7048 	EXP 	Display Frame 0
467.7382 	EXP 	Display Frame 1
467.7716 	EXP 	Display Frame 2
467.8048 	EXP 	Display Frame 3
467.8382 	EXP 	Display Frame 4
467.8716 	DATA 	Keypress: equal
467.8725 	EXP 	Display Frame 5
467.9049 	EXP 	Display Frame 6
467.9381 	EXP 	Display Frame 7
467.9715 	EXP 	Display Frame 8
468.0048 	EXP 	Display Frame 9
468.0381 	EXP 	Display Frame 0
468.0714 	EXP 	Display Frame 1
468.1048 	EXP 	Display Frame 2
468.1381 	EXP 	Display Frame 3
468.1715 	EXP 	Display Frame 4
468.2048 	EXP 	Display Frame 5
468.2381 	EXP 	Display Frame 6
468.2715 	EXP 	Display Frame 7
468.3048 	EXP 	Display Frame 8
468.3382 	EXP 	Display Frame 9
468.3715 	EXP 	Display Frame 0
468.4049 	EXP 	Display Frame 1
468.4382 	EXP 	Display Frame 2
468.4714 	EXP 	Display Frame 3
468.5048 	EXP 	Display Frame 4
468.5382 	EXP 	Display Frame 5
468.5715 	EXP 	Display Frame 6
468.6048 	EXP 	Display Frame 7
468.6382 	EXP 	Display Frame 8
468.6715 	EXP 	Display Frame 9
468.7048 	EXP 	Display Frame 0
468.7382 	EXP 	Display Frame 1
468.7715 	EXP 	Display Frame 2
468.8048 	EXP 	Display Frame 3
468.8382 	EXP 	Display Frame 4
468.8715 	EXP 	Display Frame 5
468.9048 	EXP 	Display Frame 6
468.9381 	EXP 	Display Frame 7
468.9714 	EXP 	Display Frame 8
469.0048 	EXP 	Display Frame 9
469.0381 	EXP 	Display Frame 0
469.0715 	EXP 	Display Frame 1
469.1048 	EXP 	Display Frame 2
469.1382 	EXP 	Display Frame 3
469.1714 	EXP 	Display Frame 4
469.2048 	EXP 	Display Frame 5
469.2382 	EXP 	Display Frame 6
469.2715 	EXP 	Display Frame 7
469.3048 	EXP 	Display Frame 8
469.3382 	EXP 	Display Frame 9
469.3716 	DATA 	Keypress: equal
469.3724 	EXP 	Display Frame 0
469.4048 	EXP 	Display Frame 1
469.4382 	EXP 	Display Frame 2
469.4714 	EXP 	Display Frame 3
469.5048 	EXP 	Display Frame 4
469.5381 	EXP 	Display Frame 5
469.5717 	EXP 	Display Frame 6
469.6049 	EXP 	Display Frame 7
469.6382 	EXP 	Display Frame 8
469.6714 	EXP 	Display Frame 9
469.7048 	EXP 	Display Frame 0
469.7382 	EXP 	Display Frame 1
469.7714 	EXP 	Display Frame 2
469.8048 	EXP 	Display Frame 3
469.8381 	EXP 	Display Frame 4
469.8715 	EXP 	Display Frame 5
469.9048 	EXP 	Display Frame 6
469.9381 	EXP 	Display Frame 7
469.9715 	EXP 	Display Frame 8
470.0048 	EXP 	Display Frame 9
470.0381 	EXP 	Display Frame 0
470.0714 	EXP 	Display Frame 1
470.1048 	EXP 	Display Frame 2
470.1381 	EXP 	Display Frame 3
470.1715 	EXP 	Display Frame 4
470.2048 	EXP 	Display Frame 5
470.2382 	EXP 	Display Frame 6
470.2715 	EXP 	Display Frame 7
470.3048 	EXP 	Display Frame 8
470.3381 	EXP 	Display Frame 9
470.3715 	EXP 	Display Frame 0
470.4048 	EXP 	Display Frame 1
470.4381 	EXP 	Display Frame 2
470.4715 	EXP 	Display Frame 3
470.5049 	EXP 	Display Frame 4
470.5383 	EXP 	Display Frame 5
470.5715 	EXP 	Display Frame 6
470.6048 	EXP 	Display Frame 7
470.6381 	EXP 	Display Frame 8
470.6715 	EXP 	Display Frame 9
470.7048 	EXP 	Display Frame 0
470.7382 	EXP 	Display Frame 1
470.7715 	EXP 	Display Frame 2
470.8048 	EXP 	Display Frame 3
470.8381 	EXP 	Display Frame 4
470.8717 	DATA 	Keypress: equal
470.8725 	EXP 	Display Frame 5
470.9048 	EXP 	Display Frame 6
470.9381 	EXP 	Display Frame 7
470.9715 	EXP 	Display Frame 8
471.0050 	EXP 	Display Frame 9
471.0381 	EXP 	Display Frame 0
471.0715 	EXP 	Display Frame 1
471.1048 	EXP 	Display Frame 2
471.1382 	EXP 	Display Frame 3
471.1715 	EXP 	Display Frame 4
471.2048 	EXP 	Display Frame 5
471.2381 	EXP 	Display Frame 6
471.2715 	EXP 	Display Frame 7
471.3048 	EXP 	Display Frame 8
471.3381 	EXP 	Display Frame 9
471.3715 	EXP 	Display Frame 0
471.4049 	EXP 	Display Frame 1
471.4381 	EXP 	Display Frame 2
471.4715 	EXP 	Display Frame 3
471.5048 	EXP 	Display Frame 4
471.5382 	EXP 	Display Frame 5
471.5715 	EXP 	Display Frame 6
471.6048 	EXP 	Display Frame 7
471.6382 	EXP 	Display Frame 8
471.6715 	EXP 	Display Frame 9
471.7048 	EXP 	Display Frame 0
471.7382 	EXP 	Display Frame 1
471.7715 	EXP 	Display Frame 2
471.8048 	EXP 	Display Frame 3
471.8382 	EXP 	Display Frame 4
471.8714 	EXP 	Display Frame 5
471.9048 	EXP 	Display Frame 6
471.9381 	EXP 	Display Frame 7
471.9715 	EXP 	Display Frame 8
472.0048 	EXP 	Display Frame 9
472.0382 	EXP 	Display Frame 0
472.0715 	EXP 	Display Frame 1
472.1048 	EXP 	Display Frame 2
472.1382 	EXP 	Display Frame 3
472.1715 	EXP 	Display Frame 4
472.2048 	EXP 	Display Frame 5
472.2382 	EXP 	Display Frame 6
472.2715 	EXP 	Display Frame 7
472.3049 	EXP 	Display Frame 8
472.3382 	EXP 	Display Frame 9
472.3717 	DATA 	Keypress: equal
472.3726 	EXP 	Display Frame 0
472.4048 	EXP 	Display Frame 1
472.4382 	EXP 	Display Frame 2
472.4715 	EXP 	Display Frame 3
472.5048 	EXP 	Display Frame 4
472.5381 	EXP 	Display Frame 5
472.5715 	EXP 	Display Frame 6
472.6048 	EXP 	Display Frame 7
472.6381 	EXP 	Display Frame 8
472.6715 	EXP 	Display Frame 9
472.7048 	EXP 	Display Frame 0
472.7382 	EXP 	Display Frame 1
472.7715 	EXP 	Display Frame 2
472.8048 	EXP 	Display Frame 3
472.8382 	EXP 	Display Frame 4
472.8715 	EXP 	Display Frame 5
472.9048 	EXP 	Display Frame 6
472.9381 	EXP 	Display Frame 7
472.9715 	EXP 	Display Frame 8
473.0048 	EXP 	Display Frame 9
473.0382 	EXP 	Display Frame 0
473.0714 	EXP 	Display Frame 1
473.1048 	EXP 	Display Frame 2
473.1381 	EXP 	Display Frame 3
473.1715 	EXP 	Display Frame 4
473.2048 	EXP 	Display Frame 5
473.2381 	EXP 	Display Frame 6
473.2715 	EXP 	Display Frame 7
473.3048 	EXP 	Display Frame 8
473.3381 	EXP 	Display Frame 9
473.3715 	EXP 	Display Frame 0
473.4048 	EXP 	Display Frame 1
473.4382 	EXP 	Display Frame 2
473.4715 	EXP 	Display Frame 3
473.5048 	EXP 	Display Frame 4
473.5381 	EXP 	Display Frame 5
473.5715 	EXP 	Display Frame 6
473.6048 	EXP 	Display Frame 7
473.6382 	EXP 	Display Frame 8
473.6715 	EXP 	Display Frame 9
473.7048 	EXP 	Display Frame 0
473.7382 	EXP 	Display Frame 1
473.7715 	EXP 	Display Frame 2
473.8048 	EXP 	Display Frame 3
473.8382 	EXP 	Display Frame 4
473.8714 	DATA 	Keypress: equal
473.8722 	EXP 	Display Frame 5
473.9048 	EXP 	Display Frame 6
473.9381 	EXP 	Display Frame 7
473.9720 	EXP 	Display Frame 8
474.0049 	EXP 	Display Frame 9
474.0382 	EXP 	Display Frame 0
474.0716 	EXP 	Display Frame 1
474.1049 	EXP 	Display Frame 2
474.1382 	EXP 	Display Frame 3
474.1715 	EXP 	Display Frame 4
474.2048 	EXP 	Display Frame 5
474.2381 	EXP 	Display Frame 6
474.2715 	EXP 	Display Frame 7
474.3049 	EXP 	Display Frame 8
474.3381 	EXP 	Display Frame 9
474.3715 	EXP 	Display Frame 0
474.4051 	EXP 	Display Frame 1
474.4382 	EXP 	Display Frame 2
474.4715 	EXP 	Display Frame 3
474.5049 	EXP 	Display Frame 4
474.5382 	EXP 	Display Frame 5
474.5715 	EXP 	Display Frame 6
474.6048 	EXP 	Display Frame 7
474.6382 	EXP 	Display Frame 8
474.6715 	EXP 	Display Frame 9
474.7048 	EXP 	Display Frame 0
474.7381 	EXP 	Display Frame 1
474.7715 	EXP 	Display Frame 2
474.8048 	EXP 	Display Frame 3
474.8382 	EXP 	Display Frame 4
474.8715 	EXP 	Display Frame 5
474.9050 	EXP 	Display Frame 6
474.9382 	EXP 	Display Frame 7
474.9715 	EXP 	Display Frame 8
475.0048 	EXP 	Display Frame 9
475.0381 	EXP 	Display Frame 0
475.0716 	EXP 	Display Frame 1
475.1048 	EXP 	Display Frame 2
475.1381 	EXP 	Display Frame 3
475.1715 	EXP 	Display Frame 4
475.2048 	EXP 	Display Frame 5
475.2382 	EXP 	Display Frame 6
475.2714 	EXP 	Display Frame 7
475.3048 	EXP 	Display Frame 8
475.3381 	EXP 	Display Frame 9
475.3718 	DATA 	Keypress: equal
475.3726 	EXP 	Display Frame 0
475.4048 	EXP 	Display Frame 1
475.4381 	EXP 	Display Frame 2
475.4715 	EXP 	Display Frame 3
475.5048 	EXP 	Display Frame 4
475.5381 	EXP 	Display Frame 5
475.5715 	EXP 	Display Frame 6
475.6048 	EXP 	Display Frame 7
475.6382 	EXP 	Display Frame 8
475.6715 	EXP 	Display Frame 9
475.7048 	EXP 	Display Frame 0
475.7382 	EXP 	Display Frame 1
475.7715 	EXP 	Display Frame 2
475.8048 	EXP 	Display Frame 3
475.8382 	EXP 	Display Frame 4
475.8716 	EXP 	Display Frame 5
475.9048 	EXP 	Display Frame 6
475.9381 	EXP 	Display Frame 7
475.9715 	EXP 	Display Frame 8
476.0048 	EXP 	Display Frame 9
476.0382 	EXP 	Display Frame 0
476.0715 	EXP 	Display Frame 1
476.1048 	EXP 	Display Frame 2
476.1382 	EXP 	Display Frame 3
476.1714 	EXP 	Display Frame 4
476.2048 	EXP 	Display Frame 5
476.2382 	EXP 	Display Frame 6
476.2715 	EXP 	Display Frame 7
476.3048 	EXP 	Display Frame 8
476.3382 	EXP 	Display Frame 9
476.3715 	EXP 	Display Frame 0
476.4048 	EXP 	Display Frame 1
476.4381 	EXP 	Display Frame 2
476.4714 	EXP 	Display Frame 3
476.5048 	EXP 	Display Frame 4
476.5382 	EXP 	Display Frame 5
476.5715 	EXP 	Display Frame 6
476.6048 	EXP 	Display Frame 7
476.6382 	EXP 	Display Frame 8
476.6714 	EXP 	Display Frame 9
476.7048 	EXP 	Display Frame 0
476.7382 	EXP 	Display Frame 1
476.7715 	EXP 	Display Frame 2
476.8048 	EXP 	Display Frame 3
476.8381 	EXP 	Display Frame 4
476.8714 	EXP 	Display Frame 5
476.9050 	EXP 	Display Frame 6
476.9381 	EXP 	Display Frame 7
476.9715 	EXP 	Display Frame 8
477.0048 	EXP 	Display Frame 9
477.0383 	EXP 	Display Frame 0
477.0715 	EXP 	Display Frame 1
477.1048 	EXP 	Display Frame 2
477.1381 	EXP 	Display Frame 3
477.1715 	EXP 	Display Frame 4
477.2048 	EXP 	Display Frame 5
477.2381 	EXP 	Display Frame 6
477.2715 	EXP 	Display Frame 7
477.3048 	EXP 	Display Frame 8
477.3382 	EXP 	Display Frame 9
477.3716 	EXP 	Display Frame 0
477.4049 	EXP 	Display Frame 1
477.4382 	EXP 	Display Frame 2
477.4714 	EXP 	Display Frame 3
477.5048 	EXP 	Display Frame 4
477.5381 	EXP 	Display Frame 5
477.5715 	EXP 	Display Frame 6
477.6048 	EXP 	Display Frame 7
477.6382 	EXP 	Display Frame 8
477.6714 	EXP 	Display Frame 9
477.7048 	EXP 	Display Frame 0
477.7382 	EXP 	Display Frame 1
477.7715 	EXP 	Display Frame 2
477.8048 	EXP 	Display Frame 3
477.8382 	EXP 	Display Frame 4
477.8715 	EXP 	Display Frame 5
477.9048 	EXP 	Display Frame 6
477.9382 	EXP 	Display Frame 7
477.9716 	EXP 	Display Frame 8
478.0048 	EXP 	Display Frame 9
478.0381 	EXP 	Display Frame 0
478.0715 	EXP 	Display Frame 1
478.1048 	EXP 	Display Frame 2
478.1382 	EXP 	Display Frame 3
478.1715 	EXP 	Display Frame 4
478.2048 	EXP 	Display Frame 5
478.2382 	EXP 	Display Frame 6
478.2715 	EXP 	Display Frame 7
478.3048 	EXP 	Display Frame 8
478.3381 	EXP 	Display Frame 9
478.3716 	EXP 	Display Frame 0
478.4048 	EXP 	Display Frame 1
478.4381 	EXP 	Display Frame 2
478.4715 	EXP 	Display Frame 3
478.5049 	EXP 	Display Frame 4
478.5382 	EXP 	Display Frame 5
478.5715 	EXP 	Display Frame 6
478.6048 	EXP 	Display Frame 7
478.6381 	EXP 	Display Frame 8
478.6715 	EXP 	Display Frame 9
478.7048 	EXP 	Display Frame 0
478.7382 	EXP 	Display Frame 1
478.7717 	EXP 	Display Frame 2
478.8048 	EXP 	Display Frame 3
478.8382 	EXP 	Display Frame 4
478.8715 	EXP 	Display Frame 5
478.9048 	EXP 	Display Frame 6
478.9383 	EXP 	Display Frame 7
478.9714 	EXP 	Display Frame 8
479.0048 	EXP 	Display Frame 9
479.0381 	EXP 	Display Frame 0
479.0715 	EXP 	Display Frame 1
479.1048 	EXP 	Display Frame 2
479.1382 	EXP 	Display Frame 3
479.1715 	EXP 	Display Frame 4
479.2048 	EXP 	Display Frame 5
479.2381 	EXP 	Display Frame 6
479.2715 	EXP 	Display Frame 7
479.3048 	EXP 	Display Frame 8
479.3381 	EXP 	Display Frame 9
479.3715 	EXP 	Display Frame 0
479.4048 	EXP 	Display Frame 1
479.4381 	EXP 	Display Frame 2
479.4715 	EXP 	Display Frame 3
479.5048 	EXP 	Display Frame 4
479.5382 	EXP 	Display Frame 5
479.5715 	EXP 	Display Frame 6
479.6049 	EXP 	Display Frame 7
479.6383 	EXP 	Display Frame 8
479.6714 	EXP 	Display Frame 9
479.7049 	EXP 	Display Frame 0
479.7383 	EXP 	Display Frame 1
479.7715 	EXP 	Display Frame 2
479.8048 	EXP 	Display Frame 3
479.8381 	EXP 	Display Frame 4
479.8714 	EXP 	Display Frame 5
479.9050 	EXP 	Display Frame 6
479.9382 	EXP 	Display Frame 7
479.9715 	EXP 	Display Frame 8
480.0048 	EXP 	Display Frame 9
480.0381 	EXP 	Display Frame 0
480.0714 	EXP 	Display Frame 1
480.1048 	EXP 	Display Frame 2
480.1382 	EXP 	Display Frame 3
480.1715 	EXP 	Display Frame 4
480.2048 	EXP 	Display Frame 5
480.2384 	EXP 	Display Frame 6
480.2715 	EXP 	Display Frame 7
480.3063 	EXP 	Display Frame 8
480.3381 	EXP 	Display Frame 9
480.3715 	EXP 	Display Frame 0
480.4048 	EXP 	Display Frame 1
480.4382 	EXP 	Display Frame 2
480.4715 	EXP 	Display Frame 3
480.5049 	EXP 	Display Frame 4
480.5382 	EXP 	Display Frame 5
480.5715 	EXP 	Display Frame 6
480.6048 	EXP 	Display Frame 7
480.6381 	EXP 	Display Frame 8
480.6715 	EXP 	Display Frame 9
480.7048 	EXP 	Display Frame 0
480.7381 	EXP 	Display Frame 1
480.7715 	EXP 	Display Frame 2
480.8048 	EXP 	Display Frame 3
480.8381 	EXP 	Display Frame 4
480.8715 	EXP 	Display Frame 5
480.9048 	EXP 	Display Frame 6
480.9381 	EXP 	Display Frame 7
480.9715 	EXP 	Display Frame 8
481.0048 	EXP 	Display Frame 9
481.0381 	EXP 	Display Frame 0
481.0715 	EXP 	Display Frame 1
481.1048 	EXP 	Display Frame 2
481.1381 	EXP 	Display Frame 3
481.1715 	EXP 	Display Frame 4
481.2048 	EXP 	Display Frame 5
481.2382 	EXP 	Display Frame 6
481.2715 	EXP 	Display Frame 7
481.3048 	EXP 	Display Frame 8
481.3382 	EXP 	Display Frame 9
481.3715 	EXP 	Display Frame 0
481.4049 	EXP 	Display Frame 1
481.4381 	EXP 	Display Frame 2
481.4715 	EXP 	Display Frame 3
481.5048 	EXP 	Display Frame 4
481.5381 	EXP 	Display Frame 5
481.5714 	EXP 	Display Frame 6
481.6048 	EXP 	Display Frame 7
481.6381 	EXP 	Display Frame 8
481.6715 	EXP 	Display Frame 9
481.7048 	EXP 	Display Frame 0
481.7381 	EXP 	Display Frame 1
481.7715 	EXP 	Display Frame 2
481.8048 	EXP 	Display Frame 3
481.8381 	EXP 	Display Frame 4
481.8715 	EXP 	Display Frame 5
481.9047 	EXP 	Display Frame 6
481.9381 	EXP 	Display Frame 7
481.9715 	EXP 	Display Frame 8
482.0048 	EXP 	Display Frame 9
482.0383 	EXP 	Display Frame 0
482.0715 	EXP 	Display Frame 1
482.1048 	EXP 	Display Frame 2
482.1381 	EXP 	Display Frame 3
482.1715 	EXP 	Display Frame 4
482.2048 	EXP 	Display Frame 5
482.2381 	EXP 	Display Frame 6
482.2715 	EXP 	Display Frame 7
482.3048 	EXP 	Display Frame 8
482.3381 	EXP 	Display Frame 9
482.3715 	EXP 	Display Frame 0
482.4049 	EXP 	Display Frame 1
482.4381 	EXP 	Display Frame 2
482.4715 	EXP 	Display Frame 3
482.5048 	EXP 	Display Frame 4
482.5382 	EXP 	Display Frame 5
482.5715 	EXP 	Display Frame 6
482.6047 	EXP 	Display Frame 7
482.6381 	EXP 	Display Frame 8
482.6715 	EXP 	Display Frame 9
482.7048 	EXP 	Display Frame 0
482.7381 	EXP 	Display Frame 1
482.7714 	EXP 	Display Frame 2
482.8048 	EXP 	Display Frame 3
482.8381 	EXP 	Display Frame 4
482.8714 	EXP 	Display Frame 5
482.9048 	EXP 	Display Frame 6
482.9381 	EXP 	Display Frame 7
482.9715 	EXP 	Display Frame 8
483.0048 	EXP 	Display Frame 9
483.0381 	EXP 	Display Frame 0
483.0715 	EXP 	Display Frame 1
483.1048 	EXP 	Display Frame 2
483.1382 	EXP 	Display Frame 3
483.1714 	EXP 	Display Frame 4
483.2048 	EXP 	Display Frame 5
483.2381 	EXP 	Display Frame 6
483.2715 	EXP 	Display Frame 7
483.3048 	EXP 	Display Frame 8
483.3381 	EXP 	Display Frame 9
483.3715 	EXP 	Display Frame 0
483.4048 	EXP 	Display Frame 1
483.4381 	EXP 	Display Frame 2
483.4716 	EXP 	Display Frame 3
483.5048 	EXP 	Display Frame 4
483.5381 	EXP 	Display Frame 5
483.5715 	EXP 	Display Frame 6
483.6048 	EXP 	Display Frame 7
483.6381 	EXP 	Display Frame 8
483.6714 	EXP 	Display Frame 9
483.7048 	EXP 	Display Frame 0
483.7381 	EXP 	Display Frame 1
483.7715 	EXP 	Display Frame 2
483.8048 	EXP 	Display Frame 3
483.8381 	EXP 	Display Frame 4
483.8714 	EXP 	Display Frame 5
483.9047 	EXP 	Display Frame 6
483.9382 	EXP 	Display Frame 7
483.9715 	EXP 	Display Frame 8
484.0047 	EXP 	Display Frame 9
484.0381 	EXP 	Display Frame 0
484.0715 	EXP 	Display Frame 1
484.1048 	EXP 	Display Frame 2
484.1381 	EXP 	Display Frame 3
484.1715 	EXP 	Display Frame 4
484.2048 	EXP 	Display Frame 5
484.2381 	EXP 	Display Frame 6
484.2715 	EXP 	Display Frame 7
484.3048 	EXP 	Display Frame 8
484.3381 	EXP 	Display Frame 9
484.3714 	EXP 	Display Frame 0
484.4048 	EXP 	Display Frame 1
484.4381 	EXP 	Display Frame 2
484.4714 	EXP 	Display Frame 3
484.5048 	EXP 	Display Frame 4
484.5381 	EXP 	Display Frame 5
484.5714 	EXP 	Display Frame 6
484.6048 	EXP 	Display Frame 7
484.6381 	EXP 	Display Frame 8
484.6715 	EXP 	Display Frame 9
484.7048 	EXP 	Display Frame 0
484.7381 	EXP 	Display Frame 1
484.7714 	EXP 	Display Frame 2
484.8048 	EXP 	Display Frame 3
484.8382 	EXP 	Display Frame 4
484.8715 	EXP 	Display Frame 5
484.9048 	EXP 	Display Frame 6
484.9382 	EXP 	Display Frame 7
484.9714 	EXP 	Display Frame 8
485.0048 	EXP 	Display Frame 9
485.0381 	EXP 	Display Frame 0
485.0714 	EXP 	Display Frame 1
485.1049 	EXP 	Display Frame 2
485.1381 	EXP 	Display Frame 3
485.1715 	EXP 	Display Frame 4
485.2048 	EXP 	Display Frame 5
485.2381 	EXP 	Display Frame 6
485.2715 	EXP 	Display Frame 7
485.3048 	EXP 	Display Frame 8
485.3381 	EXP 	Display Frame 9
485.3715 	EXP 	Display Frame 0
485.4048 	EXP 	Display Frame 1
485.4382 	EXP 	Display Frame 2
485.4715 	EXP 	Display Frame 3
485.5047 	EXP 	Display Frame 4
485.5381 	EXP 	Display Frame 5
485.5717 	EXP 	Display Frame 6
485.6048 	EXP 	Display Frame 7
485.6386 	DATA 	Keypress: escape
485.6392 	EXP 	Display Frame 8
485.6612 	EXP 	topMsg: height = 0.1
485.6612 	EXP 	topMsg: height = 0.1
485.6612 	EXP 	topMsg: text = "Thank you very much! \n\nThat's it with the tapping"
485.6612 	EXP 	bottomMsg: height = 0.1
485.6612 	EXP 	bottomMsg: height = 0.1
485.6612 	EXP 	bottomMsg: text = "Please relax for the ramaining time \n\n Press 'q' or 'escape' to end the session."
485.6612 	EXP 	Display TheEnd
485.7567 	DATA 	Keypress: escape
485.8660 	EXP 	win: mouseVisible = True
